timestamp,time_s,cpu_run_util,mem_run_util,cpu_req_util,mem_req_util,running_p1,running_p2,running_p3,running_p4,unsched_p1,unsched_p2,unsched_p3,unsched_p4,deletions_cum_p1,deletions_cum_p2,deletions_cum_p3,deletions_cum_p4
2026/01/26/20:10:34,1.643754,0.000000,0.000000,0.173250,0.176775,0,0,0,0,6,5,2,6,0,0,0,0
2026/01/26/20:10:35,2.643849,0.352750,0.306902,0.361250,0.326063,11,11,2,6,1,0,0,0,0,0,0,0
2026/01/26/20:10:36,3.643959,0.481000,0.455997,0.481000,0.455997,17,14,5,7,0,0,0,0,0,0,0,0
2026/01/26/20:10:37,4.644060,0.567438,0.596939,0.567438,0.596939,20,15,8,10,0,0,0,0,0,0,0,0
2026/01/26/20:10:38,5.644173,0.632313,0.804060,0.632313,0.804060,22,19,9,14,0,0,0,0,0,0,0,0
2026/01/26/20:10:39,6.644329,0.645875,0.829820,0.672125,0.883059,24,19,10,14,0,1,1,0,0,0,0,0
2026/01/26/20:10:40,7.644427,0.651000,0.835616,0.677250,0.888856,25,19,10,14,0,1,1,0,0,0,0,0
2026/01/26/20:10:41,8.644577,0.650188,0.836040,0.676438,0.889279,26,18,10,14,0,1,1,0,0,1,0,0
2026/01/26/20:10:42,9.644673,0.650188,0.836040,0.676438,0.889279,26,18,10,14,0,1,1,0,0,1,0,0
2026/01/26/20:10:43,10.644772,0.650188,0.836040,0.676438,0.889279,26,18,10,14,0,1,1,0,0,1,0,0
2026/01/26/20:10:44,11.644846,0.632125,0.824060,0.654813,0.848046,26,18,9,14,0,1,0,0,0,1,2,0
2026/01/26/20:10:45,12.644985,0.632125,0.824060,0.654813,0.848046,26,18,9,14,0,1,0,0,0,1,2,0
2026/01/26/20:10:46,13.645125,0.632125,0.824060,0.654813,0.848046,26,18,9,14,0,1,0,0,0,1,2,0
2026/01/26/20:10:47,14.645303,0.632125,0.824060,0.654813,0.848046,26,18,9,14,0,1,0,0,0,1,2,0
2026/01/26/20:10:48,15.645473,0.632125,0.824060,0.654813,0.848046,26,18,9,14,0,1,0,0,0,1,2,0
2026/01/26/20:10:49,16.645638,0.632125,0.824060,0.654813,0.848046,26,18,9,14,0,1,0,0,0,1,2,0
2026/01/26/20:10:50,17.645743,0.632125,0.824060,0.654813,0.848046,26,18,9,14,0,1,0,0,0,1,2,0
2026/01/26/20:10:51,18.645907,0.632125,0.824060,0.654813,0.848046,26,18,9,14,0,1,0,0,0,1,2,0
2026/01/26/20:10:52,19.646016,0.632125,0.824060,0.654813,0.848046,26,18,9,14,0,1,0,0,0,1,2,0
2026/01/26/20:10:53,20.646189,0.632125,0.824060,0.654813,0.848046,26,18,9,14,0,1,0,0,0,1,2,0
2026/01/26/20:10:54,21.646278,0.632125,0.824060,0.654813,0.848046,26,18,9,14,0,1,0,0,0,1,2,0
2026/01/26/20:10:55,22.646448,0.632125,0.824060,0.654813,0.848046,26,18,9,14,0,1,0,0,0,1,2,0
2026/01/26/20:10:56,23.646626,0.632125,0.824060,0.654813,0.848046,26,18,9,14,0,1,0,0,0,1,2,0
2026/01/26/20:10:57,24.646806,0.632125,0.824060,0.654813,0.848046,26,18,9,14,0,1,0,0,0,1,2,0
2026/01/26/20:10:58,25.646862,0.632125,0.824060,0.654813,0.848046,26,18,9,14,0,1,0,0,0,1,2,0
2026/01/26/20:10:59,26.646978,0.632125,0.824060,0.654813,0.848046,26,18,9,14,0,1,0,0,0,1,2,0
2026/01/26/20:11:00,27.647094,0.632125,0.824060,0.654813,0.848046,26,18,9,14,0,1,0,0,0,1,2,0
2026/01/26/20:11:01,28.647259,0.632125,0.824060,0.654813,0.848046,26,18,9,14,0,1,0,0,0,1,2,0
2026/01/26/20:11:02,29.647373,0.632125,0.824060,0.654813,0.848046,26,18,9,14,0,1,0,0,0,1,2,0
2026/01/26/20:11:03,30.647496,0.632125,0.824060,0.654813,0.848046,26,18,9,14,0,1,0,0,0,1,2,0
2026/01/26/20:11:04,31.647648,0.632125,0.824060,0.654813,0.848046,26,18,9,14,0,1,0,0,0,1,2,0
2026/01/26/20:11:05,32.647838,0.632125,0.824060,0.654813,0.848046,26,18,9,14,0,1,0,0,0,1,2,0
2026/01/26/20:11:06,33.648005,0.632125,0.824060,0.654813,0.848046,26,18,9,14,0,1,0,0,0,1,2,0
2026/01/26/20:11:07,34.648114,0.632125,0.824060,0.654813,0.848046,26,18,9,14,0,1,0,0,0,1,2,0
2026/01/26/20:11:08,35.648242,0.632125,0.824060,0.654813,0.848046,26,18,9,14,0,1,0,0,0,1,2,0
2026/01/26/20:11:09,36.648403,0.632125,0.824060,0.654813,0.848046,26,18,9,14,0,1,0,0,0,1,2,0
2026/01/26/20:11:10,37.648521,0.632125,0.824060,0.654813,0.848046,26,18,9,14,0,1,0,0,0,1,2,0
2026/01/26/20:11:11,38.648700,0.632125,0.824060,0.654813,0.848046,26,18,9,14,0,1,0,0,0,1,2,0
2026/01/26/20:11:12,39.648871,0.632125,0.824060,0.654813,0.848046,26,18,9,14,0,1,0,0,0,1,2,0
2026/01/26/20:11:13,40.648983,0.632125,0.824060,0.654813,0.848046,26,18,9,14,0,1,0,0,0,1,2,0
2026/01/26/20:11:14,41.649130,0.614125,0.798483,0.614125,0.798483,23,19,9,14,0,0,0,0,3,1,2,0
2026/01/26/20:11:15,42.649250,0.614125,0.798483,0.614125,0.798483,23,19,9,14,0,0,0,0,3,1,2,0
2026/01/26/20:11:16,43.649348,0.614125,0.798483,0.614125,0.798483,23,19,9,14,0,0,0,0,3,1,2,0
2026/01/26/20:11:17,44.649513,0.663375,0.831736,0.672625,0.868317,26,23,10,14,0,2,0,0,3,1,2,0
2026/01/26/20:11:18,45.649681,0.690875,0.848365,0.700125,0.884946,28,23,10,17,0,2,0,0,3,1,2,0
2026/01/26/20:11:19,46.649851,0.664188,0.835264,0.673438,0.871845,25,23,9,17,0,2,0,0,6,1,3,0
2026/01/26/20:11:20,47.650023,0.664188,0.835264,0.673438,0.871845,25,23,9,17,0,2,0,0,6,1,3,0
2026/01/26/20:11:21,48.650177,0.664188,0.835264,0.673438,0.871845,25,23,9,17,0,2,0,0,6,1,3,0
2026/01/26/20:11:22,49.650296,0.659813,0.827670,0.659813,0.827670,25,22,9,17,0,0,0,0,6,2,3,0
2026/01/26/20:11:23,50.650409,0.659813,0.827670,0.659813,0.827670,25,22,9,17,0,0,0,0,6,2,3,0
2026/01/26/20:11:24,51.650503,0.659813,0.827670,0.659813,0.827670,25,22,9,17,0,0,0,0,6,2,3,0
2026/01/26/20:11:25,52.650689,0.659813,0.827670,0.659813,0.827670,25,22,9,17,0,0,0,0,6,2,3,0
2026/01/26/20:11:26,53.650849,0.649687,0.817820,0.649687,0.817820,25,22,9,14,0,0,0,0,6,2,3,3
2026/01/26/20:11:27,54.650950,0.649687,0.817820,0.649687,0.817820,25,22,9,14,0,0,0,0,6,2,3,3
2026/01/26/20:11:28,55.651072,0.649687,0.817820,0.649687,0.817820,25,22,9,14,0,0,0,0,6,2,3,3
2026/01/26/20:11:29,56.651243,0.649687,0.817820,0.649687,0.817820,25,22,9,14,0,0,0,0,6,2,3,3
2026/01/26/20:11:30,57.651356,0.649687,0.817820,0.649687,0.817820,25,22,9,14,0,0,0,0,6,2,3,3
2026/01/26/20:11:31,58.651519,0.649687,0.817820,0.649687,0.817820,25,22,9,14,0,0,0,0,6,2,3,3
2026/01/26/20:11:32,59.651685,0.649687,0.817820,0.649687,0.817820,25,22,9,14,0,0,0,0,6,2,3,3
2026/01/26/20:11:33,60.651862,0.649687,0.817820,0.649687,0.817820,25,22,9,14,0,0,0,0,6,2,3,3
2026/01/26/20:11:34,61.651956,0.639437,0.806227,0.639437,0.806227,23,22,9,14,0,0,0,0,8,2,3,3
2026/01/26/20:11:35,62.652081,0.639437,0.806227,0.639437,0.806227,23,22,9,14,0,0,0,0,8,2,3,3
2026/01/26/20:11:36,63.652187,0.639437,0.806227,0.639437,0.806227,23,22,9,14,0,0,0,0,8,2,3,3
2026/01/26/20:11:37,64.652344,0.639437,0.806227,0.639437,0.806227,23,22,9,14,0,0,0,0,8,2,3,3
2026/01/26/20:11:38,65.652507,0.639437,0.806227,0.639437,0.806227,23,22,9,14,0,0,0,0,8,2,3,3
2026/01/26/20:11:39,66.652699,0.639437,0.806227,0.639437,0.806227,23,22,9,14,0,0,0,0,8,2,3,3
2026/01/26/20:11:40,67.652871,0.639437,0.806227,0.639437,0.806227,23,22,9,14,0,0,0,0,8,2,3,3
2026/01/26/20:11:41,68.653035,0.639437,0.806227,0.639437,0.806227,23,22,9,14,0,0,0,0,8,2,3,3
2026/01/26/20:11:42,69.653199,0.639437,0.806227,0.639437,0.806227,23,22,9,14,0,0,0,0,8,2,3,3
2026/01/26/20:11:43,70.653360,0.639437,0.806227,0.639437,0.806227,23,22,9,14,0,0,0,0,8,2,3,3
2026/01/26/20:11:44,71.653510,0.639437,0.806227,0.639437,0.806227,23,22,9,14,0,0,0,0,8,2,3,3
2026/01/26/20:11:45,72.653713,0.639437,0.806227,0.639437,0.806227,23,22,9,14,0,0,0,0,8,2,3,3
2026/01/26/20:11:46,73.653880,0.639437,0.806227,0.639437,0.806227,23,22,9,14,0,0,0,0,8,2,3,3
2026/01/26/20:11:47,74.653983,0.639437,0.806227,0.639437,0.806227,23,22,9,14,0,0,0,0,8,2,3,3
2026/01/26/20:11:48,75.654134,0.639437,0.806227,0.639437,0.806227,23,22,9,14,0,0,0,0,8,2,3,3
2026/01/26/20:11:49,76.654233,0.639437,0.806227,0.639437,0.806227,23,22,9,14,0,0,0,0,8,2,3,3
2026/01/26/20:11:50,77.654356,0.639437,0.806227,0.639437,0.806227,23,22,9,14,0,0,0,0,8,2,3,3
2026/01/26/20:11:51,78.654424,0.639437,0.806227,0.639437,0.806227,23,22,9,14,0,0,0,0,8,2,3,3
2026/01/26/20:11:52,79.654492,0.639437,0.806227,0.639437,0.806227,23,22,9,14,0,0,0,0,8,2,3,3
2026/01/26/20:11:53,80.654609,0.639437,0.806227,0.639437,0.806227,23,22,9,14,0,0,0,0,8,2,3,3
2026/01/26/20:11:54,81.654694,0.639437,0.806227,0.639437,0.806227,23,22,9,14,0,0,0,0,8,2,3,3
2026/01/26/20:11:55,82.654819,0.639437,0.806227,0.639437,0.806227,23,22,9,14,0,0,0,0,8,2,3,3
2026/01/26/20:11:56,83.654867,0.628812,0.790462,0.628812,0.790462,23,22,9,12,0,0,0,0,8,2,3,5
2026/01/26/20:11:57,84.654975,0.628812,0.790462,0.628812,0.790462,23,22,9,12,0,0,0,0,8,2,3,5
2026/01/26/20:11:58,85.655142,0.628812,0.790462,0.628812,0.790462,23,22,9,12,0,0,0,0,8,2,3,5
2026/01/26/20:11:59,86.655249,0.628812,0.790462,0.628812,0.790462,23,22,9,12,0,0,0,0,8,2,3,5
2026/01/26/20:12:00,87.655347,0.628812,0.790462,0.628812,0.790462,23,22,9,12,0,0,0,0,8,2,3,5
2026/01/26/20:12:01,88.655591,0.628812,0.790462,0.628812,0.790462,23,22,9,12,0,0,0,0,8,2,3,5
2026/01/26/20:12:02,89.655682,0.628812,0.790462,0.628812,0.790462,23,22,9,12,0,0,0,0,8,2,3,5
2026/01/26/20:12:03,90.655870,0.628812,0.790462,0.628812,0.790462,23,22,9,12,0,0,0,0,8,2,3,5
2026/01/26/20:12:04,91.655986,0.628812,0.790462,0.628812,0.790462,23,22,9,12,0,0,0,0,8,2,3,5
2026/01/26/20:12:05,92.656096,0.611437,0.783682,0.611437,0.783682,21,22,9,12,0,0,0,0,10,2,3,5
2026/01/26/20:12:06,93.656224,0.611437,0.783682,0.611437,0.783682,21,22,9,12,0,0,0,0,10,2,3,5
2026/01/26/20:12:07,94.656324,0.611437,0.783682,0.611437,0.783682,21,22,9,12,0,0,0,0,10,2,3,5
2026/01/26/20:12:08,95.656436,0.611437,0.783682,0.611437,0.783682,21,22,9,12,0,0,0,0,10,2,3,5
2026/01/26/20:12:09,96.656545,0.611437,0.783682,0.611437,0.783682,21,22,9,12,0,0,0,0,10,2,3,5
2026/01/26/20:12:10,97.656714,0.611437,0.783682,0.611437,0.783682,21,22,9,12,0,0,0,0,10,2,3,5
2026/01/26/20:12:11,98.656849,0.611437,0.783682,0.611437,0.783682,21,22,9,12,0,0,0,0,10,2,3,5
2026/01/26/20:12:12,99.656954,0.611437,0.783682,0.611437,0.783682,21,22,9,12,0,0,0,0,10,2,3,5
2026/01/26/20:12:13,100.657066,0.611437,0.783682,0.611437,0.783682,21,22,9,12,0,0,0,0,10,2,3,5
2026/01/26/20:12:14,101.657163,0.611437,0.783682,0.611437,0.783682,21,22,9,12,0,0,0,0,10,2,3,5
2026/01/26/20:12:15,102.657288,0.611437,0.783682,0.611437,0.783682,21,22,9,12,0,0,0,0,10,2,3,5
2026/01/26/20:12:16,103.657393,0.611437,0.783682,0.611437,0.783682,21,22,9,12,0,0,0,0,10,2,3,5
2026/01/26/20:12:17,104.657492,0.611437,0.783682,0.611437,0.783682,21,22,9,12,0,0,0,0,10,2,3,5
2026/01/26/20:12:18,105.657603,0.611437,0.783682,0.611437,0.783682,21,22,9,12,0,0,0,0,10,2,3,5
2026/01/26/20:12:19,106.657781,0.611437,0.783682,0.611437,0.783682,21,22,9,12,0,0,0,0,10,2,3,5
2026/01/26/20:12:20,107.657882,0.626687,0.820274,0.626687,0.820274,22,24,9,13,0,0,0,0,10,2,3,5
2026/01/26/20:12:21,108.657989,0.626687,0.820274,0.626687,0.820274,22,24,9,13,0,0,0,0,10,2,3,5
2026/01/26/20:12:22,109.658092,0.622188,0.814229,0.622188,0.814229,21,24,9,13,0,0,0,0,11,2,3,5
2026/01/26/20:12:23,110.658169,0.698125,0.872194,0.698125,0.872194,29,25,9,13,0,0,0,0,11,2,3,5
2026/01/26/20:12:24,111.658273,0.719625,0.898031,0.719625,0.898031,30,25,9,18,0,0,0,0,11,2,3,5
2026/01/26/20:12:25,112.658370,0.719625,0.898031,0.719625,0.898031,30,25,9,18,0,0,0,0,11,2,3,5
2026/01/26/20:12:26,113.658547,0.719625,0.898031,0.719625,0.898031,30,25,9,18,0,0,0,0,11,2,3,5
2026/01/26/20:12:27,114.658647,0.719625,0.898031,0.719625,0.898031,30,25,9,18,0,0,0,0,11,2,3,5
2026/01/26/20:12:28,115.658840,0.716313,0.894331,0.716313,0.894331,29,25,9,18,0,0,0,0,12,2,3,5
2026/01/26/20:12:29,116.658917,0.704875,0.883525,0.704875,0.883525,29,25,9,15,0,0,0,0,12,2,3,8
2026/01/26/20:12:30,117.659005,0.704875,0.883525,0.704875,0.883525,29,25,9,15,0,0,0,0,12,2,3,8
2026/01/26/20:12:31,118.659120,0.692875,0.859299,0.692875,0.859299,30,22,9,15,0,0,0,0,12,5,3,8
2026/01/26/20:12:32,119.659235,0.692875,0.859299,0.692875,0.859299,30,22,9,15,0,0,0,0,12,5,3,8
2026/01/26/20:12:33,120.659316,0.689187,0.855412,0.689187,0.855412,29,22,9,15,0,0,0,0,13,5,3,8
2026/01/26/20:12:34,121.659420,0.689187,0.855412,0.689187,0.855412,29,22,9,15,0,0,0,0,13,5,3,8
2026/01/26/20:12:35,122.659526,0.689187,0.855412,0.689187,0.855412,29,22,9,15,0,0,0,0,13,5,3,8
2026/01/26/20:12:36,123.659698,0.679625,0.828516,0.679625,0.828516,26,22,9,15,0,0,0,0,16,5,3,8
2026/01/26/20:12:37,124.659806,0.679625,0.828516,0.679625,0.828516,26,22,9,15,0,0,0,0,16,5,3,8
2026/01/26/20:12:38,125.659956,0.676125,0.823902,0.676125,0.823902,25,22,9,15,0,0,0,0,17,5,3,8
2026/01/26/20:12:39,126.660054,0.648500,0.798949,0.648500,0.798949,22,22,9,14,0,0,0,0,20,5,3,9
2026/01/26/20:12:40,127.660126,0.641750,0.787618,0.641750,0.787618,22,22,9,12,0,0,0,0,20,5,3,11
2026/01/26/20:12:41,128.660251,0.641750,0.787618,0.641750,0.787618,22,22,9,12,0,0,0,0,20,5,3,11
2026/01/26/20:12:42,129.660416,0.641750,0.787618,0.641750,0.787618,22,22,9,12,0,0,0,0,20,5,3,11
2026/01/26/20:12:43,130.660582,0.641750,0.787618,0.641750,0.787618,22,22,9,12,0,0,0,0,20,5,3,11
2026/01/26/20:12:44,131.660732,0.641750,0.787618,0.641750,0.787618,22,22,9,12,0,0,0,0,20,5,3,11
2026/01/26/20:12:45,132.660913,0.641750,0.787618,0.641750,0.787618,22,22,9,12,0,0,0,0,20,5,3,11
2026/01/26/20:12:46,133.661078,0.641750,0.787618,0.641750,0.787618,22,22,9,12,0,0,0,0,20,5,3,11
2026/01/26/20:12:47,134.661196,0.641750,0.787618,0.641750,0.787618,22,22,9,12,0,0,0,0,20,5,3,11
2026/01/26/20:12:48,135.661364,0.641750,0.787618,0.641750,0.787618,22,22,9,12,0,0,0,0,20,5,3,11
2026/01/26/20:12:49,136.661470,0.641750,0.787618,0.641750,0.787618,22,22,9,12,0,0,0,0,20,5,3,11
2026/01/26/20:12:50,137.661572,0.641750,0.787618,0.641750,0.787618,22,22,9,12,0,0,0,0,20,5,3,11
2026/01/26/20:12:51,138.661728,0.641750,0.787618,0.641750,0.787618,22,22,9,12,0,0,0,0,20,5,3,11
2026/01/26/20:12:52,139.661897,0.611437,0.783682,0.611437,0.783682,21,22,9,12,0,0,0,0,21,5,3,11
2026/01/26/20:12:53,140.661971,0.611437,0.783682,0.611437,0.783682,21,22,9,12,0,0,0,0,21,5,3,11
2026/01/26/20:12:54,141.662067,0.620250,0.813409,0.620250,0.813409,20,22,12,12,0,0,0,0,22,5,3,11
2026/01/26/20:12:55,142.662179,0.620250,0.813409,0.620250,0.813409,20,22,12,12,0,0,0,0,22,5,3,11
2026/01/26/20:12:56,143.662288,0.620250,0.813409,0.620250,0.813409,20,22,12,12,0,0,0,0,22,5,3,11
2026/01/26/20:12:57,144.662393,0.620250,0.813409,0.620250,0.813409,20,22,12,12,0,0,0,0,22,5,3,11
2026/01/26/20:12:58,145.662501,0.620250,0.813409,0.620250,0.813409,20,22,12,12,0,0,0,0,22,5,3,11
2026/01/26/20:12:59,146.662665,0.620250,0.813409,0.620250,0.813409,20,22,12,12,0,0,0,0,22,5,3,11
2026/01/26/20:13:00,147.662845,0.620250,0.813409,0.620250,0.813409,20,22,12,12,0,0,0,0,22,5,3,11
2026/01/26/20:13:01,148.663013,0.620250,0.813409,0.620250,0.813409,20,22,12,12,0,0,0,0,22,5,3,11
2026/01/26/20:13:02,149.663178,0.620250,0.813409,0.620250,0.813409,20,22,12,12,0,0,0,0,22,5,3,11
2026/01/26/20:13:03,150.663343,0.620250,0.813409,0.620250,0.813409,20,22,12,12,0,0,0,0,22,5,3,11
2026/01/26/20:13:04,151.663520,0.620250,0.813409,0.620250,0.813409,20,22,12,12,0,0,0,0,22,5,3,11
2026/01/26/20:13:05,152.663731,0.620250,0.813409,0.620250,0.813409,20,22,12,12,0,0,0,0,22,5,3,11
2026/01/26/20:13:06,153.663879,0.620250,0.813409,0.620250,0.813409,20,22,12,12,0,0,0,0,22,5,3,11
2026/01/26/20:13:07,154.663969,0.620250,0.813409,0.620250,0.813409,20,22,12,12,0,0,0,0,22,5,3,11
2026/01/26/20:13:08,155.664123,0.659750,0.849975,0.659750,0.849975,21,22,12,15,0,0,0,0,22,5,3,11
2026/01/26/20:13:09,156.664296,0.659750,0.849975,0.659750,0.849975,21,22,12,15,0,0,0,0,22,5,3,11
2026/01/26/20:13:10,157.664408,0.659750,0.849975,0.659750,0.849975,21,22,12,15,0,0,0,0,22,5,3,11
2026/01/26/20:13:11,158.664586,0.659750,0.849975,0.659750,0.849975,21,22,12,15,0,0,0,0,22,5,3,11
2026/01/26/20:13:12,159.664682,0.659750,0.849975,0.659750,0.849975,21,22,12,15,0,0,0,0,22,5,3,11
2026/01/26/20:13:13,160.664815,0.659750,0.849975,0.659750,0.849975,21,22,12,15,0,0,0,0,22,5,3,11
2026/01/26/20:13:14,161.664940,0.659750,0.849975,0.659750,0.849975,21,22,12,15,0,0,0,0,22,5,3,11
2026/01/26/20:13:15,162.665025,0.659750,0.849975,0.690937,0.924291,21,22,12,15,0,1,0,4,22,5,3,11
2026/01/26/20:13:16,163.665202,0.673188,0.864174,0.690937,0.924291,21,23,12,17,0,0,0,2,22,5,3,11
2026/01/26/20:13:17,164.665307,0.669312,0.857938,0.687063,0.918056,20,23,12,17,0,0,0,2,23,5,3,11
2026/01/26/20:13:18,165.665420,0.679188,0.855842,0.696937,0.915960,20,23,14,15,0,0,0,2,23,5,3,13
2026/01/26/20:13:19,166.665534,0.679188,0.855842,0.696937,0.915960,20,23,14,15,0,0,0,2,23,5,3,13
2026/01/26/20:13:20,167.665700,0.679188,0.855842,0.696937,0.915960,20,23,14,15,0,0,0,2,23,5,3,13
2026/01/26/20:13:21,168.665871,0.679188,0.855842,0.696937,0.915960,20,23,14,15,0,0,0,2,23,5,3,13
2026/01/26/20:13:22,169.666133,0.679188,0.855842,0.696937,0.915960,20,23,14,15,0,0,0,2,23,5,3,13
2026/01/26/20:13:23,170.666244,0.679188,0.855842,0.696937,0.915960,20,23,14,15,0,0,0,2,23,5,3,13
2026/01/26/20:13:24,171.666391,0.679188,0.855842,0.679188,0.855842,20,23,14,15,0,0,0,0,23,5,3,13
2026/01/26/20:13:25,172.666512,0.679188,0.855842,0.679188,0.855842,20,23,14,15,0,0,0,0,23,5,3,13
2026/01/26/20:13:26,173.666669,0.679188,0.855842,0.679188,0.855842,20,23,14,15,0,0,0,0,23,5,3,13
2026/01/26/20:13:27,174.666806,0.672750,0.850190,0.672750,0.850190,20,22,14,15,0,0,0,0,23,6,3,13
2026/01/26/20:13:28,175.666949,0.637125,0.819860,0.637125,0.819860,20,22,14,12,0,0,0,0,23,6,3,16
2026/01/26/20:13:29,176.667054,0.637125,0.819860,0.637125,0.819860,20,22,14,12,0,0,0,0,23,6,3,16
2026/01/26/20:13:30,177.667177,0.637125,0.819860,0.637125,0.819860,20,22,14,12,0,0,0,0,23,6,3,16
2026/01/26/20:13:31,178.667279,0.637125,0.819860,0.637125,0.819860,20,22,14,12,0,0,0,0,23,6,3,16
2026/01/26/20:13:32,179.667466,0.620250,0.813409,0.620250,0.813409,20,22,12,12,0,0,0,0,23,6,5,16
2026/01/26/20:13:33,180.667632,0.620250,0.813409,0.620250,0.813409,20,22,12,12,0,0,0,0,23,6,5,16
2026/01/26/20:13:34,181.667734,0.620250,0.813409,0.620250,0.813409,20,22,12,12,0,0,0,0,23,6,5,16
2026/01/26/20:13:35,182.667914,0.620250,0.813409,0.620250,0.813409,20,22,12,12,0,0,0,0,23,6,5,16
2026/01/26/20:13:36,183.668028,0.620250,0.813409,0.620250,0.813409,20,22,12,12,0,0,0,0,23,6,5,16
2026/01/26/20:13:37,184.668154,0.620250,0.813409,0.620250,0.813409,20,22,12,12,0,0,0,0,23,6,5,16
2026/01/26/20:13:38,185.668259,0.620250,0.813409,0.620250,0.813409,20,22,12,12,0,0,0,0,23,6,5,16
2026/01/26/20:13:39,186.668381,0.620250,0.813409,0.620250,0.813409,20,22,12,12,0,0,0,0,23,6,5,16
2026/01/26/20:13:40,187.668486,0.620250,0.813409,0.620250,0.813409,20,22,12,12,0,0,0,0,23,6,5,16
2026/01/26/20:13:41,188.668653,0.620250,0.813409,0.620250,0.813409,20,22,12,12,0,0,0,0,23,6,5,16
2026/01/26/20:13:42,189.668831,0.620250,0.813409,0.620250,0.813409,20,22,12,12,0,0,0,0,23,6,5,16
2026/01/26/20:13:43,190.668952,0.620250,0.813409,0.620250,0.813409,20,22,12,12,0,0,0,0,23,6,5,16
2026/01/26/20:13:44,191.669044,0.620250,0.813409,0.620250,0.813409,20,22,12,12,0,0,0,0,23,6,5,16
2026/01/26/20:13:45,192.669213,0.575750,0.772545,0.575750,0.772545,20,22,10,12,0,0,0,0,23,6,7,16
2026/01/26/20:13:46,193.669333,0.575750,0.772545,0.575750,0.772545,20,22,10,12,0,0,0,0,23,6,7,16
2026/01/26/20:13:47,194.669517,0.575750,0.772545,0.575750,0.772545,20,22,10,12,0,0,0,0,23,6,7,16
2026/01/26/20:13:48,195.669675,0.575750,0.772545,0.575750,0.772545,20,22,10,12,0,0,0,0,23,6,7,16
2026/01/26/20:13:49,196.669855,0.575750,0.772545,0.575750,0.772545,20,22,10,12,0,0,0,0,23,6,7,16
2026/01/26/20:13:50,197.670018,0.575750,0.772545,0.575750,0.772545,20,22,10,12,0,0,0,0,23,6,7,16
2026/01/26/20:13:51,198.670190,0.575750,0.772545,0.575750,0.772545,20,22,10,12,0,0,0,0,23,6,7,16
2026/01/26/20:13:52,199.670305,0.575750,0.772545,0.575750,0.772545,20,22,10,12,0,0,0,0,23,6,7,16
2026/01/26/20:13:53,200.670414,0.575750,0.772545,0.575750,0.772545,20,22,10,12,0,0,0,0,23,6,7,16
2026/01/26/20:13:54,201.670508,0.575750,0.772545,0.575750,0.772545,20,22,10,12,0,0,0,0,23,6,7,16
2026/01/26/20:13:55,202.670677,0.575750,0.772545,0.575750,0.772545,20,22,10,12,0,0,0,0,23,6,7,16
2026/01/26/20:13:56,203.670803,0.628375,0.817441,0.632500,0.822516,24,23,13,12,1,0,0,0,23,6,7,16
2026/01/26/20:13:57,204.670942,0.657250,0.843900,0.657250,0.843900,28,25,13,12,0,0,0,0,23,6,7,16
2026/01/26/20:13:58,205.671044,0.657250,0.843900,0.657250,0.843900,28,25,13,12,0,0,0,0,23,6,7,16
2026/01/26/20:13:59,206.671190,0.648250,0.836320,0.648250,0.836320,26,25,13,12,0,0,0,0,25,6,7,16
2026/01/26/20:14:00,207.671365,0.648250,0.836320,0.648250,0.836320,26,25,13,12,0,0,0,0,25,6,7,16
2026/01/26/20:14:01,208.671478,0.648250,0.836320,0.648250,0.836320,26,25,13,12,0,0,0,0,25,6,7,16
2026/01/26/20:14:02,209.671653,0.637500,0.828927,0.637500,0.828927,26,23,13,12,0,0,0,0,25,8,7,16
2026/01/26/20:14:03,210.671755,0.637500,0.828927,0.637500,0.828927,26,23,13,12,0,0,0,0,25,8,7,16
2026/01/26/20:14:04,211.671845,0.637500,0.828927,0.637500,0.828927,26,23,13,12,0,0,0,0,25,8,7,16
2026/01/26/20:14:05,212.672018,0.637500,0.828927,0.637500,0.828927,26,23,13,12,0,0,0,0,25,8,7,16
2026/01/26/20:14:06,213.672119,0.627000,0.815081,0.627000,0.815081,26,23,10,12,0,0,0,0,25,8,10,16
2026/01/26/20:14:07,214.672282,0.627000,0.815081,0.627000,0.815081,26,23,10,12,0,0,0,0,25,8,10,16
2026/01/26/20:14:08,215.672391,0.627000,0.815081,0.627000,0.815081,26,23,10,12,0,0,0,0,25,8,10,16
2026/01/26/20:14:09,216.672555,0.627000,0.815081,0.627000,0.815081,26,23,10,12,0,0,0,0,25,8,10,16
2026/01/26/20:14:10,217.672722,0.627000,0.815081,0.627000,0.815081,26,23,10,12,0,0,0,0,25,8,10,16
2026/01/26/20:14:11,218.672888,0.627000,0.815081,0.627000,0.815081,26,23,10,12,0,0,0,0,25,8,10,16
2026/01/26/20:14:12,219.673049,0.627000,0.815081,0.627000,0.815081,26,23,10,12,0,0,0,0,25,8,10,16
2026/01/26/20:14:13,220.673163,0.627000,0.815081,0.627000,0.815081,26,23,10,12,0,0,0,0,25,8,10,16
2026/01/26/20:14:14,221.673261,0.627000,0.815081,0.627000,0.815081,26,23,10,12,0,0,0,0,25,8,10,16
2026/01/26/20:14:15,222.673423,0.627000,0.815081,0.627000,0.815081,26,23,10,12,0,0,0,0,25,8,10,16
2026/01/26/20:14:16,223.673584,0.627000,0.815081,0.627000,0.815081,26,23,10,12,0,0,0,0,25,8,10,16
2026/01/26/20:14:17,224.673695,0.627000,0.815081,0.627000,0.815081,26,23,10,12,0,0,0,0,25,8,10,16
2026/01/26/20:14:18,225.673810,0.627000,0.815081,0.627000,0.815081,26,23,10,12,0,0,0,0,25,8,10,16
2026/01/26/20:14:19,226.673870,0.627000,0.815081,0.627000,0.815081,26,23,10,12,0,0,0,0,25,8,10,16
2026/01/26/20:14:20,227.674025,0.614625,0.799859,0.614625,0.799859,23,23,10,12,0,0,0,0,28,8,10,16
2026/01/26/20:14:21,228.674139,0.614625,0.799859,0.614625,0.799859,23,23,10,12,0,0,0,0,28,8,10,16
2026/01/26/20:14:22,229.674325,0.614625,0.799859,0.614625,0.799859,23,23,10,12,0,0,0,0,28,8,10,16
2026/01/26/20:14:23,230.674427,0.614625,0.799859,0.614625,0.799859,23,23,10,12,0,0,0,0,28,8,10,16
2026/01/26/20:14:24,231.674514,0.614625,0.799859,0.614625,0.799859,23,23,10,12,0,0,0,0,28,8,10,16
2026/01/26/20:14:25,232.674693,0.614625,0.799859,0.614625,0.799859,23,23,10,12,0,0,0,0,28,8,10,16
2026/01/26/20:14:26,233.674864,0.614625,0.799859,0.614625,0.799859,23,23,10,12,0,0,0,0,28,8,10,16
2026/01/26/20:14:27,234.675024,0.614625,0.799859,0.614625,0.799859,23,23,10,12,0,0,0,0,28,8,10,16
2026/01/26/20:14:28,235.675188,0.614625,0.799859,0.614625,0.799859,23,23,10,12,0,0,0,0,28,8,10,16
2026/01/26/20:14:29,236.675295,0.614625,0.799859,0.614625,0.799859,23,23,10,12,0,0,0,0,28,8,10,16
2026/01/26/20:14:30,237.675477,0.614625,0.799859,0.614625,0.799859,23,23,10,12,0,0,0,0,28,8,10,16
2026/01/26/20:14:31,238.675646,0.614625,0.799859,0.614625,0.799859,23,23,10,12,0,0,0,0,28,8,10,16
2026/01/26/20:14:32,239.675752,0.614625,0.799859,0.614625,0.799859,23,23,10,12,0,0,0,0,28,8,10,16
2026/01/26/20:14:33,240.675869,0.614625,0.799859,0.614625,0.799859,23,23,10,12,0,0,0,0,28,8,10,16
2026/01/26/20:14:34,241.675962,0.614625,0.799859,0.614625,0.799859,23,23,10,12,0,0,0,0,28,8,10,16
2026/01/26/20:14:35,242.676070,0.614625,0.799859,0.614625,0.799859,23,23,10,12,0,0,0,0,28,8,10,16
2026/01/26/20:14:36,243.676203,0.606125,0.784381,0.606125,0.784381,23,22,10,12,0,0,0,0,28,9,10,16
2026/01/26/20:14:37,244.676323,0.606125,0.784381,0.606125,0.784381,23,22,10,12,0,0,0,0,28,9,10,16
2026/01/26/20:14:38,245.676479,0.606125,0.784381,0.606125,0.784381,23,22,10,12,0,0,0,0,28,9,10,16
2026/01/26/20:14:39,246.676555,0.706063,0.842158,0.746000,0.917086,26,24,10,16,3,1,0,0,28,9,10,16
2026/01/26/20:14:40,247.676676,0.760813,0.885307,0.817250,1.048728,29,29,12,16,3,1,3,0,28,9,10,16
2026/01/26/20:14:41,248.676852,0.776438,0.910187,0.838437,1.092530,29,28,17,17,3,1,4,0,28,12,10,16
2026/01/26/20:14:42,249.676951,0.733437,0.873257,0.789875,1.036677,27,28,12,16,3,1,3,0,30,14,15,17
2026/01/26/20:14:43,250.677125,0.733437,0.873257,0.780312,0.968692,27,28,12,16,0,1,3,0,30,14,15,17
2026/01/26/20:14:44,251.677220,0.729875,0.869244,0.776750,0.964679,27,28,11,16,0,1,3,0,30,14,16,17
2026/01/26/20:14:45,252.677438,0.719187,0.846736,0.749563,0.853679,27,28,11,13,0,1,0,0,30,14,16,20
2026/01/26/20:14:46,253.677606,0.719187,0.846736,0.749563,0.853679,27,28,11,13,0,1,0,0,30,14,16,20
2026/01/26/20:14:47,254.677714,0.711437,0.841731,0.741812,0.848673,27,28,11,12,0,1,0,0,30,14,16,21
2026/01/26/20:14:48,255.677889,0.733437,0.845003,0.733437,0.845003,26,29,11,12,0,0,0,0,31,14,16,21
2026/01/26/20:14:49,256.678052,0.729125,0.839591,0.729125,0.839591,26,28,11,12,0,0,0,0,31,15,16,21
2026/01/26/20:14:50,257.678157,0.729125,0.839591,0.729125,0.839591,26,28,11,12,0,0,0,0,31,15,16,21
2026/01/26/20:14:51,258.678326,0.714313,0.822770,0.714313,0.822770,23,28,11,12,0,0,0,0,34,15,16,21
2026/01/26/20:14:52,259.678435,0.714313,0.822770,0.714313,0.822770,23,28,11,12,0,0,0,0,34,15,16,21
2026/01/26/20:14:53,260.678602,0.714313,0.822770,0.714313,0.822770,23,28,11,12,0,0,0,0,34,15,16,21
2026/01/26/20:14:54,261.678752,0.714313,0.822770,0.714313,0.822770,23,28,11,12,0,0,0,0,34,15,16,21
2026/01/26/20:14:55,262.678924,0.709625,0.819120,0.709625,0.819120,23,28,10,12,0,0,0,0,34,15,17,21
2026/01/26/20:14:56,263.679027,0.709625,0.819120,0.709625,0.819120,23,28,10,12,0,0,0,0,34,15,17,21
2026/01/26/20:14:57,264.679192,0.709625,0.819120,0.709625,0.819120,23,28,10,12,0,0,0,0,34,15,17,21
2026/01/26/20:14:58,265.679357,0.709625,0.819120,0.709625,0.819120,23,28,10,12,0,0,0,0,34,15,17,21
2026/01/26/20:14:59,266.679474,0.709625,0.819120,0.709625,0.819120,23,28,10,12,0,0,0,0,34,15,17,21
2026/01/26/20:15:00,267.679641,0.709625,0.819120,0.709625,0.819120,23,28,10,12,0,0,0,0,34,15,17,21
2026/01/26/20:15:01,268.679826,0.709625,0.819120,0.709625,0.819120,23,28,10,12,0,0,0,0,34,15,17,21
2026/01/26/20:15:02,269.679962,0.709625,0.819120,0.709625,0.819120,23,28,10,12,0,0,0,0,34,15,17,21
2026/01/26/20:15:03,270.680131,0.709625,0.819120,0.709625,0.819120,23,28,10,12,0,0,0,0,34,15,17,21
2026/01/26/20:15:04,271.680269,0.709625,0.819120,0.709625,0.819120,23,28,10,12,0,0,0,0,34,15,17,21
2026/01/26/20:15:05,272.680440,0.693688,0.781817,0.693688,0.781817,23,28,7,12,0,0,0,0,34,15,20,21
2026/01/26/20:15:06,273.680554,0.693688,0.781817,0.693688,0.781817,23,28,7,12,0,0,0,0,34,15,20,21
2026/01/26/20:15:07,274.680722,0.693688,0.781817,0.693688,0.781817,23,28,7,12,0,0,0,0,34,15,20,21
2026/01/26/20:15:08,275.680876,0.693688,0.781817,0.693688,0.781817,23,28,7,12,0,0,0,0,34,15,20,21
2026/01/26/20:15:09,276.681053,0.693688,0.781817,0.693688,0.781817,23,28,7,12,0,0,0,0,34,15,20,21
2026/01/26/20:15:10,277.681201,0.710125,0.792289,0.710125,0.792289,23,30,7,12,0,0,0,0,34,15,20,21
2026/01/26/20:15:11,278.681373,0.716187,0.802721,0.716187,0.802721,24,30,7,12,0,0,0,0,34,15,20,21
2026/01/26/20:15:12,279.681562,0.716187,0.802721,0.716187,0.802721,24,30,7,12,0,0,0,0,34,15,20,21
2026/01/26/20:15:13,280.681682,0.716187,0.802721,0.716187,0.802721,24,30,7,12,0,0,0,0,34,15,20,21
2026/01/26/20:15:14,281.681849,0.726063,0.814554,0.726063,0.814554,26,30,7,12,0,0,0,0,34,15,20,21
2026/01/26/20:15:15,282.682025,0.716187,0.807427,0.716187,0.807427,26,29,7,12,0,0,0,0,34,16,20,21
2026/01/26/20:15:16,283.682182,0.716187,0.807427,0.716187,0.807427,26,29,7,12,0,0,0,0,34,16,20,21
2026/01/26/20:15:17,284.682348,0.716187,0.807427,0.716187,0.807427,26,29,7,12,0,0,0,0,34,16,20,21
2026/01/26/20:15:18,285.682518,0.716187,0.807427,0.716187,0.807427,26,29,7,12,0,0,0,0,34,16,20,21
2026/01/26/20:15:19,286.682623,0.740187,0.816524,0.740187,0.816524,26,31,7,12,0,0,0,0,34,17,20,21
2026/01/26/20:15:20,287.682728,0.740187,0.816524,0.740187,0.816524,26,31,7,12,0,0,0,0,34,17,20,21
2026/01/26/20:15:21,288.682898,0.740187,0.816524,0.740187,0.816524,26,31,7,12,0,0,0,0,34,17,20,21
2026/01/26/20:15:22,289.682994,0.730313,0.804691,0.730313,0.804691,24,31,7,12,0,0,0,0,36,17,20,21
2026/01/26/20:15:23,290.683167,0.730313,0.804691,0.730313,0.804691,24,31,7,12,0,0,0,0,36,17,20,21
2026/01/26/20:15:24,291.683315,0.730313,0.804691,0.730313,0.804691,24,31,7,12,0,0,0,0,36,17,20,21
2026/01/26/20:15:25,292.683484,0.755812,0.852781,0.766062,0.904596,27,33,7,12,0,2,0,0,36,17,20,21
2026/01/26/20:15:26,293.683594,0.755812,0.852781,0.766062,0.904596,27,33,7,12,0,2,0,0,36,17,20,21
2026/01/26/20:15:27,294.683757,0.750687,0.826874,0.750687,0.826874,27,32,7,12,0,0,0,0,36,18,20,21
2026/01/26/20:15:28,295.683940,0.750687,0.826874,0.750687,0.826874,27,32,7,12,0,0,0,0,36,18,20,21
2026/01/26/20:15:29,296.684022,0.744625,0.816441,0.744625,0.816441,26,32,7,12,0,0,0,0,37,18,20,21
2026/01/26/20:15:30,297.684331,0.744625,0.816441,0.744625,0.816441,26,32,7,12,0,0,0,0,37,18,20,21
2026/01/26/20:15:31,298.684536,0.754000,0.825080,0.762000,0.841561,26,34,7,12,0,1,0,0,37,18,20,21
2026/01/26/20:15:32,299.684694,0.754000,0.825080,0.762000,0.841561,26,34,7,12,0,1,0,0,37,18,20,21
2026/01/26/20:15:33,300.684855,0.754000,0.825080,0.762000,0.841561,26,34,7,12,0,1,0,0,37,18,20,21
2026/01/26/20:15:34,301.684948,0.754000,0.825080,0.762000,0.841561,26,34,7,12,0,1,0,0,37,18,20,21
2026/01/26/20:15:35,302.685066,0.754000,0.825080,0.762000,0.841561,26,34,7,12,0,1,0,0,37,18,20,21
2026/01/26/20:15:36,303.685199,0.733688,0.828311,0.733688,0.828311,24,34,7,12,0,0,0,0,39,19,20,21
2026/01/26/20:15:37,304.685319,0.725688,0.811830,0.725688,0.811830,24,33,7,12,0,0,0,0,39,20,20,21
2026/01/26/20:15:38,305.685426,0.725688,0.811830,0.725688,0.811830,24,33,7,12,0,0,0,0,39,20,20,21
2026/01/26/20:15:39,306.685558,0.725688,0.811830,0.725688,0.811830,24,33,7,12,0,0,0,0,39,20,20,21
2026/01/26/20:15:40,307.685723,0.695125,0.799389,0.695125,0.799389,24,30,7,12,0,0,0,0,39,23,20,21
2026/01/26/20:15:41,308.685880,0.695125,0.799389,0.695125,0.799389,24,30,7,12,0,0,0,0,39,23,20,21
2026/01/26/20:15:42,309.686043,0.695125,0.799389,0.695125,0.799389,24,30,7,12,0,0,0,0,39,23,20,21
2026/01/26/20:15:43,310.686151,0.695125,0.799389,0.695125,0.799389,24,30,7,12,0,0,0,0,39,23,20,21
2026/01/26/20:15:44,311.686298,0.695125,0.799389,0.695125,0.799389,24,30,7,12,0,0,0,0,39,23,20,21
2026/01/26/20:15:45,312.686427,0.695125,0.799389,0.695125,0.799389,24,30,7,12,0,0,0,0,39,23,20,21
2026/01/26/20:15:46,313.686521,0.695125,0.799389,0.695125,0.799389,24,30,7,12,0,0,0,0,39,23,20,21
2026/01/26/20:15:47,314.686639,0.805000,0.869966,0.805000,0.869966,29,33,8,13,0,0,0,0,39,23,20,21
2026/01/26/20:15:48,315.686714,0.795625,0.861328,0.795625,0.861328,29,31,8,13,0,0,0,0,39,25,20,21
2026/01/26/20:15:49,316.686821,0.737750,0.825652,0.737750,0.825652,25,31,8,13,0,0,0,0,43,25,20,21
2026/01/26/20:15:50,317.686928,0.737750,0.825652,0.737750,0.825652,25,31,8,13,0,0,0,0,43,25,20,21
2026/01/26/20:15:51,318.687072,0.737750,0.825652,0.742938,0.829457,25,31,8,13,1,0,0,0,43,25,20,21
2026/01/26/20:15:52,319.687226,0.777625,0.891367,0.791750,0.940722,31,32,9,12,2,0,0,0,43,25,20,22
2026/01/26/20:15:53,320.687335,0.835000,0.941056,0.907250,1.009466,37,32,11,12,3,0,2,0,43,25,20,22
2026/01/26/20:15:54,321.687436,0.835000,0.941056,0.939500,1.019168,37,32,11,12,3,0,4,0,43,25,20,22
2026/01/26/20:15:55,322.687549,0.807688,0.917053,0.912188,0.995164,35,32,10,12,3,0,4,0,46,25,21,22
2026/01/26/20:15:56,323.687719,0.809500,0.916827,0.883563,0.985010,35,32,10,12,3,0,2,0,46,25,22,22
2026/01/26/20:15:57,324.687875,0.793375,0.911976,0.835187,0.970458,35,32,9,12,3,0,0,0,46,25,23,22
2026/01/26/20:15:58,325.688044,0.793375,0.911976,0.835187,0.970458,35,32,9,12,3,0,0,0,46,25,23,22
2026/01/26/20:15:59,326.688194,0.797312,0.913011,0.839125,0.971493,36,31,9,12,3,0,0,0,46,26,23,22
2026/01/26/20:16:00,327.688362,0.797312,0.913011,0.839125,0.971493,36,31,9,12,3,0,0,0,46,26,23,22
2026/01/26/20:16:01,328.688432,0.819688,0.913275,0.854062,0.921660,37,32,8,13,0,0,0,2,47,26,24,22
2026/01/26/20:16:02,329.688560,0.834063,0.922206,0.868437,0.930592,36,34,10,13,0,0,0,2,48,26,24,22
2026/01/26/20:16:03,330.688649,0.844812,0.928814,0.879188,0.937200,36,36,10,13,0,0,0,2,48,26,24,22
2026/01/26/20:16:04,331.688739,0.830562,0.921395,0.864938,0.929781,36,36,8,13,0,0,0,2,48,26,26,22
2026/01/26/20:16:05,332.688917,0.813375,0.917202,0.813375,0.917202,36,36,8,12,0,0,0,0,48,26,26,23
2026/01/26/20:16:06,333.689034,0.813375,0.917202,0.813375,0.917202,36,36,8,12,0,0,0,0,48,26,26,23
2026/01/26/20:16:07,334.689138,0.813375,0.917202,0.813375,0.917202,36,36,8,12,0,0,0,0,48,26,26,23
2026/01/26/20:16:08,335.689384,0.813375,0.917202,0.813375,0.917202,36,36,8,12,0,0,0,0,48,26,26,23
2026/01/26/20:16:09,336.689492,0.787125,0.896210,0.787125,0.896210,36,33,8,12,0,0,0,0,48,29,26,23
2026/01/26/20:16:10,337.689654,0.772188,0.886732,0.772188,0.886732,34,33,8,12,0,0,0,0,50,29,26,23
2026/01/26/20:16:11,338.689846,0.761563,0.882161,0.761563,0.882161,34,32,8,12,0,0,0,0,50,30,26,23
2026/01/26/20:16:12,339.689977,0.761563,0.882161,0.761563,0.882161,34,32,8,12,0,0,0,0,50,30,26,23
2026/01/26/20:16:13,340.690067,0.761563,0.882161,0.761563,0.882161,34,32,8,12,0,0,0,0,50,30,26,23
2026/01/26/20:16:14,341.690164,0.761563,0.882161,0.761563,0.882161,34,32,8,12,0,0,0,0,50,30,26,23
2026/01/26/20:16:15,342.690342,0.815813,0.916862,0.836938,0.928222,34,34,8,15,0,1,0,0,50,30,26,23
2026/01/26/20:16:16,343.690518,0.807063,0.896040,0.828187,0.907401,32,34,8,15,0,1,0,0,52,30,26,23
2026/01/26/20:16:17,344.690678,0.795063,0.884061,0.816187,0.895421,32,34,8,12,0,1,0,0,52,30,26,26
2026/01/26/20:16:18,345.690802,0.795063,0.884061,0.816187,0.895421,32,34,8,12,0,1,0,0,52,30,26,26
2026/01/26/20:16:19,346.690857,0.752812,0.861340,0.752812,0.861340,32,32,8,12,0,0,0,0,52,32,26,26
2026/01/26/20:16:20,347.690970,0.752812,0.861340,0.752812,0.861340,32,32,8,12,0,0,0,0,52,32,26,26
2026/01/26/20:16:21,348.691080,0.752812,0.861340,0.752812,0.861340,32,32,8,12,0,0,0,0,52,32,26,26
2026/01/26/20:16:22,349.691179,0.752812,0.861340,0.752812,0.861340,32,32,8,12,0,0,0,0,52,32,26,26
2026/01/26/20:16:23,350.691359,0.736875,0.845206,0.736875,0.845206,29,32,8,12,0,0,0,0,55,32,26,26
2026/01/26/20:16:24,351.691447,0.736875,0.845206,0.736875,0.845206,29,32,8,12,0,0,0,0,55,32,26,26
2026/01/26/20:16:25,352.691652,0.736875,0.845206,0.736875,0.845206,29,32,8,12,0,0,0,0,55,32,26,26
2026/01/26/20:16:26,353.691836,0.736875,0.845206,0.736875,0.845206,29,32,8,12,0,0,0,0,55,32,26,26
2026/01/26/20:16:27,354.691980,0.733375,0.840070,0.733375,0.840070,28,32,8,12,0,0,0,0,56,32,26,26
2026/01/26/20:16:28,355.692102,0.733375,0.840070,0.733375,0.840070,28,32,8,12,0,0,0,0,56,32,26,26
2026/01/26/20:16:29,356.692267,0.733375,0.840070,0.733375,0.840070,28,32,8,12,0,0,0,0,56,32,26,26
2026/01/26/20:16:30,357.692374,0.733375,0.840070,0.733375,0.840070,28,32,8,12,0,0,0,0,56,32,26,26
2026/01/26/20:16:31,358.692469,0.733375,0.840070,0.733375,0.840070,28,32,8,12,0,0,0,0,56,32,26,26
2026/01/26/20:16:32,359.692635,0.733375,0.840070,0.733375,0.840070,28,32,8,12,0,0,0,0,56,32,26,26
2026/01/26/20:16:33,360.692737,0.733375,0.840070,0.733375,0.840070,28,32,8,12,0,0,0,0,56,32,26,26
2026/01/26/20:16:34,361.692841,0.733375,0.840070,0.733375,0.840070,28,32,8,12,0,0,0,0,56,32,26,26
2026/01/26/20:16:35,362.692952,0.733375,0.840070,0.733375,0.840070,28,32,8,12,0,0,0,0,56,32,26,26
2026/01/26/20:16:36,363.693052,0.733375,0.840070,0.733375,0.840070,28,32,8,12,0,0,0,0,56,32,26,26
2026/01/26/20:16:37,364.693186,0.733375,0.840070,0.733375,0.840070,28,32,8,12,0,0,0,0,56,32,26,26
2026/01/26/20:16:38,365.693339,0.733375,0.840070,0.733375,0.840070,28,32,8,12,0,0,0,0,56,32,26,26
2026/01/26/20:16:39,366.693523,0.733375,0.840070,0.733375,0.840070,28,32,8,12,0,0,0,0,56,32,26,26
2026/01/26/20:16:40,367.693676,0.733375,0.840070,0.733375,0.840070,28,32,8,12,0,0,0,0,56,32,26,26
2026/01/26/20:16:41,368.693865,0.733375,0.840070,0.733375,0.840070,28,32,8,12,0,0,0,0,56,32,26,26
2026/01/26/20:16:42,369.694036,0.733375,0.840070,0.733375,0.840070,28,32,8,12,0,0,0,0,56,32,26,26
2026/01/26/20:16:43,370.694196,0.733375,0.840070,0.733375,0.840070,28,32,8,12,0,0,0,0,56,32,26,26
2026/01/26/20:16:44,371.694344,0.712625,0.825707,0.712625,0.825707,28,28,8,12,0,0,0,0,56,36,26,26
2026/01/26/20:16:45,372.694448,0.712625,0.825707,0.712625,0.825707,28,28,8,12,0,0,0,0,56,36,26,26
2026/01/26/20:16:46,373.694637,0.712625,0.825707,0.712625,0.825707,28,28,8,12,0,0,0,0,56,36,26,26
2026/01/26/20:16:47,374.694742,0.712625,0.825707,0.712625,0.825707,28,28,8,12,0,0,0,0,56,36,26,26
2026/01/26/20:16:48,375.694922,0.712625,0.825707,0.712625,0.825707,28,28,8,12,0,0,0,0,56,36,26,26
2026/01/26/20:16:49,376.695092,0.712625,0.825707,0.712625,0.825707,28,28,8,12,0,0,0,0,56,36,26,26
2026/01/26/20:16:50,377.695198,0.712625,0.825707,0.712625,0.825707,28,28,8,12,0,0,0,0,56,36,26,26
2026/01/26/20:16:51,378.695313,0.712625,0.825707,0.712625,0.825707,28,28,8,12,0,0,0,0,56,36,26,26
2026/01/26/20:16:52,379.695419,0.712625,0.825707,0.712625,0.825707,28,28,8,12,0,0,0,0,56,36,26,26
2026/01/26/20:16:53,380.695534,0.712625,0.825707,0.712625,0.825707,28,28,8,12,0,0,0,0,56,36,26,26
2026/01/26/20:16:54,381.695679,0.712625,0.825707,0.712625,0.825707,28,28,8,12,0,0,0,0,56,36,26,26
2026/01/26/20:16:55,382.695858,0.712625,0.825707,0.712625,0.825707,28,28,8,12,0,0,0,0,56,36,26,26
2026/01/26/20:16:56,383.696022,0.712625,0.825707,0.712625,0.825707,28,28,8,12,0,0,0,0,56,36,26,26
2026/01/26/20:16:57,384.696183,0.712625,0.825707,0.712625,0.825707,28,28,8,12,0,0,0,0,56,36,26,26
2026/01/26/20:16:58,385.696350,0.712625,0.825707,0.712625,0.825707,28,28,8,12,0,0,0,0,56,36,26,26
2026/01/26/20:16:59,386.696428,0.717375,0.829466,0.717375,0.829466,29,28,8,12,0,0,0,0,56,36,26,26
2026/01/26/20:17:00,387.696599,0.770125,0.884009,0.770125,0.884009,29,30,11,12,0,0,0,0,56,36,26,26
2026/01/26/20:17:01,388.696740,0.770125,0.884009,0.770125,0.884009,29,30,11,12,0,0,0,0,56,36,26,26
2026/01/26/20:17:02,389.696830,0.770125,0.884009,0.770125,0.884009,29,30,11,12,0,0,0,0,56,36,26,26
2026/01/26/20:17:03,390.697022,0.782125,0.896216,0.809750,0.903094,29,30,11,15,2,0,0,0,56,36,26,26
2026/01/26/20:17:04,391.697113,0.782125,0.896216,0.809750,0.903094,29,30,11,15,2,0,0,0,56,36,26,26
2026/01/26/20:17:05,392.697218,0.782125,0.896216,0.782125,0.896216,29,30,11,15,0,0,0,0,56,36,26,26
2026/01/26/20:17:06,393.697341,0.763500,0.847200,0.763500,0.847200,28,30,8,15,0,0,0,0,57,36,29,26
2026/01/26/20:17:07,394.697435,0.741500,0.845635,0.741500,0.845635,28,30,8,15,0,0,0,0,57,38,29,26
2026/01/26/20:17:08,395.697599,0.783563,0.908836,0.802063,0.951674,35,31,9,15,1,0,2,0,57,38,29,29
2026/01/26/20:17:09,396.697699,0.783563,0.908836,0.802063,0.951674,35,31,9,15,1,0,2,0,57,38,29,29
2026/01/26/20:17:10,397.697817,0.778250,0.905156,0.796750,0.947993,35,30,9,15,1,0,2,0,57,39,29,29
2026/01/26/20:17:11,398.697866,0.776250,0.898734,0.783250,0.914585,33,30,10,15,0,0,1,0,59,39,29,29
2026/01/26/20:17:12,399.697965,0.776250,0.898734,0.783250,0.914585,33,30,10,15,0,0,1,0,59,39,29,29
2026/01/26/20:17:13,400.698075,0.776250,0.898734,0.783250,0.914585,33,30,10,15,0,0,1,0,59,39,29,29
2026/01/26/20:17:14,401.698172,0.776250,0.898734,0.783250,0.914585,33,30,10,15,0,0,1,0,59,39,29,29
2026/01/26/20:17:15,402.698349,0.820375,0.918683,0.859437,0.950420,33,30,15,13,0,0,3,0,59,39,29,31
2026/01/26/20:17:16,403.698439,0.824375,0.899881,0.838812,0.911280,32,30,15,13,0,0,1,0,60,39,30,31
2026/01/26/20:17:17,404.698545,0.828438,0.903670,0.828438,0.903670,30,30,16,13,0,0,0,0,62,39,30,31
2026/01/26/20:17:18,405.698651,0.818562,0.885838,0.818562,0.885838,30,30,15,12,0,0,0,0,62,39,31,32
2026/01/26/20:17:19,406.698873,0.818562,0.885838,0.818562,0.885838,30,30,15,12,0,0,0,0,62,39,31,32
2026/01/26/20:17:20,407.699086,0.818562,0.885838,0.818562,0.885838,30,30,15,12,0,0,0,0,62,39,31,32
2026/01/26/20:17:21,408.699152,0.818562,0.885838,0.818562,0.885838,30,30,15,12,0,0,0,0,62,39,31,32
2026/01/26/20:17:22,409.699245,0.818562,0.885838,0.818562,0.885838,30,30,15,12,0,0,0,0,62,39,31,32
2026/01/26/20:17:23,410.699359,0.818562,0.885838,0.818562,0.885838,30,30,15,12,0,0,0,0,62,39,31,32
2026/01/26/20:17:24,411.699450,0.818562,0.885838,0.818562,0.885838,30,30,15,12,0,0,0,0,62,39,31,32
2026/01/26/20:17:25,412.699562,0.802063,0.868359,0.802063,0.868359,30,30,12,12,0,0,0,0,62,39,34,32
2026/01/26/20:17:26,413.699658,0.802063,0.868359,0.802063,0.868359,30,30,12,12,0,0,0,0,62,39,34,32
2026/01/26/20:17:27,414.699855,0.802063,0.868359,0.802063,0.868359,30,30,12,12,0,0,0,0,62,39,34,32
2026/01/26/20:17:28,415.699977,0.802063,0.868359,0.802063,0.868359,30,30,12,12,0,0,0,0,62,39,34,32
2026/01/26/20:17:29,416.700094,0.802063,0.868359,0.802063,0.868359,30,30,12,12,0,0,0,0,62,39,34,32
2026/01/26/20:17:30,417.700162,0.802063,0.868359,0.802063,0.868359,30,30,12,12,0,0,0,0,62,39,34,32
2026/01/26/20:17:31,418.700287,0.802063,0.868359,0.802063,0.868359,30,30,12,12,0,0,0,0,62,39,34,32
2026/01/26/20:17:32,419.700402,0.802063,0.868359,0.802063,0.868359,30,30,12,12,0,0,0,0,62,39,34,32
2026/01/26/20:17:33,420.700468,0.802063,0.868359,0.870687,0.889239,30,30,12,12,0,0,3,0,62,39,34,32
2026/01/26/20:17:34,421.700560,0.789687,0.856604,0.858313,0.877484,27,30,12,12,0,0,3,0,65,39,34,32
2026/01/26/20:17:35,422.700677,0.789687,0.856604,0.858313,0.877484,27,30,12,12,0,0,3,0,65,39,34,32
2026/01/26/20:17:36,423.700797,0.789687,0.856604,0.858313,0.877484,27,30,12,12,0,0,3,0,65,39,34,32
2026/01/26/20:17:37,424.700901,0.799063,0.871827,0.877062,0.907930,27,30,13,12,0,0,4,0,65,39,34,32
2026/01/26/20:17:38,425.701006,0.799063,0.871827,0.877062,0.907930,27,30,13,12,0,0,4,0,65,39,34,32
2026/01/26/20:17:39,426.701117,0.799063,0.871827,0.877062,0.907930,27,30,13,12,0,0,4,0,65,39,34,32
2026/01/26/20:17:40,427.701214,0.799063,0.871827,0.877062,0.907930,27,30,13,12,0,0,4,0,65,39,34,32
2026/01/26/20:17:41,428.701297,0.801312,0.887510,0.824187,0.894470,27,30,13,12,0,0,1,0,65,39,37,32
2026/01/26/20:17:42,429.701414,0.801312,0.887510,0.824187,0.894470,27,30,13,12,0,0,1,0,65,39,37,32
2026/01/26/20:17:43,430.701538,0.752313,0.867663,0.752313,0.867663,26,30,11,12,0,0,0,0,66,39,39,32
2026/01/26/20:17:44,431.701626,0.752313,0.867663,0.752313,0.867663,26,30,11,12,0,0,0,0,66,39,39,32
2026/01/26/20:17:45,432.701737,0.752313,0.867663,0.752313,0.867663,26,30,11,12,0,0,0,0,66,39,39,32
2026/01/26/20:17:46,433.701903,0.752313,0.867663,0.752313,0.867663,26,30,11,12,0,0,0,0,66,39,39,32
2026/01/26/20:17:47,434.702013,0.752313,0.867663,0.752313,0.867663,26,30,11,12,0,0,0,0,66,39,39,32
2026/01/26/20:17:48,435.702176,0.752313,0.867663,0.752313,0.867663,26,30,11,12,0,0,0,0,66,39,39,32
2026/01/26/20:17:49,436.702283,0.752313,0.867663,0.752313,0.867663,26,30,11,12,0,0,0,0,66,39,39,32
2026/01/26/20:17:50,437.702467,0.761563,0.888079,0.766813,0.908231,26,32,11,12,0,0,1,0,66,39,39,32
2026/01/26/20:17:51,438.702631,0.761563,0.888079,0.766813,0.908231,26,32,11,12,0,0,1,0,66,39,39,32
2026/01/26/20:17:52,439.702827,0.761563,0.888079,0.766813,0.908231,26,32,11,12,0,0,1,0,66,39,39,32
2026/01/26/20:17:53,440.702858,0.761563,0.888079,0.766813,0.908231,26,32,11,12,0,0,1,0,66,39,39,32
2026/01/26/20:17:54,441.702958,0.761563,0.888079,0.766813,0.908231,26,32,11,12,0,0,1,0,66,39,39,32
2026/01/26/20:17:55,442.703066,0.752313,0.867663,0.757563,0.887815,26,30,11,12,0,0,1,0,66,41,39,32
2026/01/26/20:17:56,443.703228,0.752313,0.867663,0.752313,0.867663,26,30,11,12,0,0,0,0,66,41,39,32
2026/01/26/20:17:57,444.703384,0.752313,0.867663,0.752313,0.867663,26,30,11,12,0,0,0,0,66,41,39,32
2026/01/26/20:17:58,445.703556,0.752313,0.867663,0.752313,0.867663,26,30,11,12,0,0,0,0,66,41,39,32
2026/01/26/20:17:59,446.703723,0.752313,0.867663,0.752313,0.867663,26,30,11,12,0,0,0,0,66,41,39,32
2026/01/26/20:18:00,447.703890,0.752313,0.867663,0.752313,0.867663,26,30,11,12,0,0,0,0,66,41,39,32
2026/01/26/20:18:01,448.703987,0.733563,0.837217,0.733563,0.837217,26,30,9,12,0,0,0,0,66,41,41,32
2026/01/26/20:18:02,449.704157,0.733563,0.837217,0.733563,0.837217,26,30,9,12,0,0,0,0,66,41,41,32
2026/01/26/20:18:03,450.704275,0.733563,0.837217,0.733563,0.837217,26,30,9,12,0,0,0,0,66,41,41,32
2026/01/26/20:18:04,451.704424,0.733563,0.837217,0.733563,0.837217,26,30,9,12,0,0,0,0,66,41,41,32
2026/01/26/20:18:05,452.704542,0.733563,0.837217,0.733563,0.837217,26,30,9,12,0,0,0,0,66,41,41,32
2026/01/26/20:18:06,453.704705,0.733563,0.837217,0.733563,0.837217,26,30,9,12,0,0,0,0,66,41,41,32
2026/01/26/20:18:07,454.704819,0.733563,0.837217,0.733563,0.837217,26,30,9,12,0,0,0,0,66,41,41,32
2026/01/26/20:18:08,455.704988,0.733563,0.837217,0.733563,0.837217,26,30,9,12,0,0,0,0,66,41,41,32
2026/01/26/20:18:09,456.705105,0.733563,0.837217,0.733563,0.837217,26,30,9,12,0,0,0,0,66,41,41,32
2026/01/26/20:18:10,457.705223,0.761687,0.844238,0.761687,0.844238,26,30,11,12,0,0,0,0,66,41,41,32
2026/01/26/20:18:11,458.705306,0.755938,0.840396,0.755938,0.840396,25,30,11,12,0,0,0,0,67,41,41,32
2026/01/26/20:18:12,459.705425,0.727812,0.833374,0.727812,0.833374,25,30,9,12,0,0,0,0,67,41,43,32
2026/01/26/20:18:13,460.705522,0.727812,0.833374,0.727812,0.833374,25,30,9,12,0,0,0,0,67,41,43,32
2026/01/26/20:18:14,461.705678,0.727812,0.833374,0.727812,0.833374,25,30,9,12,0,0,0,0,67,41,43,32
2026/01/26/20:18:15,462.705845,0.727812,0.833374,0.727812,0.833374,25,30,9,12,0,0,0,0,67,41,43,32
2026/01/26/20:18:16,463.706004,0.727812,0.833374,0.727812,0.833374,25,30,9,12,0,0,0,0,67,41,43,32
2026/01/26/20:18:17,464.706165,0.727812,0.833374,0.727812,0.833374,25,30,9,12,0,0,0,0,67,41,43,32
2026/01/26/20:18:18,465.706330,0.727812,0.833374,0.727812,0.833374,25,30,9,12,0,0,0,0,67,41,43,32
2026/01/26/20:18:19,466.706493,0.727812,0.833374,0.727812,0.833374,25,30,9,12,0,0,0,0,67,41,43,32
2026/01/26/20:18:20,467.706594,0.727812,0.833374,0.727812,0.833374,25,30,9,12,0,0,0,0,67,41,43,32
2026/01/26/20:18:21,468.706708,0.727812,0.833374,0.727812,0.833374,25,30,9,12,0,0,0,0,67,41,43,32
2026/01/26/20:18:22,469.706875,0.727812,0.833374,0.727812,0.833374,25,30,9,12,0,0,0,0,67,41,43,32
2026/01/26/20:18:23,470.706970,0.727812,0.833374,0.727812,0.833374,25,30,9,12,0,0,0,0,67,41,43,32
2026/01/26/20:18:24,471.707123,0.727812,0.833374,0.727812,0.833374,25,30,9,12,0,0,0,0,67,41,43,32
2026/01/26/20:18:25,472.707294,0.727812,0.833374,0.727812,0.833374,25,30,9,12,0,0,0,0,67,41,43,32
2026/01/26/20:18:26,473.707400,0.727812,0.833374,0.727812,0.833374,25,30,9,12,0,0,0,0,67,41,43,32
2026/01/26/20:18:27,474.707554,0.727812,0.833374,0.727812,0.833374,25,30,9,12,0,0,0,0,67,41,43,32
2026/01/26/20:18:28,475.707679,0.727812,0.833374,0.727812,0.833374,25,30,9,12,0,0,0,0,67,41,43,32
2026/01/26/20:18:29,476.707846,0.727812,0.833374,0.727812,0.833374,25,30,9,12,0,0,0,0,67,41,43,32
2026/01/26/20:18:30,477.707954,0.727812,0.833374,0.727812,0.833374,25,30,9,12,0,0,0,0,67,41,43,32
2026/01/26/20:18:31,478.708055,0.727812,0.833374,0.727812,0.833374,25,30,9,12,0,0,0,0,67,41,43,32
2026/01/26/20:18:32,479.708213,0.727812,0.833374,0.727812,0.833374,25,30,9,12,0,0,0,0,67,41,43,32
2026/01/26/20:18:33,480.708380,0.727812,0.833374,0.727812,0.833374,25,30,9,12,0,0,0,0,67,41,43,32
2026/01/26/20:18:34,481.708474,0.727812,0.833374,0.727812,0.833374,25,30,9,12,0,0,0,0,67,41,43,32
2026/01/26/20:18:35,482.708749,0.727812,0.833374,0.727812,0.833374,25,30,9,12,0,0,0,0,67,41,43,32
2026/01/26/20:18:36,483.708859,0.727812,0.833374,0.727812,0.833374,25,30,9,12,0,0,0,0,67,41,43,32
2026/01/26/20:18:37,484.708963,0.727812,0.833374,0.727812,0.833374,25,30,9,12,0,0,0,0,67,41,43,32
2026/01/26/20:18:38,485.709126,0.727812,0.833374,0.727812,0.833374,25,30,9,12,0,0,0,0,67,41,43,32
2026/01/26/20:18:39,486.709296,0.727812,0.833374,0.727812,0.833374,25,30,9,12,0,0,0,0,67,41,43,32
2026/01/26/20:18:40,487.709412,0.727812,0.833374,0.727812,0.833374,25,30,9,12,0,0,0,0,67,41,43,32
2026/01/26/20:18:41,488.709577,0.727812,0.833374,0.727812,0.833374,25,30,9,12,0,0,0,0,67,41,43,32
2026/01/26/20:18:42,489.709752,0.727812,0.833374,0.727812,0.833374,25,30,9,12,0,0,0,0,67,41,43,32
2026/01/26/20:18:43,490.709938,0.727812,0.833374,0.727812,0.833374,25,30,9,12,0,0,0,0,67,41,43,32
2026/01/26/20:18:44,491.710089,0.727812,0.833374,0.727812,0.833374,25,30,9,12,0,0,0,0,67,41,43,32
2026/01/26/20:18:45,492.710198,0.727812,0.833374,0.727812,0.833374,25,30,9,12,0,0,0,0,67,41,43,32
2026/01/26/20:18:46,493.710297,0.745188,0.840810,0.745188,0.840810,25,32,9,12,0,0,0,0,67,41,43,32
2026/01/26/20:18:47,494.710470,0.745188,0.840810,0.745188,0.840810,25,32,9,12,0,0,0,0,67,41,43,32
2026/01/26/20:18:48,495.710575,0.745188,0.840810,0.745188,0.840810,25,32,9,12,0,0,0,0,67,41,43,32
2026/01/26/20:18:49,496.710683,0.745188,0.840810,0.745188,0.840810,25,32,9,12,0,0,0,0,67,41,43,32
2026/01/26/20:18:50,497.710860,0.745188,0.840810,0.745188,0.840810,25,32,9,12,0,0,0,0,67,41,43,32
2026/01/26/20:18:51,498.710983,0.745188,0.840810,0.745188,0.840810,25,32,9,12,0,0,0,0,67,41,43,32
2026/01/26/20:18:52,499.711079,0.745188,0.840810,0.745188,0.840810,25,32,9,12,0,0,0,0,67,41,43,32
2026/01/26/20:18:53,500.711248,0.745188,0.840810,0.745188,0.840810,25,32,9,12,0,0,0,0,67,41,43,32
2026/01/26/20:18:54,501.711403,0.745188,0.840810,0.745188,0.840810,25,32,9,12,0,0,0,0,67,41,43,32
2026/01/26/20:18:55,502.711517,0.745188,0.840810,0.745188,0.840810,25,32,9,12,0,0,0,0,67,41,43,32
2026/01/26/20:18:56,503.711595,0.745188,0.840810,0.745188,0.840810,25,32,9,12,0,0,0,0,67,41,43,32
2026/01/26/20:18:57,504.711706,0.745188,0.840810,0.745188,0.840810,25,32,9,12,0,0,0,0,67,41,43,32
2026/01/26/20:18:58,505.711822,0.745188,0.840810,0.745188,0.840810,25,32,9,12,0,0,0,0,67,41,43,32
2026/01/26/20:18:59,506.711912,0.745188,0.840810,0.745188,0.840810,25,32,9,12,0,0,0,0,67,41,43,32
2026/01/26/20:19:00,507.712029,0.727812,0.833374,0.727812,0.833374,25,30,9,12,0,0,0,0,67,43,43,32
2026/01/26/20:19:01,508.712128,0.727812,0.833374,0.727812,0.833374,25,30,9,12,0,0,0,0,67,43,43,32
2026/01/26/20:19:02,509.712241,0.727812,0.833374,0.727812,0.833374,25,30,9,12,0,0,0,0,67,43,43,32
2026/01/26/20:19:03,510.712345,0.727812,0.833374,0.727812,0.833374,25,30,9,12,0,0,0,0,67,43,43,32
2026/01/26/20:19:04,511.712438,0.727812,0.833374,0.727812,0.833374,25,30,9,12,0,0,0,0,67,43,43,32
2026/01/26/20:19:05,512.712551,0.727812,0.833374,0.727812,0.833374,25,30,9,12,0,0,0,0,67,43,43,32
2026/01/26/20:19:06,513.712712,0.727812,0.833374,0.727812,0.833374,25,30,9,12,0,0,0,0,67,43,43,32
2026/01/26/20:19:07,514.712881,0.727812,0.833374,0.727812,0.833374,25,30,9,12,0,0,0,0,67,43,43,32
2026/01/26/20:19:08,515.712990,0.727812,0.833374,0.727812,0.833374,25,30,9,12,0,0,0,0,67,43,43,32
2026/01/26/20:19:09,516.713093,0.727812,0.833374,0.727812,0.833374,25,30,9,12,0,0,0,0,67,43,43,32
2026/01/26/20:19:10,517.713255,0.727812,0.833374,0.727812,0.833374,25,30,9,12,0,0,0,0,67,43,43,32
2026/01/26/20:19:11,518.713363,0.727812,0.833374,0.727812,0.833374,25,30,9,12,0,0,0,0,67,43,43,32
2026/01/26/20:19:12,519.713464,0.727812,0.833374,0.727812,0.833374,25,30,9,12,0,0,0,0,67,43,43,32
2026/01/26/20:19:13,520.713567,0.727812,0.833374,0.727812,0.833374,25,30,9,12,0,0,0,0,67,43,43,32
2026/01/26/20:19:14,521.713658,0.727812,0.833374,0.727812,0.833374,25,30,9,12,0,0,0,0,67,43,43,32
2026/01/26/20:19:15,522.713756,0.727812,0.833374,0.727812,0.833374,25,30,9,12,0,0,0,0,67,43,43,32
2026/01/26/20:19:16,523.713860,0.727812,0.833374,0.727812,0.833374,25,30,9,12,0,0,0,0,67,43,43,32
2026/01/26/20:19:17,524.714024,0.727812,0.833374,0.727812,0.833374,25,30,9,12,0,0,0,0,67,43,43,32
2026/01/26/20:19:18,525.714122,0.727812,0.833374,0.727812,0.833374,25,30,9,12,0,0,0,0,67,43,43,32
2026/01/26/20:19:19,526.714307,0.727812,0.833374,0.727812,0.833374,25,30,9,12,0,0,0,0,67,43,43,32
2026/01/26/20:19:20,527.714415,0.727812,0.833374,0.727812,0.833374,25,30,9,12,0,0,0,0,67,43,43,32
2026/01/26/20:19:21,528.714533,0.727812,0.833374,0.727812,0.833374,25,30,9,12,0,0,0,0,67,43,43,32
2026/01/26/20:19:22,529.714650,0.727812,0.833374,0.727812,0.833374,25,30,9,12,0,0,0,0,67,43,43,32
2026/01/26/20:19:23,530.714750,0.727812,0.833374,0.727812,0.833374,25,30,9,12,0,0,0,0,67,43,43,32
2026/01/26/20:19:24,531.714846,0.727812,0.833374,0.727812,0.833374,25,30,9,12,0,0,0,0,67,43,43,32
2026/01/26/20:19:25,532.714952,0.727812,0.833374,0.727812,0.833374,25,30,9,12,0,0,0,0,67,43,43,32
2026/01/26/20:19:26,533.715067,0.727812,0.833374,0.727812,0.833374,25,30,9,12,0,0,0,0,67,43,43,32
2026/01/26/20:19:27,534.715174,0.727812,0.833374,0.727812,0.833374,25,30,9,12,0,0,0,0,67,43,43,32
2026/01/26/20:19:28,535.715342,0.727812,0.833374,0.727812,0.833374,25,30,9,12,0,0,0,0,67,43,43,32
2026/01/26/20:19:29,536.715447,0.727812,0.833374,0.727812,0.833374,25,30,9,12,0,0,0,0,67,43,43,32
2026/01/26/20:19:30,537.715547,0.727812,0.833374,0.727812,0.833374,25,30,9,12,0,0,0,0,67,43,43,32
2026/01/26/20:19:31,538.715715,0.727812,0.833374,0.727812,0.833374,25,30,9,12,0,0,0,0,67,43,43,32
2026/01/26/20:19:32,539.715827,0.727812,0.833374,0.727812,0.833374,25,30,9,12,0,0,0,0,67,43,43,32
2026/01/26/20:19:33,540.715987,0.727812,0.833374,0.727812,0.833374,25,30,9,12,0,0,0,0,67,43,43,32
2026/01/26/20:19:34,541.716140,0.727812,0.833374,0.727812,0.833374,25,30,9,12,0,0,0,0,67,43,43,32
2026/01/26/20:19:35,542.716303,0.727812,0.833374,0.727812,0.833374,25,30,9,12,0,0,0,0,67,43,43,32
2026/01/26/20:19:36,543.716467,0.727812,0.833374,0.727812,0.833374,25,30,9,12,0,0,0,0,67,43,43,32
2026/01/26/20:19:37,544.716571,0.727812,0.833374,0.727812,0.833374,25,30,9,12,0,0,0,0,67,43,43,32
2026/01/26/20:19:38,545.716735,0.727812,0.833374,0.727812,0.833374,25,30,9,12,0,0,0,0,67,43,43,32
2026/01/26/20:19:39,546.716867,0.727812,0.833374,0.727812,0.833374,25,30,9,12,0,0,0,0,67,43,43,32
2026/01/26/20:19:40,547.717027,0.727812,0.833374,0.727812,0.833374,25,30,9,12,0,0,0,0,67,43,43,32
2026/01/26/20:19:41,548.717142,0.720562,0.814078,0.720562,0.814078,23,30,9,12,0,0,0,0,69,43,43,32
2026/01/26/20:19:42,549.717304,0.720562,0.814078,0.720562,0.814078,23,30,9,12,0,0,0,0,69,43,43,32
2026/01/26/20:19:43,550.717485,0.720562,0.814078,0.720562,0.814078,23,30,9,12,0,0,0,0,69,43,43,32
2026/01/26/20:19:44,551.717633,0.720562,0.814078,0.720562,0.814078,23,30,9,12,0,0,0,0,69,43,43,32
2026/01/26/20:19:45,552.717817,0.720562,0.814078,0.720562,0.814078,23,30,9,12,0,0,0,0,69,43,43,32
2026/01/26/20:19:46,553.717968,0.720562,0.814078,0.720562,0.814078,23,30,9,12,0,0,0,0,69,43,43,32
2026/01/26/20:19:47,554.718132,0.781625,0.872357,0.786438,0.898365,25,32,12,13,0,0,0,1,69,43,43,32
2026/01/26/20:19:48,555.718244,0.781625,0.872357,0.786438,0.898365,25,32,12,13,0,0,0,1,69,43,43,32
2026/01/26/20:19:49,556.718343,0.735750,0.848238,0.740563,0.874245,23,32,9,13,0,0,0,1,71,43,46,32
2026/01/26/20:19:50,557.718452,0.730938,0.822230,0.730938,0.822230,23,32,9,12,0,0,0,0,71,43,46,33
2026/01/26/20:19:51,558.718589,0.726375,0.817614,0.726375,0.817614,23,31,9,12,0,0,0,0,71,44,46,33
2026/01/26/20:19:52,559.718784,0.766938,0.856283,0.766938,0.856283,27,31,9,13,0,0,0,0,71,44,46,33
2026/01/26/20:19:53,560.718881,0.766938,0.856283,0.766938,0.856283,27,31,9,13,0,0,0,0,71,44,46,33
2026/01/26/20:19:54,561.718968,0.777813,0.871249,0.777813,0.871249,27,31,9,16,0,0,0,0,71,44,46,33
2026/01/26/20:19:55,562.719139,0.773062,0.866959,0.773062,0.866959,27,31,9,15,0,0,0,0,71,44,46,34
2026/01/26/20:19:56,563.719300,0.765875,0.863596,0.765875,0.863596,27,30,9,15,0,0,0,0,71,45,46,34
2026/01/26/20:19:57,564.719460,0.748250,0.860239,0.748250,0.860239,26,30,9,15,0,0,0,0,72,45,46,34
2026/01/26/20:19:58,565.719637,0.748250,0.860239,0.748250,0.860239,26,30,9,15,0,0,0,0,72,45,46,34
2026/01/26/20:19:59,566.719824,0.748250,0.860239,0.748250,0.860239,26,30,9,15,0,0,0,0,72,45,46,34
2026/01/26/20:20:00,567.719853,0.745062,0.855450,0.745062,0.855450,26,29,9,15,0,0,0,0,72,46,46,34
2026/01/26/20:20:01,568.720027,0.726875,0.824429,0.726875,0.824429,23,29,9,15,0,0,0,0,75,46,46,34
2026/01/26/20:20:02,569.720158,0.726875,0.824429,0.726875,0.824429,23,29,9,15,0,0,0,0,75,46,46,34
2026/01/26/20:20:03,570.720268,0.726875,0.824429,0.726875,0.824429,23,29,9,15,0,0,0,0,75,46,46,34
2026/01/26/20:20:04,571.720415,0.726875,0.824429,0.726875,0.824429,23,29,9,15,0,0,0,0,75,46,46,34
2026/01/26/20:20:05,572.720591,0.726875,0.824429,0.726875,0.824429,23,29,9,15,0,0,0,0,75,46,46,34
2026/01/26/20:20:06,573.720696,0.726875,0.824429,0.726875,0.824429,23,29,9,15,0,0,0,0,75,46,46,34
2026/01/26/20:20:07,574.720831,0.726875,0.824429,0.726875,0.824429,23,29,9,15,0,0,0,0,75,46,46,34
2026/01/26/20:20:08,575.720931,0.716000,0.809463,0.716000,0.809463,23,29,9,12,0,0,0,0,75,46,46,37
2026/01/26/20:20:09,576.721032,0.716000,0.809463,0.716000,0.809463,23,29,9,12,0,0,0,0,75,46,46,37
2026/01/26/20:20:10,577.721197,0.716000,0.809463,0.716000,0.809463,23,29,9,12,0,0,0,0,75,46,46,37
2026/01/26/20:20:11,578.721306,0.716000,0.809463,0.716000,0.809463,23,29,9,12,0,0,0,0,75,46,46,37
2026/01/26/20:20:12,579.721497,0.716000,0.809463,0.716000,0.809463,23,29,9,12,0,0,0,0,75,46,46,37
2026/01/26/20:20:13,580.721664,0.716000,0.809463,0.716000,0.809463,23,29,9,12,0,0,0,0,75,46,46,37
2026/01/26/20:20:14,581.721833,0.716000,0.809463,0.716000,0.809463,23,29,9,12,0,0,0,0,75,46,46,37
2026/01/26/20:20:15,582.721919,0.747500,0.837887,0.747500,0.837887,26,29,12,12,0,0,0,0,75,46,46,37
2026/01/26/20:20:16,583.722092,0.747500,0.837887,0.747500,0.837887,26,29,12,12,0,0,0,0,75,46,46,37
2026/01/26/20:20:17,584.722265,0.747500,0.837887,0.747500,0.837887,26,29,12,12,0,0,0,0,75,46,46,37
2026/01/26/20:20:18,585.722424,0.725562,0.822963,0.725562,0.822963,26,29,9,12,0,0,0,0,75,46,49,37
2026/01/26/20:20:19,586.722591,0.725562,0.822963,0.725562,0.822963,26,29,9,12,0,0,0,0,75,46,49,37
2026/01/26/20:20:20,587.722780,0.725562,0.822963,0.725562,0.822963,26,29,9,12,0,0,0,0,75,46,49,37
2026/01/26/20:20:21,588.722942,0.725562,0.822963,0.725562,0.822963,26,29,9,12,0,0,0,0,75,46,49,37
2026/01/26/20:20:22,589.723123,0.725562,0.822963,0.725562,0.822963,26,29,9,12,0,0,0,0,75,46,49,37
2026/01/26/20:20:23,590.723287,0.725562,0.822963,0.725562,0.822963,26,29,9,12,0,0,0,0,75,46,49,37
2026/01/26/20:20:24,591.723386,0.725562,0.822963,0.725562,0.822963,26,29,9,12,0,0,0,0,75,46,49,37
2026/01/26/20:20:25,592.723504,0.725562,0.822963,0.725562,0.822963,26,29,9,12,0,0,0,0,75,46,49,37
2026/01/26/20:20:26,593.723661,0.725562,0.822963,0.725562,0.822963,26,29,9,12,0,0,0,0,75,46,49,37
2026/01/26/20:20:27,594.723872,0.733187,0.848735,0.733187,0.848735,27,29,9,12,0,0,0,0,75,46,49,37
2026/01/26/20:20:28,595.723994,0.733187,0.848735,0.733187,0.848735,27,29,9,12,0,0,0,0,75,46,49,37
2026/01/26/20:20:29,596.724088,0.779750,0.861313,0.779750,0.861313,31,29,9,11,0,0,0,0,75,46,49,39
2026/01/26/20:20:30,597.724205,0.779750,0.861313,0.779750,0.861313,31,29,9,11,0,0,0,0,75,46,49,39
2026/01/26/20:20:31,598.724291,0.764250,0.832366,0.764250,0.832366,29,29,9,11,0,0,0,0,77,46,49,39
2026/01/26/20:20:32,599.724404,0.764250,0.832366,0.764250,0.832366,29,29,9,11,0,0,0,0,77,46,49,39
2026/01/26/20:20:33,600.724519,0.764250,0.832366,0.764250,0.832366,29,29,9,11,0,0,0,0,77,46,49,39
2026/01/26/20:20:34,601.724750,0.764250,0.832366,0.764250,0.832366,29,29,9,11,0,0,0,0,77,46,49,39
2026/01/26/20:20:35,602.724867,0.713812,0.820268,0.713812,0.820268,26,29,9,11,0,0,0,0,80,46,49,39
2026/01/26/20:20:36,603.724994,0.713812,0.820268,0.713812,0.820268,26,29,9,11,0,0,0,0,80,46,49,39
2026/01/26/20:20:37,604.725164,0.713812,0.820268,0.713812,0.820268,26,29,9,11,0,0,0,0,80,46,49,39
2026/01/26/20:20:38,605.725281,0.713812,0.820268,0.713812,0.820268,26,29,9,11,0,0,0,0,80,46,49,39
2026/01/26/20:20:39,606.725399,0.713812,0.820268,0.713812,0.820268,26,29,9,11,0,0,0,0,80,46,49,39
2026/01/26/20:20:40,607.725526,0.713812,0.820268,0.713812,0.820268,26,29,9,11,0,0,0,0,80,46,49,39
2026/01/26/20:20:41,608.725632,0.713812,0.820268,0.713812,0.820268,26,29,9,11,0,0,0,0,80,46,49,39
2026/01/26/20:20:42,609.725830,0.691000,0.783917,0.691000,0.783917,21,29,9,11,0,0,0,0,85,46,49,39
2026/01/26/20:20:43,610.726018,0.691000,0.783917,0.691000,0.783917,21,29,9,11,0,0,0,0,85,46,49,39
2026/01/26/20:20:44,611.726115,0.691000,0.783917,0.691000,0.783917,21,29,9,11,0,0,0,0,85,46,49,39
2026/01/26/20:20:45,612.726295,0.703937,0.803296,0.703937,0.803296,24,29,9,11,0,0,0,0,85,46,49,39
2026/01/26/20:20:46,613.726459,0.712187,0.813226,0.712187,0.813226,24,31,9,11,0,0,0,0,85,46,49,39
2026/01/26/20:20:47,614.726623,0.699250,0.793847,0.699250,0.793847,21,31,9,11,0,0,0,0,88,46,49,39
2026/01/26/20:20:48,615.726810,0.699250,0.793847,0.699250,0.793847,21,31,9,11,0,0,0,0,88,46,49,39
2026/01/26/20:20:49,616.726970,0.699250,0.793847,0.699250,0.793847,21,31,9,11,0,0,0,0,88,46,49,39
2026/01/26/20:20:50,617.727074,0.691000,0.783917,0.691000,0.783917,21,29,9,11,0,0,0,0,88,48,49,39
2026/01/26/20:20:51,618.727256,0.691000,0.783917,0.691000,0.783917,21,29,9,11,0,0,0,0,88,48,49,39
2026/01/26/20:20:52,619.727423,0.691000,0.783917,0.691000,0.783917,21,29,9,11,0,0,0,0,88,48,49,39
2026/01/26/20:20:53,620.727587,0.691000,0.783917,0.691000,0.783917,21,29,9,11,0,0,0,0,88,48,49,39
2026/01/26/20:20:54,621.727673,0.691000,0.783917,0.691000,0.783917,21,29,9,11,0,0,0,0,88,48,49,39
2026/01/26/20:20:55,622.727849,0.691000,0.783917,0.691000,0.783917,21,29,9,11,0,0,0,0,88,48,49,39
2026/01/26/20:20:56,623.727976,0.691000,0.783917,0.691000,0.783917,21,29,9,11,0,0,0,0,88,48,49,39
2026/01/26/20:20:57,624.728119,0.691000,0.783917,0.691000,0.783917,21,29,9,11,0,0,0,0,88,48,49,39
2026/01/26/20:20:58,625.728258,0.691000,0.783917,0.691000,0.783917,21,29,9,11,0,0,0,0,88,48,49,39
2026/01/26/20:20:59,626.728358,0.691000,0.783917,0.691000,0.783917,21,29,9,11,0,0,0,0,88,48,49,39
2026/01/26/20:21:00,627.728522,0.691000,0.783917,0.691000,0.783917,21,29,9,11,0,0,0,0,88,48,49,39
2026/01/26/20:21:01,628.728692,0.691000,0.783917,0.691000,0.783917,21,29,9,11,0,0,0,0,88,48,49,39
2026/01/26/20:21:02,629.728796,0.691000,0.783917,0.691000,0.783917,21,29,9,11,0,0,0,0,88,48,49,39
2026/01/26/20:21:03,630.728947,0.691000,0.783917,0.691000,0.783917,21,29,9,11,0,0,0,0,88,48,49,39
2026/01/26/20:21:04,631.729097,0.691000,0.783917,0.691000,0.783917,21,29,9,11,0,0,0,0,88,48,49,39
2026/01/26/20:21:05,632.729229,0.691000,0.783917,0.691000,0.783917,21,29,9,11,0,0,0,0,88,48,49,39
2026/01/26/20:21:06,633.729328,0.691000,0.783917,0.691000,0.783917,21,29,9,11,0,0,0,0,88,48,49,39
2026/01/26/20:21:07,634.729516,0.691000,0.783917,0.691000,0.783917,21,29,9,11,0,0,0,0,88,48,49,39
2026/01/26/20:21:08,635.729683,0.691000,0.783917,0.691000,0.783917,21,29,9,11,0,0,0,0,88,48,49,39
2026/01/26/20:21:09,636.729874,0.691000,0.783917,0.691000,0.783917,21,29,9,11,0,0,0,0,88,48,49,39
2026/01/26/20:21:10,637.730035,0.691000,0.783917,0.691000,0.783917,21,29,9,11,0,0,0,0,88,48,49,39
2026/01/26/20:21:11,638.730117,0.691000,0.783917,0.691000,0.783917,21,29,9,11,0,0,0,0,88,48,49,39
2026/01/26/20:21:12,639.730395,0.691000,0.783917,0.691000,0.783917,21,29,9,11,0,0,0,0,88,48,49,39
2026/01/26/20:21:13,640.730453,0.691000,0.783917,0.691000,0.783917,21,29,9,11,0,0,0,0,88,48,49,39
2026/01/26/20:21:14,641.730600,0.691000,0.783917,0.691000,0.783917,21,29,9,11,0,0,0,0,88,48,49,39
2026/01/26/20:21:15,642.730793,0.691000,0.783917,0.691000,0.783917,21,29,9,11,0,0,0,0,88,48,49,39
2026/01/26/20:21:16,643.730890,0.691000,0.783917,0.691000,0.783917,21,29,9,11,0,0,0,0,88,48,49,39
2026/01/26/20:21:17,644.731061,0.691000,0.783917,0.691000,0.783917,21,29,9,11,0,0,0,0,88,48,49,39
2026/01/26/20:21:18,645.731160,0.691000,0.783917,0.691000,0.783917,21,29,9,11,0,0,0,0,88,48,49,39
2026/01/26/20:21:19,646.731328,0.691000,0.783917,0.691000,0.783917,21,29,9,11,0,0,0,0,88,48,49,39
2026/01/26/20:21:20,647.731492,0.691000,0.783917,0.691000,0.783917,21,29,9,11,0,0,0,0,88,48,49,39
2026/01/26/20:21:21,648.731659,0.691000,0.783917,0.691000,0.783917,21,29,9,11,0,0,0,0,88,48,49,39
2026/01/26/20:21:22,649.731833,0.691000,0.783917,0.691000,0.783917,21,29,9,11,0,0,0,0,88,48,49,39
2026/01/26/20:21:23,650.731911,0.674125,0.776196,0.674125,0.776196,21,27,9,11,0,0,0,0,88,50,49,39
2026/01/26/20:21:24,651.732080,0.674125,0.776196,0.674125,0.776196,21,27,9,11,0,0,0,0,88,50,49,39
2026/01/26/20:21:25,652.732253,0.674125,0.776196,0.674125,0.776196,21,27,9,11,0,0,0,0,88,50,49,39
2026/01/26/20:21:26,653.732357,0.674125,0.776196,0.674125,0.776196,21,27,9,11,0,0,0,0,88,50,49,39
2026/01/26/20:21:27,654.732458,0.674125,0.776196,0.674125,0.776196,21,27,9,11,0,0,0,0,88,50,49,39
2026/01/26/20:21:28,655.732624,0.674125,0.776196,0.674125,0.776196,21,27,9,11,0,0,0,0,88,50,49,39
2026/01/26/20:21:29,656.732730,0.738062,0.827906,0.738062,0.827906,25,29,9,11,0,0,0,0,88,50,49,39
2026/01/26/20:21:30,657.732847,0.738062,0.827906,0.738062,0.827906,25,29,9,11,0,0,0,0,88,50,49,39
2026/01/26/20:21:31,658.732957,0.738062,0.827906,0.738062,0.827906,25,29,9,11,0,0,0,0,88,50,49,39
2026/01/26/20:21:32,659.733069,0.738062,0.827906,0.738062,0.827906,25,29,9,11,0,0,0,0,88,50,49,39
2026/01/26/20:21:33,660.733189,0.738062,0.827906,0.738062,0.827906,25,29,9,11,0,0,0,0,88,50,49,39
2026/01/26/20:21:34,661.733331,0.726437,0.820264,0.726437,0.820264,25,27,9,11,0,0,0,0,88,52,49,39
2026/01/26/20:21:35,662.733494,0.726437,0.820264,0.726437,0.820264,25,27,9,11,0,0,0,0,88,52,49,39
2026/01/26/20:21:36,663.733606,0.689125,0.794717,0.689125,0.794717,22,27,9,11,0,0,0,0,91,52,49,39
2026/01/26/20:21:37,664.733718,0.689125,0.794717,0.689125,0.794717,22,27,9,11,0,0,0,0,91,52,49,39
2026/01/26/20:21:38,665.733888,0.689125,0.794717,0.689125,0.794717,22,27,9,11,0,0,0,0,91,52,49,39
2026/01/26/20:21:39,666.733988,0.689125,0.794717,0.689125,0.794717,22,27,9,11,0,0,0,0,91,52,49,39
2026/01/26/20:21:40,667.734089,0.689125,0.794717,0.689125,0.794717,22,27,9,11,0,0,0,0,91,52,49,39
2026/01/26/20:21:41,668.734247,0.689125,0.794717,0.689125,0.794717,22,27,9,11,0,0,0,0,91,52,49,39
2026/01/26/20:21:42,669.734357,0.689125,0.794717,0.689125,0.794717,22,27,9,11,0,0,0,0,91,52,49,39
2026/01/26/20:21:43,670.734451,0.689125,0.794717,0.689125,0.794717,22,27,9,11,0,0,0,0,91,52,49,39
2026/01/26/20:21:44,671.734569,0.668125,0.771912,0.668125,0.771912,21,27,9,10,0,0,0,0,92,52,49,40
2026/01/26/20:21:45,672.734737,0.668125,0.771912,0.668125,0.771912,21,27,9,10,0,0,0,0,92,52,49,40
2026/01/26/20:21:46,673.734932,0.668125,0.771912,0.668125,0.771912,21,27,9,10,0,0,0,0,92,52,49,40
2026/01/26/20:21:47,674.735100,0.668125,0.771912,0.668125,0.771912,21,27,9,10,0,0,0,0,92,52,49,40
2026/01/26/20:21:48,675.735268,0.668125,0.771912,0.668125,0.771912,21,27,9,10,0,0,0,0,92,52,49,40
2026/01/26/20:21:49,676.735431,0.668125,0.771912,0.668125,0.771912,21,27,9,10,0,0,0,0,92,52,49,40
2026/01/26/20:21:50,677.735532,0.668125,0.771912,0.668125,0.771912,21,27,9,10,0,0,0,0,92,52,49,40
2026/01/26/20:21:51,678.735690,0.668125,0.771912,0.668125,0.771912,21,27,9,10,0,0,0,0,92,52,49,40
2026/01/26/20:21:52,679.735859,0.668125,0.771912,0.668125,0.771912,21,27,9,10,0,0,0,0,92,52,49,40
2026/01/26/20:21:53,680.735958,0.668125,0.771912,0.668125,0.771912,21,27,9,10,0,0,0,0,92,52,49,40
2026/01/26/20:21:54,681.736050,0.668125,0.771912,0.668125,0.771912,21,27,9,10,0,0,0,0,92,52,49,40
2026/01/26/20:21:55,682.736166,0.668125,0.771912,0.668125,0.771912,21,27,9,10,0,0,0,0,92,52,49,40
2026/01/26/20:21:56,683.736290,0.668125,0.771912,0.668125,0.771912,21,27,9,10,0,0,0,0,92,52,49,40
2026/01/26/20:21:57,684.736387,0.668125,0.771912,0.668125,0.771912,21,27,9,10,0,0,0,0,92,52,49,40
2026/01/26/20:21:58,685.736554,0.668125,0.771912,0.668125,0.771912,21,27,9,10,0,0,0,0,92,52,49,40
2026/01/26/20:21:59,686.736628,0.577000,0.751085,0.577000,0.751085,21,24,9,10,0,0,0,0,92,55,49,40
2026/01/26/20:22:00,687.736829,0.577000,0.751085,0.577000,0.751085,21,24,9,10,0,0,0,0,92,55,49,40
2026/01/26/20:22:01,688.736996,0.577000,0.751085,0.577000,0.751085,21,24,9,10,0,0,0,0,92,55,49,40
2026/01/26/20:22:02,689.737106,0.577000,0.751085,0.577000,0.751085,21,24,9,10,0,0,0,0,92,55,49,40
2026/01/26/20:22:03,690.737273,0.577000,0.751085,0.577000,0.751085,21,24,9,10,0,0,0,0,92,55,49,40
2026/01/26/20:22:04,691.737365,0.577000,0.751085,0.577000,0.751085,21,24,9,10,0,0,0,0,92,55,49,40
2026/01/26/20:22:05,692.737543,0.577000,0.751085,0.577000,0.751085,21,24,9,10,0,0,0,0,92,55,49,40
2026/01/26/20:22:06,693.737747,0.577000,0.751085,0.577000,0.751085,21,24,9,10,0,0,0,0,92,55,49,40
2026/01/26/20:22:07,694.737919,0.577000,0.751085,0.577000,0.751085,21,24,9,10,0,0,0,0,92,55,49,40
2026/01/26/20:22:08,695.738014,0.577000,0.751085,0.577000,0.751085,21,24,9,10,0,0,0,0,92,55,49,40
2026/01/26/20:22:09,696.738121,0.577000,0.751085,0.577000,0.751085,21,24,9,10,0,0,0,0,92,55,49,40
2026/01/26/20:22:10,697.738224,0.577000,0.751085,0.577000,0.751085,21,24,9,10,0,0,0,0,92,55,49,40
2026/01/26/20:22:11,698.738342,0.577000,0.751085,0.577000,0.751085,21,24,9,10,0,0,0,0,92,55,49,40
2026/01/26/20:22:12,699.738502,0.577000,0.751085,0.577000,0.751085,21,24,9,10,0,0,0,0,92,55,49,40
2026/01/26/20:22:13,700.738605,0.577000,0.751085,0.577000,0.751085,21,24,9,10,0,0,0,0,92,55,49,40
2026/01/26/20:22:14,701.738748,0.577000,0.751085,0.577000,0.751085,21,24,9,10,0,0,0,0,92,55,49,40
2026/01/26/20:22:15,702.738939,0.577000,0.751085,0.577000,0.751085,21,24,9,10,0,0,0,0,92,55,49,40
2026/01/26/20:22:16,703.739039,0.577000,0.751085,0.587250,0.756837,21,24,9,10,0,0,1,0,92,55,49,40
2026/01/26/20:22:17,704.739105,0.587250,0.756837,0.587250,0.756837,21,24,10,10,0,0,0,0,92,55,49,40
2026/01/26/20:22:18,705.739270,0.587250,0.756837,0.587250,0.756837,21,24,10,10,0,0,0,0,92,55,49,40
2026/01/26/20:22:19,706.739437,0.587250,0.756837,0.587250,0.756837,21,24,10,10,0,0,0,0,92,55,49,40
2026/01/26/20:22:20,707.739598,0.587250,0.756837,0.587250,0.756837,21,24,10,10,0,0,0,0,92,55,49,40
2026/01/26/20:22:21,708.739779,0.587250,0.756837,0.587250,0.756837,21,24,10,10,0,0,0,0,92,55,49,40
2026/01/26/20:22:22,709.739935,0.587250,0.756837,0.587250,0.756837,21,24,10,10,0,0,0,0,92,55,49,40
2026/01/26/20:22:23,710.740093,0.690937,0.824821,0.690937,0.824821,23,25,14,16,0,0,0,0,92,55,50,40
2026/01/26/20:22:24,711.740245,0.748875,0.862525,0.748875,0.862525,26,27,15,16,0,0,0,0,92,55,50,40
2026/01/26/20:22:25,712.740341,0.723562,0.851864,0.723562,0.851864,26,27,12,16,0,0,0,0,92,55,53,40
2026/01/26/20:22:26,713.740511,0.703688,0.839615,0.703688,0.839615,26,27,12,13,0,0,0,0,92,55,53,43
2026/01/26/20:22:27,714.740653,0.674125,0.821714,0.674125,0.821714,26,26,10,13,0,0,0,0,92,56,55,43
2026/01/26/20:22:28,715.740845,0.648813,0.796903,0.648813,0.796903,26,26,10,10,0,0,0,0,92,56,55,46
2026/01/26/20:22:29,716.741011,0.648813,0.796903,0.648813,0.796903,26,26,10,10,0,0,0,0,92,56,55,46
2026/01/26/20:22:30,717.741192,0.648813,0.796903,0.648813,0.796903,26,26,10,10,0,0,0,0,92,56,55,46
2026/01/26/20:22:31,718.741310,0.636813,0.790006,0.636813,0.790006,26,24,10,10,0,0,0,0,92,58,55,46
2026/01/26/20:22:32,719.741407,0.621250,0.785927,0.621250,0.785927,26,24,9,10,0,0,0,0,92,58,56,46
2026/01/26/20:22:33,720.741575,0.621250,0.785927,0.621250,0.785927,26,24,9,10,0,0,0,0,92,58,56,46
2026/01/26/20:22:34,721.741658,0.621250,0.785927,0.621250,0.785927,26,24,9,10,0,0,0,0,92,58,56,46
2026/01/26/20:22:35,722.741850,0.621250,0.785927,0.621250,0.785927,26,24,9,10,0,0,0,0,92,58,56,46
2026/01/26/20:22:36,723.742015,0.621250,0.785927,0.621250,0.785927,26,24,9,10,0,0,0,0,92,58,56,46
2026/01/26/20:22:37,724.742190,0.621250,0.785927,0.621250,0.785927,26,24,9,10,0,0,0,0,92,58,56,46
2026/01/26/20:22:38,725.742346,0.621250,0.785927,0.621250,0.785927,26,24,9,10,0,0,0,0,92,58,56,46
2026/01/26/20:22:39,726.742513,0.621250,0.785927,0.621250,0.785927,26,24,9,10,0,0,0,0,92,58,56,46
2026/01/26/20:22:40,727.742672,0.621250,0.785927,0.621250,0.785927,26,24,9,10,0,0,0,0,92,58,56,46
2026/01/26/20:22:41,728.742849,0.621250,0.785927,0.621250,0.785927,26,24,9,10,0,0,0,0,92,58,56,46
2026/01/26/20:22:42,729.742953,0.621250,0.785927,0.621250,0.785927,26,24,9,10,0,0,0,0,92,58,56,46
2026/01/26/20:22:43,730.743071,0.669375,0.826017,0.672687,0.830815,34,24,9,10,1,0,0,0,92,58,56,46
2026/01/26/20:22:44,731.743234,0.672687,0.830815,0.672687,0.830815,35,24,9,10,0,0,0,0,92,58,56,46
2026/01/26/20:22:45,732.743513,0.672687,0.830815,0.672687,0.830815,35,24,9,10,0,0,0,0,92,58,56,46
2026/01/26/20:22:46,733.743614,0.664312,0.819007,0.664312,0.819007,33,24,9,10,0,0,0,0,94,58,56,46
2026/01/26/20:22:47,734.743757,0.657687,0.809410,0.657687,0.809410,31,24,9,10,0,0,0,0,96,58,56,46
2026/01/26/20:22:48,735.743962,0.657687,0.809410,0.657687,0.809410,31,24,9,10,0,0,0,0,96,58,56,46
2026/01/26/20:22:49,736.744074,0.657687,0.809410,0.657687,0.809410,31,24,9,10,0,0,0,0,96,58,56,46
2026/01/26/20:22:50,737.744170,0.657687,0.809410,0.657687,0.809410,31,24,9,10,0,0,0,0,96,58,56,46
2026/01/26/20:22:51,738.744275,0.657687,0.809410,0.657687,0.809410,31,24,9,10,0,0,0,0,96,58,56,46
2026/01/26/20:22:52,739.744450,0.657687,0.809410,0.657687,0.809410,31,24,9,10,0,0,0,0,96,58,56,46
2026/01/26/20:22:53,740.744615,0.657687,0.809410,0.657687,0.809410,31,24,9,10,0,0,0,0,96,58,56,46
2026/01/26/20:22:54,741.744710,0.657687,0.809410,0.657687,0.809410,31,24,9,10,0,0,0,0,96,58,56,46
2026/01/26/20:22:55,742.744833,0.657687,0.809410,0.657687,0.809410,31,24,9,10,0,0,0,0,96,58,56,46
2026/01/26/20:22:56,743.744992,0.657687,0.809410,0.657687,0.809410,31,24,9,10,0,0,0,0,96,58,56,46
2026/01/26/20:22:57,744.745100,0.657687,0.809410,0.657687,0.809410,31,24,9,10,0,0,0,0,96,58,56,46
2026/01/26/20:22:58,745.745225,0.657687,0.809410,0.657687,0.809410,31,24,9,10,0,0,0,0,96,58,56,46
2026/01/26/20:22:59,746.745347,0.657687,0.809410,0.657687,0.809410,31,24,9,10,0,0,0,0,96,58,56,46
2026/01/26/20:23:00,747.745451,0.629000,0.797837,0.629000,0.797837,28,24,9,10,0,0,0,0,99,58,56,46
2026/01/26/20:23:01,748.745565,0.629000,0.797837,0.629000,0.797837,28,24,9,10,0,0,0,0,99,58,56,46
2026/01/26/20:23:02,749.745723,0.629000,0.797837,0.629000,0.797837,28,24,9,10,0,0,0,0,99,58,56,46
2026/01/26/20:23:03,750.745891,0.629000,0.797837,0.629000,0.797837,28,24,9,10,0,0,0,0,99,58,56,46
2026/01/26/20:23:04,751.746055,0.629000,0.797837,0.629000,0.797837,28,24,9,10,0,0,0,0,99,58,56,46
2026/01/26/20:23:05,752.746163,0.629000,0.797837,0.629000,0.797837,28,24,9,10,0,0,0,0,99,58,56,46
2026/01/26/20:23:06,753.746279,0.629000,0.797837,0.629000,0.797837,28,24,9,10,0,0,0,0,99,58,56,46
2026/01/26/20:23:07,754.746449,0.629000,0.797837,0.629000,0.797837,28,24,9,10,0,0,0,0,99,58,56,46
2026/01/26/20:23:08,755.746625,0.629000,0.797837,0.629000,0.797837,28,24,9,10,0,0,0,0,99,58,56,46
2026/01/26/20:23:09,756.746806,0.629000,0.797837,0.629000,0.797837,28,24,9,10,0,0,0,0,99,58,56,46
2026/01/26/20:23:10,757.746953,0.629000,0.797837,0.629000,0.797837,28,24,9,10,0,0,0,0,99,58,56,46
2026/01/26/20:23:11,758.747058,0.629000,0.797837,0.629000,0.797837,28,24,9,10,0,0,0,0,99,58,56,46
2026/01/26/20:23:12,759.747166,0.629000,0.797837,0.629000,0.797837,28,24,9,10,0,0,0,0,99,58,56,46
2026/01/26/20:23:13,760.747332,0.629000,0.797837,0.629000,0.797837,28,24,9,10,0,0,0,0,99,58,56,46
2026/01/26/20:23:14,761.747441,0.671063,0.855886,0.682875,0.900869,31,26,10,12,1,0,1,0,99,58,56,46
2026/01/26/20:23:15,762.747610,0.671063,0.855886,0.700812,0.962819,31,26,10,12,2,0,3,0,99,58,56,46
2026/01/26/20:23:16,763.747700,0.664500,0.846036,0.675875,0.902066,31,26,9,12,2,0,0,0,99,58,57,46
2026/01/26/20:23:17,764.747834,0.664500,0.846036,0.664500,0.846036,31,26,9,12,0,0,0,0,99,58,57,46
2026/01/26/20:23:18,765.747987,0.664500,0.846036,0.664500,0.846036,31,26,9,12,0,0,0,0,99,58,57,46
2026/01/26/20:23:19,766.748113,0.656188,0.839503,0.656188,0.839503,29,26,9,12,0,0,0,0,101,58,57,46
2026/01/26/20:23:20,767.748171,0.656188,0.839503,0.656188,0.839503,29,26,9,12,0,0,0,0,101,58,57,46
2026/01/26/20:23:21,768.748286,0.650125,0.836149,0.650125,0.836149,28,26,9,12,0,0,0,0,102,58,57,46
2026/01/26/20:23:22,769.748402,0.657500,0.849014,0.657500,0.849014,28,26,11,12,0,0,0,0,102,58,57,46
2026/01/26/20:23:23,770.748548,0.675500,0.875918,0.675500,0.875918,28,28,11,14,0,0,0,0,102,58,57,46
2026/01/26/20:23:24,771.748644,0.675500,0.875918,0.675500,0.875918,28,28,11,14,0,0,0,0,102,58,57,46
2026/01/26/20:23:25,772.748754,0.712875,0.908372,0.736375,0.942327,28,34,11,14,0,2,0,0,102,58,57,46
2026/01/26/20:23:26,773.748920,0.734938,0.906199,0.809375,0.979595,28,34,12,14,1,2,2,0,102,58,57,48
2026/01/26/20:23:27,774.748986,0.753500,0.936712,0.913062,1.120069,32,35,12,14,1,8,2,0,102,58,57,48
2026/01/26/20:23:28,775.749112,0.767125,0.951074,0.871812,1.133856,32,36,11,17,3,7,0,0,102,58,58,48
2026/01/26/20:23:29,776.749195,0.767125,0.951074,0.871812,1.133856,32,36,11,17,3,7,0,0,102,58,58,48
2026/01/26/20:23:30,777.749311,0.784438,0.922488,0.824875,1.074082,29,33,11,17,1,5,0,0,105,63,58,48
2026/01/26/20:23:31,778.749406,0.784438,0.922488,0.820312,1.043534,29,33,11,17,0,5,0,0,105,63,58,48
2026/01/26/20:23:32,779.749518,0.771875,0.911302,0.807750,1.032348,29,33,11,14,0,5,0,0,105,63,58,51
2026/01/26/20:23:33,780.749602,0.771875,0.911302,0.784250,0.998393,29,33,11,14,0,3,0,0,105,63,58,51
2026/01/26/20:23:34,781.749785,0.771875,0.911302,0.784250,0.998393,29,33,11,14,0,3,0,0,105,63,58,51
2026/01/26/20:23:35,782.749920,0.745375,0.895329,0.757750,0.982420,27,31,11,14,0,3,0,0,107,65,58,51
2026/01/26/20:23:36,783.749994,0.722063,0.876694,0.734437,0.963785,27,30,9,14,0,3,0,0,107,66,60,51
2026/01/26/20:23:37,784.750178,0.718000,0.870218,0.730375,0.957309,26,30,9,14,0,3,0,0,108,66,60,51
2026/01/26/20:23:38,785.750342,0.718000,0.870218,0.718000,0.870218,26,30,9,14,0,0,0,0,108,66,60,51
2026/01/26/20:23:39,786.750462,0.645250,0.847348,0.645250,0.847348,26,27,9,14,0,0,0,0,108,69,60,51
2026/01/26/20:23:40,787.750570,0.645250,0.847348,0.645250,0.847348,26,27,9,14,0,0,0,0,108,69,60,51
2026/01/26/20:23:41,788.750732,0.645250,0.847348,0.645250,0.847348,26,27,9,14,0,0,0,0,108,69,60,51
2026/01/26/20:23:42,789.750862,0.640500,0.840460,0.640500,0.840460,26,26,9,14,0,0,0,0,108,70,60,51
2026/01/26/20:23:43,790.750971,0.640500,0.840460,0.640500,0.840460,26,26,9,14,0,0,0,0,108,70,60,51
2026/01/26/20:23:44,791.751065,0.640500,0.840460,0.640500,0.840460,26,26,9,14,0,0,0,0,108,70,60,51
2026/01/26/20:23:45,792.751169,0.654062,0.856332,0.654062,0.856332,26,27,10,15,0,0,0,0,108,70,60,51
2026/01/26/20:23:46,793.751350,0.654062,0.856332,0.654062,0.856332,26,27,10,15,0,0,0,0,108,70,60,51
2026/01/26/20:23:47,794.751523,0.650563,0.849140,0.650563,0.849140,26,26,10,15,0,0,0,0,108,71,60,51
2026/01/26/20:23:48,795.751639,0.650563,0.849140,0.650563,0.849140,26,26,10,15,0,0,0,0,108,71,60,51
2026/01/26/20:23:49,796.751830,0.646125,0.845705,0.646125,0.845705,26,26,10,14,0,0,0,0,108,71,60,52
2026/01/26/20:23:50,797.751984,0.646125,0.845705,0.646125,0.845705,26,26,10,14,0,0,0,0,108,71,60,52
2026/01/26/20:23:51,798.752148,0.646125,0.845705,0.646125,0.845705,26,26,10,14,0,0,0,0,108,71,60,52
2026/01/26/20:23:52,799.752251,0.646125,0.845705,0.646125,0.845705,26,26,10,14,0,0,0,0,108,71,60,52
2026/01/26/20:23:53,800.752342,0.646125,0.845705,0.646125,0.845705,26,26,10,14,0,0,0,0,108,71,60,52
2026/01/26/20:23:54,801.752497,0.646125,0.845705,0.646125,0.845705,26,26,10,14,0,0,0,0,108,71,60,52
2026/01/26/20:23:55,802.752656,0.680187,0.868263,0.680187,0.868263,26,26,15,14,0,0,0,0,108,71,60,52
2026/01/26/20:23:56,803.752846,0.717750,0.901714,0.731625,0.925095,26,29,17,14,0,2,0,0,108,71,60,52
2026/01/26/20:23:57,804.752925,0.751062,0.922389,0.797813,0.974675,26,32,19,15,0,2,2,0,108,71,60,52
2026/01/26/20:23:58,805.753100,0.760062,0.936812,0.817937,1.029651,27,33,19,15,1,1,4,0,108,71,60,52
2026/01/26/20:23:59,806.753262,0.748563,0.940244,0.832063,1.111155,27,33,19,15,3,3,5,0,108,72,60,52
2026/01/26/20:24:00,807.753358,0.748563,0.940244,0.832063,1.111155,27,33,19,15,3,3,5,0,108,72,60,52
2026/01/26/20:24:01,808.753537,0.733125,0.927032,0.776813,1.062122,27,32,17,15,3,2,3,0,108,73,62,52
2026/01/26/20:24:02,809.753635,0.713812,0.926315,0.741250,1.025460,27,33,14,15,3,1,1,0,108,73,65,52
2026/01/26/20:24:03,810.753854,0.713812,0.926315,0.741250,1.025460,27,33,14,15,3,1,1,0,108,73,65,52
2026/01/26/20:24:04,811.753848,0.704812,0.911893,0.714187,0.927566,26,32,14,15,0,0,1,0,109,74,65,52
2026/01/26/20:24:05,812.753957,0.704812,0.911893,0.714187,0.927566,26,32,14,15,0,0,1,0,109,74,65,52
2026/01/26/20:24:06,813.754056,0.704812,0.911893,0.714187,0.927566,26,32,14,15,0,0,1,0,109,74,65,52
2026/01/26/20:24:07,814.754163,0.704812,0.911893,0.714187,0.927566,26,32,14,15,0,0,1,0,109,74,65,52
2026/01/26/20:24:08,815.754259,0.704812,0.911893,0.714187,0.927566,26,32,14,15,0,0,1,0,109,74,65,52
2026/01/26/20:24:09,816.754423,0.704812,0.911893,0.714187,0.927566,26,32,14,15,0,0,1,0,109,74,65,52
2026/01/26/20:24:10,817.754444,0.689063,0.905604,0.698438,0.921277,26,30,14,15,0,0,1,0,109,76,65,52
2026/01/26/20:24:11,818.754633,0.689063,0.905604,0.698438,0.921277,26,30,14,15,0,0,1,0,109,76,65,52
2026/01/26/20:24:12,819.754812,0.689063,0.905604,0.698438,0.921277,26,30,14,15,0,0,1,0,109,76,65,52
2026/01/26/20:24:13,820.754869,0.689063,0.905604,0.698438,0.921277,26,30,14,15,0,0,1,0,109,76,65,52
2026/01/26/20:24:14,821.754950,0.689063,0.905604,0.698438,0.921277,26,30,14,15,0,0,1,0,109,76,65,52
2026/01/26/20:24:15,822.755070,0.689063,0.905604,0.698438,0.921277,26,30,14,15,0,0,1,0,109,76,65,52
2026/01/26/20:24:16,823.755174,0.689063,0.905604,0.698438,0.921277,26,30,14,15,0,0,1,0,109,76,65,52
2026/01/26/20:24:17,824.755288,0.689063,0.905604,0.698438,0.921277,26,30,14,15,0,0,1,0,109,76,65,52
2026/01/26/20:24:18,825.755461,0.680438,0.898828,0.689813,0.914502,26,30,12,15,0,0,1,0,109,76,67,52
2026/01/26/20:24:19,826.755558,0.680438,0.898828,0.689813,0.914502,26,30,12,15,0,0,1,0,109,76,67,52
2026/01/26/20:24:20,827.755663,0.676687,0.894399,0.686063,0.910072,26,29,12,15,0,0,1,0,109,77,67,52
2026/01/26/20:24:21,828.755848,0.676687,0.894399,0.686063,0.910072,26,29,12,15,0,0,1,0,109,77,67,52
2026/01/26/20:24:22,829.755928,0.676687,0.894399,0.686063,0.910072,26,29,12,15,0,0,1,0,109,77,67,52
2026/01/26/20:24:23,830.756030,0.676687,0.894399,0.686063,0.910072,26,29,12,15,0,0,1,0,109,77,67,52
2026/01/26/20:24:24,831.756181,0.676687,0.894399,0.686063,0.910072,26,29,12,15,0,0,1,0,109,77,67,52
2026/01/26/20:24:25,832.756292,0.676687,0.894399,0.686063,0.910072,26,29,12,15,0,0,1,0,109,77,67,52
2026/01/26/20:24:26,833.756406,0.676687,0.894399,0.686063,0.910072,26,29,12,15,0,0,1,0,109,77,67,52
2026/01/26/20:24:27,834.756554,0.668937,0.882489,0.678312,0.898163,24,29,12,15,0,0,1,0,111,77,67,52
2026/01/26/20:24:28,835.756725,0.678312,0.898163,0.678312,0.898163,24,29,13,15,0,0,0,0,111,77,67,52
2026/01/26/20:24:29,836.756886,0.678312,0.898163,0.678312,0.898163,24,29,13,15,0,0,0,0,111,77,67,52
2026/01/26/20:24:30,837.757005,0.678312,0.898163,0.678312,0.898163,24,29,13,15,0,0,0,0,111,77,67,52
2026/01/26/20:24:31,838.757114,0.678312,0.898163,0.678312,0.898163,24,29,13,15,0,0,0,0,111,77,67,52
2026/01/26/20:24:32,839.757224,0.678312,0.898163,0.678312,0.898163,24,29,13,15,0,0,0,0,111,77,67,52
2026/01/26/20:24:33,840.757401,0.678312,0.898163,0.678312,0.898163,24,29,13,15,0,0,0,0,111,77,67,52
2026/01/26/20:24:34,841.757551,0.678312,0.898163,0.678312,0.898163,24,29,13,15,0,0,0,0,111,77,67,52
2026/01/26/20:24:35,842.757663,0.678312,0.898163,0.678312,0.898163,24,29,13,15,0,0,0,0,111,77,67,52
2026/01/26/20:24:36,843.757844,0.678312,0.898163,0.678312,0.898163,24,29,13,15,0,0,0,0,111,77,67,52
2026/01/26/20:24:37,844.757945,0.678312,0.898163,0.678312,0.898163,24,29,13,15,0,0,0,0,111,77,67,52
2026/01/26/20:24:38,845.758054,0.678312,0.898163,0.678312,0.898163,24,29,13,15,0,0,0,0,111,77,67,52
2026/01/26/20:24:39,846.758202,0.678312,0.898163,0.678312,0.898163,24,29,13,15,0,0,0,0,111,77,67,52
2026/01/26/20:24:40,847.758298,0.678312,0.898163,0.678312,0.898163,24,29,13,15,0,0,0,0,111,77,67,52
2026/01/26/20:24:41,848.758411,0.678312,0.898163,0.678312,0.898163,24,29,13,15,0,0,0,0,111,77,67,52
2026/01/26/20:24:42,849.758508,0.673000,0.894501,0.673000,0.894501,24,29,13,14,0,0,0,0,111,77,67,53
2026/01/26/20:24:43,850.758614,0.663500,0.884255,0.663500,0.884255,24,29,11,14,0,0,0,0,111,77,69,53
2026/01/26/20:24:44,851.758758,0.663500,0.884255,0.663500,0.884255,24,29,11,14,0,0,0,0,111,77,69,53
2026/01/26/20:24:45,852.758852,0.704500,0.912467,0.704500,0.912467,24,29,13,16,0,0,0,0,111,77,69,53
2026/01/26/20:24:46,853.758955,0.719313,0.925803,0.724250,0.940431,25,29,15,16,1,0,0,0,111,77,69,53
2026/01/26/20:24:47,854.759123,0.719313,0.925803,0.724250,0.940431,25,29,15,16,1,0,0,0,111,77,69,53
2026/01/26/20:24:48,855.759256,0.719313,0.925803,0.719313,0.925803,25,29,15,16,0,0,0,0,111,77,69,53
2026/01/26/20:24:49,856.759435,0.689813,0.904358,0.689813,0.904358,25,29,15,14,0,0,0,0,111,77,69,55
2026/01/26/20:24:50,857.759596,0.689813,0.904358,0.689813,0.904358,25,29,15,14,0,0,0,0,111,77,69,55
2026/01/26/20:24:51,858.759788,0.689813,0.904358,0.689813,0.904358,25,29,15,14,0,0,0,0,111,77,69,55
2026/01/26/20:24:52,859.759853,0.689813,0.904358,0.689813,0.904358,25,29,15,14,0,0,0,0,111,77,69,55
2026/01/26/20:24:53,860.759965,0.689813,0.904358,0.689813,0.904358,25,29,15,14,0,0,0,0,111,77,69,55
2026/01/26/20:24:54,861.760064,0.678312,0.897591,0.678312,0.897591,25,29,13,14,0,0,0,0,111,77,71,55
2026/01/26/20:24:55,862.760165,0.668937,0.881918,0.668937,0.881918,25,29,12,14,0,0,0,0,111,77,72,55
2026/01/26/20:24:56,863.760339,0.668937,0.881918,0.668937,0.881918,25,29,12,14,0,0,0,0,111,77,72,55
2026/01/26/20:24:57,864.760487,0.668937,0.881918,0.668937,0.881918,25,29,12,14,0,0,0,0,111,77,72,55
2026/01/26/20:24:58,865.760566,0.661188,0.874959,0.661188,0.874959,25,29,12,12,0,0,0,0,111,77,72,57
2026/01/26/20:24:59,866.760744,0.661188,0.874959,0.661188,0.874959,25,29,12,12,0,0,0,0,111,77,72,57
2026/01/26/20:25:00,867.760850,0.661188,0.874959,0.661188,0.874959,25,29,12,12,0,0,0,0,111,77,72,57
2026/01/26/20:25:01,868.760941,0.661188,0.874959,0.680813,0.891906,25,29,12,12,0,1,3,0,111,77,72,57
2026/01/26/20:25:02,869.761019,0.691813,0.891406,0.698313,0.895760,25,32,13,12,0,0,1,0,111,77,74,57
2026/01/26/20:25:03,870.761140,0.740500,0.926964,0.740500,0.926964,29,33,16,12,0,0,0,0,111,77,74,57
2026/01/26/20:25:04,871.761228,0.740500,0.926964,0.740500,0.926964,29,33,16,12,0,0,0,0,111,77,74,57
2026/01/26/20:25:05,872.761331,0.729625,0.911786,0.729625,0.911786,26,33,16,12,0,0,0,0,114,77,74,57
2026/01/26/20:25:06,873.761435,0.729625,0.911786,0.729625,0.911786,26,33,16,12,0,0,0,0,114,77,74,57
2026/01/26/20:25:07,874.761540,0.725750,0.907124,0.725750,0.907124,26,32,16,12,0,0,0,0,114,78,74,57
2026/01/26/20:25:08,875.761706,0.719250,0.902770,0.719250,0.902770,26,32,15,12,0,0,0,0,114,78,75,57
2026/01/26/20:25:09,876.761829,0.719250,0.902770,0.719250,0.902770,26,32,15,12,0,0,0,0,114,78,75,57
2026/01/26/20:25:10,877.761991,0.719250,0.902770,0.719250,0.902770,26,32,15,12,0,0,0,0,114,78,75,57
2026/01/26/20:25:11,878.762154,0.719250,0.902770,0.719250,0.902770,26,32,15,12,0,0,0,0,114,78,75,57
2026/01/26/20:25:12,879.762280,0.719250,0.902770,0.719250,0.902770,26,32,15,12,0,0,0,0,114,78,75,57
2026/01/26/20:25:13,880.762437,0.708562,0.890149,0.708562,0.890149,26,32,12,12,0,0,0,0,114,78,78,57
2026/01/26/20:25:14,881.762591,0.708562,0.890149,0.708562,0.890149,26,32,12,12,0,0,0,0,114,78,78,57
2026/01/26/20:25:15,882.762750,0.708562,0.890149,0.708562,0.890149,26,32,12,12,0,0,0,0,114,78,78,57
2026/01/26/20:25:16,883.762939,0.708562,0.890149,0.708562,0.890149,26,32,12,12,0,0,0,0,114,78,78,57
2026/01/26/20:25:17,884.763121,0.708562,0.890149,0.708562,0.890149,26,32,12,12,0,0,0,0,114,78,78,57
2026/01/26/20:25:18,885.763221,0.708562,0.890149,0.708562,0.890149,26,32,12,12,0,0,0,0,114,78,78,57
2026/01/26/20:25:19,886.763335,0.708562,0.890149,0.708562,0.890149,26,32,12,12,0,0,0,0,114,78,78,57
2026/01/26/20:25:20,887.763496,0.708562,0.890149,0.708562,0.890149,26,32,12,12,0,0,0,0,114,78,78,57
2026/01/26/20:25:21,888.763656,0.708562,0.890149,0.708562,0.890149,26,32,12,12,0,0,0,0,114,78,78,57
2026/01/26/20:25:22,889.763785,0.708562,0.890149,0.708562,0.890149,26,32,12,12,0,0,0,0,114,78,78,57
2026/01/26/20:25:23,890.763860,0.708562,0.890149,0.711875,0.907343,26,32,12,12,1,0,0,0,114,78,78,57
2026/01/26/20:25:24,891.763958,0.708562,0.890149,0.711875,0.907343,26,32,12,12,1,0,0,0,114,78,78,57
2026/01/26/20:25:25,892.764110,0.708562,0.890149,0.708562,0.890149,26,32,12,12,0,0,0,0,114,78,78,57
2026/01/26/20:25:26,893.764264,0.708562,0.890149,0.708562,0.890149,26,32,12,12,0,0,0,0,114,78,78,57
2026/01/26/20:25:27,894.764428,0.708562,0.890149,0.708562,0.890149,26,32,12,12,0,0,0,0,114,78,78,57
2026/01/26/20:25:28,895.764534,0.708562,0.890149,0.708562,0.890149,26,32,12,12,0,0,0,0,114,78,78,57
2026/01/26/20:25:29,896.764649,0.708562,0.890149,0.708562,0.890149,26,32,12,12,0,0,0,0,114,78,78,57
2026/01/26/20:25:30,897.764829,0.708562,0.890149,0.708562,0.890149,26,32,12,12,0,0,0,0,114,78,78,57
2026/01/26/20:25:31,898.764992,0.708562,0.890149,0.708562,0.890149,26,32,12,12,0,0,0,0,114,78,78,57
2026/01/26/20:25:32,899.765164,0.708562,0.890149,0.708562,0.890149,26,32,12,12,0,0,0,0,114,78,78,57
2026/01/26/20:25:33,900.765264,0.708562,0.890149,0.708562,0.890149,26,32,12,12,0,0,0,0,114,78,78,57
2026/01/26/20:25:34,901.765354,0.708562,0.890149,0.708562,0.890149,26,32,12,12,0,0,0,0,114,78,78,57
2026/01/26/20:25:35,902.765469,0.708562,0.890149,0.708562,0.890149,26,32,12,12,0,0,0,0,114,78,78,57
2026/01/26/20:25:36,903.765576,0.712812,0.897299,0.712812,0.897299,26,32,13,12,0,0,0,0,114,78,78,57
2026/01/26/20:25:37,904.765741,0.786125,0.951982,0.813875,1.010706,37,32,15,12,1,1,3,0,114,78,78,57
2026/01/26/20:25:38,905.765848,0.786125,0.951982,0.877437,1.062131,37,32,15,12,1,3,5,1,114,78,78,57
2026/01/26/20:25:39,906.766016,0.787625,0.957381,0.869188,1.049900,39,33,13,12,1,2,5,1,114,78,80,57
2026/01/26/20:25:40,907.766129,0.774375,0.952390,0.844688,1.023966,36,32,16,12,1,2,2,1,117,79,80,57
2026/01/26/20:25:41,908.766232,0.776500,0.951532,0.840437,1.016816,37,32,15,12,0,2,2,1,117,79,81,57
2026/01/26/20:25:42,909.766353,0.776500,0.951532,0.817125,1.010813,37,32,15,12,0,2,2,0,117,79,81,57
2026/01/26/20:25:43,910.766429,0.788125,0.962744,0.839625,1.042225,37,35,15,12,3,2,2,0,117,79,81,57
2026/01/26/20:25:44,911.766581,0.801438,0.967192,0.873000,1.060277,38,35,15,12,4,2,2,2,117,79,81,57
2026/01/26/20:25:45,912.766684,0.793000,0.966943,0.846938,1.030673,35,35,15,14,1,2,2,0,120,79,81,57
2026/01/26/20:25:46,913.766800,0.779687,0.962495,0.820312,1.021777,34,35,15,14,0,2,2,0,121,79,81,57
2026/01/26/20:25:47,914.766950,0.759625,0.957161,0.806750,1.050527,34,32,17,14,0,2,2,2,121,82,81,57
2026/01/26/20:25:48,915.767050,0.759625,0.957161,0.806750,1.050527,34,32,17,14,0,2,2,2,121,82,81,57
2026/01/26/20:25:49,916.767214,0.759625,0.957161,0.806750,1.050527,34,32,17,14,0,2,2,2,121,82,81,57
2026/01/26/20:25:50,917.767319,0.748000,0.947462,0.795125,1.040828,31,32,17,14,0,2,2,2,124,82,81,57
2026/01/26/20:25:51,918.767405,0.748000,0.947462,0.762750,1.023227,31,32,17,14,0,0,2,2,124,82,81,57
2026/01/26/20:25:52,919.767591,0.748000,0.947462,0.754500,0.981547,31,32,17,14,0,0,0,2,124,82,81,57
2026/01/26/20:25:53,920.767756,0.748000,0.947462,0.754500,0.981547,31,32,17,14,0,0,0,2,124,82,81,57
2026/01/26/20:25:54,921.767908,0.736375,0.936250,0.742875,0.970334,31,29,17,14,0,0,0,2,124,85,81,57
2026/01/26/20:25:55,922.768013,0.736375,0.936250,0.742875,0.970334,31,29,17,14,0,0,0,2,124,85,81,57
2026/01/26/20:25:56,923.768180,0.725125,0.915307,0.731625,0.949391,31,29,14,14,0,0,0,2,124,85,84,57
2026/01/26/20:25:57,924.768273,0.725125,0.915307,0.731625,0.949391,31,29,14,14,0,0,0,2,124,85,84,57
2026/01/26/20:25:58,925.768446,0.725125,0.915307,0.731625,0.949391,31,29,14,14,0,0,0,2,124,85,84,57
2026/01/26/20:25:59,926.768610,0.725125,0.915307,0.731625,0.949391,31,29,14,14,0,0,0,2,124,85,84,57
2026/01/26/20:26:00,927.768749,0.789312,0.951494,0.838500,1.100911,31,31,16,19,0,1,5,2,124,85,84,57
2026/01/26/20:26:01,928.768902,0.802750,0.959978,0.902188,1.126384,33,31,16,19,3,1,5,3,124,85,84,57
2026/01/26/20:26:02,929.769026,0.807875,0.963458,0.960438,1.168916,34,31,16,19,6,1,9,4,124,85,84,57
2026/01/26/20:26:03,930.769123,0.802750,0.959978,1.100437,1.214049,33,31,16,19,5,4,14,7,125,85,84,57
2026/01/26/20:26:04,931.769208,0.842437,0.966249,0.988875,1.112350,33,31,18,18,3,1,7,4,126,85,84,59
2026/01/26/20:26:05,932.769318,0.838688,0.961821,0.985125,1.107923,33,31,17,18,3,1,7,4,126,85,85,59
2026/01/26/20:26:06,933.769422,0.830812,0.960157,0.932438,1.087345,33,31,18,17,3,1,6,2,126,85,85,60
2026/01/26/20:26:07,934.769584,0.830937,0.967538,0.918937,1.045590,35,29,18,17,1,1,6,0,126,87,85,60
2026/01/26/20:26:08,935.769680,0.830937,0.967538,0.918937,1.045590,35,29,18,17,1,1,6,0,126,87,85,60
2026/01/26/20:26:09,936.769781,0.830937,0.967538,0.904125,1.000831,35,29,18,17,1,1,3,0,126,87,85,60
2026/01/26/20:26:10,937.769924,0.830937,0.967538,0.897125,0.984097,35,29,18,17,1,0,3,0,126,87,85,60
2026/01/26/20:26:11,938.770082,0.830937,0.967538,0.897125,0.984097,35,29,18,17,1,0,3,0,126,87,85,60
2026/01/26/20:26:12,939.770153,0.830937,0.967538,0.915875,1.031591,35,29,18,17,3,0,5,0,126,87,85,60
2026/01/26/20:26:13,940.770257,0.830937,0.967538,0.993062,1.052021,35,29,18,17,4,3,6,0,126,87,85,60
2026/01/26/20:26:14,941.770400,0.835000,0.971586,1.002625,1.060300,35,30,18,17,4,3,7,0,126,87,85,60
2026/01/26/20:26:15,942.770499,0.835000,0.971586,1.026375,1.077856,35,30,18,17,4,5,5,3,126,87,85,60
2026/01/26/20:26:16,943.770616,0.830937,0.967538,1.022312,1.073808,35,29,18,17,4,5,5,3,126,88,85,60
2026/01/26/20:26:17,944.770786,0.836437,0.971770,0.955562,1.058271,35,29,19,17,4,2,3,3,126,88,85,60
2026/01/26/20:26:18,945.770941,0.836437,0.971770,0.955562,1.058271,35,29,19,17,4,2,3,3,126,88,85,60
2026/01/26/20:26:19,946.771101,0.836437,0.971770,0.933063,1.049032,35,29,19,17,4,0,3,3,126,88,85,60
2026/01/26/20:26:20,947.771221,0.836437,0.971770,0.931500,1.047617,35,29,19,17,3,0,4,3,126,88,85,60
2026/01/26/20:26:21,948.771377,0.836437,0.971770,0.931500,1.047617,35,29,19,17,3,0,4,3,126,88,85,60
2026/01/26/20:26:22,949.771559,0.830937,0.967538,0.917125,1.039907,35,29,18,17,3,0,3,3,126,88,86,60
2026/01/26/20:26:23,950.771714,0.830937,0.967538,0.905500,1.004719,35,29,18,17,3,0,3,0,126,88,86,60
2026/01/26/20:26:24,951.771831,0.830937,0.967538,0.905500,1.004719,35,29,18,17,3,0,3,0,126,88,86,60
2026/01/26/20:26:25,952.772001,0.830937,0.967538,0.941438,1.088083,35,29,18,17,3,2,5,3,126,88,86,60
2026/01/26/20:26:26,953.772165,0.830937,0.967538,0.941438,1.088083,35,29,18,17,3,2,5,3,126,88,86,60
2026/01/26/20:26:27,954.772250,0.830937,0.967538,0.930000,1.051163,35,29,18,17,3,2,5,0,126,88,86,60
2026/01/26/20:26:28,955.772362,0.840187,0.969690,0.917750,1.044792,36,30,18,15,2,1,5,0,126,88,86,62
2026/01/26/20:26:29,956.772515,0.840187,0.969690,0.917750,1.044792,36,30,18,15,2,1,5,0,126,88,86,62
2026/01/26/20:26:30,957.772689,0.840187,0.969690,0.917750,1.044792,36,30,18,15,2,1,5,0,126,88,86,62
2026/01/26/20:26:31,958.772908,0.818250,0.966009,0.851938,1.033749,36,30,17,15,2,1,3,0,126,88,87,62
2026/01/26/20:26:32,959.773086,0.818250,0.966009,0.851938,1.033749,36,30,17,15,2,1,3,0,126,88,87,62
2026/01/26/20:26:33,960.773249,0.818250,0.966009,0.851938,1.033749,36,30,17,15,2,1,3,0,126,88,87,62
2026/01/26/20:26:34,961.773412,0.821562,0.972245,0.871000,1.059772,37,30,17,15,3,3,3,0,126,88,87,62
2026/01/26/20:26:35,962.773583,0.821562,0.972245,0.871000,1.059772,37,30,17,15,3,3,3,0,126,88,87,62
2026/01/26/20:26:36,963.773748,0.821562,0.972245,0.871000,1.059772,37,30,17,15,3,3,3,0,126,88,87,62
2026/01/26/20:26:37,964.773903,0.820875,0.971965,0.861437,1.054972,37,31,17,14,3,2,3,0,126,88,87,63
2026/01/26/20:26:38,965.774019,0.820875,0.971965,0.861437,1.054972,37,31,17,14,3,2,3,0,126,88,87,63
2026/01/26/20:26:39,966.774134,0.820562,0.974414,0.848688,1.043870,36,32,17,14,3,0,3,0,127,88,87,63
2026/01/26/20:26:40,967.774243,0.820562,0.974414,0.848688,1.043870,36,32,17,14,3,0,3,0,127,88,87,63
2026/01/26/20:26:41,968.774410,0.817500,0.974358,0.842313,1.037578,36,32,17,14,2,0,3,0,128,88,87,63
2026/01/26/20:26:42,969.774485,0.810875,0.961887,0.835688,1.025107,34,32,17,14,2,0,3,0,130,88,87,63
2026/01/26/20:26:43,970.774672,0.810875,0.961887,0.835688,1.025107,34,32,17,14,2,0,3,0,130,88,87,63
2026/01/26/20:26:44,971.774838,0.793500,0.954226,0.818312,1.017446,34,32,15,14,2,0,3,0,130,88,89,63
2026/01/26/20:26:45,972.775006,0.793500,0.954226,0.818312,1.017446,34,32,15,14,2,0,3,0,130,88,89,63
2026/01/26/20:26:46,973.775133,0.793500,0.954226,0.818312,1.017446,34,32,15,14,2,0,3,0,130,88,89,63
2026/01/26/20:26:47,974.775292,0.793500,0.954226,0.818312,1.017446,34,32,15,14,2,0,3,0,130,88,89,63
2026/01/26/20:26:48,975.775453,0.793500,0.954226,0.818312,1.017446,34,32,15,14,2,0,3,0,130,88,89,63
2026/01/26/20:26:49,976.775557,0.793500,0.954226,0.818312,1.017446,34,32,15,14,2,0,3,0,130,88,89,63
2026/01/26/20:26:50,977.775698,0.780813,0.951034,0.798875,0.976851,33,32,15,14,2,0,1,0,131,88,89,63
2026/01/26/20:26:51,978.775872,0.780813,0.951034,0.798875,0.976851,33,32,15,14,2,0,1,0,131,88,89,63
2026/01/26/20:26:52,979.775984,0.780813,0.951034,0.798875,0.976851,33,32,15,14,2,0,1,0,131,88,89,63
2026/01/26/20:26:53,980.776141,0.790375,0.946398,0.790375,0.946398,35,32,16,12,0,0,0,0,131,88,89,65
2026/01/26/20:26:54,981.776235,0.790375,0.946398,0.790375,0.946398,35,32,16,12,0,0,0,0,131,88,89,65
2026/01/26/20:26:55,982.776410,0.790375,0.946398,0.790375,0.946398,35,32,16,12,0,0,0,0,131,88,89,65
2026/01/26/20:26:56,983.776577,0.760000,0.919670,0.760000,0.919670,32,32,16,12,0,0,0,0,134,88,89,65
2026/01/26/20:26:57,984.776733,0.760000,0.919670,0.760000,0.919670,32,32,16,12,0,0,0,0,134,88,89,65
2026/01/26/20:26:58,985.776862,0.753250,0.912025,0.753250,0.912025,32,32,14,12,0,0,0,0,134,88,91,65
2026/01/26/20:26:59,986.777024,0.753250,0.912025,0.753250,0.912025,32,32,14,12,0,0,0,0,134,88,91,65
2026/01/26/20:27:00,987.777134,0.746125,0.896973,0.746125,0.896973,30,32,14,12,0,0,0,0,136,88,91,65
2026/01/26/20:27:01,988.777238,0.746125,0.896973,0.746125,0.896973,30,32,14,12,0,0,0,0,136,88,91,65
2026/01/26/20:27:02,989.777400,0.746125,0.896973,0.746125,0.896973,30,32,14,12,0,0,0,0,136,88,91,65
2026/01/26/20:27:03,990.777563,0.746125,0.896973,0.746125,0.896973,30,32,14,12,0,0,0,0,136,88,91,65
2026/01/26/20:27:04,991.777714,0.746125,0.896973,0.746125,0.896973,30,32,14,12,0,0,0,0,136,88,91,65
2026/01/26/20:27:05,992.777872,0.746125,0.896973,0.746125,0.896973,30,32,14,12,0,0,0,0,136,88,91,65
2026/01/26/20:27:06,993.778043,0.746125,0.896973,0.746125,0.896973,30,32,14,12,0,0,0,0,136,88,91,65
2026/01/26/20:27:07,994.778145,0.799000,0.930462,0.799000,0.930462,32,33,15,15,0,0,0,0,136,88,91,65
2026/01/26/20:27:08,995.778318,0.799000,0.930462,0.799000,0.930462,32,33,15,15,0,0,0,0,136,88,91,65
2026/01/26/20:27:09,996.778406,0.776500,0.914370,0.776500,0.914370,30,33,15,15,0,0,0,0,138,88,91,65
2026/01/26/20:27:10,997.778510,0.776500,0.914370,0.776500,0.914370,30,33,15,15,0,0,0,0,138,88,91,65
2026/01/26/20:27:11,998.778603,0.768938,0.910772,0.768938,0.910772,30,32,15,15,0,0,0,0,138,89,91,65
2026/01/26/20:27:12,999.778799,0.768938,0.910772,0.768938,0.910772,30,32,15,15,0,0,0,0,138,89,91,65
2026/01/26/20:27:13,1000.778878,0.768938,0.910772,0.768938,0.910772,30,32,15,15,0,0,0,0,138,89,91,65
2026/01/26/20:27:14,1001.778983,0.768938,0.910772,0.768938,0.910772,30,32,15,15,0,0,0,0,138,89,91,65
2026/01/26/20:27:15,1002.779090,0.768938,0.910772,0.768938,0.910772,30,32,15,15,0,0,0,0,138,89,91,65
2026/01/26/20:27:16,1003.779267,0.751188,0.901731,0.751188,0.901731,30,30,15,15,0,0,0,0,138,91,91,65
2026/01/26/20:27:17,1004.779385,0.751188,0.901731,0.751188,0.901731,30,30,15,15,0,0,0,0,138,91,91,65
2026/01/26/20:27:18,1005.779546,0.751188,0.901731,0.751188,0.901731,30,30,15,15,0,0,0,0,138,91,91,65
2026/01/26/20:27:19,1006.779739,0.751188,0.901731,0.751188,0.901731,30,30,15,15,0,0,0,0,138,91,91,65
2026/01/26/20:27:20,1007.779849,0.751188,0.901731,0.751188,0.901731,30,30,15,15,0,0,0,0,138,91,91,65
2026/01/26/20:27:21,1008.780008,0.751188,0.901731,0.751188,0.901731,30,30,15,15,0,0,0,0,138,91,91,65
2026/01/26/20:27:22,1009.780178,0.751188,0.901731,0.751188,0.901731,30,30,15,15,0,0,0,0,138,91,91,65
2026/01/26/20:27:23,1010.780291,0.751188,0.901731,0.751188,0.901731,30,30,15,15,0,0,0,0,138,91,91,65
2026/01/26/20:27:24,1011.780388,0.751188,0.901731,0.751188,0.901731,30,30,15,15,0,0,0,0,138,91,91,65
2026/01/26/20:27:25,1012.780551,0.751188,0.901731,0.751188,0.901731,30,30,15,15,0,0,0,0,138,91,91,65
2026/01/26/20:27:26,1013.780657,0.751188,0.901731,0.751188,0.901731,30,30,15,15,0,0,0,0,138,91,91,65
2026/01/26/20:27:27,1014.780846,0.751188,0.901731,0.751188,0.901731,30,30,15,15,0,0,0,0,138,91,91,65
2026/01/26/20:27:28,1015.780947,0.751188,0.901731,0.751188,0.901731,30,30,15,15,0,0,0,0,138,91,91,65
2026/01/26/20:27:29,1016.781120,0.751188,0.901731,0.751188,0.901731,30,30,15,15,0,0,0,0,138,91,91,65
2026/01/26/20:27:30,1017.781230,0.751188,0.901731,0.751188,0.901731,30,30,15,15,0,0,0,0,138,91,91,65
2026/01/26/20:27:31,1018.781341,0.751188,0.901731,0.751188,0.901731,30,30,15,15,0,0,0,0,138,91,91,65
2026/01/26/20:27:32,1019.781508,0.751188,0.901731,0.751188,0.901731,30,30,15,15,0,0,0,0,138,91,91,65
2026/01/26/20:27:33,1020.781605,0.751188,0.901731,0.751188,0.901731,30,30,15,15,0,0,0,0,138,91,91,65
2026/01/26/20:27:34,1021.781696,0.751188,0.901731,0.751188,0.901731,30,30,15,15,0,0,0,0,138,91,91,65
2026/01/26/20:27:35,1022.781865,0.751188,0.901731,0.751188,0.901731,30,30,15,15,0,0,0,0,138,91,91,65
2026/01/26/20:27:36,1023.782028,0.751188,0.901731,0.751188,0.901731,30,30,15,15,0,0,0,0,138,91,91,65
2026/01/26/20:27:37,1024.782192,0.751188,0.901731,0.751188,0.901731,30,30,15,15,0,0,0,0,138,91,91,65
2026/01/26/20:27:38,1025.782296,0.743250,0.897549,0.743250,0.897549,29,30,15,15,0,0,0,0,139,91,91,65
2026/01/26/20:27:39,1026.782399,0.743250,0.897549,0.743250,0.897549,29,30,15,15,0,0,0,0,139,91,91,65
2026/01/26/20:27:40,1027.782503,0.743250,0.897549,0.743250,0.897549,29,30,15,15,0,0,0,0,139,91,91,65
2026/01/26/20:27:41,1028.782671,0.743250,0.897549,0.743250,0.897549,29,30,15,15,0,0,0,0,139,91,91,65
2026/01/26/20:27:42,1029.782796,0.743250,0.897549,0.743250,0.897549,29,30,15,15,0,0,0,0,139,91,91,65
2026/01/26/20:27:43,1030.782967,0.743250,0.897549,0.743250,0.897549,29,30,15,15,0,0,0,0,139,91,91,65
2026/01/26/20:27:44,1031.783083,0.743250,0.897549,0.743250,0.897549,29,30,15,15,0,0,0,0,139,91,91,65
2026/01/26/20:27:45,1032.783193,0.743250,0.897549,0.743250,0.897549,29,30,15,15,0,0,0,0,139,91,91,65
2026/01/26/20:27:46,1033.783355,0.743250,0.897549,0.743250,0.897549,29,30,15,15,0,0,0,0,139,91,91,65
2026/01/26/20:27:47,1034.783466,0.743250,0.897549,0.743250,0.897549,29,30,15,15,0,0,0,0,139,91,91,65
2026/01/26/20:27:48,1035.783628,0.743250,0.897549,0.743250,0.897549,29,30,15,15,0,0,0,0,139,91,91,65
2026/01/26/20:27:49,1036.783741,0.743250,0.897549,0.743250,0.897549,29,30,15,15,0,0,0,0,139,91,91,65
2026/01/26/20:27:50,1037.783902,0.743250,0.897549,0.743250,0.897549,29,30,15,15,0,0,0,0,139,91,91,65
2026/01/26/20:27:51,1038.784066,0.724688,0.887048,0.724688,0.887048,29,30,15,12,0,0,0,0,139,91,91,68
2026/01/26/20:27:52,1039.784235,0.724688,0.887048,0.724688,0.887048,29,30,15,12,0,0,0,0,139,91,91,68
2026/01/26/20:27:53,1040.784394,0.724688,0.887048,0.724688,0.887048,29,30,15,12,0,0,0,0,139,91,91,68
2026/01/26/20:27:54,1041.784540,0.724688,0.887048,0.724688,0.887048,29,30,15,12,0,0,0,0,139,91,91,68
2026/01/26/20:27:55,1042.784712,0.724688,0.887048,0.724688,0.887048,29,30,15,12,0,0,0,0,139,91,91,68
2026/01/26/20:27:56,1043.784881,0.724688,0.887048,0.724688,0.887048,29,30,15,12,0,0,0,0,139,91,91,68
2026/01/26/20:27:57,1044.785035,0.724688,0.887048,0.724688,0.887048,29,30,15,12,0,0,0,0,139,91,91,68
2026/01/26/20:27:58,1045.785151,0.724688,0.887048,0.724688,0.887048,29,30,15,12,0,0,0,0,139,91,91,68
2026/01/26/20:27:59,1046.785258,0.724688,0.887048,0.724688,0.887048,29,30,15,12,0,0,0,0,139,91,91,68
2026/01/26/20:28:00,1047.785359,0.724688,0.887048,0.724688,0.887048,29,30,15,12,0,0,0,0,139,91,91,68
2026/01/26/20:28:01,1048.785469,0.724688,0.887048,0.724688,0.887048,29,30,15,12,0,0,0,0,139,91,91,68
2026/01/26/20:28:02,1049.785568,0.724688,0.887048,0.724688,0.887048,29,30,15,12,0,0,0,0,139,91,91,68
2026/01/26/20:28:03,1050.785660,0.705313,0.876658,0.705313,0.876658,29,30,13,12,0,0,0,0,139,91,93,68
2026/01/26/20:28:04,1051.785813,0.705313,0.876658,0.705313,0.876658,29,30,13,12,0,0,0,0,139,91,93,68
2026/01/26/20:28:05,1052.785962,0.712250,0.890011,0.712250,0.890011,29,31,14,12,0,0,0,0,139,91,93,68
2026/01/26/20:28:06,1053.786098,0.727875,0.900778,0.727875,0.900778,31,31,14,12,0,0,0,0,139,91,93,68
2026/01/26/20:28:07,1054.786212,0.727875,0.900778,0.727875,0.900778,31,31,14,12,0,0,0,0,139,91,93,68
2026/01/26/20:28:08,1055.786308,0.712250,0.890011,0.712250,0.890011,29,31,14,12,0,0,0,0,141,91,93,68
2026/01/26/20:28:09,1056.786406,0.708750,0.884381,0.708750,0.884381,29,30,14,12,0,0,0,0,141,92,93,68
2026/01/26/20:28:10,1057.786505,0.708750,0.884381,0.708750,0.884381,29,30,14,12,0,0,0,0,141,92,93,68
2026/01/26/20:28:11,1058.786618,0.708750,0.884381,0.708750,0.884381,29,30,14,12,0,0,0,0,141,92,93,68
2026/01/26/20:28:12,1059.786805,0.708750,0.884381,0.708750,0.884381,29,30,14,12,0,0,0,0,141,92,93,68
2026/01/26/20:28:13,1060.786943,0.708750,0.884381,0.708750,0.884381,29,30,14,12,0,0,0,0,141,92,93,68
2026/01/26/20:28:14,1061.787058,0.705313,0.876658,0.705313,0.876658,29,30,13,12,0,0,0,0,141,92,94,68
2026/01/26/20:28:15,1062.787164,0.705313,0.876658,0.705313,0.876658,29,30,13,12,0,0,0,0,141,92,94,68
2026/01/26/20:28:16,1063.787286,0.705313,0.876658,0.705313,0.876658,29,30,13,12,0,0,0,0,141,92,94,68
2026/01/26/20:28:17,1064.787402,0.705313,0.876658,0.705313,0.876658,29,30,13,12,0,0,0,0,141,92,94,68
2026/01/26/20:28:18,1065.787507,0.705313,0.876658,0.705313,0.876658,29,30,13,12,0,0,0,0,141,92,94,68
2026/01/26/20:28:19,1066.787615,0.705313,0.876658,0.705313,0.876658,29,30,13,12,0,0,0,0,141,92,94,68
2026/01/26/20:28:20,1067.787735,0.705313,0.876658,0.705313,0.876658,29,30,13,12,0,0,0,0,141,92,94,68
2026/01/26/20:28:21,1068.787865,0.705313,0.876658,0.705313,0.876658,29,30,13,12,0,0,0,0,141,92,94,68
2026/01/26/20:28:22,1069.787996,0.705313,0.876658,0.705313,0.876658,29,30,13,12,0,0,0,0,141,92,94,68
2026/01/26/20:28:23,1070.788141,0.705313,0.876658,0.705313,0.876658,29,30,13,12,0,0,0,0,141,92,94,68
2026/01/26/20:28:24,1071.788248,0.705313,0.876658,0.705313,0.876658,29,30,13,12,0,0,0,0,141,92,94,68
2026/01/26/20:28:25,1072.788368,0.705313,0.876658,0.705313,0.876658,29,30,13,12,0,0,0,0,141,92,94,68
2026/01/26/20:28:26,1073.788481,0.705313,0.876658,0.705313,0.876658,29,30,13,12,0,0,0,0,141,92,94,68
2026/01/26/20:28:27,1074.788658,0.705313,0.876658,0.705313,0.876658,29,30,13,12,0,0,0,0,141,92,94,68
2026/01/26/20:28:28,1075.788844,0.705313,0.876658,0.705313,0.876658,29,30,13,12,0,0,0,0,141,92,94,68
2026/01/26/20:28:29,1076.788963,0.705313,0.876658,0.705313,0.876658,29,30,13,12,0,0,0,0,141,92,94,68
2026/01/26/20:28:30,1077.789125,0.705313,0.876658,0.705313,0.876658,29,30,13,12,0,0,0,0,141,92,94,68
2026/01/26/20:28:31,1078.789229,0.705313,0.876658,0.705313,0.876658,29,30,13,12,0,0,0,0,141,92,94,68
2026/01/26/20:28:32,1079.789381,0.696812,0.868709,0.696812,0.868709,27,30,13,12,0,0,0,0,143,92,94,68
2026/01/26/20:28:33,1080.789500,0.696812,0.868709,0.696812,0.868709,27,30,13,12,0,0,0,0,143,92,94,68
2026/01/26/20:28:34,1081.789592,0.696812,0.868709,0.696812,0.868709,27,30,13,12,0,0,0,0,143,92,94,68
2026/01/26/20:28:35,1082.789782,0.696812,0.868709,0.696812,0.868709,27,30,13,12,0,0,0,0,143,92,94,68
2026/01/26/20:28:36,1083.789875,0.696812,0.868709,0.696812,0.868709,27,30,13,12,0,0,0,0,143,92,94,68
2026/01/26/20:28:37,1084.789980,0.696812,0.868709,0.696812,0.868709,27,30,13,12,0,0,0,0,143,92,94,68
2026/01/26/20:28:38,1085.790087,0.696812,0.868709,0.696812,0.868709,27,30,13,12,0,0,0,0,143,92,94,68
2026/01/26/20:28:39,1086.790216,0.681063,0.833921,0.681063,0.833921,27,27,13,12,0,0,0,0,143,95,94,68
2026/01/26/20:28:40,1087.790319,0.681063,0.833921,0.681063,0.833921,27,27,13,12,0,0,0,0,143,95,94,68
2026/01/26/20:28:41,1088.790429,0.681063,0.833921,0.681063,0.833921,27,27,13,12,0,0,0,0,143,95,94,68
2026/01/26/20:28:42,1089.790530,0.672438,0.822840,0.672438,0.822840,27,27,13,11,0,0,0,0,143,95,94,69
2026/01/26/20:28:43,1090.790644,0.672438,0.822840,0.672438,0.822840,27,27,13,11,0,0,0,0,143,95,94,69
2026/01/26/20:28:44,1091.790817,0.672438,0.822840,0.672438,0.822840,27,27,13,11,0,0,0,0,143,95,94,69
2026/01/26/20:28:45,1092.790913,0.668188,0.819542,0.668188,0.819542,27,27,12,11,0,0,0,0,143,95,95,69
2026/01/26/20:28:46,1093.791029,0.668188,0.819542,0.668188,0.819542,27,27,12,11,0,0,0,0,143,95,95,69
2026/01/26/20:28:47,1094.791121,0.668188,0.819542,0.668188,0.819542,27,27,12,11,0,0,0,0,143,95,95,69
2026/01/26/20:28:48,1095.791260,0.668188,0.819542,0.668188,0.819542,27,27,12,11,0,0,0,0,143,95,95,69
2026/01/26/20:28:49,1096.791372,0.668188,0.819542,0.668188,0.819542,27,27,12,11,0,0,0,0,143,95,95,69
2026/01/26/20:28:50,1097.791499,0.668188,0.819542,0.668188,0.819542,27,27,12,11,0,0,0,0,143,95,95,69
2026/01/26/20:28:51,1098.791648,0.668188,0.819542,0.668188,0.819542,27,27,12,11,0,0,0,0,143,95,95,69
2026/01/26/20:28:52,1099.791914,0.668188,0.819542,0.668188,0.819542,27,27,12,11,0,0,0,0,143,95,95,69
2026/01/26/20:28:53,1100.792027,0.668188,0.819542,0.668188,0.819542,27,27,12,11,0,0,0,0,143,95,95,69
2026/01/26/20:28:54,1101.792111,0.668188,0.819542,0.668188,0.819542,27,27,12,11,0,0,0,0,143,95,95,69
2026/01/26/20:28:55,1102.792286,0.668188,0.819542,0.668188,0.819542,27,27,12,11,0,0,0,0,143,95,95,69
2026/01/26/20:28:56,1103.792394,0.668188,0.819542,0.668188,0.819542,27,27,12,11,0,0,0,0,143,95,95,69
2026/01/26/20:28:57,1104.792542,0.668188,0.819542,0.668188,0.819542,27,27,12,11,0,0,0,0,143,95,95,69
2026/01/26/20:28:58,1105.792707,0.668188,0.819542,0.668188,0.819542,27,27,12,11,0,0,0,0,143,95,95,69
2026/01/26/20:28:59,1106.792877,0.668188,0.819542,0.668188,0.819542,27,27,12,11,0,0,0,0,143,95,95,69
2026/01/26/20:29:00,1107.793042,0.668188,0.819542,0.668188,0.819542,27,27,12,11,0,0,0,0,143,95,95,69
2026/01/26/20:29:01,1108.793221,0.668188,0.819542,0.668188,0.819542,27,27,12,11,0,0,0,0,143,95,95,69
2026/01/26/20:29:02,1109.793380,0.668188,0.819542,0.668188,0.819542,27,27,12,11,0,0,0,0,143,95,95,69
2026/01/26/20:29:03,1110.793487,0.668188,0.819542,0.668188,0.819542,27,27,12,11,0,0,0,0,143,95,95,69
2026/01/26/20:29:04,1111.793600,0.668188,0.819542,0.668188,0.819542,27,27,12,11,0,0,0,0,143,95,95,69
2026/01/26/20:29:05,1112.793700,0.668188,0.819542,0.668188,0.819542,27,27,12,11,0,0,0,0,143,95,95,69
2026/01/26/20:29:06,1113.793874,0.668188,0.819542,0.668188,0.819542,27,27,12,11,0,0,0,0,143,95,95,69
2026/01/26/20:29:07,1114.794012,0.668188,0.819542,0.698187,0.838237,27,27,12,11,1,1,1,0,143,95,95,69
2026/01/26/20:29:08,1115.794193,0.683187,0.831141,0.683187,0.831141,26,28,13,11,0,0,0,0,145,95,95,69
2026/01/26/20:29:09,1116.794296,0.683187,0.831141,0.683187,0.831141,26,28,13,11,0,0,0,0,145,95,95,69
2026/01/26/20:29:10,1117.794383,0.663312,0.824976,0.663312,0.824976,26,28,12,11,0,0,0,0,145,95,96,69
2026/01/26/20:29:11,1118.794570,0.663312,0.824976,0.663312,0.824976,26,28,12,11,0,0,0,0,145,95,96,69
2026/01/26/20:29:12,1119.794667,0.663312,0.824976,0.663312,0.824976,26,28,12,11,0,0,0,0,145,95,96,69
2026/01/26/20:29:13,1120.794872,0.663312,0.824976,0.663312,0.824976,26,28,12,11,0,0,0,0,145,95,96,69
2026/01/26/20:29:14,1121.794960,0.666813,0.837399,0.666813,0.837399,27,28,12,11,0,0,0,0,145,95,96,69
2026/01/26/20:29:15,1122.795071,0.666813,0.837399,0.666813,0.837399,27,28,12,11,0,0,0,0,145,95,96,69
2026/01/26/20:29:16,1123.795240,0.666813,0.837399,0.666813,0.837399,27,28,12,11,0,0,0,0,145,95,96,69
2026/01/26/20:29:17,1124.795352,0.666813,0.837399,0.666813,0.837399,27,28,12,11,0,0,0,0,145,95,96,69
2026/01/26/20:29:18,1125.795514,0.663312,0.824976,0.663312,0.824976,26,28,12,11,0,0,0,0,146,95,96,69
2026/01/26/20:29:19,1126.795681,0.663312,0.824976,0.663312,0.824976,26,28,12,11,0,0,0,0,146,95,96,69
2026/01/26/20:29:20,1127.795864,0.663312,0.824976,0.663312,0.824976,26,28,12,11,0,0,0,0,146,95,96,69
2026/01/26/20:29:21,1128.795950,0.663312,0.824976,0.663312,0.824976,26,28,12,11,0,0,0,0,146,95,96,69
2026/01/26/20:29:22,1129.796125,0.663312,0.824976,0.663312,0.824976,26,28,12,11,0,0,0,0,146,95,96,69
2026/01/26/20:29:23,1130.796239,0.663312,0.824976,0.663312,0.824976,26,28,12,11,0,0,0,0,146,95,96,69
2026/01/26/20:29:24,1131.796389,0.663312,0.824976,0.663312,0.824976,26,28,12,11,0,0,0,0,146,95,96,69
2026/01/26/20:29:25,1132.796499,0.660062,0.820771,0.660062,0.820771,26,27,12,11,0,0,0,0,146,96,96,69
2026/01/26/20:29:26,1133.796661,0.660062,0.820771,0.660062,0.820771,26,27,12,11,0,0,0,0,146,96,96,69
2026/01/26/20:29:27,1134.796789,0.693813,0.860413,0.693813,0.860413,29,28,14,12,0,0,0,0,146,96,96,69
2026/01/26/20:29:28,1135.796866,0.693813,0.860413,0.693813,0.860413,29,28,14,12,0,0,0,0,146,96,96,69
2026/01/26/20:29:29,1136.796953,0.693813,0.860413,0.693813,0.860413,29,28,14,12,0,0,0,0,146,96,96,69
2026/01/26/20:29:30,1137.797075,0.694312,0.865494,0.694312,0.865494,30,28,14,11,0,0,0,0,146,96,96,70
2026/01/26/20:29:31,1138.797186,0.694312,0.865494,0.694312,0.865494,30,28,14,11,0,0,0,0,146,96,96,70
2026/01/26/20:29:32,1139.797285,0.694312,0.865494,0.694312,0.865494,30,28,14,11,0,0,0,0,146,96,96,70
2026/01/26/20:29:33,1140.797378,0.690187,0.855438,0.690187,0.855438,29,28,14,11,0,0,0,0,147,96,96,70
2026/01/26/20:29:34,1141.797479,0.681937,0.851735,0.681937,0.851735,29,27,14,11,0,0,0,0,147,97,96,70
2026/01/26/20:29:35,1142.797571,0.704438,0.907347,0.737250,0.965817,29,29,14,14,4,0,0,0,147,97,96,70
2026/01/26/20:29:36,1143.797673,0.704438,0.907347,0.737250,0.965817,29,29,14,14,4,0,0,0,147,97,96,70
2026/01/26/20:29:37,1144.797863,0.793125,0.953104,0.825937,1.011574,35,30,17,14,4,0,0,0,147,97,96,70
2026/01/26/20:29:38,1145.797976,0.783375,0.935666,0.816187,0.994136,35,28,17,14,4,0,0,0,147,99,96,70
2026/01/26/20:29:39,1146.798079,0.766750,0.900328,0.790500,0.945067,36,28,14,11,3,0,0,0,147,99,99,73
2026/01/26/20:29:40,1147.798177,0.766750,0.900328,0.790500,0.945067,36,28,14,11,3,0,0,0,147,99,99,73
2026/01/26/20:29:41,1148.798286,0.742750,0.882507,0.766500,0.927246,33,28,14,11,3,0,0,0,150,99,99,73
2026/01/26/20:29:42,1149.798391,0.691000,0.865467,0.714750,0.910206,30,27,14,11,3,0,0,0,153,100,99,73
2026/01/26/20:29:43,1150.798489,0.691000,0.865467,0.714750,0.910206,30,27,14,11,3,0,0,0,153,100,99,73
2026/01/26/20:29:44,1151.798584,0.691000,0.865467,0.714750,0.910206,30,27,14,11,3,0,0,0,153,100,99,73
2026/01/26/20:29:45,1152.798753,0.691000,0.865467,0.714750,0.910206,30,27,14,11,3,0,0,0,153,100,99,73
2026/01/26/20:29:46,1153.798940,0.691000,0.865467,0.714750,0.910206,30,27,14,11,3,0,0,0,153,100,99,73
2026/01/26/20:29:47,1154.799124,0.691000,0.865467,0.714750,0.910206,30,27,14,11,3,0,0,0,153,100,99,73
2026/01/26/20:29:48,1155.799282,0.691000,0.865467,0.714750,0.910206,30,27,14,11,3,0,0,0,153,100,99,73
2026/01/26/20:29:49,1156.799396,0.691000,0.865467,0.714750,0.910206,30,27,14,11,3,0,0,0,153,100,99,73
2026/01/26/20:29:50,1157.799563,0.691000,0.865467,0.714750,0.910206,30,27,14,11,3,0,0,0,153,100,99,73
2026/01/26/20:29:51,1158.799734,0.691000,0.865467,0.714750,0.910206,30,27,14,11,3,0,0,0,153,100,99,73
2026/01/26/20:29:52,1159.799846,0.682063,0.869514,0.696750,0.900521,31,27,14,9,2,0,0,0,153,100,99,75
2026/01/26/20:29:53,1160.800032,0.687250,0.890502,0.687250,0.890502,33,27,12,9,0,0,0,0,153,100,101,75
2026/01/26/20:29:54,1161.800184,0.660062,0.849306,0.660062,0.849306,30,27,12,9,0,0,0,0,156,100,101,75
2026/01/26/20:29:55,1162.800289,0.660062,0.849306,0.660062,0.849306,30,27,12,9,0,0,0,0,156,100,101,75
2026/01/26/20:29:56,1163.800381,0.660062,0.849306,0.660062,0.849306,30,27,12,9,0,0,0,0,156,100,101,75
2026/01/26/20:29:57,1164.800490,0.660062,0.849306,0.660062,0.849306,30,27,12,9,0,0,0,0,156,100,101,75
2026/01/26/20:29:58,1165.800656,0.660062,0.849306,0.660062,0.849306,30,27,12,9,0,0,0,0,156,100,101,75
2026/01/26/20:29:59,1166.800844,0.660062,0.849306,0.660062,0.849306,30,27,12,9,0,0,0,0,156,100,101,75
2026/01/26/20:30:00,1167.801000,0.660062,0.849306,0.660062,0.849306,30,27,12,9,0,0,0,0,156,100,101,75
2026/01/26/20:30:01,1168.801165,0.660062,0.849306,0.660062,0.849306,30,27,12,9,0,0,0,0,156,100,101,75
2026/01/26/20:30:02,1169.801327,0.660062,0.849306,0.660062,0.849306,30,27,12,9,0,0,0,0,156,100,101,75
2026/01/26/20:30:03,1170.801508,0.660062,0.849306,0.660062,0.849306,30,27,12,9,0,0,0,0,156,100,101,75
2026/01/26/20:30:04,1171.801663,0.684187,0.894111,0.684187,0.894111,34,27,12,10,0,0,0,0,156,100,101,75
2026/01/26/20:30:05,1172.801793,0.684187,0.894111,0.684187,0.894111,34,27,12,10,0,0,0,0,156,100,101,75
2026/01/26/20:30:06,1173.801870,0.772437,0.938880,0.820750,0.967606,37,29,18,10,1,1,0,0,156,100,101,75
2026/01/26/20:30:07,1174.802046,0.808187,0.961299,0.865250,1.002872,37,30,22,10,1,1,2,0,156,100,101,75
2026/01/26/20:30:08,1175.802098,0.795312,0.944060,0.843625,0.972786,34,29,23,10,1,1,0,0,159,101,102,75
2026/01/26/20:30:09,1176.802261,0.800875,0.929185,0.840375,1.012156,33,29,20,10,1,1,2,0,161,101,105,75
2026/01/26/20:30:10,1177.802435,0.758250,0.889839,0.789750,0.959522,31,29,17,10,0,1,2,0,164,101,108,75
2026/01/26/20:30:11,1178.802635,0.736688,0.876876,0.768188,0.946559,30,29,15,10,0,1,2,0,165,101,110,75
2026/01/26/20:30:12,1179.802705,0.750500,0.908198,0.774250,0.928532,33,29,16,10,0,1,0,0,165,101,110,75
2026/01/26/20:30:13,1180.802881,0.759875,0.922415,0.759875,0.922415,34,31,16,10,0,0,0,0,165,102,110,75
2026/01/26/20:30:14,1181.803145,0.755437,0.918274,0.755437,0.918274,34,31,15,10,0,0,0,0,165,102,111,75
2026/01/26/20:30:15,1182.803244,0.738187,0.903743,0.738187,0.903743,34,28,15,10,0,0,0,0,165,105,111,75
2026/01/26/20:30:16,1183.803362,0.801937,0.934776,0.801937,0.934776,38,30,15,13,0,0,0,0,165,105,111,75
2026/01/26/20:30:17,1184.803460,0.789062,0.909595,0.789062,0.909595,35,30,15,13,0,0,0,0,168,105,111,75
2026/01/26/20:30:18,1185.803571,0.766062,0.920434,0.860250,0.978430,37,28,15,13,4,0,0,0,168,107,111,75
2026/01/26/20:30:19,1186.803746,0.766062,0.920434,0.860250,0.978430,37,28,15,13,4,0,0,0,168,107,111,75
2026/01/26/20:30:20,1187.803874,0.766062,0.920434,0.860250,0.978430,37,28,15,13,4,0,0,0,168,107,111,75
2026/01/26/20:30:21,1188.804061,0.768188,0.899634,0.832063,0.947536,32,28,15,13,3,0,0,0,174,107,111,75
2026/01/26/20:30:22,1189.804224,0.768188,0.899634,0.832063,0.947536,32,28,15,13,3,0,0,0,174,107,111,75
2026/01/26/20:30:23,1190.804348,0.768188,0.899634,0.832063,0.947536,32,28,15,13,3,0,0,0,174,107,111,75
2026/01/26/20:30:24,1191.804500,0.768188,0.899634,0.832063,0.947536,32,28,15,13,3,0,0,0,174,107,111,75
2026/01/26/20:30:25,1192.804699,0.768188,0.899634,0.832063,0.947536,32,28,15,13,3,0,0,0,174,107,111,75
2026/01/26/20:30:26,1193.804867,0.768188,0.899634,0.832063,0.947536,32,28,15,13,3,0,0,0,174,107,111,75
2026/01/26/20:30:27,1194.804968,0.795000,0.902792,0.828562,0.940600,33,28,15,12,2,0,0,0,174,107,111,76
2026/01/26/20:30:28,1195.805079,0.795000,0.902792,0.828562,0.940600,33,28,15,12,2,0,0,0,174,107,111,76
2026/01/26/20:30:29,1196.805222,0.795000,0.902792,0.828562,0.940600,33,28,15,12,2,0,0,0,174,107,111,76
2026/01/26/20:30:30,1197.805373,0.795000,0.902792,0.828562,0.940600,33,28,15,12,2,0,0,0,174,107,111,76
2026/01/26/20:30:31,1198.805526,0.795000,0.902792,0.828562,0.940600,33,28,15,12,2,0,0,0,174,107,111,76
2026/01/26/20:30:32,1199.805638,0.795000,0.902792,0.828562,0.940600,33,28,15,12,2,0,0,0,174,107,111,76
2026/01/26/20:30:33,1200.805826,0.795000,0.902792,0.828562,0.940600,33,28,15,12,2,0,0,0,174,107,111,76
2026/01/26/20:30:34,1201.805918,0.795000,0.902792,0.828562,0.940600,33,28,15,12,2,0,0,0,174,107,111,76
2026/01/26/20:30:35,1202.806076,0.795000,0.902792,0.828562,0.940600,33,28,15,12,2,0,0,0,174,107,111,76
2026/01/26/20:30:36,1203.806163,0.795000,0.902792,0.828562,0.940600,33,28,15,12,2,0,0,0,174,107,111,76
2026/01/26/20:30:37,1204.806337,0.734375,0.882604,0.737625,0.910318,31,28,15,12,1,0,0,0,176,107,111,76
2026/01/26/20:30:38,1205.806446,0.734375,0.882604,0.737625,0.910318,31,28,15,12,1,0,0,0,176,107,111,76
2026/01/26/20:30:39,1206.806593,0.734375,0.882604,0.737625,0.910318,31,28,15,12,1,0,0,0,176,107,111,76
2026/01/26/20:30:40,1207.806778,0.734375,0.882604,0.737625,0.910318,31,28,15,12,1,0,0,0,176,107,111,76
2026/01/26/20:30:41,1208.806877,0.734375,0.882604,0.737625,0.910318,31,28,15,12,1,0,0,0,176,107,111,76
2026/01/26/20:30:42,1209.806982,0.734375,0.882604,0.737625,0.910318,31,28,15,12,1,0,0,0,176,107,111,76
2026/01/26/20:30:43,1210.807152,0.721812,0.871625,0.725063,0.899339,31,28,15,9,1,0,0,0,176,107,111,79
2026/01/26/20:30:44,1211.807245,0.721812,0.871625,0.725063,0.899339,31,28,15,9,1,0,0,0,176,107,111,79
2026/01/26/20:30:45,1212.807416,0.721812,0.871625,0.725063,0.899339,31,28,15,9,1,0,0,0,176,107,111,79
2026/01/26/20:30:46,1213.807526,0.721812,0.871625,0.725063,0.899339,31,28,15,9,1,0,0,0,176,107,111,79
2026/01/26/20:30:47,1214.807674,0.781000,0.893240,0.784250,0.920954,31,34,15,9,1,0,0,0,176,107,111,79
2026/01/26/20:30:48,1215.807831,0.781000,0.893240,0.784250,0.920954,31,34,15,9,1,0,0,0,176,107,111,79
2026/01/26/20:30:49,1216.807859,0.781000,0.893240,0.784250,0.920954,31,34,15,9,1,0,0,0,176,107,111,79
2026/01/26/20:30:50,1217.808020,0.781000,0.893240,0.784250,0.920954,31,34,15,9,1,0,0,0,176,107,111,79
2026/01/26/20:30:51,1218.808128,0.779875,0.889624,0.783125,0.917338,32,34,15,9,1,0,0,0,177,107,111,79
2026/01/26/20:30:52,1219.808292,0.742625,0.883242,0.745875,0.910956,32,32,15,9,1,0,0,0,177,109,111,79
2026/01/26/20:30:53,1220.808419,0.735750,0.873570,0.739000,0.901284,30,32,15,9,1,0,0,0,179,109,111,79
2026/01/26/20:30:54,1221.808506,0.780250,0.895950,0.789438,0.938974,31,33,16,9,2,0,0,0,179,109,111,79
2026/01/26/20:30:55,1222.808622,0.780250,0.895950,0.789438,0.938974,31,33,16,9,2,0,0,0,179,109,111,79
2026/01/26/20:30:56,1223.808808,0.741688,0.888880,0.750875,0.931904,31,32,15,9,2,0,0,0,179,110,112,79
2026/01/26/20:30:57,1224.808930,0.735750,0.873570,0.739000,0.901284,30,32,15,9,1,0,0,0,180,110,112,79
2026/01/26/20:30:58,1225.809110,0.748812,0.879445,0.752062,0.907159,30,33,15,9,1,0,0,0,180,110,112,79
2026/01/26/20:30:59,1226.809279,0.748812,0.879445,0.752062,0.907159,30,33,15,9,1,0,0,0,180,110,112,79
2026/01/26/20:31:00,1227.809353,0.781500,0.918992,0.794813,0.980979,31,39,15,9,4,0,0,0,180,110,112,79
2026/01/26/20:31:01,1228.809526,0.784750,0.928338,0.794813,0.980979,32,39,15,9,3,0,0,0,180,110,112,79
2026/01/26/20:31:02,1229.809704,0.828250,0.949302,0.852125,1.027687,34,39,18,9,6,0,0,0,180,110,112,79
2026/01/26/20:31:03,1230.809832,0.830937,0.949340,0.842750,1.000507,34,39,18,9,3,0,0,0,183,110,112,79
2026/01/26/20:31:04,1231.809925,0.830937,0.949340,0.842750,1.000507,34,39,18,9,3,0,0,0,183,110,112,79
2026/01/26/20:31:05,1232.810105,0.806312,0.942991,0.814562,0.978577,34,39,16,9,2,0,0,0,183,110,114,79
2026/01/26/20:31:06,1233.810261,0.806312,0.942991,0.814562,0.978577,34,39,16,9,2,0,0,0,183,110,114,79
2026/01/26/20:31:07,1234.810422,0.806312,0.942991,0.814562,0.978577,34,39,16,9,2,0,0,0,183,110,114,79
2026/01/26/20:31:08,1235.810617,0.806312,0.942991,0.814562,0.978577,34,39,16,9,2,0,0,0,183,110,114,79
2026/01/26/20:31:09,1236.810728,0.795937,0.930981,0.799188,0.958695,35,36,16,9,1,0,0,0,183,113,114,79
2026/01/26/20:31:10,1237.810856,0.786188,0.902942,0.789438,0.930656,32,36,16,9,1,0,0,0,186,113,114,79
2026/01/26/20:31:11,1238.811015,0.781188,0.897790,0.784438,0.925504,32,36,16,8,1,0,0,0,186,113,114,80
2026/01/26/20:31:12,1239.811119,0.781188,0.897790,0.784438,0.925504,32,36,16,8,1,0,0,0,186,113,114,80
2026/01/26/20:31:13,1240.811227,0.781188,0.897790,0.784438,0.925504,32,36,16,8,1,0,0,0,186,113,114,80
2026/01/26/20:31:14,1241.811326,0.781188,0.897790,0.784438,0.925504,32,36,16,8,1,0,0,0,186,113,114,80
2026/01/26/20:31:15,1242.811504,0.777813,0.894394,0.781062,0.922108,32,36,15,8,1,0,0,0,186,113,115,80
2026/01/26/20:31:16,1243.811608,0.777813,0.894394,0.781062,0.922108,32,36,15,8,1,0,0,0,186,113,115,80
2026/01/26/20:31:17,1244.811723,0.777813,0.894394,0.781062,0.922108,32,36,15,8,1,0,0,0,186,113,115,80
2026/01/26/20:31:18,1245.811902,0.777813,0.894394,0.781062,0.922108,32,36,15,8,1,0,0,0,186,113,115,80
2026/01/26/20:31:19,1246.811996,0.777813,0.894394,0.781062,0.922108,32,36,15,8,1,0,0,0,186,113,115,80
2026/01/26/20:31:20,1247.812161,0.777813,0.894394,0.781062,0.922108,32,36,15,8,1,0,0,0,186,113,115,80
2026/01/26/20:31:21,1248.812313,0.777813,0.894394,0.781062,0.922108,32,36,15,8,1,0,0,0,186,113,115,80
2026/01/26/20:31:22,1249.812461,0.763750,0.884076,0.767000,0.911790,32,33,15,8,1,0,0,0,186,116,115,80
2026/01/26/20:31:23,1250.812619,0.824812,0.928691,0.853625,1.056265,32,35,18,8,4,0,0,2,186,116,115,80
2026/01/26/20:31:24,1251.812714,0.810562,0.929539,0.853625,1.056265,30,35,18,8,6,0,0,2,189,116,115,80
2026/01/26/20:31:25,1252.812894,0.812500,0.921423,0.829187,0.973778,33,35,15,8,3,0,0,0,189,116,118,80
2026/01/26/20:31:26,1253.813046,0.812500,0.921423,0.829187,0.973778,33,35,15,8,3,0,0,0,189,116,118,80
2026/01/26/20:31:27,1254.813305,0.812500,0.921423,0.829187,0.973778,33,35,15,8,3,0,0,0,189,116,118,80
2026/01/26/20:31:28,1255.813361,0.812500,0.921423,0.829187,0.973778,33,35,15,8,3,0,0,0,189,116,118,80
2026/01/26/20:31:29,1256.813550,0.832875,0.927949,0.849562,0.980304,33,37,15,8,3,0,0,0,189,116,118,80
2026/01/26/20:31:30,1257.813719,0.832875,0.927949,0.849562,0.980304,33,37,15,8,3,0,0,0,189,116,118,80
2026/01/26/20:31:31,1258.813904,0.832875,0.927949,0.849562,0.980304,33,37,15,8,3,0,0,0,189,116,118,80
2026/01/26/20:31:32,1259.814066,0.787375,0.918316,0.804063,0.970670,33,35,15,8,3,0,0,0,189,118,118,80
2026/01/26/20:31:33,1260.814155,0.787375,0.918316,0.804063,0.970670,33,35,15,8,3,0,0,0,189,118,118,80
2026/01/26/20:31:34,1261.814253,0.787375,0.918316,0.804063,0.970670,33,35,15,8,3,0,0,0,189,118,118,80
2026/01/26/20:31:35,1262.814423,0.780625,0.914946,0.797312,0.967300,33,34,15,8,3,0,0,0,189,119,118,80
2026/01/26/20:31:36,1263.814531,0.849437,0.934768,0.893875,0.990936,33,34,17,11,3,0,1,0,189,119,118,80
2026/01/26/20:31:37,1264.814627,0.887437,0.958523,0.990375,1.118796,36,37,17,11,5,1,4,3,189,119,118,80
2026/01/26/20:31:38,1265.814719,0.887437,0.958523,0.990375,1.118796,36,37,17,11,5,1,4,3,189,119,118,80
2026/01/26/20:31:39,1266.814893,0.876188,0.955562,0.964063,1.082122,33,37,17,12,3,1,4,2,192,119,118,80
2026/01/26/20:31:40,1267.815056,0.869000,0.958073,0.953313,1.077248,33,36,17,13,3,1,4,1,192,120,118,80
2026/01/26/20:31:41,1268.815160,0.836875,0.961705,0.870062,1.065809,33,37,15,14,3,0,3,0,192,120,120,80
2026/01/26/20:31:42,1269.815251,0.830250,0.954223,0.863437,1.058327,31,37,15,14,3,0,3,0,194,120,120,80
2026/01/26/20:31:43,1270.815372,0.830250,0.954223,0.863437,1.058327,31,37,15,14,3,0,3,0,194,120,120,80
2026/01/26/20:31:44,1271.815522,0.830250,0.954223,0.863437,1.058327,31,37,15,14,3,0,3,0,194,120,120,80
2026/01/26/20:31:45,1272.815686,0.790687,0.941752,0.823875,1.045856,31,37,12,14,3,0,3,0,194,120,123,80
2026/01/26/20:31:46,1273.815804,0.773312,0.925866,0.806500,1.029970,31,36,12,11,3,0,3,0,194,121,123,83
2026/01/26/20:31:47,1274.815903,0.773312,0.925866,0.806500,1.029970,31,36,12,11,3,0,3,0,194,121,123,83
2026/01/26/20:31:48,1275.816015,0.773312,0.925866,0.806500,1.029970,31,36,12,11,3,0,3,0,194,121,123,83
2026/01/26/20:31:49,1276.816111,0.773312,0.925866,0.806500,1.029970,31,36,12,11,3,0,3,0,194,121,123,83
2026/01/26/20:31:50,1277.816274,0.773312,0.925866,0.790000,0.978221,31,36,12,11,3,0,0,0,194,121,123,83
2026/01/26/20:31:51,1278.816375,0.773312,0.925866,0.790000,0.978221,31,36,12,11,3,0,0,0,194,121,123,83
2026/01/26/20:31:52,1279.816540,0.773312,0.925866,0.790000,0.978221,31,36,12,11,3,0,0,0,194,121,123,83
2026/01/26/20:31:53,1280.816639,0.773312,0.925866,0.790000,0.978221,31,36,12,11,3,0,0,0,194,121,123,83
2026/01/26/20:31:54,1281.816732,0.773312,0.925866,0.790000,0.978221,31,36,12,11,3,0,0,0,194,121,123,83
2026/01/26/20:31:55,1282.816907,0.773312,0.925866,0.790000,0.978221,31,36,12,11,3,0,0,0,194,121,123,83
2026/01/26/20:31:56,1283.817017,0.773312,0.925866,0.790000,0.978221,31,36,12,11,3,0,0,0,194,121,123,83
2026/01/26/20:31:57,1284.817161,0.773312,0.925866,0.790000,0.978221,31,36,12,11,3,0,0,0,194,121,123,83
2026/01/26/20:31:58,1285.817275,0.773312,0.925866,0.790000,0.978221,31,36,12,11,3,0,0,0,194,121,123,83
2026/01/26/20:31:59,1286.817457,0.753500,0.921993,0.770188,0.974348,31,35,12,11,3,0,0,0,194,122,123,83
2026/01/26/20:32:00,1287.817561,0.753500,0.921993,0.770188,0.974348,31,35,12,11,3,0,0,0,194,122,123,83
2026/01/26/20:32:01,1288.817664,0.753500,0.921993,0.770188,0.974348,31,35,12,11,3,0,0,0,194,122,123,83
2026/01/26/20:32:02,1289.817846,0.753500,0.921993,0.770188,0.974348,31,35,12,11,3,0,0,0,194,122,123,83
2026/01/26/20:32:03,1290.818005,0.753500,0.921993,0.770188,0.974348,31,35,12,11,3,0,0,0,194,122,123,83
2026/01/26/20:32:04,1291.818107,0.753500,0.921993,0.770188,0.974348,31,35,12,11,3,0,0,0,194,122,123,83
2026/01/26/20:32:05,1292.818275,0.753500,0.921993,0.770188,0.974348,31,35,12,11,3,0,0,0,194,122,123,83
2026/01/26/20:32:06,1293.818447,0.745125,0.917148,0.745125,0.917148,31,34,12,11,0,0,0,0,194,123,123,83
2026/01/26/20:32:07,1294.818613,0.745125,0.917148,0.745125,0.917148,31,34,12,11,0,0,0,0,194,123,123,83
2026/01/26/20:32:08,1295.818800,0.745125,0.917148,0.745125,0.917148,31,34,12,11,0,0,0,0,194,123,123,83
2026/01/26/20:32:09,1296.818891,0.745125,0.917148,0.745125,0.917148,31,34,12,11,0,0,0,0,194,123,123,83
2026/01/26/20:32:10,1297.818992,0.745125,0.917148,0.745125,0.917148,31,34,12,11,0,0,0,0,194,123,123,83
2026/01/26/20:32:11,1298.819092,0.745125,0.917148,0.745125,0.917148,31,34,12,11,0,0,0,0,194,123,123,83
2026/01/26/20:32:12,1299.819274,0.745125,0.917148,0.745125,0.917148,31,34,12,11,0,0,0,0,194,123,123,83
2026/01/26/20:32:13,1300.819386,0.745125,0.917148,0.745125,0.917148,31,34,12,11,0,0,0,0,194,123,123,83
2026/01/26/20:32:14,1301.819533,0.745125,0.917148,0.745125,0.917148,31,34,12,11,0,0,0,0,194,123,123,83
2026/01/26/20:32:15,1302.819702,0.745125,0.917148,0.745125,0.917148,31,34,12,11,0,0,0,0,194,123,123,83
2026/01/26/20:32:16,1303.819847,0.807688,0.970815,0.825500,1.003971,35,40,12,11,2,1,0,0,194,123,123,83
2026/01/26/20:32:17,1304.820018,0.811187,0.974329,0.916375,1.078535,36,40,12,11,4,4,3,0,194,123,123,83
2026/01/26/20:32:18,1305.820128,0.818875,0.975306,0.902875,1.066596,38,38,13,11,2,4,2,0,194,126,123,83
2026/01/26/20:32:19,1306.820293,0.818875,0.975306,0.902875,1.066596,38,38,13,11,2,4,2,0,194,126,123,83
2026/01/26/20:32:20,1307.820407,0.841938,0.973655,0.886000,1.050499,38,39,13,11,2,1,2,0,194,127,123,83
2026/01/26/20:32:21,1308.820520,0.828250,0.965514,0.872313,1.042359,38,38,12,11,2,1,2,0,194,128,124,83
2026/01/26/20:32:22,1309.820619,0.828250,0.965514,0.872313,1.042359,38,38,12,11,2,1,2,0,194,128,124,83
2026/01/26/20:32:23,1310.820798,0.811187,0.953428,0.855250,1.030272,35,38,12,11,2,1,2,0,197,128,124,83
2026/01/26/20:32:24,1311.820849,0.798125,0.947553,0.842187,1.024397,35,37,12,11,2,1,2,0,197,129,124,83
2026/01/26/20:32:25,1312.820949,0.798125,0.947553,0.842187,1.024397,35,37,12,11,2,1,2,0,197,129,124,83
2026/01/26/20:32:26,1313.821115,0.798125,0.947553,0.842187,1.024397,35,37,12,11,2,1,2,0,197,129,124,83
2026/01/26/20:32:27,1314.821285,0.798125,0.947553,0.842187,1.024397,35,37,12,11,2,1,2,0,197,129,124,83
2026/01/26/20:32:28,1315.821401,0.798125,0.947553,0.842187,1.024397,35,37,12,11,2,1,2,0,197,129,124,83
2026/01/26/20:32:29,1316.821559,0.798125,0.947553,0.842187,1.024397,35,37,12,11,2,1,2,0,197,129,124,83
2026/01/26/20:32:30,1317.821675,0.798125,0.947553,0.842187,1.024397,35,37,12,11,2,1,2,0,197,129,124,83
2026/01/26/20:32:31,1318.821804,0.798125,0.947553,0.842187,1.024397,35,37,12,11,2,1,2,0,197,129,124,83
2026/01/26/20:32:32,1319.821951,0.791125,0.940525,0.835187,1.017369,33,37,12,11,2,1,2,0,199,129,124,83
2026/01/26/20:32:33,1320.822059,0.791125,0.940525,0.835187,1.017369,33,37,12,11,2,1,2,0,199,129,124,83
2026/01/26/20:32:34,1321.822166,0.791125,0.940525,0.835187,1.017369,33,37,12,11,2,1,2,0,199,129,124,83
2026/01/26/20:32:35,1322.822373,0.791125,0.940525,0.835187,1.017369,33,37,12,11,2,1,2,0,199,129,124,83
2026/01/26/20:32:36,1323.822419,0.791125,0.940525,0.835187,1.017369,33,37,12,11,2,1,2,0,199,129,124,83
2026/01/26/20:32:37,1324.822587,0.782813,0.936788,0.826875,1.013632,33,36,12,11,2,1,2,0,199,130,124,83
2026/01/26/20:32:38,1325.822758,0.782813,0.936788,0.826875,1.013632,33,36,12,11,2,1,2,0,199,130,124,83
2026/01/26/20:32:39,1326.822913,0.782813,0.936788,0.826875,1.013632,33,36,12,11,2,1,2,0,199,130,124,83
2026/01/26/20:32:40,1327.823018,0.796438,0.944374,0.840500,1.021218,35,36,12,11,2,1,2,0,199,130,124,83
2026/01/26/20:32:41,1328.823115,0.796438,0.944374,0.844375,1.032682,35,36,12,11,3,1,2,0,199,130,124,83
2026/01/26/20:32:42,1329.823229,0.796438,0.944374,0.844375,1.032682,35,36,12,11,3,1,2,0,199,130,124,83
2026/01/26/20:32:43,1330.823344,0.796438,0.944374,0.844375,1.032682,35,36,12,11,3,1,2,0,199,130,124,83
2026/01/26/20:32:44,1331.823433,0.782813,0.936788,0.830750,1.025096,33,36,12,11,3,1,2,0,201,130,124,83
2026/01/26/20:32:45,1332.823595,0.782813,0.936788,0.830750,1.025096,33,36,12,11,3,1,2,0,201,130,124,83
2026/01/26/20:32:46,1333.823777,0.782813,0.936788,0.830750,1.025096,33,36,12,11,3,1,2,0,201,130,124,83
2026/01/26/20:32:47,1334.823946,0.775687,0.930388,0.823625,1.018697,33,34,12,11,3,1,2,0,201,132,124,83
2026/01/26/20:32:48,1335.824100,0.801500,0.935449,0.812937,0.996541,35,35,12,8,1,0,2,0,201,132,124,86
2026/01/26/20:32:49,1336.824203,0.801625,0.932004,0.809688,0.968828,34,35,13,8,1,0,1,0,202,132,124,86
2026/01/26/20:32:50,1337.824312,0.801625,0.932004,0.809688,0.968828,34,35,13,8,1,0,1,0,202,132,124,86
2026/01/26/20:32:51,1338.824413,0.801625,0.932004,0.809688,0.968828,34,35,13,8,1,0,1,0,202,132,124,86
2026/01/26/20:32:52,1339.824594,0.801625,0.932004,0.809688,0.968828,34,35,13,8,1,0,1,0,202,132,124,86
2026/01/26/20:32:53,1340.824751,0.801625,0.932004,0.809688,0.968828,34,35,13,8,1,0,1,0,202,132,124,86
2026/01/26/20:32:54,1341.824900,0.801625,0.932004,0.809688,0.968828,34,35,13,8,1,0,1,0,202,132,124,86
2026/01/26/20:32:55,1342.825013,0.823750,0.942465,0.905312,1.022592,37,35,13,8,1,0,1,3,202,132,124,86
2026/01/26/20:32:56,1343.825176,0.823750,0.942465,0.905312,1.022592,37,35,13,8,1,0,1,3,202,132,124,86
2026/01/26/20:32:57,1344.825330,0.823750,0.942465,0.905312,1.022592,37,35,13,8,1,0,1,3,202,132,124,86
2026/01/26/20:32:58,1345.825434,0.823750,0.942465,0.831812,0.979288,37,35,13,8,1,0,1,0,202,132,124,86
2026/01/26/20:32:59,1346.825595,0.823750,0.942465,0.831812,0.979288,37,35,13,8,1,0,1,0,202,132,124,86
2026/01/26/20:33:00,1347.825703,0.801625,0.932004,0.809688,0.968828,34,35,13,8,1,0,1,0,205,132,124,86
2026/01/26/20:33:01,1348.825882,0.801625,0.932004,0.809688,0.968828,34,35,13,8,1,0,1,0,205,132,124,86
2026/01/26/20:33:02,1349.826044,0.801625,0.932004,0.809688,0.968828,34,35,13,8,1,0,1,0,205,132,124,86
2026/01/26/20:33:03,1350.826150,0.801625,0.932004,0.809688,0.968828,34,35,13,8,1,0,1,0,205,132,124,86
2026/01/26/20:33:04,1351.826315,0.801625,0.932004,0.809688,0.968828,34,35,13,8,1,0,1,0,205,132,124,86
2026/01/26/20:33:05,1352.826477,0.801625,0.932004,0.809688,0.968828,34,35,13,8,1,0,1,0,205,132,124,86
2026/01/26/20:33:06,1353.826641,0.814937,0.940597,0.838000,1.020087,34,35,14,9,1,0,1,3,205,132,124,86
2026/01/26/20:33:07,1354.826835,0.814937,0.940597,0.838000,1.020087,34,35,14,9,1,0,1,3,205,132,124,86
2026/01/26/20:33:08,1355.826919,0.814937,0.940597,0.838000,1.020087,34,35,14,9,1,0,1,3,205,132,124,86
2026/01/26/20:33:09,1356.827033,0.814937,0.940597,0.823000,0.977420,34,35,14,9,1,0,1,0,205,132,124,86
2026/01/26/20:33:10,1357.827188,0.808937,0.935568,0.820812,0.982664,34,35,13,9,1,0,1,1,205,132,125,86
2026/01/26/20:33:11,1358.827366,0.812750,0.945841,0.820812,0.982664,34,35,13,10,1,0,1,0,205,132,125,86
2026/01/26/20:33:12,1359.827498,0.812750,0.945841,0.820812,0.982664,34,35,13,10,1,0,1,0,205,132,125,86
2026/01/26/20:33:13,1360.827651,0.812750,0.945841,0.820812,0.982664,34,35,13,10,1,0,1,0,205,132,125,86
2026/01/26/20:33:14,1361.827815,0.808937,0.935568,0.817000,0.972391,34,35,13,9,1,0,1,0,205,132,125,87
2026/01/26/20:33:15,1362.827824,0.808937,0.935568,0.817000,0.972391,34,35,13,9,1,0,1,0,205,132,125,87
2026/01/26/20:33:16,1363.827939,0.820750,0.945454,0.828812,0.982278,34,35,16,9,1,0,1,0,205,132,125,87
2026/01/26/20:33:17,1364.828046,0.813438,0.941891,0.821500,0.978714,34,35,16,8,1,0,1,0,205,132,125,88
2026/01/26/20:33:18,1365.828214,0.801625,0.932004,0.809688,0.968828,34,35,13,8,1,0,1,0,205,132,128,88
2026/01/26/20:33:19,1366.828369,0.801625,0.932004,0.809688,0.968828,34,35,13,8,1,0,1,0,205,132,128,88
2026/01/26/20:33:20,1367.828449,0.810312,0.936525,0.838688,1.010095,34,35,13,9,5,0,1,1,205,132,128,88
2026/01/26/20:33:21,1368.828620,0.827250,0.956957,0.887813,1.083835,39,35,13,9,4,0,3,4,205,132,128,88
2026/01/26/20:33:22,1369.828717,0.827250,0.956957,0.946562,1.106170,39,35,13,9,6,2,3,4,205,132,128,88
2026/01/26/20:33:23,1370.828850,0.827250,0.956957,0.974500,1.117443,39,35,13,9,4,5,3,5,205,132,128,88
2026/01/26/20:33:24,1371.828999,0.819875,0.948867,0.967125,1.109353,37,35,13,9,4,5,3,5,207,132,128,88
2026/01/26/20:33:25,1372.829115,0.819875,0.948867,0.967125,1.109353,37,35,13,9,4,5,3,5,207,132,128,88
2026/01/26/20:33:26,1373.829208,0.819875,0.948867,0.950250,1.080176,37,35,13,9,3,5,3,3,207,132,128,88
2026/01/26/20:33:27,1374.829315,0.819875,0.948867,0.926438,1.057644,37,35,13,9,3,2,3,3,207,132,128,88
2026/01/26/20:33:28,1375.829422,0.817063,0.948199,0.882563,1.033827,36,35,13,10,3,0,3,2,208,132,128,88
2026/01/26/20:33:29,1376.829591,0.829250,0.942700,0.873000,1.021485,35,35,13,10,1,0,3,2,211,132,128,88
2026/01/26/20:33:30,1377.829747,0.843125,0.945786,0.888750,1.032376,36,35,13,10,2,0,3,1,211,132,128,89
2026/01/26/20:33:31,1378.829911,0.843125,0.945786,0.888750,1.032376,36,35,13,10,2,0,3,1,211,132,128,89
2026/01/26/20:33:32,1379.830109,0.854750,0.935411,0.854750,0.935411,36,35,12,11,0,0,0,0,212,132,129,89
2026/01/26/20:33:33,1380.830187,0.844250,0.932066,0.844250,0.932066,35,35,12,11,0,0,0,0,213,132,129,89
2026/01/26/20:33:34,1381.830296,0.838063,0.928117,0.838063,0.928117,34,35,12,11,0,0,0,0,214,132,129,89
2026/01/26/20:33:35,1382.830455,0.816312,0.921276,0.816312,0.921276,32,35,12,11,0,0,0,0,216,132,129,89
2026/01/26/20:33:36,1383.830574,0.816312,0.921276,0.816312,0.921276,32,35,12,11,0,0,0,0,216,132,129,89
2026/01/26/20:33:37,1384.830683,0.816312,0.921276,0.816312,0.921276,32,35,12,11,0,0,0,0,216,132,129,89
2026/01/26/20:33:38,1385.830865,0.867812,0.949514,0.909438,0.969886,32,35,15,14,0,0,2,1,216,132,129,89
2026/01/26/20:33:39,1386.830975,0.875563,0.960589,0.941688,1.015974,32,35,15,16,2,1,2,1,216,132,129,89
2026/01/26/20:33:40,1387.831072,0.845688,0.954992,0.875313,1.000922,32,35,14,16,2,1,0,1,216,132,131,89
2026/01/26/20:33:41,1388.831195,0.845688,0.954992,0.854062,0.989464,32,35,14,16,0,1,0,1,216,132,131,89
2026/01/26/20:33:42,1389.831360,0.832625,0.943786,0.841000,0.978258,31,35,14,14,0,1,0,1,217,132,131,91
2026/01/26/20:33:43,1390.831528,0.824875,0.932711,0.833250,0.967183,31,35,14,12,0,1,0,1,217,132,131,93
2026/01/26/20:33:44,1391.831706,0.824875,0.932711,0.833250,0.967183,31,35,14,12,0,1,0,1,217,132,131,93
2026/01/26/20:33:45,1392.831841,0.824875,0.932711,0.833250,0.967183,31,35,14,12,0,1,0,1,217,132,131,93
2026/01/26/20:33:46,1393.831967,0.824875,0.932711,0.833250,0.967183,31,35,14,12,0,1,0,1,217,132,131,93
2026/01/26/20:33:47,1394.832041,0.824875,0.932711,0.833250,0.967183,31,35,14,12,0,1,0,1,217,132,131,93
2026/01/26/20:33:48,1395.832196,0.824875,0.932711,0.833250,0.967183,31,35,14,12,0,1,0,1,217,132,131,93
2026/01/26/20:33:49,1396.832358,0.824875,0.932711,0.833250,0.967183,31,35,14,12,0,1,0,1,217,132,131,93
2026/01/26/20:33:50,1397.832524,0.824875,0.932711,0.833250,0.967183,31,35,14,12,0,1,0,1,217,132,131,93
2026/01/26/20:33:51,1398.832608,0.826500,0.935886,0.829750,0.959441,31,35,14,12,0,1,0,0,217,132,131,94
2026/01/26/20:33:52,1399.832801,0.826500,0.935886,0.829750,0.959441,31,35,14,12,0,1,0,0,217,132,131,94
2026/01/26/20:33:53,1400.832924,0.826500,0.935886,0.829750,0.959441,31,35,14,12,0,1,0,0,217,132,131,94
2026/01/26/20:33:54,1401.833019,0.826500,0.935886,0.826500,0.935886,31,35,14,12,0,0,0,0,217,132,131,94
2026/01/26/20:33:55,1402.833129,0.826500,0.935886,0.826500,0.935886,31,35,14,12,0,0,0,0,217,132,131,94
2026/01/26/20:33:56,1403.833227,0.814250,0.929134,0.814250,0.929134,31,35,14,11,0,0,0,0,217,132,131,95
2026/01/26/20:33:57,1404.833380,0.814250,0.929134,0.814250,0.929134,31,35,14,11,0,0,0,0,217,132,131,95
2026/01/26/20:33:58,1405.833555,0.809125,0.918217,0.809125,0.918217,31,35,14,10,0,0,0,0,217,132,131,96
2026/01/26/20:33:59,1406.833720,0.809125,0.918217,0.809125,0.918217,31,35,14,10,0,0,0,0,217,132,131,96
2026/01/26/20:34:00,1407.833881,0.809125,0.918217,0.809125,0.918217,31,35,14,10,0,0,0,0,217,132,131,96
2026/01/26/20:34:01,1408.834053,0.816688,0.930700,0.820750,0.938306,32,35,14,11,1,0,0,0,217,132,131,96
2026/01/26/20:34:02,1409.834155,0.820875,0.935414,0.828937,0.968303,33,35,14,11,1,1,0,0,217,132,131,96
2026/01/26/20:34:03,1410.834255,0.835500,0.943343,0.843562,0.976232,33,35,14,13,1,1,0,0,217,132,131,96
2026/01/26/20:34:04,1411.834335,0.841750,0.945604,0.942063,1.057550,32,36,15,13,0,2,4,4,219,132,131,96
2026/01/26/20:34:05,1412.834500,0.841750,0.945604,0.942063,1.057550,32,36,15,13,0,2,4,4,219,132,131,96
2026/01/26/20:34:06,1413.834629,0.837625,0.941933,0.919000,1.045804,31,36,15,13,0,2,3,4,220,132,131,96
2026/01/26/20:34:07,1414.834819,0.837625,0.941933,0.874687,1.001734,31,36,15,13,0,1,3,1,220,132,131,96
2026/01/26/20:34:08,1415.834964,0.837625,0.941933,0.898125,0.989958,31,36,15,13,3,1,0,1,220,132,131,96
2026/01/26/20:34:09,1416.835059,0.837625,0.941933,0.898125,0.989958,31,36,15,13,3,1,0,1,220,132,131,96
2026/01/26/20:34:10,1417.835161,0.837500,0.946501,0.894625,0.985080,31,36,15,13,3,1,0,0,220,132,131,97
2026/01/26/20:34:11,1418.835309,0.837500,0.946501,0.894625,0.985080,31,36,15,13,3,1,0,0,220,132,131,97
2026/01/26/20:34:12,1419.835479,0.837500,0.946501,0.894625,0.985080,31,36,15,13,3,1,0,0,220,132,131,97
2026/01/26/20:34:13,1420.835640,0.834125,0.937056,0.857688,0.941072,31,36,15,12,0,1,0,0,220,132,131,98
2026/01/26/20:34:14,1421.835803,0.834125,0.937056,0.857688,0.941072,31,36,15,12,0,1,0,0,220,132,131,98
2026/01/26/20:34:15,1422.835952,0.834125,0.937056,0.857688,0.941072,31,36,15,12,0,1,0,0,220,132,131,98
2026/01/26/20:34:16,1423.836049,0.834125,0.937056,0.834125,0.937056,31,36,15,12,0,0,0,0,220,132,131,98
2026/01/26/20:34:17,1424.836168,0.848063,0.952391,0.922000,1.009789,32,36,15,15,3,0,3,0,220,132,131,98
2026/01/26/20:34:18,1425.836268,0.851313,0.957396,0.933625,1.022382,33,36,15,15,2,3,3,0,220,132,131,98
2026/01/26/20:34:19,1426.836404,0.851313,0.957396,0.933625,1.022382,33,36,15,15,2,3,3,0,220,132,131,98
2026/01/26/20:34:20,1427.836513,0.851313,0.957396,0.922000,1.009789,33,36,15,15,2,0,3,0,220,132,131,98
2026/01/26/20:34:21,1428.836587,0.851313,0.957396,0.899875,0.976714,33,36,15,15,0,0,3,0,220,132,131,98
2026/01/26/20:34:22,1429.836803,0.830937,0.950870,0.879500,0.970188,33,34,15,15,0,0,3,0,220,134,131,98
2026/01/26/20:34:23,1430.836934,0.830937,0.950870,0.879500,0.970188,33,34,15,15,0,0,3,0,220,134,131,98
2026/01/26/20:34:24,1431.837021,0.830937,0.950870,0.879500,0.970188,33,34,15,15,0,0,3,0,220,134,131,98
2026/01/26/20:34:25,1432.837136,0.830937,0.950870,0.879500,0.970188,33,34,15,15,0,0,3,0,220,134,131,98
2026/01/26/20:34:26,1433.837249,0.824313,0.947673,0.872875,0.966992,33,33,15,15,0,0,3,0,220,135,131,98
2026/01/26/20:34:27,1434.837339,0.824313,0.947673,0.872875,0.966992,33,33,15,15,0,0,3,0,220,135,131,98
2026/01/26/20:34:28,1435.837443,0.824313,0.947673,0.824313,0.947673,33,33,15,15,0,0,0,0,220,135,131,98
2026/01/26/20:34:29,1436.837567,0.824313,0.947673,0.824313,0.947673,33,33,15,15,0,0,0,0,220,135,131,98
2026/01/26/20:34:30,1437.837722,0.824313,0.947673,0.824313,0.947673,33,33,15,15,0,0,0,0,220,135,131,98
2026/01/26/20:34:31,1438.837887,0.813625,0.937343,0.813625,0.937343,33,33,15,12,0,0,0,0,220,135,131,101
2026/01/26/20:34:32,1439.837997,0.813625,0.937343,0.813625,0.937343,33,33,15,12,0,0,0,0,220,135,131,101
2026/01/26/20:34:33,1440.838110,0.813625,0.937343,0.813625,0.937343,33,33,15,12,0,0,0,0,220,135,131,101
2026/01/26/20:34:34,1441.838257,0.813625,0.937343,0.813625,0.937343,33,33,15,12,0,0,0,0,220,135,131,101
2026/01/26/20:34:35,1442.838426,0.813625,0.937343,0.813625,0.937343,33,33,15,12,0,0,0,0,220,135,131,101
2026/01/26/20:34:36,1443.838593,0.813625,0.937343,0.813625,0.937343,33,33,15,12,0,0,0,0,220,135,131,101
2026/01/26/20:34:37,1444.838755,0.807125,0.927334,0.807125,0.927334,31,33,15,12,0,0,0,0,222,135,131,101
2026/01/26/20:34:38,1445.838912,0.807125,0.927334,0.807125,0.927334,31,33,15,12,0,0,0,0,222,135,131,101
2026/01/26/20:34:39,1446.839079,0.807125,0.927334,0.807125,0.927334,31,33,15,12,0,0,0,0,222,135,131,101
2026/01/26/20:34:40,1447.839180,0.807125,0.927334,0.807125,0.927334,31,33,15,12,0,0,0,0,222,135,131,101
2026/01/26/20:34:41,1448.839285,0.807125,0.927334,0.807125,0.927334,31,33,15,12,0,0,0,0,222,135,131,101
2026/01/26/20:34:42,1449.839461,0.807125,0.927334,0.807125,0.927334,31,33,15,12,0,0,0,0,222,135,131,101
2026/01/26/20:34:43,1450.839617,0.807125,0.927334,0.807125,0.927334,31,33,15,12,0,0,0,0,222,135,131,101
2026/01/26/20:34:44,1451.839784,0.807125,0.927334,0.807125,0.927334,31,33,15,12,0,0,0,0,222,135,131,101
2026/01/26/20:34:45,1452.839910,0.807125,0.927334,0.807125,0.927334,31,33,15,12,0,0,0,0,222,135,131,101
2026/01/26/20:34:46,1453.840073,0.807125,0.927334,0.807125,0.927334,31,33,15,12,0,0,0,0,222,135,131,101
2026/01/26/20:34:47,1454.840244,0.807125,0.927334,0.807125,0.927334,31,33,15,12,0,0,0,0,222,135,131,101
2026/01/26/20:34:48,1455.840346,0.807125,0.927334,0.807125,0.927334,31,33,15,12,0,0,0,0,222,135,131,101
2026/01/26/20:34:49,1456.840630,0.807125,0.927334,0.807125,0.927334,31,33,15,12,0,0,0,0,222,135,131,101
2026/01/26/20:34:50,1457.840734,0.807125,0.927334,0.807125,0.927334,31,33,15,12,0,0,0,0,222,135,131,101
2026/01/26/20:34:51,1458.840899,0.807125,0.927334,0.807125,0.927334,31,33,15,12,0,0,0,0,222,135,131,101
2026/01/26/20:34:52,1459.841012,0.807125,0.927334,0.807125,0.927334,31,33,15,12,0,0,0,0,222,135,131,101
2026/01/26/20:34:53,1460.841189,0.807125,0.927334,0.807125,0.927334,31,33,15,12,0,0,0,0,222,135,131,101
2026/01/26/20:34:54,1461.841280,0.807125,0.927334,0.807125,0.927334,31,33,15,12,0,0,0,0,222,135,131,101
2026/01/26/20:34:55,1462.841453,0.807125,0.927334,0.807125,0.927334,31,33,15,12,0,0,0,0,222,135,131,101
2026/01/26/20:34:56,1463.841621,0.801500,0.910059,0.801500,0.910059,30,33,15,12,0,0,0,0,223,135,131,101
2026/01/26/20:34:57,1464.841787,0.801500,0.910059,0.801500,0.910059,30,33,15,12,0,0,0,0,223,135,131,101
2026/01/26/20:34:58,1465.841944,0.801500,0.910059,0.801500,0.910059,30,33,15,12,0,0,0,0,223,135,131,101
2026/01/26/20:34:59,1466.842108,0.801500,0.910059,0.801500,0.910059,30,33,15,12,0,0,0,0,223,135,131,101
2026/01/26/20:35:00,1467.842273,0.801500,0.910059,0.801500,0.910059,30,33,15,12,0,0,0,0,223,135,131,101
2026/01/26/20:35:01,1468.842436,0.801500,0.910059,0.801500,0.910059,30,33,15,12,0,0,0,0,223,135,131,101
2026/01/26/20:35:02,1469.842599,0.801500,0.910059,0.801500,0.910059,30,33,15,12,0,0,0,0,223,135,131,101
2026/01/26/20:35:03,1470.842714,0.801500,0.910059,0.801500,0.910059,30,33,15,12,0,0,0,0,223,135,131,101
2026/01/26/20:35:04,1471.842876,0.801500,0.910059,0.801500,0.910059,30,33,15,12,0,0,0,0,223,135,131,101
2026/01/26/20:35:05,1472.842996,0.801500,0.910059,0.801500,0.910059,30,33,15,12,0,0,0,0,223,135,131,101
2026/01/26/20:35:06,1473.843154,0.801500,0.910059,0.801500,0.910059,30,33,15,12,0,0,0,0,223,135,131,101
2026/01/26/20:35:07,1474.843272,0.782563,0.906594,0.782563,0.906594,30,32,15,12,0,0,0,0,223,136,131,101
2026/01/26/20:35:08,1475.843426,0.782563,0.906594,0.782563,0.906594,30,32,15,12,0,0,0,0,223,136,131,101
2026/01/26/20:35:09,1476.843532,0.782563,0.906594,0.782563,0.906594,30,32,15,12,0,0,0,0,223,136,131,101
2026/01/26/20:35:10,1477.843687,0.782563,0.906594,0.782563,0.906594,30,32,15,12,0,0,0,0,223,136,131,101
2026/01/26/20:35:11,1478.843859,0.817125,0.925626,0.887000,1.016069,31,32,15,15,0,1,6,0,223,136,131,101
2026/01/26/20:35:12,1479.843955,0.817125,0.925626,0.887000,1.016069,31,32,15,15,0,1,6,0,223,136,131,101
2026/01/26/20:35:13,1480.844060,0.806312,0.920150,0.816063,0.977845,30,32,15,15,0,0,3,0,224,136,131,101
2026/01/26/20:35:14,1481.844157,0.831000,0.950398,0.854563,1.042788,30,32,16,19,0,1,4,0,224,136,131,101
2026/01/26/20:35:15,1482.844267,0.831000,0.950398,0.854563,1.042788,30,32,16,19,0,1,4,0,224,136,131,101
2026/01/26/20:35:16,1483.844427,0.831000,0.950398,0.854563,1.042788,30,32,16,19,0,1,4,0,224,136,131,101
2026/01/26/20:35:17,1484.844605,0.831000,0.950398,0.854563,1.042788,30,32,16,19,0,1,4,0,224,136,131,101
2026/01/26/20:35:18,1485.844786,0.831000,0.950398,0.854563,1.042788,30,32,16,19,0,1,4,0,224,136,131,101
2026/01/26/20:35:19,1486.844865,0.805187,0.926920,0.819937,1.012587,30,32,15,14,0,1,3,0,224,136,132,106
2026/01/26/20:35:20,1487.845026,0.805187,0.926920,0.819937,1.012587,30,32,15,14,0,1,3,0,224,136,132,106
2026/01/26/20:35:21,1488.845130,0.805187,0.926920,0.819937,1.012587,30,32,15,14,0,1,3,0,224,136,132,106
2026/01/26/20:35:22,1489.845242,0.805187,0.926920,0.819937,1.012587,30,32,15,14,0,1,3,0,224,136,132,106
2026/01/26/20:35:23,1490.845346,0.805187,0.926920,0.819937,1.012587,30,32,15,14,0,1,3,0,224,136,132,106
2026/01/26/20:35:24,1491.845438,0.805187,0.926920,0.819937,1.012587,30,32,15,14,0,1,3,0,224,136,132,106
2026/01/26/20:35:25,1492.845619,0.799063,0.912965,0.813813,0.998632,30,32,15,13,0,1,3,0,224,136,132,107
2026/01/26/20:35:26,1493.845804,0.799063,0.912965,0.813813,0.998632,30,32,15,13,0,1,3,0,224,136,132,107
2026/01/26/20:35:27,1494.845916,0.799063,0.912965,0.813813,0.998632,30,32,15,13,0,1,3,0,224,136,132,107
2026/01/26/20:35:28,1495.846081,0.799063,0.912965,0.813813,0.998632,30,32,15,13,0,1,3,0,224,136,132,107
2026/01/26/20:35:29,1496.846183,0.799063,0.912965,0.813813,0.998632,30,32,15,13,0,1,3,0,224,136,132,107
2026/01/26/20:35:30,1497.846286,0.799063,0.912965,0.813813,0.998632,30,32,15,13,0,1,3,0,224,136,132,107
2026/01/26/20:35:31,1498.846472,0.799063,0.912965,0.813813,0.998632,30,32,15,13,0,1,3,0,224,136,132,107
2026/01/26/20:35:32,1499.846635,0.799063,0.912965,0.813813,0.998632,30,32,15,13,0,1,3,0,224,136,132,107
2026/01/26/20:35:33,1500.846813,0.799063,0.912965,0.813813,0.998632,30,32,15,13,0,1,3,0,224,136,132,107
2026/01/26/20:35:34,1501.846945,0.799063,0.912965,0.813813,0.998632,30,32,15,13,0,1,3,0,224,136,132,107
2026/01/26/20:35:35,1502.847119,0.799063,0.912965,0.813813,0.998632,30,32,15,13,0,1,3,0,224,136,132,107
2026/01/26/20:35:36,1503.847236,0.799063,0.912965,0.813813,0.998632,30,32,15,13,0,1,3,0,224,136,132,107
2026/01/26/20:35:37,1504.847401,0.843500,0.969668,0.884687,1.130667,35,34,16,14,4,1,3,0,224,136,132,107
2026/01/26/20:35:38,1505.847512,0.843500,0.969668,0.884687,1.130667,35,34,16,14,4,1,3,0,224,136,132,107
2026/01/26/20:35:39,1506.847623,0.843500,0.969668,0.884687,1.130667,35,34,16,14,4,1,3,0,224,136,132,107
2026/01/26/20:35:40,1507.847733,0.840250,0.965377,0.881437,1.126375,34,34,16,14,4,1,3,0,225,136,132,107
2026/01/26/20:35:41,1508.847905,0.830375,0.947552,0.871563,1.108550,34,32,16,14,4,1,3,0,225,138,132,107
2026/01/26/20:35:42,1509.848012,0.830375,0.947552,0.871563,1.108550,34,32,16,14,4,1,3,0,225,138,132,107
2026/01/26/20:35:43,1510.848112,0.830375,0.947552,0.871563,1.108550,34,32,16,14,4,1,3,0,225,138,132,107
2026/01/26/20:35:44,1511.848210,0.829875,0.953792,0.867313,1.101985,35,32,15,14,3,1,3,0,225,138,133,107
2026/01/26/20:35:45,1512.848317,0.829875,0.953792,0.867313,1.101985,35,32,15,14,3,1,3,0,225,138,133,107
2026/01/26/20:35:46,1513.848429,0.829875,0.953792,0.867313,1.101985,35,32,15,14,3,1,3,0,225,138,133,107
2026/01/26/20:35:47,1514.848541,0.829875,0.953792,0.867313,1.101985,35,32,15,14,3,1,3,0,225,138,133,107
2026/01/26/20:35:48,1515.848647,0.826125,0.940987,0.863563,1.089180,34,32,15,14,3,1,3,0,226,138,133,107
2026/01/26/20:35:49,1516.848746,0.826125,0.940987,0.863563,1.089180,34,32,15,14,3,1,3,0,226,138,133,107
2026/01/26/20:35:50,1517.848860,0.826125,0.940987,0.863563,1.089180,34,32,15,14,3,1,3,0,226,138,133,107
2026/01/26/20:35:51,1518.848964,0.826125,0.940987,0.863563,1.089180,34,32,15,14,3,1,3,0,226,138,133,107
2026/01/26/20:35:52,1519.849126,0.826125,0.940987,0.863563,1.089180,34,32,15,14,3,1,3,0,226,138,133,107
2026/01/26/20:35:53,1520.849236,0.826125,0.940987,0.863563,1.089180,34,32,15,14,3,1,3,0,226,138,133,107
2026/01/26/20:35:54,1521.849331,0.826125,0.940987,0.863563,1.089180,34,32,15,14,3,1,3,0,226,138,133,107
2026/01/26/20:35:55,1522.849437,0.826125,0.940987,0.863563,1.089180,34,32,15,14,3,1,3,0,226,138,133,107
2026/01/26/20:35:56,1523.849599,0.814625,0.932750,0.852062,1.080944,32,32,15,14,3,1,3,0,228,138,133,107
2026/01/26/20:35:57,1524.849695,0.814625,0.932750,0.852062,1.080944,32,32,15,14,3,1,3,0,228,138,133,107
2026/01/26/20:35:58,1525.849869,0.807125,0.922688,0.844562,1.070882,30,32,15,14,3,1,3,0,230,138,133,107
2026/01/26/20:35:59,1526.850026,0.807125,0.922688,0.844562,1.070882,30,32,15,14,3,1,3,0,230,138,133,107
2026/01/26/20:36:00,1527.850130,0.807125,0.922688,0.844562,1.070882,30,32,15,14,3,1,3,0,230,138,133,107
2026/01/26/20:36:01,1528.850294,0.807125,0.922688,0.844562,1.070882,30,32,15,14,3,1,3,0,230,138,133,107
2026/01/26/20:36:02,1529.850456,0.790625,0.916318,0.828063,1.064511,30,32,15,13,3,1,3,0,230,138,133,108
2026/01/26/20:36:03,1530.850621,0.790625,0.916318,0.828063,1.064511,30,32,15,13,3,1,3,0,230,138,133,108
2026/01/26/20:36:04,1531.850709,0.790625,0.916318,0.828063,1.064511,30,32,15,13,3,1,3,0,230,138,133,108
2026/01/26/20:36:05,1532.850873,0.790625,0.916318,0.828063,1.064511,30,32,15,13,3,1,3,0,230,138,133,108
2026/01/26/20:36:06,1533.851029,0.790625,0.916318,0.828063,1.064511,30,32,15,13,3,1,3,0,230,138,133,108
2026/01/26/20:36:07,1534.851206,0.790625,0.916318,0.828063,1.064511,30,32,15,13,3,1,3,0,230,138,133,108
2026/01/26/20:36:08,1535.851363,0.790625,0.916318,0.828063,1.064511,30,32,15,13,3,1,3,0,230,138,133,108
2026/01/26/20:36:09,1536.851439,0.790625,0.916318,0.828063,1.064511,30,32,15,13,3,1,3,0,230,138,133,108
2026/01/26/20:36:10,1537.851614,0.790625,0.916318,0.828063,1.064511,30,32,15,13,3,1,3,0,230,138,133,108
2026/01/26/20:36:11,1538.851794,0.790625,0.916318,0.828063,1.064511,30,32,15,13,3,1,3,0,230,138,133,108
2026/01/26/20:36:12,1539.851949,0.790625,0.916318,0.828063,1.064511,30,32,15,13,3,1,3,0,230,138,133,108
2026/01/26/20:36:13,1540.852038,0.790625,0.916318,0.828063,1.064511,30,32,15,13,3,1,3,0,230,138,133,108
2026/01/26/20:36:14,1541.852197,0.790625,0.916318,0.823063,1.036539,30,32,15,13,3,0,3,0,230,138,133,108
2026/01/26/20:36:15,1542.852307,0.790625,0.916318,0.823063,1.036539,30,32,15,13,3,0,3,0,230,138,133,108
2026/01/26/20:36:16,1543.852481,0.790625,0.916318,0.823063,1.036539,30,32,15,13,3,0,3,0,230,138,133,108
2026/01/26/20:36:17,1544.852575,0.790625,0.916318,0.813312,0.978845,30,32,15,13,3,0,0,0,230,138,133,108
2026/01/26/20:36:18,1545.852733,0.790625,0.916318,0.813312,0.978845,30,32,15,13,3,0,0,0,230,138,133,108
2026/01/26/20:36:19,1546.853300,0.856812,0.957324,0.961812,1.069647,30,34,19,16,9,0,1,0,230,138,133,108
2026/01/26/20:36:20,1547.853485,0.860688,0.962271,0.946875,1.017013,31,34,19,16,7,0,1,0,230,138,133,108
2026/01/26/20:36:21,1548.853592,0.857938,0.961133,0.935250,1.006999,32,34,17,16,6,0,0,0,230,138,136,108
2026/01/26/20:36:22,1549.853798,0.857938,0.961133,0.935250,1.006999,32,34,17,16,6,0,0,0,230,138,136,108
2026/01/26/20:36:23,1550.853856,0.850187,0.951240,0.920625,0.966433,30,34,17,16,4,0,0,0,232,138,136,108
2026/01/26/20:36:24,1551.853944,0.850187,0.951240,0.920625,0.966433,30,34,17,16,4,0,0,0,232,138,136,108
2026/01/26/20:36:25,1552.854116,0.850187,0.951240,0.920625,0.966433,30,34,17,16,4,0,0,0,232,138,136,108
2026/01/26/20:36:26,1553.854278,0.850187,0.951240,0.920625,0.966433,30,34,17,16,4,0,0,0,232,138,136,108
2026/01/26/20:36:27,1554.854459,0.850187,0.951240,0.920625,0.966433,30,34,17,16,4,0,0,0,232,138,136,108
2026/01/26/20:36:28,1555.854565,0.853938,0.951341,0.909625,0.963069,30,34,17,16,3,0,0,0,233,138,136,108
2026/01/26/20:36:29,1556.854653,0.853938,0.951341,0.909625,0.963069,30,34,17,16,3,0,0,0,233,138,136,108
2026/01/26/20:36:30,1557.854845,0.853938,0.951341,0.909625,0.963069,30,34,17,16,3,0,0,0,233,138,136,108
2026/01/26/20:36:31,1558.855013,0.853938,0.951341,0.909625,0.963069,30,34,17,16,3,0,0,0,233,138,136,108
2026/01/26/20:36:32,1559.855177,0.853938,0.951341,0.909625,0.963069,30,34,17,16,3,0,0,0,233,138,136,108
2026/01/26/20:36:33,1560.855282,0.841250,0.932149,0.856000,0.935614,32,32,15,14,1,0,0,0,233,140,138,110
2026/01/26/20:36:34,1561.855376,0.841250,0.932149,0.856000,0.935614,32,32,15,14,1,0,0,0,233,140,138,110
2026/01/26/20:36:35,1562.855531,0.841250,0.932149,0.856000,0.935614,32,32,15,14,1,0,0,0,233,140,138,110
2026/01/26/20:36:36,1563.855712,0.841250,0.932149,0.856000,0.935614,32,32,15,14,1,0,0,0,233,140,138,110
2026/01/26/20:36:37,1564.855828,0.841250,0.932149,0.856000,0.935614,32,32,15,14,1,0,0,0,233,140,138,110
2026/01/26/20:36:38,1565.855986,0.841250,0.932149,0.856000,0.935614,32,32,15,14,1,0,0,0,233,140,138,110
2026/01/26/20:36:39,1566.856078,0.860187,0.952554,0.890687,0.970405,32,35,15,15,1,0,0,2,233,140,138,110
2026/01/26/20:36:40,1567.856241,0.868687,0.960866,0.910750,0.982098,32,37,15,15,1,0,1,2,233,140,138,110
2026/01/26/20:36:41,1568.856327,0.871938,0.964987,0.929063,1.015809,32,38,15,15,2,1,1,2,233,140,138,110
2026/01/26/20:36:42,1569.856503,0.866500,0.964586,0.920375,1.011288,32,39,15,14,2,0,1,2,233,140,138,111
2026/01/26/20:36:43,1570.856611,0.858625,0.957393,0.896750,0.989709,32,39,15,13,2,0,1,0,233,140,138,112
2026/01/26/20:36:44,1571.856776,0.866437,0.953060,0.893000,0.981995,32,39,15,13,2,0,0,0,233,140,139,112
2026/01/26/20:36:45,1572.856867,0.854875,0.949680,0.881437,0.978615,32,39,14,13,2,0,0,0,233,140,140,112
2026/01/26/20:36:46,1573.856939,0.857437,0.957058,0.911625,1.019037,32,39,15,13,2,4,0,0,233,142,140,112
2026/01/26/20:36:47,1574.857107,0.871812,0.967063,1.004438,1.078092,32,39,17,13,9,4,2,0,233,142,140,112
2026/01/26/20:36:48,1575.857259,0.871687,0.966331,1.083250,1.132198,32,40,17,12,17,3,4,2,233,142,140,113
2026/01/26/20:36:49,1576.857391,0.871687,0.966331,1.066125,1.112092,32,40,17,12,17,3,4,2,233,142,140,113
2026/01/26/20:36:50,1577.857515,0.871563,0.963985,1.042312,1.085117,32,39,17,13,17,1,4,1,233,143,140,113
2026/01/26/20:36:51,1578.857672,0.871563,0.963985,1.017875,1.061284,32,39,17,13,15,1,3,1,233,143,140,113
2026/01/26/20:36:52,1579.857853,0.871812,0.964169,0.946875,1.014183,34,37,17,13,11,0,0,1,233,145,140,113
2026/01/26/20:36:53,1580.858012,0.872750,0.965097,0.943438,1.010630,35,37,16,13,10,0,0,1,233,145,141,113
2026/01/26/20:36:54,1581.858103,0.872750,0.965097,0.943438,1.010630,35,37,16,13,10,0,0,1,233,145,141,113
2026/01/26/20:36:55,1582.858272,0.872750,0.965097,0.943438,1.010630,35,37,16,13,10,0,0,1,233,145,141,113
2026/01/26/20:36:56,1583.858387,0.872750,0.965097,0.943438,1.010630,35,37,16,13,10,0,0,1,233,145,141,113
2026/01/26/20:36:57,1584.858487,0.872750,0.963878,0.934688,1.001668,35,37,16,13,8,0,0,1,234,145,141,113
2026/01/26/20:36:58,1585.858584,0.872750,0.963878,0.915562,0.986853,35,37,16,13,5,0,0,1,234,145,141,113
2026/01/26/20:36:59,1586.858696,0.872750,0.963878,0.915562,0.986853,35,37,16,13,5,0,0,1,234,145,141,113
2026/01/26/20:37:00,1587.858835,0.872750,0.963878,0.915562,0.986853,35,37,16,13,5,0,0,1,234,145,141,113
2026/01/26/20:37:01,1588.858992,0.872750,0.963878,0.915562,0.986853,35,37,16,13,5,0,0,1,234,145,141,113
2026/01/26/20:37:02,1589.859257,0.872750,0.963878,0.915562,0.986853,35,37,16,13,5,0,0,1,234,145,141,113
2026/01/26/20:37:03,1590.859311,0.872750,0.963878,0.915562,0.986853,35,37,16,13,5,0,0,1,234,145,141,113
2026/01/26/20:37:04,1591.859476,0.872750,0.963878,0.915562,0.986853,35,37,16,13,5,0,0,1,234,145,141,113
2026/01/26/20:37:05,1592.859653,0.872750,0.963878,0.915562,0.986853,35,37,16,13,5,0,0,1,234,145,141,113
2026/01/26/20:37:06,1593.859827,0.872750,0.963878,0.915562,0.986853,35,37,16,13,5,0,0,1,234,145,141,113
2026/01/26/20:37:07,1594.859909,0.857000,0.966054,0.889375,0.982055,35,37,16,14,4,0,0,0,235,145,141,113
2026/01/26/20:37:08,1595.860022,0.857000,0.966054,0.889375,0.982055,35,37,16,14,4,0,0,0,235,145,141,113
2026/01/26/20:37:09,1596.860183,0.857000,0.966054,0.889375,0.982055,35,37,16,14,4,0,0,0,235,145,141,113
2026/01/26/20:37:10,1597.860351,0.857000,0.966054,0.889375,0.982055,35,37,16,14,4,0,0,0,235,145,141,113
2026/01/26/20:37:11,1598.860475,0.854875,0.961073,0.882875,0.973814,36,35,16,14,3,0,0,0,235,147,141,113
2026/01/26/20:37:12,1599.860627,0.854875,0.961073,0.882875,0.973814,36,35,16,14,3,0,0,0,235,147,141,113
2026/01/26/20:37:13,1600.860825,0.864250,0.958884,0.879000,0.962349,37,35,16,14,1,0,0,0,236,147,141,113
2026/01/26/20:37:14,1601.860943,0.864250,0.958884,0.879000,0.962349,37,35,16,14,1,0,0,0,236,147,141,113
2026/01/26/20:37:15,1602.861103,0.856437,0.952239,0.871188,0.955704,37,35,16,13,1,0,0,0,236,147,141,114
2026/01/26/20:37:16,1603.861223,0.856437,0.952239,0.871188,0.955704,37,35,16,13,1,0,0,0,236,147,141,114
2026/01/26/20:37:17,1604.861331,0.856437,0.952239,0.871188,0.955704,37,35,16,13,1,0,0,0,236,147,141,114
2026/01/26/20:37:18,1605.861490,0.848562,0.939918,0.863313,0.943383,35,35,16,13,1,0,0,0,238,147,141,114
2026/01/26/20:37:19,1606.861655,0.856812,0.959574,0.871563,0.963039,35,35,18,13,1,0,0,0,238,147,141,114
2026/01/26/20:37:20,1607.861739,0.856812,0.959574,0.871563,0.963039,35,35,18,13,1,0,0,0,238,147,141,114
2026/01/26/20:37:21,1608.861907,0.858313,0.953764,0.858313,0.953764,34,35,18,13,0,0,0,0,240,147,141,114
2026/01/26/20:37:22,1609.862014,0.858313,0.953764,0.858313,0.953764,34,35,18,13,0,0,0,0,240,147,141,114
2026/01/26/20:37:23,1610.862198,0.858313,0.953764,0.858313,0.953764,34,35,18,13,0,0,0,0,240,147,141,114
2026/01/26/20:37:24,1611.862293,0.858313,0.953764,0.858313,0.953764,34,35,18,13,0,0,0,0,240,147,141,114
2026/01/26/20:37:25,1612.862465,0.858313,0.953764,0.858313,0.953764,34,35,18,13,0,0,0,0,240,147,141,114
2026/01/26/20:37:26,1613.862561,0.850063,0.934107,0.850063,0.934107,34,35,16,13,0,0,0,0,240,147,143,114
2026/01/26/20:37:27,1614.862735,0.850063,0.934107,0.850063,0.934107,34,35,16,13,0,0,0,0,240,147,143,114
2026/01/26/20:37:28,1615.862853,0.850063,0.934107,0.850063,0.934107,34,35,16,13,0,0,0,0,240,147,143,114
2026/01/26/20:37:29,1616.863006,0.850063,0.934107,0.850063,0.934107,34,35,16,13,0,0,0,0,240,147,143,114
2026/01/26/20:37:30,1617.863180,0.850063,0.934107,0.850063,0.934107,34,35,16,13,0,0,0,0,240,147,143,114
2026/01/26/20:37:31,1618.863341,0.839000,0.920895,0.839000,0.920895,34,32,16,13,0,0,0,0,240,150,143,114
2026/01/26/20:37:32,1619.863500,0.839000,0.920895,0.839000,0.920895,34,32,16,13,0,0,0,0,240,150,143,114
2026/01/26/20:37:33,1620.863685,0.839000,0.920895,0.839000,0.920895,34,32,16,13,0,0,0,0,240,150,143,114
2026/01/26/20:37:34,1621.863852,0.839000,0.920895,0.839000,0.920895,34,32,16,13,0,0,0,0,240,150,143,114
2026/01/26/20:37:35,1622.864018,0.839000,0.920895,0.839000,0.920895,34,32,16,13,0,0,0,0,240,150,143,114
2026/01/26/20:37:36,1623.864179,0.839000,0.920895,0.839000,0.920895,34,32,16,13,0,0,0,0,240,150,143,114
2026/01/26/20:37:37,1624.864281,0.839000,0.920895,0.839000,0.920895,34,32,16,13,0,0,0,0,240,150,143,114
2026/01/26/20:37:38,1625.864452,0.839000,0.920895,0.839000,0.920895,34,32,16,13,0,0,0,0,240,150,143,114
2026/01/26/20:37:39,1626.864616,0.839000,0.920895,0.849313,0.967225,34,32,16,13,0,3,0,0,240,150,143,114
2026/01/26/20:37:40,1627.864719,0.839000,0.920895,0.849313,0.967225,34,32,16,13,0,3,0,0,240,150,143,114
2026/01/26/20:37:41,1628.864882,0.839000,0.920895,0.839000,0.920895,34,32,16,13,0,0,0,0,240,150,143,114
2026/01/26/20:37:42,1629.864982,0.839000,0.920895,0.839000,0.920895,34,32,16,13,0,0,0,0,240,150,143,114
2026/01/26/20:37:43,1630.865143,0.839000,0.920895,0.839000,0.920895,34,32,16,13,0,0,0,0,240,150,143,114
2026/01/26/20:37:44,1631.865293,0.839000,0.920895,0.839000,0.920895,34,32,16,13,0,0,0,0,240,150,143,114
2026/01/26/20:37:45,1632.865402,0.839000,0.920895,0.839000,0.920895,34,32,16,13,0,0,0,0,240,150,143,114
2026/01/26/20:37:46,1633.865496,0.839000,0.920895,0.839000,0.920895,34,32,16,13,0,0,0,0,240,150,143,114
2026/01/26/20:37:47,1634.865665,0.839000,0.920895,0.839000,0.920895,34,32,16,13,0,0,0,0,240,150,143,114
2026/01/26/20:37:48,1635.865865,0.839000,0.920895,0.839000,0.920895,34,32,16,13,0,0,0,0,240,150,143,114
2026/01/26/20:37:49,1636.866027,0.839000,0.920895,0.839000,0.920895,34,32,16,13,0,0,0,0,240,150,143,114
2026/01/26/20:37:50,1637.866189,0.839000,0.920895,0.839000,0.920895,34,32,16,13,0,0,0,0,240,150,143,114
2026/01/26/20:37:51,1638.866285,0.839000,0.920895,0.839000,0.920895,34,32,16,13,0,0,0,0,240,150,143,114
2026/01/26/20:37:52,1639.866401,0.839000,0.920895,0.839000,0.920895,34,32,16,13,0,0,0,0,240,150,143,114
2026/01/26/20:37:53,1640.866504,0.839000,0.920895,0.839000,0.920895,34,32,16,13,0,0,0,0,240,150,143,114
2026/01/26/20:37:54,1641.866601,0.839000,0.920895,0.839000,0.920895,34,32,16,13,0,0,0,0,240,150,143,114
2026/01/26/20:37:55,1642.866789,0.839000,0.920895,0.839000,0.920895,34,32,16,13,0,0,0,0,240,150,143,114
2026/01/26/20:37:56,1643.866929,0.839000,0.920895,0.839000,0.920895,34,32,16,13,0,0,0,0,240,150,143,114
2026/01/26/20:37:57,1644.867042,0.839000,0.920895,0.839000,0.920895,34,32,16,13,0,0,0,0,240,150,143,114
2026/01/26/20:37:58,1645.867150,0.839000,0.920895,0.839000,0.920895,34,32,16,13,0,0,0,0,240,150,143,114
2026/01/26/20:37:59,1646.867311,0.839000,0.920895,0.839000,0.920895,34,32,16,13,0,0,0,0,240,150,143,114
2026/01/26/20:38:00,1647.867424,0.857875,0.943427,0.865875,0.999257,36,32,16,14,2,0,0,0,240,150,143,114
2026/01/26/20:38:01,1648.867588,0.857875,0.943427,0.865875,0.999257,36,32,16,14,2,0,0,0,240,150,143,114
2026/01/26/20:38:02,1649.867692,0.787375,0.929102,0.795375,0.984932,36,30,16,12,2,0,0,0,240,152,143,116
2026/01/26/20:38:03,1650.867877,0.780375,0.913226,0.788375,0.969057,34,30,16,12,2,0,0,0,242,152,143,116
2026/01/26/20:38:04,1651.868026,0.780375,0.913226,0.788375,0.969057,34,30,16,12,2,0,0,0,242,152,143,116
2026/01/26/20:38:05,1652.868196,0.780375,0.913226,0.788375,0.969057,34,30,16,12,2,0,0,0,242,152,143,116
2026/01/26/20:38:06,1653.868279,0.780375,0.913226,0.788375,0.969057,34,30,16,12,2,0,0,0,242,152,143,116
2026/01/26/20:38:07,1654.868461,0.780375,0.913226,0.788375,0.969057,34,30,16,12,2,0,0,0,242,152,143,116
2026/01/26/20:38:08,1655.868620,0.780375,0.913226,0.788375,0.969057,34,30,16,12,2,0,0,0,242,152,143,116
2026/01/26/20:38:09,1656.868731,0.780375,0.913226,0.788375,0.969057,34,30,16,12,2,0,0,0,242,152,143,116
2026/01/26/20:38:10,1657.868896,0.780375,0.913226,0.788375,0.969057,34,30,16,12,2,0,0,0,242,152,143,116
2026/01/26/20:38:11,1658.869095,0.780375,0.913226,0.788375,0.969057,34,30,16,12,2,0,0,0,242,152,143,116
2026/01/26/20:38:12,1659.869151,0.780375,0.913226,0.788375,0.969057,34,30,16,12,2,0,0,0,242,152,143,116
2026/01/26/20:38:13,1660.869259,0.768500,0.906571,0.776500,0.962401,34,30,16,11,2,0,0,0,242,152,143,117
2026/01/26/20:38:14,1661.869357,0.768500,0.906571,0.776500,0.962401,34,30,16,11,2,0,0,0,242,152,143,117
2026/01/26/20:38:15,1662.869540,0.768500,0.906571,0.776500,0.962401,34,30,16,11,2,0,0,0,242,152,143,117
2026/01/26/20:38:16,1663.869712,0.768500,0.906571,0.776500,0.962401,34,30,16,11,2,0,0,0,242,152,143,117
2026/01/26/20:38:17,1664.869876,0.768500,0.906571,0.776500,0.962401,34,30,16,11,2,0,0,0,242,152,143,117
2026/01/26/20:38:18,1665.869986,0.804375,0.941744,0.836313,1.066042,35,32,16,14,3,3,0,0,242,152,143,117
2026/01/26/20:38:19,1666.870096,0.804375,0.941744,0.836313,1.066042,35,32,16,14,3,3,0,0,242,152,143,117
2026/01/26/20:38:20,1667.870261,0.805813,0.942951,0.833125,1.058318,36,31,16,14,2,3,0,0,242,153,143,117
2026/01/26/20:38:21,1668.870360,0.796562,0.925089,0.823875,1.040456,34,31,16,14,2,3,0,0,244,153,143,117
2026/01/26/20:38:22,1669.870521,0.796562,0.925089,0.804562,0.980920,34,31,16,14,2,0,0,0,244,153,143,117
2026/01/26/20:38:23,1670.870635,0.811562,0.942427,0.819562,0.998258,37,31,16,14,2,0,0,0,244,153,143,117
2026/01/26/20:38:24,1671.870799,0.811562,0.942427,0.819562,0.998258,37,31,16,14,2,0,0,0,244,153,143,117
2026/01/26/20:38:25,1672.870948,0.822187,0.949618,0.830187,1.005449,40,30,16,14,2,0,0,0,244,154,143,117
2026/01/26/20:38:26,1673.871046,0.822187,0.949618,0.830187,1.005449,40,30,16,14,2,0,0,0,244,154,143,117
2026/01/26/20:38:27,1674.871151,0.822187,0.949618,0.830187,1.005449,40,30,16,14,2,0,0,0,244,154,143,117
2026/01/26/20:38:28,1675.871258,0.822187,0.949618,0.830187,1.005449,40,30,16,14,2,0,0,0,244,154,143,117
2026/01/26/20:38:29,1676.871417,0.777937,0.939223,0.785937,0.995053,37,30,16,14,2,0,0,0,247,154,143,117
2026/01/26/20:38:30,1677.871583,0.762938,0.924131,0.770938,0.979962,34,30,16,14,2,0,0,0,250,154,143,117
2026/01/26/20:38:31,1678.871703,0.762938,0.924131,0.762938,0.924131,34,30,16,14,0,0,0,0,250,154,143,117
2026/01/26/20:38:32,1679.871866,0.762938,0.924131,0.762938,0.924131,34,30,16,14,0,0,0,0,250,154,143,117
2026/01/26/20:38:33,1680.871994,0.762938,0.924131,0.762938,0.924131,34,30,16,14,0,0,0,0,250,154,143,117
2026/01/26/20:38:34,1681.872132,0.762938,0.924131,0.762938,0.924131,34,30,16,14,0,0,0,0,250,154,143,117
2026/01/26/20:38:35,1682.872302,0.752000,0.920834,0.752000,0.920834,34,30,16,13,0,0,0,0,250,154,143,118
2026/01/26/20:38:36,1683.872407,0.752000,0.920834,0.752000,0.920834,34,30,16,13,0,0,0,0,250,154,143,118
2026/01/26/20:38:37,1684.872508,0.752000,0.920834,0.752000,0.920834,34,30,16,13,0,0,0,0,250,154,143,118
2026/01/26/20:38:38,1685.872660,0.752000,0.920834,0.752000,0.920834,34,30,16,13,0,0,0,0,250,154,143,118
2026/01/26/20:38:39,1686.872795,0.737000,0.903497,0.737000,0.903497,31,30,16,13,0,0,0,0,253,154,143,118
2026/01/26/20:38:40,1687.872897,0.768250,0.932542,0.768250,0.932542,32,30,17,13,0,0,0,0,253,154,143,118
2026/01/26/20:38:41,1688.873012,0.768250,0.932542,0.768250,0.932542,32,30,17,13,0,0,0,0,253,154,143,118
2026/01/26/20:38:42,1689.873173,0.768250,0.932542,0.768250,0.932542,32,30,17,13,0,0,0,0,253,154,143,118
2026/01/26/20:38:43,1690.873327,0.767188,0.937951,0.767188,0.937951,35,30,16,14,0,0,0,0,253,154,144,118
2026/01/26/20:38:44,1691.873434,0.767188,0.937951,0.767188,0.937951,35,30,16,14,0,0,0,0,253,154,144,118
2026/01/26/20:38:45,1692.873542,0.743750,0.918917,0.743750,0.918917,32,30,16,13,0,0,0,0,256,154,144,119
2026/01/26/20:38:46,1693.873633,0.743750,0.918917,0.743750,0.918917,32,30,16,13,0,0,0,0,256,154,144,119
2026/01/26/20:38:47,1694.873827,0.743750,0.918917,0.743750,0.918917,32,30,16,13,0,0,0,0,256,154,144,119
2026/01/26/20:38:48,1695.873966,0.743750,0.918917,0.743750,0.918917,32,30,16,13,0,0,0,0,256,154,144,119
2026/01/26/20:38:49,1696.874076,0.743750,0.918917,0.743750,0.918917,32,30,16,13,0,0,0,0,256,154,144,119
2026/01/26/20:38:50,1697.874239,0.743750,0.918917,0.743750,0.918917,32,30,16,13,0,0,0,0,256,154,144,119
2026/01/26/20:38:51,1698.874399,0.743750,0.918917,0.743750,0.918917,32,30,16,13,0,0,0,0,256,154,144,119
2026/01/26/20:38:52,1699.874529,0.743750,0.918917,0.743750,0.918917,32,30,16,13,0,0,0,0,256,154,144,119
2026/01/26/20:38:53,1700.874687,0.743750,0.918917,0.743750,0.918917,32,30,16,13,0,0,0,0,256,154,144,119
2026/01/26/20:38:54,1701.874854,0.743750,0.918917,0.743750,0.918917,32,30,16,13,0,0,0,0,256,154,144,119
2026/01/26/20:38:55,1702.874956,0.743750,0.918917,0.743750,0.918917,32,30,16,13,0,0,0,0,256,154,144,119
2026/01/26/20:38:56,1703.875125,0.743750,0.918917,0.743750,0.918917,32,30,16,13,0,0,0,0,256,154,144,119
2026/01/26/20:38:57,1704.875273,0.743750,0.918917,0.743750,0.918917,32,30,16,13,0,0,0,0,256,154,144,119
2026/01/26/20:38:58,1705.875445,0.743750,0.918917,0.743750,0.918917,32,30,16,13,0,0,0,0,256,154,144,119
2026/01/26/20:38:59,1706.875604,0.727062,0.901991,0.727062,0.901991,29,30,16,13,0,0,0,0,259,154,144,119
2026/01/26/20:39:00,1707.875784,0.727062,0.901991,0.727062,0.901991,29,30,16,13,0,0,0,0,259,154,144,119
2026/01/26/20:39:01,1708.875944,0.727062,0.901991,0.727062,0.901991,29,30,16,13,0,0,0,0,259,154,144,119
2026/01/26/20:39:02,1709.876106,0.727062,0.901991,0.727062,0.901991,29,30,16,13,0,0,0,0,259,154,144,119
2026/01/26/20:39:03,1710.876270,0.727062,0.901991,0.727062,0.901991,29,30,16,13,0,0,0,0,259,154,144,119
2026/01/26/20:39:04,1711.876364,0.727062,0.901991,0.727062,0.901991,29,30,16,13,0,0,0,0,259,154,144,119
2026/01/26/20:39:05,1712.876530,0.727062,0.901991,0.727062,0.901991,29,30,16,13,0,0,0,0,259,154,144,119
2026/01/26/20:39:06,1713.876692,0.727062,0.901991,0.727062,0.901991,29,30,16,13,0,0,0,0,259,154,144,119
2026/01/26/20:39:07,1714.876858,0.727062,0.901991,0.727062,0.901991,29,30,16,13,0,0,0,0,259,154,144,119
2026/01/26/20:39:08,1715.877019,0.727062,0.901991,0.727062,0.901991,29,30,16,13,0,0,0,0,259,154,144,119
2026/01/26/20:39:09,1716.877124,0.727062,0.901991,0.727062,0.901991,29,30,16,13,0,0,0,0,259,154,144,119
2026/01/26/20:39:10,1717.877308,0.727062,0.901991,0.727062,0.901991,29,30,16,13,0,0,0,0,259,154,144,119
2026/01/26/20:39:11,1718.877391,0.727062,0.901991,0.727062,0.901991,29,30,16,13,0,0,0,0,259,154,144,119
2026/01/26/20:39:12,1719.877493,0.727062,0.901991,0.727062,0.901991,29,30,16,13,0,0,0,0,259,154,144,119
2026/01/26/20:39:13,1720.877608,0.727062,0.901991,0.727062,0.901991,29,30,16,13,0,0,0,0,259,154,144,119
2026/01/26/20:39:14,1721.877753,0.714375,0.879103,0.714375,0.879103,28,30,16,12,0,0,0,0,260,154,144,120
2026/01/26/20:39:15,1722.877855,0.714375,0.879103,0.714375,0.879103,28,30,16,12,0,0,0,0,260,154,144,120
2026/01/26/20:39:16,1723.878027,0.714375,0.879103,0.714375,0.879103,28,30,16,12,0,0,0,0,260,154,144,120
2026/01/26/20:39:17,1724.878189,0.714375,0.879103,0.714375,0.879103,28,30,16,12,0,0,0,0,260,154,144,120
2026/01/26/20:39:18,1725.878396,0.714375,0.879103,0.714375,0.879103,28,30,16,12,0,0,0,0,260,154,144,120
2026/01/26/20:39:19,1726.878458,0.714375,0.879103,0.714375,0.879103,28,30,16,12,0,0,0,0,260,154,144,120
2026/01/26/20:39:20,1727.878565,0.714375,0.879103,0.714375,0.879103,28,30,16,12,0,0,0,0,260,154,144,120
2026/01/26/20:39:21,1728.878670,0.714375,0.879103,0.714375,0.879103,28,30,16,12,0,0,0,0,260,154,144,120
2026/01/26/20:39:22,1729.878859,0.714375,0.879103,0.714375,0.879103,28,30,16,12,0,0,0,0,260,154,144,120
2026/01/26/20:39:23,1730.879019,0.714375,0.879103,0.714375,0.879103,28,30,16,12,0,0,0,0,260,154,144,120
2026/01/26/20:39:24,1731.879166,0.714375,0.879103,0.714375,0.879103,28,30,16,12,0,0,0,0,260,154,144,120
2026/01/26/20:39:25,1732.879279,0.714375,0.879103,0.714375,0.879103,28,30,16,12,0,0,0,0,260,154,144,120
2026/01/26/20:39:26,1733.879476,0.714375,0.879103,0.714375,0.879103,28,30,16,12,0,0,0,0,260,154,144,120
2026/01/26/20:39:27,1734.879576,0.714375,0.879103,0.714375,0.879103,28,30,16,12,0,0,0,0,260,154,144,120
2026/01/26/20:39:28,1735.879740,0.714375,0.879103,0.714375,0.879103,28,30,16,12,0,0,0,0,260,154,144,120
2026/01/26/20:39:29,1736.879928,0.714375,0.879103,0.714375,0.879103,28,30,16,12,0,0,0,0,260,154,144,120
2026/01/26/20:39:30,1737.880039,0.703625,0.871419,0.703625,0.871419,28,30,14,12,0,0,0,0,260,154,146,120
2026/01/26/20:39:31,1738.880149,0.703625,0.871419,0.703625,0.871419,28,30,14,12,0,0,0,0,260,154,146,120
2026/01/26/20:39:32,1739.880312,0.703625,0.871419,0.703625,0.871419,28,30,14,12,0,0,0,0,260,154,146,120
2026/01/26/20:39:33,1740.880473,0.703625,0.871419,0.703625,0.871419,28,30,14,12,0,0,0,0,260,154,146,120
2026/01/26/20:39:34,1741.880568,0.703625,0.871419,0.703625,0.871419,28,30,14,12,0,0,0,0,260,154,146,120
2026/01/26/20:39:35,1742.880740,0.708438,0.875442,0.708438,0.875442,28,30,14,13,0,0,0,0,260,154,146,120
2026/01/26/20:39:36,1743.880851,0.708438,0.875442,0.708438,0.875442,28,30,14,13,0,0,0,0,260,154,146,120
2026/01/26/20:39:37,1744.880968,0.748500,0.906104,0.748500,0.906104,32,33,14,13,0,0,0,0,260,154,146,120
2026/01/26/20:39:38,1745.881130,0.743687,0.902080,0.743687,0.902080,32,33,14,12,0,0,0,0,260,154,146,121
2026/01/26/20:39:39,1746.881320,0.743687,0.902080,0.743687,0.902080,32,33,14,12,0,0,0,0,260,154,146,121
2026/01/26/20:39:40,1747.881413,0.755313,0.909065,0.768625,0.998614,33,33,14,13,0,3,0,0,262,154,146,121
2026/01/26/20:39:41,1748.881525,0.785563,0.924152,0.798875,1.013701,33,35,16,13,0,3,0,0,262,154,146,121
2026/01/26/20:39:42,1749.881627,0.793750,0.931397,0.829125,1.025554,33,36,16,13,0,4,0,0,262,154,146,121
2026/01/26/20:39:43,1750.881798,0.781375,0.924926,0.812312,0.989232,33,34,16,13,0,3,0,0,262,156,146,121
2026/01/26/20:39:44,1751.881881,0.781375,0.924926,0.803438,0.929533,33,34,16,13,0,1,0,0,262,156,146,121
2026/01/26/20:39:45,1752.881982,0.781375,0.924926,0.803438,0.929533,33,34,16,13,0,1,0,0,262,156,146,121
2026/01/26/20:39:46,1753.882092,0.781750,0.917259,0.781750,0.917259,33,35,14,12,0,0,0,0,262,156,148,122
2026/01/26/20:39:47,1754.882259,0.781750,0.917259,0.781750,0.917259,33,35,14,12,0,0,0,0,262,156,148,122
2026/01/26/20:39:48,1755.882344,0.744500,0.901250,0.744500,0.901250,30,34,14,12,0,0,0,0,265,157,148,122
2026/01/26/20:39:49,1756.882460,0.744500,0.901250,0.744500,0.901250,30,34,14,12,0,0,0,0,265,157,148,122
2026/01/26/20:39:50,1757.882569,0.736313,0.894004,0.736313,0.894004,30,33,14,12,0,0,0,0,265,158,148,122
2026/01/26/20:39:51,1758.882733,0.736313,0.894004,0.736313,0.894004,30,33,14,12,0,0,0,0,265,158,148,122
2026/01/26/20:39:52,1759.882926,0.736313,0.894004,0.736313,0.894004,30,33,14,12,0,0,0,0,265,158,148,122
2026/01/26/20:39:53,1760.883038,0.736313,0.894004,0.736313,0.894004,30,33,14,12,0,0,0,0,265,158,148,122
2026/01/26/20:39:54,1761.883130,0.736313,0.894004,0.736313,0.894004,30,33,14,12,0,0,0,0,265,158,148,122
2026/01/26/20:39:55,1762.883238,0.736313,0.894004,0.736313,0.894004,30,33,14,12,0,0,0,0,265,158,148,122
2026/01/26/20:39:56,1763.883348,0.736313,0.894004,0.736313,0.894004,30,33,14,12,0,0,0,0,265,158,148,122
2026/01/26/20:39:57,1764.883504,0.736313,0.894004,0.736313,0.894004,30,33,14,12,0,0,0,0,265,158,148,122
2026/01/26/20:39:58,1765.883609,0.736313,0.894004,0.736313,0.894004,30,33,14,12,0,0,0,0,265,158,148,122
2026/01/26/20:39:59,1766.883800,0.769875,0.913157,0.769875,0.913157,30,33,17,14,0,0,0,0,265,158,148,122
2026/01/26/20:40:00,1767.883911,0.794188,0.941387,0.815750,1.004042,30,37,17,15,2,1,0,3,266,158,148,122
2026/01/26/20:40:01,1768.884093,0.797625,0.944533,0.849375,1.047708,31,37,17,15,3,2,0,5,266,158,148,122
2026/01/26/20:40:02,1769.884196,0.797625,0.944533,0.864500,1.071896,31,37,17,15,5,2,0,5,266,158,148,122
2026/01/26/20:40:03,1770.884298,0.804312,0.957796,0.846875,1.056137,31,37,14,18,5,1,0,2,266,158,151,122
2026/01/26/20:40:04,1771.884430,0.798375,0.954369,0.818250,1.016428,30,37,14,18,2,1,0,2,267,158,151,122
2026/01/26/20:40:05,1772.884541,0.798375,0.954369,0.818250,1.016428,30,37,14,18,2,1,0,2,267,158,151,122
2026/01/26/20:40:06,1773.884643,0.770000,0.942228,0.773375,0.953821,30,34,14,17,0,1,0,0,267,161,151,125
2026/01/26/20:40:07,1774.884785,0.766312,0.936137,0.769687,0.947729,29,34,14,17,0,1,0,0,268,161,151,125
2026/01/26/20:40:08,1775.884949,0.766312,0.936137,0.769687,0.947729,29,34,14,17,0,1,0,0,268,161,151,125
2026/01/26/20:40:09,1776.885096,0.766312,0.936137,0.769687,0.947729,29,34,14,17,0,1,0,0,268,161,151,125
2026/01/26/20:40:10,1777.885201,0.766312,0.936137,0.769687,0.947729,29,34,14,17,0,1,0,0,268,161,151,125
2026/01/26/20:40:11,1778.885306,0.766312,0.936137,0.769687,0.947729,29,34,14,17,0,1,0,0,268,161,151,125
2026/01/26/20:40:12,1779.885413,0.766312,0.936137,0.769687,0.947729,29,34,14,17,0,1,0,0,268,161,151,125
2026/01/26/20:40:13,1780.885566,0.766312,0.936137,0.769687,0.947729,29,34,14,17,0,1,0,0,268,161,151,125
2026/01/26/20:40:14,1781.885666,0.763687,0.942610,0.763687,0.942610,29,34,14,17,0,0,0,0,268,162,151,125
2026/01/26/20:40:15,1782.885789,0.763687,0.942610,0.763687,0.942610,29,34,14,17,0,0,0,0,268,162,151,125
2026/01/26/20:40:16,1783.885915,0.763687,0.942610,0.771687,0.963083,29,34,14,17,2,0,0,0,268,162,151,125
2026/01/26/20:40:17,1784.886020,0.744437,0.944739,0.748437,0.954975,30,34,14,15,1,0,0,0,268,162,151,127
2026/01/26/20:40:18,1785.886182,0.745062,0.943383,0.745062,0.943383,31,33,14,15,0,0,0,0,268,163,151,127
2026/01/26/20:40:19,1786.886342,0.745062,0.943383,0.745062,0.943383,31,33,14,15,0,0,0,0,268,163,151,127
2026/01/26/20:40:20,1787.886452,0.745062,0.943383,0.745062,0.943383,31,33,14,15,0,0,0,0,268,163,151,127
2026/01/26/20:40:21,1788.886623,0.745062,0.943383,0.745062,0.943383,31,33,14,15,0,0,0,0,268,163,151,127
2026/01/26/20:40:22,1789.886810,0.745062,0.943383,0.745062,0.943383,31,33,14,15,0,0,0,0,268,163,151,127
2026/01/26/20:40:23,1790.886955,0.745062,0.943383,0.745062,0.943383,31,33,14,15,0,0,0,0,268,163,151,127
2026/01/26/20:40:24,1791.887047,0.745062,0.943383,0.745062,0.943383,31,33,14,15,0,0,0,0,268,163,151,127
2026/01/26/20:40:25,1792.887214,0.730062,0.919764,0.730062,0.919764,28,33,14,15,0,0,0,0,271,163,151,127
2026/01/26/20:40:26,1793.887326,0.730062,0.919764,0.730062,0.919764,28,33,14,15,0,0,0,0,271,163,151,127
2026/01/26/20:40:27,1794.887438,0.730062,0.919764,0.730062,0.919764,28,33,14,15,0,0,0,0,271,163,151,127
2026/01/26/20:40:28,1795.887602,0.730062,0.919764,0.730062,0.919764,28,33,14,15,0,0,0,0,271,163,151,127
2026/01/26/20:40:29,1796.887801,0.730062,0.919764,0.730062,0.919764,28,33,14,15,0,0,0,0,271,163,151,127
2026/01/26/20:40:30,1797.887910,0.730062,0.919764,0.730062,0.919764,28,33,14,15,0,0,0,0,271,163,151,127
2026/01/26/20:40:31,1798.888350,0.720938,0.906439,0.720938,0.906439,28,31,14,15,0,0,0,0,271,165,151,127
2026/01/26/20:40:32,1799.888344,0.720938,0.906439,0.720938,0.906439,28,31,14,15,0,0,0,0,271,165,151,127
2026/01/26/20:40:33,1800.888510,0.720938,0.906439,0.720938,0.906439,28,31,14,15,0,0,0,0,271,165,151,127
2026/01/26/20:40:34,1801.888610,0.720938,0.906439,0.720938,0.906439,28,31,14,15,0,0,0,0,271,165,151,127
2026/01/26/20:40:35,1802.888803,0.720938,0.906439,0.720938,0.906439,28,31,14,15,0,0,0,0,271,165,151,127
2026/01/26/20:40:36,1803.889002,0.720938,0.906439,0.720938,0.906439,28,31,14,15,0,0,0,0,271,165,151,127
2026/01/26/20:40:37,1804.889157,0.769625,0.925136,0.831125,0.969011,30,31,15,15,0,2,1,0,272,165,151,127
2026/01/26/20:40:38,1805.889342,0.765625,0.914900,0.827125,0.958775,29,31,15,15,0,2,1,0,273,165,151,127
2026/01/26/20:40:39,1806.889456,0.765625,0.914900,0.827125,0.958775,29,31,15,15,0,2,1,0,273,165,151,127
2026/01/26/20:40:40,1807.889555,0.756250,0.899611,0.808375,0.928197,29,31,14,15,0,2,0,0,273,165,152,127
2026/01/26/20:40:41,1808.889725,0.756250,0.899611,0.808375,0.928197,29,31,14,15,0,2,0,0,273,165,152,127
2026/01/26/20:40:42,1809.889853,0.756250,0.899611,0.808375,0.928197,29,31,14,15,0,2,0,0,273,165,152,127
2026/01/26/20:40:43,1810.889956,0.756250,0.899611,0.756250,0.899611,29,31,14,15,0,0,0,0,273,165,152,127
2026/01/26/20:40:44,1811.890060,0.756250,0.899611,0.756250,0.899611,29,31,14,15,0,0,0,0,273,165,152,127
2026/01/26/20:40:45,1812.890235,0.756250,0.899611,0.756250,0.899611,29,31,14,15,0,0,0,0,273,165,152,127
2026/01/26/20:40:46,1813.890354,0.756250,0.899611,0.756250,0.899611,29,31,14,15,0,0,0,0,273,165,152,127
2026/01/26/20:40:47,1814.890481,0.756250,0.899611,0.756250,0.899611,29,31,14,15,0,0,0,0,273,165,152,127
2026/01/26/20:40:48,1815.890638,0.804937,0.945173,0.804937,0.945173,31,33,17,15,0,0,0,0,273,165,152,127
2026/01/26/20:40:49,1816.890827,0.804937,0.945173,0.804937,0.945173,31,33,17,15,0,0,0,0,273,165,152,127
2026/01/26/20:40:50,1817.890856,0.797438,0.935262,0.797438,0.935262,31,32,17,15,0,0,0,0,273,166,152,127
2026/01/26/20:40:51,1818.890990,0.772687,0.914207,0.772687,0.914207,31,32,14,15,0,0,0,0,273,166,155,127
2026/01/26/20:40:52,1819.891052,0.762813,0.907050,0.762813,0.907050,29,32,14,15,0,0,0,0,275,166,155,127
2026/01/26/20:40:53,1820.891172,0.762813,0.907050,0.762813,0.907050,29,32,14,15,0,0,0,0,275,166,155,127
2026/01/26/20:40:54,1821.891282,0.756250,0.899611,0.756250,0.899611,29,31,14,15,0,0,0,0,275,167,155,127
2026/01/26/20:40:55,1822.891386,0.756250,0.899611,0.756250,0.899611,29,31,14,15,0,0,0,0,275,167,155,127
2026/01/26/20:40:56,1823.891559,0.756250,0.899611,0.756250,0.899611,29,31,14,15,0,0,0,0,275,167,155,127
2026/01/26/20:40:57,1824.891705,0.766625,0.909379,0.766625,0.909379,31,31,14,15,0,0,0,0,275,167,155,127
2026/01/26/20:40:58,1825.891883,0.794687,0.940486,0.801063,0.962148,32,31,17,15,0,0,0,2,275,167,155,127
2026/01/26/20:40:59,1826.891975,0.794687,0.940486,0.801063,0.962148,32,31,17,15,0,0,0,2,275,167,155,127
2026/01/26/20:41:00,1827.892103,0.778563,0.937214,0.778563,0.937214,32,31,14,17,0,0,0,0,275,167,158,127
2026/01/26/20:41:01,1828.892289,0.768188,0.927446,0.768188,0.927446,30,31,14,17,0,0,0,0,277,167,158,127
2026/01/26/20:41:02,1829.892469,0.768188,0.927446,0.768188,0.927446,30,31,14,17,0,0,0,0,277,167,158,127
2026/01/26/20:41:03,1830.892652,0.768188,0.927446,0.768188,0.927446,30,31,14,17,0,0,0,0,277,167,158,127
2026/01/26/20:41:04,1831.892744,0.758437,0.893420,0.758437,0.893420,30,31,14,14,0,0,0,0,277,167,158,130
2026/01/26/20:41:05,1832.892908,0.758437,0.893420,0.758437,0.893420,30,31,14,14,0,0,0,0,277,167,158,130
2026/01/26/20:41:06,1833.893085,0.758437,0.893420,0.758437,0.893420,30,31,14,14,0,0,0,0,277,167,158,130
2026/01/26/20:41:07,1834.893198,0.758437,0.893420,0.758437,0.893420,30,31,14,14,0,0,0,0,277,167,158,130
2026/01/26/20:41:08,1835.893367,0.758437,0.893420,0.758437,0.893420,30,31,14,14,0,0,0,0,277,167,158,130
2026/01/26/20:41:09,1836.893532,0.758437,0.893420,0.758437,0.893420,30,31,14,14,0,0,0,0,277,167,158,130
2026/01/26/20:41:10,1837.893644,0.752875,0.887248,0.752875,0.887248,29,31,14,14,0,0,0,0,278,167,158,130
2026/01/26/20:41:11,1838.893787,0.752875,0.887248,0.752875,0.887248,29,31,14,14,0,0,0,0,278,167,158,130
2026/01/26/20:41:12,1839.893861,0.740125,0.879927,0.740125,0.879927,29,31,14,12,0,0,0,0,278,167,158,132
2026/01/26/20:41:13,1840.894035,0.740125,0.879927,0.740125,0.879927,29,31,14,12,0,0,0,0,278,167,158,132
2026/01/26/20:41:14,1841.894119,0.740125,0.879927,0.743563,0.890523,29,31,14,12,0,0,0,1,278,167,158,132
2026/01/26/20:41:15,1842.894260,0.761188,0.929566,0.766875,0.950353,29,32,14,17,1,0,0,0,278,167,158,132
2026/01/26/20:41:16,1843.894420,0.761188,0.929566,0.766875,0.950353,29,32,14,17,1,0,0,0,278,167,158,132
2026/01/26/20:41:17,1844.894498,0.743875,0.883445,0.743875,0.883445,29,32,14,12,0,0,0,0,278,167,158,137
2026/01/26/20:41:18,1845.894627,0.774312,0.912761,0.774312,0.912761,31,32,17,12,0,0,0,0,278,167,158,137
2026/01/26/20:41:19,1846.894825,0.774312,0.912761,0.774312,0.912761,31,32,17,12,0,0,0,0,278,167,158,137
2026/01/26/20:41:20,1847.894948,0.770563,0.909243,0.770563,0.909243,31,31,17,12,0,0,0,0,278,168,158,137
2026/01/26/20:41:21,1848.895121,0.770563,0.909243,0.770563,0.909243,31,31,17,12,0,0,0,0,278,168,158,137
2026/01/26/20:41:22,1849.895288,0.770563,0.909243,0.770563,0.909243,31,31,17,12,0,0,0,0,278,168,158,137
2026/01/26/20:41:23,1850.895468,0.770563,0.909243,0.770563,0.909243,31,31,17,12,0,0,0,0,278,168,158,137
2026/01/26/20:41:24,1851.895622,0.770563,0.909243,0.770563,0.909243,31,31,17,12,0,0,0,0,278,168,158,137
2026/01/26/20:41:25,1852.895731,0.770563,0.909243,0.770563,0.909243,31,31,17,12,0,0,0,0,278,168,158,137
2026/01/26/20:41:26,1853.895900,0.770563,0.909243,0.770563,0.909243,31,31,17,12,0,0,0,0,278,168,158,137
2026/01/26/20:41:27,1854.896020,0.770563,0.909243,0.770563,0.909243,31,31,17,12,0,0,0,0,278,168,158,137
2026/01/26/20:41:28,1855.896125,0.770563,0.909243,0.770563,0.909243,31,31,17,12,0,0,0,0,278,168,158,137
2026/01/26/20:41:29,1856.896284,0.815875,0.944468,0.842187,0.962231,35,31,21,12,1,0,1,1,278,168,158,137
2026/01/26/20:41:30,1857.896372,0.829625,0.957045,0.849063,0.971438,36,33,21,12,0,0,1,1,278,168,158,137
2026/01/26/20:41:31,1858.896469,0.816875,0.951701,0.832937,0.957516,36,33,20,12,0,0,0,1,278,168,160,137
2026/01/26/20:41:32,1859.896620,0.796250,0.935755,0.812312,0.941570,34,31,20,12,0,0,0,1,280,170,160,137
2026/01/26/20:41:33,1860.896751,0.792250,0.931174,0.808312,0.936989,34,31,19,12,0,0,0,1,280,170,161,137
2026/01/26/20:41:34,1861.896898,0.792250,0.931174,0.808312,0.936989,34,31,19,12,0,0,0,1,280,170,161,137
2026/01/26/20:41:35,1862.897069,0.792250,0.931174,0.808312,0.936989,34,31,19,12,0,0,0,1,280,170,161,137
2026/01/26/20:41:36,1863.897238,0.792250,0.931174,0.808312,0.936989,34,31,19,12,0,0,0,1,280,170,161,137
2026/01/26/20:41:37,1864.897329,0.792250,0.931174,0.808312,0.936989,34,31,19,12,0,0,0,1,280,170,161,137
2026/01/26/20:41:38,1865.897448,0.784500,0.923273,0.800562,0.929089,32,31,19,12,0,0,0,1,282,170,161,137
2026/01/26/20:41:39,1866.897618,0.784500,0.923273,0.800562,0.929089,32,31,19,12,0,0,0,1,282,170,161,137
2026/01/26/20:41:40,1867.897891,0.790813,0.898849,0.790813,0.898849,32,31,18,11,0,0,0,0,282,170,162,139
2026/01/26/20:41:41,1868.897974,0.790813,0.898849,0.790813,0.898849,32,31,18,11,0,0,0,0,282,170,162,139
2026/01/26/20:41:42,1869.898090,0.790813,0.898849,0.790813,0.898849,32,31,18,11,0,0,0,0,282,170,162,139
2026/01/26/20:41:43,1870.898210,0.790813,0.898849,0.790813,0.898849,32,31,18,11,0,0,0,0,282,170,162,139
2026/01/26/20:41:44,1871.898290,0.790813,0.898849,0.790813,0.898849,32,31,18,11,0,0,0,0,282,170,162,139
2026/01/26/20:41:45,1872.898388,0.790813,0.898849,0.790813,0.898849,32,31,18,11,0,0,0,0,282,170,162,139
2026/01/26/20:41:46,1873.898499,0.790813,0.898849,0.790813,0.898849,32,31,18,11,0,0,0,0,282,170,162,139
2026/01/26/20:41:47,1874.898602,0.785438,0.895403,0.785438,0.895403,32,31,17,11,0,0,0,0,282,170,163,139
2026/01/26/20:41:48,1875.898696,0.782000,0.892257,0.782000,0.892257,31,31,17,11,0,0,0,0,283,170,163,139
2026/01/26/20:41:49,1876.898833,0.782000,0.892257,0.782000,0.892257,31,31,17,11,0,0,0,0,283,170,163,139
2026/01/26/20:41:50,1877.898946,0.782000,0.892257,0.782000,0.892257,31,31,17,11,0,0,0,0,283,170,163,139
2026/01/26/20:41:51,1878.899056,0.782000,0.892257,0.782000,0.892257,31,31,17,11,0,0,0,0,283,170,163,139
2026/01/26/20:41:52,1879.899159,0.782000,0.892257,0.782000,0.892257,31,31,17,11,0,0,0,0,283,170,163,139
2026/01/26/20:41:53,1880.899272,0.782000,0.892257,0.782000,0.892257,31,31,17,11,0,0,0,0,283,170,163,139
2026/01/26/20:41:54,1881.899379,0.782000,0.892257,0.782000,0.892257,31,31,17,11,0,0,0,0,283,170,163,139
2026/01/26/20:41:55,1882.899502,0.782000,0.892257,0.782000,0.892257,31,31,17,11,0,0,0,0,283,170,163,139
2026/01/26/20:41:56,1883.899610,0.782000,0.892257,0.782000,0.892257,31,31,17,11,0,0,0,0,283,170,163,139
2026/01/26/20:41:57,1884.899709,0.782000,0.892257,0.782000,0.892257,31,31,17,11,0,0,0,0,283,170,163,139
2026/01/26/20:41:58,1885.899836,0.782000,0.892257,0.782000,0.892257,31,31,17,11,0,0,0,0,283,170,163,139
2026/01/26/20:41:59,1886.900001,0.782000,0.892257,0.782000,0.892257,31,31,17,11,0,0,0,0,283,170,163,139
2026/01/26/20:42:00,1887.900105,0.782000,0.892257,0.782000,0.892257,31,31,17,11,0,0,0,0,283,170,163,139
2026/01/26/20:42:01,1888.900271,0.782000,0.892257,0.782000,0.892257,31,31,17,11,0,0,0,0,283,170,163,139
2026/01/26/20:42:02,1889.900375,0.782000,0.892257,0.782000,0.892257,31,31,17,11,0,0,0,0,283,170,163,139
2026/01/26/20:42:03,1890.900544,0.782000,0.892257,0.782000,0.892257,31,31,17,11,0,0,0,0,283,170,163,139
2026/01/26/20:42:04,1891.900704,0.782000,0.892257,0.782000,0.892257,31,31,17,11,0,0,0,0,283,170,163,139
2026/01/26/20:42:05,1892.900852,0.782000,0.892257,0.782000,0.892257,31,31,17,11,0,0,0,0,283,170,163,139
2026/01/26/20:42:06,1893.901019,0.782000,0.892257,0.782000,0.892257,31,31,17,11,0,0,0,0,283,170,163,139
2026/01/26/20:42:07,1894.901178,0.782000,0.892257,0.782000,0.892257,31,31,17,11,0,0,0,0,283,170,163,139
2026/01/26/20:42:08,1895.901346,0.782000,0.892257,0.782000,0.892257,31,31,17,11,0,0,0,0,283,170,163,139
2026/01/26/20:42:09,1896.901447,0.775937,0.888545,0.775937,0.888545,31,31,17,10,0,0,0,0,283,170,163,140
2026/01/26/20:42:10,1897.901615,0.732625,0.874901,0.732625,0.874901,28,31,17,10,0,0,0,0,286,170,163,140
2026/01/26/20:42:11,1898.901792,0.798813,0.900834,0.798813,0.900834,31,34,17,10,0,0,0,0,286,170,163,140
2026/01/26/20:42:12,1899.901943,0.805500,0.911077,0.805500,0.911077,32,34,17,10,0,0,0,0,286,170,163,140
2026/01/26/20:42:13,1900.902102,0.805500,0.911077,0.805500,0.911077,32,34,17,10,0,0,0,0,286,170,163,140
2026/01/26/20:42:14,1901.902256,0.805500,0.911077,0.805500,0.911077,32,34,17,10,0,0,0,0,286,170,163,140
2026/01/26/20:42:15,1902.902431,0.805500,0.911077,0.805500,0.911077,32,34,17,10,0,0,0,0,286,170,163,140
2026/01/26/20:42:16,1903.902599,0.805500,0.911077,0.805500,0.911077,32,34,17,10,0,0,0,0,286,170,163,140
2026/01/26/20:42:17,1904.902699,0.805500,0.911077,0.805500,0.911077,32,34,17,10,0,0,0,0,286,170,163,140
2026/01/26/20:42:18,1905.902852,0.798813,0.900834,0.798813,0.900834,31,34,17,10,0,0,0,0,287,170,163,140
2026/01/26/20:42:19,1906.902996,0.798813,0.900834,0.798813,0.900834,31,34,17,10,0,0,0,0,287,170,163,140
2026/01/26/20:42:20,1907.903112,0.798813,0.900834,0.798813,0.900834,31,34,17,10,0,0,0,0,287,170,163,140
2026/01/26/20:42:21,1908.903297,0.798813,0.900834,0.798813,0.900834,31,34,17,10,0,0,0,0,287,170,163,140
2026/01/26/20:42:22,1909.903405,0.798813,0.900834,0.798813,0.900834,31,34,17,10,0,0,0,0,287,170,163,140
2026/01/26/20:42:23,1910.903529,0.798813,0.900834,0.798813,0.900834,31,34,17,10,0,0,0,0,287,170,163,140
2026/01/26/20:42:24,1911.903679,0.798813,0.900834,0.798813,0.900834,31,34,17,10,0,0,0,0,287,170,163,140
2026/01/26/20:42:25,1912.903871,0.798813,0.900834,0.798813,0.900834,31,34,17,10,0,0,0,0,287,170,163,140
2026/01/26/20:42:26,1913.903982,0.798813,0.900834,0.798813,0.900834,31,34,17,10,0,0,0,0,287,170,163,140
2026/01/26/20:42:27,1914.904089,0.798813,0.900834,0.798813,0.900834,31,34,17,10,0,0,0,0,287,170,163,140
2026/01/26/20:42:28,1915.904258,0.798813,0.900834,0.798813,0.900834,31,34,17,10,0,0,0,0,287,170,163,140
2026/01/26/20:42:29,1916.904426,0.798813,0.900834,0.798813,0.900834,31,34,17,10,0,0,0,0,287,170,163,140
2026/01/26/20:42:30,1917.904550,0.798813,0.900834,0.798813,0.900834,31,34,17,10,0,0,0,0,287,170,163,140
2026/01/26/20:42:31,1918.904698,0.798813,0.900834,0.798813,0.900834,31,34,17,10,0,0,0,0,287,170,163,140
2026/01/26/20:42:32,1919.904869,0.798813,0.900834,0.798813,0.900834,31,34,17,10,0,0,0,0,287,170,163,140
2026/01/26/20:42:33,1920.905004,0.798813,0.900834,0.798813,0.900834,31,34,17,10,0,0,0,0,287,170,163,140
2026/01/26/20:42:34,1921.905153,0.765437,0.876730,0.765437,0.876730,28,31,17,10,0,0,0,0,290,173,163,140
2026/01/26/20:42:35,1922.905265,0.765437,0.876730,0.765437,0.876730,28,31,17,10,0,0,0,0,290,173,163,140
2026/01/26/20:42:36,1923.905426,0.765437,0.876730,0.765437,0.876730,28,31,17,10,0,0,0,0,290,173,163,140
2026/01/26/20:42:37,1924.905533,0.699250,0.850796,0.699250,0.850796,25,28,17,10,0,0,0,0,293,176,163,140
2026/01/26/20:42:38,1925.905703,0.699250,0.850796,0.699250,0.850796,25,28,17,10,0,0,0,0,293,176,163,140
2026/01/26/20:42:39,1926.905863,0.699250,0.850796,0.699250,0.850796,25,28,17,10,0,0,0,0,293,176,163,140
2026/01/26/20:42:40,1927.906026,0.699250,0.850796,0.699250,0.850796,25,28,17,10,0,0,0,0,293,176,163,140
2026/01/26/20:42:41,1928.906143,0.699250,0.850796,0.699250,0.850796,25,28,17,10,0,0,0,0,293,176,163,140
2026/01/26/20:42:42,1929.906423,0.699250,0.850796,0.699250,0.850796,25,28,17,10,0,0,0,0,293,176,163,140
2026/01/26/20:42:43,1930.906570,0.699250,0.850796,0.699250,0.850796,25,28,17,10,0,0,0,0,293,176,163,140
2026/01/26/20:42:44,1931.906740,0.699250,0.850796,0.699250,0.850796,25,28,17,10,0,0,0,0,293,176,163,140
2026/01/26/20:42:45,1932.906928,0.699250,0.850796,0.699250,0.850796,25,28,17,10,0,0,0,0,293,176,163,140
2026/01/26/20:42:46,1933.907039,0.699250,0.850796,0.699250,0.850796,25,28,17,10,0,0,0,0,293,176,163,140
2026/01/26/20:42:47,1934.907202,0.699250,0.850796,0.699250,0.850796,25,28,17,10,0,0,0,0,293,176,163,140
2026/01/26/20:42:48,1935.907317,0.699250,0.850796,0.699250,0.850796,25,28,17,10,0,0,0,0,293,176,163,140
2026/01/26/20:42:49,1936.907484,0.699250,0.850796,0.699250,0.850796,25,28,17,10,0,0,0,0,293,176,163,140
2026/01/26/20:42:50,1937.907605,0.699250,0.850796,0.699250,0.850796,25,28,17,10,0,0,0,0,293,176,163,140
2026/01/26/20:42:51,1938.907701,0.699250,0.850796,0.699250,0.850796,25,28,17,10,0,0,0,0,293,176,163,140
2026/01/26/20:42:52,1939.907879,0.699250,0.850796,0.699250,0.850796,25,28,17,10,0,0,0,0,293,176,163,140
2026/01/26/20:42:53,1940.908007,0.699250,0.850796,0.699250,0.850796,25,28,17,10,0,0,0,0,293,176,163,140
2026/01/26/20:42:54,1941.908147,0.699250,0.850796,0.699250,0.850796,25,28,17,10,0,0,0,0,293,176,163,140
2026/01/26/20:42:55,1942.908267,0.699250,0.850796,0.699250,0.850796,25,28,17,10,0,0,0,0,293,176,163,140
2026/01/26/20:42:56,1943.908434,0.699250,0.850796,0.699250,0.850796,25,28,17,10,0,0,0,0,293,176,163,140
2026/01/26/20:42:57,1944.908534,0.699250,0.850796,0.699250,0.850796,25,28,17,10,0,0,0,0,293,176,163,140
2026/01/26/20:42:58,1945.908690,0.699250,0.850796,0.699250,0.850796,25,28,17,10,0,0,0,0,293,176,163,140
2026/01/26/20:42:59,1946.908879,0.699250,0.850796,0.699250,0.850796,25,28,17,10,0,0,0,0,293,176,163,140
2026/01/26/20:43:00,1947.909031,0.694312,0.847503,0.694312,0.847503,24,28,17,10,0,0,0,0,294,176,163,140
2026/01/26/20:43:01,1948.909177,0.694312,0.847503,0.694312,0.847503,24,28,17,10,0,0,0,0,294,176,163,140
2026/01/26/20:43:02,1949.909278,0.694312,0.847503,0.694312,0.847503,24,28,17,10,0,0,0,0,294,176,163,140
2026/01/26/20:43:03,1950.909400,0.694312,0.847503,0.694312,0.847503,24,28,17,10,0,0,0,0,294,176,163,140
2026/01/26/20:43:04,1951.909549,0.694312,0.847503,0.694312,0.847503,24,28,17,10,0,0,0,0,294,176,163,140
2026/01/26/20:43:05,1952.909715,0.694312,0.847503,0.694312,0.847503,24,28,17,10,0,0,0,0,294,176,163,140
2026/01/26/20:43:06,1953.909875,0.694312,0.847503,0.694312,0.847503,24,28,17,10,0,0,0,0,294,176,163,140
2026/01/26/20:43:07,1954.910006,0.723375,0.858227,0.723375,0.858227,24,28,20,10,0,0,0,0,294,176,163,140
2026/01/26/20:43:08,1955.910174,0.723375,0.858227,0.723375,0.858227,24,28,20,10,0,0,0,0,294,176,163,140
2026/01/26/20:43:09,1956.910341,0.723375,0.858227,0.723375,0.858227,24,28,20,10,0,0,0,0,294,176,163,140
2026/01/26/20:43:10,1957.910459,0.723375,0.858227,0.723375,0.858227,24,28,20,10,0,0,0,0,294,176,163,140
2026/01/26/20:43:11,1958.910628,0.723375,0.858227,0.723375,0.858227,24,28,20,10,0,0,0,0,294,176,163,140
2026/01/26/20:43:12,1959.910811,0.723375,0.858227,0.723375,0.858227,24,28,20,10,0,0,0,0,294,176,163,140
2026/01/26/20:43:13,1960.910965,0.723375,0.858227,0.723375,0.858227,24,28,20,10,0,0,0,0,294,176,163,140
2026/01/26/20:43:14,1961.911069,0.723375,0.858227,0.723375,0.858227,24,28,20,10,0,0,0,0,294,176,163,140
2026/01/26/20:43:15,1962.911242,0.723375,0.858227,0.723375,0.858227,24,28,20,10,0,0,0,0,294,176,163,140
2026/01/26/20:43:16,1963.911412,0.723375,0.858227,0.723375,0.858227,24,28,20,10,0,0,0,0,294,176,163,140
2026/01/26/20:43:17,1964.911526,0.723375,0.858227,0.723375,0.858227,24,28,20,10,0,0,0,0,294,176,163,140
2026/01/26/20:43:18,1965.911626,0.723375,0.858227,0.723375,0.858227,24,28,20,10,0,0,0,0,294,176,163,140
2026/01/26/20:43:19,1966.911731,0.723375,0.858227,0.723375,0.858227,24,28,20,10,0,0,0,0,294,176,163,140
2026/01/26/20:43:20,1967.911854,0.723375,0.858227,0.723375,0.858227,24,28,20,10,0,0,0,0,294,176,163,140
2026/01/26/20:43:21,1968.912017,0.723375,0.858227,0.723375,0.858227,24,28,20,10,0,0,0,0,294,176,163,140
2026/01/26/20:43:22,1969.912183,0.723375,0.858227,0.723375,0.858227,24,28,20,10,0,0,0,0,294,176,163,140
2026/01/26/20:43:23,1970.912349,0.723375,0.858227,0.723375,0.858227,24,28,20,10,0,0,0,0,294,176,163,140
2026/01/26/20:43:24,1971.912513,0.723375,0.858227,0.723375,0.858227,24,28,20,10,0,0,0,0,294,176,163,140
2026/01/26/20:43:25,1972.912681,0.723375,0.858227,0.723375,0.858227,24,28,20,10,0,0,0,0,294,176,163,140
2026/01/26/20:43:26,1973.912868,0.723375,0.858227,0.723375,0.858227,24,28,20,10,0,0,0,0,294,176,163,140
2026/01/26/20:43:27,1974.913037,0.723375,0.858227,0.723375,0.858227,24,28,20,10,0,0,0,0,294,176,163,140
2026/01/26/20:43:28,1975.913196,0.723375,0.858227,0.723375,0.858227,24,28,20,10,0,0,0,0,294,176,163,140
2026/01/26/20:43:29,1976.913360,0.723375,0.858227,0.723375,0.858227,24,28,20,10,0,0,0,0,294,176,163,140
2026/01/26/20:43:30,1977.913462,0.694312,0.847503,0.694312,0.847503,24,28,17,10,0,0,0,0,294,176,166,140
2026/01/26/20:43:31,1978.913567,0.694312,0.847503,0.694312,0.847503,24,28,17,10,0,0,0,0,294,176,166,140
2026/01/26/20:43:32,1979.913687,0.694312,0.847503,0.694312,0.847503,24,28,17,10,0,0,0,0,294,176,166,140
2026/01/26/20:43:33,1980.913894,0.694312,0.847503,0.694312,0.847503,24,28,17,10,0,0,0,0,294,176,166,140
2026/01/26/20:43:34,1981.913980,0.694312,0.847503,0.694312,0.847503,24,28,17,10,0,0,0,0,294,176,166,140
2026/01/26/20:43:35,1982.914148,0.694312,0.847503,0.694312,0.847503,24,28,17,10,0,0,0,0,294,176,166,140
2026/01/26/20:43:36,1983.914252,0.694312,0.847503,0.694312,0.847503,24,28,17,10,0,0,0,0,294,176,166,140
2026/01/26/20:43:37,1984.914366,0.694312,0.847503,0.694312,0.847503,24,28,17,10,0,0,0,0,294,176,166,140
2026/01/26/20:43:38,1985.914535,0.694312,0.847503,0.694312,0.847503,24,28,17,10,0,0,0,0,294,176,166,140
2026/01/26/20:43:39,1986.914701,0.694312,0.847503,0.694312,0.847503,24,28,17,10,0,0,0,0,294,176,166,140
2026/01/26/20:43:40,1987.914875,0.694312,0.847503,0.694312,0.847503,24,28,17,10,0,0,0,0,294,176,166,140
2026/01/26/20:43:41,1988.914988,0.694312,0.847503,0.694312,0.847503,24,28,17,10,0,0,0,0,294,176,166,140
2026/01/26/20:43:42,1989.915103,0.694312,0.847503,0.694312,0.847503,24,28,17,10,0,0,0,0,294,176,166,140
2026/01/26/20:43:43,1990.915211,0.694312,0.847503,0.694312,0.847503,24,28,17,10,0,0,0,0,294,176,166,140
2026/01/26/20:43:44,1991.915325,0.694312,0.847503,0.694312,0.847503,24,28,17,10,0,0,0,0,294,176,166,140
2026/01/26/20:43:45,1992.915440,0.694312,0.847503,0.694312,0.847503,24,28,17,10,0,0,0,0,294,176,166,140
2026/01/26/20:43:46,1993.915538,0.694312,0.847503,0.694312,0.847503,24,28,17,10,0,0,0,0,294,176,166,140
2026/01/26/20:43:47,1994.915703,0.694312,0.847503,0.694312,0.847503,24,28,17,10,0,0,0,0,294,176,166,140
2026/01/26/20:43:48,1995.915865,0.694312,0.847503,0.694312,0.847503,24,28,17,10,0,0,0,0,294,176,166,140
2026/01/26/20:43:49,1996.915982,0.694312,0.847503,0.694312,0.847503,24,28,17,10,0,0,0,0,294,176,166,140
2026/01/26/20:43:50,1997.916145,0.694312,0.847503,0.694312,0.847503,24,28,17,10,0,0,0,0,294,176,166,140
2026/01/26/20:43:51,1998.916315,0.694312,0.847503,0.694312,0.847503,24,28,17,10,0,0,0,0,294,176,166,140
2026/01/26/20:43:52,1999.916404,0.708812,0.888050,0.708812,0.888050,25,28,18,12,0,0,0,0,294,176,166,140
2026/01/26/20:43:53,2000.916577,0.708812,0.888050,0.708812,0.888050,25,28,18,12,0,0,0,0,294,176,166,140
2026/01/26/20:43:54,2001.916665,0.705187,0.883884,0.705187,0.883884,24,28,18,12,0,0,0,0,295,176,166,140
2026/01/26/20:43:55,2002.916983,0.705187,0.883884,0.705187,0.883884,24,28,18,12,0,0,0,0,295,176,166,140
2026/01/26/20:43:56,2003.916921,0.705187,0.883884,0.705187,0.883884,24,28,18,12,0,0,0,0,295,176,166,140
2026/01/26/20:43:57,2004.917025,0.705187,0.883884,0.705187,0.883884,24,28,18,12,0,0,0,0,295,176,166,140
2026/01/26/20:43:58,2005.917191,0.705187,0.883884,0.705187,0.883884,24,28,18,12,0,0,0,0,295,176,166,140
2026/01/26/20:43:59,2006.917305,0.705187,0.883884,0.705187,0.883884,24,28,18,12,0,0,0,0,295,176,166,140
2026/01/26/20:44:00,2007.917412,0.705187,0.883884,0.705187,0.883884,24,28,18,12,0,0,0,0,295,176,166,140
2026/01/26/20:44:01,2008.917526,0.705187,0.883884,0.705187,0.883884,24,28,18,12,0,0,0,0,295,176,166,140
2026/01/26/20:44:02,2009.917641,0.705187,0.883884,0.705187,0.883884,24,28,18,12,0,0,0,0,295,176,166,140
2026/01/26/20:44:03,2010.917747,0.705187,0.883884,0.705187,0.883884,24,28,18,12,0,0,0,0,295,176,166,140
2026/01/26/20:44:04,2011.917849,0.705187,0.883884,0.705187,0.883884,24,28,18,12,0,0,0,0,295,176,166,140
2026/01/26/20:44:05,2012.918015,0.705187,0.883884,0.705187,0.883884,24,28,18,12,0,0,0,0,295,176,166,140
2026/01/26/20:44:06,2013.918130,0.705187,0.883884,0.705187,0.883884,24,28,18,12,0,0,0,0,295,176,166,140
2026/01/26/20:44:07,2014.918238,0.705187,0.883884,0.705187,0.883884,24,28,18,12,0,0,0,0,295,176,166,140
2026/01/26/20:44:08,2015.918341,0.705187,0.883884,0.705187,0.883884,24,28,18,12,0,0,0,0,295,176,166,140
2026/01/26/20:44:09,2016.918451,0.705187,0.883884,0.705187,0.883884,24,28,18,12,0,0,0,0,295,176,166,140
2026/01/26/20:44:10,2017.918551,0.705187,0.883884,0.705187,0.883884,24,28,18,12,0,0,0,0,295,176,166,140
2026/01/26/20:44:11,2018.918660,0.705187,0.883884,0.705187,0.883884,24,28,18,12,0,0,0,0,295,176,166,140
2026/01/26/20:44:12,2019.918817,0.705187,0.883884,0.705187,0.883884,24,28,18,12,0,0,0,0,295,176,166,140
2026/01/26/20:44:13,2020.918910,0.705187,0.883884,0.705187,0.883884,24,28,18,12,0,0,0,0,295,176,166,140
2026/01/26/20:44:14,2021.919003,0.705187,0.883884,0.705187,0.883884,24,28,18,12,0,0,0,0,295,176,166,140
2026/01/26/20:44:15,2022.919117,0.705187,0.883884,0.705187,0.883884,24,28,18,12,0,0,0,0,295,176,166,140
2026/01/26/20:44:16,2023.919287,0.705187,0.883884,0.705187,0.883884,24,28,18,12,0,0,0,0,295,176,166,140
2026/01/26/20:44:17,2024.919447,0.705187,0.883884,0.705187,0.883884,24,28,18,12,0,0,0,0,295,176,166,140
2026/01/26/20:44:18,2025.919551,0.701187,0.879392,0.701187,0.879392,24,28,17,12,0,0,0,0,295,176,167,140
2026/01/26/20:44:19,2026.919717,0.701187,0.879392,0.701187,0.879392,24,28,17,12,0,0,0,0,295,176,167,140
2026/01/26/20:44:20,2027.919830,0.701187,0.879392,0.731875,0.897479,24,28,17,12,0,3,0,1,295,176,167,140
2026/01/26/20:44:21,2028.919955,0.731875,0.897479,0.731875,0.897479,24,31,17,13,0,0,0,0,295,176,167,140
2026/01/26/20:44:22,2029.920117,0.731875,0.897479,0.731875,0.897479,24,31,17,13,0,0,0,0,295,176,167,140
2026/01/26/20:44:23,2030.920210,0.731875,0.897479,0.731875,0.897479,24,31,17,13,0,0,0,0,295,176,167,140
2026/01/26/20:44:24,2031.920312,0.731875,0.897479,0.731875,0.897479,24,31,17,13,0,0,0,0,295,176,167,140
2026/01/26/20:44:25,2032.920419,0.731875,0.897479,0.731875,0.897479,24,31,17,13,0,0,0,0,295,176,167,140
2026/01/26/20:44:26,2033.920518,0.731875,0.897479,0.731875,0.897479,24,31,17,13,0,0,0,0,295,176,167,140
2026/01/26/20:44:27,2034.920617,0.742625,0.918777,0.812937,1.020167,25,32,18,13,2,0,0,3,295,176,167,140
2026/01/26/20:44:28,2035.920799,0.742625,0.918777,0.812937,1.020167,25,32,18,13,2,0,0,3,295,176,167,140
2026/01/26/20:44:29,2036.920904,0.742625,0.918777,0.796063,0.988146,25,32,18,13,0,0,0,3,295,176,167,140
2026/01/26/20:44:30,2037.921069,0.739250,0.908538,0.792687,0.977907,25,31,18,13,0,0,0,3,295,177,167,140
2026/01/26/20:44:31,2038.921234,0.739250,0.908538,0.792687,0.977907,25,31,18,13,0,0,0,3,295,177,167,140
2026/01/26/20:44:32,2039.921332,0.739250,0.908538,0.792687,0.977907,25,31,18,13,0,0,0,3,295,177,167,140
2026/01/26/20:44:33,2040.921497,0.739250,0.908538,0.792687,0.977907,25,31,18,13,0,0,0,3,295,177,167,140
2026/01/26/20:44:34,2041.921659,0.736000,0.900904,0.789438,0.970273,24,31,18,13,0,0,0,3,296,177,167,140
2026/01/26/20:44:35,2042.921859,0.736000,0.900904,0.789438,0.970273,24,31,18,13,0,0,0,3,296,177,167,140
2026/01/26/20:44:36,2043.921960,0.817250,0.935987,0.930875,1.017918,24,35,19,16,0,3,0,3,296,177,167,140
2026/01/26/20:44:37,2044.922114,0.841562,0.911973,0.881687,0.920348,24,36,19,15,0,2,0,0,296,177,167,142
2026/01/26/20:44:38,2045.922218,0.834313,0.904423,0.874437,0.912797,24,36,18,15,0,2,0,0,296,177,168,142
2026/01/26/20:44:39,2046.922396,0.854313,0.925138,0.854313,0.925138,27,38,18,13,0,0,0,0,296,177,168,144
2026/01/26/20:44:40,2047.922557,0.854313,0.925138,0.854313,0.925138,27,38,18,13,0,0,0,0,296,177,168,144
2026/01/26/20:44:41,2048.922712,0.820063,0.906733,0.820063,0.906733,27,36,18,10,0,0,0,0,296,179,168,147
2026/01/26/20:44:42,2049.922895,0.798312,0.884158,0.798312,0.884158,24,36,18,10,0,0,0,0,299,179,168,147
2026/01/26/20:44:43,2050.923007,0.794188,0.880733,0.794188,0.880733,24,36,17,10,0,0,0,0,299,179,169,147
2026/01/26/20:44:44,2051.923157,0.794188,0.880733,0.794188,0.880733,24,36,17,10,0,0,0,0,299,179,169,147
2026/01/26/20:44:45,2052.923317,0.794188,0.880733,0.794188,0.880733,24,36,17,10,0,0,0,0,299,179,169,147
2026/01/26/20:44:46,2053.923481,0.794188,0.880733,0.794188,0.880733,24,36,17,10,0,0,0,0,299,179,169,147
2026/01/26/20:44:47,2054.923647,0.794188,0.880733,0.794188,0.880733,24,36,17,10,0,0,0,0,299,179,169,147
2026/01/26/20:44:48,2055.923824,0.794188,0.880733,0.794188,0.880733,24,36,17,10,0,0,0,0,299,179,169,147
2026/01/26/20:44:49,2056.923981,0.794188,0.880733,0.794188,0.880733,24,36,17,10,0,0,0,0,299,179,169,147
2026/01/26/20:44:50,2057.924147,0.794188,0.880733,0.794188,0.880733,24,36,17,10,0,0,0,0,299,179,169,147
2026/01/26/20:44:51,2058.924305,0.794188,0.880733,0.794188,0.880733,24,36,17,10,0,0,0,0,299,179,169,147
2026/01/26/20:44:52,2059.924475,0.794188,0.880733,0.794188,0.880733,24,36,17,10,0,0,0,0,299,179,169,147
2026/01/26/20:44:53,2060.924643,0.794188,0.880733,0.794188,0.880733,24,36,17,10,0,0,0,0,299,179,169,147
2026/01/26/20:44:54,2061.924811,0.794188,0.880733,0.794188,0.880733,24,36,17,10,0,0,0,0,299,179,169,147
2026/01/26/20:44:55,2062.924967,0.794188,0.880733,0.794188,0.880733,24,36,17,10,0,0,0,0,299,179,169,147
2026/01/26/20:44:56,2063.925088,0.794188,0.880733,0.794188,0.880733,24,36,17,10,0,0,0,0,299,179,169,147
2026/01/26/20:44:57,2064.925244,0.794188,0.880733,0.794188,0.880733,24,36,17,10,0,0,0,0,299,179,169,147
2026/01/26/20:44:58,2065.925402,0.794188,0.880733,0.794188,0.880733,24,36,17,10,0,0,0,0,299,179,169,147
2026/01/26/20:44:59,2066.925587,0.794188,0.880733,0.794188,0.880733,24,36,17,10,0,0,0,0,299,179,169,147
2026/01/26/20:45:00,2067.925756,0.794188,0.880733,0.794188,0.880733,24,36,17,10,0,0,0,0,299,179,169,147
2026/01/26/20:45:01,2068.925938,0.794188,0.880733,0.794188,0.880733,24,36,17,10,0,0,0,0,299,179,169,147
2026/01/26/20:45:02,2069.926099,0.794188,0.880733,0.794188,0.880733,24,36,17,10,0,0,0,0,299,179,169,147
2026/01/26/20:45:03,2070.926256,0.794188,0.880733,0.794188,0.880733,24,36,17,10,0,0,0,0,299,179,169,147
2026/01/26/20:45:04,2071.926412,0.794188,0.880733,0.794188,0.880733,24,36,17,10,0,0,0,0,299,179,169,147
2026/01/26/20:45:05,2072.926532,0.794188,0.880733,0.794188,0.880733,24,36,17,10,0,0,0,0,299,179,169,147
2026/01/26/20:45:06,2073.926702,0.790500,0.873344,0.790500,0.873344,24,35,17,10,0,0,0,0,299,180,169,147
2026/01/26/20:45:07,2074.926847,0.764062,0.859057,0.764062,0.859057,24,32,17,10,0,0,0,0,299,183,169,147
2026/01/26/20:45:08,2075.927014,0.764062,0.859057,0.764062,0.859057,24,32,17,10,0,0,0,0,299,183,169,147
2026/01/26/20:45:09,2076.927173,0.764062,0.859057,0.764062,0.859057,24,32,17,10,0,0,0,0,299,183,169,147
2026/01/26/20:45:10,2077.927453,0.764062,0.859057,0.764062,0.859057,24,32,17,10,0,0,0,0,299,183,169,147
2026/01/26/20:45:11,2078.927498,0.764062,0.859057,0.764062,0.859057,24,32,17,10,0,0,0,0,299,183,169,147
2026/01/26/20:45:12,2079.927608,0.764062,0.859057,0.764062,0.859057,24,32,17,10,0,0,0,0,299,183,169,147
2026/01/26/20:45:13,2080.927710,0.764062,0.859057,0.764062,0.859057,24,32,17,10,0,0,0,0,299,183,169,147
2026/01/26/20:45:14,2081.927878,0.764062,0.859057,0.764062,0.859057,24,32,17,10,0,0,0,0,299,183,169,147
2026/01/26/20:45:15,2082.928005,0.764062,0.859057,0.764062,0.859057,24,32,17,10,0,0,0,0,299,183,169,147
2026/01/26/20:45:16,2083.928099,0.764062,0.859057,0.764062,0.859057,24,32,17,10,0,0,0,0,299,183,169,147
2026/01/26/20:45:17,2084.928270,0.764062,0.859057,0.764062,0.859057,24,32,17,10,0,0,0,0,299,183,169,147
2026/01/26/20:45:18,2085.928472,0.764062,0.859057,0.764062,0.859057,24,32,17,10,0,0,0,0,299,183,169,147
2026/01/26/20:45:19,2086.928640,0.764062,0.859057,0.764062,0.859057,24,32,17,10,0,0,0,0,299,183,169,147
2026/01/26/20:45:20,2087.928807,0.764062,0.859057,0.764062,0.859057,24,32,17,10,0,0,0,0,299,183,169,147
2026/01/26/20:45:21,2088.928912,0.764062,0.859057,0.764062,0.859057,24,32,17,10,0,0,0,0,299,183,169,147
2026/01/26/20:45:22,2089.929071,0.751437,0.849198,0.751437,0.849198,22,32,17,10,0,0,0,0,301,183,169,147
2026/01/26/20:45:23,2090.929174,0.751437,0.849198,0.751437,0.849198,22,32,17,10,0,0,0,0,301,183,169,147
2026/01/26/20:45:24,2091.929343,0.751437,0.849198,0.751437,0.849198,22,32,17,10,0,0,0,0,301,183,169,147
2026/01/26/20:45:25,2092.929465,0.751437,0.849198,0.751437,0.849198,22,32,17,10,0,0,0,0,301,183,169,147
2026/01/26/20:45:26,2093.929630,0.751437,0.849198,0.751437,0.849198,22,32,17,10,0,0,0,0,301,183,169,147
2026/01/26/20:45:27,2094.929715,0.751437,0.849198,0.751437,0.849198,22,32,17,10,0,0,0,0,301,183,169,147
2026/01/26/20:45:28,2095.929839,0.751437,0.849198,0.751437,0.849198,22,32,17,10,0,0,0,0,301,183,169,147
2026/01/26/20:45:29,2096.929942,0.751437,0.849198,0.751437,0.849198,22,32,17,10,0,0,0,0,301,183,169,147
2026/01/26/20:45:30,2097.930125,0.751437,0.849198,0.751437,0.849198,22,32,17,10,0,0,0,0,301,183,169,147
2026/01/26/20:45:31,2098.930292,0.751437,0.849198,0.751437,0.849198,22,32,17,10,0,0,0,0,301,183,169,147
2026/01/26/20:45:32,2099.930450,0.751437,0.849198,0.751437,0.849198,22,32,17,10,0,0,0,0,301,183,169,147
2026/01/26/20:45:33,2100.930612,0.751437,0.849198,0.751437,0.849198,22,32,17,10,0,0,0,0,301,183,169,147
2026/01/26/20:45:34,2101.930720,0.751437,0.849198,0.751437,0.849198,22,32,17,10,0,0,0,0,301,183,169,147
2026/01/26/20:45:35,2102.930893,0.766188,0.855736,0.766188,0.855736,22,32,17,12,0,0,0,0,301,183,169,147
2026/01/26/20:45:36,2103.931059,0.766188,0.855736,0.766188,0.855736,22,32,17,12,0,0,0,0,301,183,169,147
2026/01/26/20:45:37,2104.931223,0.766188,0.855736,0.766188,0.855736,22,32,17,12,0,0,0,0,301,183,169,147
2026/01/26/20:45:38,2105.931393,0.766188,0.855736,0.766188,0.855736,22,32,17,12,0,0,0,0,301,183,169,147
2026/01/26/20:45:39,2106.931500,0.766188,0.855736,0.766188,0.855736,22,32,17,12,0,0,0,0,301,183,169,147
2026/01/26/20:45:40,2107.931671,0.766188,0.855736,0.766188,0.855736,22,32,17,12,0,0,0,0,301,183,169,147
2026/01/26/20:45:41,2108.931807,0.766188,0.855736,0.766188,0.855736,22,32,17,12,0,0,0,0,301,183,169,147
2026/01/26/20:45:42,2109.931951,0.766188,0.855736,0.766188,0.855736,22,32,17,12,0,0,0,0,301,183,169,147
2026/01/26/20:45:43,2110.932119,0.766188,0.855736,0.766188,0.855736,22,32,17,12,0,0,0,0,301,183,169,147
2026/01/26/20:45:44,2111.932273,0.766188,0.855736,0.766188,0.855736,22,32,17,12,0,0,0,0,301,183,169,147
2026/01/26/20:45:45,2112.932394,0.766188,0.855736,0.766188,0.855736,22,32,17,12,0,0,0,0,301,183,169,147
2026/01/26/20:45:46,2113.932507,0.766188,0.855736,0.766188,0.855736,22,32,17,12,0,0,0,0,301,183,169,147
2026/01/26/20:45:47,2114.932683,0.766188,0.855736,0.766188,0.855736,22,32,17,12,0,0,0,0,301,183,169,147
2026/01/26/20:45:48,2115.932858,0.766188,0.855736,0.766188,0.855736,22,32,17,12,0,0,0,0,301,183,169,147
2026/01/26/20:45:49,2116.932964,0.838875,0.912416,0.844562,0.928064,27,34,17,16,1,0,0,0,301,183,169,147
2026/01/26/20:45:50,2117.933126,0.849500,0.921314,0.855187,0.936962,27,34,17,18,1,0,0,0,301,183,169,147
2026/01/26/20:45:51,2118.933268,0.859000,0.927292,0.914562,0.995456,27,34,17,20,6,0,0,0,303,183,169,147
2026/01/26/20:45:52,2119.933436,0.853250,0.929238,0.897188,0.987573,29,32,17,20,4,0,0,0,303,185,169,147
2026/01/26/20:45:53,2120.933548,0.841625,0.919410,0.879875,0.962097,27,32,17,20,3,0,0,0,305,185,169,147
2026/01/26/20:45:54,2121.933644,0.841625,0.919410,0.879875,0.962097,27,32,17,20,3,0,0,0,305,185,169,147
2026/01/26/20:45:55,2122.933840,0.830875,0.913087,0.830875,0.913087,27,32,17,18,0,0,0,0,305,185,169,149
2026/01/26/20:45:56,2123.934007,0.830875,0.913087,0.830875,0.913087,27,32,17,18,0,0,0,0,305,185,169,149
2026/01/26/20:45:57,2124.934172,0.830875,0.913087,0.830875,0.913087,27,32,17,18,0,0,0,0,305,185,169,149
2026/01/26/20:45:58,2125.934326,0.824000,0.900358,0.824000,0.900358,25,32,17,18,0,0,0,0,307,185,169,149
2026/01/26/20:45:59,2126.934441,0.809500,0.888169,0.809500,0.888169,23,32,17,18,0,0,0,0,309,185,169,149
2026/01/26/20:46:00,2127.934605,0.809500,0.888169,0.809500,0.888169,23,32,17,18,0,0,0,0,309,185,169,149
2026/01/26/20:46:01,2128.934788,0.809500,0.888169,0.809500,0.888169,23,32,17,18,0,0,0,0,309,185,169,149
2026/01/26/20:46:02,2129.934851,0.809500,0.888169,0.809500,0.888169,23,32,17,18,0,0,0,0,309,185,169,149
2026/01/26/20:46:03,2130.934976,0.809500,0.888169,0.809500,0.888169,23,32,17,18,0,0,0,0,309,185,169,149
2026/01/26/20:46:04,2131.935128,0.809500,0.888169,0.809500,0.888169,23,32,17,18,0,0,0,0,309,185,169,149
2026/01/26/20:46:05,2132.935296,0.840500,0.898976,0.840500,0.898976,26,32,18,16,0,0,0,0,309,185,169,151
2026/01/26/20:46:06,2133.935448,0.836688,0.894676,0.836688,0.894676,26,32,18,15,0,0,0,0,309,185,169,152
2026/01/26/20:46:07,2134.935650,0.847812,0.897844,0.860688,0.902243,28,32,18,15,0,0,1,0,309,185,170,152
2026/01/26/20:46:08,2135.935758,0.847812,0.897844,0.860688,0.902243,28,32,18,15,0,0,1,0,309,185,170,152
2026/01/26/20:46:09,2136.935934,0.842938,0.891121,0.855812,0.895521,27,32,18,15,0,0,1,0,310,185,170,152
2026/01/26/20:46:10,2137.936037,0.842875,0.891682,0.842875,0.891682,27,32,19,14,0,0,0,0,310,185,170,153
2026/01/26/20:46:11,2138.936199,0.842875,0.891682,0.842875,0.891682,27,32,19,14,0,0,0,0,310,185,170,153
2026/01/26/20:46:12,2139.936369,0.826812,0.885867,0.826812,0.885867,27,32,19,13,0,0,0,0,310,185,170,154
2026/01/26/20:46:13,2140.936533,0.826812,0.885867,0.826812,0.885867,27,32,19,13,0,0,0,0,310,185,170,154
2026/01/26/20:46:14,2141.936639,0.826812,0.885867,0.826812,0.885867,27,32,19,13,0,0,0,0,310,185,170,154
2026/01/26/20:46:15,2142.936827,0.826812,0.885867,0.826812,0.885867,27,32,19,13,0,0,0,0,310,185,170,154
2026/01/26/20:46:16,2143.936972,0.826750,0.909799,0.826750,0.909799,24,35,21,13,0,0,0,0,313,185,170,154
2026/01/26/20:46:17,2144.937136,0.826750,0.909799,0.826750,0.909799,24,35,21,13,0,0,0,0,313,185,170,154
2026/01/26/20:46:18,2145.937304,0.826750,0.909799,0.826750,0.909799,24,35,21,13,0,0,0,0,313,185,170,154
2026/01/26/20:46:19,2146.937470,0.826750,0.909799,0.826750,0.909799,24,35,21,13,0,0,0,0,313,185,170,154
2026/01/26/20:46:20,2147.937680,0.826750,0.909799,0.826750,0.909799,24,35,21,13,0,0,0,0,313,185,170,154
2026/01/26/20:46:21,2148.937811,0.826750,0.909799,0.826750,0.909799,24,35,21,13,0,0,0,0,313,185,170,154
2026/01/26/20:46:22,2149.937964,0.826750,0.909799,0.826750,0.909799,24,35,21,13,0,0,0,0,313,185,170,154
2026/01/26/20:46:23,2150.938128,0.826750,0.909799,0.826750,0.909799,24,35,21,13,0,0,0,0,313,185,170,154
2026/01/26/20:46:24,2151.938282,0.794375,0.891016,0.794375,0.891016,24,32,20,13,0,0,0,0,313,188,171,154
2026/01/26/20:46:25,2152.938458,0.786375,0.884401,0.786375,0.884401,22,32,20,13,0,0,0,0,315,188,171,154
2026/01/26/20:46:26,2153.938571,0.786375,0.884401,0.786375,0.884401,22,32,20,13,0,0,0,0,315,188,171,154
2026/01/26/20:46:27,2154.938736,0.786375,0.884401,0.786375,0.884401,22,32,20,13,0,0,0,0,315,188,171,154
2026/01/26/20:46:28,2155.938861,0.786375,0.884401,0.786375,0.884401,22,32,20,13,0,0,0,0,315,188,171,154
2026/01/26/20:46:29,2156.939025,0.786375,0.884401,0.786375,0.884401,22,32,20,13,0,0,0,0,315,188,171,154
2026/01/26/20:46:30,2157.939192,0.769375,0.873692,0.769375,0.873692,22,30,19,13,0,0,0,0,315,190,172,154
2026/01/26/20:46:31,2158.939354,0.769375,0.873692,0.769375,0.873692,22,30,19,13,0,0,0,0,315,190,172,154
2026/01/26/20:46:32,2159.939524,0.769375,0.873692,0.769375,0.873692,22,30,19,13,0,0,0,0,315,190,172,154
2026/01/26/20:46:33,2160.939689,0.769375,0.873692,0.769375,0.873692,22,30,19,13,0,0,0,0,315,190,172,154
2026/01/26/20:46:34,2161.939855,0.769375,0.873692,0.769375,0.873692,22,30,19,13,0,0,0,0,315,190,172,154
2026/01/26/20:46:35,2162.939966,0.769375,0.873692,0.769375,0.873692,22,30,19,13,0,0,0,0,315,190,172,154
2026/01/26/20:46:36,2163.940065,0.769375,0.873692,0.769375,0.873692,22,30,19,13,0,0,0,0,315,190,172,154
2026/01/26/20:46:37,2164.940181,0.769375,0.873692,0.769375,0.873692,22,30,19,13,0,0,0,0,315,190,172,154
2026/01/26/20:46:38,2165.940290,0.769375,0.873692,0.769375,0.873692,22,30,19,13,0,0,0,0,315,190,172,154
2026/01/26/20:46:39,2166.940401,0.769375,0.873692,0.769375,0.873692,22,30,19,13,0,0,0,0,315,190,172,154
2026/01/26/20:46:40,2167.940516,0.769375,0.873692,0.769375,0.873692,22,30,19,13,0,0,0,0,315,190,172,154
2026/01/26/20:46:41,2168.940631,0.769375,0.873692,0.769375,0.873692,22,30,19,13,0,0,0,0,315,190,172,154
2026/01/26/20:46:42,2169.940731,0.799375,0.907375,0.799375,0.907375,23,33,21,13,0,0,0,0,315,190,172,154
2026/01/26/20:46:43,2170.940897,0.799375,0.907375,0.799375,0.907375,23,33,21,13,0,0,0,0,315,190,172,154
2026/01/26/20:46:44,2171.940983,0.810375,0.931728,0.832125,0.944000,23,36,19,16,0,0,1,0,315,190,174,154
2026/01/26/20:46:45,2172.941129,0.810375,0.931728,0.832125,0.944000,23,36,19,16,0,0,1,0,315,190,174,154
2026/01/26/20:46:46,2173.941241,0.783563,0.903719,0.819000,0.972448,23,33,19,13,3,0,1,0,315,193,174,157
2026/01/26/20:46:47,2174.941411,0.794625,0.897746,0.808312,0.954203,23,30,20,13,3,0,0,0,315,196,174,157
2026/01/26/20:46:48,2175.941504,0.772875,0.885474,0.786563,0.941931,23,30,19,13,3,0,0,0,315,196,175,157
2026/01/26/20:46:49,2176.941668,0.772875,0.885474,0.786563,0.941931,23,30,19,13,3,0,0,0,315,196,175,157
2026/01/26/20:46:50,2177.941867,0.772875,0.885474,0.786563,0.941931,23,30,19,13,3,0,0,0,315,196,175,157
2026/01/26/20:46:51,2178.942160,0.772875,0.885474,0.786563,0.941931,23,30,19,13,3,0,0,0,315,196,175,157
2026/01/26/20:46:52,2179.942139,0.772875,0.885474,0.786563,0.941931,23,30,19,13,3,0,0,0,315,196,175,157
2026/01/26/20:46:53,2180.942243,0.772875,0.885474,0.772875,0.885474,23,30,19,13,0,0,0,0,315,196,175,157
2026/01/26/20:46:54,2181.942341,0.772875,0.885474,0.772875,0.885474,23,30,19,13,0,0,0,0,315,196,175,157
2026/01/26/20:46:55,2182.942449,0.760875,0.863724,0.760875,0.863724,23,30,19,10,0,0,0,0,315,196,175,160
2026/01/26/20:46:56,2183.942615,0.760875,0.863724,0.760875,0.863724,23,30,19,10,0,0,0,0,315,196,175,160
2026/01/26/20:46:57,2184.942790,0.760875,0.863724,0.760875,0.863724,23,30,19,10,0,0,0,0,315,196,175,160
2026/01/26/20:46:58,2185.942880,0.760875,0.863724,0.760875,0.863724,23,30,19,10,0,0,0,0,315,196,175,160
2026/01/26/20:46:59,2186.942990,0.760875,0.863724,0.760875,0.863724,23,30,19,10,0,0,0,0,315,196,175,160
2026/01/26/20:47:00,2187.943151,0.760875,0.863724,0.760875,0.863724,23,30,19,10,0,0,0,0,315,196,175,160
2026/01/26/20:47:01,2188.943271,0.760875,0.863724,0.760875,0.863724,23,30,19,10,0,0,0,0,315,196,175,160
2026/01/26/20:47:02,2189.943433,0.760875,0.863724,0.760875,0.863724,23,30,19,10,0,0,0,0,315,196,175,160
2026/01/26/20:47:03,2190.943545,0.790750,0.888427,0.790750,0.888427,25,32,19,10,0,0,0,0,315,196,175,160
2026/01/26/20:47:04,2191.943659,0.801813,0.910093,0.893312,0.922025,28,32,19,10,3,0,0,0,315,196,175,160
2026/01/26/20:47:05,2192.943840,0.801813,0.910093,0.893312,0.922025,28,32,19,10,3,0,0,0,315,196,175,160
2026/01/26/20:47:06,2193.943952,0.801813,0.910093,0.893312,0.922025,28,32,19,10,3,0,0,0,315,196,175,160
2026/01/26/20:47:07,2194.944072,0.801813,0.910093,0.893312,0.922025,28,32,19,10,3,0,0,0,315,196,175,160
2026/01/26/20:47:08,2195.944236,0.801813,0.910093,0.893312,0.922025,28,32,19,10,3,0,0,0,315,196,175,160
2026/01/26/20:47:09,2196.944403,0.801813,0.910093,0.893312,0.922025,28,32,19,10,3,0,0,0,315,196,175,160
2026/01/26/20:47:10,2197.944497,0.778375,0.891117,0.869875,0.903049,27,30,19,10,3,0,0,0,316,198,175,160
2026/01/26/20:47:11,2198.944666,0.795000,0.885988,0.856000,0.893943,26,30,19,10,2,0,0,0,318,198,175,160
2026/01/26/20:47:12,2199.944809,0.795000,0.885988,0.856000,0.893943,26,30,19,10,2,0,0,0,318,198,175,160
2026/01/26/20:47:13,2200.944949,0.795000,0.885988,0.856000,0.893943,26,30,19,10,2,0,0,0,318,198,175,160
2026/01/26/20:47:14,2201.945108,0.764500,0.882011,0.764500,0.882011,25,30,19,10,0,0,0,0,319,198,175,160
2026/01/26/20:47:15,2202.945221,0.764500,0.882011,0.764500,0.882011,25,30,19,10,0,0,0,0,319,198,175,160
2026/01/26/20:47:16,2203.945314,0.764500,0.882011,0.764500,0.882011,25,30,19,10,0,0,0,0,319,198,175,160
2026/01/26/20:47:17,2204.945437,0.764500,0.882011,0.764500,0.882011,25,30,19,10,0,0,0,0,319,198,175,160
2026/01/26/20:47:18,2205.945602,0.764500,0.882011,0.764500,0.882011,25,30,19,10,0,0,0,0,319,198,175,160
2026/01/26/20:47:19,2206.945795,0.764500,0.882011,0.764500,0.882011,25,30,19,10,0,0,0,0,319,198,175,160
2026/01/26/20:47:20,2207.945945,0.764500,0.882011,0.764500,0.882011,25,30,19,10,0,0,0,0,319,198,175,160
2026/01/26/20:47:21,2208.946104,0.764500,0.882011,0.764500,0.882011,25,30,19,10,0,0,0,0,319,198,175,160
2026/01/26/20:47:22,2209.946212,0.764500,0.882011,0.764500,0.882011,25,30,19,10,0,0,0,0,319,198,175,160
2026/01/26/20:47:23,2210.946315,0.764500,0.882011,0.764500,0.882011,25,30,19,10,0,0,0,0,319,198,175,160
2026/01/26/20:47:24,2211.946417,0.764500,0.882011,0.764500,0.882011,25,30,19,10,0,0,0,0,319,198,175,160
2026/01/26/20:47:25,2212.946583,0.764500,0.882011,0.764500,0.882011,25,30,19,10,0,0,0,0,319,198,175,160
2026/01/26/20:47:26,2213.946746,0.764500,0.882011,0.764500,0.882011,25,30,19,10,0,0,0,0,319,198,175,160
2026/01/26/20:47:27,2214.946859,0.764500,0.882011,0.764500,0.882011,25,30,19,10,0,0,0,0,319,198,175,160
2026/01/26/20:47:28,2215.947021,0.764500,0.882011,0.764500,0.882011,25,30,19,10,0,0,0,0,319,198,175,160
2026/01/26/20:47:29,2216.947127,0.764500,0.882011,0.764500,0.882011,25,30,19,10,0,0,0,0,319,198,175,160
2026/01/26/20:47:30,2217.947259,0.758000,0.875552,0.758000,0.875552,23,30,19,10,0,0,0,0,321,198,175,160
2026/01/26/20:47:31,2218.947380,0.758000,0.875552,0.758000,0.875552,23,30,19,10,0,0,0,0,321,198,175,160
2026/01/26/20:47:32,2219.947542,0.758000,0.875552,0.758000,0.875552,23,30,19,10,0,0,0,0,321,198,175,160
2026/01/26/20:47:33,2220.947650,0.758000,0.875552,0.758000,0.875552,23,30,19,10,0,0,0,0,321,198,175,160
2026/01/26/20:47:34,2221.947860,0.758000,0.875552,0.758000,0.875552,23,30,19,10,0,0,0,0,321,198,175,160
2026/01/26/20:47:35,2222.947866,0.758000,0.875552,0.758000,0.875552,23,30,19,10,0,0,0,0,321,198,175,160
2026/01/26/20:47:36,2223.948036,0.744313,0.851165,0.744313,0.851165,23,27,19,10,0,0,0,0,321,201,175,160
2026/01/26/20:47:37,2224.948139,0.753437,0.863166,0.753437,0.863166,23,29,19,10,0,0,0,0,321,201,175,160
2026/01/26/20:47:38,2225.948304,0.753437,0.863166,0.753437,0.863166,23,29,19,10,0,0,0,0,321,201,175,160
2026/01/26/20:47:39,2226.948407,0.753437,0.863166,0.753437,0.863166,23,29,19,10,0,0,0,0,321,201,175,160
2026/01/26/20:47:40,2227.948512,0.753437,0.863166,0.753437,0.863166,23,29,19,10,0,0,0,0,321,201,175,160
2026/01/26/20:47:41,2228.948619,0.753437,0.863166,0.753437,0.863166,23,29,19,10,0,0,0,0,321,201,175,160
2026/01/26/20:47:42,2229.948732,0.753437,0.863166,0.753437,0.863166,23,29,19,10,0,0,0,0,321,201,175,160
2026/01/26/20:47:43,2230.948842,0.753437,0.863166,0.753437,0.863166,23,29,19,10,0,0,0,0,321,201,175,160
2026/01/26/20:47:44,2231.948949,0.753437,0.863166,0.753437,0.863166,23,29,19,10,0,0,0,0,321,201,175,160
2026/01/26/20:47:45,2232.949063,0.753437,0.863166,0.753437,0.863166,23,29,19,10,0,0,0,0,321,201,175,160
2026/01/26/20:47:46,2233.949233,0.753437,0.863166,0.753437,0.863166,23,29,19,10,0,0,0,0,321,201,175,160
2026/01/26/20:47:47,2234.949343,0.753437,0.863166,0.753437,0.863166,23,29,19,10,0,0,0,0,321,201,175,160
2026/01/26/20:47:48,2235.949446,0.753437,0.863166,0.753437,0.863166,23,29,19,10,0,0,0,0,321,201,175,160
2026/01/26/20:47:49,2236.949617,0.753437,0.863166,0.753437,0.863166,23,29,19,10,0,0,0,0,321,201,175,160
2026/01/26/20:47:50,2237.949722,0.753437,0.863166,0.753437,0.863166,23,29,19,10,0,0,0,0,321,201,175,160
2026/01/26/20:47:51,2238.949842,0.753437,0.863166,0.753437,0.863166,23,29,19,10,0,0,0,0,321,201,175,160
2026/01/26/20:47:52,2239.949958,0.753437,0.863166,0.753437,0.863166,23,29,19,10,0,0,0,0,321,201,175,160
2026/01/26/20:47:53,2240.950061,0.753437,0.863166,0.753437,0.863166,23,29,19,10,0,0,0,0,321,201,175,160
2026/01/26/20:47:54,2241.950167,0.753437,0.863166,0.753437,0.863166,23,29,19,10,0,0,0,0,321,201,175,160
2026/01/26/20:47:55,2242.950276,0.753437,0.863166,0.753437,0.863166,23,29,19,10,0,0,0,0,321,201,175,160
2026/01/26/20:47:56,2243.950430,0.753437,0.863166,0.753437,0.863166,23,29,19,10,0,0,0,0,321,201,175,160
2026/01/26/20:47:57,2244.950557,0.753437,0.863166,0.753437,0.863166,23,29,19,10,0,0,0,0,321,201,175,160
2026/01/26/20:47:58,2245.950652,0.753437,0.863166,0.753437,0.863166,23,29,19,10,0,0,0,0,321,201,175,160
2026/01/26/20:47:59,2246.950791,0.753437,0.863166,0.753437,0.863166,23,29,19,10,0,0,0,0,321,201,175,160
2026/01/26/20:48:00,2247.950933,0.753437,0.863166,0.753437,0.863166,23,29,19,10,0,0,0,0,321,201,175,160
2026/01/26/20:48:01,2248.951042,0.753437,0.863166,0.753437,0.863166,23,29,19,10,0,0,0,0,321,201,175,160
2026/01/26/20:48:02,2249.951153,0.753437,0.863166,0.753437,0.863166,23,29,19,10,0,0,0,0,321,201,175,160
2026/01/26/20:48:03,2250.951274,0.822812,0.890894,0.932375,0.971503,29,29,20,10,3,2,0,0,321,201,175,160
2026/01/26/20:48:04,2251.951431,0.842875,0.894137,0.952438,0.974746,30,29,20,10,3,2,0,0,321,201,175,160
2026/01/26/20:48:05,2252.951536,0.812125,0.885676,0.921687,0.966285,28,29,20,10,3,2,0,0,323,201,175,160
2026/01/26/20:48:06,2253.951638,0.812125,0.885676,0.921687,0.966285,28,29,20,10,3,2,0,0,323,201,175,160
2026/01/26/20:48:07,2254.951745,0.812125,0.885676,0.921687,0.966285,28,29,20,10,3,2,0,0,323,201,175,160
2026/01/26/20:48:08,2255.951916,0.812125,0.885676,0.921687,0.966285,28,29,20,10,3,2,0,0,323,201,175,160
2026/01/26/20:48:09,2256.952069,0.812125,0.885676,0.859625,0.945990,28,29,20,10,0,2,0,0,323,201,175,160
2026/01/26/20:48:10,2257.952183,0.812125,0.885676,0.859625,0.945990,28,29,20,10,0,2,0,0,323,201,175,160
2026/01/26/20:48:11,2258.952296,0.812125,0.885676,0.859625,0.945990,28,29,20,10,0,2,0,0,323,201,175,160
2026/01/26/20:48:12,2259.952455,0.812125,0.885676,0.859625,0.945990,28,29,20,10,0,2,0,0,323,201,175,160
2026/01/26/20:48:13,2260.952621,0.812125,0.885676,0.859625,0.945990,28,29,20,10,0,2,0,0,323,201,175,160
2026/01/26/20:48:14,2261.952802,0.812125,0.885676,0.859625,0.945990,28,29,20,10,0,2,0,0,323,201,175,160
2026/01/26/20:48:15,2262.952888,0.812125,0.885676,0.859625,0.945990,28,29,20,10,0,2,0,0,323,201,175,160
2026/01/26/20:48:16,2263.953061,0.812125,0.885676,0.859625,0.945990,28,29,20,10,0,2,0,0,323,201,175,160
2026/01/26/20:48:17,2264.953175,0.812125,0.885676,0.859625,0.945990,28,29,20,10,0,2,0,0,323,201,175,160
2026/01/26/20:48:18,2265.953339,0.812125,0.885676,0.859625,0.945990,28,29,20,10,0,2,0,0,323,201,175,160
2026/01/26/20:48:19,2266.953440,0.812125,0.885676,0.812125,0.885676,28,29,20,10,0,0,0,0,323,201,175,160
2026/01/26/20:48:20,2267.953557,0.812125,0.885676,0.812125,0.885676,28,29,20,10,0,0,0,0,323,201,175,160
2026/01/26/20:48:21,2268.953670,0.812125,0.885676,0.812125,0.885676,28,29,20,10,0,0,0,0,323,201,175,160
2026/01/26/20:48:22,2269.953856,0.812125,0.885676,0.812125,0.885676,28,29,20,10,0,0,0,0,323,201,175,160
2026/01/26/20:48:23,2270.954019,0.812125,0.885676,0.812125,0.885676,28,29,20,10,0,0,0,0,323,201,175,160
2026/01/26/20:48:24,2271.954104,0.812125,0.885676,0.812125,0.885676,28,29,20,10,0,0,0,0,323,201,175,160
2026/01/26/20:48:25,2272.954289,0.812125,0.885676,0.812125,0.885676,28,29,20,10,0,0,0,0,323,201,175,160
2026/01/26/20:48:26,2273.954462,0.812125,0.885676,0.812125,0.885676,28,29,20,10,0,0,0,0,323,201,175,160
2026/01/26/20:48:27,2274.954627,0.812125,0.885676,0.812125,0.885676,28,29,20,10,0,0,0,0,323,201,175,160
2026/01/26/20:48:28,2275.954818,0.812125,0.885676,0.812125,0.885676,28,29,20,10,0,0,0,0,323,201,175,160
2026/01/26/20:48:29,2276.954934,0.812125,0.885676,0.812125,0.885676,28,29,20,10,0,0,0,0,323,201,175,160
2026/01/26/20:48:30,2277.955041,0.812125,0.885676,0.812125,0.885676,28,29,20,10,0,0,0,0,323,201,175,160
2026/01/26/20:48:31,2278.955129,0.806000,0.879846,0.806000,0.879846,28,29,19,10,0,0,0,0,323,201,176,160
2026/01/26/20:48:32,2279.955302,0.806000,0.879846,0.806000,0.879846,28,29,19,10,0,0,0,0,323,201,176,160
2026/01/26/20:48:33,2280.955473,0.796438,0.867026,0.796438,0.867026,25,29,19,10,0,0,0,0,326,201,176,160
2026/01/26/20:48:34,2281.955625,0.796438,0.867026,0.796438,0.867026,25,29,19,10,0,0,0,0,326,201,176,160
2026/01/26/20:48:35,2282.955828,0.796438,0.867026,0.796438,0.867026,25,29,19,10,0,0,0,0,326,201,176,160
2026/01/26/20:48:36,2283.955997,0.796438,0.867026,0.796438,0.867026,25,29,19,10,0,0,0,0,326,201,176,160
2026/01/26/20:48:37,2284.956167,0.796438,0.867026,0.796438,0.867026,25,29,19,10,0,0,0,0,326,201,176,160
2026/01/26/20:48:38,2285.956332,0.796438,0.867026,0.796438,0.867026,25,29,19,10,0,0,0,0,326,201,176,160
2026/01/26/20:48:39,2286.956483,0.796438,0.867026,0.796438,0.867026,25,29,19,10,0,0,0,0,326,201,176,160
2026/01/26/20:48:40,2287.956667,0.796438,0.867026,0.796438,0.867026,25,29,19,10,0,0,0,0,326,201,176,160
2026/01/26/20:48:41,2288.956857,0.796438,0.867026,0.796438,0.867026,25,29,19,10,0,0,0,0,326,201,176,160
2026/01/26/20:48:42,2289.956973,0.796438,0.867026,0.796438,0.867026,25,29,19,10,0,0,0,0,326,201,176,160
2026/01/26/20:48:43,2290.957139,0.796438,0.867026,0.796438,0.867026,25,29,19,10,0,0,0,0,326,201,176,160
2026/01/26/20:48:44,2291.957295,0.796438,0.867026,0.796438,0.867026,25,29,19,10,0,0,0,0,326,201,176,160
2026/01/26/20:48:45,2292.957505,0.796438,0.867026,0.796438,0.867026,25,29,19,10,0,0,0,0,326,201,176,160
2026/01/26/20:48:46,2293.957601,0.790687,0.862801,0.790687,0.862801,25,29,19,9,0,0,0,0,326,201,176,161
2026/01/26/20:48:47,2294.957707,0.790687,0.862801,0.790687,0.862801,25,29,19,9,0,0,0,0,326,201,176,161
2026/01/26/20:48:48,2295.957872,0.790687,0.862801,0.790687,0.862801,25,29,19,9,0,0,0,0,326,201,176,161
2026/01/26/20:48:49,2296.958040,0.790687,0.862801,0.790687,0.862801,25,29,19,9,0,0,0,0,326,201,176,161
2026/01/26/20:48:50,2297.958203,0.790687,0.862801,0.790687,0.862801,25,29,19,9,0,0,0,0,326,201,176,161
2026/01/26/20:48:51,2298.958367,0.790687,0.862801,0.790687,0.862801,25,29,19,9,0,0,0,0,326,201,176,161
2026/01/26/20:48:52,2299.958474,0.790687,0.862801,0.790687,0.862801,25,29,19,9,0,0,0,0,326,201,176,161
2026/01/26/20:48:53,2300.958579,0.790687,0.862801,0.790687,0.862801,25,29,19,9,0,0,0,0,326,201,176,161
2026/01/26/20:48:54,2301.958736,0.790687,0.862801,0.790687,0.862801,25,29,19,9,0,0,0,0,326,201,176,161
2026/01/26/20:48:55,2302.958908,0.790687,0.862801,0.790687,0.862801,25,29,19,9,0,0,0,0,326,201,176,161
2026/01/26/20:48:56,2303.959011,0.790687,0.862801,0.790687,0.862801,25,29,19,9,0,0,0,0,326,201,176,161
2026/01/26/20:48:57,2304.959176,0.790687,0.862801,0.790687,0.862801,25,29,19,9,0,0,0,0,326,201,176,161
2026/01/26/20:48:58,2305.959286,0.790687,0.862801,0.790687,0.862801,25,29,19,9,0,0,0,0,326,201,176,161
2026/01/26/20:48:59,2306.959462,0.790687,0.862801,0.790687,0.862801,25,29,19,9,0,0,0,0,326,201,176,161
2026/01/26/20:49:00,2307.959572,0.790687,0.862801,0.790687,0.862801,25,29,19,9,0,0,0,0,326,201,176,161
2026/01/26/20:49:01,2308.959712,0.790687,0.862801,0.790687,0.862801,25,29,19,9,0,0,0,0,326,201,176,161
2026/01/26/20:49:02,2309.959830,0.800813,0.870425,0.800813,0.870425,25,29,20,9,0,0,0,0,326,201,176,161
2026/01/26/20:49:03,2310.959990,0.804937,0.873655,0.804937,0.873655,25,30,20,9,0,0,0,0,326,201,176,161
2026/01/26/20:49:04,2311.960146,0.804937,0.873655,0.804937,0.873655,25,30,20,9,0,0,0,0,326,201,176,161
2026/01/26/20:49:05,2312.960263,0.804937,0.873655,0.804937,0.873655,25,30,20,9,0,0,0,0,326,201,176,161
2026/01/26/20:49:06,2313.960469,0.804937,0.873655,0.804937,0.873655,25,30,20,9,0,0,0,0,326,201,176,161
2026/01/26/20:49:07,2314.960633,0.794813,0.866032,0.794813,0.866032,25,30,19,9,0,0,0,0,326,201,177,161
2026/01/26/20:49:08,2315.960739,0.794813,0.866032,0.794813,0.866032,25,30,19,9,0,0,0,0,326,201,177,161
2026/01/26/20:49:09,2316.960862,0.794813,0.866032,0.794813,0.866032,25,30,19,9,0,0,0,0,326,201,177,161
2026/01/26/20:49:10,2317.961022,0.794813,0.866032,0.794813,0.866032,25,30,19,9,0,0,0,0,326,201,177,161
2026/01/26/20:49:11,2318.961187,0.794813,0.866032,0.794813,0.866032,25,30,19,9,0,0,0,0,326,201,177,161
2026/01/26/20:49:12,2319.961308,0.794813,0.866032,0.794813,0.866032,25,30,19,9,0,0,0,0,326,201,177,161
2026/01/26/20:49:13,2320.961411,0.794813,0.866032,0.794813,0.866032,25,30,19,9,0,0,0,0,326,201,177,161
2026/01/26/20:49:14,2321.961510,0.794813,0.866032,0.794813,0.866032,25,30,19,9,0,0,0,0,326,201,177,161
2026/01/26/20:49:15,2322.961679,0.794813,0.866032,0.794813,0.866032,25,30,19,9,0,0,0,0,326,201,177,161
2026/01/26/20:49:16,2323.961862,0.794813,0.866032,0.794813,0.866032,25,30,19,9,0,0,0,0,326,201,177,161
2026/01/26/20:49:17,2324.961969,0.810562,0.874284,0.810562,0.874284,27,30,19,9,0,0,0,0,326,201,177,161
2026/01/26/20:49:18,2325.962129,0.810562,0.874284,0.810562,0.874284,27,30,19,9,0,0,0,0,326,201,177,161
2026/01/26/20:49:19,2326.962294,0.794813,0.866032,0.794813,0.866032,25,30,19,9,0,0,0,0,328,201,177,161
2026/01/26/20:49:20,2327.962462,0.794813,0.866032,0.794813,0.866032,25,30,19,9,0,0,0,0,328,201,177,161
2026/01/26/20:49:21,2328.962626,0.794813,0.866032,0.794813,0.866032,25,30,19,9,0,0,0,0,328,201,177,161
2026/01/26/20:49:22,2329.962726,0.794813,0.866032,0.794813,0.866032,25,30,19,9,0,0,0,0,328,201,177,161
2026/01/26/20:49:23,2330.962898,0.794813,0.866032,0.794813,0.866032,25,30,19,9,0,0,0,0,328,201,177,161
2026/01/26/20:49:24,2331.963004,0.794813,0.866032,0.794813,0.866032,25,30,19,9,0,0,0,0,328,201,177,161
2026/01/26/20:49:25,2332.963161,0.794813,0.866032,0.794813,0.866032,25,30,19,9,0,0,0,0,328,201,177,161
2026/01/26/20:49:26,2333.963336,0.794813,0.866032,0.794813,0.866032,25,30,19,9,0,0,0,0,328,201,177,161
2026/01/26/20:49:27,2334.963500,0.794813,0.866032,0.794813,0.866032,25,30,19,9,0,0,0,0,328,201,177,161
2026/01/26/20:49:28,2335.963666,0.794813,0.866032,0.794813,0.866032,25,30,19,9,0,0,0,0,328,201,177,161
2026/01/26/20:49:29,2336.963758,0.794813,0.866032,0.794813,0.866032,25,30,19,9,0,0,0,0,328,201,177,161
2026/01/26/20:49:30,2337.963934,0.794813,0.866032,0.794813,0.866032,25,30,19,9,0,0,0,0,328,201,177,161
2026/01/26/20:49:31,2338.964056,0.794813,0.866032,0.794813,0.866032,25,30,19,9,0,0,0,0,328,201,177,161
2026/01/26/20:49:32,2339.964170,0.794813,0.866032,0.794813,0.866032,25,30,19,9,0,0,0,0,328,201,177,161
2026/01/26/20:49:33,2340.964240,0.790687,0.862801,0.790687,0.862801,25,29,19,9,0,0,0,0,328,202,177,161
2026/01/26/20:49:34,2341.964418,0.790687,0.862801,0.790687,0.862801,25,29,19,9,0,0,0,0,328,202,177,161
2026/01/26/20:49:35,2342.964583,0.790687,0.862801,0.790687,0.862801,25,29,19,9,0,0,0,0,328,202,177,161
2026/01/26/20:49:36,2343.964750,0.790687,0.862801,0.790687,0.862801,25,29,19,9,0,0,0,0,328,202,177,161
2026/01/26/20:49:37,2344.964917,0.790687,0.862801,0.790687,0.862801,25,29,19,9,0,0,0,0,328,202,177,161
2026/01/26/20:49:38,2345.965031,0.790687,0.862801,0.790687,0.862801,25,29,19,9,0,0,0,0,328,202,177,161
2026/01/26/20:49:39,2346.965125,0.790687,0.862801,0.790687,0.862801,25,29,19,9,0,0,0,0,328,202,177,161
2026/01/26/20:49:40,2347.965286,0.790687,0.862801,0.790687,0.862801,25,29,19,9,0,0,0,0,328,202,177,161
2026/01/26/20:49:41,2348.965452,0.790687,0.862801,0.790687,0.862801,25,29,19,9,0,0,0,0,328,202,177,161
2026/01/26/20:49:42,2349.965619,0.790687,0.862801,0.790687,0.862801,25,29,19,9,0,0,0,0,328,202,177,161
2026/01/26/20:49:43,2350.965799,0.790687,0.862801,0.790687,0.862801,25,29,19,9,0,0,0,0,328,202,177,161
2026/01/26/20:49:44,2351.965851,0.790687,0.862801,0.790687,0.862801,25,29,19,9,0,0,0,0,328,202,177,161
2026/01/26/20:49:45,2352.966036,0.790687,0.862801,0.790687,0.862801,25,29,19,9,0,0,0,0,328,202,177,161
2026/01/26/20:49:46,2353.966124,0.790687,0.862801,0.790687,0.862801,25,29,19,9,0,0,0,0,328,202,177,161
2026/01/26/20:49:47,2354.966301,0.790687,0.862801,0.790687,0.862801,25,29,19,9,0,0,0,0,328,202,177,161
2026/01/26/20:49:48,2355.966410,0.790687,0.862801,0.790687,0.862801,25,29,19,9,0,0,0,0,328,202,177,161
2026/01/26/20:49:49,2356.966497,0.790687,0.862801,0.790687,0.862801,25,29,19,9,0,0,0,0,328,202,177,161
2026/01/26/20:49:50,2357.966659,0.790687,0.862801,0.790687,0.862801,25,29,19,9,0,0,0,0,328,202,177,161
2026/01/26/20:49:51,2358.966784,0.790687,0.862801,0.790687,0.862801,25,29,19,9,0,0,0,0,328,202,177,161
2026/01/26/20:49:52,2359.966915,0.790687,0.862801,0.790687,0.862801,25,29,19,9,0,0,0,0,328,202,177,161
2026/01/26/20:49:53,2360.967011,0.798375,0.866456,0.810187,0.935471,26,29,19,9,0,2,1,0,328,202,177,161
2026/01/26/20:49:54,2361.967112,0.803312,0.875607,0.810187,0.935471,26,29,20,9,0,2,0,0,328,202,177,161
2026/01/26/20:49:55,2362.967232,0.803312,0.875607,0.810187,0.935471,26,29,20,9,0,2,0,0,328,202,177,161
2026/01/26/20:49:56,2363.967342,0.803312,0.875607,0.810187,0.935471,26,29,20,9,0,2,0,0,328,202,177,161
2026/01/26/20:49:57,2364.967443,0.803312,0.875607,0.810187,0.935471,26,29,20,9,0,2,0,0,328,202,177,161
2026/01/26/20:49:58,2365.967638,0.803312,0.875607,0.810187,0.935471,26,29,20,9,0,2,0,0,328,202,177,161
2026/01/26/20:49:59,2366.967738,0.816375,0.894659,0.830187,0.968750,28,29,20,9,1,2,0,0,328,202,177,161
2026/01/26/20:50:00,2367.967853,0.823313,0.908886,0.830187,0.968750,29,29,20,9,0,2,0,0,328,202,177,161
2026/01/26/20:50:01,2368.967963,0.815625,0.905231,0.822500,0.965095,28,29,20,9,0,2,0,0,329,202,177,161
2026/01/26/20:50:02,2369.968028,0.815625,0.905231,0.822500,0.965095,28,29,20,9,0,2,0,0,329,202,177,161
2026/01/26/20:50:03,2370.968153,0.815625,0.905231,0.822500,0.965095,28,29,20,9,0,2,0,0,329,202,177,161
2026/01/26/20:50:04,2371.968250,0.815625,0.905231,0.822500,0.965095,28,29,20,9,0,2,0,0,329,202,177,161
2026/01/26/20:50:05,2372.968414,0.815625,0.905231,0.822500,0.965095,28,29,20,9,0,2,0,0,329,202,177,161
2026/01/26/20:50:06,2373.968513,0.815625,0.905231,0.822500,0.965095,28,29,20,9,0,2,0,0,329,202,177,161
2026/01/26/20:50:07,2374.968621,0.815625,0.905231,0.822500,0.965095,28,29,20,9,0,2,0,0,329,202,177,161
2026/01/26/20:50:08,2375.968733,0.815625,0.905231,0.822500,0.965095,28,29,20,9,0,2,0,0,329,202,177,161
2026/01/26/20:50:09,2376.968854,0.815625,0.905231,0.822500,0.965095,28,29,20,9,0,2,0,0,329,202,177,161
2026/01/26/20:50:10,2377.968956,0.815625,0.905231,0.822500,0.965095,28,29,20,9,0,2,0,0,329,202,177,161
2026/01/26/20:50:11,2378.969060,0.815625,0.905231,0.822500,0.965095,28,29,20,9,0,2,0,0,329,202,177,161
2026/01/26/20:50:12,2379.969178,0.815625,0.905231,0.822500,0.965095,28,29,20,9,0,2,0,0,329,202,177,161
2026/01/26/20:50:13,2380.969289,0.815625,0.905231,0.822500,0.965095,28,29,20,9,0,2,0,0,329,202,177,161
2026/01/26/20:50:14,2381.969387,0.815625,0.905231,0.822500,0.965095,28,29,20,9,0,2,0,0,329,202,177,161
2026/01/26/20:50:15,2382.969481,0.875812,0.949739,0.899125,1.022307,31,33,20,10,1,3,0,0,329,202,177,161
2026/01/26/20:50:16,2383.969589,0.890062,0.959608,0.908625,1.028887,34,33,20,10,0,3,0,0,329,202,177,161
2026/01/26/20:50:17,2384.969696,0.866688,0.940780,0.886875,1.044097,34,31,20,10,3,2,0,0,329,204,177,161
2026/01/26/20:50:18,2385.969786,0.887563,0.951021,0.931813,1.118709,35,32,20,10,6,2,0,0,329,204,177,161
2026/01/26/20:50:19,2386.969888,0.884188,0.947398,0.928438,1.115085,35,32,20,9,6,2,0,0,329,204,177,162
2026/01/26/20:50:20,2387.970047,0.884750,0.945698,0.951063,1.086115,35,33,19,9,5,3,0,0,329,204,178,162
2026/01/26/20:50:21,2388.970153,0.884750,0.945698,0.951063,1.086115,35,33,19,9,5,3,0,0,329,204,178,162
2026/01/26/20:50:22,2389.970261,0.884750,0.945698,0.951063,1.086115,35,33,19,9,5,3,0,0,329,204,178,162
2026/01/26/20:50:23,2390.970369,0.884312,0.947273,0.915250,1.071095,35,33,19,9,3,2,0,0,330,205,178,162
2026/01/26/20:50:24,2391.970489,0.884312,0.947273,0.915250,1.071095,35,33,19,9,3,2,0,0,330,205,178,162
2026/01/26/20:50:25,2392.970665,0.890250,0.948435,0.906250,1.067891,36,33,18,9,2,2,0,0,330,205,179,162
2026/01/26/20:50:26,2393.970855,0.879250,0.933533,0.895250,1.052989,36,31,18,9,2,2,0,0,330,207,179,162
2026/01/26/20:50:27,2394.971014,0.879250,0.933533,0.895250,1.052989,36,31,18,9,2,2,0,0,330,207,179,162
2026/01/26/20:50:28,2395.971128,0.879250,0.933533,0.895250,1.052989,36,31,18,9,2,2,0,0,330,207,179,162
2026/01/26/20:50:29,2396.971229,0.879250,0.933533,0.895250,1.052989,36,31,18,9,2,2,0,0,330,207,179,162
2026/01/26/20:50:30,2397.971344,0.879250,0.933533,0.895250,1.052989,36,31,18,9,2,2,0,0,330,207,179,162
2026/01/26/20:50:31,2398.971447,0.879250,0.933533,0.895250,1.052989,36,31,18,9,2,2,0,0,330,207,179,162
2026/01/26/20:50:32,2399.971590,0.904750,0.956292,0.928250,1.036355,36,34,20,9,2,2,3,0,330,207,179,162
2026/01/26/20:50:33,2400.971708,0.904750,0.956292,0.928250,1.036355,36,34,20,9,2,2,3,0,330,207,179,162
2026/01/26/20:50:34,2401.971877,0.904750,0.956292,0.928250,1.036355,36,34,20,9,2,2,3,0,330,207,179,162
2026/01/26/20:50:35,2402.972040,0.904750,0.956292,0.928250,1.036355,36,34,20,9,2,2,3,0,330,207,179,162
2026/01/26/20:50:36,2403.972204,0.904750,0.956292,0.928250,1.036355,36,34,20,9,2,2,3,0,330,207,179,162
2026/01/26/20:50:37,2404.972367,0.899500,0.957156,0.916250,1.028987,36,33,22,9,2,2,1,0,330,208,179,162
2026/01/26/20:50:38,2405.972527,0.899500,0.957156,0.916250,1.028987,36,33,22,9,2,2,1,0,330,208,179,162
2026/01/26/20:50:39,2406.972633,0.899500,0.957156,0.916250,1.028987,36,33,22,9,2,2,1,0,330,208,179,162
2026/01/26/20:50:40,2407.972810,0.899500,0.957156,0.916250,1.028987,36,33,22,9,2,2,1,0,330,208,179,162
2026/01/26/20:50:41,2408.972948,0.899500,0.957156,0.909625,1.021193,36,33,22,9,0,2,1,0,330,208,179,162
2026/01/26/20:50:42,2409.973114,0.899500,0.957156,0.909625,1.021193,36,33,22,9,0,2,1,0,330,208,179,162
2026/01/26/20:50:43,2410.973276,0.899500,0.957156,0.909625,1.021193,36,33,22,9,0,2,1,0,330,208,179,162
2026/01/26/20:50:44,2411.973382,0.896250,0.954054,0.903125,1.013918,36,31,23,9,0,2,0,0,330,210,179,162
2026/01/26/20:50:45,2412.973500,0.882000,0.944185,0.888875,1.004049,33,31,23,9,0,2,0,0,333,210,179,162
2026/01/26/20:50:46,2413.973661,0.882000,0.944185,0.888875,1.004049,33,31,23,9,0,2,0,0,333,210,179,162
2026/01/26/20:50:47,2414.973778,0.882000,0.944185,0.888875,1.004049,33,31,23,9,0,2,0,0,333,210,179,162
2026/01/26/20:50:48,2415.973925,0.882000,0.944185,0.888875,1.004049,33,31,23,9,0,2,0,0,333,210,179,162
2026/01/26/20:50:49,2416.974087,0.882000,0.944185,0.888875,1.004049,33,31,23,9,0,2,0,0,333,210,179,162
2026/01/26/20:50:50,2417.974250,0.875500,0.935839,0.882375,0.995703,33,31,21,9,0,2,0,0,333,210,181,162
2026/01/26/20:50:51,2418.974413,0.875500,0.935839,0.882375,0.995703,33,31,21,9,0,2,0,0,333,210,181,162
2026/01/26/20:50:52,2419.974579,0.875500,0.935839,0.882375,0.995703,33,31,21,9,0,2,0,0,333,210,181,162
2026/01/26/20:50:53,2420.974687,0.875500,0.935839,0.882375,0.995703,33,31,21,9,0,2,0,0,333,210,181,162
2026/01/26/20:50:54,2421.974854,0.875500,0.935839,0.882375,0.995703,33,31,21,9,0,2,0,0,333,210,181,162
2026/01/26/20:50:55,2422.974954,0.875500,0.935839,0.882375,0.995703,33,31,21,9,0,2,0,0,333,210,181,162
2026/01/26/20:50:56,2423.975117,0.875500,0.935839,0.882375,0.995703,33,31,21,9,0,2,0,0,333,210,181,162
2026/01/26/20:50:57,2424.975222,0.875500,0.935839,0.882375,0.995703,33,31,21,9,0,2,0,0,333,210,181,162
2026/01/26/20:50:58,2425.975391,0.875500,0.935839,0.882375,0.995703,33,31,21,9,0,2,0,0,333,210,181,162
2026/01/26/20:50:59,2426.975494,0.875500,0.935839,0.882375,0.995703,33,31,21,9,0,2,0,0,333,210,181,162
2026/01/26/20:51:00,2427.975607,0.875500,0.935839,0.882375,0.995703,33,31,21,9,0,2,0,0,333,210,181,162
2026/01/26/20:51:01,2428.975717,0.875500,0.935839,0.882375,0.995703,33,31,21,9,0,2,0,0,333,210,181,162
2026/01/26/20:51:02,2429.975822,0.875500,0.935839,0.882375,0.995703,33,31,21,9,0,2,0,0,333,210,181,162
2026/01/26/20:51:03,2430.975913,0.875500,0.935839,0.882375,0.995703,33,31,21,9,0,2,0,0,333,210,181,162
2026/01/26/20:51:04,2431.976009,0.875500,0.935839,0.882375,0.995703,33,31,21,9,0,2,0,0,333,210,181,162
2026/01/26/20:51:05,2432.976173,0.875500,0.935839,0.882375,0.995703,33,31,21,9,0,2,0,0,333,210,181,162
2026/01/26/20:51:06,2433.976340,0.875500,0.935839,0.882375,0.995703,33,31,21,9,0,2,0,0,333,210,181,162
2026/01/26/20:51:07,2434.976443,0.875500,0.935839,0.882375,0.995703,33,31,21,9,0,2,0,0,333,210,181,162
2026/01/26/20:51:08,2435.976615,0.875500,0.935839,0.882375,0.995703,33,31,21,9,0,2,0,0,333,210,181,162
2026/01/26/20:51:09,2436.976833,0.875500,0.935839,0.882375,0.995703,33,31,21,9,0,2,0,0,333,210,181,162
2026/01/26/20:51:10,2437.976918,0.878687,0.946837,0.900563,1.048217,33,32,21,9,3,2,0,0,333,210,181,162
2026/01/26/20:51:11,2438.977088,0.857875,0.936363,0.879750,1.037744,30,32,21,9,3,2,0,0,336,210,181,162
2026/01/26/20:51:12,2439.977204,0.854000,0.935588,0.865875,1.009291,30,32,21,9,1,2,0,0,338,210,181,162
2026/01/26/20:51:13,2440.977376,0.854000,0.935588,0.865875,1.009291,30,32,21,9,1,2,0,0,338,210,181,162
2026/01/26/20:51:14,2441.977474,0.854000,0.935588,0.944063,1.068191,30,32,21,9,5,3,0,0,338,210,181,162
2026/01/26/20:51:15,2442.977591,0.854000,0.935588,0.944063,1.068191,30,32,21,9,5,3,0,0,338,210,181,162
2026/01/26/20:51:16,2443.977793,0.854000,0.935588,0.944063,1.068191,30,32,21,9,5,3,0,0,338,210,181,162
2026/01/26/20:51:17,2444.977948,0.854000,0.935588,0.944063,1.068191,30,32,21,9,5,3,0,0,338,210,181,162
2026/01/26/20:51:18,2445.978061,0.854000,0.935588,0.944063,1.068191,30,32,21,9,5,3,0,0,338,210,181,162
2026/01/26/20:51:19,2446.978226,0.854000,0.935588,0.917125,1.048287,30,32,21,9,5,2,0,0,338,210,181,162
2026/01/26/20:51:20,2447.978401,0.850812,0.924590,0.882313,1.015913,30,31,21,9,3,2,0,0,338,211,181,162
2026/01/26/20:51:21,2448.978564,0.850812,0.924590,0.882313,1.015913,30,31,21,9,3,2,0,0,338,211,181,162
2026/01/26/20:51:22,2449.978731,0.850812,0.924590,0.862688,0.998293,30,31,21,9,1,2,0,0,338,211,181,162
2026/01/26/20:51:23,2450.978894,0.850812,0.924590,0.862688,0.998293,30,31,21,9,1,2,0,0,338,211,181,162
2026/01/26/20:51:24,2451.979062,0.850812,0.924590,0.862688,0.998293,30,31,21,9,1,2,0,0,338,211,181,162
2026/01/26/20:51:25,2452.979248,0.850812,0.924590,0.862688,0.998293,30,31,21,9,1,2,0,0,338,211,181,162
2026/01/26/20:51:26,2453.979416,0.850812,0.924590,0.862688,0.998293,30,31,21,9,1,2,0,0,338,211,181,162
2026/01/26/20:51:27,2454.979521,0.850812,0.924590,0.862688,0.998293,30,31,21,9,1,2,0,0,338,211,181,162
2026/01/26/20:51:28,2455.979686,0.850812,0.924590,0.862688,0.998293,30,31,21,9,1,2,0,0,338,211,181,162
2026/01/26/20:51:29,2456.979833,0.850812,0.924590,0.862688,0.998293,30,31,21,9,1,2,0,0,338,211,181,162
2026/01/26/20:51:30,2457.979946,0.886437,0.950020,0.940125,1.067100,33,31,21,12,1,5,0,1,338,211,181,162
2026/01/26/20:51:31,2458.980099,0.886437,0.950020,0.940125,1.067100,33,31,21,12,1,5,0,1,338,211,181,162
2026/01/26/20:51:32,2459.980261,0.886437,0.950020,0.940125,1.067100,33,31,21,12,1,5,0,1,338,211,181,162
2026/01/26/20:51:33,2460.980417,0.886437,0.950020,0.954000,1.066655,33,31,21,12,1,8,0,0,338,211,181,162
2026/01/26/20:51:34,2461.980601,0.886437,0.950020,0.954000,1.066655,33,31,21,12,1,8,0,0,338,211,181,162
2026/01/26/20:51:35,2462.980703,0.886437,0.950020,0.954000,1.066655,33,31,21,12,1,8,0,0,338,211,181,162
2026/01/26/20:51:36,2463.980818,0.886437,0.950020,0.954000,1.066655,33,31,21,12,1,8,0,0,338,211,181,162
2026/01/26/20:51:37,2464.980963,0.886437,0.950020,0.954000,1.066655,33,31,21,12,1,8,0,0,338,211,181,162
2026/01/26/20:51:38,2465.981097,0.895000,0.936653,0.939000,1.025139,31,33,21,12,0,6,0,0,340,211,181,162
2026/01/26/20:51:39,2466.981250,0.895000,0.936653,0.939000,1.025139,31,33,21,12,0,6,0,0,340,211,181,162
2026/01/26/20:51:40,2467.981359,0.895000,0.936653,0.939000,1.025139,31,33,21,12,0,6,0,0,340,211,181,162
2026/01/26/20:51:41,2468.981457,0.894062,0.938320,0.900937,0.998184,31,34,21,12,0,2,0,0,340,212,181,162
2026/01/26/20:51:42,2469.981585,0.805750,0.874582,0.812625,0.934446,31,31,21,12,0,2,0,0,340,215,181,162
2026/01/26/20:51:43,2470.981692,0.805750,0.874582,0.812625,0.934446,31,31,21,12,0,2,0,0,340,215,181,162
2026/01/26/20:51:44,2471.981795,0.805750,0.874582,0.812625,0.934446,31,31,21,12,0,2,0,0,340,215,181,162
2026/01/26/20:51:45,2472.981903,0.805750,0.874582,0.812625,0.934446,31,31,21,12,0,2,0,0,340,215,181,162
2026/01/26/20:51:46,2473.982019,0.805750,0.874582,0.812625,0.934446,31,31,21,12,0,2,0,0,340,215,181,162
2026/01/26/20:51:47,2474.982121,0.805750,0.874582,0.812625,0.934446,31,31,21,12,0,2,0,0,340,215,181,162
2026/01/26/20:51:48,2475.982230,0.805750,0.874582,0.812625,0.934446,31,31,21,12,0,2,0,0,340,215,181,162
2026/01/26/20:51:49,2476.982335,0.805750,0.874582,0.812625,0.934446,31,31,21,12,0,2,0,0,340,215,181,162
2026/01/26/20:51:50,2477.982429,0.805750,0.874582,0.812625,0.934446,31,31,21,12,0,2,0,0,340,215,181,162
2026/01/26/20:51:51,2478.982548,0.768875,0.853874,0.775750,0.913738,31,31,19,12,0,2,0,0,340,215,183,162
2026/01/26/20:51:52,2479.982647,0.768875,0.853874,0.775750,0.913738,31,31,19,12,0,2,0,0,340,215,183,162
2026/01/26/20:51:53,2480.982757,0.768875,0.853874,0.775750,0.913738,31,31,19,12,0,2,0,0,340,215,183,162
2026/01/26/20:51:54,2481.982891,0.799562,0.921381,0.806438,0.981245,31,31,19,19,0,2,0,0,340,215,183,162
2026/01/26/20:51:55,2482.983061,0.799562,0.921381,0.806438,0.981245,31,31,19,19,0,2,0,0,340,215,183,162
2026/01/26/20:51:56,2483.983176,0.781062,0.895644,0.787937,0.955508,31,31,19,15,0,2,0,0,340,215,183,166
2026/01/26/20:51:57,2484.983349,0.781062,0.895644,0.787937,0.955508,31,31,19,15,0,2,0,0,340,215,183,166
2026/01/26/20:51:58,2485.983515,0.781062,0.895644,0.787937,0.955508,31,31,19,15,0,2,0,0,340,215,183,166
2026/01/26/20:51:59,2486.983710,0.781062,0.895644,0.787937,0.955508,31,31,19,15,0,2,0,0,340,215,183,166
2026/01/26/20:52:00,2487.983830,0.781062,0.895644,0.787937,0.955508,31,31,19,15,0,2,0,0,340,215,183,166
2026/01/26/20:52:01,2488.983920,0.768875,0.853874,0.775750,0.913738,31,31,19,12,0,2,0,0,340,215,183,169
2026/01/26/20:52:02,2489.984017,0.768875,0.853874,0.775750,0.913738,31,31,19,12,0,2,0,0,340,215,183,169
2026/01/26/20:52:03,2490.984117,0.768875,0.853874,0.775750,0.913738,31,31,19,12,0,2,0,0,340,215,183,169
2026/01/26/20:52:04,2491.984289,0.768875,0.853874,0.775750,0.913738,31,31,19,12,0,2,0,0,340,215,183,169
2026/01/26/20:52:05,2492.984462,0.768875,0.853874,0.775750,0.913738,31,31,19,12,0,2,0,0,340,215,183,169
2026/01/26/20:52:06,2493.984628,0.768875,0.853874,0.775750,0.913738,31,31,19,12,0,2,0,0,340,215,183,169
2026/01/26/20:52:07,2494.984816,0.768875,0.853874,0.775750,0.913738,31,31,19,12,0,2,0,0,340,215,183,169
2026/01/26/20:52:08,2495.984914,0.768875,0.853874,0.775750,0.913738,31,31,19,12,0,2,0,0,340,215,183,169
2026/01/26/20:52:09,2496.985013,0.768875,0.853874,0.775750,0.913738,31,31,19,12,0,2,0,0,340,215,183,169
2026/01/26/20:52:10,2497.985129,0.768875,0.853874,0.775750,0.913738,31,31,19,12,0,2,0,0,340,215,183,169
2026/01/26/20:52:11,2498.985292,0.768875,0.853874,0.775750,0.913738,31,31,19,12,0,2,0,0,340,215,183,169
2026/01/26/20:52:12,2499.985481,0.768875,0.853874,0.775750,0.913738,31,31,19,12,0,2,0,0,340,215,183,169
2026/01/26/20:52:13,2500.985718,0.768875,0.853874,0.775750,0.913738,31,31,19,12,0,2,0,0,340,215,183,169
2026/01/26/20:52:14,2501.985801,0.768875,0.853874,0.775750,0.913738,31,31,19,12,0,2,0,0,340,215,183,169
2026/01/26/20:52:15,2502.985899,0.739000,0.845143,0.745875,0.905007,29,31,19,12,0,2,0,0,342,215,183,169
2026/01/26/20:52:16,2503.986069,0.726812,0.833624,0.733688,0.893488,29,31,19,9,0,2,0,0,342,215,183,172
2026/01/26/20:52:17,2504.986237,0.726812,0.833624,0.733688,0.893488,29,31,19,9,0,2,0,0,342,215,183,172
2026/01/26/20:52:18,2505.986353,0.726812,0.833624,0.733688,0.893488,29,31,19,9,0,2,0,0,342,215,183,172
2026/01/26/20:52:19,2506.986518,0.726812,0.833624,0.733688,0.893488,29,31,19,9,0,2,0,0,342,215,183,172
2026/01/26/20:52:20,2507.986627,0.726812,0.833624,0.733688,0.893488,29,31,19,9,0,2,0,0,342,215,183,172
2026/01/26/20:52:21,2508.986847,0.726812,0.833624,0.733688,0.893488,29,31,19,9,0,2,0,0,342,215,183,172
2026/01/26/20:52:22,2509.986912,0.726812,0.833624,0.733688,0.893488,29,31,19,9,0,2,0,0,342,215,183,172
2026/01/26/20:52:23,2510.987022,0.726812,0.833624,0.733688,0.893488,29,31,19,9,0,2,0,0,342,215,183,172
2026/01/26/20:52:24,2511.987185,0.726812,0.833624,0.733688,0.893488,29,31,19,9,0,2,0,0,342,215,183,172
2026/01/26/20:52:25,2512.987344,0.726812,0.833624,0.733688,0.893488,29,31,19,9,0,2,0,0,342,215,183,172
2026/01/26/20:52:26,2513.987534,0.726812,0.833624,0.733688,0.893488,29,31,19,9,0,2,0,0,342,215,183,172
2026/01/26/20:52:27,2514.987639,0.726812,0.833624,0.733688,0.893488,29,31,19,9,0,2,0,0,342,215,183,172
2026/01/26/20:52:28,2515.987824,0.726812,0.833624,0.733688,0.893488,29,31,19,9,0,2,0,0,342,215,183,172
2026/01/26/20:52:29,2516.987988,0.726812,0.833624,0.733688,0.893488,29,31,19,9,0,2,0,0,342,215,183,172
2026/01/26/20:52:30,2517.988098,0.726812,0.833624,0.733688,0.893488,29,31,19,9,0,2,0,0,342,215,183,172
2026/01/26/20:52:31,2518.988269,0.747437,0.844690,0.754313,0.904554,32,31,19,9,0,2,0,0,342,215,183,172
2026/01/26/20:52:32,2519.988456,0.747437,0.844690,0.754313,0.904554,32,31,19,9,0,2,0,0,342,215,183,172
2026/01/26/20:52:33,2520.988566,0.747437,0.844690,0.754313,0.904554,32,31,19,9,0,2,0,0,342,215,183,172
2026/01/26/20:52:34,2521.988739,0.747437,0.844690,0.754313,0.904554,32,31,19,9,0,2,0,0,342,215,183,172
2026/01/26/20:52:35,2522.988911,0.747437,0.844690,0.754313,0.904554,32,31,19,9,0,2,0,0,342,215,183,172
2026/01/26/20:52:36,2523.989089,0.747437,0.844690,0.754313,0.904554,32,31,19,9,0,2,0,0,342,215,183,172
2026/01/26/20:52:37,2524.989251,0.747437,0.844690,0.754313,0.904554,32,31,19,9,0,2,0,0,342,215,183,172
2026/01/26/20:52:38,2525.989415,0.747437,0.844690,0.754313,0.904554,32,31,19,9,0,2,0,0,342,215,183,172
2026/01/26/20:52:39,2526.989566,0.747437,0.844690,0.754313,0.904554,32,31,19,9,0,2,0,0,342,215,183,172
2026/01/26/20:52:40,2527.989735,0.747437,0.844690,0.754313,0.904554,32,31,19,9,0,2,0,0,342,215,183,172
2026/01/26/20:52:41,2528.989910,0.747437,0.844690,0.754313,0.904554,32,31,19,9,0,2,0,0,342,215,183,172
2026/01/26/20:52:43,2530.031011,0.747437,0.844690,0.754313,0.904554,32,31,19,9,0,2,0,0,342,215,183,172
2026/01/26/20:52:44,2531.031075,0.747437,0.844690,0.754313,0.904554,32,31,19,9,0,2,0,0,342,215,183,172
2026/01/26/20:52:45,2532.031202,0.754313,0.904554,0.754313,0.904554,32,33,19,9,0,0,0,0,345,215,183,172
2026/01/26/20:52:46,2533.031341,0.754313,0.904554,0.754313,0.904554,32,33,19,9,0,0,0,0,345,215,183,172
2026/01/26/20:52:47,2534.031492,0.754313,0.904554,0.754313,0.904554,32,33,19,9,0,0,0,0,345,215,183,172
2026/01/26/20:52:48,2535.031600,0.754313,0.904554,0.754313,0.904554,32,33,19,9,0,0,0,0,345,215,183,172
2026/01/26/20:52:49,2536.031714,0.733688,0.893488,0.733688,0.893488,29,33,19,9,0,0,0,0,348,215,183,172
2026/01/26/20:52:50,2537.031868,0.733688,0.893488,0.733688,0.893488,29,33,19,9,0,0,0,0,348,215,183,172
2026/01/26/20:52:51,2538.031988,0.733688,0.893488,0.733688,0.893488,29,33,19,9,0,0,0,0,348,215,183,172
2026/01/26/20:52:52,2539.032046,0.733688,0.893488,0.733688,0.893488,29,33,19,9,0,0,0,0,348,215,183,172
2026/01/26/20:52:53,2540.032159,0.733688,0.893488,0.733688,0.893488,29,33,19,9,0,0,0,0,348,215,183,172
2026/01/26/20:52:54,2541.032280,0.733688,0.893488,0.733688,0.893488,29,33,19,9,0,0,0,0,348,215,183,172
2026/01/26/20:52:55,2542.032382,0.753938,0.909638,0.753938,0.909638,29,35,21,9,0,0,0,0,348,215,183,172
2026/01/26/20:52:56,2543.032528,0.753938,0.909638,0.753938,0.909638,29,35,21,9,0,0,0,0,348,215,183,172
2026/01/26/20:52:57,2544.032623,0.753938,0.909638,0.753938,0.909638,29,35,21,9,0,0,0,0,348,215,183,172
2026/01/26/20:52:58,2545.032720,0.733688,0.893488,0.733688,0.893488,29,33,19,9,0,0,0,0,348,217,185,172
2026/01/26/20:52:59,2546.032830,0.733688,0.893488,0.733688,0.893488,29,33,19,9,0,0,0,0,348,217,185,172
2026/01/26/20:53:00,2547.032984,0.733688,0.893488,0.733688,0.893488,29,33,19,9,0,0,0,0,348,217,185,172
2026/01/26/20:53:01,2548.033141,0.733688,0.893488,0.733688,0.893488,29,33,19,9,0,0,0,0,348,217,185,172
2026/01/26/20:53:02,2549.033257,0.733688,0.893488,0.733688,0.893488,29,33,19,9,0,0,0,0,348,217,185,172
2026/01/26/20:53:03,2550.033402,0.733688,0.893488,0.733688,0.893488,29,33,19,9,0,0,0,0,348,217,185,172
2026/01/26/20:53:04,2551.033564,0.710250,0.879576,0.710250,0.879576,26,33,19,9,0,0,0,0,351,217,185,172
2026/01/26/20:53:05,2552.033650,0.710250,0.879576,0.710250,0.879576,26,33,19,9,0,0,0,0,351,217,185,172
2026/01/26/20:53:06,2553.033794,0.710250,0.879576,0.710250,0.879576,26,33,19,9,0,0,0,0,351,217,185,172
2026/01/26/20:53:07,2554.033858,0.710250,0.879576,0.710250,0.879576,26,33,19,9,0,0,0,0,351,217,185,172
2026/01/26/20:53:08,2555.033954,0.710250,0.879576,0.710250,0.879576,26,33,19,9,0,0,0,0,351,217,185,172
2026/01/26/20:53:09,2556.034057,0.699750,0.867401,0.699750,0.867401,26,33,16,9,0,0,0,0,351,217,188,172
2026/01/26/20:53:10,2557.034159,0.699750,0.867401,0.699750,0.867401,26,33,16,9,0,0,0,0,351,217,188,172
2026/01/26/20:53:11,2558.034240,0.699750,0.867401,0.731000,0.960880,26,33,16,9,0,0,6,1,351,217,188,172
2026/01/26/20:53:12,2559.034402,0.730375,0.943957,0.744313,0.986870,26,34,21,10,0,0,3,0,351,217,188,172
2026/01/26/20:53:13,2560.034490,0.730375,0.943957,0.744313,0.986870,26,34,21,10,0,0,3,0,351,217,188,172
2026/01/26/20:53:14,2561.034649,0.730375,0.943957,0.755750,0.998099,26,34,21,10,1,0,3,0,351,217,188,172
2026/01/26/20:53:15,2562.034810,0.729875,0.938188,0.751062,0.981442,26,34,22,9,1,0,2,0,351,217,188,173
2026/01/26/20:53:16,2563.034842,0.729875,0.938188,0.751062,0.981442,26,34,22,9,1,0,2,0,351,217,188,173
2026/01/26/20:53:17,2564.034949,0.729875,0.938188,0.751062,0.981442,26,34,22,9,1,0,2,0,351,217,188,173
2026/01/26/20:53:18,2565.035043,0.729875,0.938188,0.751062,0.981442,26,34,22,9,1,0,2,0,351,217,188,173
2026/01/26/20:53:19,2566.035192,0.729875,0.938188,0.751062,0.981442,26,34,22,9,1,0,2,0,351,217,188,173
2026/01/26/20:53:20,2567.035286,0.734250,0.936645,0.739812,0.957780,27,34,20,9,0,0,1,0,351,217,191,173
2026/01/26/20:53:21,2568.035447,0.734250,0.936645,0.739812,0.957780,27,34,20,9,0,0,1,0,351,217,191,173
2026/01/26/20:53:22,2569.035541,0.734250,0.936645,0.739812,0.957780,27,34,20,9,0,0,1,0,351,217,191,173
2026/01/26/20:53:23,2570.035645,0.734250,0.936645,0.739812,0.957780,27,34,20,9,0,0,1,0,351,217,191,173
2026/01/26/20:53:24,2571.035752,0.734250,0.936645,0.739812,0.957780,27,34,20,9,0,0,1,0,351,217,191,173
2026/01/26/20:53:25,2572.035857,0.721688,0.903978,0.727250,0.925113,27,34,17,9,0,0,1,0,351,217,194,173
2026/01/26/20:53:26,2573.036014,0.710250,0.892749,0.715812,0.913884,26,34,17,9,0,0,1,0,352,217,194,173
2026/01/26/20:53:27,2574.036170,0.710250,0.892749,0.715812,0.913884,26,34,17,9,0,0,1,0,352,217,194,173
2026/01/26/20:53:28,2575.036256,0.710250,0.892749,0.715812,0.913884,26,34,17,9,0,0,1,0,352,217,194,173
2026/01/26/20:53:29,2576.036499,0.705313,0.888536,0.710875,0.909672,26,33,17,9,0,0,1,0,352,218,194,173
2026/01/26/20:53:30,2577.036606,0.695688,0.897809,0.695688,0.897809,26,30,18,9,0,0,0,0,352,221,194,173
2026/01/26/20:53:31,2578.036711,0.695688,0.897809,0.695688,0.897809,26,30,18,9,0,0,0,0,352,221,194,173
2026/01/26/20:53:32,2579.036818,0.689562,0.892983,0.689562,0.892983,25,30,18,9,0,0,0,0,353,221,194,173
2026/01/26/20:53:33,2580.036920,0.689562,0.892983,0.689562,0.892983,25,30,18,9,0,0,0,0,353,221,194,173
2026/01/26/20:53:34,2581.037019,0.740437,0.942637,0.791500,0.964905,26,35,19,9,1,0,2,0,353,221,194,173
2026/01/26/20:53:35,2582.037112,0.768437,0.974709,0.836250,1.003492,26,36,19,12,1,1,2,0,353,221,194,173
2026/01/26/20:53:36,2583.037265,0.764312,0.966883,0.832125,0.995665,26,35,19,12,1,1,2,0,353,222,194,173
2026/01/26/20:53:37,2584.037392,0.771563,0.967055,0.822625,0.989323,26,34,19,12,1,0,2,0,353,224,194,173
2026/01/26/20:53:38,2585.037483,0.761687,0.948898,0.812750,0.971166,26,32,19,12,1,0,2,0,353,226,194,173
2026/01/26/20:53:39,2586.037642,0.761687,0.948898,0.812750,0.971166,26,32,19,12,1,0,2,0,353,226,194,173
2026/01/26/20:53:40,2587.037732,0.761687,0.948898,0.812750,0.971166,26,32,19,12,1,0,2,0,353,226,194,173
2026/01/26/20:53:41,2588.037922,0.761687,0.948898,0.812750,0.971166,26,32,19,12,1,0,2,0,353,226,194,173
2026/01/26/20:53:42,2589.038074,0.761687,0.948898,0.812750,0.971166,26,32,19,12,1,0,2,0,353,226,194,173
2026/01/26/20:53:43,2590.038172,0.761687,0.948898,0.812750,0.971166,26,32,19,12,1,0,2,0,353,226,194,173
2026/01/26/20:53:44,2591.038248,0.761687,0.948898,0.812750,0.971166,26,32,19,12,1,0,2,0,353,226,194,173
2026/01/26/20:53:45,2592.038364,0.761687,0.948898,0.812750,0.971166,26,32,19,12,1,0,2,0,353,226,194,173
2026/01/26/20:53:46,2593.038455,0.728187,0.935869,0.779250,0.958137,26,30,19,12,1,0,2,0,353,228,194,173
2026/01/26/20:53:47,2594.038549,0.728187,0.935869,0.779250,0.958137,26,30,19,12,1,0,2,0,353,228,194,173
2026/01/26/20:53:48,2595.038653,0.728187,0.935869,0.779250,0.958137,26,30,19,12,1,0,2,0,353,228,194,173
2026/01/26/20:53:49,2596.038748,0.728187,0.935869,0.779250,0.958137,26,30,19,12,1,0,2,0,353,228,194,173
2026/01/26/20:53:50,2597.038851,0.728187,0.935869,0.779250,0.958137,26,30,19,12,1,0,2,0,353,228,194,173
2026/01/26/20:53:51,2598.038948,0.728187,0.935869,0.779250,0.958137,26,30,19,12,1,0,2,0,353,228,194,173
2026/01/26/20:53:52,2599.039124,0.720625,0.922699,0.768000,0.932579,27,30,19,9,0,0,2,0,353,228,194,176
2026/01/26/20:53:53,2600.039274,0.720625,0.922699,0.768000,0.932579,27,30,19,9,0,0,2,0,353,228,194,176
2026/01/26/20:53:54,2601.039369,0.720625,0.922699,0.768000,0.932579,27,30,19,9,0,0,2,0,353,228,194,176
2026/01/26/20:53:55,2602.039490,0.720625,0.922699,0.768000,0.932579,27,30,19,9,0,0,2,0,353,228,194,176
2026/01/26/20:53:56,2603.039599,0.720625,0.922699,0.768000,0.932579,27,30,19,9,0,0,2,0,353,228,194,176
2026/01/26/20:53:57,2604.039776,0.720625,0.922699,0.768000,0.932579,27,30,19,9,0,0,2,0,353,228,194,176
2026/01/26/20:53:58,2605.039815,0.720625,0.922699,0.768000,0.932579,27,30,19,9,0,0,2,0,353,228,194,176
2026/01/26/20:53:59,2606.039985,0.720625,0.922699,0.768000,0.932579,27,30,19,9,0,0,2,0,353,228,194,176
2026/01/26/20:54:00,2607.040085,0.720625,0.922699,0.768000,0.932579,27,30,19,9,0,0,2,0,353,228,194,176
2026/01/26/20:54:01,2608.040187,0.720625,0.922699,0.768000,0.932579,27,30,19,9,0,0,2,0,353,228,194,176
2026/01/26/20:54:02,2609.040284,0.720625,0.922699,0.768000,0.932579,27,30,19,9,0,0,2,0,353,228,194,176
2026/01/26/20:54:03,2610.040393,0.720625,0.922699,0.768000,0.932579,27,30,19,9,0,0,2,0,353,228,194,176
2026/01/26/20:54:04,2611.040542,0.720625,0.922699,0.768000,0.932579,27,30,19,9,0,0,2,0,353,228,194,176
2026/01/26/20:54:05,2612.040615,0.720625,0.922699,0.768000,0.932579,27,30,19,9,0,0,2,0,353,228,194,176
2026/01/26/20:54:06,2613.040729,0.720625,0.922699,0.768000,0.932579,27,30,19,9,0,0,2,0,353,228,194,176
2026/01/26/20:54:07,2614.040879,0.720625,0.922699,0.768000,0.932579,27,30,19,9,0,0,2,0,353,228,194,176
2026/01/26/20:54:08,2615.041036,0.720625,0.922699,0.768000,0.932579,27,30,19,9,0,0,2,0,353,228,194,176
2026/01/26/20:54:09,2616.041157,0.720625,0.922699,0.768000,0.932579,27,30,19,9,0,0,2,0,353,228,194,176
2026/01/26/20:54:10,2617.041266,0.720625,0.922699,0.768000,0.932579,27,30,19,9,0,0,2,0,353,228,194,176
2026/01/26/20:54:11,2618.041427,0.720625,0.922699,0.768000,0.932579,27,30,19,9,0,0,2,0,353,228,194,176
2026/01/26/20:54:12,2619.041581,0.720625,0.922699,0.768000,0.932579,27,30,19,9,0,0,2,0,353,228,194,176
2026/01/26/20:54:13,2620.041683,0.720625,0.922699,0.768000,0.932579,27,30,19,9,0,0,2,0,353,228,194,176
2026/01/26/20:54:14,2621.041816,0.720625,0.922699,0.768000,0.932579,27,30,19,9,0,0,2,0,353,228,194,176
2026/01/26/20:54:15,2622.041935,0.720625,0.922699,0.768000,0.932579,27,30,19,9,0,0,2,0,353,228,194,176
2026/01/26/20:54:16,2623.042028,0.720625,0.922699,0.768000,0.932579,27,30,19,9,0,0,2,0,353,228,194,176
2026/01/26/20:54:17,2624.042098,0.720625,0.922699,0.768000,0.932579,27,30,19,9,0,0,2,0,353,228,194,176
2026/01/26/20:54:18,2625.042218,0.720625,0.922699,0.768000,0.932579,27,30,19,9,0,0,2,0,353,228,194,176
2026/01/26/20:54:19,2626.042356,0.720625,0.922699,0.768000,0.932579,27,30,19,9,0,0,2,0,353,228,194,176
2026/01/26/20:54:20,2627.042492,0.720625,0.922699,0.768000,0.932579,27,30,19,9,0,0,2,0,353,228,194,176
2026/01/26/20:54:21,2628.042586,0.720625,0.922699,0.768000,0.932579,27,30,19,9,0,0,2,0,353,228,194,176
2026/01/26/20:54:22,2629.042739,0.720625,0.922699,0.768000,0.932579,27,30,19,9,0,0,2,0,353,228,194,176
2026/01/26/20:54:23,2630.042907,0.720625,0.922699,0.768000,0.932579,27,30,19,9,0,0,2,0,353,228,194,176
2026/01/26/20:54:24,2631.043065,0.720625,0.922699,0.768000,0.932579,27,30,19,9,0,0,2,0,353,228,194,176
2026/01/26/20:54:25,2632.043164,0.720625,0.922699,0.768000,0.932579,27,30,19,9,0,0,2,0,353,228,194,176
2026/01/26/20:54:26,2633.043318,0.720625,0.922699,0.768000,0.932579,27,30,19,9,0,0,2,0,353,228,194,176
2026/01/26/20:54:27,2634.043489,0.720625,0.922699,0.768000,0.932579,27,30,19,9,0,0,2,0,353,228,194,176
2026/01/26/20:54:28,2635.043582,0.720625,0.922699,0.768000,0.932579,27,30,19,9,0,0,2,0,353,228,194,176
2026/01/26/20:54:29,2636.043719,0.720625,0.922699,0.768000,0.932579,27,30,19,9,0,0,2,0,353,228,194,176
2026/01/26/20:54:30,2637.043885,0.720625,0.922699,0.768000,0.932579,27,30,19,9,0,0,2,0,353,228,194,176
2026/01/26/20:54:31,2638.043990,0.720625,0.922699,0.768000,0.932579,27,30,19,9,0,0,2,0,353,228,194,176
2026/01/26/20:54:32,2639.044145,0.720625,0.922699,0.768000,0.932579,27,30,19,9,0,0,2,0,353,228,194,176
2026/01/26/20:54:33,2640.044280,0.720625,0.922699,0.768000,0.932579,27,30,19,9,0,0,2,0,353,228,194,176
2026/01/26/20:54:34,2641.044378,0.720625,0.922699,0.768000,0.932579,27,30,19,9,0,0,2,0,353,228,194,176
2026/01/26/20:54:35,2642.044459,0.727313,0.934076,0.774687,0.943956,28,30,19,9,0,0,2,0,353,228,194,176
2026/01/26/20:54:36,2643.044726,0.727313,0.934076,0.774687,0.943956,28,30,19,9,0,0,2,0,353,228,194,176
2026/01/26/20:54:37,2644.044786,0.727313,0.934076,0.774687,0.943956,28,30,19,9,0,0,2,0,353,228,194,176
2026/01/26/20:54:38,2645.044924,0.720625,0.922699,0.768000,0.932579,27,30,19,9,0,0,2,0,354,228,194,176
2026/01/26/20:54:39,2646.045033,0.720625,0.922699,0.768000,0.932579,27,30,19,9,0,0,2,0,354,228,194,176
2026/01/26/20:54:40,2647.045141,0.720625,0.922699,0.768000,0.932579,27,30,19,9,0,0,2,0,354,228,194,176
2026/01/26/20:54:41,2648.045305,0.731563,0.930951,0.778937,0.940831,28,31,19,9,0,0,2,0,354,228,194,176
2026/01/26/20:54:42,2649.045453,0.731563,0.930951,0.778937,0.940831,28,31,19,9,0,0,2,0,354,228,194,176
2026/01/26/20:54:43,2650.045616,0.731563,0.930951,0.778937,0.940831,28,31,19,9,0,0,2,0,354,228,194,176
2026/01/26/20:54:44,2651.045692,0.727625,0.927744,0.775000,0.937624,27,31,19,9,0,0,2,0,355,228,194,176
2026/01/26/20:54:45,2652.045750,0.720625,0.922699,0.768000,0.932579,27,30,19,9,0,0,2,0,355,229,194,176
2026/01/26/20:54:46,2653.045922,0.720625,0.922699,0.768000,0.932579,27,30,19,9,0,0,2,0,355,229,194,176
2026/01/26/20:54:47,2654.046028,0.720625,0.922699,0.768000,0.932579,27,30,19,9,0,0,2,0,355,229,194,176
2026/01/26/20:54:48,2655.046127,0.720625,0.922699,0.768000,0.932579,27,30,19,9,0,0,2,0,355,229,194,176
2026/01/26/20:54:49,2656.046292,0.720625,0.922699,0.768000,0.932579,27,30,19,9,0,0,2,0,355,229,194,176
2026/01/26/20:54:50,2657.046458,0.720625,0.922699,0.768000,0.932579,27,30,19,9,0,0,2,0,355,229,194,176
2026/01/26/20:54:51,2658.046532,0.720625,0.922699,0.768000,0.932579,27,30,19,9,0,0,2,0,355,229,194,176
2026/01/26/20:54:52,2659.046680,0.732437,0.918048,0.768000,0.932579,25,30,20,9,2,0,1,0,357,229,194,176
2026/01/26/20:54:53,2660.046856,0.768000,0.932579,0.768000,0.932579,27,30,21,9,0,0,0,0,357,229,194,176
2026/01/26/20:54:54,2661.047017,0.768000,0.932579,0.768000,0.932579,27,30,21,9,0,0,0,0,357,229,194,176
2026/01/26/20:54:55,2662.047116,0.768000,0.932579,0.768000,0.932579,27,30,21,9,0,0,0,0,357,229,194,176
2026/01/26/20:54:56,2663.047225,0.768000,0.932579,0.768000,0.932579,27,30,21,9,0,0,0,0,357,229,194,176
2026/01/26/20:54:57,2664.047381,0.750375,0.916601,0.750375,0.916601,27,27,21,9,0,0,0,0,357,232,194,176
2026/01/26/20:54:58,2665.047544,0.750375,0.916601,0.750375,0.916601,27,27,21,9,0,0,0,0,357,232,194,176
2026/01/26/20:54:59,2666.047646,0.750375,0.916601,0.750375,0.916601,27,27,21,9,0,0,0,0,357,232,194,176
2026/01/26/20:55:00,2667.047739,0.747062,0.912648,0.747062,0.912648,27,27,20,9,0,0,0,0,357,232,195,176
2026/01/26/20:55:01,2668.047858,0.747062,0.912648,0.747062,0.912648,27,27,20,9,0,0,0,0,357,232,195,176
2026/01/26/20:55:02,2669.048027,0.747062,0.912648,0.747062,0.912648,27,27,20,9,0,0,0,0,357,232,195,176
2026/01/26/20:55:03,2670.048117,0.747062,0.912648,0.747062,0.912648,27,27,20,9,0,0,0,0,357,232,195,176
2026/01/26/20:55:04,2671.048218,0.747062,0.912648,0.747062,0.912648,27,27,20,9,0,0,0,0,357,232,195,176
2026/01/26/20:55:05,2672.048388,0.747062,0.912648,0.747062,0.912648,27,27,20,9,0,0,0,0,357,232,195,176
2026/01/26/20:55:06,2673.048496,0.747062,0.912648,0.747062,0.912648,27,27,20,9,0,0,0,0,357,232,195,176
2026/01/26/20:55:07,2674.048595,0.747062,0.912648,0.747062,0.912648,27,27,20,9,0,0,0,0,357,232,195,176
2026/01/26/20:55:08,2675.048743,0.747062,0.912648,0.747062,0.912648,27,27,20,9,0,0,0,0,357,232,195,176
2026/01/26/20:55:09,2676.048913,0.747062,0.912648,0.747062,0.912648,27,27,20,9,0,0,0,0,357,232,195,176
2026/01/26/20:55:10,2677.049018,0.747062,0.912648,0.747062,0.912648,27,27,20,9,0,0,0,0,357,232,195,176
2026/01/26/20:55:11,2678.049182,0.747062,0.912648,0.747062,0.912648,27,27,20,9,0,0,0,0,357,232,195,176
2026/01/26/20:55:12,2679.049347,0.747062,0.912648,0.747062,0.912648,27,27,20,9,0,0,0,0,357,232,195,176
2026/01/26/20:55:13,2680.049495,0.747062,0.912648,0.747062,0.912648,27,27,20,9,0,0,0,0,357,232,195,176
2026/01/26/20:55:14,2681.049655,0.747062,0.912648,0.747062,0.912648,27,27,20,9,0,0,0,0,357,232,195,176
2026/01/26/20:55:15,2682.049755,0.782687,0.961349,0.800500,1.018129,27,29,26,9,0,5,0,0,357,232,195,176
2026/01/26/20:55:16,2683.049857,0.782687,0.961349,0.800500,1.018129,27,29,26,9,0,5,0,0,357,232,195,176
2026/01/26/20:55:17,2684.050021,0.782687,0.961349,0.800500,1.018129,27,29,26,9,0,5,0,0,357,232,195,176
2026/01/26/20:55:18,2685.050189,0.778625,0.955186,0.792375,1.005805,27,28,26,9,0,4,0,0,357,233,195,176
2026/01/26/20:55:19,2686.050349,0.778625,0.955186,0.792375,1.005805,27,28,26,9,0,4,0,0,357,233,195,176
2026/01/26/20:55:20,2687.050459,0.710938,0.952016,0.721313,0.990984,27,29,23,9,0,3,0,0,357,233,198,176
2026/01/26/20:55:21,2688.050623,0.701937,0.953031,0.708937,0.980349,27,30,20,9,0,2,0,0,357,233,201,176
2026/01/26/20:55:22,2689.050808,0.701937,0.953031,0.708937,0.980349,27,30,20,9,0,2,0,0,357,233,201,176
2026/01/26/20:55:23,2690.050943,0.701937,0.953031,0.708937,0.980349,27,30,20,9,0,2,0,0,357,233,201,176
2026/01/26/20:55:24,2691.051096,0.701937,0.953031,0.708937,0.980349,27,30,20,9,0,2,0,0,357,233,201,176
2026/01/26/20:55:25,2692.051243,0.701937,0.953031,0.708937,0.980349,27,30,20,9,0,2,0,0,357,233,201,176
2026/01/26/20:55:26,2693.051401,0.701937,0.953031,0.708937,0.980349,27,30,20,9,0,2,0,0,357,233,201,176
2026/01/26/20:55:27,2694.051513,0.701937,0.953031,0.708937,0.980349,27,30,20,9,0,2,0,0,357,233,201,176
2026/01/26/20:55:28,2695.051682,0.701937,0.953031,0.708937,0.980349,27,30,20,9,0,2,0,0,357,233,201,176
2026/01/26/20:55:29,2696.051861,0.701937,0.953031,0.708937,0.980349,27,30,20,9,0,2,0,0,357,233,201,176
2026/01/26/20:55:30,2697.052016,0.682562,0.935568,0.689562,0.962886,27,30,18,9,0,2,0,0,357,233,203,176
2026/01/26/20:55:31,2698.052117,0.682562,0.935568,0.689562,0.962886,27,30,18,9,0,2,0,0,357,233,203,176
2026/01/26/20:55:32,2699.052291,0.682562,0.935568,0.689562,0.962886,27,30,18,9,0,2,0,0,357,233,203,176
2026/01/26/20:55:33,2700.052443,0.682562,0.935568,0.689562,0.962886,27,30,18,9,0,2,0,0,357,233,203,176
2026/01/26/20:55:34,2701.052612,0.682562,0.935568,0.689562,0.962886,27,30,18,9,0,2,0,0,357,233,203,176
2026/01/26/20:55:35,2702.052795,0.682562,0.935568,0.689562,0.962886,27,30,18,9,0,2,0,0,357,233,203,176
2026/01/26/20:55:36,2703.052938,0.682562,0.935568,0.689562,0.962886,27,30,18,9,0,2,0,0,357,233,203,176
2026/01/26/20:55:37,2704.053103,0.682562,0.935568,0.689562,0.962886,27,30,18,9,0,2,0,0,357,233,203,176
2026/01/26/20:55:38,2705.053214,0.682562,0.935568,0.689562,0.962886,27,30,18,9,0,2,0,0,357,233,203,176
2026/01/26/20:55:39,2706.053380,0.682562,0.935568,0.689562,0.962886,27,30,18,9,0,2,0,0,357,233,203,176
2026/01/26/20:55:40,2707.053482,0.682562,0.935568,0.689562,0.962886,27,30,18,9,0,2,0,0,357,233,203,176
2026/01/26/20:55:41,2708.053573,0.682562,0.935568,0.689562,0.962886,27,30,18,9,0,2,0,0,357,233,203,176
2026/01/26/20:55:42,2709.053687,0.682562,0.935568,0.689562,0.962886,27,30,18,9,0,2,0,0,357,233,203,176
2026/01/26/20:55:43,2710.053851,0.682562,0.935568,0.689562,0.962886,27,30,18,9,0,2,0,0,357,233,203,176
2026/01/26/20:55:44,2711.054014,0.682562,0.935568,0.689562,0.962886,27,30,18,9,0,2,0,0,357,233,203,176
2026/01/26/20:55:45,2712.054130,0.682562,0.935568,0.689562,0.962886,27,30,18,9,0,2,0,0,357,233,203,176
2026/01/26/20:55:46,2713.054299,0.682562,0.935568,0.689562,0.962886,27,30,18,9,0,2,0,0,357,233,203,176
2026/01/26/20:55:47,2714.054407,0.682562,0.935568,0.689562,0.962886,27,30,18,9,0,2,0,0,357,233,203,176
2026/01/26/20:55:48,2715.054522,0.682562,0.935568,0.689562,0.962886,27,30,18,9,0,2,0,0,357,233,203,176
2026/01/26/20:55:49,2716.054624,0.682562,0.935568,0.689562,0.962886,27,30,18,9,0,2,0,0,357,233,203,176
2026/01/26/20:55:50,2717.054716,0.682562,0.935568,0.689562,0.962886,27,30,18,9,0,2,0,0,357,233,203,176
2026/01/26/20:55:51,2718.054922,0.682562,0.935568,0.689562,0.962886,27,30,18,9,0,2,0,0,357,233,203,176
2026/01/26/20:55:52,2719.055032,0.682562,0.935568,0.689562,0.962886,27,30,18,9,0,2,0,0,357,233,203,176
2026/01/26/20:55:53,2720.055131,0.682562,0.935568,0.689562,0.962886,27,30,18,9,0,2,0,0,357,233,203,176
2026/01/26/20:55:54,2721.055242,0.682562,0.935568,0.689562,0.962886,27,30,18,9,0,2,0,0,357,233,203,176
2026/01/26/20:55:55,2722.130907,0.682562,0.935568,0.689562,0.962886,27,30,18,9,0,2,0,0,357,233,203,176
2026/01/26/20:55:56,2723.131011,0.707500,0.947650,0.714500,0.974968,27,33,18,9,0,2,0,0,357,233,203,176
2026/01/26/20:55:57,2724.131119,0.707500,0.947650,0.721625,0.982924,27,33,18,9,2,2,0,0,359,233,203,176
2026/01/26/20:55:58,2725.131220,0.707500,0.947650,0.721625,0.982924,27,33,18,9,2,2,0,0,359,233,203,176
2026/01/26/20:55:59,2726.131317,0.696688,0.970842,0.696688,0.970842,29,32,18,9,0,0,0,0,359,236,203,176
2026/01/26/20:56:00,2727.131473,0.696688,0.970842,0.696688,0.970842,29,32,18,9,0,0,0,0,359,236,203,176
2026/01/26/20:56:01,2728.131576,0.689562,0.962886,0.689562,0.962886,27,32,18,9,0,0,0,0,361,236,203,176
2026/01/26/20:56:02,2729.131700,0.689562,0.962886,0.689562,0.962886,27,32,18,9,0,0,0,0,361,236,203,176
2026/01/26/20:56:03,2730.131850,0.689562,0.962886,0.689562,0.962886,27,32,18,9,0,0,0,0,361,236,203,176
2026/01/26/20:56:04,2731.131935,0.689562,0.962886,0.689562,0.962886,27,32,18,9,0,0,0,0,361,236,203,176
2026/01/26/20:56:05,2732.132041,0.689562,0.962886,0.689562,0.962886,27,32,18,9,0,0,0,0,361,236,203,176
2026/01/26/20:56:06,2733.132154,0.689562,0.962886,0.689562,0.962886,27,32,18,9,0,0,0,0,361,236,203,176
2026/01/26/20:56:07,2734.132260,0.689562,0.962886,0.689562,0.962886,27,32,18,9,0,0,0,0,361,236,203,176
2026/01/26/20:56:08,2735.132356,0.689562,0.962886,0.689562,0.962886,27,32,18,9,0,0,0,0,361,236,203,176
2026/01/26/20:56:09,2736.132479,0.689562,0.962886,0.689562,0.962886,27,32,18,9,0,0,0,0,361,236,203,176
2026/01/26/20:56:10,2737.132567,0.689562,0.962886,0.689562,0.962886,27,32,18,9,0,0,0,0,361,236,203,176
2026/01/26/20:56:11,2738.132669,0.689562,0.962886,0.689562,0.962886,27,32,18,9,0,0,0,0,361,236,203,176
2026/01/26/20:56:12,2739.132841,0.689562,0.962886,0.689562,0.962886,27,32,18,9,0,0,0,0,361,236,203,176
2026/01/26/20:56:13,2740.132994,0.689562,0.962886,0.689562,0.962886,27,32,18,9,0,0,0,0,361,236,203,176
2026/01/26/20:56:14,2741.133097,0.689562,0.962886,0.689562,0.962886,27,32,18,9,0,0,0,0,361,236,203,176
2026/01/26/20:56:15,2742.133241,0.689562,0.962886,0.689562,0.962886,27,32,18,9,0,0,0,0,361,236,203,176
2026/01/26/20:56:16,2743.133502,0.689562,0.962886,0.689562,0.962886,27,32,18,9,0,0,0,0,361,236,203,176
2026/01/26/20:56:17,2744.133579,0.689562,0.962886,0.689562,0.962886,27,32,18,9,0,0,0,0,361,236,203,176
2026/01/26/20:56:18,2745.133686,0.689562,0.962886,0.689562,0.962886,27,32,18,9,0,0,0,0,361,236,203,176
2026/01/26/20:56:19,2746.133808,0.689562,0.962886,0.689562,0.962886,27,32,18,9,0,0,0,0,361,236,203,176
2026/01/26/20:56:20,2747.133863,0.689562,0.962886,0.689562,0.962886,27,32,18,9,0,0,0,0,361,236,203,176
2026/01/26/20:56:21,2748.133967,0.689562,0.962886,0.689562,0.962886,27,32,18,9,0,0,0,0,361,236,203,176
2026/01/26/20:56:22,2749.134070,0.689562,0.962886,0.689562,0.962886,27,32,18,9,0,0,0,0,361,236,203,176
2026/01/26/20:56:23,2750.134161,0.689562,0.962886,0.689562,0.962886,27,32,18,9,0,0,0,0,361,236,203,176
2026/01/26/20:56:24,2751.134317,0.676937,0.951303,0.676937,0.951303,27,30,18,9,0,0,0,0,361,238,203,176
2026/01/26/20:56:25,2752.134422,0.676937,0.951303,0.676937,0.951303,27,30,18,9,0,0,0,0,361,238,203,176
2026/01/26/20:56:26,2753.134525,0.676937,0.951303,0.676937,0.951303,27,30,18,9,0,0,0,0,361,238,203,176
2026/01/26/20:56:27,2754.134618,0.676937,0.951303,0.676937,0.951303,27,30,18,9,0,0,0,0,361,238,203,176
2026/01/26/20:56:28,2755.134715,0.676937,0.951303,0.676937,0.951303,27,30,18,9,0,0,0,0,361,238,203,176
2026/01/26/20:56:29,2756.134856,0.676937,0.951303,0.676937,0.951303,27,30,18,9,0,0,0,0,361,238,203,176
2026/01/26/20:56:30,2757.134951,0.676937,0.951303,0.676937,0.951303,27,30,18,9,0,0,0,0,361,238,203,176
2026/01/26/20:56:31,2758.135047,0.676937,0.951303,0.676937,0.951303,27,30,18,9,0,0,0,0,361,238,203,176
2026/01/26/20:56:32,2759.135151,0.676937,0.951303,0.676937,0.951303,27,30,18,9,0,0,0,0,361,238,203,176
2026/01/26/20:56:33,2760.135236,0.676937,0.951303,0.676937,0.951303,27,30,18,9,0,0,0,0,361,238,203,176
2026/01/26/20:56:34,2761.135416,0.698313,0.967121,0.698313,0.967121,27,33,18,9,0,0,0,0,361,238,203,176
2026/01/26/20:56:35,2762.135512,0.698313,0.967121,0.698313,0.967121,27,33,18,9,0,0,0,0,361,238,203,176
2026/01/26/20:56:36,2763.135670,0.698313,0.967121,0.698313,0.967121,27,33,18,9,0,0,0,0,361,238,203,176
2026/01/26/20:56:37,2764.135839,0.698313,0.967121,0.698313,0.967121,27,33,18,9,0,0,0,0,361,238,203,176
2026/01/26/20:56:38,2765.135994,0.698313,0.967121,0.698313,0.967121,27,33,18,9,0,0,0,0,361,238,203,176
2026/01/26/20:56:39,2766.136096,0.698313,0.967121,0.698313,0.967121,27,33,18,9,0,0,0,0,361,238,203,176
2026/01/26/20:56:40,2767.136197,0.698313,0.967121,0.698313,0.967121,27,33,18,9,0,0,0,0,361,238,203,176
2026/01/26/20:56:41,2768.136303,0.698313,0.967121,0.698313,0.967121,27,33,18,9,0,0,0,0,361,238,203,176
2026/01/26/20:56:42,2769.136417,0.698313,0.967121,0.698313,0.967121,27,33,18,9,0,0,0,0,361,238,203,176
2026/01/26/20:56:43,2770.136517,0.698313,0.967121,0.698313,0.967121,27,33,18,9,0,0,0,0,361,238,203,176
2026/01/26/20:56:44,2771.136606,0.685562,0.957109,0.685562,0.957109,27,31,18,9,0,0,0,0,361,240,203,176
2026/01/26/20:56:45,2772.136717,0.685562,0.957109,0.685562,0.957109,27,31,18,9,0,0,0,0,361,240,203,176
2026/01/26/20:56:46,2773.136799,0.685562,0.957109,0.685562,0.957109,27,31,18,9,0,0,0,0,361,240,203,176
2026/01/26/20:56:47,2774.136907,0.685562,0.957109,0.685562,0.957109,27,31,18,9,0,0,0,0,361,240,203,176
2026/01/26/20:56:48,2775.137076,0.685562,0.957109,0.685562,0.957109,27,31,18,9,0,0,0,0,361,240,203,176
2026/01/26/20:56:49,2776.137236,0.685562,0.957109,0.685562,0.957109,27,31,18,9,0,0,0,0,361,240,203,176
2026/01/26/20:56:50,2777.137351,0.684813,0.962113,0.697375,0.981742,29,30,18,9,0,3,0,0,361,241,203,176
2026/01/26/20:56:51,2778.137438,0.684813,0.962113,0.697375,0.981742,29,30,18,9,0,3,0,0,361,241,203,176
2026/01/26/20:56:52,2779.137587,0.684813,0.962113,0.697375,0.981742,29,30,18,9,0,3,0,0,361,241,203,176
2026/01/26/20:56:53,2780.137694,0.686250,0.939472,0.686250,0.939472,29,33,16,9,0,0,0,0,361,241,205,176
2026/01/26/20:56:54,2781.137864,0.682937,0.931626,0.682937,0.931626,29,32,16,9,0,0,0,0,361,242,205,176
2026/01/26/20:56:55,2782.137980,0.675063,0.920817,0.675063,0.920817,27,32,16,9,0,0,0,0,363,242,205,176
2026/01/26/20:56:56,2783.138064,0.675063,0.920817,0.675063,0.920817,27,32,16,9,0,0,0,0,363,242,205,176
2026/01/26/20:56:57,2784.138182,0.675063,0.920817,0.675063,0.920817,27,32,16,9,0,0,0,0,363,242,205,176
2026/01/26/20:56:58,2785.138274,0.675063,0.920817,0.675063,0.920817,27,32,16,9,0,0,0,0,363,242,205,176
2026/01/26/20:56:59,2786.138353,0.675063,0.920817,0.675063,0.920817,27,32,16,9,0,0,0,0,363,242,205,176
2026/01/26/20:57:00,2787.138448,0.675063,0.920817,0.675063,0.920817,27,32,16,9,0,0,0,0,363,242,205,176
2026/01/26/20:57:01,2788.138639,0.675063,0.920817,0.675063,0.920817,27,32,16,9,0,0,0,0,363,242,205,176
2026/01/26/20:57:02,2789.138706,0.675063,0.920817,0.675063,0.920817,27,32,16,9,0,0,0,0,363,242,205,176
2026/01/26/20:57:03,2790.138819,0.675063,0.920817,0.675063,0.920817,27,32,16,9,0,0,0,0,363,242,205,176
2026/01/26/20:57:04,2791.138867,0.675063,0.920817,0.675063,0.920817,27,32,16,9,0,0,0,0,363,242,205,176
2026/01/26/20:57:05,2792.138959,0.675063,0.920817,0.675063,0.920817,27,32,16,9,0,0,0,0,363,242,205,176
2026/01/26/20:57:06,2793.139064,0.668188,0.860953,0.668188,0.860953,27,30,16,9,0,0,0,0,363,244,205,176
2026/01/26/20:57:07,2794.139145,0.668188,0.860953,0.668188,0.860953,27,30,16,9,0,0,0,0,363,244,205,176
2026/01/26/20:57:08,2795.139256,0.659062,0.848951,0.659062,0.848951,27,28,16,9,0,0,0,0,363,246,205,176
2026/01/26/20:57:09,2796.139356,0.659062,0.848951,0.659062,0.848951,27,28,16,9,0,0,0,0,363,246,205,176
2026/01/26/20:57:10,2797.139450,0.659062,0.848951,0.659062,0.848951,27,28,16,9,0,0,0,0,363,246,205,176
2026/01/26/20:57:11,2798.139558,0.756625,0.880581,0.798375,0.920026,28,32,16,9,1,4,0,0,363,246,205,176
2026/01/26/20:57:12,2799.139675,0.801250,0.918901,0.901125,0.970227,28,37,16,9,5,2,0,0,363,246,205,176
2026/01/26/20:57:13,2800.139787,0.801250,0.918901,0.901125,0.970227,28,37,16,9,5,2,0,0,363,246,205,176
2026/01/26/20:57:14,2801.139867,0.801250,0.918901,0.901125,0.970227,28,37,16,9,5,2,0,0,363,246,205,176
2026/01/26/20:57:15,2802.139964,0.801250,0.918901,0.901125,0.970227,28,37,16,9,5,2,0,0,363,246,205,176
2026/01/26/20:57:16,2803.140058,0.801250,0.918901,0.901125,0.970227,28,37,16,9,5,2,0,0,363,246,205,176
2026/01/26/20:57:17,2804.140157,0.795500,0.932631,0.885625,0.959770,30,35,16,9,3,2,0,0,363,248,205,176
2026/01/26/20:57:18,2805.140269,0.784125,0.926486,0.808875,0.942904,30,34,16,9,2,0,0,0,364,249,205,176
2026/01/26/20:57:19,2806.140366,0.784125,0.926486,0.808875,0.942904,30,34,16,9,2,0,0,0,364,249,205,176
2026/01/26/20:57:20,2807.140512,0.784125,0.926486,0.808875,0.942904,30,34,16,9,2,0,0,0,364,249,205,176
2026/01/26/20:57:21,2808.140597,0.774375,0.902300,0.794250,0.906624,28,34,16,9,1,0,0,0,366,249,205,176
2026/01/26/20:57:22,2809.140745,0.774375,0.902300,0.794250,0.906624,28,34,16,9,1,0,0,0,366,249,205,176
2026/01/26/20:57:23,2810.140849,0.774375,0.902300,0.794250,0.906624,28,34,16,9,1,0,0,0,366,249,205,176
2026/01/26/20:57:24,2811.141008,0.774375,0.902300,0.794250,0.906624,28,34,16,9,1,0,0,0,366,249,205,176
2026/01/26/20:57:25,2812.141128,0.774375,0.902300,0.794250,0.906624,28,34,16,9,1,0,0,0,366,249,205,176
2026/01/26/20:57:26,2813.141224,0.785000,0.894840,0.785000,0.894840,29,32,16,9,0,0,0,0,366,251,205,176
2026/01/26/20:57:27,2814.141318,0.785000,0.894840,0.785000,0.894840,29,32,16,9,0,0,0,0,366,251,205,176
2026/01/26/20:57:28,2815.141427,0.785000,0.894840,0.785000,0.894840,29,32,16,9,0,0,0,0,366,251,205,176
2026/01/26/20:57:29,2816.141531,0.785000,0.894840,0.785000,0.894840,29,32,16,9,0,0,0,0,366,251,205,176
2026/01/26/20:57:30,2817.141611,0.785000,0.894840,0.785000,0.894840,29,32,16,9,0,0,0,0,366,251,205,176
2026/01/26/20:57:31,2818.141726,0.785000,0.894840,0.785000,0.894840,29,32,16,9,0,0,0,0,366,251,205,176
2026/01/26/20:57:32,2819.141839,0.785000,0.894840,0.785000,0.894840,29,32,16,9,0,0,0,0,366,251,205,176
2026/01/26/20:57:33,2820.141944,0.794750,0.920273,0.809000,0.979317,29,35,16,9,0,3,0,0,366,251,205,176
2026/01/26/20:57:34,2821.142035,0.794750,0.920273,0.809000,0.979317,29,35,16,9,0,3,0,0,366,251,205,176
2026/01/26/20:57:35,2822.142133,0.794750,0.920273,0.809000,0.979317,29,35,16,9,0,3,0,0,366,251,205,176
2026/01/26/20:57:36,2823.142256,0.794750,0.920273,0.809000,0.979317,29,35,16,9,0,3,0,0,366,251,205,176
2026/01/26/20:57:37,2824.142353,0.794750,0.920273,0.794750,0.920273,29,35,16,9,0,0,0,0,366,251,205,176
2026/01/26/20:57:38,2825.142439,0.794750,0.920273,0.794750,0.920273,29,35,16,9,0,0,0,0,366,251,205,176
2026/01/26/20:57:39,2826.142494,0.809875,0.932815,0.865250,1.000574,31,35,17,9,6,0,3,1,366,251,205,176
2026/01/26/20:57:40,2827.142623,0.809875,0.932815,0.930000,1.096346,31,35,17,9,8,5,5,1,366,251,205,176
2026/01/26/20:57:41,2828.142731,0.851313,0.927365,1.018063,1.139223,35,32,17,10,6,5,9,1,366,254,205,176
2026/01/26/20:57:42,2829.142829,0.855437,0.930642,1.108375,1.194390,36,32,17,10,10,5,9,5,366,254,205,176
2026/01/26/20:57:43,2830.142926,0.839250,0.937279,1.048000,1.113996,34,33,17,11,7,4,7,3,368,254,205,176
2026/01/26/20:57:44,2831.142985,0.835125,0.934002,1.020375,1.095304,33,33,17,11,5,4,5,3,369,254,205,176
2026/01/26/20:57:45,2832.143095,0.829750,0.930695,0.979000,1.066786,33,33,16,11,3,4,3,3,369,254,206,176
2026/01/26/20:57:46,2833.143200,0.829750,0.930695,0.925937,1.034935,33,33,16,11,3,4,0,3,369,254,206,176
2026/01/26/20:57:47,2834.143292,0.829750,0.930695,0.925937,1.034935,33,33,16,11,3,4,0,3,369,254,206,176
2026/01/26/20:57:48,2835.143387,0.829750,0.930695,0.905312,1.020270,33,33,16,11,3,4,0,2,369,254,206,176
2026/01/26/20:57:49,2836.143486,0.829750,0.930695,0.905312,1.020270,33,33,16,11,3,4,0,2,369,254,206,176
2026/01/26/20:57:50,2837.143584,0.829750,0.930695,0.905312,1.020270,33,33,16,11,3,4,0,2,369,254,206,176
2026/01/26/20:57:51,2838.143679,0.829875,0.925037,0.870500,0.981878,34,32,16,11,1,2,0,2,369,255,206,176
2026/01/26/20:57:52,2839.143800,0.829875,0.925037,0.849250,0.940355,34,32,16,11,1,0,0,2,369,255,206,176
2026/01/26/20:57:53,2840.143839,0.829875,0.925037,0.849250,0.940355,34,32,16,11,1,0,0,2,369,255,206,176
2026/01/26/20:57:54,2841.143939,0.829875,0.925037,0.849250,0.940355,34,32,16,11,1,0,0,2,369,255,206,176
2026/01/26/20:57:55,2842.144015,0.829875,0.925037,0.849250,0.940355,34,32,16,11,1,0,0,2,369,255,206,176
2026/01/26/20:57:56,2843.144121,0.829875,0.925037,0.849250,0.940355,34,32,16,11,1,0,0,2,369,255,206,176
2026/01/26/20:57:57,2844.144230,0.829875,0.925037,0.849250,0.940355,34,32,16,11,1,0,0,2,369,255,206,176
2026/01/26/20:57:58,2845.144299,0.829875,0.925037,0.849250,0.940355,34,32,16,11,1,0,0,2,369,255,206,176
2026/01/26/20:57:59,2846.144405,0.831562,0.909890,0.839500,0.914922,35,29,16,12,0,0,0,1,369,258,206,176
2026/01/26/20:58:00,2847.144497,0.831562,0.909890,0.839500,0.914922,35,29,16,12,0,0,0,1,369,258,206,176
2026/01/26/20:58:01,2848.144601,0.831562,0.909890,0.839500,0.914922,35,29,16,12,0,0,0,1,369,258,206,176
2026/01/26/20:58:02,2849.144752,0.831562,0.909890,0.839500,0.914922,35,29,16,12,0,0,0,1,369,258,206,176
2026/01/26/20:58:03,2850.144863,0.831562,0.909890,0.839500,0.914922,35,29,16,12,0,0,0,1,369,258,206,176
2026/01/26/20:58:04,2851.145017,0.831562,0.909890,0.839500,0.914922,35,29,16,12,0,0,0,1,369,258,206,176
2026/01/26/20:58:05,2852.145107,0.831562,0.909890,0.839500,0.914922,35,29,16,12,0,0,0,1,369,258,206,176
2026/01/26/20:58:06,2853.145213,0.831562,0.909890,0.839500,0.914922,35,29,16,12,0,0,0,1,369,258,206,176
2026/01/26/20:58:07,2854.145312,0.831562,0.909890,0.839500,0.914922,35,29,16,12,0,0,0,1,369,258,206,176
2026/01/26/20:58:08,2855.145424,0.820562,0.900825,0.820562,0.900825,32,29,16,13,0,0,0,0,372,258,206,176
2026/01/26/20:58:09,2856.145621,0.820562,0.900825,0.820562,0.900825,32,29,16,13,0,0,0,0,372,258,206,176
2026/01/26/20:58:10,2857.145660,0.820562,0.900825,0.820562,0.900825,32,29,16,13,0,0,0,0,372,258,206,176
2026/01/26/20:58:11,2858.145736,0.831500,0.906311,0.876000,0.925792,32,29,17,13,0,0,2,0,372,258,206,176
2026/01/26/20:58:12,2859.145828,0.831500,0.906311,0.876000,0.925792,32,29,17,13,0,0,2,0,372,258,206,176
2026/01/26/20:58:13,2860.145949,0.814000,0.907403,0.836250,0.917144,30,29,18,13,0,0,1,0,374,258,206,176
2026/01/26/20:58:14,2861.146064,0.791750,0.897662,0.791750,0.897662,30,29,17,13,0,0,0,0,374,258,207,176
2026/01/26/20:58:15,2862.146168,0.791750,0.897662,0.791750,0.897662,30,29,17,13,0,0,0,0,374,258,207,176
2026/01/26/20:58:16,2863.146274,0.791750,0.897662,0.791750,0.897662,30,29,17,13,0,0,0,0,374,258,207,176
2026/01/26/20:58:17,2864.146392,0.782375,0.887771,0.782375,0.887771,29,29,17,13,0,0,0,0,375,258,207,176
2026/01/26/20:58:18,2865.146521,0.782375,0.887771,0.782375,0.887771,29,29,17,13,0,0,0,0,375,258,207,176
2026/01/26/20:58:19,2866.146613,0.782375,0.887771,0.782375,0.887771,29,29,17,13,0,0,0,0,375,258,207,176
2026/01/26/20:58:20,2867.146813,0.772813,0.850775,0.772813,0.850775,29,26,17,13,0,0,0,0,375,261,207,176
2026/01/26/20:58:21,2868.146894,0.772813,0.850775,0.772813,0.850775,29,26,17,13,0,0,0,0,375,261,207,176
2026/01/26/20:58:22,2869.146993,0.772813,0.850775,0.772813,0.850775,29,26,17,13,0,0,0,0,375,261,207,176
2026/01/26/20:58:23,2870.147089,0.772813,0.850775,0.772813,0.850775,29,26,17,13,0,0,0,0,375,261,207,176
2026/01/26/20:58:24,2871.147188,0.772813,0.850775,0.772813,0.850775,29,26,17,13,0,0,0,0,375,261,207,176
2026/01/26/20:58:25,2872.147318,0.772813,0.850775,0.772813,0.850775,29,26,17,13,0,0,0,0,375,261,207,176
2026/01/26/20:58:26,2873.147427,0.772813,0.850775,0.772813,0.850775,29,26,17,13,0,0,0,0,375,261,207,176
2026/01/26/20:58:27,2874.147580,0.772813,0.850775,0.772813,0.850775,29,26,17,13,0,0,0,0,375,261,207,176
2026/01/26/20:58:28,2875.147703,0.772813,0.850775,0.772813,0.850775,29,26,17,13,0,0,0,0,375,261,207,176
2026/01/26/20:58:29,2876.147812,0.772813,0.850775,0.772813,0.850775,29,26,17,13,0,0,0,0,375,261,207,176
2026/01/26/20:58:30,2877.147899,0.772813,0.850775,0.772813,0.850775,29,26,17,13,0,0,0,0,375,261,207,176
2026/01/26/20:58:31,2878.147999,0.772813,0.850775,0.772813,0.850775,29,26,17,13,0,0,0,0,375,261,207,176
2026/01/26/20:58:32,2879.148098,0.772813,0.850775,0.772813,0.850775,29,26,17,13,0,0,0,0,375,261,207,176
2026/01/26/20:58:33,2880.148234,0.772813,0.850775,0.772813,0.850775,29,26,17,13,0,0,0,0,375,261,207,176
2026/01/26/20:58:34,2881.148340,0.772813,0.850775,0.772813,0.850775,29,26,17,13,0,0,0,0,375,261,207,176
2026/01/26/20:58:35,2882.148461,0.772813,0.850775,0.772813,0.850775,29,26,17,13,0,0,0,0,375,261,207,176
2026/01/26/20:58:36,2883.148602,0.772813,0.850775,0.772813,0.850775,29,26,17,13,0,0,0,0,375,261,207,176
2026/01/26/20:58:37,2884.148697,0.787312,0.836031,0.787312,0.836031,27,27,17,13,0,0,0,0,377,261,207,176
2026/01/26/20:58:38,2885.148865,0.787312,0.836031,0.787312,0.836031,27,27,17,13,0,0,0,0,377,261,207,176
2026/01/26/20:58:39,2886.149021,0.787312,0.836031,0.787312,0.836031,27,27,17,13,0,0,0,0,377,261,207,176
2026/01/26/20:58:40,2887.149127,0.787312,0.836031,0.787312,0.836031,27,27,17,13,0,0,0,0,377,261,207,176
2026/01/26/20:58:41,2888.149224,0.781563,0.829071,0.781563,0.829071,27,27,17,12,0,0,0,0,377,261,207,177
2026/01/26/20:58:42,2889.149327,0.781563,0.829071,0.781563,0.829071,27,27,17,12,0,0,0,0,377,261,207,177
2026/01/26/20:58:43,2890.149424,0.781563,0.829071,0.781563,0.829071,27,27,17,12,0,0,0,0,377,261,207,177
2026/01/26/20:58:44,2891.149524,0.781563,0.829071,0.781563,0.829071,27,27,17,12,0,0,0,0,377,261,207,177
2026/01/26/20:58:45,2892.149619,0.781563,0.829071,0.781563,0.829071,27,27,17,12,0,0,0,0,377,261,207,177
2026/01/26/20:58:46,2893.149719,0.781563,0.829071,0.781563,0.829071,27,27,17,12,0,0,0,0,377,261,207,177
2026/01/26/20:58:47,2894.149866,0.781563,0.829071,0.781563,0.829071,27,27,17,12,0,0,0,0,377,261,207,177
2026/01/26/20:58:48,2895.149956,0.781563,0.829071,0.781563,0.829071,27,27,17,12,0,0,0,0,377,261,207,177
2026/01/26/20:58:49,2896.150052,0.781563,0.829071,0.781563,0.829071,27,27,17,12,0,0,0,0,377,261,207,177
2026/01/26/20:58:50,2897.150146,0.781563,0.829071,0.781563,0.829071,27,27,17,12,0,0,0,0,377,261,207,177
2026/01/26/20:58:51,2898.150249,0.781563,0.829071,0.781563,0.829071,27,27,17,12,0,0,0,0,377,261,207,177
2026/01/26/20:58:52,2899.150380,0.781563,0.829071,0.781563,0.829071,27,27,17,12,0,0,0,0,377,261,207,177
2026/01/26/20:58:53,2900.150528,0.781563,0.829071,0.781563,0.829071,27,27,17,12,0,0,0,0,377,261,207,177
2026/01/26/20:58:54,2901.150679,0.781563,0.829071,0.781563,0.829071,27,27,17,12,0,0,0,0,377,261,207,177
2026/01/26/20:58:55,2902.150852,0.781563,0.829071,0.781563,0.829071,27,27,17,12,0,0,0,0,377,261,207,177
2026/01/26/20:58:56,2903.151009,0.774563,0.818564,0.774563,0.818564,25,27,17,12,0,0,0,0,379,261,207,177
2026/01/26/20:58:57,2904.151114,0.774563,0.818564,0.774563,0.818564,25,27,17,12,0,0,0,0,379,261,207,177
2026/01/26/20:58:58,2905.151191,0.791875,0.838170,0.791875,0.838170,28,28,17,12,0,0,0,0,379,261,207,177
2026/01/26/20:58:59,2906.151283,0.852062,0.934606,0.852062,0.934606,28,29,26,12,0,0,0,0,379,261,207,177
2026/01/26/20:59:00,2907.151355,0.842063,0.923059,0.842063,0.923059,25,29,26,13,0,0,0,0,382,261,207,177
2026/01/26/20:59:01,2908.151475,0.842063,0.923059,0.842063,0.923059,25,29,26,13,0,0,0,0,382,261,207,177
2026/01/26/20:59:02,2909.151565,0.831688,0.907693,0.831688,0.907693,25,29,24,13,0,0,0,0,382,261,209,177
2026/01/26/20:59:03,2910.151667,0.787250,0.883948,0.787250,0.883948,25,29,19,13,0,0,0,0,382,261,214,177
2026/01/26/20:59:04,2911.151802,0.783312,0.857650,0.783312,0.857650,25,29,18,13,0,0,0,0,382,261,215,177
2026/01/26/20:59:05,2912.151867,0.778312,0.839969,0.778312,0.839969,25,28,18,13,0,0,0,0,382,262,215,177
2026/01/26/20:59:06,2913.151967,0.778312,0.839969,0.778312,0.839969,25,28,18,13,0,0,0,0,382,262,215,177
2026/01/26/20:59:07,2914.152064,0.778312,0.839969,0.778312,0.839969,25,28,18,13,0,0,0,0,382,262,215,177
2026/01/26/20:59:08,2915.152201,0.778312,0.839969,0.778312,0.839969,25,28,18,13,0,0,0,0,382,262,215,177
2026/01/26/20:59:09,2916.152309,0.774438,0.836766,0.774438,0.836766,25,28,18,12,0,0,0,0,382,262,215,178
2026/01/26/20:59:10,2917.152405,0.771000,0.831911,0.771000,0.831911,25,27,18,12,0,0,0,0,382,263,215,178
2026/01/26/20:59:11,2918.152498,0.771000,0.831911,0.771000,0.831911,25,27,18,12,0,0,0,0,382,263,215,178
2026/01/26/20:59:12,2919.152581,0.771000,0.831911,0.771000,0.831911,25,27,18,12,0,0,0,0,382,263,215,178
2026/01/26/20:59:13,2920.152685,0.771000,0.831911,0.771000,0.831911,25,27,18,12,0,0,0,0,382,263,215,178
2026/01/26/20:59:14,2921.152832,0.771000,0.831911,0.771000,0.831911,25,27,18,12,0,0,0,0,382,263,215,178
2026/01/26/20:59:15,2922.152840,0.771000,0.831911,0.771000,0.831911,25,27,18,12,0,0,0,0,382,263,215,178
2026/01/26/20:59:16,2923.152936,0.771000,0.831911,0.771000,0.831911,25,27,18,12,0,0,0,0,382,263,215,178
2026/01/26/20:59:17,2924.153121,0.771000,0.831911,0.771000,0.831911,25,27,18,12,0,0,0,0,382,263,215,178
2026/01/26/20:59:18,2925.153172,0.771000,0.831911,0.771000,0.831911,25,27,18,12,0,0,0,0,382,263,215,178
2026/01/26/20:59:19,2926.153272,0.771000,0.831911,0.771000,0.831911,25,27,18,12,0,0,0,0,382,263,215,178
2026/01/26/20:59:20,2927.153375,0.834063,0.873433,0.859750,0.893372,28,29,21,12,2,0,0,0,382,264,215,178
2026/01/26/20:59:21,2928.153475,0.854563,0.913479,0.880250,0.933418,28,30,25,12,2,0,0,0,382,264,215,178
2026/01/26/20:59:22,2929.153553,0.881437,0.927985,0.941063,1.006379,28,33,25,12,2,5,0,0,382,264,215,178
2026/01/26/20:59:23,2930.153658,0.876375,0.925088,0.924188,1.000120,28,32,25,12,2,4,0,0,382,266,215,178
2026/01/26/20:59:24,2931.153755,0.844187,0.922784,0.888750,0.990035,28,30,25,12,2,3,0,0,382,269,215,178
2026/01/26/20:59:25,2932.153854,0.844187,0.922784,0.885500,0.960383,28,30,25,12,2,2,0,0,382,269,215,178
2026/01/26/20:59:26,2933.154019,0.844187,0.922784,0.885500,0.960383,28,30,25,12,2,2,0,0,382,269,215,178
2026/01/26/20:59:27,2934.154126,0.832937,0.918972,0.874250,0.956571,28,29,25,12,2,2,0,0,382,270,215,178
2026/01/26/20:59:28,2935.154228,0.822375,0.900341,0.863688,0.937939,28,28,24,12,2,2,0,0,382,271,216,178
2026/01/26/20:59:29,2936.154370,0.822375,0.900341,0.863688,0.937939,28,28,24,12,2,2,0,0,382,271,216,178
2026/01/26/20:59:30,2937.154465,0.830625,0.899168,0.856313,0.919107,28,30,22,12,2,0,0,0,382,271,218,178
2026/01/26/20:59:31,2938.154576,0.830625,0.899168,0.856313,0.919107,28,30,22,12,2,0,0,0,382,271,218,178
2026/01/26/20:59:32,2939.154678,0.830625,0.899168,0.856313,0.919107,28,30,22,12,2,0,0,0,382,271,218,178
2026/01/26/20:59:33,2940.154785,0.830625,0.899168,0.856313,0.919107,28,30,22,12,2,0,0,0,382,271,218,178
2026/01/26/20:59:34,2941.154851,0.821438,0.884123,0.821438,0.884123,27,30,22,12,0,0,0,0,384,271,218,178
2026/01/26/20:59:35,2942.154925,0.799312,0.850900,0.799312,0.850900,27,26,22,12,0,0,0,0,384,275,218,178
2026/01/26/20:59:36,2943.155039,0.799312,0.850900,0.799312,0.850900,27,26,22,12,0,0,0,0,384,275,218,178
2026/01/26/20:59:37,2944.155138,0.789375,0.829485,0.789375,0.829485,27,26,19,12,0,0,0,0,384,275,221,178
2026/01/26/20:59:38,2945.155242,0.789375,0.829485,0.789375,0.829485,27,26,19,12,0,0,0,0,384,275,221,178
2026/01/26/20:59:39,2946.155312,0.789375,0.829485,0.789375,0.829485,27,26,19,12,0,0,0,0,384,275,221,178
2026/01/26/20:59:40,2947.155404,0.789375,0.829485,0.789375,0.829485,27,26,19,12,0,0,0,0,384,275,221,178
2026/01/26/20:59:41,2948.155548,0.789375,0.829485,0.789375,0.829485,27,26,19,12,0,0,0,0,384,275,221,178
2026/01/26/20:59:42,2949.155639,0.789375,0.829485,0.789375,0.829485,27,26,19,12,0,0,0,0,384,275,221,178
2026/01/26/20:59:43,2950.155747,0.789375,0.829485,0.789375,0.829485,27,26,19,12,0,0,0,0,384,275,221,178
2026/01/26/20:59:44,2951.155855,0.789375,0.829485,0.789375,0.829485,27,26,19,12,0,0,0,0,384,275,221,178
2026/01/26/20:59:45,2952.155990,0.789375,0.829485,0.789375,0.829485,27,26,19,12,0,0,0,0,384,275,221,178
2026/01/26/20:59:46,2953.156089,0.761250,0.812930,0.761250,0.812930,25,26,19,12,0,0,0,0,386,275,221,178
2026/01/26/20:59:47,2954.156172,0.761250,0.812930,0.761250,0.812930,25,26,19,12,0,0,0,0,386,275,221,178
2026/01/26/20:59:48,2955.156300,0.761250,0.812930,0.761250,0.812930,25,26,19,12,0,0,0,0,386,275,221,178
2026/01/26/20:59:49,2956.156385,0.761250,0.812930,0.771312,0.818417,25,26,19,12,0,1,0,0,386,275,221,178
2026/01/26/20:59:50,2957.156482,0.800875,0.836779,0.800875,0.836779,25,29,19,15,0,0,0,0,386,275,221,178
2026/01/26/20:59:51,2958.156588,0.800875,0.836779,0.800875,0.836779,25,29,19,15,0,0,0,0,386,275,221,178
2026/01/26/20:59:52,2959.156699,0.790813,0.831292,0.790813,0.831292,25,28,19,15,0,0,0,0,386,276,221,178
2026/01/26/20:59:53,2960.156780,0.790813,0.831292,0.790813,0.831292,25,28,19,15,0,0,0,0,386,276,221,178
2026/01/26/20:59:54,2961.156823,0.790813,0.831292,0.790813,0.831292,25,28,19,15,0,0,0,0,386,276,221,178
2026/01/26/20:59:55,2962.156935,0.790813,0.831292,0.790813,0.831292,25,28,19,15,0,0,0,0,386,276,221,178
2026/01/26/20:59:56,2963.157034,0.704937,0.819263,0.704937,0.819263,25,25,19,15,0,0,0,0,386,279,221,178
2026/01/26/20:59:57,2964.157145,0.704937,0.819263,0.704937,0.819263,25,25,19,15,0,0,0,0,386,279,221,178
2026/01/26/20:59:58,2965.157270,0.704937,0.819263,0.704937,0.819263,25,25,19,15,0,0,0,0,386,279,221,178
2026/01/26/20:59:59,2966.157386,0.704937,0.819263,0.704937,0.819263,25,25,19,15,0,0,0,0,386,279,221,178
2026/01/26/21:00:00,2967.157478,0.704937,0.819263,0.704937,0.819263,25,25,19,15,0,0,0,0,386,279,221,178
2026/01/26/21:00:01,2968.157583,0.688688,0.811132,0.688688,0.811132,25,23,19,15,0,0,0,0,386,281,221,178
2026/01/26/21:00:02,2969.157688,0.688688,0.811132,0.688688,0.811132,25,23,19,15,0,0,0,0,386,281,221,178
2026/01/26/21:00:03,2970.157815,0.688688,0.811132,0.688688,0.811132,25,23,19,15,0,0,0,0,386,281,221,178
2026/01/26/21:00:04,2971.157849,0.688688,0.811132,0.688688,0.811132,25,23,19,15,0,0,0,0,386,281,221,178
2026/01/26/21:00:05,2972.157951,0.688688,0.811132,0.688688,0.811132,25,23,19,15,0,0,0,0,386,281,221,178
2026/01/26/21:00:06,2973.158059,0.688688,0.811132,0.688688,0.811132,25,23,19,15,0,0,0,0,386,281,221,178
2026/01/26/21:00:07,2974.158154,0.688688,0.811132,0.688688,0.811132,25,23,19,15,0,0,0,0,386,281,221,178
2026/01/26/21:00:08,2975.158270,0.688688,0.811132,0.688688,0.811132,25,23,19,15,0,0,0,0,386,281,221,178
2026/01/26/21:00:09,2976.158363,0.688688,0.811132,0.688688,0.811132,25,23,19,15,0,0,0,0,386,281,221,178
2026/01/26/21:00:10,2977.158463,0.688688,0.811132,0.688688,0.811132,25,23,19,15,0,0,0,0,386,281,221,178
2026/01/26/21:00:11,2978.158568,0.688688,0.811132,0.688688,0.811132,25,23,19,15,0,0,0,0,386,281,221,178
2026/01/26/21:00:12,2979.158673,0.688688,0.811132,0.688688,0.811132,25,23,19,15,0,0,0,0,386,281,221,178
2026/01/26/21:00:13,2980.158802,0.688688,0.811132,0.688688,0.811132,25,23,19,15,0,0,0,0,386,281,221,178
2026/01/26/21:00:14,2981.158854,0.688688,0.811132,0.688688,0.811132,25,23,19,15,0,0,0,0,386,281,221,178
2026/01/26/21:00:15,2982.158990,0.688688,0.811132,0.688688,0.811132,25,23,19,15,0,0,0,0,386,281,221,178
2026/01/26/21:00:16,2983.159085,0.695562,0.820125,0.695562,0.820125,27,23,19,15,0,0,0,0,386,281,221,178
2026/01/26/21:00:17,2984.159190,0.695562,0.820125,0.695562,0.820125,27,23,19,15,0,0,0,0,386,281,221,178
2026/01/26/21:00:18,2985.159279,0.665562,0.809865,0.665562,0.809865,27,24,19,15,0,0,0,0,386,283,221,178
2026/01/26/21:00:19,2986.159391,0.665562,0.809865,0.665562,0.809865,27,24,19,15,0,0,0,0,386,283,221,178
2026/01/26/21:00:20,2987.159551,0.715375,0.869096,0.715375,0.869096,30,24,19,17,0,0,0,0,386,283,221,178
2026/01/26/21:00:21,2988.159652,0.727000,0.883025,0.727000,0.883025,32,24,19,17,0,0,0,0,386,283,221,178
2026/01/26/21:00:22,2989.159747,0.753000,0.877243,0.753000,0.877243,37,21,19,15,0,0,0,0,386,286,221,180
2026/01/26/21:00:23,2990.159858,0.741375,0.863314,0.741375,0.863314,35,21,19,15,0,0,0,0,388,286,221,180
2026/01/26/21:00:24,2991.159983,0.741375,0.863314,0.741375,0.863314,35,21,19,15,0,0,0,0,388,286,221,180
2026/01/26/21:00:25,2992.160069,0.690125,0.825085,0.690125,0.825085,33,21,19,15,0,0,0,0,390,286,221,180
2026/01/26/21:00:26,2993.160147,0.690125,0.825085,0.690125,0.825085,33,21,19,15,0,0,0,0,390,286,221,180
2026/01/26/21:00:27,2994.160249,0.690125,0.825085,0.690125,0.825085,33,21,19,15,0,0,0,0,390,286,221,180
2026/01/26/21:00:28,2995.160346,0.690125,0.825085,0.690125,0.825085,33,21,19,15,0,0,0,0,390,286,221,180
2026/01/26/21:00:29,2996.160475,0.690125,0.825085,0.690125,0.825085,33,21,19,15,0,0,0,0,390,286,221,180
2026/01/26/21:00:30,2997.160584,0.690125,0.825085,0.690125,0.825085,33,21,19,15,0,0,0,0,390,286,221,180
2026/01/26/21:00:31,2998.160653,0.690125,0.825085,0.690125,0.825085,33,21,19,15,0,0,0,0,390,286,221,180
2026/01/26/21:00:32,2999.160786,0.683250,0.816091,0.683250,0.816091,31,21,19,15,0,0,0,0,392,286,221,180
2026/01/26/21:00:33,3000.160906,0.683250,0.816091,0.683250,0.816091,31,21,19,15,0,0,0,0,392,286,221,180
2026/01/26/21:00:34,3001.160963,0.683250,0.816091,0.683250,0.816091,31,21,19,15,0,0,0,0,392,286,221,180
2026/01/26/21:00:35,3002.161082,0.683250,0.816091,0.683250,0.816091,31,21,19,15,0,0,0,0,392,286,221,180
2026/01/26/21:00:36,3003.161158,0.683250,0.816091,0.683250,0.816091,31,21,19,15,0,0,0,0,392,286,221,180
2026/01/26/21:00:37,3004.161252,0.683250,0.816091,0.683250,0.816091,31,21,19,15,0,0,0,0,392,286,221,180
2026/01/26/21:00:38,3005.161365,0.673125,0.796908,0.673125,0.796908,28,21,19,15,0,0,0,0,395,286,221,180
2026/01/26/21:00:39,3006.161445,0.673125,0.796908,0.673125,0.796908,28,21,19,15,0,0,0,0,395,286,221,180
2026/01/26/21:00:40,3007.161618,0.673125,0.796908,0.673125,0.796908,28,21,19,15,0,0,0,0,395,286,221,180
2026/01/26/21:00:41,3008.161714,0.662062,0.775242,0.662062,0.775242,25,21,19,15,0,0,0,0,398,286,221,180
2026/01/26/21:00:42,3009.161833,0.662062,0.775242,0.662062,0.775242,25,21,19,15,0,0,0,0,398,286,221,180
2026/01/26/21:00:43,3010.161933,0.662062,0.775242,0.662062,0.775242,25,21,19,15,0,0,0,0,398,286,221,180
2026/01/26/21:00:44,3011.162034,0.662062,0.775242,0.662062,0.775242,25,21,19,15,0,0,0,0,398,286,221,180
2026/01/26/21:00:45,3012.162160,0.662062,0.775242,0.662062,0.775242,25,21,19,15,0,0,0,0,398,286,221,180
2026/01/26/21:00:46,3013.162248,0.662062,0.775242,0.662062,0.775242,25,21,19,15,0,0,0,0,398,286,221,180
2026/01/26/21:00:47,3014.162374,0.662062,0.775242,0.662062,0.775242,25,21,19,15,0,0,0,0,398,286,221,180
2026/01/26/21:00:48,3015.162465,0.662062,0.775242,0.662062,0.775242,25,21,19,15,0,0,0,0,398,286,221,180
2026/01/26/21:00:49,3016.162569,0.662062,0.775242,0.662062,0.775242,25,21,19,15,0,0,0,0,398,286,221,180
2026/01/26/21:00:50,3017.162629,0.662062,0.775242,0.662062,0.775242,25,21,19,15,0,0,0,0,398,286,221,180
2026/01/26/21:00:51,3018.162735,0.662062,0.775242,0.662062,0.775242,25,21,19,15,0,0,0,0,398,286,221,180
2026/01/26/21:00:52,3019.162846,0.662062,0.775242,0.662062,0.775242,25,21,19,15,0,0,0,0,398,286,221,180
2026/01/26/21:00:53,3020.162939,0.644062,0.737301,0.644062,0.737301,25,17,19,15,0,0,0,0,398,290,221,180
2026/01/26/21:00:54,3021.163041,0.644062,0.737301,0.644062,0.737301,25,17,19,15,0,0,0,0,398,290,221,180
2026/01/26/21:00:55,3022.163147,0.614250,0.703551,0.614250,0.703551,22,17,19,15,0,0,0,0,401,290,221,180
2026/01/26/21:00:56,3023.163248,0.614250,0.703551,0.614250,0.703551,22,17,19,15,0,0,0,0,401,290,221,180
2026/01/26/21:00:57,3024.163347,0.614250,0.703551,0.614250,0.703551,22,17,19,15,0,0,0,0,401,290,221,180
2026/01/26/21:00:58,3025.163510,0.614250,0.703551,0.614250,0.703551,22,17,19,15,0,0,0,0,401,290,221,180
2026/01/26/21:00:59,3026.163617,0.614250,0.703551,0.614250,0.703551,22,17,19,15,0,0,0,0,401,290,221,180
2026/01/26/21:01:00,3027.163720,0.614250,0.703551,0.614250,0.703551,22,17,19,15,0,0,0,0,401,290,221,180
2026/01/26/21:01:01,3028.163833,0.614250,0.703551,0.614250,0.703551,22,17,19,15,0,0,0,0,401,290,221,180
2026/01/26/21:01:02,3029.163935,0.614250,0.703551,0.614250,0.703551,22,17,19,15,0,0,0,0,401,290,221,180
2026/01/26/21:01:03,3030.164109,0.614250,0.703551,0.614250,0.703551,22,17,19,15,0,0,0,0,401,290,221,180
2026/01/26/21:01:04,3031.164210,0.614250,0.703551,0.614250,0.703551,22,17,19,15,0,0,0,0,401,290,221,180
2026/01/26/21:01:05,3032.164320,0.614250,0.703551,0.614250,0.703551,22,17,19,15,0,0,0,0,401,290,221,180
2026/01/26/21:01:06,3033.164422,0.614250,0.703551,0.614250,0.703551,22,17,19,15,0,0,0,0,401,290,221,180
2026/01/26/21:01:07,3034.164495,0.614250,0.703551,0.614250,0.703551,22,17,19,15,0,0,0,0,401,290,221,180
2026/01/26/21:01:08,3035.164604,0.614250,0.703551,0.614250,0.703551,22,17,19,15,0,0,0,0,401,290,221,180
2026/01/26/21:01:09,3036.164702,0.632938,0.746935,0.632938,0.746935,24,17,21,15,0,0,0,0,401,290,221,180
2026/01/26/21:01:10,3037.164868,0.636500,0.751789,0.636500,0.751789,24,18,21,15,0,0,0,0,401,290,221,180
2026/01/26/21:01:11,3038.164996,0.636500,0.751789,0.636500,0.751789,24,18,21,15,0,0,0,0,401,290,221,180
2026/01/26/21:01:12,3039.165079,0.636500,0.751789,0.636500,0.751789,24,18,21,15,0,0,0,0,401,290,221,180
2026/01/26/21:01:13,3040.165178,0.633000,0.748574,0.633000,0.748574,24,18,20,15,0,0,0,0,401,290,222,180
2026/01/26/21:01:14,3041.165251,0.623250,0.725342,0.623250,0.725342,22,18,20,15,0,0,0,0,403,290,222,180
2026/01/26/21:01:15,3042.165376,0.623250,0.725342,0.623250,0.725342,22,18,20,15,0,0,0,0,403,290,222,180
2026/01/26/21:01:16,3043.165473,0.623250,0.725342,0.623250,0.725342,22,18,20,15,0,0,0,0,403,290,222,180
2026/01/26/21:01:17,3044.165589,0.623250,0.725342,0.623250,0.725342,22,18,20,15,0,0,0,0,403,290,222,180
2026/01/26/21:01:18,3045.165788,0.630375,0.733975,0.630375,0.733975,24,18,20,15,0,0,0,0,403,290,222,180
2026/01/26/21:01:19,3046.165852,0.630375,0.733975,0.630375,0.733975,24,18,20,15,0,0,0,0,403,290,222,180
2026/01/26/21:01:20,3047.166012,0.630375,0.733975,0.630375,0.733975,24,18,20,15,0,0,0,0,403,290,222,180
2026/01/26/21:01:21,3048.166114,0.702125,0.763914,0.702125,0.763914,32,18,20,15,0,0,0,0,403,290,222,180
2026/01/26/21:01:22,3049.166210,0.702125,0.763914,0.702125,0.763914,32,18,20,15,0,0,0,0,403,290,222,180
2026/01/26/21:01:23,3050.166304,0.702125,0.763914,0.702125,0.763914,32,18,20,15,0,0,0,0,403,290,222,180
2026/01/26/21:01:24,3051.166415,0.702125,0.763914,0.702125,0.763914,32,18,20,15,0,0,0,0,403,290,222,180
2026/01/26/21:01:25,3052.166536,0.687750,0.757238,0.687750,0.757238,30,18,20,15,0,0,0,0,405,290,222,180
2026/01/26/21:01:26,3053.166646,0.675000,0.747079,0.675000,0.747079,27,18,20,15,0,0,0,0,408,290,222,180
2026/01/26/21:01:27,3054.166742,0.630375,0.733975,0.630375,0.733975,24,18,20,15,0,0,0,0,411,290,222,180
2026/01/26/21:01:28,3055.166856,0.623250,0.725342,0.623250,0.725342,22,18,20,15,0,0,0,0,413,290,222,180
2026/01/26/21:01:29,3056.166957,0.623250,0.725342,0.623250,0.725342,22,18,20,15,0,0,0,0,413,290,222,180
2026/01/26/21:01:30,3057.167061,0.623250,0.725342,0.623250,0.725342,22,18,20,15,0,0,0,0,413,290,222,180
2026/01/26/21:01:31,3058.167168,0.623250,0.725342,0.623250,0.725342,22,18,20,15,0,0,0,0,413,290,222,180
2026/01/26/21:01:32,3059.167260,0.623250,0.725342,0.623250,0.725342,22,18,20,15,0,0,0,0,413,290,222,180
2026/01/26/21:01:33,3060.167370,0.617812,0.708405,0.617812,0.708405,22,18,19,15,0,0,0,0,413,290,223,180
2026/01/26/21:01:34,3061.167447,0.610125,0.704892,0.610125,0.704892,22,18,19,14,0,0,0,0,413,290,223,181
2026/01/26/21:01:35,3062.167613,0.590625,0.695008,0.590625,0.695008,22,18,16,14,0,0,0,0,413,290,226,181
2026/01/26/21:01:36,3063.167716,0.590625,0.695008,0.590625,0.695008,22,18,16,14,0,0,0,0,413,290,226,181
2026/01/26/21:01:37,3064.167889,0.590625,0.695008,0.590625,0.695008,22,18,16,14,0,0,0,0,413,290,226,181
2026/01/26/21:01:38,3065.167990,0.590625,0.695008,0.590625,0.695008,22,18,16,14,0,0,0,0,413,290,226,181
2026/01/26/21:01:39,3066.168094,0.590625,0.695008,0.590625,0.695008,22,18,16,14,0,0,0,0,413,290,226,181
2026/01/26/21:01:40,3067.168200,0.590625,0.695008,0.590625,0.695008,22,18,16,14,0,0,0,0,413,290,226,181
2026/01/26/21:01:41,3068.168314,0.590625,0.695008,0.590625,0.695008,22,18,16,14,0,0,0,0,413,290,226,181
2026/01/26/21:01:42,3069.168469,0.590625,0.695008,0.590625,0.695008,22,18,16,14,0,0,0,0,413,290,226,181
2026/01/26/21:01:43,3070.168624,0.590625,0.695008,0.590625,0.695008,22,18,16,14,0,0,0,0,413,290,226,181
2026/01/26/21:01:44,3071.168726,0.590625,0.695008,0.590625,0.695008,22,18,16,14,0,0,0,0,413,290,226,181
2026/01/26/21:01:45,3072.168856,0.590625,0.695008,0.590625,0.695008,22,18,16,14,0,0,0,0,413,290,226,181
2026/01/26/21:01:46,3073.168947,0.590625,0.695008,0.590625,0.695008,22,18,16,14,0,0,0,0,413,290,226,181
2026/01/26/21:01:47,3074.169049,0.590625,0.695008,0.590625,0.695008,22,18,16,14,0,0,0,0,413,290,226,181
2026/01/26/21:01:48,3075.169149,0.590625,0.695008,0.590625,0.695008,22,18,16,14,0,0,0,0,413,290,226,181
2026/01/26/21:01:49,3076.169249,0.590625,0.695008,0.590625,0.695008,22,18,16,14,0,0,0,0,413,290,226,181
2026/01/26/21:01:50,3077.169430,0.590625,0.695008,0.590625,0.695008,22,18,16,14,0,0,0,0,413,290,226,181
2026/01/26/21:01:51,3078.169491,0.590625,0.695008,0.590625,0.695008,22,18,16,14,0,0,0,0,413,290,226,181
2026/01/26/21:01:52,3079.169602,0.590625,0.695008,0.590625,0.695008,22,18,16,14,0,0,0,0,413,290,226,181
2026/01/26/21:01:53,3080.169713,0.590625,0.695008,0.590625,0.695008,22,18,16,14,0,0,0,0,413,290,226,181
2026/01/26/21:01:54,3081.169812,0.590625,0.695008,0.613750,0.733304,22,18,16,14,1,1,1,0,413,290,226,181
2026/01/26/21:01:55,3082.169920,0.651250,0.767377,0.651250,0.767377,27,19,17,14,0,0,0,0,413,290,226,181
2026/01/26/21:01:56,3083.170060,0.651250,0.767377,0.651250,0.767377,27,19,17,14,0,0,0,0,413,290,226,181
2026/01/26/21:01:57,3084.170154,0.651250,0.767377,0.651250,0.767377,27,19,17,14,0,0,0,0,413,290,226,181
2026/01/26/21:01:58,3085.170256,0.651250,0.767377,0.651250,0.767377,27,19,17,14,0,0,0,0,413,290,226,181
2026/01/26/21:01:59,3086.170361,0.651250,0.767377,0.651250,0.767377,27,19,17,14,0,0,0,0,413,290,226,181
2026/01/26/21:02:00,3087.170465,0.651250,0.767377,0.651250,0.767377,27,19,17,14,0,0,0,0,413,290,226,181
2026/01/26/21:02:01,3088.170562,0.651250,0.767377,0.651250,0.767377,27,19,17,14,0,0,0,0,413,290,226,181
2026/01/26/21:02:02,3089.170710,0.651250,0.767377,0.651250,0.767377,27,19,17,14,0,0,0,0,413,290,226,181
2026/01/26/21:02:03,3090.170884,0.622625,0.759269,0.622625,0.759269,25,19,17,14,0,0,0,0,415,290,226,181
2026/01/26/21:02:04,3091.170983,0.622625,0.759269,0.622625,0.759269,25,19,17,14,0,0,0,0,415,290,226,181
2026/01/26/21:02:05,3092.171081,0.622625,0.759269,0.622625,0.759269,25,19,17,14,0,0,0,0,415,290,226,181
2026/01/26/21:02:06,3093.171242,0.622625,0.759269,0.622625,0.759269,25,19,17,14,0,0,0,0,415,290,226,181
2026/01/26/21:02:07,3094.171350,0.622625,0.759269,0.622625,0.759269,25,19,17,14,0,0,0,0,415,290,226,181
2026/01/26/21:02:08,3095.171455,0.622625,0.759269,0.622625,0.759269,25,19,17,14,0,0,0,0,415,290,226,181
2026/01/26/21:02:09,3096.171609,0.622625,0.759269,0.622625,0.759269,25,19,17,14,0,0,0,0,415,290,226,181
2026/01/26/21:02:10,3097.171781,0.606125,0.733020,0.606125,0.733020,23,19,17,14,0,0,0,0,417,290,226,181
2026/01/26/21:02:11,3098.171847,0.606125,0.733020,0.606125,0.733020,23,19,17,14,0,0,0,0,417,290,226,181
2026/01/26/21:02:12,3099.171953,0.606125,0.733020,0.606125,0.733020,23,19,17,14,0,0,0,0,417,290,226,181
2026/01/26/21:02:13,3100.172063,0.606125,0.733020,0.606125,0.733020,23,19,17,14,0,0,0,0,417,290,226,181
2026/01/26/21:02:14,3101.172166,0.606125,0.733020,0.606125,0.733020,23,19,17,14,0,0,0,0,417,290,226,181
2026/01/26/21:02:15,3102.172271,0.606125,0.733020,0.606125,0.733020,23,19,17,14,0,0,0,0,417,290,226,181
2026/01/26/21:02:16,3103.172355,0.606125,0.733020,0.606125,0.733020,23,19,17,14,0,0,0,0,417,290,226,181
2026/01/26/21:02:17,3104.172521,0.606125,0.733020,0.606125,0.733020,23,19,17,14,0,0,0,0,417,290,226,181
2026/01/26/21:02:18,3105.172622,0.606125,0.733020,0.606125,0.733020,23,19,17,14,0,0,0,0,417,290,226,181
2026/01/26/21:02:19,3106.172739,0.606125,0.733020,0.606125,0.733020,23,19,17,14,0,0,0,0,417,290,226,181
2026/01/26/21:02:20,3107.172854,0.606125,0.733020,0.606125,0.733020,23,19,17,14,0,0,0,0,417,290,226,181
2026/01/26/21:02:21,3108.173017,0.606125,0.733020,0.606125,0.733020,23,19,17,14,0,0,0,0,417,290,226,181
2026/01/26/21:02:22,3109.173176,0.606125,0.733020,0.606125,0.733020,23,19,17,14,0,0,0,0,417,290,226,181
2026/01/26/21:02:23,3110.173287,0.606125,0.733020,0.606125,0.733020,23,19,17,14,0,0,0,0,417,290,226,181
2026/01/26/21:02:24,3111.173447,0.606125,0.733020,0.606125,0.733020,23,19,17,14,0,0,0,0,417,290,226,181
2026/01/26/21:02:25,3112.173608,0.606125,0.733020,0.606125,0.733020,23,19,17,14,0,0,0,0,417,290,226,181
2026/01/26/21:02:26,3113.173738,0.606125,0.733020,0.606125,0.733020,23,19,17,14,0,0,0,0,417,290,226,181
2026/01/26/21:02:27,3114.173863,0.580375,0.724221,0.580375,0.724221,23,19,15,14,0,0,0,0,417,290,228,181
2026/01/26/21:02:28,3115.173984,0.580375,0.724221,0.580375,0.724221,23,19,15,14,0,0,0,0,417,290,228,181
2026/01/26/21:02:29,3116.174078,0.573688,0.720451,0.573688,0.720451,22,19,15,14,0,0,0,0,418,290,228,181
2026/01/26/21:02:30,3117.174199,0.573688,0.720451,0.573688,0.720451,22,19,15,14,0,0,0,0,418,290,228,181
2026/01/26/21:02:31,3118.174360,0.573688,0.720451,0.573688,0.720451,22,19,15,14,0,0,0,0,418,290,228,181
2026/01/26/21:02:32,3119.174450,0.573688,0.720451,0.573688,0.720451,22,19,15,14,0,0,0,0,418,290,228,181
2026/01/26/21:02:33,3120.174567,0.573688,0.720451,0.573688,0.720451,22,19,15,14,0,0,0,0,418,290,228,181
2026/01/26/21:02:34,3121.174667,0.573688,0.720451,0.573688,0.720451,22,19,15,14,0,0,0,0,418,290,228,181
2026/01/26/21:02:35,3122.174840,0.573688,0.720451,0.573688,0.720451,22,19,15,14,0,0,0,0,418,290,228,181
2026/01/26/21:02:36,3123.174999,0.573688,0.720451,0.573688,0.720451,22,19,15,14,0,0,0,0,418,290,228,181
2026/01/26/21:02:37,3124.175167,0.573688,0.720451,0.573688,0.720451,22,19,15,14,0,0,0,0,418,290,228,181
2026/01/26/21:02:38,3125.175290,0.603187,0.776057,0.603187,0.776057,23,18,17,16,0,0,0,0,418,291,228,181
2026/01/26/21:02:39,3126.175379,0.603187,0.776057,0.603187,0.776057,23,18,17,16,0,0,0,0,418,291,228,181
2026/01/26/21:02:40,3127.175459,0.594313,0.755512,0.594313,0.755512,23,18,17,15,0,0,0,0,418,291,228,182
2026/01/26/21:02:41,3128.175570,0.620125,0.772119,0.620125,0.772119,26,20,15,17,0,0,0,0,418,291,230,182
2026/01/26/21:02:42,3129.175721,0.646938,0.806154,0.646938,0.806154,28,22,16,17,0,0,0,0,418,291,230,182
2026/01/26/21:02:43,3130.175888,0.646938,0.806154,0.646938,0.806154,28,22,16,17,0,0,0,0,418,291,230,182
2026/01/26/21:02:44,3131.175982,0.643375,0.806711,0.643375,0.806711,28,22,17,15,0,0,0,0,418,291,230,184
2026/01/26/21:02:45,3132.176104,0.635500,0.798959,0.635500,0.798959,28,20,17,15,0,0,0,0,418,293,230,184
2026/01/26/21:02:46,3133.176247,0.618563,0.781208,0.618563,0.781208,28,18,16,15,0,0,0,0,418,295,231,184
2026/01/26/21:02:47,3134.176360,0.618563,0.781208,0.618563,0.781208,28,18,16,15,0,0,0,0,418,295,231,184
2026/01/26/21:02:48,3135.176529,0.618563,0.781208,0.618563,0.781208,28,18,16,15,0,0,0,0,418,295,231,184
2026/01/26/21:02:49,3136.176617,0.607750,0.762457,0.607750,0.762457,28,18,15,15,0,0,0,0,418,295,232,184
2026/01/26/21:02:50,3137.176725,0.607750,0.762457,0.607750,0.762457,28,18,15,15,0,0,0,0,418,295,232,184
2026/01/26/21:02:51,3138.176830,0.607750,0.762457,0.607750,0.762457,28,18,15,15,0,0,0,0,418,295,232,184
2026/01/26/21:02:52,3139.176987,0.607750,0.762457,0.607750,0.762457,28,18,15,15,0,0,0,0,418,295,232,184
2026/01/26/21:02:53,3140.177142,0.607750,0.762457,0.607750,0.762457,28,18,15,15,0,0,0,0,418,295,232,184
2026/01/26/21:02:54,3141.177240,0.607750,0.762457,0.607750,0.762457,28,18,15,15,0,0,0,0,418,295,232,184
2026/01/26/21:02:55,3142.177406,0.607750,0.762457,0.607750,0.762457,28,18,15,15,0,0,0,0,418,295,232,184
2026/01/26/21:02:56,3143.177567,0.607750,0.762457,0.607750,0.762457,28,18,15,15,0,0,0,0,418,295,232,184
2026/01/26/21:02:57,3144.177756,0.607750,0.762457,0.607750,0.762457,28,18,15,15,0,0,0,0,418,295,232,184
2026/01/26/21:02:58,3145.177912,0.607750,0.762457,0.607750,0.762457,28,18,15,15,0,0,0,0,418,295,232,184
2026/01/26/21:02:59,3146.178028,0.607750,0.762457,0.607750,0.762457,28,18,15,15,0,0,0,0,418,295,232,184
2026/01/26/21:03:00,3147.178125,0.607750,0.762457,0.607750,0.762457,28,18,15,15,0,0,0,0,418,295,232,184
2026/01/26/21:03:01,3148.178297,0.607750,0.762457,0.607750,0.762457,28,18,15,15,0,0,0,0,418,295,232,184
2026/01/26/21:03:02,3149.178457,0.607750,0.762457,0.607750,0.762457,28,18,15,15,0,0,0,0,418,295,232,184
2026/01/26/21:03:03,3150.178591,0.607750,0.762457,0.607750,0.762457,28,18,15,15,0,0,0,0,418,295,232,184
2026/01/26/21:03:04,3151.178727,0.607750,0.762457,0.607750,0.762457,28,18,15,15,0,0,0,0,418,295,232,184
2026/01/26/21:03:05,3152.178838,0.596250,0.736439,0.596250,0.736439,28,18,15,14,0,0,0,0,418,295,232,185
2026/01/26/21:03:06,3153.178914,0.596250,0.736439,0.596250,0.736439,28,18,15,14,0,0,0,0,418,295,232,185
2026/01/26/21:03:07,3154.179024,0.596250,0.736439,0.596250,0.736439,28,18,15,14,0,0,0,0,418,295,232,185
2026/01/26/21:03:08,3155.179186,0.596250,0.736439,0.596250,0.736439,28,18,15,14,0,0,0,0,418,295,232,185
2026/01/26/21:03:09,3156.179284,0.596250,0.736439,0.596250,0.736439,28,18,15,14,0,0,0,0,418,295,232,185
2026/01/26/21:03:10,3157.179399,0.596250,0.736439,0.596250,0.736439,28,18,15,14,0,0,0,0,418,295,232,185
2026/01/26/21:03:11,3158.179468,0.596250,0.736439,0.596250,0.736439,28,18,15,14,0,0,0,0,418,295,232,185
2026/01/26/21:03:12,3159.179675,0.596250,0.736439,0.596250,0.736439,28,18,15,14,0,0,0,0,418,295,232,185
2026/01/26/21:03:13,3160.179752,0.596250,0.736439,0.596250,0.736439,28,18,15,14,0,0,0,0,418,295,232,185
2026/01/26/21:03:14,3161.179853,0.596250,0.736439,0.596250,0.736439,28,18,15,14,0,0,0,0,418,295,232,185
2026/01/26/21:03:15,3162.180022,0.596250,0.736439,0.596250,0.736439,28,18,15,14,0,0,0,0,418,295,232,185
2026/01/26/21:03:16,3163.180127,0.596250,0.736439,0.596250,0.736439,28,18,15,14,0,0,0,0,418,295,232,185
2026/01/26/21:03:17,3164.180236,0.596250,0.736439,0.596250,0.736439,28,18,15,14,0,0,0,0,418,295,232,185
2026/01/26/21:03:18,3165.180333,0.596250,0.736439,0.596250,0.736439,28,18,15,14,0,0,0,0,418,295,232,185
2026/01/26/21:03:19,3166.180449,0.596250,0.736439,0.596250,0.736439,28,18,15,14,0,0,0,0,418,295,232,185
2026/01/26/21:03:20,3167.180606,0.618375,0.798088,0.618375,0.798088,28,18,18,15,0,0,0,0,418,295,232,185
2026/01/26/21:03:21,3168.180713,0.626875,0.806694,0.626875,0.806694,28,20,18,15,0,0,0,0,418,295,232,185
2026/01/26/21:03:22,3169.180822,0.626875,0.806694,0.626875,0.806694,28,20,18,15,0,0,0,0,418,295,232,185
2026/01/26/21:03:23,3170.180911,0.626875,0.806694,0.626875,0.806694,28,20,18,15,0,0,0,0,418,295,232,185
2026/01/26/21:03:24,3171.181019,0.626875,0.806694,0.626875,0.806694,28,20,18,15,0,0,0,0,418,295,232,185
2026/01/26/21:03:25,3172.181119,0.618750,0.799163,0.618750,0.799163,26,20,18,15,0,0,0,0,420,295,232,185
2026/01/26/21:03:26,3173.181227,0.618750,0.799163,0.618750,0.799163,26,20,18,15,0,0,0,0,420,295,232,185
2026/01/26/21:03:27,3174.181326,0.610250,0.790557,0.610250,0.790557,26,18,18,15,0,0,0,0,420,297,232,185
2026/01/26/21:03:28,3175.181419,0.605187,0.778190,0.605187,0.778190,26,18,18,14,0,0,0,0,420,297,232,186
2026/01/26/21:03:29,3176.181521,0.605187,0.778190,0.605187,0.778190,26,18,18,14,0,0,0,0,420,297,232,186
2026/01/26/21:03:30,3177.181674,0.605187,0.778190,0.605187,0.778190,26,18,18,14,0,0,0,0,420,297,232,186
2026/01/26/21:03:31,3178.181849,0.605187,0.778190,0.605187,0.778190,26,18,18,14,0,0,0,0,420,297,232,186
2026/01/26/21:03:32,3179.181945,0.588125,0.728907,0.588125,0.728907,26,18,15,14,0,0,0,0,420,297,235,186
2026/01/26/21:03:33,3180.182082,0.588125,0.728907,0.588125,0.728907,26,18,15,14,0,0,0,0,420,297,235,186
2026/01/26/21:03:34,3181.182232,0.588125,0.728907,0.588125,0.728907,26,18,15,14,0,0,0,0,420,297,235,186
2026/01/26/21:03:35,3182.182401,0.588125,0.728907,0.588125,0.728907,26,18,15,14,0,0,0,0,420,297,235,186
2026/01/26/21:03:36,3183.182553,0.598063,0.744759,0.598063,0.744759,26,21,15,14,0,0,0,0,420,297,235,186
2026/01/26/21:03:37,3184.182646,0.614375,0.767767,0.614375,0.767767,30,21,15,14,0,0,0,0,420,297,235,186
2026/01/26/21:03:38,3185.182731,0.646813,0.792524,0.646813,0.792524,30,24,15,15,0,0,0,0,420,297,235,186
2026/01/26/21:03:39,3186.182893,0.679625,0.814677,0.683250,0.842865,30,25,19,15,1,0,0,0,420,297,235,186
2026/01/26/21:03:40,3187.183037,0.669687,0.798825,0.673312,0.827014,30,22,19,15,1,0,0,0,420,300,235,186
2026/01/26/21:03:41,3188.183141,0.584500,0.767912,0.584500,0.767912,26,19,16,15,0,0,0,0,425,303,238,186
2026/01/26/21:03:42,3189.183252,0.620188,0.824396,0.620188,0.824396,29,22,16,16,0,0,0,0,425,303,238,186
2026/01/26/21:03:43,3190.183351,0.614187,0.820487,0.614187,0.820487,28,22,16,16,0,0,0,0,426,303,238,186
2026/01/26/21:03:44,3191.183510,0.605187,0.780709,0.605187,0.780709,27,22,16,15,0,0,0,0,427,303,238,187
2026/01/26/21:03:45,3192.183668,0.584625,0.761339,0.584625,0.761339,24,22,16,15,0,0,0,0,430,303,238,187
2026/01/26/21:03:46,3193.183851,0.580125,0.755283,0.580125,0.755283,24,22,16,14,0,0,0,0,430,303,238,188
2026/01/26/21:03:47,3194.184023,0.580125,0.755283,0.580125,0.755283,24,22,16,14,0,0,0,0,430,303,238,188
2026/01/26/21:03:48,3195.184190,0.580125,0.755283,0.580125,0.755283,24,22,16,14,0,0,0,0,430,303,238,188
2026/01/26/21:03:49,3196.184282,0.570375,0.729758,0.570375,0.729758,24,19,16,14,0,0,0,0,430,306,238,188
2026/01/26/21:03:50,3197.184398,0.570375,0.729758,0.570375,0.729758,24,19,16,14,0,0,0,0,430,306,238,188
2026/01/26/21:03:51,3198.184556,0.570375,0.729758,0.570375,0.729758,24,19,16,14,0,0,0,0,430,306,238,188
2026/01/26/21:03:52,3199.184655,0.570375,0.729758,0.570375,0.729758,24,19,16,14,0,0,0,0,430,306,238,188
2026/01/26/21:03:53,3200.184755,0.570375,0.729758,0.570375,0.729758,24,19,16,14,0,0,0,0,430,306,238,188
2026/01/26/21:03:54,3201.184852,0.570375,0.729758,0.570375,0.729758,24,19,16,14,0,0,0,0,430,306,238,188
2026/01/26/21:03:55,3202.185014,0.570375,0.729758,0.570375,0.729758,24,19,16,14,0,0,0,0,430,306,238,188
2026/01/26/21:03:56,3203.185172,0.570375,0.729758,0.570375,0.729758,24,19,16,14,0,0,0,0,430,306,238,188
2026/01/26/21:03:57,3204.185277,0.570375,0.729758,0.570375,0.729758,24,19,16,14,0,0,0,0,430,306,238,188
2026/01/26/21:03:58,3205.185459,0.570375,0.729758,0.570375,0.729758,24,19,16,14,0,0,0,0,430,306,238,188
2026/01/26/21:03:59,3206.185568,0.570375,0.729758,0.570375,0.729758,24,19,16,14,0,0,0,0,430,306,238,188
2026/01/26/21:04:00,3207.185666,0.570375,0.729758,0.570375,0.729758,24,19,16,14,0,0,0,0,430,306,238,188
2026/01/26/21:04:01,3208.185787,0.570375,0.729758,0.570375,0.729758,24,19,16,14,0,0,0,0,430,306,238,188
2026/01/26/21:04:02,3209.185897,0.570375,0.729758,0.570375,0.729758,24,19,16,14,0,0,0,0,430,306,238,188
2026/01/26/21:04:03,3210.186016,0.642000,0.757228,0.642000,0.757228,25,21,18,15,0,0,0,0,430,306,238,188
2026/01/26/21:04:04,3211.186172,0.680875,0.788465,0.680875,0.788465,28,22,18,18,0,0,0,0,430,306,238,188
2026/01/26/21:04:05,3212.186268,0.667687,0.782358,0.667687,0.782358,28,22,18,17,0,0,0,0,430,306,238,189
2026/01/26/21:04:06,3213.186371,0.658438,0.774929,0.658438,0.774929,28,22,17,16,0,0,0,0,430,306,239,190
2026/01/26/21:04:07,3214.186475,0.654687,0.767641,0.654687,0.767641,28,21,17,16,0,0,0,0,430,307,239,190
2026/01/26/21:04:08,3215.186583,0.639312,0.755628,0.639312,0.755628,25,21,17,16,0,0,0,0,433,307,239,190
2026/01/26/21:04:09,3216.186677,0.639312,0.755628,0.639312,0.755628,25,21,17,16,0,0,0,0,433,307,239,190
2026/01/26/21:04:10,3217.186804,0.639312,0.755628,0.639312,0.755628,25,21,17,16,0,0,0,0,433,307,239,190
2026/01/26/21:04:11,3218.186855,0.639312,0.755628,0.639312,0.755628,25,21,17,16,0,0,0,0,433,307,239,190
2026/01/26/21:04:12,3219.186965,0.639312,0.755628,0.639312,0.755628,25,21,17,16,0,0,0,0,433,307,239,190
2026/01/26/21:04:13,3220.187124,0.639312,0.755628,0.639312,0.755628,25,21,17,16,0,0,0,0,433,307,239,190
2026/01/26/21:04:14,3221.187193,0.639312,0.755628,0.639312,0.755628,25,21,17,16,0,0,0,0,433,307,239,190
2026/01/26/21:04:15,3222.187318,0.639312,0.755628,0.639312,0.755628,25,21,17,16,0,0,0,0,433,307,239,190
2026/01/26/21:04:16,3223.187397,0.639312,0.755628,0.639312,0.755628,25,21,17,16,0,0,0,0,433,307,239,190
2026/01/26/21:04:17,3224.187531,0.639312,0.755628,0.639312,0.755628,25,21,17,16,0,0,0,0,433,307,239,190
2026/01/26/21:04:18,3225.187606,0.639312,0.755628,0.639312,0.755628,25,21,17,16,0,0,0,0,433,307,239,190
2026/01/26/21:04:19,3226.187739,0.678500,0.794593,0.678500,0.794593,28,26,17,16,0,0,0,0,433,307,239,190
2026/01/26/21:04:20,3227.187842,0.694312,0.838547,0.694312,0.838547,29,26,17,18,0,0,0,0,433,307,239,190
2026/01/26/21:04:21,3228.187912,0.704187,0.862006,0.707688,0.881888,31,26,17,18,0,1,0,0,433,307,239,190
2026/01/26/21:04:22,3229.188028,0.735313,0.906649,0.738812,0.926531,30,27,17,25,0,1,0,0,434,307,239,190
2026/01/26/21:04:23,3230.188132,0.720688,0.899899,0.724187,0.919782,30,25,17,25,0,1,0,0,434,309,239,190
2026/01/26/21:04:24,3231.188236,0.684688,0.839786,0.684688,0.839786,30,26,17,17,0,0,0,0,434,309,239,198
2026/01/26/21:04:25,3232.188395,0.685375,0.831730,0.685375,0.831730,27,26,18,17,0,0,0,0,437,309,239,198
2026/01/26/21:04:26,3233.188497,0.685375,0.831730,0.685375,0.831730,27,26,18,17,0,0,0,0,437,309,239,198
2026/01/26/21:04:27,3234.188806,0.685375,0.831730,0.685375,0.831730,27,26,18,17,0,0,0,0,437,309,239,198
2026/01/26/21:04:28,3235.188874,0.685375,0.831730,0.685375,0.831730,27,26,18,17,0,0,0,0,437,309,239,198
2026/01/26/21:04:29,3236.188959,0.685375,0.831730,0.685375,0.831730,27,26,18,17,0,0,0,0,437,309,239,198
2026/01/26/21:04:30,3237.189079,0.675687,0.826879,0.675687,0.826879,27,26,17,17,0,0,0,0,437,309,240,198
2026/01/26/21:04:31,3238.189177,0.675687,0.826879,0.675687,0.826879,27,26,17,17,0,0,0,0,437,309,240,198
2026/01/26/21:04:32,3239.189278,0.763375,0.864584,0.763375,0.864584,28,31,17,19,0,0,0,0,437,309,240,198
2026/01/26/21:04:33,3240.189434,0.756250,0.849891,0.756250,0.849891,28,29,17,19,0,0,0,0,437,312,240,198
2026/01/26/21:04:34,3241.189584,0.738500,0.845013,0.738500,0.845013,28,28,17,19,0,0,0,0,437,313,240,198
2026/01/26/21:04:35,3242.189699,0.708063,0.833683,0.708063,0.833683,28,27,17,17,0,0,0,0,437,314,240,200
2026/01/26/21:04:36,3243.189821,0.708063,0.833683,0.708063,0.833683,28,27,17,17,0,0,0,0,437,314,240,200
2026/01/26/21:04:37,3244.189919,0.700562,0.828317,0.700562,0.828317,28,26,17,17,0,0,0,0,437,315,240,200
2026/01/26/21:04:38,3245.190034,0.713750,0.860051,0.713750,0.860051,28,28,18,17,0,0,0,0,437,315,240,200
2026/01/26/21:04:39,3246.190118,0.704187,0.847173,0.704187,0.847173,26,28,18,17,0,0,0,0,439,315,240,200
2026/01/26/21:04:40,3247.190230,0.704187,0.847173,0.704187,0.847173,26,28,18,17,0,0,0,0,439,315,240,200
2026/01/26/21:04:41,3248.190336,0.697688,0.829355,0.697688,0.829355,26,26,18,17,0,0,0,0,439,317,240,200
2026/01/26/21:04:42,3249.190509,0.687625,0.811582,0.687625,0.811582,25,26,17,17,0,0,0,0,440,317,241,200
2026/01/26/21:04:43,3250.190678,0.677500,0.726345,0.677500,0.726345,25,23,17,17,0,0,0,0,440,320,241,200
2026/01/26/21:04:44,3251.190791,0.699187,0.744932,0.724187,0.764185,28,23,18,17,0,0,2,2,440,320,241,200
2026/01/26/21:04:45,3252.190875,0.775750,0.824497,0.775750,0.824497,31,26,23,19,0,0,0,0,440,320,241,200
2026/01/26/21:04:46,3253.190963,0.827125,0.848977,0.827125,0.848977,31,29,23,22,0,0,0,0,440,320,241,200
2026/01/26/21:04:47,3254.191119,0.827125,0.848977,0.827125,0.848977,31,29,23,22,0,0,0,0,440,320,241,200
2026/01/26/21:04:48,3255.191282,0.855625,0.884782,0.855625,0.884782,34,30,24,22,0,0,0,0,440,320,241,200
2026/01/26/21:04:49,3256.191453,0.816250,0.833258,0.816250,0.833258,34,27,21,21,0,0,0,0,440,323,244,201
2026/01/26/21:04:50,3257.191561,0.780813,0.820258,0.780813,0.820258,34,24,21,21,0,0,0,0,440,326,244,201
2026/01/26/21:04:51,3258.191723,0.776625,0.816784,0.776625,0.816784,34,23,21,21,0,0,0,0,440,327,244,201
2026/01/26/21:04:52,3259.191849,0.776625,0.816784,0.776625,0.816784,34,23,21,21,0,0,0,0,440,327,244,201
2026/01/26/21:04:53,3260.191948,0.776625,0.816784,0.776625,0.816784,34,23,21,21,0,0,0,0,440,327,244,201
2026/01/26/21:04:54,3261.192068,0.764625,0.804732,0.764625,0.804732,31,23,21,21,0,0,0,0,443,327,244,201
2026/01/26/21:04:55,3262.192222,0.764625,0.804732,0.764625,0.804732,31,23,21,21,0,0,0,0,443,327,244,201
2026/01/26/21:04:56,3263.192323,0.764625,0.804732,0.764625,0.804732,31,23,21,21,0,0,0,0,443,327,244,201
2026/01/26/21:04:57,3264.192422,0.759375,0.799914,0.759375,0.799914,31,23,20,21,0,0,0,0,443,327,245,201
2026/01/26/21:04:58,3265.192587,0.755875,0.780032,0.755875,0.780032,31,22,20,21,0,0,0,0,443,328,245,201
2026/01/26/21:04:59,3266.192742,0.755875,0.780032,0.755875,0.780032,31,22,20,21,0,0,0,0,443,328,245,201
2026/01/26/21:05:00,3267.192845,0.755875,0.780032,0.755875,0.780032,31,22,20,21,0,0,0,0,443,328,245,201
2026/01/26/21:05:01,3268.192933,0.755875,0.780032,0.755875,0.780032,31,22,20,21,0,0,0,0,443,328,245,201
2026/01/26/21:05:02,3269.193096,0.755875,0.780032,0.755875,0.780032,31,22,20,21,0,0,0,0,443,328,245,201
2026/01/26/21:05:03,3270.193197,0.755875,0.780032,0.755875,0.780032,31,22,20,21,0,0,0,0,443,328,245,201
2026/01/26/21:05:04,3271.193355,0.755875,0.780032,0.755875,0.780032,31,22,20,21,0,0,0,0,443,328,245,201
2026/01/26/21:05:05,3272.193516,0.752625,0.774906,0.752625,0.774906,31,22,20,20,0,0,0,0,443,328,245,202
2026/01/26/21:05:06,3273.193627,0.807937,0.798517,0.807937,0.798517,33,22,23,20,0,0,0,0,443,328,245,202
2026/01/26/21:05:07,3274.193734,0.807937,0.798517,0.807937,0.798517,33,22,23,20,0,0,0,0,443,328,245,202
2026/01/26/21:05:08,3275.193887,0.805813,0.785293,0.805813,0.785293,30,24,23,19,0,0,0,0,446,328,245,204
2026/01/26/21:05:09,3276.194031,0.796438,0.772918,0.796438,0.772918,28,24,23,19,0,0,0,0,448,328,245,204
2026/01/26/21:05:10,3277.194198,0.790875,0.768467,0.790875,0.768467,28,24,23,18,0,0,0,0,448,328,245,205
2026/01/26/21:05:11,3278.194308,0.790875,0.768467,0.790875,0.768467,28,24,23,18,0,0,0,0,448,328,245,205
2026/01/26/21:05:12,3279.194412,0.744938,0.757231,0.744938,0.757231,28,24,20,18,0,0,0,0,448,328,248,205
2026/01/26/21:05:13,3280.194510,0.744938,0.757231,0.744938,0.757231,28,24,20,18,0,0,0,0,448,328,248,205
2026/01/26/21:05:14,3281.194622,0.744938,0.757231,0.744938,0.757231,28,24,20,18,0,0,0,0,448,328,248,205
2026/01/26/21:05:15,3282.194804,0.744938,0.757231,0.744938,0.757231,28,24,20,18,0,0,0,0,448,328,248,205
2026/01/26/21:05:16,3283.194942,0.744938,0.757231,0.744938,0.757231,28,24,20,18,0,0,0,0,448,328,248,205
2026/01/26/21:05:17,3284.195098,0.744938,0.757231,0.744938,0.757231,28,24,20,18,0,0,0,0,448,328,248,205
2026/01/26/21:05:18,3285.195250,0.744938,0.757231,0.744938,0.757231,28,24,20,18,0,0,0,0,448,328,248,205
2026/01/26/21:05:19,3286.195375,0.741313,0.742394,0.741313,0.742394,27,24,20,18,0,0,0,0,449,328,248,205
2026/01/26/21:05:20,3287.195502,0.741313,0.742394,0.741313,0.742394,27,24,20,18,0,0,0,0,449,328,248,205
2026/01/26/21:05:21,3288.195670,0.741313,0.742394,0.741313,0.742394,27,24,20,18,0,0,0,0,449,328,248,205
2026/01/26/21:05:22,3289.195854,0.741313,0.742394,0.741313,0.742394,27,24,20,18,0,0,0,0,449,328,248,205
2026/01/26/21:05:23,3290.196010,0.748313,0.748700,0.748313,0.748700,27,26,20,18,0,0,0,0,449,328,248,205
2026/01/26/21:05:24,3291.196125,0.748313,0.748700,0.748313,0.748700,27,26,20,18,0,0,0,0,449,328,248,205
2026/01/26/21:05:25,3292.196287,0.748313,0.748700,0.748313,0.748700,27,26,20,18,0,0,0,0,449,328,248,205
2026/01/26/21:05:26,3293.196458,0.748313,0.748700,0.748313,0.748700,27,26,20,18,0,0,0,0,449,328,248,205
2026/01/26/21:05:27,3294.196628,0.741313,0.742394,0.741313,0.742394,27,24,20,18,0,0,0,0,449,330,248,205
2026/01/26/21:05:28,3295.196827,0.741313,0.742394,0.741313,0.742394,27,24,20,18,0,0,0,0,449,330,248,205
2026/01/26/21:05:29,3296.196963,0.741313,0.742394,0.741313,0.742394,27,24,20,18,0,0,0,0,449,330,248,205
2026/01/26/21:05:30,3297.197072,0.741313,0.742394,0.741313,0.742394,27,24,20,18,0,0,0,0,449,330,248,205
2026/01/26/21:05:31,3298.197242,0.736125,0.738107,0.736125,0.738107,27,23,20,18,0,0,0,0,449,331,248,205
2026/01/26/21:05:32,3299.197402,0.736125,0.738107,0.736125,0.738107,27,23,20,18,0,0,0,0,449,331,248,205
2026/01/26/21:05:33,3300.197567,0.817500,0.804989,0.817500,0.804989,30,23,22,20,0,0,0,0,449,331,248,205
2026/01/26/21:05:34,3301.197668,0.817500,0.804989,0.817500,0.804989,30,23,22,20,0,0,0,0,449,331,248,205
2026/01/26/21:05:35,3302.197856,0.817500,0.804989,0.817500,0.804989,30,23,22,20,0,0,0,0,449,331,248,205
2026/01/26/21:05:36,3303.198060,0.757125,0.752518,0.757125,0.752518,28,23,22,18,0,0,0,0,451,331,248,207
2026/01/26/21:05:37,3304.198170,0.769687,0.764454,0.794562,0.793806,28,23,25,18,0,1,0,0,451,331,248,207
2026/01/26/21:05:38,3305.198283,0.769687,0.764454,0.794562,0.793806,28,23,25,18,0,1,0,0,451,331,248,207
2026/01/26/21:05:39,3306.198446,0.762000,0.760487,0.786875,0.789840,28,23,24,18,0,1,0,0,451,331,249,207
2026/01/26/21:05:40,3307.198523,0.816000,0.796650,0.840875,0.826003,28,23,29,18,0,1,0,0,451,331,249,207
2026/01/26/21:05:41,3308.198698,0.816000,0.796650,0.816000,0.796650,28,23,29,18,0,0,0,0,451,331,249,207
2026/01/26/21:05:42,3309.198878,0.816000,0.796650,0.816000,0.796650,28,23,29,18,0,0,0,0,451,331,249,207
2026/01/26/21:05:43,3310.199041,0.787250,0.785946,0.787250,0.785946,28,21,28,18,0,0,0,0,451,333,250,207
2026/01/26/21:05:44,3311.199142,0.787250,0.785946,0.787250,0.785946,28,21,28,18,0,0,0,0,451,333,250,207
2026/01/26/21:05:45,3312.199304,0.787250,0.785946,0.787250,0.785946,28,21,28,18,0,0,0,0,451,333,250,207
2026/01/26/21:05:46,3313.199518,0.787250,0.785946,0.787250,0.785946,28,21,28,18,0,0,0,0,451,333,250,207
2026/01/26/21:05:47,3314.199682,0.787250,0.785946,0.787250,0.785946,28,21,28,18,0,0,0,0,451,333,250,207
2026/01/26/21:05:48,3315.199810,0.787250,0.785946,0.787250,0.785946,28,21,28,18,0,0,0,0,451,333,250,207
2026/01/26/21:05:49,3316.199934,0.774687,0.774010,0.774687,0.774010,28,21,25,18,0,0,0,0,451,333,253,207
2026/01/26/21:05:50,3317.200055,0.738500,0.756769,0.738500,0.756769,28,18,25,18,0,0,0,0,451,336,253,207
2026/01/26/21:05:51,3318.200208,0.738500,0.756769,0.738500,0.756769,28,18,25,18,0,0,0,0,451,336,253,207
2026/01/26/21:05:52,3319.200375,0.738500,0.756769,0.738500,0.756769,28,18,25,18,0,0,0,0,451,336,253,207
2026/01/26/21:05:53,3320.200540,0.738500,0.756769,0.738500,0.756769,28,18,25,18,0,0,0,0,451,336,253,207
2026/01/26/21:05:54,3321.200636,0.701500,0.739062,0.701500,0.739062,28,17,22,18,0,0,0,0,451,337,256,207
2026/01/26/21:05:55,3322.200748,0.701500,0.739062,0.701500,0.739062,28,17,22,18,0,0,0,0,451,337,256,207
2026/01/26/21:05:56,3323.200913,0.701500,0.739062,0.701500,0.739062,28,17,22,18,0,0,0,0,451,337,256,207
2026/01/26/21:05:57,3324.201023,0.701500,0.739062,0.701500,0.739062,28,17,22,18,0,0,0,0,451,337,256,207
2026/01/26/21:05:58,3325.201135,0.701500,0.739062,0.701500,0.739062,28,17,22,18,0,0,0,0,451,337,256,207
2026/01/26/21:05:59,3326.201252,0.701500,0.739062,0.701500,0.739062,28,17,22,18,0,0,0,0,451,337,256,207
2026/01/26/21:06:00,3327.201334,0.691187,0.733004,0.691187,0.733004,28,17,21,18,0,0,0,0,451,337,257,207
2026/01/26/21:06:01,3328.201557,0.691187,0.733004,0.691187,0.733004,28,17,21,18,0,0,0,0,451,337,257,207
2026/01/26/21:06:02,3329.201661,0.691187,0.733004,0.691187,0.733004,28,17,21,18,0,0,0,0,451,337,257,207
2026/01/26/21:06:03,3330.201846,0.691187,0.733004,0.691187,0.733004,28,17,21,18,0,0,0,0,451,337,257,207
2026/01/26/21:06:04,3331.202005,0.691187,0.733004,0.691187,0.733004,28,17,21,18,0,0,0,0,451,337,257,207
2026/01/26/21:06:05,3332.202108,0.691187,0.733004,0.691187,0.733004,28,17,21,18,0,0,0,0,451,337,257,207
2026/01/26/21:06:06,3333.202268,0.691187,0.733004,0.691187,0.733004,28,17,21,18,0,0,0,0,451,337,257,207
2026/01/26/21:06:07,3334.202372,0.691187,0.733004,0.691187,0.733004,28,17,21,18,0,0,0,0,451,337,257,207
2026/01/26/21:06:08,3335.202491,0.691187,0.733004,0.691187,0.733004,28,17,21,18,0,0,0,0,451,337,257,207
2026/01/26/21:06:09,3336.202654,0.691187,0.733004,0.691187,0.733004,28,17,21,18,0,0,0,0,451,337,257,207
2026/01/26/21:06:10,3337.202858,0.691187,0.733004,0.691187,0.733004,28,17,21,18,0,0,0,0,451,337,257,207
2026/01/26/21:06:11,3338.203024,0.691187,0.733004,0.691187,0.733004,28,17,21,18,0,0,0,0,451,337,257,207
2026/01/26/21:06:12,3339.203178,0.691187,0.733004,0.691187,0.733004,28,17,21,18,0,0,0,0,451,337,257,207
2026/01/26/21:06:13,3340.203353,0.691187,0.733004,0.691187,0.733004,28,17,21,18,0,0,0,0,451,337,257,207
2026/01/26/21:06:14,3341.203441,0.691187,0.733004,0.691187,0.733004,28,17,21,18,0,0,0,0,451,337,257,207
2026/01/26/21:06:15,3342.203611,0.691187,0.733004,0.691187,0.733004,28,17,21,18,0,0,0,0,451,337,257,207
2026/01/26/21:06:16,3343.203793,0.691187,0.733004,0.691187,0.733004,28,17,21,18,0,0,0,0,451,337,257,207
2026/01/26/21:06:17,3344.203941,0.691187,0.733004,0.691187,0.733004,28,17,21,18,0,0,0,0,451,337,257,207
2026/01/26/21:06:18,3345.204042,0.691187,0.733004,0.691187,0.733004,28,17,21,18,0,0,0,0,451,337,257,207
2026/01/26/21:06:19,3346.204210,0.691187,0.733004,0.691187,0.733004,28,17,21,18,0,0,0,0,451,337,257,207
2026/01/26/21:06:20,3347.204375,0.691187,0.733004,0.691187,0.733004,28,17,21,18,0,0,0,0,451,337,257,207
2026/01/26/21:06:21,3348.204539,0.691187,0.733004,0.691187,0.733004,28,17,21,18,0,0,0,0,451,337,257,207
2026/01/26/21:06:22,3349.204652,0.691187,0.733004,0.691187,0.733004,28,17,21,18,0,0,0,0,451,337,257,207
2026/01/26/21:06:23,3350.204781,0.691187,0.733004,0.691187,0.733004,28,17,21,18,0,0,0,0,451,337,257,207
2026/01/26/21:06:24,3351.204948,0.691187,0.733004,0.691187,0.733004,28,17,21,18,0,0,0,0,451,337,257,207
2026/01/26/21:06:25,3352.205111,0.691187,0.733004,0.691187,0.733004,28,17,21,18,0,0,0,0,451,337,257,207
2026/01/26/21:06:26,3353.205204,0.691187,0.733004,0.691187,0.733004,28,17,21,18,0,0,0,0,451,337,257,207
2026/01/26/21:06:27,3354.205370,0.691187,0.733004,0.691187,0.733004,28,17,21,18,0,0,0,0,451,337,257,207
2026/01/26/21:06:28,3355.205536,0.691187,0.733004,0.691187,0.733004,28,17,21,18,0,0,0,0,451,337,257,207
2026/01/26/21:06:29,3356.205698,0.691187,0.733004,0.691187,0.733004,28,17,21,18,0,0,0,0,451,337,257,207
2026/01/26/21:06:30,3357.205880,0.691187,0.733004,0.691187,0.733004,28,17,21,18,0,0,0,0,451,337,257,207
2026/01/26/21:06:31,3358.206044,0.691187,0.733004,0.691187,0.733004,28,17,21,18,0,0,0,0,451,337,257,207
2026/01/26/21:06:32,3359.206148,0.691187,0.733004,0.691187,0.733004,28,17,21,18,0,0,0,0,451,337,257,207
2026/01/26/21:06:33,3360.206259,0.691187,0.733004,0.691187,0.733004,28,17,21,18,0,0,0,0,451,337,257,207
2026/01/26/21:06:34,3361.206341,0.691187,0.733004,0.691187,0.733004,28,17,21,18,0,0,0,0,451,337,257,207
2026/01/26/21:06:35,3362.206511,0.691187,0.733004,0.691187,0.733004,28,17,21,18,0,0,0,0,451,337,257,207
2026/01/26/21:06:36,3363.206613,0.691187,0.733004,0.691187,0.733004,28,17,21,18,0,0,0,0,451,337,257,207
2026/01/26/21:06:37,3364.206736,0.691187,0.733004,0.691187,0.733004,28,17,21,18,0,0,0,0,451,337,257,207
2026/01/26/21:06:38,3365.206910,0.691187,0.733004,0.691187,0.733004,28,17,21,18,0,0,0,0,451,337,257,207
2026/01/26/21:06:39,3366.207012,0.691187,0.733004,0.691187,0.733004,28,17,21,18,0,0,0,0,451,337,257,207
2026/01/26/21:06:40,3367.207176,0.691187,0.733004,0.691187,0.733004,28,17,21,18,0,0,0,0,451,337,257,207
2026/01/26/21:06:41,3368.207338,0.691187,0.733004,0.691187,0.733004,28,17,21,18,0,0,0,0,451,337,257,207
2026/01/26/21:06:42,3369.207489,0.691187,0.733004,0.691187,0.733004,28,17,21,18,0,0,0,0,451,337,257,207
2026/01/26/21:06:43,3370.207663,0.691187,0.733004,0.691187,0.733004,28,17,21,18,0,0,0,0,451,337,257,207
2026/01/26/21:06:44,3371.230867,0.772312,0.785755,0.772312,0.785755,31,19,23,21,0,0,0,0,451,337,257,207
2026/01/26/21:06:45,3372.230981,0.772312,0.785755,0.772312,0.785755,31,19,23,21,0,0,0,0,451,337,257,207
2026/01/26/21:06:46,3373.231091,0.772312,0.785755,0.772312,0.785755,31,19,23,21,0,0,0,0,451,337,257,207
2026/01/26/21:06:47,3374.231248,0.772312,0.785755,0.772312,0.785755,31,19,23,21,0,0,0,0,451,337,257,207
2026/01/26/21:06:48,3375.231400,0.772312,0.785755,0.772312,0.785755,31,19,23,21,0,0,0,0,451,337,257,207
2026/01/26/21:06:49,3376.231563,0.770813,0.781455,0.770813,0.781455,29,20,23,21,0,0,0,0,454,337,257,207
2026/01/26/21:06:50,3377.231736,0.779563,0.796568,0.779563,0.796568,29,20,25,21,0,0,0,0,454,337,257,207
2026/01/26/21:06:51,3378.231880,0.779563,0.796568,0.779563,0.796568,29,20,25,21,0,0,0,0,454,337,257,207
2026/01/26/21:06:52,3379.232051,0.766875,0.777086,0.766875,0.777086,29,19,23,21,0,0,0,0,454,338,259,207
2026/01/26/21:06:53,3380.232159,0.766875,0.777086,0.766875,0.777086,29,19,23,21,0,0,0,0,454,338,259,207
2026/01/26/21:06:54,3381.232268,0.736563,0.750084,0.736563,0.750084,28,17,23,19,0,0,0,0,455,340,259,209
2026/01/26/21:06:55,3382.232362,0.736563,0.750084,0.736563,0.750084,28,17,23,19,0,0,0,0,455,340,259,209
2026/01/26/21:06:56,3383.232476,0.736563,0.750084,0.736563,0.750084,28,17,23,19,0,0,0,0,455,340,259,209
2026/01/26/21:06:57,3384.232641,0.700063,0.738702,0.700063,0.738702,28,17,21,19,0,0,0,0,455,340,261,209
2026/01/26/21:06:58,3385.232750,0.700063,0.738702,0.700063,0.738702,28,17,21,19,0,0,0,0,455,340,261,209
2026/01/26/21:06:59,3386.232859,0.700063,0.738702,0.700063,0.738702,28,17,21,19,0,0,0,0,455,340,261,209
2026/01/26/21:07:00,3387.232983,0.700063,0.738702,0.700063,0.738702,28,17,21,19,0,0,0,0,455,340,261,209
2026/01/26/21:07:01,3388.233124,0.700063,0.738702,0.700063,0.738702,28,17,21,19,0,0,0,0,455,340,261,209
2026/01/26/21:07:02,3389.233207,0.700063,0.738702,0.700063,0.738702,28,17,21,19,0,0,0,0,455,340,261,209
2026/01/26/21:07:03,3390.233326,0.700063,0.738702,0.700063,0.738702,28,17,21,19,0,0,0,0,455,340,261,209
2026/01/26/21:07:04,3391.233427,0.700063,0.738702,0.700063,0.738702,28,17,21,19,0,0,0,0,455,340,261,209
2026/01/26/21:07:05,3392.233598,0.700063,0.738702,0.700063,0.738702,28,17,21,19,0,0,0,0,455,340,261,209
2026/01/26/21:07:06,3393.233692,0.700063,0.738702,0.700063,0.738702,28,17,21,19,0,0,0,0,455,340,261,209
2026/01/26/21:07:07,3394.233883,0.700063,0.738702,0.700063,0.738702,28,17,21,19,0,0,0,0,455,340,261,209
2026/01/26/21:07:08,3395.233965,0.700063,0.738702,0.700063,0.738702,28,17,21,19,0,0,0,0,455,340,261,209
2026/01/26/21:07:09,3396.234093,0.690125,0.684956,0.690125,0.684956,28,14,21,19,0,0,0,0,455,343,261,209
2026/01/26/21:07:10,3397.234246,0.690125,0.684956,0.690125,0.684956,28,14,21,19,0,0,0,0,455,343,261,209
2026/01/26/21:07:11,3398.234373,0.690125,0.684956,0.690125,0.684956,28,14,21,19,0,0,0,0,455,343,261,209
2026/01/26/21:07:12,3399.234533,0.690125,0.684956,0.690125,0.684956,28,14,21,19,0,0,0,0,455,343,261,209
2026/01/26/21:07:13,3400.234637,0.690125,0.684956,0.690125,0.684956,28,14,21,19,0,0,0,0,455,343,261,209
2026/01/26/21:07:14,3401.234746,0.690125,0.684956,0.690125,0.684956,28,14,21,19,0,0,0,0,455,343,261,209
2026/01/26/21:07:15,3402.234907,0.690125,0.684956,0.690125,0.684956,28,14,21,19,0,0,0,0,455,343,261,209
2026/01/26/21:07:16,3403.235021,0.690125,0.684956,0.690125,0.684956,28,14,21,19,0,0,0,0,455,343,261,209
2026/01/26/21:07:17,3404.235120,0.690125,0.684956,0.690125,0.684956,28,14,21,19,0,0,0,0,455,343,261,209
2026/01/26/21:07:18,3405.235226,0.674250,0.674891,0.674250,0.674891,28,14,21,17,0,0,0,0,455,343,261,211
2026/01/26/21:07:19,3406.235336,0.674250,0.674891,0.674250,0.674891,28,14,21,17,0,0,0,0,455,343,261,211
2026/01/26/21:07:20,3407.235447,0.691688,0.686955,0.751313,0.745875,28,17,21,17,0,2,0,0,455,343,261,211
2026/01/26/21:07:21,3408.235557,0.725125,0.735850,0.784750,0.794770,30,19,22,17,0,2,0,0,455,343,261,211
2026/01/26/21:07:22,3409.235713,0.760000,0.768297,0.841500,0.878498,30,19,23,18,0,2,0,2,455,343,261,211
2026/01/26/21:07:23,3410.235815,0.780687,0.779751,0.862187,0.889952,33,17,23,18,0,2,0,2,455,345,261,211
2026/01/26/21:07:24,3411.235981,0.780687,0.779751,0.862187,0.889952,33,17,23,18,0,2,0,2,455,345,261,211
2026/01/26/21:07:25,3412.236086,0.780687,0.779751,0.862187,0.889952,33,17,23,18,0,2,0,2,455,345,261,211
2026/01/26/21:07:26,3413.236201,0.743000,0.761478,0.824500,0.871679,30,17,23,18,0,2,0,2,458,345,261,211
2026/01/26/21:07:27,3414.236306,0.771000,0.788357,0.830625,0.847277,31,17,23,20,0,2,0,0,460,345,261,211
2026/01/26/21:07:28,3415.236407,0.747062,0.781550,0.806688,0.840470,31,17,22,20,0,2,0,0,460,345,262,211
2026/01/26/21:07:29,3416.236521,0.730563,0.767896,0.790188,0.826816,28,17,22,20,0,2,0,0,463,345,262,211
2026/01/26/21:07:30,3417.236699,0.730563,0.767896,0.790188,0.826816,28,17,22,20,0,2,0,0,463,345,262,211
2026/01/26/21:07:31,3418.236863,0.730563,0.767896,0.790188,0.826816,28,17,22,20,0,2,0,0,463,345,262,211
2026/01/26/21:07:32,3419.236970,0.730563,0.767896,0.790188,0.826816,28,17,22,20,0,2,0,0,463,345,262,211
2026/01/26/21:07:33,3420.237063,0.730563,0.767896,0.790188,0.826816,28,17,22,20,0,2,0,0,463,345,262,211
2026/01/26/21:07:34,3421.237175,0.730563,0.767896,0.790188,0.826816,28,17,22,20,0,2,0,0,463,345,262,211
2026/01/26/21:07:35,3422.237344,0.730563,0.767896,0.790188,0.826816,28,17,22,20,0,2,0,0,463,345,262,211
2026/01/26/21:07:36,3423.237507,0.730563,0.767896,0.790188,0.826816,28,17,22,20,0,2,0,0,463,345,262,211
2026/01/26/21:07:37,3424.237627,0.730563,0.767896,0.790188,0.826816,28,17,22,20,0,2,0,0,463,345,262,211
2026/01/26/21:07:38,3425.237826,0.730563,0.767896,0.790188,0.826816,28,17,22,20,0,2,0,0,463,345,262,211
2026/01/26/21:07:39,3426.237974,0.730563,0.767896,0.790188,0.826816,28,17,22,20,0,2,0,0,463,345,262,211
2026/01/26/21:07:40,3427.238057,0.725562,0.762965,0.785188,0.821885,28,17,21,20,0,2,0,0,463,345,263,211
2026/01/26/21:07:41,3428.238228,0.725562,0.762965,0.785188,0.821885,28,17,21,20,0,2,0,0,463,345,263,211
2026/01/26/21:07:42,3429.238333,0.725562,0.762965,0.785188,0.821885,28,17,21,20,0,2,0,0,463,345,263,211
2026/01/26/21:07:43,3430.238505,0.725562,0.762965,0.785188,0.821885,28,17,21,20,0,2,0,0,463,345,263,211
2026/01/26/21:07:44,3431.238615,0.725562,0.762965,0.785188,0.821885,28,17,21,20,0,2,0,0,463,345,263,211
2026/01/26/21:07:45,3432.238798,0.725562,0.762965,0.785188,0.821885,28,17,21,20,0,2,0,0,463,345,263,211
2026/01/26/21:07:46,3433.238952,0.725562,0.762965,0.785188,0.821885,28,17,21,20,0,2,0,0,463,345,263,211
2026/01/26/21:07:47,3434.239061,0.725562,0.762965,0.785188,0.821885,28,17,21,20,0,2,0,0,463,345,263,211
2026/01/26/21:07:48,3435.239167,0.725562,0.762965,0.785188,0.821885,28,17,21,20,0,2,0,0,463,345,263,211
2026/01/26/21:07:49,3436.239332,0.725562,0.762965,0.785188,0.821885,28,17,21,20,0,2,0,0,463,345,263,211
2026/01/26/21:07:50,3437.239478,0.725562,0.762965,0.785188,0.821885,28,17,21,20,0,2,0,0,463,345,263,211
2026/01/26/21:07:51,3438.239582,0.719375,0.745269,0.779000,0.804189,28,16,21,20,0,2,0,0,463,346,263,211
2026/01/26/21:07:52,3439.239742,0.719375,0.745269,0.779000,0.804189,28,16,21,20,0,2,0,0,463,346,263,211
2026/01/26/21:07:53,3440.239844,0.771437,0.806495,0.831063,0.865415,31,19,21,20,0,2,0,0,463,346,263,211
2026/01/26/21:07:54,3441.240015,0.771437,0.806495,0.831063,0.865415,31,19,21,20,0,2,0,0,463,346,263,211
2026/01/26/21:07:55,3442.240127,0.781563,0.813807,0.841187,0.872727,31,19,22,20,0,2,0,0,463,346,263,211
2026/01/26/21:07:56,3443.240226,0.781563,0.813807,0.841187,0.872727,31,19,22,20,0,2,0,0,463,346,263,211
2026/01/26/21:07:57,3444.240384,0.744812,0.798286,0.804438,0.857206,30,16,22,20,0,2,0,0,464,349,263,211
2026/01/26/21:07:58,3445.240545,0.744812,0.798286,0.804438,0.857206,30,16,22,20,0,2,0,0,464,349,263,211
2026/01/26/21:07:59,3446.240653,0.744812,0.798286,0.804438,0.857206,30,16,22,20,0,2,0,0,464,349,263,211
2026/01/26/21:08:00,3447.240834,0.744812,0.798286,0.804438,0.857206,30,16,22,20,0,2,0,0,464,349,263,211
2026/01/26/21:08:01,3448.241035,0.744812,0.798286,0.804438,0.857206,30,16,22,20,0,2,0,0,464,349,263,211
2026/01/26/21:08:02,3449.241068,0.744812,0.798286,0.804438,0.857206,30,16,22,20,0,2,0,0,464,349,263,211
2026/01/26/21:08:03,3450.241184,0.741563,0.793834,0.801188,0.852754,30,15,22,20,0,2,0,0,464,350,263,211
2026/01/26/21:08:04,3451.241272,0.731437,0.786521,0.791063,0.845441,30,15,21,20,0,2,0,0,464,350,264,211
2026/01/26/21:08:05,3452.241379,0.731437,0.786521,0.791063,0.845441,30,15,21,20,0,2,0,0,464,350,264,211
2026/01/26/21:08:06,3453.241498,0.721938,0.744585,0.781563,0.803505,30,13,21,20,0,2,0,0,464,352,264,211
2026/01/26/21:08:07,3454.241594,0.721938,0.744585,0.781563,0.803505,30,13,21,20,0,2,0,0,464,352,264,211
2026/01/26/21:08:08,3455.241707,0.721938,0.744585,0.781563,0.803505,30,13,21,20,0,2,0,0,464,352,264,211
2026/01/26/21:08:09,3456.241825,0.721938,0.744585,0.781563,0.803505,30,13,21,20,0,2,0,0,464,352,264,211
2026/01/26/21:08:10,3457.241927,0.721938,0.744585,0.781563,0.803505,30,13,21,20,0,2,0,0,464,352,264,211
2026/01/26/21:08:11,3458.242018,0.721938,0.744585,0.781563,0.803505,30,13,21,20,0,2,0,0,464,352,264,211
2026/01/26/21:08:12,3459.242121,0.781563,0.803505,0.781563,0.803505,30,15,21,20,0,0,0,0,466,352,264,211
2026/01/26/21:08:13,3460.242232,0.781563,0.803505,0.781563,0.803505,30,15,21,20,0,0,0,0,466,352,264,211
2026/01/26/21:08:14,3461.242399,0.748750,0.726584,0.748750,0.726584,30,15,21,17,0,0,0,0,466,352,264,214
2026/01/26/21:08:15,3462.242511,0.739875,0.720886,0.739875,0.720886,30,15,21,16,0,0,0,0,466,352,264,215
2026/01/26/21:08:16,3463.242595,0.773500,0.777620,0.773500,0.777620,32,15,24,16,0,0,0,0,466,352,264,215
2026/01/26/21:08:17,3464.242758,0.762875,0.773518,0.762875,0.773518,32,15,23,16,0,0,0,0,466,352,265,215
2026/01/26/21:08:18,3465.242925,0.808625,0.803841,0.830250,0.808520,33,18,26,16,0,0,0,1,466,352,265,215
2026/01/26/21:08:19,3466.243023,0.824750,0.812760,0.846375,0.817438,33,18,27,17,0,0,0,1,466,352,265,215
2026/01/26/21:08:20,3467.243127,0.824750,0.812760,0.824750,0.812760,33,18,27,17,0,0,0,0,466,352,265,215
2026/01/26/21:08:21,3468.243234,0.813875,0.805594,0.813875,0.805594,32,18,27,17,0,0,0,0,467,352,265,215
2026/01/26/21:08:22,3469.243356,0.813875,0.805594,0.813875,0.805594,32,18,27,17,0,0,0,0,467,352,265,215
2026/01/26/21:08:23,3470.243462,0.786875,0.777780,0.786875,0.777780,32,18,24,17,0,0,0,0,467,352,268,215
2026/01/26/21:08:24,3471.243625,0.786875,0.777780,0.786875,0.777780,32,18,24,17,0,0,0,0,467,352,268,215
2026/01/26/21:08:25,3472.243817,0.767188,0.768333,0.767188,0.768333,32,18,21,17,0,0,0,0,467,352,271,215
2026/01/26/21:08:26,3473.243951,0.767188,0.768333,0.767188,0.768333,32,18,21,17,0,0,0,0,467,352,271,215
2026/01/26/21:08:27,3474.244056,0.767188,0.768333,0.767188,0.768333,32,18,21,17,0,0,0,0,467,352,271,215
2026/01/26/21:08:28,3475.244165,0.767188,0.768333,0.767188,0.768333,32,18,21,17,0,0,0,0,467,352,271,215
2026/01/26/21:08:29,3476.244329,0.767188,0.768333,0.767188,0.768333,32,18,21,17,0,0,0,0,467,352,271,215
2026/01/26/21:08:30,3477.244433,0.767188,0.768333,0.767188,0.768333,32,18,21,17,0,0,0,0,467,352,271,215
2026/01/26/21:08:31,3478.244539,0.760563,0.739414,0.760563,0.739414,30,18,21,17,0,0,0,0,469,352,271,215
2026/01/26/21:08:32,3479.244685,0.760563,0.739414,0.760563,0.739414,30,18,21,17,0,0,0,0,469,352,271,215
2026/01/26/21:08:33,3480.244829,0.760563,0.739414,0.760563,0.739414,30,18,21,17,0,0,0,0,469,352,271,215
2026/01/26/21:08:34,3481.244938,0.760563,0.739414,0.760563,0.739414,30,18,21,17,0,0,0,0,469,352,271,215
2026/01/26/21:08:35,3482.245050,0.760563,0.739414,0.760563,0.739414,30,18,21,17,0,0,0,0,469,352,271,215
2026/01/26/21:08:36,3483.245158,0.760563,0.739414,0.760563,0.739414,30,18,21,17,0,0,0,0,469,352,271,215
2026/01/26/21:08:37,3484.245324,0.760563,0.739414,0.760563,0.739414,30,18,21,17,0,0,0,0,469,352,271,215
2026/01/26/21:08:38,3485.245484,0.760563,0.739414,0.760563,0.739414,30,18,21,17,0,0,0,0,469,352,271,215
2026/01/26/21:08:39,3486.245569,0.745375,0.725704,0.745375,0.725704,30,15,21,17,0,0,0,0,469,355,271,215
2026/01/26/21:08:40,3487.245743,0.745375,0.725704,0.745375,0.725704,30,15,21,17,0,0,0,0,469,355,271,215
2026/01/26/21:08:41,3488.245906,0.745375,0.725704,0.745375,0.725704,30,15,21,17,0,0,0,0,469,355,271,215
2026/01/26/21:08:42,3489.246016,0.745375,0.725704,0.745375,0.725704,30,15,21,17,0,0,0,0,469,355,271,215
2026/01/26/21:08:43,3490.246129,0.745375,0.725704,0.745375,0.725704,30,15,21,17,0,0,0,0,469,355,271,215
2026/01/26/21:08:44,3491.246291,0.846875,0.804886,0.884750,0.814597,33,20,23,19,0,0,0,2,469,355,271,215
2026/01/26/21:08:45,3492.246454,0.864500,0.818308,0.902375,0.828019,35,20,23,19,0,0,0,2,469,355,271,215
2026/01/26/21:08:46,3493.246557,0.808187,0.797251,0.808187,0.797251,35,17,22,18,0,0,0,0,469,358,272,216
2026/01/26/21:08:47,3494.246721,0.790562,0.783829,0.790562,0.783829,33,17,22,18,0,0,0,0,471,358,272,216
2026/01/26/21:08:48,3495.246853,0.772312,0.767177,0.772312,0.767177,32,15,22,18,0,0,0,0,472,360,272,216
2026/01/26/21:08:49,3496.247020,0.772312,0.767177,0.772312,0.767177,32,15,22,18,0,0,0,0,472,360,272,216
2026/01/26/21:08:50,3497.247124,0.758813,0.743829,0.758813,0.743829,30,15,22,18,0,0,0,0,474,360,272,216
2026/01/26/21:08:51,3498.247282,0.758813,0.743829,0.758813,0.743829,30,15,22,18,0,0,0,0,474,360,272,216
2026/01/26/21:08:52,3499.247398,0.754687,0.729930,0.754687,0.729930,30,15,22,17,0,0,0,0,474,360,272,217
2026/01/26/21:08:53,3500.247563,0.754687,0.729930,0.754687,0.729930,30,15,22,17,0,0,0,0,474,360,272,217
2026/01/26/21:08:54,3501.247730,0.754687,0.729930,0.754687,0.729930,30,15,22,17,0,0,0,0,474,360,272,217
2026/01/26/21:08:55,3502.247886,0.754687,0.729930,0.754687,0.729930,30,15,22,17,0,0,0,0,474,360,272,217
2026/01/26/21:08:56,3503.247976,0.754687,0.729930,0.754687,0.729930,30,15,22,17,0,0,0,0,474,360,272,217
2026/01/26/21:08:57,3504.248095,0.745375,0.725704,0.745375,0.725704,30,15,21,17,0,0,0,0,474,360,273,217
2026/01/26/21:08:58,3505.248196,0.745375,0.725704,0.745375,0.725704,30,15,21,17,0,0,0,0,474,360,273,217
2026/01/26/21:08:59,3506.248307,0.745375,0.725704,0.745375,0.725704,30,15,21,17,0,0,0,0,474,360,273,217
2026/01/26/21:09:00,3507.248417,0.745375,0.725704,0.745375,0.725704,30,15,21,17,0,0,0,0,474,360,273,217
2026/01/26/21:09:01,3508.248569,0.745375,0.725704,0.745375,0.725704,30,15,21,17,0,0,0,0,474,360,273,217
2026/01/26/21:09:02,3509.248741,0.745375,0.725704,0.745375,0.725704,30,15,21,17,0,0,0,0,474,360,273,217
2026/01/26/21:09:03,3510.248905,0.745375,0.725704,0.745375,0.725704,30,15,21,17,0,0,0,0,474,360,273,217
2026/01/26/21:09:04,3511.249068,0.745375,0.725704,0.745375,0.725704,30,15,21,17,0,0,0,0,474,360,273,217
2026/01/26/21:09:05,3512.249232,0.745375,0.725704,0.745375,0.725704,30,15,21,17,0,0,0,0,474,360,273,217
2026/01/26/21:09:06,3513.249336,0.745375,0.725704,0.745375,0.725704,30,15,21,17,0,0,0,0,474,360,273,217
2026/01/26/21:09:07,3514.249498,0.745375,0.725704,0.745375,0.725704,30,15,21,17,0,0,0,0,474,360,273,217
2026/01/26/21:09:08,3515.249659,0.735000,0.722333,0.735000,0.722333,30,15,21,16,0,0,0,0,474,360,273,218
2026/01/26/21:09:09,3516.249839,0.735000,0.722333,0.735000,0.722333,30,15,21,16,0,0,0,0,474,360,273,218
2026/01/26/21:09:10,3517.249929,0.735000,0.722333,0.735000,0.722333,30,15,21,16,0,0,0,0,474,360,273,218
2026/01/26/21:09:11,3518.250048,0.735000,0.722333,0.735000,0.722333,30,15,21,16,0,0,0,0,474,360,273,218
2026/01/26/21:09:12,3519.250164,0.735000,0.722333,0.735000,0.722333,30,15,21,16,0,0,0,0,474,360,273,218
2026/01/26/21:09:13,3520.250263,0.735000,0.722333,0.735000,0.722333,30,15,21,16,0,0,0,0,474,360,273,218
2026/01/26/21:09:14,3521.250350,0.735000,0.722333,0.735000,0.722333,30,15,21,16,0,0,0,0,474,360,273,218
2026/01/26/21:09:15,3522.250515,0.735000,0.722333,0.735000,0.722333,30,15,21,16,0,0,0,0,474,360,273,218
2026/01/26/21:09:16,3523.250696,0.735000,0.722333,0.735000,0.722333,30,15,21,16,0,0,0,0,474,360,273,218
2026/01/26/21:09:17,3524.250860,0.735000,0.722333,0.735000,0.722333,30,15,21,16,0,0,0,0,474,360,273,218
2026/01/26/21:09:18,3525.251126,0.735000,0.722333,0.735000,0.722333,30,15,21,16,0,0,0,0,474,360,273,218
2026/01/26/21:09:19,3526.251234,0.758188,0.749299,0.758188,0.749299,32,15,24,16,0,0,0,0,474,360,273,218
2026/01/26/21:09:20,3527.251401,0.758188,0.749299,0.758188,0.749299,32,15,24,16,0,0,0,0,474,360,273,218
2026/01/26/21:09:21,3528.251513,0.758188,0.749299,0.758188,0.749299,32,15,24,16,0,0,0,0,474,360,273,218
2026/01/26/21:09:22,3529.251674,0.758188,0.749299,0.758188,0.749299,32,15,24,16,0,0,0,0,474,360,273,218
2026/01/26/21:09:23,3530.251852,0.742062,0.740748,0.742062,0.740748,32,15,24,14,0,0,0,0,474,360,273,220
2026/01/26/21:09:24,3531.251967,0.742062,0.740748,0.742062,0.740748,32,15,24,14,0,0,0,0,474,360,273,220
2026/01/26/21:09:25,3532.252089,0.742062,0.740748,0.742062,0.740748,32,15,24,14,0,0,0,0,474,360,273,220
2026/01/26/21:09:26,3533.252202,0.742062,0.740748,0.742062,0.740748,32,15,24,14,0,0,0,0,474,360,273,220
2026/01/26/21:09:27,3534.252313,0.742062,0.740748,0.742062,0.740748,32,15,24,14,0,0,0,0,474,360,273,220
2026/01/26/21:09:28,3535.252477,0.742062,0.740748,0.742062,0.740748,32,15,24,14,0,0,0,0,474,360,273,220
2026/01/26/21:09:29,3536.252583,0.736000,0.736728,0.736000,0.736728,32,15,23,14,0,0,0,0,474,360,274,220
2026/01/26/21:09:30,3537.252743,0.736000,0.736728,0.736000,0.736728,32,15,23,14,0,0,0,0,474,360,274,220
2026/01/26/21:09:31,3538.252909,0.736000,0.736728,0.736000,0.736728,32,15,23,14,0,0,0,0,474,360,274,220
2026/01/26/21:09:32,3539.253022,0.736000,0.736728,0.736000,0.736728,32,15,23,14,0,0,0,0,474,360,274,220
2026/01/26/21:09:33,3540.253133,0.736000,0.736728,0.736000,0.736728,32,15,23,14,0,0,0,0,474,360,274,220
2026/01/26/21:09:34,3541.253238,0.736000,0.736728,0.736000,0.736728,32,15,23,14,0,0,0,0,474,360,274,220
2026/01/26/21:09:35,3542.253313,0.736000,0.736728,0.736000,0.736728,32,15,23,14,0,0,0,0,474,360,274,220
2026/01/26/21:09:36,3543.253425,0.736000,0.736728,0.736000,0.736728,32,15,23,14,0,0,0,0,474,360,274,220
2026/01/26/21:09:37,3544.253525,0.736000,0.736728,0.736000,0.736728,32,15,23,14,0,0,0,0,474,360,274,220
2026/01/26/21:09:38,3545.253633,0.736000,0.736728,0.736000,0.736728,32,15,23,14,0,0,0,0,474,360,274,220
2026/01/26/21:09:39,3546.253832,0.736000,0.736728,0.736000,0.736728,32,15,23,14,0,0,0,0,474,360,274,220
2026/01/26/21:09:40,3547.253926,0.736000,0.736728,0.736000,0.736728,32,15,23,14,0,0,0,0,474,360,274,220
2026/01/26/21:09:41,3548.254026,0.736000,0.736728,0.736000,0.736728,32,15,23,14,0,0,0,0,474,360,274,220
2026/01/26/21:09:42,3549.254123,0.736000,0.736728,0.736000,0.736728,32,15,23,14,0,0,0,0,474,360,274,220
2026/01/26/21:09:43,3550.254230,0.736000,0.736728,0.736000,0.736728,32,15,23,14,0,0,0,0,474,360,274,220
2026/01/26/21:09:44,3551.254359,0.736000,0.736728,0.736000,0.736728,32,15,23,14,0,0,0,0,474,360,274,220
2026/01/26/21:09:45,3552.254487,0.736000,0.736728,0.736000,0.736728,32,15,23,14,0,0,0,0,474,360,274,220
2026/01/26/21:09:46,3553.254589,0.736000,0.736728,0.736000,0.736728,32,15,23,14,0,0,0,0,474,360,274,220
2026/01/26/21:09:47,3554.254753,0.736000,0.736728,0.736000,0.736728,32,15,23,14,0,0,0,0,474,360,274,220
2026/01/26/21:09:48,3555.254877,0.736000,0.736728,0.736000,0.736728,32,15,23,14,0,0,0,0,474,360,274,220
2026/01/26/21:09:49,3556.255046,0.736000,0.736728,0.736000,0.736728,32,15,23,14,0,0,0,0,474,360,274,220
2026/01/26/21:09:50,3557.255214,0.736000,0.736728,0.736000,0.736728,32,15,23,14,0,0,0,0,474,360,274,220
2026/01/26/21:09:51,3558.255373,0.736000,0.736728,0.736000,0.736728,32,15,23,14,0,0,0,0,474,360,274,220
2026/01/26/21:09:52,3559.255529,0.736000,0.736728,0.736000,0.736728,32,15,23,14,0,0,0,0,474,360,274,220
2026/01/26/21:09:53,3560.255717,0.736000,0.736728,0.736000,0.736728,32,15,23,14,0,0,0,0,474,360,274,220
2026/01/26/21:09:54,3561.255883,0.736000,0.736728,0.736000,0.736728,32,15,23,14,0,0,0,0,474,360,274,220
2026/01/26/21:09:55,3562.255986,0.736000,0.736728,0.736000,0.736728,32,15,23,14,0,0,0,0,474,360,274,220
2026/01/26/21:09:56,3563.256148,0.736000,0.736728,0.736000,0.736728,32,15,23,14,0,0,0,0,474,360,274,220
2026/01/26/21:09:57,3564.256261,0.736000,0.736728,0.736000,0.736728,32,15,23,14,0,0,0,0,474,360,274,220
2026/01/26/21:09:58,3565.256424,0.736000,0.736728,0.736000,0.736728,32,15,23,14,0,0,0,0,474,360,274,220
2026/01/26/21:09:59,3566.256589,0.736000,0.736728,0.736000,0.736728,32,15,23,14,0,0,0,0,474,360,274,220
2026/01/26/21:10:00,3567.256696,0.736000,0.736728,0.736000,0.736728,32,15,23,14,0,0,0,0,474,360,274,220
2026/01/26/21:10:01,3568.256852,0.736000,0.736728,0.736000,0.736728,32,15,23,14,0,0,0,0,474,360,274,220
2026/01/26/21:10:02,3569.257006,0.736000,0.736728,0.736000,0.736728,32,15,23,14,0,0,0,0,474,360,274,220
2026/01/26/21:10:03,3570.257191,0.736000,0.736728,0.736000,0.736728,32,15,23,14,0,0,0,0,474,360,274,220
2026/01/26/21:10:04,3571.257297,0.736000,0.736728,0.736000,0.736728,32,15,23,14,0,0,0,0,474,360,274,220
2026/01/26/21:10:05,3572.257479,0.736000,0.736728,0.736000,0.736728,32,15,23,14,0,0,0,0,474,360,274,220
2026/01/26/21:10:06,3573.257584,0.736000,0.736728,0.736000,0.736728,32,15,23,14,0,0,0,0,474,360,274,220
2026/01/26/21:10:07,3574.257673,0.736000,0.736728,0.736000,0.736728,32,15,23,14,0,0,0,0,474,360,274,220
2026/01/26/21:10:08,3575.257855,0.736000,0.736728,0.736000,0.736728,32,15,23,14,0,0,0,0,474,360,274,220
2026/01/26/21:10:09,3576.257948,0.736000,0.736728,0.736000,0.736728,32,15,23,14,0,0,0,0,474,360,274,220
2026/01/26/21:10:10,3577.258115,0.736000,0.736728,0.736000,0.736728,32,15,23,14,0,0,0,0,474,360,274,220
2026/01/26/21:10:11,3578.258231,0.736000,0.736728,0.736000,0.736728,32,15,23,14,0,0,0,0,474,360,274,220
2026/01/26/21:10:12,3579.258335,0.736000,0.736728,0.736000,0.736728,32,15,23,14,0,0,0,0,474,360,274,220
2026/01/26/21:10:13,3580.258440,0.736000,0.736728,0.736000,0.736728,32,15,23,14,0,0,0,0,474,360,274,220
2026/01/26/21:10:14,3581.258605,0.736000,0.736728,0.736000,0.736728,32,15,23,14,0,0,0,0,474,360,274,220
2026/01/26/21:10:15,3582.258809,0.736000,0.736728,0.736000,0.736728,32,15,23,14,0,0,0,0,474,360,274,220
2026/01/26/21:10:16,3583.258868,0.736000,0.736728,0.736000,0.736728,32,15,23,14,0,0,0,0,474,360,274,220
2026/01/26/21:10:17,3584.258988,0.736000,0.736728,0.736000,0.736728,32,15,23,14,0,0,0,0,474,360,274,220
2026/01/26/21:10:18,3585.259143,0.736000,0.736728,0.736000,0.736728,32,15,23,14,0,0,0,0,474,360,274,220
2026/01/26/21:10:19,3586.259309,0.736000,0.736728,0.736000,0.736728,32,15,23,14,0,0,0,0,474,360,274,220
2026/01/26/21:10:20,3587.259490,0.736000,0.736728,0.736000,0.736728,32,15,23,14,0,0,0,0,474,360,274,220
2026/01/26/21:10:21,3588.259670,0.736000,0.736728,0.736000,0.736728,32,15,23,14,0,0,0,0,474,360,274,220
2026/01/26/21:10:22,3589.259850,0.736000,0.736728,0.736000,0.736728,32,15,23,14,0,0,0,0,474,360,274,220
2026/01/26/21:10:23,3590.259965,0.742625,0.752065,0.742625,0.752065,32,17,23,14,0,0,0,0,474,360,274,220
2026/01/26/21:10:24,3591.260091,0.795875,0.777838,0.795875,0.777838,34,20,23,14,0,0,0,0,474,360,274,220
2026/01/26/21:10:25,3592.260196,0.772125,0.760311,0.772125,0.760311,36,18,24,14,0,0,0,0,474,362,274,220
2026/01/26/21:10:26,3593.260300,0.772125,0.760311,0.772125,0.760311,36,18,24,14,0,0,0,0,474,362,274,220
2026/01/26/21:10:27,3594.260449,0.806187,0.768809,0.806187,0.768809,36,18,26,14,0,0,0,0,474,362,274,220
2026/01/26/21:10:28,3595.260567,0.812500,0.773461,0.812500,0.773461,36,18,25,17,0,0,0,0,474,362,275,220
2026/01/26/21:10:29,3596.260730,0.812500,0.773461,0.812500,0.773461,36,18,25,17,0,0,0,0,474,362,275,220
2026/01/26/21:10:30,3597.260913,0.782250,0.770290,0.782250,0.770290,36,18,24,17,0,0,0,0,474,362,276,220
2026/01/26/21:10:31,3598.261075,0.779062,0.766846,0.779062,0.766846,35,18,24,17,0,0,0,0,475,362,276,220
2026/01/26/21:10:32,3599.261161,0.772437,0.751510,0.772437,0.751510,35,16,24,17,0,0,0,0,475,364,276,220
2026/01/26/21:10:33,3600.261328,0.772437,0.751510,0.772437,0.751510,35,16,24,17,0,0,0,0,475,364,276,220
2026/01/26/21:10:34,3601.261444,0.772437,0.751510,0.772437,0.751510,35,16,24,17,0,0,0,0,475,364,276,220
2026/01/26/21:10:35,3602.261549,0.768625,0.746182,0.768625,0.746182,35,16,23,17,0,0,0,0,475,364,277,220
2026/01/26/21:10:36,3603.261657,0.768625,0.746182,0.768625,0.746182,35,16,23,17,0,0,0,0,475,364,277,220
2026/01/26/21:10:37,3604.261757,0.756125,0.739375,0.756125,0.739375,33,16,23,17,0,0,0,0,477,364,277,220
2026/01/26/21:10:38,3605.261921,0.740625,0.731722,0.740625,0.731722,33,15,23,17,0,0,0,0,477,365,277,220
2026/01/26/21:10:39,3606.262043,0.708375,0.695552,0.708375,0.695552,31,15,23,17,0,0,0,0,479,365,277,220
2026/01/26/21:10:40,3607.262210,0.708375,0.695552,0.708375,0.695552,31,15,23,17,0,0,0,0,479,365,277,220
2026/01/26/21:10:41,3608.262372,0.708375,0.695552,0.708375,0.695552,31,15,23,17,0,0,0,0,479,365,277,220
2026/01/26/21:10:42,3609.262546,0.708375,0.695552,0.708375,0.695552,31,15,23,17,0,0,0,0,479,365,277,220
2026/01/26/21:10:43,3610.262657,0.708375,0.695552,0.708375,0.695552,31,15,23,17,0,0,0,0,479,365,277,220
2026/01/26/21:10:44,3611.262854,0.708375,0.695552,0.708375,0.695552,31,15,23,17,0,0,0,0,479,365,277,220
2026/01/26/21:10:45,3612.263007,0.708375,0.695552,0.708375,0.695552,31,15,23,17,0,0,0,0,479,365,277,220
2026/01/26/21:10:46,3613.263177,0.708375,0.695552,0.708375,0.695552,31,15,23,17,0,0,0,0,479,365,277,220
2026/01/26/21:10:47,3614.263341,0.708375,0.695552,0.708375,0.695552,31,15,23,17,0,0,0,0,479,365,277,220
2026/01/26/21:10:48,3615.263508,0.708375,0.695552,0.708375,0.695552,31,15,23,17,0,0,0,0,479,365,277,220
2026/01/26/21:10:49,3616.263674,0.708375,0.695552,0.708375,0.695552,31,15,23,17,0,0,0,0,479,365,277,220
2026/01/26/21:10:50,3617.263865,0.708375,0.695552,0.708375,0.695552,31,15,23,17,0,0,0,0,479,365,277,220
2026/01/26/21:10:51,3618.264025,0.708375,0.695552,0.708375,0.695552,31,15,23,17,0,0,0,0,479,365,277,220
2026/01/26/21:10:52,3619.264121,0.708375,0.695552,0.708375,0.695552,31,15,23,17,0,0,0,0,479,365,277,220
2026/01/26/21:10:53,3620.264241,0.708375,0.695552,0.708375,0.695552,31,15,23,17,0,0,0,0,479,365,277,220
2026/01/26/21:10:54,3621.264408,0.708375,0.695552,0.708375,0.695552,31,15,23,17,0,0,0,0,479,365,277,220
2026/01/26/21:10:55,3622.264510,0.708375,0.695552,0.708375,0.695552,31,15,23,17,0,0,0,0,479,365,277,220
2026/01/26/21:10:56,3623.264670,0.708375,0.695552,0.708375,0.695552,31,15,23,17,0,0,0,0,479,365,277,220
2026/01/26/21:10:57,3624.264854,0.708375,0.695552,0.708375,0.695552,31,15,23,17,0,0,0,0,479,365,277,220
2026/01/26/21:10:58,3625.265019,0.708375,0.695552,0.708375,0.695552,31,15,23,17,0,0,0,0,479,365,277,220
2026/01/26/21:10:59,3626.265132,0.708375,0.695552,0.708375,0.695552,31,15,23,17,0,0,0,0,479,365,277,220
2026/01/26/21:11:00,3627.265288,0.708375,0.695552,0.708375,0.695552,31,15,23,17,0,0,0,0,479,365,277,220
2026/01/26/21:11:01,3628.265447,0.708375,0.695552,0.708375,0.695552,31,15,23,17,0,0,0,0,479,365,277,220
2026/01/26/21:11:02,3629.265625,0.708375,0.695552,0.708375,0.695552,31,15,23,17,0,0,0,0,479,365,277,220
2026/01/26/21:11:03,3630.265740,0.708375,0.695552,0.708375,0.695552,31,15,23,17,0,0,0,0,479,365,277,220
2026/01/26/21:11:04,3631.265901,0.708375,0.695552,0.708375,0.695552,31,15,23,17,0,0,0,0,479,365,277,220
2026/01/26/21:11:05,3632.266005,0.708375,0.695552,0.708375,0.695552,31,15,23,17,0,0,0,0,479,365,277,220
2026/01/26/21:11:06,3633.266168,0.708375,0.695552,0.708375,0.695552,31,15,23,17,0,0,0,0,479,365,277,220
2026/01/26/21:11:07,3634.266344,0.708375,0.695552,0.708375,0.695552,31,15,23,17,0,0,0,0,479,365,277,220
2026/01/26/21:11:08,3635.266448,0.708375,0.695552,0.708375,0.695552,31,15,23,17,0,0,0,0,479,365,277,220
2026/01/26/21:11:09,3636.266611,0.708375,0.695552,0.708375,0.695552,31,15,23,17,0,0,0,0,479,365,277,220
2026/01/26/21:11:10,3637.266719,0.708375,0.695552,0.708375,0.695552,31,15,23,17,0,0,0,0,479,365,277,220
2026/01/26/21:11:11,3638.266882,0.708375,0.695552,0.708375,0.695552,31,15,23,17,0,0,0,0,479,365,277,220
2026/01/26/21:11:12,3639.267045,0.708375,0.695552,0.708375,0.695552,31,15,23,17,0,0,0,0,479,365,277,220
2026/01/26/21:11:13,3640.267159,0.708375,0.695552,0.708375,0.695552,31,15,23,17,0,0,0,0,479,365,277,220
2026/01/26/21:11:14,3641.267252,0.708375,0.695552,0.708375,0.695552,31,15,23,17,0,0,0,0,479,365,277,220
2026/01/26/21:11:15,3642.267428,0.759813,0.714811,0.759813,0.714811,35,15,23,17,0,0,0,0,479,365,277,220
2026/01/26/21:11:16,3643.267538,0.759813,0.714811,0.759813,0.714811,35,15,23,17,0,0,0,0,479,365,277,220
2026/01/26/21:11:17,3644.267704,0.731812,0.713898,0.731812,0.713898,32,15,23,19,0,0,0,0,482,365,277,220
2026/01/26/21:11:18,3645.267808,0.720125,0.704318,0.720125,0.704318,31,15,23,19,0,0,0,0,483,365,277,220
2026/01/26/21:11:19,3646.267855,0.720125,0.704318,0.720125,0.704318,31,15,23,19,0,0,0,0,483,365,277,220
2026/01/26/21:11:20,3647.268018,0.720125,0.704318,0.720125,0.704318,31,15,23,19,0,0,0,0,483,365,277,220
2026/01/26/21:11:21,3648.268138,0.720125,0.704318,0.727875,0.727732,31,15,23,19,0,0,2,0,483,365,277,220
2026/01/26/21:11:22,3649.268296,0.750625,0.768043,0.750625,0.768043,31,19,27,19,0,0,0,0,483,365,277,220
2026/01/26/21:11:23,3650.268402,0.750625,0.768043,0.750625,0.768043,31,19,27,19,0,0,0,0,483,365,277,220
2026/01/26/21:11:24,3651.268561,0.740313,0.754919,0.740313,0.754919,31,16,27,19,0,0,0,0,483,368,277,220
2026/01/26/21:11:25,3652.268674,0.740313,0.754919,0.740313,0.754919,31,16,27,19,0,0,0,0,483,368,277,220
2026/01/26/21:11:26,3653.268792,0.740313,0.754919,0.740313,0.754919,31,16,27,19,0,0,0,0,483,368,277,220
2026/01/26/21:11:27,3654.268891,0.740313,0.754919,0.740313,0.754919,31,16,27,19,0,0,0,0,483,368,277,220
2026/01/26/21:11:28,3655.269054,0.740313,0.754919,0.740313,0.754919,31,16,27,19,0,0,0,0,483,368,277,220
2026/01/26/21:11:29,3656.269223,0.740313,0.754919,0.740313,0.754919,31,16,27,19,0,0,0,0,483,368,277,220
2026/01/26/21:11:30,3657.269324,0.740313,0.754919,0.740313,0.754919,31,16,27,19,0,0,0,0,483,368,277,220
2026/01/26/21:11:31,3658.269481,0.740313,0.754919,0.740313,0.754919,31,16,27,19,0,0,0,0,483,368,277,220
2026/01/26/21:11:32,3659.269647,0.740313,0.754919,0.740313,0.754919,31,16,27,19,0,0,0,0,483,368,277,220
2026/01/26/21:11:33,3660.269732,0.740313,0.754919,0.740313,0.754919,31,16,27,19,0,0,0,0,483,368,277,220
2026/01/26/21:11:34,3661.269868,0.740313,0.754919,0.740313,0.754919,31,16,27,19,0,0,0,0,483,368,277,220
2026/01/26/21:11:35,3662.269951,0.733437,0.714871,0.733437,0.714871,31,16,25,19,0,0,0,0,483,368,279,220
2026/01/26/21:11:36,3663.270095,0.733437,0.714871,0.733437,0.714871,31,16,25,19,0,0,0,0,483,368,279,220
2026/01/26/21:11:37,3664.270246,0.733437,0.714871,0.733437,0.714871,31,16,25,19,0,0,0,0,483,368,279,220
2026/01/26/21:11:38,3665.270365,0.733437,0.714871,0.733437,0.714871,31,16,25,19,0,0,0,0,483,368,279,220
2026/01/26/21:11:39,3666.270485,0.733437,0.714871,0.733437,0.714871,31,16,25,19,0,0,0,0,483,368,279,220
2026/01/26/21:11:40,3667.270577,0.708187,0.703558,0.708187,0.703558,31,14,25,19,0,0,0,0,483,370,279,220
2026/01/26/21:11:41,3668.270746,0.708187,0.703558,0.708187,0.703558,31,14,25,19,0,0,0,0,483,370,279,220
2026/01/26/21:11:42,3669.270859,0.708187,0.703558,0.708187,0.703558,31,14,25,19,0,0,0,0,483,370,279,220
2026/01/26/21:11:43,3670.271048,0.708187,0.703558,0.708187,0.703558,31,14,25,19,0,0,0,0,483,370,279,220
2026/01/26/21:11:44,3671.271103,0.708187,0.703558,0.708187,0.703558,31,14,25,19,0,0,0,0,483,370,279,220
2026/01/26/21:11:45,3672.271266,0.698250,0.693683,0.698250,0.693683,31,14,25,16,0,0,0,0,483,370,279,223
2026/01/26/21:11:46,3673.271379,0.698250,0.693683,0.698250,0.693683,31,14,25,16,0,0,0,0,483,370,279,223
2026/01/26/21:11:47,3674.271489,0.698250,0.693683,0.698250,0.693683,31,14,25,16,0,0,0,0,483,370,279,223
2026/01/26/21:11:48,3675.271603,0.698250,0.693683,0.698250,0.693683,31,14,25,16,0,0,0,0,483,370,279,223
2026/01/26/21:11:49,3676.271796,0.698250,0.693683,0.698250,0.693683,31,14,25,16,0,0,0,0,483,370,279,223
2026/01/26/21:11:50,3677.271955,0.698250,0.693683,0.698250,0.693683,31,14,25,16,0,0,0,0,483,370,279,223
2026/01/26/21:11:51,3678.272117,0.698250,0.693683,0.698250,0.693683,31,14,25,16,0,0,0,0,483,370,279,223
2026/01/26/21:11:52,3679.272229,0.698250,0.693683,0.698250,0.693683,31,14,25,16,0,0,0,0,483,370,279,223
2026/01/26/21:11:53,3680.272397,0.698250,0.693683,0.698250,0.693683,31,14,25,16,0,0,0,0,483,370,279,223
2026/01/26/21:11:54,3681.272548,0.698250,0.693683,0.698250,0.693683,31,14,25,16,0,0,0,0,483,370,279,223
2026/01/26/21:11:55,3682.272661,0.698250,0.693683,0.698250,0.693683,31,14,25,16,0,0,0,0,483,370,279,223
2026/01/26/21:11:56,3683.272871,0.698250,0.693683,0.698250,0.693683,31,14,25,16,0,0,0,0,483,370,279,223
2026/01/26/21:11:57,3684.272969,0.698250,0.693683,0.698250,0.693683,31,14,25,16,0,0,0,0,483,370,279,223
2026/01/26/21:11:58,3685.273082,0.698250,0.693683,0.698250,0.693683,31,14,25,16,0,0,0,0,483,370,279,223
2026/01/26/21:11:59,3686.273185,0.698250,0.693683,0.698250,0.693683,31,14,25,16,0,0,0,0,483,370,279,223
2026/01/26/21:12:00,3687.273289,0.686500,0.684917,0.686500,0.684917,31,14,25,14,0,0,0,0,483,370,279,225
2026/01/26/21:12:01,3688.273464,0.686500,0.684917,0.686500,0.684917,31,14,25,14,0,0,0,0,483,370,279,225
2026/01/26/21:12:02,3689.273562,0.686500,0.684917,0.686500,0.684917,31,14,25,14,0,0,0,0,483,370,279,225
2026/01/26/21:12:03,3690.273665,0.681813,0.681144,0.681813,0.681144,31,13,25,14,0,0,0,0,483,371,279,225
2026/01/26/21:12:04,3691.273812,0.681813,0.681144,0.681813,0.681144,31,13,25,14,0,0,0,0,483,371,279,225
2026/01/26/21:12:05,3692.273989,0.681813,0.681144,0.681813,0.681144,31,13,25,14,0,0,0,0,483,371,279,225
2026/01/26/21:12:06,3693.274154,0.681813,0.681144,0.681813,0.681144,31,13,25,14,0,0,0,0,483,371,279,225
2026/01/26/21:12:07,3694.274264,0.681813,0.681144,0.681813,0.681144,31,13,25,14,0,0,0,0,483,371,279,225
2026/01/26/21:12:08,3695.274336,0.681813,0.681144,0.681813,0.681144,31,13,25,14,0,0,0,0,483,371,279,225
2026/01/26/21:12:09,3696.274534,0.681813,0.681144,0.681813,0.681144,31,13,25,14,0,0,0,0,483,371,279,225
2026/01/26/21:12:10,3697.274698,0.776250,0.731839,0.817875,0.739117,38,13,27,14,2,0,0,0,483,371,279,225
2026/01/26/21:12:11,3698.274881,0.776250,0.731839,0.817875,0.739117,38,13,27,14,2,0,0,0,483,371,279,225
2026/01/26/21:12:12,3699.274970,0.813875,0.776833,0.855500,0.784111,38,14,31,14,2,0,0,0,483,371,279,225
2026/01/26/21:12:13,3700.275100,0.813875,0.776833,0.855500,0.784111,38,14,31,14,2,0,0,0,483,371,279,225
2026/01/26/21:12:14,3701.275190,0.755437,0.728200,0.755437,0.728200,37,13,27,14,0,0,0,0,484,372,283,225
2026/01/26/21:12:15,3702.275365,0.732750,0.713547,0.732750,0.713547,34,13,27,14,0,0,0,0,487,372,283,225
2026/01/26/21:12:16,3703.275468,0.732750,0.713547,0.732750,0.713547,34,13,27,14,0,0,0,0,487,372,283,225
2026/01/26/21:12:17,3704.275549,0.742125,0.728747,0.742125,0.728747,34,14,27,15,0,0,0,0,487,372,283,225
2026/01/26/21:12:18,3705.275665,0.834375,0.845081,0.834375,0.845081,39,15,29,15,0,0,0,0,487,372,283,225
2026/01/26/21:12:19,3706.275836,0.834375,0.845081,0.834375,0.845081,39,15,29,15,0,0,0,0,487,372,283,225
2026/01/26/21:12:20,3707.275943,0.785625,0.785494,0.785625,0.785494,36,15,29,14,0,0,0,0,490,372,283,226
2026/01/26/21:12:21,3708.276064,0.785625,0.785494,0.785625,0.785494,36,15,29,14,0,0,0,0,490,372,283,226
2026/01/26/21:12:22,3709.276164,0.785625,0.785494,0.785625,0.785494,36,15,29,14,0,0,0,0,490,372,283,226
2026/01/26/21:12:23,3710.276244,0.785625,0.785494,0.785625,0.785494,36,15,29,14,0,0,0,0,490,372,283,226
2026/01/26/21:12:24,3711.276416,0.781813,0.779122,0.781813,0.779122,35,15,29,14,0,0,0,0,491,372,283,226
2026/01/26/21:12:25,3712.276585,0.726500,0.720115,0.726500,0.720115,32,15,27,14,0,0,0,0,494,372,285,226
2026/01/26/21:12:26,3713.276748,0.726500,0.720115,0.726500,0.720115,32,15,27,14,0,0,0,0,494,372,285,226
2026/01/26/21:12:27,3714.276860,0.722938,0.708108,0.722938,0.708108,32,14,27,14,0,0,0,0,494,373,285,226
2026/01/26/21:12:28,3715.276972,0.722938,0.708108,0.722938,0.708108,32,14,27,14,0,0,0,0,494,373,285,226
2026/01/26/21:12:29,3716.277081,0.722938,0.708108,0.722938,0.708108,32,14,27,14,0,0,0,0,494,373,285,226
2026/01/26/21:12:30,3717.277193,0.722938,0.708108,0.722938,0.708108,32,14,27,14,0,0,0,0,494,373,285,226
2026/01/26/21:12:31,3718.277320,0.722938,0.708108,0.722938,0.708108,32,14,27,14,0,0,0,0,494,373,285,226
2026/01/26/21:12:32,3719.277422,0.722938,0.708108,0.722938,0.708108,32,14,27,14,0,0,0,0,494,373,285,226
2026/01/26/21:12:33,3720.277519,0.696625,0.695449,0.696625,0.695449,29,14,27,14,0,0,0,0,497,373,285,226
2026/01/26/21:12:34,3721.277685,0.696625,0.695449,0.696625,0.695449,29,14,27,14,0,0,0,0,497,373,285,226
2026/01/26/21:12:35,3722.277835,0.696625,0.695449,0.696625,0.695449,29,14,27,14,0,0,0,0,497,373,285,226
2026/01/26/21:12:36,3723.277962,0.696625,0.695449,0.696625,0.695449,29,14,27,14,0,0,0,0,497,373,285,226
2026/01/26/21:12:37,3724.278085,0.696625,0.695449,0.696625,0.695449,29,14,27,14,0,0,0,0,497,373,285,226
2026/01/26/21:12:38,3725.278188,0.696625,0.695449,0.696625,0.695449,29,14,27,14,0,0,0,0,497,373,285,226
2026/01/26/21:12:39,3726.278302,0.696625,0.695449,0.696625,0.695449,29,14,27,14,0,0,0,0,497,373,285,226
2026/01/26/21:12:40,3727.278416,0.696625,0.695449,0.696625,0.695449,29,14,27,14,0,0,0,0,497,373,285,226
2026/01/26/21:12:41,3728.278531,0.677750,0.678373,0.677750,0.678373,29,14,25,14,0,0,0,0,497,373,287,226
2026/01/26/21:12:42,3729.278702,0.677750,0.678373,0.677750,0.678373,29,14,25,14,0,0,0,0,497,373,287,226
2026/01/26/21:12:43,3730.278868,0.677750,0.678373,0.677750,0.678373,29,14,25,14,0,0,0,0,497,373,287,226
2026/01/26/21:12:44,3731.279034,0.677750,0.678373,0.677750,0.678373,29,14,25,14,0,0,0,0,497,373,287,226
2026/01/26/21:12:45,3732.279148,0.674188,0.674195,0.674188,0.674195,29,13,25,14,0,0,0,0,497,374,287,226
2026/01/26/21:12:46,3733.279307,0.674188,0.674195,0.674188,0.674195,29,13,25,14,0,0,0,0,497,374,287,226
2026/01/26/21:12:47,3734.279473,0.674188,0.674195,0.674188,0.674195,29,13,25,14,0,0,0,0,497,374,287,226
2026/01/26/21:12:48,3735.279638,0.674188,0.674195,0.674188,0.674195,29,13,25,14,0,0,0,0,497,374,287,226
2026/01/26/21:12:49,3736.279750,0.674188,0.674195,0.674188,0.674195,29,13,25,14,0,0,0,0,497,374,287,226
2026/01/26/21:12:50,3737.279917,0.674188,0.674195,0.674188,0.674195,29,13,25,14,0,0,0,0,497,374,287,226
2026/01/26/21:12:51,3738.280082,0.674188,0.674195,0.674188,0.674195,29,13,25,14,0,0,0,0,497,374,287,226
2026/01/26/21:12:52,3739.280248,0.674188,0.674195,0.674188,0.674195,29,13,25,14,0,0,0,0,497,374,287,226
2026/01/26/21:12:53,3740.280337,0.674188,0.674195,0.674188,0.674195,29,13,25,14,0,0,0,0,497,374,287,226
2026/01/26/21:12:54,3741.280457,0.674188,0.674195,0.674188,0.674195,29,13,25,14,0,0,0,0,497,374,287,226
2026/01/26/21:12:55,3742.280657,0.674188,0.674195,0.674188,0.674195,29,13,25,14,0,0,0,0,497,374,287,226
2026/01/26/21:12:56,3743.280796,0.674188,0.674195,0.674188,0.674195,29,13,25,14,0,0,0,0,497,374,287,226
2026/01/26/21:12:57,3744.280953,0.674188,0.674195,0.674188,0.674195,29,13,25,14,0,0,0,0,497,374,287,226
2026/01/26/21:12:58,3745.281070,0.674188,0.674195,0.674188,0.674195,29,13,25,14,0,0,0,0,497,374,287,226
2026/01/26/21:12:59,3746.281234,0.674188,0.674195,0.674188,0.674195,29,13,25,14,0,0,0,0,497,374,287,226
2026/01/26/21:13:00,3747.281398,0.674188,0.674195,0.674188,0.674195,29,13,25,14,0,0,0,0,497,374,287,226
2026/01/26/21:13:01,3748.281509,0.674188,0.674195,0.674188,0.674195,29,13,25,14,0,0,0,0,497,374,287,226
2026/01/26/21:13:02,3749.281699,0.789937,0.767997,0.819438,0.774760,34,14,28,19,1,0,0,0,497,374,287,226
2026/01/26/21:13:03,3750.281845,0.789937,0.767997,0.819438,0.774760,34,14,28,19,1,0,0,0,497,374,287,226
2026/01/26/21:13:04,3751.281966,0.820750,0.769511,0.850250,0.776275,34,17,28,17,1,0,0,0,497,374,287,228
2026/01/26/21:13:05,3752.282069,0.820750,0.769511,0.850250,0.776275,34,17,28,17,1,0,0,0,497,374,287,228
2026/01/26/21:13:06,3753.282233,0.820750,0.769511,0.850250,0.776275,34,17,28,17,1,0,0,0,497,374,287,228
2026/01/26/21:13:07,3754.282327,0.820750,0.769511,0.850250,0.776275,34,17,28,17,1,0,0,0,497,374,287,228
2026/01/26/21:13:08,3755.282435,0.813937,0.766247,0.843437,0.773011,34,16,28,17,1,0,0,0,497,375,287,228
2026/01/26/21:13:09,3756.282611,0.813937,0.766247,0.843437,0.773011,34,16,28,17,1,0,0,0,497,375,287,228
2026/01/26/21:13:10,3757.282697,0.813937,0.766247,0.843437,0.773011,34,16,28,17,1,0,0,0,497,375,287,228
2026/01/26/21:13:11,3758.282865,0.808625,0.758461,0.838125,0.765225,34,16,27,17,1,0,0,0,497,375,290,228
2026/01/26/21:13:12,3759.283025,0.877250,0.803828,0.932000,0.814687,36,19,32,18,2,0,0,0,497,375,290,228
2026/01/26/21:13:13,3760.283127,0.881938,0.815317,0.984688,0.839309,36,19,32,19,2,2,0,0,497,375,290,228
2026/01/26/21:13:14,3761.283298,0.864563,0.799666,0.912563,0.812799,36,16,32,19,0,2,0,0,498,378,290,228
2026/01/26/21:13:15,3762.283372,0.849625,0.784401,0.849625,0.784401,36,15,27,19,0,0,0,0,498,381,295,228
2026/01/26/21:13:16,3763.283551,0.849625,0.784401,0.849625,0.784401,36,15,27,19,0,0,0,0,498,381,295,228
2026/01/26/21:13:17,3764.283651,0.824250,0.768561,0.824250,0.768561,36,15,25,18,0,0,0,0,498,381,297,229
2026/01/26/21:13:18,3765.283831,0.776250,0.755428,0.776250,0.755428,36,13,25,18,0,0,0,0,498,383,297,229
2026/01/26/21:13:19,3766.284004,0.776250,0.755428,0.776250,0.755428,36,13,25,18,0,0,0,0,498,383,297,229
2026/01/26/21:13:20,3767.284111,0.776250,0.755428,0.776250,0.755428,36,13,25,18,0,0,0,0,498,383,297,229
2026/01/26/21:13:21,3768.284281,0.776250,0.755428,0.776250,0.755428,36,13,25,18,0,0,0,0,498,383,297,229
2026/01/26/21:13:22,3769.284388,0.776250,0.755428,0.776250,0.755428,36,13,25,18,0,0,0,0,498,383,297,229
2026/01/26/21:13:23,3770.284554,0.776250,0.755428,0.776250,0.755428,36,13,25,18,0,0,0,0,498,383,297,229
2026/01/26/21:13:24,3771.284719,0.776250,0.755428,0.776250,0.755428,36,13,25,18,0,0,0,0,498,383,297,229
2026/01/26/21:13:25,3772.284856,0.776250,0.755428,0.776250,0.755428,36,13,25,18,0,0,0,0,498,383,297,229
2026/01/26/21:13:26,3773.284970,0.776250,0.755428,0.776250,0.755428,36,13,25,18,0,0,0,0,498,383,297,229
2026/01/26/21:13:27,3774.285114,0.776250,0.755428,0.776250,0.755428,36,13,25,18,0,0,0,0,498,383,297,229
2026/01/26/21:13:28,3775.285229,0.800875,0.800298,0.800875,0.800298,38,13,29,19,0,0,0,0,499,383,297,229
2026/01/26/21:13:29,3776.285377,0.836812,0.869656,0.836812,0.869656,43,13,30,20,0,0,0,0,499,383,297,229
2026/01/26/21:13:30,3777.285542,0.867375,0.898355,0.867375,0.898355,42,14,31,24,0,0,0,0,500,383,297,229
2026/01/26/21:13:31,3778.285632,0.871000,0.903489,0.871000,0.903489,42,14,31,25,0,0,0,0,500,383,297,229
2026/01/26/21:13:32,3779.285826,0.848313,0.865509,0.848313,0.865509,37,14,30,25,0,0,0,0,505,383,298,229
2026/01/26/21:13:33,3780.285990,0.808813,0.816597,0.808813,0.816597,33,14,29,25,0,0,0,0,509,383,299,229
2026/01/26/21:13:34,3781.286159,0.808813,0.816597,0.808813,0.816597,33,14,29,25,0,0,0,0,509,383,299,229
2026/01/26/21:13:35,3782.286257,0.804562,0.811579,0.804562,0.811579,33,14,29,24,0,0,0,0,509,383,299,230
2026/01/26/21:13:36,3783.286422,0.804562,0.811579,0.804562,0.811579,33,14,29,24,0,0,0,0,509,383,299,230
2026/01/26/21:13:37,3784.286501,0.850313,0.822242,0.866750,0.825718,33,16,32,24,0,1,0,0,509,383,300,230
2026/01/26/21:13:38,3785.286670,0.850313,0.822242,0.878000,0.887892,33,16,32,24,0,3,0,0,509,383,300,230
2026/01/26/21:13:39,3786.286839,0.808750,0.799176,0.820000,0.861349,33,14,32,22,0,2,0,0,509,385,300,232
2026/01/26/21:13:40,3787.287007,0.808750,0.799176,0.820000,0.861349,33,14,32,22,0,2,0,0,509,385,300,232
2026/01/26/21:13:41,3788.287123,0.814187,0.838483,0.825438,0.900657,36,14,32,20,0,2,0,0,509,385,300,234
2026/01/26/21:13:42,3789.287232,0.813250,0.831811,0.824500,0.893984,36,15,32,18,0,2,0,0,509,385,300,236
2026/01/26/21:13:43,3790.287318,0.802625,0.825312,0.813875,0.887485,36,15,30,18,0,2,0,0,509,385,302,236
2026/01/26/21:13:44,3791.287443,0.786312,0.795597,0.797562,0.857770,36,15,30,15,0,2,0,0,509,385,302,239
2026/01/26/21:13:45,3792.287538,0.780000,0.792001,0.791250,0.854175,36,14,30,15,0,2,0,0,509,386,302,239
2026/01/26/21:13:46,3793.287649,0.792312,0.801821,0.803562,0.863994,36,14,31,15,0,2,0,0,509,386,302,239
2026/01/26/21:13:47,3794.287755,0.792312,0.801821,0.803562,0.863994,36,14,31,15,0,2,0,0,509,386,302,239
2026/01/26/21:13:48,3795.287857,0.792312,0.801821,0.803562,0.863994,36,14,31,15,0,2,0,0,509,386,302,239
2026/01/26/21:13:49,3796.288014,0.792312,0.801821,0.803562,0.863994,36,14,31,15,0,2,0,0,509,386,302,239
2026/01/26/21:13:50,3797.288179,0.808312,0.826974,0.819562,0.889148,36,16,31,15,0,2,0,0,509,386,302,239
2026/01/26/21:13:51,3798.288287,0.796000,0.817155,0.807250,0.879328,36,16,30,15,0,2,0,0,509,386,303,239
2026/01/26/21:13:52,3799.288366,0.811750,0.832274,0.823000,0.894447,36,16,33,15,0,2,0,0,509,386,303,239
2026/01/26/21:13:53,3800.288551,0.847750,0.860220,0.859000,0.922393,39,16,33,18,0,2,0,0,509,386,303,239
2026/01/26/21:13:54,3801.288626,0.825812,0.845792,0.831438,0.876879,39,16,30,18,0,1,0,0,509,386,306,239
2026/01/26/21:13:55,3802.288737,0.810063,0.830673,0.810063,0.830673,39,16,27,18,0,0,0,0,509,386,309,239
2026/01/26/21:13:56,3803.288861,0.810063,0.830673,0.810063,0.830673,39,16,27,18,0,0,0,0,509,386,309,239
2026/01/26/21:13:57,3804.289023,0.789250,0.812138,0.789250,0.812138,39,16,27,15,0,0,0,0,509,386,309,242
2026/01/26/21:13:58,3805.289186,0.789250,0.812138,0.789250,0.812138,39,16,27,15,0,0,0,0,509,386,309,242
2026/01/26/21:13:59,3806.289349,0.789250,0.812138,0.789250,0.812138,39,16,27,15,0,0,0,0,509,386,309,242
2026/01/26/21:14:00,3807.289558,0.789250,0.812138,0.789250,0.812138,39,16,27,15,0,0,0,0,509,386,309,242
2026/01/26/21:14:01,3808.289742,0.789250,0.812138,0.789250,0.812138,39,16,27,15,0,0,0,0,509,386,309,242
2026/01/26/21:14:02,3809.289899,0.789250,0.812138,0.789250,0.812138,39,16,27,15,0,0,0,0,509,386,309,242
2026/01/26/21:14:03,3810.290013,0.789250,0.812138,0.789250,0.812138,39,16,27,15,0,0,0,0,509,386,309,242
2026/01/26/21:14:04,3811.290178,0.789250,0.812138,0.789250,0.812138,39,16,27,15,0,0,0,0,509,386,309,242
2026/01/26/21:14:05,3812.290284,0.789250,0.812138,0.789250,0.812138,39,16,27,15,0,0,0,0,509,386,309,242
2026/01/26/21:14:06,3813.290495,0.774062,0.802727,0.774062,0.802727,36,16,27,15,0,0,0,0,512,386,309,242
2026/01/26/21:14:07,3814.290655,0.774062,0.802727,0.774062,0.802727,36,16,27,15,0,0,0,0,512,386,309,242
2026/01/26/21:14:08,3815.290839,0.774062,0.802727,0.774062,0.802727,36,16,27,15,0,0,0,0,512,386,309,242
2026/01/26/21:14:09,3816.290996,0.774062,0.802727,0.774062,0.802727,36,16,27,15,0,0,0,0,512,386,309,242
2026/01/26/21:14:10,3817.291117,0.767813,0.793763,0.767813,0.793763,36,16,25,15,0,0,0,0,512,386,311,242
2026/01/26/21:14:11,3818.291224,0.767813,0.793763,0.767813,0.793763,36,16,25,15,0,0,0,0,512,386,311,242
2026/01/26/21:14:12,3819.291344,0.767813,0.793763,0.767813,0.793763,36,16,25,15,0,0,0,0,512,386,311,242
2026/01/26/21:14:13,3820.291505,0.767813,0.793763,0.767813,0.793763,36,16,25,15,0,0,0,0,512,386,311,242
2026/01/26/21:14:14,3821.291627,0.767813,0.793763,0.767813,0.793763,36,16,25,15,0,0,0,0,512,386,311,242
2026/01/26/21:14:15,3822.291806,0.764000,0.787433,0.764000,0.787433,36,15,25,15,0,0,0,0,512,387,311,242
2026/01/26/21:14:16,3823.291951,0.764000,0.787433,0.764000,0.787433,36,15,25,15,0,0,0,0,512,387,311,242
2026/01/26/21:14:17,3824.292112,0.764000,0.787433,0.764000,0.787433,36,15,25,15,0,0,0,0,512,387,311,242
2026/01/26/21:14:18,3825.292277,0.764000,0.787433,0.764000,0.787433,36,15,25,15,0,0,0,0,512,387,311,242
2026/01/26/21:14:19,3826.292413,0.764000,0.787433,0.764000,0.787433,36,15,25,15,0,0,0,0,512,387,311,242
2026/01/26/21:14:20,3827.292526,0.764000,0.787433,0.764000,0.787433,36,15,25,15,0,0,0,0,512,387,311,242
2026/01/26/21:14:21,3828.292586,0.839000,0.839963,0.839000,0.839963,36,18,27,17,0,0,0,0,512,387,311,242
2026/01/26/21:14:22,3829.292699,0.864187,0.868504,0.873188,0.904993,36,20,29,17,1,1,0,0,512,387,311,242
2026/01/26/21:14:23,3830.292871,0.864187,0.868504,0.873188,0.904993,36,20,29,17,1,1,0,0,512,387,311,242
2026/01/26/21:14:24,3831.292979,0.858375,0.862975,0.867375,0.899464,36,19,29,17,1,1,0,0,512,388,311,242
2026/01/26/21:14:25,3832.293156,0.810375,0.848614,0.810375,0.848614,34,20,28,17,0,0,0,0,515,388,312,242
2026/01/26/21:14:26,3833.293321,0.810375,0.848614,0.810375,0.848614,34,20,28,17,0,0,0,0,515,388,312,242
2026/01/26/21:14:27,3834.293487,0.824125,0.837377,0.908125,0.852581,35,20,28,17,0,0,3,0,516,388,312,242
2026/01/26/21:14:28,3835.293648,0.857688,0.848204,0.913687,0.858340,36,21,29,17,0,0,2,0,516,390,312,242
2026/01/26/21:14:29,3836.293810,0.822500,0.820967,0.878500,0.831103,34,21,27,16,0,0,2,0,518,390,314,243
2026/01/26/21:14:30,3837.293905,0.807500,0.805124,0.863500,0.815260,34,18,27,16,0,0,2,0,518,393,314,243
2026/01/26/21:14:31,3838.294018,0.807500,0.805124,0.863500,0.815260,34,18,27,16,0,0,2,0,518,393,314,243
2026/01/26/21:14:32,3839.294183,0.807500,0.805124,0.863500,0.815260,34,18,27,16,0,0,2,0,518,393,314,243
2026/01/26/21:14:33,3840.294347,0.807500,0.805124,0.863500,0.815260,34,18,27,16,0,0,2,0,518,393,314,243
2026/01/26/21:14:34,3841.294510,0.796813,0.800780,0.852812,0.810916,33,18,27,16,0,0,2,0,519,393,314,243
2026/01/26/21:14:35,3842.294619,0.796813,0.800780,0.852812,0.810916,33,18,27,16,0,0,2,0,519,393,314,243
2026/01/26/21:14:36,3843.294808,0.796813,0.800780,0.852812,0.810916,33,18,27,16,0,0,2,0,519,393,314,243
2026/01/26/21:14:37,3844.294934,0.793063,0.796001,0.849063,0.806136,33,17,27,16,0,0,2,0,519,394,314,243
2026/01/26/21:14:38,3845.295034,0.793063,0.796001,0.849063,0.806136,33,17,27,16,0,0,2,0,519,394,314,243
2026/01/26/21:14:39,3846.295145,0.793063,0.796001,0.849063,0.806136,33,17,27,16,0,0,2,0,519,394,314,243
2026/01/26/21:14:40,3847.295249,0.793063,0.796001,0.849063,0.806136,33,17,27,16,0,0,2,0,519,394,314,243
2026/01/26/21:14:41,3848.295413,0.793063,0.796001,0.849063,0.806136,33,17,27,16,0,0,2,0,519,394,314,243
2026/01/26/21:14:42,3849.295581,0.793063,0.796001,0.849063,0.806136,33,17,27,16,0,0,2,0,519,394,314,243
2026/01/26/21:14:43,3850.295786,0.793562,0.794607,0.821562,0.799675,33,17,28,14,0,0,1,0,519,394,314,245
2026/01/26/21:14:44,3851.295842,0.789750,0.787347,0.817750,0.792415,32,17,28,14,0,0,1,0,520,394,314,245
2026/01/26/21:14:45,3852.295933,0.756687,0.804930,0.756687,0.804930,34,19,26,15,0,0,0,0,520,394,316,245
2026/01/26/21:14:46,3853.296051,0.756687,0.804930,0.756687,0.804930,34,19,26,15,0,0,0,0,520,394,316,245
2026/01/26/21:14:47,3854.296169,0.756687,0.804930,0.756687,0.804930,34,19,26,15,0,0,0,0,520,394,316,245
2026/01/26/21:14:48,3855.296332,0.756687,0.804930,0.756687,0.804930,34,19,26,15,0,0,0,0,520,394,316,245
2026/01/26/21:14:49,3856.296494,0.741062,0.784903,0.741062,0.784903,32,17,26,15,0,0,0,0,522,396,316,245
2026/01/26/21:14:50,3857.296661,0.741062,0.784903,0.741062,0.784903,32,17,26,15,0,0,0,0,522,396,316,245
2026/01/26/21:14:51,3858.296851,0.741062,0.784903,0.741062,0.784903,32,17,26,15,0,0,0,0,522,396,316,245
2026/01/26/21:14:52,3859.297013,0.741062,0.784903,0.741062,0.784903,32,17,26,15,0,0,0,0,522,396,316,245
2026/01/26/21:14:53,3860.297191,0.741062,0.784903,0.741062,0.784903,32,17,26,15,0,0,0,0,522,396,316,245
2026/01/26/21:14:54,3861.297356,0.741062,0.784903,0.741062,0.784903,32,17,26,15,0,0,0,0,522,396,316,245
2026/01/26/21:14:55,3862.297522,0.729437,0.778084,0.729437,0.778084,32,17,26,13,0,0,0,0,522,396,316,247
2026/01/26/21:14:56,3863.297688,0.729437,0.778084,0.729437,0.778084,32,17,26,13,0,0,0,0,522,396,316,247
2026/01/26/21:14:57,3864.297836,0.768250,0.802663,0.768250,0.802663,32,17,29,13,0,0,0,0,522,396,316,247
2026/01/26/21:14:58,3865.298006,0.768250,0.802663,0.768250,0.802663,32,17,29,13,0,0,0,0,522,396,316,247
2026/01/26/21:14:59,3866.298170,0.768250,0.802663,0.768250,0.802663,32,17,29,13,0,0,0,0,522,396,316,247
2026/01/26/21:15:00,3867.298337,0.768250,0.802663,0.768250,0.802663,32,17,29,13,0,0,0,0,522,396,316,247
2026/01/26/21:15:01,3868.298441,0.768250,0.802663,0.768250,0.802663,32,17,29,13,0,0,0,0,522,396,316,247
2026/01/26/21:15:02,3869.298542,0.763437,0.782589,0.763437,0.782589,32,17,28,13,0,0,0,0,522,396,317,247
2026/01/26/21:15:03,3870.298654,0.763437,0.782589,0.763437,0.782589,32,17,28,13,0,0,0,0,522,396,317,247
2026/01/26/21:15:04,3871.298828,0.769062,0.792912,0.769062,0.792912,32,17,29,13,0,0,0,0,522,396,317,247
2026/01/26/21:15:05,3872.298997,0.769062,0.792912,0.769062,0.792912,32,17,29,13,0,0,0,0,522,396,317,247
2026/01/26/21:15:06,3873.299158,0.769062,0.792912,0.769062,0.792912,32,17,29,13,0,0,0,0,522,396,317,247
2026/01/26/21:15:07,3874.299319,0.769062,0.792912,0.769062,0.792912,32,17,29,13,0,0,0,0,522,396,317,247
2026/01/26/21:15:08,3875.299486,0.769062,0.792912,0.769062,0.792912,32,17,29,13,0,0,0,0,522,396,317,247
2026/01/26/21:15:09,3876.299597,0.769062,0.792912,0.769062,0.792912,32,17,29,13,0,0,0,0,522,396,317,247
2026/01/26/21:15:10,3877.299782,0.769062,0.792912,0.769062,0.792912,32,17,29,13,0,0,0,0,522,396,317,247
2026/01/26/21:15:11,3878.299929,0.763437,0.782589,0.763437,0.782589,32,17,28,13,0,0,0,0,522,396,318,247
2026/01/26/21:15:12,3879.300045,0.763437,0.782589,0.763437,0.782589,32,17,28,13,0,0,0,0,522,396,318,247
2026/01/26/21:15:13,3880.300180,0.763437,0.782589,0.763437,0.782589,32,17,28,13,0,0,0,0,522,396,318,247
2026/01/26/21:15:14,3881.300277,0.763437,0.782589,0.763437,0.782589,32,17,28,13,0,0,0,0,522,396,318,247
2026/01/26/21:15:15,3882.300466,0.763437,0.782589,0.763437,0.782589,32,17,28,13,0,0,0,0,522,396,318,247
2026/01/26/21:15:16,3883.300525,0.763437,0.782589,0.763437,0.782589,32,17,28,13,0,0,0,0,522,396,318,247
2026/01/26/21:15:17,3884.300627,0.763437,0.782589,0.763437,0.782589,32,17,28,13,0,0,0,0,522,396,318,247
2026/01/26/21:15:18,3885.300804,0.763437,0.782589,0.763437,0.782589,32,17,28,13,0,0,0,0,522,396,318,247
2026/01/26/21:15:19,3886.300856,0.763437,0.782589,0.763437,0.782589,32,17,28,13,0,0,0,0,522,396,318,247
2026/01/26/21:15:20,3887.301022,0.763437,0.782589,0.763437,0.782589,32,17,28,13,0,0,0,0,522,396,318,247
2026/01/26/21:15:21,3888.301189,0.763437,0.782589,0.763437,0.782589,32,17,28,13,0,0,0,0,522,396,318,247
2026/01/26/21:15:22,3889.301301,0.763437,0.782589,0.763437,0.782589,32,17,28,13,0,0,0,0,522,396,318,247
2026/01/26/21:15:23,3890.301414,0.763437,0.782589,0.763437,0.782589,32,17,28,13,0,0,0,0,522,396,318,247
2026/01/26/21:15:24,3891.301584,0.763437,0.782589,0.763437,0.782589,32,17,28,13,0,0,0,0,522,396,318,247
2026/01/26/21:15:25,3892.301698,0.763437,0.782589,0.763437,0.782589,32,17,28,13,0,0,0,0,522,396,318,247
2026/01/26/21:15:26,3893.301862,0.763437,0.782589,0.763437,0.782589,32,17,28,13,0,0,0,0,522,396,318,247
2026/01/26/21:15:27,3894.302025,0.763437,0.782589,0.763437,0.782589,32,17,28,13,0,0,0,0,522,396,318,247
2026/01/26/21:15:28,3895.302124,0.763437,0.782589,0.763437,0.782589,32,17,28,13,0,0,0,0,522,396,318,247
2026/01/26/21:15:29,3896.302221,0.763437,0.782589,0.763437,0.782589,32,17,28,13,0,0,0,0,522,396,318,247
2026/01/26/21:15:30,3897.302326,0.763437,0.782589,0.763437,0.782589,32,17,28,13,0,0,0,0,522,396,318,247
2026/01/26/21:15:31,3898.302438,0.763437,0.782589,0.763437,0.782589,32,17,28,13,0,0,0,0,522,396,318,247
2026/01/26/21:15:32,3899.302594,0.763437,0.782589,0.763437,0.782589,32,17,28,13,0,0,0,0,522,396,318,247
2026/01/26/21:15:33,3900.302784,0.763437,0.782589,0.763437,0.782589,32,17,28,13,0,0,0,0,522,396,318,247
2026/01/26/21:15:34,3901.302931,0.763437,0.782589,0.763437,0.782589,32,17,28,13,0,0,0,0,522,396,318,247
2026/01/26/21:15:35,3902.303088,0.763437,0.782589,0.763437,0.782589,32,17,28,13,0,0,0,0,522,396,318,247
2026/01/26/21:15:36,3903.303203,0.763437,0.782589,0.763437,0.782589,32,17,28,13,0,0,0,0,522,396,318,247
2026/01/26/21:15:37,3904.303371,0.763437,0.782589,0.763437,0.782589,32,17,28,13,0,0,0,0,522,396,318,247
2026/01/26/21:15:38,3905.303486,0.763437,0.782589,0.763437,0.782589,32,17,28,13,0,0,0,0,522,396,318,247
2026/01/26/21:15:39,3906.303650,0.763437,0.782589,0.763437,0.782589,32,17,28,13,0,0,0,0,522,396,318,247
2026/01/26/21:15:40,3907.303849,0.763437,0.782589,0.763437,0.782589,32,17,28,13,0,0,0,0,522,396,318,247
2026/01/26/21:15:41,3908.304030,0.763437,0.782589,0.763437,0.782589,32,17,28,13,0,0,0,0,522,396,318,247
2026/01/26/21:15:42,3909.304194,0.763437,0.782589,0.763437,0.782589,32,17,28,13,0,0,0,0,522,396,318,247
2026/01/26/21:15:43,3910.304294,0.763437,0.782589,0.763437,0.782589,32,17,28,13,0,0,0,0,522,396,318,247
2026/01/26/21:15:44,3911.304457,0.763437,0.782589,0.763437,0.782589,32,17,28,13,0,0,0,0,522,396,318,247
2026/01/26/21:15:45,3912.304622,0.763437,0.782589,0.763437,0.782589,32,17,28,13,0,0,0,0,522,396,318,247
2026/01/26/21:15:46,3913.304794,0.763437,0.782589,0.763437,0.782589,32,17,28,13,0,0,0,0,522,396,318,247
2026/01/26/21:15:47,3914.304870,0.777687,0.789863,0.777687,0.789863,34,17,28,13,0,0,0,0,522,396,318,247
2026/01/26/21:15:48,3915.304964,0.777687,0.789863,0.777687,0.789863,34,17,28,13,0,0,0,0,522,396,318,247
2026/01/26/21:15:49,3916.305133,0.777687,0.789863,0.777687,0.789863,34,17,28,13,0,0,0,0,522,396,318,247
2026/01/26/21:15:50,3917.305298,0.777687,0.789863,0.777687,0.789863,34,17,28,13,0,0,0,0,522,396,318,247
2026/01/26/21:15:51,3918.305414,0.750687,0.764865,0.750687,0.764865,31,17,28,13,0,0,0,0,525,396,318,247
2026/01/26/21:15:52,3919.305529,0.750687,0.764865,0.750687,0.764865,31,17,28,13,0,0,0,0,525,396,318,247
2026/01/26/21:15:53,3920.305697,0.750687,0.764865,0.750687,0.764865,31,17,28,13,0,0,0,0,525,396,318,247
2026/01/26/21:15:54,3921.305865,0.750687,0.764865,0.750687,0.764865,31,17,28,13,0,0,0,0,525,396,318,247
2026/01/26/21:15:55,3922.306014,0.750687,0.764865,0.750687,0.764865,31,17,28,13,0,0,0,0,525,396,318,247
2026/01/26/21:15:56,3923.306180,0.750687,0.764865,0.750687,0.764865,31,17,28,13,0,0,0,0,525,396,318,247
2026/01/26/21:15:57,3924.306288,0.750687,0.764865,0.750687,0.764865,31,17,28,13,0,0,0,0,525,396,318,247
2026/01/26/21:15:58,3925.306377,0.750687,0.764865,0.750687,0.764865,31,17,28,13,0,0,0,0,525,396,318,247
2026/01/26/21:15:59,3926.306552,0.775875,0.785369,0.775875,0.785369,35,17,28,14,0,0,0,0,525,396,318,247
2026/01/26/21:16:00,3927.306711,0.775875,0.785369,0.775875,0.785369,35,17,28,14,0,0,0,0,525,396,318,247
2026/01/26/21:16:01,3928.306880,0.775875,0.785369,0.775875,0.785369,35,17,28,14,0,0,0,0,525,396,318,247
2026/01/26/21:16:02,3929.306957,0.760563,0.809898,0.760563,0.809898,31,17,30,13,0,0,0,0,529,396,318,248
2026/01/26/21:16:03,3930.307135,0.760563,0.809898,0.760563,0.809898,31,17,30,13,0,0,0,0,529,396,318,248
2026/01/26/21:16:04,3931.307302,0.760563,0.809898,0.760563,0.809898,31,17,30,13,0,0,0,0,529,396,318,248
2026/01/26/21:16:05,3932.307466,0.746313,0.802625,0.746313,0.802625,29,17,30,13,0,0,0,0,531,396,318,248
2026/01/26/21:16:06,3933.307579,0.746313,0.802625,0.746313,0.802625,29,17,30,13,0,0,0,0,531,396,318,248
2026/01/26/21:16:07,3934.307688,0.746313,0.802625,0.746313,0.802625,29,17,30,13,0,0,0,0,531,396,318,248
2026/01/26/21:16:08,3935.307822,0.746313,0.802625,0.746313,0.802625,29,17,30,13,0,0,0,0,531,396,318,248
2026/01/26/21:16:09,3936.307875,0.746313,0.802625,0.746313,0.802625,29,17,30,13,0,0,0,0,531,396,318,248
2026/01/26/21:16:10,3937.308039,0.746313,0.802625,0.746313,0.802625,29,17,30,13,0,0,0,0,531,396,318,248
2026/01/26/21:16:11,3938.308203,0.746313,0.802625,0.746313,0.802625,29,17,30,13,0,0,0,0,531,396,318,248
2026/01/26/21:16:12,3939.308367,0.746313,0.802625,0.746313,0.802625,29,17,30,13,0,0,0,0,531,396,318,248
2026/01/26/21:16:13,3940.308530,0.746313,0.802625,0.746313,0.802625,29,17,30,13,0,0,0,0,531,396,318,248
2026/01/26/21:16:14,3941.308697,0.746313,0.802625,0.746313,0.802625,29,17,30,13,0,0,0,0,531,396,318,248
2026/01/26/21:16:15,3942.308822,0.746313,0.802625,0.746313,0.802625,29,17,30,13,0,0,0,0,531,396,318,248
2026/01/26/21:16:16,3943.308974,0.746313,0.802625,0.746313,0.802625,29,17,30,13,0,0,0,0,531,396,318,248
2026/01/26/21:16:17,3944.309137,0.746313,0.802625,0.746313,0.802625,29,17,30,13,0,0,0,0,531,396,318,248
2026/01/26/21:16:18,3945.309305,0.746313,0.802625,0.746313,0.802625,29,17,30,13,0,0,0,0,531,396,318,248
2026/01/26/21:16:19,3946.309472,0.746313,0.802625,0.746313,0.802625,29,17,30,13,0,0,0,0,531,396,318,248
2026/01/26/21:16:20,3947.309571,0.746313,0.802625,0.746313,0.802625,29,17,30,13,0,0,0,0,531,396,318,248
2026/01/26/21:16:21,3948.309731,0.746313,0.802625,0.746313,0.802625,29,17,30,13,0,0,0,0,531,396,318,248
2026/01/26/21:16:22,3949.309896,0.746313,0.802625,0.746313,0.802625,29,17,30,13,0,0,0,0,531,396,318,248
2026/01/26/21:16:23,3950.310001,0.746313,0.802625,0.746313,0.802625,29,17,30,13,0,0,0,0,531,396,318,248
2026/01/26/21:16:24,3951.310168,0.746313,0.802625,0.746313,0.802625,29,17,30,13,0,0,0,0,531,396,318,248
2026/01/26/21:16:25,3952.310270,0.746313,0.802625,0.746313,0.802625,29,17,30,13,0,0,0,0,531,396,318,248
2026/01/26/21:16:26,3953.310436,0.746313,0.802625,0.746313,0.802625,29,17,30,13,0,0,0,0,531,396,318,248
2026/01/26/21:16:27,3954.310549,0.746313,0.802625,0.746313,0.802625,29,17,30,13,0,0,0,0,531,396,318,248
2026/01/26/21:16:28,3955.310818,0.746313,0.802625,0.746313,0.802625,29,17,30,13,0,0,0,0,531,396,318,248
2026/01/26/21:16:29,3956.310917,0.746313,0.802625,0.746313,0.802625,29,17,30,13,0,0,0,0,531,396,318,248
2026/01/26/21:16:30,3957.310978,0.857187,0.886446,0.876000,0.921722,34,17,35,13,0,2,1,0,531,396,318,248
2026/01/26/21:16:31,3958.311100,0.895188,0.931471,0.960938,0.974165,37,22,35,13,0,3,1,0,531,396,318,248
2026/01/26/21:16:32,3959.311213,0.910312,0.946928,0.976063,0.989621,38,22,35,15,0,3,1,0,531,396,318,248
2026/01/26/21:16:33,3960.311290,0.891500,0.925976,0.992750,0.975230,35,24,35,13,2,3,1,0,534,396,318,250
2026/01/26/21:16:34,3961.311372,0.891500,0.925976,0.992750,0.975230,35,24,35,13,2,3,1,0,534,396,318,250
2026/01/26/21:16:35,3962.311502,0.891312,0.926242,0.992563,0.975497,33,27,35,13,2,3,1,0,536,396,318,250
2026/01/26/21:16:36,3963.311559,0.885750,0.914861,0.976562,0.946462,34,27,34,13,2,3,0,0,536,396,319,250
2026/01/26/21:16:37,3964.311678,0.908312,0.929051,1.036375,1.041588,34,30,33,16,4,8,0,0,538,398,320,250
2026/01/26/21:16:38,3965.311815,0.918375,0.937440,1.108500,1.096970,34,31,33,17,8,9,0,0,538,398,320,250
2026/01/26/21:16:39,3966.311835,0.918438,0.937096,1.142125,1.090838,34,31,33,17,8,9,0,0,538,399,320,250
2026/01/26/21:16:40,3967.311935,0.913500,0.932809,1.115938,1.074809,35,31,33,14,6,9,0,0,538,399,320,253
2026/01/26/21:16:41,3968.312064,0.914375,0.934051,1.111063,1.068536,35,31,33,14,5,9,0,0,539,399,320,253
2026/01/26/21:16:42,3969.312158,0.914375,0.934051,1.103938,1.050075,35,31,33,14,3,9,0,0,539,399,320,253
2026/01/26/21:16:43,3970.312265,0.910937,0.930318,1.029688,0.977975,34,31,33,14,3,4,0,0,540,399,320,253
2026/01/26/21:16:44,3971.312429,0.910937,0.930318,1.029688,0.977975,34,31,33,14,3,4,0,0,540,399,320,253
2026/01/26/21:16:45,3972.312589,0.910937,0.930318,0.963875,0.967242,34,31,33,14,3,1,0,0,540,399,320,253
2026/01/26/21:16:46,3973.312751,0.899438,0.915287,0.952375,0.952211,32,31,33,14,3,1,0,0,542,399,320,253
2026/01/26/21:16:47,3974.312916,0.899438,0.915287,0.952375,0.952211,32,31,33,14,3,1,0,0,542,399,320,253
2026/01/26/21:16:48,3975.313080,0.899438,0.915287,0.952375,0.952211,32,31,33,14,3,1,0,0,542,399,320,253
2026/01/26/21:16:49,3976.313153,0.862062,0.888108,0.911438,0.911000,31,29,32,14,2,1,0,0,544,401,321,253
2026/01/26/21:16:50,3977.313252,0.898687,0.921151,0.965812,0.992900,31,33,34,14,2,2,1,1,544,401,321,253
2026/01/26/21:16:51,3978.313411,0.895563,0.941274,0.930312,0.986340,30,34,35,14,1,1,0,1,545,401,321,253
2026/01/26/21:16:52,3979.313588,0.881500,0.930701,0.916250,0.975767,30,31,35,14,1,1,0,1,545,404,321,253
2026/01/26/21:16:53,3980.313677,0.881500,0.930701,0.916250,0.975767,30,31,35,14,1,1,0,1,545,404,321,253
2026/01/26/21:16:54,3981.313875,0.881500,0.930701,0.913125,0.950312,30,31,35,14,1,1,0,0,545,404,321,253
2026/01/26/21:16:55,3982.313987,0.881500,0.930701,0.913125,0.950312,30,31,35,14,1,1,0,0,545,404,321,253
2026/01/26/21:16:56,3983.314102,0.881500,0.930701,0.913125,0.950312,30,31,35,14,1,1,0,0,545,404,321,253
2026/01/26/21:16:57,3984.314214,0.872125,0.915417,0.903750,0.935029,30,28,35,14,1,1,0,0,545,407,321,253
2026/01/26/21:16:58,3985.314322,0.872125,0.915417,0.903750,0.935029,30,28,35,14,1,1,0,0,545,407,321,253
2026/01/26/21:16:59,3986.314442,0.872125,0.915417,0.903750,0.935029,30,28,35,14,1,1,0,0,545,407,321,253
2026/01/26/21:17:00,3987.314544,0.872125,0.915417,0.903750,0.935029,30,28,35,14,1,1,0,0,545,407,321,253
2026/01/26/21:17:01,3988.314654,0.855000,0.905350,0.886625,0.924961,30,28,33,14,1,1,0,0,545,407,323,253
2026/01/26/21:17:02,3989.314832,0.865750,0.914003,0.897375,0.933614,32,28,33,14,1,1,0,0,545,407,323,253
2026/01/26/21:17:03,3990.315016,0.865750,0.914003,0.897375,0.933614,32,28,33,14,1,1,0,0,545,407,323,253
2026/01/26/21:17:04,3991.315081,0.849625,0.912255,0.877687,0.917835,33,25,33,14,0,1,0,0,545,410,323,253
2026/01/26/21:17:05,3992.315263,0.838875,0.903602,0.866938,0.909182,31,25,33,14,0,1,0,0,547,410,323,253
2026/01/26/21:17:06,3993.315361,0.838875,0.903602,0.866938,0.909182,31,25,33,14,0,1,0,0,547,410,323,253
2026/01/26/21:17:07,3994.315469,0.828000,0.878798,0.856062,0.884377,31,23,33,14,0,1,0,0,547,412,323,253
2026/01/26/21:17:08,3995.315629,0.828000,0.878798,0.856062,0.884377,31,23,33,14,0,1,0,0,547,412,323,253
2026/01/26/21:17:09,3996.315707,0.850187,0.898935,0.878250,0.904515,33,24,33,15,0,1,0,0,547,412,323,253
2026/01/26/21:17:10,3997.315884,0.850187,0.898935,0.878250,0.904515,33,24,33,15,0,1,0,0,547,412,323,253
2026/01/26/21:17:11,3998.316015,0.846250,0.888957,0.874313,0.894536,33,23,33,15,0,1,0,0,547,413,323,253
2026/01/26/21:17:12,3999.316184,0.846250,0.888957,0.874313,0.894536,33,23,33,15,0,1,0,0,547,413,323,253
2026/01/26/21:17:13,4000.316286,0.846250,0.888957,0.874313,0.894536,33,23,33,15,0,1,0,0,547,413,323,253
2026/01/26/21:17:14,4001.316397,0.846250,0.888957,0.874313,0.894536,33,23,33,15,0,1,0,0,547,413,323,253
2026/01/26/21:17:15,4002.316502,0.846250,0.888957,0.895750,0.904565,33,23,33,15,0,1,0,1,547,413,323,253
2026/01/26/21:17:16,4003.316664,0.846250,0.888957,0.895750,0.904565,33,23,33,15,0,1,0,1,547,413,323,253
2026/01/26/21:17:17,4004.316787,0.846250,0.888957,0.895750,0.904565,33,23,33,15,0,1,0,1,547,413,323,253
2026/01/26/21:17:18,4005.316930,0.846250,0.888957,0.874313,0.894536,33,23,33,15,0,1,0,0,547,413,323,253
2026/01/26/21:17:19,4006.317094,0.846250,0.888957,0.874313,0.894536,33,23,33,15,0,1,0,0,547,413,323,253
2026/01/26/21:17:20,4007.317257,0.846250,0.888957,0.874313,0.894536,33,23,33,15,0,1,0,0,547,413,323,253
2026/01/26/21:17:21,4008.317371,0.846250,0.888957,0.874313,0.894536,33,23,33,15,0,1,0,0,547,413,323,253
2026/01/26/21:17:22,4009.317530,0.846250,0.888957,0.874313,0.894536,33,23,33,15,0,1,0,0,547,413,323,253
2026/01/26/21:17:23,4010.317697,0.836688,0.874744,0.864750,0.880324,33,20,33,15,0,1,0,0,547,416,323,253
2026/01/26/21:17:24,4011.317857,0.836688,0.874744,0.864750,0.880324,33,20,33,15,0,1,0,0,547,416,323,253
2026/01/26/21:17:25,4012.317954,0.836688,0.874744,0.864750,0.880324,33,20,33,15,0,1,0,0,547,416,323,253
2026/01/26/21:17:26,4013.318090,0.836688,0.874744,0.864750,0.880324,33,20,33,15,0,1,0,0,547,416,323,253
2026/01/26/21:17:27,4014.318206,0.826688,0.871485,0.854750,0.877064,33,20,33,14,0,1,0,0,547,416,323,254
2026/01/26/21:17:28,4015.318376,0.826688,0.871485,0.854750,0.877064,33,20,33,14,0,1,0,0,547,416,323,254
2026/01/26/21:17:29,4016.318591,0.826688,0.871485,0.854750,0.877064,33,20,33,14,0,1,0,0,547,416,323,254
2026/01/26/21:17:30,4017.318640,0.826688,0.871485,0.854750,0.877064,33,20,33,14,0,1,0,0,547,416,323,254
2026/01/26/21:17:31,4018.318748,0.826688,0.871485,0.854750,0.877064,33,20,33,14,0,1,0,0,547,416,323,254
2026/01/26/21:17:32,4019.318922,0.826688,0.871485,0.854750,0.877064,33,20,33,14,0,1,0,0,547,416,323,254
2026/01/26/21:17:33,4020.319087,0.826688,0.871485,0.854750,0.877064,33,20,33,14,0,1,0,0,547,416,323,254
2026/01/26/21:17:34,4021.319189,0.826688,0.871485,0.854750,0.877064,33,20,33,14,0,1,0,0,547,416,323,254
2026/01/26/21:17:35,4022.319356,0.812125,0.869686,0.812125,0.869686,33,21,31,14,0,0,0,0,547,416,325,254
2026/01/26/21:17:36,4023.319470,0.812125,0.869686,0.812125,0.869686,33,21,31,14,0,0,0,0,547,416,325,254
2026/01/26/21:17:37,4024.319639,0.802937,0.858685,0.802937,0.858685,33,21,30,14,0,0,0,0,547,416,326,254
2026/01/26/21:17:38,4025.319749,0.802937,0.858685,0.802937,0.858685,33,21,30,14,0,0,0,0,547,416,326,254
2026/01/26/21:17:39,4026.319931,0.794687,0.851785,0.794687,0.851785,31,21,30,14,0,0,0,0,549,416,326,254
2026/01/26/21:17:40,4027.320046,0.794687,0.851785,0.794687,0.851785,31,21,30,14,0,0,0,0,549,416,326,254
2026/01/26/21:17:41,4028.320160,0.794687,0.851785,0.794687,0.851785,31,21,30,14,0,0,0,0,549,416,326,254
2026/01/26/21:17:42,4029.320262,0.794687,0.851785,0.794687,0.851785,31,21,30,14,0,0,0,0,549,416,326,254
2026/01/26/21:17:43,4030.320426,0.794687,0.851785,0.794687,0.851785,31,21,30,14,0,0,0,0,549,416,326,254
2026/01/26/21:17:44,4031.320593,0.794687,0.851785,0.794687,0.851785,31,21,30,14,0,0,0,0,549,416,326,254
2026/01/26/21:17:45,4032.320782,0.794687,0.851785,0.794687,0.851785,31,21,30,14,0,0,0,0,549,416,326,254
2026/01/26/21:17:46,4033.320944,0.794687,0.851785,0.794687,0.851785,31,21,30,14,0,0,0,0,549,416,326,254
2026/01/26/21:17:47,4034.321112,0.794687,0.851785,0.794687,0.851785,31,21,30,14,0,0,0,0,549,416,326,254
2026/01/26/21:17:48,4035.321237,0.794687,0.851785,0.794687,0.851785,31,21,30,14,0,0,0,0,549,416,326,254
2026/01/26/21:17:49,4036.321394,0.794687,0.851785,0.794687,0.851785,31,21,30,14,0,0,0,0,549,416,326,254
2026/01/26/21:17:50,4037.321511,0.794687,0.851785,0.794687,0.851785,31,21,30,14,0,0,0,0,549,416,326,254
2026/01/26/21:17:51,4038.321616,0.794687,0.851785,0.794687,0.851785,31,21,30,14,0,0,0,0,549,416,326,254
2026/01/26/21:17:52,4039.321809,0.794687,0.851785,0.794687,0.851785,31,21,30,14,0,0,0,0,549,416,326,254
2026/01/26/21:17:53,4040.321890,0.794687,0.851785,0.794687,0.851785,31,21,30,14,0,0,0,0,549,416,326,254
2026/01/26/21:17:54,4041.322053,0.794687,0.851785,0.794687,0.851785,31,21,30,14,0,0,0,0,549,416,326,254
2026/01/26/21:17:55,4042.322156,0.794687,0.851785,0.794687,0.851785,31,21,30,14,0,0,0,0,549,416,326,254
2026/01/26/21:17:56,4043.322319,0.794687,0.851785,0.794687,0.851785,31,21,30,14,0,0,0,0,549,416,326,254
2026/01/26/21:17:57,4044.322413,0.794687,0.851785,0.794687,0.851785,31,21,30,14,0,0,0,0,549,416,326,254
2026/01/26/21:17:58,4045.322526,0.794687,0.851785,0.794687,0.851785,31,21,30,14,0,0,0,0,549,416,326,254
2026/01/26/21:17:59,4046.322648,0.794687,0.851785,0.794687,0.851785,31,21,30,14,0,0,0,0,549,416,326,254
2026/01/26/21:18:00,4047.322828,0.794687,0.851785,0.794687,0.851785,31,21,30,14,0,0,0,0,549,416,326,254
2026/01/26/21:18:01,4048.322931,0.794687,0.851785,0.794687,0.851785,31,21,30,14,0,0,0,0,549,416,326,254
2026/01/26/21:18:02,4049.323088,0.794687,0.851785,0.794687,0.851785,31,21,30,14,0,0,0,0,549,416,326,254
2026/01/26/21:18:03,4050.323200,0.794687,0.851785,0.794687,0.851785,31,21,30,14,0,0,0,0,549,416,326,254
2026/01/26/21:18:04,4051.323302,0.766625,0.846206,0.766625,0.846206,31,20,30,14,0,0,0,0,549,417,326,254
2026/01/26/21:18:05,4052.323405,0.766625,0.846206,0.766625,0.846206,31,20,30,14,0,0,0,0,549,417,326,254
2026/01/26/21:18:06,4053.323500,0.766625,0.846206,0.766625,0.846206,31,20,30,14,0,0,0,0,549,417,326,254
2026/01/26/21:18:07,4054.323647,0.766625,0.846206,0.766625,0.846206,31,20,30,14,0,0,0,0,549,417,326,254
2026/01/26/21:18:08,4055.323856,0.766625,0.846206,0.766625,0.846206,31,20,30,14,0,0,0,0,549,417,326,254
2026/01/26/21:18:09,4056.323970,0.766625,0.846206,0.766625,0.846206,31,20,30,14,0,0,0,0,549,417,326,254
2026/01/26/21:18:10,4057.324132,0.766625,0.846206,0.766625,0.846206,31,20,30,14,0,0,0,0,549,417,326,254
2026/01/26/21:18:11,4058.324232,0.766625,0.846206,0.766625,0.846206,31,20,30,14,0,0,0,0,549,417,326,254
2026/01/26/21:18:12,4059.324398,0.766625,0.846206,0.766625,0.846206,31,20,30,14,0,0,0,0,549,417,326,254
2026/01/26/21:18:13,4060.324564,0.766625,0.846206,0.766625,0.846206,31,20,30,14,0,0,0,0,549,417,326,254
2026/01/26/21:18:14,4061.324667,0.759500,0.818142,0.759500,0.818142,29,20,30,14,0,0,0,0,551,417,326,254
2026/01/26/21:18:15,4062.324860,0.759500,0.818142,0.759500,0.818142,29,20,30,14,0,0,0,0,551,417,326,254
2026/01/26/21:18:16,4063.325010,0.798562,0.854531,0.798562,0.854531,32,20,32,14,0,0,0,0,551,417,326,254
2026/01/26/21:18:17,4064.325173,0.798562,0.854531,0.798562,0.854531,32,20,32,14,0,0,0,0,551,417,326,254
2026/01/26/21:18:18,4065.325337,0.798562,0.854531,0.798562,0.854531,32,20,32,14,0,0,0,0,551,417,326,254
2026/01/26/21:18:19,4066.325500,0.798562,0.854531,0.798562,0.854531,32,20,32,14,0,0,0,0,551,417,326,254
2026/01/26/21:18:20,4067.325654,0.762938,0.829651,0.762938,0.829651,30,20,30,14,0,0,0,0,553,417,328,254
2026/01/26/21:18:21,4068.325836,0.762938,0.829651,0.762938,0.829651,30,20,30,14,0,0,0,0,553,417,328,254
2026/01/26/21:18:22,4069.325978,0.762938,0.829651,0.762938,0.829651,30,20,30,14,0,0,0,0,553,417,328,254
2026/01/26/21:18:23,4070.326150,0.762938,0.829651,0.762938,0.829651,30,20,30,14,0,0,0,0,553,417,328,254
2026/01/26/21:18:24,4071.326258,0.742938,0.818271,0.742938,0.818271,28,20,30,14,0,0,0,0,555,417,328,254
2026/01/26/21:18:25,4072.326370,0.742938,0.818271,0.742938,0.818271,28,20,30,14,0,0,0,0,555,417,328,254
2026/01/26/21:18:26,4073.326499,0.742938,0.818271,0.742938,0.818271,28,20,30,14,0,0,0,0,555,417,328,254
2026/01/26/21:18:27,4074.326613,0.742938,0.818271,0.742938,0.818271,28,20,30,14,0,0,0,0,555,417,328,254
2026/01/26/21:18:28,4075.326805,0.742938,0.818271,0.742938,0.818271,28,20,30,14,0,0,0,0,555,417,328,254
2026/01/26/21:18:29,4076.326947,0.742938,0.818271,0.742938,0.818271,28,20,30,14,0,0,0,0,555,417,328,254
2026/01/26/21:18:30,4077.327057,0.742938,0.818271,0.742938,0.818271,28,20,30,14,0,0,0,0,555,417,328,254
2026/01/26/21:18:31,4078.327140,0.742938,0.818271,0.742938,0.818271,28,20,30,14,0,0,0,0,555,417,328,254
2026/01/26/21:18:32,4079.327262,0.742938,0.818271,0.742938,0.818271,28,20,30,14,0,0,0,0,555,417,328,254
2026/01/26/21:18:33,4080.327418,0.742938,0.818271,0.742938,0.818271,28,20,30,14,0,0,0,0,555,417,328,254
2026/01/26/21:18:34,4081.327516,0.742938,0.818271,0.742938,0.818271,28,20,30,14,0,0,0,0,555,417,328,254
2026/01/26/21:18:35,4082.327709,0.742938,0.818271,0.742938,0.818271,28,20,30,14,0,0,0,0,555,417,328,254
2026/01/26/21:18:36,4083.327878,0.742938,0.818271,0.742938,0.818271,28,20,30,14,0,0,0,0,555,417,328,254
2026/01/26/21:18:37,4084.328040,0.742938,0.818271,0.742938,0.818271,28,20,30,14,0,0,0,0,555,417,328,254
2026/01/26/21:18:38,4085.328212,0.742938,0.818271,0.742938,0.818271,28,20,30,14,0,0,0,0,555,417,328,254
2026/01/26/21:18:39,4086.328372,0.742938,0.818271,0.742938,0.818271,28,20,30,14,0,0,0,0,555,417,328,254
2026/01/26/21:18:40,4087.328539,0.742938,0.818271,0.742938,0.818271,28,20,30,14,0,0,0,0,555,417,328,254
2026/01/26/21:18:41,4088.328707,0.742938,0.818271,0.742938,0.818271,28,20,30,14,0,0,0,0,555,417,328,254
2026/01/26/21:18:42,4089.328873,0.742938,0.818271,0.742938,0.818271,28,20,30,14,0,0,0,0,555,417,328,254
2026/01/26/21:18:43,4090.329022,0.739500,0.806762,0.739500,0.806762,27,20,30,14,0,0,0,0,556,417,328,254
2026/01/26/21:18:44,4091.329194,0.739500,0.806762,0.739500,0.806762,27,20,30,14,0,0,0,0,556,417,328,254
2026/01/26/21:18:45,4092.329302,0.739500,0.806762,0.739500,0.806762,27,20,30,14,0,0,0,0,556,417,328,254
2026/01/26/21:18:46,4093.329468,0.739500,0.806762,0.739500,0.806762,27,20,30,14,0,0,0,0,556,417,328,254
2026/01/26/21:18:47,4094.329641,0.739500,0.806762,0.739500,0.806762,27,20,30,14,0,0,0,0,556,417,328,254
2026/01/26/21:18:48,4095.329738,0.739500,0.806762,0.739500,0.806762,27,20,30,14,0,0,0,0,556,417,328,254
2026/01/26/21:18:49,4096.329908,0.739500,0.806762,0.739500,0.806762,27,20,30,14,0,0,0,0,556,417,328,254
2026/01/26/21:18:50,4097.330075,0.739500,0.806762,0.739500,0.806762,27,20,30,14,0,0,0,0,556,417,328,254
2026/01/26/21:18:51,4098.330240,0.739500,0.806762,0.739500,0.806762,27,20,30,14,0,0,0,0,556,417,328,254
2026/01/26/21:18:52,4099.330357,0.739500,0.806762,0.739500,0.806762,27,20,30,14,0,0,0,0,556,417,328,254
2026/01/26/21:18:53,4100.330483,0.739500,0.806762,0.739500,0.806762,27,20,30,14,0,0,0,0,556,417,328,254
2026/01/26/21:18:54,4101.330595,0.739500,0.806762,0.739500,0.806762,27,20,30,14,0,0,0,0,556,417,328,254
2026/01/26/21:18:55,4102.330699,0.739500,0.806762,0.739500,0.806762,27,20,30,14,0,0,0,0,556,417,328,254
2026/01/26/21:18:56,4103.330858,0.739500,0.806762,0.739500,0.806762,27,20,30,14,0,0,0,0,556,417,328,254
2026/01/26/21:18:57,4104.331020,0.739500,0.806762,0.739500,0.806762,27,20,30,14,0,0,0,0,556,417,328,254
2026/01/26/21:18:58,4105.331187,0.739500,0.806762,0.739500,0.806762,27,20,30,14,0,0,0,0,556,417,328,254
2026/01/26/21:18:59,4106.331288,0.739500,0.806762,0.739500,0.806762,27,20,30,14,0,0,0,0,556,417,328,254
2026/01/26/21:19:00,4107.331402,0.739500,0.806762,0.739500,0.806762,27,20,30,14,0,0,0,0,556,417,328,254
2026/01/26/21:19:01,4108.331575,0.739500,0.806762,0.739500,0.806762,27,20,30,14,0,0,0,0,556,417,328,254
2026/01/26/21:19:02,4109.331665,0.739500,0.806762,0.739500,0.806762,27,20,30,14,0,0,0,0,556,417,328,254
2026/01/26/21:19:03,4110.331797,0.783438,0.867685,0.792188,0.919401,30,21,30,16,2,0,0,0,556,417,328,254
2026/01/26/21:19:04,4111.331926,0.783438,0.867685,0.792188,0.919401,30,21,30,16,2,0,0,0,556,417,328,254
2026/01/26/21:19:05,4112.332043,0.779062,0.841828,0.779062,0.841828,29,21,30,16,0,0,0,0,557,417,328,254
2026/01/26/21:19:06,4113.332209,0.757812,0.835529,0.757812,0.835529,27,21,30,16,0,0,0,0,559,417,328,254
2026/01/26/21:19:07,4114.332306,0.757812,0.835529,0.757812,0.835529,27,21,30,16,0,0,0,0,559,417,328,254
2026/01/26/21:19:08,4115.332438,0.751188,0.812672,0.751188,0.812672,27,21,30,14,0,0,0,0,559,417,328,256
2026/01/26/21:19:09,4116.332599,0.751188,0.812672,0.751188,0.812672,27,21,30,14,0,0,0,0,559,417,328,256
2026/01/26/21:19:10,4117.332787,0.751188,0.812672,0.751188,0.812672,27,21,30,14,0,0,0,0,559,417,328,256
2026/01/26/21:19:11,4118.332866,0.751188,0.812672,0.751188,0.812672,27,21,30,14,0,0,0,0,559,417,328,256
2026/01/26/21:19:12,4119.332978,0.751188,0.812672,0.751188,0.812672,27,21,30,14,0,0,0,0,559,417,328,256
2026/01/26/21:19:13,4120.333139,0.751188,0.812672,0.751188,0.812672,27,21,30,14,0,0,0,0,559,417,328,256
2026/01/26/21:19:14,4121.333301,0.751188,0.812672,0.751188,0.812672,27,21,30,14,0,0,0,0,559,417,328,256
2026/01/26/21:19:15,4122.333412,0.751188,0.812672,0.751188,0.812672,27,21,30,14,0,0,0,0,559,417,328,256
2026/01/26/21:19:16,4123.333575,0.751188,0.812672,0.751188,0.812672,27,21,30,14,0,0,0,0,559,417,328,256
2026/01/26/21:19:17,4124.333750,0.751188,0.812672,0.751188,0.812672,27,21,30,14,0,0,0,0,559,417,328,256
2026/01/26/21:19:18,4125.333854,0.751188,0.812672,0.751188,0.812672,27,21,30,14,0,0,0,0,559,417,328,256
2026/01/26/21:19:19,4126.334023,0.751188,0.812672,0.751188,0.812672,27,21,30,14,0,0,0,0,559,417,328,256
2026/01/26/21:19:20,4127.334135,0.822562,0.900794,0.838250,0.908763,27,28,33,16,0,0,0,1,559,417,328,256
2026/01/26/21:19:21,4128.334288,0.832125,0.908185,0.865187,1.013262,27,29,33,17,0,2,0,4,559,417,328,256
2026/01/26/21:19:22,4129.334407,0.804000,0.897163,0.821375,0.994270,28,29,33,15,0,2,0,3,559,417,328,258
2026/01/26/21:19:23,4130.334505,0.804000,0.897163,0.821375,0.994270,28,29,33,15,0,2,0,3,559,417,328,258
2026/01/26/21:19:24,4131.334616,0.800750,0.883850,0.811063,0.944012,28,28,33,15,0,0,0,3,559,418,328,258
2026/01/26/21:19:25,4132.334724,0.793000,0.877133,0.803312,0.937295,28,26,33,15,0,0,0,3,559,420,328,258
2026/01/26/21:19:26,4133.334881,0.793000,0.877133,0.803312,0.937295,28,26,33,15,0,0,0,3,559,420,328,258
2026/01/26/21:19:27,4134.335040,0.793000,0.877133,0.803312,0.937295,28,26,33,15,0,0,0,3,559,420,328,258
2026/01/26/21:19:28,4135.335206,0.793000,0.877133,0.803312,0.937295,28,26,33,15,0,0,0,3,559,420,328,258
2026/01/26/21:19:29,4136.335375,0.785062,0.873758,0.795375,0.933920,28,25,33,15,0,0,0,3,559,421,328,258
2026/01/26/21:19:30,4137.335475,0.781813,0.868840,0.792125,0.929002,27,25,33,15,0,0,0,3,560,421,328,258
2026/01/26/21:19:31,4138.335575,0.781813,0.868840,0.781813,0.868840,27,25,33,15,0,0,0,0,560,421,328,258
2026/01/26/21:19:32,4139.335678,0.771125,0.836470,0.771125,0.836470,27,25,30,15,0,0,0,0,560,421,331,258
2026/01/26/21:19:33,4140.335855,0.761250,0.791436,0.761250,0.791436,27,25,28,15,0,0,0,0,560,421,333,258
2026/01/26/21:19:34,4141.335975,0.761250,0.791436,0.761250,0.791436,27,25,28,15,0,0,0,0,560,421,333,258
2026/01/26/21:19:35,4142.336074,0.753375,0.778313,0.753375,0.778313,27,23,28,15,0,0,0,0,560,423,333,258
2026/01/26/21:19:36,4143.336196,0.753375,0.778313,0.753375,0.778313,27,23,28,15,0,0,0,0,560,423,333,258
2026/01/26/21:19:37,4144.336313,0.753375,0.778313,0.753375,0.778313,27,23,28,15,0,0,0,0,560,423,333,258
2026/01/26/21:19:38,4145.336468,0.753375,0.778313,0.753375,0.778313,27,23,28,15,0,0,0,0,560,423,333,258
2026/01/26/21:19:39,4146.336639,0.753375,0.778313,0.753375,0.778313,27,23,28,15,0,0,0,0,560,423,333,258
2026/01/26/21:19:40,4147.336738,0.753375,0.778313,0.753375,0.778313,27,23,28,15,0,0,0,0,560,423,333,258
2026/01/26/21:19:41,4148.336902,0.753375,0.778313,0.753375,0.778313,27,23,28,15,0,0,0,0,560,423,333,258
2026/01/26/21:19:42,4149.337010,0.753375,0.778313,0.753375,0.778313,27,23,28,15,0,0,0,0,560,423,333,258
2026/01/26/21:19:43,4150.337113,0.753375,0.778313,0.753375,0.778313,27,23,28,15,0,0,0,0,560,423,333,258
2026/01/26/21:19:44,4151.337291,0.753375,0.778313,0.753375,0.778313,27,23,28,15,0,0,0,0,560,423,333,258
2026/01/26/21:19:45,4152.337402,0.753375,0.778313,0.753375,0.778313,27,23,28,15,0,0,0,0,560,423,333,258
2026/01/26/21:19:46,4153.337560,0.753375,0.778313,0.753375,0.778313,27,23,28,15,0,0,0,0,560,423,333,258
2026/01/26/21:19:47,4154.337844,0.753375,0.778313,0.753375,0.778313,27,23,28,15,0,0,0,0,560,423,333,258
2026/01/26/21:19:48,4155.337928,0.747625,0.772765,0.747625,0.772765,27,23,27,15,0,0,0,0,560,423,334,258
2026/01/26/21:19:49,4156.338144,0.738313,0.766025,0.738313,0.766025,26,23,27,15,0,0,0,0,561,423,334,258
2026/01/26/21:19:50,4157.338281,0.738313,0.766025,0.738313,0.766025,26,23,27,15,0,0,0,0,561,423,334,258
2026/01/26/21:19:51,4158.338445,0.738313,0.766025,0.738313,0.766025,26,23,27,15,0,0,0,0,561,423,334,258
2026/01/26/21:19:52,4159.338609,0.738313,0.766025,0.738313,0.766025,26,23,27,15,0,0,0,0,561,423,334,258
2026/01/26/21:19:53,4160.338788,0.738313,0.766025,0.738313,0.766025,26,23,27,15,0,0,0,0,561,423,334,258
2026/01/26/21:19:54,4161.338933,0.738313,0.766025,0.738313,0.766025,26,23,27,15,0,0,0,0,561,423,334,258
2026/01/26/21:19:55,4162.339091,0.738313,0.766025,0.738313,0.766025,26,23,27,15,0,0,0,0,561,423,334,258
2026/01/26/21:19:56,4163.339194,0.738313,0.766025,0.738313,0.766025,26,23,27,15,0,0,0,0,561,423,334,258
2026/01/26/21:19:57,4164.339362,0.738313,0.766025,0.738313,0.766025,26,23,27,15,0,0,0,0,561,423,334,258
2026/01/26/21:19:58,4165.339465,0.738313,0.766025,0.738313,0.766025,26,23,27,15,0,0,0,0,561,423,334,258
2026/01/26/21:19:59,4166.339572,0.738313,0.766025,0.738313,0.766025,26,23,27,15,0,0,0,0,561,423,334,258
2026/01/26/21:20:00,4167.339751,0.738313,0.766025,0.738313,0.766025,26,23,27,15,0,0,0,0,561,423,334,258
2026/01/26/21:20:01,4168.339923,0.738313,0.766025,0.738313,0.766025,26,23,27,15,0,0,0,0,561,423,334,258
2026/01/26/21:20:02,4169.340085,0.726625,0.760115,0.726625,0.760115,26,22,27,15,0,0,0,0,561,424,334,258
2026/01/26/21:20:03,4170.340190,0.726625,0.760115,0.726625,0.760115,26,22,27,15,0,0,0,0,561,424,334,258
2026/01/26/21:20:04,4171.340352,0.726625,0.760115,0.726625,0.760115,26,22,27,15,0,0,0,0,561,424,334,258
2026/01/26/21:20:05,4172.340454,0.726625,0.760115,0.726625,0.760115,26,22,27,15,0,0,0,0,561,424,334,258
2026/01/26/21:20:06,4173.340617,0.726625,0.760115,0.726625,0.760115,26,22,27,15,0,0,0,0,561,424,334,258
2026/01/26/21:20:07,4174.340803,0.726625,0.760115,0.726625,0.760115,26,22,27,15,0,0,0,0,561,424,334,258
2026/01/26/21:20:08,4175.340987,0.726625,0.760115,0.726625,0.760115,26,22,27,15,0,0,0,0,561,424,334,258
2026/01/26/21:20:09,4176.341151,0.726625,0.760115,0.726625,0.760115,26,22,27,15,0,0,0,0,561,424,334,258
2026/01/26/21:20:10,4177.341310,0.726625,0.760115,0.726625,0.760115,26,22,27,15,0,0,0,0,561,424,334,258
2026/01/26/21:20:11,4178.341408,0.726625,0.760115,0.726625,0.760115,26,22,27,15,0,0,0,0,561,424,334,258
2026/01/26/21:20:12,4179.341579,0.726625,0.760115,0.726625,0.760115,26,22,27,15,0,0,0,0,561,424,334,258
2026/01/26/21:20:13,4180.341693,0.726625,0.760115,0.726625,0.760115,26,22,27,15,0,0,0,0,561,424,334,258
2026/01/26/21:20:14,4181.341821,0.726625,0.760115,0.726625,0.760115,26,22,27,15,0,0,0,0,561,424,334,258
2026/01/26/21:20:15,4182.341854,0.726625,0.760115,0.726625,0.760115,26,22,27,15,0,0,0,0,561,424,334,258
2026/01/26/21:20:16,4183.342016,0.770750,0.784404,0.770750,0.784404,29,22,28,16,0,0,0,0,561,424,334,258
2026/01/26/21:20:17,4184.342163,0.803500,0.840238,0.803500,0.840238,29,22,28,24,0,0,0,0,561,424,334,258
2026/01/26/21:20:18,4185.342283,0.803500,0.840238,0.803500,0.840238,29,22,28,24,0,0,0,0,561,424,334,258
2026/01/26/21:20:19,4186.342453,0.803500,0.840238,0.803500,0.840238,29,22,28,24,0,0,0,0,561,424,334,258
2026/01/26/21:20:20,4187.342616,0.799000,0.836864,0.799000,0.836864,29,22,28,23,0,0,0,0,561,424,334,259
2026/01/26/21:20:21,4188.342804,0.799000,0.836864,0.799000,0.836864,29,22,28,23,0,0,0,0,561,424,334,259
2026/01/26/21:20:22,4189.342955,0.799000,0.836864,0.799000,0.836864,29,22,28,23,0,0,0,0,561,424,334,259
2026/01/26/21:20:23,4190.343084,0.785687,0.806291,0.785687,0.806291,29,22,28,20,0,0,0,0,561,424,334,262
2026/01/26/21:20:24,4191.343268,0.780813,0.799962,0.780813,0.799962,28,22,28,20,0,0,0,0,562,424,334,262
2026/01/26/21:20:25,4192.343455,0.780813,0.799962,0.780813,0.799962,28,22,28,20,0,0,0,0,562,424,334,262
2026/01/26/21:20:26,4193.343615,0.749563,0.790021,0.749563,0.790021,26,22,28,20,0,0,0,0,564,424,334,262
2026/01/26/21:20:27,4194.343811,0.749563,0.790021,0.749563,0.790021,26,22,28,20,0,0,0,0,564,424,334,262
2026/01/26/21:20:28,4195.343947,0.740000,0.772640,0.740000,0.772640,26,22,28,17,0,0,0,0,564,424,334,265
2026/01/26/21:20:29,4196.344112,0.740000,0.772640,0.740000,0.772640,26,22,28,17,0,0,0,0,564,424,334,265
2026/01/26/21:20:30,4197.344218,0.740000,0.772640,0.740000,0.772640,26,22,28,17,0,0,0,0,564,424,334,265
2026/01/26/21:20:31,4198.344321,0.740000,0.772640,0.740000,0.772640,26,22,28,17,0,0,0,0,564,424,334,265
2026/01/26/21:20:32,4199.344490,0.740000,0.772640,0.740000,0.772640,26,22,28,17,0,0,0,0,564,424,334,265
2026/01/26/21:20:33,4200.344597,0.740000,0.772640,0.740000,0.772640,26,22,28,17,0,0,0,0,564,424,334,265
2026/01/26/21:20:34,4201.344787,0.740000,0.772640,0.740000,0.772640,26,22,28,17,0,0,0,0,564,424,334,265
2026/01/26/21:20:35,4202.344844,0.725625,0.762635,0.725625,0.762635,26,22,26,17,0,0,0,0,564,424,336,265
2026/01/26/21:20:36,4203.345038,0.721000,0.758415,0.721000,0.758415,26,22,26,16,0,0,0,0,564,424,336,266
2026/01/26/21:20:37,4204.345197,0.721000,0.758415,0.721000,0.758415,26,22,26,16,0,0,0,0,564,424,336,266
2026/01/26/21:20:38,4205.345312,0.721000,0.758415,0.721000,0.758415,26,22,26,16,0,0,0,0,564,424,336,266
2026/01/26/21:20:39,4206.345463,0.721000,0.758415,0.721000,0.758415,26,22,26,16,0,0,0,0,564,424,336,266
2026/01/26/21:20:40,4207.345628,0.721000,0.758415,0.721000,0.758415,26,22,26,16,0,0,0,0,564,424,336,266
2026/01/26/21:20:41,4208.345831,0.721000,0.758415,0.721000,0.758415,26,22,26,16,0,0,0,0,564,424,336,266
2026/01/26/21:20:42,4209.345925,0.721000,0.758415,0.721000,0.758415,26,22,26,16,0,0,0,0,564,424,336,266
2026/01/26/21:20:43,4210.346030,0.721000,0.758415,0.721000,0.758415,26,22,26,16,0,0,0,0,564,424,336,266
2026/01/26/21:20:44,4211.346177,0.721000,0.758415,0.721000,0.758415,26,22,26,16,0,0,0,0,564,424,336,266
2026/01/26/21:20:45,4212.346344,0.739187,0.772236,0.739187,0.772236,29,22,26,16,0,0,0,0,564,424,336,266
2026/01/26/21:20:46,4213.346450,0.739187,0.772236,0.739187,0.772236,29,22,26,16,0,0,0,0,564,424,336,266
2026/01/26/21:20:47,4214.346621,0.739187,0.772236,0.739187,0.772236,29,22,26,16,0,0,0,0,564,424,336,266
2026/01/26/21:20:48,4215.346811,0.739187,0.772236,0.739187,0.772236,29,22,26,16,0,0,0,0,564,424,336,266
2026/01/26/21:20:49,4216.346882,0.721000,0.758415,0.721000,0.758415,26,22,26,16,0,0,0,0,567,424,336,266
2026/01/26/21:20:50,4217.347057,0.721000,0.758415,0.721000,0.758415,26,22,26,16,0,0,0,0,567,424,336,266
2026/01/26/21:20:51,4218.347164,0.721000,0.758415,0.721000,0.758415,26,22,26,16,0,0,0,0,567,424,336,266
2026/01/26/21:20:52,4219.347266,0.721000,0.758415,0.721000,0.758415,26,22,26,16,0,0,0,0,567,424,336,266
2026/01/26/21:20:53,4220.347378,0.721000,0.758415,0.721000,0.758415,26,22,26,16,0,0,0,0,567,424,336,266
2026/01/26/21:20:54,4221.347542,0.721000,0.758415,0.721000,0.758415,26,22,26,16,0,0,0,0,567,424,336,266
2026/01/26/21:20:55,4222.347712,0.721000,0.758415,0.721000,0.758415,26,22,26,16,0,0,0,0,567,424,336,266
2026/01/26/21:20:56,4223.347935,0.721000,0.758415,0.721000,0.758415,26,22,26,16,0,0,0,0,567,424,336,266
2026/01/26/21:20:57,4224.348011,0.721000,0.758415,0.721000,0.758415,26,22,26,16,0,0,0,0,567,424,336,266
2026/01/26/21:20:58,4225.348175,0.721000,0.758415,0.721000,0.758415,26,22,26,16,0,0,0,0,567,424,336,266
2026/01/26/21:20:59,4226.348281,0.721000,0.758415,0.721000,0.758415,26,22,26,16,0,0,0,0,567,424,336,266
2026/01/26/21:21:00,4227.348395,0.822125,0.824684,0.898125,0.842842,34,22,29,16,1,0,1,1,567,424,336,266
2026/01/26/21:21:01,4228.348556,0.822125,0.824684,0.924813,0.846795,34,22,29,16,1,0,1,2,567,424,336,266
2026/01/26/21:21:02,4229.348665,0.798312,0.804123,0.901000,0.826233,34,22,26,16,1,0,1,2,567,424,339,266
2026/01/26/21:21:03,4230.348841,0.791375,0.797917,0.894062,0.820028,33,22,26,16,1,0,1,2,568,424,339,266
2026/01/26/21:21:04,4231.348952,0.798125,0.780056,0.824812,0.784009,32,20,27,17,0,0,0,1,569,426,339,266
2026/01/26/21:21:05,4232.349066,0.798125,0.780056,0.824812,0.784009,32,20,27,17,0,0,0,1,569,426,339,266
2026/01/26/21:21:06,4233.349269,0.771437,0.776103,0.771437,0.776103,32,20,27,16,0,0,0,0,569,426,339,267
2026/01/26/21:21:07,4234.349383,0.766062,0.771598,0.766062,0.771598,32,20,27,15,0,0,0,0,569,426,339,268
2026/01/26/21:21:08,4235.349486,0.776625,0.819397,0.780188,0.840968,33,22,27,15,0,1,0,0,569,426,339,268
2026/01/26/21:21:09,4236.349593,0.750938,0.824087,0.750938,0.824087,30,23,27,15,0,0,0,0,572,426,339,268
2026/01/26/21:21:10,4237.349707,0.750938,0.824087,0.750938,0.824087,30,23,27,15,0,0,0,0,572,426,339,268
2026/01/26/21:21:11,4238.349877,0.750938,0.824087,0.750938,0.824087,30,23,27,15,0,0,0,0,572,426,339,268
2026/01/26/21:21:12,4239.349954,0.750938,0.824087,0.750938,0.824087,30,23,27,15,0,0,0,0,572,426,339,268
2026/01/26/21:21:13,4240.350127,0.747500,0.819428,0.747500,0.819428,29,23,27,15,0,0,0,0,573,426,339,268
2026/01/26/21:21:14,4241.350294,0.747500,0.819428,0.747500,0.819428,29,23,27,15,0,0,0,0,573,426,339,268
2026/01/26/21:21:15,4242.350400,0.747500,0.819428,0.747500,0.819428,29,23,27,15,0,0,0,0,573,426,339,268
2026/01/26/21:21:16,4243.350519,0.747500,0.819428,0.747500,0.819428,29,23,27,15,0,0,0,0,573,426,339,268
2026/01/26/21:21:17,4244.350611,0.747500,0.819428,0.747500,0.819428,29,23,27,15,0,0,0,0,573,426,339,268
2026/01/26/21:21:18,4245.350831,0.736875,0.806226,0.736875,0.806226,27,23,27,15,0,0,0,0,575,426,339,268
2026/01/26/21:21:19,4246.350913,0.736875,0.806226,0.736875,0.806226,27,23,27,15,0,0,0,0,575,426,339,268
2026/01/26/21:21:20,4247.350993,0.788000,0.891372,0.788000,0.891372,29,23,30,20,0,0,0,0,575,426,339,268
2026/01/26/21:21:21,4248.351106,0.788000,0.891372,0.788000,0.891372,29,23,30,20,0,0,0,0,575,426,339,268
2026/01/26/21:21:22,4249.351207,0.798375,0.899557,0.845625,0.931803,29,25,30,20,0,1,0,2,575,426,339,268
2026/01/26/21:21:23,4250.351373,0.798375,0.899557,0.845625,0.931803,29,25,30,20,0,1,0,2,575,426,339,268
2026/01/26/21:21:24,4251.351510,0.798375,0.899557,0.803125,0.924306,29,25,30,20,0,1,0,0,575,426,339,268
2026/01/26/21:21:25,4252.351667,0.798375,0.899557,0.803125,0.924306,29,25,30,20,0,1,0,0,575,426,339,268
2026/01/26/21:21:26,4253.351842,0.798375,0.899557,0.803125,0.924306,29,25,30,20,0,1,0,0,575,426,339,268
2026/01/26/21:21:27,4254.351941,0.798375,0.899557,0.850938,0.961357,29,25,30,20,3,1,0,0,575,426,339,268
2026/01/26/21:21:28,4255.352104,0.798375,0.899557,0.850938,0.961357,29,25,30,20,3,1,0,0,575,426,339,268
2026/01/26/21:21:29,4256.352227,0.788000,0.891372,0.840562,0.953173,29,23,30,20,3,1,0,0,575,428,339,268
2026/01/26/21:21:30,4257.352387,0.788000,0.891372,0.840562,0.953173,29,23,30,20,3,1,0,0,575,428,339,268
2026/01/26/21:21:31,4258.352555,0.788000,0.891372,0.840562,0.953173,29,23,30,20,3,1,0,0,575,428,339,268
2026/01/26/21:21:32,4259.352667,0.788000,0.891372,0.840562,0.953173,29,23,30,20,3,1,0,0,575,428,339,268
2026/01/26/21:21:33,4260.352850,0.802625,0.893938,0.836688,0.949185,29,23,30,20,2,1,0,0,576,428,339,268
2026/01/26/21:21:34,4261.352952,0.802625,0.893938,0.825875,0.925241,29,23,30,20,1,1,0,0,576,428,339,268
2026/01/26/21:21:35,4262.353068,0.802625,0.893938,0.825875,0.925241,29,23,30,20,1,1,0,0,576,428,339,268
2026/01/26/21:21:36,4263.353183,0.802625,0.893938,0.825875,0.925241,29,23,30,20,1,1,0,0,576,428,339,268
2026/01/26/21:21:37,4264.353347,0.802625,0.893938,0.825875,0.925241,29,23,30,20,1,1,0,0,576,428,339,268
2026/01/26/21:21:38,4265.353509,0.796125,0.882423,0.819375,0.913727,27,23,30,20,1,1,0,0,578,428,339,268
2026/01/26/21:21:39,4266.353660,0.796125,0.882423,0.819375,0.913727,27,23,30,20,1,1,0,0,578,428,339,268
2026/01/26/21:21:40,4267.353865,0.796125,0.882423,0.819375,0.913727,27,23,30,20,1,1,0,0,578,428,339,268
2026/01/26/21:21:41,4268.353959,0.796125,0.882423,0.819375,0.913727,27,23,30,20,1,1,0,0,578,428,339,268
2026/01/26/21:21:42,4269.354044,0.783500,0.853151,0.788250,0.877901,28,23,27,18,0,1,0,0,578,428,342,270
2026/01/26/21:21:43,4270.354214,0.783500,0.853151,0.788250,0.877901,28,23,27,18,0,1,0,0,578,428,342,270
2026/01/26/21:21:44,4271.354325,0.783500,0.853151,0.788250,0.877901,28,23,27,18,0,1,0,0,578,428,342,270
2026/01/26/21:21:45,4272.354463,0.783500,0.853151,0.788250,0.877901,28,23,27,18,0,1,0,0,578,428,342,270
2026/01/26/21:21:46,4273.354642,0.783500,0.853151,0.788250,0.877901,28,23,27,18,0,1,0,0,578,428,342,270
2026/01/26/21:21:47,4274.354838,0.783500,0.853151,0.788250,0.877901,28,23,27,18,0,1,0,0,578,428,342,270
2026/01/26/21:21:48,4275.354937,0.783500,0.853151,0.788250,0.877901,28,23,27,18,0,1,0,0,578,428,342,270
2026/01/26/21:21:49,4276.355102,0.783500,0.853151,0.788250,0.877901,28,23,27,18,0,1,0,0,578,428,342,270
2026/01/26/21:21:50,4277.355264,0.783500,0.853151,0.788250,0.877901,28,23,27,18,0,1,0,0,578,428,342,270
2026/01/26/21:21:51,4278.355424,0.783500,0.853151,0.788250,0.877901,28,23,27,18,0,1,0,0,578,428,342,270
2026/01/26/21:21:52,4279.355590,0.770000,0.815345,0.774750,0.840095,28,23,27,15,0,1,0,0,578,428,342,273
2026/01/26/21:21:53,4280.355695,0.770000,0.815345,0.774750,0.840095,28,23,27,15,0,1,0,0,578,428,342,273
2026/01/26/21:21:54,4281.355859,0.770000,0.815345,0.774750,0.840095,28,23,27,15,0,1,0,0,578,428,342,273
2026/01/26/21:21:55,4282.355963,0.770000,0.815345,0.774750,0.840095,28,23,27,15,0,1,0,0,578,428,342,273
2026/01/26/21:21:56,4283.356130,0.770000,0.815345,0.774750,0.840095,28,23,27,15,0,1,0,0,578,428,342,273
2026/01/26/21:21:57,4284.356297,0.770000,0.815345,0.774750,0.840095,28,23,27,15,0,1,0,0,578,428,342,273
2026/01/26/21:21:58,4285.356415,0.770000,0.815345,0.774750,0.840095,28,23,27,15,0,1,0,0,578,428,342,273
2026/01/26/21:21:59,4286.356583,0.770000,0.815345,0.774750,0.840095,28,23,27,15,0,1,0,0,578,428,342,273
2026/01/26/21:22:00,4287.356697,0.770000,0.815345,0.774750,0.840095,28,23,27,15,0,1,0,0,578,428,342,273
2026/01/26/21:22:01,4288.356840,0.770000,0.815345,0.774750,0.840095,28,23,27,15,0,1,0,0,578,428,342,273
2026/01/26/21:22:02,4289.357144,0.770000,0.815345,0.774750,0.840095,28,23,27,15,0,1,0,0,578,428,342,273
2026/01/26/21:22:03,4290.357241,0.770000,0.815345,0.774750,0.840095,28,23,27,15,0,1,0,0,578,428,342,273
2026/01/26/21:22:04,4291.357416,0.770000,0.815345,0.774750,0.840095,28,23,27,15,0,1,0,0,578,428,342,273
2026/01/26/21:22:05,4292.357524,0.770000,0.815345,0.774750,0.840095,28,23,27,15,0,1,0,0,578,428,342,273
2026/01/26/21:22:06,4293.357676,0.785813,0.818643,0.790562,0.843393,28,24,27,15,0,1,0,0,578,428,342,273
2026/01/26/21:22:07,4294.357859,0.785813,0.818643,0.790562,0.843393,28,24,27,15,0,1,0,0,578,428,342,273
2026/01/26/21:22:08,4295.357973,0.789937,0.822704,0.794687,0.847454,28,24,27,16,0,1,0,0,578,428,342,273
2026/01/26/21:22:09,4296.358141,0.789937,0.822704,0.794687,0.847454,28,24,27,16,0,1,0,0,578,428,342,273
2026/01/26/21:22:10,4297.358264,0.789937,0.822704,0.882625,0.861506,28,24,27,16,3,1,0,0,578,428,342,273
2026/01/26/21:22:11,4298.358321,0.784000,0.782743,0.871938,0.796795,28,22,27,16,3,0,0,0,578,431,342,273
2026/01/26/21:22:12,4299.358445,0.784000,0.782743,0.871938,0.796795,28,22,27,16,3,0,0,0,578,431,342,273
2026/01/26/21:22:13,4300.358549,0.784000,0.782743,0.871938,0.796795,28,22,27,16,3,0,0,0,578,431,342,273
2026/01/26/21:22:14,4301.358715,0.784000,0.782743,0.871938,0.796795,28,22,27,16,3,0,0,0,578,431,342,273
2026/01/26/21:22:15,4302.358879,0.779875,0.778682,0.867812,0.792734,28,22,27,15,3,0,0,0,578,431,342,274
2026/01/26/21:22:16,4303.358992,0.779875,0.778682,0.867812,0.792734,28,22,27,15,3,0,0,0,578,431,342,274
2026/01/26/21:22:17,4304.359158,0.779875,0.778682,0.867812,0.792734,28,22,27,15,3,0,0,0,578,431,342,274
2026/01/26/21:22:18,4305.359261,0.779875,0.778682,0.867812,0.792734,28,22,27,15,3,0,0,0,578,431,342,274
2026/01/26/21:22:19,4306.359369,0.779875,0.778682,0.867812,0.792734,28,22,27,15,3,0,0,0,578,431,342,274
2026/01/26/21:22:20,4307.359486,0.779875,0.778682,0.867812,0.792734,28,22,27,15,3,0,0,0,578,431,342,274
2026/01/26/21:22:21,4308.359642,0.784312,0.784790,0.963938,0.845973,29,22,27,15,0,3,0,3,578,433,342,274
2026/01/26/21:22:22,4309.359812,0.768500,0.781491,0.948125,0.842675,29,21,27,15,0,3,0,3,578,434,342,274
2026/01/26/21:22:23,4310.359956,0.768500,0.781491,0.854563,0.817348,29,21,27,15,0,3,0,0,578,434,342,274
2026/01/26/21:22:24,4311.360125,0.768500,0.781491,0.854563,0.817348,29,21,27,15,0,3,0,0,578,434,342,274
2026/01/26/21:22:25,4312.360229,0.764437,0.775621,0.850500,0.811478,28,21,27,15,0,3,0,0,579,434,342,274
2026/01/26/21:22:26,4313.360380,0.764437,0.775621,0.788375,0.804794,28,21,27,15,0,1,0,0,579,434,342,274
2026/01/26/21:22:27,4314.360544,0.764437,0.775621,0.788375,0.804794,28,21,27,15,0,1,0,0,579,434,342,274
2026/01/26/21:22:28,4315.360712,0.764437,0.775621,0.788375,0.804794,28,21,27,15,0,1,0,0,579,434,342,274
2026/01/26/21:22:29,4316.360901,0.764437,0.775621,0.788375,0.804794,28,21,27,15,0,1,0,0,579,434,342,274
2026/01/26/21:22:30,4317.361069,0.764437,0.775621,0.788375,0.804794,28,21,27,15,0,1,0,0,579,434,342,274
2026/01/26/21:22:31,4318.361233,0.764437,0.775621,0.788375,0.804794,28,21,27,15,0,1,0,0,579,434,342,274
2026/01/26/21:22:32,4319.361395,0.764437,0.775621,0.788375,0.804794,28,21,27,15,0,1,0,0,579,434,342,274
2026/01/26/21:22:33,4320.361496,0.764437,0.775621,0.788375,0.804794,28,21,27,15,0,1,0,0,579,434,342,274
2026/01/26/21:22:34,4321.361670,0.764437,0.775621,0.788375,0.804794,28,21,27,15,0,1,0,0,579,434,342,274
2026/01/26/21:22:35,4322.361855,0.764437,0.775621,0.788375,0.804794,28,21,27,15,0,1,0,0,579,434,342,274
2026/01/26/21:22:36,4323.361957,0.764437,0.775621,0.788375,0.804794,28,21,27,15,0,1,0,0,579,434,342,274
2026/01/26/21:22:37,4324.362072,0.764437,0.775621,0.788375,0.804794,28,21,27,15,0,1,0,0,579,434,342,274
2026/01/26/21:22:38,4325.362236,0.764437,0.775621,0.788375,0.804794,28,21,27,15,0,1,0,0,579,434,342,274
2026/01/26/21:22:39,4326.362406,0.764437,0.775621,0.788375,0.804794,28,21,27,15,0,1,0,0,579,434,342,274
2026/01/26/21:22:40,4327.362571,0.764437,0.775621,0.788375,0.804794,28,21,27,15,0,1,0,0,579,434,342,274
2026/01/26/21:22:41,4328.362736,0.764437,0.775621,0.788375,0.804794,28,21,27,15,0,1,0,0,579,434,342,274
2026/01/26/21:22:42,4329.362902,0.764437,0.775621,0.788375,0.804794,28,21,27,15,0,1,0,0,579,434,342,274
2026/01/26/21:22:43,4330.363072,0.764437,0.775621,0.788375,0.804794,28,21,27,15,0,1,0,0,579,434,342,274
2026/01/26/21:22:44,4331.363231,0.764437,0.775621,0.788375,0.804794,28,21,27,15,0,1,0,0,579,434,342,274
2026/01/26/21:22:45,4332.363343,0.764437,0.775621,0.788375,0.804794,28,21,27,15,0,1,0,0,579,434,342,274
2026/01/26/21:22:46,4333.363447,0.764437,0.775621,0.788375,0.804794,28,21,27,15,0,1,0,0,579,434,342,274
2026/01/26/21:22:47,4334.363609,0.764437,0.775621,0.788375,0.804794,28,21,27,15,0,1,0,0,579,434,342,274
2026/01/26/21:22:48,4335.363801,0.764437,0.775621,0.788375,0.804794,28,21,27,15,0,1,0,0,579,434,342,274
2026/01/26/21:22:49,4336.363888,0.764437,0.775621,0.788375,0.804794,28,21,27,15,0,1,0,0,579,434,342,274
2026/01/26/21:22:50,4337.364002,0.764437,0.775621,0.788375,0.804794,28,21,27,15,0,1,0,0,579,434,342,274
2026/01/26/21:22:51,4338.364178,0.764437,0.775621,0.788375,0.804794,28,21,27,15,0,1,0,0,579,434,342,274
2026/01/26/21:22:52,4339.364343,0.764437,0.775621,0.788375,0.804794,28,21,27,15,0,1,0,0,579,434,342,274
2026/01/26/21:22:53,4340.364487,0.764437,0.775621,0.764437,0.775621,28,21,27,15,0,0,0,0,579,434,342,274
2026/01/26/21:22:54,4341.364662,0.764437,0.775621,0.764437,0.775621,28,21,27,15,0,0,0,0,579,434,342,274
2026/01/26/21:22:55,4342.364844,0.764437,0.775621,0.764437,0.775621,28,21,27,15,0,0,0,0,579,434,342,274
2026/01/26/21:22:56,4343.365023,0.764437,0.775621,0.764437,0.775621,28,21,27,15,0,0,0,0,579,434,342,274
2026/01/26/21:22:57,4344.365187,0.760813,0.769841,0.760813,0.769841,28,21,27,14,0,0,0,0,579,434,342,275
2026/01/26/21:22:58,4345.365353,0.760813,0.769841,0.760813,0.769841,28,21,27,14,0,0,0,0,579,434,342,275
2026/01/26/21:22:59,4346.365465,0.760813,0.769841,0.760813,0.769841,28,21,27,14,0,0,0,0,579,434,342,275
2026/01/26/21:23:00,4347.365636,0.760813,0.769841,0.760813,0.769841,28,21,27,14,0,0,0,0,579,434,342,275
2026/01/26/21:23:01,4348.365814,0.760813,0.769841,0.760813,0.769841,28,21,27,14,0,0,0,0,579,434,342,275
2026/01/26/21:23:02,4349.365946,0.760813,0.769841,0.760813,0.769841,28,21,27,14,0,0,0,0,579,434,342,275
2026/01/26/21:23:03,4350.366109,0.764813,0.773339,0.764813,0.773339,28,22,27,14,0,0,0,0,579,434,342,275
2026/01/26/21:23:04,4351.366173,0.761437,0.769539,0.761437,0.769539,28,22,26,14,0,0,0,0,579,434,343,275
2026/01/26/21:23:05,4352.366351,0.757437,0.766042,0.757437,0.766042,28,21,26,14,0,0,0,0,579,435,343,275
2026/01/26/21:23:06,4353.366539,0.757437,0.766042,0.757437,0.766042,28,21,26,14,0,0,0,0,579,435,343,275
2026/01/26/21:23:07,4354.366666,0.757437,0.766042,0.757437,0.766042,28,21,26,14,0,0,0,0,579,435,343,275
2026/01/26/21:23:08,4355.366863,0.757437,0.766042,0.757437,0.766042,28,21,26,14,0,0,0,0,579,435,343,275
2026/01/26/21:23:09,4356.367028,0.757437,0.766042,0.757437,0.766042,28,21,26,14,0,0,0,0,579,435,343,275
2026/01/26/21:23:10,4357.367141,0.757437,0.766042,0.757437,0.766042,28,21,26,14,0,0,0,0,579,435,343,275
2026/01/26/21:23:11,4358.367392,0.757437,0.766042,0.757437,0.766042,28,21,26,14,0,0,0,0,579,435,343,275
2026/01/26/21:23:12,4359.367517,0.757437,0.766042,0.757437,0.766042,28,21,26,14,0,0,0,0,579,435,343,275
2026/01/26/21:23:13,4360.367640,0.757437,0.766042,0.757437,0.766042,28,21,26,14,0,0,0,0,579,435,343,275
2026/01/26/21:23:14,4361.367818,0.757437,0.766042,0.757437,0.766042,28,21,26,14,0,0,0,0,579,435,343,275
2026/01/26/21:23:15,4362.367956,0.757437,0.766042,0.757437,0.766042,28,21,26,14,0,0,0,0,579,435,343,275
2026/01/26/21:23:16,4363.368059,0.757437,0.766042,0.757437,0.766042,28,21,26,14,0,0,0,0,579,435,343,275
2026/01/26/21:23:17,4364.368165,0.757437,0.766042,0.757437,0.766042,28,21,26,14,0,0,0,0,579,435,343,275
2026/01/26/21:23:18,4365.368274,0.757437,0.766042,0.757437,0.766042,28,21,26,14,0,0,0,0,579,435,343,275
2026/01/26/21:23:19,4366.368456,0.757437,0.766042,0.757437,0.766042,28,21,26,14,0,0,0,0,579,435,343,275
2026/01/26/21:23:20,4367.368619,0.757437,0.766042,0.757437,0.766042,28,21,26,14,0,0,0,0,579,435,343,275
2026/01/26/21:23:21,4368.368812,0.757437,0.766042,0.757437,0.766042,28,21,26,14,0,0,0,0,579,435,343,275
2026/01/26/21:23:22,4369.368948,0.757437,0.766042,0.757437,0.766042,28,21,26,14,0,0,0,0,579,435,343,275
2026/01/26/21:23:23,4370.369110,0.757437,0.766042,0.757437,0.766042,28,21,26,14,0,0,0,0,579,435,343,275
2026/01/26/21:23:24,4371.369275,0.757437,0.766042,0.757437,0.766042,28,21,26,14,0,0,0,0,579,435,343,275
2026/01/26/21:23:25,4372.369442,0.757437,0.766042,0.757437,0.766042,28,21,26,14,0,0,0,0,579,435,343,275
2026/01/26/21:23:26,4373.369550,0.757437,0.766042,0.757437,0.766042,28,21,26,14,0,0,0,0,579,435,343,275
2026/01/26/21:23:27,4374.369653,0.757437,0.766042,0.757437,0.766042,28,21,26,14,0,0,0,0,579,435,343,275
2026/01/26/21:23:28,4375.369832,0.757437,0.766042,0.757437,0.766042,28,21,26,14,0,0,0,0,579,435,343,275
2026/01/26/21:23:29,4376.369997,0.757437,0.766042,0.757437,0.766042,28,21,26,14,0,0,0,0,579,435,343,275
2026/01/26/21:23:30,4377.370166,0.757437,0.766042,0.757437,0.766042,28,21,26,14,0,0,0,0,579,435,343,275
2026/01/26/21:23:31,4378.370279,0.757437,0.766042,0.757437,0.766042,28,21,26,14,0,0,0,0,579,435,343,275
2026/01/26/21:23:32,4379.370441,0.757437,0.766042,0.757437,0.766042,28,21,26,14,0,0,0,0,579,435,343,275
2026/01/26/21:23:33,4380.370605,0.757437,0.766042,0.757437,0.766042,28,21,26,14,0,0,0,0,579,435,343,275
2026/01/26/21:23:34,4381.370792,0.757437,0.766042,0.757437,0.766042,28,21,26,14,0,0,0,0,579,435,343,275
2026/01/26/21:23:35,4382.370954,0.757437,0.766042,0.757437,0.766042,28,21,26,14,0,0,0,0,579,435,343,275
2026/01/26/21:23:36,4383.371114,0.757437,0.766042,0.757437,0.766042,28,21,26,14,0,0,0,0,579,435,343,275
2026/01/26/21:23:37,4384.371279,0.757437,0.766042,0.757437,0.766042,28,21,26,14,0,0,0,0,579,435,343,275
2026/01/26/21:23:38,4385.371438,0.757437,0.766042,0.757437,0.766042,28,21,26,14,0,0,0,0,579,435,343,275
2026/01/26/21:23:39,4386.371603,0.757437,0.766042,0.757437,0.766042,28,21,26,14,0,0,0,0,579,435,343,275
2026/01/26/21:23:40,4387.371694,0.828875,0.821754,0.828875,0.821754,30,27,28,14,0,0,0,0,579,435,343,275
2026/01/26/21:23:41,4388.371862,0.885563,0.886317,0.888875,0.899996,30,30,32,18,0,0,0,1,579,435,343,275
2026/01/26/21:23:42,4389.372011,0.910125,0.903013,0.991250,0.960166,35,30,32,18,1,4,0,1,579,435,343,275
2026/01/26/21:23:43,4390.372092,0.885938,0.884752,0.963437,0.926496,36,26,29,18,0,4,0,1,579,439,346,275
2026/01/26/21:23:44,4391.372191,0.885938,0.884752,0.963437,0.926496,36,26,29,18,0,4,0,1,579,439,346,275
2026/01/26/21:23:45,4392.372360,0.869875,0.860468,0.944063,0.888533,36,24,29,17,0,4,0,0,579,441,346,276
2026/01/26/21:23:46,4393.372522,0.857250,0.854079,0.918750,0.875186,36,25,26,17,0,3,0,0,579,441,349,276
2026/01/26/21:23:47,4394.372699,0.824250,0.827756,0.885750,0.848863,33,25,26,14,0,3,0,0,582,441,349,279
2026/01/26/21:23:48,4395.372821,0.796625,0.810293,0.858125,0.831400,29,25,26,14,0,3,0,0,586,441,349,279
2026/01/26/21:23:49,4396.372864,0.796625,0.810293,0.858125,0.831400,29,25,26,14,0,3,0,0,586,441,349,279
2026/01/26/21:23:50,4397.372972,0.796625,0.810293,0.858125,0.831400,29,25,26,14,0,3,0,0,586,441,349,279
2026/01/26/21:23:51,4398.373078,0.796625,0.810293,0.858125,0.831400,29,25,26,14,0,3,0,0,586,441,349,279
2026/01/26/21:23:52,4399.373180,0.796625,0.810293,0.858125,0.831400,29,25,26,14,0,3,0,0,586,441,349,279
2026/01/26/21:23:53,4400.373353,0.796625,0.810293,0.858125,0.831400,29,25,26,14,0,3,0,0,586,441,349,279
2026/01/26/21:23:54,4401.373453,0.796625,0.810293,0.858125,0.831400,29,25,26,14,0,3,0,0,586,441,349,279
2026/01/26/21:23:55,4402.373620,0.778312,0.792749,0.819312,0.806821,29,26,23,14,0,2,0,0,586,441,352,279
2026/01/26/21:23:56,4403.373798,0.778312,0.792749,0.819312,0.806821,29,26,23,14,0,2,0,0,586,441,352,279
2026/01/26/21:23:57,4404.373960,0.757812,0.785714,0.757812,0.785714,29,25,23,14,0,0,0,0,586,442,352,279
2026/01/26/21:23:58,4405.374061,0.757812,0.785714,0.757812,0.785714,29,25,23,14,0,0,0,0,586,442,352,279
2026/01/26/21:23:59,4406.374182,0.757812,0.785714,0.757812,0.785714,29,25,23,14,0,0,0,0,586,442,352,279
2026/01/26/21:24:00,4407.374341,0.757812,0.785714,0.757812,0.785714,29,25,23,14,0,0,0,0,586,442,352,279
2026/01/26/21:24:01,4408.374441,0.757812,0.785714,0.757812,0.785714,29,25,23,14,0,0,0,0,586,442,352,279
2026/01/26/21:24:02,4409.374548,0.757812,0.785714,0.757812,0.785714,29,25,23,14,0,0,0,0,586,442,352,279
2026/01/26/21:24:03,4410.374712,0.757812,0.785714,0.757812,0.785714,29,25,23,14,0,0,0,0,586,442,352,279
2026/01/26/21:24:04,4411.374876,0.754188,0.770304,0.754188,0.770304,28,25,23,14,0,0,0,0,587,442,352,279
2026/01/26/21:24:05,4412.375038,0.754188,0.770304,0.754188,0.770304,28,25,23,14,0,0,0,0,587,442,352,279
2026/01/26/21:24:06,4413.375150,0.754188,0.770304,0.754188,0.770304,28,25,23,14,0,0,0,0,587,442,352,279
2026/01/26/21:24:07,4414.375315,0.754188,0.770304,0.754188,0.770304,28,25,23,14,0,0,0,0,587,442,352,279
2026/01/26/21:24:08,4415.375480,0.741500,0.763346,0.741500,0.763346,28,24,23,14,0,0,0,0,587,443,352,279
2026/01/26/21:24:09,4416.375643,0.741500,0.763346,0.741500,0.763346,28,24,23,14,0,0,0,0,587,443,352,279
2026/01/26/21:24:10,4417.375824,0.741500,0.763346,0.741500,0.763346,28,24,23,14,0,0,0,0,587,443,352,279
2026/01/26/21:24:11,4418.375988,0.741500,0.763346,0.741500,0.763346,28,24,23,14,0,0,0,0,587,443,352,279
2026/01/26/21:24:12,4419.376152,0.741500,0.763346,0.741500,0.763346,28,24,23,14,0,0,0,0,587,443,352,279
2026/01/26/21:24:13,4420.376249,0.761813,0.771318,0.761813,0.771318,29,24,23,14,0,0,0,0,587,443,352,279
2026/01/26/21:24:14,4421.376415,0.761813,0.771318,0.761813,0.771318,29,24,23,14,0,0,0,0,587,443,352,279
2026/01/26/21:24:15,4422.376574,0.783312,0.782602,0.783312,0.782602,29,24,25,14,0,0,0,0,587,443,352,279
2026/01/26/21:24:16,4423.376737,0.783312,0.782602,0.783312,0.782602,29,24,25,14,0,0,0,0,587,443,352,279
2026/01/26/21:24:17,4424.376894,0.761813,0.771318,0.761813,0.771318,29,24,23,14,0,0,0,0,587,443,354,279
2026/01/26/21:24:18,4425.377064,0.761813,0.771318,0.761813,0.771318,29,24,23,14,0,0,0,0,587,443,354,279
2026/01/26/21:24:19,4426.377167,0.761813,0.771318,0.761813,0.771318,29,24,23,14,0,0,0,0,587,443,354,279
2026/01/26/21:24:20,4427.377272,0.761813,0.771318,0.761813,0.771318,29,24,23,14,0,0,0,0,587,443,354,279
2026/01/26/21:24:21,4428.377434,0.755750,0.773499,0.755750,0.773499,31,24,23,14,0,0,0,0,588,443,354,279
2026/01/26/21:24:22,4429.377612,0.755750,0.773499,0.755750,0.773499,31,24,23,14,0,0,0,0,588,443,354,279
2026/01/26/21:24:23,4430.377802,0.755750,0.773499,0.755750,0.773499,31,24,23,14,0,0,0,0,588,443,354,279
2026/01/26/21:24:24,4431.377949,0.755750,0.773499,0.755750,0.773499,31,24,23,14,0,0,0,0,588,443,354,279
2026/01/26/21:24:25,4432.378048,0.755750,0.773499,0.755750,0.773499,31,24,23,14,0,0,0,0,588,443,354,279
2026/01/26/21:24:26,4433.378166,0.755750,0.773499,0.755750,0.773499,31,24,23,14,0,0,0,0,588,443,354,279
2026/01/26/21:24:27,4434.378291,0.732875,0.751615,0.732875,0.751615,31,21,23,14,0,0,0,0,588,446,354,279
2026/01/26/21:24:28,4435.378472,0.732875,0.751615,0.732875,0.751615,31,21,23,14,0,0,0,0,588,446,354,279
2026/01/26/21:24:29,4436.378630,0.732875,0.751615,0.732875,0.751615,31,21,23,14,0,0,0,0,588,446,354,279
2026/01/26/21:24:30,4437.378748,0.732875,0.751615,0.732875,0.751615,31,21,23,14,0,0,0,0,588,446,354,279
2026/01/26/21:24:31,4438.378912,0.732875,0.751615,0.732875,0.751615,31,21,23,14,0,0,0,0,588,446,354,279
2026/01/26/21:24:32,4439.379013,0.732875,0.751615,0.732875,0.751615,31,21,23,14,0,0,0,0,588,446,354,279
2026/01/26/21:24:33,4440.379119,0.732875,0.751615,0.732875,0.751615,31,21,23,14,0,0,0,0,588,446,354,279
2026/01/26/21:24:34,4441.379269,0.732875,0.751615,0.732875,0.751615,31,21,23,14,0,0,0,0,588,446,354,279
2026/01/26/21:24:35,4442.379387,0.732875,0.751615,0.732875,0.751615,31,21,23,14,0,0,0,0,588,446,354,279
2026/01/26/21:24:36,4443.379497,0.732875,0.751615,0.732875,0.751615,31,21,23,14,0,0,0,0,588,446,354,279
2026/01/26/21:24:37,4444.379608,0.732875,0.751615,0.732875,0.751615,31,21,23,14,0,0,0,0,588,446,354,279
2026/01/26/21:24:38,4445.379722,0.732875,0.751615,0.732875,0.751615,31,21,23,14,0,0,0,0,588,446,354,279
2026/01/26/21:24:39,4446.379905,0.746375,0.761150,0.746375,0.761150,34,21,23,14,0,0,0,0,588,446,354,279
2026/01/26/21:24:40,4447.380000,0.746375,0.761150,0.746375,0.761150,34,21,23,14,0,0,0,0,588,446,354,279
2026/01/26/21:24:41,4448.380125,0.746375,0.761150,0.746375,0.761150,34,21,23,14,0,0,0,0,588,446,354,279
2026/01/26/21:24:42,4449.380223,0.746375,0.761150,0.746375,0.761150,34,21,23,14,0,0,0,0,588,446,354,279
2026/01/26/21:24:43,4450.380327,0.746375,0.761150,0.746375,0.761150,34,21,23,14,0,0,0,0,588,446,354,279
2026/01/26/21:24:44,4451.380488,0.746375,0.761150,0.746375,0.761150,34,21,23,14,0,0,0,0,588,446,354,279
2026/01/26/21:24:45,4452.380654,0.746375,0.761150,0.746375,0.761150,34,21,23,14,0,0,0,0,588,446,354,279
2026/01/26/21:24:46,4453.380780,0.732875,0.751615,0.732875,0.751615,31,21,23,14,0,0,0,0,591,446,354,279
2026/01/26/21:24:47,4454.380935,0.732875,0.751615,0.732875,0.751615,31,21,23,14,0,0,0,0,591,446,354,279
2026/01/26/21:24:48,4455.381049,0.732875,0.751615,0.732875,0.751615,31,21,23,14,0,0,0,0,591,446,354,279
2026/01/26/21:24:49,4456.381172,0.732875,0.751615,0.732875,0.751615,31,21,23,14,0,0,0,0,591,446,354,279
2026/01/26/21:24:50,4457.381287,0.732875,0.751615,0.732875,0.751615,31,21,23,14,0,0,0,0,591,446,354,279
2026/01/26/21:24:51,4458.381391,0.732875,0.751615,0.732875,0.751615,31,21,23,14,0,0,0,0,591,446,354,279
2026/01/26/21:24:52,4459.381505,0.732875,0.751615,0.732875,0.751615,31,21,23,14,0,0,0,0,591,446,354,279
2026/01/26/21:24:53,4460.381716,0.732875,0.751615,0.732875,0.751615,31,21,23,14,0,0,0,0,591,446,354,279
2026/01/26/21:24:54,4461.381880,0.732875,0.751615,0.732875,0.751615,31,21,23,14,0,0,0,0,591,446,354,279
2026/01/26/21:24:55,4462.381992,0.732875,0.751615,0.732875,0.751615,31,21,23,14,0,0,0,0,591,446,354,279
2026/01/26/21:24:56,4463.382100,0.732875,0.751615,0.732875,0.751615,31,21,23,14,0,0,0,0,591,446,354,279
2026/01/26/21:24:57,4464.382264,0.732875,0.751615,0.732875,0.751615,31,21,23,14,0,0,0,0,591,446,354,279
2026/01/26/21:24:58,4465.382367,0.718625,0.741463,0.718625,0.741463,28,21,23,14,0,0,0,0,594,446,354,279
2026/01/26/21:24:59,4466.382558,0.718625,0.741463,0.718625,0.741463,28,21,23,14,0,0,0,0,594,446,354,279
2026/01/26/21:25:00,4467.382718,0.718625,0.741463,0.718625,0.741463,28,21,23,14,0,0,0,0,594,446,354,279
2026/01/26/21:25:01,4468.382889,0.718625,0.741463,0.718625,0.741463,28,21,23,14,0,0,0,0,594,446,354,279
2026/01/26/21:25:02,4469.383012,0.718625,0.741463,0.718625,0.741463,28,21,23,14,0,0,0,0,594,446,354,279
2026/01/26/21:25:03,4470.383107,0.718625,0.741463,0.718625,0.741463,28,21,23,14,0,0,0,0,594,446,354,279
2026/01/26/21:25:04,4471.383276,0.718625,0.741463,0.718625,0.741463,28,21,23,14,0,0,0,0,594,446,354,279
2026/01/26/21:25:05,4472.383440,0.718625,0.741463,0.718625,0.741463,28,21,23,14,0,0,0,0,594,446,354,279
2026/01/26/21:25:06,4473.383579,0.718625,0.741463,0.718625,0.741463,28,21,23,14,0,0,0,0,594,446,354,279
2026/01/26/21:25:07,4474.383721,0.718625,0.741463,0.718625,0.741463,28,21,23,14,0,0,0,0,594,446,354,279
2026/01/26/21:25:08,4475.383888,0.718625,0.741463,0.718625,0.741463,28,21,23,14,0,0,0,0,594,446,354,279
2026/01/26/21:25:09,4476.383989,0.718625,0.741463,0.718625,0.741463,28,21,23,14,0,0,0,0,594,446,354,279
2026/01/26/21:25:10,4477.384159,0.718625,0.741463,0.718625,0.741463,28,21,23,14,0,0,0,0,594,446,354,279
2026/01/26/21:25:11,4478.384279,0.718625,0.741463,0.718625,0.741463,28,21,23,14,0,0,0,0,594,446,354,279
2026/01/26/21:25:12,4479.384444,0.718625,0.741463,0.718625,0.741463,28,21,23,14,0,0,0,0,594,446,354,279
2026/01/26/21:25:13,4480.384610,0.718625,0.741463,0.718625,0.741463,28,21,23,14,0,0,0,0,594,446,354,279
2026/01/26/21:25:14,4481.384791,0.718625,0.741463,0.718625,0.741463,28,21,23,14,0,0,0,0,594,446,354,279
2026/01/26/21:25:15,4482.384952,0.718625,0.741463,0.718625,0.741463,28,21,23,14,0,0,0,0,594,446,354,279
2026/01/26/21:25:16,4483.385065,0.718625,0.741463,0.718625,0.741463,28,21,23,14,0,0,0,0,594,446,354,279
2026/01/26/21:25:17,4484.385232,0.718625,0.741463,0.718625,0.741463,28,21,23,14,0,0,0,0,594,446,354,279
2026/01/26/21:25:18,4485.385396,0.718625,0.741463,0.718625,0.741463,28,21,23,14,0,0,0,0,594,446,354,279
2026/01/26/21:25:19,4486.385556,0.718625,0.741463,0.718625,0.741463,28,21,23,14,0,0,0,0,594,446,354,279
2026/01/26/21:25:20,4487.385735,0.718625,0.741463,0.718625,0.741463,28,21,23,14,0,0,0,0,594,446,354,279
2026/01/26/21:25:21,4488.385919,0.718625,0.741463,0.718625,0.741463,28,21,23,14,0,0,0,0,594,446,354,279
2026/01/26/21:25:22,4489.386032,0.718625,0.741463,0.718625,0.741463,28,21,23,14,0,0,0,0,594,446,354,279
2026/01/26/21:25:23,4490.386192,0.718625,0.741463,0.718625,0.741463,28,21,23,14,0,0,0,0,594,446,354,279
2026/01/26/21:25:24,4491.386356,0.718625,0.741463,0.718625,0.741463,28,21,23,14,0,0,0,0,594,446,354,279
2026/01/26/21:25:25,4492.386523,0.718625,0.741463,0.718625,0.741463,28,21,23,14,0,0,0,0,594,446,354,279
2026/01/26/21:25:26,4493.386700,0.718625,0.741463,0.718625,0.741463,28,21,23,14,0,0,0,0,594,446,354,279
2026/01/26/21:25:27,4494.386880,0.718625,0.741463,0.718625,0.741463,28,21,23,14,0,0,0,0,594,446,354,279
2026/01/26/21:25:28,4495.386963,0.740250,0.757724,0.740250,0.757724,30,21,23,14,0,0,0,0,594,446,354,279
2026/01/26/21:25:29,4496.387074,0.740250,0.757724,0.740250,0.757724,30,21,23,14,0,0,0,0,594,446,354,279
2026/01/26/21:25:30,4497.387242,0.740250,0.757724,0.740250,0.757724,30,21,23,14,0,0,0,0,594,446,354,279
2026/01/26/21:25:31,4498.387407,0.740250,0.757724,0.740250,0.757724,30,21,23,14,0,0,0,0,594,446,354,279
2026/01/26/21:25:32,4499.387563,0.740250,0.757724,0.740250,0.757724,30,21,23,14,0,0,0,0,594,446,354,279
2026/01/26/21:25:33,4500.387733,0.740250,0.757724,0.740250,0.757724,30,21,23,14,0,0,0,0,594,446,354,279
2026/01/26/21:25:34,4501.387900,0.740250,0.757724,0.740250,0.757724,30,21,23,14,0,0,0,0,594,446,354,279
2026/01/26/21:25:35,4502.388105,0.740250,0.757724,0.740250,0.757724,30,21,23,14,0,0,0,0,594,446,354,279
2026/01/26/21:25:36,4503.388152,0.740250,0.757724,0.740250,0.757724,30,21,23,14,0,0,0,0,594,446,354,279
2026/01/26/21:25:37,4504.388269,0.740250,0.757724,0.740250,0.757724,30,21,23,14,0,0,0,0,594,446,354,279
2026/01/26/21:25:38,4505.388436,0.740250,0.757724,0.740250,0.757724,30,21,23,14,0,0,0,0,594,446,354,279
2026/01/26/21:25:39,4506.388550,0.740250,0.757724,0.740250,0.757724,30,21,23,14,0,0,0,0,594,446,354,279
2026/01/26/21:25:40,4507.388709,0.740250,0.757724,0.740250,0.757724,30,21,23,14,0,0,0,0,594,446,354,279
2026/01/26/21:25:41,4508.388825,0.740250,0.757724,0.740250,0.757724,30,21,23,14,0,0,0,0,594,446,354,279
2026/01/26/21:25:42,4509.388938,0.740250,0.757724,0.740250,0.757724,30,21,23,14,0,0,0,0,594,446,354,279
2026/01/26/21:25:43,4510.389072,0.740250,0.757724,0.740250,0.757724,30,21,23,14,0,0,0,0,594,446,354,279
2026/01/26/21:25:44,4511.389167,0.740250,0.757724,0.740250,0.757724,30,21,23,14,0,0,0,0,594,446,354,279
2026/01/26/21:25:45,4512.389259,0.740250,0.757724,0.740250,0.757724,30,21,23,14,0,0,0,0,594,446,354,279
2026/01/26/21:25:46,4513.389383,0.740250,0.757724,0.740250,0.757724,30,21,23,14,0,0,0,0,594,446,354,279
2026/01/26/21:25:47,4514.389492,0.740250,0.757724,0.740250,0.757724,30,21,23,14,0,0,0,0,594,446,354,279
2026/01/26/21:25:48,4515.389656,0.756812,0.772005,0.756812,0.772005,32,21,24,14,0,0,0,0,594,446,354,279
2026/01/26/21:25:49,4516.389753,0.756812,0.772005,0.756812,0.772005,32,21,24,14,0,0,0,0,594,446,354,279
2026/01/26/21:25:50,4517.389934,0.756812,0.772005,0.756812,0.772005,32,21,24,14,0,0,0,0,594,446,354,279
2026/01/26/21:25:51,4518.390040,0.748812,0.765520,0.748812,0.765520,30,21,24,14,0,0,0,0,596,446,354,279
2026/01/26/21:25:52,4519.390155,0.748812,0.765520,0.748812,0.765520,30,21,24,14,0,0,0,0,596,446,354,279
2026/01/26/21:25:53,4520.390223,0.748812,0.765520,0.748812,0.765520,30,21,24,14,0,0,0,0,596,446,354,279
2026/01/26/21:25:54,4521.390346,0.739250,0.755783,0.739250,0.755783,30,18,24,14,0,0,0,0,596,449,354,279
2026/01/26/21:25:55,4522.390443,0.739250,0.755783,0.739250,0.755783,30,18,24,14,0,0,0,0,596,449,354,279
2026/01/26/21:25:56,4523.390553,0.739250,0.755783,0.739250,0.755783,30,18,24,14,0,0,0,0,596,449,354,279
2026/01/26/21:25:57,4524.390734,0.781625,0.854386,0.781625,0.854386,36,18,24,14,0,0,0,0,596,449,354,279
2026/01/26/21:25:58,4525.390838,0.781625,0.854386,0.781625,0.854386,36,18,24,14,0,0,0,0,596,449,354,279
2026/01/26/21:25:59,4526.390945,0.781625,0.854386,0.781625,0.854386,36,18,24,14,0,0,0,0,596,449,354,279
2026/01/26/21:26:00,4527.391104,0.781625,0.854386,0.781625,0.854386,36,18,24,14,0,0,0,0,596,449,354,279
2026/01/26/21:26:01,4528.391255,0.781625,0.854386,0.781625,0.854386,36,18,24,14,0,0,0,0,596,449,354,279
2026/01/26/21:26:02,4529.391431,0.781625,0.854386,0.781625,0.854386,36,18,24,14,0,0,0,0,596,449,354,279
2026/01/26/21:26:03,4530.391601,0.781625,0.854386,0.781625,0.854386,36,18,24,14,0,0,0,0,596,449,354,279
2026/01/26/21:26:04,4531.391756,0.781625,0.854386,0.781625,0.854386,36,18,24,14,0,0,0,0,596,449,354,279
2026/01/26/21:26:05,4532.391931,0.781625,0.854386,0.781625,0.854386,36,18,24,14,0,0,0,0,596,449,354,279
2026/01/26/21:26:06,4533.392095,0.781625,0.854386,0.781625,0.854386,36,18,24,14,0,0,0,0,596,449,354,279
2026/01/26/21:26:07,4534.392265,0.781625,0.854386,0.781625,0.854386,36,18,24,14,0,0,0,0,596,449,354,279
2026/01/26/21:26:08,4535.392372,0.826812,0.884159,0.826812,0.884159,40,18,25,14,0,0,0,0,596,449,354,279
2026/01/26/21:26:09,4536.392479,0.830375,0.887901,0.839562,0.897054,40,19,25,14,0,0,1,0,596,449,354,279
2026/01/26/21:26:10,4537.392622,0.801500,0.871372,0.801500,0.871372,37,19,25,14,0,0,0,0,599,449,355,279
2026/01/26/21:26:11,4538.392826,0.801500,0.871372,0.801500,0.871372,37,19,25,14,0,0,0,0,599,449,355,279
2026/01/26/21:26:12,4539.392961,0.801500,0.871372,0.801500,0.871372,37,19,25,14,0,0,0,0,599,449,355,279
2026/01/26/21:26:13,4540.393125,0.797937,0.867630,0.797937,0.867630,37,18,25,14,0,0,0,0,599,450,355,279
2026/01/26/21:26:14,4541.393295,0.797937,0.867630,0.797937,0.867630,37,18,25,14,0,0,0,0,599,450,355,279
2026/01/26/21:26:15,4542.393476,0.797937,0.867630,0.797937,0.867630,37,18,25,14,0,0,0,0,599,450,355,279
2026/01/26/21:26:16,4543.393642,0.790813,0.863539,0.790813,0.863539,36,18,25,14,0,0,0,0,600,450,355,279
2026/01/26/21:26:17,4544.393837,0.790813,0.863539,0.790813,0.863539,36,18,25,14,0,0,0,0,600,450,355,279
2026/01/26/21:26:18,4545.393944,0.790813,0.863539,0.790813,0.863539,36,18,25,14,0,0,0,0,600,450,355,279
2026/01/26/21:26:19,4546.394048,0.790813,0.863539,0.790813,0.863539,36,18,25,14,0,0,0,0,600,450,355,279
2026/01/26/21:26:20,4547.394215,0.779750,0.811996,0.779750,0.811996,33,18,25,14,0,0,0,0,603,450,355,279
2026/01/26/21:26:21,4548.394313,0.779750,0.811996,0.779750,0.811996,33,18,25,14,0,0,0,0,603,450,355,279
2026/01/26/21:26:22,4549.394507,0.779750,0.811996,0.779750,0.811996,33,18,25,14,0,0,0,0,603,450,355,279
2026/01/26/21:26:23,4550.394621,0.779750,0.811996,0.779750,0.811996,33,18,25,14,0,0,0,0,603,450,355,279
2026/01/26/21:26:24,4551.394723,0.779750,0.811996,0.779750,0.811996,33,18,25,14,0,0,0,0,603,450,355,279
2026/01/26/21:26:25,4552.394851,0.779750,0.811996,0.779750,0.811996,33,18,25,14,0,0,0,0,603,450,355,279
2026/01/26/21:26:26,4553.394953,0.779750,0.811996,0.779750,0.811996,33,18,25,14,0,0,0,0,603,450,355,279
2026/01/26/21:26:27,4554.395117,0.779750,0.811996,0.779750,0.811996,33,18,25,14,0,0,0,0,603,450,355,279
2026/01/26/21:26:28,4555.395230,0.779750,0.811996,0.779750,0.811996,33,18,25,14,0,0,0,0,603,450,355,279
2026/01/26/21:26:29,4556.395332,0.779750,0.811996,0.779750,0.811996,33,18,25,14,0,0,0,0,603,450,355,279
2026/01/26/21:26:30,4557.395495,0.779750,0.811996,0.779750,0.811996,33,18,25,14,0,0,0,0,603,450,355,279
2026/01/26/21:26:31,4558.395604,0.779750,0.811996,0.779750,0.811996,33,18,25,14,0,0,0,0,603,450,355,279
2026/01/26/21:26:32,4559.395791,0.779750,0.811996,0.779750,0.811996,33,18,25,14,0,0,0,0,603,450,355,279
2026/01/26/21:26:33,4560.395884,0.779750,0.811996,0.779750,0.811996,33,18,25,14,0,0,0,0,603,450,355,279
2026/01/26/21:26:34,4561.395982,0.779750,0.811996,0.779750,0.811996,33,18,25,14,0,0,0,0,603,450,355,279
2026/01/26/21:26:35,4562.396084,0.779750,0.811996,0.779750,0.811996,33,18,25,14,0,0,0,0,603,450,355,279
2026/01/26/21:26:36,4563.396262,0.779750,0.811996,0.779750,0.811996,33,18,25,14,0,0,0,0,603,450,355,279
2026/01/26/21:26:37,4564.396372,0.779750,0.811996,0.779750,0.811996,33,18,25,14,0,0,0,0,603,450,355,279
2026/01/26/21:26:38,4565.396537,0.779750,0.811996,0.779750,0.811996,33,18,25,14,0,0,0,0,603,450,355,279
2026/01/26/21:26:39,4566.396700,0.779750,0.811996,0.779750,0.811996,33,18,25,14,0,0,0,0,603,450,355,279
2026/01/26/21:26:40,4567.396860,0.779750,0.811996,0.779750,0.811996,33,18,25,14,0,0,0,0,603,450,355,279
2026/01/26/21:26:41,4568.397030,0.770563,0.802843,0.770563,0.802843,33,18,24,14,0,0,0,0,603,450,356,279
2026/01/26/21:26:42,4569.397170,0.770563,0.802843,0.770563,0.802843,33,18,24,14,0,0,0,0,603,450,356,279
2026/01/26/21:26:43,4570.397339,0.779687,0.809166,0.779687,0.809166,33,18,24,16,0,0,0,0,603,450,356,279
2026/01/26/21:26:44,4571.397501,0.779687,0.809166,0.779687,0.809166,33,18,24,16,0,0,0,0,603,450,356,279
2026/01/26/21:26:45,4572.397615,0.779687,0.809166,0.779687,0.809166,33,18,24,16,0,0,0,0,603,450,356,279
2026/01/26/21:26:46,4573.397897,0.770563,0.802843,0.770563,0.802843,33,18,24,14,0,0,0,0,603,450,356,281
2026/01/26/21:26:47,4574.397933,0.770563,0.802843,0.770563,0.802843,33,18,24,14,0,0,0,0,603,450,356,281
2026/01/26/21:26:48,4575.398051,0.770563,0.802843,0.770563,0.802843,33,18,24,14,0,0,0,0,603,450,356,281
2026/01/26/21:26:49,4576.398169,0.770563,0.802843,0.770563,0.802843,33,18,24,14,0,0,0,0,603,450,356,281
2026/01/26/21:26:50,4577.398291,0.770563,0.802843,0.770563,0.802843,33,18,24,14,0,0,0,0,603,450,356,281
2026/01/26/21:26:51,4578.398392,0.770563,0.802843,0.770563,0.802843,33,18,24,14,0,0,0,0,603,450,356,281
2026/01/26/21:26:52,4579.398551,0.770563,0.802843,0.770563,0.802843,33,18,24,14,0,0,0,0,603,450,356,281
2026/01/26/21:26:53,4580.398663,0.770563,0.802843,0.770563,0.802843,33,18,24,14,0,0,0,0,603,450,356,281
2026/01/26/21:26:54,4581.398798,0.770563,0.802843,0.770563,0.802843,33,18,24,14,0,0,0,0,603,450,356,281
2026/01/26/21:26:55,4582.398963,0.770563,0.802843,0.770563,0.802843,33,18,24,14,0,0,0,0,603,450,356,281
2026/01/26/21:26:56,4583.399053,0.784250,0.815669,0.784250,0.815669,33,18,27,14,0,0,0,0,603,450,356,281
2026/01/26/21:26:57,4584.399172,0.784250,0.815669,0.784250,0.815669,33,18,27,14,0,0,0,0,603,450,356,281
2026/01/26/21:26:58,4585.399297,0.784250,0.815669,0.784250,0.815669,33,18,27,14,0,0,0,0,603,450,356,281
2026/01/26/21:26:59,4586.399464,0.784250,0.815669,0.784250,0.815669,33,18,27,14,0,0,0,0,603,450,356,281
2026/01/26/21:27:00,4587.399578,0.779500,0.790920,0.779500,0.790920,33,17,27,14,0,0,0,0,603,451,356,281
2026/01/26/21:27:01,4588.399681,0.779500,0.790920,0.779500,0.790920,33,17,27,14,0,0,0,0,603,451,356,281
2026/01/26/21:27:02,4589.399863,0.779500,0.790920,0.779500,0.790920,33,17,27,14,0,0,0,0,603,451,356,281
2026/01/26/21:27:03,4590.400026,0.779500,0.790920,0.779500,0.790920,33,17,27,14,0,0,0,0,603,451,356,281
2026/01/26/21:27:04,4591.400187,0.779500,0.790920,0.779500,0.790920,33,17,27,14,0,0,0,0,603,451,356,281
2026/01/26/21:27:05,4592.400353,0.779500,0.790920,0.779500,0.790920,33,17,27,14,0,0,0,0,603,451,356,281
2026/01/26/21:27:06,4593.400518,0.779500,0.790920,0.779500,0.790920,33,17,27,14,0,0,0,0,603,451,356,281
2026/01/26/21:27:07,4594.400628,0.779500,0.790920,0.779500,0.790920,33,17,27,14,0,0,0,0,603,451,356,281
2026/01/26/21:27:08,4595.400812,0.779500,0.790920,0.779500,0.790920,33,17,27,14,0,0,0,0,603,451,356,281
2026/01/26/21:27:09,4596.400870,0.779500,0.790920,0.779500,0.790920,33,17,27,14,0,0,0,0,603,451,356,281
2026/01/26/21:27:10,4597.400977,0.779500,0.790920,0.779500,0.790920,33,17,27,14,0,0,0,0,603,451,356,281
2026/01/26/21:27:11,4598.401108,0.779500,0.790920,0.779500,0.790920,33,17,27,14,0,0,0,0,603,451,356,281
2026/01/26/21:27:12,4599.401227,0.779500,0.790920,0.779500,0.790920,33,17,27,14,0,0,0,0,603,451,356,281
2026/01/26/21:27:13,4600.401343,0.779500,0.790920,0.779500,0.790920,33,17,27,14,0,0,0,0,603,451,356,281
2026/01/26/21:27:14,4601.401467,0.779500,0.790920,0.779500,0.790920,33,17,27,14,0,0,0,0,603,451,356,281
2026/01/26/21:27:15,4602.401576,0.779500,0.790920,0.779500,0.790920,33,17,27,14,0,0,0,0,603,451,356,281
2026/01/26/21:27:16,4603.401730,0.779500,0.790920,0.779500,0.790920,33,17,27,14,0,0,0,0,603,451,356,281
2026/01/26/21:27:17,4604.401902,0.779500,0.790920,0.779500,0.790920,33,17,27,14,0,0,0,0,603,451,356,281
2026/01/26/21:27:18,4605.402065,0.779500,0.790920,0.779500,0.790920,33,17,27,14,0,0,0,0,603,451,356,281
2026/01/26/21:27:19,4606.402231,0.779500,0.790920,0.779500,0.790920,33,17,27,14,0,0,0,0,603,451,356,281
2026/01/26/21:27:20,4607.402387,0.779500,0.790920,0.779500,0.790920,33,17,27,14,0,0,0,0,603,451,356,281
2026/01/26/21:27:21,4608.402554,0.779500,0.790920,0.779500,0.790920,33,17,27,14,0,0,0,0,603,451,356,281
2026/01/26/21:27:22,4609.402718,0.779500,0.790920,0.779500,0.790920,33,17,27,14,0,0,0,0,603,451,356,281
2026/01/26/21:27:23,4610.402886,0.779500,0.790920,0.779500,0.790920,33,17,27,14,0,0,0,0,603,451,356,281
2026/01/26/21:27:24,4611.403059,0.779500,0.790920,0.779500,0.790920,33,17,27,14,0,0,0,0,603,451,356,281
2026/01/26/21:27:25,4612.403220,0.779500,0.790920,0.779500,0.790920,33,17,27,14,0,0,0,0,603,451,356,281
2026/01/26/21:27:26,4613.403326,0.779500,0.790920,0.779500,0.790920,33,17,27,14,0,0,0,0,603,451,356,281
2026/01/26/21:27:27,4614.403487,0.779500,0.790920,0.779500,0.790920,33,17,27,14,0,0,0,0,603,451,356,281
2026/01/26/21:27:28,4615.403661,0.779500,0.790920,0.779500,0.790920,33,17,27,14,0,0,0,0,603,451,356,281
2026/01/26/21:27:29,4616.403793,0.779500,0.790920,0.779500,0.790920,33,17,27,14,0,0,0,0,603,451,356,281
2026/01/26/21:27:30,4617.403887,0.779500,0.790920,0.779500,0.790920,33,17,27,14,0,0,0,0,603,451,356,281
2026/01/26/21:27:31,4618.404051,0.779500,0.790920,0.779500,0.790920,33,17,27,14,0,0,0,0,603,451,356,281
2026/01/26/21:27:32,4619.404216,0.779500,0.790920,0.779500,0.790920,33,17,27,14,0,0,0,0,603,451,356,281
2026/01/26/21:27:33,4620.404381,0.779500,0.790920,0.779500,0.790920,33,17,27,14,0,0,0,0,603,451,356,281
2026/01/26/21:27:34,4621.404546,0.779500,0.790920,0.779500,0.790920,33,17,27,14,0,0,0,0,603,451,356,281
2026/01/26/21:27:35,4622.404730,0.779500,0.790920,0.779500,0.790920,33,17,27,14,0,0,0,0,603,451,356,281
2026/01/26/21:27:36,4623.404910,0.779500,0.790920,0.779500,0.790920,33,17,27,14,0,0,0,0,603,451,356,281
2026/01/26/21:27:37,4624.405016,0.779500,0.790920,0.779500,0.790920,33,17,27,14,0,0,0,0,603,451,356,281
2026/01/26/21:27:38,4625.405165,0.779500,0.790920,0.779500,0.790920,33,17,27,14,0,0,0,0,603,451,356,281
2026/01/26/21:27:39,4626.405329,0.779500,0.790920,0.779500,0.790920,33,17,27,14,0,0,0,0,603,451,356,281
2026/01/26/21:27:40,4627.405519,0.779500,0.790920,0.779500,0.790920,33,17,27,14,0,0,0,0,603,451,356,281
2026/01/26/21:27:41,4628.405689,0.779500,0.790920,0.779500,0.790920,33,17,27,14,0,0,0,0,603,451,356,281
2026/01/26/21:27:42,4629.405864,0.779500,0.790920,0.779500,0.790920,33,17,27,14,0,0,0,0,603,451,356,281
2026/01/26/21:27:43,4630.406029,0.779500,0.790920,0.779500,0.790920,33,17,27,14,0,0,0,0,603,451,356,281
2026/01/26/21:27:44,4631.406188,0.779500,0.790920,0.779500,0.790920,33,17,27,14,0,0,0,0,603,451,356,281
2026/01/26/21:27:45,4632.406349,0.779500,0.790920,0.779500,0.790920,33,17,27,14,0,0,0,0,603,451,356,281
2026/01/26/21:27:46,4633.406511,0.779500,0.790920,0.779500,0.790920,33,17,27,14,0,0,0,0,603,451,356,281
2026/01/26/21:27:47,4634.406677,0.779500,0.790920,0.779500,0.790920,33,17,27,14,0,0,0,0,603,451,356,281
2026/01/26/21:27:48,4635.406861,0.757875,0.774658,0.757875,0.774658,31,17,27,14,0,0,0,0,605,451,356,281
2026/01/26/21:27:49,4636.407032,0.757875,0.774658,0.757875,0.774658,31,17,27,14,0,0,0,0,605,451,356,281
2026/01/26/21:27:50,4637.407132,0.757875,0.774658,0.757875,0.774658,31,17,27,14,0,0,0,0,605,451,356,281
2026/01/26/21:27:51,4638.407244,0.757875,0.774658,0.757875,0.774658,31,17,27,14,0,0,0,0,605,451,356,281
2026/01/26/21:27:52,4639.407412,0.743125,0.766487,0.743125,0.766487,31,17,25,14,0,0,0,0,605,451,358,281
2026/01/26/21:27:53,4640.407512,0.795875,0.804264,0.795875,0.804264,31,18,26,19,0,0,0,0,605,451,358,281
2026/01/26/21:27:54,4641.407693,0.842812,0.875537,0.919687,0.902339,32,20,29,19,0,0,3,0,605,451,358,281
2026/01/26/21:27:55,4642.407811,0.842812,0.875537,0.919687,0.902339,32,20,29,19,0,0,3,0,605,451,358,281
2026/01/26/21:27:56,4643.407871,0.843500,0.868702,0.894750,0.886570,32,20,29,18,0,0,2,0,605,451,359,282
2026/01/26/21:27:57,4644.408031,0.839938,0.839449,0.891188,0.857317,32,20,28,18,0,0,2,0,605,451,360,282
2026/01/26/21:27:58,4645.408187,0.836187,0.834077,0.887437,0.851945,32,20,28,17,0,0,2,0,605,451,360,283
2026/01/26/21:27:59,4646.408361,0.808875,0.771325,0.860125,0.789193,32,17,28,17,0,0,2,0,605,454,360,283
2026/01/26/21:28:00,4647.408474,0.808875,0.771325,0.860125,0.789193,32,17,28,17,0,0,2,0,605,454,360,283
2026/01/26/21:28:01,4648.408643,0.821125,0.792823,0.872375,0.810691,32,19,28,17,0,0,2,0,605,454,360,283
2026/01/26/21:28:02,4649.408749,0.821125,0.792823,0.872375,0.810691,32,19,28,17,0,0,2,0,605,454,360,283
2026/01/26/21:28:03,4650.408911,0.821125,0.792823,0.872375,0.810691,32,19,28,17,0,0,2,0,605,454,360,283
2026/01/26/21:28:04,4651.409034,0.821125,0.792823,0.872375,0.810691,32,19,28,17,0,0,2,0,605,454,360,283
2026/01/26/21:28:05,4652.409144,0.821125,0.792823,0.872375,0.810691,32,19,28,17,0,0,2,0,605,454,360,283
2026/01/26/21:28:06,4653.409267,0.813813,0.788742,0.865062,0.806610,31,19,28,17,0,0,2,0,606,454,360,283
2026/01/26/21:28:07,4654.409369,0.813813,0.788742,0.865062,0.806610,31,19,28,17,0,0,2,0,606,454,360,283
2026/01/26/21:28:08,4655.409532,0.813813,0.788742,0.865062,0.806610,31,19,28,17,0,0,2,0,606,454,360,283
2026/01/26/21:28:09,4656.409636,0.850562,0.819840,0.901813,0.837708,34,19,30,17,0,0,2,0,606,454,360,283
2026/01/26/21:28:10,4657.409817,0.850562,0.819840,0.901813,0.837708,34,19,30,17,0,0,2,0,606,454,360,283
2026/01/26/21:28:11,4658.409960,0.850562,0.819840,0.901813,0.837708,34,19,30,17,0,0,2,0,606,454,360,283
2026/01/26/21:28:12,4659.410063,0.850562,0.819840,0.901813,0.837708,34,19,30,17,0,0,2,0,606,454,360,283
2026/01/26/21:28:13,4660.410226,0.850562,0.819840,0.901813,0.837708,34,19,30,17,0,0,2,0,606,454,360,283
2026/01/26/21:28:14,4661.410391,0.838187,0.796372,0.889437,0.814240,31,19,30,17,0,0,2,0,609,454,360,283
2026/01/26/21:28:15,4662.410553,0.838187,0.796372,0.889437,0.814240,31,19,30,17,0,0,2,0,609,454,360,283
2026/01/26/21:28:16,4663.410719,0.819000,0.792381,0.870250,0.810249,31,19,29,17,0,0,2,0,609,454,361,283
2026/01/26/21:28:17,4664.410904,0.831000,0.804465,0.882250,0.822333,31,22,29,17,0,0,2,0,609,454,361,283
2026/01/26/21:28:18,4665.410992,0.825812,0.800826,0.877062,0.818694,31,22,28,17,0,0,2,0,609,454,362,283
2026/01/26/21:28:19,4666.411102,0.894062,0.852239,1.004312,0.880643,33,24,28,21,0,0,2,2,609,454,362,283
2026/01/26/21:28:20,4667.411208,0.894062,0.852239,1.004312,0.880643,33,24,28,21,0,0,2,2,609,454,362,283
2026/01/26/21:28:21,4668.411315,0.894062,0.852239,1.004312,0.880643,33,24,28,21,0,0,2,2,609,454,362,283
2026/01/26/21:28:22,4669.411424,0.894062,0.852239,1.004312,0.880643,33,24,28,21,0,0,2,2,609,454,362,283
2026/01/26/21:28:23,4670.411515,0.894813,0.841005,1.005062,0.869409,33,23,28,21,0,0,2,2,609,456,362,283
2026/01/26/21:28:24,4671.411618,0.944063,0.897492,1.066062,0.952519,34,23,29,28,1,0,2,3,609,456,362,283
2026/01/26/21:28:25,4672.411732,0.944063,0.897492,1.066062,0.952519,34,23,29,28,1,0,2,3,609,456,362,283
2026/01/26/21:28:26,4673.411837,0.944063,0.897492,1.114250,0.995514,34,23,29,28,4,1,3,3,609,456,362,283
2026/01/26/21:28:27,4674.411942,0.949000,0.905330,1.119500,1.009343,36,23,30,25,3,1,5,2,609,456,362,286
2026/01/26/21:28:28,4675.412059,0.945187,0.901163,1.115687,1.005176,36,23,30,24,3,1,5,2,609,456,362,287
2026/01/26/21:28:29,4676.412155,0.936187,0.873413,1.046437,0.901817,37,21,29,24,0,0,2,2,610,458,363,287
2026/01/26/21:28:30,4677.412246,0.936187,0.873413,1.046437,0.901817,37,21,29,24,0,0,2,2,610,458,363,287
2026/01/26/21:28:31,4678.412360,0.936187,0.873413,1.046437,0.901817,37,21,29,24,0,0,2,2,610,458,363,287
2026/01/26/21:28:32,4679.412472,0.936187,0.873413,1.046437,0.901817,37,21,29,24,0,0,2,2,610,458,363,287
2026/01/26/21:28:33,4680.412630,0.928937,0.867359,1.039187,0.895763,37,20,29,24,0,0,2,2,610,459,363,287
2026/01/26/21:28:34,4681.412743,0.928937,0.867359,1.039187,0.895763,37,20,29,24,0,0,2,2,610,459,363,287
2026/01/26/21:28:35,4682.412871,0.922375,0.861936,1.032625,0.890340,37,20,28,24,0,0,2,2,610,459,364,287
2026/01/26/21:28:36,4683.413037,0.910375,0.849852,1.020625,0.878256,37,17,28,24,0,0,2,2,610,462,364,287
2026/01/26/21:28:37,4684.413147,0.910375,0.849852,1.020625,0.878256,37,17,28,24,0,0,2,2,610,462,364,287
2026/01/26/21:28:38,4685.413266,0.910375,0.849852,1.020625,0.878256,37,17,28,24,0,0,2,2,610,462,364,287
2026/01/26/21:28:39,4686.413410,0.896125,0.838512,1.006375,0.866916,37,17,28,21,0,0,2,2,610,462,364,290
2026/01/26/21:28:40,4687.413578,0.902563,0.841819,1.012812,0.870223,37,17,28,22,0,0,2,2,610,462,364,290
2026/01/26/21:28:41,4688.413755,0.902563,0.841819,1.012812,0.870223,37,17,28,22,0,0,2,2,610,462,364,290
2026/01/26/21:28:42,4689.413868,0.923125,0.860768,1.048812,0.892413,38,17,30,22,1,0,2,2,610,462,364,290
2026/01/26/21:28:43,4690.414025,0.923125,0.860768,1.048812,0.892413,38,17,30,22,1,0,2,2,610,462,364,290
2026/01/26/21:28:44,4691.414190,0.923125,0.860768,1.048812,0.892413,38,17,30,22,1,0,2,2,610,462,364,290
2026/01/26/21:28:45,4692.414354,0.923125,0.860768,1.048812,0.892413,38,17,30,22,1,0,2,2,610,462,364,290
2026/01/26/21:28:46,4693.414533,0.923125,0.860768,1.048812,0.892413,38,17,30,22,1,0,2,2,610,462,364,290
2026/01/26/21:28:47,4694.414697,0.923125,0.860768,1.048812,0.892413,38,17,30,22,1,0,2,2,610,462,364,290
2026/01/26/21:28:48,4695.414818,0.923125,0.860768,1.048812,0.892413,38,17,30,22,1,0,2,2,610,462,364,290
2026/01/26/21:28:49,4696.414912,0.923125,0.860768,1.048812,0.892413,38,17,30,22,1,0,2,2,610,462,364,290
2026/01/26/21:28:50,4697.415088,0.923125,0.860768,1.048812,0.892413,38,17,30,22,1,0,2,2,610,462,364,290
2026/01/26/21:28:51,4698.415197,0.923125,0.860768,1.080313,0.927469,38,17,30,22,1,0,2,4,610,462,364,290
2026/01/26/21:28:52,4699.415458,0.923125,0.860768,1.080313,0.927469,38,17,30,22,1,0,2,4,610,462,364,290
2026/01/26/21:28:53,4700.415504,0.916687,0.857461,1.073875,0.924162,38,17,30,21,1,0,2,4,610,462,364,291
2026/01/26/21:28:54,4701.415610,0.910125,0.846231,1.067313,0.912932,37,17,30,21,1,0,2,4,611,462,364,291
2026/01/26/21:28:55,4702.415794,0.885750,0.827568,1.042938,0.894269,37,17,30,18,1,0,2,4,611,462,364,294
2026/01/26/21:28:56,4703.415945,0.885750,0.827568,1.042938,0.894269,37,17,30,18,1,0,2,4,611,462,364,294
2026/01/26/21:28:57,4704.416113,0.885750,0.827568,1.042938,0.894269,37,17,30,18,1,0,2,4,611,462,364,294
2026/01/26/21:28:58,4705.416218,0.885750,0.827568,1.042938,0.894269,37,17,30,18,1,0,2,4,611,462,364,294
2026/01/26/21:28:59,4706.416382,0.885750,0.827568,1.042938,0.894269,37,17,30,18,1,0,2,4,611,462,364,294
2026/01/26/21:29:00,4707.416482,0.885750,0.827568,1.042938,0.894269,37,17,30,18,1,0,2,4,611,462,364,294
2026/01/26/21:29:01,4708.416645,0.885750,0.827568,1.042938,0.894269,37,17,30,18,1,0,2,4,611,462,364,294
2026/01/26/21:29:02,4709.416835,0.895687,0.837635,1.052875,0.904336,37,17,30,21,1,0,2,4,611,462,364,294
2026/01/26/21:29:03,4710.416994,0.893375,0.839309,1.034812,0.888482,36,17,28,22,1,0,2,3,612,462,366,294
2026/01/26/21:29:04,4711.417180,0.893375,0.839309,1.034812,0.888482,36,17,28,22,1,0,2,3,612,462,366,294
2026/01/26/21:29:05,4712.417283,0.893375,0.839309,1.034812,0.888482,36,17,28,22,1,0,2,3,612,462,366,294
2026/01/26/21:29:06,4713.417463,0.893375,0.839309,1.034812,0.888482,36,17,28,22,1,0,2,3,612,462,366,294
2026/01/26/21:29:07,4714.417565,0.879687,0.826482,1.021125,0.875655,36,17,25,22,1,0,2,3,612,462,369,294
2026/01/26/21:29:08,4715.417728,0.879687,0.826482,1.021125,0.875655,36,17,25,22,1,0,2,3,612,462,369,294
2026/01/26/21:29:09,4716.417891,0.879687,0.826482,1.021125,0.875655,36,17,25,22,1,0,2,3,612,462,369,294
2026/01/26/21:29:10,4717.417989,0.879687,0.826482,1.021125,0.875655,36,17,25,22,1,0,2,3,612,462,369,294
2026/01/26/21:29:11,4718.418155,0.879687,0.826482,1.021125,0.875655,36,17,25,22,1,0,2,3,612,462,369,294
2026/01/26/21:29:12,4719.418324,0.882313,0.824244,1.008000,0.855889,34,17,25,23,1,0,2,2,614,462,369,294
2026/01/26/21:29:13,4720.418488,0.882313,0.824244,1.008000,0.855889,34,17,25,23,1,0,2,2,614,462,369,294
2026/01/26/21:29:14,4721.418602,0.882313,0.824244,1.008000,0.855889,34,17,25,23,1,0,2,2,614,462,369,294
2026/01/26/21:29:15,4722.418700,0.882313,0.824244,1.008000,0.855889,34,17,25,23,1,0,2,2,614,462,369,294
2026/01/26/21:29:16,4723.418839,0.882313,0.824244,1.008000,0.855889,34,17,25,23,1,0,2,2,614,462,369,294
2026/01/26/21:29:17,4724.418952,0.882313,0.824244,1.008000,0.855889,34,17,25,23,1,0,2,2,614,462,369,294
2026/01/26/21:29:18,4725.419031,0.882313,0.824244,1.008000,0.855889,34,17,25,23,1,0,2,2,614,462,369,294
2026/01/26/21:29:19,4726.419202,0.866250,0.792429,0.976500,0.820833,35,17,25,21,0,0,2,2,614,462,369,296
2026/01/26/21:29:20,4727.419320,0.866250,0.792429,0.976500,0.820833,35,17,25,21,0,0,2,2,614,462,369,296
2026/01/26/21:29:21,4728.419475,0.866250,0.792429,0.976500,0.820833,35,17,25,21,0,0,2,2,614,462,369,296
2026/01/26/21:29:22,4729.419590,0.866250,0.792429,0.976500,0.820833,35,17,25,21,0,0,2,2,614,462,369,296
2026/01/26/21:29:23,4730.419749,0.866250,0.792429,0.976500,0.820833,35,17,25,21,0,0,2,2,614,462,369,296
2026/01/26/21:29:24,4731.422956,0.866250,0.792429,0.976500,0.820833,35,17,25,21,0,0,2,2,614,462,369,296
2026/01/26/21:29:25,4732.423049,0.866250,0.792429,0.976500,0.820833,35,17,25,21,0,0,2,2,614,462,369,296
2026/01/26/21:29:26,4733.423213,0.866250,0.792429,0.976500,0.820833,35,17,25,21,0,0,2,2,614,462,369,296
2026/01/26/21:29:27,4734.423310,0.866250,0.792429,0.976500,0.820833,35,17,25,21,0,0,2,2,614,462,369,296
2026/01/26/21:29:28,4735.423482,0.866250,0.792429,0.976500,0.820833,35,17,25,21,0,0,2,2,614,462,369,296
2026/01/26/21:29:29,4736.423638,0.866250,0.792429,0.976500,0.820833,35,17,25,21,0,0,2,2,614,462,369,296
2026/01/26/21:29:30,4737.423828,0.866250,0.792429,0.976500,0.820833,35,17,25,21,0,0,2,2,614,462,369,296
2026/01/26/21:29:31,4738.423970,0.866250,0.792429,0.976500,0.820833,35,17,25,21,0,0,2,2,614,462,369,296
2026/01/26/21:29:32,4739.424150,0.866250,0.792429,0.976500,0.820833,35,17,25,21,0,0,2,2,614,462,369,296
2026/01/26/21:29:33,4740.424262,0.866250,0.792429,0.976500,0.820833,35,17,25,21,0,0,2,2,614,462,369,296
2026/01/26/21:29:34,4741.424375,0.866250,0.792429,0.976500,0.820833,35,17,25,21,0,0,2,2,614,462,369,296
2026/01/26/21:29:35,4742.424484,0.866250,0.792429,0.976500,0.820833,35,17,25,21,0,0,2,2,614,462,369,296
2026/01/26/21:29:36,4743.424641,0.866250,0.792429,0.976500,0.820833,35,17,25,21,0,0,2,2,614,462,369,296
2026/01/26/21:29:37,4744.424829,0.866250,0.792429,0.976500,0.820833,35,17,25,21,0,0,2,2,614,462,369,296
2026/01/26/21:29:38,4745.424916,0.866250,0.792429,0.976500,0.820833,35,17,25,21,0,0,2,2,614,462,369,296
2026/01/26/21:29:39,4746.425021,0.866250,0.792429,0.976500,0.820833,35,17,25,21,0,0,2,2,614,462,369,296
2026/01/26/21:29:40,4747.425119,0.866250,0.792429,0.976500,0.820833,35,17,25,21,0,0,2,2,614,462,369,296
2026/01/26/21:29:41,4748.425213,0.866250,0.792429,0.976500,0.820833,35,17,25,21,0,0,2,2,614,462,369,296
2026/01/26/21:29:42,4749.425383,0.883563,0.808596,0.993812,0.837000,37,18,25,21,0,0,2,2,614,462,369,296
2026/01/26/21:29:43,4750.425557,0.883563,0.808596,0.993812,0.837000,37,18,25,21,0,0,2,2,614,462,369,296
2026/01/26/21:29:44,4751.425710,0.883563,0.808596,0.993812,0.837000,37,18,25,21,0,0,2,2,614,462,369,296
2026/01/26/21:29:45,4752.425835,0.858000,0.794601,0.968250,0.823005,37,17,22,21,0,0,2,2,614,463,372,296
2026/01/26/21:29:46,4753.425944,0.850688,0.786910,0.960938,0.815314,37,17,22,20,0,0,2,2,614,463,372,297
2026/01/26/21:29:47,4754.426106,0.850688,0.786910,0.960938,0.815314,37,17,22,20,0,0,2,2,614,463,372,297
2026/01/26/21:29:48,4755.426211,0.850688,0.786910,0.960938,0.815314,37,17,22,20,0,0,2,2,614,463,372,297
2026/01/26/21:29:49,4756.426326,0.863187,0.793567,0.973437,0.821971,38,17,22,20,0,0,2,2,614,463,372,297
2026/01/26/21:29:50,4757.426432,0.849313,0.781659,0.959562,0.810063,36,17,22,20,0,0,2,2,616,463,372,297
2026/01/26/21:29:51,4758.426545,0.827187,0.771674,0.937438,0.800078,36,17,22,17,0,0,2,2,616,463,372,300
2026/01/26/21:29:52,4759.426702,0.827187,0.771674,0.937438,0.800078,36,17,22,17,0,0,2,2,616,463,372,300
2026/01/26/21:29:53,4760.426871,0.827187,0.771674,0.937438,0.800078,36,17,22,17,0,0,2,2,616,463,372,300
2026/01/26/21:29:54,4761.427081,0.827187,0.771674,0.937438,0.800078,36,17,22,17,0,0,2,2,616,463,372,300
2026/01/26/21:29:55,4762.427194,0.827187,0.771674,0.937438,0.800078,36,17,22,17,0,0,2,2,616,463,372,300
2026/01/26/21:29:56,4763.427309,0.827187,0.771674,0.937438,0.800078,36,17,22,17,0,0,2,2,616,463,372,300
2026/01/26/21:29:57,4764.427476,0.827187,0.771674,0.937438,0.800078,36,17,22,17,0,0,2,2,616,463,372,300
2026/01/26/21:29:58,4765.427639,0.827187,0.771674,0.937438,0.800078,36,17,22,17,0,0,2,2,616,463,372,300
2026/01/26/21:29:59,4766.427815,0.827187,0.771674,0.937438,0.800078,36,17,22,17,0,0,2,2,616,463,372,300
2026/01/26/21:30:00,4767.427926,0.827187,0.771674,0.937438,0.800078,36,17,22,17,0,0,2,2,616,463,372,300
2026/01/26/21:30:01,4768.428078,0.827187,0.771674,0.937438,0.800078,36,17,22,17,0,0,2,2,616,463,372,300
2026/01/26/21:30:02,4769.428247,0.827187,0.771674,0.937438,0.800078,36,17,22,17,0,0,2,2,616,463,372,300
2026/01/26/21:30:03,4770.428341,0.827187,0.771674,0.937438,0.800078,36,17,22,17,0,0,2,2,616,463,372,300
2026/01/26/21:30:04,4771.430969,0.819438,0.761077,0.929688,0.789481,35,17,22,17,0,0,2,2,617,463,372,300
2026/01/26/21:30:05,4772.431089,0.929688,0.789481,0.929688,0.789481,35,17,24,19,0,0,0,0,622,463,372,300
2026/01/26/21:30:06,4773.431277,0.929688,0.789481,0.929688,0.789481,35,17,24,19,0,0,0,0,622,463,372,300
2026/01/26/21:30:07,4774.431369,0.929688,0.789481,0.929688,0.789481,35,17,24,19,0,0,0,0,622,463,372,300
2026/01/26/21:30:08,4775.431482,0.929688,0.789481,0.929688,0.789481,35,17,24,19,0,0,0,0,622,463,372,300
2026/01/26/21:30:09,4776.431574,0.916188,0.774075,0.916188,0.774075,32,17,24,19,0,0,0,0,625,463,372,300
2026/01/26/21:30:10,4777.431739,0.916188,0.774075,0.916188,0.774075,32,17,24,19,0,0,0,0,625,463,372,300
2026/01/26/21:30:11,4778.431922,0.916188,0.774075,0.916188,0.774075,32,17,24,19,0,0,0,0,625,463,372,300
2026/01/26/21:30:12,4779.432083,0.916188,0.774075,0.916188,0.774075,32,17,24,19,0,0,0,0,625,463,372,300
2026/01/26/21:30:13,4780.432189,0.916188,0.774075,0.916188,0.774075,32,17,24,19,0,0,0,0,625,463,372,300
2026/01/26/21:30:14,4781.432292,0.916188,0.774075,0.916188,0.774075,32,17,24,19,0,0,0,0,625,463,372,300
2026/01/26/21:30:15,4782.432453,0.916188,0.774075,0.916188,0.774075,32,17,24,19,0,0,0,0,625,463,372,300
2026/01/26/21:30:16,4783.432546,0.916188,0.774075,0.916188,0.774075,32,17,24,19,0,0,0,0,625,463,372,300
2026/01/26/21:30:17,4784.432698,0.916188,0.774075,0.916188,0.774075,32,17,24,19,0,0,0,0,625,463,372,300
2026/01/26/21:30:18,4785.432876,0.916188,0.774075,0.916188,0.774075,32,17,24,19,0,0,0,0,625,463,372,300
2026/01/26/21:30:19,4786.433035,0.916188,0.774075,0.916188,0.774075,32,17,24,19,0,0,0,0,625,463,372,300
2026/01/26/21:30:20,4787.433186,0.916188,0.774075,0.916188,0.774075,32,17,24,19,0,0,0,0,625,463,372,300
2026/01/26/21:30:21,4788.433363,0.916188,0.774075,0.916188,0.774075,32,17,24,19,0,0,0,0,625,463,372,300
2026/01/26/21:30:22,4789.433464,0.916188,0.774075,0.916188,0.774075,32,17,24,19,0,0,0,0,625,463,372,300
2026/01/26/21:30:23,4790.433552,0.916188,0.774075,0.916188,0.774075,32,17,24,19,0,0,0,0,625,463,372,300
2026/01/26/21:30:24,4791.433672,0.916188,0.774075,0.916188,0.774075,32,17,24,19,0,0,0,0,625,463,372,300
2026/01/26/21:30:25,4792.433782,0.916188,0.774075,0.916188,0.774075,32,17,24,19,0,0,0,0,625,463,372,300
2026/01/26/21:30:26,4793.433880,0.916188,0.774075,0.916188,0.774075,32,17,24,19,0,0,0,0,625,463,372,300
2026/01/26/21:30:27,4794.433995,0.916188,0.774075,0.916188,0.774075,32,17,24,19,0,0,0,0,625,463,372,300
2026/01/26/21:30:28,4795.434109,0.916188,0.774075,0.916188,0.774075,32,17,24,19,0,0,0,0,625,463,372,300
2026/01/26/21:30:29,4796.434242,0.916188,0.774075,0.916188,0.774075,32,17,24,19,0,0,0,0,625,463,372,300
2026/01/26/21:30:30,4797.434352,0.839313,0.747273,0.839313,0.747273,32,17,21,19,0,0,0,0,625,463,375,300
2026/01/26/21:30:31,4798.434479,0.839313,0.747273,0.839313,0.747273,32,17,21,19,0,0,0,0,625,463,375,300
2026/01/26/21:30:32,4799.434606,0.839313,0.747273,0.839313,0.747273,32,17,21,19,0,0,0,0,625,463,375,300
2026/01/26/21:30:33,4800.434730,0.839313,0.747273,0.839313,0.747273,32,17,21,19,0,0,0,0,625,463,375,300
2026/01/26/21:30:34,4801.434864,0.839313,0.747273,0.839313,0.747273,32,17,21,19,0,0,0,0,625,463,375,300
2026/01/26/21:30:35,4802.434983,0.839313,0.747273,0.839313,0.747273,32,17,21,19,0,0,0,0,625,463,375,300
2026/01/26/21:30:36,4803.435102,0.839313,0.747273,0.839313,0.747273,32,17,21,19,0,0,0,0,625,463,375,300
2026/01/26/21:30:37,4804.435224,0.839313,0.747273,0.839313,0.747273,32,17,21,19,0,0,0,0,625,463,375,300
2026/01/26/21:30:38,4805.435352,0.839313,0.747273,0.839313,0.747273,32,17,21,19,0,0,0,0,625,463,375,300
2026/01/26/21:30:39,4806.435497,0.839313,0.747273,0.839313,0.747273,32,17,21,19,0,0,0,0,625,463,375,300
2026/01/26/21:30:40,4807.435614,0.839313,0.747273,0.839313,0.747273,32,17,21,19,0,0,0,0,625,463,375,300
2026/01/26/21:30:41,4808.435795,0.839313,0.747273,0.839313,0.747273,32,17,21,19,0,0,0,0,625,463,375,300
2026/01/26/21:30:42,4809.435942,0.839313,0.747273,0.839313,0.747273,32,17,21,19,0,0,0,0,625,463,375,300
2026/01/26/21:30:43,4810.436033,0.839313,0.747273,0.839313,0.747273,32,17,21,19,0,0,0,0,625,463,375,300
2026/01/26/21:30:44,4811.436143,0.839313,0.747273,0.839313,0.747273,32,17,21,19,0,0,0,0,625,463,375,300
2026/01/26/21:30:45,4812.436201,0.846313,0.758756,0.846313,0.758756,34,17,21,19,0,0,0,0,625,463,375,300
2026/01/26/21:30:46,4813.436321,0.904500,0.785802,0.918375,0.789776,34,20,21,21,0,1,0,0,625,463,375,300
2026/01/26/21:30:47,4814.436484,0.904500,0.785802,0.918375,0.789776,34,20,21,21,0,1,0,0,625,463,375,300
2026/01/26/21:30:48,4815.436599,0.914687,0.786044,0.914687,0.786044,34,21,21,20,0,0,0,0,625,463,375,301
2026/01/26/21:30:49,4816.436689,0.933562,0.819908,0.990500,0.896660,36,22,21,21,3,0,1,0,625,463,375,301
2026/01/26/21:30:50,4817.436846,0.952500,0.833854,1.003125,0.905958,36,22,24,21,3,0,0,0,625,463,375,301
2026/01/26/21:30:51,4818.437007,0.907563,0.793696,0.958187,0.865799,34,22,22,20,3,0,0,0,627,463,377,302
2026/01/26/21:30:52,4819.437182,0.901250,0.789047,0.951875,0.861150,34,22,21,20,3,0,0,0,627,463,378,302
2026/01/26/21:30:53,4820.437318,0.895750,0.785805,0.946375,0.857908,34,21,21,20,3,0,0,0,627,464,378,302
2026/01/26/21:30:54,4821.437510,0.895750,0.785805,0.946375,0.857908,34,21,21,20,3,0,0,0,627,464,378,302
2026/01/26/21:30:55,4822.437672,0.895750,0.785805,0.946375,0.857908,34,21,21,20,3,0,0,0,627,464,378,302
2026/01/26/21:30:56,4823.437746,0.892375,0.782033,0.943000,0.854137,34,21,21,19,3,0,0,0,627,464,378,303
2026/01/26/21:30:57,4824.437931,0.892375,0.782033,0.943000,0.854137,34,21,21,19,3,0,0,0,627,464,378,303
2026/01/26/21:30:58,4825.438095,0.850750,0.770111,0.901375,0.842215,34,18,21,19,3,0,0,0,627,467,378,303
2026/01/26/21:30:59,4826.438261,0.850750,0.770111,0.901375,0.842215,34,18,21,19,3,0,0,0,627,467,378,303
2026/01/26/21:31:00,4827.438366,0.850750,0.770111,0.901375,0.842215,34,18,21,19,3,0,0,0,627,467,378,303
2026/01/26/21:31:01,4828.438533,0.850750,0.770111,0.901375,0.842215,34,18,21,19,3,0,0,0,627,467,378,303
2026/01/26/21:31:02,4829.438694,0.850750,0.770111,0.901375,0.842215,34,18,21,19,3,0,0,0,627,467,378,303
2026/01/26/21:31:03,4830.438864,0.850750,0.770111,0.901375,0.842215,34,18,21,19,3,0,0,0,627,467,378,303
2026/01/26/21:31:04,4831.439030,0.850750,0.770111,0.901375,0.842215,34,18,21,19,3,0,0,0,627,467,378,303
2026/01/26/21:31:05,4832.439190,0.846313,0.758756,0.896938,0.830860,34,17,21,19,3,0,0,0,627,468,378,303
2026/01/26/21:31:06,4833.439398,0.914562,0.803529,1.053500,0.889785,34,20,26,19,3,0,3,0,627,468,378,303
2026/01/26/21:31:07,4834.439552,0.914562,0.803529,1.053500,0.889785,34,20,26,19,3,0,3,0,627,468,378,303
2026/01/26/21:31:08,4835.439716,0.914562,0.803529,1.053500,0.889785,34,20,26,19,3,0,3,0,627,468,378,303
2026/01/26/21:31:09,4836.439882,0.932688,0.823221,0.983313,0.895325,34,22,26,19,3,0,0,0,627,469,378,303
2026/01/26/21:31:10,4837.439975,0.936688,0.827800,0.987313,0.899903,34,22,26,19,3,0,0,0,627,471,378,303
2026/01/26/21:31:11,4838.440140,0.921937,0.814082,0.972562,0.886186,34,22,24,19,3,0,0,0,627,471,380,303
2026/01/26/21:31:12,4839.440194,0.881938,0.800746,0.932562,0.872849,34,20,24,19,3,0,0,0,627,473,380,303
2026/01/26/21:31:13,4840.440380,0.878625,0.779685,0.929250,0.851789,34,19,24,19,3,0,0,0,627,474,380,303
2026/01/26/21:31:14,4841.440546,0.878625,0.779685,0.929250,0.851789,34,19,24,19,3,0,0,0,627,474,380,303
2026/01/26/21:31:15,4842.440727,0.878625,0.779685,0.929250,0.851789,34,19,24,19,3,0,0,0,627,474,380,303
2026/01/26/21:31:16,4843.440890,0.878625,0.779685,0.929250,0.851789,34,19,24,19,3,0,0,0,627,474,380,303
2026/01/26/21:31:17,4844.441005,0.900375,0.828011,0.951000,0.900114,34,20,25,21,3,0,0,0,627,474,380,303
2026/01/26/21:31:18,4845.441163,0.907500,0.839267,0.972375,0.933882,35,20,25,21,5,0,0,0,627,474,380,303
2026/01/26/21:31:19,4846.441265,0.911813,0.825115,1.007062,0.929172,38,20,25,19,7,0,0,0,627,474,380,305
2026/01/26/21:31:20,4847.441382,0.911813,0.825115,1.018563,0.935749,38,20,25,19,7,1,0,0,627,474,380,305
2026/01/26/21:31:21,4848.441483,0.918188,0.831946,1.057000,0.988483,38,20,27,19,8,1,3,0,627,474,380,305
2026/01/26/21:31:22,4849.441645,0.918813,0.826863,1.011250,0.958928,36,21,26,19,5,0,3,0,630,474,381,305
2026/01/26/21:31:23,4850.441816,0.918813,0.826863,0.983688,0.921479,36,21,26,19,5,0,0,0,630,474,381,305
2026/01/26/21:31:24,4851.441859,0.907312,0.820286,0.972187,0.914902,36,20,26,19,5,0,0,0,630,475,381,305
2026/01/26/21:31:25,4852.441972,0.903375,0.818637,0.954000,0.890740,35,20,27,19,3,0,0,0,631,475,381,305
2026/01/26/21:31:26,4853.442052,0.918063,0.837708,1.002813,0.932441,36,21,27,20,3,4,0,0,631,475,381,305
2026/01/26/21:31:27,4854.442176,0.935250,0.849979,1.050563,0.975606,37,22,27,21,4,3,3,0,631,475,381,305
2026/01/26/21:31:28,4855.442282,0.940125,0.853504,1.124000,1.060253,37,22,28,21,4,6,6,3,631,475,381,305
2026/01/26/21:31:29,4856.442364,0.936813,0.849912,1.179000,1.104006,36,22,28,21,5,10,8,3,632,475,381,305
2026/01/26/21:31:30,4857.442472,0.944312,0.863900,1.192500,1.063889,36,22,28,22,8,7,4,2,632,475,383,305
2026/01/26/21:31:31,4858.442586,0.947438,0.868003,1.184687,1.035123,36,23,28,22,8,5,4,2,632,475,383,305
2026/01/26/21:31:32,4859.442684,0.936063,0.851796,1.145687,0.979434,36,25,25,21,8,3,3,0,632,475,386,306
2026/01/26/21:31:33,4860.442870,0.936063,0.851796,1.151812,1.025587,36,25,25,21,11,3,1,0,632,475,386,306
2026/01/26/21:31:34,4861.442937,0.925562,0.840333,1.134375,1.006856,35,24,25,21,11,2,1,0,633,476,386,306
2026/01/26/21:31:35,4862.443058,0.925562,0.840333,1.134375,1.006856,35,24,25,21,11,2,1,0,633,476,386,306
2026/01/26/21:31:36,4863.443161,0.930125,0.837000,1.129875,0.998402,34,25,25,21,11,1,1,0,634,476,386,306
2026/01/26/21:31:37,4864.443273,0.930125,0.837000,1.129875,0.998402,34,25,25,21,11,1,1,0,634,476,386,306
2026/01/26/21:31:38,4865.443367,0.930125,0.837000,1.129875,0.998402,34,25,25,21,11,1,1,0,634,476,386,306
2026/01/26/21:31:39,4866.443522,0.930125,0.837000,1.129875,0.998402,34,25,25,21,11,1,1,0,634,476,386,306
2026/01/26/21:31:40,4867.443690,0.930125,0.837000,1.129875,0.998402,34,25,25,21,11,1,1,0,634,476,386,306
2026/01/26/21:31:41,4868.443812,0.930125,0.837000,1.129875,0.998402,34,25,25,21,11,1,1,0,634,476,386,306
2026/01/26/21:31:42,4869.443958,0.930125,0.837000,1.129875,0.998402,34,25,25,21,11,1,1,0,634,476,386,306
2026/01/26/21:31:43,4870.444054,0.923125,0.840097,1.117375,0.991745,34,25,25,21,10,1,1,0,635,476,386,306
2026/01/26/21:31:44,4871.444160,0.923125,0.840097,1.117375,0.991745,34,25,25,21,10,1,1,0,635,476,386,306
2026/01/26/21:31:45,4872.444260,0.923125,0.840097,1.093063,0.961575,34,25,25,21,10,1,0,0,635,476,386,306
2026/01/26/21:31:46,4873.444391,0.935500,0.853022,1.105438,0.974500,34,26,27,21,10,1,0,0,635,476,386,306
2026/01/26/21:31:47,4874.444546,0.935500,0.853022,1.105438,0.974500,34,26,27,21,10,1,0,0,635,476,386,306
2026/01/26/21:31:48,4875.444710,0.935500,0.853022,1.105438,0.974500,34,26,27,21,10,1,0,0,635,476,386,306
2026/01/26/21:31:49,4876.444874,0.935500,0.853022,1.105438,0.974500,34,26,27,21,10,1,0,0,635,476,386,306
2026/01/26/21:31:50,4877.445042,0.935500,0.853022,1.105438,0.974500,34,26,27,21,10,1,0,0,635,476,386,306
2026/01/26/21:31:51,4878.445204,0.935500,0.853022,1.105438,0.974500,34,26,27,21,10,1,0,0,635,476,386,306
2026/01/26/21:31:52,4879.445370,0.935500,0.853022,1.105438,0.974500,34,26,27,21,10,1,0,0,635,476,386,306
2026/01/26/21:31:53,4880.445485,0.931750,0.847991,1.101687,0.969469,34,25,27,21,10,1,0,0,635,477,386,306
2026/01/26/21:31:54,4881.445588,0.931750,0.847991,1.101687,0.969469,34,25,27,21,10,1,0,0,635,477,386,306
2026/01/26/21:31:55,4882.445688,0.931750,0.847991,1.101687,0.969469,34,25,27,21,10,1,0,0,635,477,386,306
2026/01/26/21:31:56,4883.445813,0.952812,0.847085,1.074500,0.954108,36,23,27,21,8,0,0,0,635,479,386,306
2026/01/26/21:31:57,4884.445917,0.952812,0.847085,1.074500,0.954108,36,23,27,21,8,0,0,0,635,479,386,306
2026/01/26/21:31:58,4885.446082,0.947313,0.837330,1.058000,0.924843,35,23,27,21,6,0,0,0,636,479,386,306
2026/01/26/21:31:59,4886.446248,0.947313,0.837330,1.058000,0.924843,35,23,27,21,6,0,0,0,636,479,386,306
2026/01/26/21:32:00,4887.446349,0.947313,0.837330,1.058000,0.924843,35,23,27,21,6,0,0,0,636,479,386,306
2026/01/26/21:32:01,4888.446520,0.947313,0.837330,1.058000,0.924843,35,23,27,21,6,0,0,0,636,479,386,306
2026/01/26/21:32:02,4889.446687,0.947313,0.837330,1.058000,0.924843,35,23,27,21,6,0,0,0,636,479,386,306
2026/01/26/21:32:03,4890.446868,0.947313,0.837330,1.058000,0.924843,35,23,27,21,6,0,0,0,636,479,386,306
2026/01/26/21:32:04,4891.446997,0.943125,0.829721,1.053813,0.917234,35,23,27,20,6,0,0,0,636,479,386,307
2026/01/26/21:32:05,4892.447083,0.943125,0.829721,1.053813,0.917234,35,23,27,20,6,0,0,0,636,479,386,307
2026/01/26/21:32:06,4893.447187,0.943125,0.829721,1.053813,0.917234,35,23,27,20,6,0,0,0,636,479,386,307
2026/01/26/21:32:07,4894.447289,0.947250,0.843184,1.071625,0.934008,35,23,28,20,6,0,1,0,636,479,386,307
2026/01/26/21:32:08,4895.447459,0.947250,0.843184,1.071625,0.934008,35,23,28,20,6,0,1,0,636,479,386,307
2026/01/26/21:32:09,4896.447627,0.947250,0.843184,1.071625,0.934008,35,23,28,20,6,0,1,0,636,479,386,307
2026/01/26/21:32:10,4897.447803,0.947250,0.843184,1.071625,0.934008,35,23,28,20,6,0,1,0,636,479,386,307
2026/01/26/21:32:11,4898.447945,0.947250,0.843184,1.071625,0.934008,35,23,28,20,6,0,1,0,636,479,386,307
2026/01/26/21:32:12,4899.448062,0.947250,0.843184,1.071625,0.934008,35,23,28,20,6,0,1,0,636,479,386,307
2026/01/26/21:32:13,4900.448174,0.947250,0.843184,1.071625,0.934008,35,23,28,20,6,0,1,0,636,479,386,307
2026/01/26/21:32:14,4901.448292,0.935937,0.826957,1.004875,0.902319,34,23,28,20,4,0,0,0,637,479,387,307
2026/01/26/21:32:15,4902.448459,0.935937,0.826957,1.004875,0.902319,34,23,28,20,4,0,0,0,637,479,387,307
2026/01/26/21:32:16,4903.448621,0.935937,0.826957,1.004875,0.902319,34,23,28,20,4,0,0,0,637,479,387,307
2026/01/26/21:32:17,4904.448817,0.935937,0.826957,1.004875,0.902319,34,23,28,20,4,0,0,0,637,479,387,307
2026/01/26/21:32:18,4905.448974,0.935937,0.826957,1.004875,0.902319,34,23,28,20,4,0,0,0,637,479,387,307
2026/01/26/21:32:19,4906.449139,0.935937,0.826957,1.004875,0.902319,34,23,28,20,4,0,0,0,637,479,387,307
2026/01/26/21:32:20,4907.449239,0.935937,0.826957,1.004875,0.902319,34,23,28,20,4,0,0,0,637,479,387,307
2026/01/26/21:32:21,4908.449403,0.935937,0.826957,1.004875,0.902319,34,23,28,20,4,0,0,0,637,479,387,307
2026/01/26/21:32:22,4909.449570,0.935937,0.826957,1.004875,0.902319,34,23,28,20,4,0,0,0,637,479,387,307
2026/01/26/21:32:23,4910.449669,0.935937,0.826957,1.004875,0.902319,34,23,28,20,4,0,0,0,637,479,387,307
2026/01/26/21:32:24,4911.449840,0.935937,0.826957,1.004875,0.902319,34,23,28,20,4,0,0,0,637,479,387,307
2026/01/26/21:32:25,4912.449956,0.935937,0.826957,1.004875,0.902319,34,23,28,20,4,0,0,0,637,479,387,307
2026/01/26/21:32:26,4913.450125,0.935937,0.826957,1.004875,0.902319,34,23,28,20,4,0,0,0,637,479,387,307
2026/01/26/21:32:27,4914.450236,0.935937,0.826957,1.004875,0.902319,34,23,28,20,4,0,0,0,637,479,387,307
2026/01/26/21:32:28,4915.450354,0.935937,0.826957,1.004875,0.902319,34,23,28,20,4,0,0,0,637,479,387,307
2026/01/26/21:32:29,4916.450511,0.935937,0.826957,1.004875,0.902319,34,23,28,20,4,0,0,0,637,479,387,307
2026/01/26/21:32:30,4917.450612,0.935937,0.826957,1.013000,0.918445,34,23,28,20,4,0,2,0,637,479,387,307
2026/01/26/21:32:31,4918.450730,0.944063,0.843083,1.030063,0.926718,34,23,30,20,5,0,0,0,637,479,387,307
2026/01/26/21:32:32,4919.450891,0.944063,0.843083,1.030063,0.926718,34,23,30,20,5,0,0,0,637,479,387,307
2026/01/26/21:32:33,4920.451046,0.962125,0.854454,1.081687,0.968618,34,25,31,20,5,2,3,0,637,479,387,307
2026/01/26/21:32:34,4921.451155,0.965875,0.858890,1.105063,0.982699,35,25,31,20,5,2,3,2,637,479,387,307
2026/01/26/21:32:35,4922.451232,0.966125,0.857800,1.082313,0.967884,35,24,30,21,5,1,2,1,637,481,388,307
2026/01/26/21:32:36,4923.451324,0.964437,0.857415,1.062688,0.958238,35,24,31,20,5,1,1,0,637,481,388,308
2026/01/26/21:32:37,4924.451469,0.964437,0.857415,1.062688,0.958238,35,24,31,20,5,1,1,0,637,481,388,308
2026/01/26/21:32:38,4925.451622,0.958875,0.858542,1.044875,0.942177,35,24,31,20,5,0,0,0,637,481,389,308
2026/01/26/21:32:39,4926.451808,0.955125,0.854107,1.041125,0.937741,34,24,31,20,5,0,0,0,638,481,389,308
2026/01/26/21:32:40,4927.451903,0.955125,0.854107,1.041125,0.937741,34,24,31,20,5,0,0,0,638,481,389,308
2026/01/26/21:32:41,4928.452070,0.955125,0.854107,1.041125,0.937741,34,24,31,20,5,0,0,0,638,481,389,308
2026/01/26/21:32:42,4929.452227,0.955125,0.854107,1.041125,0.937741,34,24,31,20,5,0,0,0,638,481,389,308
2026/01/26/21:32:43,4930.452325,0.955125,0.854107,1.041125,0.937741,34,24,31,20,5,0,0,0,638,481,389,308
2026/01/26/21:32:44,4931.452493,0.955125,0.854107,1.041125,0.937741,34,24,31,20,5,0,0,0,638,481,389,308
2026/01/26/21:32:45,4932.452604,0.955125,0.854107,1.054625,0.951318,34,24,31,20,6,0,0,1,638,481,389,308
2026/01/26/21:32:46,4933.452698,0.954812,0.888137,1.119438,1.033591,34,23,32,22,8,2,1,2,638,485,389,308
2026/01/26/21:32:47,4934.452863,0.954812,0.888137,1.119438,1.033591,34,23,32,22,8,2,1,2,638,485,389,308
2026/01/26/21:32:48,4935.452971,0.946688,0.872011,1.107750,0.991489,34,23,30,22,8,2,0,2,638,485,391,308
2026/01/26/21:32:49,4936.453072,0.950750,0.838749,1.090500,0.948234,35,20,29,23,7,2,0,1,638,488,392,308
2026/01/26/21:32:50,4937.453184,0.946750,0.831617,1.074437,0.937603,35,20,29,22,7,1,0,1,638,488,392,309
2026/01/26/21:32:51,4938.453286,0.946750,0.831617,1.074437,0.937603,35,20,29,22,7,1,0,1,638,488,392,309
2026/01/26/21:32:52,4939.453398,0.946750,0.831617,1.074437,0.937603,35,20,29,22,7,1,0,1,638,488,392,309
2026/01/26/21:32:53,4940.453562,0.943438,0.828259,1.071125,0.934245,35,20,29,21,7,1,0,1,638,488,392,310
2026/01/26/21:32:54,4941.453664,0.933937,0.821813,1.042625,0.914909,34,20,29,21,5,1,0,1,639,488,392,310
2026/01/26/21:32:55,4942.453865,0.933937,0.821813,1.042625,0.914909,34,20,29,21,5,1,0,1,639,488,392,310
2026/01/26/21:32:56,4943.453979,0.933937,0.821813,0.992000,0.842805,34,20,29,21,2,1,0,1,639,488,392,310
2026/01/26/21:32:57,4944.454142,0.933937,0.821813,0.992000,0.842805,34,20,29,21,2,1,0,1,639,488,392,310
2026/01/26/21:32:58,4945.454304,0.933937,0.821813,0.992000,0.842805,34,20,29,21,2,1,0,1,639,488,392,310
2026/01/26/21:32:59,4946.454406,0.933937,0.821813,0.992000,0.842805,34,20,29,21,2,1,0,1,639,488,392,310
2026/01/26/21:33:00,4947.454569,0.933937,0.821813,0.992000,0.842805,34,20,29,21,2,1,0,1,639,488,392,310
2026/01/26/21:33:01,4948.454669,0.933937,0.821813,0.992000,0.842805,34,20,29,21,2,1,0,1,639,488,392,310
2026/01/26/21:33:02,4949.454836,0.933937,0.821813,0.992000,0.842805,34,20,29,21,2,1,0,1,639,488,392,310
2026/01/26/21:33:03,4950.454996,0.933937,0.821813,0.992000,0.842805,34,20,29,21,2,1,0,1,639,488,392,310
2026/01/26/21:33:04,4951.455170,0.937250,0.819902,0.983500,0.837347,34,19,29,22,2,1,0,0,639,489,392,310
2026/01/26/21:33:05,4952.455287,0.942813,0.821979,0.959875,0.830251,35,20,29,20,1,0,0,0,639,489,392,312
2026/01/26/21:33:06,4953.455439,0.942813,0.821979,0.959875,0.830251,35,20,29,20,1,0,0,0,639,489,392,312
2026/01/26/21:33:07,4954.455554,0.942813,0.821979,0.959875,0.830251,35,20,29,20,1,0,0,0,639,489,392,312
2026/01/26/21:33:08,4955.455785,0.929125,0.812558,0.946187,0.820830,35,20,26,20,1,0,0,0,639,489,395,312
2026/01/26/21:33:09,4956.455885,0.929937,0.811954,0.929937,0.811954,36,20,24,20,0,0,0,0,639,489,397,312
2026/01/26/21:33:10,4957.456050,0.929937,0.811954,0.929937,0.811954,36,20,24,20,0,0,0,0,639,489,397,312
2026/01/26/21:33:11,4958.456217,0.929937,0.811954,0.929937,0.811954,36,20,24,20,0,0,0,0,639,489,397,312
2026/01/26/21:33:12,4959.456382,0.929937,0.811954,0.929937,0.811954,36,20,24,20,0,0,0,0,639,489,397,312
2026/01/26/21:33:13,4960.456494,0.929937,0.811954,0.929937,0.811954,36,20,24,20,0,0,0,0,639,489,397,312
2026/01/26/21:33:14,4961.456606,0.929937,0.811954,0.929937,0.811954,36,20,24,20,0,0,0,0,639,489,397,312
2026/01/26/21:33:15,4962.456673,0.929937,0.811954,0.929937,0.811954,36,20,24,20,0,0,0,0,639,489,397,312
2026/01/26/21:33:16,4963.456860,0.919063,0.806041,0.919063,0.806041,36,19,24,20,0,0,0,0,639,490,397,312
2026/01/26/21:33:17,4964.457027,0.919063,0.806041,0.919063,0.806041,36,19,24,20,0,0,0,0,639,490,397,312
2026/01/26/21:33:18,4965.457186,0.919063,0.806041,0.919063,0.806041,36,19,24,20,0,0,0,0,639,490,397,312
2026/01/26/21:33:19,4966.457337,0.919063,0.806041,0.919063,0.806041,36,19,24,20,0,0,0,0,639,490,397,312
2026/01/26/21:33:20,4967.457460,0.919063,0.806041,0.919063,0.806041,36,19,24,20,0,0,0,0,639,490,397,312
2026/01/26/21:33:21,4968.457566,0.919063,0.806041,0.919063,0.806041,36,19,24,20,0,0,0,0,639,490,397,312
2026/01/26/21:33:22,4969.457729,0.919063,0.806041,0.919063,0.806041,36,19,24,20,0,0,0,0,639,490,397,312
2026/01/26/21:33:23,4970.457890,0.919063,0.806041,0.919063,0.806041,36,19,24,20,0,0,0,0,639,490,397,312
2026/01/26/21:33:24,4971.458039,0.923375,0.809962,0.968375,0.847631,36,20,24,20,0,3,0,0,639,490,397,312
2026/01/26/21:33:25,4972.458217,0.923375,0.809962,0.968375,0.847631,36,20,24,20,0,3,0,0,639,490,397,312
2026/01/26/21:33:26,4973.458328,0.931000,0.821378,1.013875,0.868494,37,21,24,20,0,3,3,0,639,490,397,312
2026/01/26/21:33:27,4974.458435,0.931000,0.821378,1.013875,0.868494,37,21,24,20,0,3,3,0,639,490,397,312
2026/01/26/21:33:28,4975.458633,0.926687,0.817457,1.009562,0.864573,37,20,24,20,0,3,3,0,639,491,397,312
2026/01/26/21:33:29,4976.458821,0.926687,0.817457,1.009562,0.864573,37,20,24,20,0,3,3,0,639,491,397,312
2026/01/26/21:33:30,4977.458854,0.926687,0.817457,1.009562,0.864573,37,20,24,20,0,3,3,0,639,491,397,312
2026/01/26/21:33:31,4978.458968,0.923063,0.810696,1.005937,0.857813,36,20,24,20,0,3,3,0,640,491,397,312
2026/01/26/21:33:32,4979.459131,0.923063,0.810696,1.005937,0.857813,36,20,24,20,0,3,3,0,640,491,397,312
2026/01/26/21:33:33,4980.459280,0.923063,0.810696,0.968063,0.848365,36,20,24,20,0,3,0,0,640,491,397,312
2026/01/26/21:33:34,4981.459441,0.923063,0.810696,0.923063,0.810696,36,20,24,20,0,0,0,0,640,491,397,312
2026/01/26/21:33:35,4982.459609,0.923063,0.810696,0.923063,0.810696,36,20,24,20,0,0,0,0,640,491,397,312
2026/01/26/21:33:36,4983.459821,0.923063,0.810696,0.923063,0.810696,36,20,24,20,0,0,0,0,640,491,397,312
2026/01/26/21:33:37,4984.459852,0.923063,0.810696,0.923063,0.810696,36,20,24,20,0,0,0,0,640,491,397,312
2026/01/26/21:33:38,4985.460021,0.923063,0.810696,0.923063,0.810696,36,20,24,20,0,0,0,0,640,491,397,312
2026/01/26/21:33:39,4986.460186,0.923063,0.810696,0.923063,0.810696,36,20,24,20,0,0,0,0,640,491,397,312
2026/01/26/21:33:40,4987.460362,0.923063,0.810696,0.923063,0.810696,36,20,24,20,0,0,0,0,640,491,397,312
2026/01/26/21:33:41,4988.460523,0.923063,0.810696,0.923063,0.810696,36,20,24,20,0,0,0,0,640,491,397,312
2026/01/26/21:33:42,4989.460644,0.923063,0.810696,0.923063,0.810696,36,20,24,20,0,0,0,0,640,491,397,312
2026/01/26/21:33:43,4990.460820,0.923063,0.810696,0.923063,0.810696,36,20,24,20,0,0,0,0,640,491,397,312
2026/01/26/21:33:44,4991.460966,0.923063,0.810696,0.923063,0.810696,36,20,24,20,0,0,0,0,640,491,397,312
2026/01/26/21:33:45,4992.461126,0.923063,0.810696,0.923063,0.810696,36,20,24,20,0,0,0,0,640,491,397,312
2026/01/26/21:33:46,4993.461307,0.923063,0.810696,0.923063,0.810696,36,20,24,20,0,0,0,0,640,491,397,312
2026/01/26/21:33:47,4994.461471,0.923063,0.810696,0.923063,0.810696,36,20,24,20,0,0,0,0,640,491,397,312
2026/01/26/21:33:48,4995.461635,0.923063,0.810696,0.923063,0.810696,36,20,24,20,0,0,0,0,640,491,397,312
2026/01/26/21:33:49,4996.461822,0.923063,0.810696,0.923063,0.810696,36,20,24,20,0,0,0,0,640,491,397,312
2026/01/26/21:33:50,4997.461957,0.906000,0.802424,0.906000,0.802424,35,20,24,20,0,0,0,0,641,491,397,312
2026/01/26/21:33:51,4998.462139,0.906000,0.802424,0.906000,0.802424,35,20,24,20,0,0,0,0,641,491,397,312
2026/01/26/21:33:52,4999.462220,0.901188,0.798866,0.901188,0.798866,35,20,24,19,0,0,0,0,641,491,397,313
2026/01/26/21:33:53,5000.462387,0.901188,0.798866,0.901188,0.798866,35,20,24,19,0,0,0,0,641,491,397,313
2026/01/26/21:33:54,5001.462553,0.901188,0.798866,0.901188,0.798866,35,20,24,19,0,0,0,0,641,491,397,313
2026/01/26/21:33:55,5002.462710,0.901188,0.798866,0.901188,0.798866,35,20,24,19,0,0,0,0,641,491,397,313
2026/01/26/21:33:56,5003.462893,0.901188,0.798866,0.901188,0.798866,35,20,24,19,0,0,0,0,641,491,397,313
2026/01/26/21:33:57,5004.463052,0.901188,0.798866,0.901188,0.798866,35,20,24,19,0,0,0,0,641,491,397,313
2026/01/26/21:33:58,5005.463156,0.901188,0.798866,0.901188,0.798866,35,20,24,19,0,0,0,0,641,491,397,313
2026/01/26/21:33:59,5006.463316,0.901188,0.798866,0.901188,0.798866,35,20,24,19,0,0,0,0,641,491,397,313
2026/01/26/21:34:00,5007.463426,0.901188,0.798866,0.901188,0.798866,35,20,24,19,0,0,0,0,641,491,397,313
2026/01/26/21:34:01,5008.463527,0.864563,0.792348,0.864563,0.792348,33,20,24,19,0,0,0,0,643,491,397,313
2026/01/26/21:34:02,5009.463634,0.864563,0.792348,0.864563,0.792348,33,20,24,19,0,0,0,0,643,491,397,313
2026/01/26/21:34:03,5010.463820,0.898312,0.815288,0.898312,0.815288,35,20,26,19,0,0,0,0,643,491,397,313
2026/01/26/21:34:04,5011.463844,0.928500,0.867522,0.938125,0.871159,35,20,28,23,1,0,0,0,643,491,397,313
2026/01/26/21:34:05,5012.463911,0.932562,0.876335,1.082500,1.013639,35,21,28,23,3,4,3,3,643,491,397,313
2026/01/26/21:34:06,5013.464025,0.942562,0.892949,1.181125,1.074994,35,21,29,25,5,7,3,5,643,491,397,313
2026/01/26/21:34:07,5014.464087,0.938813,0.873007,1.106437,1.049473,35,21,28,24,5,4,4,8,643,491,399,315
2026/01/26/21:34:08,5015.464182,0.952625,0.903939,1.062875,1.017474,36,22,30,23,1,5,3,3,644,491,399,318
2026/01/26/21:34:09,5016.464360,0.952625,0.903939,1.037250,0.970862,36,22,30,23,0,5,1,3,644,491,399,318
2026/01/26/21:34:10,5017.464470,0.952625,0.903939,1.037250,0.970862,36,22,30,23,0,5,1,3,644,491,399,318
2026/01/26/21:34:11,5018.464634,0.953688,0.910945,1.035000,0.979693,38,23,28,23,1,4,1,3,644,491,401,318
2026/01/26/21:34:12,5019.464816,0.952875,0.907171,1.030938,0.970879,39,22,28,23,0,4,1,3,644,492,401,318
2026/01/26/21:34:13,5020.464957,0.946688,0.897291,1.005625,0.935745,36,22,25,26,0,4,1,0,647,492,404,318
2026/01/26/21:34:14,5021.465060,0.920875,0.886753,0.966187,0.912097,32,24,25,25,0,2,1,0,651,492,404,319
2026/01/26/21:34:15,5022.465153,0.915125,0.895851,0.946313,0.901404,32,26,23,25,0,0,1,0,651,492,406,319
2026/01/26/21:34:16,5023.465325,0.915125,0.895851,0.946313,0.901404,32,26,23,25,0,0,1,0,651,492,406,319
2026/01/26/21:34:17,5024.465423,0.915125,0.895851,0.946313,0.901404,32,26,23,25,0,0,1,0,651,492,406,319
2026/01/26/21:34:18,5025.465588,0.915125,0.895851,0.946313,0.901404,32,26,23,25,0,0,1,0,651,492,406,319
2026/01/26/21:34:19,5026.465751,0.909813,0.870626,0.941000,0.876179,32,26,22,25,0,0,1,0,651,492,407,319
2026/01/26/21:34:20,5027.465858,0.909813,0.870626,0.941000,0.876179,32,26,22,25,0,0,1,0,651,492,407,319
2026/01/26/21:34:21,5028.466038,0.877563,0.834960,0.908750,0.840513,32,26,22,19,0,0,1,0,651,492,407,325
2026/01/26/21:34:22,5029.466143,0.877563,0.834960,0.908750,0.840513,32,26,22,19,0,0,1,0,651,492,407,325
2026/01/26/21:34:23,5030.466240,0.877563,0.834960,0.908750,0.840513,32,26,22,19,0,0,1,0,651,492,407,325
2026/01/26/21:34:24,5031.466409,0.877563,0.834960,0.908750,0.840513,32,26,22,19,0,0,1,0,651,492,407,325
2026/01/26/21:34:25,5032.466525,0.877563,0.834960,0.908750,0.840513,32,26,22,19,0,0,1,0,651,492,407,325
2026/01/26/21:34:26,5033.466618,0.873313,0.830927,0.904500,0.836480,32,25,22,19,0,0,1,0,651,493,407,325
2026/01/26/21:34:27,5034.466795,0.873313,0.830927,0.904500,0.836480,32,25,22,19,0,0,1,0,651,493,407,325
2026/01/26/21:34:28,5035.466874,0.873313,0.830927,0.904500,0.836480,32,25,22,19,0,0,1,0,651,493,407,325
2026/01/26/21:34:29,5036.466969,0.873313,0.830927,0.904500,0.836480,32,25,22,19,0,0,1,0,651,493,407,325
2026/01/26/21:34:30,5037.467067,0.870000,0.796562,0.870000,0.796562,32,22,23,16,0,0,0,0,651,496,407,328
2026/01/26/21:34:31,5038.467180,0.866875,0.770025,0.866875,0.770025,32,22,22,16,0,0,0,0,651,496,408,328
2026/01/26/21:34:32,5039.467281,0.866875,0.770025,0.866875,0.770025,32,22,22,16,0,0,0,0,651,496,408,328
2026/01/26/21:34:33,5040.467457,0.866875,0.770025,0.866875,0.770025,32,22,22,16,0,0,0,0,651,496,408,328
2026/01/26/21:34:34,5041.467556,0.866875,0.770025,0.866875,0.770025,32,22,22,16,0,0,0,0,651,496,408,328
2026/01/26/21:34:35,5042.467661,0.866875,0.770025,0.866875,0.770025,32,22,22,16,0,0,0,0,651,496,408,328
2026/01/26/21:34:36,5043.467843,0.866875,0.770025,0.866875,0.770025,32,22,22,16,0,0,0,0,651,496,408,328
2026/01/26/21:34:37,5044.467957,0.866875,0.770025,0.866875,0.770025,32,22,22,16,0,0,0,0,651,496,408,328
2026/01/26/21:34:38,5045.468072,0.866875,0.770025,0.866875,0.770025,32,22,22,16,0,0,0,0,651,496,408,328
2026/01/26/21:34:39,5046.468180,0.866875,0.770025,0.866875,0.770025,32,22,22,16,0,0,0,0,651,496,408,328
2026/01/26/21:34:40,5047.468292,0.866875,0.770025,0.866875,0.770025,32,22,22,16,0,0,0,0,651,496,408,328
2026/01/26/21:34:41,5048.468476,0.866875,0.770025,0.866875,0.770025,32,22,22,16,0,0,0,0,651,496,408,328
2026/01/26/21:34:42,5049.468641,0.866875,0.770025,0.866875,0.770025,32,22,22,16,0,0,0,0,651,496,408,328
2026/01/26/21:34:43,5050.468823,0.866875,0.770025,0.866875,0.770025,32,22,22,16,0,0,0,0,651,496,408,328
2026/01/26/21:34:44,5051.468909,0.866875,0.770025,0.866875,0.770025,32,22,22,16,0,0,0,0,651,496,408,328
2026/01/26/21:34:45,5052.469022,0.866875,0.770025,0.866875,0.770025,32,22,22,16,0,0,0,0,651,496,408,328
2026/01/26/21:34:46,5053.469186,0.866875,0.770025,0.866875,0.770025,32,22,22,16,0,0,0,0,651,496,408,328
2026/01/26/21:34:47,5054.469296,0.866875,0.770025,0.866875,0.770025,32,22,22,16,0,0,0,0,651,496,408,328
2026/01/26/21:34:48,5055.469410,0.866875,0.770025,0.866875,0.770025,32,22,22,16,0,0,0,0,651,496,408,328
2026/01/26/21:34:49,5056.469573,0.866875,0.770025,0.866875,0.770025,32,22,22,16,0,0,0,0,651,496,408,328
2026/01/26/21:34:50,5057.469702,0.862875,0.765369,0.862875,0.765369,32,21,22,16,0,0,0,0,651,497,408,328
2026/01/26/21:34:51,5058.469874,0.862875,0.765369,0.862875,0.765369,32,21,22,16,0,0,0,0,651,497,408,328
2026/01/26/21:34:52,5059.469977,0.862875,0.765369,0.862875,0.765369,32,21,22,16,0,0,0,0,651,497,408,328
2026/01/26/21:34:53,5060.470045,0.920937,0.799033,0.959125,0.836381,35,23,25,16,1,3,0,0,651,497,408,328
2026/01/26/21:34:54,5061.470163,0.936438,0.819363,0.959125,0.836381,35,25,25,16,1,1,0,0,651,497,408,328
2026/01/26/21:34:55,5062.470275,0.933625,0.812356,0.941375,0.822521,36,23,25,16,0,1,0,0,651,499,408,328
2026/01/26/21:34:56,5063.470406,0.929375,0.812380,0.929375,0.812380,36,24,22,16,0,0,0,0,651,499,411,328
2026/01/26/21:34:57,5064.470498,0.929375,0.812380,0.929375,0.812380,36,24,22,16,0,0,0,0,651,499,411,328
2026/01/26/21:34:58,5065.470620,0.929375,0.812380,0.929375,0.812380,36,24,22,16,0,0,0,0,651,499,411,328
2026/01/26/21:34:59,5066.470721,0.929375,0.812380,0.929375,0.812380,36,24,22,16,0,0,0,0,651,499,411,328
2026/01/26/21:35:00,5067.470851,0.929375,0.812380,0.929375,0.812380,36,24,22,16,0,0,0,0,651,499,411,328
2026/01/26/21:35:01,5068.470968,0.929375,0.812380,0.929375,0.812380,36,24,22,16,0,0,0,0,651,499,411,328
2026/01/26/21:35:02,5069.471066,0.929375,0.812380,0.929375,0.812380,36,24,22,16,0,0,0,0,651,499,411,328
2026/01/26/21:35:03,5070.471230,0.929375,0.812380,0.929375,0.812380,36,24,22,16,0,0,0,0,651,499,411,328
2026/01/26/21:35:04,5071.471345,0.929375,0.812380,0.929375,0.812380,36,24,22,16,0,0,0,0,651,499,411,328
2026/01/26/21:35:05,5072.471456,0.929375,0.812380,0.929375,0.812380,36,24,22,16,0,0,0,0,651,499,411,328
2026/01/26/21:35:06,5073.471642,0.901062,0.802717,0.901062,0.802717,33,24,22,16,0,0,0,0,654,499,411,328
2026/01/26/21:35:07,5074.471836,0.869750,0.755657,0.869750,0.755657,30,24,22,16,0,0,0,0,657,499,411,328
2026/01/26/21:35:08,5075.471948,0.869750,0.755657,0.869750,0.755657,30,24,22,16,0,0,0,0,657,499,411,328
2026/01/26/21:35:09,5076.472103,0.869750,0.755657,0.869750,0.755657,30,24,22,16,0,0,0,0,657,499,411,328
2026/01/26/21:35:10,5077.472221,0.869750,0.755657,0.869750,0.755657,30,24,22,16,0,0,0,0,657,499,411,328
2026/01/26/21:35:11,5078.472383,0.846500,0.725163,0.846500,0.725163,30,21,22,16,0,0,0,0,657,502,411,328
2026/01/26/21:35:12,5079.472483,0.831562,0.718310,0.831562,0.718310,29,21,22,16,0,0,0,0,658,502,411,328
2026/01/26/21:35:13,5080.472644,0.831562,0.718310,0.831562,0.718310,29,21,22,16,0,0,0,0,658,502,411,328
2026/01/26/21:35:14,5081.472755,0.831562,0.718310,0.831562,0.718310,29,21,22,16,0,0,0,0,658,502,411,328
2026/01/26/21:35:15,5082.472943,0.831562,0.718310,0.831562,0.718310,29,21,22,16,0,0,0,0,658,502,411,328
2026/01/26/21:35:16,5083.473099,0.831562,0.718310,0.831562,0.718310,29,21,22,16,0,0,0,0,658,502,411,328
2026/01/26/21:35:17,5084.473320,0.831562,0.718310,0.831562,0.718310,29,21,22,16,0,0,0,0,658,502,411,328
2026/01/26/21:35:18,5085.473430,0.831562,0.718310,0.831562,0.718310,29,21,22,16,0,0,0,0,658,502,411,328
2026/01/26/21:35:19,5086.473542,0.831562,0.718310,0.831562,0.718310,29,21,22,16,0,0,0,0,658,502,411,328
2026/01/26/21:35:20,5087.473717,0.831562,0.718310,0.831562,0.718310,29,21,22,16,0,0,0,0,658,502,411,328
2026/01/26/21:35:21,5088.473888,0.831562,0.718310,0.831562,0.718310,29,21,22,16,0,0,0,0,658,502,411,328
2026/01/26/21:35:22,5089.474013,0.831562,0.718310,0.831562,0.718310,29,21,22,16,0,0,0,0,658,502,411,328
2026/01/26/21:35:23,5090.474115,0.831562,0.718310,0.831562,0.718310,29,21,22,16,0,0,0,0,658,502,411,328
2026/01/26/21:35:24,5091.474230,0.831562,0.718310,0.831562,0.718310,29,21,22,16,0,0,0,0,658,502,411,328
2026/01/26/21:35:25,5092.474352,0.831562,0.718310,0.831562,0.718310,29,21,22,16,0,0,0,0,658,502,411,328
2026/01/26/21:35:26,5093.474458,0.831562,0.718310,0.831562,0.718310,29,21,22,16,0,0,0,0,658,502,411,328
2026/01/26/21:35:27,5094.474564,0.831562,0.718310,0.831562,0.718310,29,21,22,16,0,0,0,0,658,502,411,328
2026/01/26/21:35:28,5095.474683,0.831562,0.718310,0.831562,0.718310,29,21,22,16,0,0,0,0,658,502,411,328
2026/01/26/21:35:29,5096.474797,0.831562,0.718310,0.831562,0.718310,29,21,22,16,0,0,0,0,658,502,411,328
2026/01/26/21:35:30,5097.474951,0.831562,0.718310,0.831562,0.718310,29,21,22,16,0,0,0,0,658,502,411,328
2026/01/26/21:35:31,5098.475064,0.831562,0.718310,0.831562,0.718310,29,21,22,16,0,0,0,0,658,502,411,328
2026/01/26/21:35:32,5099.475160,0.831562,0.718310,0.831562,0.718310,29,21,22,16,0,0,0,0,658,502,411,328
2026/01/26/21:35:33,5100.475265,0.831562,0.718310,0.831562,0.718310,29,21,22,16,0,0,0,0,658,502,411,328
2026/01/26/21:35:34,5101.475374,0.831562,0.718310,0.831562,0.718310,29,21,22,16,0,0,0,0,658,502,411,328
2026/01/26/21:35:35,5102.475495,0.831562,0.718310,0.831562,0.718310,29,21,22,16,0,0,0,0,658,502,411,328
2026/01/26/21:35:36,5103.475659,0.831562,0.718310,0.831562,0.718310,29,21,22,16,0,0,0,0,658,502,411,328
2026/01/26/21:35:37,5104.475843,0.831562,0.718310,0.831562,0.718310,29,21,22,16,0,0,0,0,658,502,411,328
2026/01/26/21:35:38,5105.476007,0.831562,0.718310,0.831562,0.718310,29,21,22,16,0,0,0,0,658,502,411,328
2026/01/26/21:35:39,5106.476175,0.831562,0.718310,0.831562,0.718310,29,21,22,16,0,0,0,0,658,502,411,328
2026/01/26/21:35:40,5107.476281,0.831562,0.718310,0.831562,0.718310,29,21,22,16,0,0,0,0,658,502,411,328
2026/01/26/21:35:41,5108.476444,0.831562,0.718310,0.831562,0.718310,29,21,22,16,0,0,0,0,658,502,411,328
2026/01/26/21:35:42,5109.476589,0.831562,0.718310,0.831562,0.718310,29,21,22,16,0,0,0,0,658,502,411,328
2026/01/26/21:35:43,5110.476734,0.831562,0.718310,0.831562,0.718310,29,21,22,16,0,0,0,0,658,502,411,328
2026/01/26/21:35:44,5111.476830,0.831562,0.718310,0.831562,0.718310,29,21,22,16,0,0,0,0,658,502,411,328
2026/01/26/21:35:45,5112.477007,0.831562,0.718310,0.831562,0.718310,29,21,22,16,0,0,0,0,658,502,411,328
2026/01/26/21:35:46,5113.477173,0.831562,0.718310,0.831562,0.718310,29,21,22,16,0,0,0,0,658,502,411,328
2026/01/26/21:35:47,5114.477286,0.831562,0.718310,0.831562,0.718310,29,21,22,16,0,0,0,0,658,502,411,328
2026/01/26/21:35:48,5115.477391,0.831562,0.718310,0.831562,0.718310,29,21,22,16,0,0,0,0,658,502,411,328
2026/01/26/21:35:49,5116.477504,0.831562,0.718310,0.831562,0.718310,29,21,22,16,0,0,0,0,658,502,411,328
2026/01/26/21:35:50,5117.477608,0.831562,0.718310,0.831562,0.718310,29,21,22,16,0,0,0,0,658,502,411,328
2026/01/26/21:35:51,5118.477690,0.904563,0.783816,0.904563,0.783816,33,23,22,19,0,0,0,0,658,502,411,328
2026/01/26/21:35:52,5119.477856,0.904563,0.783816,0.904563,0.783816,33,23,22,19,0,0,0,0,658,502,411,328
2026/01/26/21:35:53,5120.477961,0.919937,0.793253,0.919937,0.793253,33,25,22,19,0,0,0,0,658,502,411,328
2026/01/26/21:35:54,5121.478070,0.907000,0.833021,0.907000,0.833021,33,28,21,19,0,0,0,0,658,502,412,328
2026/01/26/21:35:55,5122.478182,0.893125,0.818294,0.893125,0.818294,31,28,21,19,0,0,0,0,660,502,412,328
2026/01/26/21:35:56,5123.478284,0.893125,0.818294,0.893125,0.818294,31,28,21,19,0,0,0,0,660,502,412,328
2026/01/26/21:35:57,5124.478386,0.876687,0.764794,0.876687,0.764794,30,25,21,19,0,0,0,0,661,505,412,328
2026/01/26/21:35:58,5125.478492,0.876687,0.764794,0.876687,0.764794,30,25,21,19,0,0,0,0,661,505,412,328
2026/01/26/21:35:59,5126.478594,0.876687,0.764794,0.876687,0.764794,30,25,21,19,0,0,0,0,661,505,412,328
2026/01/26/21:36:00,5127.478701,0.876687,0.764794,0.876687,0.764794,30,25,21,19,0,0,0,0,661,505,412,328
2026/01/26/21:36:01,5128.478825,0.843938,0.747146,0.843938,0.747146,30,23,21,19,0,0,0,0,661,507,412,328
2026/01/26/21:36:02,5129.478985,0.843938,0.747146,0.843938,0.747146,30,23,21,19,0,0,0,0,661,507,412,328
2026/01/26/21:36:03,5130.479144,0.843938,0.747146,0.843938,0.747146,30,23,21,19,0,0,0,0,661,507,412,328
2026/01/26/21:36:04,5131.479249,0.828562,0.737709,0.828562,0.737709,30,21,21,19,0,0,0,0,661,509,412,328
2026/01/26/21:36:05,5132.479409,0.828562,0.737709,0.828562,0.737709,30,21,21,19,0,0,0,0,661,509,412,328
2026/01/26/21:36:06,5133.479553,0.828562,0.737709,0.828562,0.737709,30,21,21,19,0,0,0,0,661,509,412,328
2026/01/26/21:36:07,5134.479715,0.828562,0.737709,0.828562,0.737709,30,21,21,19,0,0,0,0,661,509,412,328
2026/01/26/21:36:08,5135.479878,0.828562,0.737709,0.828562,0.737709,30,21,21,19,0,0,0,0,661,509,412,328
2026/01/26/21:36:09,5136.480047,0.828562,0.737709,0.828562,0.737709,30,21,21,19,0,0,0,0,661,509,412,328
2026/01/26/21:36:10,5137.480203,0.828562,0.737709,0.828562,0.737709,30,21,21,19,0,0,0,0,661,509,412,328
2026/01/26/21:36:11,5138.480362,0.828562,0.737709,0.828562,0.737709,30,21,21,19,0,0,0,0,661,509,412,328
2026/01/26/21:36:12,5139.480531,0.828562,0.737709,0.828562,0.737709,30,21,21,19,0,0,0,0,661,509,412,328
2026/01/26/21:36:13,5140.480693,0.819937,0.730929,0.819937,0.730929,30,21,19,19,0,0,0,0,661,509,414,328
2026/01/26/21:36:14,5141.480843,0.819937,0.730929,0.819937,0.730929,30,21,19,19,0,0,0,0,661,509,414,328
2026/01/26/21:36:15,5142.480958,0.819937,0.730929,0.819937,0.730929,30,21,19,19,0,0,0,0,661,509,414,328
2026/01/26/21:36:16,5143.481072,0.819937,0.730929,0.819937,0.730929,30,21,19,19,0,0,0,0,661,509,414,328
2026/01/26/21:36:17,5144.481171,0.819937,0.730929,0.819937,0.730929,30,21,19,19,0,0,0,0,661,509,414,328
2026/01/26/21:36:18,5145.481340,0.819937,0.730929,0.819937,0.730929,30,21,19,19,0,0,0,0,661,509,414,328
2026/01/26/21:36:19,5146.481510,0.819937,0.730929,0.819937,0.730929,30,21,19,19,0,0,0,0,661,509,414,328
2026/01/26/21:36:20,5147.481687,0.819937,0.730929,0.819937,0.730929,30,21,19,19,0,0,0,0,661,509,414,328
2026/01/26/21:36:21,5148.481841,0.819937,0.730929,0.819937,0.730929,30,21,19,19,0,0,0,0,661,509,414,328
2026/01/26/21:36:22,5149.482014,0.805500,0.719530,0.805500,0.719530,30,21,18,19,0,0,0,0,661,509,415,328
2026/01/26/21:36:23,5150.482172,0.805500,0.719530,0.805500,0.719530,30,21,18,19,0,0,0,0,661,509,415,328
2026/01/26/21:36:24,5151.482324,0.794813,0.705469,0.794813,0.705469,30,20,18,19,0,0,0,0,661,510,415,328
2026/01/26/21:36:25,5152.482502,0.794813,0.705469,0.794813,0.705469,30,20,18,19,0,0,0,0,661,510,415,328
2026/01/26/21:36:26,5153.482669,0.794813,0.705469,0.794813,0.705469,30,20,18,19,0,0,0,0,661,510,415,328
2026/01/26/21:36:27,5154.482877,0.794813,0.705469,0.794813,0.705469,30,20,18,19,0,0,0,0,661,510,415,328
2026/01/26/21:36:28,5155.482946,0.814250,0.721429,0.814250,0.721429,34,20,18,19,0,0,0,0,661,510,415,328
2026/01/26/21:36:29,5156.483043,0.814250,0.721429,0.814250,0.721429,34,20,18,19,0,0,0,0,661,510,415,328
2026/01/26/21:36:30,5157.483213,0.814250,0.721429,0.814250,0.721429,34,20,18,19,0,0,0,0,661,510,415,328
2026/01/26/21:36:31,5158.483375,0.814250,0.721429,0.814250,0.721429,34,20,18,19,0,0,0,0,661,510,415,328
2026/01/26/21:36:32,5159.483517,0.798875,0.709454,0.798875,0.709454,31,20,18,19,0,0,0,0,664,510,415,328
2026/01/26/21:36:33,5160.483702,0.798875,0.709454,0.798875,0.709454,31,20,18,19,0,0,0,0,664,510,415,328
2026/01/26/21:36:34,5161.483854,0.798875,0.709454,0.798875,0.709454,31,20,18,19,0,0,0,0,664,510,415,328
2026/01/26/21:36:35,5162.483968,0.798875,0.709454,0.798875,0.709454,31,20,18,19,0,0,0,0,664,510,415,328
2026/01/26/21:36:36,5163.484089,0.798875,0.709454,0.798875,0.709454,31,20,18,19,0,0,0,0,664,510,415,328
2026/01/26/21:36:37,5164.484251,0.859313,0.782106,0.859313,0.782106,33,20,21,21,0,0,0,0,664,510,415,328
2026/01/26/21:36:38,5165.484421,0.871750,0.796833,0.871750,0.796833,34,21,21,21,0,0,0,0,664,510,415,328
2026/01/26/21:36:39,5166.484531,0.818688,0.746231,0.818688,0.746231,32,21,18,21,0,0,0,0,666,510,418,328
2026/01/26/21:36:40,5167.484684,0.811312,0.724181,0.811312,0.724181,32,21,18,19,0,0,0,0,666,510,418,330
2026/01/26/21:36:41,5168.484843,0.811312,0.724181,0.811312,0.724181,32,21,18,19,0,0,0,0,666,510,418,330
2026/01/26/21:36:42,5169.484997,0.804562,0.717302,0.804562,0.717302,32,19,18,19,0,0,0,0,666,512,418,330
2026/01/26/21:36:43,5170.485092,0.804562,0.717302,0.804562,0.717302,32,19,18,19,0,0,0,0,666,512,418,330
2026/01/26/21:36:44,5171.485182,0.804562,0.717302,0.804562,0.717302,32,19,18,19,0,0,0,0,666,512,418,330
2026/01/26/21:36:45,5172.485291,0.804562,0.717302,0.804562,0.717302,32,19,18,19,0,0,0,0,666,512,418,330
2026/01/26/21:36:46,5173.485381,0.804562,0.717302,0.804562,0.717302,32,19,18,19,0,0,0,0,666,512,418,330
2026/01/26/21:36:47,5174.485494,0.795375,0.712640,0.795375,0.712640,32,18,18,19,0,0,0,0,666,513,418,330
2026/01/26/21:36:48,5175.485569,0.795375,0.712640,0.795375,0.712640,32,18,18,19,0,0,0,0,666,513,418,330
2026/01/26/21:36:49,5176.485678,0.795375,0.712640,0.795375,0.712640,32,18,18,19,0,0,0,0,666,513,418,330
2026/01/26/21:36:50,5177.485838,0.795375,0.712640,0.795375,0.712640,32,18,18,19,0,0,0,0,666,513,418,330
2026/01/26/21:36:51,5178.485933,0.795375,0.712640,0.795375,0.712640,32,18,18,19,0,0,0,0,666,513,418,330
2026/01/26/21:36:52,5179.486028,0.795375,0.712640,0.795375,0.712640,32,18,18,19,0,0,0,0,666,513,418,330
2026/01/26/21:36:53,5180.486150,0.795375,0.712640,0.795375,0.712640,32,18,18,19,0,0,0,0,666,513,418,330
2026/01/26/21:36:54,5181.486246,0.795375,0.712640,0.795375,0.712640,32,18,18,19,0,0,0,0,666,513,418,330
2026/01/26/21:36:55,5182.486358,0.795375,0.712640,0.795375,0.712640,32,18,18,19,0,0,0,0,666,513,418,330
2026/01/26/21:36:56,5183.486463,0.795375,0.712640,0.795375,0.712640,32,18,18,19,0,0,0,0,666,513,418,330
2026/01/26/21:36:57,5184.486628,0.795375,0.712640,0.795375,0.712640,32,18,18,19,0,0,0,0,666,513,418,330
2026/01/26/21:36:58,5185.486738,0.818625,0.733052,0.818625,0.733052,35,18,18,21,0,0,0,0,666,513,418,330
2026/01/26/21:36:59,5186.486911,0.818625,0.733052,0.818625,0.733052,35,18,18,21,0,0,0,0,666,513,418,330
2026/01/26/21:37:00,5187.487071,0.818625,0.733052,0.818625,0.733052,35,18,18,21,0,0,0,0,666,513,418,330
2026/01/26/21:37:01,5188.487239,0.818625,0.733052,0.818625,0.733052,35,18,18,21,0,0,0,0,666,513,418,330
2026/01/26/21:37:02,5189.487444,0.818625,0.733052,0.818625,0.733052,35,18,18,21,0,0,0,0,666,513,418,330
2026/01/26/21:37:03,5190.487537,0.818625,0.733052,0.818625,0.733052,35,18,18,21,0,0,0,0,666,513,418,330
2026/01/26/21:37:04,5191.487704,0.818625,0.733052,0.818625,0.733052,35,18,18,21,0,0,0,0,666,513,418,330
2026/01/26/21:37:05,5192.487875,0.818625,0.733052,0.818625,0.733052,35,18,18,21,0,0,0,0,666,513,418,330
2026/01/26/21:37:06,5193.488032,0.818625,0.733052,0.818625,0.733052,35,18,18,21,0,0,0,0,666,513,418,330
2026/01/26/21:37:07,5194.488139,0.818625,0.733052,0.818625,0.733052,35,18,18,21,0,0,0,0,666,513,418,330
2026/01/26/21:37:08,5195.488280,0.818625,0.733052,0.818625,0.733052,35,18,18,21,0,0,0,0,666,513,418,330
2026/01/26/21:37:09,5196.488456,0.818625,0.733052,0.818625,0.733052,35,18,18,21,0,0,0,0,666,513,418,330
2026/01/26/21:37:10,5197.488604,0.810750,0.724104,0.810750,0.724104,35,18,18,19,0,0,0,0,666,513,418,332
2026/01/26/21:37:11,5198.488714,0.810750,0.724104,0.810750,0.724104,35,18,18,19,0,0,0,0,666,513,418,332
2026/01/26/21:37:12,5199.488835,0.852875,0.736582,0.852875,0.736582,37,18,21,19,0,0,0,0,667,513,418,332
2026/01/26/21:37:13,5200.489001,0.849688,0.726975,0.849688,0.726975,37,18,20,19,0,0,0,0,667,513,419,332
2026/01/26/21:37:14,5201.489094,0.849688,0.726975,0.849688,0.726975,37,18,20,19,0,0,0,0,667,513,419,332
2026/01/26/21:37:15,5202.489252,0.849688,0.726975,0.849688,0.726975,37,18,20,19,0,0,0,0,667,513,419,332
2026/01/26/21:37:16,5203.489419,0.849688,0.726975,0.849688,0.726975,37,18,20,19,0,0,0,0,667,513,419,332
2026/01/26/21:37:17,5204.489527,0.849688,0.726975,0.849688,0.726975,37,18,20,19,0,0,0,0,667,513,419,332
2026/01/26/21:37:18,5205.489694,0.849688,0.726975,0.849688,0.726975,37,18,20,19,0,0,0,0,667,513,419,332
2026/01/26/21:37:19,5206.489813,0.849688,0.726975,0.849688,0.726975,37,18,20,19,0,0,0,0,667,513,419,332
2026/01/26/21:37:20,5207.489902,0.849688,0.726975,0.849688,0.726975,37,18,20,19,0,0,0,0,667,513,419,332
2026/01/26/21:37:21,5208.490059,0.849688,0.726975,0.849688,0.726975,37,18,20,19,0,0,0,0,667,513,419,332
2026/01/26/21:37:22,5209.490226,0.849688,0.726975,0.849688,0.726975,37,18,20,19,0,0,0,0,667,513,419,332
2026/01/26/21:37:23,5210.490390,0.849688,0.726975,0.849688,0.726975,37,18,20,19,0,0,0,0,667,513,419,332
2026/01/26/21:37:24,5211.490546,0.849688,0.726975,0.849688,0.726975,37,18,20,19,0,0,0,0,667,513,419,332
2026/01/26/21:37:25,5212.490718,0.849688,0.726975,0.849688,0.726975,37,18,20,19,0,0,0,0,667,513,419,332
2026/01/26/21:37:26,5213.490804,0.849688,0.726975,0.849688,0.726975,37,18,20,19,0,0,0,0,667,513,419,332
2026/01/26/21:37:27,5214.490969,0.849688,0.726975,0.849688,0.726975,37,18,20,19,0,0,0,0,667,513,419,332
2026/01/26/21:37:28,5215.491133,0.849688,0.726975,0.849688,0.726975,37,18,20,19,0,0,0,0,667,513,419,332
2026/01/26/21:37:29,5216.491298,0.849688,0.726975,0.849688,0.726975,37,18,20,19,0,0,0,0,667,513,419,332
2026/01/26/21:37:30,5217.491455,0.849688,0.726975,0.849688,0.726975,37,18,20,19,0,0,0,0,667,513,419,332
2026/01/26/21:37:31,5218.491625,0.849688,0.726975,0.849688,0.726975,37,18,20,19,0,0,0,0,667,513,419,332
2026/01/26/21:37:32,5219.491813,0.849688,0.726975,0.849688,0.726975,37,18,20,19,0,0,0,0,667,513,419,332
2026/01/26/21:37:33,5220.491959,0.849688,0.726975,0.849688,0.726975,37,18,20,19,0,0,0,0,667,513,419,332
2026/01/26/21:37:34,5221.492110,0.849688,0.726975,0.849688,0.726975,37,18,20,19,0,0,0,0,667,513,419,332
2026/01/26/21:37:35,5222.492388,0.849688,0.726975,0.849688,0.726975,37,18,20,19,0,0,0,0,667,513,419,332
2026/01/26/21:37:36,5223.492501,0.849688,0.726975,0.849688,0.726975,37,18,20,19,0,0,0,0,667,513,419,332
2026/01/26/21:37:37,5224.492664,0.849688,0.726975,0.849688,0.726975,37,18,20,19,0,0,0,0,667,513,419,332
2026/01/26/21:37:38,5225.492852,0.834313,0.715511,0.834313,0.715511,34,18,20,19,0,0,0,0,670,513,419,332
2026/01/26/21:37:39,5226.492920,0.860812,0.742489,0.889375,0.772677,36,18,21,19,1,0,0,1,670,513,419,332
2026/01/26/21:37:40,5227.493101,0.920250,0.794269,0.970625,0.847739,42,19,21,22,0,0,0,2,670,513,419,332
2026/01/26/21:37:41,5228.493276,0.934625,0.819649,1.019750,0.886510,44,19,21,23,1,0,0,3,670,513,419,332
2026/01/26/21:37:42,5229.493385,0.947500,0.827710,1.026188,0.890540,44,19,21,25,1,0,0,2,670,513,419,332
2026/01/26/21:37:43,5230.493482,0.947500,0.827710,1.026188,0.890540,44,19,21,25,1,0,0,2,670,513,419,332
2026/01/26/21:37:44,5231.493573,0.932937,0.802999,1.011625,0.865829,43,19,20,25,1,0,0,2,671,513,420,332
2026/01/26/21:37:45,5232.493657,0.925188,0.795827,1.003875,0.858657,42,18,20,25,1,0,0,2,672,514,420,332
2026/01/26/21:37:46,5233.493801,0.904563,0.779626,0.983250,0.842456,40,18,20,25,1,0,0,2,674,514,420,332
2026/01/26/21:37:47,5234.493945,0.892687,0.773255,0.971375,0.836085,38,18,20,25,1,0,0,2,676,514,420,332
2026/01/26/21:37:48,5235.494053,0.892687,0.773255,0.971375,0.836085,38,18,20,25,1,0,0,2,676,514,420,332
2026/01/26/21:37:49,5236.494166,0.888250,0.755093,0.966938,0.817923,37,18,20,25,1,0,0,2,677,514,420,332
2026/01/26/21:37:50,5237.494337,0.888250,0.755093,0.966938,0.817923,37,18,20,25,1,0,0,2,677,514,420,332
2026/01/26/21:37:51,5238.494453,0.866688,0.745112,0.945375,0.807942,37,18,20,22,1,0,0,2,677,514,420,335
2026/01/26/21:37:52,5239.494557,0.866688,0.745112,0.945375,0.807942,37,18,20,22,1,0,0,2,677,514,420,335
2026/01/26/21:37:53,5240.494650,0.910875,0.801318,1.069438,0.884289,40,18,24,22,4,0,0,2,677,514,420,335
2026/01/26/21:37:54,5241.494726,0.910875,0.801318,1.082062,0.887618,40,18,24,22,4,1,0,2,677,514,420,335
2026/01/26/21:37:55,5242.494909,0.932250,0.826110,1.164438,1.028532,40,18,26,25,4,2,2,5,677,514,420,335
2026/01/26/21:37:56,5243.495012,0.930813,0.822096,1.163000,1.024518,40,19,23,26,4,2,2,5,677,514,423,335
2026/01/26/21:37:57,5244.495105,0.930813,0.822096,1.163000,1.024518,40,19,23,26,4,2,2,5,677,514,423,335
2026/01/26/21:37:58,5245.495274,0.930813,0.822096,1.163000,1.024518,40,19,23,26,4,2,2,5,677,514,423,335
2026/01/26/21:37:59,5246.495394,0.930813,0.822096,1.177250,1.072086,40,19,23,26,6,2,2,5,677,514,423,335
2026/01/26/21:38:00,5247.495502,0.930813,0.822096,1.146813,1.055355,40,19,23,26,6,0,2,5,677,514,423,335
2026/01/26/21:38:01,5248.495612,0.955750,0.850264,1.248188,1.050227,40,19,25,29,4,5,0,6,677,514,424,335
2026/01/26/21:38:02,5249.495686,0.955750,0.850264,1.248188,1.050227,40,19,25,29,4,5,0,6,677,514,424,335
2026/01/26/21:38:03,5250.495858,0.941000,0.826240,1.138125,0.998178,38,18,24,29,4,2,0,5,679,515,425,335
2026/01/26/21:38:04,5251.495972,0.941000,0.826240,1.138125,0.998178,38,18,24,29,4,2,0,5,679,515,425,335
2026/01/26/21:38:05,5252.496076,0.912687,0.794657,1.087938,0.959259,38,18,21,26,4,0,0,5,679,515,428,338
2026/01/26/21:38:06,5253.496172,0.912687,0.794657,1.087938,0.959259,38,18,21,26,4,0,0,5,679,515,428,338
2026/01/26/21:38:07,5254.496359,0.912687,0.794657,1.087938,0.959259,38,18,21,26,4,0,0,5,679,515,428,338
2026/01/26/21:38:08,5255.496460,0.912687,0.794657,1.037562,0.905789,38,18,21,26,4,0,0,3,679,515,428,338
2026/01/26/21:38:09,5256.496618,0.912687,0.794657,1.009250,0.896429,38,18,21,26,3,0,0,3,679,515,428,338
2026/01/26/21:38:10,5257.496741,0.912687,0.794657,1.009250,0.896429,38,18,21,26,3,0,0,3,679,515,428,338
2026/01/26/21:38:11,5258.496857,0.912687,0.794657,1.009250,0.896429,38,18,21,26,3,0,0,3,679,515,428,338
2026/01/26/21:38:12,5259.497020,0.912687,0.794657,1.009250,0.896429,38,18,21,26,3,0,0,3,679,515,428,338
2026/01/26/21:38:13,5260.497133,0.912687,0.794657,1.009250,0.896429,38,18,21,26,3,0,0,3,679,515,428,338
2026/01/26/21:38:14,5261.497283,0.903813,0.786190,1.000375,0.887962,38,18,21,24,3,0,0,3,679,515,428,340
2026/01/26/21:38:15,5262.497391,0.903813,0.786190,1.000375,0.887962,38,18,21,24,3,0,0,3,679,515,428,340
2026/01/26/21:38:16,5263.497488,0.903813,0.786190,1.000375,0.887962,38,18,21,24,3,0,0,3,679,515,428,340
2026/01/26/21:38:17,5264.497656,0.903813,0.786190,1.000375,0.887962,38,18,21,24,3,0,0,3,679,515,428,340
2026/01/26/21:38:18,5265.497846,0.896750,0.823637,0.982187,0.870988,35,18,21,26,3,0,0,1,682,515,428,340
2026/01/26/21:38:19,5266.498008,0.896750,0.823637,0.982187,0.870988,35,18,21,26,3,0,0,1,682,515,428,340
2026/01/26/21:38:20,5267.498109,0.896750,0.823637,0.982187,0.870988,35,18,21,26,3,0,0,1,682,515,428,340
2026/01/26/21:38:21,5268.498272,0.896750,0.823637,0.982187,0.870988,35,18,21,26,3,0,0,1,682,515,428,340
2026/01/26/21:38:22,5269.498435,0.896750,0.823637,0.982187,0.870988,35,18,21,26,3,0,0,1,682,515,428,340
2026/01/26/21:38:23,5270.498541,0.896750,0.823637,0.982187,0.870988,35,18,21,26,3,0,0,1,682,515,428,340
2026/01/26/21:38:24,5271.498703,0.896750,0.823637,0.982187,0.870988,35,18,21,26,3,0,0,1,682,515,428,340
2026/01/26/21:38:25,5272.498845,0.909125,0.872604,0.994563,0.919955,38,18,21,26,3,0,0,1,682,515,428,340
2026/01/26/21:38:26,5273.499029,0.909125,0.872604,0.994563,0.919955,38,18,21,26,3,0,0,1,682,515,428,340
2026/01/26/21:38:27,5274.499141,0.909125,0.872604,0.994563,0.919955,38,18,21,26,3,0,0,1,682,515,428,340
2026/01/26/21:38:28,5275.499244,0.909125,0.872604,0.994563,0.919955,38,18,21,26,3,0,0,1,682,515,428,340
2026/01/26/21:38:29,5276.499365,0.909875,0.884607,1.009750,0.923420,37,18,22,27,3,0,2,0,683,515,428,340
2026/01/26/21:38:30,5277.499529,0.909875,0.884607,1.009750,0.923420,37,18,22,27,3,0,2,0,683,515,428,340
2026/01/26/21:38:31,5278.499691,0.909875,0.884607,1.009750,0.923420,37,18,22,27,3,0,2,0,683,515,428,340
2026/01/26/21:38:32,5279.499851,0.917500,0.854312,0.997375,0.874453,34,18,24,27,3,0,0,0,686,515,428,340
2026/01/26/21:38:33,5280.500001,0.921438,0.861670,1.001313,0.881810,34,19,24,27,3,0,0,0,686,515,428,340
2026/01/26/21:38:34,5281.500118,0.925125,0.865787,1.013250,0.931269,34,20,24,27,3,0,2,0,686,515,428,340
2026/01/26/21:38:35,5282.500268,0.921188,0.858430,1.009313,0.923912,34,19,24,27,3,0,2,0,686,516,428,340
2026/01/26/21:38:36,5283.500417,0.917500,0.854312,1.005625,0.919794,34,18,24,27,3,0,2,0,686,517,428,340
2026/01/26/21:38:37,5284.500589,0.917500,0.854312,1.005625,0.919794,34,18,24,27,3,0,2,0,686,517,428,340
2026/01/26/21:38:38,5285.500751,0.917500,0.854312,1.005625,0.919794,34,18,24,27,3,0,2,0,686,517,428,340
2026/01/26/21:38:39,5286.500933,0.917500,0.854312,1.005625,0.919794,34,18,24,27,3,0,2,0,686,517,428,340
2026/01/26/21:38:40,5287.501046,0.917500,0.854312,1.005625,0.919794,34,18,24,27,3,0,2,0,686,517,428,340
2026/01/26/21:38:41,5288.501153,0.917500,0.854312,1.005625,0.919794,34,18,24,27,3,0,2,0,686,517,428,340
2026/01/26/21:38:42,5289.501253,0.887500,0.826304,0.975625,0.891786,34,18,21,27,3,0,2,0,686,517,431,340
2026/01/26/21:38:43,5290.501367,0.887500,0.826304,0.975625,0.891786,34,18,21,27,3,0,2,0,686,517,431,340
2026/01/26/21:38:44,5291.501478,0.887500,0.826304,0.975625,0.891786,34,18,21,27,3,0,2,0,686,517,431,340
2026/01/26/21:38:45,5292.501548,0.887500,0.826304,0.975625,0.891786,34,18,21,27,3,0,2,0,686,517,431,340
2026/01/26/21:38:46,5293.501663,0.911375,0.846666,0.999500,0.912149,34,20,23,27,3,0,2,0,686,517,431,340
2026/01/26/21:38:47,5294.501788,0.925375,0.884988,1.023062,0.955970,34,20,27,27,3,1,2,0,686,517,431,340
2026/01/26/21:38:48,5295.501894,0.917875,0.879024,1.015562,0.950006,34,20,26,27,3,1,2,0,686,517,432,340
2026/01/26/21:38:49,5296.502070,0.917875,0.879024,1.015562,0.950006,34,20,26,27,3,1,2,0,686,517,432,340
2026/01/26/21:38:50,5297.502232,0.917875,0.879024,1.015562,0.950006,34,20,26,27,3,1,2,0,686,517,432,340
2026/01/26/21:38:51,5298.502406,0.907750,0.847539,1.005437,0.918521,34,20,23,27,3,1,2,0,686,517,435,340
2026/01/26/21:38:52,5299.502553,0.907750,0.847539,1.005437,0.918521,34,20,23,27,3,1,2,0,686,517,435,340
2026/01/26/21:38:53,5300.502636,0.907750,0.847539,1.005437,0.918521,34,20,23,27,3,1,2,0,686,517,435,340
2026/01/26/21:38:54,5301.502815,0.907750,0.847539,1.005437,0.918521,34,20,23,27,3,1,2,0,686,517,435,340
2026/01/26/21:38:55,5302.502845,0.907750,0.847539,1.005437,0.918521,34,20,23,27,3,1,2,0,686,517,435,340
2026/01/26/21:38:56,5303.503015,0.907750,0.847539,1.005437,0.918521,34,20,23,27,3,1,2,0,686,517,435,340
2026/01/26/21:38:57,5304.503120,0.907750,0.847539,0.997188,0.873180,34,20,23,27,3,1,0,0,686,517,435,340
2026/01/26/21:38:58,5305.503284,0.907750,0.847539,0.997188,0.873180,34,20,23,27,3,1,0,0,686,517,435,340
2026/01/26/21:38:59,5306.503389,0.907750,0.847539,0.997188,0.873180,34,20,23,27,3,1,0,0,686,517,435,340
2026/01/26/21:39:00,5307.503493,0.907750,0.847539,0.997188,0.873180,34,20,23,27,3,1,0,0,686,517,435,340
2026/01/26/21:39:01,5308.503649,0.907750,0.847539,0.997188,0.873180,34,20,23,27,3,1,0,0,686,517,435,340
2026/01/26/21:39:02,5309.503793,0.906563,0.842803,0.986437,0.862944,34,19,23,27,3,0,0,0,686,519,435,340
2026/01/26/21:39:03,5310.503943,0.906563,0.842803,0.986437,0.862944,34,19,23,27,3,0,0,0,686,519,435,340
2026/01/26/21:39:04,5311.504097,0.906563,0.842803,0.986437,0.862944,34,19,23,27,3,0,0,0,686,519,435,340
2026/01/26/21:39:05,5312.504197,0.906563,0.842803,0.986437,0.862944,34,19,23,27,3,0,0,0,686,519,435,340
2026/01/26/21:39:06,5313.504361,0.920000,0.853379,1.022312,0.881112,34,19,25,27,3,0,1,1,686,519,435,340
2026/01/26/21:39:07,5314.504524,0.920000,0.853379,1.022312,0.881112,34,19,25,27,3,0,1,1,686,519,435,340
2026/01/26/21:39:08,5315.504688,0.920000,0.853379,1.022312,0.881112,34,19,25,27,3,0,1,1,686,519,435,340
2026/01/26/21:39:09,5316.504864,0.920000,0.853379,1.022312,0.881112,34,19,25,27,3,0,1,1,686,519,435,340
2026/01/26/21:39:10,5317.504969,0.920000,0.853379,1.022312,0.881112,34,19,25,27,3,0,1,1,686,519,435,340
2026/01/26/21:39:11,5318.505089,0.920000,0.853379,1.022312,0.881112,34,19,25,27,3,0,1,1,686,519,435,340
2026/01/26/21:39:12,5319.505182,0.920000,0.853379,1.022312,0.881112,34,19,25,27,3,0,1,1,686,519,435,340
2026/01/26/21:39:13,5320.505284,0.920000,0.853379,1.022312,0.881112,34,19,25,27,3,0,1,1,686,519,435,340
2026/01/26/21:39:14,5321.505455,0.920000,0.853379,1.022312,0.881112,34,19,25,27,3,0,1,1,686,519,435,340
2026/01/26/21:39:15,5322.505619,0.910000,0.849869,1.002312,0.874093,34,19,24,27,3,0,0,1,686,519,436,340
2026/01/26/21:39:16,5323.505802,0.910000,0.849869,1.002312,0.874093,34,19,24,27,3,0,0,1,686,519,436,340
2026/01/26/21:39:17,5324.505848,0.910000,0.849869,0.989875,0.870010,34,19,24,27,3,0,0,0,686,519,436,340
2026/01/26/21:39:18,5325.505955,0.910000,0.849869,0.989875,0.870010,34,19,24,27,3,0,0,0,686,519,436,340
2026/01/26/21:39:19,5326.506118,0.910000,0.849869,0.989875,0.870010,34,19,24,27,3,0,0,0,686,519,436,340
2026/01/26/21:39:20,5327.506279,0.910000,0.849869,0.989875,0.870010,34,19,24,27,3,0,0,0,686,519,436,340
2026/01/26/21:39:21,5328.506386,0.910000,0.849869,0.989875,0.870010,34,19,24,27,3,0,0,0,686,519,436,340
2026/01/26/21:39:22,5329.506548,0.897250,0.833516,0.977125,0.853656,34,19,24,24,3,0,0,0,686,519,436,343
2026/01/26/21:39:23,5330.506716,0.897250,0.833516,0.977125,0.853656,34,19,24,24,3,0,0,0,686,519,436,343
2026/01/26/21:39:24,5331.506790,0.897250,0.833516,0.977125,0.853656,34,19,24,24,3,0,0,0,686,519,436,343
2026/01/26/21:39:25,5332.506959,0.897250,0.833516,0.977125,0.853656,34,19,24,24,3,0,0,0,686,519,436,343
2026/01/26/21:39:26,5333.507121,0.897250,0.833516,0.977125,0.853656,34,19,24,24,3,0,0,0,686,519,436,343
2026/01/26/21:39:27,5334.507230,0.897250,0.833516,0.977125,0.853656,34,19,24,24,3,0,0,0,686,519,436,343
2026/01/26/21:39:28,5335.507334,0.892687,0.834676,0.945937,0.848104,35,19,23,24,2,0,0,0,686,519,437,343
2026/01/26/21:39:29,5336.507442,0.892687,0.834676,0.945937,0.848104,35,19,23,24,2,0,0,0,686,519,437,343
2026/01/26/21:39:30,5337.507560,0.892687,0.834676,0.945937,0.848104,35,19,23,24,2,0,0,0,686,519,437,343
2026/01/26/21:39:31,5338.507669,0.892687,0.834676,0.945937,0.848104,35,19,23,24,2,0,0,0,686,519,437,343
2026/01/26/21:39:32,5339.507806,0.892687,0.834676,0.945937,0.848104,35,19,23,24,2,0,0,0,686,519,437,343
2026/01/26/21:39:33,5340.508033,0.892687,0.834676,0.945937,0.848104,35,19,23,24,2,0,0,0,686,519,437,343
2026/01/26/21:39:34,5341.508136,0.892687,0.834676,0.945937,0.848104,35,19,23,24,2,0,0,0,686,519,437,343
2026/01/26/21:39:35,5342.508304,0.892687,0.834676,0.945937,0.848104,35,19,23,24,2,0,0,0,686,519,437,343
2026/01/26/21:39:36,5343.508468,0.892687,0.834676,0.945937,0.848104,35,19,23,24,2,0,0,0,686,519,437,343
2026/01/26/21:39:37,5344.508572,0.892687,0.834676,0.945937,0.848104,35,19,23,24,2,0,0,0,686,519,437,343
2026/01/26/21:39:38,5345.508753,0.892687,0.834676,0.945937,0.848104,35,19,23,24,2,0,0,0,686,519,437,343
2026/01/26/21:39:39,5346.508854,0.892687,0.834676,0.945937,0.848104,35,19,23,24,2,0,0,0,686,519,437,343
2026/01/26/21:39:40,5347.508960,0.892687,0.834676,0.945937,0.848104,35,19,23,24,2,0,0,0,686,519,437,343
2026/01/26/21:39:41,5348.509064,0.892687,0.834676,0.945937,0.848104,35,19,23,24,2,0,0,0,686,519,437,343
2026/01/26/21:39:42,5349.509235,0.892687,0.834676,0.945937,0.848104,35,19,23,24,2,0,0,0,686,519,437,343
2026/01/26/21:39:43,5350.509327,0.892687,0.834676,0.945937,0.848104,35,19,23,24,2,0,0,0,686,519,437,343
2026/01/26/21:39:44,5351.509508,0.889437,0.828749,0.942688,0.842177,34,19,23,24,2,0,0,0,687,519,437,343
2026/01/26/21:39:45,5352.509683,0.889437,0.828749,0.942688,0.842177,34,19,23,24,2,0,0,0,687,519,437,343
2026/01/26/21:39:46,5353.509868,0.889437,0.828749,0.942688,0.842177,34,19,23,24,2,0,0,0,687,519,437,343
2026/01/26/21:39:47,5354.509978,0.889437,0.828749,0.942688,0.842177,34,19,23,24,2,0,0,0,687,519,437,343
2026/01/26/21:39:48,5355.510029,0.922813,0.850766,1.043438,0.884055,36,21,23,24,3,0,3,0,687,519,437,343
2026/01/26/21:39:49,5356.510221,0.930312,0.863693,1.050938,0.896982,36,21,23,26,3,0,3,0,687,519,437,343
2026/01/26/21:39:50,5357.510382,0.930312,0.863693,1.050938,0.896982,36,21,23,26,3,0,3,0,687,519,437,343
2026/01/26/21:39:51,5358.510489,0.930312,0.863693,1.050938,0.896982,36,21,23,26,3,0,3,0,687,519,437,343
2026/01/26/21:39:52,5359.510600,0.921438,0.850956,1.042062,0.884246,36,19,23,26,3,0,3,0,687,521,437,343
2026/01/26/21:39:53,5360.510697,0.915312,0.846751,1.005313,0.870326,34,19,24,26,2,0,2,0,689,521,437,343
2026/01/26/21:39:54,5361.510816,0.915312,0.846751,1.005313,0.870326,34,19,24,26,2,0,2,0,689,521,437,343
2026/01/26/21:39:55,5362.510858,0.915312,0.846751,1.005313,0.870326,34,19,24,26,2,0,2,0,689,521,437,343
2026/01/26/21:39:56,5363.510967,0.915312,0.846751,1.005313,0.870326,34,19,24,26,2,0,2,0,689,521,437,343
2026/01/26/21:39:57,5364.511067,0.915312,0.846751,1.005313,0.870326,34,19,24,26,2,0,2,0,689,521,437,343
2026/01/26/21:39:58,5365.511159,0.915312,0.846751,1.005313,0.870326,34,19,24,26,2,0,2,0,689,521,437,343
2026/01/26/21:39:59,5366.511272,0.915312,0.846751,1.005313,0.870326,34,19,24,26,2,0,2,0,689,521,437,343
2026/01/26/21:40:00,5367.511433,0.915312,0.846751,1.005313,0.870326,34,19,24,26,2,0,2,0,689,521,437,343
2026/01/26/21:40:01,5368.511554,0.915312,0.846751,1.005313,0.870326,34,19,24,26,2,0,2,0,689,521,437,343
2026/01/26/21:40:02,5369.511719,0.915312,0.846751,1.005313,0.870326,34,19,24,26,2,0,2,0,689,521,437,343
2026/01/26/21:40:03,5370.511830,0.935312,0.871924,1.041562,0.917297,38,19,24,26,4,0,2,0,689,521,437,343
2026/01/26/21:40:04,5371.511904,0.935312,0.871924,1.041562,0.917297,38,19,24,26,4,0,2,0,689,521,437,343
2026/01/26/21:40:05,5372.512019,0.935312,0.871924,1.041562,0.917297,38,19,24,26,4,0,2,0,689,521,437,343
2026/01/26/21:40:06,5373.512128,0.946625,0.887696,1.059875,0.939069,39,19,25,26,4,0,2,1,689,521,437,343
2026/01/26/21:40:07,5374.512243,0.945500,0.882798,1.035500,0.906373,38,19,25,27,2,0,2,0,690,521,437,343
2026/01/26/21:40:08,5375.512345,0.916312,0.777827,1.006312,0.801403,36,19,24,24,2,0,2,0,693,521,438,346
2026/01/26/21:40:09,5376.512443,0.946375,0.832911,1.133312,0.947433,37,24,24,24,2,3,2,3,693,521,438,346
2026/01/26/21:40:10,5377.512548,0.933750,0.822748,1.120688,0.937270,37,24,23,23,2,3,2,3,693,521,439,347
2026/01/26/21:40:11,5378.512697,0.910937,0.796470,1.042563,0.897482,37,21,23,21,2,3,2,0,693,524,439,349
2026/01/26/21:40:12,5379.512881,0.910937,0.796470,1.042563,0.897482,37,21,23,21,2,3,2,0,693,524,439,349
2026/01/26/21:40:13,5380.512976,0.894188,0.757189,1.025813,0.858201,36,19,23,21,2,3,2,0,694,526,439,349
2026/01/26/21:40:14,5381.513061,0.894188,0.757189,1.070812,0.865946,36,19,23,21,4,3,2,0,694,526,439,349
2026/01/26/21:40:15,5382.513243,0.888000,0.754035,1.064625,0.862793,35,19,23,21,4,3,2,0,695,526,439,349
2026/01/26/21:40:16,5383.513407,0.888000,0.754035,1.064625,0.862793,35,19,23,21,4,3,2,0,695,526,439,349
2026/01/26/21:40:17,5384.513579,0.884000,0.746299,1.060625,0.855056,35,19,23,20,4,3,2,0,695,526,439,350
2026/01/26/21:40:18,5385.513742,0.884000,0.746299,1.060625,0.855056,35,19,23,20,4,3,2,0,695,526,439,350
2026/01/26/21:40:19,5386.513856,0.877250,0.739391,1.053875,0.848149,33,19,23,20,4,3,2,0,697,526,439,350
2026/01/26/21:40:20,5387.514024,0.877250,0.739391,1.008875,0.840404,33,19,23,20,2,3,2,0,697,526,439,350
2026/01/26/21:40:21,5388.514183,0.872750,0.735837,0.962750,0.759412,32,19,23,20,2,0,2,0,698,526,439,350
2026/01/26/21:40:22,5389.514288,0.872750,0.735837,0.962750,0.759412,32,19,23,20,2,0,2,0,698,526,439,350
2026/01/26/21:40:23,5390.514390,0.872750,0.735837,0.962750,0.759412,32,19,23,20,2,0,2,0,698,526,439,350
2026/01/26/21:40:24,5391.514496,0.872750,0.735837,0.962750,0.759412,32,19,23,20,2,0,2,0,698,526,439,350
2026/01/26/21:40:25,5392.514602,0.872750,0.735837,0.962750,0.759412,32,19,23,20,2,0,2,0,698,526,439,350
2026/01/26/21:40:26,5393.514717,0.872750,0.735837,0.962750,0.759412,32,19,23,20,2,0,2,0,698,526,439,350
2026/01/26/21:40:27,5394.514881,0.872750,0.735837,0.962750,0.759412,32,19,23,20,2,0,2,0,698,526,439,350
2026/01/26/21:40:28,5395.515046,0.872750,0.735837,0.962750,0.759412,32,19,23,20,2,0,2,0,698,526,439,350
2026/01/26/21:40:29,5396.515160,0.872750,0.735837,0.962750,0.759412,32,19,23,20,2,0,2,0,698,526,439,350
2026/01/26/21:40:30,5397.515301,0.872750,0.735837,0.962750,0.759412,32,19,23,20,2,0,2,0,698,526,439,350
2026/01/26/21:40:31,5398.515414,0.872750,0.735837,0.962750,0.759412,32,19,23,20,2,0,2,0,698,526,439,350
2026/01/26/21:40:32,5399.515511,0.872750,0.735837,0.962750,0.759412,32,19,23,20,2,0,2,0,698,526,439,350
2026/01/26/21:40:33,5400.515616,0.897938,0.771148,1.034687,0.850580,35,19,24,20,5,1,6,0,698,526,439,350
2026/01/26/21:40:34,5401.515706,0.940562,0.828992,1.045063,0.861415,39,20,27,21,2,0,3,0,698,526,439,350
2026/01/26/21:40:35,5402.515835,0.940562,0.828992,1.045063,0.861415,39,20,27,21,2,0,3,0,698,526,439,350
2026/01/26/21:40:36,5403.515950,0.940562,0.828992,1.045063,0.861415,39,20,27,21,2,0,3,0,698,526,439,350
2026/01/26/21:40:37,5404.516104,0.929875,0.802528,1.034375,0.834951,36,20,27,21,2,0,3,0,701,526,439,350
2026/01/26/21:40:38,5405.516210,0.914312,0.788326,1.018812,0.820748,33,20,27,21,2,0,3,0,704,526,439,350
2026/01/26/21:40:39,5406.516315,0.881437,0.774404,0.934688,0.787831,33,20,25,21,2,0,0,0,704,526,441,350
2026/01/26/21:40:40,5407.516428,0.908062,0.781118,0.934688,0.787831,34,20,25,21,1,0,0,0,704,526,441,350
2026/01/26/21:40:41,5408.516591,0.908062,0.781118,0.934688,0.787831,34,20,25,21,1,0,0,0,704,526,441,350
2026/01/26/21:40:42,5409.516749,0.908062,0.781118,0.934688,0.787831,34,20,25,21,1,0,0,0,704,526,441,350
2026/01/26/21:40:43,5410.516905,0.908062,0.781118,0.934688,0.787831,34,20,25,21,1,0,0,0,704,526,441,350
2026/01/26/21:40:44,5411.517009,0.908062,0.781118,0.934688,0.787831,34,20,25,21,1,0,0,0,704,526,441,350
2026/01/26/21:40:45,5412.517120,0.902250,0.776865,0.928875,0.783579,34,20,25,20,1,0,0,0,704,526,441,351
2026/01/26/21:40:46,5413.517233,0.902250,0.776865,0.952000,0.788286,34,20,25,20,1,0,0,1,704,526,441,351
2026/01/26/21:40:47,5414.517350,0.902250,0.776865,0.952000,0.788286,34,20,25,20,1,0,0,1,704,526,441,351
2026/01/26/21:40:48,5415.517464,0.902250,0.776865,0.952000,0.788286,34,20,25,20,1,0,0,1,704,526,441,351
2026/01/26/21:40:49,5416.517627,0.902250,0.776865,0.952000,0.788286,34,20,25,20,1,0,0,1,704,526,441,351
2026/01/26/21:40:50,5417.517815,0.902250,0.776865,0.952000,0.788286,34,20,25,20,1,0,0,1,704,526,441,351
2026/01/26/21:40:51,5418.517943,0.908875,0.780379,0.958625,0.791800,35,20,25,20,1,0,0,1,704,526,441,351
2026/01/26/21:40:52,5419.518113,0.908875,0.780379,0.958625,0.791800,35,20,25,20,1,0,0,1,704,526,441,351
2026/01/26/21:40:53,5420.518277,0.915063,0.788763,0.964812,0.800184,36,20,25,20,1,0,0,1,704,526,441,351
2026/01/26/21:40:54,5421.518370,0.915063,0.788763,0.964812,0.800184,36,20,25,20,1,0,0,1,704,526,441,351
2026/01/26/21:40:55,5422.518481,0.915063,0.788763,0.941688,0.795476,36,20,25,20,1,0,0,0,704,526,441,351
2026/01/26/21:40:56,5423.518623,0.915063,0.788763,0.941688,0.795476,36,20,25,20,1,0,0,0,704,526,441,351
2026/01/26/21:40:57,5424.518814,0.915063,0.788763,0.941688,0.795476,36,20,25,20,1,0,0,0,704,526,441,351
2026/01/26/21:40:58,5425.518974,0.915063,0.788763,0.941688,0.795476,36,20,25,20,1,0,0,0,704,526,441,351
2026/01/26/21:40:59,5426.519138,0.915063,0.788763,0.941688,0.795476,36,20,25,20,1,0,0,0,704,526,441,351
2026/01/26/21:41:00,5427.519299,0.915063,0.788763,0.941688,0.795476,36,20,25,20,1,0,0,0,704,526,441,351
2026/01/26/21:41:01,5428.519477,0.895750,0.776672,0.922375,0.783386,36,20,25,17,1,0,0,0,704,526,441,354
2026/01/26/21:41:02,5429.519637,0.889125,0.773159,0.915750,0.779872,35,20,25,17,1,0,0,0,705,526,441,354
2026/01/26/21:41:03,5430.519822,0.876000,0.761389,0.902625,0.768103,35,20,22,17,1,0,0,0,705,526,444,354
2026/01/26/21:41:04,5431.519951,0.876000,0.761389,0.902625,0.768103,35,20,22,17,1,0,0,0,705,526,444,354
2026/01/26/21:41:05,5432.520119,0.876000,0.761389,0.902625,0.768103,35,20,22,17,1,0,0,0,705,526,444,354
2026/01/26/21:41:06,5433.520285,0.876000,0.761389,0.902625,0.768103,35,20,22,17,1,0,0,0,705,526,444,354
2026/01/26/21:41:07,5434.520448,0.876000,0.761389,0.902625,0.768103,35,20,22,17,1,0,0,0,705,526,444,354
2026/01/26/21:41:08,5435.520556,0.876000,0.761389,0.902625,0.768103,35,20,22,17,1,0,0,0,705,526,444,354
2026/01/26/21:41:09,5436.520662,0.876000,0.761389,0.902625,0.768103,35,20,22,17,1,0,0,0,705,526,444,354
2026/01/26/21:41:10,5437.520842,0.876000,0.761389,0.902625,0.768103,35,20,22,17,1,0,0,0,705,526,444,354
2026/01/26/21:41:11,5438.521006,0.876000,0.761389,0.902625,0.768103,35,20,22,17,1,0,0,0,705,526,444,354
2026/01/26/21:41:12,5439.521171,0.876000,0.761389,0.902625,0.768103,35,20,22,17,1,0,0,0,705,526,444,354
2026/01/26/21:41:13,5440.521334,0.876000,0.761389,0.902625,0.768103,35,20,22,17,1,0,0,0,705,526,444,354
2026/01/26/21:41:14,5441.521430,0.876000,0.761389,0.902625,0.768103,35,20,22,17,1,0,0,0,705,526,444,354
2026/01/26/21:41:15,5442.521604,0.876000,0.761389,0.902625,0.768103,35,20,22,17,1,0,0,0,705,526,444,354
2026/01/26/21:41:16,5443.521716,0.902625,0.768103,0.902625,0.768103,36,20,22,17,0,0,0,0,706,526,444,354
2026/01/26/21:41:17,5444.521834,0.891813,0.757248,0.891813,0.757248,36,20,21,17,0,0,0,0,706,526,445,354
2026/01/26/21:41:18,5445.521938,0.888250,0.736210,0.888250,0.736210,36,19,21,17,0,0,0,0,706,527,445,354
2026/01/26/21:41:19,5446.522108,0.888250,0.736210,0.888250,0.736210,36,19,21,17,0,0,0,0,706,527,445,354
2026/01/26/21:41:20,5447.522199,0.888250,0.736210,0.891437,0.740430,36,19,21,17,1,0,0,0,706,527,445,354
2026/01/26/21:41:21,5448.522300,0.962625,0.837381,1.010063,0.905560,47,20,21,20,0,0,0,3,706,527,445,354
2026/01/26/21:41:22,5449.522406,0.962625,0.837381,1.141625,0.997895,47,20,21,20,4,2,4,3,706,527,445,354
2026/01/26/21:41:23,5450.522490,0.945312,0.812520,1.120688,0.902611,43,20,23,20,1,2,3,3,712,528,445,354
2026/01/26/21:41:24,5451.522663,0.954812,0.822875,1.116937,0.928264,44,20,22,22,1,0,3,5,713,528,446,354
2026/01/26/21:41:25,5452.522790,0.962375,0.826298,1.141375,0.970899,44,20,24,22,1,5,3,6,714,528,446,354
2026/01/26/21:41:26,5453.522910,0.962375,0.826298,1.091125,0.980407,44,20,24,22,1,8,2,5,714,528,446,354
2026/01/26/21:41:27,5454.523031,0.963375,0.820099,1.053688,0.927507,44,21,24,22,0,4,0,4,715,529,446,354
2026/01/26/21:41:28,5455.523126,0.959937,0.826602,1.007375,0.894781,43,21,23,23,0,0,0,3,717,530,447,354
2026/01/26/21:41:29,5456.523211,0.959937,0.826602,1.029562,0.913583,43,21,23,23,0,3,0,5,717,530,447,354
2026/01/26/21:41:30,5457.523312,0.963063,0.821480,1.014188,0.893711,43,23,23,22,0,1,0,3,717,530,447,357
2026/01/26/21:41:31,5458.523421,0.952500,0.800113,0.999938,0.868292,43,23,23,19,0,0,0,3,717,531,447,360
2026/01/26/21:41:32,5459.523591,0.941438,0.787958,0.988875,0.856137,43,20,23,19,0,0,0,3,717,534,447,360
2026/01/26/21:41:33,5460.523717,0.938312,0.784715,0.985750,0.852894,43,19,23,19,0,0,0,3,717,535,447,360
2026/01/26/21:41:34,5461.523870,0.938312,0.784715,0.985750,0.852894,43,19,23,19,0,0,0,3,717,535,447,360
2026/01/26/21:41:35,5462.524019,0.942750,0.788409,1.009625,0.878705,44,19,23,19,0,0,0,4,717,535,447,360
2026/01/26/21:41:36,5463.524191,0.947000,0.788737,1.013875,0.879033,46,19,21,19,0,0,0,4,717,535,449,360
2026/01/26/21:41:37,5464.524388,0.959125,0.809046,1.080750,0.963510,46,19,22,21,3,0,3,5,717,535,449,360
2026/01/26/21:41:38,5465.524480,0.955750,0.807520,1.053438,0.931899,45,19,22,21,3,0,3,3,718,535,449,361
2026/01/26/21:41:39,5466.524597,0.955750,0.807520,1.053438,0.931899,45,19,22,21,3,0,3,3,718,535,449,361
2026/01/26/21:41:40,5467.524752,0.942250,0.783614,1.039937,0.907993,45,19,22,18,3,0,3,3,718,535,449,364
2026/01/26/21:41:41,5468.524930,0.948187,0.783648,1.036750,0.903774,45,19,22,18,2,0,3,3,719,535,449,364
2026/01/26/21:41:42,5469.525094,0.943250,0.796205,1.016563,0.887370,42,19,23,18,2,0,1,3,722,535,450,364
2026/01/26/21:41:43,5470.525256,0.943250,0.796205,1.016563,0.887370,42,19,23,18,2,0,1,3,722,535,450,364
2026/01/26/21:41:44,5471.525413,0.950063,0.804871,1.006625,0.877303,43,19,24,15,1,0,0,3,722,535,450,367
2026/01/26/21:41:45,5472.525575,0.946625,0.797804,1.003187,0.870237,43,19,23,15,1,0,0,3,722,535,451,367
2026/01/26/21:41:46,5473.525721,0.934625,0.791413,0.991187,0.863845,43,19,21,15,1,0,0,3,722,535,453,367
2026/01/26/21:41:47,5474.525860,0.909813,0.783670,0.957250,0.851849,44,19,18,15,0,0,0,3,722,535,456,367
2026/01/26/21:41:48,5475.526025,0.909813,0.783670,0.957250,0.851849,44,19,18,15,0,0,0,3,722,535,456,367
2026/01/26/21:41:49,5476.526193,0.882437,0.770911,0.929875,0.839090,41,19,18,15,0,0,0,3,725,535,456,367
2026/01/26/21:41:50,5477.526299,0.882437,0.770911,0.929875,0.839090,41,19,18,15,0,0,0,3,725,535,456,367
2026/01/26/21:41:51,5478.526483,0.917750,0.828705,0.965187,0.896884,45,21,19,15,0,0,0,3,725,535,456,367
2026/01/26/21:41:52,5479.526645,0.917750,0.828705,0.965187,0.896884,45,21,19,15,0,0,0,3,725,535,456,367
2026/01/26/21:41:53,5480.526834,0.819312,0.795286,0.866750,0.863465,39,21,19,15,0,0,0,3,731,535,456,367
2026/01/26/21:41:54,5481.526931,0.819312,0.795286,0.866750,0.863465,39,21,19,15,0,0,0,3,731,535,456,367
2026/01/26/21:41:55,5482.527041,0.819312,0.795286,0.866750,0.863465,39,21,19,15,0,0,0,3,731,535,456,367
2026/01/26/21:41:56,5483.527129,0.814750,0.788704,0.862187,0.856884,38,21,19,15,0,0,0,3,732,535,456,367
2026/01/26/21:41:57,5484.527246,0.843625,0.811789,0.891062,0.879968,38,23,19,15,0,0,0,3,732,535,456,367
2026/01/26/21:41:58,5485.527406,0.836562,0.791075,0.868188,0.836528,38,23,16,16,0,0,0,2,732,535,459,367
2026/01/26/21:41:59,5486.527566,0.842313,0.797276,0.873938,0.842729,38,23,17,16,0,0,0,2,732,535,459,367
2026/01/26/21:42:00,5487.527729,0.842313,0.797276,0.873938,0.842729,38,23,17,16,0,0,0,2,732,535,459,367
2026/01/26/21:42:01,5488.527860,0.825562,0.767949,0.851375,0.801629,37,21,17,17,2,0,0,1,733,537,459,367
2026/01/26/21:42:02,5489.527961,0.831875,0.773252,0.847688,0.795978,39,21,16,17,0,0,0,1,733,537,460,367
2026/01/26/21:42:03,5490.528049,0.826125,0.767051,0.841938,0.789778,39,21,15,17,0,0,0,1,733,537,461,367
2026/01/26/21:42:04,5491.528159,0.816750,0.757155,0.832562,0.779881,39,19,15,17,0,0,0,1,733,539,461,367
2026/01/26/21:42:05,5492.528289,0.816750,0.757155,0.832562,0.779881,39,19,15,17,0,0,0,1,733,539,461,367
2026/01/26/21:42:06,5493.528322,0.843688,0.761834,0.886437,0.789240,39,19,15,18,0,0,0,2,733,539,461,367
2026/01/26/21:42:07,5494.528473,0.857938,0.770799,0.900687,0.798205,40,19,16,18,0,0,0,2,733,539,461,367
2026/01/26/21:42:08,5495.528571,0.857938,0.770799,0.900687,0.798205,40,19,16,18,0,0,0,2,733,539,461,367
2026/01/26/21:42:09,5496.528638,0.864688,0.778469,0.907438,0.805875,40,21,16,18,0,0,0,2,733,539,461,367
2026/01/26/21:42:10,5497.528754,0.854688,0.767516,0.897437,0.794922,38,21,16,18,0,0,0,2,735,539,461,367
2026/01/26/21:42:11,5498.528860,0.854688,0.767516,0.897437,0.794922,38,21,16,18,0,0,0,2,735,539,461,367
2026/01/26/21:42:12,5499.529026,0.854688,0.767516,0.897437,0.794922,38,21,16,18,0,0,0,2,735,539,461,367
2026/01/26/21:42:13,5500.529134,0.847938,0.759846,0.890687,0.787252,38,19,16,18,0,0,0,2,735,541,461,367
2026/01/26/21:42:14,5501.529234,0.847938,0.759846,0.890687,0.787252,38,19,16,18,0,0,0,2,735,541,461,367
2026/01/26/21:42:15,5502.529405,0.847938,0.759846,0.890687,0.787252,38,19,16,18,0,0,0,2,735,541,461,367
2026/01/26/21:42:16,5503.529569,0.879812,0.784162,0.922562,0.811568,38,22,16,18,0,0,0,2,735,541,461,367
2026/01/26/21:42:17,5504.529731,0.879812,0.784162,0.922562,0.811568,38,22,16,18,0,0,0,2,735,541,461,367
2026/01/26/21:42:18,5505.529897,0.879812,0.784162,0.922562,0.811568,38,22,16,18,0,0,0,2,735,541,461,367
2026/01/26/21:42:19,5506.530008,0.879812,0.784162,0.922562,0.811568,38,22,16,18,0,0,0,2,735,541,461,367
2026/01/26/21:42:20,5507.530174,0.879812,0.784162,0.922562,0.811568,38,22,16,18,0,0,0,2,735,541,461,367
2026/01/26/21:42:21,5508.530332,0.879812,0.784162,0.922562,0.811568,38,22,16,18,0,0,0,2,735,541,461,367
2026/01/26/21:42:22,5509.530497,0.879812,0.784162,0.922562,0.811568,38,22,16,18,0,0,0,2,735,541,461,367
2026/01/26/21:42:23,5510.530589,0.847938,0.759846,0.890687,0.787252,38,19,16,18,0,0,0,2,735,544,461,367
2026/01/26/21:42:24,5511.530709,0.847938,0.759846,0.890687,0.787252,38,19,16,18,0,0,0,2,735,544,461,367
2026/01/26/21:42:25,5512.530877,0.847938,0.759846,0.890687,0.787252,38,19,16,18,0,0,0,2,735,544,461,367
2026/01/26/21:42:26,5513.531043,0.847938,0.759846,0.890687,0.787252,38,19,16,18,0,0,0,2,735,544,461,367
2026/01/26/21:42:27,5514.531204,0.847938,0.759846,0.890687,0.787252,38,19,16,18,0,0,0,2,735,544,461,367
2026/01/26/21:42:28,5515.531308,0.847938,0.759846,0.890687,0.787252,38,19,16,18,0,0,0,2,735,544,461,367
2026/01/26/21:42:29,5516.531468,0.847938,0.759846,0.890687,0.787252,38,19,16,18,0,0,0,2,735,544,461,367
2026/01/26/21:42:30,5517.531575,0.847938,0.759846,0.890687,0.787252,38,19,16,18,0,0,0,2,735,544,461,367
2026/01/26/21:42:31,5518.531734,0.861812,0.774785,0.962688,0.910449,41,19,16,18,4,0,0,2,735,544,461,367
2026/01/26/21:42:32,5519.531867,0.861812,0.774785,0.962688,0.910449,41,19,16,18,4,0,0,2,735,544,461,367
2026/01/26/21:42:33,5520.532025,0.861812,0.774785,0.962688,0.910449,41,19,16,18,4,0,0,2,735,544,461,367
2026/01/26/21:42:34,5521.532118,0.847938,0.759846,0.948812,0.895510,38,19,16,18,4,0,0,2,738,544,461,367
2026/01/26/21:42:35,5522.532286,0.870812,0.760540,0.901625,0.807763,37,19,16,19,1,0,0,1,739,544,461,367
2026/01/26/21:42:36,5523.532375,0.816937,0.751181,0.847750,0.798404,37,19,16,17,1,0,0,1,739,544,461,369
2026/01/26/21:42:37,5524.532537,0.816937,0.751181,0.847750,0.798404,37,19,16,17,1,0,0,1,739,544,461,369
2026/01/26/21:42:38,5525.532651,0.816937,0.751181,0.832750,0.773908,37,19,16,17,0,0,0,1,739,544,461,369
2026/01/26/21:42:39,5526.532820,0.876313,0.817771,0.933187,0.865337,39,24,19,17,3,0,0,1,739,544,461,369
2026/01/26/21:42:40,5527.532966,0.910875,0.883084,0.992750,0.948589,41,27,23,17,4,1,0,1,739,544,461,369
2026/01/26/21:42:41,5528.533093,0.926875,0.893906,1.074625,0.992848,42,27,25,17,8,1,3,1,739,544,461,369
2026/01/26/21:42:42,5529.533237,0.919438,0.886868,1.100188,1.032961,40,27,25,18,13,1,4,1,741,544,461,369
2026/01/26/21:42:43,5530.533350,0.943000,0.856908,1.072125,0.966746,43,27,22,18,7,1,1,3,743,544,464,369
2026/01/26/21:42:44,5531.533452,0.943000,0.856908,1.072125,0.966746,43,27,22,18,7,1,1,3,743,544,464,369
2026/01/26/21:42:45,5532.533558,0.943000,0.856908,1.032375,0.948349,43,27,22,18,7,0,1,1,743,544,464,369
2026/01/26/21:42:46,5533.533660,0.950313,0.867084,1.070375,0.984082,45,27,22,18,10,0,1,2,743,544,464,369
2026/01/26/21:42:47,5534.533831,0.946375,0.863935,1.066437,0.980933,45,27,22,17,10,0,1,2,743,544,464,370
2026/01/26/21:42:48,5535.533994,0.946375,0.863935,1.066437,0.980933,45,27,22,17,10,0,1,2,743,544,464,370
2026/01/26/21:42:49,5536.534088,0.946375,0.863935,1.026563,0.948758,45,27,22,17,6,0,1,1,743,544,464,370
2026/01/26/21:42:50,5537.534200,0.946375,0.863935,1.026563,0.948758,45,27,22,17,6,0,1,1,743,544,464,370
2026/01/26/21:42:51,5538.534299,0.946375,0.863935,1.026563,0.948758,45,27,22,17,6,0,1,1,743,544,464,370
2026/01/26/21:42:52,5539.534408,0.946187,0.864444,1.022812,0.943925,45,27,22,17,5,0,1,1,744,544,464,370
2026/01/26/21:42:53,5540.534482,0.930312,0.845383,1.003375,0.919521,41,27,22,17,4,0,1,1,748,544,464,370
2026/01/26/21:42:54,5541.534641,0.922500,0.836250,0.986313,0.906674,42,25,21,17,3,0,1,1,748,546,465,370
2026/01/26/21:42:55,5542.534834,0.905062,0.846027,0.948250,0.885313,40,22,22,17,2,0,0,1,751,549,465,370
2026/01/26/21:42:56,5543.534994,0.905062,0.846027,0.948250,0.885313,40,22,22,17,2,0,0,1,751,549,465,370
2026/01/26/21:42:57,5544.535147,0.905062,0.846027,0.948250,0.885313,40,22,22,17,2,0,0,1,751,549,465,370
2026/01/26/21:42:58,5545.535263,0.905062,0.846027,0.948250,0.885313,40,22,22,17,2,0,0,1,751,549,465,370
2026/01/26/21:42:59,5546.535428,0.905062,0.846027,0.948250,0.885313,40,22,22,17,2,0,0,1,751,549,465,370
2026/01/26/21:43:00,5547.535532,0.905062,0.846027,0.948250,0.885313,40,22,22,17,2,0,0,1,751,549,465,370
2026/01/26/21:43:01,5548.535699,0.905062,0.846027,0.948250,0.885313,40,22,22,17,2,0,0,1,751,549,465,370
2026/01/26/21:43:02,5549.535861,0.905062,0.846027,0.948250,0.885313,40,22,22,17,2,0,0,1,751,549,465,370
2026/01/26/21:43:03,5550.535975,0.905062,0.846027,0.948250,0.885313,40,22,22,17,2,0,0,1,751,549,465,370
2026/01/26/21:43:04,5551.536131,0.940813,0.913674,0.995875,0.956993,42,22,27,17,2,0,0,2,751,549,465,370
2026/01/26/21:43:05,5552.536297,0.940813,0.913674,0.995875,0.956993,42,22,27,17,2,0,0,2,751,549,465,370
2026/01/26/21:43:06,5553.536390,0.944562,0.911690,1.043562,1.024758,43,24,25,17,3,6,1,2,751,549,468,370
2026/01/26/21:43:07,5554.536555,0.944562,0.911690,1.046687,1.032709,43,24,25,17,4,6,1,2,751,549,468,370
2026/01/26/21:43:08,5555.536719,0.944562,0.911690,1.046687,1.032709,43,24,25,17,4,6,1,2,751,549,468,370
2026/01/26/21:43:09,5556.536883,0.946750,0.914770,1.033937,1.004224,44,24,25,17,3,3,1,2,751,550,468,370
2026/01/26/21:43:10,5557.536995,0.946750,0.914770,1.033937,1.004224,44,24,25,17,3,3,1,2,751,550,468,370
2026/01/26/21:43:11,5558.537166,0.946750,0.914770,1.046312,1.033171,44,24,25,17,3,3,4,2,751,550,468,370
2026/01/26/21:43:12,5559.537323,0.946750,0.914770,1.046312,1.033171,44,24,25,17,3,3,4,2,751,550,468,370
2026/01/26/21:43:13,5560.537432,0.941875,0.911408,1.106375,1.103861,43,24,25,17,4,3,7,5,752,550,468,370
2026/01/26/21:43:14,5561.537527,0.948937,0.909142,1.049000,1.021812,43,22,31,16,4,2,1,3,752,552,468,372
2026/01/26/21:43:15,5562.537665,0.946562,0.914951,1.039438,1.009134,45,19,31,16,2,2,1,3,752,555,468,372
2026/01/26/21:43:16,5563.537855,0.964938,0.924548,1.033313,1.004569,45,22,32,16,2,7,1,0,752,555,468,373
2026/01/26/21:43:17,5564.538025,0.964375,0.921964,1.029250,0.994033,44,23,32,16,2,6,1,0,753,555,468,373
2026/01/26/21:43:18,5565.538125,0.962812,0.922961,1.019000,0.983780,44,23,32,16,2,4,1,0,753,557,468,373
2026/01/26/21:43:19,5566.538286,0.962812,0.922961,1.019000,0.983780,44,23,32,16,2,4,1,0,753,557,468,373
2026/01/26/21:43:20,5567.538360,0.959313,0.919841,1.013562,1.010341,44,26,29,15,3,1,2,1,753,557,471,374
2026/01/26/21:43:21,5568.538472,0.955562,0.914522,0.998875,0.960630,44,24,29,16,3,0,1,0,753,559,471,374
2026/01/26/21:43:22,5569.538631,0.955562,0.914522,1.020500,0.967058,44,24,29,16,3,0,1,2,753,559,471,374
2026/01/26/21:43:23,5570.538833,0.963437,0.922316,1.024687,0.953393,44,24,29,18,3,0,0,2,753,559,471,374
2026/01/26/21:43:24,5571.538935,0.963437,0.922316,1.003062,0.946964,44,24,29,18,3,0,0,0,753,559,471,374
2026/01/26/21:43:25,5572.539111,0.963437,0.922316,1.003062,0.946964,44,24,29,18,3,0,0,0,753,559,471,374
2026/01/26/21:43:26,5573.539239,0.955562,0.914522,0.995188,0.939171,44,24,29,16,3,0,0,0,753,559,471,376
2026/01/26/21:43:27,5574.539367,0.955438,0.893663,0.982812,0.910223,45,24,26,16,2,0,0,0,753,559,474,376
2026/01/26/21:43:28,5575.539470,0.955438,0.893663,0.982812,0.910223,45,24,26,16,2,0,0,0,753,559,474,376
2026/01/26/21:43:29,5576.539640,0.955438,0.893663,0.982812,0.910223,45,24,26,16,2,0,0,0,753,559,474,376
2026/01/26/21:43:30,5577.539797,0.955438,0.893663,0.982812,0.910223,45,24,26,16,2,0,0,0,753,559,474,376
2026/01/26/21:43:31,5578.539971,0.942125,0.892997,0.955812,0.901277,44,24,26,16,1,0,0,0,755,559,474,376
2026/01/26/21:43:32,5579.540134,0.942125,0.892997,0.955812,0.901277,44,24,26,16,1,0,0,0,755,559,474,376
2026/01/26/21:43:33,5580.540300,0.935875,0.864354,0.949562,0.872634,42,24,26,16,1,0,0,0,757,559,474,376
2026/01/26/21:43:34,5581.540453,0.920625,0.857999,0.934312,0.866279,42,24,24,16,1,0,0,0,757,559,476,376
2026/01/26/21:43:35,5582.540565,0.920625,0.857999,0.934312,0.866279,42,24,24,16,1,0,0,0,757,559,476,376
2026/01/26/21:43:36,5583.540737,0.920625,0.857999,0.934312,0.866279,42,24,24,16,1,0,0,0,757,559,476,376
2026/01/26/21:43:37,5584.540909,0.920625,0.857999,0.934312,0.866279,42,24,24,16,1,0,0,0,757,559,476,376
2026/01/26/21:43:38,5585.541015,0.920625,0.857999,0.934312,0.866279,42,24,24,16,1,0,0,0,757,559,476,376
2026/01/26/21:43:39,5586.541171,0.955875,0.887958,1.030188,0.918989,44,25,25,19,4,0,2,0,757,559,477,376
2026/01/26/21:43:40,5587.541428,0.961875,0.892500,1.048125,0.934238,44,25,25,20,4,0,3,1,757,559,477,376
2026/01/26/21:43:41,5588.541541,0.957187,0.881258,1.002813,0.911637,44,25,25,18,2,0,3,0,757,559,477,379
2026/01/26/21:43:42,5589.541609,0.967187,0.889214,1.069562,0.963405,46,25,25,18,7,4,2,1,757,559,477,379
2026/01/26/21:43:43,5590.541810,0.957500,0.888895,1.047688,0.982346,45,25,26,18,6,4,2,1,758,559,477,379
2026/01/26/21:43:44,5591.541844,0.957500,0.888895,1.047688,0.982346,45,25,26,18,6,4,2,1,758,559,477,379
2026/01/26/21:43:45,5592.541965,0.957438,0.881026,1.024000,0.953449,46,24,26,18,5,1,2,1,758,560,477,379
2026/01/26/21:43:46,5593.542122,0.957438,0.881026,1.015375,0.948293,46,24,26,18,5,1,2,0,758,560,477,379
2026/01/26/21:43:47,5594.542284,0.957812,0.879767,1.011625,0.943341,46,24,26,18,4,1,2,0,759,560,477,379
2026/01/26/21:43:48,5595.542427,0.950313,0.862753,0.993000,0.916360,42,24,27,18,3,1,1,0,763,560,477,379
2026/01/26/21:43:49,5596.542602,0.950313,0.862753,0.993000,0.916360,42,24,27,18,3,1,1,0,763,560,477,379
2026/01/26/21:43:50,5597.542718,0.950313,0.862753,0.993000,0.916360,42,24,27,18,3,1,1,0,763,560,477,379
2026/01/26/21:43:51,5598.542906,0.948063,0.864356,0.983875,0.909011,42,25,25,18,3,0,1,0,763,560,479,379
2026/01/26/21:43:52,5599.543108,0.948063,0.864356,0.983875,0.909011,42,25,25,18,3,0,1,0,763,560,479,379
2026/01/26/21:43:53,5600.543216,0.948063,0.864356,0.983875,0.909011,42,25,25,18,3,0,1,0,763,560,479,379
2026/01/26/21:43:54,5601.543360,0.941438,0.859678,0.968313,0.899113,43,22,25,18,2,0,1,0,763,563,479,379
2026/01/26/21:43:55,5602.543528,0.941438,0.859678,0.968313,0.899113,43,22,25,18,2,0,1,0,763,563,479,379
2026/01/26/21:43:56,5603.543692,0.941438,0.859678,0.968313,0.899113,43,22,25,18,2,0,1,0,763,563,479,379
2026/01/26/21:43:57,5604.543861,0.941438,0.859678,0.968313,0.899113,43,22,25,18,2,0,1,0,763,563,479,379
2026/01/26/21:43:58,5605.544038,0.935688,0.877658,0.958313,0.891158,41,22,26,18,2,0,0,0,765,563,479,379
2026/01/26/21:43:59,5606.544209,0.935688,0.877658,0.958313,0.891158,41,22,26,18,2,0,0,0,765,563,479,379
2026/01/26/21:44:00,5607.544371,0.935688,0.877658,0.958313,0.891158,41,22,26,18,2,0,0,0,765,563,479,379
2026/01/26/21:44:01,5608.544535,0.935688,0.877658,0.958313,0.891158,41,22,26,18,2,0,0,0,765,563,479,379
2026/01/26/21:44:02,5609.544705,0.935688,0.877658,0.958313,0.891158,41,22,26,18,2,0,0,0,765,563,479,379
2026/01/26/21:44:03,5610.544880,0.935688,0.877658,0.958313,0.891158,41,22,26,18,2,0,0,0,765,563,479,379
2026/01/26/21:44:04,5611.544976,0.935688,0.877658,0.958313,0.891158,41,22,26,18,2,0,0,0,765,563,479,379
2026/01/26/21:44:05,5612.545098,0.928687,0.871383,0.951313,0.884883,41,22,25,18,2,0,0,0,765,563,480,379
2026/01/26/21:44:06,5613.545260,0.933438,0.874443,0.933438,0.874443,41,22,25,18,0,0,0,0,766,563,480,379
2026/01/26/21:44:07,5614.545425,0.933438,0.874443,0.933438,0.874443,41,22,25,18,0,0,0,0,766,563,480,379
2026/01/26/21:44:08,5615.545587,0.933438,0.874443,0.933438,0.874443,41,22,25,18,0,0,0,0,766,563,480,379
2026/01/26/21:44:09,5616.545753,0.933438,0.874443,0.933438,0.874443,41,22,25,18,0,0,0,0,766,563,480,379
2026/01/26/21:44:10,5617.545917,0.933438,0.874443,0.933438,0.874443,41,22,25,18,0,0,0,0,766,563,480,379
2026/01/26/21:44:11,5618.546017,0.933438,0.874443,0.933438,0.874443,41,22,25,18,0,0,0,0,766,563,480,379
2026/01/26/21:44:12,5619.546120,0.922312,0.867796,0.922312,0.867796,41,22,25,16,0,0,0,0,766,563,480,381
2026/01/26/21:44:13,5620.546296,0.922312,0.867796,0.922312,0.867796,41,22,25,16,0,0,0,0,766,563,480,381
2026/01/26/21:44:14,5621.546478,0.922312,0.867796,0.922312,0.867796,41,22,25,16,0,0,0,0,766,563,480,381
2026/01/26/21:44:15,5622.546649,0.922312,0.867796,0.922312,0.867796,41,22,25,16,0,0,0,0,766,563,480,381
2026/01/26/21:44:16,5623.546740,0.922312,0.867796,0.922312,0.867796,41,22,25,16,0,0,0,0,766,563,480,381
2026/01/26/21:44:17,5624.546856,0.922312,0.867796,0.922312,0.867796,41,22,25,16,0,0,0,0,766,563,480,381
2026/01/26/21:44:18,5625.546975,0.918063,0.841860,0.918063,0.841860,41,22,24,16,0,0,0,0,766,563,481,381
2026/01/26/21:44:19,5626.547082,0.918063,0.841860,0.918063,0.841860,41,22,24,16,0,0,0,0,766,563,481,381
2026/01/26/21:44:20,5627.547177,0.918063,0.841860,0.918063,0.841860,41,22,24,16,0,0,0,0,766,563,481,381
2026/01/26/21:44:21,5628.547345,0.918063,0.841860,0.918063,0.841860,41,22,24,16,0,0,0,0,766,563,481,381
2026/01/26/21:44:22,5629.547444,0.918063,0.841860,0.918063,0.841860,41,22,24,16,0,0,0,0,766,563,481,381
2026/01/26/21:44:23,5630.547605,0.918063,0.841860,0.918063,0.841860,41,22,24,16,0,0,0,0,766,563,481,381
2026/01/26/21:44:24,5631.547778,0.918063,0.841860,0.918063,0.841860,41,22,24,16,0,0,0,0,766,563,481,381
2026/01/26/21:44:25,5632.547935,0.918063,0.841860,0.918063,0.841860,41,22,24,16,0,0,0,0,766,563,481,381
2026/01/26/21:44:26,5633.548104,0.918063,0.841860,0.918063,0.841860,41,22,24,16,0,0,0,0,766,563,481,381
2026/01/26/21:44:27,5634.548218,0.905813,0.833772,0.905813,0.833772,40,22,24,16,0,0,0,0,767,563,481,381
2026/01/26/21:44:28,5635.548399,0.905813,0.833772,0.905813,0.833772,40,22,24,16,0,0,0,0,767,563,481,381
2026/01/26/21:44:29,5636.548559,0.905813,0.833772,0.905813,0.833772,40,22,24,16,0,0,0,0,767,563,481,381
2026/01/26/21:44:30,5637.548724,0.905813,0.833772,0.905813,0.833772,40,22,24,16,0,0,0,0,767,563,481,381
2026/01/26/21:44:31,5638.548892,0.902563,0.823188,0.902563,0.823188,40,22,24,15,0,0,0,0,767,563,481,382
2026/01/26/21:44:32,5639.549054,0.902563,0.823188,0.902563,0.823188,40,22,24,15,0,0,0,0,767,563,481,382
2026/01/26/21:44:33,5640.549218,0.902563,0.823188,0.902563,0.823188,40,22,24,15,0,0,0,0,767,563,481,382
2026/01/26/21:44:34,5641.549352,0.902563,0.823188,0.902563,0.823188,40,22,24,15,0,0,0,0,767,563,481,382
2026/01/26/21:44:35,5642.549516,0.902563,0.823188,0.902563,0.823188,40,22,24,15,0,0,0,0,767,563,481,382
2026/01/26/21:44:36,5643.549676,0.902563,0.823188,0.902563,0.823188,40,22,24,15,0,0,0,0,767,563,481,382
2026/01/26/21:44:37,5644.549825,0.935312,0.850408,0.958937,0.860691,40,22,29,15,0,2,0,0,767,563,481,382
2026/01/26/21:44:38,5645.549997,0.932063,0.840343,0.955688,0.850625,39,22,29,15,0,2,0,0,768,563,481,382
2026/01/26/21:44:39,5646.550148,0.932063,0.840343,0.955688,0.850625,39,22,29,15,0,2,0,0,768,563,481,382
2026/01/26/21:44:40,5647.550310,0.932063,0.840343,0.955688,0.850625,39,22,29,15,0,2,0,0,768,563,481,382
2026/01/26/21:44:41,5648.550475,0.932063,0.840343,0.955688,0.850625,39,22,29,15,0,2,0,0,768,563,481,382
2026/01/26/21:44:42,5649.550640,0.932063,0.840343,0.932063,0.840343,39,22,29,15,0,0,0,0,768,563,481,382
2026/01/26/21:44:43,5650.550733,0.948187,0.865745,0.955688,0.882893,40,22,31,15,1,0,0,0,768,563,481,382
2026/01/26/21:44:44,5651.550954,0.955313,0.876098,1.153625,0.968817,40,22,33,15,4,2,4,4,768,563,481,382
2026/01/26/21:44:45,5652.551108,0.958875,0.881275,1.164062,0.987082,40,22,34,15,4,3,3,4,768,563,481,382
2026/01/26/21:44:46,5653.551262,0.958875,0.881275,1.149500,0.983291,40,22,34,15,4,2,3,4,768,563,481,382
2026/01/26/21:44:47,5654.551452,0.958875,0.881275,1.130750,0.972900,40,22,34,15,4,2,3,1,768,563,481,382
2026/01/26/21:44:48,5655.551626,0.950250,0.873021,1.122125,0.964647,40,22,32,15,4,2,3,1,768,563,483,382
2026/01/26/21:44:49,5656.551695,0.941875,0.860436,1.113750,0.952061,40,22,31,15,4,2,3,1,768,563,484,382
2026/01/26/21:44:50,5657.551865,0.949375,0.877584,1.113750,0.952061,41,22,31,15,3,2,3,1,768,563,484,382
2026/01/26/21:44:51,5658.552027,0.934375,0.843287,1.098750,0.917764,39,22,31,15,3,2,3,1,770,563,484,382
2026/01/26/21:44:52,5659.552192,0.934375,0.843287,1.098750,0.917764,39,22,31,15,3,2,3,1,770,563,484,382
2026/01/26/21:44:53,5660.552356,0.942125,0.850372,1.106500,0.924849,41,22,31,15,3,2,3,1,770,563,484,382
2026/01/26/21:44:54,5661.552504,0.942125,0.850372,1.106500,0.924849,41,22,31,15,3,2,3,1,770,563,484,382
2026/01/26/21:44:55,5662.552623,0.942125,0.850372,1.106500,0.924849,41,22,31,15,3,2,3,1,770,563,484,382
2026/01/26/21:44:56,5663.552805,0.942125,0.850372,1.106500,0.924849,41,22,31,15,3,2,3,1,770,563,484,382
2026/01/26/21:44:57,5664.552902,0.942125,0.850372,1.106500,0.924849,41,22,31,15,3,2,3,1,770,563,484,382
2026/01/26/21:44:58,5665.553009,0.942813,0.860496,1.096750,0.916708,41,23,29,15,3,1,3,1,770,563,486,382
2026/01/26/21:44:59,5666.553162,0.942813,0.860496,1.096750,0.916708,41,23,29,15,3,1,3,1,770,563,486,382
2026/01/26/21:45:00,5667.553320,0.942813,0.860496,1.096750,0.916708,41,23,29,15,3,1,3,1,770,563,486,382
2026/01/26/21:45:01,5668.553490,0.935063,0.853411,1.089000,0.909623,39,23,29,15,3,1,3,1,772,563,486,382
2026/01/26/21:45:02,5669.553654,0.920438,0.846917,1.074375,0.903129,39,23,27,15,3,1,3,1,772,563,488,382
2026/01/26/21:45:03,5670.553746,0.920438,0.846917,1.074375,0.903129,39,23,27,15,3,1,3,1,772,563,488,382
2026/01/26/21:45:04,5671.553851,0.920438,0.846917,1.074375,0.903129,39,23,27,15,3,1,3,1,772,563,488,382
2026/01/26/21:45:05,5672.553971,0.920438,0.846917,1.074375,0.903129,39,23,27,15,3,1,3,1,772,563,488,382
2026/01/26/21:45:06,5673.554132,0.920438,0.846917,1.074375,0.903129,39,23,27,15,3,1,3,1,772,563,488,382
2026/01/26/21:45:07,5674.554238,0.920438,0.846917,1.074375,0.903129,39,23,27,15,3,1,3,1,772,563,488,382
2026/01/26/21:45:08,5675.554401,0.920438,0.846917,1.074375,0.903129,39,23,27,15,3,1,3,1,772,563,488,382
2026/01/26/21:45:09,5676.554561,0.920438,0.846917,1.074375,0.903129,39,23,27,15,3,1,3,1,772,563,488,382
2026/01/26/21:45:10,5677.554652,0.920438,0.846917,1.074375,0.903129,39,23,27,15,3,1,3,1,772,563,488,382
2026/01/26/21:45:11,5678.554803,0.920438,0.846917,1.074375,0.903129,39,23,27,15,3,1,3,1,772,563,488,382
2026/01/26/21:45:12,5679.554904,0.928438,0.847860,1.064812,0.897630,39,22,28,15,3,1,2,1,772,564,488,382
2026/01/26/21:45:13,5680.555003,0.928438,0.847860,1.064812,0.897630,39,22,28,15,3,1,2,1,772,564,488,382
2026/01/26/21:45:14,5681.555123,0.928438,0.847860,1.064812,0.897630,39,22,28,15,3,1,2,1,772,564,488,382
2026/01/26/21:45:15,5682.555287,0.928438,0.847860,1.064812,0.897630,39,22,28,15,3,1,2,1,772,564,488,382
2026/01/26/21:45:16,5683.555389,0.928438,0.847860,1.064812,0.897630,39,22,28,15,3,1,2,1,772,564,488,382
2026/01/26/21:45:17,5684.555551,0.928438,0.847860,1.064812,0.897630,39,22,28,15,3,1,2,1,772,564,488,382
2026/01/26/21:45:18,5685.555714,0.928438,0.847860,1.064812,0.897630,39,22,28,15,3,1,2,1,772,564,488,382
2026/01/26/21:45:19,5686.555882,0.928438,0.847860,1.064812,0.897630,39,22,28,15,3,1,2,1,772,564,488,382
2026/01/26/21:45:20,5687.555997,0.928438,0.847860,1.064812,0.897630,39,22,28,15,3,1,2,1,772,564,488,382
2026/01/26/21:45:21,5688.556108,0.928438,0.847860,1.064812,0.897630,39,22,28,15,3,1,2,1,772,564,488,382
2026/01/26/21:45:22,5689.556276,0.928438,0.847860,1.064812,0.897630,39,22,28,15,3,1,2,1,772,564,488,382
2026/01/26/21:45:23,5690.556458,0.928438,0.847860,1.064812,0.897630,39,22,28,15,3,1,2,1,772,564,488,382
2026/01/26/21:45:24,5691.556598,0.928438,0.847860,1.064812,0.897630,39,22,28,15,3,1,2,1,772,564,488,382
2026/01/26/21:45:25,5692.556703,0.928438,0.847860,1.064812,0.897630,39,22,28,15,3,1,2,1,772,564,488,382
2026/01/26/21:45:26,5693.556840,0.928438,0.847860,1.064812,0.897630,39,22,28,15,3,1,2,1,772,564,488,382
2026/01/26/21:45:27,5694.557008,0.928438,0.847860,1.064812,0.897630,39,22,28,15,3,1,2,1,772,564,488,382
2026/01/26/21:45:28,5695.557178,0.928438,0.847860,1.064812,0.897630,39,22,28,15,3,1,2,1,772,564,488,382
2026/01/26/21:45:29,5696.557290,0.928438,0.847860,1.064812,0.897630,39,22,28,15,3,1,2,1,772,564,488,382
2026/01/26/21:45:30,5697.557396,0.928438,0.847860,1.064812,0.897630,39,22,28,15,3,1,2,1,772,564,488,382
2026/01/26/21:45:31,5698.557556,0.928438,0.847860,1.064812,0.897630,39,22,28,15,3,1,2,1,772,564,488,382
2026/01/26/21:45:32,5699.557720,0.928438,0.847860,1.064812,0.897630,39,22,28,15,3,1,2,1,772,564,488,382
2026/01/26/21:45:33,5700.557840,0.928438,0.847860,1.064812,0.897630,39,22,28,15,3,1,2,1,772,564,488,382
2026/01/26/21:45:34,5701.557942,0.928438,0.847860,1.064812,0.897630,39,22,28,15,3,1,2,1,772,564,488,382
2026/01/26/21:45:35,5702.558113,0.928188,0.850595,1.054125,0.882100,39,23,25,15,3,0,2,1,772,564,491,382
2026/01/26/21:45:36,5703.558271,0.928188,0.850595,1.054125,0.882100,39,23,25,15,3,0,2,1,772,564,491,382
2026/01/26/21:45:37,5704.558366,0.928188,0.850595,1.054125,0.882100,39,23,25,15,3,0,2,1,772,564,491,382
2026/01/26/21:45:38,5705.558539,0.928188,0.850595,1.054125,0.882100,39,23,25,15,3,0,2,1,772,564,491,382
2026/01/26/21:45:39,5706.558752,0.928188,0.850595,1.054125,0.882100,39,23,25,15,3,0,2,1,772,564,491,382
2026/01/26/21:45:40,5707.558812,0.928188,0.850595,1.029313,0.878666,39,23,25,15,3,0,2,0,772,564,491,382
2026/01/26/21:45:41,5708.558859,0.928188,0.850595,1.029313,0.878666,39,23,25,15,3,0,2,0,772,564,491,382
2026/01/26/21:45:42,5709.558933,0.928188,0.850595,1.029313,0.878666,39,23,25,15,3,0,2,0,772,564,491,382
2026/01/26/21:45:43,5710.559049,0.928188,0.850595,1.029313,0.878666,39,23,25,15,3,0,2,0,772,564,491,382
2026/01/26/21:45:44,5711.559200,0.928188,0.850595,1.029313,0.878666,39,23,25,15,3,0,2,0,772,564,491,382
2026/01/26/21:45:45,5712.559371,0.928188,0.850595,1.029313,0.878666,39,23,25,15,3,0,2,0,772,564,491,382
2026/01/26/21:45:46,5713.559543,0.928188,0.850595,1.029313,0.878666,39,23,25,15,3,0,2,0,772,564,491,382
2026/01/26/21:45:47,5714.559711,0.928188,0.850595,1.029313,0.878666,39,23,25,15,3,0,2,0,772,564,491,382
2026/01/26/21:45:48,5715.559876,0.928188,0.850595,1.029313,0.878666,39,23,25,15,3,0,2,0,772,564,491,382
2026/01/26/21:45:49,5716.560038,0.928188,0.850595,1.029313,0.878666,39,23,25,15,3,0,2,0,772,564,491,382
2026/01/26/21:45:50,5717.560208,0.928188,0.850595,1.029313,0.878666,39,23,25,15,3,0,2,0,772,564,491,382
2026/01/26/21:45:51,5718.560317,0.946125,0.868817,1.114000,0.917477,40,25,25,15,3,0,5,0,772,564,491,382
2026/01/26/21:45:52,5719.560418,0.946125,0.868817,1.114000,0.917477,40,25,25,15,3,0,5,0,772,564,491,382
2026/01/26/21:45:53,5720.560592,0.934625,0.854056,1.036500,0.887530,40,23,25,15,0,0,5,0,772,566,491,382
2026/01/26/21:45:54,5721.560684,0.934625,0.854056,1.036500,0.887530,40,23,25,15,0,0,5,0,772,566,491,382
2026/01/26/21:45:55,5722.560863,0.934625,0.854056,1.036500,0.887530,40,23,25,15,0,0,5,0,772,566,491,382
2026/01/26/21:45:56,5723.561031,0.934625,0.854056,1.036500,0.887530,40,23,25,15,0,0,5,0,772,566,491,382
2026/01/26/21:45:57,5724.561134,0.952063,0.870741,1.066188,0.911740,42,25,25,15,0,2,5,0,772,566,491,382
2026/01/26/21:45:58,5725.561301,0.952063,0.870741,1.066188,0.911740,42,25,25,15,0,2,5,0,772,566,491,382
2026/01/26/21:45:59,5726.561465,0.952063,0.870741,1.066188,0.911740,42,25,25,15,0,2,5,0,772,566,491,382
2026/01/26/21:46:00,5727.561631,0.953313,0.868733,1.061313,0.905969,41,26,25,15,0,1,5,0,773,566,491,382
2026/01/26/21:46:01,5728.561826,0.953313,0.868733,1.061313,0.905969,41,26,25,15,0,1,5,0,773,566,491,382
2026/01/26/21:46:02,5729.562000,0.953313,0.868733,1.061313,0.905969,41,26,25,15,0,1,5,0,773,566,491,382
2026/01/26/21:46:03,5730.562166,0.953313,0.868733,1.061313,0.905969,41,26,25,15,0,1,5,0,773,566,491,382
2026/01/26/21:46:04,5731.562312,0.953313,0.868733,1.061313,0.905969,41,26,25,15,0,1,5,0,773,566,491,382
2026/01/26/21:46:05,5732.562423,0.953313,0.868733,1.061313,0.905969,41,26,25,15,0,1,5,0,773,566,491,382
2026/01/26/21:46:06,5733.562535,0.953313,0.868733,1.061313,0.905969,41,26,25,15,0,1,5,0,773,566,491,382
2026/01/26/21:46:07,5734.562709,0.953313,0.868733,1.061313,0.905969,41,26,25,15,0,1,5,0,773,566,491,382
2026/01/26/21:46:08,5735.562876,0.953313,0.868733,1.061313,0.905969,41,26,25,15,0,1,5,0,773,566,491,382
2026/01/26/21:46:09,5736.562971,0.965875,0.879090,1.079687,0.932171,41,29,25,15,0,2,5,0,774,566,491,382
2026/01/26/21:46:10,5737.563155,0.965875,0.879090,1.079687,0.932171,41,29,25,15,0,2,5,0,774,566,491,382
2026/01/26/21:46:11,5738.563261,0.965875,0.879090,1.079687,0.932171,41,29,25,15,0,2,5,0,774,566,491,382
2026/01/26/21:46:12,5739.563360,0.965875,0.879090,1.079687,0.932171,41,29,25,15,0,2,5,0,774,566,491,382
2026/01/26/21:46:13,5740.563461,0.963688,0.879902,1.130875,0.983934,41,27,26,15,0,2,12,0,774,568,491,382
2026/01/26/21:46:14,5741.563608,0.963688,0.879902,1.130875,0.983934,41,27,26,15,0,2,12,0,774,568,491,382
2026/01/26/21:46:15,5742.563683,0.963688,0.879902,1.097687,0.971564,41,27,26,15,0,2,9,0,774,568,491,382
2026/01/26/21:46:16,5743.563809,0.963688,0.879902,1.081937,0.941343,41,27,26,15,0,2,6,0,774,568,491,382
2026/01/26/21:46:17,5744.563871,0.959625,0.881604,1.073438,0.934685,41,25,27,15,0,2,5,0,774,570,491,382
2026/01/26/21:46:18,5745.563979,0.959625,0.881604,1.073438,0.934685,41,25,27,15,0,2,5,0,774,570,491,382
2026/01/26/21:46:19,5746.564081,0.959625,0.881604,1.073438,0.934685,41,25,27,15,0,2,5,0,774,570,491,382
2026/01/26/21:46:20,5747.564198,0.959625,0.881604,1.006687,0.914096,41,25,27,15,0,2,2,0,774,570,491,382
2026/01/26/21:46:21,5748.564306,0.959625,0.881604,1.006687,0.914096,41,25,27,15,0,2,2,0,774,570,491,382
2026/01/26/21:46:22,5749.564415,0.959625,0.881604,1.006687,0.914096,41,25,27,15,0,2,2,0,774,570,491,382
2026/01/26/21:46:23,5750.564582,0.959625,0.881604,1.006687,0.914096,41,25,27,15,0,2,2,0,774,570,491,382
2026/01/26/21:46:24,5751.564729,0.959625,0.881604,1.030500,0.998889,41,25,27,15,0,2,5,0,774,570,491,382
2026/01/26/21:46:25,5752.564898,0.964500,0.884790,1.045125,1.008447,41,25,27,16,0,2,5,2,774,570,491,382
2026/01/26/21:46:26,5753.565036,0.967750,0.888494,1.202750,1.159294,41,25,27,17,2,6,11,3,774,570,491,382
2026/01/26/21:46:27,5754.565154,0.967750,0.888494,1.206000,1.162998,41,25,27,17,2,6,11,4,774,570,491,382
2026/01/26/21:46:28,5755.565269,0.967750,0.888494,1.206000,1.162998,41,25,27,17,2,6,11,4,774,570,491,382
2026/01/26/21:46:29,5756.565378,0.967750,0.888494,1.185437,1.136739,41,25,27,17,2,4,11,4,774,570,491,382
2026/01/26/21:46:30,5757.565488,0.967750,0.888494,1.136125,1.090952,41,25,27,17,2,4,8,4,774,570,491,382
2026/01/26/21:46:31,5758.565599,0.967750,0.888494,1.136125,1.090952,41,25,27,17,2,4,8,4,774,570,491,382
2026/01/26/21:46:32,5759.565711,0.967750,0.888494,1.130375,1.082911,41,25,27,17,2,3,8,4,774,570,491,382
2026/01/26/21:46:33,5760.565820,0.967750,0.888494,1.130375,1.082911,41,25,27,17,2,3,8,4,774,570,491,382
2026/01/26/21:46:34,5761.565914,0.967750,0.888494,1.107563,1.051240,41,25,27,17,1,3,5,4,774,570,491,382
2026/01/26/21:46:35,5762.566034,0.967750,0.888494,1.107563,1.051240,41,25,27,17,1,3,5,4,774,570,491,382
2026/01/26/21:46:36,5763.566132,0.967750,0.888494,1.107563,1.051240,41,25,27,17,1,3,5,4,774,570,491,382
2026/01/26/21:46:37,5764.566315,0.967750,0.888494,1.107563,1.051240,41,25,27,17,1,3,5,4,774,570,491,382
2026/01/26/21:46:38,5765.566475,0.967750,0.888494,1.107563,1.051240,41,25,27,17,1,3,5,4,774,570,491,382
2026/01/26/21:46:39,5766.566580,0.964500,0.884790,1.101063,1.043832,41,25,27,16,1,3,5,3,774,570,491,383
2026/01/26/21:46:40,5767.566689,0.964500,0.884790,1.101063,1.043832,41,25,27,16,1,3,5,3,774,570,491,383
2026/01/26/21:46:41,5768.566871,0.964500,0.884790,1.101063,1.043832,41,25,27,16,1,3,5,3,774,570,491,383
2026/01/26/21:46:42,5769.567030,0.964500,0.884790,1.065813,1.018550,41,25,27,16,1,1,5,3,774,570,491,383
2026/01/26/21:46:43,5770.567242,0.964500,0.884790,1.065813,1.018550,41,25,27,16,1,1,5,3,774,570,491,383
2026/01/26/21:46:44,5771.567283,0.964500,0.884790,1.065813,1.018550,41,25,27,16,1,1,5,3,774,570,491,383
2026/01/26/21:46:45,5772.567454,0.965625,0.860533,1.051187,0.981167,41,26,24,18,1,0,5,1,774,570,494,383
2026/01/26/21:46:46,5773.567507,0.969250,0.868595,1.101687,1.017380,41,27,24,18,3,2,7,1,774,570,494,383
2026/01/26/21:46:47,5774.567700,0.969250,0.868595,1.188813,1.061240,41,27,24,18,4,7,8,4,774,570,494,383
2026/01/26/21:46:48,5775.567802,0.969250,0.868595,1.188813,1.061240,41,27,24,18,4,7,8,4,774,570,494,383
2026/01/26/21:46:49,5776.567871,0.969250,0.868595,1.183000,1.109894,41,27,24,18,7,3,12,4,774,570,494,383
2026/01/26/21:46:50,5777.567982,0.969313,0.871163,1.141125,1.080657,42,26,24,18,6,1,12,1,774,571,494,383
2026/01/26/21:46:51,5778.568061,0.969313,0.871163,1.137687,1.097748,42,26,24,18,6,1,12,2,774,571,494,383
2026/01/26/21:46:52,5779.568158,0.970063,0.873312,1.137312,1.092282,41,27,24,18,5,3,12,2,775,571,494,383
2026/01/26/21:46:53,5780.568283,0.970063,0.873312,1.127063,1.072534,41,27,24,18,3,3,12,2,775,571,494,383
2026/01/26/21:46:54,5781.568398,0.970000,0.874678,1.119687,1.051272,40,27,24,19,2,3,12,1,776,571,494,383
2026/01/26/21:46:55,5782.568504,0.960688,0.859540,1.084000,1.004877,38,28,25,20,1,0,11,0,779,573,494,383
2026/01/26/21:46:56,5783.568659,0.960688,0.859540,1.084000,1.004877,38,28,25,20,1,0,11,0,779,573,494,383
2026/01/26/21:46:57,5784.568804,0.957562,0.852643,1.074250,0.993389,38,25,26,20,1,0,10,0,779,576,494,383
2026/01/26/21:46:58,5785.568890,0.957562,0.852643,1.074250,0.993389,38,25,26,20,1,0,10,0,779,576,494,383
2026/01/26/21:46:59,5786.568992,0.952250,0.871724,1.041875,0.968707,38,25,25,20,1,0,7,0,779,576,496,383
2026/01/26/21:47:00,5787.569154,0.952250,0.871724,1.041875,0.968707,38,25,25,20,1,0,7,0,779,576,496,383
2026/01/26/21:47:01,5788.569318,0.952250,0.871724,1.025937,0.952654,38,25,25,20,0,0,7,0,779,576,496,383
2026/01/26/21:47:02,5789.569470,0.952250,0.871724,1.025937,0.952654,38,25,25,20,0,0,7,0,779,576,496,383
2026/01/26/21:47:03,5790.569600,0.952250,0.871724,1.025937,0.952654,38,25,25,20,0,0,7,0,779,576,496,383
2026/01/26/21:47:04,5791.569736,0.951875,0.847298,1.002125,0.867860,38,25,25,20,0,0,4,0,779,576,497,383
2026/01/26/21:47:05,5792.569904,0.951875,0.847298,1.002125,0.867860,38,25,25,20,0,0,4,0,779,576,497,383
2026/01/26/21:47:06,5793.570081,0.951875,0.847298,1.002125,0.867860,38,25,25,20,0,0,4,0,779,576,497,383
2026/01/26/21:47:07,5794.570200,0.951875,0.847298,1.002125,0.867860,38,25,25,20,0,0,4,0,779,576,497,383
2026/01/26/21:47:08,5795.570310,0.951875,0.847298,1.002125,0.867860,38,25,25,20,0,0,4,0,779,576,497,383
2026/01/26/21:47:09,5796.570412,0.945875,0.840545,0.996125,0.861107,38,24,25,20,0,0,4,0,779,577,497,383
2026/01/26/21:47:10,5797.570511,0.953438,0.844383,0.996125,0.861107,38,24,26,20,0,0,3,0,779,577,497,383
2026/01/26/21:47:11,5798.570624,0.939500,0.840519,0.974625,0.853404,38,22,27,20,0,0,2,0,779,579,497,383
2026/01/26/21:47:12,5799.570733,0.939500,0.840519,0.974625,0.853404,38,22,27,20,0,0,2,0,779,579,497,383
2026/01/26/21:47:13,5800.570851,0.939500,0.840519,0.974625,0.853404,38,22,27,20,0,0,2,0,779,579,497,383
2026/01/26/21:47:14,5801.570943,0.939500,0.840519,0.974625,0.853404,38,22,27,20,0,0,2,0,779,579,497,383
2026/01/26/21:47:15,5802.571113,0.939500,0.840519,0.974625,0.853404,38,22,27,20,0,0,2,0,779,579,497,383
2026/01/26/21:47:16,5803.571230,0.939500,0.840519,0.974625,0.853404,38,22,27,20,0,0,2,0,779,579,497,383
2026/01/26/21:47:17,5804.571343,0.939500,0.840519,0.974625,0.853404,38,22,27,20,0,0,2,0,779,579,497,383
2026/01/26/21:47:18,5805.571510,0.939500,0.840519,0.974625,0.853404,38,22,27,20,0,0,2,0,779,579,497,383
2026/01/26/21:47:19,5806.571612,0.939500,0.840519,0.974625,0.853404,38,22,27,20,0,0,2,0,779,579,497,383
2026/01/26/21:47:20,5807.571738,0.939500,0.840519,0.974625,0.853404,38,22,27,20,0,0,2,0,779,579,497,383
2026/01/26/21:47:21,5808.571909,0.933125,0.837339,0.968250,0.850224,37,22,27,20,0,0,2,0,780,579,497,383
2026/01/26/21:47:22,5809.572073,0.933125,0.837339,0.968250,0.850224,37,22,27,20,0,0,2,0,780,579,497,383
2026/01/26/21:47:23,5810.572237,0.933125,0.837339,0.968250,0.850224,37,22,27,20,0,0,2,0,780,579,497,383
2026/01/26/21:47:24,5811.572337,0.933125,0.837339,0.968250,0.850224,37,22,27,20,0,0,2,0,780,579,497,383
2026/01/26/21:47:25,5812.572505,0.918500,0.827781,0.953625,0.840666,37,22,27,17,0,0,2,0,780,579,497,386
2026/01/26/21:47:26,5813.572680,0.918500,0.827781,0.953625,0.840666,37,22,27,17,0,0,2,0,780,579,497,386
2026/01/26/21:47:27,5814.572858,0.918500,0.827781,0.953625,0.840666,37,22,27,17,0,0,2,0,780,579,497,386
2026/01/26/21:47:28,5815.573026,0.918500,0.827781,0.953625,0.840666,37,22,27,17,0,0,2,0,780,579,497,386
2026/01/26/21:47:29,5816.573190,0.918500,0.827781,0.953625,0.840666,37,22,27,17,0,0,2,0,780,579,497,386
2026/01/26/21:47:30,5817.573351,0.918500,0.827781,0.953625,0.840666,37,22,27,17,0,0,2,0,780,579,497,386
2026/01/26/21:47:31,5818.573518,0.918500,0.827781,0.953625,0.840666,37,22,27,17,0,0,2,0,780,579,497,386
2026/01/26/21:47:32,5819.573620,0.918500,0.827781,0.953625,0.840666,37,22,27,17,0,0,2,0,780,579,497,386
2026/01/26/21:47:33,5820.573807,0.918500,0.827781,0.953625,0.840666,37,22,27,17,0,0,2,0,780,579,497,386
2026/01/26/21:47:34,5821.573851,0.913375,0.822708,0.930937,0.829151,37,22,25,17,0,0,1,0,780,579,500,386
2026/01/26/21:47:35,5822.574026,0.913375,0.822708,0.930937,0.829151,37,22,25,17,0,0,1,0,780,579,500,386
2026/01/26/21:47:36,5823.574141,0.913375,0.822708,0.930937,0.829151,37,22,25,17,0,0,1,0,780,579,500,386
2026/01/26/21:47:37,5824.574362,0.910000,0.819531,0.927562,0.825973,37,22,24,17,0,0,1,0,780,579,501,386
2026/01/26/21:47:38,5825.574450,0.910000,0.819531,0.927562,0.825973,37,22,24,17,0,0,1,0,780,579,501,386
2026/01/26/21:47:39,5826.574605,0.910000,0.819531,0.927562,0.825973,37,22,24,17,0,0,1,0,780,579,501,386
2026/01/26/21:47:40,5827.574811,0.910000,0.819531,0.927562,0.825973,37,22,24,17,0,0,1,0,780,579,501,386
2026/01/26/21:47:41,5828.574923,0.910000,0.819531,0.927562,0.825973,37,22,24,17,0,0,1,0,780,579,501,386
2026/01/26/21:47:42,5829.575031,0.910000,0.819531,0.927562,0.825973,37,22,24,17,0,0,1,0,780,579,501,386
2026/01/26/21:47:43,5830.575148,0.910000,0.819531,0.927562,0.825973,37,22,24,17,0,0,1,0,780,579,501,386
2026/01/26/21:47:44,5831.575242,0.910000,0.819531,0.927562,0.825973,37,22,24,17,0,0,1,0,780,579,501,386
2026/01/26/21:47:45,5832.575387,0.910000,0.819531,0.927562,0.825973,37,22,24,17,0,0,1,0,780,579,501,386
2026/01/26/21:47:46,5833.575548,0.910000,0.819531,0.927562,0.825973,37,22,24,17,0,0,1,0,780,579,501,386
2026/01/26/21:47:47,5834.575664,0.910000,0.819531,0.927562,0.825973,37,22,24,17,0,0,1,0,780,579,501,386
2026/01/26/21:47:48,5835.575789,0.943125,0.860748,0.965187,0.894735,40,24,24,17,0,1,1,0,780,580,501,386
2026/01/26/21:47:49,5836.575924,0.943125,0.860748,0.965187,0.894735,40,24,24,17,0,1,1,0,780,580,501,386
2026/01/26/21:47:50,5837.576028,0.923250,0.848236,0.945312,0.882223,37,24,24,17,0,1,1,0,783,580,501,386
2026/01/26/21:47:51,5838.576134,0.918750,0.820692,0.936312,0.827134,37,23,24,17,0,0,1,0,783,581,501,386
2026/01/26/21:47:52,5839.576232,0.905375,0.814079,0.922937,0.820521,37,21,24,17,0,0,1,0,783,583,501,386
2026/01/26/21:47:53,5840.576390,0.929375,0.846184,0.946937,0.852627,40,24,24,18,0,0,1,0,783,583,501,386
2026/01/26/21:47:54,5841.576531,0.929375,0.846184,0.946937,0.852627,40,24,24,18,0,0,1,0,783,583,501,386
2026/01/26/21:47:55,5842.576656,0.929375,0.846184,0.946937,0.852627,40,24,24,18,0,0,1,0,783,583,501,386
2026/01/26/21:47:56,5843.576831,0.926125,0.842740,0.943688,0.849183,40,24,24,17,0,0,1,0,783,583,501,387
2026/01/26/21:47:57,5844.576932,0.926125,0.842740,0.943688,0.849183,40,24,24,17,0,0,1,0,783,583,501,387
2026/01/26/21:47:58,5845.577100,0.926125,0.842740,0.943688,0.849183,40,24,24,17,0,0,1,0,783,583,501,387
2026/01/26/21:47:59,5846.577206,0.922875,0.838592,0.940438,0.845035,39,24,24,17,0,0,1,0,784,583,501,387
2026/01/26/21:48:00,5847.577309,0.916625,0.827334,0.934187,0.833777,37,24,24,17,0,0,1,0,786,583,501,387
2026/01/26/21:48:01,5848.577406,0.916625,0.827334,0.934187,0.833777,37,24,24,17,0,0,1,0,786,583,501,387
2026/01/26/21:48:02,5849.577564,0.916625,0.827334,0.934187,0.833777,37,24,24,17,0,0,1,0,786,583,501,387
2026/01/26/21:48:03,5850.577727,0.916625,0.827334,0.934187,0.833777,37,24,24,17,0,0,1,0,786,583,501,387
2026/01/26/21:48:04,5851.577803,0.916625,0.827334,0.934187,0.833777,37,24,24,17,0,0,1,0,786,583,501,387
2026/01/26/21:48:05,5852.577860,0.916625,0.827334,0.934187,0.833777,37,24,24,17,0,0,1,0,786,583,501,387
2026/01/26/21:48:06,5853.577966,0.916625,0.827334,0.934187,0.833777,37,24,24,17,0,0,1,0,786,583,501,387
2026/01/26/21:48:07,5854.578076,0.916625,0.827334,0.934187,0.833777,37,24,24,17,0,0,1,0,786,583,501,387
2026/01/26/21:48:08,5855.578189,0.916625,0.827334,0.934187,0.833777,37,24,24,17,0,0,1,0,786,583,501,387
2026/01/26/21:48:09,5856.578293,0.916625,0.827334,0.934187,0.833777,37,24,24,17,0,0,1,0,786,583,501,387
2026/01/26/21:48:10,5857.578457,0.916625,0.827334,0.934187,0.833777,37,24,24,17,0,0,1,0,786,583,501,387
2026/01/26/21:48:11,5858.578554,0.916625,0.827334,0.934187,0.833777,37,24,24,17,0,0,1,0,786,583,501,387
2026/01/26/21:48:12,5859.578727,0.934187,0.833777,0.934187,0.833777,37,24,25,17,0,0,0,0,787,583,501,387
2026/01/26/21:48:13,5860.578885,0.934187,0.833777,0.934187,0.833777,37,24,25,17,0,0,0,0,787,583,501,387
2026/01/26/21:48:14,5861.579064,0.934187,0.833777,0.934187,0.833777,37,24,25,17,0,0,0,0,787,583,501,387
2026/01/26/21:48:15,5862.579233,0.934187,0.833777,0.934187,0.833777,37,24,25,17,0,0,0,0,787,583,501,387
2026/01/26/21:48:16,5863.579340,0.934187,0.833777,0.934187,0.833777,37,24,25,17,0,0,0,0,787,583,501,387
2026/01/26/21:48:17,5864.579535,0.934187,0.833777,0.934187,0.833777,37,24,25,17,0,0,0,0,787,583,501,387
2026/01/26/21:48:18,5865.579702,0.934187,0.833777,0.934187,0.833777,37,24,25,17,0,0,0,0,787,583,501,387
2026/01/26/21:48:19,5866.579867,0.934187,0.833777,0.934187,0.833777,37,24,25,17,0,0,0,0,787,583,501,387
2026/01/26/21:48:20,5867.580038,0.934187,0.833777,0.934187,0.833777,37,24,25,17,0,0,0,0,787,583,501,387
2026/01/26/21:48:21,5868.580200,0.934187,0.833777,0.934187,0.833777,37,24,25,17,0,0,0,0,787,583,501,387
2026/01/26/21:48:22,5869.580365,0.934187,0.833777,0.934187,0.833777,37,24,25,17,0,0,0,0,787,583,501,387
2026/01/26/21:48:23,5870.580457,0.934187,0.833777,0.934187,0.833777,37,24,25,17,0,0,0,0,787,583,501,387
2026/01/26/21:48:24,5871.580613,0.934187,0.833777,0.934187,0.833777,37,24,25,17,0,0,0,0,787,583,501,387
2026/01/26/21:48:25,5872.580802,0.934187,0.833777,0.934187,0.833777,37,24,25,17,0,0,0,0,787,583,501,387
2026/01/26/21:48:26,5873.580946,0.934187,0.833777,0.934187,0.833777,37,24,25,17,0,0,0,0,787,583,501,387
2026/01/26/21:48:27,5874.581049,0.934187,0.833777,0.934187,0.833777,37,24,25,17,0,0,0,0,787,583,501,387
2026/01/26/21:48:28,5875.581214,0.934187,0.833777,0.934187,0.833777,37,24,25,17,0,0,0,0,787,583,501,387
2026/01/26/21:48:29,5876.581385,0.934187,0.833777,0.934187,0.833777,37,24,25,17,0,0,0,0,787,583,501,387
2026/01/26/21:48:30,5877.581545,0.934187,0.833777,0.934187,0.833777,37,24,25,17,0,0,0,0,787,583,501,387
2026/01/26/21:48:31,5878.581648,0.934187,0.833777,0.934187,0.833777,37,24,25,17,0,0,0,0,787,583,501,387
2026/01/26/21:48:32,5879.581779,0.934187,0.833777,0.934187,0.833777,37,24,25,17,0,0,0,0,787,583,501,387
2026/01/26/21:48:33,5880.581924,0.934187,0.833777,0.934187,0.833777,37,24,25,17,0,0,0,0,787,583,501,387
2026/01/26/21:48:34,5881.582078,0.934187,0.833777,0.934187,0.833777,37,24,25,17,0,0,0,0,787,583,501,387
2026/01/26/21:48:35,5882.582248,0.934187,0.833777,0.934187,0.833777,37,24,25,17,0,0,0,0,787,583,501,387
2026/01/26/21:48:36,5883.582354,0.934187,0.833777,0.934187,0.833777,37,24,25,17,0,0,0,0,787,583,501,387
2026/01/26/21:48:37,5884.582455,0.934187,0.833777,0.934187,0.833777,37,24,25,17,0,0,0,0,787,583,501,387
2026/01/26/21:48:38,5885.582613,0.926937,0.809784,0.926937,0.809784,37,24,25,15,0,0,0,0,787,583,501,389
2026/01/26/21:48:39,5886.582790,0.926937,0.809784,0.926937,0.809784,37,24,25,15,0,0,0,0,787,583,501,389
2026/01/26/21:48:40,5887.582891,0.926937,0.809784,0.926937,0.809784,37,24,25,15,0,0,0,0,787,583,501,389
2026/01/26/21:48:41,5888.583155,0.926937,0.809784,0.926937,0.809784,37,24,25,15,0,0,0,0,787,583,501,389
2026/01/26/21:48:42,5889.583259,0.926937,0.809784,0.926937,0.809784,37,24,25,15,0,0,0,0,787,583,501,389
2026/01/26/21:48:43,5890.583341,0.926937,0.809784,0.926937,0.809784,37,24,25,15,0,0,0,0,787,583,501,389
2026/01/26/21:48:44,5891.583489,0.926937,0.809784,0.926937,0.809784,37,24,25,15,0,0,0,0,787,583,501,389
2026/01/26/21:48:45,5892.583669,0.940438,0.821792,0.940438,0.821792,40,24,25,15,0,0,0,0,787,583,501,389
2026/01/26/21:48:46,5893.583796,0.940438,0.821792,0.940438,0.821792,40,24,25,15,0,0,0,0,787,583,501,389
2026/01/26/21:48:47,5894.583938,0.940438,0.821792,0.940438,0.821792,40,24,25,15,0,0,0,0,787,583,501,389
2026/01/26/21:48:48,5895.584107,0.940438,0.821792,0.940438,0.821792,40,24,25,15,0,0,0,0,787,583,501,389
2026/01/26/21:48:49,5896.584207,0.940438,0.821792,0.940438,0.821792,40,24,25,15,0,0,0,0,787,583,501,389
2026/01/26/21:48:50,5897.584328,0.940438,0.821792,0.940438,0.821792,40,24,25,15,0,0,0,0,787,583,501,389
2026/01/26/21:48:51,5898.584440,0.940438,0.821792,0.940438,0.821792,40,24,25,15,0,0,0,0,787,583,501,389
2026/01/26/21:48:52,5899.584541,0.940438,0.821792,0.940438,0.821792,40,24,25,15,0,0,0,0,787,583,501,389
2026/01/26/21:48:53,5900.584644,0.940438,0.821792,0.940438,0.821792,40,24,25,15,0,0,0,0,787,583,501,389
2026/01/26/21:48:54,5901.584809,0.940438,0.821792,0.940438,0.821792,40,24,25,15,0,0,0,0,787,583,501,389
2026/01/26/21:48:55,5902.584965,0.940438,0.821792,0.940438,0.821792,40,24,25,15,0,0,0,0,787,583,501,389
2026/01/26/21:48:56,5903.585073,0.940438,0.821792,0.940438,0.821792,40,24,25,15,0,0,0,0,787,583,501,389
2026/01/26/21:48:57,5904.585232,0.940438,0.821792,0.940438,0.821792,40,24,25,15,0,0,0,0,787,583,501,389
2026/01/26/21:48:58,5905.585397,0.940438,0.821792,0.940438,0.821792,40,24,25,15,0,0,0,0,787,583,501,389
2026/01/26/21:48:59,5906.585562,0.918063,0.793064,0.918063,0.793064,37,24,23,15,0,0,0,0,790,583,503,389
2026/01/26/21:49:00,5907.585727,0.918063,0.793064,0.918063,0.793064,37,24,23,15,0,0,0,0,790,583,503,389
2026/01/26/21:49:01,5908.585914,0.918063,0.793064,0.918063,0.793064,37,24,23,15,0,0,0,0,790,583,503,389
2026/01/26/21:49:02,5909.586032,0.918063,0.793064,0.918063,0.793064,37,24,23,15,0,0,0,0,790,583,503,389
2026/01/26/21:49:03,5910.586189,0.918063,0.793064,0.918063,0.793064,37,24,23,15,0,0,0,0,790,583,503,389
2026/01/26/21:49:04,5911.586340,0.918063,0.793064,0.918063,0.793064,37,24,23,15,0,0,0,0,790,583,503,389
2026/01/26/21:49:05,5912.586508,0.918063,0.793064,0.918063,0.793064,37,24,23,15,0,0,0,0,790,583,503,389
2026/01/26/21:49:06,5913.586677,0.918063,0.793064,0.918063,0.793064,37,24,23,15,0,0,0,0,790,583,503,389
2026/01/26/21:49:07,5914.586854,0.918063,0.793064,0.918063,0.793064,37,24,23,15,0,0,0,0,790,583,503,389
2026/01/26/21:49:08,5915.587014,0.918063,0.793064,0.918063,0.793064,37,24,23,15,0,0,0,0,790,583,503,389
2026/01/26/21:49:09,5916.587114,0.918063,0.793064,0.918063,0.793064,37,24,23,15,0,0,0,0,790,583,503,389
2026/01/26/21:49:10,5917.587231,0.918063,0.793064,0.918063,0.793064,37,24,23,15,0,0,0,0,790,583,503,389
2026/01/26/21:49:11,5918.587395,0.918063,0.793064,0.918063,0.793064,37,24,23,15,0,0,0,0,790,583,503,389
2026/01/26/21:49:12,5919.587563,0.918063,0.793064,0.918063,0.793064,37,24,23,15,0,0,0,0,790,583,503,389
2026/01/26/21:49:13,5920.587665,0.918063,0.793064,0.918063,0.793064,37,24,23,15,0,0,0,0,790,583,503,389
2026/01/26/21:49:14,5921.587774,0.918063,0.793064,0.918063,0.793064,37,24,23,15,0,0,0,0,790,583,503,389
2026/01/26/21:49:15,5922.587937,0.918063,0.793064,0.918063,0.793064,37,24,23,15,0,0,0,0,790,583,503,389
2026/01/26/21:49:16,5923.588042,0.918063,0.793064,0.918063,0.793064,37,24,23,15,0,0,0,0,790,583,503,389
2026/01/26/21:49:17,5924.588201,0.918063,0.793064,0.918063,0.793064,37,24,23,15,0,0,0,0,790,583,503,389
2026/01/26/21:49:18,5925.588366,0.918063,0.793064,0.918063,0.793064,37,24,23,15,0,0,0,0,790,583,503,389
2026/01/26/21:49:19,5926.588479,0.918063,0.793064,0.918063,0.793064,37,24,23,15,0,0,0,0,790,583,503,389
2026/01/26/21:49:20,5927.588614,0.918063,0.793064,0.918063,0.793064,37,24,23,15,0,0,0,0,790,583,503,389
2026/01/26/21:49:21,5928.588758,0.918063,0.793064,0.918063,0.793064,37,24,23,15,0,0,0,0,790,583,503,389
2026/01/26/21:49:22,5929.588920,0.918063,0.793064,0.918063,0.793064,37,24,23,15,0,0,0,0,790,583,503,389
2026/01/26/21:49:23,5930.589020,0.928312,0.796421,0.928312,0.796421,37,24,24,15,0,0,0,0,790,583,503,389
2026/01/26/21:49:24,5931.589169,0.935625,0.809664,0.993563,0.819220,38,24,24,16,0,0,3,0,790,583,503,389
2026/01/26/21:49:25,5932.589338,0.935625,0.809664,0.993563,0.819220,38,24,24,16,0,0,3,0,790,583,503,389
2026/01/26/21:49:26,5933.589445,0.935625,0.809664,0.993563,0.819220,38,24,24,16,0,0,3,0,790,583,503,389
2026/01/26/21:49:27,5934.589602,0.932500,0.802751,0.990437,0.812307,38,24,24,15,0,0,3,0,790,583,503,390
2026/01/26/21:49:28,5935.589787,0.932500,0.802751,0.990437,0.812307,38,24,24,15,0,0,3,0,790,583,503,390
2026/01/26/21:49:29,5936.589870,0.932500,0.802751,0.990437,0.812307,38,24,24,15,0,0,3,0,790,583,503,390
2026/01/26/21:49:30,5937.589972,0.932500,0.802751,0.990437,0.812307,38,24,24,15,0,0,3,0,790,583,503,390
2026/01/26/21:49:31,5938.590082,0.932500,0.802751,0.990437,0.812307,38,24,24,15,0,0,3,0,790,583,503,390
2026/01/26/21:49:32,5939.590190,0.932500,0.802751,0.990437,0.812307,38,24,24,15,0,0,3,0,790,583,503,390
2026/01/26/21:49:33,5940.590300,0.928312,0.796421,0.986250,0.805977,37,24,24,15,0,0,3,0,791,583,503,390
2026/01/26/21:49:34,5941.590393,0.928312,0.796421,0.986250,0.805977,37,24,24,15,0,0,3,0,791,583,503,390
2026/01/26/21:49:35,5942.590561,0.928312,0.796421,0.928312,0.796421,37,24,24,15,0,0,0,0,791,583,503,390
2026/01/26/21:49:36,5943.590735,0.918063,0.793064,0.918063,0.793064,37,24,23,15,0,0,0,0,791,583,504,390
2026/01/26/21:49:37,5944.590897,0.918063,0.793064,0.918063,0.793064,37,24,23,15,0,0,0,0,791,583,504,390
2026/01/26/21:49:38,5945.591046,0.918063,0.793064,0.918063,0.793064,37,24,23,15,0,0,0,0,791,583,504,390
2026/01/26/21:49:39,5946.591169,0.918063,0.793064,0.918063,0.793064,37,24,23,15,0,0,0,0,791,583,504,390
2026/01/26/21:49:40,5947.591283,0.918063,0.793064,0.918063,0.793064,37,24,23,15,0,0,0,0,791,583,504,390
2026/01/26/21:49:41,5948.591450,0.918063,0.793064,0.918063,0.793064,37,24,23,15,0,0,0,0,791,583,504,390
2026/01/26/21:49:42,5949.591615,0.918063,0.793064,0.918063,0.793064,37,24,23,15,0,0,0,0,791,583,504,390
2026/01/26/21:49:43,5950.591804,0.918063,0.793064,0.918063,0.793064,37,24,23,15,0,0,0,0,791,583,504,390
2026/01/26/21:49:44,5951.591923,0.918063,0.793064,0.918063,0.793064,37,24,23,15,0,0,0,0,791,583,504,390
2026/01/26/21:49:45,5952.592074,0.918063,0.793064,0.918063,0.793064,37,24,23,15,0,0,0,0,791,583,504,390
2026/01/26/21:49:46,5953.592152,0.918063,0.793064,0.918063,0.793064,37,24,23,15,0,0,0,0,791,583,504,390
2026/01/26/21:49:47,5954.592257,0.918063,0.793064,0.918063,0.793064,37,24,23,15,0,0,0,0,791,583,504,390
2026/01/26/21:49:48,5955.592365,0.918063,0.793064,0.918063,0.793064,37,24,23,15,0,0,0,0,791,583,504,390
2026/01/26/21:49:49,5956.592525,0.918063,0.793064,0.918063,0.793064,37,24,23,15,0,0,0,0,791,583,504,390
2026/01/26/21:49:50,5957.592635,0.918063,0.793064,0.918063,0.793064,37,24,23,15,0,0,0,0,791,583,504,390
2026/01/26/21:49:51,5958.592815,0.918063,0.793064,0.918063,0.793064,37,24,23,15,0,0,0,0,791,583,504,390
2026/01/26/21:49:52,5959.592971,0.918063,0.793064,0.987625,0.823155,37,24,23,15,0,0,0,3,791,583,504,390
2026/01/26/21:49:53,5960.593131,0.929500,0.817583,0.999062,0.847674,39,24,24,15,0,0,0,3,791,583,504,390
2026/01/26/21:49:54,5961.593276,0.929500,0.817583,0.929500,0.817583,39,24,24,15,0,0,0,0,791,583,504,390
2026/01/26/21:49:55,5962.593446,0.929500,0.817583,0.929500,0.817583,39,24,24,15,0,0,0,0,791,583,504,390
2026/01/26/21:49:56,5963.593542,0.950937,0.853595,1.026063,0.876343,42,24,26,15,6,0,0,0,791,583,504,390
2026/01/26/21:49:57,5964.593719,0.966313,0.893582,1.052062,0.934549,43,26,27,15,5,1,2,0,791,583,504,390
2026/01/26/21:49:58,5965.593870,0.951812,0.864885,1.037562,0.905852,39,26,27,15,5,1,2,0,795,583,504,390
2026/01/26/21:49:59,5966.593993,0.957375,0.871983,1.027438,0.890945,39,27,27,15,5,0,0,0,795,583,506,390
2026/01/26/21:50:00,5967.594098,0.953438,0.865389,1.023500,0.884352,39,27,26,15,5,0,0,0,795,583,507,390
2026/01/26/21:50:01,5968.594202,0.950250,0.852247,1.020312,0.871209,39,27,25,15,5,0,0,0,795,583,508,390
2026/01/26/21:50:02,5969.594295,0.950250,0.852247,1.020312,0.871209,39,27,25,15,5,0,0,0,795,583,508,390
2026/01/26/21:50:03,5970.594456,0.950250,0.852247,1.020312,0.871209,39,27,25,15,5,0,0,0,795,583,508,390
2026/01/26/21:50:04,5971.594603,0.950250,0.852247,1.020312,0.871209,39,27,25,15,5,0,0,0,795,583,508,390
2026/01/26/21:50:05,5972.594790,0.940125,0.844676,1.010188,0.863638,37,27,25,15,5,0,0,0,797,583,508,390
2026/01/26/21:50:06,5973.594923,0.940125,0.844676,1.010188,0.863638,37,27,25,15,5,0,0,0,797,583,508,390
2026/01/26/21:50:07,5974.595087,0.940125,0.844676,0.978125,0.854181,37,27,25,15,2,0,0,0,797,583,508,390
2026/01/26/21:50:08,5975.595255,0.940125,0.844676,0.978125,0.854181,37,27,25,15,2,0,0,0,797,583,508,390
2026/01/26/21:50:09,5976.595419,0.940125,0.844676,0.978125,0.854181,37,27,25,15,2,0,0,0,797,583,508,390
2026/01/26/21:50:10,5977.595526,0.940125,0.844676,0.978125,0.854181,37,27,25,15,2,0,0,0,797,583,508,390
2026/01/26/21:50:11,5978.595691,0.940125,0.844676,0.978125,0.854181,37,27,25,15,2,0,0,0,797,583,508,390
2026/01/26/21:50:12,5979.595820,0.940125,0.844676,0.978125,0.854181,37,27,25,15,2,0,0,0,797,583,508,390
2026/01/26/21:50:13,5980.595906,0.940125,0.844676,0.978125,0.854181,37,27,25,15,2,0,0,0,797,583,508,390
2026/01/26/21:50:14,5981.596055,0.940125,0.844676,0.978125,0.854181,37,27,25,15,2,0,0,0,797,583,508,390
2026/01/26/21:50:15,5982.596220,0.940125,0.844676,0.978125,0.854181,37,27,25,15,2,0,0,0,797,583,508,390
2026/01/26/21:50:16,5983.596382,0.940125,0.844676,0.978125,0.854181,37,27,25,15,2,0,0,0,797,583,508,390
2026/01/26/21:50:17,5984.596549,0.940125,0.844676,0.978125,0.854181,37,27,25,15,2,0,0,0,797,583,508,390
2026/01/26/21:50:18,5985.596646,0.918063,0.793064,0.956063,0.802569,37,24,23,15,2,0,0,0,797,586,510,390
2026/01/26/21:50:19,5986.596831,0.918063,0.793064,0.956063,0.802569,37,24,23,15,2,0,0,0,797,586,510,390
2026/01/26/21:50:20,5987.596999,0.918063,0.793064,0.956063,0.802569,37,24,23,15,2,0,0,0,797,586,510,390
2026/01/26/21:50:21,5988.597153,0.918063,0.793064,0.956063,0.802569,37,24,23,15,2,0,0,0,797,586,510,390
2026/01/26/21:50:22,5989.597260,0.918063,0.793064,0.956063,0.802569,37,24,23,15,2,0,0,0,797,586,510,390
2026/01/26/21:50:23,5990.597417,0.918063,0.793064,0.956063,0.802569,37,24,23,15,2,0,0,0,797,586,510,390
2026/01/26/21:50:24,5991.597572,0.918063,0.793064,0.956063,0.802569,37,24,23,15,2,0,0,0,797,586,510,390
2026/01/26/21:50:25,5992.597685,0.918063,0.793064,0.956063,0.802569,37,24,23,15,2,0,0,0,797,586,510,390
2026/01/26/21:50:26,5993.597869,0.918063,0.793064,0.956063,0.802569,37,24,23,15,2,0,0,0,797,586,510,390
2026/01/26/21:50:27,5994.597983,0.918063,0.793064,0.956063,0.802569,37,24,23,15,2,0,0,0,797,586,510,390
2026/01/26/21:50:28,5995.598147,0.918063,0.793064,0.956063,0.802569,37,24,23,15,2,0,0,0,797,586,510,390
2026/01/26/21:50:29,5996.598308,0.918063,0.793064,0.956063,0.802569,37,24,23,15,2,0,0,0,797,586,510,390
2026/01/26/21:50:30,5997.598418,0.918063,0.793064,0.956063,0.802569,37,24,23,15,2,0,0,0,797,586,510,390
2026/01/26/21:50:31,5998.598521,0.918063,0.793064,0.956063,0.802569,37,24,23,15,2,0,0,0,797,586,510,390
2026/01/26/21:50:32,5999.598680,0.918063,0.793064,0.956063,0.802569,37,24,23,15,2,0,0,0,797,586,510,390
2026/01/26/21:50:33,6000.598862,0.918063,0.793064,0.956063,0.802569,37,24,23,15,2,0,0,0,797,586,510,390
2026/01/26/21:50:34,6001.598989,0.918063,0.793064,0.956063,0.802569,37,24,23,15,2,0,0,0,797,586,510,390
2026/01/26/21:50:35,6002.599118,0.905813,0.785539,0.943813,0.795044,37,22,23,15,2,0,0,0,797,588,510,390
2026/01/26/21:50:36,6003.599285,0.905813,0.785539,0.943813,0.795044,37,22,23,15,2,0,0,0,797,588,510,390
2026/01/26/21:50:37,6004.599392,0.905813,0.785539,0.943813,0.795044,37,22,23,15,2,0,0,0,797,588,510,390
2026/01/26/21:50:38,6005.599573,0.905813,0.785539,0.943813,0.795044,37,22,23,15,2,0,0,0,797,588,510,390
2026/01/26/21:50:39,6006.599737,0.905813,0.785539,0.943813,0.795044,37,22,23,15,2,0,0,0,797,588,510,390
2026/01/26/21:50:40,6007.599910,0.905813,0.785539,0.943813,0.795044,37,22,23,15,2,0,0,0,797,588,510,390
2026/01/26/21:50:41,6008.600071,0.905813,0.785539,0.943813,0.795044,37,22,23,15,2,0,0,0,797,588,510,390
2026/01/26/21:50:42,6009.600186,0.924438,0.815215,0.973375,0.829385,38,22,24,16,2,0,1,0,797,588,510,390
2026/01/26/21:50:43,6010.600290,0.924438,0.815215,1.013125,0.843148,38,22,24,16,5,0,1,0,797,588,510,390
2026/01/26/21:50:44,6011.600381,0.924438,0.815215,1.013125,0.843148,38,22,24,16,5,0,1,0,797,588,510,390
2026/01/26/21:50:45,6012.600473,0.913500,0.810549,0.991250,0.833817,38,22,23,16,5,0,0,0,797,588,511,390
2026/01/26/21:50:46,6013.600591,0.909563,0.806015,0.987313,0.829283,37,22,23,16,5,0,0,0,798,588,511,390
2026/01/26/21:50:47,6014.600869,0.909563,0.806015,0.949313,0.819778,37,22,23,16,3,0,0,0,798,588,511,390
2026/01/26/21:50:48,6015.600924,0.909563,0.806015,0.909563,0.806015,37,22,23,16,0,0,0,0,798,588,511,390
2026/01/26/21:50:49,6016.601106,0.909563,0.806015,0.909563,0.806015,37,22,23,16,0,0,0,0,798,588,511,390
2026/01/26/21:50:50,6017.601272,0.909563,0.806015,0.909563,0.806015,37,22,23,16,0,0,0,0,798,588,511,390
2026/01/26/21:50:51,6018.601435,0.909563,0.806015,0.909563,0.806015,37,22,23,16,0,0,0,0,798,588,511,390
2026/01/26/21:50:52,6019.601544,0.925875,0.818391,0.958125,0.845552,37,22,25,17,2,0,0,0,798,588,511,390
2026/01/26/21:50:53,6020.601706,0.925875,0.818391,0.958125,0.845552,37,22,25,17,2,0,0,0,798,588,511,390
2026/01/26/21:50:54,6021.601851,0.913125,0.809506,0.913125,0.809506,37,22,23,17,0,0,0,0,798,588,513,390
2026/01/26/21:50:55,6022.602023,0.909563,0.806015,0.909563,0.806015,37,22,23,16,0,0,0,0,798,588,513,391
2026/01/26/21:50:56,6023.602130,0.909563,0.806015,0.909563,0.806015,37,22,23,16,0,0,0,0,798,588,513,391
2026/01/26/21:50:57,6024.602290,0.909563,0.806015,0.909563,0.806015,37,22,23,16,0,0,0,0,798,588,513,391
2026/01/26/21:50:58,6025.602482,0.909563,0.806015,0.909563,0.806015,37,22,23,16,0,0,0,0,798,588,513,391
2026/01/26/21:50:59,6026.602644,0.909563,0.806015,0.909563,0.806015,37,22,23,16,0,0,0,0,798,588,513,391
2026/01/26/21:51:00,6027.602833,0.909563,0.806015,0.909563,0.806015,37,22,23,16,0,0,0,0,798,588,513,391
2026/01/26/21:51:01,6028.602992,0.909563,0.806015,0.909563,0.806015,37,22,23,16,0,0,0,0,798,588,513,391
2026/01/26/21:51:02,6029.603106,0.909563,0.806015,0.909563,0.806015,37,22,23,16,0,0,0,0,798,588,513,391
2026/01/26/21:51:03,6030.603208,0.909563,0.806015,0.909563,0.806015,37,22,23,16,0,0,0,0,798,588,513,391
2026/01/26/21:51:04,6031.603294,0.927063,0.847034,0.964313,0.895810,38,23,23,19,2,0,0,2,798,588,513,391
2026/01/26/21:51:05,6032.603467,0.927063,0.847034,0.964313,0.895810,38,23,23,19,2,0,0,2,798,588,513,391
2026/01/26/21:51:06,6033.603578,0.927063,0.847034,0.964313,0.895810,38,23,23,19,2,0,0,2,798,588,513,391
2026/01/26/21:51:07,6034.603684,0.927063,0.847034,0.964313,0.895810,38,23,23,19,2,0,0,2,798,588,513,391
2026/01/26/21:51:08,6035.603856,0.927063,0.847034,0.927063,0.847034,38,23,23,19,0,0,0,0,798,588,513,391
2026/01/26/21:51:09,6036.604026,0.927063,0.847034,0.927063,0.847034,38,23,23,19,0,0,0,0,798,588,513,391
2026/01/26/21:51:10,6037.604184,0.927063,0.847034,0.927063,0.847034,38,23,23,19,0,0,0,0,798,588,513,391
2026/01/26/21:51:11,6038.604338,0.922875,0.841544,0.922875,0.841544,37,23,23,19,0,0,0,0,799,588,513,391
2026/01/26/21:51:12,6039.604439,0.922875,0.841544,0.922875,0.841544,37,23,23,19,0,0,0,0,799,588,513,391
2026/01/26/21:51:13,6040.604624,0.922875,0.841544,0.922875,0.841544,37,23,23,19,0,0,0,0,799,588,513,391
2026/01/26/21:51:14,6041.604716,0.937500,0.857122,0.937500,0.857122,40,23,23,19,0,0,0,0,799,588,513,391
2026/01/26/21:51:15,6042.604895,0.937500,0.857122,0.937500,0.857122,40,23,23,19,0,0,0,0,799,588,513,391
2026/01/26/21:51:16,6043.605054,0.937500,0.857122,0.937500,0.857122,40,23,23,19,0,0,0,0,799,588,513,391
2026/01/26/21:51:17,6044.605231,0.937500,0.857122,0.937500,0.857122,40,23,23,19,0,0,0,0,799,588,513,391
2026/01/26/21:51:18,6045.605391,0.937500,0.857122,0.937500,0.857122,40,23,23,19,0,0,0,0,799,588,513,391
2026/01/26/21:51:19,6046.605553,0.922875,0.841544,0.922875,0.841544,37,23,23,19,0,0,0,0,802,588,513,391
2026/01/26/21:51:20,6047.605724,0.922875,0.841544,0.922875,0.841544,37,23,23,19,0,0,0,0,802,588,513,391
2026/01/26/21:51:21,6048.605896,0.922875,0.841544,0.922875,0.841544,37,23,23,19,0,0,0,0,802,588,513,391
2026/01/26/21:51:22,6049.606055,0.922875,0.841544,0.922875,0.841544,37,23,23,19,0,0,0,0,802,588,513,391
2026/01/26/21:51:23,6050.606159,0.922875,0.841544,0.922875,0.841544,37,23,23,19,0,0,0,0,802,588,513,391
2026/01/26/21:51:24,6051.606257,0.922875,0.841544,0.922875,0.841544,37,23,23,19,0,0,0,0,802,588,513,391
2026/01/26/21:51:25,6052.606365,0.913312,0.809401,0.913312,0.809401,37,23,23,16,0,0,0,0,802,588,513,394
2026/01/26/21:51:26,6053.606481,0.913312,0.809401,0.913312,0.809401,37,23,23,16,0,0,0,0,802,588,513,394
2026/01/26/21:51:27,6054.606587,0.913312,0.809401,0.913312,0.809401,37,23,23,16,0,0,0,0,802,588,513,394
2026/01/26/21:51:28,6055.606712,0.913312,0.809401,0.913312,0.809401,37,23,23,16,0,0,0,0,802,588,513,394
2026/01/26/21:51:29,6056.606873,0.913312,0.809401,0.913312,0.809401,37,23,23,16,0,0,0,0,802,588,513,394
2026/01/26/21:51:30,6057.607038,0.913312,0.809401,0.913312,0.809401,37,23,23,16,0,0,0,0,802,588,513,394
2026/01/26/21:51:31,6058.607206,0.913312,0.809401,0.913312,0.809401,37,23,23,16,0,0,0,0,802,588,513,394
2026/01/26/21:51:32,6059.607369,0.913312,0.809401,0.913312,0.809401,37,23,23,16,0,0,0,0,802,588,513,394
2026/01/26/21:51:33,6060.607468,0.913312,0.809401,0.913312,0.809401,37,23,23,16,0,0,0,0,802,588,513,394
2026/01/26/21:51:34,6061.607569,0.913312,0.809401,0.913312,0.809401,37,23,23,16,0,0,0,0,802,588,513,394
2026/01/26/21:51:35,6062.607692,0.913312,0.809401,0.913312,0.809401,37,23,23,16,0,0,0,0,802,588,513,394
2026/01/26/21:51:36,6063.607791,0.913312,0.809401,0.913312,0.809401,37,23,23,16,0,0,0,0,802,588,513,394
2026/01/26/21:51:37,6064.607939,0.913312,0.809401,0.913312,0.809401,37,23,23,16,0,0,0,0,802,588,513,394
2026/01/26/21:51:38,6065.608110,0.909563,0.788925,0.909563,0.788925,37,23,23,15,0,0,0,0,802,588,513,395
2026/01/26/21:51:39,6066.608290,0.909563,0.788925,0.909563,0.788925,37,23,23,15,0,0,0,0,802,588,513,395
2026/01/26/21:51:40,6067.608463,0.909563,0.788925,0.909563,0.788925,37,23,23,15,0,0,0,0,802,588,513,395
2026/01/26/21:51:41,6068.608565,0.909563,0.788925,0.909563,0.788925,37,23,23,15,0,0,0,0,802,588,513,395
2026/01/26/21:51:42,6069.608728,0.891062,0.781497,0.891062,0.781497,35,23,23,15,0,0,0,0,804,588,513,395
2026/01/26/21:51:43,6070.608893,0.891062,0.781497,0.891062,0.781497,35,23,23,15,0,0,0,0,804,588,513,395
2026/01/26/21:51:44,6071.609042,0.891062,0.781497,0.891062,0.781497,35,23,23,15,0,0,0,0,804,588,513,395
2026/01/26/21:51:45,6072.609157,0.891062,0.781497,0.891062,0.781497,35,23,23,15,0,0,0,0,804,588,513,395
2026/01/26/21:51:46,6073.609330,0.891062,0.781497,0.891062,0.781497,35,23,23,15,0,0,0,0,804,588,513,395
2026/01/26/21:51:47,6074.609494,0.891062,0.781497,0.891062,0.781497,35,23,23,15,0,0,0,0,804,588,513,395
2026/01/26/21:51:48,6075.609668,0.891062,0.781497,0.891062,0.781497,35,23,23,15,0,0,0,0,804,588,513,395
2026/01/26/21:51:49,6076.609805,0.891062,0.781497,0.891062,0.781497,35,23,23,15,0,0,0,0,804,588,513,395
2026/01/26/21:51:50,6077.609951,0.891062,0.781497,0.891062,0.781497,35,23,23,15,0,0,0,0,804,588,513,395
2026/01/26/21:51:51,6078.610112,0.891062,0.781497,0.891062,0.781497,35,23,23,15,0,0,0,0,804,588,513,395
2026/01/26/21:51:52,6079.610277,0.891062,0.781497,0.891062,0.781497,35,23,23,15,0,0,0,0,804,588,513,395
2026/01/26/21:51:53,6080.610459,0.891062,0.781497,0.891062,0.781497,35,23,23,15,0,0,0,0,804,588,513,395
2026/01/26/21:51:54,6081.610555,0.891062,0.781497,0.891062,0.781497,35,23,23,15,0,0,0,0,804,588,513,395
2026/01/26/21:51:55,6082.610721,0.880938,0.770835,0.880938,0.770835,35,23,20,15,0,0,0,0,804,588,516,395
2026/01/26/21:51:56,6083.610990,0.880938,0.770835,0.880938,0.770835,35,23,20,15,0,0,0,0,804,588,516,395
2026/01/26/21:51:57,6084.611109,0.880938,0.770835,0.880938,0.770835,35,23,20,15,0,0,0,0,804,588,516,395
2026/01/26/21:51:58,6085.611204,0.880938,0.770835,0.880938,0.770835,35,23,20,15,0,0,0,0,804,588,516,395
2026/01/26/21:51:59,6086.611360,0.880938,0.770835,0.880938,0.770835,35,23,20,15,0,0,0,0,804,588,516,395
2026/01/26/21:52:00,6087.611474,0.880938,0.770835,0.880938,0.770835,35,23,20,15,0,0,0,0,804,588,516,395
2026/01/26/21:52:01,6088.611638,0.880938,0.770835,0.880938,0.770835,35,23,20,15,0,0,0,0,804,588,516,395
2026/01/26/21:52:02,6089.611747,0.880938,0.770835,0.880938,0.770835,35,23,20,15,0,0,0,0,804,588,516,395
2026/01/26/21:52:03,6090.611909,0.880938,0.770835,0.880938,0.770835,35,23,20,15,0,0,0,0,804,588,516,395
2026/01/26/21:52:04,6091.612015,0.880938,0.770835,0.880938,0.770835,35,23,20,15,0,0,0,0,804,588,516,395
2026/01/26/21:52:05,6092.612184,0.880938,0.770835,0.880938,0.770835,35,23,20,15,0,0,0,0,804,588,516,395
2026/01/26/21:52:06,6093.612291,0.880938,0.770835,0.880938,0.770835,35,23,20,15,0,0,0,0,804,588,516,395
2026/01/26/21:52:07,6094.612384,0.880938,0.770835,0.880938,0.770835,35,23,20,15,0,0,0,0,804,588,516,395
2026/01/26/21:52:08,6095.612553,0.880938,0.770835,0.880938,0.770835,35,23,20,15,0,0,0,0,804,588,516,395
2026/01/26/21:52:09,6096.612647,0.880938,0.770835,0.880938,0.770835,35,23,20,15,0,0,0,0,804,588,516,395
2026/01/26/21:52:10,6097.612814,0.880938,0.770835,0.880938,0.770835,35,23,20,15,0,0,0,0,804,588,516,395
2026/01/26/21:52:11,6098.612913,0.880938,0.770835,0.880938,0.770835,35,23,20,15,0,0,0,0,804,588,516,395
2026/01/26/21:52:12,6099.613028,0.880938,0.770835,0.880938,0.770835,35,23,20,15,0,0,0,0,804,588,516,395
2026/01/26/21:52:13,6100.613185,0.952625,0.851415,0.961688,0.856880,40,26,21,17,0,0,1,0,804,588,516,395
2026/01/26/21:52:14,6101.613335,0.966812,0.867010,1.056750,0.894346,41,26,24,17,4,0,1,0,804,588,516,395
2026/01/26/21:52:15,6102.613422,0.970500,0.871776,1.018625,0.896708,42,26,24,17,3,0,1,0,804,588,516,395
2026/01/26/21:52:16,6103.613527,0.958438,0.868250,1.021313,0.912165,41,26,24,17,3,2,1,0,805,588,516,395
2026/01/26/21:52:17,6104.613692,0.961875,0.882954,1.024750,0.926869,41,26,24,18,3,2,1,0,805,588,516,395
2026/01/26/21:52:18,6105.613834,0.966562,0.886821,1.029438,0.930736,41,26,25,18,3,2,1,0,805,588,516,395
2026/01/26/21:52:19,6106.613937,0.960625,0.884950,1.005062,0.905115,42,25,25,18,2,0,1,0,805,591,516,395
2026/01/26/21:52:20,6107.614042,0.951562,0.879485,0.986938,0.894185,42,25,24,18,2,0,0,0,805,591,517,395
2026/01/26/21:52:21,6108.614225,0.948125,0.864781,0.983500,0.879481,42,25,24,17,2,0,0,0,805,591,517,396
2026/01/26/21:52:22,6109.614365,0.940750,0.855248,0.940750,0.855248,40,25,24,17,0,0,0,0,807,591,517,396
2026/01/26/21:52:23,6110.614546,0.931250,0.838963,0.931250,0.838963,37,25,24,17,0,0,0,0,810,591,517,396
2026/01/26/21:52:24,6111.614665,0.926562,0.835096,0.926562,0.835096,37,25,23,17,0,0,0,0,810,591,518,396
2026/01/26/21:52:25,6112.614758,0.920063,0.823859,0.920063,0.823859,37,25,23,16,0,0,0,0,810,591,518,397
2026/01/26/21:52:26,6113.614868,0.911062,0.817172,0.911062,0.817172,35,25,23,16,0,0,0,0,812,591,518,397
2026/01/26/21:52:27,6114.614984,0.911062,0.817172,0.911062,0.817172,35,25,23,16,0,0,0,0,812,591,518,397
2026/01/26/21:52:28,6115.615145,0.911062,0.817172,0.922188,0.831638,35,25,23,16,0,1,0,0,812,591,518,397
2026/01/26/21:52:29,6116.615270,0.932438,0.852328,0.968437,0.891003,38,25,23,16,0,3,0,0,812,591,518,397
2026/01/26/21:52:30,6117.615371,0.932438,0.852328,0.968437,0.891003,38,25,23,16,0,3,0,0,812,591,518,397
2026/01/26/21:52:31,6118.615520,0.932438,0.852328,0.968437,0.891003,38,25,23,16,0,3,0,0,812,591,518,397
2026/01/26/21:52:32,6119.615669,0.932438,0.852328,0.957313,0.876537,38,25,23,16,0,2,0,0,812,591,518,397
2026/01/26/21:52:33,6120.615800,0.932438,0.852328,0.957313,0.876537,38,25,23,16,0,2,0,0,812,591,518,397
2026/01/26/21:52:34,6121.615949,0.911062,0.817172,0.911062,0.817172,35,25,23,16,0,0,0,0,815,591,518,397
2026/01/26/21:52:35,6122.616059,0.911062,0.817172,0.911062,0.817172,35,25,23,16,0,0,0,0,815,591,518,397
2026/01/26/21:52:36,6123.616154,0.911062,0.817172,0.911062,0.817172,35,25,23,16,0,0,0,0,815,591,518,397
2026/01/26/21:52:37,6124.616323,0.911062,0.817172,0.911062,0.817172,35,25,23,16,0,0,0,0,815,591,518,397
2026/01/26/21:52:38,6125.616511,0.911062,0.817172,0.911062,0.817172,35,25,23,16,0,0,0,0,815,591,518,397
2026/01/26/21:52:39,6126.616673,0.911062,0.817172,0.911062,0.817172,35,25,23,16,0,0,0,0,815,591,518,397
2026/01/26/21:52:40,6127.616856,0.911062,0.817172,0.911062,0.817172,35,25,23,16,0,0,0,0,815,591,518,397
2026/01/26/21:52:41,6128.617017,0.900000,0.807342,0.900000,0.807342,35,25,20,16,0,0,0,0,815,591,521,397
2026/01/26/21:52:42,6129.617124,0.900000,0.807342,0.900000,0.807342,35,25,20,16,0,0,0,0,815,591,521,397
2026/01/26/21:52:43,6130.617240,0.900000,0.807342,0.900000,0.807342,35,25,20,16,0,0,0,0,815,591,521,397
2026/01/26/21:52:44,6131.617378,0.900000,0.807342,0.900000,0.807342,35,25,20,16,0,0,0,0,815,591,521,397
2026/01/26/21:52:45,6132.617487,0.900000,0.807342,0.900000,0.807342,35,25,20,16,0,0,0,0,815,591,521,397
2026/01/26/21:52:46,6133.617648,0.900000,0.807342,0.900000,0.807342,35,25,20,16,0,0,0,0,815,591,521,397
2026/01/26/21:52:47,6134.617821,0.892938,0.798095,0.892938,0.798095,35,25,20,15,0,0,0,0,815,591,521,398
2026/01/26/21:52:48,6135.617983,0.892938,0.798095,0.892938,0.798095,35,25,20,15,0,0,0,0,815,591,521,398
2026/01/26/21:52:49,6136.618145,0.892938,0.798095,0.892938,0.798095,35,25,20,15,0,0,0,0,815,591,521,398
2026/01/26/21:52:50,6137.618319,0.892938,0.798095,0.892938,0.798095,35,25,20,15,0,0,0,0,815,591,521,398
2026/01/26/21:52:51,6138.618433,0.892938,0.798095,0.892938,0.798095,35,25,20,15,0,0,0,0,815,591,521,398
2026/01/26/21:52:52,6139.618540,0.892938,0.798095,0.892938,0.798095,35,25,20,15,0,0,0,0,815,591,521,398
2026/01/26/21:52:53,6140.618713,0.892938,0.798095,0.892938,0.798095,35,25,20,15,0,0,0,0,815,591,521,398
2026/01/26/21:52:54,6141.618821,0.892938,0.798095,0.892938,0.798095,35,25,20,15,0,0,0,0,815,591,521,398
2026/01/26/21:52:55,6142.618932,0.892938,0.798095,0.892938,0.798095,35,25,20,15,0,0,0,0,815,591,521,398
2026/01/26/21:52:56,6143.619040,0.892938,0.798095,0.892938,0.798095,35,25,20,15,0,0,0,0,815,591,521,398
2026/01/26/21:52:57,6144.619205,0.892938,0.798095,0.892938,0.798095,35,25,20,15,0,0,0,0,815,591,521,398
2026/01/26/21:52:58,6145.619369,0.892938,0.798095,0.892938,0.798095,35,25,20,15,0,0,0,0,815,591,521,398
2026/01/26/21:52:59,6146.619475,0.892938,0.798095,0.892938,0.798095,35,25,20,15,0,0,0,0,815,591,521,398
2026/01/26/21:53:00,6147.619734,0.892938,0.798095,0.892938,0.798095,35,25,20,15,0,0,0,0,815,591,521,398
2026/01/26/21:53:01,6148.619860,0.892938,0.798095,0.892938,0.798095,35,25,20,15,0,0,0,0,815,591,521,398
2026/01/26/21:53:02,6149.619980,0.892938,0.798095,0.892938,0.798095,35,25,20,15,0,0,0,0,815,591,521,398
2026/01/26/21:53:03,6150.620142,0.892938,0.798095,0.892938,0.798095,35,25,20,15,0,0,0,0,815,591,521,398
2026/01/26/21:53:04,6151.620248,0.892938,0.798095,0.892938,0.798095,35,25,20,15,0,0,0,0,815,591,521,398
2026/01/26/21:53:05,6152.620416,0.892938,0.798095,0.892938,0.798095,35,25,20,15,0,0,0,0,815,591,521,398
2026/01/26/21:53:06,6153.620514,0.892938,0.798095,0.892938,0.798095,35,25,20,15,0,0,0,0,815,591,521,398
2026/01/26/21:53:07,6154.620699,0.892938,0.798095,0.892938,0.798095,35,25,20,15,0,0,0,0,815,591,521,398
2026/01/26/21:53:08,6155.620876,0.892938,0.798095,0.892938,0.798095,35,25,20,15,0,0,0,0,815,591,521,398
2026/01/26/21:53:09,6156.620998,0.892938,0.798095,0.892938,0.798095,35,25,20,15,0,0,0,0,815,591,521,398
2026/01/26/21:53:10,6157.621107,0.892938,0.798095,0.892938,0.798095,35,25,20,15,0,0,0,0,815,591,521,398
2026/01/26/21:53:11,6158.621173,0.892938,0.798095,0.892938,0.798095,35,25,20,15,0,0,0,0,815,591,521,398
2026/01/26/21:53:12,6159.621305,0.946688,0.884085,0.975063,0.897940,42,25,20,20,0,1,1,0,815,591,521,398
2026/01/26/21:53:13,6160.621406,0.946688,0.884085,0.975063,0.897940,42,25,20,20,0,1,1,0,815,591,521,398
2026/01/26/21:53:14,6161.621499,0.945688,0.873253,0.965187,0.880568,42,25,21,18,0,1,0,0,815,591,521,400
2026/01/26/21:53:15,6162.621582,0.956438,0.881822,1.020812,0.919313,43,25,22,18,0,2,2,3,815,591,521,400
2026/01/26/21:53:16,6163.621790,0.956438,0.881822,1.020812,0.919313,43,25,22,18,0,2,2,3,815,591,521,400
2026/01/26/21:53:17,6164.621880,0.953000,0.865562,1.006563,0.914645,43,26,21,17,0,2,2,1,815,591,522,403
2026/01/26/21:53:18,6165.622045,0.948313,0.860961,1.001875,0.910044,43,26,20,17,0,2,2,1,815,591,523,403
2026/01/26/21:53:19,6166.622206,0.948313,0.860961,1.001875,0.910044,43,26,20,17,0,2,2,1,815,591,523,403
2026/01/26/21:53:20,6167.622357,0.940063,0.857547,0.993625,0.906631,42,26,20,17,0,2,2,1,816,591,523,403
2026/01/26/21:53:21,6168.622517,0.940063,0.857547,0.974125,0.899316,42,26,20,17,0,1,2,1,816,591,523,403
2026/01/26/21:53:22,6169.622691,0.930813,0.849114,0.959688,0.885656,39,26,20,18,0,1,2,0,819,591,523,403
2026/01/26/21:53:23,6170.622847,0.913500,0.833989,0.913500,0.833989,36,26,22,18,0,0,0,0,822,591,523,403
2026/01/26/21:53:24,6171.622943,0.883500,0.809312,0.883500,0.809312,34,26,20,18,0,0,0,0,824,591,525,403
2026/01/26/21:53:25,6172.623113,0.883500,0.809312,0.883500,0.809312,34,26,20,18,0,0,0,0,824,591,525,403
2026/01/26/21:53:26,6173.623281,0.883500,0.809312,0.883500,0.809312,34,26,20,18,0,0,0,0,824,591,525,403
2026/01/26/21:53:27,6174.623458,0.877938,0.804531,0.877938,0.804531,34,25,20,18,0,0,0,0,824,592,525,403
2026/01/26/21:53:28,6175.623569,0.877938,0.804531,0.877938,0.804531,34,25,20,18,0,0,0,0,824,592,525,403
2026/01/26/21:53:29,6176.623695,0.877938,0.804531,0.877938,0.804531,34,25,20,18,0,0,0,0,824,592,525,403
2026/01/26/21:53:30,6177.623819,0.877938,0.804531,0.877938,0.804531,34,25,20,18,0,0,0,0,824,592,525,403
2026/01/26/21:53:31,6178.623857,0.877938,0.804531,0.877938,0.804531,34,25,20,18,0,0,0,0,824,592,525,403
2026/01/26/21:53:32,6179.624019,0.877938,0.804531,0.877938,0.804531,34,25,20,18,0,0,0,0,824,592,525,403
2026/01/26/21:53:33,6180.624109,0.877938,0.804531,0.877938,0.804531,34,25,20,18,0,0,0,0,824,592,525,403
2026/01/26/21:53:34,6181.624215,0.877938,0.804531,0.877938,0.804531,34,25,20,18,0,0,0,0,824,592,525,403
2026/01/26/21:53:35,6182.624326,0.877938,0.804531,0.877938,0.804531,34,25,20,18,0,0,0,0,824,592,525,403
2026/01/26/21:53:36,6183.624424,0.877938,0.804531,0.877938,0.804531,34,25,20,18,0,0,0,0,824,592,525,403
2026/01/26/21:53:37,6184.624553,0.877938,0.804531,0.877938,0.804531,34,25,20,18,0,0,0,0,824,592,525,403
2026/01/26/21:53:38,6185.624715,0.877938,0.804531,0.877938,0.804531,34,25,20,18,0,0,0,0,824,592,525,403
2026/01/26/21:53:39,6186.624892,0.877938,0.804531,0.877938,0.804531,34,25,20,18,0,0,0,0,824,592,525,403
2026/01/26/21:53:40,6187.625049,0.877938,0.804531,0.877938,0.804531,34,25,20,18,0,0,0,0,824,592,525,403
2026/01/26/21:53:41,6188.625166,0.877938,0.804531,0.877938,0.804531,34,25,20,18,0,0,0,0,824,592,525,403
2026/01/26/21:53:42,6189.625268,0.877938,0.804531,0.877938,0.804531,34,25,20,18,0,0,0,0,824,592,525,403
2026/01/26/21:53:43,6190.625426,0.871875,0.800563,0.871875,0.800563,33,25,20,18,0,0,0,0,825,592,525,403
2026/01/26/21:53:44,6191.625581,0.871875,0.800563,0.871875,0.800563,33,25,20,18,0,0,0,0,825,592,525,403
2026/01/26/21:53:45,6192.625748,0.871875,0.800563,0.871875,0.800563,33,25,20,18,0,0,0,0,825,592,525,403
2026/01/26/21:53:46,6193.625926,0.871875,0.800563,0.871875,0.800563,33,25,20,18,0,0,0,0,825,592,525,403
2026/01/26/21:53:47,6194.626092,0.871875,0.800563,0.871875,0.800563,33,25,20,18,0,0,0,0,825,592,525,403
2026/01/26/21:53:48,6195.626256,0.871875,0.800563,0.871875,0.800563,33,25,20,18,0,0,0,0,825,592,525,403
2026/01/26/21:53:49,6196.626359,0.871875,0.800563,0.871875,0.800563,33,25,20,18,0,0,0,0,825,592,525,403
2026/01/26/21:53:50,6197.626527,0.871875,0.800563,0.871875,0.800563,33,25,20,18,0,0,0,0,825,592,525,403
2026/01/26/21:53:51,6198.626695,0.871875,0.800563,0.871875,0.800563,33,25,20,18,0,0,0,0,825,592,525,403
2026/01/26/21:53:52,6199.626860,0.871875,0.800563,0.871875,0.800563,33,25,20,18,0,0,0,0,825,592,525,403
2026/01/26/21:53:53,6200.627029,0.871875,0.800563,0.871875,0.800563,33,25,20,18,0,0,0,0,825,592,525,403
2026/01/26/21:53:54,6201.627125,0.871875,0.800563,0.871875,0.800563,33,25,20,18,0,0,0,0,825,592,525,403
2026/01/26/21:53:55,6202.627293,0.871875,0.800563,0.871875,0.800563,33,25,20,18,0,0,0,0,825,592,525,403
2026/01/26/21:53:56,6203.627456,0.871875,0.800563,0.871875,0.800563,33,25,20,18,0,0,0,0,825,592,525,403
2026/01/26/21:53:57,6204.627623,0.871875,0.800563,0.871875,0.800563,33,25,20,18,0,0,0,0,825,592,525,403
2026/01/26/21:53:58,6205.627781,0.871875,0.800563,0.871875,0.800563,33,25,20,18,0,0,0,0,825,592,525,403
2026/01/26/21:53:59,6206.627879,0.871875,0.800563,0.871875,0.800563,33,25,20,18,0,0,0,0,825,592,525,403
2026/01/26/21:54:00,6207.628037,0.871875,0.800563,0.871875,0.800563,33,25,20,18,0,0,0,0,825,592,525,403
2026/01/26/21:54:01,6208.628194,0.908312,0.846318,0.908312,0.846318,35,25,20,21,0,0,0,0,825,592,525,403
2026/01/26/21:54:02,6209.628355,0.925937,0.853615,0.952562,0.901561,37,25,20,21,3,0,0,0,825,592,525,403
2026/01/26/21:54:03,6210.628511,0.920375,0.850161,0.947000,0.898107,36,25,20,21,3,0,0,0,826,592,525,403
2026/01/26/21:54:04,6211.628600,0.920375,0.850161,0.947000,0.898107,36,25,20,21,3,0,0,0,826,592,525,403
2026/01/26/21:54:05,6212.628701,0.927312,0.864587,0.945063,0.896551,37,25,24,18,2,0,0,0,826,592,525,406
2026/01/26/21:54:06,6213.628841,0.889375,0.823112,0.898250,0.839094,36,23,24,15,1,0,0,0,828,594,525,409
2026/01/26/21:54:07,6214.629015,0.889375,0.823112,0.898250,0.839094,36,23,24,15,1,0,0,0,828,594,525,409
2026/01/26/21:54:08,6215.629178,0.889375,0.823112,0.898250,0.839094,36,23,24,15,1,0,0,0,828,594,525,409
2026/01/26/21:54:09,6216.629266,0.906563,0.826765,0.915438,0.842747,37,23,23,16,1,0,0,0,828,594,526,409
2026/01/26/21:54:10,6217.629507,0.928250,0.854480,0.980062,0.902369,37,26,23,16,4,0,0,0,828,594,526,409
2026/01/26/21:54:11,6218.629657,0.928250,0.854480,0.980062,0.902369,37,26,23,16,4,0,0,0,828,594,526,409
2026/01/26/21:54:12,6219.629833,0.905188,0.836844,0.957000,0.884733,36,24,24,16,4,0,0,0,829,596,526,409
2026/01/26/21:54:13,6220.629999,0.896625,0.831712,0.948438,0.879601,36,23,24,16,4,0,0,0,829,597,526,409
2026/01/26/21:54:14,6221.630087,0.924000,0.856889,0.975812,0.904777,39,23,25,17,4,0,0,0,829,597,526,409
2026/01/26/21:54:15,6222.630189,0.925562,0.860316,1.033438,0.935134,39,25,25,16,4,1,0,2,829,597,526,410
2026/01/26/21:54:16,6223.630359,0.925562,0.860316,1.033438,0.935134,39,25,25,16,4,1,0,2,829,597,526,410
2026/01/26/21:54:17,6224.630470,0.914813,0.848332,1.022687,0.923150,37,25,25,16,4,1,0,2,831,597,526,410
2026/01/26/21:54:18,6225.630584,0.914813,0.848332,1.022687,0.923150,37,25,25,16,4,1,0,2,831,597,526,410
2026/01/26/21:54:19,6226.630691,0.900625,0.826348,0.994188,0.890531,38,23,21,15,3,1,0,2,831,599,530,411
2026/01/26/21:54:20,6227.630819,0.914625,0.827148,0.952125,0.864401,38,24,20,15,3,0,0,0,831,599,531,411
2026/01/26/21:54:21,6228.630923,0.914625,0.827148,0.952125,0.864401,38,24,20,15,3,0,0,0,831,599,531,411
2026/01/26/21:54:22,6229.631032,0.914625,0.827148,0.952125,0.864401,38,24,20,15,3,0,0,0,831,599,531,411
2026/01/26/21:54:23,6230.631131,0.914625,0.827148,0.952125,0.864401,38,24,20,15,3,0,0,0,831,599,531,411
2026/01/26/21:54:24,6231.631280,0.914625,0.827148,0.952125,0.864401,38,24,20,15,3,0,0,0,831,599,531,411
2026/01/26/21:54:25,6232.631442,0.918375,0.845392,0.959625,0.900889,38,24,20,16,3,0,0,1,831,599,531,411
2026/01/26/21:54:26,6233.631544,0.923875,0.848394,0.987250,0.971423,37,26,20,16,6,0,0,1,832,599,531,411
2026/01/26/21:54:27,6234.631710,0.923875,0.848394,0.987250,0.971423,37,26,20,16,6,0,0,1,832,599,531,411
2026/01/26/21:54:28,6235.631876,0.923875,0.848394,0.987250,0.971423,37,26,20,16,6,0,0,1,832,599,531,411
2026/01/26/21:54:29,6236.631981,0.923875,0.848394,0.987250,0.971423,37,26,20,16,6,0,0,1,832,599,531,411
2026/01/26/21:54:30,6237.632088,0.923875,0.848394,0.987250,0.971423,37,26,20,16,6,0,0,1,832,599,531,411
2026/01/26/21:54:31,6238.632204,0.923875,0.848394,0.987250,0.971423,37,26,20,16,6,0,0,1,832,599,531,411
2026/01/26/21:54:32,6239.632285,0.915312,0.840598,0.978688,0.963627,37,26,19,16,6,0,0,1,832,599,532,411
2026/01/26/21:54:33,6240.632466,0.924188,0.856580,0.978688,0.963627,38,26,19,16,5,0,0,1,832,599,532,411
2026/01/26/21:54:34,6241.632624,0.924188,0.856580,0.978688,0.963627,38,26,19,16,5,0,0,1,832,599,532,411
2026/01/26/21:54:35,6242.632819,0.924188,0.856580,0.978688,0.963627,38,26,19,16,5,0,0,1,832,599,532,411
2026/01/26/21:54:36,6243.632953,0.924188,0.856580,0.978688,0.963627,38,26,19,16,5,0,0,1,832,599,532,411
2026/01/26/21:54:37,6244.633116,0.924188,0.856580,0.978688,0.963627,38,26,19,16,5,0,0,1,832,599,532,411
2026/01/26/21:54:38,6245.633281,0.924188,0.856580,0.978688,0.963627,38,26,19,16,5,0,0,1,832,599,532,411
2026/01/26/21:54:39,6246.633386,0.924188,0.856580,0.978688,0.963627,38,26,19,16,5,0,0,1,832,599,532,411
2026/01/26/21:54:40,6247.633534,0.924188,0.856580,0.978688,0.963627,38,26,19,16,5,0,0,1,832,599,532,411
2026/01/26/21:54:41,6248.633657,0.924188,0.856580,0.978688,0.963627,38,26,19,16,5,0,0,1,832,599,532,411
2026/01/26/21:54:42,6249.633835,0.924188,0.856580,0.978688,0.963627,38,26,19,16,5,0,0,1,832,599,532,411
2026/01/26/21:54:43,6250.634005,0.917250,0.848234,0.968000,0.937037,35,26,19,17,5,0,0,0,835,599,532,411
2026/01/26/21:54:44,6251.634151,0.917250,0.848234,0.968000,0.937037,35,26,19,17,5,0,0,0,835,599,532,411
2026/01/26/21:54:45,6252.634322,0.917250,0.848234,0.968000,0.937037,35,26,19,17,5,0,0,0,835,599,532,411
2026/01/26/21:54:46,6253.634403,0.917250,0.848234,0.968000,0.937037,35,26,19,17,5,0,0,0,835,599,532,411
2026/01/26/21:54:47,6254.634583,0.908500,0.841696,0.959250,0.930499,35,24,19,17,5,0,0,0,835,601,532,411
2026/01/26/21:54:48,6255.634701,0.908500,0.841696,0.959250,0.930499,35,24,19,17,5,0,0,0,835,601,532,411
2026/01/26/21:54:49,6256.634874,0.908500,0.841696,0.959250,0.930499,35,24,19,17,5,0,0,0,835,601,532,411
2026/01/26/21:54:50,6257.634987,0.908500,0.841696,0.959250,0.930499,35,24,19,17,5,0,0,0,835,601,532,411
2026/01/26/21:54:51,6258.635095,0.908500,0.841696,0.959250,0.930499,35,24,19,17,5,0,0,0,835,601,532,411
2026/01/26/21:54:52,6259.635197,0.908500,0.841696,0.959250,0.930499,35,24,19,17,5,0,0,0,835,601,532,411
2026/01/26/21:54:53,6260.635379,0.908500,0.841696,0.959250,0.930499,35,24,19,17,5,0,0,0,835,601,532,411
2026/01/26/21:54:54,6261.635539,0.908500,0.841696,0.937125,0.862967,35,24,19,17,2,0,0,0,835,601,532,411
2026/01/26/21:54:55,6262.635658,0.908500,0.841696,0.937125,0.862967,35,24,19,17,2,0,0,0,835,601,532,411
2026/01/26/21:54:56,6263.635834,0.908500,0.841696,0.937125,0.862967,35,24,19,17,2,0,0,0,835,601,532,411
2026/01/26/21:54:57,6264.635916,0.908500,0.841696,0.937125,0.862967,35,24,19,17,2,0,0,0,835,601,532,411
2026/01/26/21:54:58,6265.636027,0.908500,0.841696,0.937125,0.862967,35,24,19,17,2,0,0,0,835,601,532,411
2026/01/26/21:54:59,6266.636120,0.901000,0.805208,0.929625,0.826479,35,24,19,15,2,0,0,0,835,601,532,413
2026/01/26/21:55:00,6267.636290,0.901000,0.805208,0.929625,0.826479,35,24,19,15,2,0,0,0,835,601,532,413
2026/01/26/21:55:01,6268.636396,0.901000,0.805208,0.929625,0.826479,35,24,19,15,2,0,0,0,835,601,532,413
2026/01/26/21:55:02,6269.636556,0.901000,0.805208,0.929625,0.826479,35,24,19,15,2,0,0,0,835,601,532,413
2026/01/26/21:55:03,6270.636684,0.901000,0.805208,0.929625,0.826479,35,24,19,15,2,0,0,0,835,601,532,413
2026/01/26/21:55:04,6271.636846,0.901000,0.805208,0.929625,0.826479,35,24,19,15,2,0,0,0,835,601,532,413
2026/01/26/21:55:05,6272.637005,0.901000,0.805208,0.929625,0.826479,35,24,19,15,2,0,0,0,835,601,532,413
2026/01/26/21:55:06,6273.637133,0.901000,0.805208,0.929625,0.826479,35,24,19,15,2,0,0,0,835,601,532,413
2026/01/26/21:55:07,6274.637291,0.901000,0.805208,0.929625,0.826479,35,24,19,15,2,0,0,0,835,601,532,413
2026/01/26/21:55:08,6275.637436,0.894000,0.811854,0.908312,0.822490,36,23,19,15,1,0,0,0,835,602,532,413
2026/01/26/21:55:09,6276.637525,0.894000,0.811854,0.908312,0.822490,36,23,19,15,1,0,0,0,835,602,532,413
2026/01/26/21:55:10,6277.637697,0.894000,0.811854,0.908312,0.822490,36,23,19,15,1,0,0,0,835,602,532,413
2026/01/26/21:55:11,6278.637866,0.894000,0.811854,0.908312,0.822490,36,23,19,15,1,0,0,0,835,602,532,413
2026/01/26/21:55:12,6279.637970,0.894000,0.811854,0.908312,0.822490,36,23,19,15,1,0,0,0,835,602,532,413
2026/01/26/21:55:13,6280.638163,0.894000,0.811854,0.908312,0.822490,36,23,19,15,1,0,0,0,835,602,532,413
2026/01/26/21:55:14,6281.638266,0.894000,0.811854,0.908312,0.822490,36,23,19,15,1,0,0,0,835,602,532,413
2026/01/26/21:55:15,6282.638367,0.894000,0.811854,0.908312,0.822490,36,23,19,15,1,0,0,0,835,602,532,413
2026/01/26/21:55:16,6283.638484,0.894000,0.811854,0.908312,0.822490,36,23,19,15,1,0,0,0,835,602,532,413
2026/01/26/21:55:17,6284.638625,0.894000,0.811854,0.908312,0.822490,36,23,19,15,1,0,0,0,835,602,532,413
2026/01/26/21:55:18,6285.638814,0.894000,0.811854,0.908312,0.822490,36,23,19,15,1,0,0,0,835,602,532,413
2026/01/26/21:55:19,6286.638908,0.894000,0.811854,0.908312,0.822490,36,23,19,15,1,0,0,0,835,602,532,413
2026/01/26/21:55:20,6287.639027,0.907000,0.826642,0.990750,0.872091,37,23,21,15,4,0,0,2,835,602,532,413
2026/01/26/21:55:21,6288.639116,0.919125,0.848612,1.035625,0.928395,37,23,22,16,6,0,0,2,835,602,532,413
2026/01/26/21:55:22,6289.639289,0.910250,0.837258,1.026750,0.917041,37,23,20,16,6,0,0,2,835,602,534,413
2026/01/26/21:55:23,6290.639452,0.906813,0.822457,1.000813,0.892691,37,23,20,15,6,0,0,0,835,602,534,414
2026/01/26/21:55:24,6291.639600,0.906813,0.822457,1.000813,0.892691,37,23,20,15,6,0,0,0,835,602,534,414
2026/01/26/21:55:25,6292.639709,0.906813,0.822457,1.000813,0.892691,37,23,20,15,6,0,0,0,835,602,534,414
2026/01/26/21:55:26,6293.639874,0.906813,0.822457,1.000813,0.892691,37,23,20,15,6,0,0,0,835,602,534,414
2026/01/26/21:55:27,6294.639991,0.906813,0.822457,0.990375,0.876261,37,23,20,15,5,0,0,0,835,602,534,414
2026/01/26/21:55:28,6295.640091,0.906813,0.822457,0.990375,0.876261,37,23,20,15,5,0,0,0,835,602,534,414
2026/01/26/21:55:29,6296.640256,0.906813,0.822457,0.990375,0.876261,37,23,20,15,5,0,0,0,835,602,534,414
2026/01/26/21:55:30,6297.640418,0.902687,0.819023,0.986250,0.872827,36,23,20,15,5,0,0,0,836,602,534,414
2026/01/26/21:55:31,6298.640530,0.902687,0.819023,0.953500,0.838493,36,23,20,15,3,0,0,0,836,602,534,414
2026/01/26/21:55:32,6299.640693,0.902687,0.819023,0.953500,0.838493,36,23,20,15,3,0,0,0,836,602,534,414
2026/01/26/21:55:33,6300.640877,0.902687,0.819023,0.953500,0.838493,36,23,20,15,3,0,0,0,836,602,534,414
2026/01/26/21:55:34,6301.641012,0.902687,0.819023,0.953500,0.838493,36,23,20,15,3,0,0,0,836,602,534,414
2026/01/26/21:55:35,6302.641186,0.902687,0.819023,0.953500,0.838493,36,23,20,15,3,0,0,0,836,602,534,414
2026/01/26/21:55:36,6303.641350,0.894000,0.811854,0.944813,0.831324,36,23,19,15,3,0,0,0,836,602,535,414
2026/01/26/21:55:37,6304.641523,0.894000,0.811854,0.944813,0.831324,36,23,19,15,3,0,0,0,836,602,535,414
2026/01/26/21:55:38,6305.641628,0.894000,0.811854,0.944813,0.831324,36,23,19,15,3,0,0,0,836,602,535,414
2026/01/26/21:55:39,6306.641818,0.894000,0.811854,0.944813,0.831324,36,23,19,15,3,0,0,0,836,602,535,414
2026/01/26/21:55:40,6307.641905,0.894000,0.811854,0.944813,0.831324,36,23,19,15,3,0,0,0,836,602,535,414
2026/01/26/21:55:41,6308.642070,0.894000,0.811854,0.944813,0.831324,36,23,19,15,3,0,0,0,836,602,535,414
2026/01/26/21:55:42,6309.642231,0.894000,0.811854,0.944813,0.831324,36,23,19,15,3,0,0,0,836,602,535,414
2026/01/26/21:55:43,6310.642399,0.894000,0.811854,0.944813,0.831324,36,23,19,15,3,0,0,0,836,602,535,414
2026/01/26/21:55:44,6311.642592,0.894000,0.811854,0.944813,0.831324,36,23,19,15,3,0,0,0,836,602,535,414
2026/01/26/21:55:45,6312.642705,0.894000,0.811854,0.908312,0.822490,36,23,19,15,1,0,0,0,836,602,535,414
2026/01/26/21:55:46,6313.642884,0.894000,0.811854,0.908312,0.822490,36,23,19,15,1,0,0,0,836,602,535,414
2026/01/26/21:55:47,6314.643010,0.894000,0.811854,0.908312,0.822490,36,23,19,15,1,0,0,0,836,602,535,414
2026/01/26/21:55:48,6315.643100,0.894000,0.811854,0.908312,0.822490,36,23,19,15,1,0,0,0,836,602,535,414
2026/01/26/21:55:49,6316.643205,0.894000,0.811854,0.908312,0.822490,36,23,19,15,1,0,0,0,836,602,535,414
2026/01/26/21:55:50,6317.643384,0.894000,0.811854,0.908312,0.822490,36,23,19,15,1,0,0,0,836,602,535,414
2026/01/26/21:55:51,6318.643488,0.894000,0.811854,0.908312,0.822490,36,23,19,15,1,0,0,0,836,602,535,414
2026/01/26/21:55:52,6319.643664,0.894000,0.811854,0.908312,0.822490,36,23,19,15,1,0,0,0,836,602,535,414
2026/01/26/21:55:53,6320.643753,0.894000,0.811854,0.908312,0.822490,36,23,19,15,1,0,0,0,836,602,535,414
2026/01/26/21:55:54,6321.643915,0.894000,0.811854,0.908312,0.822490,36,23,19,15,1,0,0,0,836,602,535,414
2026/01/26/21:55:55,6322.644076,0.894000,0.811854,0.908312,0.822490,36,23,19,15,1,0,0,0,836,602,535,414
2026/01/26/21:55:56,6323.644244,0.894000,0.811854,0.908312,0.822490,36,23,19,15,1,0,0,0,836,602,535,414
2026/01/26/21:55:57,6324.644350,0.894000,0.811854,0.908312,0.822490,36,23,19,15,1,0,0,0,836,602,535,414
2026/01/26/21:55:58,6325.644456,0.894000,0.811854,0.908312,0.822490,36,23,19,15,1,0,0,0,836,602,535,414
2026/01/26/21:55:59,6326.644561,0.894000,0.811854,0.908312,0.822490,36,23,19,15,1,0,0,0,836,602,535,414
2026/01/26/21:56:00,6327.644728,0.894000,0.811854,0.908312,0.822490,36,23,19,15,1,0,0,0,836,602,535,414
2026/01/26/21:56:01,6328.644910,0.894000,0.811854,0.908312,0.822490,36,23,19,15,1,0,0,0,836,602,535,414
2026/01/26/21:56:02,6329.645077,0.894000,0.811854,0.908312,0.822490,36,23,19,15,1,0,0,0,836,602,535,414
2026/01/26/21:56:03,6330.645234,0.894000,0.811854,0.908312,0.822490,36,23,19,15,1,0,0,0,836,602,535,414
2026/01/26/21:56:04,6331.645340,0.894000,0.811854,0.908312,0.822490,36,23,19,15,1,0,0,0,836,602,535,414
2026/01/26/21:56:05,6332.645513,0.894000,0.811854,0.908312,0.822490,36,23,19,15,1,0,0,0,836,602,535,414
2026/01/26/21:56:06,6333.645626,0.894000,0.811854,0.908312,0.822490,36,23,19,15,1,0,0,0,836,602,535,414
2026/01/26/21:56:07,6334.645807,0.894000,0.811854,0.908312,0.822490,36,23,19,15,1,0,0,0,836,602,535,414
2026/01/26/21:56:08,6335.645952,0.894000,0.811854,0.908312,0.822490,36,23,19,15,1,0,0,0,836,602,535,414
2026/01/26/21:56:09,6336.646112,0.894000,0.811854,0.908312,0.822490,36,23,19,15,1,0,0,0,836,602,535,414
2026/01/26/21:56:10,6337.646208,0.890250,0.808468,0.904563,0.819104,36,22,19,15,1,0,0,0,836,603,535,414
2026/01/26/21:56:11,6338.646376,0.890250,0.808468,0.904563,0.819104,36,22,19,15,1,0,0,0,836,603,535,414
2026/01/26/21:56:12,6339.646484,0.890250,0.808468,0.904563,0.819104,36,22,19,15,1,0,0,0,836,603,535,414
2026/01/26/21:56:13,6340.646595,0.890250,0.808468,0.907937,0.828903,36,22,19,15,1,0,0,1,836,603,535,414
2026/01/26/21:56:14,6341.646739,0.923813,0.850146,1.027750,0.875479,36,22,22,18,4,0,0,0,836,603,535,414
2026/01/26/21:56:15,6342.646864,0.923813,0.850146,1.027750,0.875479,36,22,22,18,4,0,0,0,836,603,535,414
2026/01/26/21:56:16,6343.646935,0.946688,0.855250,1.088313,0.891239,40,22,25,15,4,0,0,3,836,603,535,417
2026/01/26/21:56:17,6344.647106,0.943750,0.865116,1.120187,1.040405,44,22,22,15,4,2,3,3,836,603,538,417
2026/01/26/21:56:18,6345.647191,0.946937,0.866856,1.142187,1.091387,43,24,22,15,4,5,3,3,837,603,538,417
2026/01/26/21:56:19,6346.647293,0.956375,0.882787,1.151625,1.107319,44,24,23,15,4,5,3,3,837,603,538,417
2026/01/26/21:56:20,6347.647405,0.947375,0.877881,1.134937,1.093404,41,25,23,15,4,4,3,3,840,603,538,417
2026/01/26/21:56:21,6348.647512,0.932750,0.859584,1.110000,0.981432,38,25,23,15,4,1,3,3,843,603,538,417
2026/01/26/21:56:22,6349.647792,0.932750,0.859584,1.110000,0.981432,38,25,23,15,4,1,3,3,843,603,538,417
2026/01/26/21:56:23,6350.647865,0.929250,0.861205,1.098812,0.974045,37,26,22,15,4,0,3,3,844,603,539,417
2026/01/26/21:56:24,6351.647967,0.915000,0.844257,1.084563,0.957097,34,26,22,15,4,0,3,3,847,603,539,417
2026/01/26/21:56:25,6352.648134,0.915000,0.844257,1.084563,0.957097,34,26,22,15,4,0,3,3,847,603,539,417
2026/01/26/21:56:26,6353.648237,0.915000,0.844257,1.084563,0.957097,34,26,22,15,4,0,3,3,847,603,539,417
2026/01/26/21:56:27,6354.648400,0.915000,0.844257,1.084563,0.957097,34,26,22,15,4,0,3,3,847,603,539,417
2026/01/26/21:56:28,6355.648567,0.908375,0.789272,1.128750,0.946344,31,26,22,17,4,0,6,1,850,603,539,417
2026/01/26/21:56:29,6356.648673,0.908375,0.789272,1.128750,0.946344,31,26,22,17,4,0,6,1,850,603,539,417
2026/01/26/21:56:30,6357.648853,0.908375,0.789272,1.128750,0.946344,31,26,22,17,4,0,6,1,850,603,539,417
2026/01/26/21:56:31,6358.648967,0.908375,0.789272,1.128750,0.946344,31,26,22,17,4,0,6,1,850,603,539,417
2026/01/26/21:56:32,6359.649127,0.908375,0.789272,1.128750,0.946344,31,26,22,17,4,0,6,1,850,603,539,417
2026/01/26/21:56:33,6360.649261,0.902312,0.796872,1.113375,0.928327,31,24,23,17,4,0,5,1,850,605,539,417
2026/01/26/21:56:34,6361.649357,0.902312,0.796872,1.113375,0.928327,31,24,23,17,4,0,5,1,850,605,539,417
2026/01/26/21:56:35,6362.649694,0.902312,0.796872,1.113375,0.928327,31,24,23,17,4,0,5,1,850,605,539,417
2026/01/26/21:56:36,6363.649860,0.902312,0.796872,1.113375,0.928327,31,24,23,17,4,0,5,1,850,605,539,417
2026/01/26/21:56:37,6364.650022,0.902312,0.796872,1.113375,0.928327,31,24,23,17,4,0,5,1,850,605,539,417
2026/01/26/21:56:38,6365.650201,0.902312,0.796872,1.113375,0.928327,31,24,23,17,4,0,5,1,850,605,539,417
2026/01/26/21:56:39,6366.650364,0.902312,0.796872,1.113375,0.928327,31,24,23,17,4,0,5,1,850,605,539,417
2026/01/26/21:56:40,6367.650492,0.902312,0.796872,1.113375,0.928327,31,24,23,17,4,0,5,1,850,605,539,417
2026/01/26/21:56:41,6368.650569,0.902312,0.796872,1.113375,0.928327,31,24,23,17,4,0,5,1,850,605,539,417
2026/01/26/21:56:42,6369.650677,0.902312,0.796872,1.113375,0.928327,31,24,23,17,4,0,5,1,850,605,539,417
2026/01/26/21:56:43,6370.650868,0.902312,0.796872,1.113375,0.928327,31,24,23,17,4,0,5,1,850,605,539,417
2026/01/26/21:56:44,6371.650968,0.902312,0.796872,1.113375,0.928327,31,24,23,17,4,0,5,1,850,605,539,417
2026/01/26/21:56:45,6372.651090,0.905937,0.802171,1.117000,0.933626,31,24,24,17,4,0,5,1,850,605,539,417
2026/01/26/21:56:46,6373.651204,0.905937,0.802171,1.117000,0.933626,31,24,24,17,4,0,5,1,850,605,539,417
2026/01/26/21:56:47,6374.651372,0.905937,0.802171,1.117000,0.933626,31,24,24,17,4,0,5,1,850,605,539,417
2026/01/26/21:56:48,6375.651543,0.905937,0.802171,1.117000,0.933626,31,24,24,17,4,0,5,1,850,605,539,417
2026/01/26/21:56:49,6376.651635,0.905937,0.802171,1.117000,0.933626,31,24,24,17,4,0,5,1,850,605,539,417
2026/01/26/21:56:50,6377.651752,0.905937,0.802171,1.117000,0.933626,31,24,24,17,4,0,5,1,850,605,539,417
2026/01/26/21:56:51,6378.651931,0.918125,0.809585,1.139812,0.948668,32,25,24,17,5,0,5,1,850,605,539,417
2026/01/26/21:56:52,6379.652091,0.924750,0.819272,1.146437,0.958355,32,25,26,17,5,0,5,1,850,605,539,417
2026/01/26/21:56:53,6380.652267,0.924750,0.819272,1.146437,0.958355,32,25,26,17,5,0,5,1,850,605,539,417
2026/01/26/21:56:54,6381.652411,0.924750,0.819272,1.146437,0.958355,32,25,26,17,5,0,5,1,850,605,539,417
2026/01/26/21:56:55,6382.652521,0.930813,0.822708,1.231937,1.076731,33,25,26,17,7,0,8,5,850,605,539,417
2026/01/26/21:56:56,6383.652705,0.947812,0.880509,1.285688,1.097514,33,25,28,19,10,0,8,3,851,605,539,417
2026/01/26/21:56:57,6384.652837,0.947812,0.880509,1.285688,1.097514,33,25,28,19,10,0,8,3,851,605,539,417
2026/01/26/21:56:58,6385.653000,0.949000,0.860878,1.230750,1.028783,31,25,31,18,7,0,8,1,853,605,539,419
2026/01/26/21:56:59,6386.653108,0.949000,0.860878,1.230750,1.028783,31,25,31,18,7,0,8,1,853,605,539,419
2026/01/26/21:57:00,6387.653231,0.949000,0.860878,1.230750,1.028783,31,25,31,18,7,0,8,1,853,605,539,419
2026/01/26/21:57:01,6388.653330,0.941063,0.857163,1.120812,0.950116,31,24,31,18,7,0,2,1,853,606,539,419
2026/01/26/21:57:02,6389.653483,0.941063,0.857163,1.120812,0.950116,31,24,31,18,7,0,2,1,853,606,539,419
2026/01/26/21:57:03,6390.653567,0.962313,0.879979,1.174125,1.000346,33,25,32,18,7,2,5,1,853,606,539,419
2026/01/26/21:57:04,6391.653670,0.958875,0.876794,1.166125,0.991854,33,25,31,18,7,2,4,1,853,606,541,419
2026/01/26/21:57:05,6392.653801,0.956750,0.853123,1.111375,0.946919,33,27,28,18,4,0,4,1,853,606,544,419
2026/01/26/21:57:06,6393.653862,0.952187,0.847816,1.106812,0.941612,33,27,27,18,4,0,4,1,853,606,545,419
2026/01/26/21:57:07,6394.653966,0.952187,0.847816,1.106812,0.941612,33,27,27,18,4,0,4,1,853,606,545,419
2026/01/26/21:57:08,6395.654073,0.933875,0.824292,1.051875,0.897061,31,24,28,19,3,0,3,0,855,609,545,419
2026/01/26/21:57:09,6396.654180,0.933250,0.826417,1.041500,0.892347,31,24,29,18,3,0,2,0,855,609,545,420
2026/01/26/21:57:10,6397.654290,0.933250,0.826417,1.041500,0.892347,31,24,29,18,3,0,2,0,855,609,545,420
2026/01/26/21:57:11,6398.654456,0.933250,0.826417,1.041500,0.892347,31,24,29,18,3,0,2,0,855,609,545,420
2026/01/26/21:57:12,6399.654619,0.933250,0.826417,1.041500,0.892347,31,24,29,18,3,0,2,0,855,609,545,420
2026/01/26/21:57:13,6400.654799,0.933250,0.826417,1.041500,0.892347,31,24,29,18,3,0,2,0,855,609,545,420
2026/01/26/21:57:14,6401.654909,0.933250,0.826417,1.041500,0.892347,31,24,29,18,3,0,2,0,855,609,545,420
2026/01/26/21:57:15,6402.655091,0.949562,0.836150,1.075438,0.911013,30,24,30,20,3,0,2,2,857,609,545,420
2026/01/26/21:57:16,6403.655257,0.949562,0.836150,1.075438,0.911013,30,24,30,20,3,0,2,2,857,609,545,420
2026/01/26/21:57:17,6404.655416,0.929500,0.834426,1.037750,0.900356,30,24,30,19,3,0,2,0,857,609,545,423
2026/01/26/21:57:18,6405.655588,0.929500,0.834426,1.037750,0.900356,30,24,30,19,3,0,2,0,857,609,545,423
2026/01/26/21:57:19,6406.655751,0.929500,0.834426,1.037750,0.900356,30,24,30,19,3,0,2,0,857,609,545,423
2026/01/26/21:57:20,6407.655875,0.929500,0.834426,1.037750,0.900356,30,24,30,19,3,0,2,0,857,609,545,423
2026/01/26/21:57:21,6408.656132,0.929500,0.834426,1.037750,0.900356,30,24,30,19,3,0,2,0,857,609,545,423
2026/01/26/21:57:22,6409.656234,0.925813,0.830789,1.034063,0.896719,29,24,30,19,3,0,2,0,858,609,545,423
2026/01/26/21:57:23,6410.656400,0.925813,0.830789,1.034063,0.896719,29,24,30,19,3,0,2,0,858,609,545,423
2026/01/26/21:57:24,6411.656490,0.925813,0.830789,1.034063,0.896719,29,24,30,19,3,0,2,0,858,609,545,423
2026/01/26/21:57:25,6412.656669,0.925813,0.830789,1.034063,0.896719,29,24,30,19,3,0,2,0,858,609,545,423
2026/01/26/21:57:26,6413.656854,0.925813,0.830789,1.034063,0.896719,29,24,30,19,3,0,2,0,858,609,545,423
2026/01/26/21:57:27,6414.657017,0.919188,0.821102,1.027438,0.887032,29,24,28,19,3,0,2,0,858,609,547,423
2026/01/26/21:57:28,6415.657177,0.918562,0.843279,1.017500,0.883592,29,24,29,18,3,0,1,0,858,609,547,424
2026/01/26/21:57:29,6416.657341,0.918562,0.843279,1.017500,0.883592,29,24,29,18,3,0,1,0,858,609,547,424
2026/01/26/21:57:30,6417.657454,0.918562,0.843279,1.017500,0.883592,29,24,29,18,3,0,1,0,858,609,547,424
2026/01/26/21:57:31,6418.657639,0.918562,0.843279,1.017500,0.883592,29,24,29,18,3,0,1,0,858,609,547,424
2026/01/26/21:57:32,6419.657814,0.918562,0.843279,1.017500,0.883592,29,24,29,18,3,0,1,0,858,609,547,424
2026/01/26/21:57:33,6420.657969,0.918562,0.843279,1.017500,0.883592,29,24,29,18,3,0,1,0,858,609,547,424
2026/01/26/21:57:34,6421.658076,0.918562,0.843279,1.017500,0.883592,29,24,29,18,3,0,1,0,858,609,547,424
2026/01/26/21:57:35,6422.658186,0.918562,0.843279,1.017500,0.883592,29,24,29,18,3,0,1,0,858,609,547,424
2026/01/26/21:57:36,6423.658307,0.918562,0.843279,1.017500,0.883592,29,24,29,18,3,0,1,0,858,609,547,424
2026/01/26/21:57:37,6424.658467,0.918562,0.843279,1.017500,0.883592,29,24,29,18,3,0,1,0,858,609,547,424
2026/01/26/21:57:38,6425.658579,0.942562,0.869354,1.041500,0.909667,29,28,29,18,3,0,1,0,858,609,547,424
2026/01/26/21:57:39,6426.658750,0.942562,0.869354,1.041500,0.909667,29,28,29,18,3,0,1,0,858,609,547,424
2026/01/26/21:57:40,6427.658918,0.942562,0.869354,1.103750,0.924861,29,28,29,18,6,0,1,0,858,609,547,424
2026/01/26/21:57:41,6428.659033,0.942562,0.869354,1.103750,0.924861,29,28,29,18,6,0,1,0,858,609,547,424
2026/01/26/21:57:42,6429.659136,0.913312,0.848838,1.074500,0.904344,29,28,26,18,6,0,1,0,858,609,550,424
2026/01/26/21:57:43,6430.659225,0.913312,0.848838,1.074500,0.904344,29,28,26,18,6,0,1,0,858,609,550,424
2026/01/26/21:57:44,6431.659390,0.940250,0.857674,1.122812,0.929512,29,27,27,21,6,0,1,3,858,610,551,424
2026/01/26/21:57:45,6432.659487,0.954500,0.868561,1.075625,0.918525,29,27,27,23,4,0,1,1,858,610,551,424
2026/01/26/21:57:46,6433.659579,0.940250,0.857674,1.054250,0.902194,29,27,27,21,4,0,1,0,858,610,551,426
2026/01/26/21:57:47,6434.659676,0.940250,0.857674,1.054250,0.902194,29,27,27,21,4,0,1,0,858,610,551,426
2026/01/26/21:57:48,6435.659867,0.940250,0.857674,1.054250,0.902194,29,27,27,21,4,0,1,0,858,610,551,426
2026/01/26/21:57:49,6436.659961,0.935125,0.851673,1.034063,0.891986,29,27,26,21,3,0,1,0,858,610,552,426
2026/01/26/21:57:50,6437.660066,0.935125,0.851673,1.034063,0.891986,29,27,26,21,3,0,1,0,858,610,552,426
2026/01/26/21:57:51,6438.660159,0.935125,0.851673,1.034063,0.891986,29,27,26,21,3,0,1,0,858,610,552,426
2026/01/26/21:57:52,6439.660238,0.946187,0.866216,1.117438,0.991545,30,29,26,21,7,0,1,1,858,610,552,426
2026/01/26/21:57:53,6440.660361,0.948313,0.877660,1.119563,1.002989,30,29,25,23,7,0,1,1,858,610,553,426
2026/01/26/21:57:54,6441.660450,0.948313,0.877660,1.119563,1.002989,30,29,25,23,7,0,1,1,858,610,553,426
2026/01/26/21:57:55,6442.660557,0.948313,0.877660,1.119563,1.002989,30,29,25,23,7,0,1,1,858,610,553,426
2026/01/26/21:57:56,6443.660720,0.948313,0.877660,1.119563,1.002989,30,29,25,23,7,0,1,1,858,610,553,426
2026/01/26/21:57:57,6444.660879,0.941438,0.859344,1.109250,0.975515,30,29,25,21,7,0,1,0,858,610,553,428
2026/01/26/21:57:58,6445.661003,0.941438,0.859344,1.109250,0.975515,30,29,25,21,7,0,1,0,858,610,553,428
2026/01/26/21:57:59,6446.661086,0.938250,0.854897,1.106062,0.971068,29,29,25,21,7,0,1,0,859,610,553,428
2026/01/26/21:58:00,6447.661200,0.938250,0.854897,1.106062,0.971068,29,29,25,21,7,0,1,0,859,610,553,428
2026/01/26/21:58:01,6448.661305,0.934562,0.849758,1.091813,0.953914,30,29,25,18,6,0,1,0,859,610,553,431
2026/01/26/21:58:02,6449.661408,0.934562,0.849758,1.091813,0.953914,30,29,25,18,6,0,1,0,859,610,553,431
2026/01/26/21:58:03,6450.661575,0.934562,0.849758,1.091813,0.953914,30,29,25,18,6,0,1,0,859,610,553,431
2026/01/26/21:58:04,6451.661721,0.934562,0.849758,1.091813,0.953914,30,29,25,18,6,0,1,0,859,610,553,431
2026/01/26/21:58:05,6452.661855,0.934562,0.849758,1.091813,0.953914,30,29,25,18,6,0,1,0,859,610,553,431
2026/01/26/21:58:06,6453.662015,0.934562,0.849758,1.091813,0.953914,30,29,25,18,6,0,1,0,859,610,553,431
2026/01/26/21:58:07,6454.662189,0.934562,0.849758,1.091813,0.953914,30,29,25,18,6,0,1,0,859,610,553,431
2026/01/26/21:58:08,6455.662296,0.934562,0.849758,1.091813,0.953914,30,29,25,18,6,0,1,0,859,610,553,431
2026/01/26/21:58:09,6456.662475,0.926687,0.839662,1.083937,0.943818,30,27,25,18,6,0,1,0,859,612,553,431
2026/01/26/21:58:10,6457.662595,0.926687,0.839662,1.083937,0.943818,30,27,25,18,6,0,1,0,859,612,553,431
2026/01/26/21:58:11,6458.662759,0.900813,0.824499,0.999750,0.864813,29,27,24,18,3,0,1,0,860,612,554,431
2026/01/26/21:58:12,6459.662935,0.900813,0.824499,0.999750,0.864813,29,27,24,18,3,0,1,0,860,612,554,431
2026/01/26/21:58:13,6460.663100,0.900813,0.824499,0.999750,0.864813,29,27,24,18,3,0,1,0,860,612,554,431
2026/01/26/21:58:14,6461.663248,0.900813,0.824499,0.999750,0.864813,29,27,24,18,3,0,1,0,860,612,554,431
2026/01/26/21:58:15,6462.663439,0.900813,0.824499,0.999750,0.864813,29,27,24,18,3,0,1,0,860,612,554,431
2026/01/26/21:58:16,6463.663540,0.900813,0.824499,0.999750,0.864813,29,27,24,18,3,0,1,0,860,612,554,431
2026/01/26/21:58:17,6464.663656,0.900813,0.824499,0.999750,0.864813,29,27,24,18,3,0,1,0,860,612,554,431
2026/01/26/21:58:18,6465.663840,0.900813,0.824499,0.999750,0.864813,29,27,24,18,3,0,1,0,860,612,554,431
2026/01/26/21:58:19,6466.663946,0.912563,0.834220,1.011500,0.874534,31,27,24,18,3,0,1,0,860,612,554,431
2026/01/26/21:58:20,6467.664105,0.917188,0.831114,0.986250,0.866529,30,27,24,18,2,0,1,0,862,612,554,431
2026/01/26/21:58:21,6468.664259,0.917188,0.831114,0.986250,0.866529,30,27,24,18,2,0,1,0,862,612,554,431
2026/01/26/21:58:22,6469.664359,0.917188,0.831114,0.986250,0.866529,30,27,24,18,2,0,1,0,862,612,554,431
2026/01/26/21:58:23,6470.664528,0.917188,0.831114,0.986250,0.866529,30,27,24,18,2,0,1,0,862,612,554,431
2026/01/26/21:58:24,6471.664789,0.917188,0.831114,0.986250,0.866529,30,27,24,18,2,0,1,0,862,612,554,431
2026/01/26/21:58:25,6472.664928,0.917188,0.831114,0.986250,0.866529,30,27,24,18,2,0,1,0,862,612,554,431
2026/01/26/21:58:26,6473.665077,0.917188,0.831114,0.986250,0.866529,30,27,24,18,2,0,1,0,862,612,554,431
2026/01/26/21:58:27,6474.665247,0.917188,0.831114,0.986250,0.866529,30,27,24,18,2,0,1,0,862,612,554,431
2026/01/26/21:58:28,6475.665351,0.917188,0.831114,0.986250,0.866529,30,27,24,18,2,0,1,0,862,612,554,431
2026/01/26/21:58:29,6476.665518,0.917188,0.831114,0.986250,0.866529,30,27,24,18,2,0,1,0,862,612,554,431
2026/01/26/21:58:30,6477.665681,0.917188,0.831114,0.986250,0.866529,30,27,24,18,2,0,1,0,862,612,554,431
2026/01/26/21:58:31,6478.665859,0.917188,0.831114,0.986250,0.866529,30,27,24,18,2,0,1,0,862,612,554,431
2026/01/26/21:58:32,6479.666023,0.917188,0.831114,0.986250,0.866529,30,27,24,18,2,0,1,0,862,612,554,431
2026/01/26/21:58:33,6480.666182,0.905438,0.821393,0.974500,0.856808,28,27,24,18,2,0,1,0,864,612,554,431
2026/01/26/21:58:34,6481.666286,0.905438,0.821393,0.974500,0.856808,28,27,24,18,2,0,1,0,864,612,554,431
2026/01/26/21:58:35,6482.666383,0.937000,0.855034,1.013562,0.903814,30,30,24,18,3,0,1,0,864,612,554,431
2026/01/26/21:58:36,6483.666503,0.942187,0.873789,1.037750,0.968405,30,30,25,18,3,1,3,0,864,612,554,431
2026/01/26/21:58:37,6484.666611,0.973688,0.900739,1.087375,1.020115,33,32,26,18,5,3,3,0,864,612,554,431
2026/01/26/21:58:38,6485.666792,0.971375,0.899161,1.104625,1.042855,32,33,26,18,8,4,3,1,865,612,554,431
2026/01/26/21:58:39,6486.666881,0.970375,0.883970,1.111438,1.021815,32,33,25,19,8,6,2,3,865,612,555,431
2026/01/26/21:58:40,6487.667032,0.974562,0.883815,1.133438,1.019597,32,31,25,22,8,5,3,2,865,614,555,431
2026/01/26/21:58:41,6488.667132,0.974562,0.883815,1.207563,1.081424,32,31,25,22,8,8,6,2,865,614,555,431
2026/01/26/21:58:42,6489.667234,0.974562,0.883815,1.207563,1.081424,32,31,25,22,8,8,6,2,865,614,555,431
2026/01/26/21:58:43,6490.667318,0.974562,0.883815,1.195375,1.068706,32,31,25,22,8,6,6,2,865,614,555,431
2026/01/26/21:58:44,6491.667464,0.974562,0.883815,1.233625,1.117464,32,31,25,22,9,10,8,2,865,614,555,431
2026/01/26/21:58:45,6492.667585,0.974562,0.883815,1.188500,1.098820,32,31,25,22,9,10,6,0,865,614,555,431
2026/01/26/21:58:46,6493.667700,0.974562,0.890163,1.170937,1.079301,32,32,25,22,9,5,6,0,865,615,555,431
2026/01/26/21:58:47,6494.667814,0.973938,0.890105,1.158562,1.065078,32,33,24,22,9,2,6,0,865,615,556,431
2026/01/26/21:58:48,6495.667870,0.973938,0.890105,1.163812,1.078281,32,33,24,22,9,2,7,0,865,615,556,431
2026/01/26/21:58:49,6496.667955,0.973938,0.890105,1.125063,1.061096,32,33,24,22,7,2,7,0,865,615,556,431
2026/01/26/21:58:50,6497.668127,0.973938,0.890105,1.113438,1.051197,32,33,24,22,4,2,7,0,865,615,556,431
2026/01/26/21:58:51,6498.668223,0.973938,0.890105,1.107938,1.042537,32,33,24,22,4,1,7,0,865,615,556,431
2026/01/26/21:58:52,6499.668348,0.973938,0.890105,1.107938,1.042537,32,33,24,22,4,1,7,0,865,615,556,431
2026/01/26/21:58:53,6500.668505,0.967125,0.878890,1.069625,0.957889,32,34,24,22,4,0,2,0,865,615,558,431
2026/01/26/21:58:54,6501.668602,0.967125,0.878890,1.069625,0.957889,32,34,24,22,4,0,2,0,865,615,558,431
2026/01/26/21:58:55,6502.668718,0.967125,0.878890,1.069625,0.957889,32,34,24,22,4,0,2,0,865,615,558,431
2026/01/26/21:58:56,6503.668836,0.967125,0.878890,1.069625,0.957889,32,34,24,22,4,0,2,0,865,615,558,431
2026/01/26/21:58:57,6504.669005,0.967125,0.878890,1.069625,0.957889,32,34,24,22,4,0,2,0,865,615,558,431
2026/01/26/21:58:58,6505.669164,0.967125,0.878890,1.069625,0.957889,32,34,24,22,4,0,2,0,865,615,558,431
2026/01/26/21:58:59,6506.669266,0.959125,0.872539,1.061625,0.951538,32,34,24,20,4,0,2,0,865,615,558,433
2026/01/26/21:59:00,6507.669431,0.959125,0.872539,1.061625,0.951538,32,34,24,20,4,0,2,0,865,615,558,433
2026/01/26/21:59:01,6508.669595,0.959125,0.872539,1.061625,0.951538,32,34,24,20,4,0,2,0,865,615,558,433
2026/01/26/21:59:02,6509.669744,0.957000,0.876799,1.053250,0.944409,33,34,24,18,3,0,2,0,865,615,558,435
2026/01/26/21:59:03,6510.669904,0.957000,0.876799,1.053250,0.944409,33,34,24,18,3,0,2,0,865,615,558,435
2026/01/26/21:59:04,6511.669993,0.920687,0.845710,1.009437,0.899954,29,32,24,18,2,0,2,0,869,617,558,435
2026/01/26/21:59:05,6512.670107,0.904250,0.834586,0.993000,0.888830,28,32,24,18,2,0,2,0,870,617,558,435
2026/01/26/21:59:06,6513.670212,0.904250,0.834586,0.993000,0.888830,28,32,24,18,2,0,2,0,870,617,558,435
2026/01/26/21:59:07,6514.670374,0.904250,0.834586,0.993000,0.888830,28,32,24,18,2,0,2,0,870,617,558,435
2026/01/26/21:59:08,6515.670461,0.904250,0.834586,0.993000,0.888830,28,32,24,18,2,0,2,0,870,617,558,435
2026/01/26/21:59:09,6516.670566,0.904250,0.834586,0.993000,0.888830,28,32,24,18,2,0,2,0,870,617,558,435
2026/01/26/21:59:10,6517.670734,0.904250,0.834586,0.993000,0.888830,28,32,24,18,2,0,2,0,870,617,558,435
2026/01/26/21:59:11,6518.670909,0.904250,0.834586,0.993000,0.888830,28,32,24,18,2,0,2,0,870,617,558,435
2026/01/26/21:59:12,6519.671003,0.897813,0.831124,0.986563,0.885368,27,32,24,18,2,0,2,0,871,617,558,435
2026/01/26/21:59:13,6520.671119,0.892375,0.824660,0.981125,0.878904,27,31,24,18,2,0,2,0,871,618,558,435
2026/01/26/21:59:14,6521.671275,0.892375,0.824660,0.981125,0.878904,27,31,24,18,2,0,2,0,871,618,558,435
2026/01/26/21:59:15,6522.671363,0.886125,0.813270,0.974875,0.867514,26,31,24,18,2,0,2,0,872,618,558,435
2026/01/26/21:59:16,6523.671486,0.886125,0.813270,0.974875,0.867514,26,31,24,18,2,0,2,0,872,618,558,435
2026/01/26/21:59:17,6524.671644,0.886125,0.813270,0.974875,0.867514,26,31,24,18,2,0,2,0,872,618,558,435
2026/01/26/21:59:18,6525.671747,0.886125,0.813270,0.974875,0.867514,26,31,24,18,2,0,2,0,872,618,558,435
2026/01/26/21:59:19,6526.671840,0.795625,0.810892,0.869875,0.842913,26,29,25,15,2,0,1,0,872,620,558,438
2026/01/26/21:59:20,6527.672013,0.825500,0.815791,0.869875,0.842913,27,29,25,15,1,0,1,0,872,620,558,438
2026/01/26/21:59:21,6528.672230,0.825500,0.815791,0.869875,0.842913,27,29,25,15,1,0,1,0,872,620,558,438
2026/01/26/21:59:22,6529.672278,0.825500,0.815791,0.869875,0.842913,27,29,25,15,1,0,1,0,872,620,558,438
2026/01/26/21:59:23,6530.672387,0.825500,0.815791,0.869875,0.842913,27,29,25,15,1,0,1,0,872,620,558,438
2026/01/26/21:59:24,6531.672529,0.825500,0.815791,0.869875,0.842913,27,29,25,15,1,0,1,0,872,620,558,438
2026/01/26/21:59:25,6532.672699,0.825500,0.815791,0.869875,0.842913,27,29,25,15,1,0,1,0,872,620,558,438
2026/01/26/21:59:26,6533.672865,0.825500,0.815791,0.869875,0.842913,27,29,25,15,1,0,1,0,872,620,558,438
2026/01/26/21:59:27,6534.672979,0.825500,0.815791,0.869875,0.842913,27,29,25,15,1,0,1,0,872,620,558,438
2026/01/26/21:59:28,6535.673082,0.825500,0.815791,0.869875,0.842913,27,29,25,15,1,0,1,0,872,620,558,438
2026/01/26/21:59:29,6536.673247,0.825500,0.815791,0.869875,0.842913,27,29,25,15,1,0,1,0,872,620,558,438
2026/01/26/21:59:30,6537.673409,0.825500,0.815791,0.869875,0.842913,27,29,25,15,1,0,1,0,872,620,558,438
2026/01/26/21:59:31,6538.673574,0.825500,0.815791,0.869875,0.842913,27,29,25,15,1,0,1,0,872,620,558,438
2026/01/26/21:59:32,6539.673745,0.825500,0.815791,0.869875,0.842913,27,29,25,15,1,0,1,0,872,620,558,438
2026/01/26/21:59:33,6540.673919,0.825500,0.815791,0.869875,0.842913,27,29,25,15,1,0,1,0,872,620,558,438
2026/01/26/21:59:34,6541.674010,0.825500,0.815791,0.869875,0.842913,27,29,25,15,1,0,1,0,872,620,558,438
2026/01/26/21:59:35,6542.674175,0.825500,0.815791,0.869875,0.842913,27,29,25,15,1,0,1,0,872,620,558,438
2026/01/26/21:59:36,6543.674345,0.825500,0.815791,0.869875,0.842913,27,29,25,15,1,0,1,0,872,620,558,438
2026/01/26/21:59:37,6544.674505,0.825500,0.815791,0.869875,0.842913,27,29,25,15,1,0,1,0,872,620,558,438
2026/01/26/21:59:38,6545.674612,0.834125,0.786019,0.834125,0.786019,28,27,24,15,0,0,0,0,872,622,559,438
2026/01/26/21:59:39,6546.674716,0.834125,0.786019,0.834125,0.786019,28,27,24,15,0,0,0,0,872,622,559,438
2026/01/26/21:59:40,6547.674833,0.834125,0.786019,0.834125,0.786019,28,27,24,15,0,0,0,0,872,622,559,438
2026/01/26/21:59:41,6548.674997,0.834125,0.786019,0.834125,0.786019,28,27,24,15,0,0,0,0,872,622,559,438
2026/01/26/21:59:42,6549.675155,0.834125,0.786019,0.834125,0.786019,28,27,24,15,0,0,0,0,872,622,559,438
2026/01/26/21:59:43,6550.675259,0.834125,0.786019,0.834125,0.786019,28,27,24,15,0,0,0,0,872,622,559,438
2026/01/26/21:59:44,6551.675365,0.834125,0.786019,0.834125,0.786019,28,27,24,15,0,0,0,0,872,622,559,438
2026/01/26/21:59:45,6552.675533,0.834125,0.786019,0.834125,0.786019,28,27,24,15,0,0,0,0,872,622,559,438
2026/01/26/21:59:46,6553.675653,0.834125,0.786019,0.834125,0.786019,28,27,24,15,0,0,0,0,872,622,559,438
2026/01/26/21:59:47,6554.675837,0.834125,0.786019,0.834125,0.786019,28,27,24,15,0,0,0,0,872,622,559,438
2026/01/26/21:59:48,6555.676000,0.834125,0.786019,0.834125,0.786019,28,27,24,15,0,0,0,0,872,622,559,438
2026/01/26/21:59:49,6556.676162,0.834125,0.786019,0.834125,0.786019,28,27,24,15,0,0,0,0,872,622,559,438
2026/01/26/21:59:50,6557.676326,0.834125,0.786019,0.834125,0.786019,28,27,24,15,0,0,0,0,872,622,559,438
2026/01/26/21:59:51,6558.676435,0.858313,0.791378,0.858313,0.791378,28,27,24,16,0,0,0,0,872,622,559,438
2026/01/26/21:59:52,6559.676564,0.858313,0.791378,0.858313,0.791378,28,27,24,16,0,0,0,0,872,622,559,438
2026/01/26/21:59:53,6560.676716,0.858313,0.791378,0.858313,0.791378,28,27,24,16,0,0,0,0,872,622,559,438
2026/01/26/21:59:54,6561.676873,0.858313,0.791378,0.858313,0.791378,28,27,24,16,0,0,0,0,872,622,559,438
2026/01/26/21:59:55,6562.676993,0.858313,0.791378,0.858313,0.791378,28,27,24,16,0,0,0,0,872,622,559,438
2026/01/26/21:59:56,6563.677160,0.858313,0.791378,0.858313,0.791378,28,27,24,16,0,0,0,0,872,622,559,438
2026/01/26/21:59:57,6564.677260,0.858313,0.791378,0.858313,0.791378,28,27,24,16,0,0,0,0,872,622,559,438
2026/01/26/21:59:58,6565.677423,0.834125,0.786019,0.834125,0.786019,28,27,24,15,0,0,0,0,872,622,559,439
2026/01/26/21:59:59,6566.677550,0.834125,0.786019,0.834125,0.786019,28,27,24,15,0,0,0,0,872,622,559,439
2026/01/26/22:00:00,6567.677712,0.834125,0.786019,0.834125,0.786019,28,27,24,15,0,0,0,0,872,622,559,439
2026/01/26/22:00:01,6568.677884,0.834125,0.786019,0.834125,0.786019,28,27,24,15,0,0,0,0,872,622,559,439
2026/01/26/22:00:02,6569.677998,0.834125,0.786019,0.834125,0.786019,28,27,24,15,0,0,0,0,872,622,559,439
2026/01/26/22:00:03,6570.678152,0.834125,0.786019,0.834125,0.786019,28,27,24,15,0,0,0,0,872,622,559,439
2026/01/26/22:00:04,6571.678324,0.834125,0.786019,0.834125,0.786019,28,27,24,15,0,0,0,0,872,622,559,439
2026/01/26/22:00:05,6572.678517,0.834125,0.786019,0.834125,0.786019,28,27,24,15,0,0,0,0,872,622,559,439
2026/01/26/22:00:06,6573.678679,0.830937,0.768794,0.830937,0.768794,28,27,23,15,0,0,0,0,872,622,560,439
2026/01/26/22:00:07,6574.678794,0.830937,0.768794,0.830937,0.768794,28,27,23,15,0,0,0,0,872,622,560,439
2026/01/26/22:00:08,6575.678957,0.830937,0.768794,0.830937,0.768794,28,27,23,15,0,0,0,0,872,622,560,439
2026/01/26/22:00:09,6576.679059,0.830937,0.768794,0.830937,0.768794,28,27,23,15,0,0,0,0,872,622,560,439
2026/01/26/22:00:10,6577.679222,0.830937,0.768794,0.830937,0.768794,28,27,23,15,0,0,0,0,872,622,560,439
2026/01/26/22:00:11,6578.679387,0.830937,0.768794,0.830937,0.768794,28,27,23,15,0,0,0,0,872,622,560,439
2026/01/26/22:00:12,6579.679492,0.830937,0.768794,0.830937,0.768794,28,27,23,15,0,0,0,0,872,622,560,439
2026/01/26/22:00:13,6580.679665,0.830937,0.768794,0.830937,0.768794,28,27,23,15,0,0,0,0,872,622,560,439
2026/01/26/22:00:14,6581.679832,0.830937,0.768794,0.830937,0.768794,28,27,23,15,0,0,0,0,872,622,560,439
2026/01/26/22:00:15,6582.679964,0.827562,0.763683,0.827562,0.763683,28,26,23,15,0,0,0,0,872,623,560,439
2026/01/26/22:00:16,6583.680127,0.827562,0.763683,0.827562,0.763683,28,26,23,15,0,0,0,0,872,623,560,439
2026/01/26/22:00:17,6584.680288,0.827562,0.763683,0.827562,0.763683,28,26,23,15,0,0,0,0,872,623,560,439
2026/01/26/22:00:18,6585.680397,0.827562,0.763683,0.827562,0.763683,28,26,23,15,0,0,0,0,872,623,560,439
2026/01/26/22:00:19,6586.680509,0.827562,0.763683,0.827562,0.763683,28,26,23,15,0,0,0,0,872,623,560,439
2026/01/26/22:00:20,6587.680675,0.827562,0.763683,0.827562,0.763683,28,26,23,15,0,0,0,0,872,623,560,439
2026/01/26/22:00:21,6588.680853,0.827562,0.763683,0.827562,0.763683,28,26,23,15,0,0,0,0,872,623,560,439
2026/01/26/22:00:22,6589.680931,0.827562,0.763683,0.827562,0.763683,28,26,23,15,0,0,0,0,872,623,560,439
2026/01/26/22:00:23,6590.681023,0.827562,0.763683,0.827562,0.763683,28,26,23,15,0,0,0,0,872,623,560,439
2026/01/26/22:00:24,6591.681125,0.827562,0.763683,0.827562,0.763683,28,26,23,15,0,0,0,0,872,623,560,439
2026/01/26/22:00:25,6592.681294,0.827562,0.763683,0.827562,0.763683,28,26,23,15,0,0,0,0,872,623,560,439
2026/01/26/22:00:26,6593.681406,0.827562,0.763683,0.827562,0.763683,28,26,23,15,0,0,0,0,872,623,560,439
2026/01/26/22:00:27,6594.681526,0.827562,0.763683,0.827562,0.763683,28,26,23,15,0,0,0,0,872,623,560,439
2026/01/26/22:00:28,6595.681698,0.827562,0.763683,0.827562,0.763683,28,26,23,15,0,0,0,0,872,623,560,439
2026/01/26/22:00:29,6596.681865,0.827562,0.763683,0.827562,0.763683,28,26,23,15,0,0,0,0,872,623,560,439
2026/01/26/22:00:30,6597.682029,0.827562,0.763683,0.827562,0.763683,28,26,23,15,0,0,0,0,872,623,560,439
2026/01/26/22:00:31,6598.682236,0.827562,0.763683,0.827562,0.763683,28,26,23,15,0,0,0,0,872,623,560,439
2026/01/26/22:00:32,6599.682357,0.827562,0.763683,0.827562,0.763683,28,26,23,15,0,0,0,0,872,623,560,439
2026/01/26/22:00:33,6600.682512,0.815813,0.730893,0.815813,0.730893,28,24,23,15,0,0,0,0,872,625,560,439
2026/01/26/22:00:34,6601.682603,0.815813,0.730893,0.815813,0.730893,28,24,23,15,0,0,0,0,872,625,560,439
2026/01/26/22:00:35,6602.682714,0.815813,0.730893,0.815813,0.730893,28,24,23,15,0,0,0,0,872,625,560,439
2026/01/26/22:00:36,6603.682882,0.815813,0.730893,0.815813,0.730893,28,24,23,15,0,0,0,0,872,625,560,439
2026/01/26/22:00:37,6604.683045,0.815813,0.730893,0.815813,0.730893,28,24,23,15,0,0,0,0,872,625,560,439
2026/01/26/22:00:38,6605.683221,0.815813,0.730893,0.815813,0.730893,28,24,23,15,0,0,0,0,872,625,560,439
2026/01/26/22:00:39,6606.683326,0.815813,0.730893,0.815813,0.730893,28,24,23,15,0,0,0,0,872,625,560,439
2026/01/26/22:00:40,6607.683429,0.792750,0.714413,0.792750,0.714413,28,24,23,12,0,0,0,0,872,625,560,442
2026/01/26/22:00:41,6608.683542,0.792750,0.714413,0.792750,0.714413,28,24,23,12,0,0,0,0,872,625,560,442
2026/01/26/22:00:42,6609.683706,0.792750,0.714413,0.792750,0.714413,28,24,23,12,0,0,0,0,872,625,560,442
2026/01/26/22:00:43,6610.683821,0.792750,0.714413,0.792750,0.714413,28,24,23,12,0,0,0,0,872,625,560,442
2026/01/26/22:00:44,6611.683914,0.814063,0.727832,0.814063,0.727832,28,24,24,13,0,0,0,0,872,625,560,442
2026/01/26/22:00:45,6612.684087,0.814063,0.727832,0.814063,0.727832,28,24,24,13,0,0,0,0,872,625,560,442
2026/01/26/22:00:46,6613.684250,0.814063,0.727832,0.814063,0.727832,28,24,24,13,0,0,0,0,872,625,560,442
2026/01/26/22:00:47,6614.684345,0.814063,0.727832,0.814063,0.727832,28,24,24,13,0,0,0,0,872,625,560,442
2026/01/26/22:00:48,6615.684512,0.824875,0.724762,0.824875,0.724762,31,24,22,13,0,0,0,0,872,625,562,442
2026/01/26/22:00:49,6616.684609,0.835562,0.736990,0.835562,0.736990,31,24,22,16,0,0,0,0,872,625,562,442
2026/01/26/22:00:50,6617.684798,0.835562,0.736990,0.835562,0.736990,31,24,22,16,0,0,0,0,872,625,562,442
2026/01/26/22:00:51,6618.684864,0.818250,0.727549,0.818250,0.727549,31,24,22,15,0,0,0,0,872,625,562,443
2026/01/26/22:00:52,6619.684973,0.820750,0.790748,0.820750,0.790748,30,24,24,12,0,0,0,0,875,625,562,446
2026/01/26/22:00:53,6620.685156,0.820750,0.790748,0.820750,0.790748,30,24,24,12,0,0,0,0,875,625,562,446
2026/01/26/22:00:54,6621.685311,0.820750,0.790748,0.820750,0.790748,30,24,24,12,0,0,0,0,875,625,562,446
2026/01/26/22:00:55,6622.685479,0.820750,0.790748,0.820750,0.790748,30,24,24,12,0,0,0,0,875,625,562,446
2026/01/26/22:00:56,6623.685611,0.820750,0.790748,0.820750,0.790748,30,24,24,12,0,0,0,0,875,625,562,446
2026/01/26/22:00:57,6624.685791,0.820750,0.790748,0.820750,0.790748,30,24,24,12,0,0,0,0,875,625,562,446
2026/01/26/22:00:58,6625.685929,0.820750,0.790748,0.820750,0.790748,30,24,24,12,0,0,0,0,875,625,562,446
2026/01/26/22:00:59,6626.686045,0.820750,0.790748,0.820750,0.790748,30,24,24,12,0,0,0,0,875,625,562,446
2026/01/26/22:01:00,6627.686197,0.798500,0.744921,0.798500,0.744921,28,24,24,12,0,0,0,0,877,625,562,446
2026/01/26/22:01:01,6628.686367,0.798500,0.744921,0.798500,0.744921,28,24,24,12,0,0,0,0,877,625,562,446
2026/01/26/22:01:02,6629.686481,0.798500,0.744921,0.798500,0.744921,28,24,24,12,0,0,0,0,877,625,562,446
2026/01/26/22:01:03,6630.686582,0.798500,0.744921,0.798500,0.744921,28,24,24,12,0,0,0,0,877,625,562,446
2026/01/26/22:01:04,6631.686729,0.798500,0.744921,0.798500,0.744921,28,24,24,12,0,0,0,0,877,625,562,446
2026/01/26/22:01:05,6632.686860,0.798500,0.744921,0.798500,0.744921,28,24,24,12,0,0,0,0,877,625,562,446
2026/01/26/22:01:06,6633.686973,0.798500,0.744921,0.798500,0.744921,28,24,24,12,0,0,0,0,877,625,562,446
2026/01/26/22:01:07,6634.687182,0.798500,0.744921,0.798500,0.744921,28,24,24,12,0,0,0,0,877,625,562,446
2026/01/26/22:01:08,6635.687347,0.798500,0.744921,0.798500,0.744921,28,24,24,12,0,0,0,0,877,625,562,446
2026/01/26/22:01:09,6636.687513,0.798500,0.744921,0.798500,0.744921,28,24,24,12,0,0,0,0,877,625,562,446
2026/01/26/22:01:10,6637.687676,0.798500,0.744921,0.798500,0.744921,28,24,24,12,0,0,0,0,877,625,562,446
2026/01/26/22:01:11,6638.687853,0.798500,0.744921,0.798500,0.744921,28,24,24,12,0,0,0,0,877,625,562,446
2026/01/26/22:01:12,6639.687959,0.798500,0.744921,0.798500,0.744921,28,24,24,12,0,0,0,0,877,625,562,446
2026/01/26/22:01:13,6640.688080,0.798500,0.744921,0.798500,0.744921,28,24,24,12,0,0,0,0,877,625,562,446
2026/01/26/22:01:14,6641.688228,0.859000,0.802009,0.859000,0.802009,35,24,25,12,0,0,0,0,877,625,562,446
2026/01/26/22:01:15,6642.688392,0.884188,0.829132,0.898125,0.835128,38,25,25,12,0,1,0,0,877,625,562,446
2026/01/26/22:01:16,6643.688534,0.884188,0.829132,0.898125,0.835128,38,25,25,12,0,1,0,0,877,625,562,446
2026/01/26/22:01:17,6644.688704,0.914312,0.852681,0.957875,0.862392,40,29,24,12,0,2,0,0,877,625,563,446
2026/01/26/22:01:18,6645.688820,0.910125,0.815023,0.939750,0.818737,35,30,24,12,0,1,0,0,882,625,563,446
2026/01/26/22:01:19,6646.688982,0.896250,0.798631,0.925875,0.802345,33,30,24,12,0,1,0,0,884,625,563,446
2026/01/26/22:01:20,6647.689142,0.870563,0.776828,0.900188,0.780542,32,27,24,12,0,1,0,0,885,628,563,446
2026/01/26/22:01:21,6648.689241,0.865750,0.771839,0.895375,0.775553,32,26,24,12,0,1,0,0,885,629,563,446
2026/01/26/22:01:22,6649.689407,0.865750,0.771839,0.895375,0.775553,32,26,24,12,0,1,0,0,885,629,563,446
2026/01/26/22:01:23,6650.689534,0.889687,0.827981,0.929000,0.855328,31,31,24,12,0,2,0,0,886,629,563,446
2026/01/26/22:01:24,6651.689647,0.889687,0.827981,0.929000,0.855328,31,31,24,12,0,2,0,0,886,629,563,446
2026/01/26/22:01:25,6652.689842,0.889687,0.827981,0.929000,0.855328,31,31,24,12,0,2,0,0,886,629,563,446
2026/01/26/22:01:26,6653.689975,0.882437,0.821137,0.921750,0.848484,31,29,24,12,0,2,0,0,886,631,563,446
2026/01/26/22:01:27,6654.690080,0.863062,0.773870,0.892687,0.777584,31,27,24,12,0,1,0,0,886,633,563,446
2026/01/26/22:01:28,6655.690157,0.928063,0.852177,0.999687,0.882192,34,28,26,15,3,1,0,0,886,633,563,446
2026/01/26/22:01:29,6656.690284,0.928063,0.852177,0.999687,0.882192,34,28,26,15,3,1,0,0,886,633,563,446
2026/01/26/22:01:30,6657.690372,0.928063,0.852177,0.970063,0.878477,34,28,26,15,3,0,0,0,886,633,563,446
2026/01/26/22:01:31,6658.690517,0.927063,0.857424,0.955063,0.874958,35,27,26,15,2,0,0,0,886,634,563,446
2026/01/26/22:01:32,6659.690680,0.911188,0.836105,0.939187,0.853638,35,27,24,15,2,0,0,0,886,634,565,446
2026/01/26/22:01:33,6660.690856,0.928687,0.829924,0.928687,0.829924,37,27,24,12,0,0,0,0,886,634,565,449
2026/01/26/22:01:34,6661.691000,0.886687,0.803624,0.886687,0.803624,34,27,24,12,0,0,0,0,889,634,565,449
2026/01/26/22:01:35,6662.691114,0.894125,0.815236,0.894125,0.815236,35,27,24,12,0,0,0,0,889,634,565,449
2026/01/26/22:01:36,6663.691285,0.894125,0.815236,0.894125,0.815236,35,27,24,12,0,0,0,0,889,634,565,449
2026/01/26/22:01:37,6664.691381,0.870500,0.785483,0.870500,0.785483,32,27,24,12,0,0,0,0,892,634,565,449
2026/01/26/22:01:38,6665.691645,0.870500,0.785483,0.870500,0.785483,32,27,24,12,0,0,0,0,892,634,565,449
2026/01/26/22:01:39,6666.691698,0.870500,0.785483,0.870500,0.785483,32,27,24,12,0,0,0,0,892,634,565,449
2026/01/26/22:01:40,6667.691818,0.870500,0.785483,0.870500,0.785483,32,27,24,12,0,0,0,0,892,634,565,449
2026/01/26/22:01:41,6668.691906,0.870500,0.785483,0.870500,0.785483,32,27,24,12,0,0,0,0,892,634,565,449
2026/01/26/22:01:42,6669.692073,0.870500,0.785483,0.870500,0.785483,32,27,24,12,0,0,0,0,892,634,565,449
2026/01/26/22:01:43,6670.692176,0.870500,0.785483,0.870500,0.785483,32,27,24,12,0,0,0,0,892,634,565,449
2026/01/26/22:01:44,6671.692273,0.870500,0.785483,0.870500,0.785483,32,27,24,12,0,0,0,0,892,634,565,449
2026/01/26/22:01:45,6672.692383,0.870500,0.785483,0.870500,0.785483,32,27,24,12,0,0,0,0,892,634,565,449
2026/01/26/22:01:46,6673.692498,0.863062,0.773870,0.863062,0.773870,31,27,24,12,0,0,0,0,893,634,565,449
2026/01/26/22:01:47,6674.692606,0.863062,0.773870,0.863062,0.773870,31,27,24,12,0,0,0,0,893,634,565,449
2026/01/26/22:01:48,6675.692720,0.863062,0.773870,0.863062,0.773870,31,27,24,12,0,0,0,0,893,634,565,449
2026/01/26/22:01:49,6676.692881,0.863062,0.773870,0.863062,0.773870,31,27,24,12,0,0,0,0,893,634,565,449
2026/01/26/22:01:50,6677.693043,0.863062,0.773870,0.863062,0.773870,31,27,24,12,0,0,0,0,893,634,565,449
2026/01/26/22:01:51,6678.693143,0.878188,0.804810,0.878188,0.804810,33,29,24,12,0,0,0,0,893,634,565,449
2026/01/26/22:01:52,6679.693253,0.878188,0.804810,0.878188,0.804810,33,29,24,12,0,0,0,0,893,634,565,449
2026/01/26/22:01:53,6680.693369,0.878188,0.804810,0.878188,0.804810,33,29,24,12,0,0,0,0,893,634,565,449
2026/01/26/22:01:54,6681.693458,0.871812,0.791377,0.871812,0.791377,33,27,24,12,0,0,0,0,893,636,565,449
2026/01/26/22:01:55,6682.693630,0.871812,0.791377,0.871812,0.791377,33,27,24,12,0,0,0,0,893,636,565,449
2026/01/26/22:01:56,6683.693829,0.871812,0.791377,0.871812,0.791377,33,27,24,12,0,0,0,0,893,636,565,449
2026/01/26/22:01:57,6684.693929,0.871812,0.791377,0.871812,0.791377,33,27,24,12,0,0,0,0,893,636,565,449
2026/01/26/22:01:58,6685.694046,0.871812,0.791377,0.871812,0.791377,33,27,24,12,0,0,0,0,893,636,565,449
2026/01/26/22:01:59,6686.694198,0.871812,0.791377,0.871812,0.791377,33,27,24,12,0,0,0,0,893,636,565,449
2026/01/26/22:02:00,6687.694309,0.871812,0.791377,0.871812,0.791377,33,27,24,12,0,0,0,0,893,636,565,449
2026/01/26/22:02:01,6688.694413,0.871812,0.791377,0.871812,0.791377,33,27,24,12,0,0,0,0,893,636,565,449
2026/01/26/22:02:02,6689.694577,0.871812,0.791377,0.871812,0.791377,33,27,24,12,0,0,0,0,893,636,565,449
2026/01/26/22:02:03,6690.694736,0.782188,0.776680,0.782188,0.776680,30,27,24,12,0,0,0,0,896,636,565,449
2026/01/26/22:02:04,6691.694884,0.782188,0.776680,0.782188,0.776680,30,27,24,12,0,0,0,0,896,636,565,449
2026/01/26/22:02:05,6692.694990,0.782188,0.776680,0.782188,0.776680,30,27,24,12,0,0,0,0,896,636,565,449
2026/01/26/22:02:06,6693.695097,0.782188,0.776680,0.782188,0.776680,30,27,24,12,0,0,0,0,896,636,565,449
2026/01/26/22:02:07,6694.695205,0.782188,0.776680,0.782188,0.776680,30,27,24,12,0,0,0,0,896,636,565,449
2026/01/26/22:02:08,6695.695370,0.782188,0.776680,0.782188,0.776680,30,27,24,12,0,0,0,0,896,636,565,449
2026/01/26/22:02:09,6696.695537,0.782188,0.776680,0.782188,0.776680,30,27,24,12,0,0,0,0,896,636,565,449
2026/01/26/22:02:10,6697.695703,0.782188,0.776680,0.782188,0.776680,30,27,24,12,0,0,0,0,896,636,565,449
2026/01/26/22:02:11,6698.695828,0.782188,0.776680,0.782188,0.776680,30,27,24,12,0,0,0,0,896,636,565,449
2026/01/26/22:02:12,6699.695968,0.782188,0.776680,0.782188,0.776680,30,27,24,12,0,0,0,0,896,636,565,449
2026/01/26/22:02:13,6700.696073,0.782188,0.776680,0.782188,0.776680,30,27,24,12,0,0,0,0,896,636,565,449
2026/01/26/22:02:14,6701.696167,0.773438,0.759173,0.773438,0.759173,28,27,24,12,0,0,0,0,898,636,565,449
2026/01/26/22:02:15,6702.696342,0.773438,0.759173,0.773438,0.759173,28,27,24,12,0,0,0,0,898,636,565,449
2026/01/26/22:02:16,6703.696515,0.773438,0.759173,0.773438,0.759173,28,27,24,12,0,0,0,0,898,636,565,449
2026/01/26/22:02:17,6704.696622,0.773438,0.759173,0.773438,0.759173,28,27,24,12,0,0,0,0,898,636,565,449
2026/01/26/22:02:18,6705.696808,0.773438,0.759173,0.773438,0.759173,28,27,24,12,0,0,0,0,898,636,565,449
2026/01/26/22:02:19,6706.696868,0.773438,0.759173,0.773438,0.759173,28,27,24,12,0,0,0,0,898,636,565,449
2026/01/26/22:02:20,6707.696980,0.773438,0.759173,0.773438,0.759173,28,27,24,12,0,0,0,0,898,636,565,449
2026/01/26/22:02:21,6708.697093,0.773438,0.759173,0.773438,0.759173,28,27,24,12,0,0,0,0,898,636,565,449
2026/01/26/22:02:22,6709.697257,0.773438,0.759173,0.773438,0.759173,28,27,24,12,0,0,0,0,898,636,565,449
2026/01/26/22:02:23,6710.697363,0.773438,0.759173,0.773438,0.759173,28,27,24,12,0,0,0,0,898,636,565,449
2026/01/26/22:02:24,6711.697513,0.773438,0.759173,0.773438,0.759173,28,27,24,12,0,0,0,0,898,636,565,449
2026/01/26/22:02:25,6712.697681,0.762437,0.715462,0.762437,0.715462,28,27,22,12,0,0,0,0,898,636,567,449
2026/01/26/22:02:26,6713.697811,0.762437,0.715462,0.762437,0.715462,28,27,22,12,0,0,0,0,898,636,567,449
2026/01/26/22:02:27,6714.697957,0.762437,0.715462,0.762437,0.715462,28,27,22,12,0,0,0,0,898,636,567,449
2026/01/26/22:02:28,6715.698132,0.762437,0.715462,0.762437,0.715462,28,27,22,12,0,0,0,0,898,636,567,449
2026/01/26/22:02:29,6716.698252,0.762437,0.715462,0.762437,0.715462,28,27,22,12,0,0,0,0,898,636,567,449
2026/01/26/22:02:30,6717.698365,0.762437,0.715462,0.762437,0.715462,28,27,22,12,0,0,0,0,898,636,567,449
2026/01/26/22:02:31,6718.698513,0.762437,0.715462,0.762437,0.715462,28,27,22,12,0,0,0,0,898,636,567,449
2026/01/26/22:02:32,6719.698623,0.762437,0.715462,0.762437,0.715462,28,27,22,12,0,0,0,0,898,636,567,449
2026/01/26/22:02:33,6720.698805,0.762437,0.715462,0.762437,0.715462,28,27,22,12,0,0,0,0,898,636,567,449
2026/01/26/22:02:34,6721.698937,0.762437,0.715462,0.762437,0.715462,28,27,22,12,0,0,0,0,898,636,567,449
2026/01/26/22:02:35,6722.699107,0.734563,0.703470,0.734563,0.703470,28,25,22,12,0,0,0,0,898,638,567,449
2026/01/26/22:02:36,6723.699208,0.734563,0.703470,0.734563,0.703470,28,25,22,12,0,0,0,0,898,638,567,449
2026/01/26/22:02:37,6724.699324,0.734563,0.703470,0.734563,0.703470,28,25,22,12,0,0,0,0,898,638,567,449
2026/01/26/22:02:38,6725.699478,0.734563,0.703470,0.734563,0.703470,28,25,22,12,0,0,0,0,898,638,567,449
2026/01/26/22:02:39,6726.699642,0.734563,0.703470,0.734563,0.703470,28,25,22,12,0,0,0,0,898,638,567,449
2026/01/26/22:02:40,6727.699831,0.734563,0.703470,0.734563,0.703470,28,25,22,12,0,0,0,0,898,638,567,449
2026/01/26/22:02:41,6728.700006,0.752563,0.742868,0.752563,0.742868,28,28,22,12,0,0,0,0,898,638,567,449
2026/01/26/22:02:42,6729.700160,0.752563,0.742868,0.752563,0.742868,28,28,22,12,0,0,0,0,898,638,567,449
2026/01/26/22:02:43,6730.700308,0.720125,0.731953,0.720125,0.731953,25,28,22,12,0,0,0,0,901,638,567,449
2026/01/26/22:02:44,6731.700409,0.720125,0.731953,0.720125,0.731953,25,28,22,12,0,0,0,0,901,638,567,449
2026/01/26/22:02:45,6732.700584,0.720125,0.731953,0.720125,0.731953,25,28,22,12,0,0,0,0,901,638,567,449
2026/01/26/22:02:46,6733.700697,0.720125,0.731953,0.720125,0.731953,25,28,22,12,0,0,0,0,901,638,567,449
2026/01/26/22:02:47,6734.700856,0.746687,0.798956,0.753062,0.845464,27,30,23,13,0,0,2,0,901,638,567,449
2026/01/26/22:02:48,6735.700966,0.778000,0.821750,0.788312,0.897468,28,33,23,14,0,1,2,0,901,638,567,449
2026/01/26/22:02:49,6736.701072,0.778000,0.821750,0.792250,0.926677,28,33,23,14,0,2,2,0,901,638,567,449
2026/01/26/22:02:50,6737.701143,0.771000,0.815783,0.785250,0.920710,28,32,23,14,0,2,2,0,901,639,567,449
2026/01/26/22:02:51,6738.701318,0.762188,0.812250,0.776438,0.917177,28,32,23,13,0,2,2,0,901,639,567,450
2026/01/26/22:02:52,6739.701434,0.762188,0.812250,0.776438,0.917177,28,32,23,13,0,2,2,0,901,639,567,450
2026/01/26/22:02:53,6740.701600,0.754687,0.785706,0.768938,0.890633,26,32,23,13,0,2,2,0,903,639,567,450
2026/01/26/22:02:54,6741.701687,0.751125,0.780080,0.765375,0.885007,26,31,23,13,0,2,2,0,903,640,567,450
2026/01/26/22:02:55,6742.701825,0.751125,0.780080,0.765375,0.885007,26,31,23,13,0,2,2,0,903,640,567,450
2026/01/26/22:02:56,6743.701936,0.751125,0.780080,0.765375,0.885007,26,31,23,13,0,2,2,0,903,640,567,450
2026/01/26/22:02:57,6744.702095,0.751875,0.786035,0.755812,0.815245,26,32,22,13,0,1,0,0,903,640,568,450
2026/01/26/22:02:58,6745.702198,0.751875,0.786035,0.755812,0.815245,26,32,22,13,0,1,0,0,903,640,568,450
2026/01/26/22:02:59,6746.702323,0.751875,0.786035,0.755812,0.815245,26,32,22,13,0,1,0,0,903,640,568,450
2026/01/26/22:03:00,6747.702435,0.751875,0.786035,0.755812,0.815245,26,32,22,13,0,1,0,0,903,640,568,450
2026/01/26/22:03:01,6748.702545,0.751875,0.786035,0.755812,0.815245,26,32,22,13,0,1,0,0,903,640,568,450
2026/01/26/22:03:02,6749.702647,0.751875,0.786035,0.755812,0.815245,26,32,22,13,0,1,0,0,903,640,568,450
2026/01/26/22:03:03,6750.702753,0.751875,0.786035,0.755812,0.815245,26,32,22,13,0,1,0,0,903,640,568,450
2026/01/26/22:03:04,6751.702919,0.751875,0.786035,0.755812,0.815245,26,32,22,13,0,1,0,0,903,640,568,450
2026/01/26/22:03:05,6752.703109,0.746563,0.780423,0.750500,0.809633,26,32,22,12,0,1,0,0,903,640,568,451
2026/01/26/22:03:06,6753.703210,0.746563,0.780423,0.750500,0.809633,26,32,22,12,0,1,0,0,903,640,568,451
2026/01/26/22:03:07,6754.703378,0.746563,0.780423,0.750500,0.809633,26,32,22,12,0,1,0,0,903,640,568,451
2026/01/26/22:03:08,6755.703539,0.746563,0.780423,0.750500,0.809633,26,32,22,12,0,1,0,0,903,640,568,451
2026/01/26/22:03:09,6756.703703,0.746563,0.780423,0.750500,0.809633,26,32,22,12,0,1,0,0,903,640,568,451
2026/01/26/22:03:10,6757.703835,0.746563,0.780423,0.750500,0.809633,26,32,22,12,0,1,0,0,903,640,568,451
2026/01/26/22:03:11,6758.703939,0.746563,0.780423,0.750500,0.809633,26,32,22,12,0,1,0,0,903,640,568,451
2026/01/26/22:03:12,6759.704056,0.746563,0.780423,0.750500,0.809633,26,32,22,12,0,1,0,0,903,640,568,451
2026/01/26/22:03:13,6760.704215,0.779438,0.790317,0.783375,0.819527,28,32,22,12,0,1,0,0,903,640,568,451
2026/01/26/22:03:14,6761.704307,0.779438,0.790317,0.783375,0.819527,28,32,22,12,0,1,0,0,903,640,568,451
2026/01/26/22:03:15,6762.704479,0.779438,0.790317,0.783375,0.819527,28,32,22,12,0,1,0,0,903,640,568,451
2026/01/26/22:03:16,6763.704583,0.779438,0.790317,0.783375,0.819527,28,32,22,12,0,1,0,0,903,640,568,451
2026/01/26/22:03:17,6764.704747,0.779438,0.790317,0.783375,0.819527,28,32,22,12,0,1,0,0,903,640,568,451
2026/01/26/22:03:18,6765.704920,0.779438,0.790317,0.783375,0.819527,28,32,22,12,0,1,0,0,903,640,568,451
2026/01/26/22:03:19,6766.705087,0.779438,0.790317,0.783375,0.819527,28,32,22,12,0,1,0,0,903,640,568,451
2026/01/26/22:03:20,6767.705172,0.775250,0.784956,0.779188,0.814165,28,31,22,12,0,1,0,0,903,641,568,451
2026/01/26/22:03:21,6768.705334,0.766875,0.774233,0.770813,0.803443,28,29,22,12,0,1,0,0,903,643,568,451
2026/01/26/22:03:22,6769.705486,0.766875,0.774233,0.770813,0.803443,28,29,22,12,0,1,0,0,903,643,568,451
2026/01/26/22:03:23,6770.705646,0.766875,0.774233,0.770813,0.803443,28,29,22,12,0,1,0,0,903,643,568,451
2026/01/26/22:03:24,6771.705738,0.766875,0.774233,0.770813,0.803443,28,29,22,12,0,1,0,0,903,643,568,451
2026/01/26/22:03:25,6772.705912,0.766875,0.774233,0.770813,0.803443,28,29,22,12,0,1,0,0,903,643,568,451
2026/01/26/22:03:26,6773.706028,0.766875,0.774233,0.770813,0.803443,28,29,22,12,0,1,0,0,903,643,568,451
2026/01/26/22:03:27,6774.706203,0.766875,0.774233,0.770813,0.803443,28,29,22,12,0,1,0,0,903,643,568,451
2026/01/26/22:03:28,6775.706367,0.816375,0.785741,0.820312,0.814950,31,29,22,12,0,1,0,0,903,643,568,451
2026/01/26/22:03:29,6776.706529,0.816375,0.785741,0.820312,0.814950,31,29,22,12,0,1,0,0,903,643,568,451
2026/01/26/22:03:30,6777.706633,0.816375,0.785741,0.820312,0.814950,31,29,22,12,0,1,0,0,903,643,568,451
2026/01/26/22:03:31,6778.706809,0.816375,0.785741,0.820312,0.814950,31,29,22,12,0,1,0,0,903,643,568,451
2026/01/26/22:03:32,6779.706868,0.816375,0.785741,0.820312,0.814950,31,29,22,12,0,1,0,0,903,643,568,451
2026/01/26/22:03:33,6780.707027,0.816375,0.785741,0.820312,0.814950,31,29,22,12,0,1,0,0,903,643,568,451
2026/01/26/22:03:34,6781.707178,0.816375,0.785741,0.820312,0.814950,31,29,22,12,0,1,0,0,903,643,568,451
2026/01/26/22:03:35,6782.707347,0.816375,0.785741,0.820312,0.814950,31,29,22,12,0,1,0,0,903,643,568,451
2026/01/26/22:03:36,6783.707505,0.816375,0.785741,0.820312,0.814950,31,29,22,12,0,1,0,0,903,643,568,451
2026/01/26/22:03:37,6784.707618,0.816375,0.785741,0.820312,0.814950,31,29,22,12,0,1,0,0,903,643,568,451
2026/01/26/22:03:38,6785.707810,0.816375,0.785741,0.820312,0.814950,31,29,22,12,0,1,0,0,903,643,568,451
2026/01/26/22:03:39,6786.707923,0.816375,0.785741,0.820312,0.814950,31,29,22,12,0,1,0,0,903,643,568,451
2026/01/26/22:03:40,6787.708043,0.820312,0.814950,0.820312,0.814950,31,30,22,12,0,0,0,0,904,643,568,451
2026/01/26/22:03:41,6788.708196,0.820312,0.814950,0.820312,0.814950,31,30,22,12,0,0,0,0,904,643,568,451
2026/01/26/22:03:42,6789.708308,0.770813,0.803443,0.770813,0.803443,28,30,22,12,0,0,0,0,907,643,568,451
2026/01/26/22:03:43,6790.708459,0.770813,0.803443,0.770813,0.803443,28,30,22,12,0,0,0,0,907,643,568,451
2026/01/26/22:03:44,6791.708554,0.770813,0.803443,0.770813,0.803443,28,30,22,12,0,0,0,0,907,643,568,451
2026/01/26/22:03:45,6792.708728,0.752812,0.764044,0.752812,0.764044,28,27,22,12,0,0,0,0,907,646,568,451
2026/01/26/22:03:46,6793.708904,0.809562,0.828713,0.815937,0.882817,35,31,22,15,2,0,0,0,907,646,568,451
2026/01/26/22:03:47,6794.708977,0.862437,0.844861,0.925687,0.905790,35,33,24,15,2,0,2,0,907,646,568,451
2026/01/26/22:03:48,6795.709150,0.884312,0.874314,0.966250,0.939627,35,35,27,15,3,0,2,0,907,646,568,451
2026/01/26/22:03:49,6796.709239,0.882188,0.886275,0.939063,0.893101,33,38,25,16,0,0,2,0,910,646,570,451
2026/01/26/22:03:50,6797.709364,0.939875,0.901683,1.010063,0.925260,32,39,28,16,0,2,1,0,914,646,570,451
2026/01/26/22:03:51,6798.709472,0.905750,0.867905,0.975938,0.891482,32,33,28,16,0,2,1,0,914,652,570,451
2026/01/26/22:03:52,6799.709586,0.905750,0.867905,0.975938,0.891482,32,33,28,16,0,2,1,0,914,652,570,451
2026/01/26/22:03:53,6800.709749,0.905750,0.867905,0.975938,0.891482,32,33,28,16,0,2,1,0,914,652,570,451
2026/01/26/22:03:54,6801.709841,0.895437,0.854073,0.965625,0.877650,32,33,28,13,0,2,1,0,914,652,570,454
2026/01/26/22:03:55,6802.709915,0.895437,0.854073,0.965625,0.877650,32,33,28,13,0,2,1,0,914,652,570,454
2026/01/26/22:03:56,6803.710022,0.895437,0.854073,0.965625,0.877650,32,33,28,13,0,2,1,0,914,652,570,454
2026/01/26/22:03:57,6804.710125,0.876750,0.849689,0.946937,0.873266,31,33,28,13,0,2,1,0,915,652,570,454
2026/01/26/22:03:58,6805.710225,0.893188,0.853290,0.914062,0.863372,29,34,29,13,0,1,0,0,917,652,570,454
2026/01/26/22:03:59,6806.710330,0.893188,0.853290,0.914062,0.863372,29,34,29,13,0,1,0,0,917,652,570,454
2026/01/26/22:04:00,6807.710528,0.893188,0.853290,0.914062,0.863372,29,34,29,13,0,1,0,0,917,652,570,454
2026/01/26/22:04:01,6808.710694,0.893188,0.853290,0.914062,0.863372,29,34,29,13,0,1,0,0,917,652,570,454
2026/01/26/22:04:02,6809.710861,0.893188,0.853290,0.914062,0.863372,29,34,29,13,0,1,0,0,917,652,570,454
2026/01/26/22:04:03,6810.710967,0.893188,0.853290,0.914062,0.863372,29,34,29,13,0,1,0,0,917,652,570,454
2026/01/26/22:04:04,6811.711118,0.857187,0.856547,0.857187,0.856547,29,35,27,13,0,0,0,0,917,652,572,454
2026/01/26/22:04:05,6812.711293,0.857187,0.856547,0.857187,0.856547,29,35,27,13,0,0,0,0,917,652,572,454
2026/01/26/22:04:06,6813.711398,0.821750,0.837198,0.821750,0.837198,26,35,27,13,0,0,0,0,920,652,572,454
2026/01/26/22:04:07,6814.711513,0.848063,0.881103,0.851187,0.902905,27,36,29,15,0,1,0,0,920,652,572,454
2026/01/26/22:04:08,6815.711694,0.848063,0.881103,0.851187,0.902905,27,36,29,15,0,1,0,0,920,652,572,454
2026/01/26/22:04:09,6816.711859,0.833438,0.865452,0.836562,0.887254,27,36,26,15,0,1,0,0,920,652,575,454
2026/01/26/22:04:10,6817.712055,0.833438,0.865452,0.836562,0.887254,27,36,26,15,0,1,0,0,920,652,575,454
2026/01/26/22:04:11,6818.712168,0.833438,0.865452,0.836562,0.887254,27,36,26,15,0,1,0,0,920,652,575,454
2026/01/26/22:04:12,6819.712274,0.833438,0.865452,0.836562,0.887254,27,36,26,15,0,1,0,0,920,652,575,454
2026/01/26/22:04:13,6820.712356,0.830313,0.843649,0.830313,0.843649,27,35,26,15,0,0,0,0,920,653,575,454
2026/01/26/22:04:14,6821.712472,0.830313,0.843649,0.830313,0.843649,27,35,26,15,0,0,0,0,920,653,575,454
2026/01/26/22:04:15,6822.712573,0.830313,0.843649,0.830313,0.843649,27,35,26,15,0,0,0,0,920,653,575,454
2026/01/26/22:04:16,6823.712739,0.830313,0.843649,0.830313,0.843649,27,35,26,15,0,0,0,0,920,653,575,454
2026/01/26/22:04:17,6824.712923,0.830313,0.843649,0.830313,0.843649,27,35,26,15,0,0,0,0,920,653,575,454
2026/01/26/22:04:18,6825.713107,0.809500,0.831459,0.809500,0.831459,27,32,26,15,0,0,0,0,920,656,575,454
2026/01/26/22:04:19,6826.713258,0.797562,0.815948,0.797562,0.815948,26,32,24,15,0,0,0,0,921,656,577,454
2026/01/26/22:04:20,6827.713370,0.797562,0.815948,0.797562,0.815948,26,32,24,15,0,0,0,0,921,656,577,454
2026/01/26/22:04:21,6828.713465,0.797562,0.815948,0.797562,0.815948,26,32,24,15,0,0,0,0,921,656,577,454
2026/01/26/22:04:22,6829.713628,0.826438,0.825636,0.826438,0.825636,26,32,27,15,0,0,0,0,921,656,577,454
2026/01/26/22:04:23,6830.713717,0.872563,0.857499,0.890687,0.882324,30,32,28,15,4,0,0,0,921,656,577,454
2026/01/26/22:04:24,6831.713807,0.917813,0.927651,0.917813,0.927651,37,35,29,15,0,0,0,0,921,656,577,454
2026/01/26/22:04:25,6832.713925,0.925188,0.936186,0.934438,0.952293,37,35,31,15,2,0,0,0,921,656,577,454
2026/01/26/22:04:26,6833.714012,0.918375,0.914114,0.927625,0.930221,35,35,31,15,2,0,0,0,923,656,577,454
2026/01/26/22:04:27,6834.714117,0.924000,0.926450,0.924000,0.926450,37,35,30,15,0,0,0,0,923,656,578,454
2026/01/26/22:04:28,6835.714741,0.926250,0.930401,1.006750,1.024184,37,36,30,15,3,1,4,0,923,657,578,454
2026/01/26/22:04:29,6836.714384,0.932875,0.943534,1.015313,1.043596,37,37,31,17,4,2,4,0,925,657,578,454
2026/01/26/22:04:30,6837.714484,0.930750,0.930533,1.003250,1.023517,35,38,31,17,3,1,4,0,928,657,578,454
2026/01/26/22:04:31,6838.714553,0.930750,0.930533,0.980625,1.019011,35,38,31,17,3,0,4,0,928,657,578,454
2026/01/26/22:04:32,6839.714677,0.904563,0.900009,0.945250,0.984803,35,36,28,15,3,0,3,0,928,659,581,456
2026/01/26/22:04:33,6840.714787,0.904563,0.900009,0.945250,0.984803,35,36,28,15,3,0,3,0,928,659,581,456
2026/01/26/22:04:34,6841.714854,0.904563,0.900009,0.945250,0.984803,35,36,28,15,3,0,3,0,928,659,581,456
2026/01/26/22:04:35,6842.715016,0.900500,0.903307,0.938000,0.971001,35,34,29,15,3,0,2,0,928,661,581,456
2026/01/26/22:04:36,6843.715125,0.900500,0.903307,0.938000,0.971001,35,34,29,15,3,0,2,0,928,661,581,456
2026/01/26/22:04:37,6844.715241,0.900500,0.903307,0.938000,0.971001,35,34,29,15,3,0,2,0,928,661,581,456
2026/01/26/22:04:38,6845.715405,0.900500,0.903307,0.938000,0.971001,35,34,29,15,3,0,2,0,928,661,581,456
2026/01/26/22:04:39,6846.715513,0.900500,0.903307,0.938000,0.971001,35,34,29,15,3,0,2,0,928,661,581,456
2026/01/26/22:04:40,6847.715676,0.900500,0.903307,0.938000,0.971001,35,34,29,15,3,0,2,0,928,661,581,456
2026/01/26/22:04:41,6848.715750,0.896125,0.899691,0.933625,0.967385,35,33,29,15,3,0,2,0,928,662,581,456
2026/01/26/22:04:42,6849.715935,0.896125,0.899691,0.933625,0.967385,35,33,29,15,3,0,2,0,928,662,581,456
2026/01/26/22:04:43,6850.716040,0.896125,0.899691,0.933625,0.967385,35,33,29,15,3,0,2,0,928,662,581,456
2026/01/26/22:04:44,6851.716186,0.889813,0.900471,0.916937,0.957000,33,33,29,15,2,0,2,0,931,662,581,456
2026/01/26/22:04:45,6852.716296,0.888750,0.917110,0.895125,0.951311,35,33,26,16,0,0,2,0,931,662,584,456
2026/01/26/22:04:46,6853.716375,0.851250,0.900976,0.866187,0.950470,35,31,26,17,0,0,3,0,931,664,584,456
2026/01/26/22:04:47,6854.716482,0.844187,0.896977,0.859125,0.946471,35,31,26,16,0,0,3,0,931,664,584,457
2026/01/26/22:04:48,6855.716584,0.830500,0.880392,0.845437,0.929886,32,31,26,16,0,0,3,0,934,664,584,457
2026/01/26/22:04:49,6856.716680,0.823063,0.859262,0.831625,0.874555,32,31,25,15,0,0,1,0,934,664,585,458
2026/01/26/22:04:50,6857.716860,0.831625,0.874555,0.831625,0.874555,32,31,26,15,0,0,0,0,934,664,585,458
2026/01/26/22:04:51,6858.717116,0.831625,0.874555,0.831625,0.874555,32,31,26,15,0,0,0,0,934,664,585,458
2026/01/26/22:04:52,6859.717230,0.831625,0.874555,0.831625,0.874555,32,31,26,15,0,0,0,0,934,664,585,458
2026/01/26/22:04:53,6860.717399,0.831625,0.874555,0.831625,0.874555,32,31,26,15,0,0,0,0,934,664,585,458
2026/01/26/22:04:54,6861.717544,0.800500,0.841062,0.800500,0.841062,29,31,26,15,0,0,0,0,937,664,585,458
2026/01/26/22:04:55,6862.717710,0.800500,0.841062,0.800500,0.841062,29,31,26,15,0,0,0,0,937,664,585,458
2026/01/26/22:04:56,6863.717827,0.786625,0.816901,0.786625,0.816901,26,31,26,15,0,0,0,0,940,664,585,458
2026/01/26/22:04:57,6864.717938,0.786625,0.816901,0.786625,0.816901,26,31,26,15,0,0,0,0,940,664,585,458
2026/01/26/22:04:58,6865.718045,0.786625,0.816901,0.786625,0.816901,26,31,26,15,0,0,0,0,940,664,585,458
2026/01/26/22:04:59,6866.718148,0.786625,0.816901,0.786625,0.816901,26,31,26,15,0,0,0,0,940,664,585,458
2026/01/26/22:05:00,6867.718263,0.786625,0.816901,0.786625,0.816901,26,31,26,15,0,0,0,0,940,664,585,458
2026/01/26/22:05:01,6868.718431,0.786625,0.816901,0.786625,0.816901,26,31,26,15,0,0,0,0,940,664,585,458
2026/01/26/22:05:02,6869.718544,0.786625,0.816901,0.786625,0.816901,26,31,26,15,0,0,0,0,940,664,585,458
2026/01/26/22:05:03,6870.718714,0.786625,0.816901,0.786625,0.816901,26,31,26,15,0,0,0,0,940,664,585,458
2026/01/26/22:05:04,6871.718832,0.786625,0.816901,0.786625,0.816901,26,31,26,15,0,0,0,0,940,664,585,458
2026/01/26/22:05:05,6872.718999,0.786625,0.816901,0.786625,0.816901,26,31,26,15,0,0,0,0,940,664,585,458
2026/01/26/22:05:06,6873.719161,0.786625,0.816901,0.786625,0.816901,26,31,26,15,0,0,0,0,940,664,585,458
2026/01/26/22:05:07,6874.719360,0.786625,0.816901,0.786625,0.816901,26,31,26,15,0,0,0,0,940,664,585,458
2026/01/26/22:05:08,6875.719481,0.786625,0.816901,0.786625,0.816901,26,31,26,15,0,0,0,0,940,664,585,458
2026/01/26/22:05:09,6876.719645,0.786625,0.816901,0.786625,0.816901,26,31,26,15,0,0,0,0,940,664,585,458
2026/01/26/22:05:10,6877.719820,0.786625,0.816901,0.786625,0.816901,26,31,26,15,0,0,0,0,940,664,585,458
2026/01/26/22:05:11,6878.719966,0.786625,0.816901,0.786625,0.816901,26,31,26,15,0,0,0,0,940,664,585,458
2026/01/26/22:05:12,6879.720089,0.786625,0.816901,0.786625,0.816901,26,31,26,15,0,0,0,0,940,664,585,458
2026/01/26/22:05:13,6880.720197,0.786625,0.816901,0.786625,0.816901,26,31,26,15,0,0,0,0,940,664,585,458
2026/01/26/22:05:14,6881.720347,0.786625,0.816901,0.786625,0.816901,26,31,26,15,0,0,0,0,940,664,585,458
2026/01/26/22:05:15,6882.720515,0.786625,0.816901,0.786625,0.816901,26,31,26,15,0,0,0,0,940,664,585,458
2026/01/26/22:05:16,6883.720639,0.786625,0.816901,0.786625,0.816901,26,31,26,15,0,0,0,0,940,664,585,458
2026/01/26/22:05:17,6884.720802,0.786625,0.816901,0.786625,0.816901,26,31,26,15,0,0,0,0,940,664,585,458
2026/01/26/22:05:18,6885.720949,0.786625,0.816901,0.786625,0.816901,26,31,26,15,0,0,0,0,940,664,585,458
2026/01/26/22:05:19,6886.721115,0.786625,0.816901,0.786625,0.816901,26,31,26,15,0,0,0,0,940,664,585,458
2026/01/26/22:05:20,6887.721266,0.786625,0.816901,0.786625,0.816901,26,31,26,15,0,0,0,0,940,664,585,458
2026/01/26/22:05:21,6888.721434,0.786625,0.816901,0.786625,0.816901,26,31,26,15,0,0,0,0,940,664,585,458
2026/01/26/22:05:22,6889.721599,0.786625,0.816901,0.786625,0.816901,26,31,26,15,0,0,0,0,940,664,585,458
2026/01/26/22:05:23,6890.721790,0.786625,0.816901,0.786625,0.816901,26,31,26,15,0,0,0,0,940,664,585,458
2026/01/26/22:05:24,6891.721912,0.786625,0.816901,0.786625,0.816901,26,31,26,15,0,0,0,0,940,664,585,458
2026/01/26/22:05:25,6892.722073,0.782312,0.813733,0.782312,0.813733,26,30,26,15,0,0,0,0,940,665,585,458
2026/01/26/22:05:26,6893.722244,0.782312,0.813733,0.782312,0.813733,26,30,26,15,0,0,0,0,940,665,585,458
2026/01/26/22:05:27,6894.722409,0.782312,0.813733,0.782312,0.813733,26,30,26,15,0,0,0,0,940,665,585,458
2026/01/26/22:05:28,6895.722569,0.782312,0.813733,0.782312,0.813733,26,30,26,15,0,0,0,0,940,665,585,458
2026/01/26/22:05:29,6896.722734,0.814000,0.846564,0.814000,0.846564,28,33,28,15,0,0,0,0,940,665,585,458
2026/01/26/22:05:30,6897.722867,0.824937,0.852407,0.824937,0.852407,28,34,28,15,0,0,0,0,940,665,585,458
2026/01/26/22:05:31,6898.722966,0.832562,0.854263,0.832562,0.854263,31,32,28,15,0,0,0,0,940,667,585,458
2026/01/26/22:05:32,6899.723066,0.808500,0.834713,0.808500,0.834713,30,29,28,15,0,0,0,0,941,670,585,458
2026/01/26/22:05:33,6900.723226,0.793875,0.824770,0.793875,0.824770,27,29,28,15,0,0,0,0,944,670,585,458
2026/01/26/22:05:34,6901.723324,0.793875,0.824770,0.793875,0.824770,27,29,28,15,0,0,0,0,944,670,585,458
2026/01/26/22:05:35,6902.723495,0.793875,0.824770,0.793875,0.824770,27,29,28,15,0,0,0,0,944,670,585,458
2026/01/26/22:05:36,6903.723669,0.793875,0.824770,0.793875,0.824770,27,29,28,15,0,0,0,0,944,670,585,458
2026/01/26/22:05:37,6904.723862,0.793875,0.824770,0.793875,0.824770,27,29,28,15,0,0,0,0,944,670,585,458
2026/01/26/22:05:38,6905.724033,0.793875,0.824770,0.793875,0.824770,27,29,28,15,0,0,0,0,944,670,585,458
2026/01/26/22:05:39,6906.724134,0.785875,0.814066,0.785875,0.814066,27,29,26,15,0,0,0,0,944,670,587,458
2026/01/26/22:05:40,6907.724243,0.785875,0.814066,0.785875,0.814066,27,29,26,15,0,0,0,0,944,670,587,458
2026/01/26/22:05:41,6908.724342,0.785875,0.814066,0.785875,0.814066,27,29,26,15,0,0,0,0,944,670,587,458
2026/01/26/22:05:42,6909.724524,0.785875,0.814066,0.785875,0.814066,27,29,26,15,0,0,0,0,944,670,587,458
2026/01/26/22:05:43,6910.724630,0.785875,0.814066,0.785875,0.814066,27,29,26,15,0,0,0,0,944,670,587,458
2026/01/26/22:05:44,6911.724792,0.779000,0.802036,0.779000,0.802036,27,29,24,15,0,0,0,0,944,670,589,458
2026/01/26/22:05:45,6912.724857,0.771125,0.743617,0.771125,0.743617,27,27,24,15,0,0,0,0,944,672,589,458
2026/01/26/22:05:46,6913.725021,0.771125,0.743617,0.771125,0.743617,27,27,24,15,0,0,0,0,944,672,589,458
2026/01/26/22:05:47,6914.725190,0.771125,0.743617,0.771125,0.743617,27,27,24,15,0,0,0,0,944,672,589,458
2026/01/26/22:05:48,6915.725348,0.771125,0.743617,0.771125,0.743617,27,27,24,15,0,0,0,0,944,672,589,458
2026/01/26/22:05:49,6916.725461,0.771125,0.743617,0.771125,0.743617,27,27,24,15,0,0,0,0,944,672,589,458
2026/01/26/22:05:50,6917.725633,0.771125,0.743617,0.771125,0.743617,27,27,24,15,0,0,0,0,944,672,589,458
2026/01/26/22:05:51,6918.725804,0.771125,0.743617,0.771125,0.743617,27,27,24,15,0,0,0,0,944,672,589,458
2026/01/26/22:05:52,6919.726046,0.771125,0.743617,0.771125,0.743617,27,27,24,15,0,0,0,0,944,672,589,458
2026/01/26/22:05:53,6920.726095,0.766250,0.740328,0.766250,0.740328,27,26,24,15,0,0,0,0,944,673,589,458
2026/01/26/22:05:54,6921.726187,0.766250,0.740328,0.766250,0.740328,27,26,24,15,0,0,0,0,944,673,589,458
2026/01/26/22:05:55,6922.726355,0.766250,0.740328,0.766250,0.740328,27,26,24,15,0,0,0,0,944,673,589,458
2026/01/26/22:05:56,6923.726471,0.766250,0.740328,0.766250,0.740328,27,26,24,15,0,0,0,0,944,673,589,458
2026/01/26/22:05:57,6924.726561,0.828000,0.810711,0.828000,0.810711,27,26,27,17,0,0,0,0,944,673,589,458
2026/01/26/22:05:58,6925.726730,0.857375,0.849740,0.868875,0.861529,31,26,27,17,1,0,0,0,944,673,589,458
2026/01/26/22:05:59,6926.726894,0.857375,0.849740,0.868875,0.861529,31,26,27,17,1,0,0,0,944,673,589,458
2026/01/26/22:06:00,6927.726971,0.827438,0.785387,0.827438,0.785387,30,26,24,17,0,0,0,0,946,673,592,458
2026/01/26/22:06:01,6928.727073,0.827438,0.785387,0.827438,0.785387,30,26,24,17,0,0,0,0,946,673,592,458
2026/01/26/22:06:02,6929.727169,0.827438,0.785387,0.827438,0.785387,30,26,24,17,0,0,0,0,946,673,592,458
2026/01/26/22:06:03,6930.727275,0.855750,0.812903,0.855750,0.812903,30,26,27,17,0,0,0,0,946,673,592,458
2026/01/26/22:06:04,6931.727439,0.855750,0.812903,0.855750,0.812903,30,26,27,17,0,0,0,0,946,673,592,458
2026/01/26/22:06:05,6932.727550,0.867250,0.834487,0.867250,0.834487,32,26,28,17,0,0,0,0,946,673,592,458
2026/01/26/22:06:06,6933.727701,0.867250,0.834487,0.867250,0.834487,32,26,28,17,0,0,0,0,946,673,592,458
2026/01/26/22:06:07,6934.727817,0.867250,0.834487,0.867250,0.834487,32,26,28,17,0,0,0,0,946,673,592,458
2026/01/26/22:06:08,6935.727916,0.867250,0.834487,0.867250,0.834487,32,26,28,17,0,0,0,0,946,673,592,458
2026/01/26/22:06:09,6936.728022,0.855750,0.812903,0.855750,0.812903,30,26,27,17,0,0,0,0,948,673,593,458
2026/01/26/22:06:10,6937.728135,0.855750,0.812903,0.855750,0.812903,30,26,27,17,0,0,0,0,948,673,593,458
2026/01/26/22:06:11,6938.728245,0.855750,0.812903,0.855750,0.812903,30,26,27,17,0,0,0,0,948,673,593,458
2026/01/26/22:06:12,6939.728349,0.852000,0.808948,0.852000,0.808948,30,26,27,16,0,0,0,0,948,673,593,459
2026/01/26/22:06:13,6940.728455,0.825375,0.761002,0.825375,0.761002,27,26,27,16,0,0,0,0,951,673,593,459
2026/01/26/22:06:14,6941.728545,0.807562,0.753226,0.807562,0.753226,27,25,27,16,0,0,0,0,951,674,593,459
2026/01/26/22:06:15,6942.728723,0.807562,0.753226,0.807562,0.753226,27,25,27,16,0,0,0,0,951,674,593,459
2026/01/26/22:06:16,6943.728840,0.872687,0.823075,0.885000,0.826575,29,28,32,16,0,1,0,0,951,674,593,459
2026/01/26/22:06:17,6944.729002,0.901625,0.849806,0.901625,0.849806,30,30,33,16,0,0,0,0,951,674,593,459
2026/01/26/22:06:18,6945.729068,0.880375,0.836454,0.880375,0.836454,28,29,33,16,0,0,0,0,953,675,593,459
2026/01/26/22:06:19,6946.729156,0.831250,0.775237,0.839375,0.782597,28,29,27,16,0,1,0,0,953,675,599,459
2026/01/26/22:06:20,6947.729283,0.847500,0.789957,0.847500,0.789957,28,31,27,16,0,0,0,0,953,675,599,459
2026/01/26/22:06:21,6948.729367,0.847500,0.789957,0.847500,0.789957,28,31,27,16,0,0,0,0,953,675,599,459
2026/01/26/22:06:22,6949.729479,0.823000,0.766862,0.823000,0.766862,28,29,25,16,0,0,0,0,953,677,601,459
2026/01/26/22:06:23,6950.729670,0.900000,0.821574,0.900000,0.821574,36,30,25,16,0,0,0,0,954,677,601,459
2026/01/26/22:06:24,6951.729838,0.865500,0.786208,0.865500,0.786208,33,30,25,16,0,0,0,0,957,677,601,459
2026/01/26/22:06:25,6952.729974,0.865500,0.786208,0.865500,0.786208,33,30,25,16,0,0,0,0,957,677,601,459
2026/01/26/22:06:26,6953.730063,0.873875,0.805387,0.873875,0.805387,35,30,25,16,0,0,0,0,957,677,601,459
2026/01/26/22:06:27,6954.730182,0.857625,0.790667,0.857625,0.790667,35,28,25,16,0,0,0,0,957,679,601,459
2026/01/26/22:06:28,6955.730298,0.857625,0.790667,0.857625,0.790667,35,28,25,16,0,0,0,0,957,679,601,459
2026/01/26/22:06:29,6956.730384,0.849250,0.771489,0.849250,0.771489,33,28,25,16,0,0,0,0,959,679,601,459
2026/01/26/22:06:30,6957.730564,0.834625,0.760429,0.834625,0.760429,30,28,25,16,0,0,0,0,962,679,601,459
2026/01/26/22:06:31,6958.730644,0.873125,0.814417,0.877812,0.820319,33,31,26,19,0,1,0,0,962,679,601,459
2026/01/26/22:06:32,6959.730818,0.881375,0.828995,0.881375,0.828995,34,32,26,19,0,0,0,0,962,679,601,459
2026/01/26/22:06:33,6960.730836,0.866000,0.807728,0.866000,0.807728,34,32,25,16,0,0,0,0,962,679,602,462
2026/01/26/22:06:34,6961.730941,0.803000,0.769537,0.803000,0.769537,31,28,25,16,0,0,0,0,965,683,602,462
2026/01/26/22:06:35,6962.731049,0.803000,0.769537,0.803000,0.769537,31,28,25,16,0,0,0,0,965,683,602,462
2026/01/26/22:06:36,6963.731149,0.803000,0.769537,0.803000,0.769537,31,28,25,16,0,0,0,0,965,683,602,462
2026/01/26/22:06:37,6964.731266,0.803000,0.769537,0.803000,0.769537,31,28,25,16,0,0,0,0,965,683,602,462
2026/01/26/22:06:38,6965.731340,0.790687,0.766036,0.790687,0.766036,31,27,25,16,0,0,0,0,965,684,602,462
2026/01/26/22:06:39,6966.731481,0.786625,0.759442,0.786625,0.759442,31,26,25,16,0,0,0,0,965,685,602,462
2026/01/26/22:06:40,6967.731645,0.786625,0.759442,0.786625,0.759442,31,26,25,16,0,0,0,0,965,685,602,462
2026/01/26/22:06:41,6968.731783,0.772375,0.732351,0.772375,0.732351,27,26,25,16,0,0,0,0,969,685,602,462
2026/01/26/22:06:42,6969.731929,0.772375,0.732351,0.772375,0.732351,27,26,25,16,0,0,0,0,969,685,602,462
2026/01/26/22:06:43,6970.732042,0.772375,0.732351,0.772375,0.732351,27,26,25,16,0,0,0,0,969,685,602,462
2026/01/26/22:06:44,6971.732185,0.772375,0.732351,0.772375,0.732351,27,26,25,16,0,0,0,0,969,685,602,462
2026/01/26/22:06:45,6972.732298,0.772375,0.732351,0.772375,0.732351,27,26,25,16,0,0,0,0,969,685,602,462
2026/01/26/22:06:46,6973.732418,0.772375,0.732351,0.772375,0.732351,27,26,25,16,0,0,0,0,969,685,602,462
2026/01/26/22:06:47,6974.732500,0.828750,0.792853,0.828750,0.792853,29,28,28,18,0,0,0,0,969,685,602,462
2026/01/26/22:06:48,6975.732664,0.883750,0.826930,0.883750,0.826930,29,32,30,18,0,0,0,0,969,685,602,462
2026/01/26/22:06:49,6976.732854,0.883750,0.826930,0.883750,0.826930,29,32,30,18,0,0,0,0,969,685,602,462
2026/01/26/22:06:50,6977.732957,0.845000,0.801807,0.845000,0.801807,29,30,30,16,0,0,0,0,969,687,602,464
2026/01/26/22:06:51,6978.733075,0.817375,0.777910,0.817375,0.777910,29,26,30,16,0,0,0,0,969,691,602,464
2026/01/26/22:06:52,6979.733171,0.817375,0.777910,0.817375,0.777910,29,26,30,16,0,0,0,0,969,691,602,464
2026/01/26/22:06:53,6980.733337,0.799625,0.748574,0.799625,0.748574,27,26,28,16,0,0,0,0,971,691,604,464
2026/01/26/22:06:54,6981.733439,0.799625,0.748574,0.799625,0.748574,27,26,28,16,0,0,0,0,971,691,604,464
2026/01/26/22:06:55,6982.733546,0.799625,0.748574,0.799625,0.748574,27,26,28,16,0,0,0,0,971,691,604,464
2026/01/26/22:06:56,6983.733739,0.799625,0.748574,0.799625,0.748574,27,26,28,16,0,0,0,0,971,691,604,464
2026/01/26/22:06:57,6984.733804,0.778875,0.745293,0.778875,0.745293,27,26,27,16,0,0,0,0,971,691,605,464
2026/01/26/22:06:58,6985.733855,0.772375,0.732351,0.772375,0.732351,27,26,25,16,0,0,0,0,971,691,607,464
2026/01/26/22:06:59,6986.733965,0.772375,0.732351,0.772375,0.732351,27,26,25,16,0,0,0,0,971,691,607,464
2026/01/26/22:07:00,6987.734076,0.772375,0.732351,0.772375,0.732351,27,26,25,16,0,0,0,0,971,691,607,464
2026/01/26/22:07:01,6988.734241,0.772375,0.732351,0.772375,0.732351,27,26,25,16,0,0,0,0,971,691,607,464
2026/01/26/22:07:02,6989.734403,0.772375,0.732351,0.772375,0.732351,27,26,25,16,0,0,0,0,971,691,607,464
2026/01/26/22:07:03,6990.734504,0.766938,0.729033,0.766938,0.729033,27,25,25,16,0,0,0,0,971,692,607,464
2026/01/26/22:07:04,6991.734595,0.766938,0.729033,0.766938,0.729033,27,25,25,16,0,0,0,0,971,692,607,464
2026/01/26/22:07:05,6992.734799,0.766938,0.729033,0.766938,0.729033,27,25,25,16,0,0,0,0,971,692,607,464
2026/01/26/22:07:06,6993.734852,0.766938,0.729033,0.766938,0.729033,27,25,25,16,0,0,0,0,971,692,607,464
2026/01/26/22:07:07,6994.734940,0.766938,0.729033,0.766938,0.729033,27,25,25,16,0,0,0,0,971,692,607,464
2026/01/26/22:07:08,6995.735057,0.812625,0.762499,0.812625,0.762499,30,25,25,21,0,0,0,0,971,692,607,464
2026/01/26/22:07:09,6996.735157,0.812625,0.762499,0.812625,0.762499,30,25,25,21,0,0,0,0,971,692,607,464
2026/01/26/22:07:10,6997.735264,0.812625,0.762499,0.812625,0.762499,30,25,25,21,0,0,0,0,971,692,607,464
2026/01/26/22:07:11,6998.735374,0.843437,0.806043,0.843437,0.806043,32,28,25,21,0,0,0,0,971,692,607,464
2026/01/26/22:07:12,6999.735526,0.843437,0.806043,0.843437,0.806043,32,28,25,21,0,0,0,0,971,692,607,464
2026/01/26/22:07:13,7000.735694,0.843437,0.806043,0.843437,0.806043,32,28,25,21,0,0,0,0,971,692,607,464
2026/01/26/22:07:14,7001.735814,0.833937,0.799324,0.833937,0.799324,32,28,25,19,0,0,0,0,971,692,607,466
2026/01/26/22:07:15,7002.735905,0.813125,0.789322,0.813125,0.789322,32,25,25,19,0,0,0,0,971,695,607,466
2026/01/26/22:07:16,7003.736017,0.813125,0.789322,0.813125,0.789322,32,25,25,19,0,0,0,0,971,695,607,466
2026/01/26/22:07:17,7004.736112,0.813125,0.789322,0.813125,0.789322,32,25,25,19,0,0,0,0,971,695,607,466
2026/01/26/22:07:18,7005.736285,0.813125,0.789322,0.813125,0.789322,32,25,25,19,0,0,0,0,971,695,607,466
2026/01/26/22:07:19,7006.736449,0.813125,0.789322,0.813125,0.789322,32,25,25,19,0,0,0,0,971,695,607,466
2026/01/26/22:07:20,7007.736557,0.813125,0.789322,0.813125,0.789322,32,25,25,19,0,0,0,0,971,695,607,466
2026/01/26/22:07:21,7008.736719,0.799250,0.777844,0.799250,0.777844,32,25,25,16,0,0,0,0,971,695,607,469
2026/01/26/22:07:22,7009.736876,0.799250,0.777844,0.799250,0.777844,32,25,25,16,0,0,0,0,971,695,607,469
2026/01/26/22:07:23,7010.737065,0.799250,0.777844,0.799250,0.777844,32,25,25,16,0,0,0,0,971,695,607,469
2026/01/26/22:07:24,7011.737155,0.799250,0.777844,0.799250,0.777844,32,25,25,16,0,0,0,0,971,695,607,469
2026/01/26/22:07:25,7012.737272,0.799250,0.777844,0.799250,0.777844,32,25,25,16,0,0,0,0,971,695,607,469
2026/01/26/22:07:26,7013.737435,0.799250,0.777844,0.799250,0.777844,32,25,25,16,0,0,0,0,971,695,607,469
2026/01/26/22:07:27,7014.737593,0.799250,0.777844,0.799250,0.777844,32,25,25,16,0,0,0,0,971,695,607,469
2026/01/26/22:07:28,7015.737787,0.799250,0.777844,0.799250,0.777844,32,25,25,16,0,0,0,0,971,695,607,469
2026/01/26/22:07:29,7016.737853,0.799250,0.777844,0.799250,0.777844,32,25,25,16,0,0,0,0,971,695,607,469
2026/01/26/22:07:30,7017.737989,0.808500,0.787202,0.808500,0.787202,32,25,27,16,0,0,0,0,971,695,607,469
2026/01/26/22:07:31,7018.738176,0.808500,0.787202,0.808500,0.787202,32,25,27,16,0,0,0,0,971,695,607,469
2026/01/26/22:07:32,7019.738295,0.808500,0.787202,0.808500,0.787202,32,25,27,16,0,0,0,0,971,695,607,469
2026/01/26/22:07:33,7020.738483,0.808500,0.787202,0.808500,0.787202,32,25,27,16,0,0,0,0,971,695,607,469
2026/01/26/22:07:34,7021.738637,0.808500,0.787202,0.808500,0.787202,32,25,27,16,0,0,0,0,971,695,607,469
2026/01/26/22:07:35,7022.738821,0.799250,0.777844,0.799250,0.777844,32,25,25,16,0,0,0,0,971,695,609,469
2026/01/26/22:07:36,7023.738855,0.793562,0.772436,0.793562,0.772436,32,25,24,16,0,0,0,0,971,695,610,469
2026/01/26/22:07:37,7024.738964,0.793562,0.772436,0.793562,0.772436,32,25,24,16,0,0,0,0,971,695,610,469
2026/01/26/22:07:38,7025.739130,0.793250,0.779091,0.818375,0.798448,33,25,23,16,0,0,1,0,971,695,611,469
2026/01/26/22:07:39,7026.739234,0.793250,0.779091,0.818375,0.798448,33,25,23,16,0,0,1,0,971,695,611,469
2026/01/26/22:07:40,7027.739400,0.793250,0.779091,0.818375,0.798448,33,25,23,16,0,0,1,0,971,695,611,469
2026/01/26/22:07:41,7028.739567,0.793250,0.779091,0.818375,0.798448,33,25,23,16,0,0,1,0,971,695,611,469
2026/01/26/22:07:42,7029.739743,0.816875,0.825644,0.842000,0.845001,36,25,23,17,0,0,1,0,971,695,611,469
2026/01/26/22:07:43,7030.739887,0.816875,0.825644,0.842000,0.845001,36,25,23,17,0,0,1,0,971,695,611,469
2026/01/26/22:07:44,7031.740037,0.816875,0.825644,0.842000,0.845001,36,25,23,17,0,0,1,0,971,695,611,469
2026/01/26/22:07:45,7032.740212,0.813500,0.794397,0.838625,0.813754,36,25,23,16,0,0,1,0,971,695,611,470
2026/01/26/22:07:46,7033.740323,0.813500,0.794397,0.838625,0.813754,36,25,23,16,0,0,1,0,971,695,611,470
2026/01/26/22:07:47,7034.740491,0.813500,0.794397,0.838625,0.813754,36,25,23,16,0,0,1,0,971,695,611,470
2026/01/26/22:07:48,7035.740657,0.813500,0.794397,0.838625,0.813754,36,25,23,16,0,0,1,0,971,695,611,470
2026/01/26/22:07:49,7036.740846,0.813500,0.794397,0.838625,0.813754,36,25,23,16,0,0,1,0,971,695,611,470
2026/01/26/22:07:50,7037.740961,0.813500,0.794397,0.838625,0.813754,36,25,23,16,0,0,1,0,971,695,611,470
2026/01/26/22:07:51,7038.741064,0.791188,0.779128,0.816312,0.798485,33,25,23,16,0,0,1,0,974,695,611,470
2026/01/26/22:07:52,7039.741227,0.796063,0.783179,0.796063,0.783179,30,25,24,16,0,0,0,0,977,695,611,470
2026/01/26/22:07:53,7040.741348,0.796063,0.783179,0.796063,0.783179,30,25,24,16,0,0,0,0,977,695,611,470
2026/01/26/22:07:54,7041.741506,0.792750,0.769878,0.792750,0.769878,29,25,24,16,0,0,0,0,978,695,611,470
2026/01/26/22:07:55,7042.741636,0.792750,0.769878,0.792750,0.769878,29,25,24,16,0,0,0,0,978,695,611,470
2026/01/26/22:07:56,7043.741821,0.792750,0.769878,0.792750,0.769878,29,25,24,16,0,0,0,0,978,695,611,470
2026/01/26/22:07:57,7044.741941,0.796312,0.782714,0.803438,0.806249,30,25,24,16,2,0,0,0,978,695,611,470
2026/01/26/22:07:58,7045.742110,0.876500,0.862292,0.876500,0.862292,38,25,27,16,0,0,0,0,978,695,611,470
2026/01/26/22:07:59,7046.742318,0.876500,0.862292,0.876500,0.862292,38,25,27,16,0,0,0,0,978,695,611,470
2026/01/26/22:08:00,7047.742368,0.865812,0.830197,0.865812,0.830197,35,25,27,16,0,0,0,0,981,695,611,470
2026/01/26/22:08:01,7048.742532,0.858688,0.804524,0.858688,0.804524,33,25,27,16,0,0,0,0,983,695,611,470
2026/01/26/22:08:02,7049.742675,0.858688,0.804524,0.858688,0.804524,33,25,27,16,0,0,0,0,983,695,611,470
2026/01/26/22:08:03,7050.742837,0.833562,0.785167,0.833562,0.785167,33,25,26,16,0,0,0,0,983,695,612,470
2026/01/26/22:08:04,7051.742953,0.833562,0.785167,0.833562,0.785167,33,25,26,16,0,0,0,0,983,695,612,470
2026/01/26/22:08:05,7052.743062,0.833562,0.785167,0.833562,0.785167,33,25,26,16,0,0,0,0,983,695,612,470
2026/01/26/22:08:06,7053.743164,0.833562,0.785167,0.833562,0.785167,33,25,26,16,0,0,0,0,983,695,612,470
2026/01/26/22:08:07,7054.743237,0.785375,0.774750,0.785375,0.774750,33,25,23,16,0,0,0,0,983,695,615,470
2026/01/26/22:08:08,7055.743359,0.785375,0.774750,0.785375,0.774750,33,25,23,16,0,0,0,0,983,695,615,470
2026/01/26/22:08:09,7056.743457,0.785375,0.774750,0.785375,0.774750,33,25,23,16,0,0,0,0,983,695,615,470
2026/01/26/22:08:10,7057.743621,0.785375,0.774750,0.785375,0.774750,33,25,23,16,0,0,0,0,983,695,615,470
2026/01/26/22:08:11,7058.743719,0.785375,0.774750,0.785375,0.774750,33,25,23,16,0,0,0,0,983,695,615,470
2026/01/26/22:08:12,7059.743840,0.830500,0.830882,0.830500,0.830882,34,25,26,22,0,0,0,0,983,695,615,470
2026/01/26/22:08:13,7060.743989,0.839500,0.858745,0.839500,0.858745,34,27,26,22,0,0,0,0,983,695,615,470
2026/01/26/22:08:14,7061.744081,0.874313,0.889293,0.884687,0.916520,34,30,26,22,0,2,0,0,983,695,615,473
2026/01/26/22:08:15,7062.744414,0.895938,0.919869,0.928312,0.993002,35,30,30,22,2,4,1,0,983,695,615,473
2026/01/26/22:08:16,7063.744486,0.879500,0.925979,0.978062,1.039902,36,31,30,19,8,3,0,0,983,695,619,476
2026/01/26/22:08:17,7064.744599,0.888188,0.927992,0.964437,1.008950,37,31,30,22,4,3,0,0,984,698,619,476
2026/01/26/22:08:18,7065.744701,0.860250,0.901477,0.932187,0.973735,36,32,25,22,4,2,0,0,985,698,624,476
2026/01/26/22:08:19,7066.744871,0.847313,0.902694,0.908312,0.953774,35,32,25,22,2,2,0,0,987,698,624,476
2026/01/26/22:08:20,7067.744972,0.847313,0.902694,0.908312,0.953774,35,32,25,22,2,2,0,0,987,698,624,476
2026/01/26/22:08:21,7068.745141,0.842750,0.895483,0.893375,0.919335,34,32,25,22,2,0,0,0,988,698,624,476
2026/01/26/22:08:22,7069.745245,0.842750,0.895483,0.893375,0.919335,34,32,25,22,2,0,0,0,988,698,624,476
2026/01/26/22:08:23,7070.745303,0.834125,0.878083,0.884750,0.901935,34,30,25,22,2,0,0,0,988,700,624,476
2026/01/26/22:08:24,7071.745422,0.832063,0.869319,0.857375,0.881245,35,27,25,19,1,0,0,0,988,703,624,479
2026/01/26/22:08:25,7072.745542,0.823500,0.854026,0.848812,0.865952,35,27,24,19,1,0,0,0,988,703,625,479
2026/01/26/22:08:26,7073.745702,0.845000,0.857217,0.845000,0.857217,36,27,24,18,0,0,0,0,988,703,625,480
2026/01/26/22:08:27,7074.745821,0.845000,0.857217,0.845000,0.857217,36,27,24,18,0,0,0,0,988,703,625,480
2026/01/26/22:08:28,7075.745966,0.845000,0.857217,0.845000,0.857217,36,27,24,18,0,0,0,0,988,703,625,480
2026/01/26/22:08:29,7076.746130,0.840938,0.849534,0.840938,0.849534,36,27,23,18,0,0,0,0,988,703,626,480
2026/01/26/22:08:30,7077.746293,0.840938,0.849534,0.840938,0.849534,36,27,23,18,0,0,0,0,988,703,626,480
2026/01/26/22:08:31,7078.746440,0.871188,0.889384,0.876938,0.903954,41,27,23,18,1,0,0,0,988,703,626,480
2026/01/26/22:08:32,7079.746609,0.871188,0.889384,0.876938,0.903954,41,27,23,18,1,0,0,0,988,703,626,480
2026/01/26/22:08:33,7080.746809,0.882313,0.874916,0.882313,0.874916,39,29,23,18,0,0,0,0,990,703,626,480
2026/01/26/22:08:34,7081.746846,0.882313,0.874916,0.882313,0.874916,39,29,23,18,0,0,0,0,990,703,626,480
2026/01/26/22:08:35,7082.746954,0.873812,0.849344,0.873812,0.849344,39,29,23,16,0,0,0,0,990,703,626,482
2026/01/26/22:08:36,7083.747069,0.873812,0.849344,0.873812,0.849344,39,29,23,16,0,0,0,0,990,703,626,482
2026/01/26/22:08:37,7084.747233,0.851187,0.834674,0.851187,0.834674,39,27,23,16,0,0,0,0,990,705,626,482
2026/01/26/22:08:38,7085.747395,0.844938,0.827194,0.844938,0.827194,39,27,21,16,0,0,0,0,990,705,628,482
2026/01/26/22:08:39,7086.747503,0.844938,0.827194,0.844938,0.827194,39,27,21,16,0,0,0,0,990,705,628,482
2026/01/26/22:08:40,7087.747667,0.876875,0.861331,0.876875,0.861331,39,28,24,17,0,0,0,0,990,705,628,482
2026/01/26/22:08:41,7088.747846,0.876875,0.861331,0.885188,0.877603,39,28,24,17,1,0,0,0,990,705,628,482
2026/01/26/22:08:42,7089.747950,0.876875,0.861331,0.893813,0.915959,39,28,24,17,1,2,0,0,990,705,628,482
2026/01/26/22:08:43,7090.748041,0.872250,0.860471,0.908250,0.906604,40,28,22,17,1,2,1,0,990,705,631,482
2026/01/26/22:08:44,7091.748226,0.908625,0.876166,0.926250,0.922441,41,28,24,17,0,2,1,0,990,705,631,482
2026/01/26/22:08:45,7092.748393,0.908625,0.876166,0.926250,0.922441,41,28,24,17,0,2,1,0,990,705,631,482
2026/01/26/22:08:46,7093.748494,0.908625,0.876166,0.926250,0.922441,41,28,24,17,0,2,1,0,990,705,631,482
2026/01/26/22:08:47,7094.748564,0.924562,0.886319,0.937625,0.951901,41,27,28,17,0,2,1,0,991,706,633,482
2026/01/26/22:08:48,7095.748675,0.924562,0.886319,0.937625,0.951901,41,27,28,17,0,2,1,0,991,706,633,482
2026/01/26/22:08:49,7096.748860,0.924562,0.886319,0.937625,0.951901,41,27,28,17,0,2,1,0,991,706,633,482
2026/01/26/22:08:50,7097.749023,0.909062,0.877481,0.922125,0.943062,41,27,26,17,0,2,1,0,991,706,635,482
2026/01/26/22:08:51,7098.749183,0.909062,0.877481,0.922125,0.943062,41,27,26,17,0,2,1,0,991,706,635,482
2026/01/26/22:08:52,7099.749332,0.901563,0.868960,0.945812,0.973617,41,27,26,16,0,2,4,1,991,706,635,483
2026/01/26/22:08:53,7100.749505,0.908687,0.876352,0.938688,1.008186,40,27,29,16,0,2,4,1,992,706,635,483
2026/01/26/22:08:54,7101.749602,0.908687,0.876352,0.938688,1.008186,40,27,29,16,0,2,4,1,992,706,635,483
2026/01/26/22:08:55,7102.749796,0.908687,0.876352,0.938688,1.008186,40,27,29,16,0,2,4,1,992,706,635,483
2026/01/26/22:08:56,7103.749944,0.912188,0.885295,0.942187,1.017129,41,27,29,16,0,2,4,1,992,706,635,483
2026/01/26/22:08:57,7104.750032,0.909563,0.893540,0.935562,1.012548,41,26,30,16,0,2,3,1,992,707,635,483
2026/01/26/22:08:58,7105.750191,0.909563,0.893540,0.946500,1.017122,41,26,30,16,1,2,3,1,992,707,635,483
2026/01/26/22:08:59,7106.750341,0.940063,0.902952,1.007313,1.067884,43,30,30,16,0,6,4,1,993,707,635,483
2026/01/26/22:09:00,7107.750498,0.940562,0.900438,1.068750,1.128152,43,31,29,17,4,9,4,3,993,707,637,483
2026/01/26/22:09:01,7108.750583,0.940562,0.900438,1.179188,1.177884,43,31,29,17,6,15,3,5,993,707,637,483
2026/01/26/22:09:02,7109.750748,0.941250,0.869349,1.192375,1.193394,41,32,29,18,5,15,6,5,996,707,637,483
2026/01/26/22:09:03,7110.750861,0.936813,0.866049,1.217937,1.216469,41,32,28,18,7,17,5,5,997,707,638,483
2026/01/26/22:09:04,7111.750997,0.940500,0.870484,1.135188,1.204810,41,33,28,18,7,15,5,4,997,707,638,483
2026/01/26/22:09:05,7112.751166,0.941750,0.871868,1.128187,1.197927,40,34,28,18,6,14,5,4,999,707,638,483
2026/01/26/22:09:06,7113.751271,0.931688,0.870333,1.089938,1.170692,40,34,28,17,6,12,5,2,999,709,638,484
2026/01/26/22:09:07,7114.751365,0.940375,0.873811,1.089938,1.170692,41,34,28,17,5,12,5,2,999,709,638,484
2026/01/26/22:09:08,7115.751526,0.940063,0.873781,1.077875,1.139658,41,34,28,17,4,12,5,1,1000,709,638,484
2026/01/26/22:09:09,7116.751694,0.940063,0.873781,1.077875,1.139658,41,34,28,17,4,12,5,1,1000,709,638,484
2026/01/26/22:09:10,7117.751781,0.940063,0.873781,1.071312,1.121390,41,34,28,17,4,12,5,0,1000,709,638,484
2026/01/26/22:09:11,7118.751860,0.936562,0.888437,1.060062,1.114798,41,35,29,15,4,11,4,0,1000,709,638,486
2026/01/26/22:09:12,7119.751969,0.936562,0.888437,1.060062,1.114798,41,35,29,15,4,11,4,0,1000,709,638,486
2026/01/26/22:09:13,7120.752130,0.936562,0.888437,1.060062,1.114798,41,35,29,15,4,11,4,0,1000,709,638,486
2026/01/26/22:09:14,7121.752205,0.928687,0.879186,1.079687,1.128113,41,32,30,15,7,12,4,0,1000,712,638,486
2026/01/26/22:09:15,7122.752385,0.942375,0.900254,1.073063,1.121157,43,31,31,15,5,11,3,0,1000,714,638,486
2026/01/26/22:09:16,7123.752545,0.942375,0.900254,1.077562,1.124684,43,31,31,15,5,11,3,1,1000,714,638,486
2026/01/26/22:09:17,7124.752708,0.946875,0.903781,1.098500,1.133371,43,31,31,16,5,12,3,1,1000,714,638,486
2026/01/26/22:09:18,7125.752880,0.946875,0.903781,1.098500,1.133371,43,31,31,16,5,12,3,1,1000,714,638,486
2026/01/26/22:09:19,7126.752954,0.941875,0.898367,1.123750,1.210665,43,30,31,16,10,13,3,1,1000,715,638,486
2026/01/26/22:09:20,7127.753069,0.946063,0.902037,1.188813,1.286273,45,28,31,17,14,12,4,4,1000,718,638,486
2026/01/26/22:09:21,7128.753201,0.946063,0.902037,1.231562,1.297163,45,28,31,17,14,15,4,4,1000,718,638,486
2026/01/26/22:09:22,7129.753341,0.946063,0.902037,1.183188,1.280985,45,28,31,17,14,12,4,3,1000,718,638,486
2026/01/26/22:09:23,7130.753490,0.946063,0.902037,1.139750,1.261577,45,28,31,17,13,12,3,3,1000,718,638,486
2026/01/26/22:09:24,7131.753638,0.946063,0.902037,1.143188,1.265780,45,28,31,17,13,12,4,3,1000,718,638,486
2026/01/26/22:09:25,7132.753825,0.946063,0.902037,1.143188,1.265780,45,28,31,17,13,12,4,3,1000,718,638,486
2026/01/26/22:09:26,7133.753936,0.945063,0.904705,1.133125,1.283087,45,28,31,17,15,9,5,3,1001,718,638,486
2026/01/26/22:09:27,7134.754044,0.945063,0.904705,1.115250,1.234495,45,28,31,17,13,7,5,3,1001,718,638,486
2026/01/26/22:09:28,7135.754124,0.937937,0.896695,1.125250,1.235298,43,28,31,17,13,9,5,3,1003,718,638,486
2026/01/26/22:09:29,7136.754289,0.946500,0.901102,1.102750,1.204150,43,29,31,17,13,5,5,3,1003,718,638,486
2026/01/26/22:09:30,7137.754400,0.939875,0.894238,1.067187,1.144709,43,28,31,17,9,4,5,3,1004,720,638,486
2026/01/26/22:09:31,7138.754557,0.939875,0.894238,1.059687,1.102680,43,28,31,17,9,4,3,3,1004,720,638,486
2026/01/26/22:09:32,7139.754718,0.939875,0.894238,1.059687,1.102680,43,28,31,17,9,4,3,3,1004,720,638,486
2026/01/26/22:09:33,7140.754883,0.939875,0.894238,1.059687,1.102680,43,28,31,17,9,4,3,3,1004,720,638,486
2026/01/26/22:09:34,7141.755025,0.945125,0.909991,1.082812,1.142265,47,27,28,18,8,4,6,2,1004,722,641,486
2026/01/26/22:09:35,7142.755171,0.938500,0.900822,1.071063,1.126702,47,25,28,18,8,4,6,1,1004,724,641,487
2026/01/26/22:09:36,7143.755362,0.946187,0.911666,1.071063,1.126702,49,25,28,18,6,4,6,1,1004,724,641,487
2026/01/26/22:09:37,7144.755540,0.940937,0.911202,1.057125,1.122761,50,24,28,18,5,4,6,1,1004,725,641,487
2026/01/26/22:09:38,7145.755686,0.940937,0.911202,1.057125,1.122761,50,24,28,18,5,4,6,1,1004,725,641,487
2026/01/26/22:09:39,7146.755809,0.940937,0.911202,1.057125,1.122761,50,24,28,18,5,4,6,1,1004,725,641,487
2026/01/26/22:09:40,7147.755854,0.940937,0.911202,1.057125,1.122761,50,24,28,18,5,4,6,1,1004,725,641,487
2026/01/26/22:09:41,7148.755960,0.940937,0.911202,1.057125,1.122761,50,24,28,18,5,4,6,1,1004,725,641,487
2026/01/26/22:09:42,7149.756034,0.934312,0.911394,1.025562,1.080497,48,24,28,19,2,4,6,0,1007,725,641,487
2026/01/26/22:09:43,7150.756207,0.932187,0.919334,1.014625,1.075923,47,24,29,19,2,4,5,0,1008,725,641,487
2026/01/26/22:09:44,7151.756299,0.932187,0.919334,1.014625,1.075923,47,24,29,19,2,4,5,0,1008,725,641,487
2026/01/26/22:09:45,7152.756470,0.934125,0.917220,1.007750,1.061295,45,24,30,19,2,4,4,0,1010,725,641,487
2026/01/26/22:09:46,7153.756570,0.934125,0.917220,1.007750,1.061295,45,24,30,19,2,4,4,0,1010,725,641,487
2026/01/26/22:09:47,7154.756773,0.934125,0.917220,1.007750,1.061295,45,24,30,19,2,4,4,0,1010,725,641,487
2026/01/26/22:09:48,7155.756818,0.934125,0.917220,1.007750,1.061295,45,24,30,19,2,4,4,0,1010,725,641,487
2026/01/26/22:09:49,7156.756905,0.937625,0.920703,1.037375,1.074876,46,24,30,19,5,4,2,3,1010,725,641,487
2026/01/26/22:09:50,7157.757008,0.937625,0.920703,1.037375,1.074876,46,24,30,19,5,4,2,3,1010,725,641,487
2026/01/26/22:09:51,7158.757109,0.934125,0.917220,1.033875,1.071393,45,24,30,19,5,4,2,3,1011,725,641,487
2026/01/26/22:09:52,7159.757197,0.904937,0.912853,1.020500,1.114096,44,24,30,17,6,6,2,3,1017,725,641,489
2026/01/26/22:09:53,7160.757292,0.912188,0.924073,1.020500,1.114096,46,24,30,17,4,6,2,3,1017,725,641,489
2026/01/26/22:09:54,7161.757380,0.913750,0.919187,1.013500,1.104803,44,25,30,17,4,5,2,3,1019,725,641,489
2026/01/26/22:09:55,7162.757530,0.913750,0.919187,0.983938,1.035353,44,25,30,17,3,1,2,3,1019,725,641,489
2026/01/26/22:09:56,7163.757687,0.913750,0.919187,0.983938,1.035353,44,25,30,17,3,1,2,3,1019,725,641,489
2026/01/26/22:09:57,7164.757804,0.913750,0.919187,0.983938,1.035353,44,25,30,17,3,1,2,3,1019,725,641,489
2026/01/26/22:09:58,7165.757884,0.913750,0.919187,0.983938,1.035353,44,25,30,17,3,1,2,3,1019,725,641,489
2026/01/26/22:09:59,7166.757980,0.913750,0.919187,0.983938,1.035353,44,25,30,17,3,1,2,3,1019,725,641,489
2026/01/26/22:10:00,7167.758135,0.913750,0.919187,0.983938,1.035353,44,25,30,17,3,1,2,3,1019,725,641,489
2026/01/26/22:10:01,7168.758293,0.913750,0.919187,0.983938,1.035353,44,25,30,17,3,1,2,3,1019,725,641,489
2026/01/26/22:10:02,7169.758402,0.913750,0.919187,0.983938,1.035353,44,25,30,17,3,1,2,3,1019,725,641,489
2026/01/26/22:10:03,7170.758487,0.913750,0.919187,0.983938,1.035353,44,25,30,17,3,1,2,3,1019,725,641,489
2026/01/26/22:10:04,7171.758585,0.913750,0.919187,0.983938,1.035353,44,25,30,17,3,1,2,3,1019,725,641,489
2026/01/26/22:10:05,7172.758743,0.920875,0.912951,0.973063,1.018522,43,25,30,17,1,1,2,3,1022,725,641,489
2026/01/26/22:10:06,7173.758848,0.920875,0.912951,0.973063,1.018522,43,25,30,17,1,1,2,3,1022,725,641,489
2026/01/26/22:10:07,7174.758963,0.920875,0.912951,0.973063,1.018522,43,25,30,17,1,1,2,3,1022,725,641,489
2026/01/26/22:10:08,7175.759067,0.920875,0.912951,0.973063,1.018522,43,25,30,17,1,1,2,3,1022,725,641,489
2026/01/26/22:10:09,7176.759197,0.920875,0.912951,0.973063,1.018522,43,25,30,17,1,1,2,3,1022,725,641,489
2026/01/26/22:10:10,7177.759308,0.920875,0.912951,0.973063,1.018522,43,25,30,17,1,1,2,3,1022,725,641,489
2026/01/26/22:10:11,7178.759415,0.920875,0.912951,0.973063,1.018522,43,25,30,17,1,1,2,3,1022,725,641,489
2026/01/26/22:10:12,7179.759565,0.920875,0.912951,0.973063,1.018522,43,25,30,17,1,1,2,3,1022,725,641,489
2026/01/26/22:10:13,7180.759743,0.920875,0.912951,0.973063,1.018522,43,25,30,17,1,1,2,3,1022,725,641,489
2026/01/26/22:10:14,7181.759845,0.920875,0.912951,0.973063,1.018522,43,25,30,17,1,1,2,3,1022,725,641,489
2026/01/26/22:10:15,7182.760015,0.920875,0.912951,0.973063,1.018522,43,25,30,17,1,1,2,3,1022,725,641,489
2026/01/26/22:10:16,7183.760181,0.920875,0.912951,0.973063,1.018522,43,25,30,17,1,1,2,3,1022,725,641,489
2026/01/26/22:10:17,7184.760293,0.916188,0.906868,0.968375,1.012439,43,24,30,17,1,1,2,3,1022,726,641,489
2026/01/26/22:10:18,7185.760451,0.916188,0.906868,0.968375,1.012439,43,24,30,17,1,1,2,3,1022,726,641,489
2026/01/26/22:10:19,7186.760617,0.916188,0.906868,0.968375,1.012439,43,24,30,17,1,1,2,3,1022,726,641,489
2026/01/26/22:10:20,7187.760802,0.916188,0.906868,0.968375,1.012439,43,24,30,17,1,1,2,3,1022,726,641,489
2026/01/26/22:10:21,7188.760942,0.916188,0.906868,0.968375,1.012439,43,24,30,17,1,1,2,3,1022,726,641,489
2026/01/26/22:10:22,7189.761045,0.916188,0.906868,0.968375,1.012439,43,24,30,17,1,1,2,3,1022,726,641,489
2026/01/26/22:10:23,7190.761121,0.936125,0.920554,1.030250,1.078891,43,24,34,17,3,4,4,3,1022,726,641,489
2026/01/26/22:10:24,7191.761281,0.936125,0.920554,1.053000,1.098899,43,24,34,17,5,5,6,3,1022,726,641,489
2026/01/26/22:10:25,7192.761374,0.940937,0.922216,1.036500,1.072650,40,26,37,17,5,3,3,3,1025,726,641,489
2026/01/26/22:10:26,7193.761472,0.940937,0.922216,1.065187,1.113638,40,26,37,17,5,4,6,5,1025,726,641,489
2026/01/26/22:10:27,7194.761555,0.940937,0.922216,1.065187,1.113638,40,26,37,17,5,4,6,5,1025,726,641,489
2026/01/26/22:10:28,7195.761653,0.940250,0.922120,1.060938,1.110108,39,26,38,17,5,4,5,5,1026,726,641,489
2026/01/26/22:10:29,7196.761749,0.940250,0.922120,1.060938,1.110108,39,26,38,17,5,4,5,5,1026,726,641,489
2026/01/26/22:10:30,7197.761904,0.940250,0.922120,1.060938,1.110108,39,26,38,17,5,4,5,5,1026,726,641,489
2026/01/26/22:10:31,7198.761999,0.940250,0.922120,1.047438,1.097354,39,26,38,17,5,4,5,3,1026,726,641,489
2026/01/26/22:10:32,7199.762095,0.940250,0.922120,1.036312,1.082813,39,26,38,17,3,4,5,3,1026,726,641,489
2026/01/26/22:10:33,7200.762264,0.940250,0.922120,1.022250,1.078278,39,26,38,17,3,3,5,3,1026,726,641,489
