timestamp,time_s,cpu_run_util,mem_run_util,cpu_req_util,mem_req_util,running_p1,running_p2,running_p3,running_p4,unsched_p1,unsched_p2,unsched_p3,unsched_p4,deletions_cum_p1,deletions_cum_p2,deletions_cum_p3,deletions_cum_p4
2026/02/04/19:46:58,3.301205,0.226281,0.210503,0.228563,0.213170,15,13,4,6,1,0,0,0,0,0,0,0
2026/02/04/19:46:59,4.302030,0.272844,0.283501,0.276281,0.287017,19,14,8,8,0,0,0,1,0,0,0,0
2026/02/04/19:47:00,5.302704,0.296687,0.353369,0.301406,0.368814,21,18,8,12,1,0,0,1,0,0,0,0
2026/02/04/19:47:01,6.303410,0.338062,0.448977,0.338062,0.448977,24,21,11,14,0,0,0,0,0,0,0,0
2026/02/04/19:47:02,7.304367,0.387781,0.484712,0.397406,0.488243,28,23,11,15,1,1,0,0,0,0,0,0
2026/02/04/19:47:03,8.304785,0.427719,0.531354,0.429438,0.534725,35,27,11,16,0,0,0,1,0,0,0,0
2026/02/04/19:47:04,9.305659,0.513625,0.560944,0.513625,0.560944,36,29,16,18,0,0,0,0,0,1,0,0
2026/02/04/19:47:05,10.306354,0.574094,0.611304,0.574094,0.611304,38,37,18,18,0,0,0,0,0,1,0,0
2026/02/04/19:47:06,11.306989,0.602656,0.676079,0.602656,0.676079,46,37,19,21,0,0,0,0,0,1,0,0
2026/02/04/19:47:07,12.307693,0.618656,0.680088,0.618656,0.680088,48,41,20,22,0,0,0,0,0,1,2,0
2026/02/04/19:47:08,13.308398,0.657000,0.704464,0.657000,0.704464,49,45,20,26,0,0,0,0,0,1,2,0
2026/02/04/19:47:09,14.309070,0.689719,0.743457,0.689719,0.743457,49,46,29,27,0,0,0,0,0,1,2,0
2026/02/04/19:47:10,15.309634,0.702812,0.772153,0.714125,0.801959,49,49,32,27,3,0,0,0,0,1,2,0
2026/02/04/19:47:11,16.310245,0.720812,0.792277,0.742000,0.829764,50,49,34,30,4,0,0,1,0,1,2,0
2026/02/04/19:47:12,17.310841,0.754469,0.820654,0.765531,0.854579,56,49,34,31,3,0,0,0,0,1,2,0
2026/02/04/19:47:13,18.311448,0.738094,0.822718,0.749156,0.856643,58,49,32,31,3,0,0,0,0,1,4,0
2026/02/04/19:47:14,19.312243,0.738094,0.822718,0.749156,0.856643,58,49,32,31,3,0,0,0,0,1,4,0
2026/02/04/19:47:15,20.312551,0.738094,0.822718,0.749156,0.856643,58,49,32,31,3,0,0,0,0,1,4,0
2026/02/04/19:47:16,21.313295,0.738094,0.822718,0.749156,0.856643,58,49,32,31,3,0,0,0,0,1,4,0
2026/02/04/19:47:17,22.313936,0.738094,0.822718,0.749156,0.856643,58,49,32,31,3,0,0,0,0,1,4,0
2026/02/04/19:47:18,23.395164,0.738094,0.822718,0.749156,0.856643,58,49,32,31,3,0,0,0,0,1,4,0
2026/02/04/19:47:19,24.395813,0.738094,0.822718,0.751625,0.858292,58,49,32,31,4,0,0,0,0,1,4,0
2026/02/04/19:47:20,25.396234,0.762719,0.839344,0.778406,0.891560,61,53,33,31,3,2,0,0,0,1,4,0
2026/02/04/19:47:21,26.396809,0.776469,0.847659,0.792156,0.899874,63,53,33,34,3,2,0,0,0,1,4,0
2026/02/04/19:47:22,27.397406,0.763125,0.841108,0.778813,0.893324,60,53,32,34,3,2,0,0,3,1,5,0
2026/02/04/19:47:23,28.397998,0.757875,0.837736,0.773563,0.889952,58,53,32,34,3,2,0,0,5,1,5,0
2026/02/04/19:47:24,29.398503,0.757875,0.837736,0.768938,0.871661,58,53,32,34,3,0,0,0,5,1,5,0
2026/02/04/19:47:25,30.399171,0.755687,0.833939,0.766750,0.867864,58,52,32,34,3,0,0,0,5,2,5,0
2026/02/04/19:47:26,31.399872,0.755687,0.833939,0.766750,0.867864,58,52,32,34,3,0,0,0,5,2,5,0
2026/02/04/19:47:27,32.400612,0.755687,0.833939,0.766750,0.867864,58,52,32,34,3,0,0,0,5,2,5,0
2026/02/04/19:47:28,33.401374,0.750625,0.829014,0.761687,0.862939,58,52,32,31,3,0,0,0,5,2,5,3
2026/02/04/19:47:29,34.419625,0.750625,0.829014,0.761687,0.862939,58,52,32,31,3,0,0,0,5,2,5,3
2026/02/04/19:47:30,35.420262,0.737313,0.825459,0.741344,0.838158,57,52,32,31,1,0,0,0,8,2,5,3
2026/02/04/19:47:31,36.420786,0.737313,0.825459,0.741344,0.838158,57,52,32,31,1,0,0,0,8,2,5,3
2026/02/04/19:47:32,37.421421,0.737313,0.825459,0.741344,0.838158,57,52,32,31,1,0,0,0,8,2,5,3
2026/02/04/19:47:33,38.422092,0.737313,0.825459,0.741344,0.838158,57,52,32,31,1,0,0,0,8,2,5,3
2026/02/04/19:47:34,39.422691,0.737313,0.825459,0.741344,0.838158,57,52,32,31,1,0,0,0,8,2,5,3
2026/02/04/19:47:35,40.449203,0.737313,0.825459,0.741344,0.838158,57,52,32,31,1,0,0,0,8,2,5,3
2026/02/04/19:47:36,41.449734,0.737313,0.825459,0.741344,0.838158,57,52,32,31,1,0,0,0,8,2,5,3
2026/02/04/19:47:37,42.450307,0.737313,0.825459,0.741344,0.838158,57,52,32,31,1,0,0,0,8,2,5,3
2026/02/04/19:47:38,43.450794,0.741344,0.838158,0.741344,0.838158,58,52,32,31,0,0,0,0,9,2,5,3
2026/02/04/19:47:39,44.451355,0.741344,0.838158,0.741344,0.838158,58,52,32,31,0,0,0,0,9,2,5,3
2026/02/04/19:47:40,45.452084,0.741344,0.838158,0.741344,0.838158,58,52,32,31,0,0,0,0,9,2,5,3
2026/02/04/19:47:41,46.452655,0.741344,0.838158,0.741344,0.838158,58,52,32,31,0,0,0,0,9,2,5,3
2026/02/04/19:47:42,47.453188,0.741344,0.838158,0.741344,0.838158,58,52,32,31,0,0,0,0,9,2,5,3
2026/02/04/19:47:43,48.453780,0.741344,0.838158,0.741344,0.838158,58,52,32,31,0,0,0,0,9,2,5,3
2026/02/04/19:47:44,49.454422,0.741344,0.838158,0.741344,0.838158,58,52,32,31,0,0,0,0,9,2,5,3
2026/02/04/19:47:45,50.455070,0.741344,0.838158,0.741344,0.838158,58,52,32,31,0,0,0,0,9,2,5,3
2026/02/04/19:47:46,51.455786,0.741344,0.838158,0.741344,0.838158,58,52,32,31,0,0,0,0,9,2,5,3
2026/02/04/19:47:47,52.456465,0.741344,0.838158,0.741344,0.838158,58,52,32,31,0,0,0,0,9,2,5,3
2026/02/04/19:47:48,53.456937,0.741344,0.838158,0.741344,0.838158,58,52,32,31,0,0,0,0,9,2,5,3
2026/02/04/19:47:49,54.457572,0.741344,0.838158,0.741344,0.838158,58,52,32,31,0,0,0,0,9,2,5,3
2026/02/04/19:47:50,55.458064,0.741344,0.838158,0.741344,0.838158,58,52,32,31,0,0,0,0,9,2,5,3
2026/02/04/19:47:51,56.458611,0.748969,0.856454,0.748969,0.856454,59,54,32,32,0,0,0,0,9,2,5,3
2026/02/04/19:47:52,57.459243,0.743844,0.850657,0.743844,0.850657,57,54,32,32,0,0,0,0,11,2,5,3
2026/02/04/19:47:53,58.459867,0.784813,0.883101,0.784813,0.883101,65,55,32,34,0,0,0,0,12,2,5,3
2026/02/04/19:47:54,59.460638,0.790312,0.889536,0.790312,0.889536,65,55,32,37,0,0,0,0,12,2,5,3
2026/02/04/19:47:55,60.461276,0.790312,0.889536,0.790312,0.889536,65,55,32,37,0,0,0,0,12,2,5,3
2026/02/04/19:47:56,61.461926,0.792156,0.891480,0.792156,0.891480,66,55,32,37,0,0,0,0,12,2,5,3
2026/02/04/19:47:57,62.462313,0.790500,0.889629,0.790500,0.889629,65,55,32,37,0,0,0,0,13,2,5,3
2026/02/04/19:47:58,63.462976,0.784781,0.884226,0.784781,0.884226,65,55,32,34,0,0,0,0,13,2,5,6
2026/02/04/19:47:59,64.463414,0.782937,0.882283,0.782937,0.882283,64,55,32,34,0,0,0,0,14,2,5,6
2026/02/04/19:48:00,65.463930,0.778844,0.878732,0.778844,0.878732,64,54,32,34,0,0,0,0,14,3,5,6
2026/02/04/19:48:01,66.464583,0.778844,0.878732,0.778844,0.878732,64,54,32,34,0,0,0,0,14,3,5,6
2026/02/04/19:48:02,67.465164,0.775094,0.868226,0.775094,0.868226,64,52,32,34,0,0,0,0,14,5,5,6
2026/02/04/19:48:03,68.465825,0.766406,0.864837,0.766406,0.864837,62,52,32,34,0,0,0,0,16,5,5,6
2026/02/04/19:48:04,69.466425,0.766406,0.864837,0.766406,0.864837,62,52,32,34,0,0,0,0,16,5,5,6
2026/02/04/19:48:05,70.467063,0.761625,0.851389,0.761625,0.851389,59,52,32,34,0,0,0,0,19,5,5,6
2026/02/04/19:48:06,71.467932,0.761625,0.851389,0.761625,0.851389,59,52,32,34,0,0,0,0,19,5,5,6
2026/02/04/19:48:07,72.468556,0.754563,0.841199,0.754563,0.841199,58,52,32,32,0,0,0,0,20,5,5,8
2026/02/04/19:48:08,73.469119,0.746969,0.846476,0.746969,0.846476,55,52,35,30,0,0,0,0,23,5,5,10
2026/02/04/19:48:09,74.469882,0.745344,0.841708,0.745344,0.841708,55,52,35,29,0,0,0,0,23,5,5,11
2026/02/04/19:48:10,75.470823,0.745344,0.841708,0.745344,0.841708,55,52,35,29,0,0,0,0,23,5,5,11
2026/02/04/19:48:11,76.471765,0.745344,0.841708,0.745344,0.841708,55,52,35,29,0,0,0,0,23,5,5,11
2026/02/04/19:48:12,77.472345,0.745344,0.841708,0.745344,0.841708,55,52,35,29,0,0,0,0,23,5,5,11
2026/02/04/19:48:13,78.473117,0.745344,0.841708,0.745344,0.841708,55,52,35,29,0,0,0,0,23,5,5,11
2026/02/04/19:48:14,79.473937,0.745344,0.841708,0.745344,0.841708,55,52,35,29,0,0,0,0,23,5,5,11
2026/02/04/19:48:15,80.474758,0.765094,0.859992,0.765094,0.859992,56,52,35,32,0,0,0,0,23,5,5,11
2026/02/04/19:48:16,81.475614,0.765094,0.859992,0.765094,0.859992,56,52,35,32,0,0,0,0,23,5,5,11
2026/02/04/19:48:17,82.476257,0.765094,0.859992,0.765094,0.859992,56,52,35,32,0,0,0,0,23,5,5,11
2026/02/04/19:48:18,83.476912,0.765094,0.859992,0.765094,0.859992,56,52,35,32,0,0,0,0,23,5,5,11
2026/02/04/19:48:19,84.477597,0.756656,0.865123,0.765531,0.895182,55,53,35,34,0,0,0,2,24,5,5,11
2026/02/04/19:48:20,85.478238,0.765094,0.868348,0.773969,0.898407,55,53,37,34,0,0,0,2,24,5,5,11
2026/02/04/19:48:21,86.478927,0.761594,0.864075,0.770469,0.894134,55,53,37,32,0,0,0,2,24,5,5,13
2026/02/04/19:48:22,87.479690,0.761594,0.864075,0.770469,0.894134,55,53,37,32,0,0,0,2,24,5,5,13
2026/02/04/19:48:23,88.562975,0.761594,0.864075,0.770469,0.894134,55,53,37,32,0,0,0,2,24,5,5,13
2026/02/04/19:48:24,89.563516,0.759656,0.860957,0.768531,0.891016,54,53,37,32,0,0,0,2,25,5,5,13
2026/02/04/19:48:25,90.568905,0.759656,0.860957,0.768531,0.891016,54,53,37,32,0,0,0,2,25,5,5,13
2026/02/04/19:48:26,91.569200,0.731781,0.832306,0.768531,0.891016,50,53,37,32,4,0,0,2,29,5,5,13
2026/02/04/19:48:27,92.569788,0.759656,0.860957,0.759656,0.860957,54,53,37,32,0,0,0,0,29,5,5,13
2026/02/04/19:48:28,93.570539,0.759656,0.860957,0.759656,0.860957,54,53,37,32,0,0,0,0,29,5,5,13
2026/02/04/19:48:29,94.571232,0.759656,0.860957,0.759656,0.860957,54,53,37,32,0,0,0,0,29,5,5,13
2026/02/04/19:48:30,95.571932,0.756437,0.858131,0.756437,0.858131,54,52,37,32,0,0,0,0,29,6,5,13
2026/02/04/19:48:31,96.572614,0.756437,0.858131,0.756437,0.858131,54,52,37,32,0,0,0,0,29,6,5,13
2026/02/04/19:48:32,97.573380,0.756437,0.858131,0.756437,0.858131,54,52,37,32,0,0,0,0,29,6,5,13
2026/02/04/19:48:33,98.574192,0.730187,0.839740,0.730187,0.839740,54,52,35,29,0,0,0,0,29,6,7,16
2026/02/04/19:48:34,99.574774,0.730187,0.839740,0.730187,0.839740,54,52,35,29,0,0,0,0,29,6,7,16
2026/02/04/19:48:35,100.575536,0.730187,0.839740,0.730187,0.839740,54,52,35,29,0,0,0,0,29,6,7,16
2026/02/04/19:48:36,101.576078,0.730187,0.839740,0.730187,0.839740,54,52,35,29,0,0,0,0,29,6,7,16
2026/02/04/19:48:37,102.577144,0.730187,0.839740,0.730187,0.839740,54,52,35,29,0,0,0,0,29,6,7,16
2026/02/04/19:48:38,103.577955,0.730187,0.839740,0.730187,0.839740,54,52,35,29,0,0,0,0,29,6,7,16
2026/02/04/19:48:39,104.579293,0.765375,0.871648,0.765375,0.871648,61,54,38,29,0,0,0,0,29,6,7,16
2026/02/04/19:48:40,105.579889,0.770938,0.875418,0.770938,0.875418,62,55,38,29,0,0,0,0,29,6,7,16
2026/02/04/19:48:41,106.580537,0.770938,0.875418,0.770938,0.875418,62,55,38,29,0,0,0,0,29,6,7,16
2026/02/04/19:48:42,107.581123,0.766437,0.871628,0.766437,0.871628,60,55,38,29,0,0,0,0,31,6,7,16
2026/02/04/19:48:43,108.581723,0.766437,0.871628,0.766437,0.871628,60,55,38,29,0,0,0,0,31,6,7,16
2026/02/04/19:48:44,109.582334,0.766437,0.871628,0.766437,0.871628,60,55,38,29,0,0,0,0,31,6,7,16
2026/02/04/19:48:45,110.582984,0.761062,0.867931,0.761062,0.867931,60,53,38,29,0,0,0,0,31,8,7,16
2026/02/04/19:48:46,111.583504,0.761062,0.867931,0.761062,0.867931,60,53,38,29,0,0,0,0,31,8,7,16
2026/02/04/19:48:47,112.584404,0.761062,0.867931,0.761062,0.867931,60,53,38,29,0,0,0,0,31,8,7,16
2026/02/04/19:48:48,113.585055,0.755812,0.861008,0.755812,0.861008,60,53,35,29,0,0,0,0,31,8,10,16
2026/02/04/19:48:49,114.585832,0.755812,0.861008,0.755812,0.861008,60,53,35,29,0,0,0,0,31,8,10,16
2026/02/04/19:48:50,115.586510,0.755812,0.861008,0.755812,0.861008,60,53,35,29,0,0,0,0,31,8,10,16
2026/02/04/19:48:51,116.587262,0.755812,0.861008,0.755812,0.861008,60,53,35,29,0,0,0,0,31,8,10,16
2026/02/04/19:48:52,117.588017,0.755812,0.861008,0.755812,0.861008,60,53,35,29,0,0,0,0,31,8,10,16
2026/02/04/19:48:53,118.588597,0.755812,0.861008,0.755812,0.861008,60,53,35,29,0,0,0,0,31,8,10,16
2026/02/04/19:48:54,119.589300,0.752250,0.857220,0.752250,0.857220,59,53,35,29,0,0,0,0,32,8,10,16
2026/02/04/19:48:55,120.589942,0.752250,0.857220,0.752250,0.857220,59,53,35,29,0,0,0,0,32,8,10,16
2026/02/04/19:48:56,121.590739,0.752250,0.857220,0.752250,0.857220,59,53,35,29,0,0,0,0,32,8,10,16
2026/02/04/19:48:57,122.591574,0.752250,0.857220,0.752250,0.857220,59,53,35,29,0,0,0,0,32,8,10,16
2026/02/04/19:48:58,123.592311,0.752250,0.857220,0.752250,0.857220,59,53,35,29,0,0,0,0,32,8,10,16
2026/02/04/19:48:59,124.592925,0.752250,0.857220,0.752250,0.857220,59,53,35,29,0,0,0,0,32,8,10,16
2026/02/04/19:49:00,125.593446,0.763906,0.872097,0.784656,0.890434,60,53,35,33,2,1,0,0,32,8,10,16
2026/02/04/19:49:01,126.594027,0.808219,0.896601,0.848875,0.967034,62,59,37,33,3,2,2,0,35,8,10,16
2026/02/04/19:49:02,127.594645,0.810469,0.902802,0.853875,0.987984,62,57,40,34,3,2,3,0,35,11,10,16
2026/02/04/19:49:03,128.595327,0.796656,0.892363,0.840063,0.977545,60,58,37,34,3,2,3,0,37,13,13,16
2026/02/04/19:49:04,129.596122,0.794531,0.890576,0.833156,0.941764,60,58,37,33,0,2,3,0,37,13,13,17
2026/02/04/19:49:05,130.597043,0.792750,0.888569,0.831375,0.939758,60,58,36,33,0,2,3,0,37,13,14,17
2026/02/04/19:49:06,131.597696,0.787406,0.877316,0.817781,0.884258,60,58,36,30,0,2,0,0,37,13,14,20
2026/02/04/19:49:07,132.598352,0.787406,0.877316,0.817781,0.884258,60,58,36,30,0,2,0,0,37,13,14,20
2026/02/04/19:49:08,133.599000,0.783531,0.874813,0.813906,0.881755,60,58,36,29,0,2,0,0,37,13,14,21
2026/02/04/19:49:09,134.599598,0.777188,0.870272,0.807562,0.877214,59,57,36,29,0,2,0,0,38,14,14,21
2026/02/04/19:49:10,135.600251,0.770156,0.868684,0.800531,0.875626,58,57,36,29,0,2,0,0,39,14,14,21
2026/02/04/19:49:11,136.601031,0.770156,0.868684,0.800531,0.875626,58,57,36,29,0,2,0,0,39,14,14,21
2026/02/04/19:49:12,137.601753,0.762750,0.860273,0.793125,0.867215,55,57,36,29,0,2,0,0,42,14,14,21
2026/02/04/19:49:13,138.602350,0.762750,0.860273,0.793125,0.867215,55,57,36,29,0,2,0,0,42,14,14,21
2026/02/04/19:49:14,139.602938,0.762750,0.860273,0.793125,0.867215,55,57,36,29,0,2,0,0,42,14,14,21
2026/02/04/19:49:15,140.603376,0.760406,0.858448,0.790781,0.865390,55,57,35,29,0,2,0,0,42,14,15,21
2026/02/04/19:49:16,141.638129,0.767406,0.861161,0.797781,0.868103,56,58,35,29,0,2,0,0,42,15,15,21
2026/02/04/19:49:17,142.638672,0.767406,0.861161,0.797781,0.868103,56,58,35,29,0,2,0,0,42,15,15,21
2026/02/04/19:49:18,143.640971,0.772344,0.867078,0.802719,0.874020,58,58,35,29,0,2,0,0,42,15,15,21
2026/02/04/19:49:19,144.641327,0.772344,0.867078,0.802719,0.874020,58,58,35,29,0,2,0,0,42,15,15,21
2026/02/04/19:49:20,145.643953,0.813063,0.876677,0.813063,0.876677,58,62,35,29,0,0,0,0,44,16,15,21
2026/02/04/19:49:21,146.644589,0.813063,0.876677,0.813063,0.876677,58,62,35,29,0,0,0,0,44,16,15,21
2026/02/04/19:49:22,147.645208,0.813063,0.876677,0.813063,0.876677,58,62,35,29,0,0,0,0,44,16,15,21
2026/02/04/19:49:23,148.645797,0.825812,0.900722,0.830937,0.926630,61,64,35,29,0,2,0,0,44,16,15,21
2026/02/04/19:49:24,149.646471,0.822531,0.899050,0.827656,0.924957,61,63,35,29,0,2,0,0,44,17,15,21
2026/02/04/19:49:25,150.647029,0.819969,0.886096,0.819969,0.886096,61,62,35,29,0,0,0,0,44,18,15,21
2026/02/04/19:49:26,151.647615,0.823719,0.892739,0.823719,0.892739,59,65,35,29,0,0,0,0,46,18,15,21
2026/02/04/19:49:27,152.648263,0.823719,0.892739,0.823719,0.892739,59,65,35,29,0,0,0,0,46,18,15,21
2026/02/04/19:49:28,153.649179,0.823719,0.892739,0.823719,0.892739,59,65,35,29,0,0,0,0,46,18,15,21
2026/02/04/19:49:29,154.649652,0.823719,0.892739,0.823719,0.892739,59,65,35,29,0,0,0,0,46,18,15,21
2026/02/04/19:49:30,155.650476,0.823719,0.892739,0.823719,0.892739,59,65,35,29,0,0,0,0,46,18,15,21
2026/02/04/19:49:31,156.651055,0.823719,0.892739,0.823719,0.892739,59,65,35,29,0,0,0,0,46,18,15,21
2026/02/04/19:49:32,157.651635,0.819719,0.884499,0.819719,0.884499,59,64,35,29,0,0,0,0,46,19,15,21
2026/02/04/19:49:33,158.652338,0.819719,0.884499,0.819719,0.884499,59,64,35,29,0,0,0,0,46,19,15,21
2026/02/04/19:49:34,159.652951,0.852156,0.895659,0.869781,0.911943,61,65,36,30,2,1,0,0,47,20,15,21
2026/02/04/19:49:35,160.653600,0.856531,0.899157,0.869781,0.911943,61,66,36,30,2,0,0,0,47,20,15,21
2026/02/04/19:49:36,161.654207,0.856531,0.899157,0.869781,0.911943,61,66,36,30,2,0,0,0,47,20,15,21
2026/02/04/19:49:37,162.654756,0.869500,0.931906,0.898969,0.972899,68,67,36,30,3,0,3,0,49,20,15,21
2026/02/04/19:49:38,163.655423,0.877750,0.937859,0.948812,0.993014,70,67,36,30,4,0,7,0,49,20,15,21
2026/02/04/19:49:39,164.655974,0.877750,0.937859,0.947531,0.989942,70,67,36,30,5,0,6,0,49,20,15,21
2026/02/04/19:49:40,165.656570,0.855313,0.917891,0.876219,0.947132,69,64,38,29,3,0,0,0,52,23,17,22
2026/02/04/19:49:41,166.657143,0.849719,0.918028,0.856781,0.942706,71,64,35,29,2,0,0,0,52,23,20,22
2026/02/04/19:49:42,167.657763,0.876500,0.934535,0.902937,0.968611,72,67,37,30,3,0,0,2,52,23,20,22
2026/02/04/19:49:43,168.658516,0.876594,0.936393,0.900844,0.965263,73,66,37,30,2,0,0,2,52,26,20,22
2026/02/04/19:49:44,169.659283,0.869469,0.932683,0.893719,0.961554,73,66,35,30,2,0,0,2,52,26,22,22
2026/02/04/19:49:45,170.659948,0.853844,0.915794,0.853844,0.915794,71,66,35,29,0,0,0,0,54,26,22,23
2026/02/04/19:49:46,171.660658,0.836437,0.908908,0.836437,0.908908,70,66,34,29,0,0,0,0,55,26,23,23
2026/02/04/19:49:47,172.661366,0.836437,0.908908,0.836437,0.908908,70,66,34,29,0,0,0,0,55,26,23,23
2026/02/04/19:49:48,173.661937,0.853000,0.920578,0.874125,0.931939,70,67,34,32,0,2,0,0,55,26,23,23
2026/02/04/19:49:49,174.662680,0.853000,0.920578,0.874125,0.931939,70,67,34,32,0,2,0,0,55,26,23,23
2026/02/04/19:49:50,175.663527,0.853000,0.920578,0.874125,0.931939,70,67,34,32,0,2,0,0,55,26,23,23
2026/02/04/19:49:51,176.664286,0.847500,0.915133,0.858062,0.920813,69,67,34,29,0,1,0,0,56,27,23,26
2026/02/04/19:49:52,177.664822,0.847500,0.915133,0.858062,0.920813,69,67,34,29,0,1,0,0,56,27,23,26
2026/02/04/19:49:53,178.665416,0.826375,0.903773,0.826375,0.903773,69,65,34,29,0,0,0,0,56,29,23,26
2026/02/04/19:49:54,179.666003,0.826375,0.903773,0.826375,0.903773,69,65,34,29,0,0,0,0,56,29,23,26
2026/02/04/19:49:55,180.666731,0.808875,0.882866,0.808875,0.882866,67,62,34,29,0,0,0,0,58,32,23,26
2026/02/04/19:49:56,181.667313,0.806156,0.880977,0.806156,0.880977,66,62,34,29,0,0,0,0,59,32,23,26
2026/02/04/19:49:57,182.668094,0.806156,0.880977,0.806156,0.880977,66,62,34,29,0,0,0,0,59,32,23,26
2026/02/04/19:49:58,183.668749,0.806156,0.880977,0.806156,0.880977,66,62,34,29,0,0,0,0,59,32,23,26
2026/02/04/19:49:59,184.669268,0.806156,0.880977,0.806156,0.880977,66,62,34,29,0,0,0,0,59,32,23,26
2026/02/04/19:50:00,185.669974,0.806156,0.880977,0.806156,0.880977,66,62,34,29,0,0,0,0,59,32,23,26
2026/02/04/19:50:01,186.670698,0.806156,0.880977,0.806156,0.880977,66,62,34,29,0,0,0,0,59,32,23,26
2026/02/04/19:50:02,187.671564,0.806156,0.880977,0.806156,0.880977,66,62,34,29,0,0,0,0,59,32,23,26
2026/02/04/19:50:03,188.672179,0.806156,0.880977,0.806156,0.880977,66,62,34,29,0,0,0,0,59,32,23,26
2026/02/04/19:50:04,189.672916,0.798188,0.862326,0.798188,0.862326,66,62,31,29,0,0,0,0,59,32,26,26
2026/02/04/19:50:05,190.673597,0.790219,0.854259,0.790219,0.854259,63,62,31,29,0,0,0,0,62,32,26,26
2026/02/04/19:50:06,191.674426,0.790219,0.854259,0.790219,0.854259,63,62,31,29,0,0,0,0,62,32,26,26
2026/02/04/19:50:07,192.675209,0.790219,0.854259,0.790219,0.854259,63,62,31,29,0,0,0,0,62,32,26,26
2026/02/04/19:50:08,193.675818,0.777906,0.850262,0.777906,0.850262,61,62,31,29,0,0,0,0,64,32,26,26
2026/02/04/19:50:09,194.676428,0.777906,0.850262,0.777906,0.850262,61,62,31,29,0,0,0,0,64,32,26,26
2026/02/04/19:50:10,195.677198,0.776156,0.847695,0.776156,0.847695,60,62,31,29,0,0,0,0,65,32,26,26
2026/02/04/19:50:11,196.677951,0.804906,0.876846,0.804906,0.876846,61,64,34,29,0,0,0,0,65,32,26,26
2026/02/04/19:50:12,197.678649,0.824719,0.886388,0.824719,0.886388,63,64,34,32,0,0,0,0,65,32,26,26
2026/02/04/19:50:13,198.679435,0.824719,0.886388,0.824719,0.886388,63,64,34,32,0,0,0,0,65,32,26,26
2026/02/04/19:50:14,199.680191,0.824719,0.886388,0.824719,0.886388,63,64,34,32,0,0,0,0,65,32,26,26
2026/02/04/19:50:15,200.680956,0.838094,0.913402,0.847000,0.930878,65,67,35,34,0,0,2,1,67,32,26,26
2026/02/04/19:50:16,201.681502,0.846375,0.924514,0.855625,0.945933,68,67,35,35,1,0,2,0,67,32,26,26
2026/02/04/19:50:17,202.682024,0.843656,0.919584,0.843656,0.919584,68,66,34,35,0,0,0,0,68,33,29,26
2026/02/04/19:50:18,203.683388,0.853375,0.913303,0.853375,0.913303,65,64,41,32,0,0,0,0,71,35,29,29
2026/02/04/19:50:19,204.683950,0.853375,0.913303,0.853375,0.913303,65,64,41,32,0,0,0,0,71,35,29,29
2026/02/04/19:50:20,205.684546,0.849812,0.910092,0.849812,0.910092,65,62,41,32,0,0,0,0,71,37,29,29
2026/02/04/19:50:21,206.685226,0.849812,0.910092,0.849812,0.910092,65,62,41,32,0,0,0,0,71,37,29,29
2026/02/04/19:50:22,207.686007,0.846000,0.906841,0.846000,0.906841,65,62,41,30,0,0,0,0,71,37,29,31
2026/02/04/19:50:23,208.686564,0.835688,0.887271,0.835688,0.887271,64,62,39,30,0,0,0,0,72,37,31,31
2026/02/04/19:50:24,209.687174,0.830750,0.878355,0.830750,0.878355,64,62,38,29,0,0,0,0,72,37,32,32
2026/02/04/19:50:25,210.687727,0.830750,0.878355,0.830750,0.878355,64,62,38,29,0,0,0,0,72,37,32,32
2026/02/04/19:50:26,211.688392,0.830750,0.878355,0.830750,0.878355,64,62,38,29,0,0,0,0,72,37,32,32
2026/02/04/19:50:27,212.689107,0.842187,0.881835,0.865062,0.888795,64,62,39,29,0,0,2,0,72,37,32,32
2026/02/04/19:50:28,213.690578,0.845375,0.876575,0.856812,0.880055,64,62,37,29,0,0,1,0,72,37,35,32
2026/02/04/19:50:29,214.691103,0.854750,0.891798,0.866187,0.895278,64,62,39,29,0,0,1,0,72,37,35,32
2026/02/04/19:50:30,215.691641,0.854750,0.891798,0.866187,0.895278,64,62,39,29,0,0,1,0,72,37,35,32
2026/02/04/19:50:31,216.692231,0.854750,0.891798,0.866187,0.895278,64,62,39,29,0,0,1,0,72,37,35,32
2026/02/04/19:50:32,217.692940,0.854750,0.891798,0.866187,0.895278,64,62,39,29,0,0,1,0,72,37,35,32
2026/02/04/19:50:33,218.693513,0.854750,0.891798,0.866187,0.895278,64,62,39,29,0,0,1,0,72,37,35,32
2026/02/04/19:50:34,219.738041,0.854750,0.891798,0.866187,0.895278,64,62,39,29,0,0,1,0,72,37,35,32
2026/02/04/19:50:35,220.738628,0.866187,0.895278,0.866187,0.895278,64,62,40,29,0,0,0,0,73,37,35,32
2026/02/04/19:50:36,221.739321,0.870812,0.905486,0.873437,0.915562,64,64,40,29,0,0,1,0,73,37,35,32
2026/02/04/19:50:37,222.739800,0.839125,0.905122,0.839125,0.905122,64,64,38,29,0,0,0,0,73,37,38,32
2026/02/04/19:50:38,223.742909,0.839125,0.905122,0.839125,0.905122,64,64,38,29,0,0,0,0,73,37,38,32
2026/02/04/19:50:39,224.743581,0.832937,0.899245,0.832937,0.899245,61,64,38,29,0,0,0,0,76,37,38,32
2026/02/04/19:50:40,225.743867,0.832937,0.899245,0.832937,0.899245,61,64,38,29,0,0,0,0,76,37,38,32
2026/02/04/19:50:41,226.744346,0.825688,0.878961,0.825688,0.878961,61,62,37,29,0,0,0,0,76,39,39,32
2026/02/04/19:50:42,227.745169,0.825688,0.878961,0.825688,0.878961,61,62,37,29,0,0,0,0,76,39,39,32
2026/02/04/19:50:43,228.745898,0.799250,0.872230,0.799250,0.872230,61,62,34,29,0,0,0,0,76,39,42,32
2026/02/04/19:50:44,229.746650,0.799250,0.872230,0.799250,0.872230,61,62,34,29,0,0,0,0,76,39,42,32
2026/02/04/19:50:45,230.747421,0.799250,0.872230,0.799250,0.872230,61,62,34,29,0,0,0,0,76,39,42,32
2026/02/04/19:50:46,231.747998,0.813312,0.875741,0.813312,0.875741,61,62,36,29,0,0,0,0,76,39,42,32
2026/02/04/19:50:47,232.748729,0.811688,0.872778,0.811688,0.872778,60,62,36,29,0,0,0,0,77,39,42,32
2026/02/04/19:50:48,233.749287,0.797625,0.869267,0.797625,0.869267,60,62,34,29,0,0,0,0,77,39,44,32
2026/02/04/19:50:49,234.749922,0.797625,0.869267,0.797625,0.869267,60,62,34,29,0,0,0,0,77,39,44,32
2026/02/04/19:50:50,235.750499,0.797625,0.869267,0.797625,0.869267,60,62,34,29,0,0,0,0,77,39,44,32
2026/02/04/19:50:51,236.751105,0.797625,0.869267,0.797625,0.869267,60,62,34,29,0,0,0,0,77,39,44,32
2026/02/04/19:50:52,237.751979,0.788250,0.854044,0.788250,0.854044,60,62,32,29,0,0,0,0,77,39,46,32
2026/02/04/19:50:53,238.752677,0.783062,0.850239,0.783062,0.850239,58,62,32,29,0,0,0,0,79,39,46,32
2026/02/04/19:50:54,239.753277,0.783062,0.850239,0.783062,0.850239,58,62,32,29,0,0,0,0,79,39,46,32
2026/02/04/19:50:55,240.753881,0.783062,0.850239,0.783062,0.850239,58,62,32,29,0,0,0,0,79,39,46,32
2026/02/04/19:50:56,241.754534,0.783062,0.850239,0.783062,0.850239,58,62,32,29,0,0,0,0,79,39,46,32
2026/02/04/19:50:57,242.755193,0.783062,0.850239,0.783062,0.850239,58,62,32,29,0,0,0,0,79,39,46,32
2026/02/04/19:50:58,243.755813,0.783062,0.850239,0.783062,0.850239,58,62,32,29,0,0,0,0,79,39,46,32
2026/02/04/19:50:59,244.756395,0.783062,0.850239,0.783062,0.850239,58,62,32,29,0,0,0,0,79,39,46,32
2026/02/04/19:51:00,245.757029,0.783062,0.850239,0.783062,0.850239,58,62,32,29,0,0,0,0,79,39,46,32
2026/02/04/19:51:01,246.757670,0.783062,0.850239,0.783062,0.850239,58,62,32,29,0,0,0,0,79,39,46,32
2026/02/04/19:51:02,247.758273,0.783062,0.850239,0.783062,0.850239,58,62,32,29,0,0,0,0,79,39,46,32
2026/02/04/19:51:03,248.758816,0.783062,0.850239,0.783062,0.850239,58,62,32,29,0,0,0,0,79,39,46,32
2026/02/04/19:51:04,249.759596,0.791750,0.853957,0.791750,0.853957,58,64,32,29,0,0,0,0,79,39,46,32
2026/02/04/19:51:05,250.760268,0.791750,0.853957,0.791750,0.853957,58,64,32,29,0,0,0,0,79,39,46,32
2026/02/04/19:51:06,251.760993,0.791750,0.853957,0.791750,0.853957,58,64,32,29,0,0,0,0,79,39,46,32
2026/02/04/19:51:07,252.761595,0.791750,0.853957,0.791750,0.853957,58,64,32,29,0,0,0,0,79,39,46,32
2026/02/04/19:51:08,253.762114,0.791750,0.853957,0.791750,0.853957,58,64,32,29,0,0,0,0,79,39,46,32
2026/02/04/19:51:09,254.762697,0.791750,0.853957,0.791750,0.853957,58,64,32,29,0,0,0,0,79,39,46,32
2026/02/04/19:51:10,255.763460,0.791750,0.853957,0.791750,0.853957,58,64,32,29,0,0,0,0,79,39,46,32
2026/02/04/19:51:11,256.764110,0.791750,0.853957,0.791750,0.853957,58,64,32,29,0,0,0,0,79,39,46,32
2026/02/04/19:51:12,257.764662,0.791750,0.853957,0.791750,0.853957,58,64,32,29,0,0,0,0,79,39,46,32
2026/02/04/19:51:13,258.765229,0.791750,0.853957,0.791750,0.853957,58,64,32,29,0,0,0,0,79,39,46,32
2026/02/04/19:51:14,259.765835,0.791750,0.853957,0.791750,0.853957,58,64,32,29,0,0,0,0,79,39,46,32
2026/02/04/19:51:15,260.766490,0.791750,0.853957,0.791750,0.853957,58,64,32,29,0,0,0,0,79,39,46,32
2026/02/04/19:51:16,261.767254,0.783062,0.850239,0.783062,0.850239,58,62,32,29,0,0,0,0,79,41,46,32
2026/02/04/19:51:17,262.767899,0.783062,0.850239,0.783062,0.850239,58,62,32,29,0,0,0,0,79,41,46,32
2026/02/04/19:51:18,263.768710,0.783062,0.850239,0.783062,0.850239,58,62,32,29,0,0,0,0,79,41,46,32
2026/02/04/19:51:19,264.769273,0.783062,0.850239,0.783062,0.850239,58,62,32,29,0,0,0,0,79,41,46,32
2026/02/04/19:51:20,265.770004,0.783062,0.850239,0.783062,0.850239,58,62,32,29,0,0,0,0,79,41,46,32
2026/02/04/19:51:21,266.770759,0.783062,0.850239,0.783062,0.850239,58,62,32,29,0,0,0,0,79,41,46,32
2026/02/04/19:51:22,267.771513,0.783062,0.850239,0.783062,0.850239,58,62,32,29,0,0,0,0,79,41,46,32
2026/02/04/19:51:23,268.772060,0.783062,0.850239,0.783062,0.850239,58,62,32,29,0,0,0,0,79,41,46,32
2026/02/04/19:51:24,269.772745,0.783062,0.850239,0.783062,0.850239,58,62,32,29,0,0,0,0,79,41,46,32
2026/02/04/19:51:25,270.773694,0.783062,0.850239,0.783062,0.850239,58,62,32,29,0,0,0,0,79,41,46,32
2026/02/04/19:51:26,271.774290,0.783062,0.850239,0.783062,0.850239,58,62,32,29,0,0,0,0,79,41,46,32
2026/02/04/19:51:27,272.774951,0.783062,0.850239,0.783062,0.850239,58,62,32,29,0,0,0,0,79,41,46,32
2026/02/04/19:51:28,273.775566,0.783062,0.850239,0.783062,0.850239,58,62,32,29,0,0,0,0,79,41,46,32
2026/02/04/19:51:29,274.776111,0.783062,0.850239,0.783062,0.850239,58,62,32,29,0,0,0,0,79,41,46,32
2026/02/04/19:51:30,275.776782,0.783062,0.850239,0.783062,0.850239,58,62,32,29,0,0,0,0,79,41,46,32
2026/02/04/19:51:31,276.777394,0.783062,0.850239,0.783062,0.850239,58,62,32,29,0,0,0,0,79,41,46,32
2026/02/04/19:51:32,277.778179,0.783062,0.850239,0.783062,0.850239,58,62,32,29,0,0,0,0,79,41,46,32
2026/02/04/19:51:33,278.779029,0.783062,0.850239,0.783062,0.850239,58,62,32,29,0,0,0,0,79,41,46,32
2026/02/04/19:51:34,279.779832,0.811187,0.866375,0.816000,0.892382,60,64,35,29,0,0,0,2,79,41,46,32
2026/02/04/19:51:35,280.780587,0.811187,0.866375,0.816000,0.892382,60,64,35,29,0,0,0,2,79,41,46,32
2026/02/04/19:51:36,281.781240,0.804375,0.863047,0.809187,0.889055,58,64,35,29,0,0,0,2,81,41,46,32
2026/02/04/19:51:37,282.781796,0.810344,0.876143,0.813969,0.881132,62,64,32,31,0,0,0,2,81,41,49,32
2026/02/04/19:51:38,283.782365,0.813969,0.881132,0.813969,0.881132,62,64,32,33,0,0,0,0,81,41,49,32
2026/02/04/19:51:39,284.783082,0.813969,0.881132,0.813969,0.881132,62,64,32,33,0,0,0,0,81,41,49,32
2026/02/04/19:51:40,285.783890,0.811594,0.878987,0.811594,0.878987,62,64,32,32,0,0,0,0,81,41,49,33
2026/02/04/19:51:41,286.784591,0.811594,0.878987,0.811594,0.878987,62,64,32,32,0,0,0,0,81,41,49,33
2026/02/04/19:51:42,287.785387,0.802781,0.877308,0.802781,0.877308,61,64,32,32,0,0,0,0,82,41,49,33
2026/02/04/19:51:43,288.786313,0.799188,0.875627,0.799188,0.875627,61,63,32,32,0,0,0,0,82,42,49,33
2026/02/04/19:51:44,289.786991,0.799188,0.875627,0.799188,0.875627,61,63,32,32,0,0,0,0,82,42,49,33
2026/02/04/19:51:45,290.787742,0.799188,0.875627,0.799188,0.875627,61,63,32,32,0,0,0,0,82,42,49,33
2026/02/04/19:51:46,291.788343,0.790094,0.860117,0.790094,0.860117,58,63,32,32,0,0,0,0,85,42,49,33
2026/02/04/19:51:47,292.788965,0.788500,0.857722,0.788500,0.857722,58,62,32,32,0,0,0,0,85,43,49,33
2026/02/04/19:51:48,293.797534,0.804250,0.871935,0.804250,0.871935,61,62,35,32,0,0,0,0,85,43,49,33
2026/02/04/19:51:49,294.798016,0.804250,0.871935,0.804250,0.871935,61,62,35,32,0,0,0,0,85,43,49,33
2026/02/04/19:51:50,295.798754,0.804250,0.871935,0.804250,0.871935,61,62,35,32,0,0,0,0,85,43,49,33
2026/02/04/19:51:51,296.799336,0.787844,0.856989,0.787844,0.856989,61,62,32,29,0,0,0,0,85,43,52,36
2026/02/04/19:51:52,297.800139,0.787844,0.856989,0.787844,0.856989,61,62,32,29,0,0,0,0,85,43,52,36
2026/02/04/19:51:53,298.800791,0.787844,0.856989,0.787844,0.856989,61,62,32,29,0,0,0,0,85,43,52,36
2026/02/04/19:51:54,299.801440,0.787844,0.856989,0.791656,0.869875,61,62,32,29,1,0,0,0,85,43,52,36
2026/02/04/19:51:55,300.802032,0.821313,0.870166,0.825125,0.883052,65,62,32,30,1,0,0,0,85,43,52,36
2026/02/04/19:51:56,301.802827,0.821313,0.870166,0.825125,0.883052,65,62,32,30,1,0,0,0,85,43,52,36
2026/02/04/19:51:57,302.803496,0.821313,0.870166,0.825125,0.883052,65,62,32,30,1,0,0,0,85,43,52,36
2026/02/04/19:51:58,303.804094,0.817375,0.868579,0.817375,0.868579,64,62,32,30,0,0,0,0,86,43,52,36
2026/02/04/19:51:59,304.804676,0.817375,0.868579,0.817375,0.868579,64,62,32,30,0,0,0,0,86,43,52,36
2026/02/04/19:52:00,305.805265,0.817375,0.868579,0.817375,0.868579,64,62,32,30,0,0,0,0,86,43,52,36
2026/02/04/19:52:01,306.805914,0.792156,0.862530,0.792156,0.862530,61,62,32,30,0,0,0,0,89,43,52,36
2026/02/04/19:52:02,307.806648,0.785344,0.858559,0.785344,0.858559,61,60,32,30,0,0,0,0,89,45,52,36
2026/02/04/19:52:03,308.807410,0.791813,0.868248,0.791813,0.868248,64,60,32,30,0,0,0,0,89,45,52,36
2026/02/04/19:52:04,309.807935,0.795937,0.873213,0.795937,0.873213,64,62,32,30,0,0,0,0,89,45,52,36
2026/02/04/19:52:05,310.808695,0.789469,0.863524,0.789469,0.863524,61,62,32,30,0,0,0,0,92,45,52,36
2026/02/04/19:52:06,311.809321,0.789469,0.863524,0.789469,0.863524,61,62,32,30,0,0,0,0,92,45,52,36
2026/02/04/19:52:07,312.810040,0.785344,0.858559,0.785344,0.858559,61,60,32,30,0,0,0,0,92,47,52,36
2026/02/04/19:52:08,313.810793,0.785344,0.858559,0.785344,0.858559,61,60,32,30,0,0,0,0,92,47,52,36
2026/02/04/19:52:09,314.811419,0.785344,0.858559,0.785344,0.858559,61,60,32,30,0,0,0,0,92,47,52,36
2026/02/04/19:52:10,315.812172,0.785344,0.858559,0.785344,0.858559,61,60,32,30,0,0,0,0,92,47,52,36
2026/02/04/19:52:11,316.812896,0.785344,0.858559,0.785344,0.858559,61,60,32,30,0,0,0,0,92,47,52,36
2026/02/04/19:52:12,317.813595,0.785344,0.858559,0.785344,0.858559,61,60,32,30,0,0,0,0,92,47,52,36
2026/02/04/19:52:13,318.814198,0.780563,0.851808,0.780563,0.851808,58,60,32,30,0,0,0,0,95,47,52,36
2026/02/04/19:52:14,319.814833,0.780563,0.851808,0.780563,0.851808,58,60,32,30,0,0,0,0,95,47,52,36
2026/02/04/19:52:15,320.815452,0.780563,0.851808,0.780563,0.851808,58,60,32,30,0,0,0,0,95,47,52,36
2026/02/04/19:52:16,321.816141,0.780563,0.851808,0.780563,0.851808,58,60,32,30,0,0,0,0,95,47,52,36
2026/02/04/19:52:17,322.816998,0.780563,0.851808,0.780563,0.851808,58,60,32,30,0,0,0,0,95,47,52,36
2026/02/04/19:52:18,323.817551,0.780563,0.851808,0.780563,0.851808,58,60,32,30,0,0,0,0,95,47,52,36
2026/02/04/19:52:19,324.818236,0.780563,0.851808,0.780563,0.851808,58,60,32,30,0,0,0,0,95,47,52,36
2026/02/04/19:52:20,325.818832,0.780563,0.851808,0.780563,0.851808,58,60,32,30,0,0,0,0,95,47,52,36
2026/02/04/19:52:21,326.819496,0.777687,0.849887,0.777687,0.849887,57,60,32,30,0,0,0,0,96,47,52,36
2026/02/04/19:52:22,327.820252,0.777687,0.849887,0.777687,0.849887,57,60,32,30,0,0,0,0,96,47,52,36
2026/02/04/19:52:23,328.820917,0.777687,0.849887,0.777687,0.849887,57,60,32,30,0,0,0,0,96,47,52,36
2026/02/04/19:52:24,329.821581,0.777687,0.849887,0.777687,0.849887,57,60,32,30,0,0,0,0,96,47,52,36
2026/02/04/19:52:25,330.822325,0.809656,0.875742,0.809656,0.875742,61,62,32,30,0,0,0,0,96,47,52,36
2026/02/04/19:52:26,331.823016,0.809656,0.875742,0.809656,0.875742,61,62,32,30,0,0,0,0,96,47,52,36
2026/02/04/19:52:27,332.823684,0.809656,0.875742,0.809656,0.875742,61,62,32,30,0,0,0,0,96,47,52,36
2026/02/04/19:52:28,333.824293,0.809656,0.875742,0.809656,0.875742,61,62,32,30,0,0,0,0,96,47,52,36
2026/02/04/19:52:29,334.825086,0.809656,0.875742,0.809656,0.875742,61,62,32,30,0,0,0,0,96,47,52,36
2026/02/04/19:52:30,335.825632,0.803844,0.871921,0.803844,0.871921,61,60,32,30,0,0,0,0,96,49,52,36
2026/02/04/19:52:31,336.826097,0.785188,0.859147,0.785188,0.859147,58,60,32,30,0,0,0,0,99,49,52,36
2026/02/04/19:52:32,337.826850,0.785188,0.859147,0.785188,0.859147,58,60,32,30,0,0,0,0,99,49,52,36
2026/02/04/19:52:33,338.827517,0.785188,0.859147,0.785188,0.859147,58,60,32,30,0,0,0,0,99,49,52,36
2026/02/04/19:52:34,339.828212,0.785188,0.859147,0.785188,0.859147,58,60,32,30,0,0,0,0,99,49,52,36
2026/02/04/19:52:35,340.828912,0.785188,0.859147,0.785188,0.859147,58,60,32,30,0,0,0,0,99,49,52,36
2026/02/04/19:52:36,341.829444,0.785188,0.859147,0.785188,0.859147,58,60,32,30,0,0,0,0,99,49,52,36
2026/02/04/19:52:37,342.830111,0.785188,0.859147,0.785188,0.859147,58,60,32,30,0,0,0,0,99,49,52,36
2026/02/04/19:52:38,343.830679,0.785188,0.859147,0.785188,0.859147,58,60,32,30,0,0,0,0,99,49,52,36
2026/02/04/19:52:39,344.831334,0.777687,0.849887,0.777687,0.849887,57,60,32,30,0,0,0,0,100,49,52,36
2026/02/04/19:52:40,345.832003,0.777687,0.849887,0.777687,0.849887,57,60,32,30,0,0,0,0,100,49,52,36
2026/02/04/19:52:41,346.832722,0.777687,0.849887,0.777687,0.849887,57,60,32,30,0,0,0,0,100,49,52,36
2026/02/04/19:52:42,347.833489,0.777687,0.849887,0.777687,0.849887,57,60,32,30,0,0,0,0,100,49,52,36
2026/02/04/19:52:43,348.834357,0.777687,0.849887,0.777687,0.849887,57,60,32,30,0,0,0,0,100,49,52,36
2026/02/04/19:52:44,349.835170,0.777687,0.849887,0.777687,0.849887,57,60,32,30,0,0,0,0,100,49,52,36
2026/02/04/19:52:45,350.836016,0.777687,0.849887,0.777687,0.849887,57,60,32,30,0,0,0,0,100,49,52,36
2026/02/04/19:52:46,351.836622,0.777687,0.849887,0.777687,0.849887,57,60,32,30,0,0,0,0,100,49,52,36
2026/02/04/19:52:47,352.837117,0.777687,0.849887,0.777687,0.849887,57,60,32,30,0,0,0,0,100,49,52,36
2026/02/04/19:52:48,353.837749,0.777687,0.849887,0.777687,0.849887,57,60,32,30,0,0,0,0,100,49,52,36
2026/02/04/19:52:49,354.838384,0.782813,0.852763,0.782813,0.852763,57,60,33,30,0,0,0,0,100,49,52,36
2026/02/04/19:52:50,355.839053,0.782813,0.852763,0.782813,0.852763,57,60,33,30,0,0,0,0,100,49,52,36
2026/02/04/19:52:51,356.839576,0.782813,0.852763,0.782813,0.852763,57,60,33,30,0,0,0,0,100,49,52,36
2026/02/04/19:52:52,357.840032,0.844844,0.894085,0.844844,0.894085,60,61,38,36,0,0,0,0,100,49,52,36
2026/02/04/19:52:53,358.840591,0.868750,0.908483,0.868750,0.908483,62,63,39,36,0,0,0,0,100,49,52,36
2026/02/04/19:52:54,359.841045,0.868750,0.908483,0.868750,0.908483,62,63,39,36,0,0,0,0,100,49,52,36
2026/02/04/19:52:55,360.841629,0.841031,0.894152,0.841031,0.894152,62,63,35,33,0,0,0,0,100,49,56,39
2026/02/04/19:52:56,361.842299,0.826250,0.885201,0.826250,0.885201,62,62,33,33,0,0,0,0,100,50,58,39
2026/02/04/19:52:57,362.842952,0.813594,0.872796,0.813594,0.872796,62,62,33,30,0,0,0,0,100,50,58,42
2026/02/04/19:52:58,363.843640,0.813594,0.872796,0.813594,0.872796,62,62,33,30,0,0,0,0,100,50,58,42
2026/02/04/19:52:59,364.844265,0.807594,0.869347,0.807594,0.869347,62,60,33,30,0,0,0,0,100,52,58,42
2026/02/04/19:53:00,365.844844,0.799813,0.867308,0.799813,0.867308,62,60,32,30,0,0,0,0,100,52,59,42
2026/02/04/19:53:01,366.845441,0.799813,0.867308,0.799813,0.867308,62,60,32,30,0,0,0,0,100,52,59,42
2026/02/04/19:53:02,367.846015,0.825531,0.889752,0.825531,0.889752,71,60,32,30,0,0,0,0,100,52,59,42
2026/02/04/19:53:03,368.846729,0.825531,0.889752,0.825531,0.889752,71,60,32,30,0,0,0,0,100,52,59,42
2026/02/04/19:53:04,369.847473,0.825531,0.889752,0.825531,0.889752,71,60,32,30,0,0,0,0,100,52,59,42
2026/02/04/19:53:05,370.848296,0.821344,0.883848,0.821344,0.883848,69,60,32,30,0,0,0,0,102,52,59,42
2026/02/04/19:53:06,371.848934,0.818031,0.879049,0.818031,0.879049,67,60,32,30,0,0,0,0,104,52,59,42
2026/02/04/19:53:07,372.849779,0.818031,0.879049,0.818031,0.879049,67,60,32,30,0,0,0,0,104,52,59,42
2026/02/04/19:53:08,373.850509,0.818031,0.879049,0.818031,0.879049,67,60,32,30,0,0,0,0,104,52,59,42
2026/02/04/19:53:09,374.851255,0.818031,0.879049,0.818031,0.879049,67,60,32,30,0,0,0,0,104,52,59,42
2026/02/04/19:53:10,375.851987,0.812906,0.862303,0.812906,0.862303,65,60,32,30,0,0,0,0,106,52,59,42
2026/02/04/19:53:11,376.852735,0.812906,0.862303,0.812906,0.862303,65,60,32,30,0,0,0,0,106,52,59,42
2026/02/04/19:53:12,377.853329,0.812906,0.862303,0.812906,0.862303,65,60,32,30,0,0,0,0,106,52,59,42
2026/02/04/19:53:13,378.854057,0.812906,0.862303,0.812906,0.862303,65,60,32,30,0,0,0,0,106,52,59,42
2026/02/04/19:53:14,379.854769,0.812906,0.862303,0.812906,0.862303,65,60,32,30,0,0,0,0,106,52,59,42
2026/02/04/19:53:15,380.855425,0.812906,0.862303,0.812906,0.862303,65,60,32,30,0,0,0,0,106,52,59,42
2026/02/04/19:53:16,381.856097,0.812906,0.862303,0.812906,0.862303,65,60,32,30,0,0,0,0,106,52,59,42
2026/02/04/19:53:17,382.856588,0.833937,0.891327,0.833937,0.891327,68,62,33,32,0,0,0,0,106,52,59,42
2026/02/04/19:53:18,383.857326,0.819594,0.885540,0.834469,0.939007,65,62,33,32,2,0,3,0,109,52,59,42
2026/02/04/19:53:19,384.857912,0.819594,0.885540,0.834469,0.939007,65,62,33,32,2,0,3,0,109,52,59,42
2026/02/04/19:53:20,385.858341,0.816312,0.880615,0.816312,0.880615,65,62,32,32,0,0,0,0,109,52,60,42
2026/02/04/19:53:21,386.858987,0.820000,0.887048,0.820000,0.887048,65,62,34,32,0,0,0,0,109,52,60,42
2026/02/04/19:53:22,387.859530,0.824844,0.897233,0.824844,0.897233,63,64,34,34,0,0,0,0,111,52,60,42
2026/02/04/19:53:23,388.860214,0.845469,0.915201,0.859500,0.947452,63,70,34,35,1,2,0,0,111,52,60,42
2026/02/04/19:53:24,389.860584,0.855938,0.917379,0.908969,0.975262,63,71,35,34,2,4,2,0,112,52,60,44
2026/02/04/19:53:25,390.861359,0.867094,0.931546,0.950812,1.027210,66,71,35,37,2,8,2,0,112,52,60,44
2026/02/04/19:53:26,391.862010,0.855500,0.929323,0.912094,1.016555,66,71,34,37,1,8,0,0,112,52,61,44
2026/02/04/19:53:27,392.862691,0.850625,0.920748,0.907219,1.007981,63,71,34,37,1,8,0,0,115,52,61,44
2026/02/04/19:53:28,393.863594,0.839906,0.907406,0.894219,0.979364,63,66,34,37,0,8,0,0,115,57,61,44
2026/02/04/19:53:29,394.864137,0.833625,0.901814,0.887938,0.973772,63,66,34,34,0,8,0,0,115,57,61,47
2026/02/04/19:53:30,395.864873,0.833625,0.901814,0.887938,0.973772,63,66,34,34,0,8,0,0,115,57,61,47
2026/02/04/19:53:31,396.865494,0.833625,0.901814,0.876188,0.956794,63,66,34,34,0,6,0,0,115,57,61,47
2026/02/04/19:53:32,397.866211,0.833625,0.901814,0.876188,0.956794,63,66,34,34,0,6,0,0,115,57,61,47
2026/02/04/19:53:33,398.866936,0.838375,0.906512,0.880938,0.961492,62,67,35,35,0,6,0,0,116,57,61,47
2026/02/04/19:53:34,399.867573,0.842531,0.907438,0.866781,0.915061,62,67,35,35,0,2,0,0,116,58,61,47
2026/02/04/19:53:35,400.868233,0.824969,0.893598,0.824969,0.893598,62,65,33,35,0,0,0,0,116,60,63,47
2026/02/04/19:53:36,401.868899,0.824969,0.893598,0.824969,0.893598,62,65,33,35,0,0,0,0,116,60,63,47
2026/02/04/19:53:37,402.869486,0.816438,0.887951,0.816438,0.887951,62,63,33,34,0,0,0,0,116,62,63,48
2026/02/04/19:53:38,403.870114,0.856812,0.924202,0.856812,0.924202,62,67,40,34,0,0,0,0,116,63,63,48
2026/02/04/19:53:39,404.870648,0.869531,0.932967,0.889906,0.948992,62,69,42,35,0,1,2,0,116,63,63,48
2026/02/04/19:53:40,405.871259,0.876250,0.936750,0.913625,1.017950,63,70,42,35,3,2,5,0,116,63,63,48
2026/02/04/19:53:41,406.871757,0.874687,0.936945,0.916250,1.018974,63,69,43,35,3,4,4,0,116,64,63,48
2026/02/04/19:53:42,407.872363,0.867188,0.940204,0.900094,1.010316,63,69,43,35,3,1,4,0,116,65,63,48
2026/02/04/19:53:43,408.873024,0.862938,0.937056,0.879406,0.992715,63,69,41,35,3,1,2,0,116,65,65,48
2026/02/04/19:53:44,409.873650,0.849625,0.929813,0.861625,0.974384,63,70,37,35,3,0,1,0,116,65,69,48
2026/02/04/19:53:45,410.874271,0.849625,0.929813,0.854313,0.937649,63,70,37,35,0,0,1,0,116,65,69,48
2026/02/04/19:53:46,411.874823,0.843406,0.917601,0.848094,0.925437,62,68,37,35,0,0,1,0,117,67,69,48
2026/02/04/19:53:47,412.875426,0.843406,0.917601,0.848094,0.925437,62,68,37,35,0,0,1,0,117,67,69,48
2026/02/04/19:53:48,413.875943,0.836781,0.906175,0.841469,0.914012,60,68,37,35,0,0,1,0,119,67,69,48
2026/02/04/19:53:49,414.876594,0.836781,0.906175,0.841469,0.914012,60,68,37,35,0,0,1,0,119,67,69,48
2026/02/04/19:53:50,415.877224,0.836781,0.906175,0.841469,0.914012,60,68,37,35,0,0,1,0,119,67,69,48
2026/02/04/19:53:51,416.877887,0.836781,0.906175,0.841469,0.914012,60,68,37,35,0,0,1,0,119,67,69,48
2026/02/04/19:53:52,417.878454,0.828906,0.903031,0.833594,0.910868,60,66,37,35,0,0,1,0,119,69,69,48
2026/02/04/19:53:53,418.931839,0.828906,0.903031,0.833594,0.910868,60,66,37,35,0,0,1,0,119,69,69,48
2026/02/04/19:53:54,419.932456,0.828906,0.903031,0.833594,0.910868,60,66,37,35,0,0,1,0,119,69,69,48
2026/02/04/19:53:55,420.933027,0.828906,0.903031,0.833594,0.910868,60,66,37,35,0,0,1,0,119,69,69,48
2026/02/04/19:53:56,421.933488,0.833594,0.910868,0.833594,0.910868,60,66,38,35,0,0,0,0,120,69,69,48
2026/02/04/19:53:57,422.934189,0.818219,0.902950,0.818219,0.902950,58,64,38,35,0,0,0,0,122,71,69,48
2026/02/04/19:53:58,423.934739,0.818219,0.902950,0.818219,0.902950,58,64,38,35,0,0,0,0,122,71,69,48
2026/02/04/19:53:59,424.935322,0.813906,0.899562,0.813906,0.899562,58,64,36,35,0,0,0,0,122,71,71,48
2026/02/04/19:54:00,425.936013,0.812031,0.897348,0.812031,0.897348,58,63,36,35,0,0,0,0,122,72,71,48
2026/02/04/19:54:01,426.936679,0.812031,0.897348,0.812031,0.897348,58,63,36,35,0,0,0,0,122,72,71,48
2026/02/04/19:54:02,427.937482,0.812031,0.897348,0.812031,0.897348,58,63,36,35,0,0,0,0,122,72,71,48
2026/02/04/19:54:03,428.938268,0.832531,0.911454,0.832531,0.911454,58,63,38,37,0,0,0,0,122,72,71,48
2026/02/04/19:54:04,429.938931,0.839938,0.918122,0.842406,0.925436,59,63,40,37,1,0,0,0,122,72,71,48
2026/02/04/19:54:05,430.939683,0.839938,0.918122,0.842406,0.925436,59,63,40,37,1,0,0,0,122,72,71,48
2026/02/04/19:54:06,431.940295,0.839938,0.918122,0.839938,0.918122,59,63,40,37,0,0,0,0,122,72,71,48
2026/02/04/19:54:07,432.940991,0.825187,0.907399,0.825187,0.907399,59,63,40,35,0,0,0,0,122,72,71,50
2026/02/04/19:54:08,433.941550,0.825187,0.907399,0.825187,0.907399,59,63,40,35,0,0,0,0,122,72,71,50
2026/02/04/19:54:09,434.942284,0.825187,0.907399,0.825187,0.907399,59,63,40,35,0,0,0,0,122,72,71,50
2026/02/04/19:54:10,435.943031,0.825187,0.907399,0.825187,0.907399,59,63,40,35,0,0,0,0,122,72,71,50
2026/02/04/19:54:11,436.943606,0.838187,0.916816,0.838187,0.916816,59,66,41,35,0,0,0,0,122,72,73,50
2026/02/04/19:54:12,437.944168,0.862531,0.934595,0.862531,0.934595,63,67,44,35,0,0,0,0,122,72,73,50
2026/02/04/19:54:13,438.944787,0.862531,0.934595,0.862531,0.934595,63,67,44,35,0,0,0,0,122,72,73,50
2026/02/04/19:54:14,439.945405,0.857094,0.927006,0.857094,0.927006,60,67,44,35,0,0,0,0,125,72,73,50
2026/02/04/19:54:15,440.945998,0.857094,0.927006,0.857094,0.927006,60,67,44,35,0,0,0,0,125,72,73,50
2026/02/04/19:54:16,441.946736,0.855156,0.924675,0.855156,0.924675,60,66,44,35,0,0,0,0,125,73,73,50
2026/02/04/19:54:17,442.947324,0.851906,0.922498,0.851906,0.922498,60,66,43,35,0,0,0,0,125,73,74,50
2026/02/04/19:54:18,443.948009,0.848469,0.917921,0.848469,0.917921,60,66,41,35,0,0,0,0,125,73,76,50
2026/02/04/19:54:19,444.948651,0.848469,0.917921,0.848469,0.917921,60,66,41,35,0,0,0,0,125,73,76,50
2026/02/04/19:54:20,445.949290,0.845812,0.916091,0.845812,0.916091,60,66,41,34,0,0,0,0,125,73,76,51
2026/02/04/19:54:21,446.949876,0.841063,0.910968,0.841063,0.910968,60,66,39,34,0,0,0,0,125,73,78,51
2026/02/04/19:54:22,447.950475,0.835719,0.904657,0.837375,0.913254,60,66,36,34,1,0,0,0,125,73,81,51
2026/02/04/19:54:23,448.951186,0.835719,0.904657,0.837375,0.913254,60,66,36,34,1,0,0,0,125,73,81,51
2026/02/04/19:54:24,449.951766,0.835719,0.904657,0.835719,0.904657,60,66,36,34,0,0,0,0,125,73,81,51
2026/02/04/19:54:25,450.952384,0.835719,0.904657,0.835719,0.904657,60,66,36,34,0,0,0,0,125,73,81,51
2026/02/04/19:54:26,451.953140,0.835719,0.904657,0.835719,0.904657,60,66,36,34,0,0,0,0,125,73,81,51
2026/02/04/19:54:27,452.953973,0.835719,0.904657,0.835719,0.904657,60,66,36,34,0,0,0,0,125,73,81,51
2026/02/04/19:54:28,453.954616,0.837844,0.908232,0.837844,0.908232,60,66,37,34,0,0,0,0,125,73,81,51
2026/02/04/19:54:29,454.954994,0.875313,0.936172,0.878812,0.949497,71,67,38,34,0,0,2,0,125,73,81,51
2026/02/04/19:54:30,455.955570,0.886563,0.948172,0.923906,0.997629,72,67,41,34,0,2,5,1,125,73,81,51
2026/02/04/19:54:31,456.956080,0.891031,0.947056,0.911344,0.976696,74,67,39,35,0,2,2,0,125,73,84,51
2026/02/04/19:54:32,457.956657,0.898375,0.954308,0.918687,0.983948,75,69,39,36,0,2,2,0,128,74,84,51
2026/02/04/19:54:33,458.957320,0.897938,0.953022,0.924906,0.984886,75,69,38,37,1,2,2,0,128,74,85,51
2026/02/04/19:54:34,459.957971,0.890875,0.945967,0.914438,0.992650,73,69,40,36,0,2,2,2,131,74,85,52
2026/02/04/19:54:35,460.958526,0.889875,0.944364,0.897250,0.982247,69,71,40,36,0,0,2,2,135,74,85,52
2026/02/04/19:54:36,461.959088,0.889875,0.944364,0.897250,0.982247,69,71,40,36,0,0,2,2,135,74,85,52
2026/02/04/19:54:37,462.959795,0.882281,0.939662,0.889656,0.977545,66,71,40,36,0,0,2,2,138,74,85,52
2026/02/04/19:54:38,463.959884,0.882281,0.939662,0.889656,0.977545,66,71,40,36,0,0,2,2,138,74,85,52
2026/02/04/19:54:39,464.960469,0.880000,0.937354,0.887375,0.975237,66,70,40,36,0,0,2,2,138,75,85,52
2026/02/04/19:54:40,465.961401,0.893781,0.944597,0.904656,0.990847,66,70,40,39,0,1,2,2,138,75,85,52
2026/02/04/19:54:41,466.961766,0.903937,0.951154,0.952750,1.054163,64,72,41,41,3,1,8,2,141,75,85,52
2026/02/04/19:54:42,467.962222,0.911813,0.954733,0.989656,1.074484,65,70,44,41,6,1,9,4,141,78,85,52
2026/02/04/19:54:43,468.962706,0.917406,0.957953,1.039844,1.067470,66,70,45,42,4,1,11,6,142,80,85,52
2026/02/04/19:54:44,469.963269,0.901094,0.949238,0.997875,1.048118,66,67,44,41,2,1,9,5,142,83,87,53
2026/02/04/19:54:45,470.963752,0.899219,0.947024,0.985563,1.018985,66,67,43,41,2,1,7,5,142,83,88,53
2026/02/04/19:54:46,471.964381,0.906312,0.945385,0.955344,1.005216,66,67,44,39,2,1,6,2,142,83,88,55
2026/02/04/19:54:47,472.964833,0.903156,0.945152,0.994188,1.024871,69,65,41,39,2,4,9,2,142,85,91,55
2026/02/04/19:54:48,473.965497,0.907937,0.949292,1.016031,1.051224,69,66,42,39,2,6,9,5,142,85,91,55
2026/02/04/19:54:49,474.966007,0.907937,0.949292,1.003437,1.015409,69,66,42,39,2,6,4,5,142,85,91,55
2026/02/04/19:54:50,475.966627,0.905906,0.947268,0.997906,1.005018,69,65,42,39,2,5,4,5,142,86,91,55
2026/02/04/19:54:51,476.967283,0.908906,0.950294,0.965594,0.994411,69,65,43,38,2,2,3,4,142,86,91,57
2026/02/04/19:54:52,477.967966,0.911875,0.950849,0.937688,0.966259,71,62,44,38,0,0,2,2,142,89,91,57
2026/02/04/19:54:53,478.968582,0.916312,0.953630,0.951219,1.006201,71,64,43,38,0,0,4,5,142,89,92,57
2026/02/04/19:54:54,479.969205,0.911094,0.951184,0.946000,1.003755,70,64,43,38,0,0,4,5,143,89,92,57
2026/02/04/19:54:55,480.969756,0.906406,0.943203,0.937438,0.984045,70,64,42,37,0,0,4,3,143,89,93,58
2026/02/04/19:54:56,481.970510,0.906406,0.943203,0.931719,0.965585,70,64,42,37,0,0,4,0,143,89,93,58
2026/02/04/19:54:57,482.971123,0.906406,0.943203,0.931719,0.965585,70,64,42,37,0,0,4,0,143,89,93,58
2026/02/04/19:54:58,483.971761,0.911563,0.953134,0.941250,0.978597,72,65,42,37,0,1,4,0,143,89,93,58
2026/02/04/19:54:59,484.972273,0.911563,0.953134,0.941250,0.978597,72,65,42,37,0,1,4,0,143,89,93,58
2026/02/04/19:55:00,485.972975,0.911563,0.953134,0.941250,0.978597,72,65,42,37,0,1,4,0,143,89,93,58
2026/02/04/19:55:01,486.973648,0.911563,0.953134,0.941250,0.978597,72,65,42,37,0,1,4,0,143,89,93,58
2026/02/04/19:55:02,487.974402,0.911563,0.953134,0.936875,0.975516,72,65,42,37,0,0,4,0,143,89,93,58
2026/02/04/19:55:03,488.975052,0.911563,0.953134,0.936875,0.975516,72,65,42,37,0,0,4,0,143,89,93,58
2026/02/04/19:55:04,489.975761,0.911563,0.953134,0.936875,0.975516,72,65,42,37,0,0,4,0,143,89,93,58
2026/02/04/19:55:05,490.976426,0.908250,0.946898,0.933562,0.969280,70,65,42,37,0,0,4,0,145,89,93,58
2026/02/04/19:55:06,491.977167,0.902125,0.943712,0.927438,0.966094,70,65,42,35,0,0,4,0,145,89,93,60
2026/02/04/19:55:07,492.977793,0.902125,0.943712,0.927438,0.966094,70,65,42,35,0,0,4,0,145,89,93,60
2026/02/04/19:55:08,493.978482,0.891156,0.941872,0.894531,0.960573,70,65,41,35,0,0,2,0,145,89,94,60
2026/02/04/19:55:09,494.979167,0.891156,0.941872,0.894531,0.960573,70,65,41,35,0,0,2,0,145,89,94,60
2026/02/04/19:55:10,495.979976,0.891156,0.941872,0.894531,0.960573,70,65,41,35,0,0,2,0,145,89,94,60
2026/02/04/19:55:11,496.980696,0.887531,0.932224,0.890906,0.950925,68,65,41,35,0,0,2,0,147,89,94,60
2026/02/04/19:55:12,497.981495,0.887531,0.932224,0.890906,0.950925,68,65,41,35,0,0,2,0,147,89,94,60
2026/02/04/19:55:13,498.982156,0.887531,0.932224,0.890906,0.950925,68,65,41,35,0,0,2,0,147,89,94,60
2026/02/04/19:55:14,500.000648,0.909188,0.946568,0.912563,0.965270,70,66,42,37,0,0,2,0,147,89,94,61
2026/02/04/19:55:15,501.000924,0.909188,0.946568,0.912563,0.965270,70,66,42,37,0,0,2,0,147,89,94,61
2026/02/04/19:55:16,502.002710,0.895938,0.936052,0.899312,0.954753,67,66,42,37,0,0,2,0,150,89,94,61
2026/02/04/19:55:17,503.003003,0.895938,0.936052,0.895938,0.936052,67,66,42,37,0,0,0,0,150,89,94,61
2026/02/04/19:55:18,504.003611,0.846594,0.923840,0.846594,0.923840,67,62,42,37,0,0,0,0,150,93,94,61
2026/02/04/19:55:19,505.004443,0.846594,0.923840,0.846594,0.923840,67,62,42,37,0,0,0,0,150,93,94,61
2026/02/04/19:55:20,506.004984,0.837906,0.920009,0.837906,0.920009,67,62,40,37,0,0,0,0,150,93,96,61
2026/02/04/19:55:21,507.005658,0.837906,0.920009,0.837906,0.920009,67,62,40,37,0,0,0,0,150,93,96,61
2026/02/04/19:55:22,508.006265,0.837906,0.920009,0.837906,0.920009,67,62,40,37,0,0,0,0,150,93,96,61
2026/02/04/19:55:23,509.006945,0.837906,0.920009,0.837906,0.920009,67,62,40,37,0,0,0,0,150,93,96,61
2026/02/04/19:55:24,510.007827,0.837906,0.920009,0.837906,0.920009,67,62,40,37,0,0,0,0,150,93,96,61
2026/02/04/19:55:25,511.008495,0.837906,0.920009,0.837906,0.920009,67,62,40,37,0,0,0,0,150,93,96,61
2026/02/04/19:55:26,512.009161,0.834719,0.916864,0.834719,0.916864,66,62,40,37,0,0,0,0,151,93,96,61
2026/02/04/19:55:27,513.009926,0.834719,0.916864,0.834719,0.916864,66,62,40,37,0,0,0,0,151,93,96,61
2026/02/04/19:55:28,514.012486,0.834719,0.916864,0.834719,0.916864,66,62,40,37,0,0,0,0,151,93,96,61
2026/02/04/19:55:29,515.013097,0.834719,0.916864,0.834719,0.916864,66,62,40,37,0,0,0,0,151,93,96,61
2026/02/04/19:55:30,516.013844,0.824531,0.909976,0.824531,0.909976,66,62,40,35,0,0,0,0,151,93,96,63
2026/02/04/19:55:31,517.014606,0.824531,0.909976,0.824531,0.909976,66,62,40,35,0,0,0,0,151,93,96,63
2026/02/04/19:55:32,518.015257,0.824531,0.909976,0.824531,0.909976,66,62,40,35,0,0,0,0,151,93,96,63
2026/02/04/19:55:33,519.015771,0.824531,0.909976,0.824531,0.909976,66,62,40,35,0,0,0,0,151,93,96,63
2026/02/04/19:55:34,520.016370,0.820969,0.902450,0.820969,0.902450,64,62,40,35,0,0,0,0,153,93,96,63
2026/02/04/19:55:35,521.017004,0.820969,0.902450,0.820969,0.902450,64,62,40,35,0,0,0,0,153,93,96,63
2026/02/04/19:55:36,522.017601,0.820969,0.902450,0.820969,0.902450,64,62,40,35,0,0,0,0,153,93,96,63
2026/02/04/19:55:37,523.018213,0.820969,0.902450,0.820969,0.902450,64,62,40,35,0,0,0,0,153,93,96,63
2026/02/04/19:55:38,524.018877,0.817594,0.898627,0.817594,0.898627,64,62,38,35,0,0,0,0,153,93,98,63
2026/02/04/19:55:39,525.019388,0.808719,0.894107,0.808719,0.894107,64,60,38,35,0,0,0,0,153,95,98,63
2026/02/04/19:55:40,526.020006,0.808719,0.894107,0.808719,0.894107,64,60,38,35,0,0,0,0,153,95,98,63
2026/02/04/19:55:41,527.020837,0.808719,0.894107,0.808719,0.894107,64,60,38,35,0,0,0,0,153,95,98,63
2026/02/04/19:55:42,528.021508,0.808719,0.894107,0.808719,0.894107,64,60,38,35,0,0,0,0,153,95,98,63
2026/02/04/19:55:43,529.022162,0.820000,0.906167,0.820000,0.906167,66,61,39,35,0,0,0,0,153,95,98,63
2026/02/04/19:55:44,530.022914,0.820000,0.906167,0.820000,0.906167,66,61,39,35,0,0,0,0,153,95,98,63
2026/02/04/19:55:45,531.023558,0.820000,0.906167,0.820000,0.906167,66,61,39,35,0,0,0,0,153,95,98,63
2026/02/04/19:55:46,532.024315,0.810438,0.897968,0.810438,0.897968,64,60,39,35,0,0,0,0,155,96,98,63
2026/02/04/19:55:47,533.024933,0.804094,0.896372,0.804094,0.896372,63,60,39,35,0,0,0,0,156,96,98,63
2026/02/04/19:55:48,534.025639,0.804094,0.896372,0.804094,0.896372,63,60,39,35,0,0,0,0,156,96,98,63
2026/02/04/19:55:49,535.026228,0.804094,0.896372,0.804094,0.896372,63,60,39,35,0,0,0,0,156,96,98,63
2026/02/04/19:55:50,536.026818,0.804094,0.896372,0.804094,0.896372,63,60,39,35,0,0,0,0,156,96,98,63
2026/02/04/19:55:51,537.027517,0.804094,0.896372,0.804094,0.896372,63,60,39,35,0,0,0,0,156,96,98,63
2026/02/04/19:55:52,538.028010,0.802375,0.892511,0.802375,0.892511,63,60,38,35,0,0,0,0,156,96,99,63
2026/02/04/19:55:53,539.028806,0.802375,0.892511,0.802375,0.892511,63,60,38,35,0,0,0,0,156,96,99,63
2026/02/04/19:55:54,540.029395,0.793094,0.887260,0.793094,0.887260,63,60,38,32,0,0,0,0,156,96,99,66
2026/02/04/19:55:55,541.030098,0.793094,0.887260,0.793094,0.887260,63,60,38,32,0,0,0,0,156,96,99,66
2026/02/04/19:55:56,542.030774,0.793094,0.887260,0.793094,0.887260,63,60,38,32,0,0,0,0,156,96,99,66
2026/02/04/19:55:57,543.031412,0.793094,0.887260,0.793094,0.887260,63,60,38,32,0,0,0,0,156,96,99,66
2026/02/04/19:55:58,544.032131,0.793094,0.887260,0.793094,0.887260,63,60,38,32,0,0,0,0,156,96,99,66
2026/02/04/19:55:59,545.032593,0.793094,0.887260,0.793094,0.887260,63,60,38,32,0,0,0,0,156,96,99,66
2026/02/04/19:56:00,546.033222,0.793094,0.887260,0.793094,0.887260,63,60,38,32,0,0,0,0,156,96,99,66
2026/02/04/19:56:01,547.033971,0.793094,0.887260,0.793094,0.887260,63,60,38,32,0,0,0,0,156,96,99,66
2026/02/04/19:56:02,548.034580,0.793094,0.887260,0.793094,0.887260,63,60,38,32,0,0,0,0,156,96,99,66
2026/02/04/19:56:03,549.035186,0.793094,0.887260,0.793094,0.887260,63,60,38,32,0,0,0,0,156,96,99,66
2026/02/04/19:56:04,550.035925,0.793094,0.887260,0.793094,0.887260,63,60,38,32,0,0,0,0,156,96,99,66
2026/02/04/19:56:05,551.036422,0.793094,0.887260,0.793094,0.887260,63,60,38,32,0,0,0,0,156,96,99,66
2026/02/04/19:56:06,552.037047,0.793094,0.887260,0.793094,0.887260,63,60,38,32,0,0,0,0,156,96,99,66
2026/02/04/19:56:07,553.037568,0.793094,0.887260,0.793094,0.887260,63,60,38,32,0,0,0,0,156,96,99,66
2026/02/04/19:56:08,554.038215,0.793094,0.887260,0.793094,0.887260,63,60,38,32,0,0,0,0,156,96,99,66
2026/02/04/19:56:09,555.038817,0.793094,0.887260,0.793094,0.887260,63,60,38,32,0,0,0,0,156,96,99,66
2026/02/04/19:56:10,556.039520,0.793094,0.887260,0.793094,0.887260,63,60,38,32,0,0,0,0,156,96,99,66
2026/02/04/19:56:11,557.040197,0.793094,0.887260,0.793094,0.887260,63,60,38,32,0,0,0,0,156,96,99,66
2026/02/04/19:56:12,558.040895,0.793094,0.887260,0.793094,0.887260,63,60,38,32,0,0,0,0,156,96,99,66
2026/02/04/19:56:13,559.041492,0.793094,0.887260,0.793094,0.887260,63,60,38,32,0,0,0,0,156,96,99,66
2026/02/04/19:56:14,560.043988,0.808094,0.896607,0.808094,0.896607,64,61,39,32,0,0,0,0,156,96,99,66
2026/02/04/19:56:15,561.044544,0.808094,0.896607,0.808094,0.896607,64,61,39,32,0,0,0,0,156,96,99,66
2026/02/04/19:56:16,562.045115,0.808094,0.896607,0.808094,0.896607,64,61,39,32,0,0,0,0,156,96,99,66
2026/02/04/19:56:17,563.045718,0.798156,0.893525,0.798156,0.893525,64,61,38,32,0,0,0,0,156,96,100,66
2026/02/04/19:56:18,564.046418,0.799906,0.899736,0.799906,0.899736,65,61,38,32,0,0,0,0,156,96,100,66
2026/02/04/19:56:19,565.056342,0.799906,0.899736,0.799906,0.899736,65,61,38,32,0,0,0,0,156,96,100,66
2026/02/04/19:56:20,566.056973,0.799906,0.899736,0.799906,0.899736,65,61,38,32,0,0,0,0,156,96,100,66
2026/02/04/19:56:21,567.057601,0.798156,0.893525,0.798156,0.893525,64,61,38,32,0,0,0,0,157,96,100,66
2026/02/04/19:56:22,568.058196,0.798156,0.893525,0.798156,0.893525,64,61,38,32,0,0,0,0,157,96,100,66
2026/02/04/19:56:23,569.058756,0.798156,0.893525,0.798156,0.893525,64,61,38,32,0,0,0,0,157,96,100,66
2026/02/04/19:56:24,570.059437,0.815031,0.913346,0.815031,0.913346,67,62,40,33,0,0,0,0,157,96,100,66
2026/02/04/19:56:25,571.060070,0.817094,0.918374,0.817094,0.918374,68,62,40,33,0,0,0,0,157,96,100,66
2026/02/04/19:56:26,572.060728,0.815281,0.915886,0.815281,0.915886,68,62,40,32,0,0,0,0,157,96,100,67
2026/02/04/19:56:27,573.061418,0.815281,0.915886,0.815281,0.915886,68,62,40,32,0,0,0,0,157,96,100,67
2026/02/04/19:56:28,574.062005,0.822281,0.928465,0.838688,0.957701,68,64,40,33,4,0,0,0,157,96,100,69
2026/02/04/19:56:29,575.062540,0.850875,0.938151,0.871281,0.970356,72,65,41,33,5,0,0,0,158,96,102,69
2026/02/04/19:56:30,576.063115,0.848375,0.930300,0.864781,0.959535,73,62,41,33,4,0,0,0,158,99,102,69
2026/02/04/19:56:31,577.063742,0.844250,0.928448,0.860656,0.957683,73,61,41,33,4,0,0,0,158,100,102,69
2026/02/04/19:56:32,578.064350,0.843281,0.926283,0.847812,0.933149,76,61,38,30,1,0,0,0,158,100,105,72
2026/02/04/19:56:33,579.064940,0.831281,0.917372,0.835812,0.924238,73,61,38,30,1,0,0,0,161,100,105,72
2026/02/04/19:56:34,580.065517,0.801438,0.906761,0.805969,0.913627,69,60,38,30,1,0,0,0,165,101,105,72
2026/02/04/19:56:35,581.066176,0.801438,0.906761,0.805969,0.913627,69,60,38,30,1,0,0,0,165,101,105,72
2026/02/04/19:56:37,582.138144,0.798438,0.904619,0.802969,0.911485,69,60,38,29,1,0,0,0,165,101,105,73
2026/02/04/19:56:38,583.138819,0.798438,0.904619,0.802969,0.911485,69,60,38,29,1,0,0,0,165,101,105,73
2026/02/04/19:56:39,584.139482,0.798438,0.904619,0.802969,0.911485,69,60,38,29,1,0,0,0,165,101,105,73
2026/02/04/19:56:40,585.139842,0.802969,0.911485,0.802969,0.911485,70,60,38,29,0,0,0,0,166,101,105,73
2026/02/04/19:56:41,586.140483,0.802969,0.911485,0.802969,0.911485,70,60,38,29,0,0,0,0,166,101,105,73
2026/02/04/19:56:42,587.141101,0.800844,0.909836,0.800844,0.909836,70,60,37,29,0,0,0,0,166,101,106,73
2026/02/04/19:56:43,588.141669,0.806656,0.918270,0.812906,0.932238,72,60,37,30,2,0,0,0,166,101,106,73
2026/02/04/19:56:44,589.142119,0.829187,0.932196,0.835438,0.946165,75,62,39,30,2,0,0,0,166,101,106,73
2026/02/04/19:56:45,590.142850,0.866812,0.952911,0.897219,0.981243,75,63,47,30,3,1,0,0,166,101,106,73
2026/02/04/19:56:46,591.143406,0.857938,0.940103,0.893094,0.992769,73,62,48,30,3,1,2,0,169,102,107,73
2026/02/04/19:56:47,592.144067,0.859219,0.951958,0.887250,0.990995,75,62,47,30,1,1,2,0,169,102,108,73
2026/02/04/19:56:48,593.144581,0.859156,0.952847,0.876469,0.992219,76,65,42,30,1,1,2,0,171,102,114,73
2026/02/04/19:56:49,594.145205,0.869563,0.947820,0.885312,0.982661,78,67,38,33,0,1,2,0,173,102,118,73
2026/02/04/19:56:50,595.145687,0.844781,0.924735,0.856656,0.934902,75,64,37,33,0,1,0,0,177,105,119,73
2026/02/04/19:56:51,596.146403,0.841969,0.930869,0.889062,0.959867,77,63,37,33,4,0,0,0,177,106,119,73
2026/02/04/19:56:52,597.146915,0.824844,0.925439,0.871938,0.954437,76,61,37,33,4,0,0,0,178,108,119,73
2026/02/04/19:56:53,598.147770,0.824844,0.925439,0.871938,0.954437,76,61,37,33,4,0,0,0,178,108,119,73
2026/02/04/19:56:54,599.148252,0.817500,0.915100,0.864594,0.944098,73,61,37,33,4,0,0,0,181,108,119,73
2026/02/04/19:56:55,600.149112,0.810750,0.909992,0.857844,0.938990,70,61,37,33,4,0,0,0,184,108,119,73
2026/02/04/19:56:56,601.238192,0.810750,0.909992,0.857844,0.938990,70,61,37,33,4,0,0,0,184,108,119,73
2026/02/04/19:56:57,602.238637,0.810750,0.909992,0.857844,0.938990,70,61,37,33,4,0,0,0,184,108,119,73
2026/02/04/19:56:58,603.239270,0.810750,0.909992,0.857844,0.938990,70,61,37,33,4,0,0,0,184,108,119,73
2026/02/04/19:56:59,604.239733,0.810750,0.909992,0.857844,0.938990,70,61,37,33,4,0,0,0,184,108,119,73
2026/02/04/19:57:02,607.440091,0.810750,0.909992,0.857844,0.938990,70,61,37,33,4,0,0,0,184,108,119,73
2026/02/04/19:57:06,611.884237,0.828156,0.902884,0.878687,0.936718,65,67,37,32,6,0,0,0,189,108,119,74
2026/02/04/19:57:07,612.884730,0.831594,0.907720,0.878687,0.936718,67,67,37,32,4,0,0,0,189,108,119,74
2026/02/04/19:57:08,613.885293,0.837875,0.912363,0.855000,0.935586,66,67,38,32,2,1,0,0,191,108,119,74
2026/02/04/19:57:09,614.885923,0.831781,0.910884,0.836375,0.932395,66,66,38,32,2,0,0,0,191,110,119,74
2026/02/04/19:57:10,615.886680,0.819031,0.910286,0.823625,0.931798,66,66,37,32,2,0,0,0,191,111,120,74
2026/02/04/19:57:11,616.887383,0.834187,0.930195,0.839063,0.953398,67,72,37,32,3,0,0,0,192,111,120,74
2026/02/04/19:57:12,617.888054,0.860938,0.948549,0.867719,0.976752,71,72,40,32,4,0,0,0,192,111,120,74
2026/02/04/19:57:13,618.888793,0.860938,0.948549,0.867719,0.976752,71,72,40,32,4,0,0,0,192,111,120,74
2026/02/04/19:57:14,619.889457,0.854656,0.943060,0.861437,0.971263,71,72,40,29,4,0,0,0,192,111,120,77
2026/02/04/19:57:15,620.890136,0.842344,0.939885,0.849125,0.968088,71,72,38,29,4,0,0,0,192,111,122,77
2026/02/04/19:57:16,621.890712,0.844094,0.941768,0.847344,0.960298,72,72,38,29,2,0,0,0,193,111,122,77
2026/02/04/19:57:17,622.891366,0.844094,0.941768,0.847344,0.960298,72,72,38,29,2,0,0,0,193,111,122,77
2026/02/04/19:57:18,623.892144,0.844094,0.941768,0.847344,0.960298,72,72,38,29,2,0,0,0,193,111,122,77
2026/02/04/19:57:19,624.892516,0.838031,0.936500,0.839656,0.950356,73,69,38,29,1,0,0,0,193,114,122,77
2026/02/04/19:57:20,625.893097,0.833156,0.922480,0.834781,0.936337,70,69,38,29,1,0,0,0,196,114,122,77
2026/02/04/19:57:21,626.893776,0.833156,0.922480,0.834781,0.936337,70,69,38,29,1,0,0,0,196,114,122,77
2026/02/04/19:57:22,627.894336,0.849719,0.936549,0.878094,1.008574,70,70,40,29,4,1,1,2,196,114,122,77
2026/02/04/19:57:23,628.894772,0.849719,0.936549,0.878094,1.008574,70,70,40,29,4,1,1,2,196,114,122,77
2026/02/04/19:57:24,629.895370,0.846625,0.934037,0.867969,0.976479,69,70,40,29,4,1,0,0,197,114,123,77
2026/02/04/19:57:25,630.895826,0.851812,0.928535,0.870375,0.962251,70,72,37,29,3,1,0,0,197,114,126,77
2026/02/04/19:57:26,631.896308,0.851812,0.928535,0.870375,0.962251,70,72,37,29,3,1,0,0,197,114,126,77
2026/02/04/19:57:27,632.896972,0.851812,0.928535,0.870375,0.962251,70,72,37,29,3,1,0,0,197,114,126,77
2026/02/04/19:57:28,633.897491,0.851812,0.928535,0.870375,0.962251,70,72,37,29,3,1,0,0,197,114,126,77
2026/02/04/19:57:29,634.898095,0.881750,0.947858,0.953063,1.002895,73,74,37,33,5,2,3,0,197,114,126,77
2026/02/04/19:57:30,635.898532,0.887344,0.957088,0.966906,1.037999,73,75,37,35,5,2,6,0,197,114,126,77
2026/02/04/19:57:31,636.899396,0.889844,0.956586,0.938406,1.020019,73,74,38,35,3,1,5,0,197,115,126,77
2026/02/04/19:57:32,637.900084,0.875406,0.946254,0.923969,1.009687,70,71,38,35,3,1,5,0,200,118,126,77
2026/02/04/19:57:33,638.900707,0.863219,0.929116,0.906406,0.990112,65,71,38,35,3,0,5,0,205,118,126,77
2026/02/04/19:57:34,639.901393,0.849344,0.927209,0.864781,0.984392,65,71,37,35,3,0,3,0,205,118,127,77
2026/02/04/19:57:35,640.901958,0.849344,0.927209,0.864781,0.984392,65,71,37,35,3,0,3,0,205,118,127,77
2026/02/04/19:57:36,641.902518,0.849344,0.927209,0.864781,0.984392,65,71,37,35,3,0,3,0,205,118,127,77
2026/02/04/19:57:37,642.903098,0.849344,0.927209,0.864781,0.984392,65,71,37,35,3,0,3,0,205,118,127,77
2026/02/04/19:57:38,643.903696,0.840656,0.919267,0.856094,0.976450,65,70,37,32,3,0,3,0,205,119,127,80
2026/02/04/19:57:39,644.904403,0.840656,0.919267,0.856094,0.976450,65,70,37,32,3,0,3,0,205,119,127,80
2026/02/04/19:57:40,645.904958,0.840656,0.919267,0.856094,0.976450,65,70,37,32,3,0,3,0,205,119,127,80
2026/02/04/19:57:41,646.905353,0.840656,0.919267,0.856094,0.976450,65,70,37,32,3,0,3,0,205,119,127,80
2026/02/04/19:57:42,647.906075,0.840656,0.919267,0.847844,0.950575,65,70,37,32,3,0,0,0,205,119,127,80
2026/02/04/19:57:43,648.906842,0.840656,0.919267,0.847844,0.950575,65,70,37,32,3,0,0,0,205,119,127,80
2026/02/04/19:57:44,649.907511,0.832781,0.901873,0.839969,0.933181,65,67,37,32,3,0,0,0,205,122,127,80
2026/02/04/19:57:45,650.908071,0.832781,0.901873,0.839969,0.933181,65,67,37,32,3,0,0,0,205,122,127,80
2026/02/04/19:57:46,651.911785,0.832781,0.901873,0.839969,0.933181,65,67,37,32,3,0,0,0,205,122,127,80
2026/02/04/19:57:47,652.912316,0.792063,0.900806,0.796469,0.923389,66,64,37,32,2,0,0,0,205,125,127,80
2026/02/04/19:57:48,653.912942,0.788687,0.899121,0.793094,0.921704,66,63,37,32,2,0,0,0,205,126,127,80
2026/02/04/19:57:49,654.913372,0.828875,0.942533,0.833281,0.965116,72,70,37,32,2,0,0,0,205,126,127,80
2026/02/04/19:57:50,655.913981,0.848844,0.953610,0.872375,1.003661,75,72,38,32,2,2,2,0,205,127,127,80
2026/02/04/19:57:51,656.914606,0.840313,0.946041,0.862062,0.994492,75,69,38,32,2,1,2,0,205,131,127,80
2026/02/04/19:57:52,657.915295,0.826313,0.942351,0.848063,0.990802,75,67,38,32,2,1,2,0,205,133,127,80
2026/02/04/19:57:53,658.915994,0.825000,0.931831,0.832781,0.978683,75,65,37,32,2,0,2,0,205,136,128,80
2026/02/04/19:57:54,659.916679,0.825000,0.931831,0.832781,0.978683,75,65,37,32,2,0,2,0,205,136,128,80
2026/02/04/19:57:55,660.917309,0.816469,0.925788,0.824250,0.972640,72,65,37,32,2,0,2,0,208,136,128,80
2026/02/04/19:57:56,661.918336,0.812281,0.923365,0.820063,0.970218,72,64,37,32,2,0,2,0,208,137,128,80
2026/02/04/19:57:57,662.919063,0.812281,0.923365,0.820063,0.970218,72,64,37,32,2,0,2,0,208,137,128,80
2026/02/04/19:57:58,663.919733,0.812281,0.923365,0.820063,0.970218,72,64,37,32,2,0,2,0,208,137,128,80
2026/02/04/19:57:59,664.920457,0.812281,0.923365,0.820063,0.970218,72,64,37,32,2,0,2,0,208,137,128,80
2026/02/04/19:58:00,665.920795,0.812281,0.923365,0.820063,0.970218,72,64,37,32,2,0,2,0,208,137,128,80
2026/02/04/19:58:01,666.936429,0.819094,0.927159,0.828812,0.979743,74,64,37,32,3,0,2,0,208,137,128,80
2026/02/04/19:58:02,667.937144,0.806469,0.910597,0.811469,0.948723,73,64,37,30,1,0,2,0,210,137,128,82
2026/02/04/19:58:03,668.937633,0.806469,0.910597,0.811469,0.948723,73,64,37,30,1,0,2,0,210,137,128,82
2026/02/04/19:58:04,669.938454,0.802969,0.907083,0.807969,0.945209,71,64,37,30,1,0,2,0,212,137,128,82
2026/02/04/19:58:05,670.939143,0.796156,0.903290,0.801156,0.941416,69,64,37,30,1,0,2,0,214,137,128,82
2026/02/04/19:58:06,671.992736,0.796156,0.903290,0.801156,0.941416,69,64,37,30,1,0,2,0,214,137,128,82
2026/02/04/19:58:07,673.038030,0.796156,0.903290,0.801156,0.941416,69,64,37,30,1,0,2,0,214,137,128,82
2026/02/04/19:58:09,674.084785,0.815312,0.913869,0.844812,0.966430,72,63,37,31,1,0,2,2,214,138,128,82
2026/02/04/19:58:10,675.085397,0.815312,0.913869,0.844812,0.966430,72,63,37,31,1,0,2,2,214,138,128,82
2026/02/04/19:58:11,676.086010,0.812000,0.910128,0.841500,0.962689,70,63,37,31,1,0,2,2,216,138,128,82
2026/02/04/19:58:12,677.086699,0.799750,0.902910,0.804750,0.941037,70,63,37,30,1,0,2,0,216,138,128,83
2026/02/04/19:58:13,678.087322,0.779969,0.896675,0.784969,0.934801,70,63,34,30,1,0,2,0,216,138,131,83
2026/02/04/19:58:14,679.088009,0.771406,0.898556,0.781406,0.950904,67,63,34,31,1,0,2,2,219,138,131,83
2026/02/04/19:58:15,680.088603,0.778062,0.902852,0.788062,0.955200,67,63,35,32,1,0,2,2,219,138,131,83
2026/02/04/19:58:16,681.089377,0.778062,0.902852,0.788062,0.955200,67,63,35,32,1,0,2,2,219,138,131,83
2026/02/04/19:58:17,682.089980,0.777469,0.900877,0.782469,0.939003,67,63,35,32,1,0,2,0,219,138,131,84
2026/02/04/19:58:18,683.090409,0.773906,0.897677,0.778906,0.935804,67,61,35,32,1,0,2,0,219,140,131,84
2026/02/04/19:58:19,684.090843,0.776813,0.900106,0.781813,0.938232,67,61,37,32,1,0,2,0,219,140,132,84
2026/02/04/19:58:20,685.091357,0.772625,0.889795,0.777625,0.927921,65,61,37,32,1,0,2,0,221,140,132,84
2026/02/04/19:58:21,686.137982,0.770719,0.884659,0.775719,0.922785,65,61,37,31,1,0,2,0,221,140,132,85
2026/02/04/19:58:22,687.803633,0.786500,0.911843,0.801188,0.963746,72,61,34,34,1,0,4,0,221,140,135,85
2026/02/04/19:58:23,688.804116,0.824063,0.929715,0.833906,0.974730,73,62,35,37,1,0,3,0,223,140,135,85
2026/02/04/19:58:24,689.804796,0.832313,0.939199,0.848562,0.990368,73,65,35,36,1,1,3,0,223,140,135,86
2026/02/04/19:58:25,690.805503,0.828625,0.935154,0.844875,0.986322,71,65,35,36,1,1,3,0,225,140,135,86
2026/02/04/19:58:26,691.806218,0.833500,0.942586,0.856812,0.999425,73,65,35,36,1,1,3,1,225,140,135,86
2026/02/04/19:58:27,692.806753,0.812844,0.930914,0.817844,0.969040,72,61,36,35,1,0,2,0,226,145,135,88
2026/02/04/19:58:28,693.807480,0.804406,0.919323,0.809406,0.957449,71,60,36,35,1,0,2,0,227,146,135,88
2026/02/04/19:58:29,694.808223,0.799625,0.913152,0.804625,0.951279,68,60,36,35,1,0,2,0,230,146,135,88
2026/02/04/19:58:30,695.808935,0.860688,0.948724,0.867313,0.998628,70,60,41,41,1,1,2,0,230,146,135,88
2026/02/04/19:58:31,696.809528,0.856625,0.941067,0.863250,0.990971,70,60,41,39,1,1,2,0,230,146,135,90
2026/02/04/19:58:32,697.810327,0.813750,0.919764,0.820375,0.969668,70,60,36,39,1,1,2,0,230,146,140,90
2026/02/04/19:58:33,698.811016,0.797781,0.902957,0.804406,0.952861,68,60,36,36,1,1,2,0,232,146,140,93
2026/02/04/19:58:34,699.811587,0.783219,0.895929,0.789844,0.945833,66,60,36,34,1,1,2,0,234,146,140,95
2026/02/04/19:58:35,700.812127,0.779344,0.890391,0.785969,0.940295,66,60,36,32,1,1,2,0,234,146,140,97
2026/02/04/19:58:36,701.812722,0.779344,0.890391,0.785969,0.940295,66,60,36,32,1,1,2,0,234,146,140,97
2026/02/04/19:58:37,702.815999,0.776500,0.888396,0.783125,0.938300,65,60,36,32,1,1,2,0,235,146,140,97
2026/02/04/19:58:38,703.823574,0.776500,0.888396,0.783125,0.938300,65,60,36,32,1,1,2,0,235,146,140,97
2026/02/04/19:58:41,706.495030,0.776500,0.888396,0.783125,0.938300,65,60,36,32,1,1,2,0,235,146,140,97
2026/02/04/19:58:42,707.495777,0.788937,0.948344,0.788937,0.948344,68,61,38,33,0,0,0,0,241,146,140,97
2026/02/04/19:58:43,708.496448,0.800531,0.956486,0.802531,0.969128,70,61,39,34,0,1,0,0,241,146,140,98
2026/02/04/19:58:44,709.497063,0.815625,0.960093,0.840562,1.007796,70,63,39,34,0,1,4,2,241,146,140,98
2026/02/04/19:58:45,710.498566,0.817937,0.953929,0.842344,0.994040,67,62,40,36,1,1,2,2,244,147,140,98
2026/02/04/19:58:46,711.499239,0.809156,0.948963,0.831313,0.994333,66,62,40,35,3,1,2,0,245,147,140,99
2026/02/04/19:58:47,712.499983,0.809156,0.948963,0.829625,0.986610,66,62,40,35,3,1,1,0,245,147,140,99
2026/02/04/19:58:48,713.500615,0.818656,0.952761,0.824250,0.958521,68,62,39,35,1,0,0,0,245,147,141,99
2026/02/04/19:58:49,714.501179,0.821688,0.953063,0.821688,0.953063,69,62,39,34,0,0,0,0,245,147,141,100
2026/02/04/19:58:50,715.501835,0.831625,0.945541,0.860812,0.970617,71,63,40,33,2,1,2,0,245,147,141,104
2026/02/04/19:58:51,716.502486,0.834906,0.938897,0.845969,0.955435,68,65,42,33,2,0,0,0,248,147,141,104
2026/02/04/19:58:52,717.502986,0.833219,0.934175,0.844281,0.950712,68,65,42,32,2,0,0,0,248,147,141,105
2026/02/04/19:58:53,718.503566,0.827406,0.927878,0.838469,0.944415,68,62,42,32,2,0,0,0,248,150,141,105
2026/02/04/19:58:54,719.504199,0.821281,0.924502,0.821281,0.924502,68,62,42,31,0,0,0,0,248,150,141,106
2026/02/04/19:58:55,720.504883,0.809500,0.922494,0.809500,0.922494,68,61,42,31,0,0,0,0,248,151,141,106
2026/02/04/19:58:56,721.505508,0.809500,0.922494,0.809500,0.922494,68,61,42,31,0,0,0,0,248,151,141,106
2026/02/04/19:58:57,722.506080,0.801813,0.892684,0.801813,0.892684,68,61,40,30,0,0,0,0,248,151,143,107
2026/02/04/19:58:58,723.506907,0.801813,0.892684,0.801813,0.892684,68,61,40,30,0,0,0,0,248,151,143,107
2026/02/04/19:58:59,724.507603,0.801813,0.892684,0.801813,0.892684,68,61,40,30,0,0,0,0,248,151,143,107
2026/02/04/19:59:00,725.508198,0.777531,0.883024,0.777531,0.883024,68,61,37,30,0,0,0,0,248,151,146,107
2026/02/04/19:59:01,726.508983,0.777531,0.883024,0.777531,0.883024,68,61,37,30,0,0,0,0,248,151,146,107
2026/02/04/19:59:02,727.509462,0.777531,0.883024,0.777531,0.883024,68,61,37,30,0,0,0,0,248,151,146,107
2026/02/04/19:59:03,728.510144,0.770563,0.864002,0.770563,0.864002,67,61,37,27,0,0,0,0,249,151,146,110
2026/02/04/19:59:04,729.510786,0.767250,0.862404,0.767250,0.862404,67,60,37,27,0,0,0,0,249,152,146,110
2026/02/04/19:59:05,730.511459,0.767250,0.862404,0.767250,0.862404,67,60,37,27,0,0,0,0,249,152,146,110
2026/02/04/19:59:06,731.512142,0.767250,0.862404,0.767250,0.862404,67,60,37,27,0,0,0,0,249,152,146,110
2026/02/04/19:59:07,732.512735,0.767250,0.862404,0.767250,0.862404,67,60,37,27,0,0,0,0,249,152,146,110
2026/02/04/19:59:08,733.513443,0.764000,0.857399,0.764000,0.857399,65,60,37,27,0,0,0,0,251,152,146,110
2026/02/04/19:59:09,734.514167,0.764000,0.857399,0.764000,0.857399,65,60,37,27,0,0,0,0,251,152,146,110
2026/02/04/19:59:10,735.514774,0.764000,0.857399,0.764000,0.857399,65,60,37,27,0,0,0,0,251,152,146,110
2026/02/04/19:59:11,736.515389,0.764000,0.857399,0.764000,0.857399,65,60,37,27,0,0,0,0,251,152,146,110
2026/02/04/19:59:12,737.516131,0.764000,0.857399,0.764000,0.857399,65,60,37,27,0,0,0,0,251,152,146,110
2026/02/04/19:59:13,738.516692,0.764000,0.857399,0.764000,0.857399,65,60,37,27,0,0,0,0,251,152,146,110
2026/02/04/19:59:14,739.517649,0.764000,0.857399,0.764000,0.857399,65,60,37,27,0,0,0,0,251,152,146,110
2026/02/04/19:59:15,740.518831,0.764000,0.857399,0.764000,0.857399,65,60,37,27,0,0,0,0,251,152,146,110
2026/02/04/19:59:16,741.519550,0.764000,0.857399,0.764000,0.857399,65,60,37,27,0,0,0,0,251,152,146,110
2026/02/04/19:59:17,742.520111,0.814594,0.902521,0.816219,0.912137,66,61,42,30,0,0,1,0,251,152,146,110
2026/02/04/19:59:18,743.520460,0.831344,0.921006,0.835469,0.944608,66,61,44,34,0,1,1,0,251,152,146,110
2026/02/04/19:59:19,744.520926,0.797500,0.911510,0.800000,0.925496,65,60,42,34,0,1,0,0,252,153,149,110
2026/02/04/19:59:20,745.521580,0.797500,0.911510,0.800000,0.925496,65,60,42,34,0,1,0,0,252,153,149,110
2026/02/04/19:59:21,746.522229,0.797500,0.911510,0.800000,0.925496,65,60,42,34,0,1,0,0,252,153,149,110
2026/02/04/19:59:22,747.522880,0.797500,0.911510,0.800000,0.925496,65,60,42,34,0,1,0,0,252,153,149,110
2026/02/04/19:59:23,748.523493,0.788687,0.904788,0.791188,0.918774,65,60,40,34,0,1,0,0,252,153,151,110
2026/02/04/19:59:24,749.524101,0.778281,0.891410,0.780781,0.905396,64,60,40,29,0,1,0,0,253,153,151,115
2026/02/04/19:59:25,750.524878,0.773031,0.889738,0.775531,0.903724,63,60,40,29,0,1,0,0,254,153,151,115
2026/02/04/19:59:26,751.598877,0.773031,0.889738,0.775531,0.903724,63,60,40,29,0,1,0,0,254,153,151,115
2026/02/04/19:59:27,752.599595,0.773031,0.889738,0.775531,0.903724,63,60,40,29,0,1,0,0,254,153,151,115
2026/02/04/19:59:28,753.600123,0.773031,0.889738,0.775531,0.903724,63,60,40,29,0,1,0,0,254,153,151,115
2026/02/04/19:59:29,754.601994,0.772469,0.896746,0.772469,0.896746,63,61,40,28,0,0,0,0,255,153,151,116
2026/02/04/19:59:30,755.602587,0.800344,0.941922,0.807906,0.962764,70,63,41,29,2,0,0,0,255,153,151,116
2026/02/04/19:59:31,756.603270,0.800344,0.941922,0.807906,0.962764,70,63,41,29,2,0,0,0,255,153,151,116
2026/02/04/19:59:32,757.603958,0.800344,0.941922,0.807906,0.962764,70,63,41,29,2,0,0,0,255,153,151,116
2026/02/04/19:59:33,758.604596,0.798719,0.939776,0.806281,0.960618,69,63,41,29,2,0,0,0,256,153,151,116
2026/02/04/19:59:34,759.615251,0.793781,0.930863,0.801344,0.951705,69,61,41,29,2,0,0,0,256,155,151,116
2026/02/04/19:59:35,760.615824,0.793781,0.930863,0.801344,0.951705,69,61,41,29,2,0,0,0,256,155,151,116
2026/02/04/19:59:36,761.616429,0.791656,0.927581,0.799219,0.948423,69,61,40,29,2,0,0,0,256,155,152,116
2026/02/04/19:59:37,762.637971,0.791656,0.927581,0.799219,0.948423,69,61,40,29,2,0,0,0,256,155,152,116
2026/02/04/19:59:38,763.638529,0.799219,0.948423,0.799219,0.948423,71,61,40,29,0,0,0,0,259,155,152,116
2026/02/04/19:59:39,764.638955,0.799219,0.948423,0.799219,0.948423,71,61,40,29,0,0,0,0,259,155,152,116
2026/02/04/19:59:40,765.639672,0.797344,0.942021,0.797344,0.942021,70,61,40,29,0,0,0,0,260,155,152,116
2026/02/04/19:59:41,766.640345,0.797344,0.942021,0.797344,0.942021,70,61,40,29,0,0,0,0,260,155,152,116
2026/02/04/19:59:42,767.640954,0.797344,0.942021,0.797344,0.942021,70,61,40,29,0,0,0,0,260,155,152,116
2026/02/04/19:59:43,768.641531,0.797344,0.942021,0.797344,0.942021,70,61,40,29,0,0,0,0,260,155,152,116
2026/02/04/19:59:44,769.642158,0.797344,0.942021,0.797344,0.942021,70,61,40,29,0,0,0,0,260,155,152,116
2026/02/04/19:59:45,770.642766,0.797344,0.942021,0.797344,0.942021,70,61,40,29,0,0,0,0,260,155,152,116
2026/02/04/19:59:46,771.643407,0.797344,0.942021,0.797344,0.942021,70,61,40,29,0,0,0,0,260,155,152,116
2026/02/04/19:59:47,772.644031,0.791594,0.937902,0.791594,0.937902,68,61,40,29,0,0,0,0,262,155,152,116
2026/02/04/19:59:48,773.644827,0.791594,0.937902,0.791594,0.937902,68,61,40,29,0,0,0,0,262,155,152,116
2026/02/04/19:59:49,774.645514,0.787844,0.932871,0.787844,0.932871,66,61,40,29,0,0,0,0,264,155,152,116
2026/02/04/19:59:50,775.646169,0.787844,0.932871,0.787844,0.932871,66,61,40,29,0,0,0,0,264,155,152,116
2026/02/04/19:59:51,776.646698,0.789781,0.934540,0.850156,0.954155,66,61,41,29,4,0,2,3,264,155,152,116
2026/02/04/19:59:52,777.717832,0.838156,0.964047,0.865969,0.983219,69,62,45,32,5,1,0,0,264,155,152,116
2026/02/04/19:59:53,778.718575,0.837969,0.966412,0.860156,0.978212,71,63,42,32,3,0,0,0,264,155,155,116
2026/02/04/19:59:54,779.719197,0.836250,0.958744,0.856719,0.962875,70,63,42,32,2,0,0,0,265,155,155,116
2026/02/04/19:59:55,780.719828,0.832375,0.953798,0.852844,0.957929,68,63,42,32,2,0,0,0,267,155,155,116
2026/02/04/19:59:56,781.720407,0.832375,0.953798,0.852844,0.957929,68,63,42,32,2,0,0,0,267,155,155,116
2026/02/04/19:59:57,782.721040,0.842656,0.954666,0.842656,0.954666,70,61,42,32,0,0,0,0,267,157,155,116
2026/02/04/19:59:58,783.721645,0.842656,0.954666,0.842656,0.954666,70,61,42,32,0,0,0,0,267,157,155,116
2026/02/04/19:59:59,784.722274,0.842656,0.954666,0.842656,0.954666,70,61,42,32,0,0,0,0,267,157,155,116
2026/02/04/20:00:00,785.722909,0.842656,0.954666,0.842656,0.954666,70,61,42,32,0,0,0,0,267,157,155,116
2026/02/04/20:00:01,786.723529,0.852938,0.964862,0.866594,0.973746,69,66,42,33,0,0,1,2,268,157,155,116
2026/02/04/20:00:02,787.724069,0.854563,0.966923,0.875750,0.990602,69,67,42,33,1,1,1,2,268,157,155,116
2026/02/04/20:00:03,788.724622,0.847938,0.965798,0.867500,0.987416,69,68,42,32,1,0,1,2,268,157,155,117
2026/02/04/20:00:04,789.725228,0.834000,0.963545,0.872406,1.002437,69,69,43,29,3,3,2,0,268,159,157,120
2026/02/04/20:00:05,790.725631,0.840562,0.968437,0.900969,1.020968,72,69,43,29,6,3,3,1,268,159,157,120
2026/02/04/20:00:06,791.726279,0.834781,0.966747,0.923469,1.041200,72,69,42,29,11,3,5,2,268,159,158,120
2026/02/04/20:00:07,792.726906,0.835531,0.967527,0.913469,1.032057,73,67,42,30,13,0,5,1,268,161,158,120
2026/02/04/20:00:08,793.727481,0.835531,0.967527,0.905469,1.026767,73,67,42,30,13,0,4,1,268,161,158,120
2026/02/04/20:00:09,794.728068,0.844625,0.950035,0.857219,0.959834,77,64,43,31,1,0,3,0,271,164,158,120
2026/02/04/20:00:10,795.728727,0.845313,0.950122,0.848500,0.952591,77,64,43,31,1,0,0,0,271,164,159,120
2026/02/04/20:00:11,796.729550,0.843594,0.948346,0.846781,0.950815,77,64,42,31,1,0,0,0,271,164,160,120
2026/02/04/20:00:12,797.730314,0.844281,0.936829,0.844281,0.936829,78,63,42,31,0,0,0,0,271,165,160,120
2026/02/04/20:00:13,798.730946,0.844281,0.936829,0.844281,0.936829,78,63,42,31,0,0,0,0,271,165,160,120
2026/02/04/20:00:14,799.731575,0.839906,0.932348,0.839906,0.932348,76,63,42,31,0,0,0,0,273,165,160,120
2026/02/04/20:00:15,800.732219,0.830344,0.924940,0.830344,0.924940,73,63,42,31,0,0,0,0,276,165,160,120
2026/02/04/20:00:16,801.732913,0.830344,0.924940,0.830344,0.924940,73,63,42,31,0,0,0,0,276,165,160,120
2026/02/04/20:00:17,802.733569,0.825469,0.896093,0.825469,0.896093,73,63,39,31,0,0,0,0,276,165,163,120
2026/02/04/20:00:18,803.734261,0.825469,0.896093,0.825469,0.896093,73,63,39,31,0,0,0,0,276,165,163,120
2026/02/04/20:00:19,804.734934,0.825469,0.896093,0.825469,0.896093,73,63,39,31,0,0,0,0,276,165,163,120
2026/02/04/20:00:20,805.735637,0.829594,0.905921,0.829594,0.905921,73,63,41,31,0,0,0,0,276,165,163,120
2026/02/04/20:00:21,806.736265,0.829594,0.905921,0.829594,0.905921,73,63,41,31,0,0,0,0,276,165,163,120
2026/02/04/20:00:22,807.736942,0.829594,0.905921,0.829594,0.905921,73,63,41,31,0,0,0,0,276,165,163,120
2026/02/04/20:00:23,808.737670,0.829594,0.905921,0.829594,0.905921,73,63,41,31,0,0,0,0,276,165,163,120
2026/02/04/20:00:24,809.738232,0.829594,0.905921,0.829594,0.905921,73,63,41,31,0,0,0,0,276,165,163,120
2026/02/04/20:00:25,810.738959,0.829594,0.905921,0.829594,0.905921,73,63,41,31,0,0,0,0,276,165,163,120
2026/02/04/20:00:26,811.739516,0.829594,0.905921,0.829594,0.905921,73,63,41,31,0,0,0,0,276,165,163,120
2026/02/04/20:00:27,812.740133,0.829594,0.905921,0.829594,0.905921,73,63,41,31,0,0,0,0,276,165,163,120
2026/02/04/20:00:28,813.740741,0.825469,0.896093,0.825469,0.896093,73,63,39,31,0,0,0,0,276,165,165,120
2026/02/04/20:00:29,814.741360,0.822219,0.891972,0.822219,0.891972,73,61,39,31,0,0,0,0,276,167,165,120
2026/02/04/20:00:30,815.742029,0.827375,0.915137,0.827375,0.915137,73,64,39,31,0,0,0,0,276,167,165,120
2026/02/04/20:00:31,816.742574,0.823469,0.911814,0.823469,0.911814,73,64,39,30,0,0,0,0,276,167,165,121
2026/02/04/20:00:32,817.742925,0.823469,0.911814,0.823469,0.911814,73,64,39,30,0,0,0,0,276,167,165,121
2026/02/04/20:00:33,818.743532,0.814375,0.882489,0.814375,0.882489,71,61,39,30,0,0,0,0,278,170,165,121
2026/02/04/20:00:34,819.744098,0.810344,0.877627,0.810344,0.877627,71,61,39,29,0,0,0,0,278,170,165,122
2026/02/04/20:00:35,820.744621,0.797250,0.875228,0.797250,0.875228,70,61,39,29,0,0,0,0,279,170,165,122
2026/02/04/20:00:36,821.745296,0.790625,0.870591,0.790625,0.870591,68,61,39,29,0,0,0,0,281,170,165,122
2026/02/04/20:00:37,822.746021,0.790625,0.870591,0.790625,0.870591,68,61,39,29,0,0,0,0,281,170,165,122
2026/02/04/20:00:38,823.746618,0.790625,0.870591,0.790625,0.870591,68,61,39,29,0,0,0,0,281,170,165,122
2026/02/04/20:00:39,824.747511,0.790625,0.870591,0.790625,0.870591,68,61,39,29,0,0,0,0,281,170,165,122
2026/02/04/20:00:40,825.748113,0.790625,0.870591,0.790625,0.870591,68,61,39,29,0,0,0,0,281,170,165,122
2026/02/04/20:00:41,826.748915,0.800063,0.881856,0.804063,0.909771,70,61,39,30,2,0,0,0,281,170,165,122
2026/02/04/20:00:42,827.749624,0.800063,0.881856,0.804063,0.909771,70,61,39,30,2,0,0,0,281,170,165,122
2026/02/04/20:00:43,828.751125,0.800063,0.881856,0.804063,0.909771,70,61,39,30,2,0,0,0,281,170,165,122
2026/02/04/20:00:44,829.751746,0.798562,0.887876,0.800562,0.901834,69,61,39,30,1,0,0,0,283,170,165,122
2026/02/04/20:00:45,830.752481,0.798562,0.887876,0.800562,0.901834,69,61,39,30,1,0,0,0,283,170,165,122
2026/02/04/20:00:46,831.753119,0.798562,0.887876,0.800562,0.901834,69,61,39,30,1,0,0,0,283,170,165,122
2026/02/04/20:00:47,832.753787,0.798562,0.887876,0.800562,0.901834,69,61,39,30,1,0,0,0,283,170,165,122
2026/02/04/20:00:48,833.754421,0.793031,0.881270,0.795031,0.895228,69,58,39,30,1,0,0,0,283,173,165,122
2026/02/04/20:00:49,834.810847,0.793031,0.881270,0.795031,0.895228,69,58,39,30,1,0,0,0,283,173,165,122
2026/02/04/20:00:50,835.811497,0.819719,0.923168,0.824937,0.947048,71,62,39,33,1,1,0,0,283,173,165,122
2026/02/04/20:00:51,836.812159,0.819719,0.923168,0.824937,0.947048,71,62,39,33,1,1,0,0,283,173,165,122
2026/02/04/20:00:52,837.813036,0.828844,0.937897,0.830844,0.951855,74,62,39,33,1,0,0,0,283,174,165,122
2026/02/04/20:00:53,838.813753,0.808625,0.895870,0.810625,0.909828,72,59,39,32,1,0,0,0,285,177,165,123
2026/02/04/20:00:54,839.814433,0.816125,0.903416,0.818125,0.917374,75,59,39,32,1,0,0,0,285,177,165,123
2026/02/04/20:00:55,840.815175,0.816125,0.903416,0.818125,0.917374,75,59,39,32,1,0,0,0,285,177,165,123
2026/02/04/20:00:56,841.815884,0.809969,0.897414,0.811969,0.911372,74,58,39,32,1,0,0,0,286,178,165,123
2026/02/04/20:00:57,842.816497,0.809969,0.897414,0.811969,0.911372,74,58,39,32,1,0,0,0,286,178,165,123
2026/02/04/20:00:58,843.817350,0.802469,0.889868,0.804469,0.903826,71,58,39,32,1,0,0,0,289,178,165,123
2026/02/04/20:00:59,844.817793,0.802469,0.889868,0.804469,0.903826,71,58,39,32,1,0,0,0,289,178,165,123
2026/02/04/20:01:00,845.838298,0.802469,0.889868,0.804469,0.903826,71,58,39,32,1,0,0,0,289,178,165,123
2026/02/04/20:01:01,846.912598,0.818094,0.904391,0.820094,0.918348,72,58,40,32,1,0,0,0,289,178,165,123
2026/02/04/20:01:02,847.913005,0.831812,0.927865,0.831812,0.927865,76,58,40,33,0,0,0,0,290,178,165,123
2026/02/04/20:01:03,848.913636,0.831812,0.927865,0.831812,0.927865,76,58,40,33,0,0,0,0,290,178,165,123
2026/02/04/20:01:04,849.922907,0.798188,0.909182,0.798188,0.909182,73,57,38,33,0,0,0,0,293,179,167,123
2026/02/04/20:01:05,850.923587,0.796500,0.905947,0.796500,0.905947,73,57,38,32,0,0,0,0,293,179,167,124
2026/02/04/20:01:06,851.924201,0.788219,0.895661,0.788219,0.895661,72,57,38,31,0,0,0,0,294,179,167,125
2026/02/04/20:01:07,852.924913,0.788219,0.895661,0.788219,0.895661,72,57,38,31,0,0,0,0,294,179,167,125
2026/02/04/20:01:08,853.925650,0.780719,0.886992,0.780719,0.886992,69,57,38,31,0,0,0,0,297,179,167,125
2026/02/04/20:01:09,854.926187,0.776719,0.859077,0.776719,0.859077,67,57,38,31,0,0,0,0,299,179,167,125
2026/02/04/20:01:10,855.927012,0.776719,0.859077,0.776719,0.859077,67,57,38,31,0,0,0,0,299,179,167,125
2026/02/04/20:01:11,856.927752,0.776719,0.859077,0.776719,0.859077,67,57,38,31,0,0,0,0,299,179,167,125
2026/02/04/20:01:12,857.928402,0.776719,0.859077,0.776719,0.859077,67,57,38,31,0,0,0,0,299,179,167,125
2026/02/04/20:01:13,858.929019,0.776719,0.859077,0.776719,0.859077,67,57,38,31,0,0,0,0,299,179,167,125
2026/02/04/20:01:14,859.929677,0.776719,0.859077,0.776719,0.859077,67,57,38,31,0,0,0,0,299,179,167,125
2026/02/04/20:01:15,860.930436,0.776719,0.859077,0.776719,0.859077,67,57,38,31,0,0,0,0,299,179,167,125
2026/02/04/20:01:16,861.931235,0.776719,0.859077,0.776719,0.859077,67,57,38,31,0,0,0,0,299,179,167,125
2026/02/04/20:01:17,862.931839,0.772375,0.856816,0.772375,0.856816,67,57,38,30,0,0,0,0,299,179,167,126
2026/02/04/20:01:18,863.932636,0.772375,0.856816,0.772375,0.856816,67,57,38,30,0,0,0,0,299,179,167,126
2026/02/04/20:01:19,864.933234,0.772375,0.856816,0.772375,0.856816,67,57,38,30,0,0,0,0,299,179,167,126
2026/02/04/20:01:20,865.933836,0.772375,0.856816,0.772375,0.856816,67,57,38,30,0,0,0,0,299,179,167,126
2026/02/04/20:01:21,866.934430,0.772375,0.856816,0.772375,0.856816,67,57,38,30,0,0,0,0,299,179,167,126
2026/02/04/20:01:22,867.935158,0.772375,0.856816,0.772375,0.856816,67,57,38,30,0,0,0,0,299,179,167,126
2026/02/04/20:01:23,868.935885,0.772375,0.856816,0.772375,0.856816,67,57,38,30,0,0,0,0,299,179,167,126
2026/02/04/20:01:24,869.936417,0.772375,0.856816,0.772375,0.856816,67,57,38,30,0,0,0,0,299,179,167,126
2026/02/04/20:01:25,870.937181,0.772375,0.856816,0.772375,0.856816,67,57,38,30,0,0,0,0,299,179,167,126
2026/02/04/20:01:26,871.937986,0.772375,0.856816,0.772375,0.856816,67,57,38,30,0,0,0,0,299,179,167,126
2026/02/04/20:01:27,872.938549,0.772375,0.856816,0.772375,0.856816,67,57,38,30,0,0,0,0,299,179,167,126
2026/02/04/20:01:28,873.939235,0.769281,0.857146,0.769281,0.857146,66,57,38,31,0,0,0,0,300,179,167,126
2026/02/04/20:01:29,874.939843,0.789312,0.872477,0.789312,0.872477,70,60,38,31,0,0,0,0,300,179,167,126
2026/02/04/20:01:30,875.940543,0.789312,0.872477,0.789312,0.872477,70,60,38,31,0,0,0,0,300,179,167,126
2026/02/04/20:01:31,876.941229,0.813750,0.900464,0.818187,0.930313,73,63,40,31,0,2,0,0,300,179,167,127
2026/02/04/20:01:32,877.941585,0.821812,0.894642,0.826250,0.924492,70,65,40,31,0,2,0,0,303,179,167,127
2026/02/04/20:01:33,878.942181,0.815625,0.891406,0.820063,0.921256,70,63,40,31,0,2,0,0,303,181,167,127
2026/02/04/20:01:34,879.942798,0.813406,0.876481,0.813406,0.876481,70,62,40,31,0,0,0,0,303,182,167,127
2026/02/04/20:01:35,880.943418,0.813406,0.876481,0.813406,0.876481,70,62,40,31,0,0,0,0,303,182,167,127
2026/02/04/20:01:36,881.944006,0.804469,0.872174,0.804469,0.872174,70,62,38,31,0,0,0,0,303,182,169,127
2026/02/04/20:01:37,882.944643,0.802562,0.870344,0.802562,0.870344,70,62,38,30,0,0,0,0,303,182,169,128
2026/02/04/20:01:38,883.945369,0.783937,0.862340,0.783937,0.862340,67,61,38,30,0,0,0,0,306,183,169,128
2026/02/04/20:01:39,884.945934,0.783937,0.862340,0.783937,0.862340,67,61,38,30,0,0,0,0,306,183,169,128
2026/02/04/20:01:40,885.946576,0.796625,0.868293,0.796625,0.868293,67,60,41,32,0,0,0,0,306,184,169,128
2026/02/04/20:01:41,886.947183,0.826469,0.918512,0.829906,0.921754,70,66,41,36,0,0,0,1,306,184,169,128
2026/02/04/20:01:42,887.947821,0.835844,0.931941,0.847187,0.950082,71,66,41,38,3,0,0,0,306,184,169,128
2026/02/04/20:01:43,888.948427,0.832187,0.929584,0.843531,0.947726,71,65,41,38,3,0,0,0,306,185,169,128
2026/02/04/20:01:44,889.949107,0.832187,0.929584,0.843531,0.947726,71,65,41,38,3,0,0,0,306,185,169,128
2026/02/04/20:01:45,890.949717,0.827031,0.924062,0.827031,0.924062,71,65,38,38,0,0,0,0,306,185,172,128
2026/02/04/20:01:46,891.950343,0.792781,0.897285,0.792781,0.897285,66,62,38,38,0,0,0,0,311,188,172,128
2026/02/04/20:01:47,892.950931,0.782469,0.887561,0.782469,0.887561,66,62,38,35,0,0,0,0,311,188,172,131
2026/02/04/20:01:48,893.951528,0.780625,0.884515,0.780625,0.884515,65,62,38,35,0,0,0,0,312,188,172,131
2026/02/04/20:01:49,894.952171,0.784625,0.894751,0.784625,0.894751,67,62,38,35,0,0,0,0,312,188,172,131
2026/02/04/20:01:50,895.952792,0.784625,0.894751,0.784625,0.894751,67,62,38,35,0,0,0,0,312,188,172,131
2026/02/04/20:01:51,896.953350,0.781375,0.892331,0.781375,0.892331,66,62,38,35,0,0,0,0,313,188,172,131
2026/02/04/20:01:52,897.954031,0.781375,0.892331,0.781375,0.892331,66,62,38,35,0,0,0,0,313,188,172,131
2026/02/04/20:01:53,898.954717,0.781375,0.892331,0.781375,0.892331,66,62,38,35,0,0,0,0,313,188,172,131
2026/02/04/20:01:54,899.955470,0.775406,0.888059,0.775406,0.888059,65,61,38,35,0,0,0,0,314,189,172,131
2026/02/04/20:01:55,900.956084,0.775406,0.888059,0.775406,0.888059,65,61,38,35,0,0,0,0,314,189,172,131
2026/02/04/20:01:56,901.956761,0.775406,0.888059,0.775406,0.888059,65,61,38,35,0,0,0,0,314,189,172,131
2026/02/04/20:01:57,902.957332,0.771781,0.876530,0.771781,0.876530,64,60,38,35,0,0,0,0,315,190,172,131
2026/02/04/20:01:58,903.958049,0.760156,0.872476,0.760156,0.872476,64,60,38,33,0,0,0,0,315,190,172,133
2026/02/04/20:01:59,904.958699,0.799531,0.894089,0.817250,0.908880,67,61,39,33,0,1,1,0,315,190,172,133
2026/02/04/20:02:00,905.959401,0.799531,0.894089,0.817250,0.908880,67,61,39,33,0,1,1,0,315,190,172,133
2026/02/04/20:02:01,906.959993,0.799531,0.894089,0.817250,0.908880,67,61,39,33,0,1,1,0,315,190,172,133
2026/02/04/20:02:02,907.960553,0.794844,0.886445,0.807875,0.893592,67,61,38,33,0,1,0,0,315,190,173,133
2026/02/04/20:02:03,908.961095,0.794844,0.886445,0.807875,0.893592,67,61,38,33,0,1,0,0,315,190,173,133
2026/02/04/20:02:04,909.961802,0.794844,0.886445,0.807875,0.893592,67,61,38,33,0,1,0,0,315,190,173,133
2026/02/04/20:02:05,910.962488,0.819187,0.909226,0.832219,0.916373,69,63,41,33,0,1,0,0,315,190,173,133
2026/02/04/20:02:06,911.963152,0.806156,0.902080,0.806156,0.902080,69,62,41,33,0,0,0,0,315,191,173,133
2026/02/04/20:02:07,912.963732,0.802406,0.897124,0.802406,0.897124,69,61,41,33,0,0,0,0,315,192,173,133
2026/02/04/20:02:08,913.964232,0.790031,0.886596,0.790031,0.886596,69,61,38,33,0,0,0,0,315,192,176,133
2026/02/04/20:02:09,914.964946,0.786281,0.877666,0.786281,0.877666,67,61,38,33,0,0,0,0,319,192,176,133
2026/02/04/20:02:10,915.965495,0.792906,0.896366,0.792906,0.896366,68,60,41,33,0,0,0,0,319,193,176,135
2026/02/04/20:02:11,916.966157,0.792906,0.896366,0.792906,0.896366,68,60,41,33,0,0,0,0,319,193,176,135
2026/02/04/20:02:12,917.966939,0.781656,0.883899,0.781656,0.883899,68,60,38,33,0,0,0,0,319,193,179,135
2026/02/04/20:02:13,918.967619,0.776469,0.879015,0.776469,0.879015,66,60,38,33,0,0,0,0,321,193,179,135
2026/02/04/20:02:14,919.968260,0.776469,0.879015,0.776469,0.879015,66,60,38,33,0,0,0,0,321,193,179,135
2026/02/04/20:02:15,920.968906,0.776469,0.879015,0.776469,0.879015,66,60,38,33,0,0,0,0,321,193,179,135
2026/02/04/20:02:16,921.969334,0.776469,0.879015,0.776469,0.879015,66,60,38,33,0,0,0,0,321,193,179,135
2026/02/04/20:02:17,922.969974,0.776469,0.879015,0.776469,0.879015,66,60,38,33,0,0,0,0,321,193,179,135
2026/02/04/20:02:18,923.970564,0.787000,0.903835,0.789844,0.914228,66,61,38,38,1,0,0,0,321,193,179,135
2026/02/04/20:02:19,924.971195,0.787000,0.903835,0.800219,0.924520,66,61,38,38,3,0,2,0,321,193,179,135
2026/02/04/20:02:20,925.971762,0.802219,0.918493,0.802219,0.918493,68,61,41,38,0,0,0,0,321,193,179,135
2026/02/04/20:02:21,926.972420,0.790781,0.892346,0.790781,0.892346,67,61,41,33,0,0,0,0,322,193,179,140
2026/02/04/20:02:22,927.972956,0.783469,0.888668,0.783469,0.888668,67,60,41,33,0,0,0,0,322,194,179,140
2026/02/04/20:02:23,928.973641,0.781594,0.886909,0.781594,0.886909,67,59,41,33,0,0,0,0,322,195,179,140
2026/02/04/20:02:24,929.974266,0.778625,0.883175,0.778625,0.883175,67,59,41,32,0,0,0,0,322,195,179,141
2026/02/04/20:02:25,930.974813,0.803406,0.900364,0.803406,0.900364,69,59,45,33,0,0,0,0,322,195,179,141
2026/02/04/20:02:26,931.975427,0.817875,0.914273,0.817875,0.914273,72,61,46,33,0,0,0,0,322,195,179,141
2026/02/04/20:02:27,932.975978,0.817875,0.914273,0.817875,0.914273,72,61,46,33,0,0,0,0,322,195,179,141
2026/02/04/20:02:28,933.976562,0.799500,0.899339,0.799500,0.899339,70,59,44,33,0,0,0,0,324,197,181,141
2026/02/04/20:02:29,934.977143,0.799500,0.899339,0.799500,0.899339,70,59,44,33,0,0,0,0,324,197,181,141
2026/02/04/20:02:30,935.977732,0.797500,0.897048,0.797500,0.897048,70,59,43,33,0,0,0,0,324,197,182,141
2026/02/04/20:02:31,936.978451,0.792250,0.889101,0.792250,0.889101,70,57,43,33,0,0,0,0,324,199,182,141
2026/02/04/20:02:32,937.978983,0.792250,0.889101,0.792250,0.889101,70,57,43,33,0,0,0,0,324,199,182,141
2026/02/04/20:02:33,938.979616,0.792250,0.889101,0.792250,0.889101,70,57,43,33,0,0,0,0,324,199,182,141
2026/02/04/20:02:34,939.980294,0.792250,0.889101,0.792250,0.889101,70,57,43,33,0,0,0,0,324,199,182,141
2026/02/04/20:02:35,940.981090,0.790562,0.884813,0.790562,0.884813,70,57,42,33,0,0,0,0,324,199,183,141
2026/02/04/20:02:36,941.981734,0.790562,0.884813,0.790562,0.884813,70,57,42,33,0,0,0,0,324,199,183,141
2026/02/04/20:02:37,942.982361,0.790562,0.884813,0.790562,0.884813,70,57,42,33,0,0,0,0,324,199,183,141
2026/02/04/20:02:38,943.982927,0.786687,0.880862,0.786687,0.880862,68,57,42,33,0,0,0,0,326,199,183,141
2026/02/04/20:02:39,944.983485,0.781813,0.863850,0.781813,0.863850,68,57,42,30,0,0,0,0,326,199,183,144
2026/02/04/20:02:40,945.984184,0.781813,0.863850,0.781813,0.863850,68,57,42,30,0,0,0,0,326,199,183,144
2026/02/04/20:02:41,946.984851,0.781813,0.863850,0.781813,0.863850,68,57,42,30,0,0,0,0,326,199,183,144
2026/02/04/20:02:42,947.985579,0.779125,0.862127,0.779125,0.862127,68,57,41,30,0,0,0,0,326,199,184,144
2026/02/04/20:02:43,948.986181,0.779125,0.862127,0.779125,0.862127,68,57,41,30,0,0,0,0,326,199,184,144
2026/02/04/20:02:44,949.986748,0.779125,0.862127,0.779125,0.862127,68,57,41,30,0,0,0,0,326,199,184,144
2026/02/04/20:02:45,950.987315,0.779125,0.862127,0.779125,0.862127,68,57,41,30,0,0,0,0,326,199,184,144
2026/02/04/20:02:46,951.987942,0.812219,0.875094,0.812219,0.875094,71,60,41,30,0,0,0,0,326,199,184,144
2026/02/04/20:02:47,952.988503,0.787625,0.877017,0.787625,0.877017,72,58,41,30,0,0,0,0,326,201,184,144
2026/02/04/20:02:48,953.989099,0.787625,0.877017,0.787625,0.877017,72,58,41,30,0,0,0,0,326,201,184,144
2026/02/04/20:02:49,954.989734,0.784438,0.866186,0.784438,0.866186,72,58,41,28,0,0,0,0,326,201,184,146
2026/02/04/20:02:50,955.990480,0.784438,0.866186,0.784438,0.866186,72,58,41,28,0,0,0,0,326,201,184,146
2026/02/04/20:02:51,956.991128,0.784438,0.866186,0.784438,0.866186,72,58,41,28,0,0,0,0,326,201,184,146
2026/02/04/20:02:52,957.991816,0.784438,0.866186,0.784438,0.866186,72,58,41,28,0,0,0,0,326,201,184,146
2026/02/04/20:02:53,958.992437,0.781094,0.861065,0.781094,0.861065,71,58,41,28,0,0,0,0,327,201,184,146
2026/02/04/20:02:54,959.993059,0.781094,0.861065,0.781094,0.861065,71,58,41,28,0,0,0,0,327,201,184,146
2026/02/04/20:02:55,960.993665,0.781094,0.861065,0.781094,0.861065,71,58,41,28,0,0,0,0,327,201,184,146
2026/02/04/20:02:56,961.994269,0.781094,0.861065,0.781094,0.861065,71,58,41,28,0,0,0,0,327,201,184,146
2026/02/04/20:02:57,962.994851,0.781094,0.861065,0.781094,0.861065,71,58,41,28,0,0,0,0,327,201,184,146
2026/02/04/20:02:58,963.995522,0.781094,0.861065,0.781094,0.861065,71,58,41,28,0,0,0,0,327,201,184,146
2026/02/04/20:02:59,964.996661,0.781094,0.861065,0.781094,0.861065,71,58,41,28,0,0,0,0,327,201,184,146
2026/02/04/20:03:00,965.997266,0.781094,0.861065,0.781094,0.861065,71,58,41,28,0,0,0,0,327,201,184,146
2026/02/04/20:03:01,966.997895,0.781094,0.861065,0.781094,0.861065,71,58,41,28,0,0,0,0,327,201,184,146
2026/02/04/20:03:02,967.998357,0.781094,0.861065,0.781094,0.861065,71,58,41,28,0,0,0,0,327,201,184,146
2026/02/04/20:03:03,969.004321,0.781094,0.861065,0.781094,0.861065,71,58,41,28,0,0,0,0,327,201,184,146
2026/02/04/20:03:04,970.004945,0.781094,0.861065,0.781094,0.861065,71,58,41,28,0,0,0,0,327,201,184,146
2026/02/04/20:03:05,971.005669,0.781094,0.861065,0.781094,0.861065,71,58,41,28,0,0,0,0,327,201,184,146
2026/02/04/20:03:06,972.006302,0.781094,0.861065,0.781094,0.861065,71,58,41,28,0,0,0,0,327,201,184,146
2026/02/04/20:03:07,973.007106,0.781094,0.861065,0.781094,0.861065,71,58,41,28,0,0,0,0,327,201,184,146
2026/02/04/20:03:08,974.007679,0.781094,0.861065,0.781094,0.861065,71,58,41,28,0,0,0,0,327,201,184,146
2026/02/04/20:03:09,975.008236,0.781094,0.861065,0.781094,0.861065,71,58,41,28,0,0,0,0,327,201,184,146
2026/02/04/20:03:10,976.008744,0.748000,0.848098,0.748000,0.848098,68,55,41,28,0,0,0,0,330,204,184,146
2026/02/04/20:03:11,977.009782,0.748000,0.848098,0.748000,0.848098,68,55,41,28,0,0,0,0,330,204,184,146
2026/02/04/20:03:12,978.010521,0.748000,0.848098,0.748000,0.848098,68,55,41,28,0,0,0,0,330,204,184,146
2026/02/04/20:03:13,979.011103,0.748000,0.848098,0.748000,0.848098,68,55,41,28,0,0,0,0,330,204,184,146
2026/02/04/20:03:14,980.011801,0.762531,0.853460,0.762531,0.853460,68,55,44,28,0,0,0,0,330,204,184,146
2026/02/04/20:03:15,981.012423,0.762531,0.853460,0.762531,0.853460,68,55,44,28,0,0,0,0,330,204,184,146
2026/02/04/20:03:16,982.013113,0.760813,0.851886,0.760813,0.851886,67,55,44,28,0,0,0,0,331,204,184,146
2026/02/04/20:03:17,983.013664,0.760813,0.851886,0.760813,0.851886,67,55,44,28,0,0,0,0,331,204,184,146
2026/02/04/20:03:18,984.014313,0.760813,0.851886,0.760813,0.851886,67,55,44,28,0,0,0,0,331,204,184,146
2026/02/04/20:03:19,985.014980,0.760813,0.851886,0.760813,0.851886,67,55,44,28,0,0,0,0,331,204,184,146
2026/02/04/20:03:20,986.015583,0.760813,0.851886,0.760813,0.851886,67,55,44,28,0,0,0,0,331,204,184,146
2026/02/04/20:03:21,987.016218,0.760813,0.851886,0.760813,0.851886,67,55,44,28,0,0,0,0,331,204,184,146
2026/02/04/20:03:22,988.016921,0.760813,0.851886,0.760813,0.851886,67,55,44,28,0,0,0,0,331,204,184,146
2026/02/04/20:03:23,989.017485,0.732781,0.841404,0.732781,0.841404,64,55,44,26,0,0,0,0,334,204,184,148
2026/02/04/20:03:24,990.018216,0.732781,0.841404,0.732781,0.841404,64,55,44,26,0,0,0,0,334,204,184,148
2026/02/04/20:03:25,991.018816,0.732781,0.841404,0.732781,0.841404,64,55,44,26,0,0,0,0,334,204,184,148
2026/02/04/20:03:26,992.019547,0.732781,0.841404,0.732781,0.841404,64,55,44,26,0,0,0,0,334,204,184,148
2026/02/04/20:03:27,993.020429,0.732781,0.841404,0.732781,0.841404,64,55,44,26,0,0,0,0,334,204,184,148
2026/02/04/20:03:28,994.021078,0.732781,0.841404,0.732781,0.841404,64,55,44,26,0,0,0,0,334,204,184,148
2026/02/04/20:03:29,995.021764,0.732781,0.841404,0.732781,0.841404,64,55,44,26,0,0,0,0,334,204,184,148
2026/02/04/20:03:30,996.022469,0.732781,0.841404,0.732781,0.841404,64,55,44,26,0,0,0,0,334,204,184,148
2026/02/04/20:03:31,997.023054,0.732781,0.841404,0.732781,0.841404,64,55,44,26,0,0,0,0,334,204,184,148
2026/02/04/20:03:32,998.023576,0.732781,0.841404,0.732781,0.841404,64,55,44,26,0,0,0,0,334,204,184,148
2026/02/04/20:03:33,999.024047,0.727406,0.837562,0.727406,0.837562,64,55,42,26,0,0,0,0,334,204,186,148
2026/02/04/20:03:34,1000.024644,0.727406,0.837562,0.727406,0.837562,64,55,42,26,0,0,0,0,334,204,186,148
2026/02/04/20:03:35,1001.025372,0.727406,0.837562,0.727406,0.837562,64,55,42,26,0,0,0,0,334,204,186,148
2026/02/04/20:03:36,1002.025999,0.720125,0.852473,0.720125,0.852473,65,55,40,28,0,0,0,0,334,204,189,148
2026/02/04/20:03:37,1003.026603,0.720125,0.852473,0.720125,0.852473,65,55,40,28,0,0,0,0,334,204,189,148
2026/02/04/20:03:38,1004.027337,0.720125,0.852473,0.720125,0.852473,65,55,40,28,0,0,0,0,334,204,189,148
2026/02/04/20:03:39,1005.028034,0.718313,0.850390,0.718313,0.850390,64,55,40,28,0,0,0,0,335,204,189,148
2026/02/04/20:03:40,1006.028777,0.718313,0.850390,0.718313,0.850390,64,55,40,28,0,0,0,0,335,204,189,148
2026/02/04/20:03:41,1007.029379,0.718313,0.850390,0.718313,0.850390,64,55,40,28,0,0,0,0,335,204,189,148
2026/02/04/20:03:42,1008.030036,0.718313,0.850390,0.718313,0.850390,64,55,40,28,0,0,0,0,335,204,189,148
2026/02/04/20:03:43,1009.030648,0.718313,0.850390,0.718313,0.850390,64,55,40,28,0,0,0,0,335,204,189,148
2026/02/04/20:03:44,1010.031305,0.718313,0.850390,0.718313,0.850390,64,55,40,28,0,0,0,0,335,204,189,148
2026/02/04/20:03:45,1011.031926,0.718313,0.850390,0.718313,0.850390,64,55,40,28,0,0,0,0,335,204,189,148
2026/02/04/20:03:46,1012.032722,0.715844,0.848744,0.715844,0.848744,63,55,40,28,0,0,0,0,336,204,189,148
2026/02/04/20:03:47,1013.033400,0.715844,0.848744,0.715844,0.848744,63,55,40,28,0,0,0,0,336,204,189,148
2026/02/04/20:03:48,1014.034205,0.715844,0.848744,0.715844,0.848744,63,55,40,28,0,0,0,0,336,204,189,148
2026/02/04/20:03:49,1015.034819,0.715844,0.848744,0.715844,0.848744,63,55,40,28,0,0,0,0,336,204,189,148
2026/02/04/20:03:50,1016.035615,0.715844,0.848744,0.715844,0.848744,63,55,40,28,0,0,0,0,336,204,189,148
2026/02/04/20:03:51,1017.036311,0.731187,0.857787,0.731187,0.857787,63,58,40,29,0,0,0,0,336,204,189,148
2026/02/04/20:03:52,1018.037012,0.731187,0.857787,0.731187,0.857787,63,58,40,29,0,0,0,0,336,204,189,148
2026/02/04/20:03:53,1019.037617,0.731187,0.857787,0.731187,0.857787,63,58,40,29,0,0,0,0,336,204,189,148
2026/02/04/20:03:54,1020.038182,0.745000,0.884447,0.771719,0.919131,66,59,41,29,0,0,0,3,336,204,189,148
2026/02/04/20:03:55,1021.038809,0.745000,0.884447,0.771719,0.919131,66,59,41,29,0,0,0,3,336,204,189,148
2026/02/04/20:03:56,1022.039393,0.736563,0.868436,0.763281,0.903121,64,59,41,29,0,0,0,3,338,204,189,148
2026/02/04/20:03:57,1023.040023,0.734875,0.863317,0.761594,0.898001,64,58,41,29,0,0,0,3,338,205,189,148
2026/02/04/20:03:58,1024.048887,0.734875,0.863317,0.789156,0.906309,64,58,41,29,0,2,0,5,338,205,189,148
2026/02/04/20:03:59,1025.049002,0.805594,0.887139,0.832313,0.921824,64,65,42,32,0,0,0,3,338,205,189,148
2026/02/04/20:04:00,1026.049712,0.820031,0.898025,0.846750,0.932709,67,65,41,33,0,0,0,3,338,205,190,148
2026/02/04/20:04:01,1027.052638,0.793844,0.885315,0.820562,0.919999,66,65,40,31,0,0,0,3,339,205,191,150
2026/02/04/20:04:03,1028.105638,0.793844,0.885315,0.820562,0.919999,66,65,40,31,0,0,0,3,339,205,191,150
2026/02/04/20:04:04,1029.106071,0.767969,0.866725,0.767969,0.866725,63,63,40,29,0,0,0,0,345,207,191,152
2026/02/04/20:04:05,1030.106941,0.764594,0.864339,0.764594,0.864339,63,62,40,29,0,0,0,0,345,208,191,152
2026/02/04/20:04:06,1031.107615,0.757844,0.859565,0.757844,0.859565,63,60,40,29,0,0,0,0,345,210,191,152
2026/02/04/20:04:07,1032.108184,0.757844,0.859565,0.757844,0.859565,63,60,40,29,0,0,0,0,345,210,191,152
2026/02/04/20:04:08,1033.108936,0.757844,0.859565,0.757844,0.859565,63,60,40,29,0,0,0,0,345,210,191,152
2026/02/04/20:04:09,1034.109567,0.757844,0.859565,0.757844,0.859565,63,60,40,29,0,0,0,0,345,210,191,152
2026/02/04/20:04:10,1035.110234,0.755781,0.857853,0.755781,0.857853,63,60,39,29,0,0,0,0,345,210,192,152
2026/02/04/20:04:11,1036.110818,0.753656,0.855953,0.753656,0.855953,63,60,39,28,0,0,0,0,345,210,192,153
2026/02/04/20:04:12,1037.111464,0.753656,0.855953,0.753656,0.855953,63,60,39,28,0,0,0,0,345,210,192,153
2026/02/04/20:04:13,1038.112111,0.753656,0.855953,0.753656,0.855953,63,60,39,28,0,0,0,0,345,210,192,153
2026/02/04/20:04:14,1039.112759,0.753656,0.855953,0.753656,0.855953,63,60,39,28,0,0,0,0,345,210,192,153
2026/02/04/20:04:15,1040.113369,0.753656,0.855953,0.753656,0.855953,63,60,39,28,0,0,0,0,345,210,192,153
2026/02/04/20:04:16,1041.114202,0.753656,0.855953,0.753656,0.855953,63,60,39,28,0,0,0,0,345,210,192,153
2026/02/04/20:04:17,1042.114806,0.753656,0.855953,0.753656,0.855953,63,60,39,28,0,0,0,0,345,210,192,153
2026/02/04/20:04:18,1043.115608,0.753656,0.855953,0.753656,0.855953,63,60,39,28,0,0,0,0,345,210,192,153
2026/02/04/20:04:19,1044.116443,0.750219,0.840008,0.750219,0.840008,63,60,39,26,0,0,0,0,345,210,192,155
2026/02/04/20:04:20,1045.117071,0.750219,0.840008,0.750219,0.840008,63,60,39,26,0,0,0,0,345,210,192,155
2026/02/04/20:04:21,1046.117882,0.750219,0.840008,0.750219,0.840008,63,60,39,26,0,0,0,0,345,210,192,155
2026/02/04/20:04:22,1047.118577,0.750219,0.840008,0.750219,0.840008,63,60,39,26,0,0,0,0,345,210,192,155
2026/02/04/20:04:23,1048.119350,0.750219,0.840008,0.750219,0.840008,63,60,39,26,0,0,0,0,345,210,192,155
2026/02/04/20:04:24,1049.120238,0.750219,0.840008,0.750219,0.840008,63,60,39,26,0,0,0,0,345,210,192,155
2026/02/04/20:04:25,1050.120999,0.750219,0.840008,0.750219,0.840008,63,60,39,26,0,0,0,0,345,210,192,155
2026/02/04/20:04:26,1051.121770,0.750219,0.840008,0.750219,0.840008,63,60,39,26,0,0,0,0,345,210,192,155
2026/02/04/20:04:27,1052.122492,0.750219,0.840008,0.750219,0.840008,63,60,39,26,0,0,0,0,345,210,192,155
2026/02/04/20:04:28,1053.123138,0.750219,0.840008,0.750219,0.840008,63,60,39,26,0,0,0,0,345,210,192,155
2026/02/04/20:04:29,1054.123719,0.757594,0.843277,0.757594,0.843277,63,60,39,28,0,0,0,0,345,210,192,155
2026/02/04/20:04:30,1055.124383,0.757594,0.843277,0.757594,0.843277,63,60,39,28,0,0,0,0,345,210,192,155
2026/02/04/20:04:31,1056.125232,0.757594,0.843277,0.757594,0.843277,63,60,39,28,0,0,0,0,345,210,192,155
2026/02/04/20:04:32,1057.125936,0.757594,0.843277,0.757594,0.843277,63,60,39,28,0,0,0,0,345,210,192,155
2026/02/04/20:04:33,1058.126551,0.757594,0.843277,0.757594,0.843277,63,60,39,28,0,0,0,0,345,210,192,155
2026/02/04/20:04:34,1059.127177,0.744375,0.836134,0.744375,0.836134,63,57,39,28,0,0,0,0,345,213,192,155
2026/02/04/20:04:35,1060.127820,0.744375,0.836134,0.744375,0.836134,63,57,39,28,0,0,0,0,345,213,192,155
2026/02/04/20:04:36,1061.128369,0.778469,0.866712,0.780906,0.870073,68,59,39,31,1,0,0,0,345,213,192,155
2026/02/04/20:04:37,1062.128920,0.796188,0.883967,0.802562,0.891082,71,59,39,35,1,0,0,0,345,213,192,155
2026/02/04/20:04:38,1063.129523,0.812187,0.898879,0.818562,0.905994,73,59,39,36,1,0,0,0,347,213,192,155
2026/02/04/20:04:39,1064.130136,0.804063,0.897138,0.804063,0.897138,72,57,39,36,0,0,0,0,349,215,192,155
2026/02/04/20:04:40,1065.130742,0.795844,0.886153,0.795844,0.886153,71,57,39,34,0,0,0,0,350,215,192,157
2026/02/04/20:04:41,1066.131391,0.776719,0.864810,0.776719,0.864810,68,57,39,34,0,0,0,0,353,215,192,157
2026/02/04/20:04:42,1067.131997,0.776719,0.864810,0.776719,0.864810,68,57,39,34,0,0,0,0,353,215,192,157
2026/02/04/20:04:43,1068.132641,0.776719,0.864810,0.776719,0.864810,68,57,39,34,0,0,0,0,353,215,192,157
2026/02/04/20:04:44,1069.133274,0.793125,0.865261,0.793125,0.865261,69,57,40,33,0,0,0,0,355,215,192,158
2026/02/04/20:04:45,1070.133930,0.809250,0.872890,0.809250,0.872890,71,57,42,33,0,0,0,0,355,215,192,158
2026/02/04/20:04:46,1071.134665,0.797875,0.862951,0.797875,0.862951,69,57,41,33,0,0,0,0,357,215,193,158
2026/02/04/20:04:47,1072.135344,0.797875,0.862951,0.797875,0.862951,69,57,41,33,0,0,0,0,357,215,193,158
2026/02/04/20:04:48,1073.136053,0.797875,0.862951,0.797875,0.862951,69,57,41,33,0,0,0,0,357,215,193,158
2026/02/04/20:04:49,1074.136588,0.814719,0.877580,0.816594,0.879744,69,60,42,33,0,0,1,0,357,215,193,158
2026/02/04/20:04:50,1075.137207,0.816594,0.879744,0.816594,0.879744,69,60,43,33,0,0,0,0,357,215,193,158
2026/02/04/20:04:51,1076.137801,0.816594,0.879744,0.816594,0.879744,69,60,43,33,0,0,0,0,357,215,193,158
2026/02/04/20:04:52,1077.138485,0.814688,0.877594,0.814688,0.877594,69,60,43,32,0,0,0,0,357,215,193,159
2026/02/04/20:04:53,1078.139165,0.814688,0.877594,0.814688,0.877594,69,60,43,32,0,0,0,0,357,215,193,159
2026/02/04/20:04:54,1079.139806,0.793500,0.869406,0.793500,0.869406,65,60,43,32,0,0,0,0,361,215,193,159
2026/02/04/20:04:55,1080.140420,0.787031,0.867487,0.787031,0.867487,65,60,43,31,0,0,0,0,361,215,193,160
2026/02/04/20:04:56,1081.140929,0.787031,0.867487,0.787031,0.867487,65,60,43,31,0,0,0,0,361,215,193,160
2026/02/04/20:04:57,1082.141478,0.769656,0.861782,0.769656,0.861782,65,60,42,29,0,0,0,0,361,215,194,162
2026/02/04/20:04:58,1083.142059,0.769656,0.861782,0.769656,0.861782,65,60,42,29,0,0,0,0,361,215,194,162
2026/02/04/20:04:59,1084.142656,0.769656,0.861782,0.769656,0.861782,65,60,42,29,0,0,0,0,361,215,194,162
2026/02/04/20:05:00,1085.143381,0.767156,0.859206,0.767156,0.859206,65,60,42,28,0,0,0,0,361,215,194,163
2026/02/04/20:05:01,1086.143971,0.767156,0.859206,0.767156,0.859206,65,60,42,28,0,0,0,0,361,215,194,163
2026/02/04/20:05:02,1087.144570,0.780281,0.873884,0.780281,0.873884,66,63,43,28,0,0,0,0,361,215,195,163
2026/02/04/20:05:03,1088.144637,0.791719,0.892089,0.802594,0.898225,66,66,43,31,0,0,1,0,361,215,195,163
2026/02/04/20:05:04,1089.145411,0.791719,0.892089,0.809438,0.926454,66,66,43,31,3,0,1,0,361,215,195,163
2026/02/04/20:05:05,1090.146114,0.775594,0.876280,0.793312,0.910645,63,64,41,31,3,0,1,0,364,217,197,163
2026/02/04/20:05:06,1091.146778,0.773781,0.873837,0.791500,0.908201,63,63,41,31,3,0,1,0,364,218,197,163
2026/02/04/20:05:07,1092.147474,0.781594,0.880260,0.786156,0.899079,64,60,42,31,2,0,0,0,364,221,197,163
2026/02/04/20:05:08,1093.148192,0.770719,0.874124,0.775281,0.892943,64,60,41,31,2,0,0,0,364,221,198,163
2026/02/04/20:05:09,1094.149017,0.770719,0.874124,0.775281,0.892943,64,60,41,31,2,0,0,0,364,221,198,163
2026/02/04/20:05:10,1095.149748,0.770719,0.874124,0.775281,0.892943,64,60,41,31,2,0,0,0,364,221,198,163
2026/02/04/20:05:11,1096.150413,0.768437,0.864714,0.768437,0.864714,63,60,41,31,0,0,0,0,365,221,198,163
2026/02/04/20:05:12,1097.151058,0.768437,0.864714,0.768437,0.864714,63,60,41,31,0,0,0,0,365,221,198,163
2026/02/04/20:05:13,1098.151772,0.783375,0.877066,0.798625,0.879054,65,62,41,31,1,0,0,0,365,221,198,163
2026/02/04/20:05:14,1099.152492,0.790656,0.867203,0.821156,0.871180,66,62,41,28,2,0,0,0,368,221,198,166
2026/02/04/20:05:15,1100.153095,0.790656,0.867203,0.821156,0.871180,66,62,41,28,2,0,0,0,368,221,198,166
2026/02/04/20:05:16,1101.153769,0.790656,0.867203,0.821156,0.871180,66,62,41,28,2,0,0,0,368,221,198,166
2026/02/04/20:05:17,1102.154408,0.790656,0.867203,0.821156,0.871180,66,62,41,28,2,0,0,0,368,221,198,166
2026/02/04/20:05:18,1103.154830,0.790656,0.867203,0.821156,0.871180,66,62,41,28,2,0,0,0,368,221,198,166
2026/02/04/20:05:19,1104.155400,0.790656,0.867203,0.821156,0.871180,66,62,41,28,2,0,0,0,368,221,198,166
2026/02/04/20:05:20,1105.155964,0.782656,0.859405,0.813156,0.863382,66,60,41,28,2,0,0,0,368,223,198,166
2026/02/04/20:05:21,1106.156403,0.790969,0.856840,0.806219,0.858829,65,60,41,28,1,0,0,0,372,223,198,166
2026/02/04/20:05:22,1107.157139,0.806219,0.858829,0.806219,0.858829,66,60,41,28,0,0,0,0,372,223,198,166
2026/02/04/20:05:23,1108.157803,0.760469,0.852863,0.760469,0.852863,63,60,41,28,0,0,0,0,375,223,198,166
2026/02/04/20:05:24,1109.158538,0.760469,0.852863,0.760469,0.852863,63,60,41,28,0,0,0,0,375,223,198,166
2026/02/04/20:05:25,1110.159128,0.760469,0.852863,0.760469,0.852863,63,60,41,28,0,0,0,0,375,223,198,166
2026/02/04/20:05:26,1111.159875,0.760469,0.852863,0.760469,0.852863,63,60,41,28,0,0,0,0,375,223,198,166
2026/02/04/20:05:27,1112.160491,0.752500,0.846189,0.752500,0.846189,63,60,41,25,0,0,0,0,375,223,198,169
2026/02/04/20:05:28,1113.161121,0.748781,0.844500,0.748781,0.844500,62,60,41,25,0,0,0,0,376,223,198,169
2026/02/04/20:05:29,1114.161995,0.748781,0.844500,0.748781,0.844500,62,60,41,25,0,0,0,0,376,223,198,169
2026/02/04/20:05:30,1115.162640,0.753344,0.850500,0.753344,0.850500,62,62,41,25,0,0,0,0,376,223,198,169
2026/02/04/20:05:31,1116.163346,0.753344,0.850500,0.753344,0.850500,62,62,41,25,0,0,0,0,376,223,198,169
2026/02/04/20:05:32,1117.164016,0.753344,0.850500,0.753344,0.850500,62,62,41,25,0,0,0,0,376,223,198,169
2026/02/04/20:05:33,1118.164593,0.753344,0.850500,0.753344,0.850500,62,62,41,25,0,0,0,0,376,223,198,169
2026/02/04/20:05:34,1119.165187,0.753344,0.850500,0.753344,0.850500,62,62,41,25,0,0,0,0,376,223,198,169
2026/02/04/20:05:35,1120.165823,0.753344,0.850500,0.753344,0.850500,62,62,41,25,0,0,0,0,376,223,198,169
2026/02/04/20:05:36,1121.166615,0.753344,0.850500,0.753344,0.850500,62,62,41,25,0,0,0,0,376,223,198,169
2026/02/04/20:05:37,1122.167207,0.753344,0.850500,0.753344,0.850500,62,62,41,25,0,0,0,0,376,223,198,169
2026/02/04/20:05:38,1123.167825,0.753344,0.850500,0.753344,0.850500,62,62,41,25,0,0,0,0,376,223,198,169
2026/02/04/20:05:39,1124.168551,0.753344,0.850500,0.753344,0.850500,62,62,41,25,0,0,0,0,376,223,198,169
2026/02/04/20:05:40,1125.169165,0.746719,0.847310,0.746719,0.847310,62,60,41,25,0,0,0,0,376,225,198,169
2026/02/04/20:05:41,1126.169816,0.746719,0.847310,0.746719,0.847310,62,60,41,25,0,0,0,0,376,225,198,169
2026/02/04/20:05:42,1127.170397,0.746719,0.847310,0.746719,0.847310,62,60,41,25,0,0,0,0,376,225,198,169
2026/02/04/20:05:43,1128.170924,0.822469,0.872943,0.846219,0.903100,72,60,42,25,0,2,0,0,376,225,198,169
2026/02/04/20:05:44,1129.171551,0.822469,0.872943,0.846219,0.903100,72,60,42,25,0,2,0,0,376,225,198,169
2026/02/04/20:05:45,1130.172187,0.807094,0.868712,0.830844,0.898869,70,60,42,25,0,2,0,0,378,225,198,169
2026/02/04/20:05:46,1131.173149,0.807094,0.868712,0.830844,0.898869,70,60,42,25,0,2,0,0,378,225,198,169
2026/02/04/20:05:47,1132.196341,0.807094,0.868712,0.830844,0.898869,70,60,42,25,0,2,0,0,378,225,198,169
2026/02/04/20:05:48,1133.196910,0.807094,0.868712,0.830844,0.898869,70,60,42,25,0,2,0,0,378,225,198,169
2026/02/04/20:05:49,1134.197386,0.776062,0.858565,0.799813,0.888721,67,60,42,25,0,2,0,0,381,225,198,169
2026/02/04/20:05:50,1135.238128,0.776062,0.858565,0.799813,0.888721,67,60,42,25,0,2,0,0,381,225,198,169
2026/02/04/20:05:54,1139.093495,0.776062,0.858565,0.799813,0.888721,67,60,42,25,0,2,0,0,381,225,198,169
2026/02/04/20:05:55,1140.094209,0.799813,0.888721,0.799813,0.888721,67,62,42,25,0,0,0,0,386,225,198,169
2026/02/04/20:05:56,1141.094797,0.799813,0.888721,0.799813,0.888721,67,62,42,25,0,0,0,0,386,225,198,169
2026/02/04/20:05:57,1142.095588,0.799813,0.888721,0.799813,0.888721,67,62,42,25,0,0,0,0,386,225,198,169
2026/02/04/20:05:58,1143.096133,0.776062,0.858565,0.776062,0.858565,67,60,42,25,0,0,0,0,386,227,198,169
2026/02/04/20:05:59,1144.096890,0.776062,0.858565,0.776062,0.858565,67,60,42,25,0,0,0,0,386,227,198,169
2026/02/04/20:06:00,1145.097606,0.772813,0.855335,0.772813,0.855335,65,60,42,25,0,0,0,0,388,227,198,169
2026/02/04/20:06:01,1146.098278,0.765969,0.843142,0.765969,0.843142,65,57,42,25,0,0,0,0,388,230,198,169
2026/02/04/20:06:02,1147.099150,0.765969,0.843142,0.765969,0.843142,65,57,42,25,0,0,0,0,388,230,198,169
2026/02/04/20:06:03,1148.099889,0.765969,0.843142,0.765969,0.843142,65,57,42,25,0,0,0,0,388,230,198,169
2026/02/04/20:06:04,1149.100400,0.765969,0.843142,0.765969,0.843142,65,57,42,25,0,0,0,0,388,230,198,169
2026/02/04/20:06:05,1150.101039,0.765969,0.843142,0.765969,0.843142,65,57,42,25,0,0,0,0,388,230,198,169
2026/02/04/20:06:06,1151.101833,0.765969,0.843142,0.765969,0.843142,65,57,42,25,0,0,0,0,388,230,198,169
2026/02/04/20:06:07,1152.102383,0.765969,0.843142,0.765969,0.843142,65,57,42,25,0,0,0,0,388,230,198,169
2026/02/04/20:06:08,1153.102969,0.765969,0.843142,0.765969,0.843142,65,57,42,25,0,0,0,0,388,230,198,169
2026/02/04/20:06:09,1154.103454,0.765969,0.843142,0.765969,0.843142,65,57,42,25,0,0,0,0,388,230,198,169
2026/02/04/20:06:10,1155.104138,0.765969,0.843142,0.765969,0.843142,65,57,42,25,0,0,0,0,388,230,198,169
2026/02/04/20:06:11,1156.104723,0.761188,0.836732,0.761188,0.836732,62,57,42,25,0,0,0,0,391,230,198,169
2026/02/04/20:06:12,1157.105346,0.766250,0.840544,0.766250,0.840544,62,57,43,25,0,0,0,0,391,230,198,169
2026/02/04/20:06:13,1158.106110,0.768312,0.842159,0.768312,0.842159,62,58,43,25,0,0,0,0,391,230,198,169
2026/02/04/20:06:14,1159.106751,0.768312,0.842159,0.768312,0.842159,62,58,43,25,0,0,0,0,391,230,198,169
2026/02/04/20:06:15,1160.107554,0.768312,0.842159,0.768312,0.842159,62,58,43,25,0,0,0,0,391,230,198,169
2026/02/04/20:06:16,1161.108166,0.768312,0.842159,0.768312,0.842159,62,58,43,25,0,0,0,0,391,230,198,169
2026/02/04/20:06:17,1162.108901,0.763250,0.838347,0.763250,0.838347,62,58,42,25,0,0,0,0,391,230,199,169
2026/02/04/20:06:18,1163.109508,0.763250,0.838347,0.763250,0.838347,62,58,42,25,0,0,0,0,391,230,199,169
2026/02/04/20:06:19,1164.110192,0.763250,0.838347,0.763250,0.838347,62,58,42,25,0,0,0,0,391,230,199,169
2026/02/04/20:06:20,1165.110741,0.771125,0.842473,0.771125,0.842473,64,58,42,25,0,0,0,0,391,230,199,169
2026/02/04/20:06:21,1166.111326,0.771125,0.842473,0.771125,0.842473,64,58,42,25,0,0,0,0,391,230,199,169
2026/02/04/20:06:22,1167.111950,0.763250,0.838347,0.763250,0.838347,62,58,42,25,0,0,0,0,393,230,199,169
2026/02/04/20:06:23,1168.112609,0.763250,0.838347,0.763250,0.838347,62,58,42,25,0,0,0,0,393,230,199,169
2026/02/04/20:06:24,1169.113188,0.763250,0.838347,0.763250,0.838347,62,58,42,25,0,0,0,0,393,230,199,169
2026/02/04/20:06:25,1170.113834,0.763250,0.838347,0.763250,0.838347,62,58,42,25,0,0,0,0,393,230,199,169
2026/02/04/20:06:26,1171.114491,0.763250,0.838347,0.763250,0.838347,62,58,42,25,0,0,0,0,393,230,199,169
2026/02/04/20:06:27,1172.115150,0.763250,0.838347,0.763250,0.838347,62,58,42,25,0,0,0,0,393,230,199,169
2026/02/04/20:06:28,1173.115452,0.763250,0.838347,0.763250,0.838347,62,58,42,25,0,0,0,0,393,230,199,169
2026/02/04/20:06:29,1174.116256,0.763250,0.838347,0.763250,0.838347,62,58,42,25,0,0,0,0,393,230,199,169
2026/02/04/20:06:30,1175.117068,0.763250,0.838347,0.763250,0.838347,62,58,42,25,0,0,0,0,393,230,199,169
2026/02/04/20:06:31,1176.117680,0.763250,0.838347,0.763250,0.838347,62,58,42,25,0,0,0,0,393,230,199,169
2026/02/04/20:06:32,1177.118554,0.755219,0.835440,0.755219,0.835440,62,58,42,24,0,0,0,0,393,230,199,170
2026/02/04/20:06:33,1178.119165,0.755219,0.835440,0.755219,0.835440,62,58,42,24,0,0,0,0,393,230,199,170
2026/02/04/20:06:34,1179.119728,0.755219,0.835440,0.755219,0.835440,62,58,42,24,0,0,0,0,393,230,199,170
2026/02/04/20:06:35,1180.120320,0.755219,0.835440,0.755219,0.835440,62,58,42,24,0,0,0,0,393,230,199,170
2026/02/04/20:06:36,1181.120998,0.755219,0.835440,0.755219,0.835440,62,58,42,24,0,0,0,0,393,230,199,170
2026/02/04/20:06:37,1182.121778,0.755219,0.835440,0.755219,0.835440,62,58,42,24,0,0,0,0,393,230,199,170
2026/02/04/20:06:38,1183.122349,0.764969,0.871775,0.764969,0.871775,63,60,43,24,0,0,0,0,393,230,199,170
2026/02/04/20:06:39,1184.122974,0.764969,0.871775,0.764969,0.871775,63,60,43,24,0,0,0,0,393,230,199,170
2026/02/04/20:06:40,1185.123628,0.764969,0.871775,0.764969,0.871775,63,60,43,24,0,0,0,0,393,230,199,170
2026/02/04/20:06:41,1186.124269,0.772906,0.886799,0.772906,0.886799,66,59,43,24,0,0,0,0,393,231,199,170
2026/02/04/20:06:42,1187.124936,0.768906,0.883492,0.768906,0.883492,64,59,43,24,0,0,0,0,395,231,199,170
2026/02/04/20:06:43,1188.125562,0.768906,0.883492,0.768906,0.883492,64,59,43,24,0,0,0,0,395,231,199,170
2026/02/04/20:06:44,1189.126291,0.768906,0.883492,0.768906,0.883492,64,59,43,24,0,0,0,0,395,231,199,170
2026/02/04/20:06:45,1190.126890,0.765062,0.881664,0.765062,0.881664,63,59,43,24,0,0,0,0,396,231,199,170
2026/02/04/20:06:46,1191.127584,0.765062,0.881664,0.765062,0.881664,63,59,43,24,0,0,0,0,396,231,199,170
2026/02/04/20:06:47,1192.128159,0.765062,0.881664,0.765062,0.881664,63,59,43,24,0,0,0,0,396,231,199,170
2026/02/04/20:06:48,1193.138066,0.797844,0.905730,0.801000,0.908625,66,63,43,25,0,1,0,0,396,231,199,170
2026/02/04/20:06:49,1194.138806,0.808125,0.913560,0.808125,0.913560,69,64,43,25,0,0,0,0,396,231,199,170
2026/02/04/20:06:50,1195.139345,0.818562,0.918681,0.829781,0.970204,70,65,43,25,5,0,0,0,396,231,199,170
2026/02/04/20:06:51,1196.139938,0.830625,0.929524,0.837406,0.966562,75,63,43,25,3,0,0,0,396,234,199,170
2026/02/04/20:06:52,1197.140586,0.831688,0.931438,0.838469,0.968476,75,64,43,24,3,0,0,0,396,234,199,171
2026/02/04/20:06:53,1198.141136,0.827250,0.916953,0.831812,0.946749,73,64,43,24,2,0,0,0,398,234,199,171
2026/02/04/20:06:54,1199.141774,0.827250,0.916953,0.831812,0.946749,73,64,43,24,2,0,0,0,398,234,199,171
2026/02/04/20:06:55,1200.142159,0.809344,0.909443,0.813906,0.939240,71,63,43,24,2,0,0,0,400,235,199,171
2026/02/04/20:06:56,1201.142768,0.800750,0.900018,0.805312,0.929814,70,61,43,24,2,0,0,0,401,237,199,171
2026/02/04/20:06:57,1202.143371,0.818406,0.917813,0.822969,0.947609,72,64,46,24,2,0,0,0,401,237,200,171
2026/02/04/20:06:58,1203.144176,0.820031,0.919900,0.824594,0.949696,72,64,47,24,2,0,0,0,401,237,200,171
2026/02/04/20:06:59,1204.144587,0.820031,0.919900,0.824594,0.949696,72,64,47,24,2,0,0,0,401,237,200,171
2026/02/04/20:07:00,1205.145089,0.820031,0.919900,0.824594,0.949696,72,64,47,24,2,0,0,0,401,237,200,171
2026/02/04/20:07:01,1206.145784,0.820031,0.919900,0.824594,0.949696,72,64,47,24,2,0,0,0,401,237,200,171
2026/02/04/20:07:02,1207.146158,0.811562,0.911641,0.816125,0.941437,72,63,46,24,2,0,0,0,401,238,201,171
2026/02/04/20:07:04,1210.036272,0.811562,0.911641,0.811562,0.911641,72,63,46,24,0,0,0,0,401,238,201,171
2026/02/04/20:07:05,1211.036811,0.808250,0.907743,0.808250,0.907743,70,63,46,24,0,0,0,0,403,238,201,171
2026/02/04/20:07:06,1212.037427,0.808250,0.907743,0.808250,0.907743,70,63,46,24,0,0,0,0,403,238,201,171
2026/02/04/20:07:07,1213.038020,0.808250,0.907743,0.808250,0.907743,70,63,46,24,0,0,0,0,403,238,201,171
2026/02/04/20:07:08,1214.038668,0.805000,0.904106,0.805000,0.904106,70,61,46,24,0,0,0,0,403,240,201,171
2026/02/04/20:07:09,1215.039206,0.805000,0.904106,0.805000,0.904106,70,61,46,24,0,0,0,0,403,240,201,171
2026/02/04/20:07:10,1216.039728,0.805000,0.904106,0.805000,0.904106,70,61,46,24,0,0,0,0,403,240,201,171
2026/02/04/20:07:11,1217.040438,0.802125,0.901993,0.802125,0.901993,70,61,46,23,0,0,0,0,403,240,201,172
2026/02/04/20:07:12,1218.041087,0.802125,0.901993,0.802125,0.901993,70,61,46,23,0,0,0,0,403,240,201,172
2026/02/04/20:07:13,1219.041642,0.798875,0.897820,0.798875,0.897820,70,61,44,23,0,0,0,0,403,240,203,172
2026/02/04/20:07:14,1220.042224,0.798875,0.897820,0.798875,0.897820,70,61,44,23,0,0,0,0,403,240,203,172
2026/02/04/20:07:15,1221.042842,0.800844,0.919143,0.800844,0.919143,70,62,44,23,0,0,0,0,406,240,203,172
2026/02/04/20:07:16,1222.043390,0.800844,0.919143,0.800844,0.919143,70,62,44,23,0,0,0,0,406,240,203,172
2026/02/04/20:07:17,1223.043932,0.810656,0.927953,0.839938,0.948593,72,62,44,23,2,1,0,0,406,240,203,172
2026/02/04/20:07:18,1224.044270,0.810656,0.927953,0.839938,0.948593,72,62,44,23,2,1,0,0,406,240,203,172
2026/02/04/20:07:19,1225.044891,0.810656,0.927953,0.839938,0.948593,72,62,44,23,2,1,0,0,406,240,203,172
2026/02/04/20:07:20,1226.045401,0.810656,0.927953,0.839938,0.948593,72,62,44,23,2,1,0,0,406,240,203,172
2026/02/04/20:07:21,1227.045930,0.810656,0.927953,0.839938,0.948593,72,62,44,23,2,1,0,0,406,240,203,172
2026/02/04/20:07:22,1228.046342,0.810656,0.927953,0.826469,0.938641,72,62,44,23,2,0,0,0,406,240,203,172
2026/02/04/20:07:23,1229.047077,0.810656,0.927953,0.810656,0.927953,72,62,44,23,0,0,0,0,406,240,203,172
2026/02/04/20:07:24,1230.047655,0.810656,0.927953,0.810656,0.927953,72,62,44,23,0,0,0,0,406,240,203,172
2026/02/04/20:07:25,1231.048233,0.830000,0.934077,0.830000,0.934077,73,64,44,23,0,0,0,0,408,241,203,172
2026/02/04/20:07:26,1232.048771,0.836094,0.939836,0.837969,0.948048,73,64,44,26,0,0,0,1,408,241,203,172
2026/02/04/20:07:27,1233.049538,0.844906,0.947825,0.846781,0.956037,73,67,44,26,0,0,0,1,408,241,203,172
2026/02/04/20:07:28,1234.050176,0.844906,0.947825,0.844906,0.947825,73,67,44,26,0,0,0,0,408,241,203,172
2026/02/04/20:07:29,1235.050729,0.844906,0.947825,0.844906,0.947825,73,67,44,26,0,0,0,0,408,241,203,172
2026/02/04/20:07:30,1236.051253,0.844906,0.947825,0.844906,0.947825,73,67,44,26,0,0,0,0,408,241,203,172
2026/02/04/20:07:31,1237.051934,0.844906,0.947825,0.844906,0.947825,73,67,44,26,0,0,0,0,408,241,203,172
2026/02/04/20:07:32,1238.052701,0.844906,0.947825,0.844906,0.947825,73,67,44,26,0,0,0,0,408,241,203,172
2026/02/04/20:07:33,1239.053371,0.844906,0.947825,0.844906,0.947825,73,67,44,26,0,0,0,0,408,241,203,172
2026/02/04/20:07:34,1240.053962,0.844906,0.947825,0.844906,0.947825,73,67,44,26,0,0,0,0,408,241,203,172
2026/02/04/20:07:35,1241.054557,0.825875,0.934348,0.825875,0.934348,73,64,44,26,0,0,0,0,408,244,203,172
2026/02/04/20:07:36,1242.055314,0.825875,0.934348,0.825875,0.934348,73,64,44,26,0,0,0,0,408,244,203,172
2026/02/04/20:07:37,1243.055945,0.832156,0.942718,0.841219,0.968101,73,64,44,29,0,0,0,4,408,244,203,172
2026/02/04/20:07:38,1244.056521,0.832156,0.942718,0.841219,0.968101,73,64,44,29,0,0,0,4,408,244,203,172
2026/02/04/20:07:39,1245.057147,0.817500,0.936073,0.821562,0.949996,70,64,44,27,0,0,0,2,411,244,203,175
2026/02/04/20:07:40,1246.057869,0.817500,0.936073,0.821562,0.949996,70,64,44,27,0,0,0,2,411,244,203,175
2026/02/04/20:07:41,1247.058452,0.814063,0.929238,0.814063,0.929238,67,64,44,29,0,0,0,0,414,244,203,175
2026/02/04/20:07:42,1248.059100,0.814063,0.929238,0.814063,0.929238,67,64,44,29,0,0,0,0,414,244,203,175
2026/02/04/20:07:43,1249.059706,0.814063,0.929238,0.814063,0.929238,67,64,44,29,0,0,0,0,414,244,203,175
2026/02/04/20:07:44,1250.060362,0.807969,0.908353,0.807969,0.908353,67,64,44,26,0,0,0,0,414,244,203,178
2026/02/04/20:07:45,1251.060970,0.801031,0.894126,0.801031,0.894126,65,64,44,26,0,0,0,0,416,244,203,178
2026/02/04/20:07:46,1252.061597,0.801031,0.894126,0.801031,0.894126,65,64,44,26,0,0,0,0,416,244,203,178
2026/02/04/20:07:47,1253.062312,0.796531,0.892524,0.796531,0.892524,65,64,43,26,0,0,0,0,416,244,204,178
2026/02/04/20:07:48,1254.062921,0.796531,0.892524,0.796531,0.892524,65,64,43,26,0,0,0,0,416,244,204,178
2026/02/04/20:07:49,1255.063660,0.791969,0.885862,0.791969,0.885862,65,62,43,26,0,0,0,0,416,246,204,178
2026/02/04/20:07:50,1256.064224,0.791969,0.885862,0.791969,0.885862,65,62,43,26,0,0,0,0,416,246,204,178
2026/02/04/20:07:51,1257.064842,0.791969,0.885862,0.791969,0.885862,65,62,43,26,0,0,0,0,416,246,204,178
2026/02/04/20:07:52,1258.065509,0.791969,0.885862,0.791969,0.885862,65,62,43,26,0,0,0,0,416,246,204,178
2026/02/04/20:07:53,1259.066157,0.791969,0.885862,0.791969,0.885862,65,62,43,26,0,0,0,0,416,246,204,178
2026/02/04/20:07:54,1260.066726,0.791969,0.885862,0.791969,0.885862,65,62,43,26,0,0,0,0,416,246,204,178
2026/02/04/20:07:55,1261.067442,0.791969,0.885862,0.791969,0.885862,65,62,43,26,0,0,0,0,416,246,204,178
2026/02/04/20:07:56,1262.068076,0.802281,0.891395,0.802281,0.891395,68,62,43,26,0,0,0,0,416,246,204,178
2026/02/04/20:07:57,1263.068681,0.802281,0.891395,0.802281,0.891395,68,62,43,26,0,0,0,0,416,246,204,178
2026/02/04/20:07:58,1264.069279,0.802281,0.891395,0.802281,0.891395,68,62,43,26,0,0,0,0,416,246,204,178
2026/02/04/20:07:59,1265.069784,0.802281,0.891395,0.802281,0.891395,68,62,43,26,0,0,0,0,416,246,204,178
2026/02/04/20:08:00,1266.070378,0.802281,0.891395,0.802281,0.891395,68,62,43,26,0,0,0,0,416,246,204,178
2026/02/04/20:08:01,1267.071097,0.802281,0.891395,0.802281,0.891395,68,62,43,26,0,0,0,0,416,246,204,178
2026/02/04/20:08:02,1268.071709,0.802281,0.891395,0.802281,0.891395,68,62,43,26,0,0,0,0,416,246,204,178
2026/02/04/20:08:03,1269.072368,0.802281,0.891395,0.802281,0.891395,68,62,43,26,0,0,0,0,416,246,204,178
2026/02/04/20:08:04,1270.073089,0.802281,0.891395,0.802281,0.891395,68,62,43,26,0,0,0,0,416,246,204,178
2026/02/04/20:08:05,1271.073457,0.802281,0.891395,0.802281,0.891395,68,62,43,26,0,0,0,0,416,246,204,178
2026/02/04/20:08:07,1272.074048,0.802281,0.891395,0.802281,0.891395,68,62,43,26,0,0,0,0,416,246,204,178
2026/02/04/20:08:08,1273.074674,0.806312,0.893711,0.806312,0.893711,68,64,45,23,0,0,0,0,416,246,204,181
2026/02/04/20:08:09,1274.075288,0.806312,0.893711,0.806312,0.893711,68,64,45,23,0,0,0,0,416,246,204,181
2026/02/04/20:08:10,1275.075892,0.806312,0.893711,0.806312,0.893711,68,64,45,23,0,0,0,0,416,246,204,181
2026/02/04/20:08:11,1276.076497,0.796188,0.885636,0.796188,0.885636,68,62,43,23,0,0,0,0,416,248,206,181
2026/02/04/20:08:12,1277.077110,0.796188,0.885636,0.796188,0.885636,68,62,43,23,0,0,0,0,416,248,206,181
2026/02/04/20:08:13,1278.077694,0.785875,0.880103,0.785875,0.880103,65,62,43,23,0,0,0,0,419,248,206,181
2026/02/04/20:08:14,1279.078380,0.785875,0.880103,0.785875,0.880103,65,62,43,23,0,0,0,0,419,248,206,181
2026/02/04/20:08:15,1280.079076,0.785875,0.880103,0.785875,0.880103,65,62,43,23,0,0,0,0,419,248,206,181
2026/02/04/20:08:16,1281.079718,0.800250,0.910373,0.808156,0.939837,65,63,49,23,0,0,2,1,419,248,206,181
2026/02/04/20:08:17,1282.080257,0.800250,0.910373,0.808156,0.939837,65,63,49,23,0,0,2,1,419,248,206,181
2026/02/04/20:08:18,1283.080951,0.805969,0.915988,0.813875,0.945452,66,63,49,23,0,0,2,1,419,248,206,181
2026/02/04/20:08:19,1284.081720,0.805969,0.915988,0.813875,0.945452,66,63,49,23,0,0,2,1,419,248,206,181
2026/02/04/20:08:20,1285.082166,0.805969,0.915988,0.811531,0.937123,66,63,49,23,0,0,2,0,419,248,206,181
2026/02/04/20:08:21,1286.082820,0.805969,0.915988,0.811531,0.937123,66,63,49,23,0,0,2,0,419,248,206,181
2026/02/04/20:08:22,1287.083430,0.805969,0.915988,0.811531,0.937123,66,63,49,23,0,0,2,0,419,248,206,181
2026/02/04/20:08:23,1288.084077,0.805969,0.915988,0.811531,0.937123,66,63,49,23,0,0,2,0,419,248,206,181
2026/02/04/20:08:24,1289.084636,0.800344,0.904157,0.805906,0.925292,66,63,46,23,0,0,2,0,419,248,209,181
2026/02/04/20:08:25,1290.085003,0.800344,0.904157,0.805906,0.925292,66,63,46,23,0,0,2,0,419,248,209,181
2026/02/04/20:08:26,1291.085707,0.800344,0.904157,0.805906,0.925292,66,63,46,23,0,0,2,0,419,248,209,181
2026/02/04/20:08:27,1292.086213,0.800344,0.904157,0.814031,0.943179,66,63,46,23,2,2,2,0,419,248,209,181
2026/02/04/20:08:28,1293.086767,0.853469,0.953684,0.879250,0.980547,68,69,48,26,0,1,3,0,419,248,209,181
2026/02/04/20:08:29,1294.087448,0.861688,0.937464,0.867250,0.958599,67,70,46,26,0,0,2,0,420,248,212,181
2026/02/04/20:08:30,1295.088126,0.859625,0.933550,0.865187,0.954686,67,69,46,26,0,0,2,0,420,249,212,181
2026/02/04/20:08:31,1296.088602,0.852719,0.931868,0.855500,0.942436,67,65,47,26,0,0,1,0,420,253,212,181
2026/02/04/20:08:32,1297.089145,0.850250,0.929762,0.853031,0.940330,67,64,47,26,0,0,1,0,420,254,212,181
2026/02/04/20:08:33,1298.089803,0.850250,0.929762,0.853031,0.940330,67,64,47,26,0,0,1,0,420,254,212,181
2026/02/04/20:08:34,1299.090523,0.835313,0.925396,0.838094,0.935964,65,64,47,26,0,0,1,0,422,254,212,181
2026/02/04/20:08:35,1300.091152,0.835313,0.925396,0.838094,0.935964,65,64,47,26,0,0,1,0,422,254,212,181
2026/02/04/20:08:36,1301.091410,0.835313,0.925396,0.838094,0.935964,65,64,47,26,0,0,1,0,422,254,212,181
2026/02/04/20:08:37,1302.091925,0.835313,0.925396,0.838094,0.935964,65,64,47,26,0,0,1,0,422,254,212,181
2026/02/04/20:08:38,1303.092382,0.835313,0.925396,0.838094,0.935964,65,64,47,26,0,0,1,0,422,254,212,181
2026/02/04/20:08:39,1304.092657,0.821344,0.929450,0.821344,0.929450,65,62,48,26,0,0,0,0,423,256,212,181
2026/02/04/20:08:40,1305.093411,0.821344,0.929450,0.821344,0.929450,65,62,48,26,0,0,0,0,423,256,212,181
2026/02/04/20:08:41,1306.094168,0.821344,0.929450,0.821344,0.929450,65,62,48,26,0,0,0,0,423,256,212,181
2026/02/04/20:08:42,1307.094891,0.821344,0.929450,0.821344,0.929450,65,62,48,26,0,0,0,0,423,256,212,181
2026/02/04/20:08:43,1308.095527,0.821344,0.929450,0.821344,0.929450,65,62,48,26,0,0,0,0,423,256,212,181
2026/02/04/20:08:44,1309.096208,0.815719,0.916671,0.815719,0.916671,65,62,48,23,0,0,0,0,423,256,212,184
2026/02/04/20:08:45,1310.096790,0.815719,0.916671,0.815719,0.916671,65,62,48,23,0,0,0,0,423,256,212,184
2026/02/04/20:08:46,1311.097349,0.815719,0.916671,0.815719,0.916671,65,62,48,23,0,0,0,0,423,256,212,184
2026/02/04/20:08:47,1312.097990,0.815719,0.916671,0.815719,0.916671,65,62,48,23,0,0,0,0,423,256,212,184
2026/02/04/20:08:48,1313.098546,0.815719,0.916671,0.815719,0.916671,65,62,48,23,0,0,0,0,423,256,212,184
2026/02/04/20:08:49,1314.099156,0.804000,0.909715,0.804000,0.909715,62,62,48,23,0,0,0,0,426,256,212,184
2026/02/04/20:08:50,1315.099732,0.804000,0.909715,0.804000,0.909715,62,62,48,23,0,0,0,0,426,256,212,184
2026/02/04/20:08:51,1316.100935,0.804000,0.909715,0.804000,0.909715,62,62,48,23,0,0,0,0,426,256,212,184
2026/02/04/20:08:52,1317.101526,0.804000,0.909715,0.804000,0.909715,62,62,48,23,0,0,0,0,426,256,212,184
2026/02/04/20:08:53,1318.102228,0.804000,0.909715,0.804000,0.909715,62,62,48,23,0,0,0,0,426,256,212,184
2026/02/04/20:08:54,1319.102848,0.804000,0.909715,0.804000,0.909715,62,62,48,23,0,0,0,0,426,256,212,184
2026/02/04/20:08:55,1320.103532,0.800875,0.905664,0.800875,0.905664,61,62,48,23,0,0,0,0,427,256,212,184
2026/02/04/20:08:56,1321.104163,0.800875,0.905664,0.800875,0.905664,61,62,48,23,0,0,0,0,427,256,212,184
2026/02/04/20:08:57,1322.104772,0.800875,0.905664,0.800875,0.905664,61,62,48,23,0,0,0,0,427,256,212,184
2026/02/04/20:08:58,1323.105470,0.804219,0.911353,0.804219,0.911353,62,62,48,23,0,0,0,0,427,256,212,184
2026/02/04/20:08:59,1324.106065,0.804219,0.911353,0.804219,0.911353,62,62,48,23,0,0,0,0,427,256,212,184
2026/02/04/20:09:00,1325.106681,0.800875,0.905664,0.800875,0.905664,61,62,48,23,0,0,0,0,428,256,212,184
2026/02/04/20:09:01,1326.107262,0.806344,0.909790,0.806344,0.909790,62,63,48,23,0,0,0,0,428,256,212,184
2026/02/04/20:09:02,1327.107763,0.806344,0.909790,0.806344,0.909790,62,63,48,23,0,0,0,0,428,256,212,184
2026/02/04/20:09:03,1328.108516,0.806344,0.909790,0.806344,0.909790,62,63,48,23,0,0,0,0,428,256,212,184
2026/02/04/20:09:04,1329.109093,0.804375,0.908187,0.804375,0.908187,61,63,48,23,0,0,0,0,429,256,212,184
2026/02/04/20:09:05,1330.109718,0.800875,0.905664,0.800875,0.905664,61,62,48,23,0,0,0,0,429,257,212,184
2026/02/04/20:09:06,1331.110169,0.800875,0.905664,0.800875,0.905664,61,62,48,23,0,0,0,0,429,257,212,184
2026/02/04/20:09:07,1332.110841,0.800875,0.905664,0.800875,0.905664,61,62,48,23,0,0,0,0,429,257,212,184
2026/02/04/20:09:08,1333.111501,0.800875,0.905664,0.800875,0.905664,61,62,48,23,0,0,0,0,429,257,212,184
2026/02/04/20:09:09,1334.112128,0.800875,0.905664,0.800875,0.905664,61,62,48,23,0,0,0,0,429,257,212,184
2026/02/04/20:09:10,1335.112681,0.800875,0.905664,0.800875,0.905664,61,62,48,23,0,0,0,0,429,257,212,184
2026/02/04/20:09:11,1336.113317,0.800875,0.905664,0.800875,0.905664,61,62,48,23,0,0,0,0,429,257,212,184
2026/02/04/20:09:12,1337.113987,0.792531,0.897201,0.792531,0.897201,58,62,48,23,0,0,0,0,432,257,212,184
2026/02/04/20:09:13,1338.114715,0.783250,0.891279,0.783250,0.891279,58,62,48,20,0,0,0,0,432,257,212,187
2026/02/04/20:09:14,1339.115581,0.778000,0.885191,0.778000,0.885191,58,62,45,20,0,0,0,0,432,257,215,187
2026/02/04/20:09:15,1340.116292,0.778000,0.885191,0.778000,0.885191,58,62,45,20,0,0,0,0,432,257,215,187
2026/02/04/20:09:16,1341.117237,0.778000,0.885191,0.778000,0.885191,58,62,45,20,0,0,0,0,432,257,215,187
2026/02/04/20:09:17,1342.117922,0.778000,0.885191,0.778000,0.885191,58,62,45,20,0,0,0,0,432,257,215,187
2026/02/04/20:09:18,1343.118670,0.802906,0.930098,0.804719,0.937932,58,68,51,20,0,1,0,0,432,257,215,187
2026/02/04/20:09:19,1344.119261,0.802906,0.930098,0.804719,0.937932,58,68,51,20,0,1,0,0,432,257,215,187
2026/02/04/20:09:20,1345.119848,0.802906,0.930098,0.804719,0.937932,58,68,51,20,0,1,0,0,432,257,215,187
2026/02/04/20:09:21,1346.120483,0.798844,0.923936,0.800656,0.931769,58,66,51,20,0,1,0,0,432,259,215,187
2026/02/04/20:09:22,1347.178986,0.798844,0.923936,0.800656,0.931769,58,66,51,20,0,1,0,0,432,259,215,187
2026/02/04/20:09:23,1348.179601,0.798844,0.923936,0.800656,0.931769,58,66,51,20,0,1,0,0,432,259,215,187
2026/02/04/20:09:24,1349.180257,0.792656,0.918618,0.794469,0.926452,58,66,48,20,0,1,0,0,432,259,218,187
2026/02/04/20:09:25,1350.180816,0.794469,0.926452,0.794469,0.926452,58,67,48,20,0,0,0,0,433,259,218,187
2026/02/04/20:09:26,1351.181346,0.794469,0.926452,0.794469,0.926452,58,67,48,20,0,0,0,0,433,259,218,187
2026/02/04/20:09:27,1352.182024,0.794469,0.926452,0.794469,0.926452,58,67,48,20,0,0,0,0,433,259,218,187
2026/02/04/20:09:28,1353.182812,0.794469,0.926452,0.794469,0.926452,58,67,48,20,0,0,0,0,433,259,218,187
2026/02/04/20:09:29,1354.183368,0.794469,0.926452,0.794469,0.926452,58,67,48,20,0,0,0,0,433,259,218,187
2026/02/04/20:09:30,1355.184195,0.794469,0.926452,0.794469,0.926452,58,67,48,20,0,0,0,0,433,259,218,187
2026/02/04/20:09:31,1356.184915,0.794469,0.926452,0.794469,0.926452,58,67,48,20,0,0,0,0,433,259,218,187
2026/02/04/20:09:32,1357.185718,0.794469,0.926452,0.794469,0.926452,58,67,48,20,0,0,0,0,433,259,218,187
2026/02/04/20:09:33,1358.186335,0.794469,0.926452,0.794469,0.926452,58,67,48,20,0,0,0,0,433,259,218,187
2026/02/04/20:09:34,1359.186974,0.794469,0.926452,0.794469,0.926452,58,67,48,20,0,0,0,0,433,259,218,187
2026/02/04/20:09:35,1360.187623,0.794469,0.926452,0.794469,0.926452,58,67,48,20,0,0,0,0,433,259,218,187
2026/02/04/20:09:36,1361.188208,0.794469,0.926452,0.794469,0.926452,58,67,48,20,0,0,0,0,433,259,218,187
2026/02/04/20:09:37,1362.189012,0.794469,0.926452,0.794469,0.926452,58,67,48,20,0,0,0,0,433,259,218,187
2026/02/04/20:09:38,1363.189674,0.806937,0.932493,0.806937,0.932493,58,70,48,20,0,0,0,0,433,259,218,187
2026/02/04/20:09:39,1364.190558,0.810500,0.936471,0.810500,0.936471,60,70,48,20,0,0,0,0,433,259,218,187
2026/02/04/20:09:40,1365.191185,0.810500,0.936471,0.810500,0.936471,60,70,48,20,0,0,0,0,433,259,218,187
2026/02/04/20:09:41,1366.191920,0.810500,0.936471,0.810500,0.936471,60,70,48,20,0,0,0,0,433,259,218,187
2026/02/04/20:09:42,1367.192517,0.798031,0.930430,0.798031,0.930430,60,67,48,20,0,0,0,0,433,262,218,187
2026/02/04/20:09:43,1368.193172,0.794469,0.926452,0.794469,0.926452,58,67,48,20,0,0,0,0,435,262,218,187
2026/02/04/20:09:44,1369.193879,0.794469,0.926452,0.794469,0.926452,58,67,48,20,0,0,0,0,435,262,218,187
2026/02/04/20:09:45,1370.194535,0.794469,0.926452,0.794469,0.926452,58,67,48,20,0,0,0,0,435,262,218,187
2026/02/04/20:09:46,1371.195483,0.791406,0.924039,0.791406,0.924039,57,67,48,20,0,0,0,0,436,262,218,187
2026/02/04/20:09:47,1372.196068,0.791406,0.924039,0.791406,0.924039,57,67,48,20,0,0,0,0,436,262,218,187
2026/02/04/20:09:48,1373.196640,0.791406,0.924039,0.791406,0.924039,57,67,48,20,0,0,0,0,436,262,218,187
2026/02/04/20:09:49,1374.197222,0.791406,0.924039,0.791406,0.924039,57,67,48,20,0,0,0,0,436,262,218,187
2026/02/04/20:09:50,1375.197960,0.791406,0.924039,0.791406,0.924039,57,67,48,20,0,0,0,0,436,262,218,187
2026/02/04/20:09:51,1376.198593,0.791406,0.924039,0.791406,0.924039,57,67,48,20,0,0,0,0,436,262,218,187
2026/02/04/20:09:52,1377.199285,0.791406,0.924039,0.791406,0.924039,57,67,48,20,0,0,0,0,436,262,218,187
2026/02/04/20:09:53,1378.199906,0.791406,0.924039,0.791406,0.924039,57,67,48,20,0,0,0,0,436,262,218,187
2026/02/04/20:09:54,1379.200572,0.791406,0.924039,0.791406,0.924039,57,67,48,20,0,0,0,0,436,262,218,187
2026/02/04/20:09:55,1380.201288,0.791406,0.924039,0.791406,0.924039,57,67,48,20,0,0,0,0,436,262,218,187
2026/02/04/20:09:56,1381.201903,0.791406,0.924039,0.791406,0.924039,57,67,48,20,0,0,0,0,436,262,218,187
2026/02/04/20:09:57,1382.202447,0.802094,0.931947,0.802094,0.931947,57,70,48,20,0,0,0,0,436,262,218,187
2026/02/04/20:09:58,1383.203008,0.802094,0.931947,0.802094,0.931947,57,70,48,20,0,0,0,0,436,262,218,187
2026/02/04/20:09:59,1384.203667,0.802094,0.931947,0.802094,0.931947,57,70,48,20,0,0,0,0,436,262,218,187
2026/02/04/20:10:00,1385.204325,0.802094,0.931947,0.802094,0.931947,57,70,48,20,0,0,0,0,436,262,218,187
2026/02/04/20:10:01,1386.205112,0.802094,0.931947,0.802094,0.931947,57,70,48,20,0,0,0,0,436,262,218,187
2026/02/04/20:10:02,1387.205635,0.766563,0.924537,0.766563,0.924537,57,70,45,20,0,0,0,0,436,262,221,187
2026/02/04/20:10:03,1388.206345,0.766563,0.924537,0.766563,0.924537,57,70,45,20,0,0,0,0,436,262,221,187
2026/02/04/20:10:04,1389.206837,0.766563,0.924537,0.766563,0.924537,57,70,45,20,0,0,0,0,436,262,221,187
2026/02/04/20:10:05,1390.207447,0.776781,0.939756,0.776781,0.939756,59,73,45,20,0,0,0,0,436,262,221,187
2026/02/04/20:10:06,1391.207991,0.776781,0.939756,0.776781,0.939756,59,73,45,20,0,0,0,0,436,262,221,187
2026/02/04/20:10:07,1392.208598,0.770406,0.934751,0.770406,0.934751,59,71,45,20,0,0,0,0,436,264,221,187
2026/02/04/20:10:08,1393.209186,0.770406,0.934751,0.770406,0.934751,59,71,45,20,0,0,0,0,436,264,221,187
2026/02/04/20:10:09,1394.209811,0.768750,0.930828,0.768750,0.930828,59,70,45,20,0,0,0,0,436,265,221,187
2026/02/04/20:10:10,1395.210338,0.764813,0.925423,0.764813,0.925423,57,70,45,20,0,0,0,0,438,265,221,187
2026/02/04/20:10:11,1396.210934,0.764813,0.925423,0.764813,0.925423,57,70,45,20,0,0,0,0,438,265,221,187
2026/02/04/20:10:12,1397.211515,0.760500,0.922520,0.760500,0.922520,57,69,45,20,0,0,0,0,438,266,221,187
2026/02/04/20:10:13,1398.212091,0.760500,0.922520,0.760500,0.922520,57,69,45,20,0,0,0,0,438,266,221,187
2026/02/04/20:10:14,1399.212754,0.760500,0.922520,0.760500,0.922520,57,69,45,20,0,0,0,0,438,266,221,187
2026/02/04/20:10:15,1400.213428,0.760500,0.922520,0.760500,0.922520,57,69,45,20,0,0,0,0,438,266,221,187
2026/02/04/20:10:16,1401.213931,0.848281,0.949487,0.851469,0.961819,60,76,45,20,0,2,0,0,438,266,221,187
2026/02/04/20:10:17,1402.214521,0.859656,0.951087,0.881531,0.983158,60,77,45,20,3,3,0,0,438,266,221,187
2026/02/04/20:10:18,1403.215177,0.859656,0.951087,0.881531,0.983158,60,77,45,20,3,3,0,0,438,266,221,187
2026/02/04/20:10:19,1404.215799,0.859656,0.951087,0.881531,0.983158,60,77,45,20,3,3,0,0,438,266,221,187
2026/02/04/20:10:20,1405.216768,0.859656,0.951087,0.881531,0.983158,60,77,45,20,3,3,0,0,438,266,221,187
2026/02/04/20:10:21,1406.217435,0.853500,0.952024,0.873781,0.977930,60,76,45,20,3,2,0,0,438,268,221,187
2026/02/04/20:10:22,1407.218042,0.828937,0.951237,0.835406,0.969497,60,74,45,20,2,1,0,0,439,270,221,187
2026/02/04/20:10:23,1408.218756,0.828937,0.951237,0.835406,0.969497,60,74,45,20,2,1,0,0,439,270,221,187
2026/02/04/20:10:24,1409.219692,0.828937,0.951237,0.835406,0.969497,60,74,45,20,2,1,0,0,439,270,221,187
2026/02/04/20:10:25,1410.220221,0.819281,0.943368,0.819281,0.943368,59,72,45,20,0,0,0,0,440,273,221,187
2026/02/04/20:10:26,1411.220905,0.819281,0.943368,0.819281,0.943368,59,72,45,20,0,0,0,0,440,273,221,187
2026/02/04/20:10:27,1412.221724,0.822531,0.951845,0.831281,0.985606,59,74,45,20,0,4,0,0,440,273,221,187
2026/02/04/20:10:28,1413.222260,0.822531,0.951845,0.831281,0.985606,59,74,45,20,0,4,0,0,440,273,221,187
2026/02/04/20:10:29,1414.222961,0.822531,0.951845,0.831281,0.985606,59,74,45,20,0,4,0,0,440,273,221,187
2026/02/04/20:10:30,1415.223412,0.845844,0.971762,0.875281,1.044219,65,74,48,20,3,6,1,1,440,273,221,187
2026/02/04/20:10:31,1416.223882,0.856781,0.973738,0.921312,1.055598,65,74,49,20,6,6,3,2,440,273,221,187
2026/02/04/20:10:32,1417.224519,0.862688,0.977133,0.978219,1.106209,66,74,49,21,9,6,6,4,440,273,221,187
2026/02/04/20:10:33,1418.225204,0.859094,0.975094,0.955844,1.070422,65,74,49,21,6,6,4,4,443,273,221,187
2026/02/04/20:10:34,1419.225794,0.857031,0.973455,0.946094,1.064997,64,74,49,21,4,6,4,4,444,273,221,187
2026/02/04/20:10:35,1420.226397,0.863906,0.971509,0.924031,1.048470,64,74,48,21,2,6,1,4,444,273,223,187
2026/02/04/20:10:36,1421.256689,0.843094,0.968964,0.892969,1.027196,64,74,45,22,2,5,0,3,444,274,226,187
2026/02/04/20:10:37,1422.257443,0.843094,0.968964,0.882656,1.019864,64,74,45,22,2,5,0,2,444,274,226,187
2026/02/04/20:10:38,1423.258082,0.841344,0.966552,0.878031,1.013972,64,72,45,23,2,5,0,1,444,276,226,187
2026/02/04/20:10:39,1424.258801,0.841344,0.966552,0.878031,1.013972,64,72,45,23,2,5,0,1,444,276,226,187
2026/02/04/20:10:40,1425.259368,0.841344,0.966552,0.865688,1.011142,64,72,45,23,1,5,0,1,444,276,226,187
2026/02/04/20:10:41,1426.259914,0.841344,0.966552,0.850000,0.974014,64,72,45,23,1,0,0,1,444,276,226,187
2026/02/04/20:10:42,1427.260486,0.841344,0.966552,0.850000,0.974014,64,72,45,23,1,0,0,1,444,276,226,187
2026/02/04/20:10:43,1428.261102,0.841344,0.966552,0.850000,0.974014,64,72,45,23,1,0,0,1,444,276,226,187
2026/02/04/20:10:44,1429.261703,0.841344,0.966552,0.850000,0.974014,64,72,45,23,1,0,0,1,444,276,226,187
2026/02/04/20:10:45,1430.263309,0.841344,0.966552,0.877719,0.986498,64,72,45,23,1,0,3,1,444,276,226,187
2026/02/04/20:10:46,1431.263801,0.841344,0.966552,0.877719,0.986498,64,72,45,23,1,0,3,1,444,276,226,187
2026/02/04/20:10:47,1432.264353,0.841344,0.966552,0.877719,0.986498,64,72,45,23,1,0,3,1,444,276,226,187
2026/02/04/20:10:48,1433.264937,0.841344,0.966552,0.877719,0.986498,64,72,45,23,1,0,3,1,444,276,226,187
2026/02/04/20:10:49,1434.265937,0.841344,0.966552,0.855469,0.976757,64,72,45,23,1,0,1,1,444,276,226,187
2026/02/04/20:10:50,1435.266541,0.845906,0.959095,0.850594,0.964041,64,69,46,24,1,0,0,0,444,279,226,187
2026/02/04/20:10:51,1436.267122,0.845906,0.959095,0.850594,0.964041,64,69,46,24,1,0,0,0,444,279,226,187
2026/02/04/20:10:52,1437.267931,0.845906,0.959095,0.850594,0.964041,64,69,46,24,1,0,0,0,444,279,226,187
2026/02/04/20:10:53,1438.268509,0.845906,0.959095,0.850594,0.964041,64,69,46,24,1,0,0,0,444,279,226,187
2026/02/04/20:10:54,1439.269082,0.845906,0.959095,0.850594,0.964041,64,69,46,24,1,0,0,0,444,279,226,187
2026/02/04/20:10:55,1440.269713,0.845906,0.959095,0.850594,0.964041,64,69,46,24,1,0,0,0,444,279,226,187
2026/02/04/20:10:56,1441.270315,0.845906,0.959095,0.850594,0.964041,64,69,46,24,1,0,0,0,444,279,226,187
2026/02/04/20:10:57,1442.270925,0.836437,0.952046,0.841125,0.956992,61,69,46,24,1,0,0,0,447,279,226,187
2026/02/04/20:10:58,1443.271414,0.836437,0.952046,0.841125,0.956992,61,69,46,24,1,0,0,0,447,279,226,187
2026/02/04/20:10:59,1444.272042,0.836437,0.952046,0.852062,0.962008,61,69,46,24,1,1,0,0,447,279,226,187
2026/02/04/20:11:00,1445.272721,0.836437,0.952046,0.852062,0.962008,61,69,46,24,1,1,0,0,447,279,226,187
2026/02/04/20:11:01,1446.273375,0.836437,0.952046,0.852062,0.962008,61,69,46,24,1,1,0,0,447,279,226,187
2026/02/04/20:11:02,1447.274001,0.836437,0.952046,0.852062,0.962008,61,69,46,24,1,1,0,0,447,279,226,187
2026/02/04/20:11:03,1448.287937,0.836437,0.952046,0.847375,0.957062,61,69,46,24,0,1,0,0,447,279,226,187
2026/02/04/20:11:04,1449.288585,0.836437,0.952046,0.847375,0.957062,61,69,46,24,0,1,0,0,447,279,226,187
2026/02/04/20:11:05,1450.289298,0.836437,0.952046,0.847375,0.957062,61,69,46,24,0,1,0,0,447,279,226,187
2026/02/04/20:11:06,1451.289838,0.836437,0.952046,0.847375,0.957062,61,69,46,24,0,1,0,0,447,279,226,187
2026/02/04/20:11:07,1452.290372,0.836437,0.952046,0.847375,0.957062,61,69,46,24,0,1,0,0,447,279,226,187
2026/02/04/20:11:08,1453.306036,0.836437,0.952046,0.847375,0.957062,61,69,46,24,0,1,0,0,447,279,226,187
2026/02/04/20:11:09,1454.306467,0.845094,0.961849,0.866875,0.997113,64,70,46,24,0,1,5,0,447,279,226,187
2026/02/04/20:11:10,1455.307107,0.850281,0.965025,0.888062,1.016684,64,70,47,25,0,2,8,0,447,279,226,187
2026/02/04/20:11:11,1456.307728,0.842156,0.968563,0.861250,1.004985,59,70,52,25,0,2,3,0,452,279,226,187
2026/02/04/20:11:12,1457.308375,0.842156,0.968563,0.861250,1.004985,59,70,52,25,0,2,3,0,452,279,226,187
2026/02/04/20:11:13,1458.309084,0.833719,0.959305,0.852812,0.995727,59,70,49,25,0,2,3,0,452,279,229,187
2026/02/04/20:11:14,1459.309688,0.822063,0.956459,0.837344,0.975023,59,70,47,25,0,2,1,0,452,279,232,187
2026/02/04/20:11:15,1460.310591,0.822063,0.956459,0.834844,0.966183,59,70,47,25,0,1,1,0,452,279,232,187
2026/02/04/20:11:16,1461.311108,0.822063,0.956459,0.834844,0.966183,59,70,47,25,0,1,1,0,452,279,232,187
2026/02/04/20:11:17,1462.311811,0.822063,0.956459,0.834844,0.966183,59,70,47,25,0,1,1,0,452,279,232,187
2026/02/04/20:11:18,1463.312370,0.830063,0.947685,0.830063,0.947685,59,68,48,25,0,0,0,0,452,282,232,187
2026/02/04/20:11:19,1464.312920,0.828125,0.946084,0.828125,0.946084,59,68,48,24,0,0,0,0,452,282,232,188
2026/02/04/20:11:20,1465.313529,0.853594,0.959630,0.888250,0.991476,59,71,52,24,5,0,1,0,452,282,232,188
2026/02/04/20:11:21,1466.314138,0.865000,0.965989,0.910719,1.025382,59,73,52,24,5,4,1,0,452,283,234,188
2026/02/04/20:11:22,1467.314788,0.870906,0.967670,0.918250,1.030954,59,74,52,24,5,5,1,0,452,283,234,188
2026/02/04/20:11:23,1468.315586,0.848656,0.963913,0.892094,1.022782,59,70,52,24,5,4,1,0,452,288,234,188
2026/02/04/20:11:24,1469.316098,0.848656,0.963913,0.890469,1.007956,59,70,52,24,5,3,1,0,452,288,234,188
2026/02/04/20:11:25,1470.317057,0.848656,0.963913,0.890469,1.007956,59,70,52,24,5,3,1,0,452,288,234,188
2026/02/04/20:11:26,1471.317640,0.851031,0.961231,0.882531,0.987000,59,70,53,23,5,0,0,0,452,291,234,189
2026/02/04/20:11:27,1472.318282,0.842250,0.953248,0.873750,0.979017,59,69,52,23,5,0,0,0,452,292,235,189
2026/02/04/20:11:28,1473.318917,0.847156,0.954148,0.871625,0.975778,60,68,52,23,4,0,0,0,452,293,235,189
2026/02/04/20:11:29,1474.319615,0.847156,0.954148,0.871625,0.975778,60,68,52,23,4,0,0,0,452,293,235,189
2026/02/04/20:11:30,1475.320272,0.860250,0.948813,0.866062,0.954643,63,68,50,23,1,0,0,0,452,293,237,189
2026/02/04/20:11:31,1476.320831,0.860250,0.948813,0.866062,0.954643,63,68,50,23,1,0,0,0,452,293,237,189
2026/02/04/20:11:32,1477.321512,0.860250,0.948813,0.866062,0.954643,63,68,50,23,1,0,0,0,452,293,237,189
2026/02/04/20:11:33,1478.322102,0.833719,0.920818,0.833719,0.920818,61,66,49,22,0,0,0,0,454,295,238,190
2026/02/04/20:11:34,1479.322769,0.830469,0.913036,0.830469,0.913036,61,64,49,22,0,0,0,0,454,297,238,190
2026/02/04/20:11:35,1480.323323,0.850281,0.924961,0.850281,0.924961,61,67,49,25,0,0,0,0,454,297,238,190
2026/02/04/20:11:36,1481.323872,0.845313,0.914254,0.845313,0.914254,61,67,46,25,0,0,0,0,454,297,241,190
2026/02/04/20:11:37,1482.324469,0.845313,0.914254,0.845313,0.914254,61,67,46,25,0,0,0,0,454,297,241,190
2026/02/04/20:11:38,1483.325124,0.829344,0.906494,0.829344,0.906494,61,65,46,25,0,0,0,0,454,299,241,190
2026/02/04/20:11:39,1484.325913,0.822156,0.891825,0.822156,0.891825,59,65,44,25,0,0,0,0,456,299,243,190
2026/02/04/20:11:40,1485.326528,0.822156,0.891825,0.822156,0.891825,59,65,44,25,0,0,0,0,456,299,243,190
2026/02/04/20:11:41,1486.327186,0.822156,0.891825,0.822156,0.891825,59,65,44,25,0,0,0,0,456,299,243,190
2026/02/04/20:11:42,1487.327974,0.822156,0.891825,0.822156,0.891825,59,65,44,25,0,0,0,0,456,299,243,190
2026/02/04/20:11:43,1488.328567,0.822156,0.891825,0.822156,0.891825,59,65,44,25,0,0,0,0,456,299,243,190
2026/02/04/20:11:44,1489.329177,0.808094,0.883547,0.808094,0.883547,57,65,44,25,0,0,0,0,458,299,243,190
2026/02/04/20:11:45,1490.329791,0.808094,0.883547,0.808094,0.883547,57,65,44,25,0,0,0,0,458,299,243,190
2026/02/04/20:11:46,1491.330414,0.799969,0.879481,0.799969,0.879481,57,63,44,25,0,0,0,0,458,301,243,190
2026/02/04/20:11:47,1492.331082,0.799969,0.879481,0.799969,0.879481,57,63,44,25,0,0,0,0,458,301,243,190
2026/02/04/20:11:48,1493.331824,0.803406,0.883978,0.803406,0.883978,59,63,44,25,0,0,0,0,458,301,243,190
2026/02/04/20:11:49,1494.332427,0.811094,0.902834,0.811094,0.902834,59,66,44,25,0,0,0,0,458,301,243,190
2026/02/04/20:11:50,1495.332947,0.826031,0.920454,0.841812,0.939414,61,66,44,26,3,0,0,1,458,301,243,190
2026/02/04/20:11:51,1496.333568,0.836906,0.937010,0.872500,0.968120,66,66,44,26,3,0,0,1,458,301,243,190
2026/02/04/20:11:52,1497.334228,0.836875,0.936265,0.862500,0.955380,67,66,44,25,2,0,0,0,458,301,243,191
2026/02/04/20:11:53,1498.334845,0.836187,0.920002,0.849000,0.929559,66,63,44,25,1,0,0,0,460,304,243,191
2026/02/04/20:11:54,1499.335460,0.823375,0.910444,0.823375,0.910444,65,63,44,25,0,0,0,0,461,304,243,191
2026/02/04/20:11:55,1500.336077,0.823375,0.910444,0.823375,0.910444,65,63,44,25,0,0,0,0,461,304,243,191
2026/02/04/20:11:56,1501.336600,0.823375,0.910444,0.823375,0.910444,65,63,44,25,0,0,0,0,461,304,243,191
2026/02/04/20:11:57,1502.337275,0.823375,0.910444,0.823375,0.910444,65,63,44,25,0,0,0,0,461,304,243,191
2026/02/04/20:11:58,1503.337915,0.823375,0.910444,0.823375,0.910444,65,63,44,25,0,0,0,0,461,304,243,191
2026/02/04/20:11:59,1504.338565,0.823375,0.910444,0.823375,0.910444,65,63,44,25,0,0,0,0,461,304,243,191
2026/02/04/20:12:00,1505.339271,0.823375,0.910444,0.823375,0.910444,65,63,44,25,0,0,0,0,461,304,243,191
2026/02/04/20:12:01,1506.339984,0.823375,0.910444,0.823375,0.910444,65,63,44,25,0,0,0,0,461,304,243,191
2026/02/04/20:12:02,1507.340640,0.823375,0.910444,0.823375,0.910444,65,63,44,25,0,0,0,0,461,304,243,191
2026/02/04/20:12:03,1508.341251,0.819937,0.905947,0.819937,0.905947,63,63,44,25,0,0,0,0,463,304,243,191
2026/02/04/20:12:04,1509.341925,0.819937,0.905947,0.819937,0.905947,63,63,44,25,0,0,0,0,463,304,243,191
2026/02/04/20:12:05,1510.342606,0.814875,0.896356,0.814875,0.896356,60,63,44,25,0,0,0,0,466,304,243,191
2026/02/04/20:12:06,1511.343115,0.808562,0.890565,0.808562,0.890565,60,61,44,25,0,0,0,0,466,306,243,191
2026/02/04/20:12:07,1512.343797,0.808562,0.890565,0.808562,0.890565,60,61,44,25,0,0,0,0,466,306,243,191
2026/02/04/20:12:08,1513.344327,0.808562,0.890565,0.808562,0.890565,60,61,44,25,0,0,0,0,466,306,243,191
2026/02/04/20:12:09,1514.345045,0.808562,0.890565,0.808562,0.890565,60,61,44,25,0,0,0,0,466,306,243,191
2026/02/04/20:12:10,1515.345810,0.808562,0.890565,0.808562,0.890565,60,61,44,25,0,0,0,0,466,306,243,191
2026/02/04/20:12:11,1516.346523,0.808562,0.890565,0.808562,0.890565,60,61,44,25,0,0,0,0,466,306,243,191
2026/02/04/20:12:12,1517.351283,0.808562,0.890565,0.808562,0.890565,60,61,44,25,0,0,0,0,466,306,243,191
2026/02/04/20:12:13,1518.351992,0.808562,0.890565,0.808562,0.890565,60,61,44,25,0,0,0,0,466,306,243,191
2026/02/04/20:12:14,1519.352549,0.808562,0.890565,0.808562,0.890565,60,61,44,25,0,0,0,0,466,306,243,191
2026/02/04/20:12:15,1520.353271,0.819688,0.914684,0.819688,0.914684,62,62,46,25,0,0,0,0,466,306,243,191
2026/02/04/20:12:16,1521.354088,0.819688,0.914684,0.819688,0.914684,62,62,46,25,0,0,0,0,466,306,243,191
2026/02/04/20:12:17,1522.354732,0.819688,0.914684,0.819688,0.914684,62,62,46,25,0,0,0,0,466,306,243,191
2026/02/04/20:12:18,1523.355040,0.817937,0.913076,0.817937,0.913076,62,62,45,25,0,0,0,0,466,306,244,191
2026/02/04/20:12:19,1524.355683,0.816625,0.905777,0.816625,0.905777,62,62,45,25,0,0,0,0,468,306,244,191
2026/02/04/20:12:20,1525.356299,0.852500,0.920746,0.852500,0.920746,70,62,45,25,0,0,0,0,468,306,244,191
2026/02/04/20:12:21,1526.357040,0.852500,0.920746,0.852500,0.920746,70,62,45,25,0,0,0,0,468,306,244,191
2026/02/04/20:12:22,1527.357625,0.837594,0.903872,0.837594,0.903872,67,62,45,25,0,0,0,0,471,306,244,191
2026/02/04/20:12:23,1528.358106,0.837594,0.903872,0.837594,0.903872,67,62,45,25,0,0,0,0,471,306,244,191
2026/02/04/20:12:24,1529.358711,0.837594,0.903872,0.837594,0.903872,67,62,45,25,0,0,0,0,471,306,244,191
2026/02/04/20:12:25,1530.359499,0.830406,0.900534,0.830406,0.900534,65,62,45,25,0,0,0,0,473,306,244,191
2026/02/04/20:12:26,1531.360055,0.801719,0.888902,0.801719,0.888902,59,62,45,25,0,0,0,0,479,306,244,191
2026/02/04/20:12:27,1532.360747,0.801719,0.888902,0.801719,0.888902,59,62,45,25,0,0,0,0,479,306,244,191
2026/02/04/20:12:28,1533.361345,0.801719,0.888902,0.801719,0.888902,59,62,45,25,0,0,0,0,479,306,244,191
2026/02/04/20:12:29,1534.362021,0.798156,0.884586,0.798156,0.884586,57,62,45,25,0,0,0,0,481,306,244,191
2026/02/04/20:12:30,1535.362421,0.798156,0.884586,0.798156,0.884586,57,62,45,25,0,0,0,0,481,306,244,191
2026/02/04/20:12:31,1536.362991,0.798156,0.884586,0.798156,0.884586,57,62,45,25,0,0,0,0,481,306,244,191
2026/02/04/20:12:32,1537.363153,0.798156,0.884586,0.798156,0.884586,57,62,45,25,0,0,0,0,481,306,244,191
2026/02/04/20:12:33,1538.363742,0.798156,0.884586,0.798156,0.884586,57,62,45,25,0,0,0,0,481,306,244,191
2026/02/04/20:12:34,1539.364504,0.798156,0.884586,0.798156,0.884586,57,62,45,25,0,0,0,0,481,306,244,191
2026/02/04/20:12:35,1540.365103,0.798156,0.884586,0.798156,0.884586,57,62,45,25,0,0,0,0,481,306,244,191
2026/02/04/20:12:36,1541.365474,0.798156,0.884586,0.798156,0.884586,57,62,45,25,0,0,0,0,481,306,244,191
2026/02/04/20:12:37,1542.366372,0.823937,0.897324,0.825750,0.912301,62,63,44,25,0,0,1,0,481,306,245,191
2026/02/04/20:12:38,1543.366987,0.823937,0.897324,0.825750,0.912301,62,63,44,25,0,0,1,0,481,306,245,191
2026/02/04/20:12:39,1544.367575,0.823937,0.897324,0.825750,0.912301,62,63,44,25,0,0,1,0,481,306,245,191
2026/02/04/20:12:40,1545.368189,0.781000,0.891310,0.782813,0.906287,62,60,44,25,0,0,1,0,481,309,245,191
2026/02/04/20:12:41,1546.369117,0.781000,0.891310,0.782813,0.906287,62,60,44,25,0,0,1,0,481,309,245,191
2026/02/04/20:12:42,1547.369727,0.781000,0.891310,0.782813,0.906287,62,60,44,25,0,0,1,0,481,309,245,191
2026/02/04/20:12:43,1548.370294,0.781000,0.891310,0.782813,0.906287,62,60,44,25,0,0,1,0,481,309,245,191
2026/02/04/20:12:44,1549.413503,0.781000,0.891310,0.782813,0.906287,62,60,44,25,0,0,1,0,481,309,245,191
2026/02/04/20:12:45,1550.413974,0.768500,0.902233,0.768500,0.902233,60,60,45,25,0,0,0,0,484,309,245,191
2026/02/04/20:12:46,1551.414649,0.768500,0.902233,0.768500,0.902233,60,60,45,25,0,0,0,0,484,309,245,191
2026/02/04/20:12:47,1552.415220,0.768500,0.902233,0.768500,0.902233,60,60,45,25,0,0,0,0,484,309,245,191
2026/02/04/20:12:48,1553.415956,0.765062,0.872301,0.765062,0.872301,60,58,45,25,0,0,0,0,484,311,245,191
2026/02/04/20:12:49,1554.416580,0.761375,0.859913,0.761375,0.859913,58,58,45,25,0,0,0,0,486,311,245,191
2026/02/04/20:12:50,1555.417107,0.761375,0.859913,0.761375,0.859913,58,58,45,25,0,0,0,0,486,311,245,191
2026/02/04/20:12:51,1556.417705,0.761375,0.859913,0.761375,0.859913,58,58,45,25,0,0,0,0,486,311,245,191
2026/02/04/20:12:52,1557.418440,0.753125,0.846789,0.753125,0.846789,56,58,45,25,0,0,0,0,488,311,245,191
2026/02/04/20:12:53,1558.419270,0.753125,0.846789,0.753125,0.846789,56,58,45,25,0,0,0,0,488,311,245,191
2026/02/04/20:12:54,1559.420010,0.753125,0.846789,0.753125,0.846789,56,58,45,25,0,0,0,0,488,311,245,191
2026/02/04/20:12:55,1560.420604,0.753125,0.846789,0.753125,0.846789,56,58,45,25,0,0,0,0,488,311,245,191
2026/02/04/20:12:56,1561.421343,0.753125,0.846789,0.753125,0.846789,56,58,45,25,0,0,0,0,488,311,245,191
2026/02/04/20:12:57,1562.422144,0.753125,0.846789,0.753125,0.846789,56,58,45,25,0,0,0,0,488,311,245,191
2026/02/04/20:12:58,1563.422893,0.753125,0.846789,0.753125,0.846789,56,58,45,25,0,0,0,0,488,311,245,191
2026/02/04/20:12:59,1564.423469,0.769656,0.877018,0.769656,0.877018,57,58,47,27,0,0,0,0,488,311,245,191
2026/02/04/20:13:00,1565.424228,0.787312,0.890547,0.787312,0.890547,60,60,47,29,0,0,0,0,488,311,245,191
2026/02/04/20:13:01,1566.424879,0.796281,0.897292,0.796281,0.897292,62,62,48,28,0,0,0,0,488,311,245,192
2026/02/04/20:13:02,1567.425535,0.795813,0.895753,0.795813,0.895753,62,62,47,28,0,0,0,0,488,311,247,192
2026/02/04/20:13:03,1568.426342,0.791875,0.891877,0.791875,0.891877,62,60,47,28,0,0,0,0,488,313,247,192
2026/02/04/20:13:04,1569.427060,0.781531,0.884782,0.781531,0.884782,62,60,46,26,0,0,0,0,488,313,248,194
2026/02/04/20:13:05,1570.427709,0.777344,0.879594,0.777344,0.879594,62,58,46,26,0,0,0,0,488,315,248,194
2026/02/04/20:13:06,1571.428346,0.777344,0.879594,0.777344,0.879594,62,58,46,26,0,0,0,0,488,315,248,194
2026/02/04/20:13:07,1572.429155,0.777344,0.879594,0.777344,0.879594,62,58,46,26,0,0,0,0,488,315,248,194
2026/02/04/20:13:08,1573.429797,0.771938,0.870218,0.771938,0.870218,62,58,45,26,0,0,0,0,488,315,249,194
2026/02/04/20:13:09,1574.430398,0.768594,0.868333,0.768594,0.868333,61,58,45,26,0,0,0,0,489,315,249,194
2026/02/04/20:13:10,1575.431113,0.768594,0.868333,0.768594,0.868333,61,58,45,26,0,0,0,0,489,315,249,194
2026/02/04/20:13:11,1576.431784,0.768594,0.868333,0.768594,0.868333,61,58,45,26,0,0,0,0,489,315,249,194
2026/02/04/20:13:12,1577.432421,0.768594,0.868333,0.768594,0.868333,61,58,45,26,0,0,0,0,489,315,249,194
2026/02/04/20:13:13,1578.433114,0.768594,0.868333,0.768594,0.868333,61,58,45,26,0,0,0,0,489,315,249,194
2026/02/04/20:13:14,1579.433757,0.768594,0.868333,0.768594,0.868333,61,58,45,26,0,0,0,0,489,315,249,194
2026/02/04/20:13:15,1580.434405,0.768594,0.868333,0.768594,0.868333,61,58,45,26,0,0,0,0,489,315,249,194
2026/02/04/20:13:16,1581.434932,0.768594,0.868333,0.768594,0.868333,61,58,45,26,0,0,0,0,489,315,249,194
2026/02/04/20:13:17,1582.435434,0.768594,0.868333,0.768594,0.868333,61,58,45,26,0,0,0,0,489,315,249,194
2026/02/04/20:13:18,1583.436225,0.768594,0.868333,0.768594,0.868333,61,58,45,26,0,0,0,0,489,315,249,194
2026/02/04/20:13:19,1584.436915,0.758844,0.863391,0.769906,0.894216,61,58,42,26,0,0,3,1,489,315,252,194
2026/02/04/20:13:20,1585.437402,0.774156,0.898519,0.774156,0.898519,61,60,45,27,0,0,0,0,489,315,252,194
2026/02/04/20:13:21,1586.438043,0.774156,0.898519,0.774156,0.898519,61,60,45,27,0,0,0,0,489,315,252,194
2026/02/04/20:13:22,1587.438824,0.774156,0.898519,0.774156,0.898519,61,60,45,27,0,0,0,0,489,315,252,194
2026/02/04/20:13:23,1588.439464,0.774156,0.898519,0.774156,0.898519,61,60,45,27,0,0,0,0,489,315,252,194
2026/02/04/20:13:24,1589.440031,0.768406,0.885510,0.768406,0.885510,61,60,45,26,0,0,0,0,489,315,252,195
2026/02/04/20:13:25,1590.440667,0.768406,0.885510,0.768406,0.885510,61,60,45,26,0,0,0,0,489,315,252,195
2026/02/04/20:13:26,1591.441408,0.764156,0.881207,0.764156,0.881207,61,58,45,26,0,0,0,0,489,317,252,195
2026/02/04/20:13:27,1592.441928,0.761625,0.875024,0.761625,0.875024,61,58,45,25,0,0,0,0,489,317,252,196
2026/02/04/20:13:28,1593.442427,0.774750,0.894453,0.774750,0.894453,65,61,45,25,0,0,0,0,489,317,252,196
2026/02/04/20:13:29,1594.443099,0.804063,0.914651,0.809187,0.932003,65,65,47,26,1,0,2,0,489,317,252,196
2026/02/04/20:13:30,1595.443600,0.807375,0.917908,0.809187,0.932003,65,65,49,26,1,0,0,0,489,317,252,196
2026/02/04/20:13:31,1596.444108,0.806281,0.928874,0.808094,0.942968,68,62,49,27,1,0,0,0,489,323,252,196
2026/02/04/20:13:32,1597.444888,0.789438,0.903892,0.789438,0.903892,66,62,43,27,0,0,0,0,492,323,258,196
2026/02/04/20:13:33,1598.445525,0.784969,0.895670,0.784969,0.895670,66,61,43,26,0,0,0,0,492,324,258,197
2026/02/04/20:13:34,1599.446341,0.769875,0.869936,0.769875,0.869936,61,61,43,26,0,0,0,0,497,324,258,197
2026/02/04/20:13:35,1600.447120,0.769875,0.869936,0.769875,0.869936,61,61,43,26,0,0,0,0,497,324,258,197
2026/02/04/20:13:36,1601.447680,0.763062,0.860908,0.763062,0.860908,61,59,43,25,0,0,0,0,497,326,258,198
2026/02/04/20:13:37,1602.448387,0.758188,0.848146,0.758188,0.848146,61,56,43,25,0,0,0,0,497,329,258,198
2026/02/04/20:13:38,1603.449152,0.758188,0.848146,0.758188,0.848146,61,56,43,25,0,0,0,0,497,329,258,198
2026/02/04/20:13:39,1604.449924,0.758188,0.848146,0.758188,0.848146,61,56,43,25,0,0,0,0,497,329,258,198
2026/02/04/20:13:40,1605.450488,0.754125,0.844380,0.754125,0.844380,59,56,43,25,0,0,0,0,499,329,258,198
2026/02/04/20:13:41,1606.451069,0.780000,0.855962,0.789937,0.858115,60,57,45,26,0,1,0,0,499,329,258,198
2026/02/04/20:13:42,1607.451563,0.809375,0.873733,0.809375,0.873733,63,59,45,29,0,0,0,0,499,329,258,198
2026/02/04/20:13:43,1608.452158,0.809375,0.873733,0.809375,0.873733,63,59,45,29,0,0,0,0,499,329,258,198
2026/02/04/20:13:44,1609.452906,0.798156,0.866965,0.798156,0.866965,63,59,44,27,0,0,0,0,499,329,259,200
2026/02/04/20:13:45,1610.453520,0.788594,0.857315,0.788594,0.857315,60,58,44,27,0,0,0,0,502,330,259,200
2026/02/04/20:13:46,1611.454222,0.788594,0.857315,0.788594,0.857315,60,58,44,27,0,0,0,0,502,330,259,200
2026/02/04/20:13:47,1612.454976,0.788594,0.857315,0.788594,0.857315,60,58,44,27,0,0,0,0,502,330,259,200
2026/02/04/20:13:48,1613.455694,0.788594,0.857315,0.788594,0.857315,60,58,44,27,0,0,0,0,502,330,259,200
2026/02/04/20:13:49,1614.456291,0.808187,0.876797,0.808187,0.876797,63,63,44,27,0,0,0,0,502,330,259,200
2026/02/04/20:13:50,1615.456932,0.821031,0.910504,0.822781,0.920445,66,63,44,29,0,1,0,0,502,330,259,200
2026/02/04/20:13:51,1616.457463,0.838250,0.935091,0.840000,0.945032,66,64,44,36,0,1,0,0,502,330,259,200
2026/02/04/20:13:52,1617.458131,0.841906,0.934876,0.843656,0.944817,65,64,45,36,0,1,0,0,503,330,259,200
2026/02/04/20:13:53,1618.458646,0.817250,0.909457,0.819000,0.919399,65,62,45,29,0,1,0,0,503,332,259,207
2026/02/04/20:13:54,1619.459278,0.812750,0.899688,0.812750,0.899688,65,63,45,27,0,0,0,0,503,332,259,209
2026/02/04/20:13:55,1620.459827,0.807781,0.893609,0.807781,0.893609,62,63,45,27,0,0,0,0,506,332,259,209
2026/02/04/20:13:56,1621.460376,0.853719,0.913168,0.853719,0.913168,63,69,44,29,0,0,0,0,506,332,260,209
2026/02/04/20:13:57,1622.460747,0.853719,0.913168,0.853719,0.913168,63,69,44,29,0,0,0,0,506,332,260,209
2026/02/04/20:13:58,1623.461384,0.833875,0.908607,0.833875,0.908607,63,67,44,29,0,0,0,0,506,334,260,209
2026/02/04/20:13:59,1624.462011,0.836219,0.920932,0.836219,0.920932,63,69,45,27,0,0,0,0,506,334,260,211
2026/02/04/20:14:00,1625.462761,0.836219,0.920932,0.836219,0.920932,63,69,45,27,0,0,0,0,506,334,260,211
2026/02/04/20:14:01,1626.463336,0.829219,0.909339,0.829219,0.909339,63,66,45,27,0,0,0,0,506,337,260,211
2026/02/04/20:14:02,1627.463704,0.860500,0.932187,0.869219,0.941969,68,66,48,29,1,1,1,0,506,337,260,211
2026/02/04/20:14:03,1628.464160,0.868938,0.941005,0.868938,0.941005,68,66,50,30,0,0,0,0,507,340,261,211
2026/02/04/20:14:04,1629.464804,0.885813,0.949373,0.901969,0.965425,68,68,50,32,1,2,1,0,507,340,261,211
2026/02/04/20:14:05,1630.465393,0.889656,0.953068,0.903813,0.967112,71,68,50,31,0,2,1,0,507,340,261,212
2026/02/04/20:14:06,1631.465705,0.878156,0.949338,0.881250,0.958186,71,66,50,31,0,1,0,0,507,342,262,212
2026/02/04/20:14:07,1632.466329,0.860594,0.930444,0.860594,0.930444,70,64,47,31,0,0,0,0,508,345,265,212
2026/02/04/20:14:08,1633.466998,0.860594,0.930444,0.860594,0.930444,70,64,47,31,0,0,0,0,508,345,265,212
2026/02/04/20:14:09,1634.467625,0.860594,0.930444,0.860594,0.930444,70,64,47,31,0,0,0,0,508,345,265,212
2026/02/04/20:14:10,1635.468158,0.850969,0.908751,0.850969,0.908751,67,62,47,31,0,0,0,0,511,347,265,212
2026/02/04/20:14:11,1636.468719,0.850969,0.908751,0.850969,0.908751,67,62,47,31,0,0,0,0,511,347,265,212
2026/02/04/20:14:12,1637.469454,0.850969,0.908751,0.850969,0.908751,67,62,47,31,0,0,0,0,511,347,265,212
2026/02/04/20:14:13,1638.470256,0.870969,0.918684,0.878625,0.920557,69,62,49,31,0,0,1,0,511,347,265,212
2026/02/04/20:14:14,1639.470830,0.883500,0.922000,0.891156,0.923873,69,64,48,32,0,0,1,0,511,347,266,212
2026/02/04/20:14:15,1640.471544,0.883500,0.922000,0.891156,0.923873,69,64,48,32,0,0,1,0,511,347,266,212
2026/02/04/20:14:16,1641.472187,0.878812,0.915813,0.886469,0.917685,67,64,48,32,0,0,1,0,513,347,266,212
2026/02/04/20:14:17,1642.472794,0.872250,0.909921,0.879906,0.911794,66,63,48,31,0,0,1,0,514,348,266,213
2026/02/04/20:14:18,1643.473364,0.856938,0.906176,0.856938,0.906176,66,63,46,31,0,0,0,0,514,348,268,213
2026/02/04/20:14:19,1644.473912,0.856938,0.906176,0.856938,0.906176,66,63,46,31,0,0,0,0,514,348,268,213
2026/02/04/20:14:20,1645.475148,0.856938,0.906176,0.856938,0.906176,66,63,46,31,0,0,0,0,514,348,268,213
2026/02/04/20:14:21,1646.475877,0.847250,0.897444,0.847250,0.897444,66,63,44,31,0,0,0,0,514,348,270,213
2026/02/04/20:14:22,1647.476591,0.850750,0.900597,0.850750,0.900597,66,65,44,31,0,0,0,0,514,348,270,213
2026/02/04/20:14:23,1648.477283,0.850750,0.900597,0.850750,0.900597,66,65,44,31,0,0,0,0,514,348,270,213
2026/02/04/20:14:24,1649.477920,0.837094,0.884764,0.837094,0.884764,63,64,44,31,0,0,0,0,517,349,270,213
2026/02/04/20:14:25,1650.478523,0.829281,0.875166,0.829281,0.875166,63,62,44,29,0,0,0,0,517,351,270,215
2026/02/04/20:14:26,1651.479149,0.853281,0.887908,0.869969,0.908607,64,62,46,31,2,0,0,0,517,351,270,215
2026/02/04/20:14:27,1652.479946,0.853281,0.887908,0.869969,0.908607,64,62,46,31,2,0,0,0,517,351,270,215
2026/02/04/20:14:28,1653.480572,0.859563,0.893876,0.888687,0.929251,64,62,49,31,2,1,0,0,517,351,270,215
2026/02/04/20:14:29,1654.481209,0.846063,0.888340,0.858500,0.903016,64,62,49,29,0,1,0,0,517,351,270,217
2026/02/04/20:14:30,1655.481898,0.871437,0.903858,0.883875,0.918535,64,62,54,28,0,1,0,0,517,351,270,218
2026/02/04/20:14:31,1656.482529,0.871437,0.903858,0.883875,0.918535,64,62,54,28,0,1,0,0,517,351,270,218
2026/02/04/20:14:32,1657.483217,0.867594,0.901875,0.867594,0.901875,64,62,53,28,0,0,0,0,517,351,271,218
2026/02/04/20:14:33,1658.483765,0.867594,0.901875,0.867594,0.901875,64,62,53,28,0,0,0,0,517,351,271,218
2026/02/04/20:14:34,1659.484361,0.867594,0.901875,0.867594,0.901875,64,62,53,28,0,0,0,0,517,351,271,218
2026/02/04/20:14:35,1660.484933,0.867594,0.901875,0.867594,0.901875,64,62,53,28,0,0,0,0,517,351,271,218
2026/02/04/20:14:36,1661.485478,0.865594,0.900023,0.865594,0.900023,64,62,52,28,0,0,0,0,517,351,272,218
2026/02/04/20:14:37,1662.486158,0.865594,0.900023,0.865594,0.900023,64,62,52,28,0,0,0,0,517,351,272,218
2026/02/04/20:14:38,1663.487158,0.865594,0.900023,0.865594,0.900023,64,62,52,28,0,0,0,0,517,351,272,218
2026/02/04/20:14:39,1664.488017,0.865594,0.900023,0.865594,0.900023,64,62,52,28,0,0,0,0,517,351,272,218
2026/02/04/20:14:40,1665.488679,0.859313,0.894055,0.859313,0.894055,64,62,49,28,0,0,0,0,517,351,275,218
2026/02/04/20:14:41,1666.489629,0.859313,0.894055,0.859313,0.894055,64,62,49,28,0,0,0,0,517,351,275,218
2026/02/04/20:14:42,1667.490265,0.859313,0.894055,0.859313,0.894055,64,62,49,28,0,0,0,0,517,351,275,218
2026/02/04/20:14:43,1668.491081,0.847938,0.881508,0.847938,0.881508,63,62,46,28,0,0,0,0,518,351,278,218
2026/02/04/20:14:44,1669.491938,0.847938,0.881508,0.847938,0.881508,63,62,46,28,0,0,0,0,518,351,278,218
2026/02/04/20:14:45,1670.492442,0.847938,0.881508,0.847938,0.881508,63,62,46,28,0,0,0,0,518,351,278,218
2026/02/04/20:14:46,1671.493119,0.835562,0.878009,0.835562,0.878009,63,60,46,28,0,0,0,0,518,353,278,218
2026/02/04/20:14:47,1672.493762,0.835562,0.878009,0.835562,0.878009,63,60,46,28,0,0,0,0,518,353,278,218
2026/02/04/20:14:48,1673.494473,0.835562,0.878009,0.835562,0.878009,63,60,46,28,0,0,0,0,518,353,278,218
2026/02/04/20:14:49,1674.495191,0.835562,0.878009,0.835562,0.878009,63,60,46,28,0,0,0,0,518,353,278,218
2026/02/04/20:14:50,1675.495733,0.835562,0.878009,0.835562,0.878009,63,60,46,28,0,0,0,0,518,353,278,218
2026/02/04/20:14:51,1676.496430,0.835562,0.878009,0.835562,0.878009,63,60,46,28,0,0,0,0,518,353,278,218
2026/02/04/20:14:52,1677.497069,0.835562,0.878009,0.835562,0.878009,63,60,46,28,0,0,0,0,518,353,278,218
2026/02/04/20:14:53,1678.497630,0.835562,0.878009,0.835562,0.878009,63,60,46,28,0,0,0,0,518,353,278,218
2026/02/04/20:14:54,1679.498420,0.835562,0.878009,0.835562,0.878009,63,60,46,28,0,0,0,0,518,353,278,218
2026/02/04/20:14:55,1680.499079,0.835562,0.878009,0.835562,0.878009,63,60,46,28,0,0,0,0,518,353,278,218
2026/02/04/20:14:56,1681.499824,0.835562,0.878009,0.835562,0.878009,63,60,46,28,0,0,0,0,518,353,278,218
2026/02/04/20:14:57,1682.500611,0.835562,0.878009,0.835562,0.878009,63,60,46,28,0,0,0,0,518,353,278,218
2026/02/04/20:14:58,1683.501398,0.835562,0.878009,0.835562,0.878009,63,60,46,28,0,0,0,0,518,353,278,218
2026/02/04/20:14:59,1684.502060,0.835562,0.878009,0.835562,0.878009,63,60,46,28,0,0,0,0,518,353,278,218
2026/02/04/20:15:00,1685.502765,0.835562,0.878009,0.835562,0.878009,63,60,46,28,0,0,0,0,518,353,278,218
2026/02/04/20:15:01,1686.503410,0.835562,0.878009,0.835562,0.878009,63,60,46,28,0,0,0,0,518,353,278,218
2026/02/04/20:15:02,1687.503958,0.857031,0.891498,0.876125,0.904384,64,61,47,30,2,1,1,1,518,353,278,218
2026/02/04/20:15:03,1688.504612,0.876125,0.904384,0.876125,0.904384,66,62,48,31,0,0,0,0,518,353,278,218
2026/02/04/20:15:04,1689.505259,0.881563,0.908972,0.881563,0.908972,67,63,48,31,0,0,0,0,518,353,278,218
2026/02/04/20:15:05,1690.505920,0.885938,0.916528,0.885938,0.916528,67,63,50,31,0,0,0,0,518,353,278,218
2026/02/04/20:15:06,1691.506454,0.867844,0.907908,0.867844,0.907908,67,60,50,31,0,0,0,0,518,356,278,218
2026/02/04/20:15:07,1692.507133,0.855313,0.891429,0.855313,0.891429,64,59,48,31,0,0,0,0,521,357,280,218
2026/02/04/20:15:08,1693.507931,0.855313,0.891429,0.855313,0.891429,64,59,48,31,0,0,0,0,521,357,280,218
2026/02/04/20:15:09,1694.508567,0.846688,0.885997,0.846688,0.885997,63,59,47,31,0,0,0,0,522,357,281,218
2026/02/04/20:15:10,1695.509189,0.846688,0.885997,0.846688,0.885997,63,59,47,31,0,0,0,0,522,357,281,218
2026/02/04/20:15:11,1696.509852,0.835000,0.874899,0.835000,0.874899,63,57,47,29,0,0,0,0,522,359,281,220
2026/02/04/20:15:12,1697.510577,0.835000,0.874899,0.835000,0.874899,63,57,47,29,0,0,0,0,522,359,281,220
2026/02/04/20:15:13,1698.511249,0.835000,0.874899,0.835000,0.874899,63,57,47,29,0,0,0,0,522,359,281,220
2026/02/04/20:15:14,1699.511845,0.816750,0.869208,0.816750,0.869208,63,57,45,29,0,0,0,0,522,359,283,220
2026/02/04/20:15:15,1700.512547,0.816750,0.869208,0.816750,0.869208,63,57,45,29,0,0,0,0,522,359,283,220
2026/02/04/20:15:16,1701.513186,0.816750,0.869208,0.816750,0.869208,63,57,45,29,0,0,0,0,522,359,283,220
2026/02/04/20:15:17,1702.513935,0.816750,0.869208,0.816750,0.869208,63,57,45,29,0,0,0,0,522,359,283,220
2026/02/04/20:15:18,1703.514645,0.816750,0.869208,0.816750,0.869208,63,57,45,29,0,0,0,0,522,359,283,220
2026/02/04/20:15:19,1704.515323,0.816750,0.869208,0.816750,0.869208,63,57,45,29,0,0,0,0,522,359,283,220
2026/02/04/20:15:20,1705.516015,0.842187,0.899687,0.872000,0.929147,65,62,46,29,0,2,0,0,522,359,283,220
2026/02/04/20:15:21,1706.516389,0.854156,0.903091,0.906656,0.974057,65,62,47,29,1,2,0,3,522,359,283,220
2026/02/04/20:15:22,1707.516880,0.873000,0.912227,0.919219,0.980148,68,62,47,29,0,2,0,3,522,359,283,220
2026/02/04/20:15:23,1708.517493,0.872750,0.915645,0.918969,0.983565,71,60,47,29,0,2,0,3,522,361,283,220
2026/02/04/20:15:24,1709.518123,0.872750,0.915645,0.918969,0.983565,71,60,47,29,0,2,0,3,522,361,283,220
2026/02/04/20:15:25,1710.518529,0.853906,0.906508,0.900125,0.974429,68,60,47,29,0,2,0,3,525,361,283,220
2026/02/04/20:15:26,1711.519123,0.845938,0.893473,0.886687,0.948574,63,60,47,30,0,2,0,2,530,361,283,220
2026/02/04/20:15:27,1712.519676,0.833969,0.890070,0.874719,0.945170,63,60,46,30,0,2,0,2,530,361,284,220
2026/02/04/20:15:28,1713.520316,0.833969,0.890070,0.874719,0.945170,63,60,46,30,0,2,0,2,530,361,284,220
2026/02/04/20:15:29,1714.521019,0.825031,0.886344,0.865781,0.941445,63,59,46,30,0,2,0,2,530,362,284,220
2026/02/04/20:15:30,1715.521576,0.825031,0.886344,0.865781,0.941445,63,59,46,30,0,2,0,2,530,362,284,220
2026/02/04/20:15:31,1716.522221,0.825031,0.886344,0.865781,0.941445,63,59,46,30,0,2,0,2,530,362,284,220
2026/02/04/20:15:32,1717.525068,0.825031,0.886344,0.865781,0.941445,63,59,46,30,0,2,0,2,530,362,284,220
2026/02/04/20:15:33,1718.525615,0.825031,0.886344,0.865781,0.941445,63,59,46,30,0,2,0,2,530,362,284,220
2026/02/04/20:15:34,1719.526216,0.825031,0.886344,0.865781,0.941445,63,59,46,30,0,2,0,2,530,362,284,220
2026/02/04/20:15:35,1720.546671,0.818844,0.879388,0.859594,0.934488,63,56,46,30,0,2,0,2,530,365,284,220
2026/02/04/20:15:37,1722.191261,0.835875,0.894446,0.885625,0.965101,65,57,46,30,1,4,0,2,530,365,284,220
2026/02/04/20:15:38,1723.191732,0.847562,0.903173,0.890687,0.968758,66,58,47,30,0,3,0,2,530,365,284,220
2026/02/04/20:15:39,1724.192350,0.847562,0.903173,0.890687,0.968758,66,58,47,30,0,3,0,2,530,365,284,220
2026/02/04/20:15:40,1725.193197,0.847562,0.903173,0.890687,0.968758,66,58,47,30,0,3,0,2,530,365,284,220
2026/02/04/20:15:41,1726.193933,0.847562,0.903173,0.890687,0.968758,66,58,47,30,0,3,0,2,530,365,284,220
2026/02/04/20:15:42,1727.194134,0.837906,0.901444,0.881031,0.967029,65,58,47,30,0,3,0,2,531,365,284,220
2026/02/04/20:15:43,1728.194788,0.837906,0.901444,0.881031,0.967029,65,58,47,30,0,3,0,2,531,365,284,220
2026/02/04/20:15:44,1729.249261,0.837906,0.901444,0.881031,0.967029,65,58,47,30,0,3,0,2,531,365,284,220
2026/02/04/20:15:45,1730.338049,0.837906,0.901444,0.881031,0.967029,65,58,47,30,0,3,0,2,531,365,284,220
2026/02/04/20:15:48,1733.153379,0.837156,0.915768,0.888563,0.987370,66,57,47,30,1,2,2,2,531,367,285,220
2026/02/04/20:15:49,1734.153909,0.876750,0.928802,0.917500,0.983902,68,58,52,31,0,2,0,2,531,369,285,220
2026/02/04/20:15:50,1735.154448,0.884813,0.933261,0.925562,0.988361,68,58,53,32,0,2,0,2,531,369,285,220
2026/02/04/20:15:51,1736.155083,0.884813,0.933261,0.925562,0.988361,68,58,53,32,0,2,0,2,531,369,285,220
2026/02/04/20:15:52,1737.155668,0.868563,0.927339,0.909312,0.982439,67,58,53,31,0,2,0,2,532,369,285,221
2026/02/04/20:15:53,1738.156200,0.868563,0.927339,0.909312,0.982439,67,58,53,31,0,2,0,2,532,369,285,221
2026/02/04/20:15:54,1739.156830,0.865313,0.934127,0.900594,0.976407,67,55,53,32,0,2,0,1,532,372,285,221
2026/02/04/20:15:55,1740.157522,0.851812,0.920220,0.887094,0.962500,67,55,50,32,0,2,0,1,532,372,288,221
2026/02/04/20:15:56,1741.158178,0.841969,0.915497,0.877250,0.957777,67,55,47,32,0,2,0,1,532,372,291,221
2026/02/04/20:15:57,1742.158751,0.841969,0.915497,0.877250,0.957777,67,55,47,32,0,2,0,1,532,372,291,221
2026/02/04/20:15:58,1743.159292,0.841969,0.915497,0.877250,0.957777,67,55,47,32,0,2,0,1,532,372,291,221
2026/02/04/20:15:59,1744.159943,0.841969,0.915497,0.877250,0.957777,67,55,47,32,0,2,0,1,532,372,291,221
2026/02/04/20:16:00,1745.160525,0.841969,0.915497,0.877250,0.957777,67,55,47,32,0,2,0,1,532,372,291,221
2026/02/04/20:16:01,1746.210932,0.841969,0.915497,0.877250,0.957777,67,55,47,32,0,2,0,1,532,372,291,221
2026/02/04/20:16:02,1747.211514,0.869875,0.924954,0.926156,0.979039,67,57,49,33,0,2,0,4,534,372,291,221
2026/02/04/20:16:03,1748.211980,0.884188,0.938502,0.952438,0.994475,68,59,49,34,2,3,0,3,534,372,291,221
2026/02/04/20:16:04,1749.212612,0.870062,0.936811,0.905344,0.979091,70,57,48,33,0,2,0,1,534,374,292,222
2026/02/04/20:16:05,1750.213260,0.861250,0.930100,0.896531,0.972380,68,57,48,33,0,2,0,1,536,374,292,222
2026/02/04/20:16:06,1751.213923,0.852125,0.921774,0.887406,0.964054,67,55,48,33,0,2,0,1,537,376,292,222
2026/02/04/20:16:07,1752.214140,0.852125,0.921774,0.887406,0.964054,67,55,48,33,0,2,0,1,537,376,292,222
2026/02/04/20:16:08,1753.214733,0.834438,0.884459,0.864250,0.913919,65,55,48,31,0,2,0,0,539,376,292,224
2026/02/04/20:16:09,1754.215506,0.826844,0.877604,0.856656,0.907064,65,52,48,31,0,2,0,0,539,379,292,224
2026/02/04/20:16:10,1755.216112,0.817187,0.864723,0.847000,0.894183,65,49,48,30,0,2,0,0,539,382,292,225
2026/02/04/20:16:11,1756.216668,0.817187,0.864723,0.847000,0.894183,65,49,48,30,0,2,0,0,539,382,292,225
2026/02/04/20:16:12,1757.217424,0.817187,0.864723,0.847000,0.894183,65,49,48,30,0,2,0,0,539,382,292,225
2026/02/04/20:16:13,1758.218135,0.817187,0.864723,0.847000,0.894183,65,49,48,30,0,2,0,0,539,382,292,225
2026/02/04/20:16:14,1759.218839,0.812531,0.862610,0.842344,0.892070,65,49,47,30,0,2,0,0,539,382,293,225
2026/02/04/20:16:15,1760.219211,0.812531,0.862610,0.842344,0.892070,65,49,47,30,0,2,0,0,539,382,293,225
2026/02/04/20:16:16,1761.219721,0.812531,0.862610,0.842344,0.892070,65,49,47,30,0,2,0,0,539,382,293,225
2026/02/04/20:16:17,1762.221846,0.812531,0.862610,0.842344,0.892070,65,49,47,30,0,2,0,0,539,382,293,225
2026/02/04/20:16:18,1763.222527,0.812531,0.862610,0.842344,0.892070,65,49,47,30,0,2,0,0,539,382,293,225
2026/02/04/20:16:19,1764.223090,0.789813,0.841839,0.842344,0.892070,61,49,47,30,4,2,0,0,543,382,293,225
2026/02/04/20:16:20,1765.223530,0.853938,0.905553,0.853938,0.905553,67,51,50,30,0,0,0,0,543,382,293,225
2026/02/04/20:16:21,1766.224258,0.853938,0.905553,0.853938,0.905553,67,51,50,30,0,0,0,0,543,382,293,225
2026/02/04/20:16:22,1767.224948,0.853938,0.905553,0.853938,0.905553,67,51,50,30,0,0,0,0,543,382,293,225
2026/02/04/20:16:23,1768.225647,0.853938,0.905553,0.853938,0.905553,67,51,50,30,0,0,0,0,543,382,293,225
2026/02/04/20:16:24,1769.226228,0.849500,0.902704,0.849500,0.902704,67,51,50,29,0,0,0,0,543,382,293,226
2026/02/04/20:16:25,1770.226831,0.849500,0.902704,0.849500,0.902704,67,51,50,29,0,0,0,0,543,382,293,226
2026/02/04/20:16:26,1771.227497,0.849500,0.902704,0.849500,0.902704,67,51,50,29,0,0,0,0,543,382,293,226
2026/02/04/20:16:27,1772.228222,0.849500,0.902704,0.849500,0.902704,67,51,50,29,0,0,0,0,543,382,293,226
2026/02/04/20:16:28,1773.228896,0.849500,0.902704,0.849500,0.902704,67,51,50,29,0,0,0,0,543,382,293,226
2026/02/04/20:16:29,1774.229448,0.849500,0.902704,0.849500,0.902704,67,51,50,29,0,0,0,0,543,382,293,226
2026/02/04/20:16:30,1775.230250,0.849500,0.902704,0.849500,0.902704,67,51,50,29,0,0,0,0,543,382,293,226
2026/02/04/20:16:31,1776.231020,0.849500,0.902704,0.849500,0.902704,67,51,50,29,0,0,0,0,543,382,293,226
2026/02/04/20:16:32,1777.231600,0.849500,0.902704,0.849500,0.902704,67,51,50,29,0,0,0,0,543,382,293,226
2026/02/04/20:16:33,1778.232319,0.849500,0.902704,0.849500,0.902704,67,51,50,29,0,0,0,0,543,382,293,226
2026/02/04/20:16:34,1779.232937,0.844313,0.901019,0.844313,0.901019,67,51,50,28,0,0,0,0,543,382,293,227
2026/02/04/20:16:35,1780.233535,0.844313,0.901019,0.844313,0.901019,67,51,50,28,0,0,0,0,543,382,293,227
2026/02/04/20:16:36,1781.234176,0.844313,0.901019,0.844313,0.901019,67,51,50,28,0,0,0,0,543,382,293,227
2026/02/04/20:16:37,1782.234900,0.844313,0.901019,0.844313,0.901019,67,51,50,28,0,0,0,0,543,382,293,227
2026/02/04/20:16:38,1783.235583,0.844313,0.901019,0.844313,0.901019,67,51,50,28,0,0,0,0,543,382,293,227
2026/02/04/20:16:39,1784.236339,0.844313,0.901019,0.844313,0.901019,67,51,50,28,0,0,0,0,543,382,293,227
2026/02/04/20:16:40,1785.236933,0.844313,0.901019,0.844313,0.901019,67,51,50,28,0,0,0,0,543,382,293,227
2026/02/04/20:16:41,1786.237373,0.844313,0.901019,0.844313,0.901019,67,51,50,28,0,0,0,0,543,382,293,227
2026/02/04/20:16:42,1787.238040,0.844313,0.901019,0.844313,0.901019,67,51,50,28,0,0,0,0,543,382,293,227
2026/02/04/20:16:43,1788.238686,0.844313,0.901019,0.844313,0.901019,67,51,50,28,0,0,0,0,543,382,293,227
2026/02/04/20:16:44,1789.239372,0.844313,0.901019,0.844313,0.901019,67,51,50,28,0,0,0,0,543,382,293,227
2026/02/04/20:16:45,1790.240139,0.835688,0.881338,0.835688,0.881338,64,50,50,28,0,0,0,0,546,383,293,227
2026/02/04/20:16:46,1791.240801,0.835688,0.881338,0.835688,0.881338,64,50,50,28,0,0,0,0,546,383,293,227
2026/02/04/20:16:47,1792.241395,0.835688,0.881338,0.835688,0.881338,64,50,50,28,0,0,0,0,546,383,293,227
2026/02/04/20:16:48,1793.242039,0.835688,0.881338,0.835688,0.881338,64,50,50,28,0,0,0,0,546,383,293,227
2026/02/04/20:16:49,1794.242646,0.835688,0.881338,0.835688,0.881338,64,50,50,28,0,0,0,0,546,383,293,227
2026/02/04/20:16:50,1795.243258,0.835688,0.881338,0.835688,0.881338,64,50,50,28,0,0,0,0,546,383,293,227
2026/02/04/20:16:51,1796.243811,0.835688,0.881338,0.835688,0.881338,64,50,50,28,0,0,0,0,546,383,293,227
2026/02/04/20:16:52,1797.244408,0.865625,0.901892,0.865625,0.901892,66,55,50,28,0,0,0,0,546,383,293,227
2026/02/04/20:16:53,1798.245035,0.867437,0.904504,0.883563,0.922589,66,55,51,28,2,0,0,0,546,383,293,227
2026/02/04/20:16:54,1799.245636,0.874313,0.912106,0.905563,0.931776,66,55,52,31,2,0,1,0,546,383,293,227
2026/02/04/20:16:55,1800.246231,0.872500,0.909494,0.903750,0.929164,66,55,51,31,2,0,1,0,546,383,294,227
2026/02/04/20:16:56,1801.246919,0.872500,0.909494,0.888625,0.927579,66,55,51,31,2,0,0,0,546,383,294,227
2026/02/04/20:16:57,1802.247494,0.872500,0.909494,0.888625,0.927579,66,55,51,31,2,0,0,0,546,383,294,227
2026/02/04/20:16:58,1803.247993,0.872500,0.909494,0.888625,0.927579,66,55,51,31,2,0,0,0,546,383,294,227
2026/02/04/20:16:59,1804.248643,0.869437,0.906579,0.885563,0.924663,66,55,50,31,2,0,0,0,546,383,295,227
2026/02/04/20:17:00,1805.249347,0.865281,0.900279,0.881406,0.918364,66,54,49,31,2,0,0,0,546,384,296,227
2026/02/04/20:17:01,1806.249927,0.861719,0.893781,0.877844,0.911866,66,53,48,31,2,0,0,0,546,385,297,227
2026/02/04/20:17:02,1807.250473,0.861719,0.893781,0.877844,0.911866,66,53,48,31,2,0,0,0,546,385,297,227
2026/02/04/20:17:03,1808.250773,0.861719,0.893781,0.877844,0.911866,66,53,48,31,2,0,0,0,546,385,297,227
2026/02/04/20:17:04,1809.261223,0.855469,0.890377,0.871594,0.908462,64,53,48,31,2,0,0,0,548,385,297,227
2026/02/04/20:17:05,1810.261919,0.850594,0.895816,0.858656,0.904858,65,53,46,31,1,0,0,0,548,385,299,227
2026/02/04/20:17:06,1811.262424,0.834781,0.882947,0.834781,0.882947,64,52,46,31,0,0,0,0,549,386,299,227
2026/02/04/20:17:07,1812.262921,0.834781,0.882947,0.834781,0.882947,64,52,46,31,0,0,0,0,549,386,299,227
2026/02/04/20:17:08,1813.263555,0.834781,0.882947,0.834781,0.882947,64,52,46,31,0,0,0,0,549,386,299,227
2026/02/04/20:17:09,1814.264200,0.834781,0.882947,0.834781,0.882947,64,52,46,31,0,0,0,0,549,386,299,227
2026/02/04/20:17:10,1815.264796,0.834781,0.882947,0.834781,0.882947,64,52,46,31,0,0,0,0,549,386,299,227
2026/02/04/20:17:11,1816.265393,0.834781,0.882947,0.834781,0.882947,64,52,46,31,0,0,0,0,549,386,299,227
2026/02/04/20:17:12,1817.266042,0.834781,0.882947,0.834781,0.882947,64,52,46,31,0,0,0,0,549,386,299,227
2026/02/04/20:17:13,1818.266805,0.834781,0.882947,0.834781,0.882947,64,52,46,31,0,0,0,0,549,386,299,227
2026/02/04/20:17:14,1819.267220,0.831750,0.880937,0.831750,0.880937,64,52,45,31,0,0,0,0,549,386,300,227
2026/02/04/20:17:15,1820.267879,0.826438,0.878886,0.826438,0.878886,64,52,44,31,0,0,0,0,549,386,301,227
2026/02/04/20:17:16,1821.268441,0.826438,0.878886,0.826438,0.878886,64,52,44,31,0,0,0,0,549,386,301,227
2026/02/04/20:17:17,1822.269062,0.838906,0.885289,0.852156,0.888516,66,52,44,31,2,0,0,0,549,386,301,227
2026/02/04/20:17:18,1823.269745,0.852156,0.888516,0.855094,0.890707,68,52,44,31,0,0,0,1,549,386,301,227
2026/02/04/20:17:19,1824.489675,0.858031,0.892899,0.858031,0.892899,68,52,44,33,0,0,0,0,549,386,301,227
2026/02/04/20:17:20,1825.490260,0.838156,0.888059,0.838156,0.888059,65,52,44,33,0,0,0,0,552,386,301,227
2026/02/04/20:17:21,1826.490932,0.847562,0.915131,0.847562,0.915131,64,56,48,33,0,0,0,0,553,386,301,227
2026/02/04/20:17:22,1827.491593,0.847562,0.915131,0.847562,0.915131,64,56,48,33,0,0,0,0,553,386,301,227
2026/02/04/20:17:23,1828.491923,0.842406,0.908569,0.842406,0.908569,64,53,48,33,0,0,0,0,553,389,301,227
2026/02/04/20:17:24,1829.492507,0.842406,0.908569,0.842406,0.908569,64,53,48,33,0,0,0,0,553,389,301,227
2026/02/04/20:17:25,1830.493220,0.842406,0.908569,0.842406,0.908569,64,53,48,33,0,0,0,0,553,389,301,227
2026/02/04/20:17:26,1831.493911,0.842406,0.908569,0.842406,0.908569,64,53,48,33,0,0,0,0,553,389,301,227
2026/02/04/20:17:27,1832.494547,0.842406,0.908569,0.842406,0.908569,64,53,48,33,0,0,0,0,553,389,301,227
2026/02/04/20:17:28,1833.495180,0.842406,0.908569,0.842406,0.908569,64,53,48,33,0,0,0,0,553,389,301,227
2026/02/04/20:17:29,1834.495817,0.842406,0.908569,0.842406,0.908569,64,53,48,33,0,0,0,0,553,389,301,227
2026/02/04/20:17:30,1835.688067,0.842406,0.908569,0.842406,0.908569,64,53,48,33,0,0,0,0,553,389,301,227
2026/02/04/20:17:31,1836.688786,0.842406,0.908569,0.842406,0.908569,64,53,48,33,0,0,0,0,553,389,301,227
2026/02/04/20:17:32,1837.689427,0.842406,0.908569,0.842406,0.908569,64,53,48,33,0,0,0,0,553,389,301,227
2026/02/04/20:17:33,1838.690113,0.842406,0.908569,0.842406,0.908569,64,53,48,33,0,0,0,0,553,389,301,227
2026/02/04/20:17:34,1839.690692,0.838969,0.888545,0.838969,0.888545,64,53,46,33,0,0,0,0,553,389,303,227
2026/02/04/20:17:35,1840.691381,0.838969,0.888545,0.838969,0.888545,64,53,46,33,0,0,0,0,553,389,303,227
2026/02/04/20:17:36,1841.691892,0.838969,0.888545,0.838969,0.888545,64,53,46,33,0,0,0,0,553,389,303,227
2026/02/04/20:17:37,1842.692335,0.838969,0.888545,0.838969,0.888545,64,53,46,33,0,0,0,0,553,389,303,227
2026/02/04/20:17:38,1843.692999,0.838969,0.888545,0.838969,0.888545,64,53,46,33,0,0,0,0,553,389,303,227
2026/02/04/20:17:39,1844.693644,0.838969,0.888545,0.838969,0.888545,64,53,46,33,0,0,0,0,553,389,303,227
2026/02/04/20:17:40,1845.694161,0.838969,0.888545,0.838969,0.888545,64,53,46,33,0,0,0,0,553,389,303,227
2026/02/04/20:17:41,1846.694823,0.838969,0.888545,0.838969,0.888545,64,53,46,33,0,0,0,0,553,389,303,227
2026/02/04/20:17:42,1847.695503,0.838969,0.888545,0.838969,0.888545,64,53,46,33,0,0,0,0,553,389,303,227
2026/02/04/20:17:43,1848.696242,0.838969,0.888545,0.838969,0.888545,64,53,46,33,0,0,0,0,553,389,303,227
2026/02/04/20:17:44,1849.696953,0.838969,0.888545,0.838969,0.888545,64,53,46,33,0,0,0,0,553,389,303,227
2026/02/04/20:17:45,1850.697657,0.896594,0.915712,0.907000,0.917532,72,53,48,33,1,0,0,0,553,389,303,227
2026/02/04/20:17:46,1851.698354,0.906781,0.936389,0.925813,0.940029,72,53,52,33,1,1,0,0,553,389,303,227
2026/02/04/20:17:47,1852.699008,0.906781,0.936389,0.925813,0.940029,72,53,52,33,1,1,0,0,553,389,303,227
2026/02/04/20:17:48,1853.699649,0.882375,0.922859,0.915469,0.972897,71,54,48,34,3,0,2,0,555,389,307,227
2026/02/04/20:17:49,1854.700148,0.872812,0.917621,0.915250,0.970514,68,55,48,34,4,0,2,0,558,389,307,227
2026/02/04/20:17:50,1855.700929,0.872812,0.917621,0.915250,0.970514,68,55,48,34,4,0,2,0,558,389,307,227
2026/02/04/20:17:51,1856.701809,0.879250,0.918880,0.890875,0.940720,69,55,48,33,0,0,2,0,558,389,307,228
2026/02/04/20:17:52,1857.702468,0.879250,0.918880,0.890875,0.940720,69,55,48,33,0,0,2,0,558,389,307,228
2026/02/04/20:17:53,1858.703035,0.879250,0.918880,0.890875,0.940720,69,55,48,33,0,0,2,0,558,389,307,228
2026/02/04/20:17:54,1859.703632,0.877344,0.915694,0.888969,0.937534,68,55,48,33,0,0,2,0,559,389,307,228
2026/02/04/20:17:55,1860.704137,0.877344,0.915694,0.888969,0.937534,68,55,48,33,0,0,2,0,559,389,307,228
2026/02/04/20:17:56,1861.704819,0.877344,0.915694,0.877344,0.915694,68,55,48,33,0,0,0,0,559,389,307,228
2026/02/04/20:17:57,1862.705499,0.869250,0.904761,0.869250,0.904761,66,54,48,33,0,0,0,0,561,390,307,228
2026/02/04/20:17:58,1863.706149,0.847344,0.892715,0.847344,0.892715,63,54,48,31,0,0,0,0,564,390,307,230
2026/02/04/20:17:59,1864.706707,0.845000,0.890828,0.845000,0.890828,63,53,48,31,0,0,0,0,564,391,307,230
2026/02/04/20:18:00,1865.707271,0.832375,0.885172,0.832375,0.885172,63,51,48,31,0,0,0,0,564,393,307,230
2026/02/04/20:18:01,1866.708028,0.802562,0.855712,0.802562,0.855712,63,49,48,31,0,0,0,0,564,395,307,230
2026/02/04/20:18:02,1867.708730,0.802562,0.855712,0.802562,0.855712,63,49,48,31,0,0,0,0,564,395,307,230
2026/02/04/20:18:03,1868.709337,0.788250,0.847920,0.788250,0.847920,62,49,48,28,0,0,0,0,565,395,307,233
2026/02/04/20:18:04,1869.709977,0.788250,0.847920,0.788250,0.847920,62,49,48,28,0,0,0,0,565,395,307,233
2026/02/04/20:18:05,1870.710712,0.788250,0.847920,0.788250,0.847920,62,49,48,28,0,0,0,0,565,395,307,233
2026/02/04/20:18:06,1871.711282,0.788250,0.847920,0.788250,0.847920,62,49,48,28,0,0,0,0,565,395,307,233
2026/02/04/20:18:07,1872.711916,0.788250,0.847920,0.788250,0.847920,62,49,48,28,0,0,0,0,565,395,307,233
2026/02/04/20:18:08,1873.712572,0.788250,0.847920,0.788250,0.847920,62,49,48,28,0,0,0,0,565,395,307,233
2026/02/04/20:18:09,1874.713295,0.788250,0.847920,0.788250,0.847920,62,49,48,28,0,0,0,0,565,395,307,233
2026/02/04/20:18:10,1875.713945,0.788250,0.847920,0.793594,0.850092,62,49,48,28,1,0,0,0,565,395,307,233
2026/02/04/20:18:11,1876.714517,0.831375,0.891439,0.860875,0.898202,66,50,51,33,2,0,0,0,565,395,307,233
2026/02/04/20:18:12,1877.715119,0.853594,0.896365,0.883094,0.903129,66,53,51,33,2,0,0,0,565,395,307,233
2026/02/04/20:18:13,1878.715795,0.837344,0.883658,0.866844,0.890421,66,53,49,31,2,0,0,0,565,395,309,235
2026/02/04/20:18:14,1879.716432,0.835562,0.881569,0.865062,0.888333,66,52,49,31,2,0,0,0,565,396,309,235
2026/02/04/20:18:15,1880.806577,0.838812,0.885864,0.887656,0.898488,66,52,51,31,4,1,0,0,565,396,309,235
2026/02/04/20:18:16,1881.807123,0.875469,0.914292,0.917594,0.923104,68,55,56,33,3,0,0,0,565,396,309,235
2026/02/04/20:18:17,1882.807685,0.864000,0.908385,0.930125,0.923763,68,54,56,31,3,2,0,0,565,397,309,237
2026/02/04/20:18:18,1883.808268,0.857437,0.901893,0.923562,0.917271,68,51,56,31,3,2,0,0,565,400,309,237
2026/02/04/20:18:19,1884.808954,0.842281,0.884433,0.908406,0.899811,68,51,48,31,3,2,0,0,565,400,317,237
2026/02/04/20:18:20,1885.809600,0.842281,0.884433,0.908406,0.899811,68,51,48,31,3,2,0,0,565,400,317,237
2026/02/04/20:18:21,1886.810282,0.829594,0.876513,0.871719,0.885324,68,51,46,30,3,0,0,0,565,400,319,238
2026/02/04/20:18:22,1887.810661,0.820000,0.873634,0.820000,0.873634,69,48,46,30,0,0,0,0,565,403,319,238
2026/02/04/20:18:23,1888.811219,0.820000,0.873634,0.824000,0.878806,69,48,46,30,2,0,0,0,565,403,319,238
2026/02/04/20:18:24,1889.811691,0.854281,0.914246,0.858594,0.923521,75,48,51,32,1,0,0,0,565,403,319,238
2026/02/04/20:18:25,1890.812458,0.873000,0.926424,0.884031,0.950855,75,49,52,35,2,0,0,1,565,403,319,238
2026/02/04/20:18:26,1891.813113,0.868969,0.925281,0.880000,0.949712,74,49,52,36,2,0,0,1,566,403,319,238
2026/02/04/20:18:27,1892.813777,0.860031,0.912172,0.868656,0.930722,69,49,51,37,2,0,0,0,571,403,320,238
2026/02/04/20:18:28,1893.814383,0.878625,0.916904,0.891062,0.922508,69,51,52,37,0,1,2,0,571,403,321,238
2026/02/04/20:18:29,1894.815051,0.882844,0.920770,0.896687,0.953595,69,51,54,37,0,3,0,0,571,403,321,238
2026/02/04/20:18:30,1895.815623,0.853781,0.915246,0.875062,0.969822,68,49,54,37,3,2,0,0,572,405,321,238
2026/02/04/20:18:31,1896.815938,0.854812,0.914534,0.876094,0.969110,68,50,54,36,3,2,0,0,572,405,321,239
2026/02/04/20:18:32,1897.816529,0.845156,0.912087,0.861219,0.958834,69,50,51,36,2,2,0,0,572,405,324,239
2026/02/04/20:18:33,1898.817328,0.851313,0.916997,0.867375,0.963743,69,50,52,36,2,2,0,0,572,405,324,239
2026/02/04/20:18:34,1899.817945,0.840844,0.909638,0.856906,0.956384,69,49,50,35,2,2,0,0,572,406,326,240
2026/02/04/20:18:35,1900.818640,0.826844,0.915084,0.842906,0.961830,67,51,50,33,2,2,0,0,574,406,326,242
2026/02/04/20:18:36,1901.819126,0.849094,0.931482,0.865156,0.978228,70,51,53,34,2,2,0,0,574,406,326,244
2026/02/04/20:18:37,1902.874456,0.842938,0.926573,0.859000,0.973319,70,51,52,34,2,2,0,0,574,406,327,244
2026/02/04/20:18:38,1903.874935,0.842938,0.926573,0.859000,0.973319,70,51,52,34,2,2,0,0,574,406,327,244
2026/02/04/20:18:39,1904.875019,0.835063,0.919013,0.851125,0.965760,70,51,49,34,2,2,0,0,574,406,330,244
2026/02/04/20:18:40,1905.875431,0.824656,0.909746,0.840719,0.956492,70,51,49,31,2,2,0,0,574,406,330,247
2026/02/04/20:18:43,1908.254033,0.814375,0.898969,0.830438,0.945715,70,51,49,28,2,2,0,0,574,406,330,250
2026/02/04/20:18:46,1911.201663,0.814375,0.898969,0.824812,0.914628,70,51,49,28,2,0,0,0,574,406,330,250
2026/02/04/20:18:47,1912.202310,0.814375,0.898969,0.824812,0.914628,70,51,49,28,2,0,0,0,574,406,330,250
2026/02/04/20:18:48,1913.202954,0.814375,0.898969,0.824812,0.914628,70,51,49,28,2,0,0,0,574,406,330,250
2026/02/04/20:18:49,1914.203478,0.806250,0.902709,0.806250,0.902709,69,51,46,28,0,0,0,0,577,406,333,250
2026/02/04/20:18:50,1915.204283,0.798094,0.887851,0.798094,0.887851,69,51,46,25,0,0,0,0,577,406,333,253
2026/02/04/20:18:51,1916.204992,0.822750,0.912180,0.841906,0.923968,69,54,47,27,0,1,2,0,577,406,333,253
2026/02/04/20:18:52,1917.205426,0.832406,0.918253,0.852688,0.946631,69,55,49,27,1,2,1,0,577,406,333,253
2026/02/04/20:18:53,1918.206054,0.829500,0.915489,0.849781,0.943866,69,54,49,27,1,2,1,0,577,407,333,253
2026/02/04/20:18:54,1919.206714,0.847344,0.931468,0.896781,0.965512,72,57,49,27,1,2,3,0,577,407,333,253
2026/02/04/20:18:55,1920.207428,0.847344,0.931468,0.896781,0.965512,72,57,49,27,1,2,3,0,577,407,333,253
2026/02/04/20:18:56,1921.208039,0.838906,0.927040,0.888344,0.961084,70,57,49,27,1,2,3,0,579,407,333,253
2026/02/04/20:18:57,1922.208665,0.824781,0.910447,0.872656,0.934444,70,52,49,27,0,2,3,0,579,412,333,253
2026/02/04/20:18:58,1923.209268,0.818031,0.907139,0.865906,0.931136,70,52,47,27,0,2,3,0,579,412,335,253
2026/02/04/20:18:59,1924.209941,0.817844,0.910854,0.862781,0.926653,70,53,45,27,0,1,3,0,579,412,337,253
2026/02/04/20:19:00,1925.210563,0.817844,0.910854,0.862781,0.926653,70,53,45,27,0,1,3,0,579,412,337,253
2026/02/04/20:19:01,1926.211347,0.817844,0.910854,0.862781,0.926653,70,53,45,27,0,1,3,0,579,412,337,253
2026/02/04/20:19:02,1927.211913,0.817844,0.910854,0.862781,0.926653,70,53,45,27,0,1,3,0,579,412,337,253
2026/02/04/20:19:03,1928.212496,0.829313,0.924713,0.874250,0.940513,72,55,45,28,0,1,3,0,579,412,337,253
2026/02/04/20:19:04,1929.213215,0.829313,0.924713,0.874250,0.940513,72,55,45,28,0,1,3,0,579,412,337,253
2026/02/04/20:19:05,1930.213746,0.829313,0.924713,0.874250,0.940513,72,55,45,28,0,1,3,0,579,412,337,253
2026/02/04/20:19:06,1931.214271,0.821094,0.915822,0.866031,0.931621,70,53,45,28,0,1,3,0,581,414,337,253
2026/02/04/20:19:07,1932.214638,0.817719,0.909146,0.862656,0.924945,70,51,45,28,0,1,3,0,581,416,337,253
2026/02/04/20:19:09,1934.622414,0.837125,0.921435,0.882062,0.937234,70,51,48,28,0,1,3,0,581,416,337,253
2026/02/04/20:19:10,1935.622830,0.831406,0.914330,0.834344,0.922528,67,51,48,28,0,1,0,0,584,416,337,253
2026/02/04/20:19:11,1936.623458,0.804937,0.895808,0.804937,0.895808,64,52,48,26,0,0,0,0,587,416,337,255
2026/02/04/20:19:12,1937.624090,0.807750,0.900969,0.807750,0.900969,64,52,49,26,0,0,0,0,587,416,337,255
2026/02/04/20:19:13,1938.624867,0.807750,0.900969,0.807750,0.900969,64,52,49,26,0,0,0,0,587,416,337,255
2026/02/04/20:19:14,1939.625499,0.807750,0.900969,0.807750,0.900969,64,52,49,26,0,0,0,0,587,416,337,255
2026/02/04/20:19:15,1940.626161,0.807750,0.900969,0.807750,0.900969,64,52,49,26,0,0,0,0,587,416,337,255
2026/02/04/20:19:16,1941.626759,0.807750,0.900969,0.807750,0.900969,64,52,49,26,0,0,0,0,587,416,337,255
2026/02/04/20:19:17,1942.627581,0.807750,0.900969,0.807750,0.900969,64,52,49,26,0,0,0,0,587,416,337,255
2026/02/04/20:19:18,1943.628403,0.804937,0.895808,0.804937,0.895808,64,52,48,26,0,0,0,0,587,416,338,255
2026/02/04/20:19:19,1944.629120,0.802531,0.889926,0.802531,0.889926,64,52,48,25,0,0,0,0,587,416,338,256
2026/02/04/20:19:20,1945.629763,0.802531,0.889926,0.802531,0.889926,64,52,48,25,0,0,0,0,587,416,338,256
2026/02/04/20:19:21,1946.630458,0.802531,0.889926,0.802531,0.889926,64,52,48,25,0,0,0,0,587,416,338,256
2026/02/04/20:19:22,1947.631266,0.802531,0.889926,0.802531,0.889926,64,52,48,25,0,0,0,0,587,416,338,256
2026/02/04/20:19:23,1948.632067,0.802531,0.889926,0.802531,0.889926,64,52,48,25,0,0,0,0,587,416,338,256
2026/02/04/20:19:24,1949.632845,0.802531,0.889926,0.802531,0.889926,64,52,48,25,0,0,0,0,587,416,338,256
2026/02/04/20:19:25,1950.633585,0.802531,0.889926,0.802531,0.889926,64,52,48,25,0,0,0,0,587,416,338,256
2026/02/04/20:19:26,1951.634248,0.802531,0.889926,0.802531,0.889926,64,52,48,25,0,0,0,0,587,416,338,256
2026/02/04/20:19:27,1952.634892,0.802531,0.889926,0.802531,0.889926,64,52,48,25,0,0,0,0,587,416,338,256
2026/02/04/20:19:28,1953.635593,0.800125,0.879889,0.800125,0.879889,64,52,47,25,0,0,0,0,587,416,339,256
2026/02/04/20:19:29,1954.636341,0.800125,0.879889,0.800125,0.879889,64,52,47,25,0,0,0,0,587,416,339,256
2026/02/04/20:19:30,1955.637007,0.800125,0.879889,0.800125,0.879889,64,52,47,25,0,0,0,0,587,416,339,256
2026/02/04/20:19:31,1956.637577,0.800125,0.879889,0.800125,0.879889,64,52,47,25,0,0,0,0,587,416,339,256
2026/02/04/20:19:32,1957.638314,0.800125,0.879889,0.800125,0.879889,64,52,47,25,0,0,0,0,587,416,339,256
2026/02/04/20:19:33,1958.638893,0.801906,0.881354,0.801906,0.881354,65,52,47,25,0,0,0,0,588,416,339,256
2026/02/04/20:19:34,1959.639746,0.801906,0.881354,0.801906,0.881354,65,52,47,25,0,0,0,0,588,416,339,256
2026/02/04/20:19:35,1960.640460,0.801906,0.881354,0.801906,0.881354,65,52,47,25,0,0,0,0,588,416,339,256
2026/02/04/20:19:36,1961.641177,0.801906,0.881354,0.801906,0.881354,65,52,47,25,0,0,0,0,588,416,339,256
2026/02/04/20:19:37,1962.641864,0.801906,0.881354,0.801906,0.881354,65,52,47,25,0,0,0,0,588,416,339,256
2026/02/04/20:19:38,1963.642489,0.801906,0.881354,0.801906,0.881354,65,52,47,25,0,0,0,0,588,416,339,256
2026/02/04/20:19:39,1964.643014,0.814500,0.891606,0.814500,0.891606,69,52,47,26,0,0,0,0,588,416,339,256
2026/02/04/20:19:40,1965.643826,0.814500,0.891606,0.814500,0.891606,69,52,47,26,0,0,0,0,588,416,339,256
2026/02/04/20:19:41,1966.644464,0.816969,0.902864,0.819438,0.914123,69,52,48,26,0,0,1,0,588,416,339,256
2026/02/04/20:19:42,1967.645101,0.806187,0.894937,0.808656,0.906196,65,52,48,26,0,0,1,0,592,416,339,256
2026/02/04/20:19:43,1968.645810,0.804375,0.892612,0.806844,0.903871,65,52,48,25,0,0,1,0,592,416,339,257
2026/02/04/20:19:44,1969.646434,0.802781,0.890890,0.805250,0.902149,64,52,48,25,0,0,1,0,593,416,339,257
2026/02/04/20:19:45,1970.647092,0.802781,0.890890,0.805250,0.902149,64,52,48,25,0,0,1,0,593,416,339,257
2026/02/04/20:19:46,1971.647600,0.802781,0.890890,0.805250,0.902149,64,52,48,25,0,0,1,0,593,416,339,257
2026/02/04/20:19:47,1972.648277,0.802781,0.890890,0.805250,0.902149,64,52,48,25,0,0,1,0,593,416,339,257
2026/02/04/20:19:48,1973.648696,0.805250,0.902149,0.805250,0.902149,64,52,49,25,0,0,0,0,594,416,339,257
2026/02/04/20:19:49,1974.649526,0.805250,0.902149,0.805250,0.902149,64,52,49,25,0,0,0,0,594,416,339,257
2026/02/04/20:19:50,1975.650100,0.798125,0.898512,0.798125,0.898512,62,52,49,25,0,0,0,0,596,416,339,257
2026/02/04/20:19:51,1976.650900,0.798125,0.898512,0.798125,0.898512,62,52,49,25,0,0,0,0,596,416,339,257
2026/02/04/20:19:52,1977.651521,0.798125,0.898512,0.798125,0.898512,62,52,49,25,0,0,0,0,596,416,339,257
2026/02/04/20:19:53,1978.652148,0.798125,0.898512,0.798125,0.898512,62,52,49,25,0,0,0,0,596,416,339,257
2026/02/04/20:19:54,1979.652801,0.798125,0.898512,0.798125,0.898512,62,52,49,25,0,0,0,0,596,416,339,257
2026/02/04/20:19:55,1980.653418,0.849812,0.953902,0.876031,0.964080,67,54,54,25,1,1,1,0,596,416,339,257
2026/02/04/20:19:56,1981.653936,0.861656,0.965578,0.913000,0.992010,70,56,54,25,1,4,1,2,596,416,339,257
2026/02/04/20:19:57,1982.654450,0.874531,0.971634,0.928063,0.991798,68,60,54,27,2,3,1,0,599,416,339,257
2026/02/04/20:19:58,1983.655003,0.875031,0.972655,0.936813,1.003249,69,62,54,25,2,6,1,1,599,416,339,259
2026/02/04/20:19:59,1984.655533,0.876625,0.975024,0.963156,1.050110,69,63,54,25,5,12,1,1,599,416,339,259
2026/02/04/20:20:00,1985.656032,0.876781,0.974483,0.991844,1.073968,67,64,54,26,9,12,1,3,601,416,339,259
2026/02/04/20:20:01,1986.656546,0.883344,0.964805,0.998375,1.040409,70,67,51,25,7,8,1,1,601,418,342,260
2026/02/04/20:20:02,1987.657157,0.875031,0.960867,0.980500,1.031467,67,67,51,26,6,8,1,0,604,418,342,260
2026/02/04/20:20:03,1988.657882,0.875031,0.960867,0.980500,1.031467,67,67,51,26,6,8,1,0,604,418,342,260
2026/02/04/20:20:04,1989.658494,0.874406,0.958143,0.967469,0.998707,66,67,51,26,4,6,1,0,606,418,342,260
2026/02/04/20:20:05,1990.658973,0.881437,0.963430,0.994656,1.039657,66,70,51,26,4,8,4,1,606,418,342,260
2026/02/04/20:20:06,1991.659508,0.879031,0.966674,0.961750,1.034291,66,69,53,26,4,6,2,1,606,419,342,260
2026/02/04/20:20:07,1992.660022,0.868969,0.960073,0.921312,1.008969,64,67,53,26,4,2,2,1,608,422,342,260
2026/02/04/20:20:08,1993.660576,0.868969,0.960073,0.921312,1.008969,64,67,53,26,4,2,2,1,608,422,342,260
2026/02/04/20:20:09,1994.661096,0.868969,0.960073,0.919750,0.996242,64,67,53,26,4,2,2,0,608,422,342,260
2026/02/04/20:20:10,1995.662910,0.868969,0.960073,0.919750,0.996242,64,67,53,26,4,2,2,0,608,422,342,260
2026/02/04/20:20:11,1996.663599,0.874344,0.964400,0.925125,1.000568,66,67,53,26,4,2,2,0,608,422,342,260
2026/02/04/20:20:12,1997.664059,0.868000,0.960240,0.912438,0.992248,65,67,53,26,3,2,2,0,609,422,342,260
2026/02/04/20:20:13,1998.664571,0.853125,0.953330,0.886906,0.976682,65,65,52,26,1,2,2,0,610,424,343,260
2026/02/04/20:20:14,1999.665059,0.847750,0.949004,0.881531,0.972356,63,65,52,26,1,2,2,0,612,424,343,260
2026/02/04/20:20:15,2000.665759,0.854875,0.959539,0.884062,0.977391,65,66,51,27,1,2,1,0,612,424,345,260
2026/02/04/20:20:16,2001.666257,0.854875,0.959539,0.884062,0.977391,65,66,51,27,1,2,1,0,612,424,345,260
2026/02/04/20:20:17,2002.666970,0.852906,0.954550,0.882094,0.972402,65,65,51,27,1,2,1,0,612,425,345,260
2026/02/04/20:20:18,2003.667573,0.852906,0.954550,0.892813,0.977416,65,65,51,27,1,2,1,1,612,425,345,260
2026/02/04/20:20:19,2004.668202,0.848219,0.946908,0.888125,0.969774,65,62,51,27,1,2,1,1,612,428,345,260
2026/02/04/20:20:20,2005.668917,0.848219,0.946908,0.877406,0.964760,65,62,51,27,1,2,1,0,612,428,345,260
2026/02/04/20:20:21,2006.787998,0.856156,0.942552,0.871969,0.952357,65,61,52,27,1,1,0,0,612,429,345,260
2026/02/04/20:20:22,2007.788764,0.856156,0.942552,0.871969,0.952357,65,61,52,27,1,1,0,0,612,429,345,260
2026/02/04/20:20:23,2008.789347,0.846313,0.934662,0.862125,0.944468,65,58,52,27,1,1,0,0,612,432,345,260
2026/02/04/20:20:24,2009.789941,0.848094,0.941678,0.862125,0.944468,66,58,52,27,0,1,0,0,612,432,345,260
2026/02/04/20:20:25,2010.790566,0.848094,0.941678,0.862125,0.944468,66,58,52,27,0,1,0,0,612,432,345,260
2026/02/04/20:20:26,2011.791252,0.848094,0.941678,0.862125,0.944468,66,58,52,27,0,1,0,0,612,432,345,260
2026/02/04/20:20:27,2012.792073,0.848094,0.941678,0.862125,0.944468,66,58,52,27,0,1,0,0,612,432,345,260
2026/02/04/20:20:28,2013.792747,0.848094,0.941678,0.862125,0.944468,66,58,52,27,0,1,0,0,612,432,345,260
2026/02/04/20:20:29,2014.793266,0.848094,0.941678,0.862125,0.944468,66,58,52,27,0,1,0,0,612,432,345,260
2026/02/04/20:20:30,2015.793739,0.848094,0.941678,0.862125,0.944468,66,58,52,27,0,1,0,0,612,432,345,260
2026/02/04/20:20:31,2016.795781,0.843094,0.940048,0.857125,0.942838,66,58,52,26,0,1,0,0,612,432,345,261
2026/02/04/20:20:32,2017.805685,0.843094,0.940048,0.857125,0.942838,66,58,52,26,0,1,0,0,612,432,345,261
2026/02/04/20:20:33,2018.806128,0.857125,0.942838,0.857125,0.942838,66,59,52,26,0,0,0,0,613,432,345,261
2026/02/04/20:20:34,2019.806792,0.857125,0.942838,0.857125,0.942838,66,59,52,26,0,0,0,0,613,432,345,261
2026/02/04/20:20:35,2020.807380,0.857125,0.942838,0.857125,0.942838,66,59,52,26,0,0,0,0,613,432,345,261
2026/02/04/20:20:36,2021.807940,0.857125,0.942838,0.857125,0.942838,66,59,52,26,0,0,0,0,613,432,345,261
2026/02/04/20:20:37,2022.808486,0.857125,0.942838,0.857125,0.942838,66,59,52,26,0,0,0,0,613,432,345,261
2026/02/04/20:20:38,2023.809016,0.857125,0.942838,0.857125,0.942838,66,59,52,26,0,0,0,0,613,432,345,261
2026/02/04/20:20:39,2024.809596,0.843625,0.930339,0.843625,0.930339,63,59,52,26,0,0,0,0,616,432,345,261
2026/02/04/20:20:40,2025.809994,0.838844,0.923233,0.838844,0.923233,63,56,52,26,0,0,0,0,616,435,345,261
2026/02/04/20:20:41,2026.810611,0.838844,0.923233,0.838844,0.923233,63,56,52,26,0,0,0,0,616,435,345,261
2026/02/04/20:20:42,2027.811383,0.834719,0.919783,0.834719,0.919783,61,56,52,26,0,0,0,0,618,435,345,261
2026/02/04/20:20:43,2028.812066,0.834719,0.919783,0.834719,0.919783,61,56,52,26,0,0,0,0,618,435,345,261
2026/02/04/20:20:44,2029.812584,0.834719,0.919783,0.834719,0.919783,61,56,52,26,0,0,0,0,618,435,345,261
2026/02/04/20:20:45,2030.813077,0.834719,0.919783,0.834719,0.919783,61,56,52,26,0,0,0,0,618,435,345,261
2026/02/04/20:20:46,2031.813677,0.834719,0.919783,0.834719,0.919783,61,56,52,26,0,0,0,0,618,435,345,261
2026/02/04/20:20:47,2032.814366,0.830125,0.914282,0.830125,0.914282,61,56,51,26,0,0,0,0,618,435,346,261
2026/02/04/20:20:48,2033.815187,0.849656,0.932477,0.849656,0.932477,64,56,53,26,0,0,0,0,618,435,346,261
2026/02/04/20:20:49,2034.821449,0.849656,0.932477,0.849656,0.932477,64,56,53,26,0,0,0,0,618,435,346,261
2026/02/04/20:20:50,2035.821922,0.849656,0.932477,0.849656,0.932477,64,56,53,26,0,0,0,0,618,435,346,261
2026/02/04/20:20:51,2036.822580,0.837969,0.926053,0.837969,0.926053,64,56,51,26,0,0,0,0,618,435,348,261
2026/02/04/20:20:52,2037.823116,0.831844,0.920037,0.831844,0.920037,62,56,51,26,0,0,0,0,620,435,348,261
2026/02/04/20:20:53,2038.823816,0.810531,0.916348,0.810531,0.916348,62,56,49,26,0,0,0,0,620,435,350,261
2026/02/04/20:20:54,2039.824462,0.810531,0.916348,0.810531,0.916348,62,56,49,26,0,0,0,0,620,435,350,261
2026/02/04/20:20:55,2040.825218,0.810531,0.916348,0.810531,0.916348,62,56,49,26,0,0,0,0,620,435,350,261
2026/02/04/20:20:56,2041.825819,0.810531,0.916348,0.810531,0.916348,62,56,49,26,0,0,0,0,620,435,350,261
2026/02/04/20:20:57,2042.826317,0.810531,0.916348,0.810531,0.916348,62,56,49,26,0,0,0,0,620,435,350,261
2026/02/04/20:20:58,2043.826952,0.810531,0.916348,0.810531,0.916348,62,56,49,26,0,0,0,0,620,435,350,261
2026/02/04/20:20:59,2044.827707,0.810531,0.916348,0.810531,0.916348,62,56,49,26,0,0,0,0,620,435,350,261
2026/02/04/20:21:00,2045.828322,0.810531,0.916348,0.810531,0.916348,62,56,49,26,0,0,0,0,620,435,350,261
2026/02/04/20:21:01,2046.829041,0.810531,0.916348,0.810531,0.916348,62,56,49,26,0,0,0,0,620,435,350,261
2026/02/04/20:21:02,2047.829688,0.810531,0.916348,0.810531,0.916348,62,56,49,26,0,0,0,0,620,435,350,261
2026/02/04/20:21:03,2048.830278,0.810531,0.916348,0.810531,0.916348,62,56,49,26,0,0,0,0,620,435,350,261
2026/02/04/20:21:04,2049.831067,0.810531,0.916348,0.810531,0.916348,62,56,49,26,0,0,0,0,620,435,350,261
2026/02/04/20:21:05,2050.831639,0.810531,0.916348,0.810531,0.916348,62,56,49,26,0,0,0,0,620,435,350,261
2026/02/04/20:21:06,2051.832244,0.810531,0.916348,0.810531,0.916348,62,56,49,26,0,0,0,0,620,435,350,261
2026/02/04/20:21:07,2052.832960,0.810531,0.916348,0.810531,0.916348,62,56,49,26,0,0,0,0,620,435,350,261
2026/02/04/20:21:08,2053.833497,0.810531,0.916348,0.810531,0.916348,62,56,49,26,0,0,0,0,620,435,350,261
2026/02/04/20:21:09,2054.834238,0.810531,0.916348,0.810531,0.916348,62,56,49,26,0,0,0,0,620,435,350,261
2026/02/04/20:21:10,2055.834947,0.810531,0.916348,0.810531,0.916348,62,56,49,26,0,0,0,0,620,435,350,261
2026/02/04/20:21:11,2056.835547,0.827000,0.922452,0.836875,0.972667,64,57,49,26,3,0,0,2,620,435,350,261
2026/02/04/20:21:12,2057.836087,0.827000,0.922452,0.836875,0.972667,64,57,49,26,3,0,0,2,620,435,350,261
2026/02/04/20:21:13,2058.836807,0.826937,0.922412,0.835156,0.966913,63,57,49,27,3,0,0,1,621,435,350,261
2026/02/04/20:21:14,2059.837458,0.816312,0.919262,0.817969,0.924977,61,57,49,27,0,0,0,1,623,435,350,261
2026/02/04/20:21:15,2060.838161,0.816312,0.919262,0.817969,0.924977,61,57,49,27,0,0,0,1,623,435,350,261
2026/02/04/20:21:16,2061.838785,0.800625,0.910758,0.800625,0.910758,61,56,49,26,0,0,0,0,623,436,350,262
2026/02/04/20:21:17,2062.839424,0.800625,0.910758,0.800625,0.910758,61,56,49,26,0,0,0,0,623,436,350,262
2026/02/04/20:21:18,2063.840036,0.800625,0.910758,0.800625,0.910758,61,56,49,26,0,0,0,0,623,436,350,262
2026/02/04/20:21:19,2064.840744,0.800625,0.910758,0.800625,0.910758,61,56,49,26,0,0,0,0,623,436,350,262
2026/02/04/20:21:20,2065.841238,0.839125,0.937642,0.847719,0.967140,61,63,49,29,0,2,3,0,623,436,350,262
2026/02/04/20:21:21,2066.841808,0.843594,0.942117,0.859250,1.013512,62,63,49,30,0,3,3,3,623,436,350,262
2026/02/04/20:21:22,2067.842571,0.821844,0.935557,0.835719,1.001558,62,63,50,27,0,3,2,3,623,436,350,265
2026/02/04/20:21:23,2068.843291,0.821844,0.935557,0.830562,0.976429,62,63,50,27,0,0,2,3,623,436,350,265
2026/02/04/20:21:24,2069.843926,0.817969,0.932199,0.826688,0.973070,62,61,50,27,0,0,2,3,623,438,350,265
2026/02/04/20:21:25,2070.844615,0.817969,0.928957,0.823125,0.959038,60,61,52,27,0,0,0,3,625,438,350,265
2026/02/04/20:21:26,2071.845271,0.817969,0.928957,0.823125,0.959038,60,61,52,27,0,0,0,3,625,438,350,265
2026/02/04/20:21:27,2072.845920,0.817969,0.928957,0.823125,0.959038,60,61,52,27,0,0,0,3,625,438,350,265
2026/02/04/20:21:28,2073.846509,0.814000,0.927269,0.819156,0.957350,60,60,52,27,0,0,0,3,625,439,350,265
2026/02/04/20:21:29,2074.847201,0.812375,0.924810,0.817531,0.954891,59,60,52,27,0,0,0,3,626,439,350,265
2026/02/04/20:21:30,2075.847824,0.812375,0.924810,0.812375,0.924810,59,60,52,27,0,0,0,0,626,439,350,265
2026/02/04/20:21:31,2076.848611,0.807031,0.908625,0.807031,0.908625,59,60,49,27,0,0,0,0,626,439,353,265
2026/02/04/20:21:32,2077.849311,0.807031,0.908625,0.807031,0.908625,59,60,49,27,0,0,0,0,626,439,353,265
2026/02/04/20:21:33,2078.849936,0.807031,0.908625,0.807031,0.908625,59,60,49,27,0,0,0,0,626,439,353,265
2026/02/04/20:21:34,2079.850606,0.803094,0.902064,0.803094,0.902064,59,58,49,27,0,0,0,0,626,441,353,265
2026/02/04/20:21:35,2080.851280,0.803094,0.902064,0.803094,0.902064,59,58,49,27,0,0,0,0,626,441,353,265
2026/02/04/20:21:36,2081.852024,0.803094,0.902064,0.803094,0.902064,59,58,49,27,0,0,0,0,626,441,353,265
2026/02/04/20:21:37,2082.852670,0.803094,0.902064,0.803094,0.902064,59,58,49,27,0,0,0,0,626,441,353,265
2026/02/04/20:21:38,2083.853225,0.803094,0.902064,0.803094,0.902064,59,58,49,27,0,0,0,0,626,441,353,265
2026/02/04/20:21:39,2084.853846,0.803094,0.902064,0.803094,0.902064,59,58,49,27,0,0,0,0,626,441,353,265
2026/02/04/20:21:40,2085.854572,0.803094,0.902064,0.803094,0.902064,59,58,49,27,0,0,0,0,626,441,353,265
2026/02/04/20:21:41,2086.855297,0.803094,0.902064,0.803094,0.902064,59,58,49,27,0,0,0,0,626,441,353,265
2026/02/04/20:21:42,2087.855925,0.803094,0.902064,0.803094,0.902064,59,58,49,27,0,0,0,0,626,441,353,265
2026/02/04/20:21:43,2088.856572,0.803094,0.902064,0.803094,0.902064,59,58,49,27,0,0,0,0,626,441,353,265
2026/02/04/20:21:44,2089.857299,0.803094,0.902064,0.803094,0.902064,59,58,49,27,0,0,0,0,626,441,353,265
2026/02/04/20:21:45,2090.858027,0.803094,0.902064,0.803094,0.902064,59,58,49,27,0,0,0,0,626,441,353,265
2026/02/04/20:21:46,2091.858646,0.803094,0.902064,0.803094,0.902064,59,58,49,27,0,0,0,0,626,441,353,265
2026/02/04/20:21:47,2092.859425,0.803094,0.902064,0.810906,0.904549,59,58,49,27,1,0,0,0,626,441,353,265
2026/02/04/20:21:48,2093.860024,0.832187,0.924586,0.834406,0.929681,62,58,50,32,0,0,0,1,626,441,353,265
2026/02/04/20:21:49,2094.860731,0.839313,0.937030,0.841531,0.942125,62,58,50,35,0,0,0,1,626,441,353,265
2026/02/04/20:21:50,2095.861310,0.839313,0.937030,0.841531,0.942125,62,58,50,35,0,0,0,1,626,441,353,265
2026/02/04/20:21:51,2096.861937,0.837063,0.935343,0.839281,0.940438,62,58,50,34,0,0,0,1,626,441,353,266
2026/02/04/20:21:52,2097.862536,0.837063,0.935343,0.839281,0.940438,62,58,50,34,0,0,0,1,626,441,353,266
2026/02/04/20:21:53,2098.863218,0.837063,0.935343,0.839281,0.940438,62,58,50,34,0,0,0,1,626,441,353,266
2026/02/04/20:21:54,2099.864090,0.832625,0.925152,0.832625,0.925152,62,58,50,32,0,0,0,0,626,441,353,268
2026/02/04/20:21:55,2100.864685,0.830187,0.921987,0.830187,0.921987,61,58,50,32,0,0,0,0,627,441,353,268
2026/02/04/20:21:56,2101.865421,0.830187,0.921987,0.830187,0.921987,61,58,50,32,0,0,0,0,627,441,353,268
2026/02/04/20:21:57,2102.866785,0.814562,0.917017,0.814562,0.917017,59,58,50,32,0,0,0,0,629,441,353,268
2026/02/04/20:21:58,2103.867449,0.814562,0.917017,0.814562,0.917017,59,58,50,32,0,0,0,0,629,441,353,268
2026/02/04/20:21:59,2104.868079,0.809781,0.908326,0.809781,0.908326,59,58,50,29,0,0,0,0,629,441,353,271
2026/02/04/20:22:00,2105.868794,0.809781,0.908326,0.809781,0.908326,59,58,50,29,0,0,0,0,629,441,353,271
2026/02/04/20:22:01,2106.869487,0.809781,0.908326,0.809781,0.908326,59,58,50,29,0,0,0,0,629,441,353,271
2026/02/04/20:22:02,2107.870043,0.818875,0.915237,0.818875,0.915237,62,58,50,29,0,0,0,0,629,441,353,271
2026/02/04/20:22:03,2108.870666,0.818875,0.915237,0.818875,0.915237,62,58,50,29,0,0,0,0,629,441,353,271
2026/02/04/20:22:04,2109.871346,0.818875,0.915237,0.818875,0.915237,62,58,50,29,0,0,0,0,629,441,353,271
2026/02/04/20:22:05,2110.871960,0.813031,0.912282,0.813031,0.912282,62,57,50,29,0,0,0,0,629,442,353,271
2026/02/04/20:22:06,2111.872571,0.801625,0.903261,0.801625,0.903261,59,57,50,28,0,0,0,0,632,442,353,272
2026/02/04/20:22:07,2112.873333,0.801625,0.903261,0.801625,0.903261,59,57,50,28,0,0,0,0,632,442,353,272
2026/02/04/20:22:08,2113.873928,0.801625,0.903261,0.801625,0.903261,59,57,50,28,0,0,0,0,632,442,353,272
2026/02/04/20:22:09,2114.874515,0.818187,0.913695,0.823500,0.920296,63,57,50,28,2,0,0,0,632,442,353,272
2026/02/04/20:22:10,2115.875047,0.852219,0.935656,0.903531,0.947451,66,57,53,29,2,0,1,1,632,442,353,272
2026/02/04/20:22:11,2116.875673,0.852219,0.935656,0.903531,0.947451,66,57,53,29,2,0,1,1,632,442,353,272
2026/02/04/20:22:12,2117.875957,0.836844,0.922273,0.888156,0.934068,65,57,50,29,2,0,1,1,633,442,356,272
2026/02/04/20:22:13,2118.876514,0.836844,0.922273,0.888156,0.934068,65,57,50,29,2,0,1,1,633,442,356,272
2026/02/04/20:22:14,2119.877104,0.838562,0.924602,0.868594,0.963320,66,57,50,29,0,3,1,1,633,442,356,272
2026/02/04/20:22:15,2120.877720,0.836562,0.927012,0.841906,0.959367,66,57,51,28,0,3,0,0,633,442,356,273
2026/02/04/20:22:16,2121.878352,0.836562,0.927012,0.841906,0.959367,66,57,51,28,0,3,0,0,633,442,356,273
2026/02/04/20:22:17,2122.878813,0.836562,0.927012,0.841906,0.959367,66,57,51,28,0,3,0,0,633,442,356,273
2026/02/04/20:22:18,2123.879460,0.820219,0.916242,0.825562,0.948597,62,57,51,28,0,3,0,0,637,442,356,273
2026/02/04/20:22:19,2124.879969,0.820219,0.916242,0.825562,0.948597,62,57,51,28,0,3,0,0,637,442,356,273
2026/02/04/20:22:20,2125.880479,0.840719,0.947883,0.851125,0.991170,64,57,54,31,0,3,0,2,637,442,356,273
2026/02/04/20:22:21,2126.881070,0.856531,0.953849,0.879938,1.011385,64,59,54,32,0,4,0,3,637,442,356,273
2026/02/04/20:22:22,2127.881654,0.856531,0.953849,0.879938,1.011385,64,59,54,32,0,4,0,3,637,442,356,273
2026/02/04/20:22:23,2128.882389,0.845906,0.951975,0.882594,1.026163,64,59,54,31,3,4,0,2,637,442,356,274
2026/02/04/20:22:24,2129.882917,0.845906,0.951975,0.882594,1.026163,64,59,54,31,3,4,0,2,637,442,356,274
2026/02/04/20:22:25,2130.883594,0.845906,0.951975,0.882594,1.026163,64,59,54,31,3,4,0,2,637,442,356,274
2026/02/04/20:22:26,2131.884181,0.843406,0.950005,0.877281,1.019562,62,59,54,32,3,4,0,1,639,442,356,274
2026/02/04/20:22:27,2132.884633,0.838219,0.945913,0.872094,1.015470,62,57,54,32,3,4,0,1,639,444,356,274
2026/02/04/20:22:28,2133.885334,0.838219,0.945913,0.872094,1.015470,62,57,54,32,3,4,0,1,639,444,356,274
2026/02/04/20:22:29,2134.885971,0.838219,0.945913,0.872094,1.015470,62,57,54,32,3,4,0,1,639,444,356,274
2026/02/04/20:22:30,2135.886556,0.838219,0.945913,0.866688,1.003498,62,57,54,32,2,4,0,1,639,444,356,274
2026/02/04/20:22:31,2136.887282,0.838219,0.945913,0.866688,1.003498,62,57,54,32,2,4,0,1,639,444,356,274
2026/02/04/20:22:32,2137.887881,0.838219,0.945913,0.866688,1.003498,62,57,54,32,2,4,0,1,639,444,356,274
2026/02/04/20:22:33,2138.888576,0.835531,0.943660,0.864000,1.001245,62,57,54,31,2,4,0,1,639,444,356,275
2026/02/04/20:22:34,2139.938208,0.835531,0.943660,0.864000,1.001245,62,57,54,31,2,4,0,1,639,444,356,275
2026/02/04/20:22:35,2140.938897,0.835531,0.943660,0.864000,1.001245,62,57,54,31,2,4,0,1,639,444,356,275
2026/02/04/20:22:36,2141.939553,0.841531,0.941180,0.860750,0.995488,61,57,54,31,1,4,0,1,641,444,356,275
2026/02/04/20:22:37,2142.939933,0.841531,0.941180,0.860750,0.995488,61,57,54,31,1,4,0,1,641,444,356,275
2026/02/04/20:22:38,2143.940548,0.841531,0.941180,0.860750,0.995488,61,57,54,31,1,4,0,1,641,444,356,275
2026/02/04/20:22:39,2144.941281,0.841531,0.941180,0.860750,0.995488,61,57,54,31,1,4,0,1,641,444,356,275
2026/02/04/20:22:40,2145.941873,0.835531,0.930851,0.843250,0.975581,61,57,51,30,0,4,0,0,642,444,359,277
2026/02/04/20:22:41,2146.942477,0.835531,0.930851,0.843250,0.975581,61,57,51,30,0,4,0,0,642,444,359,277
2026/02/04/20:22:42,2147.942998,0.829719,0.927442,0.837437,0.972172,61,57,51,28,0,4,0,0,642,444,359,279
2026/02/04/20:22:43,2148.943635,0.839688,0.931121,0.847406,0.975851,61,58,51,29,0,4,0,0,642,444,359,279
2026/02/04/20:22:44,2149.944412,0.838313,0.930175,0.842469,0.953335,61,60,49,29,0,2,0,0,642,444,361,279
2026/02/04/20:22:45,2150.945020,0.838313,0.930175,0.886437,0.960361,61,60,49,29,3,2,0,0,642,444,361,279
2026/02/04/20:22:46,2151.945667,0.838313,0.930175,0.886437,0.960361,61,60,49,29,3,2,0,0,642,444,361,279
2026/02/04/20:22:47,2152.953376,0.838313,0.930175,0.886437,0.960361,61,60,49,29,3,2,0,0,642,444,361,279
2026/02/04/20:22:48,2153.954151,0.838313,0.930175,0.886437,0.960361,61,60,49,29,3,2,0,0,642,444,361,279
2026/02/04/20:22:49,2154.966297,0.831562,0.911272,0.879687,0.941458,61,60,49,26,3,2,0,0,642,444,361,282
2026/02/04/20:22:50,2155.966930,0.834906,0.915616,0.972844,0.976394,62,62,49,25,3,5,0,3,642,444,361,283
2026/02/04/20:22:51,2156.967470,0.834906,0.915616,0.972844,0.976394,62,62,49,25,3,5,0,3,642,444,361,283
2026/02/04/20:22:52,2157.968178,0.834906,0.915616,0.926063,0.963730,62,62,49,25,3,5,0,0,642,444,361,283
2026/02/04/20:22:53,2158.968751,0.834906,0.915616,0.926063,0.963730,62,62,49,25,3,5,0,0,642,444,361,283
2026/02/04/20:22:54,2159.969415,0.832875,0.912681,0.924031,0.960795,61,62,49,25,3,5,0,0,643,444,361,283
2026/02/04/20:22:55,2160.970025,0.832875,0.912681,0.849000,0.950428,61,62,49,25,0,3,0,0,643,444,361,283
2026/02/04/20:22:56,2161.970712,0.832875,0.912681,0.849000,0.950428,61,62,49,25,0,3,0,0,643,444,361,283
2026/02/04/20:22:57,2162.971411,0.824969,0.911032,0.841094,0.948778,61,61,49,25,0,3,0,0,643,445,361,283
2026/02/04/20:22:58,2163.972041,0.824969,0.911032,0.841094,0.948778,61,61,49,25,0,3,0,0,643,445,361,283
2026/02/04/20:22:59,2164.972728,0.824969,0.911032,0.841094,0.948778,61,61,49,25,0,3,0,0,643,445,361,283
2026/02/04/20:23:00,2165.973390,0.824969,0.911032,0.841094,0.948778,61,61,49,25,0,3,0,0,643,445,361,283
2026/02/04/20:23:01,2166.974027,0.824969,0.911032,0.841094,0.948778,61,61,49,25,0,3,0,0,643,445,361,283
2026/02/04/20:23:02,2168.038206,0.824969,0.911032,0.841094,0.948778,61,61,49,25,0,3,0,0,643,445,361,283
2026/02/04/20:23:03,2169.038846,0.824969,0.911032,0.841094,0.948778,61,61,49,25,0,3,0,0,643,445,361,283
2026/02/04/20:23:04,2170.053992,0.824969,0.911032,0.841094,0.948778,61,61,49,25,0,3,0,0,643,445,361,283
2026/02/04/20:23:06,2171.138119,0.824969,0.911032,0.841094,0.948778,61,61,49,25,0,3,0,0,643,445,361,283
2026/02/04/20:23:07,2172.138492,0.841094,0.948778,0.841094,0.948778,61,64,49,25,0,0,0,0,649,445,361,283
2026/02/04/20:23:08,2173.139078,0.841094,0.948778,0.841094,0.948778,61,64,49,25,0,0,0,0,649,445,361,283
2026/02/04/20:23:09,2174.139661,0.841094,0.948778,0.841094,0.948778,61,64,49,25,0,0,0,0,649,445,361,283
2026/02/04/20:23:10,2175.140315,0.841094,0.948778,0.841094,0.948778,61,64,49,25,0,0,0,0,649,445,361,283
2026/02/04/20:23:11,2176.141026,0.841094,0.948778,0.841094,0.948778,61,64,49,25,0,0,0,0,649,445,361,283
2026/02/04/20:23:12,2177.141768,0.837750,0.918172,0.837750,0.918172,61,62,49,25,0,0,0,0,649,448,361,283
2026/02/04/20:23:13,2178.142440,0.837750,0.918172,0.837750,0.918172,61,62,49,25,0,0,0,0,649,448,361,283
2026/02/04/20:23:14,2179.143109,0.835750,0.916423,0.835750,0.916423,61,61,49,25,0,0,0,0,649,449,361,283
2026/02/04/20:23:15,2180.143359,0.817312,0.906069,0.817312,0.906069,61,61,47,25,0,0,0,0,649,449,363,283
2026/02/04/20:23:16,2181.143929,0.817312,0.906069,0.817312,0.906069,61,61,47,25,0,0,0,0,649,449,363,283
2026/02/04/20:23:17,2182.144650,0.817312,0.906069,0.817312,0.906069,61,61,47,25,0,0,0,0,649,449,363,283
2026/02/04/20:23:18,2183.145312,0.817312,0.906069,0.817312,0.906069,61,61,47,25,0,0,0,0,649,449,363,283
2026/02/04/20:23:19,2184.145936,0.817312,0.906069,0.817312,0.906069,61,61,47,25,0,0,0,0,649,449,363,283
2026/02/04/20:23:20,2185.146480,0.805344,0.891482,0.805344,0.891482,61,60,47,25,0,0,0,0,649,450,363,283
2026/02/04/20:23:21,2186.147200,0.805344,0.891482,0.805344,0.891482,61,60,47,25,0,0,0,0,649,450,363,283
2026/02/04/20:23:22,2187.147914,0.805344,0.891482,0.805344,0.891482,61,60,47,25,0,0,0,0,649,450,363,283
2026/02/04/20:23:23,2188.148590,0.805344,0.891482,0.805344,0.891482,61,60,47,25,0,0,0,0,649,450,363,283
2026/02/04/20:23:24,2189.149184,0.805344,0.891482,0.805344,0.891482,61,60,47,25,0,0,0,0,649,450,363,283
2026/02/04/20:23:25,2190.149842,0.805344,0.891482,0.805344,0.891482,61,60,47,25,0,0,0,0,649,450,363,283
2026/02/04/20:23:26,2191.150432,0.805344,0.891482,0.805344,0.891482,61,60,47,25,0,0,0,0,649,450,363,283
2026/02/04/20:23:27,2192.151200,0.805344,0.891482,0.805344,0.891482,61,60,47,25,0,0,0,0,649,450,363,283
2026/02/04/20:23:28,2193.151760,0.805344,0.891482,0.805344,0.891482,61,60,47,25,0,0,0,0,649,450,363,283
2026/02/04/20:23:29,2194.152459,0.805344,0.891482,0.805344,0.891482,61,60,47,25,0,0,0,0,649,450,363,283
2026/02/04/20:23:30,2195.153286,0.834562,0.914903,0.834562,0.914903,63,66,47,25,0,0,0,0,649,450,363,283
2026/02/04/20:23:31,2196.153906,0.866500,0.948886,0.869406,0.951620,63,69,53,28,0,0,0,1,649,450,363,283
2026/02/04/20:23:32,2197.154602,0.879437,0.958274,0.909750,0.983332,67,69,53,29,1,3,0,1,649,450,363,283
2026/02/04/20:23:33,2198.155138,0.884375,0.950129,0.908344,0.971709,68,67,50,29,1,2,0,1,649,454,366,283
2026/02/04/20:23:34,2199.155671,0.884375,0.950129,0.908344,0.971709,68,67,50,29,1,2,0,1,649,454,366,283
2026/02/04/20:23:35,2200.156308,0.888406,0.949210,0.898656,0.952728,69,66,50,28,0,1,0,0,649,456,366,284
2026/02/04/20:23:36,2201.156962,0.870563,0.939230,0.880812,0.942748,67,66,47,28,0,1,0,0,651,456,369,284
2026/02/04/20:23:37,2202.157573,0.854750,0.925986,0.865000,0.929504,64,66,47,25,0,1,0,0,654,456,369,287
2026/02/04/20:23:38,2203.158243,0.855688,0.924161,0.855688,0.924161,62,67,47,25,0,0,0,0,656,456,369,287
2026/02/04/20:23:39,2204.158744,0.855688,0.924161,0.855688,0.924161,62,67,47,25,0,0,0,0,656,456,369,287
2026/02/04/20:23:40,2205.159528,0.855688,0.924161,0.855688,0.924161,62,67,47,25,0,0,0,0,656,456,369,287
2026/02/04/20:23:41,2206.160225,0.855688,0.924161,0.855688,0.924161,62,67,47,25,0,0,0,0,656,456,369,287
2026/02/04/20:23:42,2207.160908,0.855688,0.924161,0.855688,0.924161,62,67,47,25,0,0,0,0,656,456,369,287
2026/02/04/20:23:43,2208.161625,0.855688,0.924161,0.855688,0.924161,62,67,47,25,0,0,0,0,656,456,369,287
2026/02/04/20:23:44,2209.161948,0.855688,0.924161,0.855688,0.924161,62,67,47,25,0,0,0,0,656,456,369,287
2026/02/04/20:23:45,2210.162656,0.855688,0.924161,0.855688,0.924161,62,67,47,25,0,0,0,0,656,456,369,287
2026/02/04/20:23:46,2211.163309,0.824937,0.913608,0.824937,0.913608,62,64,47,25,0,0,0,0,656,459,369,287
2026/02/04/20:23:47,2212.163952,0.835094,0.917594,0.835094,0.917594,63,64,47,25,0,0,0,0,656,459,369,287
2026/02/04/20:23:48,2213.164584,0.845844,0.923236,0.845844,0.923236,63,64,49,25,0,0,0,0,656,459,369,287
2026/02/04/20:23:49,2214.165292,0.845844,0.923236,0.845844,0.923236,63,64,49,25,0,0,0,0,656,459,369,287
2026/02/04/20:23:50,2215.165933,0.835094,0.917594,0.835094,0.917594,63,64,47,25,0,0,0,0,656,459,371,287
2026/02/04/20:23:51,2216.166549,0.842219,0.922670,0.842219,0.922670,66,64,47,25,0,0,0,0,656,459,371,287
2026/02/04/20:23:52,2217.167269,0.840406,0.914965,0.840406,0.914965,65,64,47,25,0,0,0,0,657,459,371,287
2026/02/04/20:23:53,2218.167892,0.840406,0.914965,0.840406,0.914965,65,64,47,25,0,0,0,0,657,459,371,287
2026/02/04/20:23:54,2219.168472,0.830250,0.910979,0.830250,0.910979,64,64,47,25,0,0,0,0,658,459,371,287
2026/02/04/20:23:55,2220.169110,0.830250,0.910979,0.830250,0.910979,64,64,47,25,0,0,0,0,658,459,371,287
2026/02/04/20:23:56,2221.169647,0.823906,0.907500,0.823906,0.907500,64,63,47,25,0,0,0,0,658,460,371,287
2026/02/04/20:23:57,2222.170272,0.823906,0.907500,0.823906,0.907500,64,63,47,25,0,0,0,0,658,460,371,287
2026/02/04/20:23:58,2223.170937,0.823906,0.907500,0.823906,0.907500,64,63,47,25,0,0,0,0,658,460,371,287
2026/02/04/20:23:59,2224.171532,0.827469,0.908946,0.827469,0.908946,67,61,47,25,0,0,0,0,658,462,371,287
2026/02/04/20:24:00,2225.172067,0.827469,0.908946,0.827469,0.908946,67,61,47,25,0,0,0,0,658,462,371,287
2026/02/04/20:24:01,2226.172712,0.827469,0.908946,0.827469,0.908946,67,61,47,25,0,0,0,0,658,462,371,287
2026/02/04/20:24:02,2227.173275,0.827469,0.908946,0.827469,0.908946,67,61,47,25,0,0,0,0,658,462,371,287
2026/02/04/20:24:03,2228.173908,0.827469,0.908946,0.827469,0.908946,67,61,47,25,0,0,0,0,658,462,371,287
2026/02/04/20:24:04,2229.174476,0.827469,0.908946,0.827469,0.908946,67,61,47,25,0,0,0,0,658,462,371,287
2026/02/04/20:24:05,2230.175086,0.827469,0.908946,0.827469,0.908946,67,61,47,25,0,0,0,0,658,462,371,287
2026/02/04/20:24:06,2231.175890,0.820719,0.904179,0.820719,0.904179,64,61,47,25,0,0,0,0,661,462,371,287
2026/02/04/20:24:07,2232.176461,0.820719,0.904179,0.820719,0.904179,64,61,47,25,0,0,0,0,661,462,371,287
2026/02/04/20:24:08,2233.177288,0.820719,0.904179,0.820719,0.904179,64,61,47,25,0,0,0,0,661,462,371,287
2026/02/04/20:24:09,2234.177848,0.820719,0.904179,0.820719,0.904179,64,61,47,25,0,0,0,0,661,462,371,287
2026/02/04/20:24:10,2235.178477,0.820719,0.904179,0.820719,0.904179,64,61,47,25,0,0,0,0,661,462,371,287
2026/02/04/20:24:11,2236.179081,0.820719,0.904179,0.820719,0.904179,64,61,47,25,0,0,0,0,661,462,371,287
2026/02/04/20:24:12,2237.179737,0.809281,0.893238,0.809281,0.893238,64,58,47,25,0,0,0,0,661,465,371,287
2026/02/04/20:24:13,2238.180361,0.809281,0.893238,0.809281,0.893238,64,58,47,25,0,0,0,0,661,465,371,287
2026/02/04/20:24:14,2239.180999,0.809281,0.893238,0.809281,0.893238,64,58,47,25,0,0,0,0,661,465,371,287
2026/02/04/20:24:15,2240.181647,0.809281,0.893238,0.809281,0.893238,64,58,47,25,0,0,0,0,661,465,371,287
2026/02/04/20:24:16,2241.182243,0.807594,0.891338,0.807594,0.891338,64,58,46,25,0,0,0,0,661,465,372,287
2026/02/04/20:24:17,2242.182923,0.807594,0.891338,0.807594,0.891338,64,58,46,25,0,0,0,0,661,465,372,287
2026/02/04/20:24:18,2243.183689,0.807594,0.891338,0.807594,0.891338,64,58,46,25,0,0,0,0,661,465,372,287
2026/02/04/20:24:19,2244.184328,0.807594,0.891338,0.807594,0.891338,64,58,46,25,0,0,0,0,661,465,372,287
2026/02/04/20:24:20,2245.184975,0.807594,0.891338,0.807594,0.891338,64,58,46,25,0,0,0,0,661,465,372,287
2026/02/04/20:24:21,2246.185562,0.807594,0.891338,0.807594,0.891338,64,58,46,25,0,0,0,0,661,465,372,287
2026/02/04/20:24:22,2247.186054,0.807594,0.891338,0.807594,0.891338,64,58,46,25,0,0,0,0,661,465,372,287
2026/02/04/20:24:23,2248.186761,0.807594,0.891338,0.807594,0.891338,64,58,46,25,0,0,0,0,661,465,372,287
2026/02/04/20:24:24,2249.187334,0.811281,0.894392,0.811281,0.894392,63,58,46,25,0,0,0,0,664,465,372,287
2026/02/04/20:24:25,2250.187943,0.811281,0.894392,0.811281,0.894392,63,58,46,25,0,0,0,0,664,465,372,287
2026/02/04/20:24:26,2251.188893,0.811281,0.894392,0.811281,0.894392,63,58,46,25,0,0,0,0,664,465,372,287
2026/02/04/20:24:27,2252.189509,0.811281,0.894392,0.811281,0.894392,63,58,46,25,0,0,0,0,664,465,372,287
2026/02/04/20:24:28,2253.190286,0.811281,0.894392,0.811281,0.894392,63,58,46,25,0,0,0,0,664,465,372,287
2026/02/04/20:24:29,2254.190943,0.811281,0.894392,0.811281,0.894392,63,58,46,25,0,0,0,0,664,465,372,287
2026/02/04/20:24:30,2255.191616,0.811281,0.894392,0.811281,0.894392,63,58,46,25,0,0,0,0,664,465,372,287
2026/02/04/20:24:31,2256.192297,0.811281,0.894392,0.811281,0.894392,63,58,46,25,0,0,0,0,664,465,372,287
2026/02/04/20:24:32,2257.193051,0.811281,0.894392,0.811281,0.894392,63,58,46,25,0,0,0,0,664,465,372,287
2026/02/04/20:24:33,2258.193666,0.767125,0.862523,0.767125,0.862523,63,55,46,25,0,0,0,0,664,468,372,287
2026/02/04/20:24:34,2259.194303,0.765406,0.863974,0.765406,0.863974,63,55,47,25,0,0,0,0,666,468,372,287
2026/02/04/20:24:35,2260.195004,0.765406,0.863974,0.765406,0.863974,63,55,47,25,0,0,0,0,666,468,372,287
2026/02/04/20:24:36,2261.195712,0.765406,0.863974,0.765406,0.863974,63,55,47,25,0,0,0,0,666,468,372,287
2026/02/04/20:24:37,2262.196325,0.761406,0.860731,0.761406,0.860731,61,55,47,25,0,0,0,0,668,468,372,287
2026/02/04/20:24:38,2263.196848,0.761406,0.860731,0.761406,0.860731,61,55,47,25,0,0,0,0,668,468,372,287
2026/02/04/20:24:39,2264.197410,0.778000,0.899338,0.778000,0.899338,66,55,47,25,0,0,0,0,669,468,372,287
2026/02/04/20:24:40,2265.197920,0.778000,0.899338,0.778000,0.899338,66,55,47,25,0,0,0,0,669,468,372,287
2026/02/04/20:24:41,2266.198525,0.778000,0.899338,0.778000,0.899338,66,55,47,25,0,0,0,0,669,468,372,287
2026/02/04/20:24:42,2267.199258,0.778000,0.899338,0.778000,0.899338,66,55,47,25,0,0,0,0,669,468,372,287
2026/02/04/20:24:43,2268.199994,0.778000,0.899338,0.778000,0.899338,66,55,47,25,0,0,0,0,669,468,372,287
2026/02/04/20:24:44,2269.200734,0.806969,0.920673,0.806969,0.920673,70,56,49,25,0,0,0,0,669,468,372,287
2026/02/04/20:24:45,2270.201525,0.806969,0.920673,0.806969,0.920673,70,56,49,25,0,0,0,0,669,468,372,287
2026/02/04/20:24:46,2271.202290,0.787937,0.907832,0.787937,0.907832,67,56,48,25,0,0,0,0,672,468,373,287
2026/02/04/20:24:47,2272.202960,0.787937,0.907832,0.787937,0.907832,67,56,48,25,0,0,0,0,672,468,373,287
2026/02/04/20:24:48,2273.203686,0.779937,0.895255,0.779937,0.895255,67,54,48,25,0,0,0,0,672,470,373,287
2026/02/04/20:24:49,2274.204488,0.778156,0.893384,0.778156,0.893384,67,53,48,25,0,0,0,0,672,471,373,287
2026/02/04/20:24:50,2275.205085,0.778156,0.893384,0.778156,0.893384,67,53,48,25,0,0,0,0,672,471,373,287
2026/02/04/20:24:51,2276.205903,0.774594,0.891338,0.774594,0.891338,66,53,48,25,0,0,0,0,673,471,373,287
2026/02/04/20:24:52,2277.206489,0.774594,0.891338,0.774594,0.891338,66,53,48,25,0,0,0,0,673,471,373,287
2026/02/04/20:24:53,2278.207082,0.774594,0.891338,0.774594,0.891338,66,53,48,25,0,0,0,0,673,471,373,287
2026/02/04/20:24:54,2279.207690,0.774594,0.891338,0.774594,0.891338,66,53,48,25,0,0,0,0,673,471,373,287
2026/02/04/20:24:55,2280.208299,0.774594,0.891338,0.774594,0.891338,66,53,48,25,0,0,0,0,673,471,373,287
2026/02/04/20:24:56,2281.208869,0.774594,0.891338,0.774594,0.891338,66,53,48,25,0,0,0,0,673,471,373,287
2026/02/04/20:24:57,2282.209468,0.774594,0.891338,0.774594,0.891338,66,53,48,25,0,0,0,0,673,471,373,287
2026/02/04/20:24:58,2283.210148,0.774594,0.891338,0.774594,0.891338,66,53,48,25,0,0,0,0,673,471,373,287
2026/02/04/20:24:59,2284.210880,0.774594,0.891338,0.774594,0.891338,66,53,48,25,0,0,0,0,673,471,373,287
2026/02/04/20:25:00,2285.211569,0.769062,0.865566,0.769062,0.865566,63,53,48,25,0,0,0,0,676,471,373,287
2026/02/04/20:25:01,2286.212188,0.773625,0.868728,0.773625,0.868728,63,53,48,27,0,0,0,0,676,471,373,287
2026/02/04/20:25:02,2287.213087,0.773625,0.868728,0.773625,0.868728,63,53,48,27,0,0,0,0,676,471,373,287
2026/02/04/20:25:03,2288.213642,0.773625,0.868728,0.773625,0.868728,63,53,48,27,0,0,0,0,676,471,373,287
2026/02/04/20:25:04,2289.214274,0.769062,0.865566,0.769062,0.865566,63,53,48,25,0,0,0,0,676,471,373,289
2026/02/04/20:25:05,2290.214930,0.769062,0.865566,0.769062,0.865566,63,53,48,25,0,0,0,0,676,471,373,289
2026/02/04/20:25:06,2291.215797,0.769062,0.865566,0.769062,0.865566,63,53,48,25,0,0,0,0,676,471,373,289
2026/02/04/20:25:07,2292.216309,0.769062,0.865566,0.769062,0.865566,63,53,48,25,0,0,0,0,676,471,373,289
2026/02/04/20:25:08,2293.216921,0.775906,0.871980,0.775906,0.871980,63,53,51,25,0,0,0,0,676,471,373,289
2026/02/04/20:25:09,2294.217448,0.775906,0.871980,0.775906,0.871980,63,53,51,25,0,0,0,0,676,471,373,289
2026/02/04/20:25:10,2295.218232,0.775906,0.871980,0.775906,0.871980,63,53,51,25,0,0,0,0,676,471,373,289
2026/02/04/20:25:11,2296.219003,0.775906,0.871980,0.775906,0.871980,63,53,51,25,0,0,0,0,676,471,373,289
2026/02/04/20:25:12,2297.219836,0.775906,0.871980,0.775906,0.871980,63,53,51,25,0,0,0,0,676,471,373,289
2026/02/04/20:25:13,2298.220471,0.775906,0.871980,0.775906,0.871980,63,53,51,25,0,0,0,0,676,471,373,289
2026/02/04/20:25:14,2299.221222,0.771312,0.867403,0.771312,0.867403,63,53,50,25,0,0,0,0,676,471,374,289
2026/02/04/20:25:15,2300.221807,0.771312,0.867403,0.771312,0.867403,63,53,50,25,0,0,0,0,676,471,374,289
2026/02/04/20:25:16,2301.222430,0.771312,0.867403,0.771312,0.867403,63,53,50,25,0,0,0,0,676,471,374,289
2026/02/04/20:25:17,2302.223001,0.771312,0.867403,0.771312,0.867403,63,53,50,25,0,0,0,0,676,471,374,289
2026/02/04/20:25:18,2303.223694,0.771312,0.867403,0.771312,0.867403,63,53,50,25,0,0,0,0,676,471,374,289
2026/02/04/20:25:19,2304.224308,0.771312,0.867403,0.771312,0.867403,63,53,50,25,0,0,0,0,676,471,374,289
2026/02/04/20:25:20,2305.225269,0.771312,0.867403,0.771312,0.867403,63,53,50,25,0,0,0,0,676,471,374,289
2026/02/04/20:25:21,2306.225901,0.771312,0.867403,0.771312,0.867403,63,53,50,25,0,0,0,0,676,471,374,289
2026/02/04/20:25:22,2307.226605,0.771312,0.867403,0.771312,0.867403,63,53,50,25,0,0,0,0,676,471,374,289
2026/02/04/20:25:23,2308.227180,0.771312,0.867403,0.771312,0.867403,63,53,50,25,0,0,0,0,676,471,374,289
2026/02/04/20:25:24,2309.227908,0.771312,0.867403,0.771312,0.867403,63,53,50,25,0,0,0,0,676,471,374,289
2026/02/04/20:25:25,2310.228533,0.771312,0.867403,0.771312,0.867403,63,53,50,25,0,0,0,0,676,471,374,289
2026/02/04/20:25:26,2311.229164,0.769500,0.864513,0.769500,0.864513,63,53,50,24,0,0,0,0,676,471,374,290
2026/02/04/20:25:27,2312.229886,0.769500,0.864513,0.769500,0.864513,63,53,50,24,0,0,0,0,676,471,374,290
2026/02/04/20:25:28,2313.230468,0.769500,0.864513,0.769500,0.864513,63,53,50,24,0,0,0,0,676,471,374,290
2026/02/04/20:25:29,2314.231085,0.769500,0.864513,0.769500,0.864513,63,53,50,24,0,0,0,0,676,471,374,290
2026/02/04/20:25:30,2315.231726,0.769500,0.864513,0.769500,0.864513,63,53,50,24,0,0,0,0,676,471,374,290
2026/02/04/20:25:31,2316.232384,0.769500,0.864513,0.769500,0.864513,63,53,50,24,0,0,0,0,676,471,374,290
2026/02/04/20:25:32,2317.233073,0.769500,0.864513,0.769500,0.864513,63,53,50,24,0,0,0,0,676,471,374,290
2026/02/04/20:25:33,2318.233645,0.769500,0.864513,0.769500,0.864513,63,53,50,24,0,0,0,0,676,471,374,290
2026/02/04/20:25:34,2319.234271,0.769500,0.864513,0.769500,0.864513,63,53,50,24,0,0,0,0,676,471,374,290
2026/02/04/20:25:35,2320.234792,0.769500,0.864513,0.769500,0.864513,63,53,50,24,0,0,0,0,676,471,374,290
2026/02/04/20:25:36,2321.235376,0.793000,0.880628,0.793000,0.880628,63,54,50,29,0,0,0,0,676,471,375,290
2026/02/04/20:25:37,2322.235841,0.824906,0.906368,0.854906,0.929666,64,55,54,29,0,1,2,0,676,471,375,290
2026/02/04/20:25:38,2323.236458,0.824906,0.906368,0.854906,0.929666,64,55,54,29,0,1,2,0,676,471,375,290
2026/02/04/20:25:39,2324.236958,0.825250,0.902950,0.842437,0.921781,64,55,54,28,0,1,1,0,676,471,376,291
2026/02/04/20:25:40,2325.237495,0.831375,0.913699,0.848562,0.932530,64,57,54,28,0,1,1,0,676,471,376,291
2026/02/04/20:25:41,2326.237891,0.831375,0.913699,0.848562,0.932530,64,57,54,28,0,1,1,0,676,471,376,291
2026/02/04/20:25:42,2327.238590,0.833031,0.898468,0.833031,0.898468,64,55,55,27,0,0,0,0,676,473,376,292
2026/02/04/20:25:43,2328.239338,0.833031,0.898468,0.833031,0.898468,64,55,55,27,0,0,0,0,676,473,376,292
2026/02/04/20:25:44,2329.239917,0.851406,0.914017,0.851406,0.914017,67,55,57,27,0,0,0,0,676,473,376,292
2026/02/04/20:25:45,2330.240445,0.851406,0.914017,0.851406,0.914017,67,55,57,27,0,0,0,0,676,473,376,292
2026/02/04/20:25:46,2331.241023,0.851406,0.914017,0.851406,0.914017,67,55,57,27,0,0,0,0,676,473,376,292
2026/02/04/20:25:47,2332.241594,0.851406,0.914017,0.851406,0.914017,67,55,57,27,0,0,0,0,676,473,376,292
2026/02/04/20:25:48,2333.242215,0.853750,0.918019,0.853750,0.918019,66,58,57,27,0,0,0,0,677,473,376,292
2026/02/04/20:25:49,2334.242687,0.873125,0.941091,0.917375,0.948993,68,60,57,30,0,0,0,3,677,473,376,292
2026/02/04/20:25:50,2335.243400,0.866938,0.929357,0.911188,0.937259,65,60,57,30,0,0,0,3,680,473,376,292
2026/02/04/20:25:51,2336.243975,0.857344,0.927362,0.901594,0.935264,65,60,56,30,0,0,0,3,680,473,377,292
2026/02/04/20:25:52,2337.244445,0.880406,0.948003,0.935719,0.979846,65,61,57,36,2,0,0,5,680,473,377,292
2026/02/04/20:25:53,2338.245153,0.879406,0.950096,0.957125,1.002107,65,61,56,37,4,1,2,4,680,473,378,292
2026/02/04/20:25:54,2339.245971,0.878656,0.947413,0.963656,1.016128,65,60,56,37,6,0,4,4,680,475,378,292
2026/02/04/20:25:55,2340.246594,0.879500,0.946457,0.950781,0.977844,67,60,56,34,4,0,1,3,680,475,378,295
2026/02/04/20:25:56,2341.247267,0.878375,0.943354,0.933375,0.968213,68,59,56,33,3,0,0,3,680,476,378,296
2026/02/04/20:25:57,2342.248017,0.878062,0.941579,0.926188,0.954780,68,59,56,33,1,0,0,3,681,476,378,296
2026/02/04/20:25:58,2343.248711,0.878062,0.941579,0.926188,0.954780,68,59,56,33,1,0,0,3,681,476,378,296
2026/02/04/20:25:59,2344.249384,0.878062,0.941579,0.926188,0.954780,68,59,56,33,1,0,0,3,681,476,378,296
2026/02/04/20:26:00,2345.250046,0.881281,0.943233,0.929406,0.956433,68,59,56,34,1,0,0,3,681,476,378,296
2026/02/04/20:26:01,2346.250695,0.888531,0.949364,0.943781,0.964501,69,58,58,34,2,0,0,3,681,477,378,296
2026/02/04/20:26:02,2347.251277,0.888531,0.949364,0.943781,0.964501,69,58,58,34,2,0,0,3,681,477,378,296
2026/02/04/20:26:03,2348.251713,0.892969,0.948273,0.940500,0.961790,70,58,57,34,1,0,0,3,681,477,379,296
2026/02/04/20:26:04,2349.252432,0.892969,0.948273,0.940500,0.961790,70,58,57,34,1,0,0,3,681,477,379,296
2026/02/04/20:26:05,2350.253181,0.892969,0.948273,0.956250,0.979318,70,58,57,34,1,0,0,5,681,477,379,296
2026/02/04/20:26:06,2351.423248,0.892969,0.948273,0.956250,0.979318,70,58,57,34,1,0,0,5,681,477,379,296
2026/02/04/20:26:07,2352.580945,0.884125,0.937097,0.944125,0.962527,71,53,57,34,0,0,0,5,681,482,379,296
2026/02/04/20:26:08,2353.581580,0.884125,0.937097,0.944125,0.962527,71,53,57,34,0,0,0,5,681,482,379,296
2026/02/04/20:26:09,2354.581985,0.884125,0.937097,0.944125,0.962527,71,53,57,34,0,0,0,5,681,482,379,296
2026/02/04/20:26:10,2355.582579,0.884125,0.937097,0.944125,0.962527,71,53,57,34,0,0,0,5,681,482,379,296
2026/02/04/20:26:11,2356.583249,0.889094,0.942131,0.949094,0.967561,71,53,57,37,0,0,0,5,681,482,379,296
2026/02/04/20:26:12,2357.583870,0.882594,0.934863,0.942594,0.960292,70,53,57,36,0,0,0,5,682,482,379,297
2026/02/04/20:26:13,2358.584497,0.882594,0.934863,0.942594,0.960292,70,53,57,36,0,0,0,5,682,482,379,297
2026/02/04/20:26:14,2359.663572,0.882594,0.934863,0.942594,0.960292,70,53,57,36,0,0,0,5,682,482,379,297
2026/02/04/20:26:15,2360.664083,0.882594,0.934863,0.942594,0.960292,70,53,57,36,0,0,0,5,682,482,379,297
2026/02/04/20:26:16,2361.664596,0.882594,0.934863,0.942594,0.960292,70,53,57,36,0,0,0,5,682,482,379,297
2026/02/04/20:26:17,2362.665257,0.882594,0.934863,0.942594,0.960292,70,53,57,36,0,0,0,5,682,482,379,297
2026/02/04/20:26:20,2365.253037,0.875469,0.929192,0.935469,0.954622,70,53,57,33,0,0,0,5,682,482,379,300
2026/02/04/20:26:22,2367.199504,0.868469,0.925333,0.928469,0.950763,70,53,55,33,0,0,0,5,682,482,381,300
2026/02/04/20:26:24,2369.451817,0.856281,0.916001,0.916281,0.941431,70,53,55,30,0,0,0,5,682,482,381,303
2026/02/04/20:26:28,2373.757497,0.851313,0.912567,0.903438,0.929233,67,53,55,31,0,0,0,4,685,482,381,303
2026/02/04/20:26:29,2374.758384,0.851313,0.912567,0.903438,0.929233,67,53,55,31,0,0,0,4,685,482,381,303
2026/02/04/20:26:30,2375.758934,0.859969,0.920650,0.912094,0.937316,69,54,55,31,0,0,0,4,685,482,381,303
2026/02/04/20:26:31,2376.759633,0.847437,0.908516,0.891687,0.916418,68,54,55,30,0,0,0,3,686,482,381,304
2026/02/04/20:26:32,2377.760127,0.847437,0.908516,0.891687,0.916418,68,54,55,30,0,0,0,3,686,482,381,304
2026/02/04/20:26:33,2378.760752,0.845719,0.906387,0.889969,0.914289,68,53,55,30,0,0,0,3,686,483,381,304
2026/02/04/20:26:34,2379.761345,0.845406,0.899833,0.889656,0.907735,67,53,55,30,0,0,0,3,688,483,381,304
2026/02/04/20:26:35,2380.761976,0.845406,0.899833,0.889656,0.907735,67,53,55,30,0,0,0,3,688,483,381,304
2026/02/04/20:26:36,2381.762686,0.845406,0.899833,0.889656,0.907735,67,53,55,30,0,0,0,3,688,483,381,304
2026/02/04/20:26:37,2382.763137,0.845406,0.899833,0.889656,0.907735,67,53,55,30,0,0,0,3,688,483,381,304
2026/02/04/20:26:38,2383.763874,0.838469,0.893879,0.882719,0.901781,65,53,55,30,0,0,0,3,690,483,381,304
2026/02/04/20:26:39,2384.764136,0.838469,0.893879,0.882719,0.901781,65,53,55,30,0,0,0,3,690,483,381,304
2026/02/04/20:26:40,2385.764771,0.838469,0.893879,0.882719,0.901781,65,53,55,30,0,0,0,3,690,483,381,304
2026/02/04/20:26:42,2387.781873,0.838469,0.893879,0.882719,0.901781,65,53,55,30,0,0,0,3,690,483,381,304
2026/02/04/20:26:43,2388.782424,0.882719,0.901781,0.882719,0.901781,65,53,55,33,0,0,0,0,695,483,381,304
2026/02/04/20:26:44,2389.782948,0.882719,0.901781,0.882719,0.901781,65,53,55,33,0,0,0,0,695,483,381,304
2026/02/04/20:26:45,2390.783621,0.882719,0.901781,0.882719,0.901781,65,53,55,33,0,0,0,0,695,483,381,304
2026/02/04/20:26:46,2391.784490,0.882719,0.901781,0.882719,0.901781,65,53,55,33,0,0,0,0,695,483,381,304
2026/02/04/20:26:47,2392.785326,0.882719,0.901781,0.882719,0.901781,65,53,55,33,0,0,0,0,695,483,381,304
2026/02/04/20:26:48,2393.785951,0.863313,0.889491,0.863313,0.889491,65,53,52,33,0,0,0,0,695,483,384,304
2026/02/04/20:26:49,2394.786594,0.863313,0.889491,0.863313,0.889491,65,53,52,33,0,0,0,0,695,483,384,304
2026/02/04/20:26:50,2395.787103,0.863313,0.889491,0.863313,0.889491,65,53,52,33,0,0,0,0,695,483,384,304
2026/02/04/20:26:51,2396.787786,0.863313,0.889491,0.863313,0.889491,65,53,52,33,0,0,0,0,695,483,384,304
2026/02/04/20:26:52,2397.788320,0.863313,0.889491,0.863313,0.889491,65,53,52,33,0,0,0,0,695,483,384,304
2026/02/04/20:26:53,2398.788906,0.863313,0.889491,0.863313,0.889491,65,53,52,33,0,0,0,0,695,483,384,304
2026/02/04/20:26:54,2399.789441,0.863313,0.889491,0.863313,0.889491,65,53,52,33,0,0,0,0,695,483,384,304
2026/02/04/20:26:55,2400.789999,0.863313,0.889491,0.863313,0.889491,65,53,52,33,0,0,0,0,695,483,384,304
2026/02/04/20:26:56,2401.790659,0.863313,0.889491,0.863313,0.889491,65,53,52,33,0,0,0,0,695,483,384,304
2026/02/04/20:26:57,2402.791228,0.863313,0.889491,0.863313,0.889491,65,53,52,33,0,0,0,0,695,483,384,304
2026/02/04/20:26:58,2403.792942,0.863313,0.889491,0.863313,0.889491,65,53,52,33,0,0,0,0,695,483,384,304
2026/02/04/20:26:59,2404.793515,0.863313,0.889491,0.863313,0.889491,65,53,52,33,0,0,0,0,695,483,384,304
2026/02/04/20:27:00,2405.794234,0.863313,0.889491,0.863313,0.889491,65,53,52,33,0,0,0,0,695,483,384,304
2026/02/04/20:27:01,2406.794809,0.863313,0.889491,0.863313,0.889491,65,53,52,33,0,0,0,0,695,483,384,304
2026/02/04/20:27:02,2407.795514,0.888969,0.906769,0.902844,0.910743,67,55,52,35,0,2,0,0,695,483,384,304
2026/02/04/20:27:03,2408.796153,0.882125,0.900355,0.896000,0.904329,67,55,49,35,0,2,0,0,695,483,387,304
2026/02/04/20:27:04,2409.796697,0.898531,0.917548,0.940219,0.964286,68,56,52,36,4,2,0,0,695,483,387,304
2026/02/04/20:27:05,2410.797324,0.903625,0.917669,0.938375,0.962420,68,57,52,35,4,1,0,0,695,483,387,305
2026/02/04/20:27:06,2411.798213,0.885844,0.883057,0.918094,0.921096,67,54,49,35,3,1,0,0,696,486,390,305
2026/02/04/20:27:07,2412.798801,0.885844,0.883057,0.918094,0.921096,67,54,49,35,3,1,0,0,696,486,390,305
2026/02/04/20:27:08,2413.799298,0.873500,0.878114,0.898813,0.914166,67,52,49,34,3,0,0,0,696,489,390,306
2026/02/04/20:27:09,2414.799939,0.862437,0.873122,0.887750,0.909174,67,52,49,31,3,0,0,0,696,489,390,309
2026/02/04/20:27:10,2415.800581,0.862437,0.873122,0.887750,0.909174,67,52,49,31,3,0,0,0,696,489,390,309
2026/02/04/20:27:11,2416.801192,0.860750,0.871236,0.886062,0.907288,67,52,49,30,3,0,0,0,696,489,390,310
2026/02/04/20:27:12,2417.801810,0.867594,0.875946,0.912813,0.922815,67,52,52,30,3,3,0,0,696,489,390,310
2026/02/04/20:27:13,2418.802275,0.874500,0.876868,0.961969,0.924375,67,52,54,30,3,2,3,0,696,490,390,310
2026/02/04/20:27:14,2419.802931,0.873656,0.889381,0.972125,0.941367,67,53,54,30,3,3,3,0,696,493,390,310
2026/02/04/20:27:15,2420.803557,0.872594,0.887847,0.961063,0.936499,67,54,51,30,3,2,3,0,696,493,393,310
2026/02/04/20:27:16,2421.804093,0.869687,0.880264,0.895000,0.916316,67,53,51,30,3,0,0,0,696,495,393,310
2026/02/04/20:27:17,2422.804679,0.851094,0.870514,0.867969,0.894548,68,50,49,30,2,0,0,0,696,498,395,310
2026/02/04/20:27:18,2423.805195,0.869094,0.905932,0.889531,0.935595,70,51,50,32,3,0,0,0,696,498,395,310
2026/02/04/20:27:19,2424.808322,0.895563,0.922368,0.916000,0.952030,75,52,50,32,3,0,0,0,696,498,395,310
2026/02/04/20:27:20,2425.808826,0.899687,0.915401,0.925750,0.951919,76,51,53,30,2,0,2,0,697,499,395,312
2026/02/04/20:27:21,2426.809342,0.884500,0.910681,0.910563,0.947199,74,51,53,30,2,0,2,0,699,499,395,312
2026/02/04/20:27:22,2427.810026,0.875969,0.900816,0.892844,0.924851,71,51,53,30,2,0,0,0,702,499,396,312
2026/02/04/20:27:23,2428.810501,0.899563,0.926017,0.919469,0.955746,73,55,53,32,2,0,1,0,702,500,397,312
2026/02/04/20:27:24,2429.810946,0.905563,0.927920,0.964000,0.998824,73,55,54,32,3,4,4,1,702,500,397,312
2026/02/04/20:27:25,2430.811503,0.914500,0.933601,0.977969,1.008439,70,57,58,33,3,5,3,2,705,500,397,312
2026/02/04/20:27:26,2431.812047,0.911875,0.932995,0.996687,0.993038,69,57,57,34,7,2,2,1,706,500,398,312
2026/02/04/20:27:27,2432.812521,0.916781,0.931799,1.007000,0.987718,72,58,57,32,7,0,3,0,706,501,398,314
2026/02/04/20:27:28,2433.813100,0.906062,0.923407,0.990500,0.977112,72,58,52,32,7,0,2,0,706,501,404,314
2026/02/04/20:27:29,2434.813787,0.894500,0.918980,0.973156,0.970471,72,58,50,32,7,0,1,0,706,501,406,314
2026/02/04/20:27:30,2435.814332,0.885781,0.909614,0.964437,0.961106,71,56,50,32,7,0,1,0,707,503,406,314
2026/02/04/20:27:31,2436.814909,0.885781,0.909614,0.964437,0.961106,71,56,50,32,7,0,1,0,707,503,406,314
2026/02/04/20:27:32,2437.815451,0.885781,0.909614,0.964437,0.961106,71,56,50,32,7,0,1,0,707,503,406,314
2026/02/04/20:27:33,2438.815960,0.891969,0.916077,0.970625,0.967568,71,57,52,32,7,0,1,0,707,503,406,314
2026/02/04/20:27:34,2439.816613,0.889719,0.911850,0.968375,0.963341,70,57,52,32,7,0,1,0,708,503,406,314
2026/02/04/20:27:35,2440.817221,0.889719,0.911850,0.968375,0.963341,70,57,52,32,7,0,1,0,708,503,406,314
2026/02/04/20:27:36,2441.817623,0.889719,0.911850,0.968375,0.963341,70,57,52,32,7,0,1,0,708,503,406,314
2026/02/04/20:27:37,2442.858886,0.889719,0.911850,0.968375,0.963341,70,57,52,32,7,0,1,0,708,503,406,314
2026/02/04/20:27:38,2443.859302,0.889719,0.911850,0.956219,0.948256,70,57,52,32,7,0,0,0,708,503,406,314
2026/02/04/20:27:39,2444.859951,0.887844,0.909334,0.954344,0.945741,70,56,52,32,7,0,0,0,708,504,406,314
2026/02/04/20:27:40,2445.860566,0.887844,0.909334,0.954344,0.945741,70,56,52,32,7,0,0,0,708,504,406,314
2026/02/04/20:27:41,2446.861195,0.887844,0.909334,0.954344,0.945741,70,56,52,32,7,0,0,0,708,504,406,314
2026/02/04/20:27:42,2447.930676,0.887844,0.909334,0.954344,0.945741,70,56,52,32,7,0,0,0,708,504,406,314
2026/02/04/20:27:43,2448.931371,0.894687,0.910990,0.963250,0.954128,70,56,53,32,7,0,1,0,708,504,406,314
2026/02/04/20:27:44,2449.932119,0.894687,0.910990,0.963250,0.954128,70,56,53,32,7,0,1,0,708,504,406,314
2026/02/04/20:27:45,2450.932838,0.894687,0.910990,0.963250,0.954128,70,56,53,32,7,0,1,0,708,504,406,314
2026/02/04/20:27:46,2451.933159,0.894687,0.910990,0.963250,0.954128,70,56,53,32,7,0,1,0,708,504,406,314
2026/02/04/20:27:47,2452.974999,0.894687,0.910990,0.963250,0.954128,70,56,53,32,7,0,1,0,708,504,406,314
2026/02/04/20:27:48,2453.975548,0.894687,0.910990,0.963250,0.954128,70,56,53,32,7,0,1,0,708,504,406,314
2026/02/04/20:27:49,2455.005826,0.888500,0.903089,0.955000,0.939495,67,56,54,32,7,0,0,0,711,504,406,314
2026/02/04/20:27:50,2456.006281,0.901594,0.894973,0.939344,0.925083,70,53,53,32,4,0,0,0,711,507,407,314
2026/02/04/20:27:51,2457.006891,0.901594,0.894973,0.939344,0.925083,70,53,53,32,4,0,0,0,711,507,407,314
2026/02/04/20:27:52,2458.007456,0.901594,0.894973,0.939344,0.925083,70,53,53,32,4,0,0,0,711,507,407,314
2026/02/04/20:27:53,2459.008080,0.901594,0.894973,0.939344,0.925083,70,53,53,32,4,0,0,0,711,507,407,314
2026/02/04/20:27:55,2460.093916,0.887781,0.886915,0.904656,0.910950,73,50,50,32,2,0,0,0,711,510,410,314
2026/02/04/20:27:56,2461.094505,0.891844,0.894978,0.908719,0.919013,73,50,52,32,2,0,0,0,711,510,410,314
2026/02/04/20:27:57,2462.095091,0.908000,0.904842,0.941312,0.944592,73,51,56,32,3,3,0,1,711,510,410,314
2026/02/04/20:27:58,2463.095582,0.913188,0.911612,0.944125,0.943199,74,53,56,31,2,1,0,2,711,510,410,315
2026/02/04/20:27:59,2464.096011,0.906062,0.906934,0.932750,0.935792,74,52,54,31,2,0,0,2,711,512,412,315
2026/02/04/20:28:00,2465.096574,0.906062,0.906934,0.922937,0.930969,74,52,54,31,2,0,0,0,711,512,412,315
2026/02/04/20:28:01,2466.097091,0.906062,0.906934,0.922937,0.930969,74,52,54,31,2,0,0,0,711,512,412,315
2026/02/04/20:28:02,2467.097551,0.902125,0.898341,0.919000,0.922376,73,51,54,31,2,0,0,0,712,513,412,315
2026/02/04/20:28:03,2468.098076,0.918531,0.914000,0.959125,0.975452,73,54,54,34,5,0,2,1,712,513,412,315
2026/02/04/20:28:04,2469.098598,0.918531,0.914000,0.970594,0.980158,73,54,54,34,5,2,2,1,712,513,412,315
2026/02/04/20:28:05,2470.099166,0.918531,0.914000,0.970594,0.980158,73,54,54,34,5,2,2,1,712,513,412,315
2026/02/04/20:28:06,2471.099654,0.901344,0.907399,0.928875,0.936430,72,53,54,34,3,0,0,1,715,516,412,315
2026/02/04/20:28:07,2472.100362,0.899219,0.903857,0.920844,0.931114,72,52,54,34,3,0,0,0,715,517,412,316
2026/02/04/20:28:08,2473.101002,0.899219,0.903857,0.920844,0.931114,72,52,54,34,3,0,0,0,715,517,412,316
2026/02/04/20:28:09,2474.101624,0.899219,0.903857,0.920844,0.931114,72,52,54,34,3,0,0,0,715,517,412,316
2026/02/04/20:28:10,2475.102118,0.897563,0.902178,0.919188,0.929435,72,52,54,33,3,0,0,0,715,517,412,317
2026/02/04/20:28:11,2476.166727,0.888062,0.895733,0.904937,0.919767,70,52,54,33,2,0,0,0,717,517,412,317
2026/02/04/20:28:12,2477.167138,0.877156,0.886014,0.894031,0.910049,70,52,51,33,2,0,0,0,717,517,415,317
2026/02/04/20:28:13,2478.167674,0.877156,0.886014,0.894031,0.910049,70,52,51,33,2,0,0,0,717,517,415,317
2026/02/04/20:28:14,2479.168498,0.877156,0.886014,0.894031,0.910049,70,52,51,33,2,0,0,0,717,517,415,317
2026/02/04/20:28:15,2480.169163,0.877156,0.886014,0.894031,0.910049,70,52,51,33,2,0,0,0,717,517,415,317
2026/02/04/20:28:16,2481.169825,0.879344,0.894703,0.887781,0.906720,70,52,51,33,1,0,0,0,718,517,415,317
2026/02/04/20:28:17,2482.170457,0.879344,0.894703,0.887781,0.906720,70,52,51,33,1,0,0,0,718,517,415,317
2026/02/04/20:28:18,2483.171157,0.879344,0.894703,0.887781,0.906720,70,52,51,33,1,0,0,0,718,517,415,317
2026/02/04/20:28:19,2484.171900,0.879344,0.894703,0.887781,0.906720,70,52,51,33,1,0,0,0,718,517,415,317
2026/02/04/20:28:20,2485.253899,0.879344,0.894703,0.887781,0.906720,70,52,51,33,1,0,0,0,718,517,415,317
2026/02/04/20:28:21,2486.254420,0.867531,0.891155,0.875969,0.903172,70,52,51,31,1,0,0,0,718,517,415,319
2026/02/04/20:28:22,2487.255923,0.877188,0.899394,0.900625,0.923967,70,54,51,31,1,2,0,0,718,517,415,319
2026/02/04/20:28:23,2488.256671,0.899937,0.909825,0.923375,0.934399,71,55,54,31,1,2,0,0,718,517,415,319
2026/02/04/20:28:24,2489.257233,0.899937,0.909825,0.923375,0.934399,71,55,54,31,1,2,0,0,718,517,415,319
2026/02/04/20:28:25,2490.257919,0.895687,0.907096,0.919125,0.931669,71,54,54,31,1,2,0,0,718,518,415,319
2026/02/04/20:28:26,2491.258544,0.893531,0.905135,0.916969,0.929709,71,53,54,31,1,2,0,0,718,519,415,319
2026/02/04/20:28:27,2492.258826,0.893531,0.905135,0.916969,0.929709,71,53,54,31,1,2,0,0,718,519,415,319
2026/02/04/20:28:28,2493.259415,0.891719,0.901755,0.915156,0.926329,70,53,54,31,1,2,0,0,719,519,415,319
2026/02/04/20:28:29,2494.259760,0.891719,0.901755,0.915156,0.926329,70,53,54,31,1,2,0,0,719,519,415,319
2026/02/04/20:28:30,2495.262550,0.877281,0.895743,0.900719,0.920316,70,53,51,31,1,2,0,0,719,519,418,319
2026/02/04/20:28:31,2496.262925,0.851719,0.883359,0.860156,0.895376,70,51,49,31,1,0,0,0,719,521,420,319
2026/02/04/20:28:32,2497.263616,0.851719,0.883359,0.860156,0.895376,70,51,49,31,1,0,0,0,719,521,420,319
2026/02/04/20:28:33,2498.264195,0.848594,0.879255,0.857031,0.891273,70,49,49,31,1,0,0,0,719,523,420,319
2026/02/04/20:28:34,2499.264996,0.848594,0.879255,0.857031,0.891273,70,49,49,31,1,0,0,0,719,523,420,319
2026/02/04/20:28:35,2500.265515,0.848594,0.879255,0.857031,0.891273,70,49,49,31,1,0,0,0,719,523,420,319
2026/02/04/20:28:36,2501.265940,0.848594,0.879255,0.857031,0.891273,70,49,49,31,1,0,0,0,719,523,420,319
2026/02/04/20:28:37,2502.266494,0.848594,0.879255,0.857031,0.891273,70,49,49,31,1,0,0,0,719,523,420,319
2026/02/04/20:28:38,2503.303870,0.848594,0.879255,0.857031,0.891273,70,49,49,31,1,0,0,0,719,523,420,319
2026/02/04/20:28:39,2504.304231,0.857031,0.891273,0.857031,0.891273,71,49,49,31,0,0,0,0,720,523,420,319
2026/02/04/20:28:40,2505.304825,0.847719,0.885519,0.847719,0.885519,71,47,49,31,0,0,0,0,720,525,420,319
2026/02/04/20:28:41,2506.305441,0.854656,0.891642,0.859625,0.894315,73,47,49,31,0,0,1,0,720,525,420,319
2026/02/04/20:28:42,2507.306046,0.882938,0.911655,0.892437,0.941128,74,47,52,35,0,0,2,1,720,525,420,319
2026/02/04/20:28:43,2508.306579,0.895094,0.919607,0.947250,0.982930,76,48,52,35,0,2,4,3,720,525,420,319
2026/02/04/20:28:44,2509.307180,0.899094,0.922999,1.005719,1.026073,76,48,53,36,2,6,4,7,720,525,420,319
2026/02/04/20:28:45,2510.307724,0.906125,0.926361,0.968594,1.024045,76,49,52,38,1,3,5,6,720,525,422,319
2026/02/04/20:28:46,2511.308312,0.910156,0.931944,0.952656,0.996931,76,52,53,36,0,2,5,2,721,525,422,322
2026/02/04/20:28:47,2512.308901,0.910156,0.931944,0.946656,0.983955,76,52,53,36,2,2,3,2,721,525,422,322
2026/02/04/20:28:48,2513.309313,0.902531,0.926281,0.935781,0.973252,75,52,51,36,0,2,3,2,722,525,424,322
2026/02/04/20:28:49,2514.309961,0.903687,0.926083,0.933750,0.968846,75,51,51,37,0,2,3,1,722,526,424,322
2026/02/04/20:28:50,2515.310493,0.903687,0.926083,0.933750,0.968846,75,51,51,37,0,2,3,1,722,526,424,322
2026/02/04/20:28:51,2516.310945,0.890906,0.920383,0.920969,0.963145,73,51,51,36,0,2,3,1,724,526,424,323
2026/02/04/20:28:52,2517.311510,0.887156,0.918468,0.914031,0.957022,71,51,51,37,0,2,3,0,726,526,424,323
2026/02/04/20:28:53,2518.312241,0.880750,0.918069,0.904094,0.951675,71,52,49,37,0,1,3,0,726,526,426,323
2026/02/04/20:28:54,2519.312792,0.880750,0.918069,0.904094,0.951675,71,52,49,37,0,1,3,0,726,526,426,323
2026/02/04/20:28:55,2520.313398,0.880750,0.918069,0.901438,0.939062,71,52,49,37,0,1,2,0,726,526,426,323
2026/02/04/20:28:56,2521.314083,0.860531,0.900234,0.876125,0.903011,68,53,50,37,0,0,1,0,729,526,426,323
2026/02/04/20:28:57,2522.314729,0.850969,0.887607,0.866563,0.890384,68,53,50,34,0,0,1,0,729,526,426,326
2026/02/04/20:28:58,2523.315369,0.844406,0.882402,0.860000,0.885178,68,53,50,31,0,0,1,0,729,526,426,329
2026/02/04/20:28:59,2524.315946,0.844406,0.882402,0.860000,0.885178,68,53,50,31,0,0,1,0,729,526,426,329
2026/02/04/20:29:00,2525.316675,0.844406,0.882402,0.860000,0.885178,68,53,50,31,0,0,1,0,729,526,426,329
2026/02/04/20:29:01,2526.317334,0.837562,0.877691,0.853156,0.880467,68,53,47,31,0,0,1,0,729,526,429,329
2026/02/04/20:29:02,2527.318151,0.837562,0.877691,0.853156,0.880467,68,53,47,31,0,0,1,0,729,526,429,329
2026/02/04/20:29:03,2528.389243,0.837562,0.877691,0.853156,0.880467,68,53,47,31,0,0,1,0,729,526,429,329
2026/02/04/20:29:04,2529.390050,0.837562,0.877691,0.853156,0.880467,68,53,47,31,0,0,1,0,729,526,429,329
2026/02/04/20:29:05,2530.390613,0.842562,0.865624,0.842562,0.865624,68,50,48,31,0,0,0,0,729,529,429,329
2026/02/04/20:29:06,2531.391194,0.879062,0.885883,0.879062,0.885883,72,52,51,31,0,0,0,0,729,529,429,329
2026/02/04/20:29:07,2532.391832,0.880594,0.883725,0.880594,0.883725,71,55,50,31,0,0,0,0,730,529,430,329
2026/02/04/20:29:08,2533.392604,0.880594,0.883725,0.880594,0.883725,71,55,50,31,0,0,0,0,730,529,430,329
2026/02/04/20:29:09,2534.393514,0.871719,0.876795,0.871719,0.876795,71,53,50,31,0,0,0,0,730,531,430,329
2026/02/04/20:29:10,2535.394073,0.865719,0.871724,0.865719,0.871724,71,53,47,31,0,0,0,0,730,531,433,329
2026/02/04/20:29:11,2536.394814,0.865719,0.871724,0.865719,0.871724,71,53,47,31,0,0,0,0,730,531,433,329
2026/02/04/20:29:12,2537.395522,0.865719,0.871724,0.865719,0.871724,71,53,47,31,0,0,0,0,730,531,433,329
2026/02/04/20:29:13,2538.396178,0.865719,0.871724,0.865719,0.871724,71,53,47,31,0,0,0,0,730,531,433,329
2026/02/04/20:29:14,2539.396951,0.865719,0.871724,0.865719,0.871724,71,53,47,31,0,0,0,0,730,531,433,329
2026/02/04/20:29:15,2540.397613,0.865719,0.871724,0.865719,0.871724,71,53,47,31,0,0,0,0,730,531,433,329
2026/02/04/20:29:16,2541.398404,0.865719,0.871724,0.865719,0.871724,71,53,47,31,0,0,0,0,730,531,433,329
2026/02/04/20:29:17,2542.398880,0.865719,0.871724,0.865719,0.871724,71,53,47,31,0,0,0,0,730,531,433,329
2026/02/04/20:29:18,2543.399617,0.865719,0.871724,0.865719,0.871724,71,53,47,31,0,0,0,0,730,531,433,329
2026/02/04/20:29:19,2544.400346,0.851562,0.866893,0.851562,0.866893,68,53,47,31,0,0,0,0,733,531,433,329
2026/02/04/20:29:20,2545.401086,0.851562,0.866893,0.851562,0.866893,68,53,47,31,0,0,0,0,733,531,433,329
2026/02/04/20:29:21,2546.401752,0.851562,0.866893,0.851562,0.866893,68,53,47,31,0,0,0,0,733,531,433,329
2026/02/04/20:29:22,2547.402485,0.851562,0.866893,0.851562,0.866893,68,53,47,31,0,0,0,0,733,531,433,329
2026/02/04/20:29:23,2548.403098,0.839938,0.851646,0.839938,0.851646,68,50,47,31,0,0,0,0,733,534,433,329
2026/02/04/20:29:24,2549.403661,0.839938,0.851646,0.839938,0.851646,68,50,47,31,0,0,0,0,733,534,433,329
2026/02/04/20:29:25,2550.404397,0.832469,0.848219,0.832469,0.848219,67,50,47,31,0,0,0,0,734,534,433,329
2026/02/04/20:29:26,2551.405124,0.832469,0.848219,0.832469,0.848219,67,50,47,31,0,0,0,0,734,534,433,329
2026/02/04/20:29:27,2552.405823,0.832469,0.848219,0.832469,0.848219,67,50,47,31,0,0,0,0,734,534,433,329
2026/02/04/20:29:28,2553.406501,0.832469,0.848219,0.832469,0.848219,67,50,47,31,0,0,0,0,734,534,433,329
2026/02/04/20:29:29,2554.407005,0.832469,0.848219,0.832469,0.848219,67,50,47,31,0,0,0,0,734,534,433,329
2026/02/04/20:29:30,2555.407665,0.832469,0.848219,0.832469,0.848219,67,50,47,31,0,0,0,0,734,534,433,329
2026/02/04/20:29:31,2556.408400,0.832469,0.848219,0.832469,0.848219,67,50,47,31,0,0,0,0,734,534,433,329
2026/02/04/20:29:32,2557.409052,0.830063,0.846440,0.830063,0.846440,67,50,47,30,0,0,0,0,734,534,433,330
2026/02/04/20:29:33,2558.410396,0.830063,0.846440,0.830063,0.846440,67,50,47,30,0,0,0,0,734,534,433,330
2026/02/04/20:29:34,2559.410960,0.830063,0.846440,0.830063,0.846440,67,50,47,30,0,0,0,0,734,534,433,330
2026/02/04/20:29:35,2560.411671,0.852812,0.863441,0.852812,0.863441,67,52,47,33,0,0,0,0,734,534,433,330
2026/02/04/20:29:36,2561.412294,0.874250,0.883912,0.874250,0.883912,71,54,47,33,0,0,0,0,734,534,433,330
2026/02/04/20:29:37,2562.412925,0.875875,0.892002,0.879125,0.908181,71,55,47,33,0,2,0,0,734,534,433,330
2026/02/04/20:29:38,2563.413483,0.855563,0.886415,0.858812,0.902595,69,54,47,33,0,2,0,0,736,535,433,330
2026/02/04/20:29:39,2564.413925,0.850250,0.887141,0.851875,0.895231,67,55,47,33,0,1,0,0,738,535,433,330
2026/02/04/20:29:40,2565.414392,0.847000,0.870961,0.847000,0.870961,67,53,47,33,0,0,0,0,738,537,433,330
2026/02/04/20:29:41,2566.415165,0.843656,0.868482,0.843656,0.868482,66,53,47,33,0,0,0,0,739,537,433,330
2026/02/04/20:29:42,2567.415731,0.843656,0.868482,0.843656,0.868482,66,53,47,33,0,0,0,0,739,537,433,330
2026/02/04/20:29:43,2568.416435,0.843656,0.868482,0.843656,0.868482,66,53,47,33,0,0,0,0,739,537,433,330
2026/02/04/20:29:44,2569.417000,0.843656,0.868482,0.843656,0.868482,66,53,47,33,0,0,0,0,739,537,433,330
2026/02/04/20:29:45,2570.417656,0.827281,0.859658,0.827281,0.859658,66,51,47,33,0,0,0,0,739,539,433,330
2026/02/04/20:29:46,2571.418239,0.827281,0.859658,0.827281,0.859658,66,51,47,33,0,0,0,0,739,539,433,330
2026/02/04/20:29:47,2572.423136,0.819594,0.854939,0.819594,0.854939,66,49,47,33,0,0,0,0,739,541,433,330
2026/02/04/20:29:48,2573.423583,0.819594,0.854939,0.819594,0.854939,66,49,47,33,0,0,0,0,739,541,433,330
2026/02/04/20:29:49,2574.424267,0.819594,0.854939,0.819594,0.854939,66,49,47,33,0,0,0,0,739,541,433,330
2026/02/04/20:29:50,2575.424911,0.819594,0.854939,0.819594,0.854939,66,49,47,33,0,0,0,0,739,541,433,330
2026/02/04/20:29:51,2576.425673,0.819594,0.854939,0.819594,0.854939,66,49,47,33,0,0,0,0,739,541,433,330
2026/02/04/20:29:52,2577.426465,0.819594,0.854939,0.819594,0.854939,66,49,47,33,0,0,0,0,739,541,433,330
2026/02/04/20:29:53,2578.427120,0.819594,0.854939,0.819594,0.854939,66,49,47,33,0,0,0,0,739,541,433,330
2026/02/04/20:29:54,2579.427816,0.829313,0.862918,0.829313,0.862918,70,49,47,33,0,0,0,0,739,541,433,330
2026/02/04/20:29:55,2580.428480,0.829313,0.862918,0.829313,0.862918,70,49,47,33,0,0,0,0,739,541,433,330
2026/02/04/20:29:56,2581.428991,0.829313,0.862918,0.829313,0.862918,70,49,47,33,0,0,0,0,739,541,433,330
2026/02/04/20:29:57,2582.429742,0.829313,0.862918,0.829313,0.862918,70,49,47,33,0,0,0,0,739,541,433,330
2026/02/04/20:29:58,2583.430244,0.853219,0.893625,0.856969,0.897249,69,49,50,35,2,0,0,0,740,541,433,330
2026/02/04/20:29:59,2584.430817,0.858062,0.900621,0.858062,0.900621,70,50,50,35,0,0,0,0,742,541,433,330
2026/02/04/20:30:00,2585.431362,0.855938,0.898604,0.855938,0.898604,70,49,50,35,0,0,0,0,742,542,433,330
2026/02/04/20:30:01,2586.431932,0.825719,0.862278,0.825719,0.862278,68,49,47,33,0,0,0,0,744,542,436,332
2026/02/04/20:30:02,2587.432622,0.825719,0.862278,0.825719,0.862278,68,49,47,33,0,0,0,0,744,542,436,332
2026/02/04/20:30:03,2588.433254,0.825719,0.862278,0.825719,0.862278,68,49,47,33,0,0,0,0,744,542,436,332
2026/02/04/20:30:04,2589.433899,0.825719,0.862278,0.825719,0.862278,68,49,47,33,0,0,0,0,744,542,436,332
2026/02/04/20:30:05,2590.434460,0.825719,0.862278,0.825719,0.862278,68,49,47,33,0,0,0,0,744,542,436,332
2026/02/04/20:30:06,2591.435112,0.825719,0.862278,0.825719,0.862278,68,49,47,33,0,0,0,0,744,542,436,332
2026/02/04/20:30:07,2592.435734,0.821125,0.859947,0.821125,0.859947,68,48,47,33,0,0,0,0,744,543,436,332
2026/02/04/20:30:08,2593.436465,0.821125,0.859947,0.821125,0.859947,68,48,47,33,0,0,0,0,744,543,436,332
2026/02/04/20:30:09,2594.437032,0.832750,0.870153,0.832750,0.870153,71,48,47,35,0,0,0,0,744,543,436,332
2026/02/04/20:30:10,2595.437553,0.832750,0.870153,0.832750,0.870153,71,48,47,35,0,0,0,0,744,543,436,332
2026/02/04/20:30:11,2596.438064,0.832750,0.870153,0.832750,0.870153,71,48,47,35,0,0,0,0,744,543,436,332
2026/02/04/20:30:12,2597.438709,0.832750,0.870153,0.832750,0.870153,71,48,47,35,0,0,0,0,744,543,436,332
2026/02/04/20:30:13,2598.439406,0.832750,0.870153,0.832750,0.870153,71,48,47,35,0,0,0,0,744,543,436,332
2026/02/04/20:30:14,2599.440082,0.832750,0.870153,0.832750,0.870153,71,48,47,35,0,0,0,0,744,543,436,332
2026/02/04/20:30:15,2600.440726,0.832750,0.870153,0.832750,0.870153,71,48,47,35,0,0,0,0,744,543,436,332
2026/02/04/20:30:16,2601.441465,0.857281,0.882300,0.857281,0.882300,74,48,50,35,0,0,0,0,744,543,436,332
2026/02/04/20:30:17,2602.442192,0.857281,0.882300,0.857281,0.882300,74,48,50,35,0,0,0,0,744,543,436,332
2026/02/04/20:30:18,2603.442890,0.857281,0.882300,0.857281,0.882300,74,48,50,35,0,0,0,0,744,543,436,332
2026/02/04/20:30:19,2604.443438,0.857281,0.882300,0.857281,0.882300,74,48,50,35,0,0,0,0,744,543,436,332
2026/02/04/20:30:20,2605.447131,0.853344,0.877826,0.853344,0.877826,74,48,50,33,0,0,0,0,744,543,436,334
2026/02/04/20:30:21,2606.447800,0.853344,0.877826,0.853344,0.877826,74,48,50,33,0,0,0,0,744,543,436,334
2026/02/04/20:30:22,2607.448366,0.853344,0.877826,0.853344,0.877826,74,48,50,33,0,0,0,0,744,543,436,334
2026/02/04/20:30:23,2608.448922,0.853344,0.877826,0.853344,0.877826,74,48,50,33,0,0,0,0,744,543,436,334
2026/02/04/20:30:24,2609.449474,0.853344,0.877826,0.853344,0.877826,74,48,50,33,0,0,0,0,744,543,436,334
2026/02/04/20:30:25,2610.450267,0.853344,0.877826,0.853344,0.877826,74,48,50,33,0,0,0,0,744,543,436,334
2026/02/04/20:30:26,2611.450832,0.853344,0.877826,0.853344,0.877826,74,48,50,33,0,0,0,0,744,543,436,334
2026/02/04/20:30:27,2612.451466,0.853344,0.877826,0.853344,0.877826,74,48,50,33,0,0,0,0,744,543,436,334
2026/02/04/20:30:28,2613.452072,0.853344,0.877826,0.853344,0.877826,74,48,50,33,0,0,0,0,744,543,436,334
2026/02/04/20:30:29,2614.452724,0.856281,0.883215,0.866594,0.891315,74,48,51,33,2,0,0,0,744,543,436,334
2026/02/04/20:30:30,2615.453118,0.889844,0.908247,0.919375,0.941948,81,48,51,36,1,0,0,2,744,543,436,334
2026/02/04/20:30:31,2616.453838,0.903375,0.917878,0.949281,0.965341,82,49,51,39,3,0,0,2,744,543,436,334
2026/02/04/20:30:32,2617.454541,0.903375,0.917878,0.949281,0.965341,82,49,51,39,3,0,0,2,744,543,436,334
2026/02/04/20:30:33,2618.454685,0.903375,0.917878,0.949281,0.965341,82,49,51,39,3,0,0,2,744,543,436,334
2026/02/04/20:30:34,2619.455257,0.898312,0.910497,0.939875,0.950993,82,48,50,39,2,0,0,2,744,544,437,334
2026/02/04/20:30:35,2620.456065,0.896563,0.908904,0.938125,0.949399,81,48,50,39,2,0,0,2,745,544,437,334
2026/02/04/20:30:36,2621.456636,0.886250,0.900803,0.941125,0.944656,79,48,50,39,3,0,0,2,747,544,437,334
2026/02/04/20:30:37,2622.457011,0.903875,0.916205,1.000969,0.998075,81,49,54,39,6,0,1,3,747,544,437,334
2026/02/04/20:30:38,2623.457428,0.916594,0.930321,1.039187,1.047567,81,50,55,43,5,1,3,5,747,544,437,334
2026/02/04/20:30:39,2624.457903,0.911813,0.923261,1.041531,1.064290,81,50,52,43,7,1,3,5,747,544,440,334
2026/02/04/20:30:40,2625.458266,0.911531,0.930287,1.058375,1.078677,81,50,52,44,7,2,3,6,747,544,440,336
2026/02/04/20:30:41,2626.458719,0.923312,0.938879,1.096375,1.068988,81,51,55,44,5,5,3,5,747,544,440,337
2026/02/04/20:30:42,2627.459406,0.921063,0.939092,1.034750,1.049637,80,52,55,44,5,0,3,5,748,544,440,337
2026/02/04/20:30:43,2628.459840,0.910406,0.932737,1.010844,1.032737,80,51,54,43,5,0,1,5,748,545,441,338
2026/02/04/20:30:44,2629.460378,0.899469,0.929069,0.999906,1.029069,80,49,54,43,5,0,1,5,748,547,441,338
2026/02/04/20:30:45,2630.460921,0.886844,0.912434,0.981875,1.007007,80,48,51,40,5,0,0,5,748,548,445,341
2026/02/04/20:30:46,2631.461530,0.879156,0.906702,0.974187,1.001275,77,48,51,40,5,0,0,5,751,548,445,341
2026/02/04/20:30:47,2632.462207,0.879156,0.906702,0.974187,1.001275,77,48,51,40,5,0,0,5,751,548,445,341
2026/02/04/20:30:48,2633.463063,0.869750,0.897608,0.964781,0.992181,74,48,51,40,5,0,0,5,754,548,445,341
2026/02/04/20:30:49,2634.463755,0.869750,0.897608,0.964781,0.992181,74,48,51,40,5,0,0,5,754,548,445,341
2026/02/04/20:30:50,2635.464394,0.869750,0.897608,0.964781,0.992181,74,48,51,40,5,0,0,5,754,548,445,341
2026/02/04/20:30:51,2636.496221,0.869750,0.897608,0.964781,0.992181,74,48,51,40,5,0,0,5,754,548,445,341
2026/02/04/20:30:52,2637.496794,0.871812,0.905769,0.970969,1.016664,75,48,51,40,7,0,0,5,754,548,445,341
2026/02/04/20:30:53,2638.497410,0.871812,0.905769,0.970969,1.016664,75,48,51,40,7,0,0,5,754,548,445,341
2026/02/04/20:30:54,2639.498024,0.876812,0.910437,0.985969,1.030668,75,48,52,40,7,0,2,5,754,548,445,341
2026/02/04/20:30:55,2640.498487,0.882375,0.915540,0.981531,1.026435,75,48,54,38,7,0,0,5,754,548,445,343
2026/02/04/20:30:56,2641.499189,0.884344,0.919219,0.944156,0.998699,75,49,54,38,6,0,0,3,754,548,445,343
2026/02/04/20:30:57,2642.499793,0.886188,0.921278,0.950125,1.023428,75,50,54,38,6,0,2,3,754,548,445,343
2026/02/04/20:30:58,2643.500339,0.886188,0.921278,0.950125,1.023428,75,50,54,38,6,0,2,3,754,548,445,343
2026/02/04/20:30:59,2644.500964,0.880313,0.907379,0.940125,0.993207,74,48,54,38,4,0,2,3,755,550,445,343
2026/02/04/20:31:00,2645.501577,0.880313,0.907379,0.940125,0.993207,74,48,54,38,4,0,2,3,755,550,445,343
2026/02/04/20:31:01,2646.502152,0.880313,0.907379,0.940125,0.993207,74,48,54,38,4,0,2,3,755,550,445,343
2026/02/04/20:31:02,2647.502582,0.880313,0.907379,0.940125,0.993207,74,48,54,38,4,0,2,3,755,550,445,343
2026/02/04/20:31:03,2648.503233,0.880313,0.907379,0.949250,1.001307,74,48,54,38,4,2,3,3,755,550,445,343
2026/02/04/20:31:04,2649.503745,0.892250,0.917560,0.960469,1.014804,74,50,56,38,4,1,4,3,755,550,445,343
2026/02/04/20:31:05,2650.504211,0.889500,0.922754,0.951000,1.013830,71,51,58,38,4,0,3,3,758,550,446,343
2026/02/04/20:31:06,2651.504752,0.876188,0.913998,0.936000,0.999826,71,51,56,38,4,0,2,3,758,550,449,343
2026/02/04/20:31:07,2652.505367,0.871125,0.898255,0.930937,0.984084,71,51,53,38,4,0,2,3,758,550,452,343
2026/02/04/20:31:08,2653.505903,0.871125,0.898255,0.930937,0.984084,71,51,53,38,4,0,2,3,758,550,452,343
2026/02/04/20:31:09,2654.506354,0.871125,0.898255,0.923531,0.971812,71,51,53,38,3,0,2,3,758,550,452,343
2026/02/04/20:31:10,2655.506979,0.871125,0.898255,0.923531,0.971812,71,51,53,38,3,0,2,3,758,550,452,343
2026/02/04/20:31:11,2656.507621,0.871125,0.898255,0.923531,0.971812,71,51,53,38,3,0,2,3,758,550,452,343
2026/02/04/20:31:12,2657.508371,0.871125,0.898255,0.923531,0.971812,71,51,53,38,3,0,2,3,758,550,452,343
2026/02/04/20:31:13,2658.508927,0.889062,0.907339,0.941469,0.980896,71,51,56,39,3,0,2,3,758,550,452,343
2026/02/04/20:31:14,2659.509430,0.889062,0.907339,0.941469,0.980896,71,51,56,39,3,0,2,3,758,550,452,343
2026/02/04/20:31:15,2660.509945,0.889062,0.907339,0.941469,0.980896,71,51,56,39,3,0,2,3,758,550,452,343
2026/02/04/20:31:16,2661.510569,0.889062,0.907339,0.941469,0.980896,71,51,56,39,3,0,2,3,758,550,452,343
2026/02/04/20:31:17,2663.057549,0.889062,0.907339,0.941469,0.980896,71,51,56,39,3,0,2,3,758,550,452,343
2026/02/04/20:31:19,2664.324758,0.883687,0.902222,0.931969,0.953108,71,49,56,39,3,0,0,3,758,552,452,343
2026/02/04/20:31:20,2665.325397,0.883687,0.902222,0.931969,0.953108,71,49,56,39,3,0,0,3,758,552,452,343
2026/02/04/20:31:21,2666.326116,0.883687,0.902222,0.931969,0.953108,71,49,56,39,3,0,0,3,758,552,452,343
2026/02/04/20:31:22,2667.326743,0.873687,0.898712,0.921969,0.949598,71,49,54,39,3,0,0,3,758,552,454,343
2026/02/04/20:31:23,2668.327291,0.873687,0.898712,0.921969,0.949598,71,49,54,39,3,0,0,3,758,552,454,343
2026/02/04/20:31:24,2669.327650,0.867469,0.896671,0.915750,0.947557,71,49,54,38,3,0,0,3,758,552,454,344
2026/02/04/20:31:25,2670.328211,0.867469,0.896671,0.915750,0.947557,71,49,54,38,3,0,0,3,758,552,454,344
2026/02/04/20:31:26,2671.328915,0.867469,0.896671,0.915750,0.947557,71,49,54,38,3,0,0,3,758,552,454,344
2026/02/04/20:31:27,2672.438099,0.867469,0.896671,0.915750,0.947557,71,49,54,38,3,0,0,3,758,552,454,344
2026/02/04/20:31:28,2673.796869,0.867469,0.896671,0.915750,0.947557,71,49,54,38,3,0,0,3,758,552,454,344
2026/02/04/20:31:30,2675.744129,0.867469,0.896671,0.915750,0.947557,71,49,54,38,3,0,0,3,758,552,454,344
2026/02/04/20:31:33,2678.555895,0.867469,0.896671,0.915750,0.947557,71,49,54,38,3,0,0,3,758,552,454,344
2026/02/04/20:31:35,2680.603282,0.903219,0.918999,0.969875,0.974959,74,51,55,40,3,0,2,3,758,552,454,344
2026/02/04/20:31:36,2681.603942,0.903219,0.918999,0.969875,0.974959,74,51,55,40,3,0,2,3,758,552,454,344
2026/02/04/20:31:37,2682.604530,0.898781,0.912631,0.965437,0.968591,74,49,55,40,3,0,2,3,758,554,454,344
2026/02/04/20:31:38,2683.605001,0.898781,0.912631,0.965437,0.968591,74,49,55,40,3,0,2,3,758,554,454,344
2026/02/04/20:31:39,2684.605566,0.889594,0.908208,0.947063,0.961631,71,49,56,40,3,0,1,3,761,554,454,344
2026/02/04/20:31:40,2685.606193,0.889594,0.908208,0.947063,0.961631,71,49,56,40,3,0,1,3,761,554,454,344
2026/02/04/20:31:41,2686.606729,0.903656,0.926244,0.965187,0.985117,76,49,56,40,4,0,1,3,761,554,454,344
2026/02/04/20:31:42,2687.607271,0.903656,0.926244,0.965187,0.985117,76,49,56,40,4,0,1,3,761,554,454,344
2026/02/04/20:31:43,2688.607845,0.906750,0.927821,0.974344,0.996003,77,49,56,40,4,0,2,4,761,554,454,344
2026/02/04/20:31:44,2689.608387,0.913469,0.932595,1.034750,1.063765,79,50,56,41,4,6,2,6,761,555,454,344
2026/02/04/20:31:45,2690.608908,0.903906,0.920485,1.016344,1.037262,77,51,56,40,3,5,1,6,763,555,454,345
2026/02/04/20:31:46,2691.609478,0.897969,0.913347,0.982750,1.023370,74,51,56,40,3,5,1,3,766,555,454,345
2026/02/04/20:31:47,2692.610027,0.887813,0.902446,0.995094,1.016341,74,48,56,39,5,5,1,3,766,558,454,346
2026/02/04/20:31:48,2693.610637,0.885938,0.900686,0.993219,1.014581,73,48,56,39,5,5,1,3,767,558,454,346
2026/02/04/20:31:49,2694.611134,0.885938,0.900686,0.986719,0.996701,73,48,56,39,5,3,1,3,767,558,454,346
2026/02/04/20:31:50,2695.611683,0.885938,0.900686,0.986719,0.996701,73,48,56,39,5,3,1,3,767,558,454,346
2026/02/04/20:31:51,2696.612189,0.882844,0.899110,0.983625,0.995124,72,48,56,39,5,3,1,3,768,558,454,346
2026/02/04/20:31:52,2697.612699,0.882844,0.899110,0.983625,0.995124,72,48,56,39,5,3,1,3,768,558,454,346
2026/02/04/20:31:53,2698.613491,0.882844,0.899110,0.961125,0.991252,72,48,56,39,3,3,1,3,768,558,454,346
2026/02/04/20:31:54,2699.614213,0.882844,0.899110,0.961125,0.991252,72,48,56,39,3,3,1,3,768,558,454,346
2026/02/04/20:31:55,2700.614799,0.882844,0.899110,0.961125,0.991252,72,48,56,39,3,3,1,3,768,558,454,346
2026/02/04/20:31:56,2701.615754,0.880594,0.897332,0.953656,0.971583,71,48,56,39,3,1,5,3,769,558,454,346
2026/02/04/20:31:57,2702.616246,0.905469,0.928967,0.979219,1.001757,78,48,59,40,3,1,3,3,769,558,454,346
2026/02/04/20:31:58,2703.616810,0.905469,0.928967,0.979219,1.001757,78,48,59,40,3,1,3,3,769,558,454,346
2026/02/04/20:31:59,2704.617264,0.905469,0.928967,0.979219,1.001757,78,48,59,40,3,1,3,3,769,558,454,346
2026/02/04/20:32:00,2705.617990,0.898125,0.911867,0.971875,0.984657,75,48,59,39,3,1,3,3,772,558,454,347
2026/02/04/20:32:01,2706.618715,0.890344,0.904766,0.964094,0.977556,72,48,59,39,3,1,3,3,775,558,454,347
2026/02/04/20:32:02,2707.619290,0.890344,0.904766,0.949594,0.968708,72,48,59,39,3,1,1,3,775,558,454,347
2026/02/04/20:32:03,2708.620098,0.890344,0.904766,0.961156,0.971062,72,48,59,39,3,1,1,4,775,558,454,347
2026/02/04/20:32:04,2709.620638,0.890344,0.904766,0.961156,0.971062,72,48,59,39,3,1,1,4,775,558,454,347
2026/02/04/20:32:05,2710.621256,0.893656,0.906523,0.964469,0.972819,73,48,59,39,3,1,1,4,775,558,454,347
2026/02/04/20:32:06,2711.621800,0.896750,0.910715,0.967562,0.977011,74,48,59,39,3,1,1,4,775,558,454,347
2026/02/04/20:32:07,2712.622229,0.893844,0.908589,0.964656,0.974885,74,48,59,38,3,1,1,4,775,558,454,348
2026/02/04/20:32:08,2713.638322,0.893844,0.908589,0.964656,0.974885,74,48,59,38,3,1,1,4,775,558,454,348
2026/02/04/20:32:09,2714.640933,0.893844,0.908589,0.964656,0.974885,74,48,59,38,3,1,1,4,775,558,454,348
2026/02/04/20:32:10,2715.641444,0.893844,0.908589,0.964656,0.974885,74,48,59,38,3,1,1,4,775,558,454,348
2026/02/04/20:32:11,2716.641833,0.893844,0.908589,0.964656,0.974885,74,48,59,38,3,1,1,4,775,558,454,348
2026/02/04/20:32:12,2717.642385,0.893844,0.908589,0.953094,0.972531,74,48,59,38,3,1,1,3,775,558,454,348
2026/02/04/20:32:13,2718.642944,0.893844,0.908589,0.953094,0.972531,74,48,59,38,3,1,1,3,775,558,454,348
2026/02/04/20:32:14,2719.643633,0.893844,0.908589,0.953094,0.972531,74,48,59,38,3,1,1,3,775,558,454,348
2026/02/04/20:32:15,2720.644258,0.893844,0.908589,0.953094,0.972531,74,48,59,38,3,1,1,3,775,558,454,348
2026/02/04/20:32:16,2721.672695,0.890531,0.906832,0.949781,0.970774,73,48,59,38,3,1,1,3,776,558,454,348
2026/02/04/20:32:17,2722.673212,0.890531,0.906832,0.949781,0.970774,73,48,59,38,3,1,1,3,776,558,454,348
2026/02/04/20:32:18,2723.673832,0.896906,0.907288,0.946969,0.968693,73,48,59,38,3,1,0,3,776,558,455,348
2026/02/04/20:32:19,2724.682398,0.896906,0.907288,0.946969,0.968693,73,48,59,38,3,1,0,3,776,558,455,348
2026/02/04/20:32:20,2725.683079,0.897188,0.933614,0.959750,1.017381,81,48,56,41,4,2,0,4,776,558,458,348
2026/02/04/20:32:21,2726.683526,0.897188,0.933614,1.006375,1.070930,81,48,56,41,8,3,3,6,776,558,458,348
2026/02/04/20:32:22,2727.683823,0.901625,0.929133,1.071500,1.064930,80,49,57,41,8,3,5,6,779,558,459,348
2026/02/04/20:32:23,2728.684331,0.902875,0.936050,1.039656,1.060043,81,49,57,43,5,2,3,8,782,558,460,348
2026/02/04/20:32:24,2729.684825,0.909406,0.941414,1.051813,1.075419,81,53,55,44,5,4,4,7,783,558,463,348
2026/02/04/20:32:25,2730.685357,0.904469,0.935822,0.999687,1.055154,81,51,55,44,4,5,0,6,784,561,463,348
2026/02/04/20:32:26,2731.685831,0.906344,0.937670,0.981906,1.039080,80,52,54,46,3,2,0,6,786,563,464,348
2026/02/04/20:32:27,2732.686152,0.900813,0.931592,0.974594,1.027087,80,49,54,46,3,1,0,6,786,566,464,348
2026/02/04/20:32:28,2733.686617,0.914188,0.913042,0.971063,1.012881,82,49,55,43,1,1,0,7,789,566,464,351
2026/02/04/20:32:29,2734.687155,0.923969,0.927567,0.997594,1.046140,83,49,56,43,3,1,2,7,789,566,464,354
2026/02/04/20:32:30,2735.687626,0.922344,0.924604,0.995969,1.043176,82,49,56,43,3,1,2,7,790,566,464,354
2026/02/04/20:32:31,2736.688079,0.914031,0.911029,0.977938,1.018543,82,48,56,40,3,1,2,6,790,567,464,357
2026/02/04/20:32:32,2737.688423,0.918594,0.913156,0.977938,1.018543,83,48,56,40,2,1,2,6,790,567,464,357
2026/02/04/20:32:33,2738.688896,0.919031,0.914180,0.970000,1.010201,83,48,54,40,1,1,1,6,791,567,467,357
2026/02/04/20:32:34,2739.689568,0.914312,0.915404,0.961469,1.004185,80,48,55,40,1,1,0,6,794,567,467,357
2026/02/04/20:32:35,2740.690030,0.920844,0.923177,0.964594,0.987840,80,50,56,40,3,1,0,3,794,567,467,357
2026/02/04/20:32:36,2741.690533,0.930125,0.929816,0.970781,0.992266,83,50,56,40,2,1,0,3,794,567,467,357
2026/02/04/20:32:37,2742.691021,0.930125,0.929816,0.969000,0.981747,83,50,56,40,2,0,0,3,794,567,467,357
2026/02/04/20:32:38,2743.691526,0.916094,0.917939,0.969406,0.981412,80,50,56,38,2,2,0,3,797,567,467,359
2026/02/04/20:32:39,2744.692041,0.911000,0.910753,0.964313,0.974226,79,50,57,35,2,2,0,3,798,567,467,362
2026/02/04/20:32:40,2745.692538,0.911750,0.915916,0.950625,0.967847,76,52,57,35,2,0,0,3,801,567,467,362
2026/02/04/20:32:41,2746.693826,0.916750,0.921393,0.955625,0.973323,78,52,57,35,2,0,0,3,801,567,467,362
2026/02/04/20:32:42,2747.694279,0.902312,0.909851,0.941187,0.961781,78,50,57,35,2,0,0,3,801,569,467,362
2026/02/04/20:32:43,2748.695205,0.904094,0.912356,0.969906,0.968967,78,50,58,35,2,0,0,5,801,569,467,362
2026/02/04/20:32:44,2749.695675,0.909937,0.915068,0.975750,0.971678,79,52,57,35,2,0,0,5,801,569,468,362
2026/02/04/20:32:45,2750.696285,0.909937,0.915068,0.973906,0.957194,79,52,57,35,1,0,0,5,801,569,468,362
2026/02/04/20:32:46,2751.698030,0.908094,0.912242,0.972063,0.954368,79,52,56,35,1,0,0,5,801,569,469,362
2026/02/04/20:32:47,2752.698560,0.891969,0.885574,0.955937,0.927700,79,50,53,35,1,0,0,5,801,571,472,362
2026/02/04/20:32:48,2753.704529,0.899531,0.888420,0.963500,0.930546,77,51,53,35,1,0,0,5,803,573,472,362
2026/02/04/20:32:49,2754.705338,0.899531,0.888420,0.963500,0.930546,77,51,53,35,1,0,0,5,803,573,472,362
2026/02/04/20:32:50,2755.705915,0.896156,0.884967,0.960125,0.927093,75,51,53,35,1,0,0,5,805,573,472,362
2026/02/04/20:32:51,2756.719721,0.896156,0.884967,0.960125,0.927093,75,51,53,35,1,0,0,5,805,573,472,362
2026/02/04/20:32:52,2757.720189,0.896156,0.884967,0.960125,0.927093,75,51,53,35,1,0,0,5,805,573,472,362
2026/02/04/20:32:53,2758.720541,0.896156,0.884967,0.960125,0.927093,75,51,53,35,1,0,0,5,805,573,472,362
2026/02/04/20:32:54,2759.838092,0.896156,0.884967,0.960125,0.927093,75,51,53,35,1,0,0,5,805,573,472,362
2026/02/04/20:32:56,2761.817638,0.895062,0.891641,0.980187,0.976533,78,48,53,36,5,0,0,4,805,576,472,362
2026/02/04/20:32:57,2762.818105,0.895062,0.891641,0.980187,0.976533,78,48,53,36,5,0,0,4,805,576,472,362
2026/02/04/20:32:58,2763.818703,0.895062,0.891641,0.980187,0.976533,78,48,53,36,5,0,0,4,805,576,472,362
2026/02/04/20:32:59,2764.819128,0.912844,0.913395,0.976406,0.956406,77,51,56,36,2,0,0,4,808,576,472,362
2026/02/04/20:33:00,2765.819569,0.926031,0.928151,1.031688,1.014524,77,56,57,36,8,1,3,4,808,576,472,362
2026/02/04/20:33:01,2766.819984,0.933531,0.935230,1.065875,1.034417,78,56,60,36,11,1,5,4,808,576,472,362
2026/02/04/20:33:02,2767.821240,0.940375,0.940299,1.098812,1.055390,80,56,60,37,14,2,6,5,808,576,472,362
2026/02/04/20:33:03,2768.823953,0.937656,0.932562,1.067531,1.016442,79,56,59,37,12,1,1,6,810,576,473,362
2026/02/04/20:33:04,2769.824382,0.943094,0.940321,1.063000,1.020021,82,56,59,37,12,0,1,5,810,576,473,362
2026/02/04/20:33:05,2770.824800,0.943094,0.940321,1.063000,1.020021,82,56,59,37,12,0,1,5,810,576,473,362
2026/02/04/20:33:06,2771.825357,0.941125,0.938747,1.049250,1.011011,82,56,59,36,11,0,1,4,810,576,473,363
2026/02/04/20:33:07,2772.825996,0.941125,0.938747,1.049250,1.011011,82,56,59,36,11,0,1,4,810,576,473,363
2026/02/04/20:33:08,2773.826657,0.941125,0.938747,1.041094,1.002360,82,56,59,36,8,0,1,4,810,576,473,363
2026/02/04/20:33:09,2774.827236,0.941031,0.939001,1.039219,0.999943,82,56,59,36,7,0,1,4,811,576,473,363
2026/02/04/20:33:10,2775.827680,0.933406,0.927697,1.031594,0.988638,78,56,59,36,7,0,1,4,815,576,473,363
2026/02/04/20:33:11,2776.828358,0.936281,0.926958,1.002906,0.981363,79,56,59,35,6,0,1,2,815,576,473,364
2026/02/04/20:33:12,2777.828750,0.937844,0.934119,1.026719,1.017203,80,56,59,35,7,0,6,3,815,576,473,364
2026/02/04/20:33:13,2778.829201,0.940375,0.935691,1.045125,1.050022,80,55,61,35,8,5,6,3,815,578,473,364
2026/02/04/20:33:14,2779.829659,0.930781,0.940038,1.026344,1.040463,79,55,61,35,8,4,3,3,818,581,473,364
2026/02/04/20:33:15,2780.830071,0.930781,0.940038,1.028406,1.045288,79,55,61,35,8,4,4,3,818,581,473,364
2026/02/04/20:33:16,2781.830619,0.930719,0.940115,1.026156,1.040694,79,54,62,35,8,2,5,3,818,582,473,364
2026/02/04/20:33:17,2782.831118,0.937094,0.944883,1.058625,1.077720,79,54,65,35,9,2,5,6,818,582,473,364
2026/02/04/20:33:18,2783.831527,0.937219,0.947942,1.076125,1.096685,78,54,66,35,8,10,5,6,820,582,473,364
2026/02/04/20:33:19,2784.832137,0.937219,0.947942,1.055937,1.082736,78,54,66,35,8,10,5,4,820,582,473,364
2026/02/04/20:33:20,2785.832568,0.940438,0.946979,1.049125,1.076019,77,54,67,35,9,5,5,4,821,585,473,364
2026/02/04/20:33:21,2786.833137,0.937937,0.951802,1.042312,1.071189,77,55,66,37,8,4,5,4,821,585,474,364
2026/02/04/20:33:22,2787.833737,0.937937,0.951802,1.046250,1.075086,77,55,66,37,8,4,5,6,821,585,474,364
2026/02/04/20:33:23,2788.834191,0.928344,0.945347,1.021969,1.044446,77,54,63,38,8,2,4,3,821,586,477,365
2026/02/04/20:33:24,2789.834887,0.929781,0.943376,1.018031,1.040549,77,55,63,36,8,1,4,3,821,586,477,367
2026/02/04/20:33:25,2790.835934,0.920125,0.937331,1.008375,1.034504,77,55,63,33,8,1,4,3,821,586,477,370
2026/02/04/20:33:26,2791.836539,0.918344,0.934825,1.006594,1.031998,77,55,62,33,8,1,4,3,821,586,478,370
2026/02/04/20:33:27,2792.836990,0.914031,0.938100,0.998563,1.017053,77,55,62,33,8,1,3,2,821,586,478,371
2026/02/04/20:33:28,2793.837633,0.914031,0.938100,0.998563,1.017053,77,55,62,33,8,1,3,2,821,586,478,371
2026/02/04/20:33:29,2794.838182,0.918594,0.941775,1.015937,1.040014,77,55,64,33,9,2,4,5,821,586,478,371
2026/02/04/20:33:30,2795.838738,0.921031,0.939659,1.052062,1.043152,77,55,62,36,13,2,5,4,821,586,480,371
2026/02/04/20:33:31,2796.839126,0.921031,0.939659,1.065250,1.056295,77,55,62,36,13,6,5,4,821,586,480,371
2026/02/04/20:33:32,2797.839565,0.926844,0.937902,1.064344,1.066994,82,52,62,35,13,6,6,3,821,589,481,373
2026/02/04/20:33:33,2798.840065,0.928719,0.940378,1.058406,1.060831,83,52,62,35,12,6,4,3,821,589,481,373
2026/02/04/20:33:34,2799.840498,0.928719,0.940378,1.035594,1.048666,83,52,62,35,10,3,4,3,821,589,481,373
2026/02/04/20:33:35,2800.841064,0.931219,0.942037,1.023781,1.034880,84,53,61,35,9,1,4,2,821,589,482,373
2026/02/04/20:33:36,2801.841659,0.931219,0.942037,1.023781,1.034880,84,53,61,35,9,1,4,2,821,589,482,373
2026/02/04/20:33:37,2802.842245,0.926656,0.937159,1.015719,1.026864,80,53,62,35,9,1,3,2,825,589,482,373
2026/02/04/20:33:38,2803.842940,0.926656,0.937159,1.015719,1.026864,80,53,62,35,9,1,3,2,825,589,482,373
2026/02/04/20:33:39,2804.843385,0.917469,0.926820,1.004969,1.009365,79,53,60,35,8,1,3,2,826,589,484,373
2026/02/04/20:33:40,2805.843862,0.922844,0.928746,1.004969,1.009365,79,54,60,35,8,0,3,2,826,589,484,373
2026/02/04/20:33:41,2806.844385,0.922750,0.927682,1.000406,1.005691,80,54,58,35,7,0,3,2,826,589,486,373
2026/02/04/20:33:42,2807.844940,0.924500,0.927538,0.996031,1.001503,79,54,58,35,6,0,3,2,828,589,486,373
2026/02/04/20:33:43,2808.845461,0.924500,0.927538,0.993250,0.994910,79,54,58,35,6,0,2,2,828,589,486,373
2026/02/04/20:33:44,2809.845953,0.924500,0.927538,0.993250,0.994910,79,54,58,35,6,0,2,2,828,589,486,373
2026/02/04/20:33:45,2810.846605,0.924500,0.927538,0.979750,0.990437,79,54,58,35,4,0,2,2,828,589,486,373
2026/02/04/20:33:46,2811.847223,0.919500,0.923560,0.974750,0.986460,77,54,58,35,4,0,2,2,830,589,486,373
2026/02/04/20:33:47,2812.847729,0.919500,0.923560,0.974750,0.986460,77,54,58,35,4,0,2,2,830,589,486,373
2026/02/04/20:33:48,2813.848371,0.919500,0.923560,0.974750,0.986460,77,54,58,35,4,0,2,2,830,589,486,373
2026/02/04/20:33:49,2814.848825,0.919500,0.923560,0.974750,0.986460,77,54,58,35,4,0,2,2,830,589,486,373
2026/02/04/20:33:50,2815.849356,0.919500,0.923560,0.974750,0.986460,77,54,58,35,4,0,2,2,830,589,486,373
2026/02/04/20:33:51,2816.849943,0.919500,0.923560,0.974750,0.986460,77,54,58,35,4,0,2,2,830,589,486,373
2026/02/04/20:33:52,2817.850451,0.916375,0.915608,0.971625,0.978508,75,54,58,35,4,0,2,2,832,589,486,373
2026/02/04/20:33:53,2818.850836,0.899656,0.905439,0.954906,0.968339,73,51,58,35,4,0,2,2,834,592,486,373
2026/02/04/20:33:54,2819.851436,0.896156,0.902302,0.951406,0.965202,73,51,57,35,4,0,2,2,834,592,487,373
2026/02/04/20:33:55,2820.851800,0.896156,0.902302,0.951406,0.965202,73,51,57,35,4,0,2,2,834,592,487,373
2026/02/04/20:33:56,2821.937966,0.896156,0.902302,0.951406,0.965202,73,51,57,35,4,0,2,2,834,592,487,373
2026/02/04/20:33:58,2823.838259,0.884844,0.901108,0.928719,0.941215,73,49,58,36,4,0,1,1,834,594,487,373
2026/02/04/20:33:59,2824.838820,0.901219,0.914718,0.956906,0.959967,73,49,63,36,4,2,1,1,834,594,487,373
2026/02/04/20:34:00,2825.839288,0.891312,0.894562,0.933187,0.925877,73,50,63,34,4,1,1,0,834,594,487,375
2026/02/04/20:34:01,2826.839931,0.897219,0.897133,0.933187,0.925877,73,51,63,34,4,0,1,0,834,594,487,375
2026/02/04/20:34:02,2827.840546,0.910906,0.906455,1.033406,0.973217,73,51,65,37,9,1,4,1,834,594,487,375
2026/02/04/20:34:03,2828.841224,0.915469,0.919548,1.037375,0.994105,74,50,68,37,8,2,4,1,834,596,487,375
2026/02/04/20:34:04,2829.841730,0.913406,0.926786,1.027969,0.979243,74,50,68,37,8,1,3,1,834,597,487,375
2026/02/04/20:34:05,2830.842215,0.894969,0.921319,0.978656,0.963977,72,50,70,34,7,1,1,1,836,597,487,378
2026/02/04/20:34:06,2831.842788,0.897500,0.921332,0.974344,0.959850,73,50,68,34,6,1,1,1,836,597,489,378
2026/02/04/20:34:07,2832.843232,0.901375,0.924875,0.978219,0.963392,75,50,68,34,6,1,1,1,836,597,489,378
2026/02/04/20:34:08,2833.843710,0.901375,0.924875,0.978219,0.963392,75,50,68,34,6,1,1,1,836,597,489,378
2026/02/04/20:34:09,2834.844167,0.897625,0.916301,0.970719,0.946244,74,50,68,34,5,1,1,1,837,597,489,378
2026/02/04/20:34:10,2835.844687,0.893437,0.910008,0.966531,0.939951,74,50,67,34,5,1,1,1,837,597,490,378
2026/02/04/20:34:11,2836.845386,0.893437,0.910008,0.966531,0.939951,74,50,67,34,5,1,1,1,837,597,490,378
2026/02/04/20:34:12,2837.846069,0.893437,0.910008,0.966531,0.939951,74,50,67,34,5,1,1,1,837,597,490,378
2026/02/04/20:34:13,2838.846766,0.893437,0.910008,0.966531,0.939951,74,50,67,34,5,1,1,1,837,597,490,378
2026/02/04/20:34:14,2839.847430,0.881375,0.903689,0.945688,0.930411,72,50,65,34,5,1,0,1,839,597,493,378
2026/02/04/20:34:15,2840.847905,0.881375,0.903689,0.945688,0.930411,72,50,65,34,5,1,0,1,839,597,493,378
2026/02/04/20:34:16,2841.848432,0.881375,0.903689,0.945688,0.930411,72,50,65,34,5,1,0,1,839,597,493,378
2026/02/04/20:34:17,2842.848948,0.881375,0.903689,0.945688,0.930411,72,50,65,34,5,1,0,1,839,597,493,378
2026/02/04/20:34:18,2843.849605,0.876500,0.899618,0.940813,0.926340,72,50,63,34,5,1,0,1,839,597,495,378
2026/02/04/20:34:19,2844.922762,0.876500,0.899618,0.940813,0.926340,72,50,63,34,5,1,0,1,839,597,495,378
2026/02/04/20:34:20,2845.923374,0.877219,0.899714,0.934688,0.922296,72,50,63,34,4,1,0,1,840,597,495,378
2026/02/04/20:34:21,2846.924085,0.877219,0.899714,0.934688,0.922296,72,50,63,34,4,1,0,1,840,597,495,378
2026/02/04/20:34:22,2847.924578,0.876750,0.900607,0.927375,0.919049,73,50,61,34,3,1,0,1,840,597,497,378
2026/02/04/20:34:23,2848.925069,0.876750,0.900607,0.927375,0.919049,73,50,61,34,3,1,0,1,840,597,497,378
2026/02/04/20:34:24,2849.925762,0.875125,0.895315,0.925750,0.913757,73,50,61,33,3,1,0,1,840,597,497,379
2026/02/04/20:34:25,2850.926428,0.875125,0.895315,0.925750,0.913757,73,50,61,33,3,1,0,1,840,597,497,379
2026/02/04/20:34:26,2851.926936,0.875125,0.895315,0.925750,0.913757,73,50,61,33,3,1,0,1,840,597,497,379
2026/02/04/20:34:27,2852.927557,0.875125,0.895315,0.925750,0.913757,73,50,61,33,3,1,0,1,840,597,497,379
2026/02/04/20:34:28,2853.928260,0.875125,0.895315,0.925750,0.913757,73,50,61,33,3,1,0,1,840,597,497,379
2026/02/04/20:34:29,2854.928582,0.875125,0.895315,0.925750,0.913757,73,50,61,33,3,1,0,1,840,597,497,379
2026/02/04/20:34:30,2855.929053,0.875125,0.895315,0.925750,0.913757,73,50,61,33,3,1,0,1,840,597,497,379
2026/02/04/20:34:31,2856.929726,0.875125,0.895315,0.925750,0.913757,73,50,61,33,3,1,0,1,840,597,497,379
2026/02/04/20:34:32,2858.049122,0.875125,0.895315,0.925750,0.913757,73,50,61,33,3,1,0,1,840,597,497,379
2026/02/04/20:34:34,2859.863757,0.875125,0.895315,0.925750,0.913757,73,50,61,33,3,1,0,1,840,597,497,379
2026/02/04/20:34:35,2860.864722,0.925750,0.913757,0.925750,0.913757,76,51,61,34,0,0,0,0,845,597,497,379
2026/02/04/20:34:36,2861.865355,0.931844,0.919178,0.968094,0.933162,77,52,61,34,0,1,3,0,845,597,497,379
2026/02/04/20:34:37,2862.866077,0.931844,0.919178,0.968094,0.933162,77,52,61,34,0,1,3,0,845,597,497,379
2026/02/04/20:34:38,2863.866785,0.928969,0.915488,0.962344,0.925782,77,51,61,34,0,0,3,0,845,598,497,379
2026/02/04/20:34:39,2864.867424,0.937688,0.923830,0.977187,0.937887,79,53,61,34,0,2,3,0,845,598,497,379
2026/02/04/20:34:40,2865.867955,0.937688,0.923830,0.977187,0.937887,79,53,61,34,0,2,3,0,845,598,497,379
2026/02/04/20:34:41,2866.868594,0.935250,0.920945,0.974750,0.935001,78,53,61,34,0,2,3,0,846,598,497,379
2026/02/04/20:34:42,2867.869212,0.935250,0.920945,0.974750,0.935001,78,53,61,34,0,2,3,0,846,598,497,379
2026/02/04/20:34:43,2868.869764,0.935250,0.920945,0.974750,0.935001,78,53,61,34,0,2,3,0,846,598,497,379
2026/02/04/20:34:44,2869.934423,0.935250,0.920945,0.974750,0.935001,78,53,61,34,0,2,3,0,846,598,497,379
2026/02/04/20:34:45,2870.935140,0.940500,0.926370,0.985969,0.950230,79,55,61,34,0,4,3,0,846,598,497,379
2026/02/04/20:34:46,2871.935790,0.940281,0.925416,0.982500,0.960955,79,55,61,34,0,4,5,0,846,598,498,379
2026/02/04/20:34:47,2872.936229,0.934719,0.922092,0.997969,0.972177,79,55,61,32,0,4,10,0,846,598,498,381
2026/02/04/20:34:48,2873.936675,0.935063,0.918336,0.989313,0.960638,79,56,58,32,0,1,10,0,846,600,501,381
2026/02/04/20:34:49,2874.937516,0.935063,0.918336,0.972719,0.954452,79,56,58,32,0,1,7,0,846,600,501,381
2026/02/04/20:34:50,2875.938012,0.933031,0.916208,0.962812,0.937214,78,56,58,32,0,1,4,0,847,600,501,381
2026/02/04/20:34:51,2876.938673,0.933031,0.916208,0.962812,0.937214,78,56,58,32,0,1,4,0,847,600,501,381
2026/02/04/20:34:52,2877.939323,0.940344,0.920987,0.982031,0.984389,78,56,58,35,0,1,7,0,847,600,501,381
2026/02/04/20:34:53,2878.940441,0.936281,0.926099,1.042437,1.052925,78,57,58,35,1,4,13,0,847,600,501,382
2026/02/04/20:34:54,2879.940976,0.939531,0.929803,1.050062,1.059948,78,57,58,37,2,4,13,0,847,600,501,382
2026/02/04/20:34:55,2880.941478,0.939531,0.929803,1.050062,1.059948,78,57,58,37,2,4,13,0,847,600,501,382
2026/02/04/20:34:56,2881.942168,0.939531,0.929803,1.042875,1.052601,78,57,58,37,2,3,13,0,847,600,501,382
2026/02/04/20:34:57,2882.942740,0.935281,0.926474,1.013969,1.026379,78,55,58,37,2,3,10,0,847,602,501,382
2026/02/04/20:34:58,2883.943331,0.935281,0.926474,1.013969,1.026379,78,55,58,37,2,3,10,0,847,602,501,382
2026/02/04/20:34:59,2884.943940,0.935281,0.926474,1.013969,1.026379,78,55,58,37,2,3,10,0,847,602,501,382
2026/02/04/20:35:00,2885.944474,0.934250,0.927206,1.006219,1.019621,78,53,59,37,1,3,9,0,847,604,501,382
2026/02/04/20:35:01,2886.945171,0.934125,0.927214,0.999188,1.007104,78,53,59,37,1,3,6,0,847,604,502,382
2026/02/04/20:35:02,2887.945651,0.934125,0.927214,0.999188,1.007104,78,53,59,37,1,3,6,0,847,604,502,382
2026/02/04/20:35:03,2888.946171,0.931031,0.936250,0.991344,1.014258,78,56,59,37,3,4,5,0,847,604,503,382
2026/02/04/20:35:04,2889.946710,0.928438,0.945011,0.998531,1.023470,77,59,61,38,2,4,4,2,850,604,503,382
2026/02/04/20:35:05,2890.947212,0.921813,0.936182,1.022906,1.050163,77,57,61,36,6,4,9,2,850,606,503,384
2026/02/04/20:35:06,2891.947912,0.926687,0.943845,1.024750,1.055479,78,58,61,36,6,3,9,2,850,606,503,384
2026/02/04/20:35:07,2893.009222,0.915063,0.941387,0.977062,1.043195,78,56,63,35,4,2,6,2,851,611,503,385
2026/02/04/20:35:08,2894.009820,0.915063,0.941387,0.956313,1.023728,78,56,63,35,3,0,6,2,851,611,503,385
2026/02/04/20:35:09,2895.010265,0.914312,0.942448,0.951187,1.013854,77,56,63,36,2,0,6,1,852,611,503,385
2026/02/04/20:35:10,2896.010642,0.914219,0.937060,0.945469,1.001231,75,56,64,36,1,0,5,1,854,611,503,385
2026/02/04/20:35:11,2897.011279,0.909344,0.931315,0.940594,0.995487,75,53,64,36,1,0,5,1,854,614,503,385
2026/02/04/20:35:12,2898.011926,0.909344,0.931315,0.940594,0.995487,75,53,64,36,1,0,5,1,854,614,503,385
2026/02/04/20:35:13,2899.012542,0.909344,0.931315,0.940594,0.995487,75,53,64,36,1,0,5,1,854,614,503,385
2026/02/04/20:35:14,2900.054843,0.909344,0.931315,0.931031,0.987737,75,53,64,36,1,0,3,1,854,614,503,385
2026/02/04/20:35:15,2901.055392,0.904531,0.932722,0.924406,0.983146,75,53,62,37,1,0,3,0,854,614,505,385
2026/02/04/20:35:16,2902.055930,0.899188,0.929271,0.919063,0.979694,75,53,62,36,1,0,3,0,854,614,505,386
2026/02/04/20:35:17,2903.056424,0.899188,0.929271,0.919063,0.979694,75,53,62,36,1,0,3,0,854,614,505,386
2026/02/04/20:35:18,2904.056919,0.899188,0.929271,0.919063,0.979694,75,53,62,36,1,0,3,0,854,614,505,386
2026/02/04/20:35:19,2905.057637,0.899188,0.929271,0.919063,0.979694,75,53,62,36,1,0,3,0,854,614,505,386
2026/02/04/20:35:20,2906.058348,0.899188,0.929271,0.919063,0.979694,75,53,62,36,1,0,3,0,854,614,505,386
2026/02/04/20:35:21,2907.059037,0.899188,0.929271,0.919063,0.979694,75,53,62,36,1,0,3,0,854,614,505,386
2026/02/04/20:35:22,2908.059619,0.892437,0.921568,0.912312,0.971991,72,53,62,36,1,0,3,0,857,614,505,386
2026/02/04/20:35:23,2909.059953,0.892437,0.921568,0.912312,0.971991,72,53,62,36,1,0,3,0,857,614,505,386
2026/02/04/20:35:24,2910.060476,0.890500,0.919917,0.910375,0.970340,71,53,62,36,1,0,3,0,858,614,505,386
2026/02/04/20:35:25,2911.060781,0.890500,0.919917,0.902406,0.962313,71,53,62,36,0,0,3,0,858,614,505,386
2026/02/04/20:35:26,2912.061448,0.890500,0.919917,0.902406,0.962313,71,53,62,36,0,0,3,0,858,614,505,386
2026/02/04/20:35:27,2913.062003,0.890500,0.919917,0.902406,0.962313,71,53,62,36,0,0,3,0,858,614,505,386
2026/02/04/20:35:28,2914.062480,0.890500,0.919917,0.890500,0.919917,71,53,62,36,0,0,0,0,858,614,505,386
2026/02/04/20:35:29,2915.063181,0.890500,0.919917,0.890500,0.919917,71,53,62,36,0,0,0,0,858,614,505,386
2026/02/04/20:35:30,2916.063823,0.890500,0.919917,0.890500,0.919917,71,53,62,36,0,0,0,0,858,614,505,386
2026/02/04/20:35:31,2917.064296,0.890500,0.919917,0.890500,0.919917,71,53,62,36,0,0,0,0,858,614,505,386
2026/02/04/20:35:32,2918.064935,0.890500,0.919917,0.890500,0.919917,71,53,62,36,0,0,0,0,858,614,505,386
2026/02/04/20:35:33,2919.065380,0.887500,0.916540,0.887500,0.916540,71,52,62,36,0,0,0,0,858,615,505,386
2026/02/04/20:35:34,2920.066042,0.904125,0.926102,0.908625,0.953646,74,54,62,36,0,2,0,0,858,615,505,386
2026/02/04/20:35:35,2921.066622,0.900937,0.924512,0.905438,0.952056,73,54,62,36,0,2,0,0,859,615,505,386
2026/02/04/20:35:36,2922.067216,0.900937,0.924512,0.905438,0.952056,73,54,62,36,0,2,0,0,859,615,505,386
2026/02/04/20:35:37,2923.067770,0.903000,0.934309,0.903000,0.934309,73,57,62,37,0,0,0,0,862,615,505,386
2026/02/04/20:35:38,2924.068419,0.896312,0.931002,0.896312,0.931002,73,55,62,37,0,0,0,0,862,617,505,386
2026/02/04/20:35:39,2925.069010,0.896312,0.931002,0.896312,0.931002,73,55,62,37,0,0,0,0,862,617,505,386
2026/02/04/20:35:40,2926.069490,0.894687,0.929280,0.894687,0.929280,73,55,62,36,0,0,0,0,862,617,505,387
2026/02/04/20:35:41,2927.070125,0.894687,0.929280,0.894687,0.929280,73,55,62,36,0,0,0,0,862,617,505,387
2026/02/04/20:35:42,2928.070639,0.893062,0.927207,0.893062,0.927207,72,55,62,36,0,0,0,0,863,617,505,387
2026/02/04/20:35:43,2929.071361,0.893062,0.927207,0.893062,0.927207,72,55,62,36,0,0,0,0,863,617,505,387
2026/02/04/20:35:44,2930.072026,0.889938,0.921577,0.889938,0.921577,70,55,62,36,0,0,0,0,865,617,505,387
2026/02/04/20:35:45,2931.072705,0.878594,0.915820,0.878594,0.915820,70,55,59,36,0,0,0,0,865,617,508,387
2026/02/04/20:35:46,2932.073439,0.878594,0.915820,0.878594,0.915820,70,55,59,36,0,0,0,0,865,617,508,387
2026/02/04/20:35:48,2933.074027,0.871281,0.911041,0.871281,0.911041,70,55,59,33,0,0,0,0,865,617,508,390
2026/02/04/20:35:49,2934.074708,0.871281,0.911041,0.871281,0.911041,70,55,59,33,0,0,0,0,865,617,508,390
2026/02/04/20:35:50,2935.075294,0.871281,0.911041,0.871281,0.911041,70,55,59,33,0,0,0,0,865,617,508,390
2026/02/04/20:35:51,2936.075815,0.871281,0.911041,0.871281,0.911041,70,55,59,33,0,0,0,0,865,617,508,390
2026/02/04/20:35:52,2937.076385,0.871281,0.911041,0.871281,0.911041,70,55,59,33,0,0,0,0,865,617,508,390
2026/02/04/20:35:53,2938.077027,0.871281,0.911041,0.871281,0.911041,70,55,59,33,0,0,0,0,865,617,508,390
2026/02/04/20:35:54,2939.077620,0.871281,0.911041,0.871281,0.911041,70,55,59,33,0,0,0,0,865,617,508,390
2026/02/04/20:35:55,2940.078349,0.871281,0.911041,0.871281,0.911041,70,55,59,33,0,0,0,0,865,617,508,390
2026/02/04/20:35:56,2941.078996,0.871281,0.911041,0.871281,0.911041,70,55,59,33,0,0,0,0,865,617,508,390
2026/02/04/20:35:57,2942.079647,0.871281,0.911041,0.871281,0.911041,70,55,59,33,0,0,0,0,865,617,508,390
2026/02/04/20:35:58,2943.080244,0.871281,0.911041,0.871281,0.911041,70,55,59,33,0,0,0,0,865,617,508,390
2026/02/04/20:35:59,2944.080793,0.860844,0.892776,0.860844,0.892776,70,53,59,33,0,0,0,0,865,619,508,390
2026/02/04/20:36:00,2945.081416,0.858531,0.890050,0.858531,0.890050,70,52,59,33,0,0,0,0,865,620,508,390
2026/02/04/20:36:01,2946.082088,0.858531,0.890050,0.858531,0.890050,70,52,59,33,0,0,0,0,865,620,508,390
2026/02/04/20:36:02,2947.082882,0.858531,0.890050,0.858531,0.890050,70,52,59,33,0,0,0,0,865,620,508,390
2026/02/04/20:36:03,2948.083697,0.858531,0.890050,0.858531,0.890050,70,52,59,33,0,0,0,0,865,620,508,390
2026/02/04/20:36:04,2949.084477,0.865281,0.896054,0.865281,0.896054,73,52,59,33,0,0,0,0,865,620,508,390
2026/02/04/20:36:05,2950.085099,0.865281,0.896054,0.865281,0.896054,73,52,59,33,0,0,0,0,865,620,508,390
2026/02/04/20:36:06,2951.092498,0.865281,0.896054,0.865281,0.896054,73,52,59,33,0,0,0,0,865,620,508,390
2026/02/04/20:36:07,2952.093108,0.865281,0.896054,0.865281,0.896054,73,52,59,33,0,0,0,0,865,620,508,390
2026/02/04/20:36:08,2953.093841,0.865281,0.896054,0.865281,0.896054,73,52,59,33,0,0,0,0,865,620,508,390
2026/02/04/20:36:09,2954.094444,0.865281,0.896054,0.865281,0.896054,73,52,59,33,0,0,0,0,865,620,508,390
2026/02/04/20:36:10,2955.095041,0.865281,0.896054,0.865281,0.896054,73,52,59,33,0,0,0,0,865,620,508,390
2026/02/04/20:36:11,2956.095509,0.865281,0.896054,0.865281,0.896054,73,52,59,33,0,0,0,0,865,620,508,390
2026/02/04/20:36:12,2957.096081,0.865281,0.896054,0.865281,0.896054,73,52,59,33,0,0,0,0,865,620,508,390
2026/02/04/20:36:13,2958.096769,0.865281,0.896054,0.865281,0.896054,73,52,59,33,0,0,0,0,865,620,508,390
2026/02/04/20:36:14,2959.097469,0.865281,0.896054,0.865281,0.896054,73,52,59,33,0,0,0,0,865,620,508,390
2026/02/04/20:36:15,2960.097977,0.865281,0.896054,0.865281,0.896054,73,52,59,33,0,0,0,0,865,620,508,390
2026/02/04/20:36:16,2961.098704,0.858531,0.890050,0.858531,0.890050,70,52,59,33,0,0,0,0,868,620,508,390
2026/02/04/20:36:17,2962.099390,0.858531,0.890050,0.858531,0.890050,70,52,59,33,0,0,0,0,868,620,508,390
2026/02/04/20:36:18,2963.099997,0.858531,0.890050,0.858531,0.890050,70,52,59,33,0,0,0,0,868,620,508,390
2026/02/04/20:36:19,2964.100641,0.858531,0.890050,0.858531,0.890050,70,52,59,33,0,0,0,0,868,620,508,390
2026/02/04/20:36:20,2965.101259,0.858531,0.890050,0.858531,0.890050,70,52,59,33,0,0,0,0,868,620,508,390
2026/02/04/20:36:21,2966.101939,0.858531,0.890050,0.858531,0.890050,70,52,59,33,0,0,0,0,868,620,508,390
2026/02/04/20:36:22,2967.102418,0.858531,0.890050,0.858531,0.890050,70,52,59,33,0,0,0,0,868,620,508,390
2026/02/04/20:36:23,2968.103066,0.896281,0.903128,0.896281,0.903128,71,52,63,34,0,0,0,0,868,620,508,390
2026/02/04/20:36:24,2969.103597,0.896281,0.903128,0.896281,0.903128,71,52,63,34,0,0,0,0,868,620,508,390
2026/02/04/20:36:25,2970.104177,0.896281,0.903128,0.896281,0.903128,71,52,63,34,0,0,0,0,868,620,508,390
2026/02/04/20:36:26,2971.104810,0.894719,0.899672,0.894719,0.899672,71,52,63,33,0,0,0,0,868,620,508,391
2026/02/04/20:36:27,2972.105464,0.894719,0.899672,0.894719,0.899672,71,52,63,33,0,0,0,0,868,620,508,391
2026/02/04/20:36:28,2973.106213,0.894719,0.899672,0.894719,0.899672,71,52,63,33,0,0,0,0,868,620,508,391
2026/02/04/20:36:29,2974.106817,0.894719,0.899672,0.894719,0.899672,71,52,63,33,0,0,0,0,868,620,508,391
2026/02/04/20:36:30,2975.107472,0.894719,0.899672,0.894719,0.899672,71,52,63,33,0,0,0,0,868,620,508,391
2026/02/04/20:36:31,2976.108206,0.894719,0.899672,0.894719,0.899672,71,52,63,33,0,0,0,0,868,620,508,391
2026/02/04/20:36:32,2977.108758,0.892625,0.896507,0.892625,0.896507,70,52,63,33,0,0,0,0,869,620,508,391
2026/02/04/20:36:33,2978.109263,0.863656,0.891729,0.863656,0.891729,70,52,60,33,0,0,0,0,869,620,511,391
2026/02/04/20:36:34,2979.109793,0.856344,0.873038,0.856344,0.873038,70,52,57,33,0,0,0,0,869,620,514,391
2026/02/04/20:36:35,2980.110349,0.846437,0.868609,0.846437,0.868609,70,51,56,33,0,0,0,0,869,621,515,391
2026/02/04/20:36:36,2981.110971,0.846437,0.868609,0.846437,0.868609,70,51,56,33,0,0,0,0,869,621,515,391
2026/02/04/20:36:37,2982.111587,0.852156,0.880869,0.886938,0.895914,72,51,57,33,0,0,0,3,869,621,515,391
2026/02/04/20:36:38,2983.112351,0.852156,0.880869,0.886938,0.895914,72,51,57,33,0,0,0,3,869,621,515,391
2026/02/04/20:36:39,2984.113052,0.890938,0.907872,0.890938,0.907872,80,51,59,33,0,0,0,0,869,621,515,391
2026/02/04/20:36:40,2985.113663,0.901469,0.912143,0.906250,0.934349,81,51,60,33,0,3,0,0,869,621,517,391
2026/02/04/20:36:41,2986.114522,0.898062,0.918236,0.898062,0.918236,79,54,58,33,0,0,0,0,871,621,519,391
2026/02/04/20:36:42,2987.115159,0.888344,0.897254,0.888344,0.897254,77,54,57,31,0,0,0,0,873,621,520,393
2026/02/04/20:36:43,2988.115815,0.888344,0.897254,0.888344,0.897254,77,54,57,31,0,0,0,0,873,621,520,393
2026/02/04/20:36:44,2989.116383,0.888344,0.897254,0.888344,0.897254,77,54,57,31,0,0,0,0,873,621,520,393
2026/02/04/20:36:45,2990.116927,0.886750,0.890683,0.886750,0.890683,77,54,56,31,0,0,0,0,873,621,521,393
2026/02/04/20:36:46,2991.121436,0.886750,0.890683,0.886750,0.890683,77,54,56,31,0,0,0,0,873,621,521,393
2026/02/04/20:36:47,2992.122112,0.870938,0.883046,0.870938,0.883046,75,52,56,31,0,0,0,0,875,623,521,393
2026/02/04/20:36:48,2993.122688,0.870938,0.883046,0.870938,0.883046,75,52,56,31,0,0,0,0,875,623,521,393
2026/02/04/20:36:49,2994.123306,0.854906,0.878317,0.854906,0.878317,72,52,56,31,0,0,0,0,878,623,521,393
2026/02/04/20:36:50,2995.123939,0.854906,0.878317,0.854906,0.878317,72,52,56,31,0,0,0,0,878,623,521,393
2026/02/04/20:36:51,2996.124496,0.853281,0.873284,0.853281,0.873284,71,52,56,31,0,0,0,0,879,623,521,393
2026/02/04/20:36:52,2997.125093,0.853281,0.873284,0.853281,0.873284,71,52,56,31,0,0,0,0,879,623,521,393
2026/02/04/20:36:53,2998.132406,0.853281,0.873284,0.853281,0.873284,71,52,56,31,0,0,0,0,879,623,521,393
2026/02/04/20:36:54,2999.133113,0.853281,0.873284,0.853281,0.873284,71,52,56,31,0,0,0,0,879,623,521,393
2026/02/04/20:36:55,3000.133626,0.853281,0.873284,0.853281,0.873284,71,52,56,31,0,0,0,0,879,623,521,393
2026/02/04/20:36:56,3001.133990,0.853281,0.873284,0.853281,0.873284,71,52,56,31,0,0,0,0,879,623,521,393
2026/02/04/20:36:57,3002.134532,0.851594,0.871696,0.851594,0.871696,71,52,55,31,0,0,0,0,879,623,522,393
2026/02/04/20:36:58,3003.135171,0.846625,0.866662,0.846625,0.866662,71,52,55,28,0,0,0,0,879,623,522,396
2026/02/04/20:36:59,3004.135778,0.835594,0.840856,0.835594,0.840856,71,49,53,28,0,0,0,0,879,626,524,396
2026/02/04/20:37:00,3005.136309,0.835594,0.840856,0.835594,0.840856,71,49,53,28,0,0,0,0,879,626,524,396
2026/02/04/20:37:01,3006.136960,0.835594,0.840856,0.835594,0.840856,71,49,53,28,0,0,0,0,879,626,524,396
2026/02/04/20:37:02,3007.137727,0.850375,0.858026,0.850375,0.858026,72,49,55,29,0,0,0,0,879,626,524,396
2026/02/04/20:37:03,3008.138317,0.870250,0.864908,0.870250,0.864908,75,49,55,29,0,0,0,0,879,626,524,396
2026/02/04/20:37:04,3009.138983,0.870250,0.864908,0.870250,0.864908,75,49,55,29,0,0,0,0,879,626,524,396
2026/02/04/20:37:05,3010.139636,0.859313,0.860243,0.859313,0.860243,75,49,53,29,0,0,0,0,879,626,526,396
2026/02/04/20:37:06,3011.140360,0.857344,0.857976,0.857344,0.857976,74,49,53,29,0,0,0,0,880,626,526,396
2026/02/04/20:37:07,3012.140909,0.861750,0.870863,0.861750,0.870863,73,49,55,30,0,0,0,0,883,626,526,396
2026/02/04/20:37:08,3013.141554,0.861750,0.870863,0.861750,0.870863,73,49,55,30,0,0,0,0,883,626,526,396
2026/02/04/20:37:09,3014.142157,0.839250,0.852840,0.839250,0.852840,71,49,53,30,0,0,0,0,885,626,528,396
2026/02/04/20:37:10,3015.142818,0.837469,0.851094,0.837469,0.851094,71,49,53,29,0,0,0,0,885,626,528,397
2026/02/04/20:37:11,3016.143398,0.833469,0.836199,0.833469,0.836199,71,47,53,29,0,0,0,0,885,628,528,397
2026/02/04/20:37:12,3017.143902,0.833469,0.836199,0.833469,0.836199,71,47,53,29,0,0,0,0,885,628,528,397
2026/02/04/20:37:13,3018.144591,0.846156,0.852175,0.856406,0.872736,74,48,51,32,0,0,0,2,885,628,530,397
2026/02/04/20:37:14,3019.145938,0.843500,0.852447,0.848625,0.862728,74,48,48,33,0,0,0,1,885,628,533,397
2026/02/04/20:37:15,3020.146621,0.843500,0.852447,0.848625,0.862728,74,48,48,33,0,0,0,1,885,628,533,397
2026/02/04/20:37:16,3021.147257,0.838375,0.842166,0.838375,0.842166,74,48,48,32,0,0,0,0,885,628,533,398
2026/02/04/20:37:17,3022.147959,0.830000,0.838340,0.830000,0.838340,72,48,48,32,0,0,0,0,887,628,533,398
2026/02/04/20:37:18,3023.148653,0.837313,0.846129,0.837313,0.846129,75,48,48,32,0,0,0,0,887,628,533,398
2026/02/04/20:37:19,3024.149286,0.837313,0.846129,0.837313,0.846129,75,48,48,32,0,0,0,0,887,628,533,398
2026/02/04/20:37:20,3025.149814,0.835219,0.843384,0.835219,0.843384,74,48,48,32,0,0,0,0,888,628,533,398
2026/02/04/20:37:21,3026.150331,0.835219,0.843384,0.835219,0.843384,74,48,48,32,0,0,0,0,888,628,533,398
2026/02/04/20:37:22,3027.159034,0.832781,0.840788,0.832781,0.840788,73,48,48,32,0,0,0,0,889,628,533,398
2026/02/04/20:37:23,3028.159176,0.827906,0.835595,0.827906,0.835595,71,48,48,32,0,0,0,0,891,628,533,398
2026/02/04/20:37:24,3029.159922,0.827906,0.835595,0.827906,0.835595,71,48,48,32,0,0,0,0,891,628,533,398
2026/02/04/20:37:25,3030.160540,0.808906,0.830843,0.808906,0.830843,69,48,48,32,0,0,0,0,893,628,533,398
2026/02/04/20:37:26,3031.161252,0.808906,0.830843,0.808906,0.830843,69,48,48,32,0,0,0,0,893,628,533,398
2026/02/04/20:37:27,3032.161977,0.808906,0.830843,0.808906,0.830843,69,48,48,32,0,0,0,0,893,628,533,398
2026/02/04/20:37:28,3033.162513,0.808906,0.830843,0.808906,0.830843,69,48,48,32,0,0,0,0,893,628,533,398
2026/02/04/20:37:29,3034.163275,0.808906,0.830843,0.808906,0.830843,69,48,48,32,0,0,0,0,893,628,533,398
2026/02/04/20:37:30,3035.163867,0.808906,0.830843,0.808906,0.830843,69,48,48,32,0,0,0,0,893,628,533,398
2026/02/04/20:37:31,3036.164559,0.808906,0.830843,0.808906,0.830843,69,48,48,32,0,0,0,0,893,628,533,398
2026/02/04/20:37:32,3037.165331,0.808906,0.830843,0.808906,0.830843,69,48,48,32,0,0,0,0,893,628,533,398
2026/02/04/20:37:33,3038.166156,0.804125,0.814772,0.804125,0.814772,69,48,48,29,0,0,0,0,893,628,533,401
2026/02/04/20:37:34,3039.166802,0.804125,0.814772,0.804125,0.814772,69,48,48,29,0,0,0,0,893,628,533,401
2026/02/04/20:37:35,3040.167385,0.804125,0.814772,0.804125,0.814772,69,48,48,29,0,0,0,0,893,628,533,401
2026/02/04/20:37:36,3041.168190,0.804125,0.814772,0.804125,0.814772,69,48,48,29,0,0,0,0,893,628,533,401
2026/02/04/20:37:37,3042.169059,0.804125,0.814772,0.804125,0.814772,69,48,48,29,0,0,0,0,893,628,533,401
2026/02/04/20:37:38,3043.169780,0.804125,0.814772,0.804125,0.814772,69,48,48,29,0,0,0,0,893,628,533,401
2026/02/04/20:37:39,3044.170445,0.804125,0.814772,0.804125,0.814772,69,48,48,29,0,0,0,0,893,628,533,401
2026/02/04/20:37:40,3045.171124,0.804125,0.814772,0.804125,0.814772,69,48,48,29,0,0,0,0,893,628,533,401
2026/02/04/20:37:41,3046.171669,0.804125,0.814772,0.804125,0.814772,69,48,48,29,0,0,0,0,893,628,533,401
2026/02/04/20:37:42,3047.172212,0.804125,0.814772,0.804125,0.814772,69,48,48,29,0,0,0,0,893,628,533,401
2026/02/04/20:37:43,3048.172775,0.804125,0.814772,0.804125,0.814772,69,48,48,29,0,0,0,0,893,628,533,401
2026/02/04/20:37:44,3049.173547,0.804125,0.814772,0.804125,0.814772,69,48,48,29,0,0,0,0,893,628,533,401
2026/02/04/20:37:45,3050.174156,0.804125,0.814772,0.804125,0.814772,69,48,48,29,0,0,0,0,893,628,533,401
2026/02/04/20:37:46,3051.174877,0.804125,0.814772,0.804125,0.814772,69,48,48,29,0,0,0,0,893,628,533,401
2026/02/04/20:37:47,3052.175496,0.833656,0.847530,0.833656,0.847530,72,51,50,30,0,0,0,0,893,628,533,401
2026/02/04/20:37:48,3053.176057,0.890188,0.874889,0.890188,0.874889,79,51,52,31,0,0,0,0,893,628,533,401
2026/02/04/20:37:49,3054.176651,0.903094,0.890786,0.903094,0.890786,81,53,53,31,0,0,0,0,893,628,533,401
2026/02/04/20:37:50,3055.178879,0.884406,0.896486,0.884406,0.896486,79,53,54,32,0,0,0,0,895,628,533,401
2026/02/04/20:37:51,3056.179558,0.878375,0.894722,0.878375,0.894722,78,53,54,32,0,0,0,0,896,628,533,401
2026/02/04/20:37:52,3057.180166,0.876500,0.884484,0.876500,0.884484,78,53,54,31,0,0,0,0,896,628,533,402
2026/02/04/20:37:53,3058.180789,0.862594,0.864322,0.862594,0.864322,78,50,54,30,0,0,0,0,896,631,533,403
2026/02/04/20:37:54,3059.181828,0.853531,0.858856,0.853531,0.858856,78,50,52,30,0,0,0,0,896,631,535,403
2026/02/04/20:37:55,3060.182453,0.878531,0.891005,0.878531,0.891005,79,53,52,30,0,0,0,0,898,631,535,403
2026/02/04/20:37:56,3061.184053,0.858500,0.881722,0.858500,0.881722,77,53,51,30,0,0,0,0,900,631,536,403
2026/02/04/20:37:57,3062.184789,0.853750,0.873579,0.853750,0.873579,74,53,51,30,0,0,0,0,903,631,536,403
2026/02/04/20:37:58,3063.185361,0.853750,0.873579,0.853750,0.873579,74,53,51,30,0,0,0,0,903,631,536,403
2026/02/04/20:37:59,3064.185937,0.844938,0.860728,0.844938,0.860728,74,52,51,29,0,0,0,0,903,632,536,404
2026/02/04/20:38:00,3065.186460,0.821812,0.831046,0.821812,0.831046,71,50,51,29,0,0,0,0,906,634,536,404
2026/02/04/20:38:01,3066.187151,0.821812,0.831046,0.821812,0.831046,71,50,51,29,0,0,0,0,906,634,536,404
2026/02/04/20:38:02,3067.187680,0.821812,0.831046,0.821812,0.831046,71,50,51,29,0,0,0,0,906,634,536,404
2026/02/04/20:38:03,3068.188328,0.821812,0.831046,0.821812,0.831046,71,50,51,29,0,0,0,0,906,634,536,404
2026/02/04/20:38:04,3069.188941,0.821812,0.831046,0.821812,0.831046,71,50,51,29,0,0,0,0,906,634,536,404
2026/02/04/20:38:05,3070.189570,0.821812,0.831046,0.821812,0.831046,71,50,51,29,0,0,0,0,906,634,536,404
2026/02/04/20:38:06,3071.190248,0.821812,0.831046,0.821812,0.831046,71,50,51,29,0,0,0,0,906,634,536,404
2026/02/04/20:38:07,3072.190898,0.821812,0.831046,0.821812,0.831046,71,50,51,29,0,0,0,0,906,634,536,404
2026/02/04/20:38:08,3073.191564,0.821812,0.831046,0.821812,0.831046,71,50,51,29,0,0,0,0,906,634,536,404
2026/02/04/20:38:09,3074.192119,0.821812,0.831046,0.821812,0.831046,71,50,51,29,0,0,0,0,906,634,536,404
2026/02/04/20:38:10,3075.192707,0.821812,0.831046,0.821812,0.831046,71,50,51,29,0,0,0,0,906,634,536,404
2026/02/04/20:38:11,3076.193294,0.821812,0.831046,0.821812,0.831046,71,50,51,29,0,0,0,0,906,634,536,404
2026/02/04/20:38:12,3077.193841,0.821812,0.831046,0.821812,0.831046,71,50,51,29,0,0,0,0,906,634,536,404
2026/02/04/20:38:13,3078.194386,0.811969,0.822741,0.811969,0.822741,71,50,46,29,0,0,0,0,906,634,541,404
2026/02/04/20:38:14,3079.195073,0.811969,0.822741,0.811969,0.822741,71,50,46,29,0,0,0,0,906,634,541,404
2026/02/04/20:38:15,3080.195925,0.811969,0.822741,0.811969,0.822741,71,50,46,29,0,0,0,0,906,634,541,404
2026/02/04/20:38:16,3081.196445,0.811969,0.822741,0.811969,0.822741,71,50,46,29,0,0,0,0,906,634,541,404
2026/02/04/20:38:17,3082.197014,0.853031,0.872664,0.853031,0.872664,78,51,47,34,0,0,0,0,906,634,541,404
2026/02/04/20:38:18,3083.197563,0.849500,0.868040,0.852531,0.870024,78,51,47,33,1,0,0,0,906,634,541,405
2026/02/04/20:38:19,3084.198123,0.874938,0.892140,0.874938,0.892140,79,53,50,34,0,0,0,0,906,634,541,407
2026/02/04/20:38:20,3085.198784,0.874938,0.892140,0.874938,0.892140,79,53,50,34,0,0,0,0,906,634,541,407
2026/02/04/20:38:21,3086.199256,0.872594,0.889839,0.872594,0.889839,79,53,49,34,0,0,0,0,906,634,542,407
2026/02/04/20:38:22,3087.199826,0.862906,0.874092,0.862906,0.874092,79,53,48,31,0,0,0,0,906,634,543,410
2026/02/04/20:38:23,3088.200451,0.862906,0.874092,0.862906,0.874092,79,53,48,31,0,0,0,0,906,634,543,410
2026/02/04/20:38:24,3089.200990,0.862906,0.874092,0.862906,0.874092,79,53,48,31,0,0,0,0,906,634,543,410
2026/02/04/20:38:25,3090.201646,0.856219,0.858971,0.856219,0.858971,78,52,48,31,0,0,0,0,907,635,543,410
2026/02/04/20:38:26,3091.202348,0.841500,0.828441,0.841500,0.828441,78,48,48,31,0,0,0,0,907,639,543,410
2026/02/04/20:38:27,3092.202986,0.822406,0.816754,0.822406,0.816754,75,48,46,31,0,0,0,0,910,639,545,410
2026/02/04/20:38:28,3093.203652,0.822406,0.816754,0.822406,0.816754,75,48,46,31,0,0,0,0,910,639,545,410
2026/02/04/20:38:29,3094.204178,0.819625,0.814364,0.819625,0.814364,75,47,46,31,0,0,0,0,910,640,545,410
2026/02/04/20:38:30,3095.204808,0.819625,0.814364,0.819625,0.814364,75,47,46,31,0,0,0,0,910,640,545,410
2026/02/04/20:38:31,3096.205352,0.819625,0.814364,0.819625,0.814364,75,47,46,31,0,0,0,0,910,640,545,410
2026/02/04/20:38:32,3097.205942,0.819625,0.814364,0.819625,0.814364,75,47,46,31,0,0,0,0,910,640,545,410
2026/02/04/20:38:33,3098.206613,0.819625,0.814364,0.819625,0.814364,75,47,46,31,0,0,0,0,910,640,545,410
2026/02/04/20:38:34,3099.207114,0.819625,0.814364,0.819625,0.814364,75,47,46,31,0,0,0,0,910,640,545,410
2026/02/04/20:38:35,3100.207748,0.819625,0.814364,0.819625,0.814364,75,47,46,31,0,0,0,0,910,640,545,410
2026/02/04/20:38:36,3101.208409,0.819625,0.814364,0.819625,0.814364,75,47,46,31,0,0,0,0,910,640,545,410
2026/02/04/20:38:37,3102.208993,0.819625,0.814364,0.819625,0.814364,75,47,46,31,0,0,0,0,910,640,545,410
2026/02/04/20:38:38,3103.209481,0.819625,0.814364,0.819625,0.814364,75,47,46,31,0,0,0,0,910,640,545,410
2026/02/04/20:38:39,3104.210066,0.819625,0.814364,0.819625,0.814364,75,47,46,31,0,0,0,0,910,640,545,410
2026/02/04/20:38:40,3105.210589,0.813500,0.810602,0.813500,0.810602,75,45,46,31,0,0,0,0,910,642,545,410
2026/02/04/20:38:41,3106.211040,0.824500,0.817891,0.826906,0.823087,77,45,46,31,0,0,0,1,910,642,545,410
2026/02/04/20:38:42,3107.211579,0.853844,0.861100,0.853844,0.861100,82,45,46,34,0,0,0,0,910,642,545,410
2026/02/04/20:38:43,3108.212089,0.855938,0.864671,0.855938,0.864671,81,45,49,34,0,0,0,0,911,642,545,410
2026/02/04/20:38:44,3109.212653,0.854844,0.864452,0.854844,0.864452,80,45,50,34,0,0,0,0,912,642,545,410
2026/02/04/20:38:45,3110.213289,0.854844,0.864452,0.854844,0.864452,80,45,50,34,0,0,0,0,912,642,545,410
2026/02/04/20:38:46,3111.213767,0.881656,0.878617,0.881656,0.878617,82,48,50,32,0,0,0,0,914,642,545,413
2026/02/04/20:38:47,3112.214275,0.882938,0.881032,0.882938,0.881032,82,48,50,32,0,0,0,0,914,642,546,413
2026/02/04/20:38:48,3113.215510,0.881875,0.880623,0.881875,0.880623,84,46,51,33,0,0,0,0,915,644,546,413
2026/02/04/20:38:49,3114.216015,0.879750,0.883621,0.888437,0.889356,82,48,51,34,0,0,0,1,917,645,546,413
2026/02/04/20:38:50,3115.216494,0.879750,0.883621,0.888437,0.889356,82,48,51,34,0,0,0,1,917,645,546,413
2026/02/04/20:38:51,3116.217013,0.877594,0.873997,0.877594,0.873997,78,48,51,34,0,0,0,0,921,645,546,414
2026/02/04/20:38:52,3117.217687,0.874469,0.870398,0.874469,0.870398,78,46,51,34,0,0,0,0,921,647,546,414
2026/02/04/20:38:53,3118.218248,0.850844,0.851515,0.850844,0.851515,78,46,50,31,0,0,0,0,921,647,547,417
2026/02/04/20:38:54,3119.218955,0.855313,0.871433,0.866375,0.905199,78,48,49,33,3,0,0,0,921,647,548,417
2026/02/04/20:38:55,3120.219685,0.855313,0.871433,0.866375,0.905199,78,48,49,33,3,0,0,0,921,647,548,417
2026/02/04/20:38:56,3121.220176,0.855313,0.871433,0.866375,0.905199,78,48,49,33,3,0,0,0,921,647,548,417
2026/02/04/20:38:57,3122.220793,0.850437,0.866135,0.861500,0.899901,78,48,46,33,3,0,0,0,921,647,551,417
2026/02/04/20:38:58,3123.221444,0.850437,0.866135,0.861500,0.899901,78,48,46,33,3,0,0,0,921,647,551,417
2026/02/04/20:38:59,3124.221899,0.850437,0.866135,0.861500,0.899901,78,48,46,33,3,0,0,0,921,647,551,417
2026/02/04/20:39:00,3125.222383,0.848812,0.864367,0.859875,0.898133,77,48,46,33,3,0,0,0,922,647,551,417
2026/02/04/20:39:01,3126.225131,0.848812,0.864367,0.859875,0.898133,77,48,46,33,3,0,0,0,922,647,551,417
2026/02/04/20:39:02,3127.352073,0.848812,0.864367,0.859875,0.898133,77,48,46,33,3,0,0,0,922,647,551,417
2026/02/04/20:39:03,3128.352243,0.852094,0.890293,0.852094,0.890293,80,48,46,30,0,0,0,0,925,647,551,420
2026/02/04/20:39:04,3129.352985,0.852094,0.890293,0.852094,0.890293,80,48,46,30,0,0,0,0,925,647,551,420
2026/02/04/20:39:05,3130.353846,0.852094,0.890293,0.852094,0.890293,80,48,46,30,0,0,0,0,925,647,551,420
2026/02/04/20:39:06,3131.354560,0.852094,0.890293,0.852094,0.890293,80,48,46,30,0,0,0,0,925,647,551,420
2026/02/04/20:39:07,3132.355255,0.852094,0.890293,0.852094,0.890293,80,48,46,30,0,0,0,0,925,647,551,420
2026/02/04/20:39:08,3133.355918,0.852094,0.890293,0.852094,0.890293,80,48,46,30,0,0,0,0,925,647,551,420
2026/02/04/20:39:09,3134.356547,0.852094,0.890293,0.852094,0.890293,80,48,46,30,0,0,0,0,925,647,551,420
2026/02/04/20:39:10,3135.357251,0.852094,0.890293,0.852094,0.890293,80,48,46,30,0,0,0,0,925,647,551,420
2026/02/04/20:39:11,3136.357916,0.852094,0.890293,0.852094,0.890293,80,48,46,30,0,0,0,0,925,647,551,420
2026/02/04/20:39:12,3137.358644,0.852094,0.890293,0.852094,0.890293,80,48,46,30,0,0,0,0,925,647,551,420
2026/02/04/20:39:13,3138.359331,0.847719,0.887024,0.847719,0.887024,80,46,46,30,0,0,0,0,925,649,551,420
2026/02/04/20:39:14,3139.359917,0.847719,0.887024,0.847719,0.887024,80,46,46,30,0,0,0,0,925,649,551,420
2026/02/04/20:39:15,3140.360637,0.847719,0.887024,0.847719,0.887024,80,46,46,30,0,0,0,0,925,649,551,420
2026/02/04/20:39:16,3141.361319,0.847719,0.887024,0.847719,0.887024,80,46,46,30,0,0,0,0,925,649,551,420
2026/02/04/20:39:17,3142.362104,0.847719,0.887024,0.847719,0.887024,80,46,46,30,0,0,0,0,925,649,551,420
2026/02/04/20:39:18,3143.362778,0.847719,0.887024,0.847719,0.887024,80,46,46,30,0,0,0,0,925,649,551,420
2026/02/04/20:39:19,3144.363519,0.847719,0.887024,0.847719,0.887024,80,46,46,30,0,0,0,0,925,649,551,420
2026/02/04/20:39:20,3145.364152,0.836656,0.853258,0.836656,0.853258,77,46,46,30,0,0,0,0,928,649,551,420
2026/02/04/20:39:21,3146.364769,0.877875,0.878059,0.879594,0.885459,81,46,48,32,0,0,0,1,928,649,551,420
2026/02/04/20:39:22,3147.365658,0.883938,0.889044,0.900312,0.906211,81,46,49,33,2,0,0,0,928,649,551,420
2026/02/04/20:39:23,3148.366299,0.877781,0.875966,0.894156,0.893133,81,46,47,32,2,0,0,0,928,649,553,421
2026/02/04/20:39:24,3149.367006,0.866531,0.871192,0.882906,0.888359,81,46,47,30,2,0,0,0,928,649,553,423
2026/02/04/20:39:25,3150.367625,0.870969,0.861531,0.879156,0.870115,82,46,47,28,1,0,0,0,928,649,553,425
2026/02/04/20:39:26,3151.368070,0.870969,0.861531,0.879156,0.870115,82,46,47,28,1,0,0,0,928,649,553,425
2026/02/04/20:39:27,3152.368774,0.866563,0.852407,0.866563,0.852407,82,44,47,28,0,0,0,0,929,651,553,425
2026/02/04/20:39:28,3153.369501,0.866563,0.852407,0.866563,0.852407,82,44,47,28,0,0,0,0,929,651,553,425
2026/02/04/20:39:29,3154.370204,0.866563,0.852407,0.866563,0.852407,82,44,47,28,0,0,0,0,929,651,553,425
2026/02/04/20:39:30,3155.370811,0.866563,0.852407,0.866563,0.852407,82,44,47,28,0,0,0,0,929,651,553,425
2026/02/04/20:39:31,3156.371468,0.848125,0.833523,0.848125,0.833523,79,44,47,28,0,0,0,0,932,651,553,425
2026/02/04/20:39:32,3157.372145,0.848125,0.833523,0.848125,0.833523,79,44,47,28,0,0,0,0,932,651,553,425
2026/02/04/20:39:33,3158.372883,0.848125,0.833523,0.848125,0.833523,79,44,47,28,0,0,0,0,932,651,553,425
2026/02/04/20:39:34,3159.373415,0.848125,0.833523,0.848125,0.833523,79,44,47,28,0,0,0,0,932,651,553,425
2026/02/04/20:39:35,3160.374032,0.843781,0.829939,0.843781,0.829939,79,44,46,28,0,0,0,0,932,651,554,425
2026/02/04/20:39:36,3161.374713,0.843781,0.829939,0.843781,0.829939,79,44,46,28,0,0,0,0,932,651,554,425
2026/02/04/20:39:37,3162.375317,0.833125,0.827944,0.833125,0.827944,79,43,46,28,0,0,0,0,932,652,554,425
2026/02/04/20:39:38,3163.375729,0.822719,0.772030,0.822719,0.772030,76,40,46,28,0,0,0,0,935,655,554,425
2026/02/04/20:39:39,3164.376355,0.822719,0.772030,0.822719,0.772030,76,40,46,28,0,0,0,0,935,655,554,425
2026/02/04/20:39:40,3165.376920,0.822719,0.772030,0.822719,0.772030,76,40,46,28,0,0,0,0,935,655,554,425
2026/02/04/20:39:41,3166.447337,0.822719,0.772030,0.822719,0.772030,76,40,46,28,0,0,0,0,935,655,554,425
2026/02/04/20:39:42,3167.448011,0.822719,0.772030,0.822719,0.772030,76,40,46,28,0,0,0,0,935,655,554,425
2026/02/04/20:39:43,3168.448656,0.822719,0.772030,0.822719,0.772030,76,40,46,28,0,0,0,0,935,655,554,425
2026/02/04/20:39:44,3169.449287,0.804469,0.767613,0.804469,0.767613,74,40,46,28,0,0,0,0,937,655,554,425
2026/02/04/20:39:45,3170.450051,0.804469,0.767613,0.804469,0.767613,74,40,46,28,0,0,0,0,937,655,554,425
2026/02/04/20:39:46,3171.450762,0.804469,0.767613,0.804469,0.767613,74,40,46,28,0,0,0,0,937,655,554,425
2026/02/04/20:39:47,3172.451446,0.804469,0.767613,0.804469,0.767613,74,40,46,28,0,0,0,0,937,655,554,425
2026/02/04/20:39:48,3173.452056,0.836187,0.790902,0.866062,0.795801,75,40,49,31,2,0,0,0,937,655,554,425
2026/02/04/20:39:49,3174.452643,0.866062,0.825787,0.900594,0.843494,80,40,53,32,2,0,1,0,937,655,554,425
2026/02/04/20:39:50,3175.453100,0.894094,0.867005,0.931250,0.907633,83,42,55,31,2,3,0,0,937,655,554,428
2026/02/04/20:39:51,3176.453690,0.894687,0.875597,0.928000,0.911721,83,45,53,31,2,2,0,0,938,655,557,428
2026/02/04/20:39:52,3177.454153,0.894687,0.875597,0.928000,0.911721,83,45,53,31,2,2,0,0,938,655,557,428
2026/02/04/20:39:53,3178.454447,0.886344,0.868640,0.919656,0.904763,80,45,53,31,2,2,0,0,941,655,557,428
2026/02/04/20:39:54,3179.455056,0.874656,0.842109,0.904531,0.847008,77,44,52,31,2,0,0,0,944,656,558,428
2026/02/04/20:39:55,3180.455908,0.871719,0.840185,0.939562,0.870752,76,44,52,31,2,0,3,0,945,656,558,428
2026/02/04/20:39:56,3181.456641,0.871719,0.840185,0.939562,0.870752,76,44,52,31,2,0,3,0,945,656,558,428
2026/02/04/20:39:57,3182.457394,0.871719,0.840185,0.939562,0.870752,76,44,52,31,2,0,3,0,945,656,558,428
2026/02/04/20:39:58,3183.458028,0.871719,0.840185,0.939562,0.870752,76,44,52,31,2,0,3,0,945,656,558,428
2026/02/04/20:39:59,3184.458847,0.869656,0.833989,0.937500,0.864556,75,44,52,31,2,0,3,0,946,656,558,428
2026/02/04/20:40:00,3185.531326,0.869656,0.833989,0.937500,0.864556,75,44,52,31,2,0,3,0,946,656,558,428
2026/02/04/20:40:01,3186.531945,0.869656,0.833989,0.937500,0.864556,75,44,52,31,2,0,3,0,946,656,558,428
2026/02/04/20:40:02,3187.537997,0.869656,0.833989,0.937500,0.864556,75,44,52,31,2,0,3,0,946,656,558,428
2026/02/04/20:40:03,3188.538496,0.871469,0.836638,0.939312,0.867205,75,44,53,31,2,0,3,0,946,656,558,428
2026/02/04/20:40:04,3189.538906,0.863781,0.827629,0.931625,0.858197,75,42,53,31,2,0,3,0,946,658,558,428
2026/02/04/20:40:05,3190.539508,0.863781,0.827629,0.931625,0.858197,75,42,53,31,2,0,3,0,946,658,558,428
2026/02/04/20:40:06,3191.548413,0.875188,0.835150,0.943031,0.865718,77,43,53,31,2,0,3,0,946,658,558,428
2026/02/04/20:40:07,3192.749783,0.878500,0.839994,0.946344,0.870561,77,43,55,31,2,0,3,0,946,658,558,428
2026/02/04/20:40:08,3193.750152,0.901719,0.868339,0.994406,0.933563,78,43,58,33,5,0,3,2,946,658,558,428
2026/02/04/20:40:09,3194.750669,0.908406,0.874163,1.023406,0.945804,79,43,60,33,8,0,3,2,946,658,558,428
2026/02/04/20:40:10,3195.751368,0.908000,0.897013,1.021031,0.956191,77,43,63,34,8,0,3,1,948,658,558,428
2026/02/04/20:40:11,3196.751850,0.905781,0.870929,0.988500,0.905775,76,43,63,32,4,0,3,0,950,658,558,430
2026/02/04/20:40:12,3197.752383,0.932438,0.896044,1.015156,0.930890,78,46,67,32,4,0,3,0,950,658,558,430
2026/02/04/20:40:13,3198.752780,0.932438,0.896044,1.015156,0.930890,78,46,67,32,4,0,3,0,950,658,558,430
2026/02/04/20:40:14,3199.753596,0.919406,0.884237,1.002125,0.919083,78,46,64,32,4,0,3,0,950,658,561,430
2026/02/04/20:40:15,3200.754197,0.913156,0.879726,0.995875,0.914572,78,45,63,32,4,0,3,0,950,659,562,430
2026/02/04/20:40:16,3201.754750,0.908094,0.863676,0.990812,0.898522,78,45,60,32,4,0,3,0,950,659,565,430
2026/02/04/20:40:17,3202.804317,0.890656,0.850969,0.958500,0.881536,77,42,58,32,2,0,3,0,951,662,567,430
2026/02/04/20:40:18,3203.804899,0.911375,0.866183,0.979219,0.896750,78,42,59,36,2,0,3,0,951,662,567,430
2026/02/04/20:40:19,3204.805393,0.911375,0.866183,0.979219,0.896750,78,42,59,36,2,0,3,0,951,662,567,430
2026/02/04/20:40:20,3205.805942,0.911375,0.866183,0.979219,0.896750,78,42,59,36,2,0,3,0,951,662,567,430
2026/02/04/20:40:21,3206.806647,0.906188,0.863826,0.974031,0.894393,78,42,59,35,2,0,3,0,951,662,567,431
2026/02/04/20:40:22,3207.807024,0.906188,0.863826,0.974031,0.894393,78,42,59,35,2,0,3,0,951,662,567,431
2026/02/04/20:40:23,3208.807415,0.902438,0.857945,0.970281,0.888512,76,42,59,35,2,0,3,0,953,662,567,431
2026/02/04/20:40:24,3209.807841,0.902438,0.857945,0.970281,0.888512,76,42,59,35,2,0,3,0,953,662,567,431
2026/02/04/20:40:26,3211.349287,0.900594,0.856126,0.930469,0.861025,75,42,59,35,2,0,0,0,954,662,567,431
2026/02/04/20:40:27,3212.349822,0.900594,0.856126,0.930469,0.861025,75,42,59,35,2,0,0,0,954,662,567,431
2026/02/04/20:40:28,3213.350415,0.900594,0.856126,0.930469,0.861025,75,42,59,35,2,0,0,0,954,662,567,431
2026/02/04/20:40:29,3214.351135,0.900594,0.856126,0.930469,0.861025,75,42,59,35,2,0,0,0,954,662,567,431
2026/02/04/20:40:30,3215.351758,0.912594,0.869164,0.942469,0.874063,75,46,59,35,2,0,0,0,954,662,567,431
2026/02/04/20:40:31,3216.353575,0.907625,0.867444,0.968625,0.879939,75,46,59,34,5,0,0,0,954,662,567,432
2026/02/04/20:40:32,3217.354372,0.907625,0.867444,0.968625,0.879939,75,46,59,34,5,0,0,0,954,662,567,432
2026/02/04/20:40:33,3218.354941,0.928000,0.887187,1.004188,0.903359,75,46,60,40,6,0,1,0,954,662,567,432
2026/02/04/20:40:34,3219.355477,0.928000,0.887187,1.004188,0.903359,75,46,60,40,6,0,1,0,954,662,567,432
2026/02/04/20:40:35,3220.356001,0.928000,0.887187,1.004188,0.903359,75,46,60,40,6,0,1,0,954,662,567,432
2026/02/04/20:40:36,3221.356590,0.908594,0.867822,0.953656,0.876398,75,45,60,34,3,0,1,0,954,663,567,438
2026/02/04/20:40:37,3222.357197,0.914250,0.877449,0.998781,0.935335,75,47,60,35,8,0,1,2,954,663,567,438
2026/02/04/20:40:38,3223.357464,0.922000,0.891838,0.988688,0.930232,77,47,59,37,5,0,1,0,954,663,568,438
2026/02/04/20:40:39,3224.358169,0.918687,0.886994,0.985375,0.925388,77,47,57,37,5,0,1,0,954,663,570,438
2026/02/04/20:40:40,3225.358882,0.918687,0.886994,0.985375,0.925388,77,47,57,37,5,0,1,0,954,663,570,438
2026/02/04/20:40:41,3226.359472,0.918687,0.886994,0.985375,0.925388,77,47,57,37,5,0,1,0,954,663,570,438
2026/02/04/20:40:42,3227.360054,0.913531,0.873257,0.980219,0.911651,77,47,57,34,5,0,1,0,954,663,570,441
2026/02/04/20:40:43,3228.360642,0.911937,0.871117,0.970969,0.907937,75,47,58,34,5,0,0,0,956,663,570,441
2026/02/04/20:40:44,3229.361338,0.891500,0.863565,0.950531,0.900385,74,47,58,31,5,0,0,0,957,663,570,444
2026/02/04/20:40:45,3230.362088,0.891500,0.863565,0.950531,0.900385,74,47,58,31,5,0,0,0,957,663,570,444
2026/02/04/20:40:46,3231.362792,0.891500,0.863565,0.950531,0.900385,74,47,58,31,5,0,0,0,957,663,570,444
2026/02/04/20:40:47,3232.363427,0.891500,0.863565,0.950531,0.900385,74,47,58,31,5,0,0,0,957,663,570,444
2026/02/04/20:40:48,3233.363831,0.891500,0.863565,0.950531,0.900385,74,47,58,31,5,0,0,0,957,663,570,444
2026/02/04/20:40:49,3234.404725,0.869750,0.844730,0.928781,0.881550,74,47,55,28,5,0,0,0,957,663,573,447
2026/02/04/20:40:50,3235.451871,0.869750,0.844730,0.928781,0.881550,74,47,55,28,5,0,0,0,957,663,573,447
2026/02/04/20:40:51,3236.537981,0.875625,0.849591,0.934656,0.886411,76,47,55,28,5,0,0,0,957,663,573,447
2026/02/04/20:40:54,3239.143780,0.869313,0.841107,0.928344,0.877927,76,45,54,28,5,0,0,0,957,665,574,447
2026/02/04/20:40:56,3241.583463,0.857156,0.827119,0.887031,0.832018,75,45,50,28,2,0,0,0,958,665,578,447
2026/02/04/20:40:57,3242.583998,0.857156,0.827119,0.887031,0.832018,75,45,50,28,2,0,0,0,958,665,578,447
2026/02/04/20:40:58,3243.584824,0.849500,0.825545,0.879375,0.830444,75,45,49,28,2,0,0,0,958,665,579,447
2026/02/04/20:40:59,3244.585237,0.884219,0.882938,0.914094,0.887837,79,49,52,28,2,0,0,0,958,665,579,447
2026/02/04/20:41:00,3245.638397,0.911406,0.912675,0.941281,0.917574,86,53,53,28,2,0,0,0,958,665,579,447
2026/02/04/20:41:01,3246.638915,0.923750,0.934594,0.953625,0.939493,85,57,54,31,2,0,0,0,959,665,579,447
2026/02/04/20:41:02,3247.639482,0.917687,0.902278,0.972250,0.913916,85,54,51,33,3,0,2,0,959,668,582,447
2026/02/04/20:41:03,3248.640384,0.926844,0.908891,1.005594,0.947048,84,57,51,34,4,0,4,0,960,668,582,447
2026/02/04/20:41:04,3249.642465,0.939531,0.924568,1.022094,0.965034,82,61,54,34,5,0,3,0,962,668,582,447
2026/02/04/20:41:05,3250.643221,0.931875,0.920383,0.998250,0.962699,82,60,53,34,4,0,3,0,962,669,583,447
2026/02/04/20:41:06,3251.643719,0.909906,0.906299,0.973656,0.942014,82,54,54,32,4,0,2,0,962,675,583,449
2026/02/04/20:41:07,3252.644345,0.909906,0.906299,0.973656,0.942014,82,54,54,32,4,0,2,0,962,675,583,449
2026/02/04/20:41:08,3253.645013,0.906469,0.902656,0.950844,0.929778,82,53,54,32,2,0,2,0,962,676,583,449
2026/02/04/20:41:09,3254.645492,0.904406,0.900605,0.948781,0.927727,82,53,53,32,2,0,2,0,962,676,584,449
2026/02/04/20:41:10,3255.646302,0.904406,0.900605,0.948781,0.927727,82,53,53,32,2,0,2,0,962,676,584,449
2026/02/04/20:41:11,3256.646946,0.893406,0.891757,0.937781,0.918879,79,53,51,32,2,0,2,0,965,676,586,449
2026/02/04/20:41:12,3257.647432,0.890656,0.887427,0.935031,0.914549,79,52,51,32,2,0,2,0,965,677,586,449
2026/02/04/20:41:13,3258.648049,0.890656,0.887427,0.935031,0.914549,79,52,51,32,2,0,2,0,965,677,586,449
2026/02/04/20:41:14,3259.648435,0.890656,0.887427,0.935031,0.914549,79,52,51,32,2,0,2,0,965,677,586,449
2026/02/04/20:41:15,3260.649038,0.890656,0.887427,0.935031,0.914549,79,52,51,32,2,0,2,0,965,677,586,449
2026/02/04/20:41:16,3261.649683,0.890656,0.887427,0.935031,0.914549,79,52,51,32,2,0,2,0,965,677,586,449
2026/02/04/20:41:17,3262.808413,0.890656,0.887427,0.935031,0.914549,79,52,51,32,2,0,2,0,965,677,586,449
2026/02/04/20:41:19,3264.445411,0.890656,0.887427,0.935031,0.914549,79,52,51,32,2,0,2,0,965,677,586,449
2026/02/04/20:41:22,3267.265075,0.886656,0.884252,0.931031,0.911374,79,52,51,30,2,0,2,0,965,677,586,451
2026/02/04/20:41:24,3269.794947,0.849688,0.857466,0.894062,0.884588,74,50,51,28,2,0,2,0,970,679,586,453
2026/02/04/20:41:25,3270.795394,0.883469,0.869628,0.883469,0.869628,73,50,53,28,0,0,0,0,979,679,586,453
2026/02/04/20:41:26,3271.796029,0.883469,0.869628,0.883469,0.869628,73,50,53,28,0,0,0,0,979,679,586,453
2026/02/04/20:41:27,3272.796653,0.883469,0.869628,0.883469,0.869628,73,50,53,28,0,0,0,0,979,679,586,453
2026/02/04/20:41:28,3273.797271,0.883469,0.869628,0.883469,0.869628,73,50,53,28,0,0,0,0,979,679,586,453
2026/02/04/20:41:29,3274.797960,0.883469,0.869628,0.883469,0.869628,73,50,53,28,0,0,0,0,979,679,586,453
2026/02/04/20:41:30,3275.798594,0.883469,0.869628,0.883469,0.869628,73,50,53,28,0,0,0,0,979,679,586,453
2026/02/04/20:41:31,3276.799227,0.871656,0.855581,0.871656,0.855581,70,50,53,28,0,0,0,0,982,679,586,453
2026/02/04/20:41:32,3277.799814,0.868938,0.852348,0.868938,0.852348,70,49,53,28,0,0,0,0,982,680,586,453
2026/02/04/20:41:33,3278.800457,0.868938,0.852348,0.868938,0.852348,70,49,53,28,0,0,0,0,982,680,586,453
2026/02/04/20:41:34,3279.801080,0.865812,0.846653,0.865812,0.846653,69,49,53,28,0,0,0,0,983,680,586,453
2026/02/04/20:41:35,3280.801842,0.865812,0.846653,0.865812,0.846653,69,49,53,28,0,0,0,0,983,680,586,453
2026/02/04/20:41:36,3281.802510,0.877906,0.849333,0.877906,0.849333,69,49,53,29,0,0,0,0,983,680,586,453
2026/02/04/20:41:37,3282.803171,0.876031,0.847640,0.876031,0.847640,69,48,53,29,0,0,0,0,983,681,586,453
2026/02/04/20:41:38,3283.803999,0.876031,0.847640,0.876031,0.847640,69,48,53,29,0,0,0,0,983,681,586,453
2026/02/04/20:41:39,3284.804597,0.876031,0.847640,0.876031,0.847640,69,48,53,29,0,0,0,0,983,681,586,453
2026/02/04/20:41:40,3285.805172,0.876031,0.847640,0.876031,0.847640,69,48,53,29,0,0,0,0,983,681,586,453
2026/02/04/20:41:41,3286.805816,0.876031,0.847640,0.876031,0.847640,69,48,53,29,0,0,0,0,983,681,586,453
2026/02/04/20:41:42,3287.806381,0.876031,0.847640,0.876031,0.847640,69,48,53,29,0,0,0,0,983,681,586,453
2026/02/04/20:41:43,3288.806936,0.863938,0.844960,0.863938,0.844960,69,48,53,28,0,0,0,0,983,681,586,454
2026/02/04/20:41:44,3289.807569,0.863938,0.844960,0.863938,0.844960,69,48,53,28,0,0,0,0,983,681,586,454
2026/02/04/20:41:45,3290.808254,0.863938,0.844960,0.863938,0.844960,69,48,53,28,0,0,0,0,983,681,586,454
2026/02/04/20:41:46,3291.808795,0.863938,0.844960,0.863938,0.844960,69,48,53,28,0,0,0,0,983,681,586,454
2026/02/04/20:41:47,3292.809387,0.863938,0.844960,0.863938,0.844960,69,48,53,28,0,0,0,0,983,681,586,454
2026/02/04/20:41:48,3293.809941,0.863938,0.844960,0.863938,0.844960,69,48,53,28,0,0,0,0,983,681,586,454
2026/02/04/20:41:49,3294.810481,0.863938,0.844960,0.863938,0.844960,69,48,53,28,0,0,0,0,983,681,586,454
2026/02/04/20:41:50,3295.817425,0.863938,0.844960,0.863938,0.844960,69,48,53,28,0,0,0,0,983,681,586,454
2026/02/04/20:41:51,3296.817930,0.863938,0.844960,0.863938,0.844960,69,48,53,28,0,0,0,0,983,681,586,454
2026/02/04/20:41:52,3297.818642,0.863938,0.844960,0.863938,0.844960,69,48,53,28,0,0,0,0,983,681,586,454
2026/02/04/20:41:53,3298.819513,0.849437,0.822737,0.849437,0.822737,69,48,51,28,0,0,0,0,983,681,588,454
2026/02/04/20:41:54,3299.820082,0.849437,0.822737,0.849437,0.822737,69,48,51,28,0,0,0,0,983,681,588,454
2026/02/04/20:41:55,3300.820682,0.849437,0.822737,0.849437,0.822737,69,48,51,28,0,0,0,0,983,681,588,454
2026/02/04/20:41:56,3301.821274,0.849437,0.822737,0.849437,0.822737,69,48,51,28,0,0,0,0,983,681,588,454
2026/02/04/20:41:57,3302.821916,0.849437,0.822737,0.849437,0.822737,69,48,51,28,0,0,0,0,983,681,588,454
2026/02/04/20:41:58,3303.822495,0.849437,0.822737,0.849437,0.822737,69,48,51,28,0,0,0,0,983,681,588,454
2026/02/04/20:41:59,3304.823101,0.841187,0.818339,0.841187,0.818339,69,46,51,28,0,0,0,0,983,683,588,454
2026/02/04/20:42:00,3305.823681,0.841187,0.818339,0.841187,0.818339,69,46,51,28,0,0,0,0,983,683,588,454
2026/02/04/20:42:01,3306.824302,0.841187,0.818339,0.841187,0.818339,69,46,51,28,0,0,0,0,983,683,588,454
2026/02/04/20:42:02,3307.824816,0.841187,0.818339,0.841187,0.818339,69,46,51,28,0,0,0,0,983,683,588,454
2026/02/04/20:42:03,3308.825368,0.851844,0.825048,0.851844,0.825048,69,46,52,29,0,0,0,0,983,683,588,454
2026/02/04/20:42:04,3309.825907,0.851844,0.825048,0.851844,0.825048,69,46,52,29,0,0,0,0,983,683,588,454
2026/02/04/20:42:05,3310.826526,0.861875,0.832103,0.867219,0.838217,72,46,52,29,0,0,0,3,983,683,588,454
2026/02/04/20:42:06,3311.827063,0.865219,0.836229,0.865219,0.836229,72,46,51,32,0,0,0,0,983,683,589,454
2026/02/04/20:42:07,3312.827603,0.867875,0.842572,0.867875,0.842572,74,46,50,32,0,0,0,0,983,683,592,454
2026/02/04/20:42:08,3313.828187,0.842000,0.824038,0.842000,0.824038,71,46,50,29,0,0,0,0,986,683,592,457
2026/02/04/20:42:09,3314.828923,0.831969,0.816983,0.831969,0.816983,68,46,50,29,0,0,0,0,989,683,592,457
2026/02/04/20:42:10,3315.829559,0.823313,0.812263,0.823313,0.812263,68,46,50,28,0,0,0,0,989,683,592,458
2026/02/04/20:42:11,3316.830172,0.823313,0.812263,0.823313,0.812263,68,46,50,28,0,0,0,0,989,683,592,458
2026/02/04/20:42:12,3317.830579,0.823313,0.812263,0.823313,0.812263,68,46,50,28,0,0,0,0,989,683,592,458
2026/02/04/20:42:13,3318.832809,0.823313,0.812263,0.823313,0.812263,68,46,50,28,0,0,0,0,989,683,592,458
2026/02/04/20:42:14,3319.833421,0.823313,0.812263,0.823313,0.812263,68,46,50,28,0,0,0,0,989,683,592,458
2026/02/04/20:42:15,3320.833965,0.810312,0.786530,0.810312,0.786530,66,46,50,27,0,0,0,0,991,683,592,459
2026/02/04/20:42:16,3321.834724,0.810312,0.786530,0.810312,0.786530,66,46,50,27,0,0,0,0,991,683,592,459
2026/02/04/20:42:17,3322.835253,0.810312,0.786530,0.810312,0.786530,66,46,50,27,0,0,0,0,991,683,592,459
2026/02/04/20:42:18,3323.836055,0.838969,0.806462,0.838969,0.806462,73,46,50,27,0,0,0,0,991,683,593,459
2026/02/04/20:42:19,3324.836566,0.871375,0.833923,0.873781,0.836417,77,51,50,27,0,1,0,0,991,683,593,459
2026/02/04/20:42:20,3325.837188,0.877250,0.838422,0.892062,0.840279,78,52,50,27,0,1,0,0,991,683,593,459
2026/02/04/20:42:21,3326.837701,0.873594,0.834796,0.888406,0.836653,78,52,49,27,0,1,0,0,991,683,594,459
2026/02/04/20:42:22,3327.838314,0.871969,0.843959,0.886781,0.845816,72,55,49,27,0,1,0,0,997,686,594,459
2026/02/04/20:42:23,3328.838909,0.862625,0.833269,0.877437,0.835126,70,54,49,27,0,1,0,0,999,687,594,459
2026/02/04/20:42:24,3329.839309,0.862625,0.833269,0.877437,0.835126,70,54,49,27,0,1,0,0,999,687,594,459
2026/02/04/20:42:25,3330.839972,0.859000,0.829847,0.873812,0.831704,70,52,49,27,0,1,0,0,999,689,594,459
2026/02/04/20:42:26,3331.849022,0.899344,0.856512,0.914156,0.858369,75,51,51,30,0,1,0,0,1000,691,594,459
2026/02/04/20:42:27,3332.849461,0.886281,0.839133,0.909312,0.846553,74,50,51,30,1,1,0,0,1001,692,594,459
2026/02/04/20:42:28,3333.850092,0.879062,0.832276,0.897594,0.839939,75,49,49,30,1,1,0,0,1001,693,596,459
2026/02/04/20:42:29,3334.851589,0.875563,0.824371,0.894094,0.832035,75,49,49,28,1,1,0,0,1001,693,596,461
2026/02/04/20:42:30,3335.851997,0.871344,0.814932,0.871344,0.814932,73,50,49,27,0,0,0,0,1004,693,596,462
2026/02/04/20:42:31,3336.852713,0.871344,0.814932,0.871344,0.814932,73,50,49,27,0,0,0,0,1004,693,596,462
2026/02/04/20:42:32,3337.853282,0.856531,0.813075,0.856531,0.813075,73,49,49,27,0,0,0,0,1004,694,596,462
2026/02/04/20:42:33,3338.853889,0.844719,0.798198,0.844719,0.798198,70,49,49,27,0,0,0,0,1007,694,596,462
2026/02/04/20:42:34,3339.854515,0.844719,0.798198,0.844719,0.798198,70,49,49,27,0,0,0,0,1007,694,596,462
2026/02/04/20:42:35,3340.855105,0.844719,0.798198,0.844719,0.798198,70,49,49,27,0,0,0,0,1007,694,596,462
2026/02/04/20:42:36,3341.855601,0.852281,0.813668,0.852281,0.813668,72,51,49,27,0,0,0,0,1007,694,596,462
2026/02/04/20:42:37,3342.856042,0.852281,0.813668,0.852281,0.813668,72,51,49,27,0,0,0,0,1007,694,596,462
2026/02/04/20:42:38,3343.856592,0.852281,0.813668,0.852281,0.813668,72,51,49,27,0,0,0,0,1007,694,596,462
2026/02/04/20:42:39,3344.857324,0.845375,0.801146,0.845375,0.801146,71,49,49,27,0,0,0,0,1008,696,596,462
2026/02/04/20:42:40,3345.857893,0.845375,0.801146,0.845375,0.801146,71,49,49,27,0,0,0,0,1008,696,596,462
2026/02/04/20:42:41,3346.858427,0.845375,0.801146,0.845375,0.801146,71,49,49,27,0,0,0,0,1008,696,596,462
2026/02/04/20:42:42,3347.858957,0.845375,0.801146,0.845375,0.801146,71,49,49,27,0,0,0,0,1008,696,596,462
2026/02/04/20:42:43,3348.859533,0.845375,0.801146,0.845375,0.801146,71,49,49,27,0,0,0,0,1008,696,596,462
2026/02/04/20:42:44,3349.859977,0.842000,0.794921,0.842000,0.794921,71,47,49,27,0,0,0,0,1008,698,596,462
2026/02/04/20:42:45,3350.860687,0.842000,0.794921,0.842000,0.794921,71,47,49,27,0,0,0,0,1008,698,596,462
2026/02/04/20:42:46,3351.861386,0.842000,0.794921,0.842000,0.794921,71,47,49,27,0,0,0,0,1008,698,596,462
2026/02/04/20:42:47,3352.861972,0.842000,0.794921,0.842000,0.794921,71,47,49,27,0,0,0,0,1008,698,596,462
2026/02/04/20:42:48,3353.862604,0.840313,0.792366,0.840313,0.792366,71,46,49,27,0,0,0,0,1008,699,596,462
2026/02/04/20:42:49,3354.863152,0.840313,0.792366,0.840313,0.792366,71,46,49,27,0,0,0,0,1008,699,596,462
2026/02/04/20:42:50,3355.863808,0.840313,0.792366,0.840313,0.792366,71,46,49,27,0,0,0,0,1008,699,596,462
2026/02/04/20:42:51,3356.864565,0.837688,0.785765,0.837688,0.785765,71,46,48,27,0,0,0,0,1008,699,597,462
2026/02/04/20:42:52,3357.865216,0.837688,0.785765,0.837688,0.785765,71,46,48,27,0,0,0,0,1008,699,597,462
2026/02/04/20:42:53,3358.865822,0.837688,0.785765,0.837688,0.785765,71,46,48,27,0,0,0,0,1008,699,597,462
2026/02/04/20:42:54,3359.866322,0.837688,0.785765,0.837688,0.785765,71,46,48,27,0,0,0,0,1008,699,597,462
2026/02/04/20:42:55,3360.867083,0.833187,0.782421,0.833187,0.782421,69,46,48,27,0,0,0,0,1010,699,597,462
2026/02/04/20:42:56,3361.867396,0.833187,0.782421,0.833187,0.782421,69,46,48,27,0,0,0,0,1010,699,597,462
2026/02/04/20:42:57,3362.868021,0.828812,0.773667,0.828812,0.773667,67,46,48,27,0,0,0,0,1012,699,597,462
2026/02/04/20:42:58,3363.868759,0.828812,0.773667,0.828812,0.773667,67,46,48,27,0,0,0,0,1012,699,597,462
2026/02/04/20:42:59,3364.869376,0.828812,0.773667,0.828812,0.773667,67,46,48,27,0,0,0,0,1012,699,597,462
2026/02/04/20:43:00,3365.869942,0.828812,0.773667,0.828812,0.773667,67,46,48,27,0,0,0,0,1012,699,597,462
2026/02/04/20:43:01,3366.870568,0.837812,0.793367,0.837812,0.793367,67,49,48,27,0,0,0,0,1012,699,597,462
2026/02/04/20:43:02,3367.871081,0.837812,0.793367,0.837812,0.793367,67,49,48,27,0,0,0,0,1012,699,597,462
2026/02/04/20:43:03,3368.871972,0.837812,0.793367,0.837812,0.793367,67,49,48,27,0,0,0,0,1012,699,597,462
2026/02/04/20:43:04,3369.884654,0.846063,0.844560,0.846063,0.844560,68,51,51,28,0,0,0,0,1013,699,597,462
2026/02/04/20:43:05,3370.885224,0.863688,0.870562,0.865656,0.885167,69,55,51,29,0,1,0,0,1013,699,597,462
2026/02/04/20:43:06,3371.885817,0.863688,0.870562,0.865656,0.885167,69,55,51,29,0,1,0,0,1013,699,597,462
2026/02/04/20:43:07,3372.886380,0.845969,0.861145,0.847938,0.875750,66,55,51,29,0,1,0,0,1016,699,597,462
2026/02/04/20:43:08,3373.887058,0.838063,0.856395,0.840031,0.871000,66,54,51,28,0,1,0,0,1016,700,597,463
2026/02/04/20:43:09,3374.887610,0.838063,0.856395,0.840031,0.871000,66,54,51,28,0,1,0,0,1016,700,597,463
2026/02/04/20:43:10,3375.888021,0.832531,0.840310,0.834500,0.854915,64,53,51,28,0,1,0,0,1018,701,597,463
2026/02/04/20:43:11,3376.888692,0.832531,0.840310,0.834500,0.854915,64,53,51,28,0,1,0,0,1018,701,597,463
2026/02/04/20:43:12,3377.889071,0.832531,0.840310,0.834500,0.854915,64,53,51,28,0,1,0,0,1018,701,597,463
2026/02/04/20:43:13,3378.889472,0.834500,0.854915,0.834500,0.854915,64,54,51,28,0,0,0,0,1019,701,597,463
2026/02/04/20:43:14,3379.889788,0.829719,0.820034,0.829719,0.820034,64,54,48,28,0,0,0,0,1019,701,600,463
2026/02/04/20:43:15,3380.890347,0.829719,0.820034,0.829719,0.820034,64,54,48,28,0,0,0,0,1019,701,600,463
2026/02/04/20:43:16,3381.891141,0.829719,0.820034,0.829719,0.820034,64,54,48,28,0,0,0,0,1019,701,600,463
2026/02/04/20:43:17,3382.891845,0.834625,0.816741,0.834625,0.816741,66,54,48,25,0,0,0,0,1019,701,600,466
2026/02/04/20:43:18,3383.892535,0.834625,0.816741,0.834625,0.816741,66,54,48,25,0,0,0,0,1019,701,600,466
2026/02/04/20:43:19,3384.893186,0.834625,0.816741,0.834625,0.816741,66,54,48,25,0,0,0,0,1019,701,600,466
2026/02/04/20:43:20,3385.893836,0.834625,0.816741,0.834625,0.816741,66,54,48,25,0,0,0,0,1019,701,600,466
2026/02/04/20:43:21,3386.894544,0.831969,0.813935,0.831969,0.813935,66,54,48,24,0,0,0,0,1019,701,600,467
2026/02/04/20:43:22,3387.895181,0.831969,0.813935,0.831969,0.813935,66,54,48,24,0,0,0,0,1019,701,600,467
2026/02/04/20:43:23,3388.895920,0.831969,0.813935,0.831969,0.813935,66,54,48,24,0,0,0,0,1019,701,600,467
2026/02/04/20:43:24,3389.901248,0.831969,0.813935,0.831969,0.813935,66,54,48,24,0,0,0,0,1019,701,600,467
2026/02/04/20:43:25,3390.901826,0.856719,0.819689,0.856719,0.819689,69,54,48,24,0,0,0,0,1019,701,600,467
2026/02/04/20:43:26,3391.902477,0.856719,0.819689,0.856719,0.819689,69,54,48,24,0,0,0,0,1019,701,600,467
2026/02/04/20:43:27,3392.903158,0.856719,0.819689,0.856719,0.819689,69,54,48,24,0,0,0,0,1019,701,600,467
2026/02/04/20:43:28,3393.903783,0.856719,0.819689,0.856719,0.819689,69,54,48,24,0,0,0,0,1019,701,600,467
2026/02/04/20:43:29,3394.904505,0.856719,0.819689,0.856719,0.819689,69,54,48,24,0,0,0,0,1019,701,600,467
2026/02/04/20:43:30,3395.905160,0.837281,0.791837,0.837281,0.791837,69,52,46,24,0,0,0,0,1019,703,602,467
2026/02/04/20:43:31,3396.905914,0.837281,0.791837,0.837281,0.791837,69,52,46,24,0,0,0,0,1019,703,602,467
2026/02/04/20:43:32,3397.906557,0.837281,0.791837,0.837281,0.791837,69,52,46,24,0,0,0,0,1019,703,602,467
2026/02/04/20:43:33,3398.907208,0.837281,0.791837,0.851562,0.807990,69,52,46,24,3,3,0,1,1019,703,602,467
2026/02/04/20:43:34,3399.907924,0.875781,0.855287,0.899750,0.858998,78,58,46,27,0,0,2,0,1019,703,602,467
2026/02/04/20:43:35,3400.908631,0.889781,0.864163,0.940625,0.873150,79,57,49,27,0,0,4,1,1019,706,602,467
2026/02/04/20:43:36,3401.909329,0.908281,0.883074,0.957594,0.896568,79,61,50,28,0,2,2,0,1019,706,602,467
2026/02/04/20:43:37,3402.910012,0.910000,0.886081,0.977031,0.909250,79,61,51,28,3,2,2,0,1019,706,602,467
2026/02/04/20:43:38,3403.910365,0.907125,0.841893,0.907125,0.841893,67,60,53,28,0,0,0,0,1034,709,602,467
2026/02/04/20:43:39,3404.910957,0.901594,0.836302,0.901594,0.836302,67,57,53,28,0,0,0,0,1034,712,602,467
2026/02/04/20:43:40,3405.911543,0.901594,0.836302,0.901594,0.836302,67,57,53,28,0,0,0,0,1034,712,602,467
2026/02/04/20:43:41,3406.912075,0.901594,0.836302,0.901594,0.836302,67,57,53,28,0,0,0,0,1034,712,602,467
2026/02/04/20:43:42,3407.912512,0.896437,0.829386,0.896437,0.829386,67,57,53,25,0,0,0,0,1034,712,602,470
2026/02/04/20:43:43,3408.913016,0.896437,0.829386,0.896437,0.829386,67,57,53,25,0,0,0,0,1034,712,602,470
2026/02/04/20:43:44,3409.913540,0.901813,0.860048,0.901813,0.860048,67,59,55,27,0,0,0,0,1035,712,602,470
2026/02/04/20:43:45,3410.914012,0.901813,0.860048,0.901813,0.860048,67,59,55,27,0,0,0,0,1035,712,602,470
2026/02/04/20:43:46,3411.914757,0.901813,0.860048,0.901813,0.860048,67,59,55,27,0,0,0,0,1035,712,602,470
2026/02/04/20:43:47,3412.915383,0.901813,0.860048,0.901813,0.860048,67,59,55,27,0,0,0,0,1035,712,602,470
2026/02/04/20:43:48,3413.915962,0.901813,0.860048,0.901813,0.860048,67,59,55,27,0,0,0,0,1035,712,602,470
2026/02/04/20:43:49,3414.916459,0.901813,0.860048,0.901813,0.860048,67,59,55,27,0,0,0,0,1035,712,602,470
2026/02/04/20:43:50,3415.917088,0.901813,0.860048,0.901813,0.860048,67,59,55,27,0,0,0,0,1035,712,602,470
2026/02/04/20:43:51,3416.917611,0.852531,0.825159,0.866969,0.830003,64,57,53,27,0,0,3,0,1038,714,604,470
2026/02/04/20:43:52,3417.918061,0.899094,0.858346,0.899094,0.858346,72,57,57,27,0,0,0,0,1038,714,604,470
2026/02/04/20:43:53,3418.918558,0.915438,0.886930,0.915438,0.886930,77,60,57,27,0,0,0,0,1038,714,604,470
2026/02/04/20:43:54,3419.919219,0.913656,0.885506,0.913656,0.885506,77,60,57,27,0,0,0,0,1038,714,607,470
2026/02/04/20:43:55,3420.919748,0.916781,0.893712,0.955438,0.932052,76,62,58,27,3,1,3,0,1039,714,607,470
2026/02/04/20:43:56,3421.920263,0.930500,0.901216,0.967562,0.931007,77,64,57,29,3,1,2,0,1041,714,610,470
2026/02/04/20:43:57,3422.920907,0.928500,0.897731,0.965562,0.927522,77,63,57,29,3,1,2,0,1041,715,610,470
2026/02/04/20:43:58,3423.921438,0.906156,0.905377,0.911344,0.910959,75,63,58,27,1,0,0,0,1045,715,611,472
2026/02/04/20:43:59,3424.921920,0.893188,0.875760,0.893188,0.875760,73,58,58,27,0,0,0,0,1048,720,611,472
2026/02/04/20:44:00,3425.922549,0.887656,0.869359,0.887656,0.869359,73,58,55,27,0,0,0,0,1048,720,614,472
2026/02/04/20:44:01,3426.923074,0.887656,0.869359,0.887656,0.869359,73,58,55,27,0,0,0,0,1048,720,614,472
2026/02/04/20:44:02,3427.923698,0.887656,0.869359,0.887656,0.869359,73,58,55,27,0,0,0,0,1048,720,614,472
2026/02/04/20:44:03,3428.924267,0.880781,0.865263,0.880781,0.865263,73,55,55,28,0,0,0,0,1048,723,614,472
2026/02/04/20:44:04,3429.924937,0.887188,0.874925,0.887188,0.874925,73,55,56,29,0,0,0,0,1048,723,614,472
2026/02/04/20:44:05,3430.925633,0.887188,0.874925,0.887188,0.874925,73,55,56,29,0,0,0,0,1048,723,614,472
2026/02/04/20:44:06,3431.926251,0.881531,0.870910,0.881531,0.870910,73,55,56,27,0,0,0,0,1048,723,614,474
2026/02/04/20:44:07,3432.926841,0.879344,0.869102,0.879344,0.869102,73,54,56,27,0,0,0,0,1048,724,614,474
2026/02/04/20:44:08,3433.927483,0.879344,0.869102,0.879344,0.869102,73,54,56,27,0,0,0,0,1048,724,614,474
2026/02/04/20:44:09,3434.928052,0.876563,0.867372,0.876563,0.867372,72,54,56,27,0,0,0,0,1049,724,614,474
2026/02/04/20:44:10,3435.928586,0.871000,0.863910,0.871000,0.863910,70,54,56,27,0,0,0,0,1051,724,614,474
2026/02/04/20:44:11,3436.929212,0.871000,0.863910,0.871000,0.863910,70,54,56,27,0,0,0,0,1051,724,614,474
2026/02/04/20:44:12,3437.929850,0.871000,0.863910,0.871000,0.863910,70,54,56,27,0,0,0,0,1051,724,614,474
2026/02/04/20:44:13,3438.930521,0.856563,0.859066,0.856563,0.859066,70,54,53,27,0,0,0,0,1051,724,617,474
2026/02/04/20:44:14,3439.931282,0.856563,0.859066,0.856563,0.859066,70,54,53,27,0,0,0,0,1051,724,617,474
2026/02/04/20:44:15,3440.931935,0.851781,0.833416,0.851781,0.833416,70,54,50,27,0,0,0,0,1051,724,620,474
2026/02/04/20:44:16,3441.932564,0.844938,0.825123,0.844938,0.825123,67,54,50,27,0,0,0,0,1054,724,620,474
2026/02/04/20:44:17,3442.933160,0.844938,0.825123,0.844938,0.825123,67,54,50,27,0,0,0,0,1054,724,620,474
2026/02/04/20:44:18,3443.933876,0.841313,0.818222,0.841313,0.818222,67,52,50,27,0,0,0,0,1054,726,620,474
2026/02/04/20:44:19,3444.934489,0.825750,0.801475,0.825750,0.801475,64,52,50,27,0,0,0,0,1057,726,620,474
2026/02/04/20:44:20,3445.935150,0.825750,0.801475,0.825750,0.801475,64,52,50,27,0,0,0,0,1057,726,620,474
2026/02/04/20:44:21,3446.935720,0.825750,0.801475,0.825750,0.801475,64,52,50,27,0,0,0,0,1057,726,620,474
2026/02/04/20:44:22,3447.936466,0.825750,0.801475,0.825750,0.801475,64,52,50,27,0,0,0,0,1057,726,620,474
2026/02/04/20:44:23,3448.937141,0.818813,0.789395,0.818813,0.789395,61,52,50,27,0,0,0,0,1060,726,620,474
2026/02/04/20:44:24,3449.937747,0.818813,0.789395,0.818813,0.789395,61,52,50,27,0,0,0,0,1060,726,620,474
2026/02/04/20:44:25,3450.938315,0.834656,0.805810,0.834656,0.805810,63,55,52,27,0,0,0,0,1060,726,620,474
2026/02/04/20:44:26,3451.938929,0.847437,0.813703,0.847437,0.813703,66,56,52,27,0,0,0,0,1060,726,620,474
2026/02/04/20:44:27,3452.939666,0.826562,0.803621,0.826562,0.803621,66,54,52,27,0,0,0,0,1060,728,620,474
2026/02/04/20:44:28,3453.940299,0.807219,0.788875,0.807219,0.788875,62,51,52,27,0,0,0,0,1064,731,620,474
2026/02/04/20:44:29,3454.940944,0.807219,0.788875,0.807219,0.788875,62,51,52,27,0,0,0,0,1064,731,620,474
2026/02/04/20:44:30,3455.941515,0.807219,0.788875,0.807219,0.788875,62,51,52,27,0,0,0,0,1064,731,620,474
2026/02/04/20:44:31,3456.942448,0.807219,0.788875,0.807219,0.788875,62,51,52,27,0,0,0,0,1064,731,620,474
2026/02/04/20:44:32,3457.943037,0.807219,0.788875,0.807219,0.788875,62,51,52,27,0,0,0,0,1064,731,620,474
2026/02/04/20:44:33,3458.943646,0.807219,0.788875,0.807219,0.788875,62,51,52,27,0,0,0,0,1064,731,620,474
2026/02/04/20:44:34,3459.948160,0.807219,0.788875,0.807219,0.788875,62,51,52,27,0,0,0,0,1064,731,620,474
2026/02/04/20:44:35,3460.948701,0.803219,0.783522,0.803219,0.783522,62,51,50,27,0,0,0,0,1064,731,622,474
2026/02/04/20:44:36,3461.949335,0.803219,0.783522,0.803219,0.783522,62,51,50,27,0,0,0,0,1064,731,622,474
2026/02/04/20:44:37,3462.950070,0.803219,0.783522,0.803219,0.783522,62,51,50,27,0,0,0,0,1064,731,622,474
2026/02/04/20:44:38,3463.950728,0.803219,0.783522,0.803219,0.783522,62,51,50,27,0,0,0,0,1064,731,622,474
2026/02/04/20:44:39,3464.951276,0.834094,0.818714,0.834094,0.818714,62,51,53,29,0,0,0,0,1064,731,622,474
2026/02/04/20:44:40,3465.951845,0.854531,0.844123,0.854531,0.844123,67,51,53,29,0,0,0,0,1064,731,622,474
2026/02/04/20:44:41,3466.952469,0.854531,0.844123,0.854531,0.844123,67,51,53,29,0,0,0,0,1064,731,622,474
2026/02/04/20:44:42,3467.952923,0.847969,0.819810,0.847969,0.819810,65,51,53,29,0,0,0,0,1066,731,625,474
2026/02/04/20:44:43,3468.953565,0.853719,0.830602,0.853719,0.830602,67,51,54,29,0,0,0,0,1066,731,625,474
2026/02/04/20:44:44,3469.954282,0.853719,0.830602,0.853719,0.830602,67,51,54,29,0,0,0,0,1066,731,625,474
2026/02/04/20:44:45,3470.954870,0.853719,0.830602,0.853719,0.830602,67,51,54,29,0,0,0,0,1066,731,625,474
2026/02/04/20:44:46,3471.955510,0.851562,0.829018,0.851562,0.829018,67,50,54,29,0,0,0,0,1066,732,625,474
2026/02/04/20:44:47,3472.956094,0.843375,0.816582,0.843375,0.816582,65,49,53,29,0,0,0,0,1068,733,626,474
2026/02/04/20:44:48,3473.956860,0.843375,0.816582,0.843375,0.816582,65,49,53,29,0,0,0,0,1068,733,626,474
2026/02/04/20:44:49,3474.957497,0.843156,0.852141,0.845594,0.857523,65,54,58,29,0,0,1,0,1071,733,626,474
2026/02/04/20:44:50,3475.958213,0.845594,0.857523,0.849656,0.861203,65,54,59,29,0,1,0,0,1071,733,626,474
2026/02/04/20:44:51,3476.958872,0.832688,0.841356,0.832688,0.841356,63,55,56,29,0,0,0,0,1073,734,629,474
2026/02/04/20:44:52,3477.959492,0.874313,0.871498,0.874313,0.871498,72,56,56,29,0,0,0,0,1073,734,629,474
2026/02/04/20:44:53,3478.960029,0.872437,0.869521,0.872437,0.869521,72,56,56,28,0,0,0,0,1073,734,629,475
2026/02/04/20:44:54,3479.960604,0.870687,0.875140,0.870687,0.875140,74,56,54,28,0,0,0,0,1073,734,631,475
2026/02/04/20:44:55,3480.961415,0.861250,0.864776,0.861250,0.864776,73,54,54,28,0,0,0,0,1074,736,631,475
2026/02/04/20:44:56,3481.961916,0.876313,0.882182,0.876313,0.882182,74,57,55,31,0,0,0,0,1076,736,631,475
2026/02/04/20:44:57,3482.962494,0.858156,0.868353,0.858156,0.868353,75,56,52,31,0,0,0,0,1076,738,634,475
2026/02/04/20:44:58,3483.963204,0.858156,0.868353,0.858156,0.868353,75,56,52,31,0,0,0,0,1076,738,634,475
2026/02/04/20:44:59,3484.963818,0.836406,0.845408,0.836406,0.845408,72,52,52,28,0,0,0,0,1079,742,634,478
2026/02/04/20:45:00,3485.964564,0.830406,0.842213,0.830406,0.842213,72,52,50,28,0,0,0,0,1079,742,636,478
2026/02/04/20:45:01,3486.965095,0.830406,0.842213,0.830406,0.842213,72,52,50,28,0,0,0,0,1079,742,636,478
2026/02/04/20:45:02,3487.965697,0.830406,0.842213,0.830406,0.842213,72,52,50,28,0,0,0,0,1079,742,636,478
2026/02/04/20:45:03,3488.966275,0.808094,0.835280,0.808094,0.835280,69,52,50,28,0,0,0,0,1082,742,636,478
2026/02/04/20:45:04,3489.966825,0.791625,0.822492,0.810312,0.835299,65,52,50,29,0,2,3,0,1088,742,636,478
2026/02/04/20:45:05,3490.967349,0.836969,0.851031,0.836969,0.851031,65,58,54,30,0,0,0,0,1088,742,637,478
2026/02/04/20:45:06,3491.967970,0.829844,0.837485,0.829844,0.837485,61,58,54,30,0,0,0,0,1092,742,637,478
2026/02/04/20:45:07,3492.968576,0.810469,0.824924,0.810469,0.824924,61,56,54,28,0,0,0,0,1092,744,637,480
2026/02/04/20:45:08,3493.969242,0.796656,0.812975,0.796656,0.812975,61,52,54,28,0,0,0,0,1092,748,637,480
2026/02/04/20:45:09,3494.969899,0.790500,0.811225,0.790500,0.811225,61,51,54,28,0,0,0,0,1092,749,637,480
2026/02/04/20:45:10,3495.970538,0.779594,0.793260,0.779594,0.793260,59,50,52,28,0,0,0,0,1094,750,639,480
2026/02/04/20:45:11,3496.971312,0.779594,0.793260,0.779594,0.793260,59,50,52,28,0,0,0,0,1094,750,639,480
2026/02/04/20:45:12,3497.971886,0.779594,0.793260,0.779594,0.793260,59,50,52,28,0,0,0,0,1094,750,639,480
2026/02/04/20:45:13,3498.972453,0.769219,0.791619,0.769219,0.791619,59,50,51,28,0,0,0,0,1094,750,640,480
2026/02/04/20:45:14,3499.973100,0.769219,0.791619,0.769219,0.791619,59,50,51,28,0,0,0,0,1094,750,640,480
2026/02/04/20:45:15,3500.973887,0.788813,0.801881,0.788813,0.801881,62,50,49,33,0,0,0,0,1094,750,642,480
2026/02/04/20:45:16,3501.974467,0.804219,0.823653,0.804219,0.823653,64,53,49,33,0,0,0,0,1094,750,642,480
2026/02/04/20:45:17,3502.975033,0.800781,0.817638,0.800781,0.817638,64,53,47,33,0,0,0,0,1094,750,644,480
2026/02/04/20:45:18,3503.975718,0.800781,0.817638,0.800781,0.817638,64,53,47,33,0,0,0,0,1094,750,644,480
2026/02/04/20:45:19,3504.976572,0.800781,0.817638,0.800781,0.817638,64,53,47,33,0,0,0,0,1094,750,644,480
2026/02/04/20:45:20,3505.977411,0.790375,0.812637,0.790375,0.812637,64,50,47,33,0,0,0,0,1094,753,644,480
2026/02/04/20:45:21,3506.978086,0.785625,0.809278,0.785625,0.809278,64,50,47,31,0,0,0,0,1094,753,644,482
2026/02/04/20:45:22,3507.978956,0.785625,0.809278,0.785625,0.809278,64,50,47,31,0,0,0,0,1094,753,644,482
2026/02/04/20:45:23,3508.979564,0.785625,0.809278,0.785625,0.809278,64,50,47,31,0,0,0,0,1094,753,644,482
2026/02/04/20:45:24,3509.980224,0.785625,0.809278,0.785625,0.809278,64,50,47,31,0,0,0,0,1094,753,644,482
2026/02/04/20:45:25,3510.980912,0.785625,0.809278,0.785625,0.809278,64,50,47,31,0,0,0,0,1094,753,644,482
2026/02/04/20:45:26,3511.981574,0.790250,0.813957,0.790250,0.813957,64,50,49,31,0,0,0,0,1094,753,644,482
2026/02/04/20:45:27,3512.982036,0.783312,0.808217,0.783312,0.808217,64,50,49,28,0,0,0,0,1094,753,644,485
2026/02/04/20:45:28,3513.982701,0.783312,0.808217,0.783312,0.808217,64,50,49,28,0,0,0,0,1094,753,644,485
2026/02/04/20:45:29,3514.983556,0.780594,0.806559,0.780594,0.806559,64,49,49,28,0,0,0,0,1094,754,644,485
2026/02/04/20:45:30,3515.984649,0.790188,0.818209,0.790188,0.818209,65,49,48,28,0,0,0,0,1094,754,646,485
2026/02/04/20:45:31,3516.985293,0.790188,0.818209,0.790188,0.818209,65,49,48,28,0,0,0,0,1094,754,646,485
2026/02/04/20:45:32,3517.986036,0.800312,0.825862,0.802000,0.841485,68,49,48,28,0,0,0,1,1094,754,646,485
2026/02/04/20:45:33,3518.986827,0.800312,0.825862,0.802000,0.841485,68,49,48,28,0,0,0,1,1094,754,646,485
2026/02/04/20:45:34,3519.987682,0.800312,0.825862,0.800312,0.825862,68,49,48,28,0,0,0,0,1094,754,646,485
2026/02/04/20:45:35,3520.988235,0.800312,0.825862,0.800312,0.825862,68,49,48,28,0,0,0,0,1094,754,646,485
2026/02/04/20:45:36,3521.989088,0.800312,0.825862,0.800312,0.825862,68,49,48,28,0,0,0,0,1094,754,646,485
2026/02/04/20:45:37,3522.989734,0.800312,0.825862,0.800312,0.825862,68,49,48,28,0,0,0,0,1094,754,646,485
2026/02/04/20:45:38,3523.990513,0.800312,0.825862,0.800312,0.825862,68,49,48,28,0,0,0,0,1094,754,646,485
2026/02/04/20:45:39,3524.991048,0.803875,0.837629,0.809219,0.854746,70,49,48,28,3,0,0,0,1094,754,646,485
2026/02/04/20:45:40,3525.991569,0.838250,0.842859,0.838250,0.842859,77,47,51,28,0,0,0,0,1094,756,646,485
2026/02/04/20:45:41,3526.992338,0.828125,0.835206,0.828125,0.835206,74,47,51,28,0,0,0,0,1097,756,646,485
2026/02/04/20:45:42,3527.992733,0.822781,0.819159,0.822781,0.819159,71,47,51,28,0,0,0,0,1100,756,646,485
2026/02/04/20:45:43,3528.993404,0.819219,0.806322,0.819219,0.806322,69,47,51,28,0,0,0,0,1102,756,646,485
2026/02/04/20:45:44,3529.994152,0.819219,0.806322,0.819219,0.806322,69,47,51,28,0,0,0,0,1102,756,646,485
2026/02/04/20:45:45,3530.994705,0.817562,0.799672,0.817562,0.799672,68,47,51,28,0,0,0,0,1103,756,646,485
2026/02/04/20:45:46,3531.995375,0.822688,0.808717,0.831500,0.822565,69,47,51,29,0,0,0,5,1103,756,646,485
2026/02/04/20:45:47,3532.995818,0.844625,0.841669,0.844625,0.841669,69,49,54,34,0,0,0,0,1103,756,646,485
2026/02/04/20:45:48,3533.996267,0.878000,0.887382,0.880281,0.890987,69,54,57,37,1,0,0,0,1103,756,646,485
2026/02/04/20:45:49,3534.996497,0.870625,0.915018,0.870625,0.915018,74,56,57,34,0,0,0,0,1103,756,649,488
2026/02/04/20:45:50,3535.997371,0.868875,0.922336,0.894188,0.934262,76,53,59,35,2,0,0,0,1103,759,649,488
2026/02/04/20:45:51,3536.998016,0.869437,0.908460,0.894750,0.920387,75,56,56,34,2,0,0,0,1106,759,652,491
2026/02/04/20:45:52,3537.998350,0.858281,0.892997,0.883594,0.904923,75,56,51,34,2,0,0,0,1106,759,657,491
2026/02/04/20:45:53,3538.998808,0.838313,0.870574,0.850969,0.876538,71,56,50,34,1,0,0,0,1111,759,658,491
2026/02/04/20:45:55,3540.109600,0.819688,0.845721,0.832344,0.851684,67,54,50,34,1,0,0,0,1115,761,658,491
2026/02/04/20:45:56,3541.111118,0.816469,0.843990,0.829125,0.849953,66,54,50,34,1,0,0,0,1116,761,658,491
2026/02/04/20:45:57,3542.111739,0.841000,0.865140,0.841000,0.865140,73,52,49,34,0,0,0,0,1116,763,659,491
2026/02/04/20:45:58,3543.112306,0.838625,0.862130,0.838625,0.862130,73,51,49,31,0,0,0,0,1116,766,659,494
2026/02/04/20:45:59,3544.113031,0.838625,0.862130,0.838625,0.862130,73,51,49,31,0,0,0,0,1116,766,659,494
2026/02/04/20:46:00,3545.113647,0.830000,0.840276,0.830000,0.840276,70,51,49,31,0,0,0,0,1119,766,659,494
2026/02/04/20:46:01,3546.114232,0.828094,0.835908,0.828094,0.835908,70,51,49,30,0,0,0,0,1119,766,659,495
2026/02/04/20:46:02,3547.115616,0.834875,0.849936,0.834875,0.849936,71,50,51,31,0,0,0,0,1119,768,660,495
2026/02/04/20:46:03,3548.116297,0.839187,0.869114,0.839187,0.869114,71,52,51,31,0,0,0,0,1119,768,660,495
2026/02/04/20:46:04,3549.116939,0.852875,0.873003,0.859812,0.878913,72,52,52,31,0,0,2,0,1119,768,660,495
2026/02/04/20:46:05,3550.150307,0.872719,0.878728,0.874938,0.892340,73,52,54,31,0,0,1,0,1119,768,663,495
2026/02/04/20:46:06,3551.150729,0.878437,0.883788,0.880656,0.897401,73,52,57,31,0,0,1,0,1119,768,663,495
2026/02/04/20:46:07,3552.151327,0.878437,0.883788,0.880656,0.897401,73,52,57,31,0,0,1,0,1119,768,663,495
2026/02/04/20:46:08,3553.189087,0.878437,0.883788,0.880656,0.897401,73,52,57,31,0,0,1,0,1119,768,663,495
2026/02/04/20:46:09,3554.798747,0.867188,0.881851,0.891000,0.934239,72,52,57,31,0,0,7,1,1120,768,663,495
2026/02/04/20:46:10,3555.798909,0.863969,0.886696,0.868656,0.914197,73,52,57,29,0,0,1,1,1121,768,669,497
2026/02/04/20:46:11,3556.799555,0.893000,0.915027,0.903219,0.947713,75,59,58,29,0,1,1,1,1121,768,669,497
2026/02/04/20:46:12,3557.800020,0.910500,0.928086,0.947937,0.989406,78,60,59,30,2,4,1,4,1121,768,669,497
2026/02/04/20:46:13,3558.963788,0.912156,0.929825,1.002156,1.012850,78,61,59,30,3,9,1,5,1121,768,669,497
2026/02/04/20:46:14,3559.963985,0.922250,0.939303,1.001656,1.032078,80,64,58,31,0,7,4,3,1124,768,670,498
2026/02/04/20:46:15,3560.965216,0.926781,0.936597,1.018781,1.042435,81,64,57,31,1,9,3,4,1125,768,671,498
2026/02/04/20:46:19,3564.140177,0.932312,0.943250,1.022469,1.046870,81,67,57,31,1,8,3,4,1125,768,671,498
2026/02/04/20:46:20,3565.140541,0.918188,0.932347,0.970375,1.034552,79,66,57,29,4,6,4,2,1127,769,671,500
2026/02/04/20:46:21,3566.178241,0.935250,0.940292,0.959531,1.009856,81,68,56,31,0,3,3,1,1129,771,673,500
2026/02/04/20:46:22,3567.178540,0.935250,0.940292,0.985563,1.057052,81,68,56,31,6,5,3,1,1129,771,673,500
2026/02/04/20:46:23,3568.178941,0.938813,0.944297,0.998188,1.079923,83,68,56,31,7,5,3,2,1129,771,673,500
2026/02/04/20:46:24,3569.179158,0.942719,0.950210,1.005031,1.076402,85,67,56,32,7,4,4,2,1129,772,673,500
2026/02/04/20:46:25,3570.179606,0.944156,0.952118,1.008469,1.102091,86,64,57,33,8,4,6,1,1129,775,673,500
2026/02/04/20:46:26,3571.180048,0.944156,0.952118,0.988500,1.097001,86,64,57,33,8,4,5,1,1129,775,673,500
2026/02/04/20:46:27,3572.261621,0.944156,0.952118,0.997062,1.101407,86,64,57,33,8,6,5,1,1129,775,673,500
2026/02/04/20:46:28,3573.449957,0.938156,0.946933,0.986656,1.089303,86,62,56,33,6,6,5,1,1130,777,674,500
2026/02/04/20:46:29,3574.450518,0.940719,0.950131,1.006281,1.091558,86,62,56,34,6,5,8,0,1130,777,674,500
2026/02/04/20:46:30,3575.450926,0.934906,0.942846,0.996719,1.063259,83,62,56,34,6,5,6,0,1133,777,674,500
2026/02/04/20:46:31,3576.451498,0.934906,0.942846,0.996719,1.063259,83,62,56,34,6,5,6,0,1133,777,674,500
2026/02/04/20:46:32,3577.451934,0.934906,0.942846,0.984094,1.048534,83,62,56,34,5,4,6,0,1133,777,674,500
2026/02/04/20:46:33,3578.452419,0.934906,0.942846,0.984094,1.048534,83,62,56,34,5,4,6,0,1133,777,674,500
2026/02/04/20:46:34,3579.452944,0.934906,0.942846,0.984094,1.048534,83,62,56,34,5,4,6,0,1133,777,674,500
2026/02/04/20:46:35,3580.453374,0.929156,0.941204,0.978344,1.046892,83,61,56,34,5,4,6,0,1133,778,674,500
2026/02/04/20:46:36,3581.453893,0.928969,0.947275,0.990344,1.073811,87,61,54,34,5,4,6,3,1133,778,676,500
2026/02/04/20:46:37,3582.454390,0.928969,0.947275,0.990344,1.073811,87,61,54,34,5,4,6,3,1133,778,676,500
2026/02/04/20:46:38,3583.454877,0.932469,0.951921,1.010563,1.109261,89,61,54,34,9,6,6,3,1133,778,676,500
2026/02/04/20:46:39,3584.454952,0.932469,0.951921,1.010563,1.109261,89,61,54,34,9,6,6,3,1133,778,676,500
2026/02/04/20:46:40,3585.455150,0.932469,0.951921,1.010563,1.109261,89,61,54,34,9,6,6,3,1133,778,676,500
2026/02/04/20:46:41,3586.455596,0.929156,0.946961,0.979219,1.064716,90,58,54,34,4,2,6,3,1136,783,676,500
2026/02/04/20:46:42,3587.456079,0.928906,0.934732,0.974906,1.045538,90,56,54,35,4,2,6,2,1136,785,676,500
2026/02/04/20:46:43,3588.456508,0.935063,0.941315,0.965594,1.020822,92,54,55,35,0,2,5,2,1136,787,676,500
2026/02/04/20:46:44,3589.456923,0.935063,0.941315,0.965594,1.020822,92,54,55,35,0,2,5,2,1136,787,676,500
2026/02/04/20:46:45,3590.457016,0.912625,0.920570,0.943156,1.000078,90,52,52,34,0,2,5,2,1138,789,679,501
2026/02/04/20:46:46,3591.457518,0.912625,0.920570,0.943156,1.000078,90,52,52,34,0,2,5,2,1138,789,679,501
2026/02/04/20:46:47,3592.458167,0.912625,0.920570,0.943156,1.000078,90,52,52,34,0,2,5,2,1138,789,679,501
2026/02/04/20:46:48,3593.458758,0.912625,0.920570,0.943156,1.000078,90,52,52,34,0,2,5,2,1138,789,679,501
2026/02/04/20:46:49,3594.459390,0.912625,0.920570,0.943156,1.000078,90,52,52,34,0,2,5,2,1138,789,679,501
2026/02/04/20:46:50,3595.459736,0.902406,0.915730,0.932937,0.995237,87,52,52,34,0,2,5,2,1141,789,679,501
2026/02/04/20:46:51,3596.460332,0.896938,0.913443,0.927469,0.992950,86,52,52,34,0,2,5,2,1142,789,679,501
2026/02/04/20:46:52,3597.460763,0.895563,0.911978,0.922031,0.984535,83,52,52,35,0,2,5,1,1145,789,679,501
2026/02/04/20:46:53,3598.461161,0.898094,0.910718,0.924562,0.983276,83,53,52,33,0,2,5,1,1145,789,679,503
2026/02/04/20:46:54,3599.461883,0.928813,0.939064,0.959844,1.024239,87,54,60,33,0,4,5,1,1145,789,679,503
2026/02/04/20:46:55,3600.462355,0.932469,0.944984,0.962313,1.020730,85,55,63,33,0,2,5,2,1147,791,679,503
2026/02/04/20:46:56,3601.463114,0.932469,0.944984,0.965688,1.023919,85,55,63,33,0,2,5,3,1147,791,679,503
2026/02/04/20:46:57,3602.463652,0.932469,0.944984,0.961125,0.999704,85,55,63,33,0,2,3,3,1147,791,679,503
2026/02/04/20:46:58,3603.464398,0.926188,0.946144,0.948094,0.994487,82,55,63,35,0,2,3,1,1150,791,679,503
2026/02/04/20:46:59,3604.464959,0.923500,0.946716,0.941344,0.988110,82,55,63,34,0,2,3,0,1150,791,679,505
2026/02/04/20:47:00,3605.465451,0.923500,0.946716,0.941344,0.988110,82,55,63,34,0,2,3,0,1150,791,679,505
2026/02/04/20:47:01,3606.465930,0.923500,0.946716,0.941344,0.988110,82,55,63,34,0,2,3,0,1150,791,679,505
2026/02/04/20:47:02,3607.466180,0.917937,0.939446,0.928969,0.965572,80,55,63,34,0,0,3,0,1152,791,679,505
2026/02/04/20:47:03,3608.466684,0.908656,0.928212,0.919687,0.954339,80,53,63,34,0,0,3,0,1152,793,679,505
2026/02/04/20:47:04,3609.467311,0.910687,0.932884,0.917312,0.952754,80,52,64,34,0,0,2,0,1152,794,679,505
2026/02/04/20:47:05,3610.467911,0.910687,0.932884,0.917312,0.952754,80,52,64,34,0,0,2,0,1152,794,679,505
2026/02/04/20:47:06,3611.468429,0.910687,0.932884,0.917312,0.952754,80,52,64,34,0,0,2,0,1152,794,679,505
2026/02/04/20:47:07,3612.469025,0.926094,0.949278,0.939750,0.980671,80,52,67,35,0,0,2,3,1152,794,679,505
2026/02/04/20:47:08,3613.469646,0.926094,0.949278,0.939750,0.980671,80,52,67,35,0,0,2,3,1152,794,679,505
2026/02/04/20:47:09,3614.470238,0.928531,0.951281,0.962406,1.023659,83,53,64,37,0,2,2,3,1152,794,682,505
2026/02/04/20:47:10,3615.470779,0.921813,0.949910,0.971969,1.031118,80,54,64,37,0,1,2,6,1155,794,682,505
2026/02/04/20:47:11,3616.471408,0.921813,0.949910,0.971969,1.031118,80,54,64,37,0,1,2,6,1155,794,682,505
2026/02/04/20:47:12,3617.471844,0.918469,0.945217,0.965969,1.022440,80,55,64,34,0,0,2,6,1155,794,682,508
2026/02/04/20:47:13,3618.472306,0.916813,0.937533,0.958000,1.010484,80,52,64,35,0,0,2,5,1155,797,682,508
2026/02/04/20:47:14,3619.472725,0.908219,0.935293,0.949406,1.008244,80,52,63,35,0,0,2,5,1155,797,683,508
2026/02/04/20:47:15,3620.474436,0.906406,0.925050,0.936875,0.987472,77,52,63,36,0,0,1,4,1158,797,684,508
2026/02/04/20:47:16,3621.474919,0.884594,0.910773,0.908750,0.968924,74,52,63,34,0,0,1,3,1161,797,684,510
2026/02/04/20:47:17,3622.475543,0.884594,0.910773,0.908750,0.968924,74,52,63,34,0,0,1,3,1161,797,684,510
2026/02/04/20:47:18,3623.476065,0.884594,0.910773,0.908750,0.968924,74,52,63,34,0,0,1,3,1161,797,684,510
2026/02/04/20:47:19,3624.476655,0.884594,0.910773,0.908750,0.968924,74,52,63,34,0,0,1,3,1161,797,684,510
2026/02/04/20:47:20,3625.477250,0.886344,0.916405,0.910500,0.974556,74,53,63,34,0,0,1,3,1161,797,684,510
2026/02/04/20:47:21,3626.477851,0.886344,0.916405,0.910500,0.974556,74,53,63,34,0,0,1,3,1161,797,684,510
2026/02/04/20:47:22,3627.478385,0.884594,0.910773,0.908750,0.968924,74,52,63,34,0,0,1,3,1161,798,684,510
2026/02/04/20:47:23,3628.479062,0.880031,0.898156,0.904188,0.956307,74,50,63,34,0,0,1,3,1161,800,684,510
2026/02/04/20:47:24,3629.479608,0.877906,0.896391,0.902062,0.954542,73,50,63,34,0,0,1,3,1162,800,684,510
2026/02/04/20:47:25,3630.480244,0.877906,0.896391,0.902062,0.954542,73,50,63,34,0,0,1,3,1162,800,684,510
2026/02/04/20:47:26,3631.480704,0.877906,0.896391,0.902062,0.954542,73,50,63,34,0,0,1,3,1162,800,684,510
2026/02/04/20:47:27,3632.514924,0.877906,0.896391,0.902062,0.954542,73,50,63,34,0,0,1,3,1162,800,684,510
2026/02/04/20:47:28,3633.948376,0.869344,0.891985,0.893500,0.950136,73,48,63,34,0,0,1,3,1162,802,684,510
2026/02/04/20:47:32,3637.762216,0.869344,0.891985,0.893500,0.950136,73,48,63,34,0,0,1,3,1162,802,684,510
2026/02/04/20:47:35,3640.144450,0.864719,0.887234,0.888875,0.945385,71,48,63,34,0,0,1,3,1164,802,684,510
2026/02/04/20:47:36,3641.145190,0.888875,0.945385,0.888875,0.945385,71,48,64,37,0,0,0,0,1171,802,684,510
2026/02/04/20:47:37,3642.145803,0.888875,0.945385,0.902406,0.950367,71,48,64,37,0,1,0,0,1171,802,684,510
2026/02/04/20:47:38,3643.146233,0.888875,0.945385,0.902406,0.950367,71,48,64,37,0,1,0,0,1171,802,684,510
2026/02/04/20:47:39,3644.146805,0.888875,0.945385,0.907188,0.987271,71,48,64,37,3,1,0,0,1171,802,684,510
2026/02/04/20:47:40,3645.147292,0.895344,0.954709,0.913656,0.996595,71,51,64,37,3,1,0,0,1171,802,684,510
2026/02/04/20:47:41,3646.147984,0.895344,0.954709,0.950250,1.019630,71,51,64,37,8,1,1,0,1171,802,684,510
2026/02/04/20:47:42,3647.148442,0.895344,0.954709,0.950250,1.019630,71,51,64,37,8,1,1,0,1171,802,684,510
2026/02/04/20:47:43,3648.149049,0.895344,0.954709,0.950250,1.019630,71,51,64,37,8,1,1,0,1171,802,684,510
2026/02/04/20:47:44,3649.149936,0.900312,0.959608,1.002188,1.044836,72,52,64,37,11,3,0,0,1171,802,684,510
2026/02/04/20:47:45,3650.150409,0.900312,0.959608,1.002188,1.044836,72,52,64,37,11,3,0,0,1171,802,684,510
2026/02/04/20:47:46,3651.150871,0.900312,0.959608,0.963594,1.025557,72,52,64,37,8,1,0,0,1171,802,684,510
2026/02/04/20:47:47,3652.151447,0.900312,0.959608,0.939875,1.006642,72,52,64,37,5,1,0,0,1171,802,684,510
2026/02/04/20:47:48,3653.152068,0.900312,0.959608,0.939875,1.006642,72,52,64,37,5,1,0,0,1171,802,684,510
2026/02/04/20:47:49,3654.152560,0.897156,0.957190,0.936719,1.004224,71,52,64,37,5,1,0,0,1172,802,684,510
2026/02/04/20:47:50,3655.153225,0.897156,0.957190,0.936719,1.004224,71,52,64,37,5,1,0,0,1172,802,684,510
2026/02/04/20:47:51,3656.153709,0.897156,0.957190,0.936719,1.004224,71,52,64,37,5,1,0,0,1172,802,684,510
2026/02/04/20:47:52,3657.154372,0.897156,0.957190,0.936719,1.004224,71,52,64,37,5,1,0,0,1172,802,684,510
2026/02/04/20:47:53,3658.154849,0.897156,0.957190,0.936719,1.004224,71,52,64,37,5,1,0,0,1172,802,684,510
2026/02/04/20:47:54,3659.155418,0.897156,0.957190,0.936719,1.004224,71,52,64,37,5,1,0,0,1172,802,684,510
2026/02/04/20:47:55,3660.155848,0.897156,0.957190,0.936719,1.004224,71,52,64,37,5,1,0,0,1172,802,684,510
2026/02/04/20:47:56,3661.156438,0.897156,0.957190,0.936719,1.004224,71,52,64,37,5,1,0,0,1172,802,684,510
2026/02/04/20:47:57,3662.156909,0.897156,0.957190,0.936719,1.004224,71,52,64,37,5,1,0,0,1172,802,684,510
2026/02/04/20:47:59,3664.743608,0.886875,0.943637,0.926438,0.990671,71,49,62,37,5,1,0,0,1172,805,686,510
2026/02/04/20:48:03,3668.143322,0.883219,0.934641,0.922781,0.981675,70,49,61,37,5,1,0,0,1173,805,687,510
2026/02/04/20:48:05,3670.461698,0.883219,0.934641,0.922781,0.981675,70,49,61,37,5,1,0,0,1173,805,687,510
2026/02/04/20:48:06,3671.985656,0.896031,0.948048,0.935594,0.995082,73,49,62,37,5,1,0,0,1173,805,687,510
2026/02/04/20:48:07,3672.986118,0.888594,0.942271,0.928156,0.989305,73,48,62,35,5,1,0,0,1173,806,687,512
2026/02/04/20:48:08,3673.986594,0.877531,0.936957,0.917094,0.983991,70,48,62,35,5,1,0,0,1176,806,687,512
2026/02/04/20:48:09,3674.987231,0.880094,0.934802,0.909031,0.979262,71,48,59,35,4,1,0,0,1176,806,690,512
2026/02/04/20:48:10,3675.987843,0.878344,0.926709,0.907281,0.971169,71,48,58,35,4,1,0,0,1176,806,691,512
2026/02/04/20:48:11,3676.988506,0.878344,0.926709,0.907281,0.971169,71,48,58,35,4,1,0,0,1176,806,691,512
2026/02/04/20:48:12,3677.989343,0.878344,0.926709,0.907281,0.971169,71,48,58,35,4,1,0,0,1176,806,691,512
2026/02/04/20:48:13,3679.046168,0.878344,0.926709,0.907281,0.971169,71,48,58,35,4,1,0,0,1176,806,691,512
2026/02/04/20:48:14,3680.046769,0.878344,0.926709,0.907281,0.971169,71,48,58,35,4,1,0,0,1176,806,691,512
2026/02/04/20:48:15,3681.046937,0.878344,0.926709,0.907281,0.971169,71,48,58,35,4,1,0,0,1176,806,691,512
2026/02/04/20:48:16,3682.048782,0.878344,0.926709,0.907281,0.971169,71,48,58,35,4,1,0,0,1176,806,691,512
2026/02/04/20:48:18,3683.710200,0.878344,0.926709,0.907281,0.971169,71,48,58,35,4,1,0,0,1176,806,691,512
2026/02/04/20:48:21,3686.658755,0.878344,0.926709,0.907281,0.971169,71,48,58,35,4,1,0,0,1176,806,691,512
2026/02/04/20:48:23,3688.690997,0.858719,0.918838,0.877031,0.960724,68,48,58,35,3,1,0,0,1179,806,691,512
2026/02/04/20:48:24,3689.691581,0.846187,0.909188,0.864500,0.951074,66,47,58,35,3,1,0,0,1181,807,691,512
2026/02/04/20:48:25,3690.692214,0.846187,0.909188,0.864500,0.951074,66,47,58,35,3,1,0,0,1181,807,691,512
2026/02/04/20:48:26,3691.692928,0.846187,0.909188,0.864500,0.951074,66,47,58,35,3,1,0,0,1181,807,691,512
2026/02/04/20:48:27,3692.693539,0.846187,0.909188,0.864500,0.951074,66,47,58,35,3,1,0,0,1181,807,691,512
2026/02/04/20:48:28,3693.694135,0.846187,0.909188,0.864500,0.951074,66,47,58,35,3,1,0,0,1181,807,691,512
2026/02/04/20:48:29,3694.694732,0.846187,0.909188,0.864500,0.951074,66,47,58,35,3,1,0,0,1181,807,691,512
2026/02/04/20:48:30,3695.722559,0.846187,0.909188,0.864500,0.951074,66,47,58,35,3,1,0,0,1181,807,691,512
2026/02/04/20:48:31,3696.722666,0.846187,0.909188,0.864500,0.951074,66,47,58,35,3,1,0,0,1181,807,691,512
2026/02/04/20:48:32,3697.879861,0.846187,0.909188,0.864500,0.951074,66,47,58,35,3,1,0,0,1181,807,691,512
2026/02/04/20:48:33,3698.880341,0.864500,0.951074,0.864500,0.951074,69,48,58,35,0,0,0,0,1185,807,691,512
2026/02/04/20:48:34,3699.881188,0.864500,0.951074,0.864500,0.951074,69,48,58,35,0,0,0,0,1185,807,691,512
2026/02/04/20:48:35,3700.884110,0.872500,0.957571,0.880156,0.974316,71,48,60,35,3,0,1,0,1187,807,691,512
2026/02/04/20:48:36,3701.884560,0.878313,0.964809,0.916281,1.026982,71,48,63,35,5,4,1,0,1187,807,691,512
2026/02/04/20:48:37,3702.885135,0.878313,0.964809,0.923406,1.048079,71,48,63,35,5,4,3,0,1187,807,691,512
2026/02/04/20:48:38,3703.885682,0.878344,0.964514,0.919656,1.044627,72,48,61,35,4,4,3,0,1187,807,693,512
2026/02/04/20:48:39,3704.886363,0.881875,0.964103,0.911250,1.028182,73,49,60,35,1,3,3,0,1187,807,694,512
2026/02/04/20:48:40,3705.886968,0.881875,0.964103,0.911250,1.028182,73,49,60,35,1,3,3,0,1187,807,694,512
2026/02/04/20:48:41,3706.887470,0.880281,0.962076,0.909656,1.026155,73,49,59,35,1,3,3,0,1187,807,695,512
2026/02/04/20:48:42,3707.888128,0.880281,0.962076,0.909656,1.026155,73,49,59,35,1,3,3,0,1187,807,695,512
2026/02/04/20:48:43,3708.888692,0.880281,0.962076,0.909656,1.026155,73,49,59,35,1,3,3,0,1187,807,695,512
2026/02/04/20:48:44,3709.889336,0.880469,0.961854,0.909844,1.025933,72,49,60,35,1,3,3,0,1188,807,695,512
2026/02/04/20:48:45,3710.972922,0.880469,0.961854,0.909844,1.025933,72,49,60,35,1,3,3,0,1188,807,695,512
2026/02/04/20:48:46,3711.973368,0.887719,0.967985,0.917094,1.032064,71,49,62,35,1,3,3,0,1191,807,695,512
2026/02/04/20:48:47,3712.974056,0.887719,0.967985,0.917094,1.032064,71,49,62,35,1,3,3,0,1191,807,695,512
2026/02/04/20:48:48,3713.974633,0.883906,0.960870,0.913281,1.024949,71,49,60,35,1,3,3,0,1191,807,697,512
2026/02/04/20:48:49,3714.975198,0.883906,0.960870,0.913281,1.024949,71,49,60,35,1,3,3,0,1191,807,697,512
2026/02/04/20:48:50,3715.975511,0.882125,0.957712,0.911500,1.021790,70,49,60,35,1,3,3,0,1192,807,697,512
2026/02/04/20:48:51,3716.976094,0.849250,0.944024,0.878625,1.008103,67,49,60,35,1,3,3,0,1195,807,697,512
2026/02/04/20:48:52,3717.976653,0.847469,0.942460,0.876844,1.006539,67,49,59,35,1,3,3,0,1195,807,698,512
2026/02/04/20:48:53,3718.977252,0.847469,0.942460,0.876844,1.006539,67,49,59,35,1,3,3,0,1195,807,698,512
2026/02/04/20:48:54,3720.014772,0.847469,0.942460,0.876844,1.006539,67,49,59,35,1,3,3,0,1195,807,698,512
2026/02/04/20:48:55,3721.015244,0.847469,0.942460,0.876844,1.006539,67,49,59,35,1,3,3,0,1195,807,698,512
2026/02/04/20:48:56,3722.015877,0.847469,0.942460,0.876844,1.006539,67,49,59,35,1,3,3,0,1195,807,698,512
2026/02/04/20:48:57,3723.016201,0.847469,0.942460,0.876844,1.006539,67,49,59,35,1,3,3,0,1195,807,698,512
2026/02/04/20:49:00,3725.354822,0.847469,0.942460,0.872875,0.998365,67,49,59,35,0,3,3,0,1195,807,698,512
2026/02/04/20:49:01,3726.354934,0.847469,0.942460,0.872875,0.998365,67,49,59,35,0,3,3,0,1195,807,698,512
2026/02/04/20:49:02,3727.355333,0.843250,0.942239,0.863750,0.990058,66,50,56,35,0,2,3,0,1196,807,701,512
2026/02/04/20:49:03,3728.355935,0.827688,0.921577,0.844625,0.958847,63,50,54,35,0,2,2,0,1199,807,704,512
2026/02/04/20:49:04,3729.356764,0.827688,0.921577,0.844625,0.958847,63,50,54,35,0,2,2,0,1199,807,704,512
2026/02/04/20:49:05,3730.357399,0.827688,0.921577,0.844625,0.958847,63,50,54,35,0,2,2,0,1199,807,704,512
2026/02/04/20:49:06,3731.357945,0.827688,0.921577,0.844625,0.958847,63,50,54,35,0,2,2,0,1199,807,704,512
2026/02/04/20:49:07,3732.358698,0.827688,0.921577,0.844625,0.958847,63,50,54,35,0,2,2,0,1199,807,704,512
2026/02/04/20:49:08,3733.359267,0.827688,0.921577,0.844625,0.958847,63,50,54,35,0,2,2,0,1199,807,704,512
2026/02/04/20:49:09,3734.438169,0.825344,0.918535,0.842281,0.955805,63,49,54,35,0,2,2,0,1199,808,704,512
2026/02/04/20:49:10,3735.438774,0.820438,0.910448,0.827562,0.931544,63,48,54,35,0,0,2,0,1199,809,704,512
2026/02/04/20:49:11,3736.439438,0.820438,0.910448,0.827562,0.931544,63,48,54,35,0,0,2,0,1199,809,704,512
2026/02/04/20:49:12,3737.439994,0.820438,0.910448,0.827562,0.931544,63,48,54,35,0,0,2,0,1199,809,704,512
2026/02/04/20:49:13,3738.440570,0.847000,0.933121,0.854125,0.954217,65,51,58,35,0,0,2,0,1199,809,704,512
2026/02/04/20:49:14,3739.441275,0.847000,0.933121,0.854125,0.954217,65,51,58,35,0,0,2,0,1199,809,704,512
2026/02/04/20:49:15,3740.441667,0.847000,0.933121,0.854125,0.954217,65,51,58,35,0,0,2,0,1199,809,704,512
2026/02/04/20:49:16,3741.442641,0.834438,0.918145,0.841562,0.939241,63,48,58,35,0,0,2,0,1201,812,704,512
2026/02/04/20:49:17,3742.442932,0.834438,0.918145,0.841562,0.939241,63,48,58,35,0,0,2,0,1201,812,704,512
2026/02/04/20:49:18,3743.538057,0.834438,0.918145,0.841562,0.939241,63,48,58,35,0,0,2,0,1201,812,704,512
2026/02/04/20:49:21,3746.136382,0.837625,0.928459,0.848125,0.967785,66,49,57,35,0,2,2,0,1201,812,705,512
2026/02/04/20:49:22,3747.137121,0.835531,0.925310,0.846031,0.964636,66,48,57,35,0,2,2,0,1201,813,705,512
2026/02/04/20:49:23,3748.137837,0.844437,0.930575,0.854938,0.969901,66,51,57,35,0,2,2,0,1201,813,705,512
2026/02/04/20:49:24,3749.143800,0.835438,0.924380,0.845938,0.963706,66,51,54,35,0,2,2,0,1201,813,708,512
2026/02/04/20:49:25,3750.144291,0.832781,0.922039,0.843281,0.961365,65,51,54,35,0,2,2,0,1202,813,708,512
2026/02/04/20:49:26,3751.163423,0.848250,0.933313,0.858750,0.972639,65,51,58,36,0,2,2,0,1202,813,708,512
2026/02/04/20:49:27,3752.163762,0.870062,0.944993,0.925312,1.039512,69,51,58,38,1,5,4,2,1203,813,708,512
2026/02/04/20:49:28,3753.164430,0.882875,0.954749,0.937750,1.058536,71,52,58,39,1,6,4,2,1203,813,708,512
2026/02/04/20:49:29,3754.165172,0.874875,0.952743,0.939406,1.055974,70,52,58,39,1,9,4,0,1204,813,708,512
2026/02/04/20:49:30,3755.165847,0.868437,0.949253,0.925531,1.018410,68,52,58,39,0,9,2,0,1206,813,708,512
2026/02/04/20:49:31,3756.166432,0.855688,0.939654,0.908250,1.004857,66,53,58,36,0,8,2,0,1208,813,708,515
2026/02/04/20:49:32,3757.166932,0.855688,0.939654,0.879250,0.999035,66,53,58,36,0,6,2,0,1208,813,708,515
2026/02/04/20:49:33,3758.167315,0.855688,0.939654,0.879250,0.999035,66,53,58,36,0,6,2,0,1208,813,708,515
2026/02/04/20:49:34,3759.167916,0.850344,0.934575,0.871969,0.988525,63,53,58,36,0,5,2,0,1211,813,708,515
2026/02/04/20:49:35,3760.168530,0.850344,0.934575,0.871969,0.988525,63,53,58,36,0,5,2,0,1211,813,708,515
2026/02/04/20:49:36,3761.169127,0.850344,0.934575,0.871969,0.988525,63,53,58,36,0,5,2,0,1211,813,708,515
2026/02/04/20:49:37,3762.169755,0.845812,0.930622,0.858375,0.976664,63,52,58,36,0,3,2,0,1211,814,708,515
2026/02/04/20:49:38,3763.170404,0.855844,0.936888,0.904312,1.033584,63,52,60,36,4,3,5,0,1212,814,708,515
2026/02/04/20:49:39,3764.170917,0.855812,0.936677,0.899312,1.030754,64,52,60,35,3,3,5,0,1212,814,708,516
2026/02/04/20:49:40,3765.171414,0.845344,0.928233,0.888844,1.022310,64,52,56,35,3,3,5,0,1212,814,712,516
2026/02/04/20:49:41,3766.171978,0.838219,0.923012,0.874031,0.998961,64,52,54,35,0,3,5,0,1212,814,714,516
2026/02/04/20:49:42,3767.172690,0.831375,0.924463,0.841875,0.963789,64,50,54,35,0,2,2,0,1212,817,714,516
2026/02/04/20:49:43,3768.173295,0.831375,0.924463,0.841875,0.963789,64,50,54,35,0,2,2,0,1212,817,714,516
2026/02/04/20:49:44,3769.173906,0.831375,0.924463,0.841875,0.963789,64,50,54,35,0,2,2,0,1212,817,714,516
2026/02/04/20:49:45,3770.174408,0.829313,0.917747,0.839812,0.957073,64,49,54,35,0,2,2,0,1212,818,714,516
2026/02/04/20:49:46,3771.174918,0.829313,0.917747,0.839812,0.957073,64,49,54,35,0,2,2,0,1212,818,714,516
2026/02/04/20:49:47,3772.175529,0.829313,0.917747,0.839812,0.957073,64,49,54,35,0,2,2,0,1212,818,714,516
2026/02/04/20:49:48,3773.221186,0.832937,0.920692,0.843437,0.960018,64,49,55,35,0,2,2,0,1212,818,714,516
2026/02/04/20:49:49,3774.222052,0.832937,0.920692,0.843437,0.960018,64,49,55,35,0,2,2,0,1212,818,714,516
2026/02/04/20:49:50,3775.222398,0.822594,0.920675,0.831406,0.950886,62,49,55,35,0,1,2,0,1214,819,714,516
2026/02/04/20:49:51,3776.222988,0.818969,0.917729,0.827781,0.947941,62,49,54,35,0,1,2,0,1214,819,715,516
2026/02/04/20:49:52,3777.223541,0.818969,0.917729,0.827781,0.947941,62,49,54,35,0,1,2,0,1214,819,715,516
2026/02/04/20:49:53,3778.224128,0.818969,0.917729,0.827781,0.947941,62,49,54,35,0,1,2,0,1214,819,715,516
2026/02/04/20:49:54,3779.224718,0.818969,0.917729,0.827781,0.947941,62,49,54,35,0,1,2,0,1214,819,715,516
2026/02/04/20:49:55,3780.225071,0.818969,0.917729,0.827781,0.947941,62,49,54,35,0,1,2,0,1214,819,715,516
2026/02/04/20:49:56,3781.225553,0.818969,0.917729,0.827781,0.947941,62,49,54,35,0,1,2,0,1214,819,715,516
2026/02/04/20:49:57,3782.225925,0.813250,0.921911,0.820375,0.943008,59,50,54,35,0,0,2,0,1217,819,715,516
2026/02/04/20:49:58,3783.226473,0.813250,0.921911,0.820375,0.943008,59,50,54,35,0,0,2,0,1217,819,715,516
2026/02/04/20:49:59,3784.227119,0.813250,0.921911,0.820375,0.943008,59,50,54,35,0,0,2,0,1217,819,715,516
2026/02/04/20:50:00,3785.227676,0.813250,0.921911,0.820375,0.943008,59,50,54,35,0,0,2,0,1217,819,715,516
2026/02/04/20:50:01,3786.228152,0.813250,0.921911,0.820375,0.943008,59,50,54,35,0,0,2,0,1217,819,715,516
2026/02/04/20:50:02,3787.228624,0.813250,0.921911,0.820375,0.943008,59,50,54,35,0,0,2,0,1217,819,715,516
2026/02/04/20:50:03,3788.229120,0.820875,0.925543,0.828000,0.946640,59,52,54,35,0,0,2,0,1217,819,715,516
2026/02/04/20:50:04,3789.229476,0.820875,0.925543,0.828000,0.946640,59,52,54,35,0,0,2,0,1217,819,715,516
2026/02/04/20:50:05,3790.230003,0.821031,0.938018,0.834937,0.955837,57,52,56,35,3,1,1,0,1220,819,715,516
2026/02/04/20:50:06,3791.230523,0.821031,0.938018,0.834937,0.955837,57,52,56,35,3,1,1,0,1220,819,715,516
2026/02/04/20:50:07,3792.231084,0.821031,0.938018,0.834937,0.955837,57,52,56,35,3,1,1,0,1220,819,715,516
2026/02/04/20:50:08,3793.231799,0.821031,0.938018,0.831531,0.953537,57,52,56,35,2,1,1,0,1220,819,715,516
2026/02/04/20:50:09,3794.232341,0.824781,0.942185,0.829781,0.948258,58,52,57,35,1,0,0,0,1220,819,715,516
2026/02/04/20:50:10,3795.232908,0.824781,0.942185,0.829781,0.948258,58,52,57,35,1,0,0,0,1220,819,715,516
2026/02/04/20:50:11,3796.233485,0.824781,0.942185,0.829781,0.948258,58,52,57,35,1,0,0,0,1220,819,715,516
2026/02/04/20:50:12,3797.234016,0.824781,0.942185,0.829781,0.948258,58,52,57,35,1,0,0,0,1220,819,715,516
2026/02/04/20:50:13,3798.268884,0.824781,0.942185,0.829781,0.948258,58,52,57,35,1,0,0,0,1220,819,715,516
2026/02/04/20:50:14,3799.269685,0.819094,0.916613,0.819094,0.916613,59,52,54,35,0,0,0,0,1220,819,718,516
2026/02/04/20:50:15,3800.270243,0.820812,0.920800,0.820812,0.920800,59,52,54,36,0,0,0,0,1220,819,718,516
2026/02/04/20:50:16,3801.270993,0.830656,0.935379,0.830656,0.935379,60,55,54,36,0,0,0,0,1220,819,718,516
2026/02/04/20:50:17,3802.271513,0.830656,0.935379,0.830656,0.935379,60,55,54,36,0,0,0,0,1220,819,718,516
2026/02/04/20:50:18,3803.272093,0.830656,0.935379,0.830656,0.935379,60,55,54,36,0,0,0,0,1220,819,718,516
2026/02/04/20:50:19,3804.272740,0.830656,0.935379,0.830656,0.935379,60,55,54,36,0,0,0,0,1220,819,718,516
2026/02/04/20:50:20,3805.273105,0.817438,0.916608,0.817438,0.916608,60,55,51,36,0,0,0,0,1220,819,721,516
2026/02/04/20:50:21,3806.273666,0.817438,0.916608,0.817438,0.916608,60,55,51,36,0,0,0,0,1220,819,721,516
2026/02/04/20:50:22,3807.274405,0.817438,0.916608,0.817438,0.916608,60,55,51,36,0,0,0,0,1220,819,721,516
2026/02/04/20:50:23,3808.275136,0.817438,0.916608,0.817438,0.916608,60,55,51,36,0,0,0,0,1220,819,721,516
2026/02/04/20:50:24,3809.275893,0.817438,0.916608,0.817438,0.916608,60,55,51,36,0,0,0,0,1220,819,721,516
2026/02/04/20:50:25,3810.276561,0.817438,0.916608,0.817438,0.916608,60,55,51,36,0,0,0,0,1220,819,721,516
2026/02/04/20:50:26,3811.277105,0.817438,0.916608,0.817438,0.916608,60,55,51,36,0,0,0,0,1220,819,721,516
2026/02/04/20:50:27,3812.277721,0.817438,0.916608,0.817438,0.916608,60,55,51,36,0,0,0,0,1220,819,721,516
2026/02/04/20:50:28,3813.278281,0.817438,0.916608,0.817438,0.916608,60,55,51,36,0,0,0,0,1220,819,721,516
2026/02/04/20:50:29,3814.279008,0.817438,0.916608,0.817438,0.916608,60,55,51,36,0,0,0,0,1220,819,721,516
2026/02/04/20:50:30,3815.279605,0.817438,0.916608,0.817438,0.916608,60,55,51,36,0,0,0,0,1220,819,721,516
2026/02/04/20:50:31,3816.280204,0.817438,0.916608,0.817438,0.916608,60,55,51,36,0,0,0,0,1220,819,721,516
2026/02/04/20:50:32,3817.280704,0.817438,0.916608,0.817438,0.916608,60,55,51,36,0,0,0,0,1220,819,721,516
2026/02/04/20:50:33,3818.281469,0.817438,0.916608,0.817438,0.916608,60,55,51,36,0,0,0,0,1220,819,721,516
2026/02/04/20:50:34,3819.281977,0.859156,0.949295,0.871625,0.953831,62,62,52,36,2,0,0,0,1220,819,721,516
2026/02/04/20:50:35,3820.282415,0.859156,0.949295,0.871625,0.953831,62,62,52,36,2,0,0,0,1220,819,721,516
2026/02/04/20:50:36,3821.283959,0.859156,0.949295,0.907188,1.001211,62,62,52,36,10,0,2,0,1220,819,721,516
2026/02/04/20:50:37,3822.284487,0.859156,0.949295,0.922750,1.009553,62,62,52,36,11,0,2,0,1220,819,721,516
2026/02/04/20:50:38,3823.285819,0.850750,0.948124,0.897813,1.000481,61,62,52,36,8,0,2,0,1222,819,721,516
2026/02/04/20:50:39,3824.286354,0.856219,0.950996,0.887563,0.973724,63,59,54,36,5,0,0,0,1222,822,721,516
2026/02/04/20:50:40,3825.286878,0.856219,0.950996,0.887563,0.973724,63,59,54,36,5,0,0,0,1222,822,721,516
2026/02/04/20:50:41,3826.287421,0.856219,0.950996,0.887563,0.973724,63,59,54,36,5,0,0,0,1222,822,721,516
2026/02/04/20:50:42,3827.287884,0.856219,0.950996,0.887563,0.973724,63,59,54,36,5,0,0,0,1222,822,721,516
2026/02/04/20:50:43,3828.288319,0.857719,0.949428,0.883500,0.970358,63,59,54,36,4,0,0,0,1223,822,721,516
2026/02/04/20:50:44,3829.288886,0.857875,0.952650,0.881437,0.968771,63,59,54,36,3,0,0,0,1224,822,721,516
2026/02/04/20:50:45,3830.289452,0.855812,0.944700,0.876938,0.954840,64,57,54,36,2,0,0,0,1224,824,721,516
2026/02/04/20:50:46,3831.289546,0.855812,0.944700,0.876938,0.954840,64,57,54,36,2,0,0,0,1224,824,721,516
2026/02/04/20:50:47,3832.290232,0.854156,0.941449,0.875281,0.951588,64,57,53,36,2,0,0,0,1224,824,722,516
2026/02/04/20:50:48,3833.290666,0.854156,0.941449,0.875281,0.951588,64,57,53,36,2,0,0,0,1224,824,722,516
2026/02/04/20:50:49,3834.291226,0.854156,0.941449,0.875281,0.951588,64,57,53,36,2,0,0,0,1224,824,722,516
2026/02/04/20:50:50,3835.291796,0.854156,0.941449,0.875281,0.951588,64,57,53,36,2,0,0,0,1224,824,722,516
2026/02/04/20:50:51,3836.292787,0.855219,0.931974,0.870781,0.940315,65,57,51,36,1,0,0,0,1224,824,724,516
2026/02/04/20:50:52,3837.293288,0.855219,0.931974,0.870781,0.940315,65,57,51,36,1,0,0,0,1224,824,724,516
2026/02/04/20:50:53,3838.293832,0.855219,0.931974,0.870781,0.940315,65,57,51,36,1,0,0,0,1224,824,724,516
2026/02/04/20:50:54,3839.294617,0.855219,0.931974,0.870781,0.940315,65,57,51,36,1,0,0,0,1224,824,724,516
2026/02/04/20:50:55,3840.295288,0.855219,0.931974,0.870781,0.940315,65,57,51,36,1,0,0,0,1224,824,724,516
2026/02/04/20:50:56,3841.295836,0.855219,0.931974,0.870781,0.940315,65,57,51,36,1,0,0,0,1224,824,724,516
2026/02/04/20:50:57,3842.296501,0.855219,0.931974,0.870781,0.940315,65,57,51,36,1,0,0,0,1224,824,724,516
2026/02/04/20:50:58,3843.340266,0.855219,0.931974,0.870781,0.940315,65,57,51,36,1,0,0,0,1224,824,724,516
2026/02/04/20:50:59,3844.340769,0.855219,0.931974,0.870781,0.940315,65,57,51,36,1,0,0,0,1224,824,724,516
2026/02/04/20:51:00,3845.341380,0.870781,0.940315,0.870781,0.940315,66,57,51,36,0,0,0,0,1226,824,724,516
2026/02/04/20:51:01,3846.342076,0.870781,0.940315,0.870781,0.940315,66,57,51,36,0,0,0,0,1226,824,724,516
2026/02/04/20:51:02,3847.343194,0.870781,0.940315,0.870781,0.940315,66,57,51,36,0,0,0,0,1226,824,724,516
2026/02/04/20:51:03,3848.343911,0.870781,0.940315,0.870781,0.940315,66,57,51,36,0,0,0,0,1226,824,724,516
2026/02/04/20:51:04,3849.344516,0.870781,0.940315,0.870781,0.940315,66,57,51,36,0,0,0,0,1226,824,724,516
2026/02/04/20:51:05,3850.345098,0.870781,0.940315,0.870781,0.940315,66,57,51,36,0,0,0,0,1226,824,724,516
2026/02/04/20:51:06,3851.346932,0.870781,0.940315,0.870781,0.940315,66,57,51,36,0,0,0,0,1226,824,724,516
2026/02/04/20:51:07,3852.347554,0.854094,0.934922,0.854094,0.934922,63,57,51,36,0,0,0,0,1229,824,724,516
2026/02/04/20:51:08,3853.348248,0.854094,0.934922,0.854094,0.934922,63,57,51,36,0,0,0,0,1229,824,724,516
2026/02/04/20:51:09,3854.348828,0.864906,0.952076,0.885094,0.968204,63,60,53,36,0,3,0,0,1229,824,724,516
2026/02/04/20:51:10,3855.349498,0.864906,0.952076,0.885094,0.968204,63,60,53,36,0,3,0,0,1229,824,724,516
2026/02/04/20:51:11,3856.350076,0.864906,0.952076,0.885094,0.968204,63,60,53,36,0,3,0,0,1229,824,724,516
2026/02/04/20:51:12,3857.350804,0.861531,0.947191,0.881719,0.963318,63,58,53,36,0,3,0,0,1229,826,724,516
2026/02/04/20:51:13,3858.400802,0.859313,0.942381,0.879500,0.958508,62,58,53,36,0,3,0,0,1230,826,724,516
2026/02/04/20:51:14,3859.401427,0.859313,0.942381,0.879500,0.958508,62,58,53,36,0,3,0,0,1230,826,724,516
2026/02/04/20:51:15,3860.401727,0.859313,0.942381,0.867812,0.955595,62,58,53,36,0,2,0,0,1230,826,724,516
2026/02/04/20:51:16,3861.402364,0.859313,0.942381,0.867812,0.955595,62,58,53,36,0,2,0,0,1230,826,724,516
2026/02/04/20:51:17,3862.402940,0.859313,0.942381,0.867812,0.955595,62,58,53,36,0,2,0,0,1230,826,724,516
2026/02/04/20:51:18,3863.403430,0.868875,0.942721,0.877375,0.955935,62,61,51,36,0,2,0,0,1230,826,726,516
2026/02/04/20:51:19,3864.404023,0.868875,0.942721,0.877375,0.955935,62,61,51,36,0,2,0,0,1230,826,726,516
2026/02/04/20:51:20,3865.404498,0.868875,0.942721,0.877375,0.955935,62,61,51,36,0,2,0,0,1230,826,726,516
2026/02/04/20:51:21,3866.404942,0.868875,0.942721,0.877375,0.955935,62,61,51,36,0,2,0,0,1230,826,726,516
2026/02/04/20:51:22,3867.405494,0.853906,0.944193,0.865594,0.969708,62,60,51,36,0,4,0,0,1230,828,726,516
2026/02/04/20:51:23,3868.406055,0.859625,0.950299,0.913500,1.042611,62,60,53,37,0,7,3,2,1230,828,726,516
2026/02/04/20:51:24,3869.406647,0.859625,0.950299,0.913500,1.042611,62,60,53,37,0,7,3,2,1230,828,726,516
2026/02/04/20:51:25,3870.407273,0.859625,0.950299,0.913500,1.042611,62,60,53,37,0,7,3,2,1230,828,726,516
2026/02/04/20:51:26,3871.407519,0.857906,0.948491,0.900906,1.022989,62,60,53,36,0,7,0,2,1230,828,726,517
2026/02/04/20:51:27,3872.408210,0.857906,0.948491,0.900906,1.022989,62,60,53,36,0,7,0,2,1230,828,726,517
2026/02/04/20:51:28,3873.409026,0.857906,0.948491,0.869594,0.974006,62,60,53,36,0,4,0,0,1230,828,726,517
2026/02/04/20:51:29,3874.409690,0.857906,0.948491,0.869594,0.974006,62,60,53,36,0,4,0,0,1230,828,726,517
2026/02/04/20:51:30,3875.410273,0.857906,0.948491,0.869594,0.974006,62,60,53,36,0,4,0,0,1230,828,726,517
2026/02/04/20:51:31,3876.410828,0.857906,0.948491,0.869594,0.974006,62,60,53,36,0,4,0,0,1230,828,726,517
2026/02/04/20:51:32,3877.411492,0.857906,0.948491,0.869594,0.974006,62,60,53,36,0,4,0,0,1230,828,726,517
2026/02/04/20:51:33,3878.411988,0.857906,0.948491,0.869594,0.974006,62,60,53,36,0,4,0,0,1230,828,726,517
2026/02/04/20:51:34,3879.412556,0.857906,0.948491,0.869594,0.974006,62,60,53,36,0,4,0,0,1230,828,726,517
2026/02/04/20:51:35,3880.476263,0.857906,0.948491,0.869594,0.974006,62,60,53,36,0,4,0,0,1230,828,726,517
2026/02/04/20:51:36,3881.476819,0.857906,0.948491,0.869594,0.974006,62,60,53,36,0,4,0,0,1230,828,726,517
2026/02/04/20:51:37,3882.477230,0.857906,0.948491,0.869594,0.974006,62,60,53,36,0,4,0,0,1230,828,726,517
2026/02/04/20:51:38,3883.477678,0.857906,0.948491,0.869594,0.974006,62,60,53,36,0,4,0,0,1230,828,726,517
2026/02/04/20:51:40,3885.618206,0.849406,0.949096,0.856844,0.968004,62,58,53,36,0,3,0,0,1230,831,726,517
2026/02/04/20:51:41,3886.618602,0.849406,0.949096,0.856844,0.968004,62,58,53,36,0,3,0,0,1230,831,726,517
2026/02/04/20:51:42,3887.619236,0.841781,0.945464,0.849219,0.964372,62,56,53,36,0,3,0,0,1230,833,726,517
2026/02/04/20:51:43,3888.619900,0.841781,0.945464,0.849219,0.964372,62,56,53,36,0,3,0,0,1230,833,726,517
2026/02/04/20:51:44,3889.620661,0.841781,0.945464,0.849219,0.964372,62,56,53,36,0,3,0,0,1230,833,726,517
2026/02/04/20:51:45,3890.692065,0.841781,0.945464,0.859250,0.981298,62,56,53,36,3,3,0,0,1230,833,726,517
2026/02/04/20:51:46,3891.692665,0.843531,0.944956,0.854469,0.962847,63,55,53,36,2,1,0,0,1230,834,726,517
2026/02/04/20:51:47,3892.693316,0.818469,0.947210,0.845187,0.976052,65,57,53,33,4,1,0,1,1230,834,726,520
2026/02/04/20:51:48,3893.693914,0.859062,0.965567,0.885094,0.999925,67,60,52,38,5,1,0,1,1230,834,728,520
2026/02/04/20:51:49,3894.694389,0.865812,0.966963,0.928625,1.024245,68,59,53,38,5,2,3,1,1230,836,728,520
2026/02/04/20:51:50,3895.694931,0.855219,0.958372,0.877031,0.991719,66,59,53,36,4,2,0,0,1232,836,728,523
2026/02/04/20:51:51,3896.695638,0.855219,0.958372,0.877031,0.991719,66,59,53,36,4,2,0,0,1232,836,728,523
2026/02/04/20:51:52,3897.696333,0.855219,0.958372,0.869594,0.986644,66,59,53,36,4,1,0,0,1232,836,728,523
2026/02/04/20:51:53,3898.697051,0.853406,0.957178,0.861812,0.973652,67,57,53,36,3,0,0,0,1232,839,728,523
2026/02/04/20:51:54,3899.698186,0.853406,0.957178,0.861812,0.973652,67,57,53,36,3,0,0,0,1232,839,728,523
2026/02/04/20:51:55,3900.698894,0.843437,0.955393,0.851844,0.971867,67,57,53,35,3,0,0,0,1232,839,728,524
2026/02/04/20:51:56,3901.699418,0.822719,0.955106,0.829406,0.966390,67,57,53,33,2,0,0,0,1233,839,728,526
2026/02/04/20:51:57,3902.700033,0.822719,0.955106,0.829406,0.966390,67,57,53,33,2,0,0,0,1233,839,728,526
2026/02/04/20:51:58,3903.700656,0.817187,0.949026,0.823875,0.960310,67,54,53,33,2,0,0,0,1233,842,728,526
2026/02/04/20:51:59,3904.701248,0.817187,0.949026,0.823875,0.960310,67,54,53,33,2,0,0,0,1233,842,728,526
2026/02/04/20:52:00,3905.701948,0.817187,0.949026,0.823875,0.960310,67,54,53,33,2,0,0,0,1233,842,728,526
2026/02/04/20:52:01,3906.702534,0.817187,0.949026,0.823875,0.960310,67,54,53,33,2,0,0,0,1233,842,728,526
2026/02/04/20:52:02,3907.703016,0.797844,0.911796,0.797844,0.911796,68,54,53,30,0,0,0,0,1234,842,728,529
2026/02/04/20:52:03,3908.703632,0.792969,0.899834,0.792969,0.899834,66,54,53,30,0,0,0,0,1236,842,728,529
2026/02/04/20:52:04,3909.704161,0.812531,0.908386,0.812531,0.908386,68,54,55,30,0,0,0,0,1236,842,728,529
2026/02/04/20:52:05,3910.704785,0.833313,0.936369,0.833313,0.936369,73,56,56,30,0,0,0,0,1236,842,728,529
2026/02/04/20:52:06,3911.705261,0.833313,0.936369,0.833313,0.936369,73,56,56,30,0,0,0,0,1236,842,728,529
2026/02/04/20:52:07,3912.706032,0.822438,0.931746,0.822438,0.931746,73,56,54,30,0,0,0,0,1236,842,730,529
2026/02/04/20:52:08,3913.706795,0.820031,0.923755,0.820031,0.923755,73,56,53,30,0,0,0,0,1237,842,731,529
2026/02/04/20:52:09,3914.707391,0.820031,0.923755,0.820031,0.923755,73,56,53,30,0,0,0,0,1237,842,731,529
2026/02/04/20:52:10,3915.708047,0.820031,0.923755,0.820031,0.923755,73,56,53,30,0,0,0,0,1237,842,731,529
2026/02/04/20:52:11,3916.708767,0.816719,0.917044,0.816719,0.917044,71,56,53,30,0,0,0,0,1239,842,731,529
2026/02/04/20:52:12,3917.709342,0.816719,0.917044,0.816719,0.917044,71,56,53,30,0,0,0,0,1239,842,731,529
2026/02/04/20:52:13,3918.710011,0.816719,0.917044,0.816719,0.917044,71,56,53,30,0,0,0,0,1239,842,731,529
2026/02/04/20:52:14,3919.710484,0.822344,0.920454,0.832094,0.924679,72,57,53,30,0,1,0,0,1239,842,731,529
2026/02/04/20:52:15,3920.711104,0.824594,0.928979,0.836594,0.941728,73,57,53,30,1,1,0,0,1239,842,731,529
2026/02/04/20:52:16,3921.711885,0.852344,0.948421,0.864344,0.961170,77,59,56,30,1,1,0,0,1239,842,731,529
2026/02/04/20:52:17,3922.712446,0.853938,0.951014,0.865938,0.963763,76,60,56,30,1,1,0,0,1240,842,731,529
2026/02/04/20:52:18,3923.712998,0.848094,0.945865,0.860094,0.958614,75,59,56,30,1,1,0,0,1241,843,731,529
2026/02/04/20:52:19,3924.713688,0.844313,0.941468,0.856313,0.954217,75,58,56,30,1,1,0,0,1241,844,731,529
2026/02/04/20:52:20,3925.714181,0.838562,0.936548,0.850562,0.949297,75,58,54,30,1,1,0,0,1241,844,733,529
2026/02/04/20:52:21,3926.714697,0.838562,0.936548,0.840812,0.945073,75,58,54,30,1,0,0,0,1241,844,733,529
2026/02/04/20:52:22,3927.715278,0.838562,0.936548,0.840812,0.945073,75,58,54,30,1,0,0,0,1241,844,733,529
2026/02/04/20:52:23,3928.715869,0.829812,0.933031,0.832063,0.941555,75,56,54,30,1,0,0,0,1241,846,733,529
2026/02/04/20:52:24,3929.716657,0.827562,0.924507,0.827562,0.924507,74,56,54,30,0,0,0,0,1242,846,733,529
2026/02/04/20:52:25,3930.717320,0.827562,0.924507,0.827562,0.924507,74,56,54,30,0,0,0,0,1242,846,733,529
2026/02/04/20:52:26,3931.718093,0.827562,0.924507,0.827562,0.924507,74,56,54,30,0,0,0,0,1242,846,733,529
2026/02/04/20:52:27,3932.718780,0.827562,0.924507,0.827562,0.924507,74,56,54,30,0,0,0,0,1242,846,733,529
2026/02/04/20:52:28,3933.719472,0.825438,0.922526,0.825438,0.922526,73,56,54,30,0,0,0,0,1243,846,733,529
2026/02/04/20:52:29,3934.720134,0.816250,0.917425,0.816250,0.917425,70,56,54,30,0,0,0,0,1246,846,733,529
2026/02/04/20:52:30,3935.720900,0.816250,0.917425,0.816250,0.917425,70,56,54,30,0,0,0,0,1246,846,733,529
2026/02/04/20:52:31,3936.721532,0.816250,0.917425,0.816250,0.917425,70,56,54,30,0,0,0,0,1246,846,733,529
2026/02/04/20:52:32,3937.722423,0.816250,0.917425,0.816250,0.917425,70,56,54,30,0,0,0,0,1246,846,733,529
2026/02/04/20:52:33,3938.723083,0.816250,0.917425,0.816250,0.917425,70,56,54,30,0,0,0,0,1246,846,733,529
2026/02/04/20:52:34,3939.723832,0.816250,0.917425,0.816250,0.917425,70,56,54,30,0,0,0,0,1246,846,733,529
2026/02/04/20:52:35,3940.724466,0.816250,0.917425,0.816250,0.917425,70,56,54,30,0,0,0,0,1246,846,733,529
2026/02/04/20:52:36,3941.725071,0.816250,0.917425,0.816250,0.917425,70,56,54,30,0,0,0,0,1246,846,733,529
2026/02/04/20:52:37,3942.725555,0.814688,0.915677,0.814688,0.915677,70,55,54,30,0,0,0,0,1246,847,733,529
2026/02/04/20:52:38,3943.726175,0.836750,0.934302,0.836750,0.934302,74,55,54,31,0,0,0,0,1246,847,733,529
2026/02/04/20:52:39,3944.726802,0.836750,0.934302,0.836750,0.934302,74,55,54,31,0,0,0,0,1246,847,733,529
2026/02/04/20:52:40,3945.727521,0.851187,0.951452,0.851187,0.951452,78,57,54,32,0,0,0,0,1246,847,733,529
2026/02/04/20:52:41,3946.728132,0.851187,0.951452,0.851187,0.951452,78,57,54,32,0,0,0,0,1246,847,733,529
2026/02/04/20:52:42,3947.728800,0.851187,0.951452,0.851187,0.951452,78,57,54,32,0,0,0,0,1246,847,733,529
2026/02/04/20:52:43,3948.729270,0.856563,0.953380,0.868281,0.963668,78,57,54,33,0,0,3,0,1246,847,733,529
2026/02/04/20:52:44,3949.729850,0.860062,0.957427,0.915031,0.991737,80,57,54,33,5,2,3,0,1246,847,733,529
2026/02/04/20:52:45,3950.730461,0.860437,0.959071,0.911031,0.987961,82,55,54,33,3,2,3,0,1246,849,733,529
2026/02/04/20:52:46,3951.730988,0.847562,0.953743,0.859219,0.964871,77,55,56,33,0,2,1,0,1251,849,733,529
2026/02/04/20:52:47,3952.731569,0.843344,0.949721,0.851094,0.957419,75,53,57,33,0,2,0,0,1253,851,733,529
2026/02/04/20:52:48,3953.731935,0.841656,0.946234,0.841656,0.946234,75,53,57,32,0,0,0,0,1253,851,733,530
2026/02/04/20:52:49,3954.732735,0.841656,0.946234,0.841656,0.946234,75,53,57,32,0,0,0,0,1253,851,733,530
2026/02/04/20:52:50,3955.733573,0.836281,0.944307,0.836281,0.944307,75,53,57,31,0,0,0,0,1253,851,733,531
2026/02/04/20:52:51,3956.734256,0.831906,0.938888,0.831906,0.938888,73,53,57,31,0,0,0,0,1255,851,733,531
2026/02/04/20:52:52,3957.734889,0.831906,0.938888,0.831906,0.938888,73,53,57,31,0,0,0,0,1255,851,733,531
2026/02/04/20:52:53,3958.735425,0.831906,0.938888,0.831906,0.938888,73,53,57,31,0,0,0,0,1255,851,733,531
2026/02/04/20:52:54,3959.736165,0.831906,0.938888,0.831906,0.938888,73,53,57,31,0,0,0,0,1255,851,733,531
2026/02/04/20:52:55,3960.736840,0.838656,0.945999,0.838656,0.945999,74,54,57,31,0,0,0,0,1255,851,733,531
2026/02/04/20:52:56,3961.737438,0.838656,0.945999,0.838656,0.945999,74,54,57,31,0,0,0,0,1255,851,733,531
2026/02/04/20:52:57,3962.738322,0.838656,0.945999,0.838656,0.945999,74,54,57,31,0,0,0,0,1255,851,733,531
2026/02/04/20:52:58,3963.739109,0.838656,0.945999,0.838656,0.945999,74,54,57,31,0,0,0,0,1255,851,733,531
2026/02/04/20:52:59,3964.739929,0.833937,0.943148,0.833937,0.943148,74,53,57,31,0,0,0,0,1255,852,733,531
2026/02/04/20:53:00,3965.740525,0.833937,0.943148,0.833937,0.943148,74,53,57,31,0,0,0,0,1255,852,733,531
2026/02/04/20:53:01,3966.741119,0.833937,0.943148,0.833937,0.943148,74,53,57,31,0,0,0,0,1255,852,733,531
2026/02/04/20:53:02,3967.741728,0.832156,0.939914,0.832156,0.939914,73,53,57,31,0,0,0,0,1256,852,733,531
2026/02/04/20:53:03,3968.742448,0.832156,0.939914,0.832156,0.939914,73,53,57,31,0,0,0,0,1256,852,733,531
2026/02/04/20:53:04,3969.743105,0.823469,0.935985,0.823469,0.935985,71,53,57,31,0,0,0,0,1258,852,733,531
2026/02/04/20:53:05,3970.743688,0.823469,0.935985,0.823469,0.935985,71,53,57,31,0,0,0,0,1258,852,733,531
2026/02/04/20:53:06,3971.744447,0.809719,0.921437,0.809719,0.921437,70,53,54,31,0,0,0,0,1259,852,736,531
2026/02/04/20:53:07,3972.745167,0.830656,0.935687,0.830656,0.935687,73,53,56,33,0,0,0,0,1259,852,736,531
2026/02/04/20:53:08,3973.745884,0.830656,0.935687,0.830656,0.935687,73,53,56,33,0,0,0,0,1259,852,736,531
2026/02/04/20:53:09,3974.746473,0.830656,0.935687,0.830656,0.935687,73,53,56,33,0,0,0,0,1259,852,736,531
2026/02/04/20:53:10,3975.747045,0.830656,0.935687,0.830656,0.935687,73,53,56,33,0,0,0,0,1259,852,736,531
2026/02/04/20:53:11,3976.747804,0.821375,0.895061,0.821375,0.895061,70,53,54,33,0,0,0,0,1262,852,738,531
2026/02/04/20:53:12,3977.748543,0.821375,0.895061,0.821375,0.895061,70,53,54,33,0,0,0,0,1262,852,738,531
2026/02/04/20:53:13,3978.749290,0.821375,0.895061,0.821375,0.895061,70,53,54,33,0,0,0,0,1262,852,738,531
2026/02/04/20:53:14,3979.750045,0.821375,0.895061,0.821375,0.895061,70,53,54,33,0,0,0,0,1262,852,738,531
2026/02/04/20:53:15,3980.750746,0.821375,0.895061,0.821375,0.895061,70,53,54,33,0,0,0,0,1262,852,738,531
2026/02/04/20:53:16,3981.751337,0.821375,0.895061,0.821375,0.895061,70,53,54,33,0,0,0,0,1262,852,738,531
2026/02/04/20:53:17,3982.751915,0.818781,0.894754,0.818781,0.894754,68,53,54,36,0,0,0,0,1264,852,738,531
2026/02/04/20:53:18,3983.752473,0.828344,0.921434,0.828344,0.921434,70,53,54,37,0,0,0,0,1264,852,738,531
2026/02/04/20:53:19,3984.753195,0.828344,0.921434,0.828344,0.921434,70,53,54,37,0,0,0,0,1264,852,738,531
2026/02/04/20:53:20,3985.753987,0.836031,0.937607,0.836031,0.937607,70,53,57,37,0,0,0,0,1264,852,738,531
2026/02/04/20:53:21,3986.754591,0.827656,0.933096,0.827656,0.933096,70,53,57,35,0,0,0,0,1264,852,738,533
2026/02/04/20:53:22,3987.755307,0.827656,0.933096,0.827656,0.933096,70,53,57,35,0,0,0,0,1264,852,738,533
2026/02/04/20:53:23,3988.756061,0.819969,0.916923,0.819969,0.916923,70,53,54,35,0,0,0,0,1264,852,741,533
2026/02/04/20:53:24,3989.756657,0.819969,0.916923,0.819969,0.916923,70,53,54,35,0,0,0,0,1264,852,741,533
2026/02/04/20:53:25,3990.757361,0.819969,0.916923,0.819969,0.916923,70,53,54,35,0,0,0,0,1264,852,741,533
2026/02/04/20:53:26,3991.758024,0.819969,0.916923,0.819969,0.916923,70,53,54,35,0,0,0,0,1264,852,741,533
2026/02/04/20:53:27,3992.758440,0.828625,0.917858,0.828625,0.917858,70,53,56,36,0,0,0,0,1266,852,741,533
2026/02/04/20:53:28,3993.758936,0.859187,0.937551,0.859187,0.937551,70,53,62,39,0,0,0,0,1266,852,741,533
2026/02/04/20:53:29,3994.759383,0.860812,0.940895,0.862437,0.944240,70,53,63,39,0,0,1,0,1266,852,741,533
2026/02/04/20:53:30,3995.759840,0.859594,0.940222,0.859594,0.940222,70,55,62,39,0,0,0,0,1266,852,743,533
2026/02/04/20:53:31,3996.760489,0.857625,0.937249,0.857625,0.937249,69,55,62,39,0,0,0,0,1267,852,743,533
2026/02/04/20:53:32,3997.761120,0.855688,0.928581,0.855688,0.928581,69,55,62,38,0,0,0,0,1267,852,743,534
2026/02/04/20:53:33,3998.761714,0.855688,0.928581,0.855688,0.928581,69,55,62,38,0,0,0,0,1267,852,743,534
2026/02/04/20:53:34,3999.762259,0.848812,0.918471,0.848812,0.918471,69,55,60,37,0,0,0,0,1267,852,745,535
2026/02/04/20:53:35,4000.762907,0.841812,0.902918,0.841812,0.902918,67,53,60,37,0,0,0,0,1269,854,745,535
2026/02/04/20:53:36,4001.763532,0.841812,0.902918,0.841812,0.902918,67,53,60,37,0,0,0,0,1269,854,745,535
2026/02/04/20:53:37,4002.764100,0.834969,0.894696,0.834969,0.894696,67,53,57,37,0,0,0,0,1269,854,748,535
2026/02/04/20:53:38,4003.764777,0.834969,0.894696,0.834969,0.894696,67,53,57,37,0,0,0,0,1269,854,748,535
2026/02/04/20:53:39,4004.765266,0.830688,0.891332,0.830688,0.891332,66,53,57,37,0,0,0,0,1270,854,748,535
2026/02/04/20:53:40,4005.765838,0.815063,0.872559,0.815063,0.872559,64,50,57,37,0,0,0,0,1272,857,748,535
2026/02/04/20:53:41,4006.766377,0.815063,0.872559,0.815063,0.872559,64,50,57,37,0,0,0,0,1272,857,748,535
2026/02/04/20:53:42,4007.766911,0.815063,0.872559,0.815063,0.872559,64,50,57,37,0,0,0,0,1272,857,748,535
2026/02/04/20:53:43,4008.767632,0.815063,0.872559,0.815063,0.872559,64,50,57,37,0,0,0,0,1272,857,748,535
2026/02/04/20:53:44,4009.768335,0.812219,0.869855,0.812219,0.869855,64,50,56,37,0,0,0,0,1272,857,749,535
2026/02/04/20:53:45,4010.768918,0.833031,0.907729,0.833031,0.907729,64,50,56,45,0,0,0,0,1272,857,749,535
2026/02/04/20:53:46,4011.769611,0.833031,0.907729,0.833031,0.907729,64,50,56,45,0,0,0,0,1272,857,749,535
2026/02/04/20:53:47,4012.770282,0.833031,0.907729,0.833031,0.907729,64,50,56,45,0,0,0,0,1272,857,749,535
2026/02/04/20:53:48,4013.770752,0.833031,0.907729,0.833031,0.907729,64,50,56,45,0,0,0,0,1272,857,749,535
2026/02/04/20:53:49,4014.771298,0.833031,0.907729,0.833031,0.907729,64,50,56,45,0,0,0,0,1272,857,749,535
2026/02/04/20:53:50,4015.771919,0.826844,0.899510,0.826844,0.899510,64,50,56,43,0,0,0,0,1272,857,749,537
2026/02/04/20:53:51,4016.772516,0.819250,0.874594,0.819250,0.874594,64,50,56,40,0,0,0,0,1272,857,749,540
2026/02/04/20:53:52,4017.773195,0.819250,0.874594,0.819250,0.874594,64,50,56,40,0,0,0,0,1272,857,749,540
2026/02/04/20:53:53,4018.775166,0.819250,0.874594,0.819250,0.874594,64,50,56,40,0,0,0,0,1272,857,749,540
2026/02/04/20:53:54,4019.775823,0.819250,0.874594,0.819250,0.874594,64,50,56,40,0,0,0,0,1272,857,749,540
2026/02/04/20:53:55,4020.776348,0.819250,0.874594,0.819250,0.874594,64,50,56,40,0,0,0,0,1272,857,749,540
2026/02/04/20:53:56,4021.776982,0.819250,0.874594,0.819250,0.874594,64,50,56,40,0,0,0,0,1272,857,749,540
2026/02/04/20:53:57,4022.777624,0.819250,0.874594,0.819250,0.874594,64,50,56,40,0,0,0,0,1272,857,749,540
2026/02/04/20:53:58,4023.778183,0.805094,0.867845,0.805094,0.867845,64,50,53,40,0,0,0,0,1272,857,752,540
2026/02/04/20:53:59,4024.779700,0.805094,0.867845,0.805094,0.867845,64,50,53,40,0,0,0,0,1272,857,752,540
2026/02/04/20:54:00,4025.780720,0.805094,0.867845,0.805094,0.867845,64,50,53,40,0,0,0,0,1272,857,752,540
2026/02/04/20:54:01,4026.785974,0.842938,0.905334,0.854219,0.919431,68,53,55,41,0,0,2,0,1272,857,752,540
2026/02/04/20:54:02,4027.786505,0.855156,0.910706,0.887687,0.931781,68,54,55,42,0,0,2,2,1272,857,752,540
2026/02/04/20:54:03,4028.787093,0.855156,0.910706,0.879531,0.926834,68,54,55,42,0,0,1,2,1272,857,752,540
2026/02/04/20:54:04,4029.787730,0.855156,0.910706,0.879531,0.926834,68,54,55,42,0,0,1,2,1272,857,752,540
2026/02/04/20:54:05,4030.788493,0.852969,0.908771,0.877344,0.924899,67,54,55,42,0,0,1,2,1273,857,752,540
2026/02/04/20:54:06,4031.789683,0.852969,0.908771,0.877344,0.924899,67,54,55,42,0,0,1,2,1273,857,752,540
2026/02/04/20:54:07,4032.790287,0.842344,0.905282,0.845469,0.914432,67,54,55,41,0,0,1,0,1273,857,752,541
2026/02/04/20:54:08,4033.790912,0.834187,0.899783,0.837313,0.908933,64,54,55,41,0,0,1,0,1276,857,752,541
2026/02/04/20:54:09,4034.791369,0.834187,0.899783,0.837313,0.908933,64,54,55,41,0,0,1,0,1276,857,752,541
2026/02/04/20:54:10,4035.792073,0.850000,0.909798,0.853125,0.918948,65,54,56,44,0,0,1,0,1276,857,752,541
2026/02/04/20:54:11,4036.792957,0.850000,0.909798,0.853125,0.918948,65,54,56,44,0,0,1,0,1276,857,752,541
2026/02/04/20:54:12,4037.793529,0.850000,0.909798,0.853125,0.918948,65,54,56,44,0,0,1,0,1276,857,752,541
2026/02/04/20:54:13,4038.794067,0.850000,0.909798,0.853125,0.918948,65,54,56,44,0,0,1,0,1276,857,752,541
2026/02/04/20:54:14,4039.794410,0.847625,0.907485,0.850750,0.916635,64,54,56,44,0,0,1,0,1277,857,752,541
2026/02/04/20:54:15,4040.795105,0.847625,0.907485,0.850750,0.916635,64,54,56,44,0,0,1,0,1277,857,752,541
2026/02/04/20:54:16,4041.795618,0.841375,0.889185,0.841375,0.889185,64,54,54,44,0,0,0,0,1277,857,754,541
2026/02/04/20:54:17,4042.796178,0.835938,0.883695,0.835938,0.883695,64,54,54,41,0,0,0,0,1277,857,754,544
2026/02/04/20:54:18,4043.796852,0.835938,0.883695,0.835938,0.883695,64,54,54,41,0,0,0,0,1277,857,754,544
2026/02/04/20:54:19,4044.803006,0.835938,0.883695,0.835938,0.883695,64,54,54,41,0,0,0,0,1277,857,754,544
2026/02/04/20:54:20,4045.803625,0.835938,0.883695,0.835938,0.883695,64,54,54,41,0,0,0,0,1277,857,754,544
2026/02/04/20:54:21,4046.804353,0.828906,0.878956,0.828906,0.878956,64,54,54,38,0,0,0,0,1277,857,754,547
2026/02/04/20:54:22,4047.804978,0.828906,0.878956,0.828906,0.878956,64,54,54,38,0,0,0,0,1277,857,754,547
2026/02/04/20:54:23,4048.805578,0.828906,0.878956,0.828906,0.878956,64,54,54,38,0,0,0,0,1277,857,754,547
2026/02/04/20:54:24,4049.806318,0.860437,0.915116,0.863969,0.920781,64,59,57,38,0,0,1,0,1277,857,754,547
2026/02/04/20:54:25,4050.806834,0.860437,0.915116,0.863969,0.920781,64,59,57,38,0,0,1,0,1277,857,754,547
2026/02/04/20:54:26,4051.807440,0.859094,0.906573,0.859094,0.906573,64,57,58,38,0,0,0,0,1277,859,754,547
2026/02/04/20:54:27,4052.808119,0.859094,0.906573,0.859094,0.906573,64,57,58,38,0,0,0,0,1277,859,754,547
2026/02/04/20:54:28,4053.808903,0.859094,0.906573,0.859094,0.906573,64,57,58,38,0,0,0,0,1277,859,754,547
2026/02/04/20:54:29,4054.809503,0.859094,0.906573,0.859094,0.906573,64,57,58,38,0,0,0,0,1277,859,754,547
2026/02/04/20:54:30,4055.810095,0.859094,0.906573,0.859094,0.906573,64,57,58,38,0,0,0,0,1277,859,754,547
2026/02/04/20:54:31,4056.810673,0.854688,0.901697,0.854688,0.901697,64,57,57,38,0,0,0,0,1277,859,755,547
2026/02/04/20:54:32,4057.811299,0.854688,0.901697,0.854688,0.901697,64,57,57,38,0,0,0,0,1277,859,755,547
2026/02/04/20:54:33,4058.811906,0.854688,0.901697,0.854688,0.901697,64,57,57,38,0,0,0,0,1277,859,755,547
2026/02/04/20:54:34,4059.812459,0.854688,0.901697,0.854688,0.901697,64,57,57,38,0,0,0,0,1277,859,755,547
2026/02/04/20:54:35,4060.813056,0.851250,0.897221,0.851250,0.897221,64,56,57,38,0,0,0,0,1277,860,755,547
2026/02/04/20:54:36,4061.813573,0.840000,0.889421,0.840000,0.889421,64,52,57,38,0,0,0,0,1277,864,755,547
2026/02/04/20:54:37,4062.814232,0.840000,0.889421,0.840000,0.889421,64,52,57,38,0,0,0,0,1277,864,755,547
2026/02/04/20:54:38,4063.814750,0.838219,0.887803,0.838219,0.887803,64,52,56,38,0,0,0,0,1277,864,756,547
2026/02/04/20:54:39,4064.815432,0.838219,0.887803,0.838219,0.887803,64,52,56,38,0,0,0,0,1277,864,756,547
2026/02/04/20:54:40,4065.817451,0.838219,0.887803,0.838219,0.887803,64,52,56,38,0,0,0,0,1277,864,756,547
2026/02/04/20:54:41,4066.818123,0.827625,0.870810,0.827625,0.870810,64,52,53,38,0,0,0,0,1277,864,759,547
2026/02/04/20:54:42,4067.818696,0.827625,0.870810,0.827625,0.870810,64,52,53,38,0,0,0,0,1277,864,759,547
2026/02/04/20:54:43,4068.819257,0.827625,0.870810,0.827625,0.870810,64,52,53,38,0,0,0,0,1277,864,759,547
2026/02/04/20:54:44,4069.819996,0.827625,0.870810,0.827625,0.870810,64,52,53,38,0,0,0,0,1277,864,759,547
2026/02/04/20:54:45,4070.820544,0.827625,0.870810,0.827625,0.870810,64,52,53,38,0,0,0,0,1277,864,759,547
2026/02/04/20:54:46,4071.821364,0.827625,0.870810,0.827625,0.870810,64,52,53,38,0,0,0,0,1277,864,759,547
2026/02/04/20:54:47,4072.821941,0.827625,0.870810,0.827625,0.870810,64,52,53,38,0,0,0,0,1277,864,759,547
2026/02/04/20:54:48,4073.822595,0.827625,0.870810,0.827625,0.870810,64,52,53,38,0,0,0,0,1277,864,759,547
2026/02/04/20:54:49,4074.823371,0.827625,0.870810,0.827625,0.870810,64,52,53,38,0,0,0,0,1277,864,759,547
2026/02/04/20:54:50,4075.824120,0.816156,0.867941,0.816156,0.867941,64,52,53,37,0,0,0,0,1277,864,759,548
2026/02/04/20:54:51,4076.824679,0.816156,0.867941,0.816156,0.867941,64,52,53,37,0,0,0,0,1277,864,759,548
2026/02/04/20:54:52,4077.825274,0.816156,0.867941,0.816156,0.867941,64,52,53,37,0,0,0,0,1277,864,759,548
2026/02/04/20:54:53,4078.825935,0.819750,0.878212,0.851094,0.912656,64,54,53,37,1,3,2,0,1277,864,759,548
2026/02/04/20:54:54,4079.826454,0.855125,0.917335,0.901687,0.942070,68,59,55,36,0,0,4,0,1277,864,759,549
2026/02/04/20:54:55,4080.827125,0.855125,0.917335,0.901687,0.942070,68,59,55,36,0,0,4,0,1277,864,759,549
2026/02/04/20:54:56,4081.827660,0.852156,0.913166,0.898719,0.937900,68,58,55,36,0,0,4,0,1277,865,759,549
2026/02/04/20:54:57,4082.828279,0.882375,0.923452,0.928937,0.948187,70,60,60,36,0,0,4,0,1277,866,759,549
2026/02/04/20:54:58,4083.855330,0.878750,0.918337,0.925312,0.943072,70,60,59,36,0,0,4,0,1277,866,760,549
2026/02/04/20:54:59,4084.855901,0.875344,0.908506,0.921906,0.933240,70,58,59,36,0,0,4,0,1277,868,760,549
2026/02/04/20:55:00,4085.856158,0.870281,0.895206,0.916844,0.919940,70,55,59,36,0,0,4,0,1277,871,760,549
2026/02/04/20:55:01,4086.938029,0.870281,0.895206,0.916844,0.919940,70,55,59,36,0,0,4,0,1277,871,760,549
2026/02/04/20:55:04,4089.801689,0.848187,0.875584,0.871188,0.880345,67,54,57,36,0,0,2,0,1280,872,762,549
2026/02/04/20:55:05,4090.802348,0.848187,0.875584,0.871188,0.880345,67,54,57,36,0,0,2,0,1280,872,762,549
2026/02/04/20:55:06,4091.802937,0.848187,0.875584,0.871188,0.880345,67,54,57,36,0,0,2,0,1280,872,762,549
2026/02/04/20:55:07,4092.803698,0.845281,0.873975,0.868281,0.878735,66,54,57,36,0,0,2,0,1281,872,762,549
2026/02/04/20:55:08,4093.804323,0.845281,0.873975,0.868281,0.878735,66,54,57,36,0,0,2,0,1281,872,762,549
2026/02/04/20:55:09,4094.804821,0.833781,0.871594,0.833781,0.871594,66,54,56,36,0,0,0,0,1281,872,763,549
2026/02/04/20:55:10,4095.805393,0.828063,0.864005,0.828063,0.864005,66,54,56,33,0,0,0,0,1281,872,763,552
2026/02/04/20:55:11,4096.805962,0.822812,0.859179,0.822812,0.859179,66,54,53,33,0,0,0,0,1281,872,766,552
2026/02/04/20:55:12,4097.806580,0.822812,0.859179,0.822812,0.859179,66,54,53,33,0,0,0,0,1281,872,766,552
2026/02/04/20:55:13,4098.807228,0.822812,0.859179,0.822812,0.859179,66,54,53,33,0,0,0,0,1281,872,766,552
2026/02/04/20:55:14,4099.807924,0.822812,0.859179,0.822812,0.859179,66,54,53,33,0,0,0,0,1281,872,766,552
2026/02/04/20:55:15,4100.808534,0.822812,0.859179,0.822812,0.859179,66,54,53,33,0,0,0,0,1281,872,766,552
2026/02/04/20:55:16,4101.809130,0.822812,0.859179,0.822812,0.859179,66,54,53,33,0,0,0,0,1281,872,766,552
2026/02/04/20:55:17,4102.809740,0.822812,0.859179,0.822812,0.859179,66,54,53,33,0,0,0,0,1281,872,766,552
2026/02/04/20:55:18,4103.810320,0.822812,0.859179,0.822812,0.859179,66,54,53,33,0,0,0,0,1281,872,766,552
2026/02/04/20:55:19,4104.810969,0.822812,0.859179,0.822812,0.859179,66,54,53,33,0,0,0,0,1281,872,766,552
2026/02/04/20:55:20,4105.811597,0.848531,0.898866,0.862844,0.905971,70,55,53,34,2,0,0,0,1281,872,766,552
2026/02/04/20:55:21,4106.812329,0.857625,0.903382,0.871938,0.910487,71,55,53,35,2,0,0,0,1281,872,766,552
2026/02/04/20:55:22,4107.812746,0.849437,0.883792,0.863750,0.890897,69,55,53,35,2,0,0,0,1283,872,766,552
2026/02/04/20:55:23,4108.813394,0.856594,0.887344,0.879750,0.913766,70,55,53,35,1,2,0,0,1283,872,766,552
2026/02/04/20:55:24,4109.814024,0.877031,0.923744,0.902750,0.958068,74,56,53,37,2,2,0,0,1283,872,766,552
2026/02/04/20:55:25,4110.814713,0.872156,0.921043,0.897875,0.955367,73,56,53,37,2,2,0,0,1284,872,766,552
2026/02/04/20:55:26,4111.815286,0.862062,0.910839,0.885219,0.937260,71,56,53,37,1,2,0,0,1287,872,766,552
2026/02/04/20:55:27,4112.815914,0.865031,0.912529,0.881031,0.935398,72,56,53,36,0,2,0,0,1287,872,766,553
2026/02/04/20:55:28,4113.816613,0.859906,0.896724,0.875906,0.919594,70,56,53,36,0,2,0,0,1289,872,766,553
2026/02/04/20:55:29,4114.817243,0.859906,0.896724,0.875906,0.919594,70,56,53,36,0,2,0,0,1289,872,766,553
2026/02/04/20:55:30,4115.817987,0.859906,0.896724,0.875906,0.919594,70,56,53,36,0,2,0,0,1289,872,766,553
2026/02/04/20:55:31,4116.818764,0.859906,0.896724,0.875906,0.919594,70,56,53,36,0,2,0,0,1289,872,766,553
2026/02/04/20:55:32,4117.819483,0.859906,0.896724,0.859906,0.896724,70,56,53,36,0,0,0,0,1289,872,766,553
2026/02/04/20:55:33,4118.820115,0.859906,0.896724,0.859906,0.896724,70,56,53,36,0,0,0,0,1289,872,766,553
2026/02/04/20:55:34,4119.820706,0.859906,0.896724,0.859906,0.896724,70,56,53,36,0,0,0,0,1289,872,766,553
2026/02/04/20:55:35,4120.821350,0.849781,0.893355,0.849781,0.893355,70,54,53,36,0,0,0,0,1289,874,766,553
2026/02/04/20:55:36,4121.822015,0.849781,0.893355,0.849781,0.893355,70,54,53,36,0,0,0,0,1289,874,766,553
2026/02/04/20:55:37,4122.822657,0.849781,0.893355,0.849781,0.893355,70,54,53,36,0,0,0,0,1289,874,766,553
2026/02/04/20:55:38,4123.823312,0.852313,0.897257,0.852313,0.897257,70,55,53,36,0,0,0,0,1289,874,766,553
2026/02/04/20:55:39,4124.823887,0.852313,0.897257,0.852313,0.897257,70,55,53,36,0,0,0,0,1289,874,766,553
2026/02/04/20:55:40,4125.824557,0.852313,0.897257,0.852313,0.897257,70,55,53,36,0,0,0,0,1289,874,766,553
2026/02/04/20:55:41,4126.825169,0.872031,0.923012,0.872031,0.923012,70,56,53,40,0,0,0,0,1289,874,766,553
2026/02/04/20:55:42,4127.825832,0.872031,0.923012,0.872031,0.923012,70,56,53,40,0,0,0,0,1289,874,766,553
2026/02/04/20:55:43,4128.826397,0.885844,0.918701,0.890781,0.924357,70,59,54,38,0,0,1,0,1289,874,766,556
2026/02/04/20:55:44,4129.826921,0.885844,0.918701,0.890781,0.924357,70,59,54,38,0,0,1,0,1289,874,766,556
2026/02/04/20:55:45,4130.827586,0.885844,0.918701,0.890781,0.924357,70,59,54,38,0,0,1,0,1289,874,766,556
2026/02/04/20:55:46,4131.828438,0.871406,0.913643,0.876344,0.919299,70,56,54,38,0,0,1,0,1289,877,766,556
2026/02/04/20:55:47,4132.828951,0.873812,0.915397,0.873812,0.915397,70,55,55,38,0,0,0,0,1289,878,766,556
2026/02/04/20:55:48,4133.829669,0.873812,0.915397,0.873812,0.915397,70,55,55,38,0,0,0,0,1289,878,766,556
2026/02/04/20:55:49,4134.830233,0.873812,0.915397,0.873812,0.915397,70,55,55,38,0,0,0,0,1289,878,766,556
2026/02/04/20:55:50,4135.830991,0.873812,0.915397,0.873812,0.915397,70,55,55,38,0,0,0,0,1289,878,766,556
2026/02/04/20:55:51,4136.831614,0.873812,0.915397,0.873812,0.915397,70,55,55,38,0,0,0,0,1289,878,766,556
2026/02/04/20:55:52,4137.832283,0.879625,0.921225,0.891375,0.931447,70,56,55,39,1,0,0,2,1289,878,766,556
2026/02/04/20:55:53,4138.833115,0.886281,0.929208,0.901906,0.951446,72,57,55,39,2,0,2,1,1289,878,766,557
2026/02/04/20:55:54,4139.833840,0.886281,0.929208,0.898344,0.947304,72,57,55,39,1,0,2,1,1289,878,766,557
2026/02/04/20:55:55,4140.834463,0.891094,0.933488,0.899469,0.948308,72,57,56,40,1,0,1,1,1289,878,766,557
2026/02/04/20:55:56,4141.835081,0.893469,0.933739,0.897750,0.945519,72,56,56,41,1,0,1,0,1289,879,766,557
2026/02/04/20:55:57,4142.835644,0.892281,0.931754,0.893906,0.940476,73,56,55,40,0,0,1,0,1289,879,767,558
2026/02/04/20:55:58,4143.836279,0.888563,0.930163,0.888563,0.930163,73,55,55,40,0,0,0,0,1289,880,767,558
2026/02/04/20:55:59,4144.837063,0.885906,0.927106,0.885906,0.927106,72,55,55,40,0,0,0,0,1290,880,767,558
2026/02/04/20:56:00,4145.837689,0.872219,0.918695,0.872219,0.918695,72,54,55,38,0,0,0,0,1290,881,767,560
2026/02/04/20:56:01,4146.838288,0.872219,0.918695,0.872219,0.918695,72,54,55,38,0,0,0,0,1290,881,767,560
2026/02/04/20:56:02,4147.838944,0.872219,0.918695,0.872219,0.918695,72,54,55,38,0,0,0,0,1290,881,767,560
2026/02/04/20:56:03,4148.839609,0.892250,0.929214,0.913500,0.970116,72,57,54,41,0,0,3,3,1290,881,768,560
2026/02/04/20:56:04,4149.840088,0.895563,0.930968,0.920063,0.972529,72,57,54,42,0,1,3,2,1290,881,768,560
2026/02/04/20:56:05,4150.840725,0.895563,0.930968,0.920063,0.972529,72,57,54,42,0,1,3,2,1290,881,768,560
2026/02/04/20:56:06,4151.841493,0.889531,0.922921,0.905594,0.945601,70,57,55,41,0,1,2,0,1292,881,768,561
2026/02/04/20:56:07,4152.842067,0.886094,0.919337,0.902156,0.942017,70,57,55,39,0,1,2,0,1292,881,768,563
2026/02/04/20:56:08,4153.842593,0.881906,0.917791,0.891406,0.938058,70,56,55,39,0,0,2,0,1292,883,768,563
2026/02/04/20:56:09,4154.843244,0.876469,0.911438,0.885969,0.931705,70,56,55,36,0,0,2,0,1292,883,768,566
2026/02/04/20:56:10,4155.843894,0.876469,0.911438,0.885969,0.931705,70,56,55,36,0,0,2,0,1292,883,768,566
2026/02/04/20:56:11,4156.844479,0.869906,0.909025,0.879406,0.929292,70,55,55,36,0,0,2,0,1292,884,768,566
2026/02/04/20:56:12,4157.844933,0.863344,0.906612,0.872844,0.926880,70,54,55,36,0,0,2,0,1292,885,768,566
2026/02/04/20:56:13,4158.845384,0.864219,0.908335,0.868969,0.918468,70,53,56,36,0,0,1,0,1292,886,768,566
2026/02/04/20:56:14,4159.846026,0.857469,0.901471,0.862219,0.911604,68,53,56,35,0,0,1,0,1294,886,768,567
2026/02/04/20:56:15,4160.846725,0.857469,0.901471,0.862219,0.911604,68,53,56,35,0,0,1,0,1294,886,768,567
2026/02/04/20:56:16,4161.847475,0.857469,0.901471,0.862219,0.911604,68,53,56,35,0,0,1,0,1294,886,768,567
2026/02/04/20:56:17,4162.851417,0.857469,0.901471,0.862219,0.911604,68,53,56,35,0,0,1,0,1294,886,768,567
2026/02/04/20:56:18,4163.852116,0.857469,0.901471,0.862219,0.911604,68,53,56,35,0,0,1,0,1294,886,768,567
2026/02/04/20:56:19,4164.852359,0.850250,0.895771,0.855000,0.905905,68,53,55,35,0,0,1,0,1294,886,769,567
2026/02/04/20:56:20,4165.852874,0.850250,0.895771,0.855000,0.905905,68,53,55,35,0,0,1,0,1294,886,769,567
2026/02/04/20:56:21,4166.853434,0.855000,0.905905,0.855000,0.905905,68,53,56,35,0,0,0,0,1295,886,769,567
2026/02/04/20:56:22,4167.853947,0.855000,0.905905,0.855000,0.905905,68,53,56,35,0,0,0,0,1295,886,769,567
2026/02/04/20:56:23,4168.854535,0.850063,0.900249,0.850063,0.900249,68,53,55,35,0,0,0,0,1295,886,770,567
2026/02/04/20:56:24,4169.854999,0.845844,0.898434,0.845844,0.898434,68,53,55,34,0,0,0,0,1295,886,770,568
2026/02/04/20:56:25,4170.855624,0.845844,0.898434,0.845844,0.898434,68,53,55,34,0,0,0,0,1295,886,770,568
2026/02/04/20:56:26,4171.856281,0.845844,0.898434,0.845844,0.898434,68,53,55,34,0,0,0,0,1295,886,770,568
2026/02/04/20:56:27,4172.856795,0.845844,0.898434,0.845844,0.898434,68,53,55,34,0,0,0,0,1295,886,770,568
2026/02/04/20:56:28,4173.857434,0.845844,0.898434,0.845844,0.898434,68,53,55,34,0,0,0,0,1295,886,770,568
2026/02/04/20:56:29,4174.858062,0.840531,0.893574,0.840531,0.893574,66,53,55,34,0,0,0,0,1297,886,770,568
2026/02/04/20:56:30,4175.858661,0.840531,0.893574,0.840531,0.893574,66,53,55,34,0,0,0,0,1297,886,770,568
2026/02/04/20:56:31,4176.859348,0.840531,0.893574,0.840531,0.893574,66,53,55,34,0,0,0,0,1297,886,770,568
2026/02/04/20:56:32,4177.860076,0.840531,0.893574,0.840531,0.893574,66,53,55,34,0,0,0,0,1297,886,770,568
2026/02/04/20:56:33,4178.860527,0.840531,0.893574,0.840531,0.893574,66,53,55,34,0,0,0,0,1297,886,770,568
2026/02/04/20:56:34,4179.861137,0.842219,0.899054,0.842219,0.899054,66,54,55,34,0,0,0,0,1297,886,770,568
2026/02/04/20:56:35,4180.861801,0.842219,0.899054,0.842219,0.899054,66,54,55,34,0,0,0,0,1297,886,770,568
2026/02/04/20:56:36,4181.862381,0.842219,0.899054,0.842219,0.899054,66,54,55,34,0,0,0,0,1297,886,770,568
2026/02/04/20:56:37,4182.863201,0.842219,0.899054,0.842219,0.899054,66,54,55,34,0,0,0,0,1297,886,770,568
2026/02/04/20:56:38,4183.863878,0.842219,0.899054,0.842219,0.899054,66,54,55,34,0,0,0,0,1297,886,770,568
2026/02/04/20:56:39,4184.864384,0.838531,0.896624,0.838531,0.896624,66,54,54,34,0,0,0,0,1297,886,771,568
2026/02/04/20:56:40,4185.864851,0.838531,0.896624,0.838531,0.896624,66,54,54,34,0,0,0,0,1297,886,771,568
2026/02/04/20:56:41,4186.865552,0.838531,0.896624,0.840187,0.898584,66,54,54,34,1,0,0,0,1297,886,771,568
2026/02/04/20:56:42,4187.866128,0.857281,0.913501,0.857281,0.913501,68,54,59,34,0,0,0,0,1297,886,771,568
2026/02/04/20:56:43,4188.866747,0.855500,0.906694,0.855500,0.906694,68,53,59,34,0,0,0,0,1297,887,771,568
2026/02/04/20:56:44,4189.867297,0.850125,0.899615,0.850125,0.899615,68,53,57,34,0,0,0,0,1297,887,773,568
2026/02/04/20:56:45,4190.867816,0.860938,0.905266,0.866344,0.908092,68,53,59,34,0,0,1,0,1297,887,773,568
2026/02/04/20:56:46,4191.868491,0.860938,0.905266,0.866344,0.908092,68,53,59,34,0,0,1,0,1297,887,773,568
2026/02/04/20:56:47,4192.869200,0.864656,0.908491,0.864656,0.908491,66,55,60,34,0,0,0,0,1299,887,773,568
2026/02/04/20:56:48,4193.869949,0.859594,0.893421,0.859594,0.893421,66,52,60,34,0,0,0,0,1299,890,773,568
2026/02/04/20:56:49,4194.870423,0.856844,0.891056,0.856844,0.891056,66,51,60,34,0,0,0,0,1299,891,773,568
2026/02/04/20:56:50,4195.870960,0.834250,0.876639,0.834250,0.876639,66,51,54,34,0,0,0,0,1299,891,779,568
2026/02/04/20:56:51,4196.871627,0.834250,0.876639,0.834250,0.876639,66,51,54,34,0,0,0,0,1299,891,779,568
2026/02/04/20:56:52,4197.872300,0.834250,0.876639,0.834250,0.876639,66,51,54,34,0,0,0,0,1299,891,779,568
2026/02/04/20:56:53,4198.872958,0.858750,0.900089,0.858750,0.900089,70,54,54,34,0,0,0,0,1299,891,779,568
2026/02/04/20:56:54,4199.873657,0.858750,0.900089,0.858750,0.900089,70,54,54,34,0,0,0,0,1299,891,779,568
2026/02/04/20:56:55,4200.874279,0.854500,0.896518,0.854500,0.896518,70,52,54,34,0,0,0,0,1299,893,779,568
2026/02/04/20:56:56,4201.874875,0.851875,0.893895,0.851875,0.893895,70,51,54,34,0,0,0,0,1299,894,779,568
2026/02/04/20:56:57,4202.875651,0.851875,0.893895,0.851875,0.893895,70,51,54,34,0,0,0,0,1299,894,779,568
2026/02/04/20:56:58,4203.876493,0.836156,0.882497,0.836156,0.882497,69,51,54,31,0,0,0,0,1300,894,779,571
2026/02/04/20:56:59,4204.877257,0.836156,0.882497,0.836156,0.882497,69,51,54,31,0,0,0,0,1300,894,779,571
2026/02/04/20:57:00,4205.877874,0.823719,0.869375,0.823719,0.869375,67,51,54,31,0,0,0,0,1302,894,779,571
2026/02/04/20:57:01,4206.878641,0.823719,0.869375,0.823719,0.869375,67,51,54,31,0,0,0,0,1302,894,779,571
2026/02/04/20:57:02,4207.879463,0.823719,0.869375,0.823719,0.869375,67,51,54,31,0,0,0,0,1302,894,779,571
2026/02/04/20:57:03,4208.880063,0.823719,0.869375,0.823719,0.869375,67,51,54,31,0,0,0,0,1302,894,779,571
2026/02/04/20:57:04,4209.880788,0.823719,0.869375,0.823719,0.869375,67,51,54,31,0,0,0,0,1302,894,779,571
2026/02/04/20:57:05,4210.881486,0.823719,0.869375,0.823719,0.869375,67,51,54,31,0,0,0,0,1302,894,779,571
2026/02/04/20:57:06,4211.882111,0.823719,0.869375,0.823719,0.869375,67,51,54,31,0,0,0,0,1302,894,779,571
2026/02/04/20:57:07,4212.882725,0.823719,0.869375,0.823719,0.869375,67,51,54,31,0,0,0,0,1302,894,779,571
2026/02/04/20:57:08,4213.883334,0.814219,0.849108,0.814219,0.849108,67,51,52,31,0,0,0,0,1302,894,781,571
2026/02/04/20:57:09,4214.883985,0.814219,0.849108,0.814219,0.849108,67,51,52,31,0,0,0,0,1302,894,781,571
2026/02/04/20:57:10,4215.884693,0.814219,0.849108,0.814219,0.849108,67,51,52,31,0,0,0,0,1302,894,781,571
2026/02/04/20:57:11,4216.885407,0.814219,0.849108,0.814219,0.849108,67,51,52,31,0,0,0,0,1302,894,781,571
2026/02/04/20:57:12,4217.886049,0.814219,0.849108,0.814219,0.849108,67,51,52,31,0,0,0,0,1302,894,781,571
2026/02/04/20:57:13,4218.886630,0.814219,0.849108,0.814219,0.849108,67,51,52,31,0,0,0,0,1302,894,781,571
2026/02/04/20:57:14,4219.887385,0.814219,0.849108,0.814219,0.849108,67,51,52,31,0,0,0,0,1302,894,781,571
2026/02/04/20:57:15,4220.888199,0.814219,0.849108,0.814219,0.849108,67,51,52,31,0,0,0,0,1302,894,781,571
2026/02/04/20:57:16,4221.888841,0.811562,0.846063,0.811562,0.846063,67,51,52,30,0,0,0,0,1302,894,781,572
2026/02/04/20:57:17,4222.889426,0.811562,0.846063,0.811562,0.846063,67,51,52,30,0,0,0,0,1302,894,781,572
2026/02/04/20:57:18,4223.890171,0.811562,0.846063,0.811562,0.846063,67,51,52,30,0,0,0,0,1302,894,781,572
2026/02/04/20:57:19,4224.890682,0.811562,0.846063,0.811562,0.846063,67,51,52,30,0,0,0,0,1302,894,781,572
2026/02/04/20:57:20,4225.891440,0.811562,0.846063,0.811562,0.846063,67,51,52,30,0,0,0,0,1302,894,781,572
2026/02/04/20:57:21,4226.892231,0.809844,0.841876,0.809844,0.841876,67,51,52,29,0,0,0,0,1302,894,781,573
2026/02/04/20:57:22,4227.892921,0.809844,0.841876,0.809844,0.841876,67,51,52,29,0,0,0,0,1302,894,781,573
2026/02/04/20:57:23,4228.893574,0.809844,0.841876,0.809844,0.841876,67,51,52,29,0,0,0,0,1302,894,781,573
2026/02/04/20:57:24,4229.894151,0.851719,0.881142,0.851719,0.881142,69,56,54,30,0,0,0,0,1302,894,781,573
2026/02/04/20:57:25,4230.894778,0.837781,0.858729,0.837781,0.858729,66,54,54,30,0,0,0,0,1305,896,781,573
2026/02/04/20:57:26,4231.895434,0.828125,0.853233,0.828125,0.853233,65,53,54,29,0,0,0,0,1306,897,781,574
2026/02/04/20:57:27,4232.896209,0.825875,0.850728,0.825875,0.850728,65,52,54,29,0,0,0,0,1306,898,781,574
2026/02/04/20:57:28,4233.896769,0.824125,0.848874,0.824125,0.848874,64,52,54,29,0,0,0,0,1307,898,781,574
2026/02/04/20:57:29,4234.897334,0.824125,0.848874,0.824125,0.848874,64,52,54,29,0,0,0,0,1307,898,781,574
2026/02/04/20:57:30,4235.897922,0.824125,0.848874,0.824125,0.848874,64,52,54,29,0,0,0,0,1307,898,781,574
2026/02/04/20:57:31,4236.898583,0.824125,0.848874,0.824125,0.848874,64,52,54,29,0,0,0,0,1307,898,781,574
2026/02/04/20:57:32,4237.899286,0.824125,0.848874,0.824125,0.848874,64,52,54,29,0,0,0,0,1307,898,781,574
2026/02/04/20:57:33,4238.900078,0.824125,0.848874,0.824125,0.848874,64,52,54,29,0,0,0,0,1307,898,781,574
2026/02/04/20:57:34,4239.900831,0.824125,0.848874,0.824125,0.848874,64,52,54,29,0,0,0,0,1307,898,781,574
2026/02/04/20:57:35,4240.901434,0.824125,0.848874,0.824125,0.848874,64,52,54,29,0,0,0,0,1307,898,781,574
2026/02/04/20:57:36,4241.902062,0.824125,0.848874,0.824125,0.848874,64,52,54,29,0,0,0,0,1307,898,781,574
2026/02/04/20:57:37,4242.902649,0.824125,0.848874,0.824125,0.848874,64,52,54,29,0,0,0,0,1307,898,781,574
2026/02/04/20:57:38,4243.903288,0.851812,0.885174,0.865062,0.931099,65,55,54,30,0,0,3,1,1307,898,781,574
2026/02/04/20:57:39,4244.904072,0.851812,0.885174,0.865062,0.931099,65,55,54,30,0,0,3,1,1307,898,781,574
2026/02/04/20:57:40,4245.904932,0.839469,0.871575,0.850531,0.906961,64,55,54,29,0,0,3,0,1308,898,781,575
2026/02/04/20:57:41,4246.905593,0.839469,0.871575,0.850531,0.906961,64,55,54,29,0,0,3,0,1308,898,781,575
2026/02/04/20:57:42,4247.906219,0.839469,0.871575,0.850531,0.906961,64,55,54,29,0,0,3,0,1308,898,781,575
2026/02/04/20:57:43,4248.906977,0.839469,0.871575,0.850531,0.906961,64,55,54,29,0,0,3,0,1308,898,781,575
2026/02/04/20:57:44,4249.907690,0.839469,0.871575,0.850531,0.906961,64,55,54,29,0,0,3,0,1308,898,781,575
2026/02/04/20:57:45,4250.908280,0.839469,0.871575,0.850531,0.906961,64,55,54,29,0,0,3,0,1308,898,781,575
2026/02/04/20:57:46,4251.985669,0.834969,0.864482,0.846031,0.899868,63,55,54,28,0,0,3,0,1309,898,781,576
2026/02/04/20:57:47,4252.986338,0.832969,0.861146,0.844031,0.896532,62,55,54,28,0,0,3,0,1310,898,781,576
2026/02/04/20:57:48,4253.999315,0.830344,0.854810,0.841406,0.890195,62,55,54,27,0,0,3,0,1310,898,781,577
2026/02/04/20:57:49,4255.000613,0.830344,0.854810,0.841406,0.890195,62,55,54,27,0,0,3,0,1310,898,781,577
2026/02/04/20:57:50,4256.001204,0.829594,0.871529,0.829594,0.871529,62,52,57,27,0,0,0,0,1313,901,781,577
2026/02/04/20:57:51,4257.001847,0.829594,0.871529,0.829594,0.871529,62,52,57,27,0,0,0,0,1313,901,781,577
2026/02/04/20:57:52,4258.002672,0.829594,0.871529,0.829594,0.871529,62,52,57,27,0,0,0,0,1313,901,781,577
2026/02/04/20:57:53,4259.003311,0.829594,0.871529,0.829594,0.871529,62,52,57,27,0,0,0,0,1313,901,781,577
2026/02/04/20:57:54,4260.004036,0.829594,0.871529,0.829594,0.871529,62,52,57,27,0,0,0,0,1313,901,781,577
2026/02/04/20:57:55,4261.004719,0.829594,0.871529,0.829594,0.871529,62,52,57,27,0,0,0,0,1313,901,781,577
2026/02/04/20:57:56,4262.005421,0.829594,0.871529,0.829594,0.871529,62,52,57,27,0,0,0,0,1313,901,781,577
2026/02/04/20:57:57,4263.006013,0.829594,0.871529,0.829594,0.871529,62,52,57,27,0,0,0,0,1313,901,781,577
2026/02/04/20:57:58,4264.006712,0.822469,0.869815,0.822469,0.869815,62,51,57,27,0,0,0,0,1313,902,781,577
2026/02/04/20:57:59,4265.007384,0.822469,0.869815,0.822469,0.869815,62,51,57,27,0,0,0,0,1313,902,781,577
2026/02/04/20:58:00,4266.007958,0.822469,0.869815,0.822469,0.869815,62,51,57,27,0,0,0,0,1313,902,781,577
2026/02/04/20:58:01,4267.008594,0.822469,0.869815,0.822469,0.869815,62,51,57,27,0,0,0,0,1313,902,781,577
2026/02/04/20:58:02,4268.009251,0.811406,0.834429,0.811406,0.834429,62,51,54,27,0,0,0,0,1313,902,784,577
2026/02/04/20:58:03,4269.009989,0.811406,0.834429,0.811406,0.834429,62,51,54,27,0,0,0,0,1313,902,784,577
2026/02/04/20:58:04,4270.010551,0.829969,0.858177,0.829969,0.858177,62,53,53,33,0,0,0,0,1313,902,786,577
2026/02/04/20:58:05,4271.011202,0.843719,0.877561,0.872375,0.929411,66,53,56,33,1,5,1,0,1313,902,786,577
2026/02/04/20:58:06,4272.011687,0.879313,0.915912,0.895437,0.958770,70,59,58,33,0,3,0,0,1313,902,786,577
2026/02/04/20:58:07,4273.012215,0.874906,0.895366,0.874906,0.895366,66,59,58,33,0,0,0,0,1317,903,787,581
2026/02/04/20:58:08,4274.021089,0.874906,0.895366,0.874906,0.895366,66,59,58,33,0,0,0,0,1317,903,787,581
2026/02/04/20:58:09,4275.021738,0.856219,0.883699,0.856219,0.883699,66,55,57,33,0,0,0,0,1317,907,788,581
2026/02/04/20:58:10,4276.022100,0.846531,0.871607,0.846531,0.871607,66,51,57,33,0,0,0,0,1317,911,788,581
2026/02/04/20:58:11,4277.022650,0.846531,0.871607,0.846531,0.871607,66,51,57,33,0,0,0,0,1317,911,788,581
2026/02/04/20:58:12,4278.023368,0.841750,0.863361,0.841750,0.863361,66,51,54,33,0,0,0,0,1317,911,791,581
2026/02/04/20:58:13,4279.024140,0.841750,0.863361,0.841750,0.863361,66,51,54,33,0,0,0,0,1317,911,791,581
2026/02/04/20:58:14,4280.024621,0.841750,0.863361,0.841750,0.863361,66,51,54,33,0,0,0,0,1317,911,791,581
2026/02/04/20:58:15,4281.025331,0.833250,0.853295,0.833250,0.853295,63,51,54,33,0,0,0,0,1320,911,791,581
2026/02/04/20:58:16,4282.025918,0.826562,0.849777,0.826562,0.849777,63,51,52,33,0,0,0,0,1320,911,793,581
2026/02/04/20:58:17,4283.026692,0.826562,0.849777,0.826562,0.849777,63,51,52,33,0,0,0,0,1320,911,793,581
2026/02/04/20:58:18,4284.029644,0.826562,0.849777,0.826562,0.849777,63,51,52,33,0,0,0,0,1320,911,793,581
2026/02/04/20:58:19,4285.030137,0.824562,0.847990,0.824562,0.847990,63,51,51,33,0,0,0,0,1320,911,794,581
2026/02/04/20:58:20,4286.030732,0.808500,0.827883,0.808500,0.827883,63,51,50,31,0,0,0,0,1320,911,795,583
2026/02/04/20:58:21,4287.031426,0.808500,0.827883,0.808500,0.827883,63,51,50,31,0,0,0,0,1320,911,795,583
2026/02/04/20:58:22,4288.032051,0.808500,0.827883,0.808500,0.827883,63,51,50,31,0,0,0,0,1320,911,795,583
2026/02/04/20:58:23,4289.032385,0.808500,0.827883,0.808500,0.827883,63,51,50,31,0,0,0,0,1320,911,795,583
2026/02/04/20:58:24,4290.033066,0.808500,0.827883,0.808500,0.827883,63,51,50,31,0,0,0,0,1320,911,795,583
2026/02/04/20:58:25,4291.033871,0.808500,0.827883,0.808500,0.827883,63,51,50,31,0,0,0,0,1320,911,795,583
2026/02/04/20:58:26,4292.034565,0.822094,0.839046,0.846156,0.875851,63,54,50,31,2,2,0,0,1320,911,795,583
2026/02/04/20:58:27,4293.035218,0.827656,0.847414,0.846156,0.875851,63,56,50,31,2,0,0,0,1320,911,795,583
2026/02/04/20:58:28,4294.036006,0.819312,0.834861,0.837812,0.863298,63,53,50,31,2,0,0,0,1320,914,795,583
2026/02/04/20:58:29,4295.036699,0.823187,0.852257,0.832438,0.866475,67,51,50,31,1,0,0,0,1320,916,795,583
2026/02/04/20:58:30,4296.037477,0.823812,0.861646,0.823812,0.861646,68,51,50,28,0,0,0,0,1320,916,795,586
2026/02/04/20:58:31,4297.038121,0.819063,0.859664,0.819063,0.859664,68,50,50,28,0,0,0,0,1320,917,795,586
2026/02/04/20:58:32,4298.038870,0.819063,0.859664,0.819063,0.859664,68,50,50,28,0,0,0,0,1320,917,795,586
2026/02/04/20:58:33,4299.039497,0.819063,0.859664,0.819063,0.859664,68,50,50,28,0,0,0,0,1320,917,795,586
2026/02/04/20:58:34,4300.040317,0.819063,0.859664,0.819063,0.859664,68,50,50,28,0,0,0,0,1320,917,795,586
2026/02/04/20:58:35,4301.041094,0.819063,0.859664,0.819063,0.859664,68,50,50,28,0,0,0,0,1320,917,795,586
2026/02/04/20:58:36,4302.041800,0.819063,0.859664,0.819063,0.859664,68,50,50,28,0,0,0,0,1320,917,795,586
2026/02/04/20:58:37,4303.042338,0.819063,0.859664,0.819063,0.859664,68,50,50,28,0,0,0,0,1320,917,795,586
2026/02/04/20:58:38,4304.043363,0.868281,0.901842,0.869969,0.904144,69,56,51,30,0,0,0,1,1320,917,795,586
2026/02/04/20:58:39,4305.044047,0.875594,0.912731,0.909312,0.921244,68,56,52,33,3,1,0,0,1321,917,795,586
2026/02/04/20:58:40,4306.044634,0.886125,0.907323,0.907438,0.911606,70,54,51,33,0,2,0,0,1322,920,796,586
2026/02/04/20:58:41,4307.045151,0.886125,0.907323,0.907438,0.911606,70,54,51,33,0,2,0,0,1322,920,796,586
2026/02/04/20:58:42,4308.045976,0.886125,0.907323,0.907438,0.911606,70,54,51,33,0,2,0,0,1322,920,796,586
2026/02/04/20:58:43,4309.046619,0.875469,0.905181,0.875469,0.905181,70,53,51,33,0,0,0,0,1322,921,796,586
2026/02/04/20:58:44,4310.047316,0.873469,0.900505,0.873469,0.900505,70,53,50,33,0,0,0,0,1322,921,797,586
2026/02/04/20:58:45,4311.048025,0.907031,0.922413,0.932344,0.930101,71,57,50,36,2,2,0,0,1322,921,797,586
2026/02/04/20:58:46,4312.048635,0.907031,0.922413,0.938031,0.936818,71,57,50,36,2,4,0,0,1322,921,797,586
2026/02/04/20:58:47,4313.049325,0.898625,0.919021,0.904094,0.921284,70,60,50,33,0,1,0,0,1323,921,797,589
2026/02/04/20:58:48,4314.049947,0.898406,0.914568,0.898406,0.914568,70,59,50,33,0,0,0,0,1323,923,797,589
2026/02/04/20:58:49,4315.050549,0.898406,0.914568,0.898406,0.914568,70,59,50,33,0,0,0,0,1323,923,797,589
2026/02/04/20:58:50,4316.051211,0.898406,0.914568,0.898406,0.914568,70,59,50,33,0,0,0,0,1323,923,797,589
2026/02/04/20:58:51,4317.051946,0.895062,0.910189,0.895062,0.910189,70,59,50,31,0,0,0,0,1323,923,797,591
2026/02/04/20:58:52,4318.052619,0.872906,0.896733,0.872906,0.896733,70,56,50,29,0,0,0,0,1323,926,797,593
2026/02/04/20:58:53,4319.053236,0.872906,0.896733,0.872906,0.896733,70,56,50,29,0,0,0,0,1323,926,797,593
2026/02/04/20:58:54,4320.053933,0.872906,0.896733,0.872906,0.896733,70,56,50,29,0,0,0,0,1323,926,797,593
2026/02/04/20:58:55,4321.054695,0.872906,0.896733,0.872906,0.896733,70,56,50,29,0,0,0,0,1323,926,797,593
2026/02/04/20:58:56,4322.055366,0.872906,0.896733,0.872906,0.896733,70,56,50,29,0,0,0,0,1323,926,797,593
2026/02/04/20:58:57,4323.056085,0.872906,0.896733,0.872906,0.896733,70,56,50,29,0,0,0,0,1323,926,797,593
2026/02/04/20:58:58,4324.056746,0.872906,0.896733,0.872906,0.896733,70,56,50,29,0,0,0,0,1323,926,797,593
2026/02/04/20:58:59,4325.057456,0.872906,0.896733,0.872906,0.896733,70,56,50,29,0,0,0,0,1323,926,797,593
2026/02/04/20:59:00,4326.058153,0.883719,0.909948,0.892687,0.915315,72,56,50,29,0,1,0,0,1323,926,797,593
2026/02/04/20:59:01,4327.058566,0.883719,0.909948,0.892687,0.915315,72,56,50,29,0,1,0,0,1323,926,797,593
2026/02/04/20:59:02,4328.059170,0.889969,0.918062,0.898937,0.923429,75,54,50,29,0,1,0,0,1323,929,797,593
2026/02/04/20:59:03,4329.059816,0.896531,0.933522,0.926562,0.956624,76,55,52,30,0,2,0,2,1324,929,797,593
2026/02/04/20:59:04,4330.060463,0.902344,0.938963,0.938531,0.967042,79,55,52,30,1,2,1,2,1324,929,797,593
2026/02/04/20:59:05,4331.061151,0.902500,0.936797,0.934937,0.962126,78,55,53,30,1,2,0,2,1325,929,797,593
2026/02/04/20:59:06,4332.061892,0.914875,0.940923,0.980375,0.994985,79,55,53,31,1,8,0,2,1326,930,797,593
2026/02/04/20:59:07,4333.062317,0.916969,0.943382,0.986656,1.002362,80,55,53,31,3,8,0,2,1326,930,797,593
2026/02/04/20:59:08,4334.062945,0.917969,0.944841,1.045438,1.027830,80,57,52,31,5,8,0,7,1326,930,798,593
2026/02/04/20:59:09,4335.063465,0.918531,0.945439,1.049000,1.031342,80,57,52,31,8,7,0,7,1326,931,798,593
2026/02/04/20:59:10,4336.063826,0.918906,0.932829,1.015313,1.005278,83,54,52,31,5,7,0,5,1326,934,798,593
2026/02/04/20:59:11,4337.064439,0.918906,0.932829,1.015313,1.005278,83,54,52,31,5,7,0,5,1326,934,798,593
2026/02/04/20:59:12,4338.064928,0.898469,0.932684,0.994500,0.997556,84,50,52,31,1,5,3,5,1327,939,798,593
2026/02/04/20:59:13,4339.065314,0.905656,0.932669,0.991437,0.995555,85,50,52,30,0,5,3,5,1327,939,798,594
2026/02/04/20:59:14,4340.065969,0.909281,0.935905,1.027375,1.002709,85,50,53,30,4,3,3,5,1327,940,798,594
2026/02/04/20:59:15,4341.066538,0.895781,0.936645,1.015469,1.008043,84,50,54,30,3,3,5,5,1329,940,798,594
2026/02/04/20:59:16,4342.066887,0.907219,0.939306,1.080625,1.076563,84,50,55,31,7,4,9,8,1329,941,798,594
2026/02/04/20:59:17,4343.067401,0.903406,0.940617,1.074344,1.069185,81,50,56,31,7,4,8,8,1332,941,798,594
2026/02/04/20:59:18,4344.068083,0.909188,0.949960,1.074344,1.069185,83,50,56,31,5,4,8,8,1332,941,798,594
2026/02/04/20:59:19,4345.068183,0.915687,0.938016,1.025125,0.993493,81,51,58,31,3,3,1,5,1334,941,800,594
2026/02/04/20:59:20,4346.068465,0.915687,0.938016,1.002750,0.977018,81,51,58,31,3,2,1,3,1334,941,800,594
2026/02/04/20:59:21,4347.068998,0.896437,0.921425,0.986812,0.982623,81,50,57,31,3,1,4,3,1334,943,801,594
2026/02/04/20:59:22,4348.069568,0.900500,0.936636,0.991437,0.986621,81,51,58,31,4,1,3,3,1334,943,801,594
2026/02/04/20:59:23,4349.070565,0.899031,0.945729,0.961625,0.996624,80,50,63,31,3,1,3,3,1337,944,802,594
2026/02/04/20:59:24,4350.071127,0.899031,0.945729,0.961625,0.996624,80,50,63,31,3,1,3,3,1337,944,802,594
2026/02/04/20:59:25,4351.071926,0.897000,0.936812,0.946125,0.965535,80,50,64,29,1,1,2,3,1337,944,802,596
2026/02/04/20:59:26,4352.072468,0.904656,0.935728,0.931438,0.948123,81,49,64,30,0,1,0,2,1337,945,802,596
2026/02/04/20:59:27,4353.072925,0.893500,0.930599,0.902469,0.935966,81,48,64,29,0,1,0,0,1337,946,802,597
2026/02/04/20:59:28,4354.073800,0.897031,0.930199,0.897031,0.930199,81,49,61,29,0,0,0,0,1337,946,805,597
2026/02/04/20:59:30,4355.074363,0.897031,0.930199,0.897031,0.930199,81,49,61,29,0,0,0,0,1337,946,805,597
2026/02/04/20:59:31,4356.075091,0.895188,0.928420,0.895188,0.928420,81,49,61,28,0,0,0,0,1337,946,805,598
2026/02/04/20:59:32,4357.075565,0.895188,0.928420,0.895188,0.928420,81,49,61,28,0,0,0,0,1337,946,805,598
2026/02/04/20:59:33,4358.076317,0.895188,0.928420,0.895188,0.928420,81,49,61,28,0,0,0,0,1337,946,805,598
2026/02/04/20:59:34,4359.076823,0.891312,0.926430,0.891312,0.926430,80,49,61,28,0,0,0,0,1338,946,805,598
2026/02/04/20:59:35,4360.077397,0.891312,0.926430,0.891312,0.926430,80,49,61,28,0,0,0,0,1338,946,805,598
2026/02/04/20:59:36,4361.078065,0.891312,0.926430,0.891312,0.926430,80,49,61,28,0,0,0,0,1338,946,805,598
2026/02/04/20:59:37,4362.078695,0.891312,0.926430,0.891312,0.926430,80,49,61,28,0,0,0,0,1338,946,805,598
2026/02/04/20:59:38,4363.079204,0.906062,0.944736,0.953438,0.960408,83,52,61,28,3,1,2,0,1338,946,805,598
2026/02/04/20:59:39,4364.079823,0.902625,0.943389,0.949875,0.976403,81,53,61,28,4,0,2,0,1341,946,805,598
2026/02/04/20:59:40,4365.080363,0.902625,0.943389,0.949875,0.976403,81,53,61,28,4,0,2,0,1341,946,805,598
2026/02/04/20:59:41,4366.081111,0.900156,0.944611,0.945625,0.966055,82,53,60,27,3,0,2,0,1341,946,806,599
2026/02/04/20:59:42,4367.081644,0.896719,0.941091,0.942187,0.962534,80,53,60,27,3,0,2,0,1343,946,806,599
2026/02/04/20:59:43,4368.082391,0.896719,0.941091,0.942187,0.962534,80,53,60,27,3,0,2,0,1343,946,806,599
2026/02/04/20:59:44,4369.083136,0.896719,0.941091,0.942187,0.962534,80,53,60,27,3,0,2,0,1343,946,806,599
2026/02/04/20:59:45,4370.083878,0.891781,0.932603,0.908312,0.949749,80,53,58,27,3,0,0,0,1343,946,808,599
2026/02/04/20:59:46,4371.084482,0.891781,0.932603,0.908312,0.949749,80,53,58,27,3,0,0,0,1343,946,808,599
2026/02/04/20:59:47,4372.085065,0.876594,0.922879,0.893125,0.940025,80,53,55,27,3,0,0,0,1343,946,811,599
2026/02/04/20:59:48,4373.085721,0.876594,0.922879,0.893125,0.940025,80,53,55,27,3,0,0,0,1343,946,811,599
2026/02/04/20:59:49,4374.086453,0.876594,0.922879,0.893125,0.940025,80,53,55,27,3,0,0,0,1343,946,811,599
2026/02/04/20:59:50,4375.087001,0.876594,0.922879,0.893125,0.940025,80,53,55,27,3,0,0,0,1343,946,811,599
2026/02/04/20:59:51,4376.087556,0.876594,0.922879,0.893125,0.940025,80,53,55,27,3,0,0,0,1343,946,811,599
2026/02/04/20:59:52,4377.088131,0.873094,0.917222,0.889625,0.934368,78,53,55,27,3,0,0,0,1345,946,811,599
2026/02/04/20:59:53,4378.138250,0.873094,0.917222,0.889625,0.934368,78,53,55,27,3,0,0,0,1345,946,811,599
2026/02/04/20:59:54,4379.138773,0.873094,0.917222,0.889625,0.934368,78,53,55,27,3,0,0,0,1345,946,811,599
2026/02/04/20:59:55,4380.250298,0.873094,0.917222,0.889625,0.934368,78,53,55,27,3,0,0,0,1345,946,811,599
2026/02/04/20:59:56,4381.250419,0.889625,0.934368,0.889625,0.934368,81,53,55,27,0,0,0,0,1347,946,811,599
2026/02/04/20:59:57,4382.251021,0.883062,0.924543,0.883062,0.924543,79,53,55,27,0,0,0,0,1349,946,811,599
2026/02/04/20:59:58,4383.251766,0.883062,0.924543,0.883062,0.924543,79,53,55,27,0,0,0,0,1349,946,811,599
2026/02/04/20:59:59,4384.252420,0.892875,0.935654,0.937937,0.960065,80,54,56,27,2,0,5,0,1349,946,811,599
2026/02/04/21:00:00,4385.252954,0.904625,0.946940,0.954375,0.976358,83,55,56,27,2,1,5,0,1349,946,811,599
2026/02/04/21:00:01,4386.253633,0.910062,0.953676,0.968906,0.986639,83,55,56,30,3,1,5,0,1349,946,811,599
2026/02/04/21:00:02,4387.254289,0.901875,0.948982,0.948719,0.976219,81,55,56,30,1,1,5,0,1351,946,811,599
2026/02/04/21:00:03,4388.254948,0.900062,0.942421,0.943281,0.956536,81,55,55,30,1,1,3,0,1351,946,812,599
2026/02/04/21:00:04,4389.255563,0.895312,0.940959,0.928719,0.953220,81,55,54,30,1,1,2,0,1351,946,814,599
2026/02/04/21:00:05,4390.256356,0.900438,0.937806,0.919344,0.943206,81,54,55,30,1,0,1,0,1351,947,814,599
2026/02/04/21:00:06,4391.257074,0.900438,0.937806,0.910250,0.939660,81,54,55,30,0,0,1,0,1351,947,814,599
2026/02/04/21:00:07,4392.257650,0.900438,0.937806,0.910250,0.939660,81,54,55,30,0,0,1,0,1351,947,814,599
2026/02/04/21:00:08,4393.258346,0.885500,0.946026,0.887844,0.951989,81,54,53,32,0,0,0,1,1351,947,816,599
2026/02/04/21:00:09,4394.258822,0.885500,0.946026,0.887844,0.951989,81,54,53,32,0,0,0,1,1351,947,816,599
2026/02/04/21:00:10,4395.259515,0.863938,0.931758,0.863938,0.931758,81,51,53,33,0,0,0,0,1351,950,816,599
2026/02/04/21:00:11,4396.260116,0.856906,0.913867,0.856906,0.913867,81,51,53,30,0,0,0,0,1351,950,816,602
2026/02/04/21:00:12,4397.260688,0.856906,0.913867,0.856906,0.913867,81,51,53,30,0,0,0,0,1351,950,816,602
2026/02/04/21:00:13,4398.261377,0.856906,0.913867,0.856906,0.913867,81,51,53,30,0,0,0,0,1351,950,816,602
2026/02/04/21:00:14,4399.261951,0.856906,0.913867,0.856906,0.913867,81,51,53,30,0,0,0,0,1351,950,816,602
2026/02/04/21:00:15,4400.262621,0.841750,0.891819,0.841750,0.891819,80,48,53,30,0,0,0,0,1352,953,816,602
2026/02/04/21:00:16,4401.263321,0.847938,0.902601,0.847938,0.902601,83,48,53,30,0,0,0,0,1352,953,816,602
2026/02/04/21:00:17,4402.263981,0.847938,0.902601,0.847938,0.902601,83,48,53,30,0,0,0,0,1352,953,816,602
2026/02/04/21:00:18,4403.264678,0.836969,0.895547,0.836969,0.895547,83,46,53,30,0,0,0,0,1352,955,816,602
2026/02/04/21:00:19,4404.265380,0.830781,0.884765,0.830781,0.884765,80,46,53,30,0,0,0,0,1355,955,816,602
2026/02/04/21:00:20,4405.266243,0.828812,0.871174,0.828812,0.871174,80,46,52,30,0,0,0,0,1355,955,817,602
2026/02/04/21:00:21,4406.266965,0.828812,0.871174,0.828812,0.871174,80,46,52,30,0,0,0,0,1355,955,817,602
2026/02/04/21:00:22,4407.267657,0.828812,0.871174,0.828812,0.871174,80,46,52,30,0,0,0,0,1355,955,817,602
2026/02/04/21:00:23,4408.268334,0.828812,0.871174,0.828812,0.871174,80,46,52,30,0,0,0,0,1355,955,817,602
2026/02/04/21:00:24,4409.269009,0.828812,0.871174,0.828812,0.871174,80,46,52,30,0,0,0,0,1355,955,817,602
2026/02/04/21:00:25,4410.269660,0.828812,0.871174,0.828812,0.871174,80,46,52,30,0,0,0,0,1355,955,817,602
2026/02/04/21:00:26,4411.270147,0.828812,0.871174,0.828812,0.871174,80,46,52,30,0,0,0,0,1355,955,817,602
2026/02/04/21:00:27,4412.270816,0.828812,0.871174,0.828812,0.871174,80,46,52,30,0,0,0,0,1355,955,817,602
2026/02/04/21:00:28,4413.271454,0.828812,0.871174,0.828812,0.871174,80,46,52,30,0,0,0,0,1355,955,817,602
2026/02/04/21:00:29,4414.272027,0.828812,0.871174,0.828812,0.871174,80,46,52,30,0,0,0,0,1355,955,817,602
2026/02/04/21:00:30,4415.273033,0.835406,0.886420,0.835406,0.886420,80,46,54,31,0,0,0,0,1355,955,817,602
2026/02/04/21:00:31,4416.273554,0.835406,0.886420,0.835406,0.886420,80,46,54,31,0,0,0,0,1355,955,817,602
2026/02/04/21:00:32,4417.274176,0.860625,0.896672,0.860625,0.896672,80,46,57,32,0,0,0,0,1355,955,817,602
2026/02/04/21:00:33,4418.274770,0.860625,0.896672,0.860625,0.896672,80,46,57,32,0,0,0,0,1355,955,817,602
2026/02/04/21:00:34,4419.275385,0.860625,0.896672,0.860625,0.896672,80,46,57,32,0,0,0,0,1355,955,817,602
2026/02/04/21:00:35,4420.275964,0.859031,0.894758,0.859031,0.894758,80,46,57,31,0,0,0,0,1355,955,817,603
2026/02/04/21:00:36,4421.276621,0.859031,0.894758,0.859031,0.894758,80,46,57,31,0,0,0,0,1355,955,817,603
2026/02/04/21:00:37,4422.277275,0.880750,0.904873,0.892938,0.907886,80,50,57,34,0,1,0,0,1355,955,820,603
2026/02/04/21:00:38,4423.277895,0.880750,0.904873,0.892938,0.907886,80,50,57,34,0,1,0,0,1355,955,820,603
2026/02/04/21:00:39,4424.278547,0.875781,0.895390,0.887969,0.898403,80,47,57,34,0,1,0,0,1355,958,820,603
2026/02/04/21:00:40,4425.279094,0.892281,0.907968,0.904469,0.910981,81,47,58,38,0,1,0,0,1355,958,820,603
2026/02/04/21:00:41,4426.279741,0.887312,0.900552,0.899500,0.903565,81,47,58,35,0,1,0,0,1355,958,820,606
2026/02/04/21:00:42,4427.280122,0.887312,0.900552,0.899500,0.903565,81,47,58,35,0,1,0,0,1355,958,820,606
2026/02/04/21:00:43,4428.283262,0.887312,0.900552,0.899500,0.903565,81,47,58,35,0,1,0,0,1355,958,820,606
2026/02/04/21:00:44,4429.283712,0.892000,0.904795,0.934469,0.966087,82,47,58,36,3,1,2,3,1355,958,820,606
2026/02/04/21:00:45,4430.284276,0.905781,0.920125,0.948063,0.985115,84,47,60,36,4,1,1,3,1355,958,821,606
2026/02/04/21:00:46,4431.284921,0.907594,0.921953,0.948063,0.985115,84,47,61,36,4,1,0,3,1355,958,821,606
2026/02/04/21:00:47,4432.285411,0.910250,0.922707,0.945844,0.982801,84,47,61,36,3,1,0,3,1356,958,821,606
2026/02/04/21:00:48,4433.285948,0.920375,0.923665,0.955156,0.987190,85,48,60,36,1,1,1,4,1358,958,823,606
2026/02/04/21:00:49,4434.286487,0.917937,0.914290,0.952719,0.977815,84,48,60,36,1,1,1,4,1359,958,823,606
2026/02/04/21:00:50,4435.286806,0.917937,0.914290,0.945125,0.932331,84,48,60,36,1,1,1,1,1359,958,823,606
2026/02/04/21:00:51,4436.287309,0.914844,0.911724,0.942031,0.929765,84,48,60,35,1,1,1,1,1359,958,823,607
2026/02/04/21:00:52,4437.294965,0.929688,0.932838,0.960875,0.960067,85,48,62,37,1,1,2,2,1359,958,823,609
2026/02/04/21:00:53,4438.295586,0.929469,0.935389,0.958969,0.957701,85,48,62,37,1,1,1,2,1359,958,824,609
2026/02/04/21:00:54,4439.295936,0.928406,0.929826,0.955594,0.947867,85,48,60,38,1,1,1,1,1359,958,826,609
2026/02/04/21:00:55,4440.296482,0.924937,0.930790,0.940937,0.940976,86,48,59,36,0,1,1,0,1359,958,827,612
2026/02/04/21:00:56,4441.297005,0.924937,0.930790,0.940937,0.940976,86,48,59,36,0,1,1,0,1359,958,827,612
2026/02/04/21:00:57,4442.297569,0.924937,0.930790,0.940937,0.940976,86,48,59,36,0,1,1,0,1359,958,827,612
2026/02/04/21:00:58,4443.298047,0.938625,0.945430,0.973938,0.978783,92,48,59,36,1,2,3,1,1359,958,827,612
2026/02/04/21:00:59,4444.298605,0.938625,0.945430,0.975656,0.981831,92,48,59,36,2,2,3,1,1359,958,827,612
2026/02/04/21:01:00,4445.299152,0.935656,0.945089,0.970969,0.978442,93,48,59,34,1,2,3,1,1359,958,827,614
2026/02/04/21:01:01,4446.299676,0.932125,0.942710,0.962437,0.968938,91,48,60,34,0,2,2,1,1362,958,827,614
2026/02/04/21:01:02,4447.300127,0.928000,0.936461,0.945750,0.956143,89,48,59,35,0,2,1,0,1364,958,828,614
2026/02/04/21:01:03,4448.300791,0.924562,0.930365,0.942312,0.950047,87,48,59,35,0,2,1,0,1366,958,828,614
2026/02/04/21:01:04,4449.301509,0.915281,0.927895,0.933031,0.947577,87,48,59,34,0,2,1,0,1366,958,828,615
2026/02/04/21:01:05,4450.302160,0.907563,0.929913,0.919750,0.932926,87,49,60,30,0,1,0,0,1366,958,828,619
2026/02/04/21:01:06,4451.302905,0.907563,0.929913,0.919750,0.932926,87,49,60,30,0,1,0,0,1366,958,828,619
2026/02/04/21:01:07,4452.303536,0.907563,0.929913,0.919750,0.932926,87,49,60,30,0,1,0,0,1366,958,828,619
2026/02/04/21:01:08,4453.304185,0.907563,0.929913,0.919750,0.932926,87,49,60,30,0,1,0,0,1366,958,828,619
2026/02/04/21:01:09,4454.304786,0.905813,0.920418,0.918000,0.923430,87,48,60,30,0,1,0,0,1366,959,828,619
2026/02/04/21:01:10,4455.305544,0.905813,0.920418,0.918000,0.923430,87,48,60,30,0,1,0,0,1366,959,828,619
2026/02/04/21:01:11,4456.306116,0.901625,0.918548,0.913813,0.921560,86,48,60,30,0,1,0,0,1367,959,828,619
2026/02/04/21:01:12,4457.306746,0.901625,0.918548,0.913813,0.921560,86,48,60,30,0,1,0,0,1367,959,828,619
2026/02/04/21:01:13,4458.370504,0.901625,0.918548,0.913813,0.921560,86,48,60,30,0,1,0,0,1367,959,828,619
2026/02/04/21:01:14,4459.371077,0.901625,0.918548,0.913813,0.921560,86,48,60,30,0,1,0,0,1367,959,828,619
2026/02/04/21:01:15,4460.371587,0.901625,0.918548,0.913813,0.921560,86,48,60,30,0,1,0,0,1367,959,828,619
2026/02/04/21:01:16,4461.371905,0.901625,0.918548,0.913813,0.921560,86,48,60,30,0,1,0,0,1367,959,828,619
2026/02/04/21:01:17,4462.372364,0.913813,0.921560,0.913813,0.921560,86,49,60,30,0,0,0,0,1368,959,828,619
2026/02/04/21:01:18,4463.372967,0.895687,0.910894,0.895687,0.910894,84,49,60,27,0,0,0,0,1370,959,828,622
2026/02/04/21:01:19,4464.373563,0.895687,0.910894,0.895687,0.910894,84,49,60,27,0,0,0,0,1370,959,828,622
2026/02/04/21:01:20,4465.376633,0.895687,0.910894,0.895687,0.910894,84,49,60,27,0,0,0,0,1370,959,828,622
2026/02/04/21:01:21,4466.377200,0.891813,0.907079,0.891813,0.907079,84,49,59,27,0,0,0,0,1370,959,829,622
2026/02/04/21:01:22,4467.377944,0.889344,0.905150,0.889344,0.905150,84,49,59,26,0,0,0,0,1370,959,829,623
2026/02/04/21:01:23,4468.378594,0.889344,0.905150,0.889344,0.905150,84,49,59,26,0,0,0,0,1370,959,829,623
2026/02/04/21:01:24,4469.379211,0.889344,0.905150,0.889344,0.905150,84,49,59,26,0,0,0,0,1370,959,829,623
2026/02/04/21:01:25,4470.379779,0.883531,0.899708,0.883531,0.899708,81,49,59,26,0,0,0,0,1373,959,829,623
2026/02/04/21:01:26,4471.380788,0.878750,0.894356,0.878750,0.894356,81,49,56,26,0,0,0,0,1373,959,832,623
2026/02/04/21:01:27,4472.381446,0.878750,0.894356,0.878750,0.894356,81,49,56,26,0,0,0,0,1373,959,832,623
2026/02/04/21:01:28,4473.382267,0.878750,0.894356,0.878750,0.894356,81,49,56,26,0,0,0,0,1373,959,832,623
2026/02/04/21:01:29,4474.382876,0.878750,0.894356,0.878750,0.894356,81,49,56,26,0,0,0,0,1373,959,832,623
2026/02/04/21:01:30,4475.383461,0.902625,0.917847,0.904188,0.921455,85,53,57,26,1,0,0,0,1373,959,832,623
2026/02/04/21:01:31,4476.384001,0.904188,0.921455,0.904188,0.921455,86,53,57,26,0,0,0,0,1373,959,832,623
2026/02/04/21:01:32,4477.384621,0.904188,0.921455,0.904188,0.921455,86,53,57,26,0,0,0,0,1373,959,832,623
2026/02/04/21:01:33,4478.385291,0.904188,0.921455,0.904188,0.921455,86,53,57,26,0,0,0,0,1373,959,832,623
2026/02/04/21:01:34,4479.385920,0.890375,0.905530,0.890375,0.905530,81,53,57,26,0,0,0,0,1378,959,832,623
2026/02/04/21:01:35,4480.388332,0.907625,0.917136,0.907625,0.917136,84,51,60,26,0,0,0,0,1378,961,833,623
2026/02/04/21:01:36,4481.394229,0.907625,0.917136,0.907625,0.917136,84,51,60,26,0,0,0,0,1378,961,833,623
2026/02/04/21:01:37,4482.394701,0.907625,0.917136,0.907625,0.917136,84,51,60,26,0,0,0,0,1378,961,833,623
2026/02/04/21:01:38,4483.395214,0.907625,0.917136,0.907625,0.917136,84,51,60,26,0,0,0,0,1378,961,833,623
2026/02/04/21:01:39,4484.395999,0.886156,0.906480,0.886156,0.906480,81,51,60,26,0,0,0,0,1381,961,833,623
2026/02/04/21:01:40,4485.396519,0.876656,0.895666,0.876656,0.895666,81,49,60,24,0,0,0,0,1381,963,833,625
2026/02/04/21:01:41,4486.397053,0.880437,0.899330,0.880437,0.899330,81,49,61,24,0,0,0,0,1381,963,833,625
2026/02/04/21:01:42,4487.397578,0.873750,0.895498,0.873750,0.895498,81,49,58,24,0,0,0,0,1381,963,837,625
2026/02/04/21:01:43,4488.398232,0.861938,0.893246,0.861938,0.893246,78,49,58,27,0,0,0,0,1384,963,838,625
2026/02/04/21:01:44,4489.398909,0.861938,0.893246,0.861938,0.893246,78,49,58,27,0,0,0,0,1384,963,838,625
2026/02/04/21:01:45,4490.399540,0.861938,0.893246,0.861938,0.893246,78,49,58,27,0,0,0,0,1384,963,838,625
2026/02/04/21:01:46,4491.400118,0.859437,0.890392,0.859437,0.890392,77,49,58,27,0,0,0,0,1385,963,838,625
2026/02/04/21:01:47,4492.400851,0.859437,0.890392,0.859437,0.890392,77,49,58,27,0,0,0,0,1385,963,838,625
2026/02/04/21:01:48,4493.401563,0.859437,0.890392,0.859437,0.890392,77,49,58,27,0,0,0,0,1385,963,838,625
2026/02/04/21:01:49,4494.402253,0.857875,0.886278,0.857875,0.886278,77,49,57,27,0,0,0,0,1385,963,839,625
2026/02/04/21:01:50,4495.402614,0.857875,0.886278,0.857875,0.886278,77,49,57,27,0,0,0,0,1385,963,839,625
2026/02/04/21:01:51,4496.403170,0.857875,0.886278,0.857875,0.886278,77,49,57,27,0,0,0,0,1385,963,839,625
2026/02/04/21:01:52,4497.403737,0.857875,0.886278,0.857875,0.886278,77,49,57,27,0,0,0,0,1385,963,839,625
2026/02/04/21:01:53,4498.404333,0.861688,0.890334,0.861688,0.890334,77,51,57,27,0,0,0,0,1385,963,839,625
2026/02/04/21:01:54,4499.404925,0.861688,0.890334,0.861688,0.890334,77,51,57,27,0,0,0,0,1385,963,839,625
2026/02/04/21:01:55,4500.405510,0.861688,0.890334,0.861688,0.890334,77,51,57,27,0,0,0,0,1385,963,839,625
2026/02/04/21:01:56,4501.406063,0.857875,0.886278,0.857875,0.886278,77,49,57,27,0,0,0,0,1385,965,839,625
2026/02/04/21:01:57,4502.406821,0.857875,0.886278,0.857875,0.886278,77,49,57,27,0,0,0,0,1385,965,839,625
2026/02/04/21:01:58,4503.407426,0.857875,0.886278,0.857875,0.886278,77,49,57,27,0,0,0,0,1385,965,839,625
2026/02/04/21:01:59,4504.408134,0.857875,0.886278,0.857875,0.886278,77,49,57,27,0,0,0,0,1385,965,839,625
2026/02/04/21:02:00,4505.408748,0.857875,0.886278,0.857875,0.886278,77,49,57,27,0,0,0,0,1385,965,839,625
2026/02/04/21:02:01,4506.409329,0.857875,0.886278,0.857875,0.886278,77,49,57,27,0,0,0,0,1385,965,839,625
2026/02/04/21:02:02,4507.410049,0.857875,0.886278,0.857875,0.886278,77,49,57,27,0,0,0,0,1385,965,839,625
2026/02/04/21:02:03,4508.410879,0.857875,0.886278,0.857875,0.886278,77,49,57,27,0,0,0,0,1385,965,839,625
2026/02/04/21:02:04,4509.411460,0.857875,0.886278,0.857875,0.886278,77,49,57,27,0,0,0,0,1385,965,839,625
2026/02/04/21:02:05,4510.412201,0.857875,0.886278,0.857875,0.886278,77,49,57,27,0,0,0,0,1385,965,839,625
2026/02/04/21:02:06,4511.413908,0.857875,0.886278,0.857875,0.886278,77,49,57,27,0,0,0,0,1385,965,839,625
2026/02/04/21:02:07,4512.414528,0.857875,0.886278,0.857875,0.886278,77,49,57,27,0,0,0,0,1385,965,839,625
2026/02/04/21:02:08,4513.415131,0.850938,0.876930,0.850938,0.876930,77,49,57,24,0,0,0,0,1385,965,839,628
2026/02/04/21:02:09,4514.415590,0.850938,0.876930,0.850938,0.876930,77,49,57,24,0,0,0,0,1385,965,839,628
2026/02/04/21:02:10,4515.416260,0.850938,0.876930,0.850938,0.876930,77,49,57,24,0,0,0,0,1385,965,839,628
2026/02/04/21:02:11,4516.416558,0.850938,0.876930,0.850938,0.876930,77,49,57,24,0,0,0,0,1385,965,839,628
2026/02/04/21:02:12,4517.416993,0.850938,0.876930,0.850938,0.876930,77,49,57,24,0,0,0,0,1385,965,839,628
2026/02/04/21:02:13,4518.417591,0.850938,0.876930,0.850938,0.876930,77,49,57,24,0,0,0,0,1385,965,839,628
2026/02/04/21:02:14,4519.418159,0.850938,0.876930,0.850938,0.876930,77,49,57,24,0,0,0,0,1385,965,839,628
2026/02/04/21:02:15,4520.418912,0.850938,0.876930,0.850938,0.876930,77,49,57,24,0,0,0,0,1385,965,839,628
2026/02/04/21:02:16,4521.419511,0.850938,0.876930,0.850938,0.876930,77,49,57,24,0,0,0,0,1385,965,839,628
2026/02/04/21:02:17,4522.420215,0.850938,0.876930,0.850938,0.876930,77,49,57,24,0,0,0,0,1385,965,839,628
2026/02/04/21:02:18,4523.421082,0.856844,0.887162,0.866406,0.901225,80,49,57,24,0,0,2,0,1385,965,839,628
2026/02/04/21:02:19,4524.421686,0.856844,0.887162,0.866406,0.901225,80,49,57,24,0,0,2,0,1385,965,839,628
2026/02/04/21:02:20,4525.422132,0.856844,0.887162,0.866406,0.901225,80,49,57,24,0,0,2,0,1385,965,839,628
2026/02/04/21:02:21,4526.422721,0.847000,0.870794,0.856563,0.884857,80,49,53,24,0,0,2,0,1385,965,843,628
2026/02/04/21:02:22,4527.423251,0.838063,0.856420,0.838063,0.856420,78,49,55,24,0,0,0,0,1387,965,843,628
2026/02/04/21:02:23,4528.423838,0.838063,0.856420,0.838063,0.856420,78,49,55,24,0,0,0,0,1387,965,843,628
2026/02/04/21:02:24,4529.424438,0.838063,0.856420,0.838063,0.856420,78,49,55,24,0,0,0,0,1387,965,843,628
2026/02/04/21:02:25,4530.425024,0.824094,0.842594,0.824094,0.842594,75,49,53,24,0,0,0,0,1390,965,845,628
2026/02/04/21:02:26,4531.427287,0.824094,0.842594,0.824094,0.842594,75,49,53,24,0,0,0,0,1390,965,845,628
2026/02/04/21:02:27,4532.427904,0.824094,0.842594,0.824094,0.842594,75,49,53,24,0,0,0,0,1390,965,845,628
2026/02/04/21:02:28,4533.428611,0.824094,0.842594,0.824094,0.842594,75,49,53,24,0,0,0,0,1390,965,845,628
2026/02/04/21:02:29,4534.429249,0.824094,0.842594,0.824094,0.842594,75,49,53,24,0,0,0,0,1390,965,845,628
2026/02/04/21:02:30,4535.429815,0.824094,0.842594,0.824094,0.842594,75,49,53,24,0,0,0,0,1390,965,845,628
2026/02/04/21:02:31,4536.431673,0.812438,0.826133,0.812438,0.826133,75,49,50,24,0,0,0,0,1390,965,848,628
2026/02/04/21:02:32,4537.432143,0.812438,0.826133,0.812438,0.826133,75,49,50,24,0,0,0,0,1390,965,848,628
2026/02/04/21:02:33,4538.432816,0.812438,0.826133,0.812438,0.826133,75,49,50,24,0,0,0,0,1390,965,848,628
2026/02/04/21:02:34,4539.433493,0.812438,0.826133,0.812438,0.826133,75,49,50,24,0,0,0,0,1390,965,848,628
2026/02/04/21:02:35,4540.433883,0.812438,0.826133,0.812438,0.826133,75,49,50,24,0,0,0,0,1390,965,848,628
2026/02/04/21:02:36,4541.434474,0.812438,0.826133,0.812438,0.826133,75,49,50,24,0,0,0,0,1390,965,848,628
2026/02/04/21:02:37,4542.435026,0.812438,0.826133,0.812438,0.826133,75,49,50,24,0,0,0,0,1390,965,848,628
2026/02/04/21:02:38,4543.435723,0.812438,0.826133,0.812438,0.826133,75,49,50,24,0,0,0,0,1390,965,848,628
2026/02/04/21:02:39,4544.436399,0.812438,0.826133,0.812438,0.826133,75,49,50,24,0,0,0,0,1390,965,848,628
2026/02/04/21:02:40,4545.437018,0.812438,0.826133,0.812438,0.826133,75,49,50,24,0,0,0,0,1390,965,848,628
2026/02/04/21:02:41,4546.437634,0.821125,0.845287,0.821125,0.845287,75,49,50,26,0,0,0,0,1390,965,848,628
2026/02/04/21:02:42,4547.438417,0.821125,0.845287,0.821125,0.845287,75,49,50,26,0,0,0,0,1390,965,848,628
2026/02/04/21:02:43,4548.439025,0.835438,0.856836,0.856219,0.885877,77,49,53,26,3,0,2,0,1390,965,848,628
2026/02/04/21:02:44,4549.439578,0.862406,0.873540,0.864781,0.888239,80,49,58,24,0,1,0,0,1390,965,848,630
2026/02/04/21:02:45,4550.440425,0.864031,0.876697,0.866406,0.891397,80,49,59,24,0,1,0,0,1390,965,848,630
2026/02/04/21:02:46,4551.440986,0.850281,0.862564,0.852656,0.877263,76,49,59,24,0,1,0,0,1394,965,848,630
2026/02/04/21:02:47,4552.441639,0.850281,0.862564,0.852656,0.877263,76,49,59,24,0,1,0,0,1394,965,848,630
2026/02/04/21:02:48,4553.442286,0.866250,0.867044,0.868625,0.881744,75,49,59,28,0,1,0,0,1395,965,848,630
2026/02/04/21:02:49,4554.442544,0.881906,0.883659,0.884281,0.898359,75,51,62,28,0,1,0,0,1395,965,848,630
2026/02/04/21:02:50,4555.442801,0.881906,0.883659,0.884281,0.898359,75,51,62,28,0,1,0,0,1395,965,848,630
2026/02/04/21:02:51,4556.443269,0.877531,0.882034,0.877531,0.882034,75,51,61,28,0,0,0,0,1395,965,849,630
2026/02/04/21:02:52,4557.443956,0.877531,0.882034,0.877531,0.882034,75,51,61,28,0,0,0,0,1395,965,849,630
2026/02/04/21:02:53,4558.444592,0.865625,0.869275,0.865625,0.869275,75,51,58,28,0,0,0,0,1395,965,852,630
2026/02/04/21:02:54,4559.445208,0.865625,0.869275,0.865625,0.869275,75,51,58,28,0,0,0,0,1395,965,852,630
2026/02/04/21:02:55,4560.445898,0.865625,0.869275,0.865625,0.869275,75,51,58,28,0,0,0,0,1395,965,852,630
2026/02/04/21:02:56,4561.446586,0.865625,0.869275,0.865625,0.869275,75,51,58,28,0,0,0,0,1395,965,852,630
2026/02/04/21:02:57,4562.447251,0.882375,0.877265,0.882375,0.877265,75,53,58,30,0,0,0,0,1395,965,852,630
2026/02/04/21:02:58,4563.447964,0.882375,0.877265,0.882375,0.877265,75,53,58,30,0,0,0,0,1395,965,852,630
2026/02/04/21:02:59,4564.448704,0.891750,0.883281,0.914844,0.895839,76,53,58,31,1,0,1,2,1395,965,852,630
2026/02/04/21:03:00,4565.449210,0.902281,0.891678,0.902281,0.891678,77,51,59,33,0,0,0,0,1395,967,852,630
2026/02/04/21:03:01,4566.449650,0.889656,0.886497,0.889656,0.886497,77,51,59,31,0,0,0,0,1395,967,852,632
2026/02/04/21:03:02,4567.450268,0.885906,0.881971,0.885906,0.881971,75,51,59,31,0,0,0,0,1397,967,852,632
2026/02/04/21:03:03,4568.450875,0.877031,0.879937,0.877031,0.879937,75,51,58,31,0,0,0,0,1397,967,853,632
2026/02/04/21:03:04,4569.451481,0.848313,0.865888,0.848313,0.865888,75,51,57,28,0,0,0,0,1397,967,854,635
2026/02/04/21:03:05,4570.452981,0.865688,0.875941,0.865688,0.875941,76,52,58,28,0,0,0,0,1397,967,854,635
2026/02/04/21:03:06,4571.453652,0.865688,0.875941,0.865688,0.875941,76,52,58,28,0,0,0,0,1397,967,854,635
2026/02/04/21:03:07,4572.454882,0.865688,0.875941,0.865688,0.875941,76,52,58,28,0,0,0,0,1397,967,854,635
2026/02/04/21:03:08,4573.455622,0.847125,0.855027,0.847125,0.855027,75,51,56,28,0,0,0,0,1398,968,856,635
2026/02/04/21:03:09,4574.456203,0.847125,0.855027,0.847125,0.855027,75,51,56,28,0,0,0,0,1398,968,856,635
2026/02/04/21:03:10,4575.456740,0.847125,0.855027,0.847125,0.855027,75,51,56,28,0,0,0,0,1398,968,856,635
2026/02/04/21:03:11,4576.457441,0.837250,0.851262,0.837250,0.851262,75,51,55,28,0,0,0,0,1398,968,857,635
2026/02/04/21:03:12,4577.458012,0.837250,0.851262,0.837250,0.851262,75,51,55,28,0,0,0,0,1398,968,857,635
2026/02/04/21:03:13,4578.458619,0.832281,0.849674,0.832281,0.849674,74,51,55,28,0,0,0,0,1399,968,857,635
2026/02/04/21:03:14,4579.459232,0.832281,0.849674,0.832281,0.849674,74,51,55,28,0,0,0,0,1399,968,857,635
2026/02/04/21:03:15,4580.459841,0.832281,0.849674,0.832281,0.849674,74,51,55,28,0,0,0,0,1399,968,857,635
2026/02/04/21:03:16,4581.460340,0.832281,0.849674,0.832281,0.849674,74,51,55,28,0,0,0,0,1399,968,857,635
2026/02/04/21:03:17,4582.461001,0.832281,0.849674,0.832281,0.849674,74,51,55,28,0,0,0,0,1399,968,857,635
2026/02/04/21:03:18,4583.461532,0.832281,0.849674,0.832281,0.849674,74,51,55,28,0,0,0,0,1399,968,857,635
2026/02/04/21:03:19,4584.462185,0.832281,0.849674,0.832281,0.849674,74,51,55,28,0,0,0,0,1399,968,857,635
2026/02/04/21:03:20,4585.462722,0.832281,0.849674,0.832281,0.849674,74,51,55,28,0,0,0,0,1399,968,857,635
2026/02/04/21:03:21,4586.463485,0.832281,0.849674,0.832281,0.849674,74,51,55,28,0,0,0,0,1399,968,857,635
2026/02/04/21:03:22,4587.464071,0.832281,0.849674,0.832281,0.849674,74,51,55,28,0,0,0,0,1399,968,857,635
2026/02/04/21:03:23,4588.464772,0.832281,0.849674,0.832281,0.849674,74,51,55,28,0,0,0,0,1399,968,857,635
2026/02/04/21:03:24,4589.465428,0.832281,0.849674,0.832281,0.849674,74,51,55,28,0,0,0,0,1399,968,857,635
2026/02/04/21:03:25,4590.466072,0.832281,0.849674,0.832281,0.849674,74,51,55,28,0,0,0,0,1399,968,857,635
2026/02/04/21:03:26,4591.466681,0.832281,0.849674,0.832281,0.849674,74,51,55,28,0,0,0,0,1399,968,857,635
2026/02/04/21:03:27,4592.467355,0.832281,0.849674,0.832281,0.849674,74,51,55,28,0,0,0,0,1399,968,857,635
2026/02/04/21:03:28,4593.468536,0.832281,0.849674,0.832281,0.849674,74,51,55,28,0,0,0,0,1399,968,857,635
2026/02/04/21:03:29,4594.469267,0.832281,0.849674,0.832281,0.849674,74,51,55,28,0,0,0,0,1399,968,857,635
2026/02/04/21:03:30,4595.469876,0.833844,0.853485,0.833844,0.853485,75,51,55,28,0,0,0,0,1399,968,857,635
2026/02/04/21:03:31,4596.470432,0.880906,0.879327,0.893406,0.881015,81,51,57,31,0,0,0,1,1399,968,857,635
2026/02/04/21:03:32,4597.470939,0.880906,0.879327,0.893406,0.881015,81,51,57,31,0,0,0,1,1399,968,857,635
2026/02/04/21:03:33,4598.471660,0.870687,0.876299,0.883188,0.877987,78,51,57,32,0,0,0,1,1403,968,857,635
2026/02/04/21:03:34,4599.472262,0.866500,0.872470,0.879000,0.874158,78,51,57,30,0,0,0,1,1403,968,857,637
2026/02/04/21:03:35,4600.473926,0.860125,0.860055,0.872625,0.861743,75,51,57,30,0,0,0,1,1406,968,857,637
2026/02/04/21:03:36,4601.474432,0.876250,0.906236,0.915219,0.921370,75,57,59,30,2,0,1,1,1406,968,857,637
2026/02/04/21:03:37,4602.475593,0.883625,0.911497,0.928219,0.954806,76,59,59,29,5,0,1,1,1406,968,857,638
2026/02/04/21:03:38,4603.476138,0.884719,0.923076,0.940969,0.976290,76,59,60,28,5,0,2,2,1407,968,857,641
2026/02/04/21:03:39,4604.476879,0.883625,0.915002,0.935531,0.963414,76,56,60,29,5,0,2,1,1407,971,857,641
2026/02/04/21:03:40,4605.477397,0.885500,0.924393,0.935531,0.963414,77,56,60,29,4,0,2,1,1407,971,857,641
2026/02/04/21:03:41,4606.477957,0.874344,0.919378,0.922500,0.949007,78,56,60,26,3,0,2,1,1407,971,857,644
2026/02/04/21:03:42,4607.478550,0.867031,0.914275,0.907875,0.938801,78,56,59,26,3,0,1,1,1407,971,858,644
2026/02/04/21:03:43,4608.479537,0.882188,0.924232,0.924875,0.942488,79,54,62,26,4,0,0,1,1408,973,858,644
2026/02/04/21:03:44,4609.480087,0.882062,0.908811,0.919250,0.914313,78,54,62,26,2,0,0,1,1410,973,858,644
2026/02/04/21:03:45,4610.480722,0.875031,0.877843,0.912219,0.883346,77,54,59,26,2,0,0,1,1411,973,861,644
2026/02/04/21:03:46,4611.481340,0.871406,0.874481,0.908594,0.879983,76,54,59,26,2,0,0,1,1412,973,861,644
2026/02/04/21:03:47,4612.483027,0.869656,0.870213,0.906844,0.875716,77,55,57,26,2,0,0,1,1412,973,863,644
2026/02/04/21:03:48,4613.483428,0.891125,0.923357,0.930688,0.941820,77,59,60,29,2,0,0,2,1412,975,863,644
2026/02/04/21:03:49,4614.484086,0.902188,0.931549,0.970719,0.991063,79,59,61,30,2,0,4,5,1412,975,863,644
2026/02/04/21:03:50,4615.484486,0.905687,0.938855,0.989219,1.003470,79,60,62,30,2,3,4,5,1412,975,863,644
2026/02/04/21:03:51,4616.486397,0.910969,0.946554,0.981281,0.995964,78,60,62,31,2,3,2,4,1413,976,866,644
2026/02/04/21:03:52,4617.487128,0.910969,0.946554,0.985156,1.010426,78,60,62,31,2,3,2,5,1413,976,866,644
2026/02/04/21:03:53,4618.487726,0.905281,0.940775,0.966594,0.995552,78,61,59,31,2,1,1,5,1413,977,869,644
2026/02/04/21:03:54,4619.488280,0.892813,0.928301,0.938813,0.972458,77,58,58,32,2,0,0,4,1414,980,870,644
2026/02/04/21:03:55,4620.488896,0.892813,0.928301,0.934937,0.957996,77,58,58,32,2,0,0,3,1414,980,870,644
2026/02/04/21:03:56,4621.489611,0.886906,0.925302,0.929031,0.954997,77,58,58,31,2,0,0,3,1414,980,870,645
2026/02/04/21:03:57,4622.490204,0.886906,0.925302,0.929031,0.954997,77,58,58,31,2,0,0,3,1414,980,870,645
2026/02/04/21:03:58,4623.490771,0.883656,0.918987,0.925781,0.948681,77,58,56,31,2,0,0,3,1414,980,872,645
2026/02/04/21:03:59,4624.496953,0.883656,0.918987,0.925781,0.948681,77,58,56,31,2,0,0,3,1414,980,872,645
2026/02/04/21:04:00,4625.515553,0.905375,0.931224,0.969906,0.972346,77,63,56,31,4,1,0,3,1414,980,872,645
2026/02/04/21:04:01,4626.516106,0.917844,0.937833,0.982375,0.978954,77,63,57,34,4,1,0,3,1414,980,872,645
2026/02/04/21:04:02,4627.516681,0.917844,0.937833,0.982375,0.978954,77,63,57,34,4,1,0,3,1414,980,872,645
2026/02/04/21:04:03,4628.517227,0.913031,0.934468,0.963156,0.968061,78,61,57,34,3,0,0,3,1414,982,872,645
2026/02/04/21:04:04,4629.517848,0.900813,0.925414,0.930594,0.953201,76,61,57,32,1,0,0,3,1417,982,872,647
2026/02/04/21:04:05,4630.518358,0.900813,0.925414,0.930594,0.953201,76,61,57,32,1,0,0,3,1417,982,872,647
2026/02/04/21:04:06,4631.519015,0.896125,0.923536,0.925906,0.951323,76,61,56,32,1,0,0,3,1417,982,873,647
2026/02/04/21:04:07,4632.519625,0.896125,0.923536,0.925906,0.951323,76,61,56,32,1,0,0,3,1417,982,873,647
2026/02/04/21:04:08,4633.520251,0.887219,0.918561,0.917000,0.946348,76,58,56,32,1,0,0,3,1417,985,873,647
2026/02/04/21:04:09,4634.520792,0.887219,0.918561,0.917000,0.946348,76,58,56,32,1,0,0,3,1417,985,873,647
2026/02/04/21:04:10,4635.521225,0.885469,0.915507,0.915250,0.943294,76,57,56,32,1,0,0,3,1417,986,873,647
2026/02/04/21:04:11,4636.521772,0.885469,0.915507,0.915250,0.943294,76,57,56,32,1,0,0,3,1417,986,873,647
2026/02/04/21:04:14,4639.497942,0.885469,0.915507,0.902750,0.941607,76,57,56,32,1,0,0,2,1417,986,873,647
2026/02/04/21:04:15,4640.498590,0.882406,0.918311,0.897125,0.933179,76,54,56,33,1,0,0,1,1417,989,873,647
2026/02/04/21:04:16,4641.499154,0.882406,0.918311,0.897125,0.933179,76,54,56,33,1,0,0,1,1417,989,873,647
2026/02/04/21:04:17,4642.499850,0.882406,0.918311,0.897125,0.933179,76,54,56,33,1,0,0,1,1417,989,873,647
2026/02/04/21:04:18,4643.500548,0.882406,0.918311,0.897125,0.933179,76,54,56,33,1,0,0,1,1417,989,873,647
2026/02/04/21:04:19,4644.501171,0.882406,0.918311,0.897125,0.933179,76,54,56,33,1,0,0,1,1417,989,873,647
2026/02/04/21:04:20,4645.501704,0.882406,0.918311,0.897125,0.933179,76,54,56,33,1,0,0,1,1417,989,873,647
2026/02/04/21:04:21,4646.502281,0.882406,0.918311,0.897125,0.933179,76,54,56,33,1,0,0,1,1417,989,873,647
2026/02/04/21:04:22,4647.502885,0.882406,0.918311,0.897125,0.933179,76,54,56,33,1,0,0,1,1417,989,873,647
2026/02/04/21:04:23,4648.503320,0.882406,0.918311,0.897125,0.933179,76,54,56,33,1,0,0,1,1417,989,873,647
2026/02/04/21:04:24,4649.503833,0.882406,0.918311,0.897125,0.933179,76,54,56,33,1,0,0,1,1417,989,873,647
2026/02/04/21:04:25,4650.538214,0.882406,0.918311,0.897125,0.933179,76,54,56,33,1,0,0,1,1417,989,873,647
2026/02/04/21:04:28,4653.101282,0.876313,0.916388,0.925438,0.968686,75,54,56,33,1,3,2,6,1418,989,873,647
2026/02/04/21:04:29,4654.101740,0.891531,0.935777,0.925438,0.968686,75,54,58,37,1,3,0,2,1418,989,873,647
2026/02/04/21:04:30,4655.102337,0.887719,0.930236,0.921625,0.963145,75,54,56,37,1,3,0,2,1418,989,875,647
2026/02/04/21:04:31,4656.103033,0.882219,0.923783,0.896938,0.938651,75,54,56,36,1,0,0,1,1418,989,875,648
2026/02/04/21:04:32,4657.103655,0.877094,0.901320,0.891813,0.916188,75,54,56,34,1,0,0,1,1418,989,875,650
2026/02/04/21:04:33,4658.104321,0.877094,0.901320,0.891813,0.916188,75,54,56,34,1,0,0,1,1418,989,875,650
2026/02/04/21:04:34,4659.104984,0.870469,0.871701,0.882812,0.873609,74,54,56,32,1,0,0,0,1419,989,875,652
2026/02/04/21:04:35,4660.105689,0.880531,0.890018,0.892875,0.891925,74,54,59,34,1,0,0,0,1419,989,875,652
2026/02/04/21:04:36,4661.106306,0.880531,0.890018,0.892875,0.891925,74,54,59,34,1,0,0,0,1419,989,875,652
2026/02/04/21:04:37,4662.107380,0.880531,0.890018,0.892875,0.891925,74,54,59,34,1,0,0,0,1419,989,875,652
2026/02/04/21:04:38,4663.108106,0.878656,0.887941,0.891000,0.889849,74,53,59,34,1,0,0,0,1419,990,875,652
2026/02/04/21:04:39,4664.108731,0.872656,0.873818,0.885000,0.875725,74,53,56,34,1,0,0,0,1419,990,878,652
2026/02/04/21:04:40,4665.109513,0.872656,0.873818,0.885000,0.875725,74,53,56,34,1,0,0,0,1419,990,878,652
2026/02/04/21:04:41,4666.160968,0.872656,0.873818,0.885000,0.875725,74,53,56,34,1,0,0,0,1419,990,878,652
2026/02/04/21:04:42,4667.161545,0.872563,0.869065,0.872563,0.869065,75,51,56,34,0,0,0,0,1419,992,878,652
2026/02/04/21:04:43,4668.162125,0.872563,0.869065,0.872563,0.869065,75,51,56,34,0,0,0,0,1419,992,878,652
2026/02/04/21:04:44,4669.162894,0.870812,0.864729,0.870812,0.864729,75,51,55,34,0,0,0,0,1419,992,879,652
2026/02/04/21:04:45,4670.163632,0.848875,0.858860,0.848875,0.858860,75,51,53,34,0,0,0,0,1419,992,881,652
2026/02/04/21:04:46,4671.164405,0.848875,0.858860,0.848875,0.858860,75,51,53,34,0,0,0,0,1419,992,881,652
2026/02/04/21:04:47,4672.165043,0.848875,0.858860,0.848875,0.858860,75,51,53,34,0,0,0,0,1419,992,881,652
2026/02/04/21:04:48,4673.165803,0.848875,0.858860,0.848875,0.858860,75,51,53,34,0,0,0,0,1419,992,881,652
2026/02/04/21:04:49,4674.166453,0.845375,0.852921,0.845375,0.852921,75,49,53,34,0,0,0,0,1419,994,881,652
2026/02/04/21:04:50,4675.167058,0.845375,0.852921,0.845375,0.852921,75,49,53,34,0,0,0,0,1419,994,881,652
2026/02/04/21:04:51,4676.167693,0.845375,0.852921,0.845375,0.852921,75,49,53,34,0,0,0,0,1419,994,881,652
2026/02/04/21:04:52,4677.168434,0.845375,0.852921,0.845375,0.852921,75,49,53,34,0,0,0,0,1419,994,881,652
2026/02/04/21:04:53,4678.169074,0.845375,0.852921,0.845375,0.852921,75,49,53,34,0,0,0,0,1419,994,881,652
2026/02/04/21:04:54,4679.169807,0.839469,0.845525,0.839469,0.845525,75,49,53,31,0,0,0,0,1419,994,881,655
2026/02/04/21:04:55,4680.170516,0.839469,0.845525,0.839469,0.845525,75,49,53,31,0,0,0,0,1419,994,881,655
2026/02/04/21:04:56,4681.184762,0.891344,0.868658,0.904969,0.877827,77,51,54,36,1,0,0,0,1419,994,881,655
2026/02/04/21:04:57,4682.185252,0.891344,0.868658,0.918094,0.890794,77,51,54,36,1,0,0,3,1419,994,881,655
2026/02/04/21:04:58,4683.185844,0.889969,0.865260,0.912344,0.883073,77,51,54,35,1,0,0,2,1419,994,881,657
2026/02/04/21:04:59,4684.186344,0.857906,0.861261,0.857906,0.861261,75,49,54,34,0,0,0,0,1421,996,881,660
2026/02/04/21:05:00,4685.187150,0.857906,0.861261,0.857906,0.861261,75,49,54,34,0,0,0,0,1421,996,881,660
2026/02/04/21:05:01,4686.187972,0.857906,0.861261,0.857906,0.861261,75,49,54,34,0,0,0,0,1421,996,881,660
2026/02/04/21:05:02,4687.188560,0.857906,0.861261,0.857906,0.861261,75,49,54,34,0,0,0,0,1421,996,881,660
2026/02/04/21:05:03,4688.189153,0.857906,0.861261,0.857906,0.861261,75,49,54,34,0,0,0,0,1421,996,881,660
2026/02/04/21:05:04,4689.189733,0.857906,0.861261,0.857906,0.861261,75,49,54,34,0,0,0,0,1421,996,881,660
2026/02/04/21:05:05,4690.190308,0.857906,0.861261,0.857906,0.861261,75,49,54,34,0,0,0,0,1421,996,881,660
2026/02/04/21:05:06,4691.190879,0.857906,0.861261,0.857906,0.861261,75,49,54,34,0,0,0,0,1421,996,881,660
2026/02/04/21:05:07,4692.191509,0.857906,0.861261,0.857906,0.861261,75,49,54,34,0,0,0,0,1421,996,881,660
2026/02/04/21:05:08,4693.192220,0.844781,0.848294,0.844781,0.848294,75,49,54,31,0,0,0,0,1421,996,881,663
2026/02/04/21:05:09,4694.192923,0.844781,0.848294,0.844781,0.848294,75,49,54,31,0,0,0,0,1421,996,881,663
2026/02/04/21:05:10,4695.193770,0.844781,0.848294,0.844781,0.848294,75,49,54,31,0,0,0,0,1421,996,881,663
2026/02/04/21:05:11,4696.194343,0.844781,0.848294,0.844781,0.848294,75,49,54,31,0,0,0,0,1421,996,881,663
2026/02/04/21:05:12,4697.194951,0.844781,0.848294,0.844781,0.848294,75,49,54,31,0,0,0,0,1421,996,881,663
2026/02/04/21:05:13,4698.195654,0.844781,0.848294,0.844781,0.848294,75,49,54,31,0,0,0,0,1421,996,881,663
2026/02/04/21:05:14,4699.196337,0.844781,0.848294,0.844781,0.848294,75,49,54,31,0,0,0,0,1421,996,881,663
2026/02/04/21:05:15,4700.197181,0.844781,0.848294,0.844781,0.848294,75,49,54,31,0,0,0,0,1421,996,881,663
2026/02/04/21:05:16,4701.197884,0.839469,0.845525,0.839469,0.845525,75,49,53,31,0,0,0,0,1421,996,882,663
2026/02/04/21:05:17,4702.198689,0.839469,0.845525,0.839469,0.845525,75,49,53,31,0,0,0,0,1421,996,882,663
2026/02/04/21:05:18,4703.249526,0.882437,0.895312,0.882437,0.895312,79,51,56,34,0,0,0,0,1421,996,882,663
2026/02/04/21:05:19,4704.250107,0.901094,0.908337,0.904125,0.911338,80,54,58,34,1,0,0,0,1421,996,882,663
2026/02/04/21:05:20,4705.250451,0.895125,0.902593,0.895125,0.902593,81,54,56,32,0,0,0,0,1421,996,884,665
2026/02/04/21:05:21,4706.250818,0.895125,0.902593,0.895125,0.902593,81,54,56,32,0,0,0,0,1421,996,884,665
2026/02/04/21:05:22,4707.251368,0.872156,0.884238,0.872156,0.884238,79,52,53,33,0,0,0,0,1423,998,887,665
2026/02/04/21:05:23,4708.252042,0.872156,0.884238,0.872156,0.884238,79,52,53,33,0,0,0,0,1423,998,887,665
2026/02/04/21:05:24,4709.252715,0.872156,0.884238,0.872156,0.884238,79,52,53,33,0,0,0,0,1423,998,887,665
2026/02/04/21:05:25,4710.253420,0.867969,0.862991,0.867969,0.862991,77,52,53,33,0,0,0,0,1425,998,887,665
2026/02/04/21:05:26,4711.253976,0.856250,0.855234,0.856250,0.855234,77,52,53,30,0,0,0,0,1425,998,887,668
2026/02/04/21:05:27,4712.254687,0.839500,0.843760,0.839500,0.843760,75,49,53,30,0,0,0,0,1427,1001,887,668
2026/02/04/21:05:28,4713.255350,0.839500,0.843760,0.839500,0.843760,75,49,53,30,0,0,0,0,1427,1001,887,668
2026/02/04/21:05:29,4714.255996,0.839500,0.843760,0.839500,0.843760,75,49,53,30,0,0,0,0,1427,1001,887,668
2026/02/04/21:05:30,4715.256780,0.823937,0.835418,0.823937,0.835418,74,49,53,30,0,0,0,0,1428,1001,887,668
2026/02/04/21:05:31,4716.257443,0.823937,0.835418,0.823937,0.835418,74,49,53,30,0,0,0,0,1428,1001,887,668
2026/02/04/21:05:32,4717.257953,0.823937,0.835418,0.823937,0.835418,74,49,53,30,0,0,0,0,1428,1001,887,668
2026/02/04/21:05:33,4718.258592,0.828438,0.847077,0.828438,0.847077,74,51,53,30,0,0,0,0,1428,1001,887,668
2026/02/04/21:05:34,4719.259264,0.848406,0.855615,0.848406,0.855615,74,51,53,33,0,0,0,0,1428,1001,887,668
2026/02/04/21:05:35,4720.259728,0.848406,0.855615,0.848406,0.855615,74,51,53,33,0,0,0,0,1428,1001,887,668
2026/02/04/21:05:36,4721.260313,0.848406,0.855615,0.848406,0.855615,74,51,53,33,0,0,0,0,1428,1001,887,668
2026/02/04/21:05:37,4722.260921,0.848406,0.855615,0.848406,0.855615,74,51,53,33,0,0,0,0,1428,1001,887,668
2026/02/04/21:05:38,4723.261622,0.855031,0.861560,0.855031,0.861560,74,53,53,34,0,0,0,0,1428,1001,887,668
2026/02/04/21:05:39,4724.262309,0.855031,0.861560,0.855031,0.861560,74,53,53,34,0,0,0,0,1428,1001,887,668
2026/02/04/21:05:40,4725.263028,0.855031,0.861560,0.855031,0.861560,74,53,53,34,0,0,0,0,1428,1001,887,668
2026/02/04/21:05:41,4726.263624,0.848406,0.855615,0.848406,0.855615,74,51,53,33,0,0,0,0,1428,1003,887,669
2026/02/04/21:05:42,4727.264210,0.848406,0.855615,0.848406,0.855615,74,51,53,33,0,0,0,0,1428,1003,887,669
2026/02/04/21:05:43,4728.264896,0.848406,0.855615,0.848406,0.855615,74,51,53,33,0,0,0,0,1428,1003,887,669
2026/02/04/21:05:44,4729.265584,0.848406,0.855615,0.848406,0.855615,74,51,53,33,0,0,0,0,1428,1003,887,669
2026/02/04/21:05:45,4730.266296,0.867437,0.865233,0.867437,0.865233,78,51,53,33,0,0,0,0,1428,1003,887,669
2026/02/04/21:05:46,4731.266966,0.861906,0.864697,0.861906,0.864697,80,51,55,30,0,0,0,0,1428,1003,887,672
2026/02/04/21:05:47,4732.267520,0.865125,0.866714,0.865125,0.866714,80,52,55,30,0,0,0,0,1428,1003,887,672
2026/02/04/21:05:48,4733.268142,0.865125,0.866714,0.865125,0.866714,80,52,55,30,0,0,0,0,1428,1003,887,672
2026/02/04/21:05:49,4734.268793,0.862594,0.864417,0.862594,0.864417,79,52,55,30,0,0,0,0,1429,1003,887,672
2026/02/04/21:05:50,4735.269496,0.855469,0.850375,0.855469,0.850375,79,49,55,30,0,0,0,0,1429,1006,887,672
2026/02/04/21:05:51,4736.269989,0.845656,0.846395,0.845656,0.846395,79,49,53,30,0,0,0,0,1429,1006,889,672
2026/02/04/21:05:52,4737.270697,0.834656,0.839647,0.834656,0.839647,79,48,53,27,0,0,0,0,1429,1007,889,675
2026/02/04/21:05:53,4738.271395,0.833000,0.838027,0.833000,0.838027,78,48,53,27,0,0,0,0,1430,1007,889,675
2026/02/04/21:05:54,4739.272143,0.833000,0.838027,0.833000,0.838027,78,48,53,27,0,0,0,0,1430,1007,889,675
2026/02/04/21:05:55,4740.273002,0.833000,0.838027,0.833000,0.838027,78,48,53,27,0,0,0,0,1430,1007,889,675
2026/02/04/21:05:56,4741.273839,0.833000,0.838027,0.833000,0.838027,78,48,53,27,0,0,0,0,1430,1007,889,675
2026/02/04/21:05:57,4742.274486,0.833000,0.838027,0.833000,0.838027,78,48,53,27,0,0,0,0,1430,1007,889,675
2026/02/04/21:05:58,4743.275091,0.833000,0.838027,0.833000,0.838027,78,48,53,27,0,0,0,0,1430,1007,889,675
2026/02/04/21:05:59,4744.275836,0.833000,0.838027,0.833000,0.838027,78,48,53,27,0,0,0,0,1430,1007,889,675
2026/02/04/21:06:00,4745.276381,0.833000,0.838027,0.833000,0.838027,78,48,53,27,0,0,0,0,1430,1007,889,675
2026/02/04/21:06:01,4746.276993,0.833000,0.838027,0.833000,0.838027,78,48,53,27,0,0,0,0,1430,1007,889,675
2026/02/04/21:06:02,4747.277746,0.833000,0.838027,0.833000,0.838027,78,48,53,27,0,0,0,0,1430,1007,889,675
2026/02/04/21:06:03,4748.278325,0.833000,0.838027,0.833000,0.838027,78,48,53,27,0,0,0,0,1430,1007,889,675
2026/02/04/21:06:04,4749.278908,0.833000,0.838027,0.833000,0.838027,78,48,53,27,0,0,0,0,1430,1007,889,675
2026/02/04/21:06:05,4750.279589,0.833000,0.838027,0.833000,0.838027,78,48,53,27,0,0,0,0,1430,1007,889,675
2026/02/04/21:06:06,4751.280291,0.833000,0.838027,0.833000,0.838027,78,48,53,27,0,0,0,0,1430,1007,889,675
2026/02/04/21:06:07,4752.280986,0.833000,0.838027,0.845750,0.848427,78,48,53,27,3,2,0,0,1430,1007,889,675
2026/02/04/21:06:08,4753.281609,0.845750,0.848427,0.845750,0.848427,81,50,53,27,0,0,0,0,1430,1007,889,675
2026/02/04/21:06:09,4754.282352,0.845750,0.848427,0.845750,0.848427,81,50,53,27,0,0,0,0,1430,1007,889,675
2026/02/04/21:06:10,4755.282896,0.845750,0.848427,0.845750,0.848427,81,50,53,27,0,0,0,0,1430,1007,889,675
2026/02/04/21:06:11,4756.283554,0.845750,0.848427,0.845750,0.848427,81,50,53,27,0,0,0,0,1430,1007,889,675
2026/02/04/21:06:12,4757.284276,0.845750,0.848427,0.845750,0.848427,81,50,53,27,0,0,0,0,1430,1007,889,675
2026/02/04/21:06:13,4758.285119,0.845750,0.848427,0.845750,0.848427,81,50,53,27,0,0,0,0,1430,1007,889,675
2026/02/04/21:06:14,4759.285814,0.875281,0.854960,0.875281,0.854960,84,50,53,27,0,0,0,0,1430,1007,889,675
2026/02/04/21:06:15,4760.286446,0.875281,0.854960,0.875281,0.854960,84,50,53,27,0,0,0,0,1430,1007,889,675
2026/02/04/21:06:16,4761.287061,0.858250,0.860543,0.880469,0.885557,81,51,54,30,0,0,3,0,1433,1007,889,675
2026/02/04/21:06:17,4762.287644,0.858250,0.860543,0.880469,0.885557,81,51,54,30,0,0,3,0,1433,1007,889,675
2026/02/04/21:06:18,4763.288028,0.876062,0.882243,0.876062,0.882243,84,56,54,27,0,0,0,0,1433,1008,889,678
2026/02/04/21:06:19,4764.288635,0.880625,0.902931,0.886125,0.919893,86,56,54,27,2,0,0,0,1433,1008,889,678
2026/02/04/21:06:20,4765.289757,0.886375,0.914389,0.894750,0.936777,87,58,53,27,3,0,0,0,1433,1008,890,678
2026/02/04/21:06:21,4766.290192,0.893219,0.911011,0.905062,0.926626,87,58,54,27,2,0,1,0,1434,1008,890,678
2026/02/04/21:06:22,4767.290844,0.896312,0.909150,0.901937,0.923057,85,58,55,27,2,0,0,0,1436,1008,890,678
2026/02/04/21:06:23,4768.291508,0.879781,0.903480,0.885406,0.917387,85,57,53,27,2,0,0,0,1436,1009,892,678
2026/02/04/21:06:24,4769.292029,0.850437,0.866060,0.850437,0.866060,83,50,53,27,0,0,0,0,1439,1016,892,678
2026/02/04/21:06:25,4770.292622,0.854531,0.867655,0.858625,0.869250,83,50,54,27,0,0,1,0,1439,1016,892,678
2026/02/04/21:06:26,4771.293338,0.877875,0.887123,0.881000,0.898011,83,54,55,27,0,1,0,0,1439,1016,892,678
2026/02/04/21:06:27,4772.293886,0.886656,0.898756,0.908500,0.955448,84,55,55,28,0,4,0,2,1439,1016,892,678
2026/02/04/21:06:28,4773.294573,0.886656,0.898756,0.908500,0.955448,84,55,55,28,0,4,0,2,1439,1016,892,678
2026/02/04/21:06:29,4774.295147,0.874531,0.889946,0.896375,0.946639,83,54,53,28,0,4,0,2,1440,1017,894,678
2026/02/04/21:06:30,4775.295714,0.879437,0.895286,0.889563,0.906484,82,56,53,28,0,2,0,0,1441,1017,894,678
2026/02/04/21:06:31,4776.296172,0.905188,0.917237,0.979094,0.971316,84,57,59,28,0,5,3,2,1441,1017,894,678
2026/02/04/21:06:32,4777.297004,0.923250,0.932390,0.990625,0.981930,86,57,62,29,0,4,3,2,1441,1017,894,678
2026/02/04/21:06:33,4778.297486,0.913000,0.926856,0.992563,0.981542,87,56,60,30,0,5,3,2,1442,1019,897,678
2026/02/04/21:06:34,4779.298002,0.917750,0.934891,1.019562,0.996231,85,56,61,31,1,5,5,2,1444,1019,897,678
2026/02/04/21:06:35,4780.298560,0.912563,0.921235,1.001688,0.977569,82,57,58,31,1,4,4,2,1447,1019,901,678
2026/02/04/21:06:36,4781.299084,0.912563,0.921235,0.981281,0.941699,82,57,58,31,1,3,4,0,1447,1019,901,678
2026/02/04/21:06:37,4782.299743,0.901594,0.908232,0.964875,0.925562,81,56,55,31,1,2,4,0,1448,1021,904,678
2026/02/04/21:06:38,4783.300405,0.891656,0.907511,0.941813,0.919779,81,57,53,31,1,1,3,0,1448,1021,906,678
2026/02/04/21:06:39,4784.301095,0.891656,0.907511,0.934813,0.915256,81,57,53,31,1,0,3,0,1448,1021,906,678
2026/02/04/21:06:40,4785.301677,0.891656,0.907511,0.934813,0.915256,81,57,53,31,1,0,3,0,1448,1021,906,678
2026/02/04/21:06:41,4786.302356,0.887781,0.888994,0.930937,0.896739,81,57,53,29,1,0,3,0,1448,1021,906,680
2026/02/04/21:06:42,4787.302925,0.887781,0.888994,0.924063,0.893941,81,57,53,29,0,0,3,0,1448,1021,906,680
2026/02/04/21:06:43,4788.303678,0.887781,0.888994,0.924063,0.893941,81,57,53,29,0,0,3,0,1448,1021,906,680
2026/02/04/21:06:44,4789.304162,0.881531,0.867218,0.917813,0.872165,81,55,53,29,0,0,3,0,1448,1023,906,680
2026/02/04/21:06:45,4790.304897,0.876094,0.857063,0.912375,0.862010,78,55,53,29,0,0,3,0,1451,1023,906,680
2026/02/04/21:06:46,4791.305379,0.876094,0.857063,0.912375,0.862010,78,55,53,29,0,0,3,0,1451,1023,906,680
2026/02/04/21:06:47,4792.305942,0.876094,0.857063,0.912375,0.862010,78,55,53,29,0,0,3,0,1451,1023,906,680
2026/02/04/21:06:48,4793.306474,0.880625,0.844575,0.904813,0.847873,78,53,54,28,0,0,2,0,1451,1025,906,681
2026/02/04/21:06:49,4794.307133,0.880625,0.844575,0.904813,0.847873,78,53,54,28,0,0,2,0,1451,1025,906,681
2026/02/04/21:06:50,4795.307802,0.880625,0.844575,0.904813,0.847873,78,53,54,28,0,0,2,0,1451,1025,906,681
2026/02/04/21:06:51,4796.308356,0.880625,0.844575,0.904813,0.847873,78,53,54,28,0,0,2,0,1451,1025,906,681
2026/02/04/21:06:52,4797.338086,0.880625,0.844575,0.904813,0.847873,78,53,54,28,0,0,2,0,1451,1025,906,681
2026/02/04/21:06:53,4798.338729,0.878812,0.830980,0.903000,0.834278,78,53,53,28,0,0,2,0,1451,1025,907,681
2026/02/04/21:06:54,4799.339394,0.903531,0.859460,0.970219,0.873813,79,53,53,36,1,3,2,0,1451,1025,907,681
2026/02/04/21:06:55,4800.339702,0.903531,0.859460,0.970219,0.873813,79,53,53,36,1,3,2,0,1451,1025,907,681
2026/02/04/21:06:56,4801.340278,0.903531,0.859460,0.960250,0.870963,79,53,53,36,0,3,2,0,1451,1025,907,681
2026/02/04/21:06:57,4802.341099,0.899156,0.851520,0.955875,0.863024,79,53,53,34,0,3,2,0,1451,1025,907,683
2026/02/04/21:06:58,4803.341762,0.899156,0.851520,0.955875,0.863024,79,53,53,34,0,3,2,0,1451,1025,907,683
2026/02/04/21:06:59,4804.342573,0.899156,0.851520,0.955875,0.863024,79,53,53,34,0,3,2,0,1451,1025,907,683
2026/02/04/21:07:00,4805.343364,0.899156,0.851520,0.955875,0.863024,79,53,53,34,0,3,2,0,1451,1025,907,683
2026/02/04/21:07:01,4806.343935,0.899156,0.851520,0.955875,0.863024,79,53,53,34,0,3,2,0,1451,1025,907,683
2026/02/04/21:07:02,4807.344514,0.899156,0.851520,0.955875,0.863024,79,53,53,34,0,3,2,0,1451,1025,907,683
2026/02/04/21:07:03,4808.344999,0.899156,0.851520,0.955875,0.863024,79,53,53,34,0,3,2,0,1451,1025,907,683
2026/02/04/21:07:04,4809.345586,0.884125,0.840005,0.940844,0.851509,79,53,53,30,0,3,2,0,1451,1025,907,687
2026/02/04/21:07:05,4810.379625,0.884125,0.840005,0.940844,0.851509,79,53,53,30,0,3,2,0,1451,1025,907,687
2026/02/04/21:07:06,4811.468762,0.884125,0.840005,0.940844,0.851509,79,53,53,30,0,3,2,0,1451,1025,907,687
2026/02/04/21:07:10,4815.152090,0.884125,0.840005,0.940844,0.851509,79,53,53,30,0,3,2,0,1451,1025,907,687
2026/02/04/21:07:11,4816.152402,0.902875,0.839041,0.936656,0.846160,79,54,54,29,0,2,1,0,1451,1025,907,688
2026/02/04/21:07:12,4817.153000,0.899406,0.837913,0.922344,0.842297,79,53,54,29,0,1,1,0,1451,1027,907,688
2026/02/04/21:07:13,4818.153730,0.899406,0.837913,0.922344,0.842297,79,53,54,29,0,1,1,0,1451,1027,907,688
2026/02/04/21:07:14,4819.154487,0.899406,0.837913,0.922344,0.842297,79,53,54,29,0,1,1,0,1451,1027,907,688
2026/02/04/21:07:15,4820.155221,0.899406,0.837913,0.922344,0.842297,79,53,54,29,0,1,1,0,1451,1027,907,688
2026/02/04/21:07:16,4821.156278,0.893687,0.827720,0.916625,0.832104,79,53,54,26,0,1,1,0,1451,1027,907,691
2026/02/04/21:07:17,4822.156937,0.916594,0.884886,0.946000,0.890965,82,58,54,26,1,1,1,0,1451,1027,907,691
2026/02/04/21:07:18,4823.157607,0.908406,0.888923,0.920500,0.890572,83,58,55,26,0,0,1,0,1451,1029,907,691
2026/02/04/21:07:19,4824.158105,0.895469,0.885534,0.907563,0.887183,81,58,55,26,0,0,1,0,1453,1029,907,691
2026/02/04/21:07:20,4825.158673,0.891594,0.881311,0.903687,0.882960,81,57,54,26,0,0,1,0,1453,1030,908,691
2026/02/04/21:07:21,4826.159502,0.888656,0.876333,0.900750,0.877982,81,56,54,26,0,0,1,0,1453,1031,908,691
2026/02/04/21:07:22,4827.160100,0.883875,0.847919,0.895969,0.849568,81,53,54,26,0,0,1,0,1453,1034,908,691
2026/02/04/21:07:23,4828.237997,0.883875,0.847919,0.895969,0.849568,81,53,54,26,0,0,1,0,1453,1034,908,691
2026/02/04/21:07:24,4829.238721,0.883875,0.847919,0.895969,0.849568,81,53,54,26,0,0,1,0,1453,1034,908,691
2026/02/04/21:07:25,4830.239247,0.879750,0.844396,0.891844,0.846045,81,51,54,26,0,0,1,0,1453,1036,908,691
2026/02/04/21:07:26,4831.239769,0.886125,0.850125,0.898219,0.851774,81,51,57,26,0,0,1,0,1453,1036,908,691
2026/02/04/21:07:27,4832.240350,0.906312,0.862792,0.929063,0.866810,83,52,59,26,0,2,0,0,1454,1036,908,691
2026/02/04/21:07:28,4833.241048,0.889813,0.855471,0.912563,0.859489,80,52,59,26,0,2,0,0,1457,1036,908,691
2026/02/04/21:07:29,4834.241714,0.887938,0.853381,0.910687,0.857398,80,52,58,26,0,2,0,0,1457,1036,909,691
2026/02/04/21:07:30,4835.242352,0.887938,0.853381,0.910687,0.857398,80,52,58,26,0,2,0,0,1457,1036,909,691
2026/02/04/21:07:31,4836.242932,0.887938,0.853381,0.910687,0.857398,80,52,58,26,0,2,0,0,1457,1036,909,691
2026/02/04/21:07:32,4837.243319,0.887938,0.853381,0.910687,0.857398,80,52,58,26,0,2,0,0,1457,1036,909,691
2026/02/04/21:07:33,4838.299642,0.885062,0.851425,0.907813,0.855443,80,51,58,26,0,2,0,0,1457,1037,909,691
2026/02/04/21:07:34,4839.300000,0.876437,0.844548,0.899188,0.848565,77,51,58,26,0,2,0,0,1460,1037,909,691
2026/02/04/21:07:35,4840.300441,0.876437,0.844548,0.899188,0.848565,77,51,58,26,0,2,0,0,1460,1037,909,691
2026/02/04/21:07:36,4841.300905,0.899188,0.848565,0.899188,0.848565,77,53,58,26,0,0,0,0,1462,1037,909,691
2026/02/04/21:07:37,4842.301535,0.892813,0.842837,0.892813,0.842837,77,53,55,26,0,0,0,0,1462,1037,912,691
2026/02/04/21:07:38,4843.302049,0.900281,0.852848,0.926406,0.861655,80,53,55,27,2,0,0,0,1462,1037,912,691
2026/02/04/21:07:39,4844.302613,0.900281,0.852848,0.926406,0.861655,80,53,55,27,2,0,0,0,1462,1037,912,691
2026/02/04/21:07:40,4845.303116,0.898656,0.851071,0.924781,0.859878,79,53,55,27,2,0,0,0,1463,1037,912,691
2026/02/04/21:07:41,4846.303692,0.898656,0.851071,0.924781,0.859878,79,53,55,27,2,0,0,0,1463,1037,912,691
2026/02/04/21:07:42,4847.304379,0.898656,0.851071,0.924781,0.859878,79,53,55,27,2,0,0,0,1463,1037,912,691
2026/02/04/21:07:43,4848.304832,0.898656,0.851071,0.924781,0.859878,79,53,55,27,2,0,0,0,1463,1037,912,691
2026/02/04/21:07:44,4849.305366,0.891906,0.831078,0.918031,0.839885,77,53,55,27,2,0,0,0,1465,1037,912,691
2026/02/04/21:07:45,4850.367406,0.891906,0.831078,0.918031,0.839885,77,53,55,27,2,0,0,0,1465,1037,912,691
2026/02/04/21:07:46,4851.438044,0.888344,0.807939,0.914469,0.816745,75,53,55,27,2,0,0,0,1467,1037,912,691
2026/02/04/21:07:47,4852.453776,0.888344,0.807939,0.914469,0.816745,75,53,55,27,2,0,0,0,1467,1037,912,691
2026/02/04/21:07:48,4853.454259,0.877250,0.800949,0.919281,0.828473,73,53,55,27,6,0,0,0,1469,1037,912,691
2026/02/04/21:07:50,4855.582628,0.911906,0.814853,0.911906,0.814853,77,52,55,27,0,0,0,0,1471,1038,912,691
2026/02/04/21:07:51,4856.583414,0.908531,0.808214,0.908531,0.808214,75,52,55,27,0,0,0,0,1473,1038,912,691
2026/02/04/21:07:52,4857.584024,0.908531,0.808214,0.908531,0.808214,75,52,55,27,0,0,0,0,1473,1038,912,691
2026/02/04/21:07:53,4858.584661,0.882406,0.799407,0.882406,0.799407,73,52,55,27,0,0,0,0,1475,1038,912,691
2026/02/04/21:07:54,4859.585365,0.882406,0.799407,0.882406,0.799407,73,52,55,27,0,0,0,0,1475,1038,912,691
2026/02/04/21:07:55,4860.585811,0.882406,0.799407,0.882406,0.799407,73,52,55,27,0,0,0,0,1475,1038,912,691
2026/02/04/21:07:56,4861.586346,0.882406,0.799407,0.882406,0.799407,73,52,55,27,0,0,0,0,1475,1038,912,691
2026/02/04/21:07:57,4862.586986,0.894469,0.830041,0.894469,0.830041,75,54,55,27,0,0,0,0,1475,1038,912,691
2026/02/04/21:07:58,4863.587700,0.894469,0.830041,0.894469,0.830041,75,54,55,27,0,0,0,0,1475,1038,912,691
2026/02/04/21:07:59,4864.588296,0.885844,0.813876,0.885844,0.813876,73,54,55,27,0,0,0,0,1477,1038,912,691
2026/02/04/21:08:00,4865.589024,0.885844,0.813876,0.885844,0.813876,73,54,55,27,0,0,0,0,1477,1038,912,691
2026/02/04/21:08:01,4866.589757,0.885844,0.813876,0.885844,0.813876,73,54,55,27,0,0,0,0,1477,1038,912,691
2026/02/04/21:08:02,4867.590529,0.885844,0.813876,0.885844,0.813876,73,54,55,27,0,0,0,0,1477,1038,912,691
2026/02/04/21:08:03,4868.591213,0.885844,0.813876,0.885844,0.813876,73,54,55,27,0,0,0,0,1477,1038,912,691
2026/02/04/21:08:04,4869.591940,0.885844,0.813876,0.885844,0.813876,73,54,55,27,0,0,0,0,1477,1038,912,691
2026/02/04/21:08:05,4870.592607,0.884031,0.810583,0.884031,0.810583,73,53,55,27,0,0,0,0,1477,1039,912,691
2026/02/04/21:08:06,4871.593305,0.891094,0.828107,0.891094,0.828107,76,53,55,27,0,0,0,0,1477,1039,912,691
2026/02/04/21:08:07,4872.593925,0.891094,0.828107,0.891094,0.828107,76,53,55,27,0,0,0,0,1477,1039,912,691
2026/02/04/21:08:08,4873.594586,0.891094,0.828107,0.891094,0.828107,76,53,55,27,0,0,0,0,1477,1039,912,691
2026/02/04/21:08:09,4874.595198,0.886094,0.820453,0.886094,0.820453,74,53,55,27,0,0,0,0,1479,1039,912,691
2026/02/04/21:08:10,4875.595828,0.886094,0.820453,0.886094,0.820453,74,53,55,27,0,0,0,0,1479,1039,912,691
2026/02/04/21:08:11,4876.597100,0.886094,0.820453,0.886094,0.820453,74,53,55,27,0,0,0,0,1479,1039,912,691
2026/02/04/21:08:12,4877.597876,0.886094,0.820453,0.886094,0.820453,74,53,55,27,0,0,0,0,1479,1039,912,691
2026/02/04/21:08:13,4878.598468,0.863344,0.816436,0.863344,0.816436,74,51,55,27,0,0,0,0,1479,1041,912,691
2026/02/04/21:08:14,4879.599153,0.863344,0.816436,0.863344,0.816436,74,51,55,27,0,0,0,0,1479,1041,912,691
2026/02/04/21:08:15,4880.599945,0.863344,0.816436,0.863344,0.816436,74,51,55,27,0,0,0,0,1479,1041,912,691
2026/02/04/21:08:16,4881.600684,0.863344,0.816436,0.863344,0.816436,74,51,55,27,0,0,0,0,1479,1041,912,691
2026/02/04/21:08:17,4882.601305,0.863344,0.816436,0.863344,0.816436,74,51,55,27,0,0,0,0,1479,1041,912,691
2026/02/04/21:08:18,4883.602011,0.863344,0.816436,0.863344,0.816436,74,51,55,27,0,0,0,0,1479,1041,912,691
2026/02/04/21:08:19,4884.602698,0.863344,0.816436,0.863344,0.816436,74,51,55,27,0,0,0,0,1479,1041,912,691
2026/02/04/21:08:20,4885.603449,0.863344,0.816436,0.863344,0.816436,74,51,55,27,0,0,0,0,1479,1041,912,691
2026/02/04/21:08:21,4886.604060,0.863344,0.816436,0.863344,0.816436,74,51,55,27,0,0,0,0,1479,1041,912,691
2026/02/04/21:08:22,4887.604599,0.883219,0.842133,0.883219,0.842133,77,51,61,27,0,0,0,0,1479,1041,912,691
2026/02/04/21:08:23,4888.605143,0.899687,0.865246,0.899687,0.865246,82,53,61,28,0,0,0,0,1479,1041,912,691
2026/02/04/21:08:24,4889.605724,0.899906,0.863115,0.899906,0.863115,80,53,61,29,0,0,0,0,1481,1041,912,691
2026/02/04/21:08:25,4890.606281,0.902031,0.853928,0.927531,0.862297,80,54,60,28,0,2,1,0,1481,1041,913,692
2026/02/04/21:08:26,4891.606646,0.921344,0.878216,0.956219,0.885400,82,55,62,30,0,1,2,0,1481,1041,913,692
2026/02/04/21:08:27,4892.607317,0.921344,0.878216,0.956219,0.885400,82,55,62,30,0,1,2,0,1481,1041,913,692
2026/02/04/21:08:28,4893.607931,0.925156,0.881880,0.960031,0.889065,84,55,62,30,0,1,2,0,1481,1041,913,692
2026/02/04/21:08:29,4894.608624,0.921281,0.876089,0.956156,0.883273,82,55,62,30,0,1,2,0,1483,1041,913,692
2026/02/04/21:08:30,4895.634232,0.917844,0.873752,0.923219,0.876936,82,55,62,29,0,1,0,0,1483,1041,913,693
2026/02/04/21:08:31,4896.634834,0.913219,0.867311,0.918594,0.870496,80,55,62,29,0,1,0,0,1485,1041,913,693
2026/02/04/21:08:32,4897.635422,0.900375,0.859119,0.900375,0.859119,79,53,62,29,0,0,0,0,1486,1043,913,693
2026/02/04/21:08:33,4898.636065,0.889219,0.845755,0.889219,0.845755,78,51,59,29,0,0,0,0,1487,1045,916,693
2026/02/04/21:08:34,4899.636708,0.889219,0.845755,0.889219,0.845755,78,51,59,29,0,0,0,0,1487,1045,916,693
2026/02/04/21:08:35,4900.637504,0.884844,0.841549,0.884844,0.841549,76,51,59,29,0,0,0,0,1489,1045,916,693
2026/02/04/21:08:36,4901.638112,0.881906,0.839741,0.881906,0.839741,76,51,59,28,0,0,0,0,1489,1045,916,694
2026/02/04/21:08:37,4902.638729,0.881906,0.839741,0.881906,0.839741,76,51,59,28,0,0,0,0,1489,1045,916,694
2026/02/04/21:08:38,4903.639161,0.881906,0.839741,0.881906,0.839741,76,51,59,28,0,0,0,0,1489,1045,916,694
2026/02/04/21:08:39,4904.639748,0.881906,0.839741,0.881906,0.839741,76,51,59,28,0,0,0,0,1489,1045,916,694
2026/02/04/21:08:40,4905.640279,0.881906,0.839741,0.881906,0.839741,76,51,59,28,0,0,0,0,1489,1045,916,694
2026/02/04/21:08:41,4906.640909,0.878094,0.836077,0.878094,0.836077,74,51,59,28,0,0,0,0,1491,1045,916,694
2026/02/04/21:08:42,4907.641503,0.878094,0.836077,0.878094,0.836077,74,51,59,28,0,0,0,0,1491,1045,916,694
2026/02/04/21:08:43,4908.642246,0.878094,0.836077,0.878094,0.836077,74,51,59,28,0,0,0,0,1491,1045,916,694
2026/02/04/21:08:44,4909.642983,0.874406,0.824910,0.874406,0.824910,74,51,57,28,0,0,0,0,1491,1045,918,694
2026/02/04/21:08:45,4910.643645,0.897906,0.870737,0.897906,0.870737,77,51,59,28,0,0,0,0,1491,1045,918,694
2026/02/04/21:08:46,4911.644361,0.907469,0.883731,0.944312,0.894716,76,54,61,28,0,3,0,1,1492,1045,918,694
2026/02/04/21:08:47,4912.645123,0.907469,0.883731,0.944312,0.894716,76,54,61,28,0,3,0,1,1492,1045,918,694
2026/02/04/21:08:48,4913.645940,0.907469,0.883731,0.944312,0.894716,76,54,61,28,0,3,0,1,1492,1045,918,694
2026/02/04/21:08:49,4914.646686,0.896219,0.866170,0.933063,0.877155,76,51,59,28,0,3,0,1,1492,1048,920,694
2026/02/04/21:08:50,4915.647370,0.896219,0.866170,0.933063,0.877155,76,51,59,28,0,3,0,1,1492,1048,920,694
2026/02/04/21:08:51,4916.647937,0.903219,0.874267,0.940063,0.885252,77,51,60,28,0,3,0,1,1492,1048,920,694
2026/02/04/21:08:52,4917.648426,0.903219,0.874267,0.940063,0.885252,77,51,60,28,0,3,0,1,1492,1048,920,694
2026/02/04/21:08:53,4918.649053,0.898125,0.868596,0.934969,0.879581,76,51,60,28,0,3,0,1,1493,1048,920,694
2026/02/04/21:08:54,4919.649158,0.912813,0.879883,0.949656,0.890868,76,54,62,28,0,3,0,1,1493,1048,920,694
2026/02/04/21:08:55,4920.649598,0.910219,0.875825,0.947063,0.886810,76,54,62,27,0,3,0,1,1493,1048,920,695
2026/02/04/21:08:56,4921.650213,0.910219,0.875825,0.934875,0.884403,76,54,62,27,0,3,0,0,1493,1048,920,695
2026/02/04/21:08:57,4922.650737,0.910219,0.875825,0.934875,0.884403,76,54,62,27,0,3,0,0,1493,1048,920,695
2026/02/04/21:08:58,4923.652001,0.908656,0.873948,0.933312,0.882527,76,53,62,27,0,3,0,0,1493,1049,920,695
2026/02/04/21:08:59,4924.652470,0.899531,0.869545,0.924188,0.878123,76,53,60,27,0,3,0,0,1493,1049,922,695
2026/02/04/21:09:00,4925.653145,0.899531,0.869545,0.924188,0.878123,76,53,60,27,0,3,0,0,1493,1049,922,695
2026/02/04/21:09:01,4926.653532,0.895563,0.860911,0.920219,0.869490,75,53,59,27,0,3,0,0,1494,1049,923,695
2026/02/04/21:09:02,4927.664798,0.893656,0.858486,0.918312,0.867065,75,53,58,27,0,3,0,0,1494,1049,924,695
2026/02/04/21:09:03,4928.665390,0.893656,0.858486,0.918312,0.867065,75,53,58,27,0,3,0,0,1494,1049,924,695
2026/02/04/21:09:04,4929.665649,0.893781,0.854802,0.902000,0.857662,75,52,58,27,0,1,0,0,1494,1052,924,695
2026/02/04/21:09:05,4930.666255,0.893781,0.854802,0.902000,0.857662,75,52,58,27,0,1,0,0,1494,1052,924,695
2026/02/04/21:09:06,4931.666922,0.893781,0.854802,0.902000,0.857662,75,52,58,27,0,1,0,0,1494,1052,924,695
2026/02/04/21:09:07,4932.667666,0.893781,0.854802,0.902000,0.857662,75,52,58,27,0,1,0,0,1494,1052,924,695
2026/02/04/21:09:08,4933.668417,0.893781,0.854802,0.902000,0.857662,75,52,58,27,0,1,0,0,1494,1052,924,695
2026/02/04/21:09:09,4934.668851,0.893781,0.854802,0.902000,0.857662,75,52,58,27,0,1,0,0,1494,1052,924,695
2026/02/04/21:09:10,4935.669464,0.893781,0.854802,0.902000,0.857662,75,52,58,27,0,1,0,0,1494,1052,924,695
2026/02/04/21:09:11,4936.670089,0.893781,0.854802,0.902000,0.857662,75,52,58,27,0,1,0,0,1494,1052,924,695
2026/02/04/21:09:12,4937.670183,0.902000,0.857662,0.902000,0.857662,75,53,58,27,0,0,0,0,1495,1052,924,695
2026/02/04/21:09:13,4938.670992,0.902000,0.857662,0.902000,0.857662,75,53,58,27,0,0,0,0,1495,1052,924,695
2026/02/04/21:09:14,4939.671721,0.902000,0.857662,0.902000,0.857662,75,53,58,27,0,0,0,0,1495,1052,924,695
2026/02/04/21:09:15,4940.672427,0.902000,0.857662,0.902000,0.857662,75,53,58,27,0,0,0,0,1495,1052,924,695
2026/02/04/21:09:16,4941.673071,0.902000,0.857662,0.902000,0.857662,75,53,58,27,0,0,0,0,1495,1052,924,695
2026/02/04/21:09:17,4942.673609,0.902000,0.857662,0.902000,0.857662,75,53,58,27,0,0,0,0,1495,1052,924,695
2026/02/04/21:09:18,4943.674097,0.939781,0.890934,0.939781,0.890934,82,54,58,30,0,0,0,0,1495,1052,924,695
2026/02/04/21:09:19,4944.674689,0.942031,0.894945,0.961656,0.903422,82,55,58,30,2,1,0,0,1495,1052,924,695
2026/02/04/21:09:20,4945.675301,0.944750,0.903380,0.982719,0.940557,82,55,59,30,2,3,3,0,1495,1054,924,695
2026/02/04/21:09:21,4946.675747,0.946875,0.895660,0.964250,0.900125,79,58,62,27,2,0,0,0,1498,1054,924,698
2026/02/04/21:09:22,4947.676173,0.942781,0.893233,0.960156,0.897698,79,58,62,26,2,0,0,0,1498,1054,924,699
2026/02/04/21:09:23,4948.677042,0.942781,0.893233,0.960156,0.897698,79,58,62,26,2,0,0,0,1498,1054,924,699
2026/02/04/21:09:24,4949.677571,0.940031,0.887667,0.948719,0.889900,80,55,62,26,1,0,0,0,1498,1057,924,699
2026/02/04/21:09:25,4950.678154,0.936469,0.861556,0.945156,0.863789,80,55,60,26,1,0,0,0,1498,1057,926,699
2026/02/04/21:09:26,4951.678979,0.931031,0.858156,0.939719,0.860388,80,53,60,26,1,0,0,0,1498,1059,926,699
2026/02/04/21:09:27,4952.679710,0.931031,0.858156,0.939719,0.860388,80,53,60,26,1,0,0,0,1498,1059,926,699
2026/02/04/21:09:28,4953.680542,0.931031,0.858156,0.939719,0.860388,80,53,60,26,1,0,0,0,1498,1059,926,699
2026/02/04/21:09:29,4954.681132,0.925656,0.854416,0.934344,0.856648,78,53,60,26,1,0,0,0,1500,1059,926,699
2026/02/04/21:09:30,4955.681743,0.925656,0.854416,0.934344,0.856648,78,53,60,26,1,0,0,0,1500,1059,926,699
2026/02/04/21:09:31,4956.682526,0.925656,0.854416,0.947656,0.875931,78,53,60,26,4,0,1,0,1500,1059,926,699
2026/02/04/21:09:32,4957.683191,0.951187,0.895117,1.004687,0.959394,82,56,62,26,2,5,4,0,1500,1059,926,699
2026/02/04/21:09:33,4958.683897,0.954313,0.901444,1.026094,0.985871,84,56,62,26,2,8,6,0,1500,1059,926,699
2026/02/04/21:09:34,4959.684585,0.953094,0.882299,1.027844,0.973487,85,56,61,26,1,8,6,2,1500,1062,929,699
2026/02/04/21:09:35,4960.685006,0.952281,0.882459,1.017969,0.947403,83,57,61,26,1,7,3,2,1502,1062,929,699
2026/02/04/21:09:36,4961.685568,0.946531,0.877522,1.002625,0.930570,83,57,59,26,1,4,3,2,1502,1065,931,699
2026/02/04/21:09:37,4962.686092,0.933406,0.857887,0.985500,0.900979,78,57,59,26,1,2,3,2,1507,1067,931,699
2026/02/04/21:09:38,4963.686549,0.919406,0.853345,0.957812,0.862349,77,53,57,28,1,0,3,0,1508,1071,933,699
2026/02/04/21:09:39,4964.687143,0.919406,0.853345,0.957812,0.862349,77,53,57,28,1,0,3,0,1508,1071,933,699
2026/02/04/21:09:40,4965.687672,0.919406,0.853345,0.957812,0.862349,77,53,57,28,1,0,3,0,1508,1071,933,699
2026/02/04/21:09:41,4966.688265,0.919406,0.853345,0.957812,0.862349,77,53,57,28,1,0,3,0,1508,1071,933,699
2026/02/04/21:09:42,4967.688917,0.915781,0.848976,0.954187,0.857981,76,53,57,28,1,0,3,0,1509,1071,933,699
2026/02/04/21:09:43,4968.689498,0.915781,0.848976,0.954187,0.857981,76,53,57,28,1,0,3,0,1509,1071,933,699
2026/02/04/21:09:44,4969.690117,0.915781,0.848976,0.954187,0.857981,76,53,57,28,1,0,3,0,1509,1071,933,699
2026/02/04/21:09:45,4970.690568,0.915781,0.848976,0.954187,0.857981,76,53,57,28,1,0,3,0,1509,1071,933,699
2026/02/04/21:09:46,4971.737956,0.906094,0.845822,0.944500,0.854827,74,53,57,28,1,0,3,0,1511,1071,933,699
2026/02/04/21:09:47,4972.738551,0.906094,0.845822,0.914781,0.848055,74,53,57,28,1,0,0,0,1511,1071,933,699
2026/02/04/21:09:48,4973.739368,0.906094,0.845822,0.914781,0.848055,74,53,57,28,1,0,0,0,1511,1071,933,699
2026/02/04/21:09:49,4974.740041,0.906094,0.845822,0.914781,0.848055,74,53,57,28,1,0,0,0,1511,1071,933,699
2026/02/04/21:09:50,4975.740602,0.909937,0.842038,0.909937,0.842038,74,53,57,28,0,0,0,0,1512,1071,933,699
2026/02/04/21:09:51,4976.741252,0.909937,0.842038,0.909937,0.842038,74,53,57,28,0,0,0,0,1512,1071,933,699
2026/02/04/21:09:52,4977.741770,0.909937,0.842038,0.909937,0.842038,74,53,57,28,0,0,0,0,1512,1071,933,699
2026/02/04/21:09:53,4978.742538,0.909937,0.842038,0.909937,0.842038,74,53,57,28,0,0,0,0,1512,1071,933,699
2026/02/04/21:09:54,4979.743066,0.909937,0.842038,0.909937,0.842038,74,53,57,28,0,0,0,0,1512,1071,933,699
2026/02/04/21:09:55,4980.743567,0.892625,0.831758,0.892625,0.831758,74,53,55,28,0,0,0,0,1512,1071,935,699
2026/02/04/21:09:56,4981.744226,0.892625,0.831758,0.892625,0.831758,74,53,55,28,0,0,0,0,1512,1071,935,699
2026/02/04/21:09:57,4982.744867,0.892625,0.831758,0.892625,0.831758,74,53,55,28,0,0,0,0,1512,1071,935,699
2026/02/04/21:09:58,4983.745448,0.924063,0.846080,0.924063,0.846080,79,53,55,29,0,0,0,0,1512,1071,935,699
2026/02/04/21:09:59,4984.746096,0.920188,0.816918,0.920188,0.816918,79,53,55,27,0,0,0,0,1512,1071,935,701
2026/02/04/21:10:00,4985.746794,0.920188,0.816918,0.930562,0.827069,79,53,55,27,2,1,0,0,1512,1071,935,701
2026/02/04/21:10:01,4986.754369,0.939344,0.841590,0.958281,0.855577,87,54,55,27,0,1,0,3,1512,1071,935,701
2026/02/04/21:10:02,4987.755055,0.943344,0.848133,0.962281,0.862119,87,56,55,27,0,1,0,3,1512,1071,935,701
2026/02/04/21:10:03,4988.755625,0.953094,0.853619,1.024250,0.888327,85,58,55,29,3,1,1,4,1514,1071,935,701
2026/02/04/21:10:04,4989.756188,0.953313,0.858486,1.031219,0.910867,82,58,55,31,3,1,3,3,1517,1072,935,701
2026/02/04/21:10:05,4990.756648,0.961938,0.868888,1.041844,0.921075,84,58,56,32,4,1,3,3,1517,1072,935,701
2026/02/04/21:10:06,4991.757174,0.963063,0.865111,1.053438,0.965693,84,58,58,31,8,1,3,3,1517,1072,935,702
2026/02/04/21:10:07,4992.757755,0.961719,0.860465,1.000938,0.945772,84,56,59,31,5,0,2,3,1517,1074,935,702
2026/02/04/21:10:08,4993.758401,0.959531,0.858615,0.998750,0.943923,84,56,59,30,5,0,2,3,1517,1074,935,703
2026/02/04/21:10:09,4994.759224,0.959531,0.858615,0.998750,0.943923,84,56,59,30,5,0,2,3,1517,1074,935,703
2026/02/04/21:10:10,4995.759781,0.957844,0.856176,0.997062,0.941483,83,56,59,30,5,0,2,3,1518,1074,935,703
2026/02/04/21:10:11,4996.760248,0.957844,0.856176,0.997062,0.941483,83,56,59,30,5,0,2,3,1518,1074,935,703
2026/02/04/21:10:12,4997.760919,0.957937,0.857467,0.984781,0.932683,81,56,59,32,4,0,2,1,1521,1074,935,703
2026/02/04/21:10:13,4998.761718,0.966719,0.869188,1.032281,0.982117,83,56,62,32,7,0,7,1,1521,1074,935,703
2026/02/04/21:10:14,4999.762227,0.954313,0.877387,0.987469,0.930923,84,54,64,32,4,0,3,1,1521,1076,938,703
2026/02/04/21:10:15,5000.762815,0.954313,0.877387,0.991781,0.933085,84,54,64,32,5,0,3,1,1521,1076,938,703
2026/02/04/21:10:16,5001.763311,0.957812,0.879208,0.999750,0.928994,85,57,63,32,1,6,2,1,1521,1076,939,703
2026/02/04/21:10:17,5002.763761,0.950781,0.883933,0.975594,0.922073,83,61,60,32,1,2,2,0,1524,1076,942,703
2026/02/04/21:10:18,5003.764484,0.930344,0.876877,0.941344,0.906836,83,61,57,32,1,0,2,0,1524,1076,945,703
2026/02/04/21:10:19,5004.765151,0.928469,0.870221,0.937594,0.893526,82,61,57,32,0,0,2,0,1525,1076,945,703
2026/02/04/21:10:20,5005.765722,0.924781,0.863318,0.933906,0.886623,82,59,57,32,0,0,2,0,1525,1078,945,703
2026/02/04/21:10:21,5006.766400,0.924781,0.863318,0.933906,0.886623,82,59,57,32,0,0,2,0,1525,1078,945,703
2026/02/04/21:10:22,5007.766950,0.944719,0.877365,0.953844,0.900669,82,61,58,35,0,0,2,0,1525,1078,945,703
2026/02/04/21:10:23,5008.767612,0.939219,0.869343,0.939219,0.869343,82,58,58,35,0,0,0,0,1525,1081,945,703
2026/02/04/21:10:24,5009.768362,0.945594,0.875233,0.959000,0.906845,82,61,58,35,3,0,0,0,1525,1081,945,703
2026/02/04/21:10:25,5010.768931,0.945594,0.875233,0.962406,0.917882,82,61,58,35,3,0,1,0,1525,1081,945,703
2026/02/04/21:10:26,5011.769382,0.945594,0.875233,0.962406,0.917882,82,61,58,35,3,0,1,0,1525,1081,945,703
2026/02/04/21:10:27,5012.769913,0.945594,0.875233,0.963969,0.923108,82,61,58,35,3,1,1,0,1525,1081,945,703
2026/02/04/21:10:28,5013.770386,0.939688,0.875145,0.984437,0.924412,81,61,56,36,3,3,0,1,1527,1083,947,703
2026/02/04/21:10:29,5014.771152,0.939688,0.875145,0.986969,0.926422,81,61,56,36,3,3,1,1,1527,1083,947,703
2026/02/04/21:10:30,5015.771701,0.945688,0.882035,1.013156,0.951410,81,62,56,38,4,5,4,2,1527,1083,947,703
2026/02/04/21:10:31,5016.772155,0.945688,0.882035,1.009906,0.942181,81,62,56,38,4,4,4,2,1527,1083,947,703
2026/02/04/21:10:32,5017.772722,0.945688,0.882035,1.009906,0.942181,81,62,56,38,4,4,4,2,1527,1083,947,703
2026/02/04/21:10:33,5018.773324,0.943344,0.880237,0.999344,0.928477,82,63,56,35,3,3,4,0,1527,1083,947,706
2026/02/04/21:10:34,5019.774031,0.944344,0.877111,0.987437,0.915796,82,60,59,34,3,2,1,0,1527,1086,947,707
2026/02/04/21:10:35,5020.774844,0.944344,0.877111,0.987437,0.915796,82,60,59,34,3,2,1,0,1527,1086,947,707
2026/02/04/21:10:36,5021.775422,0.944344,0.877111,0.987437,0.915796,82,60,59,34,3,2,1,0,1527,1086,947,707
2026/02/04/21:10:37,5022.775929,0.922906,0.877674,0.957469,0.903426,83,57,58,34,2,2,0,0,1527,1089,949,707
2026/02/04/21:10:38,5023.777088,0.933969,0.876170,0.955719,0.899583,83,57,58,34,2,1,0,0,1527,1090,949,707
2026/02/04/21:10:39,5024.777658,0.930781,0.867608,0.952531,0.891022,82,56,58,34,2,1,0,0,1528,1091,949,707
2026/02/04/21:10:40,5025.778366,0.927531,0.864148,0.949281,0.887561,82,54,58,34,2,1,0,0,1528,1093,949,707
2026/02/04/21:10:41,5026.779059,0.927531,0.864148,0.949281,0.887561,82,54,58,34,2,1,0,0,1528,1093,949,707
2026/02/04/21:10:42,5027.779784,0.927531,0.864148,0.949281,0.887561,82,54,58,34,2,1,0,0,1528,1093,949,707
2026/02/04/21:10:43,5028.780095,0.950125,0.879103,0.994938,0.918317,82,61,58,34,3,4,0,2,1528,1093,949,707
2026/02/04/21:10:44,5029.780894,0.952562,0.880884,0.997375,0.920099,83,61,58,34,3,4,0,2,1528,1093,949,707
2026/02/04/21:10:45,5030.781394,0.953250,0.879890,0.995625,0.917322,84,60,58,34,2,4,0,2,1528,1094,949,707
2026/02/04/21:10:46,5031.781816,0.957438,0.883067,0.987281,0.912609,84,62,58,32,2,2,0,1,1528,1094,949,710
2026/02/04/21:10:47,5032.782471,0.957438,0.883067,0.987281,0.912609,84,62,58,32,2,2,0,1,1528,1094,949,710
2026/02/04/21:10:48,5033.783089,0.961000,0.890985,0.990844,0.920527,84,62,58,34,2,2,0,1,1528,1094,949,710
2026/02/04/21:10:49,5034.783658,0.952250,0.888641,0.977531,0.915241,84,59,58,35,2,2,0,0,1528,1097,949,710
2026/02/04/21:10:50,5035.784294,0.948250,0.882653,0.973531,0.909253,84,57,58,35,2,2,0,0,1528,1099,949,710
2026/02/04/21:10:51,5036.784749,0.948250,0.882653,0.973531,0.909253,84,57,58,35,2,2,0,0,1528,1099,949,710
2026/02/04/21:10:52,5037.785132,0.939813,0.877186,0.965094,0.903786,84,54,58,35,2,2,0,0,1528,1102,949,710
2026/02/04/21:10:53,5038.785765,0.943344,0.880372,0.965094,0.903786,84,55,58,35,2,1,0,0,1528,1102,949,710
2026/02/04/21:10:54,5039.786527,0.943344,0.880372,0.965094,0.903786,84,55,58,35,2,1,0,0,1528,1102,949,710
2026/02/04/21:10:55,5040.786957,0.949031,0.885998,1.002125,0.925823,84,58,58,35,3,2,2,2,1528,1103,949,710
2026/02/04/21:10:56,5041.787470,0.955469,0.895232,1.013594,0.942721,84,62,58,35,3,3,2,3,1528,1103,949,710
2026/02/04/21:10:57,5042.788015,0.948469,0.888421,0.998125,0.928337,84,58,58,36,3,1,2,2,1528,1109,949,710
2026/02/04/21:10:58,5043.788583,0.940312,0.879494,0.982875,0.910901,84,53,58,36,3,1,2,0,1528,1114,949,711
2026/02/04/21:10:59,5044.789152,0.930187,0.866805,0.972750,0.898212,84,51,58,34,3,1,2,0,1528,1116,949,713
2026/02/04/21:11:00,5045.789609,0.930187,0.866805,0.972750,0.898212,84,51,58,34,3,1,2,0,1528,1116,949,713
2026/02/04/21:11:01,5046.790219,0.930187,0.866805,0.972750,0.898212,84,51,58,34,3,1,2,0,1528,1116,949,713
2026/02/04/21:11:02,5047.790697,0.930187,0.866805,0.972750,0.898212,84,51,58,34,3,1,2,0,1528,1116,949,713
2026/02/04/21:11:03,5048.791327,0.930187,0.866805,0.967562,0.894582,84,51,58,34,2,1,2,0,1528,1116,949,713
2026/02/04/21:11:04,5049.791900,0.930187,0.866805,0.967562,0.894582,84,51,58,34,2,1,2,0,1528,1116,949,713
2026/02/04/21:11:05,5050.792522,0.930187,0.866805,0.967562,0.894582,84,51,58,34,2,1,2,0,1528,1116,949,713
2026/02/04/21:11:06,5051.793115,0.925813,0.861799,0.955375,0.887394,84,51,56,34,2,1,1,0,1528,1116,952,713
2026/02/04/21:11:07,5052.793675,0.925813,0.861799,0.955375,0.887394,84,51,56,34,2,1,1,0,1528,1116,952,713
2026/02/04/21:11:08,5053.794333,0.925813,0.861799,0.955375,0.887394,84,51,56,34,2,1,1,0,1528,1116,952,713
2026/02/04/21:11:09,5054.794908,0.925813,0.861799,0.955375,0.887394,84,51,56,34,2,1,1,0,1528,1116,952,713
2026/02/04/21:11:10,5055.795516,0.925813,0.861799,0.955375,0.887394,84,51,56,34,2,1,1,0,1528,1116,952,713
2026/02/04/21:11:11,5056.938183,0.925813,0.861799,0.955375,0.887394,84,51,56,34,2,1,1,0,1528,1116,952,713
2026/02/04/21:11:12,5057.938749,0.918000,0.859617,0.939750,0.883030,84,51,55,34,2,1,0,0,1528,1116,953,713
2026/02/04/21:11:13,5058.939296,0.918000,0.859617,0.939750,0.883030,84,51,55,34,2,1,0,0,1528,1116,953,713
2026/02/04/21:11:14,5059.939949,0.918000,0.859617,0.939750,0.883030,84,51,55,34,2,1,0,0,1528,1116,953,713
2026/02/04/21:11:15,5060.940673,0.918000,0.859617,0.939750,0.883030,84,51,55,34,2,1,0,0,1528,1116,953,713
2026/02/04/21:11:16,5061.947728,0.918000,0.859617,0.939750,0.883030,84,51,55,34,2,1,0,0,1528,1116,953,713
2026/02/04/21:11:17,5062.948297,0.917906,0.868027,0.922375,0.878564,83,52,55,34,1,0,0,0,1530,1116,953,713
2026/02/04/21:11:18,5063.948840,0.917906,0.868027,0.922375,0.878564,83,52,55,34,1,0,0,0,1530,1116,953,713
2026/02/04/21:11:19,5064.949398,0.926687,0.877077,0.931156,0.887614,83,55,55,34,1,0,0,0,1530,1116,953,713
2026/02/04/21:11:20,5065.949977,0.926687,0.877077,0.931156,0.887614,83,55,55,34,1,0,0,0,1530,1116,953,713
2026/02/04/21:11:21,5066.950073,0.917562,0.871193,0.922031,0.881730,83,55,55,32,1,0,0,0,1530,1116,953,715
2026/02/04/21:11:22,5067.950594,0.917562,0.871193,0.922031,0.881730,83,55,55,32,1,0,0,0,1530,1116,953,715
2026/02/04/21:11:23,5068.951084,0.917562,0.871193,0.922031,0.881730,83,55,55,32,1,0,0,0,1530,1116,953,715
2026/02/04/21:11:24,5069.960927,0.917562,0.871193,0.922031,0.881730,83,55,55,32,1,0,0,0,1530,1116,953,715
2026/02/04/21:11:26,5071.419972,0.917562,0.871193,0.926906,0.896763,83,55,55,32,1,3,0,0,1530,1116,953,715
2026/02/04/21:11:27,5072.420639,0.923687,0.889036,0.925312,0.894047,84,56,55,32,0,1,0,0,1531,1117,953,715
2026/02/04/21:11:28,5073.421257,0.923719,0.891332,0.923719,0.891332,84,56,55,32,0,0,0,0,1531,1118,953,715
2026/02/04/21:11:29,5074.421587,0.923719,0.891332,0.923719,0.891332,84,56,55,32,0,0,0,0,1531,1118,953,715
2026/02/04/21:11:30,5075.474679,0.908813,0.859373,0.908813,0.859373,81,53,55,32,0,0,0,0,1534,1121,953,715
2026/02/04/21:11:31,5076.475287,0.908813,0.859373,0.908813,0.859373,81,53,55,32,0,0,0,0,1534,1121,953,715
2026/02/04/21:11:32,5077.475897,0.908813,0.859373,0.908813,0.859373,81,53,55,32,0,0,0,0,1534,1121,953,715
2026/02/04/21:11:33,5078.476494,0.908813,0.859373,0.908813,0.859373,81,53,55,32,0,0,0,0,1534,1121,953,715
2026/02/04/21:11:34,5079.476961,0.908813,0.859373,0.908813,0.859373,81,53,55,32,0,0,0,0,1534,1121,953,715
2026/02/04/21:11:35,5080.477631,0.908813,0.859373,0.908813,0.859373,81,53,55,32,0,0,0,0,1534,1121,953,715
2026/02/04/21:11:36,5081.478194,0.908813,0.859373,0.908813,0.859373,81,53,55,32,0,0,0,0,1534,1121,953,715
2026/02/04/21:11:37,5082.478888,0.908813,0.859373,0.908813,0.859373,81,53,55,32,0,0,0,0,1534,1121,953,715
2026/02/04/21:11:38,5083.479512,0.908813,0.859373,0.908813,0.859373,81,53,55,32,0,0,0,0,1534,1121,953,715
2026/02/04/21:11:39,5084.480188,0.908813,0.859373,0.908813,0.859373,81,53,55,32,0,0,0,0,1534,1121,953,715
2026/02/04/21:11:40,5085.480784,0.908813,0.859373,0.908813,0.859373,81,53,55,32,0,0,0,0,1534,1121,953,715
2026/02/04/21:11:41,5086.481369,0.919188,0.862676,0.936000,0.866026,81,53,55,34,0,0,0,2,1534,1121,953,715
2026/02/04/21:11:42,5087.481838,0.939156,0.879742,0.947562,0.881417,81,53,60,35,0,0,0,1,1534,1121,953,715
2026/02/04/21:11:43,5088.482368,0.939156,0.879742,0.947562,0.881417,81,53,60,35,0,0,0,1,1534,1121,953,715
2026/02/04/21:11:44,5089.483036,0.937187,0.878114,0.945594,0.879789,81,53,60,34,0,0,0,1,1534,1121,953,716
2026/02/04/21:11:45,5090.483505,0.945562,0.889586,0.958469,0.909987,81,54,61,34,0,0,2,1,1534,1121,953,716
2026/02/04/21:11:46,5091.484025,0.945562,0.889586,0.958469,0.909987,81,54,61,34,0,0,2,1,1534,1121,953,716
2026/02/04/21:11:47,5092.484824,0.940125,0.880667,0.953031,0.901068,81,54,58,34,0,0,2,1,1534,1121,956,716
2026/02/04/21:11:48,5093.485387,0.935906,0.878339,0.940406,0.897065,79,54,58,35,0,0,2,0,1536,1121,956,716
2026/02/04/21:11:49,5094.485931,0.929781,0.876230,0.934281,0.894956,79,53,58,35,0,0,2,0,1536,1122,956,716
2026/02/04/21:11:50,5095.486697,0.929781,0.876230,0.934281,0.894956,79,53,58,35,0,0,2,0,1536,1122,956,716
2026/02/04/21:11:51,5096.487161,0.927531,0.866867,0.927531,0.866867,79,53,57,35,0,0,0,0,1536,1122,957,716
2026/02/04/21:11:52,5097.487686,0.927531,0.866867,0.927531,0.866867,79,53,57,35,0,0,0,0,1536,1122,957,716
2026/02/04/21:11:53,5098.488178,0.927531,0.866867,0.927531,0.866867,79,53,57,35,0,0,0,0,1536,1122,957,716
2026/02/04/21:11:54,5099.488730,0.929031,0.867843,0.929031,0.867843,79,53,57,35,0,0,0,0,1537,1122,957,716
2026/02/04/21:11:55,5100.489317,0.929031,0.867843,0.929031,0.867843,79,53,57,35,0,0,0,0,1537,1122,957,716
2026/02/04/21:11:56,5101.489834,0.933813,0.873542,0.933813,0.873542,82,53,57,35,0,0,0,0,1537,1122,957,716
2026/02/04/21:11:57,5102.490542,0.933813,0.873542,0.933813,0.873542,82,53,57,35,0,0,0,0,1537,1122,957,716
2026/02/04/21:11:58,5103.491289,0.933813,0.873542,0.933813,0.873542,82,53,57,35,0,0,0,0,1537,1122,957,716
2026/02/04/21:11:59,5104.491992,0.932344,0.873985,0.939219,0.875582,80,53,57,36,0,1,0,0,1539,1122,957,716
2026/02/04/21:12:00,5105.492528,0.927562,0.868286,0.934438,0.869883,77,53,57,36,0,1,0,0,1542,1122,957,716
2026/02/04/21:12:01,5106.493190,0.927562,0.868286,0.934438,0.869883,77,53,57,36,0,1,0,0,1542,1122,957,716
2026/02/04/21:12:02,5107.493921,0.929969,0.866505,0.929969,0.866505,76,54,57,36,0,0,0,0,1543,1122,957,716
2026/02/04/21:12:03,5108.494576,0.929969,0.866505,0.929969,0.866505,76,54,57,36,0,0,0,0,1543,1122,957,716
2026/02/04/21:12:04,5109.495216,0.929969,0.866505,0.929969,0.866505,76,54,57,36,0,0,0,0,1543,1122,957,716
2026/02/04/21:12:05,5110.495988,0.929969,0.866505,0.929969,0.866505,76,54,57,36,0,0,0,0,1543,1122,957,716
2026/02/04/21:12:06,5111.496514,0.914031,0.832883,0.914031,0.832883,73,54,56,36,0,0,0,0,1546,1122,958,716
2026/02/04/21:12:07,5112.497097,0.907156,0.831286,0.907156,0.831286,73,53,56,36,0,0,0,0,1546,1123,958,716
2026/02/04/21:12:08,5113.497707,0.903750,0.827280,0.903750,0.827280,73,53,56,35,0,0,0,0,1546,1123,958,717
2026/02/04/21:12:09,5114.498401,0.885250,0.820726,0.885250,0.820726,71,53,56,35,0,0,0,0,1548,1123,958,717
2026/02/04/21:12:10,5115.499038,0.885250,0.820726,0.885250,0.820726,71,53,56,35,0,0,0,0,1548,1123,958,717
2026/02/04/21:12:11,5116.499678,0.879125,0.814255,0.879125,0.814255,71,53,54,35,0,0,0,0,1548,1123,960,717
2026/02/04/21:12:12,5117.500463,0.879125,0.814255,0.879125,0.814255,71,53,54,35,0,0,0,0,1548,1123,960,717
2026/02/04/21:12:13,5118.501115,0.879125,0.814255,0.879125,0.814255,71,53,54,35,0,0,0,0,1548,1123,960,717
2026/02/04/21:12:14,5119.501789,0.879125,0.814255,0.879125,0.814255,71,53,54,35,0,0,0,0,1548,1123,960,717
2026/02/04/21:12:15,5120.502393,0.879125,0.814255,0.879125,0.814255,71,53,54,35,0,0,0,0,1548,1123,960,717
2026/02/04/21:12:16,5121.503096,0.879125,0.814255,0.879125,0.814255,71,53,54,35,0,0,0,0,1548,1123,960,717
2026/02/04/21:12:17,5122.503821,0.879125,0.814255,0.879125,0.814255,71,53,54,35,0,0,0,0,1548,1123,960,717
2026/02/04/21:12:18,5123.504533,0.853906,0.809230,0.853906,0.809230,71,53,54,32,0,0,0,0,1548,1123,960,720
2026/02/04/21:12:19,5124.505122,0.866344,0.824329,0.866344,0.824329,72,57,54,32,0,0,0,0,1548,1123,960,720
2026/02/04/21:12:20,5125.505759,0.866344,0.824329,0.866344,0.824329,72,57,54,32,0,0,0,0,1548,1123,960,720
2026/02/04/21:12:21,5126.506429,0.866344,0.824329,0.866344,0.824329,72,57,54,32,0,0,0,0,1548,1123,960,720
2026/02/04/21:12:22,5127.507117,0.869875,0.831847,0.869875,0.831847,72,56,55,32,0,0,0,0,1548,1126,960,720
2026/02/04/21:12:23,5128.507477,0.903344,0.866510,0.905969,0.868189,75,59,58,34,0,0,0,1,1548,1126,960,720
2026/02/04/21:12:24,5129.508240,0.912906,0.876501,0.912906,0.876501,75,59,59,37,0,0,0,0,1548,1126,960,720
2026/02/04/21:12:25,5130.508869,0.897094,0.870482,0.897094,0.870482,74,59,59,35,0,0,0,0,1549,1126,960,722
2026/02/04/21:12:26,5131.509427,0.904875,0.876820,0.904875,0.876820,74,59,60,36,0,0,0,0,1549,1126,960,722
2026/02/04/21:12:27,5132.509955,0.934375,0.897274,0.952875,0.909046,73,65,60,38,1,1,0,1,1552,1126,960,722
2026/02/04/21:12:28,5133.510517,0.936531,0.899450,0.951500,0.918637,73,65,60,38,1,3,0,0,1552,1126,960,723
2026/02/04/21:12:29,5134.511071,0.932219,0.901315,0.940656,0.903133,74,65,59,38,0,1,0,0,1552,1128,961,723
2026/02/04/21:12:30,5135.511651,0.920750,0.887473,0.929188,0.889290,74,63,59,37,0,1,0,0,1552,1130,961,724
2026/02/04/21:12:31,5136.512224,0.916188,0.876498,0.916188,0.876498,74,64,59,32,0,0,0,0,1552,1130,961,729
2026/02/04/21:12:32,5137.512796,0.905312,0.851406,0.905312,0.851406,74,58,59,32,0,0,0,0,1552,1136,961,729
2026/02/04/21:12:33,5138.513501,0.905312,0.851406,0.905312,0.851406,74,58,59,32,0,0,0,0,1552,1136,961,729
2026/02/04/21:12:34,5139.514078,0.880000,0.845953,0.880000,0.845953,74,55,59,32,0,0,0,0,1552,1139,961,729
2026/02/04/21:12:35,5140.514709,0.880000,0.845953,0.880000,0.845953,74,55,59,32,0,0,0,0,1552,1139,961,729
2026/02/04/21:12:36,5141.515239,0.880000,0.845953,0.880000,0.845953,74,55,59,32,0,0,0,0,1552,1139,961,729
2026/02/04/21:12:37,5142.516079,0.880000,0.845953,0.880000,0.845953,74,55,59,32,0,0,0,0,1552,1139,961,729
2026/02/04/21:12:38,5143.516707,0.895938,0.865907,0.895938,0.865907,77,55,59,32,0,0,0,0,1552,1139,961,729
2026/02/04/21:12:39,5144.517297,0.894250,0.860953,0.894250,0.860953,77,55,58,32,0,0,0,0,1552,1139,962,729
2026/02/04/21:12:40,5145.517892,0.894250,0.860953,0.894250,0.860953,77,55,58,32,0,0,0,0,1552,1139,962,729
2026/02/04/21:12:41,5146.518400,0.894250,0.860953,0.894250,0.860953,77,55,58,32,0,0,0,0,1552,1139,962,729
2026/02/04/21:12:42,5147.518880,0.889094,0.848951,0.889094,0.848951,77,55,55,32,0,0,0,0,1552,1139,965,729
2026/02/04/21:12:43,5148.519473,0.915500,0.881855,0.915500,0.881855,80,58,58,33,0,0,0,0,1552,1139,965,729
2026/02/04/21:12:44,5149.520158,0.921562,0.888366,0.921562,0.888366,83,58,58,33,0,0,0,0,1552,1139,965,729
2026/02/04/21:12:45,5150.520805,0.921562,0.888366,0.921562,0.888366,83,58,58,33,0,0,0,0,1552,1139,965,729
2026/02/04/21:12:46,5151.521445,0.921562,0.888366,0.921562,0.888366,83,58,58,33,0,0,0,0,1552,1139,965,729
2026/02/04/21:12:47,5152.522043,0.913094,0.872146,0.913094,0.872146,80,58,58,32,0,0,0,0,1555,1139,965,730
2026/02/04/21:12:48,5153.522646,0.905406,0.865132,0.905406,0.865132,78,58,58,32,0,0,0,0,1557,1139,965,730
2026/02/04/21:12:49,5154.523254,0.903656,0.862002,0.903656,0.862002,77,58,58,32,0,0,0,0,1558,1139,965,730
2026/02/04/21:12:50,5155.524035,0.903656,0.862002,0.903656,0.862002,77,58,58,32,0,0,0,0,1558,1139,965,730
2026/02/04/21:12:51,5156.524666,0.903656,0.862002,0.903656,0.862002,77,58,58,32,0,0,0,0,1558,1139,965,730
2026/02/04/21:12:52,5157.525244,0.903656,0.862002,0.903656,0.862002,77,58,58,32,0,0,0,0,1558,1139,965,730
2026/02/04/21:12:53,5158.525706,0.910125,0.869284,0.916094,0.877675,77,60,59,32,0,1,0,0,1558,1139,965,730
2026/02/04/21:12:54,5159.526239,0.907094,0.866843,0.935000,0.921312,77,60,58,32,3,1,0,0,1558,1139,966,730
2026/02/04/21:12:55,5160.526871,0.907094,0.866843,0.935000,0.921312,77,60,58,32,3,1,0,0,1558,1139,966,730
2026/02/04/21:12:56,5161.527514,0.899031,0.861647,0.933906,0.917706,77,57,58,32,5,0,0,0,1558,1142,966,730
2026/02/04/21:12:57,5162.528121,0.899031,0.861647,0.911969,0.871627,77,57,58,32,2,0,0,0,1558,1142,966,730
2026/02/04/21:12:58,5163.528907,0.900813,0.863743,0.907281,0.868733,77,57,58,32,1,0,0,0,1559,1142,966,730
2026/02/04/21:12:59,5164.529591,0.900813,0.863743,0.907281,0.868733,77,57,58,32,1,0,0,0,1559,1142,966,730
2026/02/04/21:13:00,5165.530477,0.900813,0.863743,0.907281,0.868733,77,57,58,32,1,0,0,0,1559,1142,966,730
2026/02/04/21:13:01,5166.531230,0.896875,0.858289,0.903344,0.863279,77,56,57,32,1,0,0,0,1559,1143,967,730
2026/02/04/21:13:02,5167.531784,0.896875,0.858289,0.903344,0.863279,77,56,57,32,1,0,0,0,1559,1143,967,730
2026/02/04/21:13:03,5168.532413,0.896875,0.858289,0.903344,0.863279,77,56,57,32,1,0,0,0,1559,1143,967,730
2026/02/04/21:13:04,5169.533055,0.896875,0.858289,0.903344,0.863279,77,56,57,32,1,0,0,0,1559,1143,967,730
2026/02/04/21:13:05,5170.533906,0.896875,0.858289,0.903344,0.863279,77,56,57,32,1,0,0,0,1559,1143,967,730
2026/02/04/21:13:06,5171.534365,0.896875,0.858289,0.903344,0.863279,77,56,57,32,1,0,0,0,1559,1143,967,730
2026/02/04/21:13:07,5172.566710,0.896875,0.858289,0.903344,0.863279,77,56,57,32,1,0,0,0,1559,1143,967,730
2026/02/04/21:13:08,5173.566943,0.915344,0.873353,0.921813,0.878343,77,57,60,35,1,0,0,0,1559,1143,967,730
2026/02/04/21:13:09,5174.567540,0.915344,0.873353,0.921813,0.878343,77,57,60,35,1,0,0,0,1559,1143,967,730
2026/02/04/21:13:10,5175.570625,0.903438,0.863959,0.909906,0.868949,77,56,57,35,1,0,0,0,1559,1144,970,730
2026/02/04/21:13:11,5176.571075,0.903438,0.863959,0.909906,0.868949,77,56,57,35,1,0,0,0,1559,1144,970,730
2026/02/04/21:13:12,5177.571432,0.865531,0.847379,0.865531,0.847379,76,56,57,29,0,0,0,0,1562,1144,970,736
2026/02/04/21:13:13,5178.572121,0.852594,0.837399,0.852594,0.837399,74,56,57,29,0,0,0,0,1564,1144,970,736
2026/02/04/21:13:14,5179.572807,0.836281,0.834071,0.836281,0.834071,72,56,57,29,0,0,0,0,1566,1144,970,736
2026/02/04/21:13:15,5180.573519,0.836281,0.834071,0.836281,0.834071,72,56,57,29,0,0,0,0,1566,1144,970,736
2026/02/04/21:13:16,5181.574059,0.832781,0.829134,0.832781,0.829134,72,55,57,29,0,0,0,0,1566,1145,970,736
2026/02/04/21:13:17,5182.574766,0.832781,0.829134,0.832781,0.829134,72,55,57,29,0,0,0,0,1566,1145,970,736
2026/02/04/21:13:18,5183.575581,0.832781,0.829134,0.832781,0.829134,72,55,57,29,0,0,0,0,1566,1145,970,736
2026/02/04/21:13:19,5184.576169,0.818250,0.814036,0.818250,0.814036,70,55,57,27,0,0,0,0,1568,1145,970,738
2026/02/04/21:13:20,5185.576896,0.818250,0.814036,0.818250,0.814036,70,55,57,27,0,0,0,0,1568,1145,970,738
2026/02/04/21:13:21,5186.577601,0.812906,0.804280,0.812906,0.804280,70,55,54,27,0,0,0,0,1568,1145,973,738
2026/02/04/21:13:22,5187.578266,0.812906,0.804280,0.812906,0.804280,70,55,54,27,0,0,0,0,1568,1145,973,738
2026/02/04/21:13:23,5188.578825,0.812906,0.804280,0.812906,0.804280,70,55,54,27,0,0,0,0,1568,1145,973,738
2026/02/04/21:13:24,5189.579477,0.812906,0.804280,0.812906,0.804280,70,55,54,27,0,0,0,0,1568,1145,973,738
2026/02/04/21:13:25,5190.580218,0.812906,0.804280,0.812906,0.804280,70,55,54,27,0,0,0,0,1568,1145,973,738
2026/02/04/21:13:26,5191.580890,0.819469,0.807949,0.819469,0.807949,70,57,54,27,0,0,0,0,1568,1145,973,738
2026/02/04/21:13:27,5192.581532,0.837594,0.817877,0.837594,0.817877,73,57,55,28,0,0,0,0,1568,1145,973,738
2026/02/04/21:13:28,5193.582158,0.837594,0.817877,0.837594,0.817877,73,57,55,28,0,0,0,0,1568,1145,973,738
2026/02/04/21:13:29,5194.582770,0.837594,0.817877,0.837594,0.817877,73,57,55,28,0,0,0,0,1568,1145,973,738
2026/02/04/21:13:30,5195.583376,0.837594,0.817877,0.837594,0.817877,73,57,55,28,0,0,0,0,1568,1145,973,738
2026/02/04/21:13:31,5196.583937,0.835313,0.815961,0.835313,0.815961,72,57,55,28,0,0,0,0,1569,1145,973,738
2026/02/04/21:13:32,5197.584477,0.835313,0.815961,0.835313,0.815961,72,57,55,28,0,0,0,0,1569,1145,973,738
2026/02/04/21:13:33,5198.585012,0.835313,0.815961,0.835313,0.815961,72,57,55,28,0,0,0,0,1569,1145,973,738
2026/02/04/21:13:34,5199.585550,0.835313,0.815961,0.835313,0.815961,72,57,55,28,0,0,0,0,1569,1145,973,738
2026/02/04/21:13:35,5200.586299,0.835313,0.815961,0.835313,0.815961,72,57,55,28,0,0,0,0,1569,1145,973,738
2026/02/04/21:13:36,5201.586880,0.835313,0.815961,0.835313,0.815961,72,57,55,28,0,0,0,0,1569,1145,973,738
2026/02/04/21:13:37,5202.587534,0.835313,0.815961,0.835313,0.815961,72,57,55,28,0,0,0,0,1569,1145,973,738
2026/02/04/21:13:38,5203.588221,0.835313,0.815961,0.835313,0.815961,72,57,55,28,0,0,0,0,1569,1145,973,738
2026/02/04/21:13:39,5204.588962,0.835313,0.815961,0.835313,0.815961,72,57,55,28,0,0,0,0,1569,1145,973,738
2026/02/04/21:13:40,5205.589536,0.835313,0.815961,0.835313,0.815961,72,57,55,28,0,0,0,0,1569,1145,973,738
2026/02/04/21:13:41,5206.590102,0.835313,0.815961,0.835313,0.815961,72,57,55,28,0,0,0,0,1569,1145,973,738
2026/02/04/21:13:42,5207.590849,0.848000,0.817270,0.848000,0.817270,70,57,55,31,0,0,0,0,1571,1145,973,738
2026/02/04/21:13:43,5208.591503,0.848000,0.817270,0.848000,0.817270,70,57,55,31,0,0,0,0,1571,1145,973,738
2026/02/04/21:13:44,5209.592068,0.848000,0.817270,0.848000,0.817270,70,57,55,31,0,0,0,0,1571,1145,973,738
2026/02/04/21:13:45,5210.592895,0.830187,0.811650,0.830187,0.811650,70,57,55,28,0,0,0,0,1571,1145,973,741
2026/02/04/21:13:46,5211.593415,0.830187,0.811650,0.830187,0.811650,70,57,55,28,0,0,0,0,1571,1145,973,741
2026/02/04/21:13:47,5212.594006,0.830187,0.811650,0.830187,0.811650,70,57,55,28,0,0,0,0,1571,1145,973,741
2026/02/04/21:13:48,5213.594336,0.820812,0.810038,0.820812,0.810038,70,57,54,28,0,0,0,0,1571,1145,974,741
2026/02/04/21:13:49,5214.594489,0.820812,0.810038,0.820812,0.810038,70,57,54,28,0,0,0,0,1571,1145,974,741
2026/02/04/21:13:50,5215.595155,0.820812,0.810038,0.820812,0.810038,70,57,54,28,0,0,0,0,1571,1145,974,741
2026/02/04/21:13:51,5216.595694,0.820812,0.810038,0.820812,0.810038,70,57,54,28,0,0,0,0,1571,1145,974,741
2026/02/04/21:13:52,5217.596339,0.820812,0.810038,0.820812,0.810038,70,57,54,28,0,0,0,0,1571,1145,974,741
2026/02/04/21:13:53,5218.596888,0.815562,0.806677,0.815562,0.806677,70,57,52,28,0,0,0,0,1571,1145,976,741
2026/02/04/21:13:54,5219.597585,0.815562,0.806677,0.815562,0.806677,70,57,52,28,0,0,0,0,1571,1145,976,741
2026/02/04/21:13:55,5220.598196,0.815562,0.806677,0.815562,0.806677,70,57,52,28,0,0,0,0,1571,1145,976,741
2026/02/04/21:13:56,5221.598941,0.815562,0.806677,0.815562,0.806677,70,57,52,28,0,0,0,0,1571,1145,976,741
2026/02/04/21:13:57,5222.599558,0.815562,0.806677,0.815562,0.806677,70,57,52,28,0,0,0,0,1571,1145,976,741
2026/02/04/21:13:58,5223.600250,0.815562,0.806677,0.815562,0.806677,70,57,52,28,0,0,0,0,1571,1145,976,741
2026/02/04/21:13:59,5224.601002,0.815562,0.806677,0.815562,0.806677,70,57,52,28,0,0,0,0,1571,1145,976,741
2026/02/04/21:14:00,5225.601671,0.815562,0.806677,0.815562,0.806677,70,57,52,28,0,0,0,0,1571,1145,976,741
2026/02/04/21:14:01,5226.602438,0.815562,0.806677,0.815562,0.806677,70,57,52,28,0,0,0,0,1571,1145,976,741
2026/02/04/21:14:02,5227.603146,0.815562,0.806677,0.815562,0.806677,70,57,52,28,0,0,0,0,1571,1145,976,741
2026/02/04/21:14:03,5228.603760,0.815562,0.806677,0.815562,0.806677,70,57,52,28,0,0,0,0,1571,1145,976,741
2026/02/04/21:14:04,5229.604352,0.815562,0.806677,0.815562,0.806677,70,57,52,28,0,0,0,0,1571,1145,976,741
2026/02/04/21:14:05,5230.604974,0.809937,0.804762,0.809937,0.804762,69,57,52,28,0,0,0,0,1572,1145,976,741
2026/02/04/21:14:06,5231.605572,0.809937,0.804762,0.809937,0.804762,69,57,52,28,0,0,0,0,1572,1145,976,741
2026/02/04/21:14:07,5232.606205,0.809937,0.804762,0.809937,0.804762,69,57,52,28,0,0,0,0,1572,1145,976,741
2026/02/04/21:14:08,5233.606714,0.857500,0.847258,0.857500,0.847258,75,60,53,31,0,0,0,0,1572,1145,976,741
2026/02/04/21:14:09,5234.607428,0.857500,0.847258,0.857500,0.847258,75,60,53,31,0,0,0,0,1572,1145,976,741
2026/02/04/21:14:10,5235.608021,0.859500,0.849644,0.861500,0.852030,76,60,53,31,1,0,0,0,1572,1145,976,741
2026/02/04/21:14:11,5236.613844,0.830719,0.836988,0.830719,0.836988,74,60,52,28,0,0,0,0,1575,1145,977,744
2026/02/04/21:14:12,5237.614396,0.830719,0.836988,0.830719,0.836988,74,60,52,28,0,0,0,0,1575,1145,977,744
2026/02/04/21:14:13,5238.615071,0.824156,0.833318,0.824156,0.833318,74,58,52,28,0,0,0,0,1575,1147,977,744
2026/02/04/21:14:14,5239.615661,0.817406,0.825773,0.817406,0.825773,74,55,52,28,0,0,0,0,1575,1150,977,744
2026/02/04/21:14:15,5240.616317,0.817406,0.825773,0.817406,0.825773,74,55,52,28,0,0,0,0,1575,1150,977,744
2026/02/04/21:14:16,5241.616873,0.817406,0.825773,0.817406,0.825773,74,55,52,28,0,0,0,0,1575,1150,977,744
2026/02/04/21:14:17,5242.617500,0.817406,0.825773,0.817406,0.825773,74,55,52,28,0,0,0,0,1575,1150,977,744
2026/02/04/21:14:18,5243.618196,0.861812,0.870855,0.861812,0.870855,84,56,52,30,0,0,0,0,1575,1150,977,744
2026/02/04/21:14:19,5244.618791,0.845875,0.850902,0.845875,0.850902,81,56,52,30,0,0,0,0,1578,1150,977,744
2026/02/04/21:14:20,5245.619328,0.851875,0.857344,0.851875,0.857344,81,59,52,30,0,0,0,0,1578,1150,977,744
2026/02/04/21:14:21,5246.619809,0.857313,0.864470,0.857313,0.864470,81,61,52,30,0,0,0,0,1578,1151,977,744
2026/02/04/21:14:22,5247.620353,0.834500,0.857945,0.834500,0.857945,81,61,52,28,0,0,0,0,1578,1151,977,746
2026/02/04/21:14:23,5248.620983,0.830500,0.851686,0.830500,0.851686,81,59,52,28,0,0,0,0,1578,1153,977,746
2026/02/04/21:14:24,5249.621606,0.824500,0.845244,0.824500,0.845244,81,56,52,28,0,0,0,0,1578,1156,977,746
2026/02/04/21:14:25,5250.622435,0.824500,0.845244,0.824500,0.845244,81,56,52,28,0,0,0,0,1578,1156,977,746
2026/02/04/21:14:26,5251.622940,0.816906,0.834502,0.816906,0.834502,79,55,52,28,0,0,0,0,1580,1157,977,746
2026/02/04/21:14:27,5252.623520,0.812906,0.829730,0.812906,0.829730,77,55,52,28,0,0,0,0,1582,1157,977,746
2026/02/04/21:14:28,5253.624037,0.812906,0.829730,0.812906,0.829730,77,55,52,28,0,0,0,0,1582,1157,977,746
2026/02/04/21:14:29,5254.624760,0.812906,0.829730,0.812906,0.829730,77,55,52,28,0,0,0,0,1582,1157,977,746
2026/02/04/21:14:30,5255.625546,0.806344,0.809301,0.806344,0.809301,74,55,52,28,0,0,0,0,1585,1157,977,746
2026/02/04/21:14:31,5256.626143,0.806344,0.809301,0.806344,0.809301,74,55,52,28,0,0,0,0,1585,1157,977,746
2026/02/04/21:14:32,5257.626745,0.806344,0.809301,0.806344,0.809301,74,55,52,28,0,0,0,0,1585,1157,977,746
2026/02/04/21:14:33,5258.627367,0.806344,0.809301,0.806344,0.809301,74,55,52,28,0,0,0,0,1585,1157,977,746
2026/02/04/21:14:34,5259.627948,0.806344,0.809301,0.806344,0.809301,74,55,52,28,0,0,0,0,1585,1157,977,746
2026/02/04/21:14:35,5260.628538,0.806344,0.809301,0.806344,0.809301,74,55,52,28,0,0,0,0,1585,1157,977,746
2026/02/04/21:14:36,5261.629262,0.806344,0.809301,0.806344,0.809301,74,55,52,28,0,0,0,0,1585,1157,977,746
2026/02/04/21:14:37,5262.629813,0.806344,0.809301,0.806344,0.809301,74,55,52,28,0,0,0,0,1585,1157,977,746
2026/02/04/21:14:38,5263.630439,0.806344,0.809301,0.806344,0.809301,74,55,52,28,0,0,0,0,1585,1157,977,746
2026/02/04/21:14:39,5264.631279,0.806344,0.809301,0.806344,0.809301,74,55,52,28,0,0,0,0,1585,1157,977,746
2026/02/04/21:14:40,5265.631936,0.806344,0.809301,0.806344,0.809301,74,55,52,28,0,0,0,0,1585,1157,977,746
2026/02/04/21:14:41,5266.632683,0.799687,0.799546,0.799687,0.799546,71,55,52,28,0,0,0,0,1588,1157,977,746
2026/02/04/21:14:42,5267.633250,0.799687,0.799546,0.799687,0.799546,71,55,52,28,0,0,0,0,1588,1157,977,746
2026/02/04/21:14:43,5268.633905,0.799687,0.799546,0.799687,0.799546,71,55,52,28,0,0,0,0,1588,1157,977,746
2026/02/04/21:14:44,5269.634398,0.799687,0.799546,0.799687,0.799546,71,55,52,28,0,0,0,0,1588,1157,977,746
2026/02/04/21:14:45,5270.635089,0.799687,0.799546,0.799687,0.799546,71,55,52,28,0,0,0,0,1588,1157,977,746
2026/02/04/21:14:46,5271.635647,0.799687,0.799546,0.799687,0.799546,71,55,52,28,0,0,0,0,1588,1157,977,746
2026/02/04/21:14:47,5272.636334,0.799687,0.799546,0.799687,0.799546,71,55,52,28,0,0,0,0,1588,1157,977,746
2026/02/04/21:14:48,5273.636939,0.799687,0.799546,0.799687,0.799546,71,55,52,28,0,0,0,0,1588,1157,977,746
2026/02/04/21:14:49,5274.637654,0.799687,0.799546,0.799687,0.799546,71,55,52,28,0,0,0,0,1588,1157,977,746
2026/02/04/21:14:50,5275.638196,0.799687,0.799546,0.799687,0.799546,71,55,52,28,0,0,0,0,1588,1157,977,746
2026/02/04/21:14:51,5276.638911,0.799687,0.799546,0.799687,0.799546,71,55,52,28,0,0,0,0,1588,1157,977,746
2026/02/04/21:14:52,5277.639572,0.851219,0.876488,0.851219,0.876488,79,55,56,28,0,0,0,0,1588,1157,977,746
2026/02/04/21:14:53,5278.644360,0.863750,0.889311,0.923063,0.919290,83,55,56,28,0,0,2,3,1588,1157,977,746
2026/02/04/21:14:54,5279.644825,0.893219,0.906609,0.960375,0.939483,87,56,57,28,1,0,2,3,1588,1157,977,746
2026/02/04/21:14:55,5280.645407,0.895750,0.901665,0.906937,0.903600,86,57,55,30,0,0,0,1,1590,1157,979,746
2026/02/04/21:14:56,5281.646178,0.900656,0.894084,0.900656,0.894084,83,57,55,31,0,0,0,0,1593,1157,979,746
2026/02/04/21:14:57,5282.646762,0.900656,0.894084,0.900656,0.894084,83,57,55,31,0,0,0,0,1593,1157,979,746
2026/02/04/21:14:58,5283.647237,0.895781,0.876848,0.900563,0.878624,80,57,57,31,1,0,0,0,1598,1157,980,746
2026/02/04/21:14:59,5284.647913,0.915625,0.885902,0.975344,0.903680,81,61,57,31,3,3,0,0,1598,1157,980,746
2026/02/04/21:15:00,5285.648477,0.915625,0.885902,0.975344,0.903680,81,61,57,31,3,3,0,0,1598,1157,980,746
2026/02/04/21:15:01,5286.649298,0.915625,0.885902,0.943469,0.894782,81,61,57,31,3,0,0,0,1598,1157,980,746
2026/02/04/21:15:02,5287.649866,0.903813,0.880740,0.931656,0.889621,81,58,57,31,3,0,0,0,1598,1160,980,746
2026/02/04/21:15:03,5288.650462,0.892437,0.874763,0.911000,0.880683,81,56,57,31,2,0,0,0,1598,1162,980,746
2026/02/04/21:15:04,5289.651187,0.892437,0.874763,0.892437,0.874763,81,56,57,31,0,0,0,0,1598,1162,980,746
2026/02/04/21:15:05,5290.651801,0.892437,0.874763,0.892437,0.874763,81,56,57,31,0,0,0,0,1598,1162,980,746
2026/02/04/21:15:06,5291.652507,0.868906,0.866078,0.868906,0.866078,78,56,57,31,0,0,0,0,1601,1162,980,746
2026/02/04/21:15:07,5292.653265,0.863187,0.837747,0.863187,0.837747,75,56,57,31,0,0,0,0,1604,1162,980,746
2026/02/04/21:15:08,5293.653873,0.863187,0.837747,0.863187,0.837747,75,56,57,31,0,0,0,0,1604,1162,980,746
2026/02/04/21:15:09,5294.654591,0.822625,0.824798,0.822625,0.824798,75,56,55,28,0,0,0,0,1604,1162,982,749
2026/02/04/21:15:10,5295.655298,0.822625,0.824798,0.822625,0.824798,75,56,55,28,0,0,0,0,1604,1162,982,749
2026/02/04/21:15:11,5296.657410,0.822625,0.824798,0.822625,0.824798,75,56,55,28,0,0,0,0,1604,1162,982,749
2026/02/04/21:15:12,5297.658123,0.814031,0.817974,0.814031,0.817974,72,56,55,28,0,0,0,0,1607,1162,982,749
2026/02/04/21:15:13,5298.659909,0.814031,0.817974,0.814031,0.817974,72,56,55,28,0,0,0,0,1607,1162,982,749
2026/02/04/21:15:14,5299.660408,0.844156,0.828627,0.844156,0.828627,73,57,58,28,0,0,0,0,1608,1162,982,749
2026/02/04/21:15:15,5300.660999,0.838031,0.823808,0.838031,0.823808,72,57,58,28,0,0,0,0,1609,1162,982,749
2026/02/04/21:15:16,5301.661680,0.838031,0.823808,0.838031,0.823808,72,57,58,28,0,0,0,0,1609,1162,982,749
2026/02/04/21:15:17,5302.662023,0.833656,0.820150,0.833656,0.820150,70,57,58,28,0,0,0,0,1611,1162,982,749
2026/02/04/21:15:18,5303.662738,0.833656,0.820150,0.833656,0.820150,70,57,58,28,0,0,0,0,1611,1162,982,749
2026/02/04/21:15:19,5304.663256,0.833656,0.820150,0.833656,0.820150,70,57,58,28,0,0,0,0,1611,1162,982,749
2026/02/04/21:15:20,5305.663783,0.833656,0.820150,0.833656,0.820150,70,57,58,28,0,0,0,0,1611,1162,982,749
2026/02/04/21:15:21,5306.664448,0.801250,0.797873,0.801250,0.797873,69,57,55,28,0,0,0,0,1612,1162,985,749
2026/02/04/21:15:22,5307.665114,0.801250,0.797873,0.801250,0.797873,69,57,55,28,0,0,0,0,1612,1162,985,749
2026/02/04/21:15:23,5308.665827,0.801250,0.797873,0.801250,0.797873,69,57,55,28,0,0,0,0,1612,1162,985,749
2026/02/04/21:15:24,5309.666631,0.801250,0.797873,0.801250,0.797873,69,57,55,28,0,0,0,0,1612,1162,985,749
2026/02/04/21:15:25,5310.667266,0.801250,0.797873,0.801250,0.797873,69,57,55,28,0,0,0,0,1612,1162,985,749
2026/02/04/21:15:26,5311.667841,0.801250,0.797873,0.801250,0.797873,69,57,55,28,0,0,0,0,1612,1162,985,749
2026/02/04/21:15:27,5312.668486,0.801250,0.797873,0.801250,0.797873,69,57,55,28,0,0,0,0,1612,1162,985,749
2026/02/04/21:15:28,5313.669154,0.801250,0.797873,0.801250,0.797873,69,57,55,28,0,0,0,0,1612,1162,985,749
2026/02/04/21:15:29,5314.669789,0.801250,0.797873,0.801250,0.797873,69,57,55,28,0,0,0,0,1612,1162,985,749
2026/02/04/21:15:30,5315.670357,0.804500,0.801691,0.804500,0.801691,69,57,55,30,0,0,0,0,1612,1162,985,749
2026/02/04/21:15:31,5316.671001,0.848281,0.822718,0.848281,0.822718,69,57,58,34,0,0,0,0,1612,1162,985,749
2026/02/04/21:15:32,5317.671500,0.848281,0.822718,0.848281,0.822718,69,57,58,34,0,0,0,0,1612,1162,985,749
2026/02/04/21:15:33,5318.672065,0.845906,0.828126,0.851719,0.835915,69,57,57,34,1,0,1,0,1612,1162,988,749
2026/02/04/21:15:34,5319.672557,0.856656,0.846121,0.856656,0.846121,70,57,60,34,0,0,0,0,1612,1162,988,749
2026/02/04/21:15:35,5320.673274,0.856656,0.846121,0.856656,0.846121,70,57,60,34,0,0,0,0,1612,1162,988,749
2026/02/04/21:15:36,5321.673927,0.849250,0.830812,0.849250,0.830812,70,57,57,34,0,0,0,0,1612,1162,991,749
2026/02/04/21:15:37,5322.674703,0.838844,0.812640,0.838844,0.812640,70,57,54,33,0,0,0,0,1612,1162,994,750
2026/02/04/21:15:38,5323.675403,0.838844,0.812640,0.838844,0.812640,70,57,54,33,0,0,0,0,1612,1162,994,750
2026/02/04/21:15:39,5324.675699,0.838844,0.812640,0.838844,0.812640,70,57,54,33,0,0,0,0,1612,1162,994,750
2026/02/04/21:15:40,5325.676327,0.838844,0.812640,0.838844,0.812640,70,57,54,33,0,0,0,0,1612,1162,994,750
2026/02/04/21:15:41,5326.676656,0.838844,0.812640,0.838844,0.812640,70,57,54,33,0,0,0,0,1612,1162,994,750
2026/02/04/21:15:42,5327.677177,0.853625,0.840484,0.862875,0.842129,73,58,54,33,0,1,0,0,1612,1162,994,750
2026/02/04/21:15:43,5328.677430,0.862875,0.842129,0.862875,0.842129,73,59,54,33,0,0,0,0,1612,1162,994,750
2026/02/04/21:15:44,5329.678185,0.862875,0.842129,0.862875,0.842129,73,59,54,33,0,0,0,0,1612,1162,994,750
2026/02/04/21:15:45,5330.678922,0.857344,0.815930,0.857344,0.815930,70,59,54,33,0,0,0,0,1615,1162,994,750
2026/02/04/21:15:46,5331.679678,0.857344,0.815930,0.857344,0.815930,70,59,54,33,0,0,0,0,1615,1162,994,750
2026/02/04/21:15:47,5332.680012,0.857344,0.815930,0.857344,0.815930,70,59,54,33,0,0,0,0,1615,1162,994,750
2026/02/04/21:15:48,5333.680645,0.827250,0.806835,0.827250,0.806835,70,59,54,30,0,0,0,0,1615,1162,994,753
2026/02/04/21:15:49,5334.681364,0.827250,0.806835,0.827250,0.806835,70,59,54,30,0,0,0,0,1615,1162,994,753
2026/02/04/21:15:50,5335.682102,0.827250,0.806835,0.827250,0.806835,70,59,54,30,0,0,0,0,1615,1162,994,753
2026/02/04/21:15:51,5336.682897,0.827250,0.806835,0.827250,0.806835,70,59,54,30,0,0,0,0,1615,1162,994,753
2026/02/04/21:15:52,5337.683510,0.827250,0.806835,0.827250,0.806835,70,59,54,30,0,0,0,0,1615,1162,994,753
2026/02/04/21:15:53,5338.684200,0.827250,0.806835,0.827250,0.806835,70,59,54,30,0,0,0,0,1615,1162,994,753
2026/02/04/21:15:54,5339.684820,0.827250,0.806835,0.827250,0.806835,70,59,54,30,0,0,0,0,1615,1162,994,753
2026/02/04/21:15:55,5340.685448,0.827250,0.806835,0.827250,0.806835,70,59,54,30,0,0,0,0,1615,1162,994,753
2026/02/04/21:15:56,5341.686105,0.827250,0.806835,0.827250,0.806835,70,59,54,30,0,0,0,0,1615,1162,994,753
2026/02/04/21:15:57,5342.686613,0.839437,0.818366,0.839437,0.818366,73,59,54,33,0,0,0,0,1615,1162,994,753
2026/02/04/21:15:58,5343.687169,0.820937,0.815075,0.820937,0.815075,73,57,54,33,0,0,0,0,1615,1164,994,753
2026/02/04/21:15:59,5344.687849,0.814375,0.808376,0.814375,0.808376,73,57,54,30,0,0,0,0,1615,1164,994,756
2026/02/04/21:16:00,5345.688419,0.816187,0.809983,0.816187,0.809983,73,58,54,30,0,0,0,0,1615,1164,994,756
2026/02/04/21:16:01,5346.689093,0.810562,0.805152,0.810562,0.805152,70,58,54,30,0,0,0,0,1618,1164,994,756
2026/02/04/21:16:02,5347.689905,0.810562,0.805152,0.810562,0.805152,70,58,54,30,0,0,0,0,1618,1164,994,756
2026/02/04/21:16:03,5348.690664,0.810562,0.805152,0.810562,0.805152,70,58,54,30,0,0,0,0,1618,1164,994,756
2026/02/04/21:16:04,5349.691254,0.852938,0.832916,0.852938,0.832916,74,60,54,30,0,0,0,0,1618,1164,994,756
2026/02/04/21:16:05,5350.691844,0.852938,0.832916,0.852938,0.832916,74,60,54,30,0,0,0,0,1618,1164,994,756
2026/02/04/21:16:06,5351.692403,0.852938,0.832916,0.852938,0.832916,74,60,54,30,0,0,0,0,1618,1164,994,756
2026/02/04/21:16:07,5352.692963,0.844437,0.828173,0.844437,0.828173,73,60,54,30,0,0,0,0,1619,1164,994,756
2026/02/04/21:16:08,5353.693574,0.844437,0.828173,0.844437,0.828173,73,60,54,30,0,0,0,0,1619,1164,994,756
2026/02/04/21:16:09,5354.694035,0.844437,0.828173,0.844437,0.828173,73,60,54,30,0,0,0,0,1619,1164,994,756
2026/02/04/21:16:10,5355.694616,0.844437,0.828173,0.844437,0.828173,73,60,54,30,0,0,0,0,1619,1164,994,756
2026/02/04/21:16:11,5356.695219,0.844437,0.828173,0.844437,0.828173,73,60,54,30,0,0,0,0,1619,1164,994,756
2026/02/04/21:16:12,5357.695792,0.839562,0.823724,0.839562,0.823724,71,60,54,30,0,0,0,0,1621,1164,994,756
2026/02/04/21:16:13,5358.696392,0.839562,0.823724,0.839562,0.823724,71,60,54,30,0,0,0,0,1621,1164,994,756
2026/02/04/21:16:14,5359.697141,0.839562,0.823724,0.839562,0.823724,71,60,54,30,0,0,0,0,1621,1164,994,756
2026/02/04/21:16:15,5360.697625,0.836219,0.821037,0.836219,0.821037,70,60,54,30,0,0,0,0,1622,1164,994,756
2026/02/04/21:16:16,5361.698965,0.836219,0.821037,0.836219,0.821037,70,60,54,30,0,0,0,0,1622,1164,994,756
2026/02/04/21:16:17,5362.699559,0.836219,0.821037,0.836219,0.821037,70,60,54,30,0,0,0,0,1622,1164,994,756
2026/02/04/21:16:18,5363.700195,0.836219,0.821037,0.836219,0.821037,70,60,54,30,0,0,0,0,1622,1164,994,756
2026/02/04/21:16:19,5364.700977,0.836219,0.821037,0.836219,0.821037,70,60,54,30,0,0,0,0,1622,1164,994,756
2026/02/04/21:16:20,5365.701658,0.832969,0.817220,0.832969,0.817220,70,60,54,28,0,0,0,0,1622,1164,994,758
2026/02/04/21:16:21,5366.702527,0.832969,0.817220,0.832969,0.817220,70,60,54,28,0,0,0,0,1622,1164,994,758
2026/02/04/21:16:22,5367.703037,0.832969,0.817220,0.832969,0.817220,70,60,54,28,0,0,0,0,1622,1164,994,758
2026/02/04/21:16:23,5368.703558,0.832969,0.817220,0.832969,0.817220,70,60,54,28,0,0,0,0,1622,1164,994,758
2026/02/04/21:16:24,5369.704141,0.832969,0.817220,0.832969,0.817220,70,60,54,28,0,0,0,0,1622,1164,994,758
2026/02/04/21:16:25,5370.704746,0.832969,0.817220,0.832969,0.817220,70,60,54,28,0,0,0,0,1622,1164,994,758
2026/02/04/21:16:26,5371.705418,0.832969,0.817220,0.832969,0.817220,70,60,54,28,0,0,0,0,1622,1164,994,758
2026/02/04/21:16:27,5372.706006,0.829719,0.815103,0.829719,0.815103,70,59,54,28,0,0,0,0,1622,1165,994,758
2026/02/04/21:16:28,5373.706516,0.850156,0.836718,0.850156,0.836718,70,63,54,30,0,0,0,0,1622,1165,994,758
2026/02/04/21:16:29,5374.707109,0.850156,0.836718,0.850156,0.836718,70,63,54,30,0,0,0,0,1622,1165,994,758
2026/02/04/21:16:30,5375.707659,0.843781,0.830801,0.848656,0.842027,70,60,54,32,0,0,0,2,1622,1168,994,758
2026/02/04/21:16:31,5376.708203,0.848656,0.842027,0.848656,0.842027,70,60,54,34,0,0,0,0,1622,1168,994,758
2026/02/04/21:16:32,5377.708694,0.848656,0.842027,0.848656,0.842027,70,60,54,34,0,0,0,0,1622,1168,994,758
2026/02/04/21:16:33,5378.709278,0.835969,0.827450,0.835969,0.827450,68,60,54,34,0,0,0,0,1624,1168,994,758
2026/02/04/21:16:34,5379.709689,0.868469,0.855408,0.868469,0.855408,70,66,56,33,0,0,0,0,1624,1168,994,759
2026/02/04/21:16:35,5380.710327,0.868469,0.855408,0.868469,0.855408,70,66,56,33,0,0,0,0,1624,1168,994,759
2026/02/04/21:16:36,5381.710888,0.880875,0.886072,0.912250,0.917204,72,67,58,33,2,2,0,0,1624,1169,994,759
2026/02/04/21:16:37,5382.711255,0.867500,0.890195,0.894750,0.907217,74,64,58,31,0,2,0,0,1624,1172,994,761
2026/02/04/21:16:38,5383.711922,0.865688,0.888588,0.911906,0.915148,74,63,58,31,0,5,1,0,1624,1173,994,761
2026/02/04/21:16:39,5384.712520,0.888281,0.904812,0.915531,0.921834,74,66,61,31,0,2,0,0,1624,1173,994,761
2026/02/04/21:16:40,5385.712977,0.888281,0.904812,0.915531,0.921834,74,66,61,31,0,2,0,0,1624,1173,994,761
2026/02/04/21:16:41,5386.713481,0.903719,0.918325,0.952906,0.940923,77,66,62,31,2,2,1,0,1625,1173,994,761
2026/02/04/21:16:42,5387.713937,0.904781,0.899364,0.953875,0.923803,74,66,63,31,2,3,0,0,1628,1173,994,761
2026/02/04/21:16:43,5388.714466,0.904781,0.899364,0.926625,0.906781,74,66,63,31,2,1,0,0,1628,1173,994,761
2026/02/04/21:16:44,5389.714957,0.907875,0.912473,0.948094,0.939343,76,67,65,31,2,1,2,1,1629,1173,996,761
2026/02/04/21:16:45,5390.715407,0.911656,0.916414,0.932531,0.924013,76,68,64,31,0,0,1,1,1631,1173,998,761
2026/02/04/21:16:46,5391.715921,0.928969,0.923807,0.977625,0.943098,77,70,64,31,1,3,1,2,1631,1173,998,761
2026/02/04/21:16:47,5392.716540,0.924844,0.904196,0.942656,0.911580,73,71,62,32,2,1,0,0,1636,1174,1000,761
2026/02/04/21:16:48,5393.717205,0.917250,0.898080,0.930250,0.903549,73,71,59,32,2,0,0,0,1636,1175,1003,761
2026/02/04/21:16:49,5394.717739,0.917250,0.898080,0.930250,0.903549,73,71,59,32,2,0,0,0,1636,1175,1003,761
2026/02/04/21:16:50,5395.718271,0.910750,0.895346,0.910750,0.895346,72,71,59,32,0,0,0,0,1637,1175,1003,761
2026/02/04/21:16:51,5396.718932,0.903438,0.878506,0.903438,0.878506,72,71,59,29,0,0,0,0,1637,1175,1003,764
2026/02/04/21:16:52,5397.719486,0.903438,0.878506,0.903438,0.878506,72,71,59,29,0,0,0,0,1637,1175,1003,764
2026/02/04/21:16:53,5398.719923,0.903438,0.878506,0.903438,0.878506,72,71,59,29,0,0,0,0,1637,1175,1003,764
2026/02/04/21:16:54,5399.720546,0.888500,0.874101,0.888500,0.874101,71,70,59,29,0,0,0,0,1638,1176,1003,764
2026/02/04/21:16:55,5400.721213,0.888500,0.874101,0.888500,0.874101,71,70,59,29,0,0,0,0,1638,1176,1003,764
2026/02/04/21:16:56,5401.721938,0.886625,0.870211,0.886625,0.870211,71,70,59,28,0,0,0,0,1638,1176,1003,765
2026/02/04/21:16:57,5402.733331,0.879469,0.866167,0.879469,0.866167,71,69,59,28,0,0,0,0,1638,1177,1003,765
2026/02/04/21:16:58,5403.733915,0.865031,0.860421,0.865031,0.860421,71,66,59,28,0,0,0,0,1638,1180,1003,765
2026/02/04/21:16:59,5404.734481,0.865031,0.860421,0.865031,0.860421,71,66,59,28,0,0,0,0,1638,1180,1003,765
2026/02/04/21:17:00,5405.734997,0.865031,0.860421,0.865031,0.860421,71,66,59,28,0,0,0,0,1638,1180,1003,765
2026/02/04/21:17:01,5406.735569,0.865031,0.860421,0.865031,0.860421,71,66,59,28,0,0,0,0,1638,1180,1003,765
2026/02/04/21:17:02,5407.736271,0.865031,0.860421,0.865031,0.860421,71,66,59,28,0,0,0,0,1638,1180,1003,765
2026/02/04/21:17:03,5408.736659,0.865031,0.860421,0.865031,0.860421,71,66,59,28,0,0,0,0,1638,1180,1003,765
2026/02/04/21:17:04,5409.737135,0.865031,0.860421,0.865031,0.860421,71,66,59,28,0,0,0,0,1638,1180,1003,765
2026/02/04/21:17:05,5410.737942,0.865031,0.860421,0.865031,0.860421,71,66,59,28,0,0,0,0,1638,1180,1003,765
2026/02/04/21:17:06,5411.738950,0.865031,0.860421,0.865031,0.860421,71,66,59,28,0,0,0,0,1638,1180,1003,765
2026/02/04/21:17:07,5412.739575,0.865031,0.860421,0.865031,0.860421,71,66,59,28,0,0,0,0,1638,1180,1003,765
2026/02/04/21:17:08,5413.740125,0.863375,0.853202,0.863375,0.853202,70,66,59,28,0,0,0,0,1639,1180,1003,765
2026/02/04/21:17:09,5414.740669,0.857938,0.843173,0.857938,0.843173,70,66,56,28,0,0,0,0,1639,1180,1006,765
2026/02/04/21:17:10,5415.741338,0.857938,0.843173,0.857938,0.843173,70,66,56,28,0,0,0,0,1639,1180,1006,765
2026/02/04/21:17:11,5416.741807,0.884938,0.876210,0.884938,0.876210,74,73,57,28,0,0,0,0,1639,1180,1006,765
2026/02/04/21:17:12,5417.742663,0.868219,0.867505,0.868219,0.867505,75,69,58,28,0,0,0,0,1639,1184,1006,765
2026/02/04/21:17:13,5418.743293,0.857969,0.859114,0.857969,0.859114,75,66,57,28,0,0,0,0,1639,1187,1007,765
2026/02/04/21:17:14,5419.743911,0.852344,0.855461,0.852344,0.855461,73,66,57,28,0,0,0,0,1641,1187,1007,765
2026/02/04/21:17:15,5420.745381,0.845875,0.844036,0.845875,0.844036,70,66,57,28,0,0,0,0,1644,1187,1007,765
2026/02/04/21:17:16,5421.746217,0.845875,0.844036,0.845875,0.844036,70,66,57,28,0,0,0,0,1644,1187,1007,765
2026/02/04/21:17:17,5422.746778,0.840938,0.839911,0.840938,0.839911,70,64,57,28,0,0,0,0,1644,1189,1007,765
2026/02/04/21:17:18,5423.747382,0.848406,0.850978,0.873594,0.867508,70,64,59,29,1,3,3,0,1644,1189,1007,765
2026/02/04/21:17:19,5424.747941,0.895750,0.875191,0.895750,0.875191,74,67,62,30,0,0,0,0,1644,1189,1007,765
2026/02/04/21:17:20,5425.748420,0.897000,0.870832,0.897000,0.870832,75,65,62,30,0,0,0,0,1644,1191,1007,765
2026/02/04/21:17:21,5426.748936,0.894312,0.867646,0.894312,0.867646,74,65,62,30,0,0,0,0,1645,1191,1007,765
2026/02/04/21:17:22,5427.749383,0.888875,0.864125,0.888875,0.864125,72,65,62,30,0,0,0,0,1647,1191,1007,765
2026/02/04/21:17:23,5428.749763,0.885719,0.859553,0.885719,0.859553,72,65,62,29,0,0,0,0,1647,1191,1007,766
2026/02/04/21:17:24,5429.750525,0.873156,0.852897,0.873156,0.852897,72,65,59,29,0,0,0,0,1647,1191,1010,766
2026/02/04/21:17:25,5430.751397,0.859594,0.842348,0.859594,0.842348,70,65,57,29,0,0,0,0,1649,1191,1012,766
2026/02/04/21:17:26,5431.752139,0.859594,0.842348,0.859594,0.842348,70,65,57,29,0,0,0,0,1649,1191,1012,766
2026/02/04/21:17:27,5432.752881,0.856094,0.837010,0.856094,0.837010,70,65,55,29,0,0,0,0,1649,1191,1014,766
2026/02/04/21:17:28,5433.753329,0.856094,0.837010,0.856094,0.837010,70,65,55,29,0,0,0,0,1649,1191,1014,766
2026/02/04/21:17:29,5434.754042,0.852625,0.835015,0.852625,0.835015,70,65,54,29,0,0,0,0,1649,1191,1015,766
2026/02/04/21:17:30,5435.754620,0.852625,0.835015,0.852625,0.835015,70,65,54,29,0,0,0,0,1649,1191,1015,766
2026/02/04/21:17:31,5436.755251,0.852625,0.835015,0.852625,0.835015,70,65,54,29,0,0,0,0,1649,1191,1015,766
2026/02/04/21:17:32,5437.755920,0.840531,0.832879,0.840531,0.832879,70,65,54,28,0,0,0,0,1649,1191,1015,767
2026/02/04/21:17:33,5438.756538,0.848688,0.840650,0.848688,0.840650,70,68,54,28,0,0,0,0,1649,1191,1015,767
2026/02/04/21:17:34,5439.757033,0.888000,0.882470,0.895062,0.894322,75,69,59,30,0,1,2,0,1649,1191,1015,767
2026/02/04/21:17:35,5440.757694,0.914687,0.912995,0.914687,0.912995,78,70,64,30,0,0,0,0,1649,1191,1015,767
2026/02/04/21:17:36,5441.758175,0.906531,0.905224,0.906531,0.905224,78,67,64,30,0,0,0,0,1649,1194,1015,767
2026/02/04/21:17:37,5442.758787,0.891219,0.888755,0.891219,0.888755,76,67,61,28,0,0,0,0,1651,1194,1018,769
2026/02/04/21:17:38,5443.759395,0.884469,0.876681,0.884469,0.876681,75,67,60,28,0,0,0,0,1652,1194,1019,769
2026/02/04/21:17:39,5444.760045,0.884469,0.876681,0.884469,0.876681,75,67,60,28,0,0,0,0,1652,1194,1019,769
2026/02/04/21:17:40,5445.760607,0.867313,0.870487,0.867313,0.870487,75,64,60,28,0,0,0,0,1652,1197,1019,769
2026/02/04/21:17:41,5446.761428,0.865344,0.866714,0.865344,0.866714,75,64,59,28,0,0,0,0,1652,1197,1020,769
2026/02/04/21:17:42,5447.762072,0.865344,0.866714,0.865344,0.866714,75,64,59,28,0,0,0,0,1652,1197,1020,769
2026/02/04/21:17:43,5448.762673,0.853062,0.861985,0.853062,0.861985,72,64,59,28,0,0,0,0,1655,1197,1020,769
2026/02/04/21:17:44,5449.763404,0.853062,0.861985,0.853062,0.861985,72,64,59,28,0,0,0,0,1655,1197,1020,769
2026/02/04/21:17:45,5450.764105,0.853062,0.861985,0.853062,0.861985,72,64,59,28,0,0,0,0,1655,1197,1020,769
2026/02/04/21:17:46,5451.764769,0.847437,0.849675,0.847437,0.849675,69,64,59,28,0,0,0,0,1658,1197,1020,769
2026/02/04/21:17:47,5452.765435,0.837500,0.842988,0.837500,0.842988,69,61,59,28,0,0,0,0,1658,1200,1020,769
2026/02/04/21:17:48,5453.766196,0.833562,0.833942,0.833562,0.833942,69,59,59,28,0,0,0,0,1658,1202,1020,769
2026/02/04/21:17:49,5454.766658,0.825500,0.818685,0.825500,0.818685,69,59,56,28,0,0,0,0,1658,1202,1023,769
2026/02/04/21:17:50,5455.767285,0.825500,0.818685,0.825500,0.818685,69,59,56,28,0,0,0,0,1658,1202,1023,769
2026/02/04/21:17:51,5456.768116,0.825500,0.818685,0.825500,0.818685,69,59,56,28,0,0,0,0,1658,1202,1023,769
2026/02/04/21:17:52,5457.768702,0.874563,0.892883,0.909406,0.901505,74,61,59,31,0,0,0,3,1658,1202,1023,769
2026/02/04/21:17:53,5458.769196,0.878625,0.887703,0.913469,0.896325,77,60,59,31,0,0,0,3,1658,1203,1023,769
2026/02/04/21:17:54,5459.769881,0.873062,0.879656,0.873062,0.879656,75,58,59,31,0,0,0,0,1660,1205,1023,770
2026/02/04/21:17:55,5460.770339,0.844656,0.837366,0.844656,0.837366,72,58,56,31,0,0,0,0,1663,1205,1026,770
2026/02/04/21:17:56,5461.770923,0.844656,0.837366,0.844656,0.837366,72,58,56,31,0,0,0,0,1663,1205,1026,770
2026/02/04/21:17:57,5462.771204,0.858437,0.847749,0.858437,0.847749,72,61,56,31,0,0,0,0,1663,1205,1026,770
2026/02/04/21:17:58,5463.771780,0.884188,0.908663,0.913594,0.916942,72,66,56,35,0,1,1,0,1663,1205,1026,770
2026/02/04/21:17:59,5464.772260,0.879437,0.895156,0.908844,0.903435,71,66,56,33,0,1,1,0,1664,1205,1026,772
2026/02/04/21:18:00,5465.772919,0.877281,0.875958,0.906687,0.884236,72,64,56,33,0,1,1,0,1664,1207,1026,772
2026/02/04/21:18:01,5466.773422,0.877281,0.875958,0.906687,0.884236,72,64,56,33,0,1,1,0,1664,1207,1026,772
2026/02/04/21:18:02,5467.776252,0.917250,0.920059,0.964500,0.943436,77,64,61,34,1,2,1,1,1664,1208,1026,772
2026/02/04/21:18:03,5468.776725,0.920562,0.933232,0.958875,0.964804,77,66,61,37,5,1,0,2,1664,1208,1026,773
2026/02/04/21:18:04,5469.777341,0.922438,0.935042,1.000094,0.987800,78,66,61,37,6,5,1,2,1664,1208,1026,773
2026/02/04/21:18:05,5470.777899,0.931406,0.931489,0.996781,0.970749,77,70,61,35,5,4,3,0,1667,1208,1026,775
2026/02/04/21:18:06,5471.778423,0.920312,0.928362,0.950344,0.946555,76,68,64,34,3,1,0,0,1670,1211,1026,776
2026/02/04/21:18:07,5472.778964,0.920656,0.927029,0.948469,0.941910,77,67,64,34,2,1,0,0,1670,1212,1026,776
2026/02/04/21:18:08,5473.779475,0.914625,0.921538,0.929438,0.925103,78,63,64,34,0,1,0,0,1670,1216,1026,776
2026/02/04/21:18:09,5474.780120,0.913344,0.914529,0.913344,0.914529,78,63,62,34,0,0,0,0,1670,1217,1028,776
2026/02/04/21:18:10,5475.780792,0.907094,0.896412,0.907094,0.896412,76,63,61,34,0,0,0,0,1672,1217,1029,776
2026/02/04/21:18:11,5476.781314,0.893312,0.886030,0.893312,0.886030,76,60,61,34,0,0,0,0,1672,1220,1029,776
2026/02/04/21:18:12,5477.782027,0.882437,0.864805,0.882437,0.864805,76,60,61,31,0,0,0,0,1672,1220,1029,779
2026/02/04/21:18:13,5478.782543,0.907469,0.894515,0.907469,0.894515,78,65,63,31,0,0,0,0,1672,1220,1029,779
2026/02/04/21:18:14,5479.783173,0.907469,0.894515,0.907469,0.894515,78,65,63,31,0,0,0,0,1672,1220,1029,779
2026/02/04/21:18:15,5480.783794,0.903937,0.888580,0.903937,0.888580,77,65,63,31,0,0,0,0,1673,1220,1029,779
2026/02/04/21:18:16,5481.784410,0.894219,0.872579,0.894219,0.872579,77,62,61,31,0,0,0,0,1673,1223,1031,779
2026/02/04/21:18:17,5482.784908,0.900594,0.874785,0.900594,0.874785,78,62,61,31,0,0,0,0,1673,1223,1031,779
2026/02/04/21:18:18,5483.785541,0.896406,0.869094,0.896406,0.869094,76,62,61,31,0,0,0,0,1675,1223,1031,779
2026/02/04/21:18:19,5484.786318,0.918312,0.896252,0.918312,0.896252,76,65,65,31,0,0,0,0,1675,1223,1031,779
2026/02/04/21:18:20,5485.786794,0.926469,0.917002,0.926469,0.917002,76,69,65,31,0,0,0,0,1676,1223,1031,779
2026/02/04/21:18:21,5486.787270,0.906813,0.892891,0.906813,0.892891,75,67,63,31,0,0,0,0,1677,1225,1033,779
2026/02/04/21:18:22,5487.787834,0.901375,0.887957,0.901375,0.887957,72,67,63,31,0,0,0,0,1680,1225,1033,779
2026/02/04/21:18:23,5488.788383,0.896938,0.881332,0.896938,0.881332,70,67,63,31,0,0,0,0,1682,1225,1033,779
2026/02/04/21:18:24,5489.789037,0.896938,0.881332,0.896938,0.881332,70,67,63,31,0,0,0,0,1682,1225,1033,779
2026/02/04/21:18:25,5490.789620,0.896969,0.885188,0.896969,0.885188,72,67,63,31,0,0,0,0,1683,1225,1033,779
2026/02/04/21:18:26,5491.790520,0.915063,0.901944,0.917031,0.906168,72,68,67,31,0,1,0,0,1683,1225,1033,779
2026/02/04/21:18:27,5492.791016,0.917031,0.906168,0.917031,0.906168,72,69,67,31,0,0,0,0,1683,1225,1033,779
2026/02/04/21:18:28,5493.791506,0.911781,0.896906,0.911781,0.896906,69,69,67,31,0,0,0,0,1686,1225,1033,779
2026/02/04/21:18:29,5494.792186,0.911781,0.896906,0.911781,0.896906,69,69,67,31,0,0,0,0,1686,1225,1033,779
2026/02/04/21:18:30,5495.792662,0.911781,0.896906,0.918906,0.902333,69,69,67,31,0,0,3,0,1686,1225,1033,779
2026/02/04/21:18:31,5496.793173,0.924594,0.905993,0.924594,0.905993,71,69,70,31,0,0,0,0,1686,1225,1033,779
2026/02/04/21:18:32,5497.793778,0.924594,0.905993,0.924594,0.905993,71,69,70,31,0,0,0,0,1686,1225,1033,779
2026/02/04/21:18:33,5498.794272,0.924594,0.905993,0.924594,0.905993,71,69,70,31,0,0,0,0,1686,1225,1033,779
2026/02/04/21:18:34,5499.794765,0.920969,0.904179,0.920969,0.904179,70,69,70,31,0,0,0,0,1687,1225,1033,779
2026/02/04/21:18:35,5500.795419,0.931063,0.928413,0.949281,0.967101,70,68,70,35,0,3,0,1,1687,1226,1033,779
2026/02/04/21:18:36,5501.796038,0.913875,0.923040,0.932094,0.961728,70,67,69,35,0,3,0,1,1687,1227,1034,779
2026/02/04/21:18:37,5502.796623,0.909125,0.919422,0.927344,0.958110,70,67,67,35,0,3,0,1,1687,1227,1036,779
2026/02/04/21:18:38,5503.797256,0.909125,0.919422,0.927344,0.958110,70,67,67,35,0,3,0,1,1687,1227,1036,779
2026/02/04/21:18:39,5504.797811,0.907344,0.917791,0.925562,0.956479,70,67,66,35,0,3,0,1,1687,1227,1037,779
2026/02/04/21:18:40,5505.798215,0.893906,0.909324,0.912125,0.948012,68,67,66,33,0,3,0,1,1689,1227,1037,781
2026/02/04/21:18:41,5506.798741,0.893906,0.909324,0.912125,0.948012,68,67,66,33,0,3,0,1,1689,1227,1037,781
2026/02/04/21:18:43,5508.196441,0.893906,0.909324,0.912125,0.948012,68,67,66,33,0,3,0,1,1689,1227,1037,781
2026/02/04/21:18:44,5509.196966,0.893906,0.909324,0.912125,0.948012,68,67,66,33,0,3,0,1,1689,1227,1037,781
2026/02/04/21:18:46,5511.193306,0.893344,0.911046,0.895156,0.921927,69,68,64,33,0,0,0,1,1689,1227,1039,781
2026/02/04/21:18:47,5512.196420,0.889719,0.889285,0.889719,0.889285,69,68,64,31,0,0,0,0,1689,1227,1039,783
2026/02/04/21:18:48,5513.196978,0.889719,0.889285,0.889719,0.889285,69,68,64,31,0,0,0,0,1689,1227,1039,783
2026/02/04/21:18:49,5514.197480,0.887781,0.886276,0.887781,0.886276,68,68,64,31,0,0,0,0,1690,1227,1039,783
2026/02/04/21:18:50,5515.197792,0.876094,0.872851,0.876094,0.872851,66,66,64,31,0,0,0,0,1692,1229,1039,783
2026/02/04/21:18:51,5516.198784,0.876094,0.872851,0.876094,0.872851,66,66,64,31,0,0,0,0,1692,1229,1039,783
2026/02/04/21:18:52,5517.199496,0.876094,0.872851,0.876094,0.872851,66,66,64,31,0,0,0,0,1692,1229,1039,783
2026/02/04/21:18:53,5518.200117,0.876094,0.872851,0.876094,0.872851,66,66,64,31,0,0,0,0,1692,1229,1039,783
2026/02/04/21:18:54,5519.200513,0.876094,0.872851,0.876094,0.872851,66,66,64,31,0,0,0,0,1692,1229,1039,783
2026/02/04/21:18:55,5520.201064,0.876094,0.872851,0.876094,0.872851,66,66,64,31,0,0,0,0,1692,1229,1039,783
2026/02/04/21:18:56,5521.201654,0.876094,0.872851,0.876094,0.872851,66,66,64,31,0,0,0,0,1692,1229,1039,783
2026/02/04/21:18:57,5522.202088,0.876094,0.872851,0.876094,0.872851,66,66,64,31,0,0,0,0,1692,1229,1039,783
2026/02/04/21:18:58,5523.202614,0.862031,0.869297,0.862031,0.869297,66,66,64,29,0,0,0,0,1692,1229,1039,785
2026/02/04/21:18:59,5524.203238,0.862031,0.869297,0.862031,0.869297,66,66,64,29,0,0,0,0,1692,1229,1039,785
2026/02/04/21:19:00,5525.203909,0.862031,0.869297,0.862031,0.869297,66,66,64,29,0,0,0,0,1692,1229,1039,785
2026/02/04/21:19:01,5526.204455,0.862031,0.869297,0.862031,0.869297,66,66,64,29,0,0,0,0,1692,1229,1039,785
2026/02/04/21:19:02,5527.205167,0.860469,0.866089,0.860469,0.866089,66,64,64,30,0,0,0,0,1692,1231,1039,785
2026/02/04/21:19:03,5528.205783,0.860469,0.866089,0.860469,0.866089,66,64,64,30,0,0,0,0,1692,1231,1039,785
2026/02/04/21:19:04,5529.206353,0.834844,0.861412,0.834844,0.861412,66,62,64,30,0,0,0,0,1692,1233,1039,785
2026/02/04/21:19:05,5530.206954,0.834844,0.861412,0.834844,0.861412,66,62,64,30,0,0,0,0,1692,1233,1039,785
2026/02/04/21:19:06,5531.207560,0.834844,0.861412,0.834844,0.861412,66,62,64,30,0,0,0,0,1692,1233,1039,785
2026/02/04/21:19:07,5532.208160,0.834844,0.861412,0.834844,0.861412,66,62,64,30,0,0,0,0,1692,1233,1039,785
2026/02/04/21:19:08,5533.208704,0.830781,0.855956,0.830781,0.855956,66,62,62,30,0,0,0,0,1692,1233,1041,785
2026/02/04/21:19:09,5534.209358,0.830781,0.855956,0.830781,0.855956,66,62,62,30,0,0,0,0,1692,1233,1041,785
2026/02/04/21:19:10,5535.209966,0.830781,0.855956,0.830781,0.855956,66,62,62,30,0,0,0,0,1692,1233,1041,785
2026/02/04/21:19:11,5536.212783,0.830781,0.855956,0.830781,0.855956,66,62,62,30,0,0,0,0,1692,1233,1041,785
2026/02/04/21:19:12,5537.213321,0.830781,0.855956,0.830781,0.855956,66,62,62,30,0,0,0,0,1692,1233,1041,785
2026/02/04/21:19:13,5538.214979,0.830781,0.855956,0.830781,0.855956,66,62,62,30,0,0,0,0,1692,1233,1041,785
2026/02/04/21:19:14,5539.215586,0.830781,0.855956,0.830781,0.855956,66,62,62,30,0,0,0,0,1692,1233,1041,785
2026/02/04/21:19:15,5540.216045,0.830781,0.855956,0.830781,0.855956,66,62,62,30,0,0,0,0,1692,1233,1041,785
2026/02/04/21:19:16,5541.216564,0.832875,0.858789,0.832875,0.858789,67,62,62,30,0,0,0,0,1692,1233,1041,785
2026/02/04/21:19:17,5542.217125,0.832875,0.858789,0.832875,0.858789,67,62,62,30,0,0,0,0,1692,1233,1041,785
2026/02/04/21:19:18,5543.217675,0.832875,0.858789,0.832875,0.858789,67,62,62,30,0,0,0,0,1692,1233,1041,785
2026/02/04/21:19:19,5544.218230,0.826875,0.839551,0.826875,0.839551,67,62,59,30,0,0,0,0,1692,1233,1044,785
2026/02/04/21:19:20,5545.218841,0.826875,0.839551,0.826875,0.839551,67,62,59,30,0,0,0,0,1692,1233,1044,785
2026/02/04/21:19:21,5546.219409,0.826875,0.839551,0.826875,0.839551,67,62,59,30,0,0,0,0,1692,1233,1044,785
2026/02/04/21:19:22,5547.220139,0.826875,0.839551,0.826875,0.839551,67,62,59,30,0,0,0,0,1692,1233,1044,785
2026/02/04/21:19:23,5548.220752,0.826875,0.839551,0.826875,0.839551,67,62,59,30,0,0,0,0,1692,1233,1044,785
2026/02/04/21:19:24,5549.221283,0.826875,0.839551,0.826875,0.839551,67,62,59,30,0,0,0,0,1692,1233,1044,785
2026/02/04/21:19:25,5550.221878,0.821750,0.833875,0.821750,0.833875,67,60,59,30,0,0,0,0,1692,1235,1044,785
2026/02/04/21:19:26,5551.222337,0.821750,0.833875,0.821750,0.833875,67,60,59,30,0,0,0,0,1692,1235,1044,785
2026/02/04/21:19:27,5552.222800,0.821750,0.833875,0.821750,0.833875,67,60,59,30,0,0,0,0,1692,1235,1044,785
2026/02/04/21:19:28,5553.230813,0.851906,0.848264,0.851906,0.848264,69,60,62,30,0,0,0,0,1693,1235,1044,785
2026/02/04/21:19:29,5554.231452,0.851906,0.848264,0.851906,0.848264,69,60,62,30,0,0,0,0,1693,1235,1044,785
2026/02/04/21:19:30,5555.232129,0.851906,0.848264,0.851906,0.848264,69,60,62,30,0,0,0,0,1693,1235,1044,785
2026/02/04/21:19:31,5556.232773,0.851906,0.848264,0.851906,0.848264,69,60,62,30,0,0,0,0,1693,1235,1044,785
2026/02/04/21:19:32,5557.233410,0.851906,0.848264,0.851906,0.848264,69,60,62,30,0,0,0,0,1693,1235,1044,785
2026/02/04/21:19:33,5558.234174,0.870750,0.857157,0.870750,0.857157,70,60,62,32,0,0,0,0,1693,1235,1044,785
2026/02/04/21:19:34,5559.234824,0.870750,0.857157,0.870750,0.857157,70,60,62,32,0,0,0,0,1693,1235,1044,785
2026/02/04/21:19:35,5560.235570,0.870750,0.857157,0.870750,0.857157,70,60,62,32,0,0,0,0,1693,1235,1044,785
2026/02/04/21:19:36,5561.235947,0.867313,0.853837,0.867313,0.853837,68,60,62,32,0,0,0,0,1695,1235,1044,785
2026/02/04/21:19:37,5562.236375,0.870188,0.866978,0.870188,0.866978,68,60,62,33,0,0,0,0,1695,1235,1044,785
2026/02/04/21:19:38,5563.237018,0.872437,0.868646,0.872437,0.868646,68,61,62,33,0,0,0,0,1695,1235,1044,785
2026/02/04/21:19:39,5564.237473,0.872437,0.868646,0.872437,0.868646,68,61,62,33,0,0,0,0,1695,1235,1044,785
2026/02/04/21:19:40,5565.238048,0.872437,0.868646,0.872437,0.868646,68,61,62,33,0,0,0,0,1695,1235,1044,785
2026/02/04/21:19:41,5566.238507,0.872437,0.868646,0.872437,0.868646,68,61,62,33,0,0,0,0,1695,1235,1044,785
2026/02/04/21:19:42,5567.239047,0.872437,0.868646,0.872437,0.868646,68,61,62,33,0,0,0,0,1695,1235,1044,785
2026/02/04/21:19:43,5568.239673,0.872437,0.868646,0.872437,0.868646,68,61,62,33,0,0,0,0,1695,1235,1044,785
2026/02/04/21:19:44,5569.240478,0.869781,0.865681,0.869781,0.865681,68,60,62,33,0,0,0,0,1695,1236,1044,785
2026/02/04/21:19:45,5570.241091,0.864094,0.863262,0.864094,0.863262,67,60,62,33,0,0,0,0,1696,1236,1044,785
2026/02/04/21:19:46,5571.242543,0.864094,0.863262,0.864094,0.863262,67,60,62,33,0,0,0,0,1696,1236,1044,785
2026/02/04/21:19:47,5572.243041,0.857250,0.852949,0.857250,0.852949,64,60,62,33,0,0,0,0,1699,1236,1044,785
2026/02/04/21:19:48,5573.243538,0.857250,0.852949,0.857250,0.852949,64,60,62,33,0,0,0,0,1699,1236,1044,785
2026/02/04/21:19:49,5574.244129,0.857250,0.852949,0.857250,0.852949,64,60,62,33,0,0,0,0,1699,1236,1044,785
2026/02/04/21:19:50,5575.244756,0.857250,0.852949,0.857250,0.852949,64,60,62,33,0,0,0,0,1699,1236,1044,785
2026/02/04/21:19:51,5576.245400,0.857250,0.852949,0.857250,0.852949,64,60,62,33,0,0,0,0,1699,1236,1044,785
2026/02/04/21:19:52,5577.246279,0.857250,0.852949,0.857250,0.852949,64,60,62,33,0,0,0,0,1699,1236,1044,785
2026/02/04/21:19:53,5578.246758,0.857250,0.852949,0.857250,0.852949,64,60,62,33,0,0,0,0,1699,1236,1044,785
2026/02/04/21:19:54,5579.247130,0.857250,0.852949,0.857250,0.852949,64,60,62,33,0,0,0,0,1699,1236,1044,785
2026/02/04/21:19:55,5580.247849,0.846625,0.848502,0.846625,0.848502,62,60,62,33,0,0,0,0,1701,1236,1044,785
2026/02/04/21:19:56,5581.248571,0.846625,0.848502,0.846625,0.848502,62,60,62,33,0,0,0,0,1701,1236,1044,785
2026/02/04/21:19:57,5582.249233,0.840406,0.846801,0.840406,0.846801,62,59,62,33,0,0,0,0,1701,1237,1044,785
2026/02/04/21:19:58,5583.249798,0.840406,0.846801,0.840406,0.846801,62,59,62,33,0,0,0,0,1701,1237,1044,785
2026/02/04/21:19:59,5584.250487,0.840406,0.846801,0.840406,0.846801,62,59,62,33,0,0,0,0,1701,1237,1044,785
2026/02/04/21:20:00,5585.251035,0.840406,0.846801,0.840406,0.846801,62,59,62,33,0,0,0,0,1701,1237,1044,785
2026/02/04/21:20:01,5586.251577,0.833562,0.843589,0.833562,0.843589,62,59,62,32,0,0,0,0,1701,1237,1044,786
2026/02/04/21:20:02,5587.252281,0.833562,0.843589,0.833562,0.843589,62,59,62,32,0,0,0,0,1701,1237,1044,786
2026/02/04/21:20:03,5588.252849,0.833562,0.843589,0.833562,0.843589,62,59,62,32,0,0,0,0,1701,1237,1044,786
2026/02/04/21:20:04,5589.253605,0.833562,0.843589,0.833562,0.843589,62,59,62,32,0,0,0,0,1701,1237,1044,786
2026/02/04/21:20:05,5590.254231,0.859375,0.873458,0.859375,0.873458,65,61,65,32,0,0,0,0,1701,1237,1044,786
2026/02/04/21:20:06,5591.254936,0.862844,0.887750,0.866281,0.911024,66,62,65,32,2,0,0,0,1701,1237,1044,786
2026/02/04/21:20:07,5592.255478,0.859938,0.885438,0.863375,0.908711,66,61,65,32,2,0,0,0,1701,1238,1044,786
2026/02/04/21:20:08,5593.255888,0.846437,0.877962,0.849875,0.901235,66,61,62,32,2,0,0,0,1701,1238,1047,786
2026/02/04/21:20:09,5594.256481,0.846969,0.883009,0.850406,0.906282,65,60,64,32,2,0,0,0,1702,1239,1047,786
2026/02/04/21:20:10,5595.257258,0.903594,0.909605,0.907031,0.932878,67,62,71,33,2,0,0,0,1702,1239,1047,786
2026/02/04/21:20:11,5596.257507,0.909469,0.904853,0.931031,0.941116,65,63,74,34,2,1,1,1,1704,1240,1047,786
2026/02/04/21:20:12,5597.257943,0.921469,0.913667,0.944406,0.943670,67,65,72,36,3,1,0,0,1704,1240,1050,786
2026/02/04/21:20:13,5598.258384,0.928188,0.930801,0.985250,0.971135,70,65,73,35,3,1,3,0,1704,1243,1051,787
2026/02/04/21:20:14,5599.258959,0.919344,0.925073,0.967281,0.960432,68,65,73,34,3,0,3,0,1706,1243,1051,788
2026/02/04/21:20:15,5600.259454,0.907625,0.914881,0.932094,0.933405,65,65,71,34,1,0,2,0,1710,1243,1054,788
2026/02/04/21:20:16,5601.260041,0.907625,0.914881,0.932094,0.933405,65,65,71,34,1,0,2,0,1710,1243,1054,788
2026/02/04/21:20:17,5602.260669,0.903625,0.912381,0.928094,0.930905,65,64,71,34,1,0,2,0,1710,1244,1054,788
2026/02/04/21:20:18,5603.261128,0.874719,0.902213,0.899188,0.920737,65,62,68,34,1,0,2,0,1710,1246,1057,788
2026/02/04/21:20:19,5604.261567,0.861781,0.895719,0.886250,0.914243,65,59,68,34,1,0,2,0,1710,1249,1057,788
2026/02/04/21:20:20,5605.262206,0.867594,0.894386,0.880687,0.909467,65,59,69,32,1,0,1,0,1710,1249,1057,790
2026/02/04/21:20:21,5606.262672,0.867594,0.894386,0.880687,0.909467,65,59,69,32,1,0,1,0,1710,1249,1057,790
2026/02/04/21:20:22,5607.263351,0.867594,0.894386,0.880687,0.909467,65,59,69,32,1,0,1,0,1710,1249,1057,790
2026/02/04/21:20:23,5608.263980,0.851844,0.851522,0.863219,0.854966,63,57,67,32,0,0,1,0,1712,1251,1059,790
2026/02/04/21:20:24,5609.264412,0.851844,0.851522,0.863219,0.854966,63,57,67,32,0,0,1,0,1712,1251,1059,790
2026/02/04/21:20:25,5610.264953,0.839219,0.855259,0.852031,0.872685,65,58,67,32,0,2,0,0,1712,1251,1061,790
2026/02/04/21:20:26,5611.266541,0.839219,0.855259,0.852031,0.872685,65,58,67,32,0,2,0,0,1712,1251,1061,790
2026/02/04/21:20:27,5612.267180,0.842562,0.860918,0.848969,0.869631,65,58,67,32,0,1,0,0,1712,1252,1061,790
2026/02/04/21:20:28,5613.267706,0.842562,0.860918,0.848969,0.869631,65,58,67,32,0,1,0,0,1712,1252,1061,790
2026/02/04/21:20:29,5614.268227,0.851938,0.881426,0.858344,0.890139,68,58,67,33,0,1,0,0,1712,1252,1061,790
2026/02/04/21:20:30,5615.268805,0.845406,0.878707,0.851812,0.887420,67,58,67,33,0,1,0,0,1713,1252,1061,790
2026/02/04/21:20:31,5616.269404,0.845406,0.878707,0.851812,0.887420,67,58,67,33,0,1,0,0,1713,1252,1061,790
2026/02/04/21:20:32,5617.270129,0.852938,0.873791,0.879313,0.915941,68,59,67,32,0,1,3,0,1713,1252,1061,791
2026/02/04/21:20:33,5618.270832,0.852938,0.873791,0.879313,0.915941,68,59,67,32,0,1,3,0,1713,1252,1061,791
2026/02/04/21:20:34,5619.271392,0.850094,0.874567,0.863406,0.896859,67,58,68,32,0,0,2,0,1714,1253,1061,791
2026/02/04/21:20:35,5620.272004,0.885062,0.905664,0.885062,0.905664,67,68,67,35,0,0,0,0,1714,1253,1062,791
2026/02/04/21:20:36,5621.272532,0.885062,0.905664,0.885062,0.905664,67,68,67,35,0,0,0,0,1714,1253,1062,791
2026/02/04/21:20:37,5622.272965,0.897469,0.926173,0.909719,0.928066,67,67,67,39,0,0,1,0,1715,1255,1062,791
2026/02/04/21:20:38,5623.274604,0.897469,0.926173,0.909719,0.928066,67,67,67,39,0,0,1,0,1715,1255,1062,791
2026/02/04/21:20:39,5624.275055,0.891437,0.924313,0.903687,0.926206,67,66,67,39,0,0,1,0,1715,1256,1062,791
2026/02/04/21:20:40,5625.275513,0.891437,0.924313,0.903687,0.926206,67,66,67,39,0,0,1,0,1715,1256,1062,791
2026/02/04/21:20:41,5626.275952,0.891687,0.914275,0.891687,0.914275,65,63,68,39,0,0,0,0,1717,1259,1062,791
2026/02/04/21:20:42,5627.276484,0.891687,0.914275,0.891687,0.914275,65,63,68,39,0,0,0,0,1717,1259,1062,791
2026/02/04/21:20:43,5628.277028,0.891687,0.914275,0.891687,0.914275,65,63,68,39,0,0,0,0,1717,1259,1062,791
2026/02/04/21:20:44,5629.277616,0.891687,0.914275,0.891687,0.914275,65,63,68,39,0,0,0,0,1717,1259,1062,791
2026/02/04/21:20:45,5630.278224,0.879437,0.912382,0.879437,0.912382,65,63,67,39,0,0,0,0,1717,1259,1063,791
2026/02/04/21:20:46,5631.278819,0.875125,0.906911,0.875125,0.906911,65,61,67,39,0,0,0,0,1717,1261,1063,791
2026/02/04/21:20:47,5632.279418,0.869844,0.904563,0.869844,0.904563,65,60,67,39,0,0,0,0,1717,1262,1063,791
2026/02/04/21:20:48,5633.280066,0.866281,0.900941,0.866281,0.900941,65,58,67,39,0,0,0,0,1717,1264,1063,791
2026/02/04/21:20:49,5634.280630,0.866281,0.900941,0.866281,0.900941,65,58,67,39,0,0,0,0,1717,1264,1063,791
2026/02/04/21:20:50,5635.281321,0.856437,0.893509,0.856437,0.893509,65,58,67,36,0,0,0,0,1717,1264,1063,794
2026/02/04/21:20:51,5636.281787,0.852906,0.890656,0.852906,0.890656,64,58,67,36,0,0,0,0,1718,1264,1063,794
2026/02/04/21:20:52,5637.282533,0.847469,0.881536,0.847469,0.881536,64,58,65,36,0,0,0,0,1718,1264,1065,794
2026/02/04/21:20:53,5638.283310,0.843844,0.877457,0.843844,0.877457,64,58,63,36,0,0,0,0,1718,1264,1067,794
2026/02/04/21:20:54,5639.283841,0.843844,0.877457,0.843844,0.877457,64,58,63,36,0,0,0,0,1718,1264,1067,794
2026/02/04/21:20:55,5640.284271,0.841906,0.875553,0.841906,0.875553,64,58,63,35,0,0,0,0,1718,1264,1067,795
2026/02/04/21:20:56,5641.285026,0.841906,0.875553,0.841906,0.875553,64,58,63,35,0,0,0,0,1718,1264,1067,795
2026/02/04/21:20:57,5642.285587,0.841906,0.875553,0.841906,0.875553,64,58,63,35,0,0,0,0,1718,1264,1067,795
2026/02/04/21:20:58,5643.286231,0.841906,0.875553,0.841906,0.875553,64,58,63,35,0,0,0,0,1718,1264,1067,795
2026/02/04/21:20:59,5644.286703,0.841906,0.875553,0.841906,0.875553,64,58,63,35,0,0,0,0,1718,1264,1067,795
2026/02/04/21:21:00,5645.287259,0.841906,0.875553,0.841906,0.875553,64,58,63,35,0,0,0,0,1718,1264,1067,795
2026/02/04/21:21:01,5646.287733,0.872844,0.900484,0.872844,0.900484,68,58,66,35,0,0,0,0,1718,1264,1067,795
2026/02/04/21:21:02,5647.288258,0.872844,0.900484,0.872844,0.900484,68,58,66,35,0,0,0,0,1718,1264,1067,795
2026/02/04/21:21:03,5648.288996,0.855688,0.868158,0.855688,0.868158,68,55,63,35,0,0,0,0,1718,1267,1070,795
2026/02/04/21:21:04,5649.289694,0.847906,0.856083,0.847906,0.856083,65,55,63,35,0,0,0,0,1721,1267,1070,795
2026/02/04/21:21:05,5650.290402,0.829094,0.851937,0.829094,0.851937,63,55,63,35,0,0,0,0,1723,1267,1070,795
2026/02/04/21:21:06,5651.291013,0.829094,0.851937,0.829094,0.851937,63,55,63,35,0,0,0,0,1723,1267,1070,795
2026/02/04/21:21:07,5652.291608,0.829094,0.851937,0.829094,0.851937,63,55,63,35,0,0,0,0,1723,1267,1070,795
2026/02/04/21:21:08,5653.292321,0.832281,0.854822,0.832281,0.854822,64,55,63,35,0,0,0,0,1723,1267,1070,795
2026/02/04/21:21:09,5654.292893,0.882469,0.875673,0.904156,0.892251,68,58,65,35,2,0,1,0,1723,1267,1070,795
2026/02/04/21:21:10,5655.293328,0.894469,0.891383,0.953875,0.930623,70,59,65,38,1,2,4,0,1723,1267,1070,795
2026/02/04/21:21:11,5656.293828,0.889625,0.878756,0.930969,0.913116,68,58,65,38,1,1,3,0,1725,1269,1070,795
2026/02/04/21:21:12,5657.294349,0.889625,0.878756,0.930969,0.913116,68,58,65,38,1,1,3,0,1725,1269,1070,795
2026/02/04/21:21:13,5658.294937,0.891219,0.882330,0.932562,0.916691,69,58,65,38,1,1,3,0,1725,1269,1070,795
2026/02/04/21:21:14,5659.295347,0.879844,0.880571,0.912438,0.913090,69,58,64,38,1,0,3,0,1725,1270,1071,795
2026/02/04/21:21:15,5660.296285,0.878250,0.876997,0.910844,0.909516,68,58,64,38,1,0,3,0,1726,1270,1071,795
2026/02/04/21:21:16,5661.296735,0.878250,0.876997,0.910844,0.909516,68,58,64,38,1,0,3,0,1726,1270,1071,795
2026/02/04/21:21:17,5662.297271,0.866313,0.870015,0.888250,0.892070,68,57,64,35,0,0,3,0,1726,1271,1071,798
2026/02/04/21:21:18,5663.297877,0.876812,0.873899,0.898750,0.895954,69,57,64,36,0,0,3,0,1726,1271,1071,798
2026/02/04/21:21:19,5664.298380,0.876812,0.873899,0.898750,0.895954,69,57,64,36,0,0,3,0,1726,1271,1071,798
2026/02/04/21:21:20,5665.298912,0.886375,0.889174,0.910969,0.922623,71,58,64,36,0,1,3,0,1726,1271,1071,798
2026/02/04/21:21:21,5666.299493,0.884437,0.894978,0.887094,0.906372,74,59,64,36,0,1,0,0,1726,1271,1071,801
2026/02/04/21:21:22,5667.300044,0.881781,0.883584,0.881781,0.883584,74,58,64,36,0,0,0,0,1726,1272,1071,801
2026/02/04/21:21:23,5668.300692,0.881781,0.883584,0.881781,0.883584,74,58,64,36,0,0,0,0,1726,1272,1071,801
2026/02/04/21:21:24,5669.301563,0.873031,0.871031,0.873031,0.871031,70,58,64,36,0,0,0,0,1730,1272,1071,801
2026/02/04/21:21:25,5670.302038,0.867344,0.869373,0.867344,0.869373,70,57,64,36,0,0,0,0,1730,1273,1071,801
2026/02/04/21:21:26,5671.302640,0.867344,0.869373,0.867344,0.869373,70,57,64,36,0,0,0,0,1730,1273,1071,801
2026/02/04/21:21:27,5672.303391,0.867344,0.869373,0.867344,0.869373,70,57,64,36,0,0,0,0,1730,1273,1071,801
2026/02/04/21:21:28,5673.303983,0.867344,0.869373,0.867344,0.869373,70,57,64,36,0,0,0,0,1730,1273,1071,801
2026/02/04/21:21:29,5674.304546,0.867344,0.869373,0.867344,0.869373,70,57,64,36,0,0,0,0,1730,1273,1071,801
2026/02/04/21:21:30,5675.305122,0.867344,0.869373,0.867344,0.869373,70,57,64,36,0,0,0,0,1730,1273,1071,801
2026/02/04/21:21:31,5676.306237,0.860219,0.865170,0.860219,0.865170,69,56,64,36,0,0,0,0,1731,1274,1071,801
2026/02/04/21:21:32,5677.306956,0.860219,0.865170,0.860219,0.865170,69,56,64,36,0,0,0,0,1731,1274,1071,801
2026/02/04/21:21:33,5678.307506,0.860219,0.865170,0.860219,0.865170,69,56,64,36,0,0,0,0,1731,1274,1071,801
2026/02/04/21:21:34,5679.308107,0.860219,0.865170,0.860219,0.865170,69,56,64,36,0,0,0,0,1731,1274,1071,801
2026/02/04/21:21:35,5680.309009,0.857125,0.861927,0.857125,0.861927,68,56,64,36,0,0,0,0,1732,1274,1071,801
2026/02/04/21:21:36,5681.309573,0.857125,0.861927,0.857125,0.861927,68,56,64,36,0,0,0,0,1732,1274,1071,801
2026/02/04/21:21:37,5682.310190,0.857125,0.861927,0.857125,0.861927,68,56,64,36,0,0,0,0,1732,1274,1071,801
2026/02/04/21:21:38,5683.310700,0.857125,0.861927,0.857125,0.861927,68,56,64,36,0,0,0,0,1732,1274,1071,801
2026/02/04/21:21:39,5684.311422,0.857125,0.861927,0.857125,0.861927,68,56,64,36,0,0,0,0,1732,1274,1071,801
2026/02/04/21:21:40,5685.312156,0.857125,0.861927,0.857125,0.861927,68,56,64,36,0,0,0,0,1732,1274,1071,801
2026/02/04/21:21:41,5686.312747,0.847812,0.853368,0.847812,0.853368,68,56,62,35,0,0,0,0,1732,1274,1073,802
2026/02/04/21:21:42,5687.313389,0.847812,0.853368,0.847812,0.853368,68,56,62,35,0,0,0,0,1732,1274,1073,802
2026/02/04/21:21:43,5688.314034,0.847812,0.853368,0.847812,0.853368,68,56,62,35,0,0,0,0,1732,1274,1073,802
2026/02/04/21:21:44,5689.314835,0.843125,0.851747,0.843125,0.851747,68,56,61,35,0,0,0,0,1732,1274,1074,802
2026/02/04/21:21:45,5690.315489,0.840094,0.849402,0.840094,0.849402,68,55,61,35,0,0,0,0,1732,1275,1074,802
2026/02/04/21:21:46,5691.316071,0.853375,0.871017,0.853375,0.871017,71,57,61,35,0,0,0,0,1733,1275,1074,802
2026/02/04/21:21:47,5692.316727,0.858437,0.874712,0.858437,0.874712,73,57,61,35,0,0,0,0,1733,1275,1074,802
2026/02/04/21:21:48,5693.317203,0.858437,0.874712,0.858437,0.874712,73,57,61,35,0,0,0,0,1733,1275,1074,802
2026/02/04/21:21:49,5694.317691,0.874656,0.886008,0.874656,0.886008,75,57,61,38,0,0,0,0,1735,1275,1076,802
2026/02/04/21:21:50,5695.318198,0.874656,0.886008,0.874656,0.886008,75,57,61,38,0,0,0,0,1735,1275,1076,802
2026/02/04/21:21:51,5696.318809,0.874656,0.886008,0.874656,0.886008,75,57,61,38,0,0,0,0,1735,1275,1076,802
2026/02/04/21:21:52,5697.319301,0.860469,0.862434,0.860469,0.862434,75,55,61,35,0,0,0,0,1735,1277,1076,805
2026/02/04/21:21:53,5698.319932,0.860469,0.862434,0.860469,0.862434,75,55,61,35,0,0,0,0,1735,1277,1076,805
2026/02/04/21:21:54,5699.320388,0.852187,0.859907,0.852187,0.859907,74,55,61,35,0,0,0,0,1736,1277,1076,805
2026/02/04/21:21:55,5700.320931,0.852187,0.859907,0.852187,0.859907,74,55,61,35,0,0,0,0,1736,1277,1076,805
2026/02/04/21:21:56,5701.321471,0.852187,0.859907,0.852187,0.859907,74,55,61,35,0,0,0,0,1736,1277,1076,805
2026/02/04/21:21:57,5702.322183,0.860000,0.867322,0.860000,0.867322,75,55,63,35,0,0,0,0,1736,1277,1076,805
2026/02/04/21:21:58,5703.322770,0.864531,0.879354,0.864531,0.879354,78,56,64,32,0,0,0,0,1736,1277,1076,808
2026/02/04/21:21:59,5704.323352,0.860938,0.877791,0.860938,0.877791,77,56,64,32,0,0,0,0,1737,1277,1076,808
2026/02/04/21:22:00,5705.323952,0.853812,0.872540,0.853812,0.872540,74,56,64,32,0,0,0,0,1740,1277,1076,808
2026/02/04/21:22:01,5706.324428,0.851750,0.869335,0.851750,0.869335,74,56,63,32,0,0,0,0,1740,1277,1077,808
2026/02/04/21:22:02,5707.325096,0.851750,0.869335,0.851750,0.869335,74,56,63,32,0,0,0,0,1740,1277,1077,808
2026/02/04/21:22:03,5708.325740,0.853531,0.876368,0.853531,0.876368,75,56,63,32,0,0,0,0,1740,1277,1077,808
2026/02/04/21:22:04,5709.326111,0.853531,0.876368,0.853531,0.876368,75,56,63,32,0,0,0,0,1740,1277,1077,808
2026/02/04/21:22:05,5710.326613,0.853531,0.876368,0.853531,0.876368,75,56,63,32,0,0,0,0,1740,1277,1077,808
2026/02/04/21:22:06,5711.327158,0.862406,0.878242,0.862406,0.878242,75,56,64,32,0,0,0,0,1741,1277,1077,808
2026/02/04/21:22:07,5712.327749,0.862406,0.878242,0.862406,0.878242,75,56,64,32,0,0,0,0,1741,1277,1077,808
2026/02/04/21:22:08,5713.328327,0.854563,0.871393,0.854563,0.871393,75,56,63,32,0,0,0,0,1741,1277,1078,808
2026/02/04/21:22:09,5714.328954,0.854563,0.871393,0.854563,0.871393,75,56,63,32,0,0,0,0,1741,1277,1078,808
2026/02/04/21:22:10,5715.329386,0.850125,0.867307,0.850125,0.867307,73,56,63,32,0,0,0,0,1743,1277,1078,808
2026/02/04/21:22:11,5716.329948,0.850125,0.867307,0.850125,0.867307,73,56,63,32,0,0,0,0,1743,1277,1078,808
2026/02/04/21:22:12,5717.330400,0.850125,0.867307,0.850125,0.867307,73,56,63,32,0,0,0,0,1743,1277,1078,808
2026/02/04/21:22:13,5718.331179,0.850125,0.867307,0.850125,0.867307,73,56,63,32,0,0,0,0,1743,1277,1078,808
2026/02/04/21:22:14,5719.331780,0.845812,0.864745,0.845812,0.864745,72,56,63,32,0,0,0,0,1744,1277,1078,808
2026/02/04/21:22:15,5720.332361,0.845812,0.864745,0.845812,0.864745,72,56,63,32,0,0,0,0,1744,1277,1078,808
2026/02/04/21:22:16,5721.333156,0.839625,0.852597,0.839625,0.852597,69,56,63,32,0,0,0,0,1747,1277,1078,808
2026/02/04/21:22:17,5722.333780,0.839625,0.852597,0.839625,0.852597,69,56,63,32,0,0,0,0,1747,1277,1078,808
2026/02/04/21:22:18,5723.334512,0.843625,0.856323,0.843625,0.856323,71,56,63,32,0,0,0,0,1747,1277,1078,808
2026/02/04/21:22:19,5724.335129,0.843625,0.856323,0.843625,0.856323,71,56,63,32,0,0,0,0,1747,1277,1078,808
2026/02/04/21:22:20,5725.335725,0.843625,0.856323,0.843625,0.856323,71,56,63,32,0,0,0,0,1747,1277,1078,808
2026/02/04/21:22:21,5726.336420,0.835063,0.837653,0.835063,0.837653,68,56,63,32,0,0,0,0,1750,1277,1078,808
2026/02/04/21:22:22,5727.336984,0.831750,0.832675,0.831750,0.832675,66,56,63,32,0,0,0,0,1752,1277,1078,808
2026/02/04/21:22:23,5728.337687,0.831750,0.832675,0.831750,0.832675,66,56,63,32,0,0,0,0,1752,1277,1078,808
2026/02/04/21:22:24,5729.338113,0.831750,0.832675,0.844437,0.836650,66,56,63,32,2,0,0,0,1752,1277,1078,808
2026/02/04/21:22:25,5730.338708,0.838844,0.837552,0.838844,0.837552,68,55,63,33,0,0,0,0,1752,1278,1078,808
2026/02/04/21:22:26,5731.339247,0.828187,0.831296,0.828187,0.831296,68,53,63,33,0,0,0,0,1752,1280,1078,808
2026/02/04/21:22:27,5732.339965,0.815500,0.827321,0.815500,0.827321,66,53,63,33,0,0,0,0,1754,1280,1078,808
2026/02/04/21:22:28,5733.340618,0.815500,0.827321,0.815500,0.827321,66,53,63,33,0,0,0,0,1754,1280,1078,808
2026/02/04/21:22:29,5734.341423,0.815500,0.827321,0.815500,0.827321,66,53,63,33,0,0,0,0,1754,1280,1078,808
2026/02/04/21:22:30,5735.342075,0.812688,0.825263,0.812688,0.825263,65,53,63,33,0,0,0,0,1755,1280,1078,808
2026/02/04/21:22:31,5736.342720,0.812688,0.825263,0.812688,0.825263,65,53,63,33,0,0,0,0,1755,1280,1078,808
2026/02/04/21:22:32,5737.343338,0.812688,0.825263,0.812688,0.825263,65,53,63,33,0,0,0,0,1755,1280,1078,808
2026/02/04/21:22:33,5738.345410,0.812688,0.825263,0.812688,0.825263,65,53,63,33,0,0,0,0,1755,1280,1078,808
2026/02/04/21:22:34,5739.345963,0.839594,0.859398,0.842281,0.871975,66,57,65,32,1,0,0,0,1758,1280,1078,809
2026/02/04/21:22:35,5740.346537,0.839594,0.859398,0.842281,0.871975,66,57,65,32,1,0,0,0,1758,1280,1078,809
2026/02/04/21:22:36,5741.347299,0.831906,0.843231,0.831906,0.843231,63,57,65,32,0,0,0,0,1761,1280,1078,809
2026/02/04/21:22:37,5742.347956,0.829031,0.841567,0.829031,0.841567,63,56,65,32,0,0,0,0,1761,1281,1078,809
2026/02/04/21:22:38,5743.348714,0.829031,0.841567,0.829031,0.841567,63,56,65,32,0,0,0,0,1761,1281,1078,809
2026/02/04/21:22:39,5744.349286,0.824562,0.838775,0.824562,0.838775,63,56,64,32,0,0,0,0,1761,1281,1079,809
2026/02/04/21:22:40,5745.349833,0.822750,0.832670,0.822750,0.832670,63,55,64,32,0,0,0,0,1761,1282,1079,809
2026/02/04/21:22:41,5746.350496,0.822750,0.832670,0.822750,0.832670,63,55,64,32,0,0,0,0,1761,1282,1079,809
2026/02/04/21:22:42,5747.351210,0.822750,0.832670,0.822750,0.832670,63,55,64,32,0,0,0,0,1761,1282,1079,809
2026/02/04/21:22:43,5748.351878,0.810375,0.829049,0.810375,0.829049,61,55,64,32,0,0,0,0,1763,1282,1079,809
2026/02/04/21:22:44,5749.352592,0.810375,0.829049,0.810375,0.829049,61,55,64,32,0,0,0,0,1763,1282,1079,809
2026/02/04/21:22:45,5750.353134,0.810375,0.829049,0.810375,0.829049,61,55,64,32,0,0,0,0,1763,1282,1079,809
2026/02/04/21:22:46,5751.353833,0.810375,0.829049,0.810375,0.829049,61,55,64,32,0,0,0,0,1763,1282,1079,809
2026/02/04/21:22:47,5752.355506,0.810375,0.829049,0.810375,0.829049,61,55,64,32,0,0,0,0,1763,1282,1079,809
2026/02/04/21:22:48,5753.356288,0.810375,0.829049,0.810375,0.829049,61,55,64,32,0,0,0,0,1763,1282,1079,809
2026/02/04/21:22:49,5754.356921,0.810375,0.829049,0.810375,0.829049,61,55,64,32,0,0,0,0,1763,1282,1079,809
2026/02/04/21:22:50,5755.357445,0.810375,0.829049,0.810375,0.829049,61,55,64,32,0,0,0,0,1763,1282,1079,809
2026/02/04/21:22:51,5756.358099,0.810375,0.829049,0.810375,0.829049,61,55,64,32,0,0,0,0,1763,1282,1079,809
2026/02/04/21:22:52,5757.358675,0.800875,0.820681,0.800875,0.820681,59,55,64,32,0,0,0,0,1765,1282,1079,809
2026/02/04/21:22:53,5758.359257,0.800875,0.820681,0.800875,0.820681,59,55,64,32,0,0,0,0,1765,1282,1079,809
2026/02/04/21:22:54,5759.359771,0.800875,0.820681,0.800875,0.820681,59,55,64,32,0,0,0,0,1765,1282,1079,809
2026/02/04/21:22:55,5760.360445,0.800875,0.820681,0.800875,0.820681,59,55,64,32,0,0,0,0,1765,1282,1079,809
2026/02/04/21:22:56,5761.361009,0.843875,0.849762,0.849844,0.853310,64,59,64,32,0,0,1,0,1765,1282,1079,809
2026/02/04/21:22:57,5762.361625,0.876687,0.882052,0.876687,0.882052,68,60,69,32,0,0,0,0,1765,1282,1079,809
2026/02/04/21:22:58,5763.362245,0.876687,0.882052,0.876687,0.882052,68,60,69,32,0,0,0,0,1765,1282,1079,809
2026/02/04/21:22:59,5764.362607,0.874156,0.894063,0.878531,0.913908,70,60,66,32,1,1,0,0,1766,1282,1082,809
2026/02/04/21:23:00,5765.363076,0.864062,0.880450,0.880938,0.905513,67,57,66,33,1,1,0,1,1769,1285,1082,809
2026/02/04/21:23:01,5766.363555,0.854281,0.878713,0.868875,0.893689,67,56,66,33,1,0,0,1,1769,1286,1082,809
2026/02/04/21:23:02,5767.363906,0.852469,0.871165,0.867062,0.886141,67,56,66,32,1,0,0,1,1769,1286,1082,810
2026/02/04/21:23:03,5768.364490,0.863437,0.876972,0.878031,0.891948,67,56,66,35,1,0,0,1,1769,1286,1082,810
2026/02/04/21:23:04,5769.365087,0.859250,0.857456,0.871750,0.862673,65,56,66,35,0,0,0,1,1771,1286,1082,810
2026/02/04/21:23:05,5770.365802,0.859250,0.857456,0.871750,0.862673,65,56,66,35,0,0,0,1,1771,1286,1082,810
2026/02/04/21:23:06,5771.366330,0.844906,0.846556,0.857406,0.851773,65,56,63,35,0,0,0,1,1771,1286,1085,810
2026/02/04/21:23:07,5772.366923,0.840844,0.831724,0.853344,0.836942,63,56,63,35,0,0,0,1,1773,1286,1085,810
2026/02/04/21:23:08,5773.381008,0.836344,0.829429,0.848844,0.834647,63,55,63,35,0,0,0,1,1773,1287,1085,810
2026/02/04/21:23:09,5774.381690,0.836344,0.829429,0.848844,0.834647,63,55,63,35,0,0,0,1,1773,1287,1085,810
2026/02/04/21:23:10,5775.382173,0.853656,0.851963,0.866156,0.857181,64,58,66,35,0,0,0,1,1773,1287,1085,810
2026/02/04/21:23:11,5776.382539,0.853656,0.851963,0.866156,0.857181,64,58,66,35,0,0,0,1,1773,1287,1085,810
2026/02/04/21:23:12,5777.382910,0.859906,0.858146,0.872406,0.863364,67,56,66,35,0,0,0,1,1773,1289,1085,810
2026/02/04/21:23:13,5778.383297,0.859906,0.858146,0.872406,0.863364,67,56,66,35,0,0,0,1,1773,1289,1085,810
2026/02/04/21:23:14,5779.383790,0.859906,0.858146,0.859906,0.858146,67,56,66,35,0,0,0,0,1773,1289,1085,810
2026/02/04/21:23:15,5780.384274,0.859906,0.858146,0.859906,0.858146,67,56,66,35,0,0,0,0,1773,1289,1085,810
2026/02/04/21:23:16,5781.384724,0.852313,0.852671,0.852313,0.852671,67,56,63,35,0,0,0,0,1773,1289,1088,810
2026/02/04/21:23:17,5782.385164,0.852313,0.852671,0.852313,0.852671,67,56,63,35,0,0,0,0,1773,1289,1088,810
2026/02/04/21:23:18,5783.385757,0.852313,0.852671,0.852313,0.852671,67,56,63,35,0,0,0,0,1773,1289,1088,810
2026/02/04/21:23:19,5784.386337,0.841344,0.846864,0.841344,0.846864,67,56,63,32,0,0,0,0,1773,1289,1088,813
2026/02/04/21:23:20,5785.386939,0.841344,0.846864,0.841344,0.846864,67,56,63,32,0,0,0,0,1773,1289,1088,813
2026/02/04/21:23:21,5786.387437,0.841344,0.846864,0.841344,0.846864,67,56,63,32,0,0,0,0,1773,1289,1088,813
2026/02/04/21:23:22,5787.388077,0.841344,0.846864,0.841344,0.846864,67,56,63,32,0,0,0,0,1773,1289,1088,813
2026/02/04/21:23:23,5788.388590,0.844812,0.850643,0.844812,0.850643,68,57,63,32,0,0,0,0,1773,1289,1088,813
2026/02/04/21:23:24,5789.389114,0.844812,0.850643,0.844812,0.850643,68,57,63,32,0,0,0,0,1773,1289,1088,813
2026/02/04/21:23:25,5790.389673,0.842531,0.848137,0.842531,0.848137,67,57,63,32,0,0,0,0,1774,1289,1088,813
2026/02/04/21:23:26,5791.390332,0.842531,0.848137,0.842531,0.848137,67,57,63,32,0,0,0,0,1774,1289,1088,813
2026/02/04/21:23:27,5792.390923,0.842531,0.848137,0.842531,0.848137,67,57,63,32,0,0,0,0,1774,1289,1088,813
2026/02/04/21:23:28,5793.391712,0.842531,0.848137,0.842531,0.848137,67,57,63,32,0,0,0,0,1774,1289,1088,813
2026/02/04/21:23:29,5794.392227,0.830594,0.841041,0.830594,0.841041,67,57,61,32,0,0,0,0,1774,1289,1090,813
2026/02/04/21:23:30,5795.392782,0.830594,0.841041,0.830594,0.841041,67,57,61,32,0,0,0,0,1774,1289,1090,813
2026/02/04/21:23:31,5796.393509,0.830594,0.841041,0.830594,0.841041,67,57,61,32,0,0,0,0,1774,1289,1090,813
2026/02/04/21:23:32,5797.394073,0.826250,0.837503,0.826250,0.837503,65,57,61,32,0,0,0,0,1776,1289,1090,813
2026/02/04/21:23:33,5798.394760,0.826250,0.837503,0.826250,0.837503,65,57,61,32,0,0,0,0,1776,1289,1090,813
2026/02/04/21:23:34,5799.395349,0.826250,0.837503,0.826250,0.837503,65,57,61,32,0,0,0,0,1776,1289,1090,813
2026/02/04/21:23:35,5800.396172,0.826250,0.837503,0.826250,0.837503,65,57,61,32,0,0,0,0,1776,1289,1090,813
2026/02/04/21:23:36,5801.396875,0.826250,0.837503,0.826250,0.837503,65,57,61,32,0,0,0,0,1776,1289,1090,813
2026/02/04/21:23:37,5802.397517,0.826250,0.837503,0.826250,0.837503,65,57,61,32,0,0,0,0,1776,1289,1090,813
2026/02/04/21:23:38,5803.398118,0.826250,0.837503,0.826250,0.837503,65,57,61,32,0,0,0,0,1776,1289,1090,813
2026/02/04/21:23:39,5804.398643,0.826250,0.837503,0.826250,0.837503,65,57,61,32,0,0,0,0,1776,1289,1090,813
2026/02/04/21:23:40,5805.399250,0.826250,0.837503,0.826250,0.837503,65,57,61,32,0,0,0,0,1776,1289,1090,813
2026/02/04/21:23:41,5806.399912,0.826250,0.837503,0.826250,0.837503,65,57,61,32,0,0,0,0,1776,1289,1090,813
2026/02/04/21:23:42,5807.400539,0.826250,0.837503,0.826250,0.837503,65,57,61,32,0,0,0,0,1776,1289,1090,813
2026/02/04/21:23:43,5808.401201,0.826250,0.837503,0.826250,0.837503,65,57,61,32,0,0,0,0,1776,1289,1090,813
2026/02/04/21:23:44,5809.401785,0.832125,0.835469,0.832125,0.835469,65,59,61,32,0,0,0,0,1779,1289,1090,813
2026/02/04/21:23:45,5810.402349,0.866938,0.868461,0.876437,0.870140,70,59,65,35,1,0,0,0,1779,1289,1090,813
2026/02/04/21:23:46,5811.402945,0.866938,0.868461,0.876437,0.870140,70,59,65,35,1,0,0,0,1779,1289,1090,813
2026/02/04/21:23:47,5812.403481,0.860094,0.855137,0.869594,0.856816,70,59,65,32,1,0,0,0,1779,1289,1090,816
2026/02/04/21:23:48,5813.404137,0.860094,0.855137,0.869594,0.856816,70,59,65,32,1,0,0,0,1779,1289,1090,816
2026/02/04/21:23:49,5814.404691,0.854000,0.849691,0.863500,0.851370,67,59,65,32,1,0,0,0,1782,1289,1090,816
2026/02/04/21:23:50,5815.405053,0.848781,0.847525,0.858281,0.849204,66,59,65,32,1,0,0,0,1783,1289,1090,816
2026/02/04/21:23:51,5816.405576,0.848094,0.842464,0.848094,0.842464,67,57,64,32,0,0,0,0,1783,1291,1091,816
2026/02/04/21:23:52,5817.406043,0.833969,0.827180,0.833969,0.827180,64,55,62,32,0,0,0,0,1786,1293,1093,816
2026/02/04/21:23:53,5818.406774,0.814969,0.823822,0.814969,0.823822,62,55,62,32,0,0,0,0,1788,1293,1093,816
2026/02/04/21:23:54,5819.407312,0.814969,0.823822,0.814969,0.823822,62,55,62,32,0,0,0,0,1788,1293,1093,816
2026/02/04/21:23:55,5820.407956,0.814969,0.823822,0.814969,0.823822,62,55,62,32,0,0,0,0,1788,1293,1093,816
2026/02/04/21:23:56,5821.408611,0.814969,0.823822,0.814969,0.823822,62,55,62,32,0,0,0,0,1788,1293,1093,816
2026/02/04/21:23:57,5822.409218,0.815469,0.829729,0.815469,0.829729,63,55,61,32,0,0,0,0,1788,1293,1094,816
2026/02/04/21:23:58,5823.409734,0.815469,0.829729,0.815469,0.829729,63,55,61,32,0,0,0,0,1788,1293,1094,816
2026/02/04/21:23:59,5824.410360,0.805781,0.822805,0.805781,0.822805,63,53,61,32,0,0,0,0,1788,1295,1094,816
2026/02/04/21:24:00,5825.410959,0.803000,0.812569,0.803000,0.812569,62,53,61,32,0,0,0,0,1789,1295,1094,816
2026/02/04/21:24:01,5826.411524,0.803000,0.812569,0.803000,0.812569,62,53,61,32,0,0,0,0,1789,1295,1094,816
2026/02/04/21:24:02,5827.412003,0.803000,0.812569,0.803000,0.812569,62,53,61,32,0,0,0,0,1789,1295,1094,816
2026/02/04/21:24:03,5828.412551,0.803000,0.812569,0.803000,0.812569,62,53,61,32,0,0,0,0,1789,1295,1094,816
2026/02/04/21:24:04,5829.413108,0.795562,0.798856,0.795562,0.798856,60,53,59,32,0,0,0,0,1791,1295,1096,816
2026/02/04/21:24:05,5830.413677,0.789562,0.788483,0.789562,0.788483,60,50,59,32,0,0,0,0,1791,1298,1096,816
2026/02/04/21:24:06,5831.414254,0.789562,0.788483,0.789562,0.788483,60,50,59,32,0,0,0,0,1791,1298,1096,816
2026/02/04/21:24:07,5832.414755,0.789562,0.788483,0.789562,0.788483,60,50,59,32,0,0,0,0,1791,1298,1096,816
2026/02/04/21:24:08,5833.415303,0.789562,0.788483,0.789562,0.788483,60,50,59,32,0,0,0,0,1791,1298,1096,816
2026/02/04/21:24:09,5834.415921,0.789562,0.788483,0.789562,0.788483,60,50,59,32,0,0,0,0,1791,1298,1096,816
2026/02/04/21:24:10,5835.416642,0.789562,0.788483,0.789562,0.788483,60,50,59,32,0,0,0,0,1791,1298,1096,816
2026/02/04/21:24:11,5836.417213,0.789562,0.788483,0.789562,0.788483,60,50,59,32,0,0,0,0,1791,1298,1096,816
2026/02/04/21:24:12,5837.417785,0.789562,0.788483,0.789562,0.788483,60,50,59,32,0,0,0,0,1791,1298,1096,816
2026/02/04/21:24:13,5838.418332,0.789562,0.788483,0.789562,0.788483,60,50,59,32,0,0,0,0,1791,1298,1096,816
2026/02/04/21:24:14,5839.419039,0.789562,0.788483,0.789562,0.788483,60,50,59,32,0,0,0,0,1791,1298,1096,816
2026/02/04/21:24:15,5840.419650,0.805937,0.801881,0.805937,0.801881,63,50,59,32,0,0,0,0,1791,1298,1096,816
2026/02/04/21:24:16,5841.420296,0.805937,0.801881,0.805937,0.801881,63,50,59,32,0,0,0,0,1791,1298,1096,816
2026/02/04/21:24:17,5842.420917,0.805937,0.801881,0.805937,0.801881,63,50,59,32,0,0,0,0,1791,1298,1096,816
2026/02/04/21:24:18,5843.421487,0.805937,0.801881,0.805937,0.801881,63,50,59,32,0,0,0,0,1791,1298,1096,816
2026/02/04/21:24:19,5844.421990,0.805937,0.801881,0.805937,0.801881,63,50,59,32,0,0,0,0,1791,1298,1096,816
2026/02/04/21:24:20,5845.422637,0.805937,0.801881,0.805937,0.801881,63,50,59,32,0,0,0,0,1791,1298,1096,816
2026/02/04/21:24:21,5846.423220,0.810344,0.804131,0.840094,0.813538,63,50,59,33,3,0,2,0,1791,1298,1096,816
2026/02/04/21:24:22,5847.423770,0.856406,0.851701,0.902781,0.865888,74,54,60,33,0,2,1,1,1791,1298,1096,816
2026/02/04/21:24:23,5848.424289,0.850031,0.846633,0.896406,0.860821,71,54,60,33,0,2,1,1,1794,1298,1096,816
2026/02/04/21:24:24,5849.424658,0.844375,0.840755,0.881563,0.846932,67,54,60,34,0,2,1,0,1798,1298,1096,816
2026/02/04/21:24:25,5850.425981,0.835906,0.819507,0.873094,0.825684,63,53,60,34,0,2,1,0,1802,1299,1096,816
2026/02/04/21:24:26,5851.487535,0.835906,0.819507,0.873094,0.825684,63,53,60,34,0,2,1,0,1802,1299,1096,816
2026/02/04/21:24:27,5852.488053,0.836969,0.819341,0.849719,0.821344,63,54,59,34,0,1,0,0,1802,1299,1097,816
2026/02/04/21:24:28,5853.488636,0.832562,0.817090,0.845313,0.819094,63,54,59,33,0,1,0,0,1802,1299,1097,817
2026/02/04/21:24:29,5854.489236,0.832562,0.817090,0.845313,0.819094,63,54,59,33,0,1,0,0,1802,1299,1097,817
2026/02/04/21:24:30,5855.490060,0.818031,0.810358,0.818031,0.810358,62,53,59,33,0,0,0,0,1803,1300,1097,817
2026/02/04/21:24:31,5856.490802,0.832562,0.827017,0.832562,0.827017,63,54,59,33,0,0,0,0,1803,1300,1097,817
2026/02/04/21:24:32,5857.491590,0.832562,0.827017,0.832562,0.827017,63,54,59,33,0,0,0,0,1803,1300,1097,817
2026/02/04/21:24:33,5858.492335,0.827875,0.821822,0.827875,0.821822,63,51,59,33,0,0,0,0,1803,1303,1097,817
2026/02/04/21:24:34,5859.493151,0.827875,0.821822,0.827875,0.821822,63,51,59,33,0,0,0,0,1803,1303,1097,817
2026/02/04/21:24:35,5860.493927,0.827875,0.821822,0.827875,0.821822,63,51,59,33,0,0,0,0,1803,1303,1097,817
2026/02/04/21:24:36,5861.494570,0.827875,0.821822,0.827875,0.821822,63,51,59,33,0,0,0,0,1803,1303,1097,817
2026/02/04/21:24:37,5862.495277,0.827875,0.821822,0.827875,0.821822,63,51,59,33,0,0,0,0,1803,1303,1097,817
2026/02/04/21:24:38,5863.495958,0.827875,0.821822,0.827875,0.821822,63,51,59,33,0,0,0,0,1803,1303,1097,817
2026/02/04/21:24:39,5864.496618,0.821781,0.803567,0.821781,0.803567,62,50,59,33,0,0,0,0,1804,1304,1097,817
2026/02/04/21:24:40,5865.497376,0.821781,0.803567,0.821781,0.803567,62,50,59,33,0,0,0,0,1804,1304,1097,817
2026/02/04/21:24:41,5866.497957,0.821781,0.803567,0.821781,0.803567,62,50,59,33,0,0,0,0,1804,1304,1097,817
2026/02/04/21:24:42,5867.498607,0.821781,0.803567,0.821781,0.803567,62,50,59,33,0,0,0,0,1804,1304,1097,817
2026/02/04/21:24:43,5868.499337,0.821781,0.803567,0.821781,0.803567,62,50,59,33,0,0,0,0,1804,1304,1097,817
2026/02/04/21:24:44,5869.500130,0.812594,0.795556,0.812594,0.795556,62,50,59,32,0,0,0,0,1804,1304,1097,818
2026/02/04/21:24:45,5870.500906,0.812594,0.795556,0.812594,0.795556,62,50,59,32,0,0,0,0,1804,1304,1097,818
2026/02/04/21:24:46,5871.501678,0.812594,0.795556,0.812594,0.795556,62,50,59,32,0,0,0,0,1804,1304,1097,818
2026/02/04/21:24:47,5872.502507,0.809719,0.782415,0.809719,0.782415,62,50,59,31,0,0,0,0,1804,1304,1097,819
2026/02/04/21:24:48,5873.503213,0.809719,0.782415,0.809719,0.782415,62,50,59,31,0,0,0,0,1804,1304,1097,819
2026/02/04/21:24:49,5874.503938,0.785344,0.777561,0.785344,0.777561,59,50,59,31,0,0,0,0,1807,1304,1097,819
2026/02/04/21:24:50,5875.504666,0.785344,0.777561,0.785344,0.777561,59,50,59,31,0,0,0,0,1807,1304,1097,819
2026/02/04/21:24:51,5876.505417,0.785344,0.777561,0.785344,0.777561,59,50,59,31,0,0,0,0,1807,1304,1097,819
2026/02/04/21:24:52,5877.506040,0.808781,0.784200,0.808781,0.784200,62,50,59,31,0,0,0,0,1807,1304,1097,819
2026/02/04/21:24:53,5878.506736,0.808781,0.784200,0.808781,0.784200,62,50,59,31,0,0,0,0,1807,1304,1097,819
2026/02/04/21:24:54,5879.507253,0.808781,0.784200,0.808781,0.784200,62,50,59,31,0,0,0,0,1807,1304,1097,819
2026/02/04/21:24:55,5880.507910,0.808781,0.784200,0.808781,0.784200,62,50,59,31,0,0,0,0,1807,1304,1097,819
2026/02/04/21:24:56,5881.508427,0.798219,0.802634,0.798219,0.802634,62,51,62,31,0,0,0,0,1810,1304,1097,819
2026/02/04/21:24:57,5882.509035,0.808844,0.818161,0.808844,0.818161,62,51,62,35,0,0,0,0,1810,1304,1097,819
2026/02/04/21:24:58,5883.509641,0.807219,0.813661,0.807219,0.813661,62,50,62,35,0,0,0,0,1810,1305,1097,819
2026/02/04/21:24:59,5884.510232,0.802063,0.807697,0.802063,0.807697,62,50,59,35,0,0,0,0,1810,1305,1100,819
2026/02/04/21:25:00,5885.510841,0.795781,0.796352,0.795781,0.796352,59,50,59,35,0,0,0,0,1813,1305,1100,819
2026/02/04/21:25:01,5886.511343,0.791406,0.787946,0.791406,0.787946,59,50,59,33,0,0,0,0,1813,1305,1100,821
2026/02/04/21:25:02,5887.514306,0.791406,0.787946,0.791406,0.787946,59,50,59,33,0,0,0,0,1813,1305,1100,821
2026/02/04/21:25:03,5888.514846,0.791406,0.787946,0.791406,0.787946,59,50,59,33,0,0,0,0,1813,1305,1100,821
2026/02/04/21:25:04,5889.515813,0.794438,0.800036,0.794438,0.800036,62,51,59,31,0,0,0,0,1813,1305,1100,823
2026/02/04/21:25:05,5890.516378,0.794438,0.800036,0.794438,0.800036,62,51,59,31,0,0,0,0,1813,1305,1100,823
2026/02/04/21:25:06,5891.517019,0.794438,0.800036,0.794438,0.800036,62,51,59,31,0,0,0,0,1813,1305,1100,823
2026/02/04/21:25:07,5892.517579,0.791719,0.791237,0.791719,0.791237,62,50,59,31,0,0,0,0,1813,1306,1100,823
2026/02/04/21:25:08,5893.518193,0.785156,0.780825,0.785156,0.780825,59,50,59,31,0,0,0,0,1816,1306,1100,823
2026/02/04/21:25:09,5894.518800,0.809000,0.791780,0.813438,0.794374,61,50,60,31,0,0,1,0,1816,1306,1100,823
2026/02/04/21:25:10,5895.519583,0.813438,0.794374,0.813438,0.794374,61,50,61,31,0,0,0,0,1816,1306,1100,823
2026/02/04/21:25:11,5896.520172,0.813438,0.794374,0.813438,0.794374,61,50,61,31,0,0,0,0,1816,1306,1100,823
2026/02/04/21:25:12,5897.520816,0.809219,0.791930,0.809219,0.791930,61,50,60,31,0,0,0,0,1816,1306,1101,823
2026/02/04/21:25:13,5898.521444,0.804781,0.789336,0.804781,0.789336,61,50,59,31,0,0,0,0,1816,1306,1102,823
2026/02/04/21:25:14,5899.522168,0.804781,0.789336,0.804781,0.789336,61,50,59,31,0,0,0,0,1816,1306,1102,823
2026/02/04/21:25:15,5900.522749,0.804781,0.789336,0.804781,0.789336,61,50,59,31,0,0,0,0,1816,1306,1102,823
2026/02/04/21:25:16,5901.523270,0.779281,0.770164,0.779281,0.770164,59,50,57,31,0,0,0,0,1818,1306,1104,823
2026/02/04/21:25:17,5902.523902,0.779281,0.770164,0.779281,0.770164,59,50,57,31,0,0,0,0,1818,1306,1104,823
2026/02/04/21:25:18,5903.524573,0.779281,0.770164,0.779281,0.770164,59,50,57,31,0,0,0,0,1818,1306,1104,823
2026/02/04/21:25:19,5904.525216,0.779281,0.770164,0.779281,0.770164,59,50,57,31,0,0,0,0,1818,1306,1104,823
2026/02/04/21:25:20,5905.526132,0.779281,0.770164,0.779281,0.770164,59,50,57,31,0,0,0,0,1818,1306,1104,823
2026/02/04/21:25:21,5906.526629,0.779281,0.770164,0.779281,0.770164,59,50,57,31,0,0,0,0,1818,1306,1104,823
2026/02/04/21:25:22,5907.527176,0.779281,0.770164,0.779281,0.770164,59,50,57,31,0,0,0,0,1818,1306,1104,823
2026/02/04/21:25:23,5908.531270,0.779281,0.770164,0.779281,0.770164,59,50,57,31,0,0,0,0,1818,1306,1104,823
2026/02/04/21:25:24,5909.531659,0.777188,0.765948,0.777188,0.765948,58,50,57,31,0,0,0,0,1819,1306,1104,823
2026/02/04/21:25:25,5910.532444,0.777188,0.765948,0.777188,0.765948,58,50,57,31,0,0,0,0,1819,1306,1104,823
2026/02/04/21:25:26,5911.533017,0.762437,0.762409,0.762437,0.762409,56,50,57,31,0,0,0,0,1821,1306,1104,823
2026/02/04/21:25:27,5912.533814,0.762437,0.762409,0.762437,0.762409,56,50,57,31,0,0,0,0,1821,1306,1104,823
2026/02/04/21:25:28,5913.534309,0.762437,0.762409,0.762437,0.762409,56,50,57,31,0,0,0,0,1821,1306,1104,823
2026/02/04/21:25:29,5914.534951,0.762437,0.762409,0.762437,0.762409,56,50,57,31,0,0,0,0,1821,1306,1104,823
2026/02/04/21:25:30,5915.535570,0.762437,0.762409,0.762437,0.762409,56,50,57,31,0,0,0,0,1821,1306,1104,823
2026/02/04/21:25:31,5916.536108,0.762437,0.762409,0.762437,0.762409,56,50,57,31,0,0,0,0,1821,1306,1104,823
2026/02/04/21:25:32,5917.538325,0.762437,0.762409,0.762437,0.762409,56,50,57,31,0,0,0,0,1821,1306,1104,823
2026/02/04/21:25:33,5918.538833,0.762437,0.762409,0.762437,0.762409,56,50,57,31,0,0,0,0,1821,1306,1104,823
2026/02/04/21:25:34,5919.539458,0.762437,0.762409,0.762437,0.762409,56,50,57,31,0,0,0,0,1821,1306,1104,823
2026/02/04/21:25:35,5920.540074,0.762437,0.762409,0.762437,0.762409,56,50,57,31,0,0,0,0,1821,1306,1104,823
2026/02/04/21:25:36,5921.540475,0.762437,0.762409,0.762437,0.762409,56,50,57,31,0,0,0,0,1821,1306,1104,823
2026/02/04/21:25:37,5922.541116,0.762437,0.762409,0.762437,0.762409,56,50,57,31,0,0,0,0,1821,1306,1104,823
2026/02/04/21:25:38,5923.541686,0.762437,0.762409,0.762437,0.762409,56,50,57,31,0,0,0,0,1821,1306,1104,823
2026/02/04/21:25:39,5924.542320,0.770750,0.770809,0.770750,0.770809,58,50,57,32,0,0,0,0,1821,1306,1104,823
2026/02/04/21:25:40,5925.542908,0.794687,0.802740,0.794687,0.802740,64,52,57,32,0,0,0,0,1821,1306,1104,823
2026/02/04/21:25:41,5926.543462,0.797750,0.804165,0.797750,0.804165,64,52,59,31,0,0,0,0,1821,1306,1104,824
2026/02/04/21:25:42,5927.544005,0.789438,0.800647,0.789438,0.800647,62,52,59,31,0,0,0,0,1823,1306,1104,824
2026/02/04/21:25:43,5928.553921,0.785563,0.788827,0.785563,0.788827,60,52,59,31,0,0,0,0,1825,1306,1104,824
2026/02/04/21:25:44,5929.555777,0.785563,0.788827,0.785563,0.788827,60,52,59,31,0,0,0,0,1825,1306,1104,824
2026/02/04/21:25:45,5930.556448,0.777188,0.781671,0.777188,0.781671,58,52,59,31,0,0,0,0,1827,1306,1104,824
2026/02/04/21:25:46,5931.557094,0.770938,0.775266,0.770938,0.775266,56,52,59,31,0,0,0,0,1829,1306,1104,824
2026/02/04/21:25:47,5932.557686,0.770938,0.775266,0.770938,0.775266,56,52,59,31,0,0,0,0,1829,1306,1104,824
2026/02/04/21:25:48,5933.558283,0.770938,0.775266,0.770938,0.775266,56,52,59,31,0,0,0,0,1829,1306,1104,824
2026/02/04/21:25:49,5934.558933,0.770938,0.775266,0.770938,0.775266,56,52,59,31,0,0,0,0,1829,1306,1104,824
2026/02/04/21:25:50,5935.559594,0.770938,0.775266,0.770938,0.775266,56,52,59,31,0,0,0,0,1829,1306,1104,824
2026/02/04/21:25:51,5936.560238,0.770938,0.775266,0.770938,0.775266,56,52,59,31,0,0,0,0,1829,1306,1104,824
2026/02/04/21:25:52,5937.560903,0.770938,0.775266,0.770938,0.775266,56,52,59,31,0,0,0,0,1829,1306,1104,824
2026/02/04/21:25:53,5938.561483,0.770938,0.775266,0.770938,0.775266,56,52,59,31,0,0,0,0,1829,1306,1104,824
2026/02/04/21:25:54,5939.561947,0.770938,0.775266,0.770938,0.775266,56,52,59,31,0,0,0,0,1829,1306,1104,824
2026/02/04/21:25:55,5940.562477,0.770938,0.775266,0.770938,0.775266,56,52,59,31,0,0,0,0,1829,1306,1104,824
2026/02/04/21:25:56,5941.563349,0.795281,0.792801,0.809531,0.795407,59,53,60,31,1,0,0,0,1829,1306,1104,824
2026/02/04/21:25:57,5942.563982,0.795281,0.792801,0.809531,0.795407,59,53,60,31,1,0,0,0,1829,1306,1104,824
2026/02/04/21:25:58,5943.564667,0.795281,0.792801,0.809531,0.795407,59,53,60,31,1,0,0,0,1829,1306,1104,824
2026/02/04/21:25:59,5944.565291,0.776969,0.786041,0.776969,0.786041,56,53,60,31,0,0,0,0,1832,1306,1104,824
2026/02/04/21:26:00,5945.565837,0.775062,0.776857,0.775062,0.776857,56,53,59,31,0,0,0,0,1832,1306,1105,824
2026/02/04/21:26:01,5946.566435,0.775062,0.776857,0.775062,0.776857,56,53,59,31,0,0,0,0,1832,1306,1105,824
2026/02/04/21:26:02,5947.567044,0.775062,0.776857,0.775062,0.776857,56,53,59,31,0,0,0,0,1832,1306,1105,824
2026/02/04/21:26:03,5948.567785,0.775062,0.776857,0.775062,0.776857,56,53,59,31,0,0,0,0,1832,1306,1105,824
2026/02/04/21:26:04,5949.568617,0.775062,0.776857,0.775062,0.776857,56,53,59,31,0,0,0,0,1832,1306,1105,824
2026/02/04/21:26:05,5950.569215,0.775062,0.776857,0.775062,0.776857,56,53,59,31,0,0,0,0,1832,1306,1105,824
2026/02/04/21:26:06,5951.569917,0.775062,0.776857,0.775062,0.776857,56,53,59,31,0,0,0,0,1832,1306,1105,824
2026/02/04/21:26:07,5952.570543,0.771500,0.773351,0.771500,0.773351,56,53,57,31,0,0,0,0,1832,1306,1107,824
2026/02/04/21:26:08,5953.571079,0.771500,0.773351,0.771500,0.773351,56,53,57,31,0,0,0,0,1832,1306,1107,824
2026/02/04/21:26:09,5954.571660,0.771500,0.773351,0.771500,0.773351,56,53,57,31,0,0,0,0,1832,1306,1107,824
2026/02/04/21:26:10,5955.572325,0.771500,0.773351,0.771500,0.773351,56,53,57,31,0,0,0,0,1832,1306,1107,824
2026/02/04/21:26:11,5956.572780,0.771500,0.773351,0.771500,0.773351,56,53,57,31,0,0,0,0,1832,1306,1107,824
2026/02/04/21:26:12,5957.573348,0.810156,0.795209,0.810156,0.795209,58,55,60,31,0,0,0,0,1832,1306,1107,824
2026/02/04/21:26:13,5958.573898,0.805031,0.791789,0.805031,0.791789,58,55,58,31,0,0,0,0,1832,1306,1109,824
2026/02/04/21:26:14,5959.574649,0.820344,0.812403,0.830313,0.816662,61,54,58,31,1,0,0,0,1832,1307,1109,824
2026/02/04/21:26:15,5960.575270,0.830313,0.816662,0.830313,0.816662,62,54,58,31,0,0,0,0,1832,1307,1109,824
2026/02/04/21:26:16,5961.575901,0.826187,0.815071,0.826187,0.815071,62,53,58,31,0,0,0,0,1832,1308,1109,824
2026/02/04/21:26:17,5962.576603,0.826187,0.815071,0.826187,0.815071,62,53,58,31,0,0,0,0,1832,1308,1109,824
2026/02/04/21:26:18,5963.577173,0.826187,0.815071,0.826187,0.815071,62,53,58,31,0,0,0,0,1832,1308,1109,824
2026/02/04/21:26:19,5964.577917,0.812125,0.811883,0.812125,0.811883,62,53,56,31,0,0,0,0,1832,1308,1111,824
2026/02/04/21:26:20,5965.578478,0.812125,0.811883,0.812125,0.811883,62,53,56,31,0,0,0,0,1832,1308,1111,824
2026/02/04/21:26:21,5966.579193,0.812125,0.811883,0.812125,0.811883,62,53,56,31,0,0,0,0,1832,1308,1111,824
2026/02/04/21:26:22,5967.579875,0.792188,0.803366,0.792188,0.803366,60,53,56,31,0,0,0,0,1834,1308,1111,824
2026/02/04/21:26:23,5968.580385,0.803500,0.814260,0.803500,0.814260,61,53,57,33,0,0,0,0,1834,1308,1111,824
2026/02/04/21:26:24,5969.580892,0.803500,0.814260,0.803500,0.814260,61,53,57,33,0,0,0,0,1834,1308,1111,824
2026/02/04/21:26:25,5970.581308,0.801156,0.809072,0.801156,0.809072,61,53,56,33,0,0,0,0,1834,1308,1112,824
2026/02/04/21:26:26,5971.582008,0.791406,0.797009,0.791406,0.797009,61,53,52,33,0,0,0,0,1834,1308,1116,824
2026/02/04/21:26:27,5972.582590,0.791906,0.796449,0.791906,0.796449,61,53,52,34,0,0,0,0,1834,1308,1116,826
2026/02/04/21:26:28,5973.583424,0.791906,0.796449,0.791906,0.796449,61,53,52,34,0,0,0,0,1834,1308,1116,826
2026/02/04/21:26:29,5974.583997,0.828969,0.829685,0.828969,0.829685,65,57,53,35,0,0,0,0,1834,1308,1116,826
2026/02/04/21:26:30,5975.584631,0.841562,0.836496,0.841562,0.836496,65,57,56,35,0,0,0,0,1834,1308,1116,826
2026/02/04/21:26:31,5976.585448,0.841562,0.836496,0.841562,0.836496,65,57,56,35,0,0,0,0,1834,1308,1116,826
2026/02/04/21:26:32,5977.585898,0.828094,0.835553,0.828094,0.835553,63,55,62,34,0,0,0,0,1836,1311,1118,827
2026/02/04/21:26:33,5978.586506,0.823656,0.832258,0.823656,0.832258,61,55,62,34,0,0,0,0,1838,1311,1118,827
2026/02/04/21:26:34,5979.587178,0.805656,0.816315,0.805656,0.816315,59,55,59,34,0,0,0,0,1840,1311,1121,827
2026/02/04/21:26:35,5980.587806,0.804063,0.814310,0.804063,0.814310,58,55,59,34,0,0,0,0,1841,1311,1121,827
2026/02/04/21:26:36,5981.588305,0.804063,0.814310,0.804063,0.814310,58,55,59,34,0,0,0,0,1841,1311,1121,827
2026/02/04/21:26:37,5982.588940,0.804063,0.814310,0.804063,0.814310,58,55,59,34,0,0,0,0,1841,1311,1121,827
2026/02/04/21:26:38,5983.589479,0.804063,0.814310,0.804063,0.814310,58,55,59,34,0,0,0,0,1841,1311,1121,827
2026/02/04/21:26:39,5984.590255,0.804063,0.814310,0.804063,0.814310,58,55,59,34,0,0,0,0,1841,1311,1121,827
2026/02/04/21:26:40,5985.590884,0.804063,0.814310,0.804063,0.814310,58,55,59,34,0,0,0,0,1841,1311,1121,827
2026/02/04/21:26:41,5986.591565,0.804063,0.814310,0.804063,0.814310,58,55,59,34,0,0,0,0,1841,1311,1121,827
2026/02/04/21:26:42,5987.592181,0.801625,0.809619,0.801625,0.809619,58,54,59,34,0,0,0,0,1841,1312,1121,827
2026/02/04/21:26:43,5988.593192,0.796813,0.805668,0.796813,0.805668,58,54,57,34,0,0,0,0,1841,1312,1123,827
2026/02/04/21:26:44,5989.593837,0.796813,0.805668,0.796813,0.805668,58,54,57,34,0,0,0,0,1841,1312,1123,827
2026/02/04/21:26:45,5990.594428,0.796813,0.805668,0.796813,0.805668,58,54,57,34,0,0,0,0,1841,1312,1123,827
2026/02/04/21:26:46,5991.595119,0.796813,0.805668,0.796813,0.805668,58,54,57,34,0,0,0,0,1841,1312,1123,827
2026/02/04/21:26:47,5992.596023,0.791375,0.800173,0.791375,0.800173,58,54,57,31,0,0,0,0,1841,1312,1123,830
2026/02/04/21:26:48,5993.596688,0.791375,0.800173,0.791375,0.800173,58,54,57,31,0,0,0,0,1841,1312,1123,830
2026/02/04/21:26:49,5994.597216,0.791375,0.800173,0.791375,0.800173,58,54,57,31,0,0,0,0,1841,1312,1123,830
2026/02/04/21:26:50,5995.597927,0.791375,0.800173,0.791375,0.800173,58,54,57,31,0,0,0,0,1841,1312,1123,830
2026/02/04/21:26:51,5996.598540,0.787656,0.793488,0.787656,0.793488,57,54,57,31,0,0,0,0,1842,1312,1123,830
2026/02/04/21:26:52,5997.599099,0.787375,0.796673,0.787375,0.796673,58,54,56,31,0,0,0,0,1842,1312,1126,830
2026/02/04/21:26:53,5998.599643,0.793844,0.806028,0.793844,0.806028,58,54,56,34,0,0,0,0,1842,1312,1126,830
2026/02/04/21:26:54,5999.600316,0.780094,0.802252,0.780094,0.802252,58,54,55,34,0,0,0,0,1842,1312,1127,830
2026/02/04/21:26:55,6000.601023,0.798469,0.836827,0.798469,0.836827,62,57,57,34,0,0,0,0,1842,1312,1127,830
2026/02/04/21:26:56,6001.601699,0.804094,0.841791,0.804094,0.841791,62,57,57,37,0,0,0,0,1842,1312,1127,830
2026/02/04/21:26:57,6002.602268,0.799438,0.833661,0.799438,0.833661,60,57,57,37,0,0,0,0,1844,1312,1127,830
2026/02/04/21:26:58,6003.603235,0.793219,0.826264,0.793219,0.826264,59,57,55,37,0,0,0,0,1845,1312,1129,830
2026/02/04/21:26:59,6004.603935,0.789844,0.822853,0.789844,0.822853,59,57,53,37,0,0,0,0,1845,1312,1131,830
2026/02/04/21:27:00,6005.604563,0.789844,0.822853,0.789844,0.822853,59,57,53,37,0,0,0,0,1845,1312,1131,830
2026/02/04/21:27:01,6006.605305,0.789844,0.822853,0.789844,0.822853,59,57,53,37,0,0,0,0,1845,1312,1131,830
2026/02/04/21:27:02,6007.605996,0.789844,0.822853,0.789844,0.822853,59,57,53,37,0,0,0,0,1845,1312,1131,830
2026/02/04/21:27:03,6008.606524,0.789844,0.822853,0.789844,0.822853,59,57,53,37,0,0,0,0,1845,1312,1131,830
2026/02/04/21:27:04,6009.607133,0.803844,0.877047,0.803844,0.877047,62,57,57,37,0,0,0,0,1845,1312,1131,830
2026/02/04/21:27:05,6010.607708,0.803844,0.877047,0.803844,0.877047,62,57,57,37,0,0,0,0,1845,1312,1131,830
2026/02/04/21:27:06,6011.608318,0.803844,0.877047,0.803844,0.877047,62,57,57,37,0,0,0,0,1845,1312,1131,830
2026/02/04/21:27:07,6012.608936,0.799156,0.862827,0.799156,0.862827,62,57,55,37,0,0,0,0,1845,1312,1133,830
2026/02/04/21:27:08,6013.609468,0.799156,0.862827,0.799156,0.862827,62,57,55,37,0,0,0,0,1845,1312,1133,830
2026/02/04/21:27:09,6014.610141,0.793531,0.857863,0.793531,0.857863,62,57,55,34,0,0,0,0,1845,1312,1133,833
2026/02/04/21:27:10,6015.610725,0.790219,0.838439,0.790219,0.838439,62,57,53,34,0,0,0,0,1845,1312,1135,833
2026/02/04/21:27:11,6016.611290,0.790219,0.838439,0.790219,0.838439,62,57,53,34,0,0,0,0,1845,1312,1135,833
2026/02/04/21:27:12,6017.611898,0.790219,0.838439,0.790219,0.838439,62,57,53,34,0,0,0,0,1845,1312,1135,833
2026/02/04/21:27:13,6018.612560,0.790219,0.838439,0.790219,0.838439,62,57,53,34,0,0,0,0,1845,1312,1135,833
2026/02/04/21:27:14,6019.613216,0.790219,0.838439,0.790219,0.838439,62,57,53,34,0,0,0,0,1845,1312,1135,833
2026/02/04/21:27:15,6020.613932,0.790219,0.838439,0.790219,0.838439,62,57,53,34,0,0,0,0,1845,1312,1135,833
2026/02/04/21:27:16,6021.614511,0.790219,0.838439,0.790219,0.838439,62,57,53,34,0,0,0,0,1845,1312,1135,833
2026/02/04/21:27:17,6022.615076,0.790219,0.838439,0.790219,0.838439,62,57,53,34,0,0,0,0,1845,1312,1135,833
2026/02/04/21:27:18,6023.615692,0.790219,0.838439,0.790219,0.838439,62,57,53,34,0,0,0,0,1845,1312,1135,833
2026/02/04/21:27:19,6024.616571,0.790219,0.838439,0.790219,0.838439,62,57,53,34,0,0,0,0,1845,1312,1135,833
2026/02/04/21:27:20,6025.617146,0.786094,0.820878,0.786094,0.820878,60,57,53,34,0,0,0,0,1847,1312,1135,833
2026/02/04/21:27:21,6026.617596,0.779625,0.811522,0.779625,0.811522,60,57,53,31,0,0,0,0,1847,1312,1135,836
2026/02/04/21:27:22,6027.618202,0.779625,0.811522,0.779625,0.811522,60,57,53,31,0,0,0,0,1847,1312,1135,836
2026/02/04/21:27:23,6028.618816,0.779625,0.811522,0.779625,0.811522,60,57,53,31,0,0,0,0,1847,1312,1135,836
2026/02/04/21:27:24,6029.619253,0.779625,0.811522,0.779625,0.811522,60,57,53,31,0,0,0,0,1847,1312,1135,836
2026/02/04/21:27:25,6030.619813,0.779625,0.811522,0.779625,0.811522,60,57,53,31,0,0,0,0,1847,1312,1135,836
2026/02/04/21:27:26,6031.620391,0.779625,0.811522,0.779625,0.811522,60,57,53,31,0,0,0,0,1847,1312,1135,836
2026/02/04/21:27:27,6032.621109,0.779625,0.811522,0.779625,0.811522,60,57,53,31,0,0,0,0,1847,1312,1135,836
2026/02/04/21:27:28,6033.621605,0.779625,0.811522,0.779625,0.811522,60,57,53,31,0,0,0,0,1847,1312,1135,836
2026/02/04/21:27:29,6034.622158,0.779625,0.811522,0.779625,0.811522,60,57,53,31,0,0,0,0,1847,1312,1135,836
2026/02/04/21:27:30,6035.622930,0.779625,0.811522,0.779625,0.811522,60,57,53,31,0,0,0,0,1847,1312,1135,836
2026/02/04/21:27:31,6036.623590,0.779625,0.811522,0.779625,0.811522,60,57,53,31,0,0,0,0,1847,1312,1135,836
2026/02/04/21:27:32,6037.624174,0.805063,0.834481,0.805063,0.834481,60,57,59,31,0,0,0,0,1847,1312,1135,836
2026/02/04/21:27:33,6038.624929,0.828625,0.847741,0.839844,0.849366,62,57,61,31,0,1,0,0,1847,1312,1135,836
2026/02/04/21:27:34,6039.625479,0.828625,0.847741,0.839844,0.849366,62,57,61,31,0,1,0,0,1847,1312,1135,836
2026/02/04/21:27:35,6040.626106,0.841281,0.860290,0.852500,0.861915,62,58,63,31,0,1,0,0,1847,1312,1135,836
2026/02/04/21:27:36,6041.626684,0.841281,0.860290,0.852500,0.861915,62,58,63,31,0,1,0,0,1847,1312,1135,836
2026/02/04/21:27:37,6042.627293,0.836938,0.846908,0.836938,0.846908,62,59,59,31,0,0,0,0,1847,1312,1139,836
2026/02/04/21:27:38,6043.628003,0.836938,0.846908,0.836938,0.846908,62,59,59,31,0,0,0,0,1847,1312,1139,836
2026/02/04/21:27:39,6044.628726,0.836938,0.846908,0.836938,0.846908,62,59,59,31,0,0,0,0,1847,1312,1139,836
2026/02/04/21:27:40,6045.629193,0.836938,0.846908,0.836938,0.846908,62,59,59,31,0,0,0,0,1847,1312,1139,836
2026/02/04/21:27:41,6046.629908,0.832000,0.838699,0.832000,0.838699,60,59,59,31,0,0,0,0,1849,1312,1139,836
2026/02/04/21:27:42,6047.630649,0.832000,0.838699,0.832000,0.838699,60,59,59,31,0,0,0,0,1849,1312,1139,836
2026/02/04/21:27:43,6048.631195,0.832000,0.838699,0.832000,0.838699,60,59,59,31,0,0,0,0,1849,1312,1139,836
2026/02/04/21:27:44,6049.631914,0.832000,0.838699,0.832000,0.838699,60,59,59,31,0,0,0,0,1849,1312,1139,836
2026/02/04/21:27:45,6050.632442,0.832000,0.838699,0.832000,0.838699,60,59,59,31,0,0,0,0,1849,1312,1139,836
2026/02/04/21:27:46,6051.633046,0.832000,0.838699,0.832000,0.838699,60,59,59,31,0,0,0,0,1849,1312,1139,836
2026/02/04/21:27:47,6052.633774,0.832000,0.838699,0.832000,0.838699,60,59,59,31,0,0,0,0,1849,1312,1139,836
2026/02/04/21:27:48,6053.634287,0.832000,0.838699,0.832000,0.838699,60,59,59,31,0,0,0,0,1849,1312,1139,836
2026/02/04/21:27:49,6054.634993,0.832000,0.838699,0.832000,0.838699,60,59,59,31,0,0,0,0,1849,1312,1139,836
2026/02/04/21:27:50,6055.635589,0.832000,0.838699,0.832000,0.838699,60,59,59,31,0,0,0,0,1849,1312,1139,836
2026/02/04/21:27:51,6056.636310,0.832000,0.838699,0.832000,0.838699,60,59,59,31,0,0,0,0,1849,1312,1139,836
2026/02/04/21:27:52,6057.636964,0.830313,0.833688,0.830313,0.833688,60,59,58,31,0,0,0,0,1849,1312,1140,836
2026/02/04/21:27:53,6058.637411,0.830313,0.833688,0.830313,0.833688,60,59,58,31,0,0,0,0,1849,1312,1140,836
2026/02/04/21:27:54,6059.637923,0.829969,0.837550,0.829969,0.837550,60,58,60,31,0,0,0,0,1849,1313,1140,836
2026/02/04/21:27:55,6060.638453,0.818750,0.835926,0.818750,0.835926,60,57,60,31,0,0,0,0,1849,1314,1140,836
2026/02/04/21:27:56,6061.639139,0.813937,0.841431,0.813937,0.841431,60,58,58,31,0,0,0,0,1849,1314,1142,836
2026/02/04/21:27:57,6062.639953,0.813937,0.841431,0.813937,0.841431,60,58,58,31,0,0,0,0,1849,1314,1142,836
2026/02/04/21:27:58,6063.640579,0.813937,0.841431,0.813937,0.841431,60,58,58,31,0,0,0,0,1849,1314,1142,836
2026/02/04/21:27:59,6064.641199,0.813937,0.841431,0.813937,0.841431,60,58,58,31,0,0,0,0,1849,1314,1142,836
2026/02/04/21:28:00,6065.641836,0.813937,0.841431,0.813937,0.841431,60,58,58,31,0,0,0,0,1849,1314,1142,836
2026/02/04/21:28:01,6066.642506,0.813937,0.841431,0.813937,0.841431,60,58,58,31,0,0,0,0,1849,1314,1142,836
2026/02/04/21:28:02,6067.643113,0.813937,0.841431,0.813937,0.841431,60,58,58,31,0,0,0,0,1849,1314,1142,836
2026/02/04/21:28:03,6068.643656,0.795312,0.836378,0.795312,0.836378,60,58,56,31,0,0,0,0,1849,1314,1144,836
2026/02/04/21:28:04,6069.644270,0.795312,0.836378,0.795312,0.836378,60,58,56,31,0,0,0,0,1849,1314,1144,836
2026/02/04/21:28:05,6070.644700,0.795312,0.836378,0.795312,0.836378,60,58,56,31,0,0,0,0,1849,1314,1144,836
2026/02/04/21:28:06,6071.645320,0.795312,0.836378,0.795312,0.836378,60,58,56,31,0,0,0,0,1849,1314,1144,836
2026/02/04/21:28:07,6072.645946,0.795312,0.836378,0.795312,0.836378,60,58,56,31,0,0,0,0,1849,1314,1144,836
2026/02/04/21:28:08,6073.646553,0.795312,0.836378,0.795312,0.836378,60,58,56,31,0,0,0,0,1849,1314,1144,836
2026/02/04/21:28:09,6074.647093,0.795312,0.836378,0.795312,0.836378,60,58,56,31,0,0,0,0,1849,1314,1144,836
2026/02/04/21:28:10,6075.647691,0.779750,0.829738,0.779750,0.829738,60,56,56,31,0,0,0,0,1849,1316,1144,836
2026/02/04/21:28:11,6076.648243,0.779750,0.829738,0.779750,0.829738,60,56,56,31,0,0,0,0,1849,1316,1144,836
2026/02/04/21:28:12,6077.649007,0.779750,0.829738,0.779750,0.829738,60,56,56,31,0,0,0,0,1849,1316,1144,836
2026/02/04/21:28:13,6078.657027,0.805125,0.849566,0.805125,0.849566,60,58,60,31,0,0,0,0,1849,1316,1144,836
2026/02/04/21:28:14,6079.657577,0.793312,0.835897,0.793312,0.835897,60,58,57,31,0,0,0,0,1849,1316,1147,836
2026/02/04/21:28:15,6080.658107,0.793312,0.835897,0.793312,0.835897,60,58,57,31,0,0,0,0,1849,1316,1147,836
2026/02/04/21:28:16,6081.658916,0.793312,0.835897,0.793312,0.835897,60,58,57,31,0,0,0,0,1849,1316,1147,836
2026/02/04/21:28:17,6082.659699,0.798469,0.841517,0.798469,0.841517,62,58,57,31,0,0,0,0,1849,1316,1147,836
2026/02/04/21:28:18,6083.660269,0.798469,0.841517,0.798469,0.841517,62,58,57,31,0,0,0,0,1849,1316,1147,836
2026/02/04/21:28:19,6084.660904,0.785781,0.828279,0.785781,0.828279,62,56,55,31,0,0,0,0,1849,1318,1149,836
2026/02/04/21:28:20,6085.661594,0.784000,0.826134,0.784000,0.826134,61,56,55,31,0,0,0,0,1850,1318,1149,836
2026/02/04/21:28:21,6086.662124,0.784000,0.826134,0.784000,0.826134,61,56,55,31,0,0,0,0,1850,1318,1149,836
2026/02/04/21:28:22,6087.662673,0.784000,0.826134,0.784000,0.826134,61,56,55,31,0,0,0,0,1850,1318,1149,836
2026/02/04/21:28:23,6088.663235,0.784000,0.826134,0.784000,0.826134,61,56,55,31,0,0,0,0,1850,1318,1149,836
2026/02/04/21:28:24,6089.663751,0.784000,0.826134,0.784000,0.826134,61,56,55,31,0,0,0,0,1850,1318,1149,836
2026/02/04/21:28:25,6090.664519,0.784000,0.826134,0.784000,0.826134,61,56,55,31,0,0,0,0,1850,1318,1149,836
2026/02/04/21:28:26,6091.665062,0.780062,0.817686,0.780062,0.817686,61,54,55,31,0,0,0,0,1850,1320,1149,836
2026/02/04/21:28:27,6092.665686,0.780062,0.817686,0.780062,0.817686,61,54,55,31,0,0,0,0,1850,1320,1149,836
2026/02/04/21:28:28,6093.666285,0.780062,0.817686,0.780062,0.817686,61,54,55,31,0,0,0,0,1850,1320,1149,836
2026/02/04/21:28:29,6094.666904,0.780062,0.817686,0.780062,0.817686,61,54,55,31,0,0,0,0,1850,1320,1149,836
2026/02/04/21:28:30,6095.667452,0.767375,0.811096,0.767375,0.811096,61,54,53,31,0,0,0,0,1850,1320,1151,836
2026/02/04/21:28:31,6096.670767,0.767375,0.811096,0.767375,0.811096,61,54,53,31,0,0,0,0,1850,1320,1151,836
2026/02/04/21:28:32,6097.671334,0.767375,0.811096,0.767375,0.811096,61,54,53,31,0,0,0,0,1850,1320,1151,836
2026/02/04/21:28:33,6098.671981,0.767375,0.811096,0.767375,0.811096,61,54,53,31,0,0,0,0,1850,1320,1151,836
2026/02/04/21:28:34,6099.672585,0.767375,0.811096,0.767375,0.811096,61,54,53,31,0,0,0,0,1850,1320,1151,836
2026/02/04/21:28:35,6100.672999,0.767375,0.811096,0.767375,0.811096,61,54,53,31,0,0,0,0,1850,1320,1151,836
2026/02/04/21:28:36,6101.673732,0.767375,0.811096,0.767375,0.811096,61,54,53,31,0,0,0,0,1850,1320,1151,836
2026/02/04/21:28:37,6102.674434,0.767375,0.811096,0.767375,0.811096,61,54,53,31,0,0,0,0,1850,1320,1151,836
2026/02/04/21:28:38,6103.674949,0.767375,0.811096,0.767375,0.811096,61,54,53,31,0,0,0,0,1850,1320,1151,836
2026/02/04/21:28:39,6104.675594,0.767375,0.811096,0.767375,0.811096,61,54,53,31,0,0,0,0,1850,1320,1151,836
2026/02/04/21:28:40,6105.676230,0.767375,0.811096,0.767375,0.811096,61,54,53,31,0,0,0,0,1850,1320,1151,836
2026/02/04/21:28:41,6106.676999,0.762312,0.803644,0.762312,0.803644,61,51,53,31,0,0,0,0,1850,1323,1151,836
2026/02/04/21:28:42,6107.677763,0.774625,0.837842,0.774625,0.837842,62,54,53,32,0,0,0,0,1850,1323,1151,836
2026/02/04/21:28:43,6108.678341,0.787656,0.852339,0.787656,0.852339,62,54,53,35,0,0,0,0,1850,1323,1151,836
2026/02/04/21:28:44,6109.678974,0.785094,0.849627,0.785094,0.849627,62,53,53,35,0,0,0,0,1850,1324,1151,836
2026/02/04/21:28:45,6110.679721,0.785094,0.849627,0.785094,0.849627,62,53,53,35,0,0,0,0,1850,1324,1151,836
2026/02/04/21:28:46,6111.680328,0.785094,0.849627,0.785094,0.849627,62,53,53,35,0,0,0,0,1850,1324,1151,836
2026/02/04/21:28:47,6112.681023,0.838344,0.873039,0.838344,0.873039,68,56,54,35,0,0,0,0,1851,1324,1151,836
2026/02/04/21:28:48,6113.681662,0.829719,0.860771,0.829719,0.860771,69,56,54,32,0,0,0,0,1851,1324,1151,839
2026/02/04/21:28:49,6114.682201,0.815594,0.851057,0.815594,0.851057,69,54,53,34,0,0,0,0,1851,1326,1152,839
2026/02/04/21:28:50,6115.682681,0.820594,0.861872,0.820594,0.861872,71,52,55,34,0,0,0,0,1851,1329,1152,839
2026/02/04/21:28:51,6116.683250,0.818500,0.855104,0.818500,0.855104,71,52,55,33,0,0,0,0,1851,1329,1152,840
2026/02/04/21:28:52,6117.683929,0.783875,0.846533,0.783875,0.846533,68,52,53,33,0,0,0,0,1854,1329,1154,840
2026/02/04/21:28:53,6118.684604,0.777875,0.835039,0.777875,0.835039,66,51,53,33,0,0,0,0,1856,1330,1154,840
2026/02/04/21:28:54,6119.685109,0.777875,0.835039,0.777875,0.835039,66,51,53,33,0,0,0,0,1856,1330,1154,840
2026/02/04/21:28:55,6120.685666,0.777875,0.835039,0.777875,0.835039,66,51,53,33,0,0,0,0,1856,1330,1154,840
2026/02/04/21:28:56,6121.686452,0.777875,0.835039,0.777875,0.835039,66,51,53,33,0,0,0,0,1856,1330,1154,840
2026/02/04/21:28:57,6122.687206,0.777875,0.835039,0.777875,0.835039,66,51,53,33,0,0,0,0,1856,1330,1154,840
2026/02/04/21:28:58,6123.687983,0.777875,0.835039,0.777875,0.835039,66,51,53,33,0,0,0,0,1856,1330,1154,840
2026/02/04/21:28:59,6124.688580,0.851313,0.878354,0.888938,0.887706,69,51,58,34,2,0,0,1,1856,1330,1154,840
2026/02/04/21:29:00,6125.689139,0.870000,0.886982,0.931031,0.923291,71,53,58,34,2,1,0,4,1856,1330,1154,840
2026/02/04/21:29:01,6126.689714,0.906906,0.908107,0.947844,0.938193,68,56,59,40,2,0,2,2,1859,1330,1154,840
2026/02/04/21:29:02,6127.690243,0.902031,0.899257,0.921250,0.918647,70,58,61,37,1,0,0,2,1860,1332,1157,843
2026/02/04/21:29:03,6128.690806,0.892219,0.886901,0.911438,0.906291,71,53,60,37,1,0,0,2,1860,1337,1160,844
2026/02/04/21:29:04,6129.691419,0.907156,0.919415,0.926375,0.938804,74,57,60,37,1,0,0,2,1860,1337,1160,844
2026/02/04/21:29:05,6130.692058,0.898031,0.905608,0.911625,0.908506,71,57,60,39,1,0,0,0,1863,1338,1160,844
2026/02/04/21:29:06,6131.692769,0.898031,0.905608,0.911625,0.908506,71,57,60,39,1,0,0,0,1863,1338,1160,844
2026/02/04/21:29:07,6132.693326,0.898031,0.905608,0.911625,0.908506,71,57,60,39,1,0,0,0,1863,1338,1160,844
2026/02/04/21:29:08,6133.693921,0.866344,0.870966,0.879938,0.873864,71,55,57,36,1,0,0,0,1863,1340,1163,847
2026/02/04/21:29:09,6134.694486,0.866344,0.870966,0.907969,0.883061,71,55,57,36,4,0,0,0,1863,1340,1163,847
2026/02/04/21:29:10,6135.695013,0.871687,0.891284,0.913312,0.903378,71,55,57,39,4,0,0,0,1863,1340,1163,847
2026/02/04/21:29:11,6136.695517,0.856750,0.885220,0.898375,0.897315,70,53,57,39,4,0,0,0,1864,1342,1163,847
2026/02/04/21:29:12,6137.696290,0.856750,0.885220,0.898375,0.897315,70,53,57,39,4,0,0,0,1864,1342,1163,847
2026/02/04/21:29:13,6138.696814,0.856750,0.885220,0.898375,0.897315,70,53,57,39,4,0,0,0,1864,1342,1163,847
2026/02/04/21:29:14,6139.697469,0.856750,0.885220,0.898375,0.897315,70,53,57,39,4,0,0,0,1864,1342,1163,847
2026/02/04/21:29:15,6140.698213,0.856750,0.885220,0.898375,0.897315,70,53,57,39,4,0,0,0,1864,1342,1163,847
2026/02/04/21:29:16,6141.731547,0.856750,0.885220,0.898375,0.897315,70,53,57,39,4,0,0,0,1864,1342,1163,847
2026/02/04/21:29:17,6142.732142,0.856750,0.885220,0.870344,0.888118,70,53,57,39,1,0,0,0,1864,1342,1163,847
2026/02/04/21:29:18,6143.732764,0.851406,0.864902,0.865000,0.867801,70,53,57,36,1,0,0,0,1864,1342,1163,850
2026/02/04/21:29:19,6144.733367,0.851406,0.864902,0.865000,0.867801,70,53,57,36,1,0,0,0,1864,1342,1163,850
2026/02/04/21:29:20,6145.733940,0.844938,0.857882,0.858531,0.860780,67,53,57,36,1,0,0,0,1867,1342,1163,850
2026/02/04/21:29:21,6146.750361,0.844938,0.857882,0.858531,0.860780,67,53,57,36,1,0,0,0,1867,1342,1163,850
2026/02/04/21:29:22,6147.750928,0.844938,0.857882,0.858531,0.860780,67,53,57,36,1,0,0,0,1867,1342,1163,850
2026/02/04/21:29:23,6148.775187,0.844938,0.857882,0.858531,0.860780,67,53,57,36,1,0,0,0,1867,1342,1163,850
2026/02/04/21:29:24,6149.804326,0.844938,0.857882,0.858531,0.860780,67,53,57,36,1,0,0,0,1867,1342,1163,850
2026/02/04/21:29:25,6150.804744,0.858531,0.860780,0.858531,0.860780,68,53,57,36,0,0,0,0,1868,1342,1163,850
2026/02/04/21:29:26,6151.805417,0.858531,0.860780,0.858531,0.860780,68,53,57,36,0,0,0,0,1868,1342,1163,850
2026/02/04/21:29:27,6152.805999,0.858531,0.860780,0.858531,0.860780,68,53,57,36,0,0,0,0,1868,1342,1163,850
2026/02/04/21:29:28,6153.806786,0.854125,0.858550,0.854125,0.858550,67,53,57,36,0,0,0,0,1869,1342,1163,850
2026/02/04/21:29:29,6154.807555,0.854125,0.858550,0.854125,0.858550,67,53,57,36,0,0,0,0,1869,1342,1163,850
2026/02/04/21:29:30,6155.808172,0.854125,0.858550,0.854125,0.858550,67,53,57,36,0,0,0,0,1869,1342,1163,850
2026/02/04/21:29:31,6156.808993,0.854125,0.858550,0.854125,0.858550,67,53,57,36,0,0,0,0,1869,1342,1163,850
2026/02/04/21:29:32,6157.809603,0.903813,0.910878,0.910469,0.912567,72,57,60,36,1,0,0,0,1869,1342,1163,850
2026/02/04/21:29:33,6158.810134,0.930562,0.926845,0.953063,0.933803,76,57,60,39,4,0,0,0,1869,1342,1163,850
2026/02/04/21:29:34,6159.810591,0.938187,0.917316,0.963250,0.942672,78,56,59,40,4,1,0,1,1871,1343,1165,850
2026/02/04/21:29:35,6160.811103,0.941063,0.924310,0.952250,0.927734,76,58,66,39,2,0,0,0,1873,1346,1165,851
2026/02/04/21:29:36,6161.811627,0.941063,0.924310,0.961750,0.934708,76,58,66,39,2,0,0,2,1873,1346,1165,851
2026/02/04/21:29:37,6162.812157,0.933469,0.905744,0.963875,0.918594,77,55,64,39,1,2,0,2,1873,1349,1167,851
2026/02/04/21:29:38,6163.812715,0.939375,0.916952,0.981500,0.941433,78,55,66,39,4,2,0,2,1873,1349,1167,851
2026/02/04/21:29:39,6164.813264,0.939375,0.916952,0.981500,0.941433,78,55,66,39,4,2,0,2,1873,1349,1167,851
2026/02/04/21:29:40,6165.813844,0.935125,0.913992,0.957937,0.927356,76,55,64,41,2,2,0,0,1875,1349,1169,851
2026/02/04/21:29:41,6166.814455,0.924875,0.909672,0.933906,0.919254,73,56,64,41,1,1,0,0,1878,1349,1169,851
2026/02/04/21:29:42,6167.814946,0.926813,0.904475,0.926813,0.904475,72,57,64,40,0,0,0,0,1880,1349,1169,852
2026/02/04/21:29:43,6168.838041,0.905719,0.897972,0.936281,0.917290,75,54,62,42,2,0,0,1,1880,1352,1172,854
2026/02/04/21:29:44,6169.838600,0.923625,0.907793,0.946000,0.928075,76,57,59,45,1,1,0,1,1880,1352,1175,854
2026/02/04/21:29:45,6170.839167,0.899937,0.890162,0.918875,0.905440,72,56,59,45,1,0,0,1,1884,1354,1175,854
2026/02/04/21:29:46,6171.839691,0.914500,0.917470,0.914500,0.917470,74,56,61,47,0,0,0,0,1885,1355,1175,855
2026/02/04/21:29:47,6172.840218,0.913969,0.913261,0.913969,0.913261,74,56,62,44,0,0,0,0,1885,1355,1175,858
2026/02/04/21:29:48,6173.840742,0.921500,0.916492,0.925188,0.920716,73,57,64,44,0,0,2,0,1886,1355,1175,858
2026/02/04/21:29:49,6174.841414,0.920063,0.916257,0.920063,0.916257,73,57,66,42,0,0,0,0,1886,1355,1175,860
2026/02/04/21:29:50,6175.841909,0.920156,0.921004,0.920156,0.921004,73,60,68,39,0,0,0,0,1889,1355,1175,863
2026/02/04/21:29:51,6176.842363,0.900687,0.896588,0.900687,0.896588,73,59,65,36,0,0,0,0,1889,1356,1178,866
2026/02/04/21:29:52,6177.842972,0.900687,0.896588,0.900687,0.896588,73,59,65,36,0,0,0,0,1889,1356,1178,866
2026/02/04/21:29:53,6178.843419,0.900687,0.896588,0.900687,0.896588,73,59,65,36,0,0,0,0,1889,1356,1178,866
2026/02/04/21:29:54,6179.843949,0.896625,0.889167,0.896625,0.889167,71,59,65,36,0,0,0,0,1891,1356,1178,866
2026/02/04/21:29:55,6180.844780,0.896625,0.889167,0.896625,0.889167,71,59,65,36,0,0,0,0,1891,1356,1178,866
2026/02/04/21:29:56,6181.845297,0.871281,0.866070,0.871281,0.866070,71,56,59,36,0,0,0,0,1891,1359,1184,866
2026/02/04/21:29:57,6182.846022,0.867656,0.861990,0.867656,0.861990,71,56,57,36,0,0,0,0,1891,1359,1186,866
2026/02/04/21:29:58,6183.846702,0.867656,0.861990,0.867656,0.861990,71,56,57,36,0,0,0,0,1891,1359,1186,866
2026/02/04/21:29:59,6184.847447,0.864719,0.860391,0.864719,0.860391,71,56,57,35,0,0,0,0,1891,1359,1186,867
2026/02/04/21:30:00,6185.848248,0.864719,0.860391,0.864719,0.860391,71,56,57,35,0,0,0,0,1891,1359,1186,867
2026/02/04/21:30:01,6186.848926,0.857062,0.850260,0.857062,0.850260,69,55,57,35,0,0,0,0,1893,1360,1186,867
2026/02/04/21:30:02,6187.849566,0.857062,0.850260,0.857062,0.850260,69,55,57,35,0,0,0,0,1893,1360,1186,867
2026/02/04/21:30:03,6188.850323,0.850469,0.848423,0.850469,0.848423,69,55,56,35,0,0,0,0,1893,1360,1187,867
2026/02/04/21:30:04,6189.850764,0.875812,0.857168,0.875812,0.857168,71,53,57,37,0,0,0,0,1893,1363,1187,867
2026/02/04/21:30:05,6190.851461,0.869625,0.849530,0.869625,0.849530,68,53,57,37,0,0,0,0,1896,1363,1187,867
2026/02/04/21:30:06,6191.852130,0.869625,0.849530,0.869625,0.849530,68,53,57,37,0,0,0,0,1896,1363,1187,867
2026/02/04/21:30:07,6192.852839,0.880000,0.879263,0.883906,0.901773,74,52,57,37,1,0,1,0,1896,1364,1187,867
2026/02/04/21:30:08,6193.853325,0.884875,0.886188,0.888781,0.908699,76,52,57,37,1,0,1,0,1896,1364,1187,867
2026/02/04/21:30:09,6194.854100,0.884875,0.886188,0.888781,0.908699,76,52,57,37,1,0,1,0,1896,1364,1187,867
2026/02/04/21:30:10,6195.854713,0.884031,0.894722,0.886219,0.906426,76,52,57,37,0,0,1,0,1897,1364,1187,867
2026/02/04/21:30:11,6196.855279,0.874469,0.889973,0.876656,0.901677,76,52,54,37,0,0,1,0,1897,1364,1190,867
2026/02/04/21:30:12,6197.855926,0.867719,0.885878,0.869906,0.897582,74,52,54,37,0,0,1,0,1899,1364,1190,867
2026/02/04/21:30:13,6198.856556,0.867719,0.885878,0.869906,0.897582,74,52,54,37,0,0,1,0,1899,1364,1190,867
2026/02/04/21:30:14,6199.857272,0.857219,0.869046,0.859406,0.880751,71,52,54,35,0,0,1,0,1902,1364,1190,869
2026/02/04/21:30:15,6200.857861,0.857219,0.869046,0.857219,0.869046,71,52,54,35,0,0,0,0,1902,1364,1190,869
2026/02/04/21:30:16,6201.858683,0.852281,0.854855,0.852281,0.854855,69,52,54,35,0,0,0,0,1904,1364,1190,869
2026/02/04/21:30:17,6202.859318,0.852281,0.854855,0.852281,0.854855,69,52,54,35,0,0,0,0,1904,1364,1190,869
2026/02/04/21:30:18,6203.860065,0.852281,0.854855,0.852281,0.854855,69,52,54,35,0,0,0,0,1904,1364,1190,869
2026/02/04/21:30:19,6204.860677,0.880500,0.879840,0.880500,0.879840,70,55,59,35,0,0,0,0,1904,1364,1190,871
2026/02/04/21:30:20,6205.861289,0.870938,0.871978,0.870938,0.871978,67,55,59,35,0,0,0,0,1907,1364,1190,871
2026/02/04/21:30:21,6206.861970,0.864000,0.867133,0.864000,0.867133,67,52,59,35,0,0,0,0,1907,1367,1190,871
2026/02/04/21:30:22,6207.862640,0.864000,0.867133,0.864000,0.867133,67,52,59,35,0,0,0,0,1907,1367,1190,871
2026/02/04/21:30:23,6208.863410,0.849313,0.863605,0.849313,0.863605,67,52,59,33,0,0,0,0,1907,1367,1190,873
2026/02/04/21:30:24,6209.863901,0.836562,0.853939,0.836562,0.853939,67,52,56,33,0,0,0,0,1907,1367,1193,873
2026/02/04/21:30:25,6210.864491,0.836562,0.853939,0.836562,0.853939,67,52,56,33,0,0,0,0,1907,1367,1193,873
2026/02/04/21:30:26,6211.865065,0.844969,0.848987,0.844969,0.848987,66,52,56,36,0,0,0,0,1908,1367,1194,873
2026/02/04/21:30:27,6212.865684,0.841531,0.827374,0.841531,0.827374,64,52,56,36,0,0,0,0,1910,1367,1194,873
2026/02/04/21:30:28,6213.866308,0.830500,0.825056,0.830500,0.825056,63,52,56,36,0,0,0,0,1911,1367,1194,873
2026/02/04/21:30:29,6214.866851,0.830500,0.825056,0.830500,0.825056,63,52,56,36,0,0,0,0,1911,1367,1194,873
2026/02/04/21:30:30,6215.867617,0.827625,0.821932,0.827625,0.821932,63,52,55,36,0,0,0,0,1911,1367,1195,873
2026/02/04/21:30:31,6216.868218,0.824875,0.817679,0.824875,0.817679,62,52,55,36,0,0,0,0,1912,1367,1195,873
2026/02/04/21:30:32,6217.869002,0.824875,0.817679,0.824875,0.817679,62,52,55,36,0,0,0,0,1912,1367,1195,873
2026/02/04/21:30:33,6218.869806,0.820562,0.808199,0.820562,0.808199,62,52,53,36,0,0,0,0,1912,1367,1197,873
2026/02/04/21:30:34,6219.870525,0.820562,0.808199,0.820562,0.808199,62,52,53,36,0,0,0,0,1912,1367,1197,873
2026/02/04/21:30:35,6220.871304,0.820562,0.808199,0.820562,0.808199,62,52,53,36,0,0,0,0,1912,1367,1197,873
2026/02/04/21:30:36,6221.871877,0.820562,0.808199,0.820562,0.808199,62,52,53,36,0,0,0,0,1912,1367,1197,873
2026/02/04/21:30:37,6222.872524,0.820562,0.808199,0.820562,0.808199,62,52,53,36,0,0,0,0,1912,1367,1197,873
2026/02/04/21:30:38,6223.873245,0.835500,0.818705,0.835500,0.818705,62,54,53,36,0,0,0,0,1912,1367,1197,873
2026/02/04/21:30:39,6224.873765,0.835500,0.818705,0.835500,0.818705,62,54,53,36,0,0,0,0,1912,1367,1197,873
2026/02/04/21:30:40,6225.874439,0.843812,0.833168,0.843812,0.833168,62,56,53,36,0,0,0,0,1912,1367,1197,873
2026/02/04/21:30:41,6226.874917,0.851969,0.844908,0.851969,0.844908,62,59,53,36,0,0,0,0,1912,1367,1197,873
2026/02/04/21:30:42,6227.875359,0.867719,0.855637,0.872687,0.895727,62,61,55,36,0,0,3,0,1912,1367,1197,873
2026/02/04/21:30:43,6228.875912,0.871656,0.859267,0.876625,0.899357,64,61,55,36,0,0,3,0,1912,1367,1197,873
2026/02/04/21:30:44,6229.876463,0.852281,0.844898,0.855594,0.871624,62,58,56,34,0,0,2,0,1914,1370,1197,875
2026/02/04/21:30:45,6230.876898,0.852281,0.844898,0.855594,0.871624,62,58,56,34,0,0,2,0,1914,1370,1197,875
2026/02/04/21:30:46,6231.877374,0.850625,0.831535,0.850625,0.831535,62,58,55,34,0,0,0,0,1914,1370,1198,875
2026/02/04/21:30:47,6232.877800,0.847000,0.825064,0.847000,0.825064,62,58,53,34,0,0,0,0,1914,1370,1200,875
2026/02/04/21:30:48,6233.878434,0.847000,0.825064,0.847000,0.825064,62,58,53,34,0,0,0,0,1914,1370,1200,875
2026/02/04/21:30:49,6234.879133,0.847000,0.825064,0.847000,0.825064,62,58,53,34,0,0,0,0,1914,1370,1200,875
2026/02/04/21:30:50,6235.879659,0.847000,0.825064,0.847000,0.825064,62,58,53,34,0,0,0,0,1914,1370,1200,875
2026/02/04/21:30:51,6236.880331,0.847000,0.825064,0.847000,0.825064,62,58,53,34,0,0,0,0,1914,1370,1200,875
2026/02/04/21:30:52,6237.880927,0.847000,0.825064,0.847000,0.825064,62,58,53,34,0,0,0,0,1914,1370,1200,875
2026/02/04/21:30:53,6238.881805,0.847000,0.825064,0.847000,0.825064,62,58,53,34,0,0,0,0,1914,1370,1200,875
2026/02/04/21:30:54,6239.882351,0.847000,0.825064,0.847000,0.825064,62,58,53,34,0,0,0,0,1914,1370,1200,875
2026/02/04/21:30:55,6240.882959,0.847000,0.825064,0.847000,0.825064,62,58,53,34,0,0,0,0,1914,1370,1200,875
2026/02/04/21:30:56,6241.883556,0.847000,0.825064,0.847000,0.825064,62,58,53,34,0,0,0,0,1914,1370,1200,875
2026/02/04/21:30:57,6242.884289,0.847000,0.825064,0.847000,0.825064,62,58,53,34,0,0,0,0,1914,1370,1200,875
2026/02/04/21:30:58,6243.884910,0.847000,0.825064,0.847000,0.825064,62,58,53,34,0,0,0,0,1914,1370,1200,875
2026/02/04/21:30:59,6244.885558,0.847000,0.825064,0.847000,0.825064,62,58,53,34,0,0,0,0,1914,1370,1200,875
2026/02/04/21:31:00,6245.886193,0.858344,0.837143,0.858344,0.837143,66,58,53,34,0,0,0,0,1914,1370,1200,875
2026/02/04/21:31:01,6246.886783,0.858344,0.837143,0.858344,0.837143,66,58,53,34,0,0,0,0,1914,1370,1200,875
2026/02/04/21:31:02,6247.887240,0.858344,0.837143,0.858344,0.837143,66,58,53,34,0,0,0,0,1914,1370,1200,875
2026/02/04/21:31:03,6248.887789,0.858344,0.837143,0.858344,0.837143,66,58,53,34,0,0,0,0,1914,1370,1200,875
2026/02/04/21:31:04,6249.888508,0.856094,0.832185,0.856094,0.832185,65,58,53,34,0,0,0,0,1915,1370,1200,875
2026/02/04/21:31:05,6250.889133,0.852344,0.828284,0.852344,0.828284,63,58,53,34,0,0,0,0,1917,1370,1200,875
2026/02/04/21:31:06,6251.889729,0.852344,0.828284,0.852344,0.828284,63,58,53,34,0,0,0,0,1917,1370,1200,875
2026/02/04/21:31:07,6252.890198,0.852344,0.828284,0.852344,0.828284,63,58,53,34,0,0,0,0,1917,1370,1200,875
2026/02/04/21:31:08,6253.891697,0.844031,0.813821,0.844031,0.813821,63,56,53,34,0,0,0,0,1917,1372,1200,875
2026/02/04/21:31:09,6254.892163,0.844031,0.813821,0.844031,0.813821,63,56,53,34,0,0,0,0,1917,1372,1200,875
2026/02/04/21:31:10,6255.892807,0.844031,0.813821,0.844031,0.813821,63,56,53,34,0,0,0,0,1917,1372,1200,875
2026/02/04/21:31:11,6256.893332,0.844031,0.813821,0.844031,0.813821,63,56,53,34,0,0,0,0,1917,1372,1200,875
2026/02/04/21:31:12,6257.894150,0.838688,0.810601,0.838688,0.810601,62,56,53,34,0,0,0,0,1918,1372,1200,875
2026/02/04/21:31:13,6258.894676,0.835000,0.804915,0.835000,0.804915,62,54,53,34,0,0,0,0,1918,1374,1200,875
2026/02/04/21:31:14,6259.895366,0.835000,0.804915,0.835000,0.804915,62,54,53,34,0,0,0,0,1918,1374,1200,875
2026/02/04/21:31:15,6260.896092,0.835000,0.804915,0.835000,0.804915,62,54,53,34,0,0,0,0,1918,1374,1200,875
2026/02/04/21:31:16,6261.896623,0.835000,0.804915,0.835000,0.804915,62,54,53,34,0,0,0,0,1918,1374,1200,875
2026/02/04/21:31:17,6262.897114,0.835000,0.804915,0.835000,0.804915,62,54,53,34,0,0,0,0,1918,1374,1200,875
2026/02/04/21:31:18,6263.897803,0.835000,0.804915,0.835000,0.804915,62,54,53,34,0,0,0,0,1918,1374,1200,875
2026/02/04/21:31:19,6264.898359,0.835000,0.804915,0.835000,0.804915,62,54,53,34,0,0,0,0,1918,1374,1200,875
2026/02/04/21:31:20,6265.898963,0.835000,0.804915,0.835000,0.804915,62,54,53,34,0,0,0,0,1918,1374,1200,875
2026/02/04/21:31:21,6266.899472,0.835000,0.804915,0.835000,0.804915,62,54,53,34,0,0,0,0,1918,1374,1200,875
2026/02/04/21:31:22,6267.900253,0.835000,0.804915,0.835000,0.804915,62,54,53,34,0,0,0,0,1918,1374,1200,875
2026/02/04/21:31:23,6268.901124,0.835000,0.804915,0.835000,0.804915,62,54,53,34,0,0,0,0,1918,1374,1200,875
2026/02/04/21:31:24,6269.901489,0.835000,0.804915,0.835000,0.804915,62,54,53,34,0,0,0,0,1918,1374,1200,875
2026/02/04/21:31:25,6270.902241,0.838719,0.814482,0.838719,0.814482,62,54,53,35,0,0,0,0,1918,1374,1200,875
2026/02/04/21:31:26,6271.902822,0.838719,0.814482,0.838719,0.814482,62,54,53,35,0,0,0,0,1918,1374,1200,875
2026/02/04/21:31:27,6272.903373,0.838719,0.814482,0.838719,0.814482,62,54,53,35,0,0,0,0,1918,1374,1200,875
2026/02/04/21:31:28,6273.903924,0.838719,0.814482,0.838719,0.814482,62,54,53,35,0,0,0,0,1918,1374,1200,875
2026/02/04/21:31:29,6274.904387,0.848562,0.821404,0.848562,0.821404,62,54,56,35,0,0,0,0,1918,1374,1200,875
2026/02/04/21:31:30,6275.904754,0.871094,0.846729,0.871094,0.846729,69,54,56,36,0,0,0,0,1918,1374,1200,875
2026/02/04/21:31:31,6276.905353,0.871094,0.846729,0.871094,0.846729,69,54,56,36,0,0,0,0,1918,1374,1200,875
2026/02/04/21:31:32,6277.905947,0.867031,0.835755,0.867031,0.835755,68,54,56,35,0,0,0,0,1919,1374,1200,876
2026/02/04/21:31:33,6278.906673,0.865250,0.833839,0.865250,0.833839,67,54,56,35,0,0,0,0,1920,1374,1200,876
2026/02/04/21:31:34,6279.907299,0.861688,0.830009,0.861688,0.830009,65,54,56,35,0,0,0,0,1922,1374,1200,876
2026/02/04/21:31:35,6280.907841,0.861688,0.830009,0.861688,0.830009,65,54,56,35,0,0,0,0,1922,1374,1200,876
2026/02/04/21:31:36,6281.908471,0.861688,0.830009,0.861688,0.830009,65,54,56,35,0,0,0,0,1922,1374,1200,876
2026/02/04/21:31:37,6282.909077,0.861688,0.830009,0.861688,0.830009,65,54,56,35,0,0,0,0,1922,1374,1200,876
2026/02/04/21:31:38,6283.909611,0.861688,0.830009,0.861688,0.830009,65,54,56,35,0,0,0,0,1922,1374,1200,876
2026/02/04/21:31:39,6284.910339,0.861688,0.830009,0.861688,0.830009,65,54,56,35,0,0,0,0,1922,1374,1200,876
2026/02/04/21:31:40,6285.910939,0.857812,0.818821,0.857812,0.818821,65,53,56,35,0,0,0,0,1922,1375,1200,876
2026/02/04/21:31:41,6286.911723,0.857812,0.818821,0.857812,0.818821,65,53,56,35,0,0,0,0,1922,1375,1200,876
2026/02/04/21:31:42,6287.912349,0.857812,0.818821,0.857812,0.818821,65,53,56,35,0,0,0,0,1922,1375,1200,876
2026/02/04/21:31:43,6288.913199,0.857812,0.818821,0.857812,0.818821,65,53,56,35,0,0,0,0,1922,1375,1200,876
2026/02/04/21:31:44,6289.913925,0.857812,0.818821,0.857812,0.818821,65,53,56,35,0,0,0,0,1922,1375,1200,876
2026/02/04/21:31:45,6290.918897,0.817031,0.810127,0.817031,0.810127,62,53,56,35,0,0,0,0,1925,1375,1200,876
2026/02/04/21:31:46,6291.919409,0.817031,0.810127,0.817031,0.810127,62,53,56,35,0,0,0,0,1925,1375,1200,876
2026/02/04/21:31:47,6292.920045,0.817031,0.810127,0.817031,0.810127,62,53,56,35,0,0,0,0,1925,1375,1200,876
2026/02/04/21:31:48,6293.920763,0.817031,0.810127,0.817031,0.810127,62,53,56,35,0,0,0,0,1925,1375,1200,876
2026/02/04/21:31:49,6294.922085,0.805406,0.804568,0.805406,0.804568,62,53,56,32,0,0,0,0,1925,1375,1200,879
2026/02/04/21:31:50,6295.922772,0.805406,0.804568,0.805406,0.804568,62,53,56,32,0,0,0,0,1925,1375,1200,879
2026/02/04/21:31:51,6296.923437,0.805406,0.804568,0.805406,0.804568,62,53,56,32,0,0,0,0,1925,1375,1200,879
2026/02/04/21:31:52,6297.924029,0.805406,0.804568,0.805406,0.804568,62,53,56,32,0,0,0,0,1925,1375,1200,879
2026/02/04/21:31:53,6298.924797,0.805406,0.804568,0.805406,0.804568,62,53,56,32,0,0,0,0,1925,1375,1200,879
2026/02/04/21:31:54,6299.925287,0.805406,0.804568,0.805406,0.804568,62,53,56,32,0,0,0,0,1925,1375,1200,879
2026/02/04/21:31:55,6300.926015,0.805406,0.804568,0.805406,0.804568,62,53,56,32,0,0,0,0,1925,1375,1200,879
2026/02/04/21:31:56,6301.926569,0.805406,0.804568,0.805406,0.804568,62,53,56,32,0,0,0,0,1925,1375,1200,879
2026/02/04/21:31:57,6302.927438,0.805406,0.804568,0.805406,0.804568,62,53,56,32,0,0,0,0,1925,1375,1200,879
2026/02/04/21:31:58,6303.928058,0.805406,0.804568,0.805406,0.804568,62,53,56,32,0,0,0,0,1925,1375,1200,879
2026/02/04/21:31:59,6304.928782,0.805406,0.804568,0.805406,0.804568,62,53,56,32,0,0,0,0,1925,1375,1200,879
2026/02/04/21:32:00,6305.929319,0.826000,0.829699,0.826000,0.829699,65,53,56,34,0,0,0,0,1925,1375,1200,879
2026/02/04/21:32:01,6306.929939,0.826000,0.829699,0.826000,0.829699,65,53,56,34,0,0,0,0,1925,1375,1200,879
2026/02/04/21:32:02,6307.930547,0.826000,0.829699,0.826000,0.829699,65,53,56,34,0,0,0,0,1925,1375,1200,879
2026/02/04/21:32:03,6308.931274,0.826000,0.829699,0.826000,0.829699,65,53,56,34,0,0,0,0,1925,1375,1200,879
2026/02/04/21:32:04,6309.932035,0.829844,0.831528,0.868625,0.851263,64,53,57,34,2,1,0,0,1927,1375,1200,879
2026/02/04/21:32:05,6310.932639,0.850187,0.844643,0.873531,0.861082,65,53,57,36,1,1,0,0,1929,1375,1200,879
2026/02/04/21:32:06,6311.933197,0.819312,0.838051,0.827219,0.851193,63,53,57,36,0,1,0,0,1931,1375,1200,879
2026/02/04/21:32:07,6312.933791,0.818469,0.837987,0.818469,0.837987,63,54,56,34,0,0,0,0,1931,1375,1201,881
2026/02/04/21:32:08,6313.934501,0.825156,0.839676,0.825156,0.839676,63,55,56,34,0,0,0,0,1931,1375,1201,881
2026/02/04/21:32:09,6314.935185,0.817250,0.826533,0.817250,0.826533,63,54,56,34,0,0,0,0,1931,1376,1201,881
2026/02/04/21:32:10,6315.935847,0.817250,0.826533,0.817250,0.826533,63,54,56,34,0,0,0,0,1931,1376,1201,881
2026/02/04/21:32:11,6316.937609,0.808906,0.822836,0.808906,0.822836,63,53,55,34,0,0,0,0,1931,1377,1202,881
2026/02/04/21:32:12,6317.938183,0.808906,0.822836,0.808906,0.822836,63,53,55,34,0,0,0,0,1931,1377,1202,881
2026/02/04/21:32:13,6318.938789,0.806688,0.819972,0.806688,0.819972,62,53,55,34,0,0,0,0,1932,1377,1202,881
2026/02/04/21:32:14,6319.939649,0.793562,0.811368,0.793562,0.811368,59,53,55,34,0,0,0,0,1935,1377,1202,881
2026/02/04/21:32:15,6320.941989,0.789000,0.798559,0.789000,0.798559,59,53,55,32,0,0,0,0,1935,1377,1202,883
2026/02/04/21:32:16,6321.942674,0.789000,0.798559,0.789000,0.798559,59,53,55,32,0,0,0,0,1935,1377,1202,883
2026/02/04/21:32:17,6322.943208,0.789000,0.798559,0.789000,0.798559,59,53,55,32,0,0,0,0,1935,1377,1202,883
2026/02/04/21:32:18,6323.943868,0.789000,0.798559,0.789000,0.798559,59,53,55,32,0,0,0,0,1935,1377,1202,883
2026/02/04/21:32:19,6324.944392,0.789000,0.798559,0.789000,0.798559,59,53,55,32,0,0,0,0,1935,1377,1202,883
2026/02/04/21:32:20,6325.944953,0.789000,0.798559,0.789000,0.798559,59,53,55,32,0,0,0,0,1935,1377,1202,883
2026/02/04/21:32:21,6326.945560,0.789000,0.798559,0.789000,0.798559,59,53,55,32,0,0,0,0,1935,1377,1202,883
2026/02/04/21:32:22,6327.946089,0.779156,0.791637,0.779156,0.791637,59,53,52,32,0,0,0,0,1935,1377,1205,883
2026/02/04/21:32:23,6328.946730,0.779156,0.791637,0.779156,0.791637,59,53,52,32,0,0,0,0,1935,1377,1205,883
2026/02/04/21:32:24,6329.947209,0.779156,0.791637,0.779156,0.791637,59,53,52,32,0,0,0,0,1935,1377,1205,883
2026/02/04/21:32:25,6330.947880,0.781406,0.793947,0.787250,0.797805,60,53,52,32,1,0,0,0,1935,1377,1205,883
2026/02/04/21:32:26,6331.948501,0.789281,0.811487,0.789281,0.811487,62,53,52,32,0,0,0,0,1935,1377,1205,883
2026/02/04/21:32:27,6332.949078,0.807719,0.835930,0.807719,0.835930,64,53,53,35,0,0,0,0,1935,1377,1205,883
2026/02/04/21:32:28,6333.949655,0.830156,0.857202,0.830156,0.857202,68,53,55,36,0,0,0,0,1935,1377,1205,883
2026/02/04/21:32:29,6334.950300,0.810094,0.818814,0.810094,0.818814,66,53,55,33,0,0,0,0,1937,1377,1205,886
2026/02/04/21:32:30,6335.950978,0.805531,0.814316,0.805531,0.814316,66,53,53,33,0,0,0,0,1937,1377,1207,886
2026/02/04/21:32:31,6336.951550,0.844375,0.841860,0.854187,0.847620,70,56,52,36,1,0,0,0,1937,1377,1208,886
2026/02/04/21:32:32,6337.951990,0.844531,0.834665,0.844531,0.834665,69,56,52,35,0,0,0,0,1939,1377,1208,887
2026/02/04/21:32:33,6338.952584,0.840750,0.829269,0.840750,0.829269,69,55,52,34,0,0,0,0,1939,1378,1208,888
2026/02/04/21:32:34,6339.953270,0.840750,0.829269,0.840750,0.829269,69,55,52,34,0,0,0,0,1939,1378,1208,888
2026/02/04/21:32:35,6340.953916,0.840750,0.829269,0.840750,0.829269,69,55,52,34,0,0,0,0,1939,1378,1208,888
2026/02/04/21:32:36,6341.954543,0.840750,0.829269,0.840750,0.829269,69,55,52,34,0,0,0,0,1939,1378,1208,888
2026/02/04/21:32:37,6342.955244,0.840750,0.829269,0.840750,0.829269,69,55,52,34,0,0,0,0,1939,1378,1208,888
2026/02/04/21:32:38,6343.955801,0.852281,0.836659,0.852281,0.836659,72,55,52,34,0,0,0,0,1939,1378,1208,888
2026/02/04/21:32:39,6344.956336,0.838688,0.826429,0.838688,0.826429,69,55,52,34,0,0,0,0,1942,1378,1208,888
2026/02/04/21:32:40,6345.956931,0.797719,0.801758,0.797719,0.801758,63,55,52,34,0,0,0,0,1948,1378,1208,888
2026/02/04/21:32:41,6346.957522,0.797719,0.801758,0.797719,0.801758,63,55,52,34,0,0,0,0,1948,1378,1208,888
2026/02/04/21:32:42,6347.958244,0.797719,0.801758,0.797719,0.801758,63,55,52,34,0,0,0,0,1948,1378,1208,888
2026/02/04/21:32:43,6348.959597,0.793312,0.796581,0.793312,0.796581,61,55,52,34,0,0,0,0,1950,1378,1208,888
2026/02/04/21:32:44,6349.960245,0.793312,0.796581,0.793312,0.796581,61,55,52,34,0,0,0,0,1950,1378,1208,888
2026/02/04/21:32:45,6350.960929,0.801188,0.805795,0.801188,0.805795,62,55,52,35,0,0,0,0,1950,1378,1208,888
2026/02/04/21:32:46,6351.961558,0.793250,0.801399,0.793250,0.801399,60,55,52,35,0,0,0,0,1952,1378,1208,888
2026/02/04/21:32:47,6352.962242,0.793250,0.801399,0.793250,0.801399,60,55,52,35,0,0,0,0,1952,1378,1208,888
2026/02/04/21:32:48,6353.962737,0.793250,0.801399,0.793250,0.801399,60,55,52,35,0,0,0,0,1952,1378,1208,888
2026/02/04/21:32:49,6354.963302,0.793250,0.801399,0.793250,0.801399,60,55,52,35,0,0,0,0,1952,1378,1208,888
2026/02/04/21:32:50,6355.964115,0.793250,0.801399,0.793250,0.801399,60,55,52,35,0,0,0,0,1952,1378,1208,888
2026/02/04/21:32:51,6356.964766,0.793250,0.801399,0.793250,0.801399,60,55,52,35,0,0,0,0,1952,1378,1208,888
2026/02/04/21:32:52,6357.965425,0.793250,0.801399,0.793250,0.801399,60,55,52,35,0,0,0,0,1952,1378,1208,888
2026/02/04/21:32:53,6358.966104,0.793250,0.801399,0.793250,0.801399,60,55,52,35,0,0,0,0,1952,1378,1208,888
2026/02/04/21:32:54,6359.966631,0.793250,0.801399,0.793250,0.801399,60,55,52,35,0,0,0,0,1952,1378,1208,888
2026/02/04/21:32:55,6360.967171,0.786250,0.782912,0.786250,0.782912,58,55,52,35,0,0,0,0,1954,1378,1208,888
2026/02/04/21:32:56,6361.967761,0.786250,0.782912,0.786250,0.782912,58,55,52,35,0,0,0,0,1954,1378,1208,888
2026/02/04/21:32:57,6362.968187,0.786250,0.782912,0.786250,0.782912,58,55,52,35,0,0,0,0,1954,1378,1208,888
2026/02/04/21:32:58,6363.968735,0.786250,0.782912,0.786250,0.782912,58,55,52,35,0,0,0,0,1954,1378,1208,888
2026/02/04/21:32:59,6364.970500,0.780250,0.778040,0.780250,0.778040,58,55,52,32,0,0,0,0,1954,1378,1208,891
2026/02/04/21:33:00,6365.971003,0.788563,0.781438,0.788563,0.781438,59,55,52,32,0,0,0,0,1954,1378,1208,891
2026/02/04/21:33:01,6366.971532,0.790312,0.792519,0.790312,0.792519,59,55,53,32,0,0,0,0,1954,1378,1208,891
2026/02/04/21:33:02,6367.972344,0.802969,0.797409,0.802969,0.797409,62,55,53,32,0,0,0,0,1954,1378,1208,891
2026/02/04/21:33:03,6368.973041,0.794656,0.794011,0.794656,0.794011,61,55,53,32,0,0,0,0,1955,1378,1208,891
2026/02/04/21:33:04,6369.973752,0.794656,0.794011,0.794656,0.794011,61,55,53,32,0,0,0,0,1955,1378,1208,891
2026/02/04/21:33:05,6370.974514,0.782000,0.789122,0.782000,0.789122,58,55,53,32,0,0,0,0,1958,1378,1208,891
2026/02/04/21:33:06,6371.975030,0.793562,0.814921,0.793562,0.814921,58,57,56,32,0,0,0,0,1958,1378,1208,891
2026/02/04/21:33:07,6372.975605,0.793562,0.814921,0.793562,0.814921,58,57,56,32,0,0,0,0,1958,1378,1208,891
2026/02/04/21:33:08,6373.976242,0.787406,0.807528,0.787406,0.807528,57,57,56,32,0,0,0,0,1959,1378,1208,891
2026/02/04/21:33:09,6374.976917,0.781969,0.783714,0.781969,0.783714,57,57,53,32,0,0,0,0,1959,1378,1211,891
2026/02/04/21:33:10,6375.977437,0.781969,0.783714,0.781969,0.783714,57,57,53,32,0,0,0,0,1959,1378,1211,891
2026/02/04/21:33:11,6376.978048,0.767031,0.773209,0.767031,0.773209,57,55,53,32,0,0,0,0,1959,1380,1211,891
2026/02/04/21:33:12,6377.978560,0.764156,0.767681,0.764156,0.767681,57,54,53,32,0,0,0,0,1959,1381,1211,891
2026/02/04/21:33:13,6378.979231,0.764156,0.767681,0.764156,0.767681,57,54,53,32,0,0,0,0,1959,1381,1211,891
2026/02/04/21:33:14,6379.980050,0.764156,0.767681,0.764156,0.767681,57,54,53,32,0,0,0,0,1959,1381,1211,891
2026/02/04/21:33:15,6380.980774,0.768281,0.769803,0.768281,0.769803,57,56,52,32,0,0,0,0,1959,1381,1212,891
2026/02/04/21:33:16,6381.981458,0.760781,0.761768,0.760781,0.761768,57,56,52,29,0,0,0,0,1959,1381,1212,894
2026/02/04/21:33:17,6382.982133,0.760781,0.761768,0.760781,0.761768,57,56,52,29,0,0,0,0,1959,1381,1212,894
2026/02/04/21:33:18,6383.982758,0.757844,0.760150,0.757844,0.760150,57,55,52,29,0,0,0,0,1959,1382,1212,894
2026/02/04/21:33:19,6384.983298,0.757844,0.760150,0.757844,0.760150,57,55,52,29,0,0,0,0,1959,1382,1212,894
2026/02/04/21:33:20,6385.984061,0.756125,0.758329,0.756125,0.758329,57,55,52,28,0,0,0,0,1959,1382,1212,895
2026/02/04/21:33:21,6386.984672,0.756125,0.758329,0.756125,0.758329,57,55,52,28,0,0,0,0,1959,1382,1212,895
2026/02/04/21:33:22,6387.985330,0.756125,0.758329,0.756125,0.758329,57,55,52,28,0,0,0,0,1959,1382,1212,895
2026/02/04/21:33:23,6388.985943,0.751375,0.749315,0.751375,0.749315,55,55,52,28,0,0,0,0,1961,1382,1212,895
2026/02/04/21:33:24,6389.986463,0.751375,0.749315,0.751375,0.749315,55,55,52,28,0,0,0,0,1961,1382,1212,895
2026/02/04/21:33:25,6390.987161,0.751375,0.749315,0.751375,0.749315,55,55,52,28,0,0,0,0,1961,1382,1212,895
2026/02/04/21:33:26,6391.987895,0.751375,0.749315,0.751375,0.749315,55,55,52,28,0,0,0,0,1961,1382,1212,895
2026/02/04/21:33:27,6392.988443,0.753062,0.755121,0.753062,0.755121,55,55,52,29,0,0,0,0,1961,1382,1212,895
2026/02/04/21:33:28,6393.989156,0.753062,0.755121,0.753062,0.755121,55,55,52,29,0,0,0,0,1961,1382,1212,895
2026/02/04/21:33:29,6394.989904,0.753062,0.755121,0.753062,0.755121,55,55,52,29,0,0,0,0,1961,1382,1212,895
2026/02/04/21:33:30,6395.990697,0.753062,0.755121,0.753062,0.755121,55,55,52,29,0,0,0,0,1961,1382,1212,895
2026/02/04/21:33:31,6396.991345,0.743625,0.749873,0.743625,0.749873,55,55,50,29,0,0,0,0,1961,1382,1214,895
2026/02/04/21:33:32,6397.992059,0.743625,0.749873,0.743625,0.749873,55,55,50,29,0,0,0,0,1961,1382,1214,895
2026/02/04/21:33:33,6398.992661,0.811438,0.801142,0.811438,0.801142,61,58,54,29,0,0,0,0,1961,1382,1214,895
2026/02/04/21:33:34,6399.993204,0.811438,0.801142,0.811438,0.801142,61,58,54,29,0,0,0,0,1961,1382,1214,895
2026/02/04/21:33:35,6400.994643,0.804188,0.795452,0.804188,0.795452,61,58,52,29,0,0,0,0,1961,1382,1216,895
2026/02/04/21:33:36,6401.995274,0.767813,0.762871,0.767813,0.762871,55,58,52,29,0,0,0,0,1967,1382,1216,895
2026/02/04/21:33:37,6402.995909,0.767813,0.762871,0.767813,0.762871,55,58,52,29,0,0,0,0,1967,1382,1216,895
2026/02/04/21:33:38,6403.996781,0.769750,0.819531,0.769750,0.819531,59,57,53,29,0,0,0,0,1967,1383,1216,895
2026/02/04/21:33:39,6404.997489,0.766312,0.808030,0.766312,0.808030,59,56,53,28,0,0,0,0,1967,1384,1216,896
2026/02/04/21:33:40,6405.998289,0.764469,0.804354,0.764469,0.804354,58,56,53,28,0,0,0,0,1968,1384,1216,896
2026/02/04/21:33:41,6406.998813,0.764469,0.804354,0.764469,0.804354,58,56,53,28,0,0,0,0,1968,1384,1216,896
2026/02/04/21:33:42,6407.999493,0.756969,0.795822,0.756969,0.795822,58,53,53,28,0,0,0,0,1968,1387,1216,896
2026/02/04/21:33:43,6409.009360,0.758813,0.799344,0.758813,0.799344,59,53,53,28,0,0,0,0,1968,1387,1216,896
2026/02/04/21:33:44,6410.010031,0.753938,0.755304,0.753938,0.755304,56,53,53,28,0,0,0,0,1971,1387,1216,896
2026/02/04/21:33:45,6411.010652,0.755906,0.758312,0.755906,0.758312,57,53,53,28,0,0,0,0,1971,1387,1216,896
2026/02/04/21:33:46,6412.011291,0.754062,0.754790,0.754062,0.754790,56,53,53,28,0,0,0,0,1972,1387,1216,896
2026/02/04/21:33:47,6413.012070,0.754062,0.754790,0.754062,0.754790,56,53,53,28,0,0,0,0,1972,1387,1216,896
2026/02/04/21:33:48,6414.012850,0.752094,0.751782,0.752094,0.751782,55,53,53,28,0,0,0,0,1973,1387,1216,896
2026/02/04/21:33:49,6415.013639,0.752094,0.751782,0.752094,0.751782,55,53,53,28,0,0,0,0,1973,1387,1216,896
2026/02/04/21:33:50,6416.014268,0.752094,0.751782,0.752094,0.751782,55,53,53,28,0,0,0,0,1973,1387,1216,896
2026/02/04/21:33:51,6417.014940,0.752094,0.751782,0.752094,0.751782,55,53,53,28,0,0,0,0,1973,1387,1216,896
2026/02/04/21:33:52,6418.015726,0.752094,0.751782,0.752094,0.751782,55,53,53,28,0,0,0,0,1973,1387,1216,896
2026/02/04/21:33:53,6419.016321,0.748625,0.746288,0.748625,0.746288,55,53,53,27,0,0,0,0,1973,1387,1216,897
2026/02/04/21:33:54,6420.016847,0.748625,0.746288,0.748625,0.746288,55,53,53,27,0,0,0,0,1973,1387,1216,897
2026/02/04/21:33:55,6421.017578,0.748625,0.746288,0.748625,0.746288,55,53,53,27,0,0,0,0,1973,1387,1216,897
2026/02/04/21:33:56,6422.018196,0.748625,0.746288,0.748625,0.746288,55,53,53,27,0,0,0,0,1973,1387,1216,897
2026/02/04/21:33:57,6423.018911,0.748625,0.746288,0.748625,0.746288,55,53,53,27,0,0,0,0,1973,1387,1216,897
2026/02/04/21:33:58,6424.019545,0.748625,0.746288,0.748625,0.746288,55,53,53,27,0,0,0,0,1973,1387,1216,897
2026/02/04/21:33:59,6425.020173,0.748625,0.746288,0.748625,0.746288,55,53,53,27,0,0,0,0,1973,1387,1216,897
2026/02/04/21:34:00,6426.020689,0.748625,0.746288,0.748625,0.746288,55,53,53,27,0,0,0,0,1973,1387,1216,897
2026/02/04/21:34:01,6427.021314,0.748625,0.746288,0.748625,0.746288,55,53,53,27,0,0,0,0,1973,1387,1216,897
2026/02/04/21:34:02,6428.021912,0.748625,0.746288,0.748625,0.746288,55,53,53,27,0,0,0,0,1973,1387,1216,897
2026/02/04/21:34:03,6429.022516,0.748625,0.746288,0.748625,0.746288,55,53,53,27,0,0,0,0,1973,1387,1216,897
2026/02/04/21:34:04,6430.023189,0.748625,0.746288,0.748625,0.746288,55,53,53,27,0,0,0,0,1973,1387,1216,897
2026/02/04/21:34:05,6431.023833,0.744500,0.733455,0.744500,0.733455,55,53,52,27,0,0,0,0,1973,1387,1217,897
2026/02/04/21:34:06,6432.024535,0.741688,0.731517,0.741688,0.731517,55,52,52,27,0,0,0,0,1973,1388,1217,897
2026/02/04/21:34:07,6433.025359,0.741688,0.731517,0.741688,0.731517,55,52,52,27,0,0,0,0,1973,1388,1217,897
2026/02/04/21:34:08,6434.026053,0.741688,0.731517,0.741688,0.731517,55,52,52,27,0,0,0,0,1973,1388,1217,897
2026/02/04/21:34:09,6435.026675,0.741688,0.731517,0.741688,0.731517,55,52,52,27,0,0,0,0,1973,1388,1217,897
2026/02/04/21:34:10,6436.027354,0.741688,0.731517,0.741688,0.731517,55,52,52,27,0,0,0,0,1973,1388,1217,897
2026/02/04/21:34:11,6437.027934,0.750062,0.735939,0.750062,0.735939,55,52,53,27,0,0,0,0,1973,1388,1217,897
2026/02/04/21:34:12,6438.028712,0.759500,0.751644,0.759500,0.751644,58,52,55,27,0,0,0,0,1973,1388,1217,897
2026/02/04/21:34:13,6439.029408,0.759500,0.751644,0.759500,0.751644,58,52,55,27,0,0,0,0,1973,1388,1217,897
2026/02/04/21:34:14,6440.029974,0.752781,0.748880,0.752781,0.748880,58,52,54,28,0,0,0,0,1973,1388,1218,897
2026/02/04/21:34:15,6441.030574,0.786312,0.756144,0.800156,0.760700,61,54,52,29,2,0,0,0,1973,1388,1220,897
2026/02/04/21:34:16,6442.030901,0.813937,0.804087,0.854375,0.809034,67,56,52,31,3,0,0,0,1973,1388,1220,897
2026/02/04/21:34:17,6443.031445,0.820781,0.830179,0.862563,0.888335,70,56,52,32,2,3,0,1,1975,1388,1220,897
2026/02/04/21:34:18,6444.032142,0.827719,0.842681,0.858563,0.884581,70,57,52,32,2,2,0,0,1975,1388,1220,898
2026/02/04/21:34:19,6445.032738,0.810906,0.828855,0.839812,0.859721,65,57,52,32,1,2,0,0,1981,1388,1220,898
2026/02/04/21:34:20,6446.033132,0.804094,0.823025,0.833000,0.853891,64,57,52,31,1,2,0,0,1982,1388,1220,899
2026/02/04/21:34:21,6447.033678,0.800906,0.817097,0.829812,0.847963,62,57,52,31,1,2,0,0,1984,1388,1220,899
2026/02/04/21:34:22,6448.034317,0.800906,0.817097,0.829812,0.847963,62,57,52,31,1,2,0,0,1984,1388,1220,899
2026/02/04/21:34:23,6449.034954,0.791844,0.805223,0.820750,0.836089,62,55,52,31,1,2,0,0,1984,1390,1220,899
2026/02/04/21:34:24,6450.035421,0.762906,0.749659,0.762906,0.749659,58,54,52,30,0,0,0,0,1988,1391,1220,900
2026/02/04/21:34:25,6451.036023,0.762906,0.749659,0.762906,0.749659,58,54,52,30,0,0,0,0,1988,1391,1220,900
2026/02/04/21:34:26,6452.036659,0.762906,0.749659,0.762906,0.749659,58,54,52,30,0,0,0,0,1988,1391,1220,900
2026/02/04/21:34:27,6453.037280,0.762906,0.749659,0.762906,0.749659,58,54,52,30,0,0,0,0,1988,1391,1220,900
2026/02/04/21:34:28,6454.037955,0.761250,0.748000,0.761250,0.748000,58,54,52,29,0,0,0,0,1988,1391,1220,901
2026/02/04/21:34:29,6455.038636,0.754375,0.744174,0.754375,0.744174,58,52,52,29,0,0,0,0,1988,1393,1220,901
2026/02/04/21:34:30,6456.039233,0.754375,0.744174,0.754375,0.744174,58,52,52,29,0,0,0,0,1988,1393,1220,901
2026/02/04/21:34:31,6457.040004,0.754375,0.744174,0.754375,0.744174,58,52,52,29,0,0,0,0,1988,1393,1220,901
2026/02/04/21:34:32,6458.040619,0.754375,0.744174,0.754375,0.744174,58,52,52,29,0,0,0,0,1988,1393,1220,901
2026/02/04/21:34:33,6459.041164,0.754375,0.744174,0.754375,0.744174,58,52,52,29,0,0,0,0,1988,1393,1220,901
2026/02/04/21:34:34,6460.041784,0.748375,0.734934,0.748375,0.734934,55,52,52,29,0,0,0,0,1991,1393,1220,901
2026/02/04/21:34:35,6461.042438,0.748375,0.734934,0.748375,0.734934,55,52,52,29,0,0,0,0,1991,1393,1220,901
2026/02/04/21:34:36,6462.043175,0.748375,0.734934,0.748375,0.734934,55,52,52,29,0,0,0,0,1991,1393,1220,901
2026/02/04/21:34:37,6463.043876,0.748375,0.734934,0.748375,0.734934,55,52,52,29,0,0,0,0,1991,1393,1220,901
2026/02/04/21:34:38,6464.044424,0.748375,0.734934,0.748375,0.734934,55,52,52,29,0,0,0,0,1991,1393,1220,901
2026/02/04/21:34:39,6465.045074,0.748375,0.734934,0.748375,0.734934,55,52,52,29,0,0,0,0,1991,1393,1220,901
2026/02/04/21:34:40,6466.045723,0.748375,0.734934,0.748375,0.734934,55,52,52,29,0,0,0,0,1991,1393,1220,901
2026/02/04/21:34:41,6467.046323,0.748375,0.734934,0.748375,0.734934,55,52,52,29,0,0,0,0,1991,1393,1220,901
2026/02/04/21:34:42,6468.047175,0.748375,0.734934,0.748375,0.734934,55,52,52,29,0,0,0,0,1991,1393,1220,901
2026/02/04/21:34:43,6469.047790,0.748375,0.734934,0.748375,0.734934,55,52,52,29,0,0,0,0,1991,1393,1220,901
2026/02/04/21:34:44,6470.048433,0.748375,0.734934,0.748375,0.734934,55,52,52,29,0,0,0,0,1991,1393,1220,901
2026/02/04/21:34:45,6471.049107,0.753406,0.766975,0.753406,0.766975,57,52,52,30,0,0,0,0,1991,1393,1220,901
2026/02/04/21:34:46,6472.049698,0.753406,0.766975,0.753406,0.766975,57,52,52,30,0,0,0,0,1991,1393,1220,901
2026/02/04/21:34:47,6473.050293,0.753406,0.766975,0.753406,0.766975,57,52,52,30,0,0,0,0,1991,1393,1220,901
2026/02/04/21:34:48,6474.050806,0.753406,0.766975,0.753406,0.766975,57,52,52,30,0,0,0,0,1991,1393,1220,901
2026/02/04/21:34:49,6475.051328,0.754969,0.771190,0.754969,0.771190,57,52,53,30,0,0,0,0,1991,1393,1220,901
2026/02/04/21:34:50,6476.051962,0.754969,0.771190,0.754969,0.771190,57,52,53,30,0,0,0,0,1991,1393,1220,901
2026/02/04/21:34:51,6477.052717,0.754969,0.771190,0.754969,0.771190,57,52,53,30,0,0,0,0,1991,1393,1220,901
2026/02/04/21:34:52,6478.053337,0.753406,0.766975,0.753406,0.766975,57,52,52,30,0,0,0,0,1991,1393,1221,901
2026/02/04/21:34:53,6479.053998,0.753406,0.766975,0.753406,0.766975,57,52,52,30,0,0,0,0,1991,1393,1221,901
2026/02/04/21:34:54,6480.054612,0.753406,0.766975,0.753406,0.766975,57,52,52,30,0,0,0,0,1991,1393,1221,901
2026/02/04/21:34:55,6481.055329,0.753406,0.766975,0.753406,0.766975,57,52,52,30,0,0,0,0,1991,1393,1221,901
2026/02/04/21:34:56,6482.056032,0.753406,0.766975,0.753406,0.766975,57,52,52,30,0,0,0,0,1991,1393,1221,901
2026/02/04/21:34:57,6483.056665,0.753406,0.766975,0.753406,0.766975,57,52,52,30,0,0,0,0,1991,1393,1221,901
2026/02/04/21:34:58,6484.057530,0.753406,0.766975,0.753406,0.766975,57,52,52,30,0,0,0,0,1991,1393,1221,901
2026/02/04/21:34:59,6485.058187,0.746031,0.763009,0.746031,0.763009,57,50,52,30,0,0,0,0,1991,1395,1221,901
2026/02/04/21:35:00,6486.058916,0.746031,0.763009,0.746031,0.763009,57,50,52,30,0,0,0,0,1991,1395,1221,901
2026/02/04/21:35:01,6487.059483,0.746031,0.763009,0.746031,0.763009,57,50,52,30,0,0,0,0,1991,1395,1221,901
2026/02/04/21:35:02,6488.060026,0.746031,0.763009,0.746031,0.763009,57,50,52,30,0,0,0,0,1991,1395,1221,901
2026/02/04/21:35:03,6489.060634,0.746031,0.763009,0.746031,0.763009,57,50,52,30,0,0,0,0,1991,1395,1221,901
2026/02/04/21:35:04,6490.061543,0.746031,0.763009,0.746031,0.763009,57,50,52,30,0,0,0,0,1991,1395,1221,901
2026/02/04/21:35:05,6491.062257,0.746031,0.763009,0.746031,0.763009,57,50,52,30,0,0,0,0,1991,1395,1221,901
2026/02/04/21:35:06,6492.062789,0.746031,0.763009,0.746031,0.763009,57,50,52,30,0,0,0,0,1991,1395,1221,901
2026/02/04/21:35:07,6493.063363,0.746031,0.763009,0.746031,0.763009,57,50,52,30,0,0,0,0,1991,1395,1221,901
2026/02/04/21:35:08,6494.064073,0.749781,0.765017,0.749781,0.765017,57,51,52,30,0,0,0,0,1991,1395,1221,901
2026/02/04/21:35:09,6495.064688,0.749781,0.765017,0.749781,0.765017,57,51,52,30,0,0,0,0,1991,1395,1221,901
2026/02/04/21:35:10,6496.065340,0.759094,0.771188,0.759094,0.771188,59,51,52,30,0,0,0,0,1991,1395,1221,901
2026/02/04/21:35:11,6497.066111,0.759094,0.771188,0.759094,0.771188,59,51,52,30,0,0,0,0,1991,1395,1221,901
2026/02/04/21:35:12,6498.066874,0.755344,0.769179,0.755344,0.769179,59,50,52,30,0,0,0,0,1991,1396,1221,901
2026/02/04/21:35:13,6499.067645,0.755344,0.769179,0.755344,0.769179,59,50,52,30,0,0,0,0,1991,1396,1221,901
2026/02/04/21:35:14,6500.068306,0.755344,0.769179,0.755344,0.769179,59,50,52,30,0,0,0,0,1991,1396,1221,901
2026/02/04/21:35:15,6501.068942,0.755344,0.769179,0.755344,0.769179,59,50,52,30,0,0,0,0,1991,1396,1221,901
2026/02/04/21:35:16,6502.069693,0.755344,0.769179,0.755344,0.769179,59,50,52,30,0,0,0,0,1991,1396,1221,901
2026/02/04/21:35:17,6503.070451,0.743031,0.760312,0.743031,0.760312,56,50,52,30,0,0,0,0,1994,1396,1221,901
2026/02/04/21:35:18,6504.071093,0.740031,0.757616,0.740031,0.757616,55,50,52,30,0,0,0,0,1995,1396,1221,901
2026/02/04/21:35:19,6505.071828,0.740031,0.757616,0.740031,0.757616,55,50,52,30,0,0,0,0,1995,1396,1221,901
2026/02/04/21:35:20,6506.072394,0.740031,0.757616,0.740031,0.757616,55,50,52,30,0,0,0,0,1995,1396,1221,901
2026/02/04/21:35:21,6507.073000,0.723344,0.753150,0.723344,0.753150,55,50,50,30,0,0,0,0,1995,1396,1223,901
2026/02/04/21:35:22,6508.073689,0.740969,0.771212,0.740969,0.771212,56,52,53,30,0,0,0,0,1995,1396,1223,901
2026/02/04/21:35:24,6509.074373,0.746750,0.778434,0.746750,0.778434,57,52,55,30,0,0,0,0,1995,1396,1223,901
2026/02/04/21:35:25,6510.075025,0.745031,0.776812,0.745031,0.776812,57,52,55,29,0,0,0,0,1995,1396,1223,902
2026/02/04/21:35:26,6511.075715,0.762938,0.790962,0.762938,0.790962,62,53,56,29,0,0,0,0,1995,1397,1225,902
2026/02/04/21:35:27,6512.076438,0.761281,0.787266,0.761281,0.787266,61,53,56,29,0,0,0,0,1996,1397,1225,902
2026/02/04/21:35:28,6513.076987,0.757938,0.784221,0.757938,0.784221,60,53,56,29,0,0,0,0,1997,1397,1225,902
2026/02/04/21:35:29,6514.077596,0.749062,0.777663,0.749062,0.777663,60,52,53,29,0,0,0,0,1997,1398,1228,902
2026/02/04/21:35:30,6515.078190,0.743563,0.771450,0.743563,0.771450,60,50,53,29,0,0,0,0,1997,1400,1228,902
2026/02/04/21:35:31,6516.078910,0.743563,0.771450,0.743563,0.771450,60,50,53,29,0,0,0,0,1997,1400,1228,902
2026/02/04/21:35:32,6517.079555,0.743563,0.771450,0.743563,0.771450,60,50,53,29,0,0,0,0,1997,1400,1228,902
2026/02/04/21:35:33,6518.080120,0.743563,0.771450,0.743563,0.771450,60,50,53,29,0,0,0,0,1997,1400,1228,902
2026/02/04/21:35:34,6519.080734,0.738594,0.763405,0.738594,0.763405,57,50,53,29,0,0,0,0,2000,1400,1228,902
2026/02/04/21:35:35,6520.081286,0.738594,0.763405,0.738594,0.763405,57,50,53,29,0,0,0,0,2000,1400,1228,902
2026/02/04/21:35:36,6521.081903,0.738594,0.763405,0.738594,0.763405,57,50,53,29,0,0,0,0,2000,1400,1228,902
2026/02/04/21:35:37,6522.082416,0.726469,0.759147,0.726469,0.759147,57,48,53,29,0,0,0,0,2000,1402,1228,902
2026/02/04/21:35:38,6523.083053,0.726469,0.759147,0.726469,0.759147,57,48,53,29,0,0,0,0,2000,1402,1228,902
2026/02/04/21:35:39,6524.083647,0.726469,0.759147,0.726469,0.759147,57,48,53,29,0,0,0,0,2000,1402,1228,902
2026/02/04/21:35:40,6525.084253,0.738219,0.769903,0.738219,0.769903,59,50,53,29,0,0,0,0,2000,1402,1228,902
2026/02/04/21:35:41,6526.084820,0.745062,0.772445,0.745062,0.772445,59,51,53,29,0,0,0,0,2000,1402,1228,902
2026/02/04/21:35:42,6527.085452,0.745062,0.772445,0.745062,0.772445,59,51,53,29,0,0,0,0,2000,1402,1228,902
2026/02/04/21:35:43,6528.086116,0.745062,0.772445,0.745062,0.772445,59,51,53,29,0,0,0,0,2000,1402,1228,902
2026/02/04/21:35:44,6529.086704,0.734219,0.762331,0.734219,0.762331,57,50,53,29,0,0,0,0,2002,1403,1228,902
2026/02/04/21:35:45,6530.087427,0.730688,0.760669,0.730688,0.760669,57,50,53,28,0,0,0,0,2002,1403,1228,903
2026/02/04/21:35:46,6531.088175,0.730688,0.760669,0.730688,0.760669,57,50,53,28,0,0,0,0,2002,1403,1228,903
2026/02/04/21:35:47,6532.089134,0.730688,0.760669,0.730688,0.760669,57,50,53,28,0,0,0,0,2002,1403,1228,903
2026/02/04/21:35:48,6533.089763,0.768875,0.805018,0.768875,0.805018,62,53,53,35,0,0,0,0,2002,1403,1228,903
2026/02/04/21:35:49,6534.090343,0.768875,0.805018,0.768875,0.805018,62,53,53,35,0,0,0,0,2002,1403,1228,903
2026/02/04/21:35:50,6535.091161,0.764750,0.801492,0.764750,0.801492,62,53,51,35,0,0,0,0,2002,1403,1230,903
2026/02/04/21:35:51,6536.091719,0.749375,0.791952,0.749375,0.791952,62,53,51,32,0,0,0,0,2002,1403,1230,906
2026/02/04/21:35:52,6537.092362,0.752625,0.795792,0.752625,0.795792,62,54,51,32,0,0,0,0,2002,1403,1230,906
2026/02/04/21:35:53,6538.093181,0.752625,0.795792,0.752625,0.795792,62,54,51,32,0,0,0,0,2002,1403,1230,906
2026/02/04/21:35:54,6539.093836,0.770844,0.812220,0.770844,0.812220,65,55,51,32,0,0,0,0,2002,1403,1230,906
2026/02/04/21:35:55,6540.094334,0.770844,0.812220,0.770844,0.812220,65,55,51,32,0,0,0,0,2002,1403,1230,906
2026/02/04/21:35:56,6541.094929,0.781031,0.828432,0.783125,0.838569,67,58,51,31,1,0,0,0,2002,1403,1230,909
2026/02/04/21:35:57,6542.095508,0.806312,0.847706,0.813562,0.866807,66,61,54,31,0,2,0,0,2004,1404,1230,909
2026/02/04/21:35:58,6543.096320,0.806312,0.847706,0.813562,0.866807,66,61,54,31,0,2,0,0,2004,1404,1230,909
2026/02/04/21:35:59,6544.096936,0.799937,0.843827,0.807187,0.862927,66,60,53,31,0,2,0,0,2004,1405,1231,909
2026/02/04/21:36:00,6545.097562,0.780156,0.831280,0.787406,0.850381,64,60,52,30,0,2,0,0,2006,1405,1232,910
2026/02/04/21:36:01,6546.098261,0.779875,0.840705,0.779875,0.840705,63,59,52,30,0,0,0,0,2007,1408,1232,910
2026/02/04/21:36:02,6547.098794,0.773906,0.818691,0.773906,0.818691,61,59,51,30,0,0,0,0,2009,1408,1233,910
2026/02/04/21:36:03,6548.099471,0.759156,0.813114,0.759156,0.813114,59,59,51,30,0,0,0,0,2011,1408,1233,910
2026/02/04/21:36:04,6549.100231,0.759156,0.813114,0.759156,0.813114,59,59,51,30,0,0,0,0,2011,1408,1233,910
2026/02/04/21:36:05,6550.100966,0.759156,0.813114,0.759156,0.813114,59,59,51,30,0,0,0,0,2011,1408,1233,910
2026/02/04/21:36:06,6551.101576,0.748281,0.784464,0.748281,0.784464,59,56,51,30,0,0,0,0,2011,1411,1233,910
2026/02/04/21:36:07,6552.102232,0.742094,0.777389,0.742094,0.777389,59,53,51,30,0,0,0,0,2011,1414,1233,910
2026/02/04/21:36:08,6553.102847,0.742094,0.777389,0.742094,0.777389,59,53,51,30,0,0,0,0,2011,1414,1233,910
2026/02/04/21:36:09,6554.103469,0.742094,0.777389,0.742094,0.777389,59,53,51,30,0,0,0,0,2011,1414,1233,910
2026/02/04/21:36:10,6555.104118,0.759906,0.783794,0.759906,0.783794,59,53,54,30,0,0,0,0,2011,1414,1233,910
2026/02/04/21:36:11,6556.104689,0.772750,0.804082,0.782125,0.826646,59,56,57,29,2,0,0,0,2011,1414,1233,911
2026/02/04/21:36:12,6557.105392,0.772750,0.804082,0.782125,0.826646,59,56,57,29,2,0,0,0,2011,1414,1233,911
2026/02/04/21:36:13,6558.106051,0.772750,0.804082,0.782125,0.826646,59,56,57,29,2,0,0,0,2011,1414,1233,911
2026/02/04/21:36:14,6559.106684,0.772750,0.804082,0.782125,0.826646,59,56,57,29,2,0,0,0,2011,1414,1233,911
2026/02/04/21:36:15,6560.107325,0.759906,0.795731,0.769281,0.818294,57,56,56,29,2,0,0,0,2013,1414,1234,911
2026/02/04/21:36:16,6561.107809,0.759906,0.795731,0.769281,0.818294,57,56,56,29,2,0,0,0,2013,1414,1234,911
2026/02/04/21:36:17,6562.108514,0.764125,0.804914,0.764125,0.804914,56,56,56,29,0,0,0,0,2016,1414,1234,911
2026/02/04/21:36:18,6563.109116,0.736938,0.775945,0.736938,0.775945,54,56,53,29,0,0,0,0,2018,1414,1237,911
2026/02/04/21:36:19,6564.109716,0.723437,0.772634,0.723437,0.772634,54,54,53,29,0,0,0,0,2018,1416,1237,911
2026/02/04/21:36:20,6565.110541,0.723437,0.772634,0.723437,0.772634,54,54,53,29,0,0,0,0,2018,1416,1237,911
2026/02/04/21:36:21,6566.111273,0.723437,0.772634,0.723437,0.772634,54,54,53,29,0,0,0,0,2018,1416,1237,911
2026/02/04/21:36:22,6567.111939,0.723437,0.772634,0.723437,0.772634,54,54,53,29,0,0,0,0,2018,1416,1237,911
2026/02/04/21:36:23,6568.112702,0.723437,0.772634,0.723437,0.772634,54,54,53,29,0,0,0,0,2018,1416,1237,911
2026/02/04/21:36:24,6569.113396,0.723437,0.772634,0.723437,0.772634,54,54,53,29,0,0,0,0,2018,1416,1237,911
2026/02/04/21:36:25,6570.113998,0.723437,0.772634,0.723437,0.772634,54,54,53,29,0,0,0,0,2018,1416,1237,911
2026/02/04/21:36:26,6571.114570,0.741250,0.831988,0.741250,0.831988,60,54,55,31,0,0,0,0,2018,1416,1237,911
2026/02/04/21:36:27,6572.115359,0.746313,0.841055,0.751500,0.857897,60,57,55,31,0,2,0,0,2018,1416,1237,911
2026/02/04/21:36:28,6573.116081,0.746313,0.841055,0.751500,0.857897,60,57,55,31,0,2,0,0,2018,1416,1237,911
2026/02/04/21:36:29,6574.116728,0.742687,0.831438,0.742687,0.831438,57,59,55,29,0,0,0,0,2021,1416,1237,913
2026/02/04/21:36:30,6575.117283,0.741875,0.822898,0.741875,0.822898,59,57,55,29,0,0,0,0,2021,1418,1237,913
2026/02/04/21:36:31,6576.117892,0.740281,0.821017,0.740281,0.821017,58,57,55,29,0,0,0,0,2022,1418,1237,913
2026/02/04/21:36:32,6577.118485,0.740281,0.821017,0.740281,0.821017,58,57,55,29,0,0,0,0,2022,1418,1237,913
2026/02/04/21:36:33,6578.119193,0.740281,0.821017,0.740281,0.821017,58,57,55,29,0,0,0,0,2022,1418,1237,913
2026/02/04/21:36:34,6579.120882,0.783031,0.822669,0.783031,0.822669,58,57,56,29,0,0,0,0,2022,1421,1237,913
2026/02/04/21:36:35,6580.121450,0.817469,0.883712,0.817469,0.883712,62,61,56,35,0,0,0,0,2022,1421,1237,913
2026/02/04/21:36:36,6581.122091,0.817469,0.883712,0.817469,0.883712,62,61,56,35,0,0,0,0,2022,1421,1237,913
2026/02/04/21:36:37,6582.122708,0.765250,0.865072,0.765250,0.865072,62,55,56,35,0,0,0,0,2022,1427,1237,913
2026/02/04/21:36:38,6583.123230,0.774813,0.875582,0.810063,0.898848,63,56,56,36,0,0,3,0,2023,1427,1237,913
2026/02/04/21:36:39,6584.123812,0.778312,0.871041,0.801813,0.886552,63,53,57,36,0,0,2,0,2023,1430,1237,913
2026/02/04/21:36:40,6585.124468,0.776000,0.863560,0.799500,0.879071,63,53,57,35,0,0,2,0,2023,1430,1237,914
2026/02/04/21:36:41,6586.125055,0.786125,0.868090,0.797875,0.875846,63,52,58,35,0,0,1,0,2023,1431,1237,914
2026/02/04/21:36:42,6587.125641,0.786125,0.868090,0.797875,0.875846,63,52,58,35,0,0,1,0,2023,1431,1237,914
2026/02/04/21:36:43,6588.126245,0.786125,0.868090,0.797875,0.875846,63,52,58,35,0,0,1,0,2023,1431,1237,914
2026/02/04/21:36:44,6589.126887,0.753625,0.832495,0.753625,0.832495,63,52,56,32,0,0,0,0,2023,1431,1239,917
2026/02/04/21:36:45,6590.127488,0.753625,0.832495,0.753625,0.832495,63,52,56,32,0,0,0,0,2023,1431,1239,917
2026/02/04/21:36:46,6591.128174,0.749000,0.828222,0.749000,0.828222,61,52,56,32,0,0,0,0,2025,1431,1239,917
2026/02/04/21:36:47,6592.128829,0.744125,0.826163,0.744125,0.826163,61,51,56,32,0,0,0,0,2025,1432,1239,917
2026/02/04/21:36:48,6593.129608,0.744125,0.826163,0.744125,0.826163,61,51,56,32,0,0,0,0,2025,1432,1239,917
2026/02/04/21:36:49,6594.130368,0.761844,0.845672,0.764094,0.854770,64,51,56,32,1,0,0,0,2028,1432,1239,917
2026/02/04/21:36:50,6595.131117,0.758594,0.841833,0.760844,0.850930,64,50,56,32,1,0,0,0,2028,1433,1239,917
2026/02/04/21:36:51,6596.131643,0.755031,0.837193,0.757281,0.846291,62,50,56,32,1,0,0,0,2030,1433,1239,917
2026/02/04/21:36:52,6597.132327,0.755031,0.837193,0.759219,0.859540,62,50,56,32,1,0,0,1,2030,1433,1239,917
2026/02/04/21:36:53,6598.132921,0.776281,0.851850,0.776281,0.851850,64,56,53,33,0,0,0,0,2033,1433,1242,917
2026/02/04/21:36:54,6599.133502,0.784469,0.863405,0.784469,0.863405,64,57,56,33,0,0,0,0,2033,1433,1242,917
2026/02/04/21:36:55,6600.133932,0.761531,0.847188,0.761531,0.847188,61,56,56,33,0,0,0,0,2036,1434,1242,917
2026/02/04/21:36:56,6601.134518,0.770281,0.859087,0.770281,0.859087,61,54,57,36,0,0,0,0,2036,1437,1242,917
2026/02/04/21:36:57,6602.135079,0.768219,0.856915,0.768219,0.856915,60,54,57,36,0,0,0,0,2037,1437,1242,917
2026/02/04/21:36:58,6603.135806,0.768219,0.856915,0.768219,0.856915,60,54,57,36,0,0,0,0,2037,1437,1242,917
2026/02/04/21:36:59,6604.136463,0.766344,0.855139,0.766344,0.855139,60,53,57,36,0,0,0,0,2037,1438,1242,917
2026/02/04/21:37:00,6605.137219,0.766344,0.855139,0.766344,0.855139,60,53,57,36,0,0,0,0,2037,1438,1242,917
2026/02/04/21:37:01,6606.137973,0.766344,0.855139,0.766344,0.855139,60,53,57,36,0,0,0,0,2037,1438,1242,917
2026/02/04/21:37:02,6607.138524,0.756094,0.850286,0.756094,0.850286,60,53,57,34,0,0,0,0,2037,1438,1242,919
2026/02/04/21:37:03,6608.139137,0.750094,0.847086,0.750094,0.847086,60,53,55,34,0,0,0,0,2037,1438,1244,919
2026/02/04/21:37:04,6609.141531,0.750094,0.847086,0.750094,0.847086,60,53,55,34,0,0,0,0,2037,1438,1244,919
2026/02/04/21:37:05,6610.142322,0.747938,0.843309,0.747938,0.843309,60,53,54,34,0,0,0,0,2037,1438,1245,919
2026/02/04/21:37:06,6611.142929,0.772531,0.858351,0.772531,0.858351,60,56,55,37,0,0,0,0,2037,1438,1245,919
2026/02/04/21:37:07,6612.143531,0.772531,0.858351,0.772531,0.858351,60,56,55,37,0,0,0,0,2037,1438,1245,919
2026/02/04/21:37:08,6613.144307,0.772531,0.858351,0.772531,0.858351,60,56,55,37,0,0,0,0,2037,1438,1245,919
2026/02/04/21:37:09,6614.144937,0.770281,0.855951,0.770281,0.855951,60,55,55,37,0,0,0,0,2037,1439,1245,919
2026/02/04/21:37:10,6615.145495,0.753437,0.845130,0.753437,0.845130,60,55,52,35,0,0,0,0,2037,1439,1248,921
2026/02/04/21:37:11,6616.146129,0.748750,0.838996,0.748750,0.838996,60,52,52,35,0,0,0,0,2037,1442,1248,921
2026/02/04/21:37:12,6617.146733,0.748750,0.838996,0.748750,0.838996,60,52,52,35,0,0,0,0,2037,1442,1248,921
2026/02/04/21:37:13,6618.147310,0.748750,0.838996,0.748750,0.838996,60,52,52,35,0,0,0,0,2037,1442,1248,921
2026/02/04/21:37:14,6619.148026,0.748750,0.838996,0.748750,0.838996,60,52,52,35,0,0,0,0,2037,1442,1248,921
2026/02/04/21:37:15,6620.148762,0.743500,0.795329,0.743500,0.795329,58,52,52,34,0,0,0,0,2039,1442,1248,922
2026/02/04/21:37:16,6621.149281,0.743500,0.795329,0.743500,0.795329,58,52,52,34,0,0,0,0,2039,1442,1248,922
2026/02/04/21:37:17,6622.149787,0.743500,0.795329,0.743500,0.795329,58,52,52,34,0,0,0,0,2039,1442,1248,922
2026/02/04/21:37:18,6623.150421,0.743500,0.795329,0.743500,0.795329,58,52,52,34,0,0,0,0,2039,1442,1248,922
2026/02/04/21:37:19,6624.150952,0.743500,0.795329,0.743500,0.795329,58,52,52,34,0,0,0,0,2039,1442,1248,922
2026/02/04/21:37:20,6625.151635,0.739125,0.787027,0.739125,0.787027,56,52,52,34,0,0,0,0,2041,1442,1248,922
2026/02/04/21:37:21,6626.152221,0.739125,0.787027,0.739125,0.787027,56,52,52,34,0,0,0,0,2041,1442,1248,922
2026/02/04/21:37:22,6627.152819,0.735969,0.785272,0.735969,0.785272,56,52,52,33,0,0,0,0,2041,1442,1248,923
2026/02/04/21:37:23,6628.153574,0.735969,0.785272,0.735969,0.785272,56,52,52,33,0,0,0,0,2041,1442,1248,923
2026/02/04/21:37:24,6629.154250,0.735969,0.785272,0.735969,0.785272,56,52,52,33,0,0,0,0,2041,1442,1248,923
2026/02/04/21:37:25,6630.154724,0.735969,0.785272,0.735969,0.785272,56,52,52,33,0,0,0,0,2041,1442,1248,923
2026/02/04/21:37:26,6631.155484,0.728344,0.783551,0.728344,0.783551,56,52,52,32,0,0,0,0,2041,1442,1248,924
2026/02/04/21:37:27,6632.156154,0.728344,0.783551,0.728344,0.783551,56,52,52,32,0,0,0,0,2041,1442,1248,924
2026/02/04/21:37:28,6633.156852,0.728344,0.783551,0.728344,0.783551,56,52,52,32,0,0,0,0,2041,1442,1248,924
2026/02/04/21:37:29,6634.157339,0.741156,0.798982,0.741156,0.798982,57,55,53,32,0,0,0,0,2041,1442,1248,924
2026/02/04/21:37:30,6635.157953,0.741156,0.798982,0.741156,0.798982,57,55,53,32,0,0,0,0,2041,1442,1248,924
2026/02/04/21:37:31,6636.158615,0.730938,0.787161,0.730938,0.787161,56,52,52,32,0,0,0,0,2042,1445,1249,924
2026/02/04/21:37:32,6637.159325,0.730938,0.787161,0.730938,0.787161,56,52,52,32,0,0,0,0,2042,1445,1249,924
2026/02/04/21:37:33,6638.159982,0.725875,0.785580,0.725875,0.785580,56,51,52,32,0,0,0,0,2042,1446,1249,924
2026/02/04/21:37:34,6639.160719,0.725875,0.785580,0.725875,0.785580,56,51,52,32,0,0,0,0,2042,1446,1249,924
2026/02/04/21:37:35,6640.161260,0.725875,0.785580,0.725875,0.785580,56,51,52,32,0,0,0,0,2042,1446,1249,924
2026/02/04/21:37:36,6641.161953,0.725875,0.785580,0.725875,0.785580,56,51,52,32,0,0,0,0,2042,1446,1249,924
2026/02/04/21:37:37,6642.162576,0.722125,0.776699,0.722125,0.776699,54,51,52,32,0,0,0,0,2044,1446,1249,924
2026/02/04/21:37:38,6643.163219,0.722125,0.776699,0.722125,0.776699,54,51,52,32,0,0,0,0,2044,1446,1249,924
2026/02/04/21:37:39,6644.163896,0.722125,0.776699,0.722125,0.776699,54,51,52,32,0,0,0,0,2044,1446,1249,924
2026/02/04/21:37:40,6645.164567,0.722125,0.776699,0.722125,0.776699,54,51,52,32,0,0,0,0,2044,1446,1249,924
2026/02/04/21:37:41,6646.165345,0.769250,0.794450,0.769250,0.794450,56,51,55,32,0,0,0,0,2044,1446,1249,924
2026/02/04/21:37:42,6647.166133,0.769250,0.794450,0.769250,0.794450,56,51,55,32,0,0,0,0,2044,1446,1249,924
2026/02/04/21:37:43,6648.166721,0.769250,0.794450,0.769250,0.794450,56,51,55,32,0,0,0,0,2044,1446,1249,924
2026/02/04/21:37:44,6649.167440,0.769250,0.794450,0.769250,0.794450,56,51,55,32,0,0,0,0,2044,1446,1249,924
2026/02/04/21:37:45,6650.167952,0.803813,0.813338,0.803813,0.813338,59,51,56,37,0,0,0,0,2044,1446,1249,924
2026/02/04/21:37:46,6651.168624,0.803813,0.813338,0.803813,0.813338,59,51,56,37,0,0,0,0,2044,1446,1249,924
2026/02/04/21:37:47,6652.169479,0.787937,0.807287,0.787937,0.807287,59,51,55,35,0,0,0,0,2044,1446,1250,926
2026/02/04/21:37:48,6653.170115,0.787937,0.807287,0.787937,0.807287,59,51,55,35,0,0,0,0,2044,1446,1250,926
2026/02/04/21:37:49,6654.170761,0.787937,0.807287,0.787937,0.807287,59,51,55,35,0,0,0,0,2044,1446,1250,926
2026/02/04/21:37:50,6655.171424,0.787937,0.807287,0.787937,0.807287,59,51,55,35,0,0,0,0,2044,1446,1250,926
2026/02/04/21:37:51,6656.172044,0.787937,0.807287,0.787937,0.807287,59,51,55,35,0,0,0,0,2044,1446,1250,926
2026/02/04/21:37:52,6657.172709,0.778656,0.801630,0.778656,0.801630,56,51,55,35,0,0,0,0,2047,1446,1250,926
2026/02/04/21:37:53,6658.173434,0.778656,0.801630,0.778656,0.801630,56,51,55,35,0,0,0,0,2047,1446,1250,926
2026/02/04/21:37:54,6659.174076,0.778656,0.801630,0.778656,0.801630,56,51,55,35,0,0,0,0,2047,1446,1250,926
2026/02/04/21:37:55,6660.174549,0.778656,0.801630,0.778656,0.801630,56,51,55,35,0,0,0,0,2047,1446,1250,926
2026/02/04/21:37:56,6661.175204,0.778656,0.801630,0.778656,0.801630,56,51,55,35,0,0,0,0,2047,1446,1250,926
2026/02/04/21:37:57,6662.175817,0.773906,0.792848,0.773906,0.792848,54,51,55,35,0,0,0,0,2049,1446,1250,926
2026/02/04/21:37:58,6663.176600,0.773906,0.792848,0.773906,0.792848,54,51,55,35,0,0,0,0,2049,1446,1250,926
2026/02/04/21:37:59,6664.177223,0.773906,0.792848,0.773906,0.792848,54,51,55,35,0,0,0,0,2049,1446,1250,926
2026/02/04/21:38:00,6665.177942,0.773906,0.792848,0.773906,0.792848,54,51,55,35,0,0,0,0,2049,1446,1250,926
2026/02/04/21:38:01,6666.178736,0.776563,0.796478,0.776563,0.796478,54,51,56,35,0,0,0,0,2049,1446,1250,926
2026/02/04/21:38:02,6667.179478,0.776563,0.796478,0.776563,0.796478,54,51,56,35,0,0,0,0,2049,1446,1250,926
2026/02/04/21:38:03,6668.180254,0.776563,0.796478,0.776563,0.796478,54,51,56,35,0,0,0,0,2049,1446,1250,926
2026/02/04/21:38:04,6669.180938,0.776563,0.796478,0.776563,0.796478,54,51,56,35,0,0,0,0,2049,1446,1250,926
2026/02/04/21:38:05,6670.181698,0.776563,0.796478,0.776563,0.796478,54,51,56,35,0,0,0,0,2049,1446,1250,926
2026/02/04/21:38:06,6671.182471,0.776563,0.796478,0.776563,0.796478,54,51,56,35,0,0,0,0,2049,1446,1250,926
2026/02/04/21:38:07,6672.182974,0.776563,0.796478,0.776563,0.796478,54,51,56,35,0,0,0,0,2049,1446,1250,926
2026/02/04/21:38:08,6673.183678,0.776563,0.796478,0.776563,0.796478,54,51,56,35,0,0,0,0,2049,1446,1250,926
2026/02/04/21:38:09,6674.184308,0.770563,0.790982,0.770563,0.790982,54,51,56,33,0,0,0,0,2049,1446,1250,928
2026/02/04/21:38:10,6675.184929,0.770563,0.790982,0.770563,0.790982,54,51,56,33,0,0,0,0,2049,1446,1250,928
2026/02/04/21:38:11,6676.185546,0.770563,0.790982,0.770563,0.790982,54,51,56,33,0,0,0,0,2049,1446,1250,928
2026/02/04/21:38:12,6677.186109,0.768656,0.788485,0.768656,0.788485,54,51,55,33,0,0,0,0,2049,1446,1251,928
2026/02/04/21:38:13,6678.186754,0.768656,0.788485,0.768656,0.788485,54,51,55,33,0,0,0,0,2049,1446,1251,928
2026/02/04/21:38:14,6679.187565,0.768656,0.788485,0.768656,0.788485,54,51,55,33,0,0,0,0,2049,1446,1251,928
2026/02/04/21:38:15,6680.188255,0.768656,0.788485,0.768656,0.788485,54,51,55,33,0,0,0,0,2049,1446,1251,928
2026/02/04/21:38:16,6681.188925,0.768656,0.788485,0.768656,0.788485,54,51,55,33,0,0,0,0,2049,1446,1251,928
2026/02/04/21:38:17,6682.189692,0.768656,0.788485,0.768656,0.788485,54,51,55,33,0,0,0,0,2049,1446,1251,928
2026/02/04/21:38:18,6683.190485,0.768656,0.788485,0.768656,0.788485,54,51,55,33,0,0,0,0,2049,1446,1251,928
2026/02/04/21:38:19,6684.191085,0.768656,0.788485,0.768656,0.788485,54,51,55,33,0,0,0,0,2049,1446,1251,928
2026/02/04/21:38:20,6685.191718,0.810375,0.811628,0.822156,0.814639,55,53,58,37,0,0,0,1,2049,1446,1251,928
2026/02/04/21:38:21,6686.192307,0.810375,0.811628,0.822156,0.814639,55,53,58,37,0,0,0,1,2049,1446,1251,928
2026/02/04/21:38:22,6687.192984,0.805844,0.809085,0.805844,0.809085,55,53,55,38,0,0,0,0,2049,1446,1254,928
2026/02/04/21:38:23,6688.193590,0.782406,0.804496,0.782406,0.804496,54,53,56,36,0,0,0,0,2050,1446,1254,930
2026/02/04/21:38:24,6689.194193,0.782406,0.804496,0.782406,0.804496,54,53,56,36,0,0,0,0,2050,1446,1254,930
2026/02/04/21:38:25,6690.194899,0.782406,0.804496,0.782406,0.804496,54,53,56,36,0,0,0,0,2050,1446,1254,930
2026/02/04/21:38:26,6691.195455,0.782406,0.804496,0.782406,0.804496,54,53,56,36,0,0,0,0,2050,1446,1254,930
2026/02/04/21:38:27,6692.196220,0.782406,0.804496,0.782406,0.804496,54,53,56,36,0,0,0,0,2050,1446,1254,930
2026/02/04/21:38:28,6693.197041,0.782406,0.804496,0.782406,0.804496,54,53,56,36,0,0,0,0,2050,1446,1254,930
2026/02/04/21:38:29,6694.197690,0.782406,0.804496,0.784594,0.806635,54,53,56,36,0,0,0,1,2050,1446,1254,930
2026/02/04/21:38:30,6695.198324,0.784594,0.806635,0.784594,0.806635,54,53,56,37,0,0,0,0,2050,1446,1254,930
2026/02/04/21:38:31,6696.198978,0.782062,0.803597,0.782062,0.803597,54,53,55,37,0,0,0,0,2050,1446,1255,930
2026/02/04/21:38:32,6697.199613,0.782062,0.803597,0.782062,0.803597,54,53,55,37,0,0,0,0,2050,1446,1255,930
2026/02/04/21:38:33,6698.200349,0.782062,0.803597,0.782062,0.803597,54,53,55,37,0,0,0,0,2050,1446,1255,930
2026/02/04/21:38:34,6699.201023,0.782062,0.803597,0.782062,0.803597,54,53,55,37,0,0,0,0,2050,1446,1255,930
2026/02/04/21:38:35,6700.201742,0.782062,0.803597,0.782062,0.803597,54,53,55,37,0,0,0,0,2050,1446,1255,930
2026/02/04/21:38:36,6701.202590,0.779875,0.801458,0.779875,0.801458,54,53,55,36,0,0,0,0,2050,1446,1255,931
2026/02/04/21:38:37,6702.203288,0.779875,0.801458,0.779875,0.801458,54,53,55,36,0,0,0,0,2050,1446,1255,931
2026/02/04/21:38:38,6703.203975,0.779875,0.801458,0.779875,0.801458,54,53,55,36,0,0,0,0,2050,1446,1255,931
2026/02/04/21:38:39,6704.204501,0.751594,0.815785,0.751594,0.815785,54,56,52,38,0,0,0,0,2050,1446,1258,931
2026/02/04/21:38:40,6705.205181,0.751594,0.815785,0.751594,0.815785,54,56,52,38,0,0,0,0,2050,1446,1258,931
2026/02/04/21:38:41,6706.205828,0.751594,0.815785,0.751594,0.815785,54,56,52,38,0,0,0,0,2050,1446,1258,931
2026/02/04/21:38:42,6707.206638,0.748094,0.806775,0.748094,0.806775,54,56,52,36,0,0,0,0,2050,1446,1258,933
2026/02/04/21:38:43,6708.207241,0.748094,0.806775,0.748094,0.806775,54,56,52,36,0,0,0,0,2050,1446,1258,933
2026/02/04/21:38:44,6709.207824,0.737500,0.792489,0.737500,0.792489,54,53,52,36,0,0,0,0,2050,1449,1258,933
2026/02/04/21:38:45,6710.208440,0.737500,0.792489,0.737500,0.792489,54,53,52,36,0,0,0,0,2050,1449,1258,933
2026/02/04/21:38:46,6711.209101,0.737500,0.792489,0.737500,0.792489,54,53,52,36,0,0,0,0,2050,1449,1258,933
2026/02/04/21:38:47,6712.209792,0.734844,0.788859,0.734844,0.788859,54,53,51,36,0,0,0,0,2050,1449,1259,933
2026/02/04/21:38:48,6713.210383,0.734844,0.788859,0.734844,0.788859,54,53,51,36,0,0,0,0,2050,1449,1259,933
2026/02/04/21:38:49,6714.211143,0.734844,0.788859,0.734844,0.788859,54,53,51,36,0,0,0,0,2050,1449,1259,933
2026/02/04/21:38:50,6715.211756,0.734844,0.788859,0.734844,0.788859,54,53,51,36,0,0,0,0,2050,1449,1259,933
2026/02/04/21:38:51,6716.212471,0.734844,0.788859,0.734844,0.788859,54,53,51,36,0,0,0,0,2050,1449,1259,933
2026/02/04/21:38:52,6717.213013,0.734844,0.788859,0.734844,0.788859,54,53,51,36,0,0,0,0,2050,1449,1259,933
2026/02/04/21:38:53,6718.213643,0.734844,0.788859,0.734844,0.788859,54,53,51,36,0,0,0,0,2050,1449,1259,933
2026/02/04/21:38:54,6719.214287,0.734844,0.788859,0.734844,0.788859,54,53,51,36,0,0,0,0,2050,1449,1259,933
2026/02/04/21:38:55,6720.214884,0.734844,0.788859,0.734844,0.788859,54,53,51,36,0,0,0,0,2050,1449,1259,933
2026/02/04/21:38:56,6721.215593,0.734844,0.788859,0.734844,0.788859,54,53,51,36,0,0,0,0,2050,1449,1259,933
2026/02/04/21:38:57,6722.216231,0.734844,0.788859,0.734844,0.788859,54,53,51,36,0,0,0,0,2050,1449,1259,933
2026/02/04/21:38:58,6723.216886,0.727812,0.783683,0.727812,0.783683,54,53,51,33,0,0,0,0,2050,1449,1259,936
2026/02/04/21:38:59,6724.217569,0.727812,0.783683,0.727812,0.783683,54,53,51,33,0,0,0,0,2050,1449,1259,936
2026/02/04/21:39:00,6725.218154,0.727812,0.783683,0.727812,0.783683,54,53,51,33,0,0,0,0,2050,1449,1259,936
2026/02/04/21:39:01,6726.218920,0.727812,0.783683,0.727812,0.783683,54,53,51,33,0,0,0,0,2050,1449,1259,936
2026/02/04/21:39:02,6727.219666,0.727812,0.783683,0.727812,0.783683,54,53,51,33,0,0,0,0,2050,1449,1259,936
2026/02/04/21:39:03,6728.220332,0.727812,0.783683,0.727812,0.783683,54,53,51,33,0,0,0,0,2050,1449,1259,936
2026/02/04/21:39:04,6729.221155,0.727812,0.783683,0.727812,0.783683,54,53,51,33,0,0,0,0,2050,1449,1259,936
2026/02/04/21:39:05,6730.221778,0.751750,0.809563,0.761312,0.817855,55,54,53,35,1,3,0,0,2050,1449,1259,936
2026/02/04/21:39:06,6731.222369,0.765312,0.823679,0.765312,0.823679,56,59,53,35,0,0,0,0,2050,1449,1259,936
2026/02/04/21:39:07,6732.223170,0.765312,0.823679,0.765312,0.823679,56,59,53,35,0,0,0,0,2050,1449,1259,936
2026/02/04/21:39:08,6733.223711,0.758094,0.821449,0.758094,0.821449,56,59,52,35,0,0,0,0,2050,1449,1260,936
2026/02/04/21:39:09,6734.224411,0.753406,0.817429,0.753406,0.817429,56,57,52,35,0,0,0,0,2050,1451,1260,936
2026/02/04/21:39:10,6735.225165,0.749031,0.807670,0.749031,0.807670,56,56,51,35,0,0,0,0,2050,1452,1261,936
2026/02/04/21:39:11,6736.225729,0.745750,0.802185,0.745750,0.802185,56,55,51,34,0,0,0,0,2050,1453,1261,937
2026/02/04/21:39:12,6737.226305,0.745750,0.802185,0.745750,0.802185,56,55,51,34,0,0,0,0,2050,1453,1261,937
2026/02/04/21:39:13,6738.226886,0.736500,0.794173,0.736500,0.794173,54,53,51,34,0,0,0,0,2052,1455,1261,937
2026/02/04/21:39:14,6739.227636,0.736500,0.794173,0.736500,0.794173,54,53,51,34,0,0,0,0,2052,1455,1261,937
2026/02/04/21:39:15,6740.228231,0.736500,0.794173,0.736500,0.794173,54,53,51,34,0,0,0,0,2052,1455,1261,937
2026/02/04/21:39:16,6741.228941,0.750094,0.807032,0.750094,0.807032,57,54,54,34,0,0,0,0,2052,1455,1261,937
2026/02/04/21:39:17,6742.229626,0.788563,0.831022,0.788563,0.831022,65,55,56,34,0,0,0,0,2052,1455,1261,937
2026/02/04/21:39:18,6743.230333,0.798375,0.853551,0.804000,0.881967,69,54,57,34,2,0,0,0,2052,1456,1261,937
2026/02/04/21:39:19,6744.230913,0.798375,0.853551,0.804000,0.881967,69,54,57,34,2,0,0,0,2052,1456,1261,937
2026/02/04/21:39:20,6745.231605,0.791469,0.846737,0.797094,0.875153,69,54,54,34,2,0,0,0,2052,1456,1264,937
2026/02/04/21:39:21,6746.232350,0.787469,0.837989,0.793094,0.866404,69,52,54,34,2,0,0,0,2052,1458,1264,937
2026/02/04/21:39:22,6747.268768,0.787469,0.837989,0.793094,0.866404,69,52,54,34,2,0,0,0,2052,1458,1264,937
2026/02/04/21:39:23,6748.269368,0.783250,0.836240,0.788875,0.864656,69,51,54,34,2,0,0,0,2052,1459,1264,937
2026/02/04/21:39:24,6749.270091,0.783250,0.836240,0.788875,0.864656,69,51,54,34,2,0,0,0,2052,1459,1264,937
2026/02/04/21:39:25,6750.270463,0.776687,0.828615,0.782312,0.857031,66,51,54,34,2,0,0,0,2055,1459,1264,937
2026/02/04/21:39:26,6751.270964,0.782312,0.857031,0.782312,0.857031,68,51,54,34,0,0,0,0,2057,1459,1264,937
2026/02/04/21:39:27,6752.271683,0.782312,0.857031,0.782312,0.857031,68,51,54,34,0,0,0,0,2057,1459,1264,937
2026/02/04/21:39:28,6753.272354,0.782312,0.857031,0.782312,0.857031,68,51,54,34,0,0,0,0,2057,1459,1264,937
2026/02/04/21:39:29,6754.273074,0.782312,0.857031,0.782312,0.857031,68,51,54,34,0,0,0,0,2057,1459,1264,937
2026/02/04/21:39:30,6755.273811,0.782312,0.857031,0.782312,0.857031,68,51,54,34,0,0,0,0,2057,1459,1264,937
2026/02/04/21:39:31,6756.274478,0.782312,0.857031,0.782312,0.857031,68,51,54,34,0,0,0,0,2057,1459,1264,937
2026/02/04/21:39:32,6757.275254,0.782312,0.857031,0.782312,0.857031,68,51,54,34,0,0,0,0,2057,1459,1264,937
2026/02/04/21:39:33,6758.275908,0.782312,0.857031,0.782312,0.857031,68,51,54,34,0,0,0,0,2057,1459,1264,937
2026/02/04/21:39:34,6759.276573,0.772813,0.851727,0.772813,0.851727,66,51,54,34,0,0,0,0,2059,1459,1264,937
2026/02/04/21:39:35,6760.277200,0.772813,0.851727,0.772813,0.851727,66,51,54,34,0,0,0,0,2059,1459,1264,937
2026/02/04/21:39:36,6761.277925,0.772813,0.851727,0.772813,0.851727,66,51,54,34,0,0,0,0,2059,1459,1264,937
2026/02/04/21:39:37,6762.278493,0.772813,0.851727,0.772813,0.851727,66,51,54,34,0,0,0,0,2059,1459,1264,937
2026/02/04/21:39:38,6763.279102,0.772813,0.851727,0.772813,0.851727,66,51,54,34,0,0,0,0,2059,1459,1264,937
2026/02/04/21:39:39,6764.279726,0.766625,0.845959,0.766625,0.845959,63,51,54,34,0,0,0,0,2062,1459,1264,937
2026/02/04/21:39:40,6765.280336,0.766625,0.845959,0.766625,0.845959,63,51,54,34,0,0,0,0,2062,1459,1264,937
2026/02/04/21:39:41,6766.280895,0.766625,0.845959,0.766625,0.845959,63,51,54,34,0,0,0,0,2062,1459,1264,937
2026/02/04/21:39:42,6767.281560,0.766625,0.845959,0.766625,0.845959,63,51,54,34,0,0,0,0,2062,1459,1264,937
2026/02/04/21:39:43,6768.282201,0.766625,0.845959,0.766625,0.845959,63,51,54,34,0,0,0,0,2062,1459,1264,937
2026/02/04/21:39:44,6769.282968,0.774375,0.861972,0.774375,0.861972,64,54,54,34,0,0,0,0,2062,1459,1264,937
2026/02/04/21:39:45,6770.283597,0.802406,0.886612,0.804719,0.890555,66,58,56,34,0,0,1,0,2062,1459,1264,937
2026/02/04/21:39:46,6771.284168,0.821781,0.905063,0.821781,0.905063,68,60,57,34,0,0,0,0,2062,1459,1264,937
2026/02/04/21:39:47,6772.284811,0.810625,0.887140,0.810625,0.887140,65,57,57,34,0,0,0,0,2065,1462,1264,937
2026/02/04/21:39:48,6773.285549,0.809031,0.885321,0.809031,0.885321,65,57,56,34,0,0,0,0,2065,1462,1265,937
2026/02/04/21:39:49,6774.286108,0.825219,0.894675,0.825219,0.894675,67,57,59,34,0,0,0,0,2065,1462,1265,937
2026/02/04/21:39:50,6775.286540,0.815125,0.892217,0.815125,0.892217,66,57,59,34,0,0,0,0,2066,1462,1265,937
2026/02/04/21:39:51,6776.287033,0.806469,0.891940,0.806469,0.891940,69,57,56,34,0,0,0,0,2066,1462,1268,937
2026/02/04/21:39:52,6777.287700,0.814813,0.901628,0.814813,0.901628,72,56,56,34,0,0,0,0,2066,1463,1268,937
2026/02/04/21:39:53,6778.288382,0.814813,0.901628,0.814813,0.901628,72,56,56,34,0,0,0,0,2066,1463,1268,937
2026/02/04/21:39:54,6779.288888,0.798781,0.890741,0.798781,0.890741,71,54,55,34,0,0,0,0,2067,1465,1269,937
2026/02/04/21:39:55,6780.289392,0.794531,0.880190,0.794531,0.880190,69,54,55,34,0,0,0,0,2069,1465,1269,937
2026/02/04/21:39:56,6781.290021,0.794531,0.880190,0.794531,0.880190,69,54,55,34,0,0,0,0,2069,1465,1269,937
2026/02/04/21:39:57,6782.290728,0.789750,0.873275,0.789750,0.873275,66,54,55,34,0,0,0,0,2072,1465,1269,937
2026/02/04/21:39:58,6783.291306,0.784344,0.866838,0.784344,0.866838,64,53,55,34,0,0,0,0,2074,1466,1269,937
2026/02/04/21:39:59,6784.291950,0.784344,0.866838,0.784344,0.866838,64,53,55,34,0,0,0,0,2074,1466,1269,937
2026/02/04/21:40:00,6785.292695,0.784344,0.866838,0.784344,0.866838,64,53,55,34,0,0,0,0,2074,1466,1269,937
2026/02/04/21:40:01,6786.293297,0.784344,0.866838,0.784344,0.866838,64,53,55,34,0,0,0,0,2074,1466,1269,937
2026/02/04/21:40:02,6787.294107,0.784344,0.866838,0.784344,0.866838,64,53,55,34,0,0,0,0,2074,1466,1269,937
2026/02/04/21:40:03,6788.294677,0.784344,0.866838,0.784344,0.866838,64,53,55,34,0,0,0,0,2074,1466,1269,937
2026/02/04/21:40:04,6789.295382,0.784344,0.866838,0.784344,0.866838,64,53,55,34,0,0,0,0,2074,1466,1269,937
2026/02/04/21:40:05,6790.296029,0.784344,0.866838,0.784344,0.866838,64,53,55,34,0,0,0,0,2074,1466,1269,937
2026/02/04/21:40:06,6791.296633,0.784344,0.866838,0.784344,0.866838,64,53,55,34,0,0,0,0,2074,1466,1269,937
2026/02/04/21:40:07,6792.297214,0.792406,0.881423,0.792406,0.881423,64,53,55,37,0,0,0,0,2074,1466,1269,937
2026/02/04/21:40:08,6793.297782,0.788969,0.870166,0.788969,0.870166,62,53,55,37,0,0,0,0,2076,1466,1269,937
2026/02/04/21:40:09,6794.298332,0.786750,0.856554,0.786750,0.856554,62,53,54,37,0,0,0,0,2076,1466,1270,937
2026/02/04/21:40:10,6795.298939,0.786750,0.856554,0.786750,0.856554,62,53,54,37,0,0,0,0,2076,1466,1270,937
2026/02/04/21:40:11,6796.299604,0.786750,0.856554,0.786750,0.856554,62,53,54,37,0,0,0,0,2076,1466,1270,937
2026/02/04/21:40:12,6797.300425,0.786750,0.856554,0.786750,0.856554,62,53,54,37,0,0,0,0,2076,1466,1270,937
2026/02/04/21:40:13,6798.312470,0.783344,0.854869,0.783344,0.854869,62,53,54,36,0,0,0,0,2076,1466,1270,938
2026/02/04/21:40:14,6799.313238,0.783344,0.854869,0.783344,0.854869,62,53,54,36,0,0,0,0,2076,1466,1270,938
2026/02/04/21:40:15,6800.313981,0.783344,0.854869,0.783344,0.854869,62,53,54,36,0,0,0,0,2076,1466,1270,938
2026/02/04/21:40:16,6801.314692,0.783344,0.854869,0.783344,0.854869,62,53,54,36,0,0,0,0,2076,1466,1270,938
2026/02/04/21:40:17,6802.315426,0.768813,0.846501,0.768813,0.846501,59,53,54,36,0,0,0,0,2079,1466,1270,938
2026/02/04/21:40:18,6803.316103,0.764625,0.838705,0.764625,0.838705,59,51,54,36,0,0,0,0,2079,1468,1270,938
2026/02/04/21:40:19,6804.316732,0.759125,0.831286,0.759125,0.831286,59,49,54,36,0,0,0,0,2079,1470,1270,938
2026/02/04/21:40:20,6805.317479,0.759125,0.831286,0.759125,0.831286,59,49,54,36,0,0,0,0,2079,1470,1270,938
2026/02/04/21:40:21,6806.318097,0.759125,0.831286,0.759125,0.831286,59,49,54,36,0,0,0,0,2079,1470,1270,938
2026/02/04/21:40:22,6807.318674,0.751437,0.829066,0.751437,0.829066,58,49,54,36,0,0,0,0,2080,1470,1270,938
2026/02/04/21:40:23,6808.319275,0.751437,0.829066,0.751437,0.829066,58,49,54,36,0,0,0,0,2080,1470,1270,938
2026/02/04/21:40:24,6809.319897,0.751437,0.829066,0.751437,0.829066,58,49,54,36,0,0,0,0,2080,1470,1270,938
2026/02/04/21:40:25,6810.320501,0.751437,0.829066,0.751437,0.829066,58,49,54,36,0,0,0,0,2080,1470,1270,938
2026/02/04/21:40:26,6811.321115,0.751437,0.829066,0.751437,0.829066,58,49,54,36,0,0,0,0,2080,1470,1270,938
2026/02/04/21:40:27,6812.321917,0.751437,0.829066,0.751437,0.829066,58,49,54,36,0,0,0,0,2080,1470,1270,938
2026/02/04/21:40:28,6813.322739,0.751437,0.829066,0.751437,0.829066,58,49,54,36,0,0,0,0,2080,1470,1270,938
2026/02/04/21:40:29,6814.323308,0.746938,0.827173,0.746938,0.827173,58,49,53,36,0,0,0,0,2080,1470,1271,938
2026/02/04/21:40:30,6815.323998,0.745000,0.824352,0.745000,0.824352,57,49,53,36,0,0,0,0,2081,1470,1271,938
2026/02/04/21:40:31,6816.324567,0.745000,0.824352,0.745000,0.824352,57,49,53,36,0,0,0,0,2081,1470,1271,938
2026/02/04/21:40:32,6817.325248,0.745000,0.824352,0.745000,0.824352,57,49,53,36,0,0,0,0,2081,1470,1271,938
2026/02/04/21:40:33,6818.325817,0.745000,0.824352,0.745000,0.824352,57,49,53,36,0,0,0,0,2081,1470,1271,938
2026/02/04/21:40:34,6819.326467,0.745000,0.824352,0.745000,0.824352,57,49,53,36,0,0,0,0,2081,1470,1271,938
2026/02/04/21:40:35,6820.327274,0.745000,0.824352,0.745000,0.824352,57,49,53,36,0,0,0,0,2081,1470,1271,938
2026/02/04/21:40:36,6821.327924,0.745000,0.824352,0.756500,0.830420,57,49,53,36,1,1,0,0,2081,1470,1271,938
2026/02/04/21:40:37,6822.328837,0.756500,0.830420,0.756500,0.830420,58,50,53,36,0,0,0,0,2081,1470,1271,938
2026/02/04/21:40:38,6823.329552,0.754531,0.827605,0.754531,0.827605,58,49,53,36,0,0,0,0,2081,1471,1271,938
2026/02/04/21:40:39,6824.330218,0.754531,0.827605,0.754531,0.827605,58,49,53,36,0,0,0,0,2081,1471,1271,938
2026/02/04/21:40:40,6825.330933,0.745000,0.824352,0.745000,0.824352,57,49,53,36,0,0,0,0,2082,1471,1271,938
2026/02/04/21:40:41,6826.331559,0.769000,0.848221,0.769000,0.848221,57,53,56,36,0,0,0,0,2082,1471,1271,938
2026/02/04/21:40:42,6827.332548,0.769000,0.848221,0.769000,0.848221,57,53,56,36,0,0,0,0,2082,1471,1271,938
2026/02/04/21:40:43,6828.332945,0.769000,0.848221,0.769000,0.848221,57,53,56,36,0,0,0,0,2082,1471,1271,938
2026/02/04/21:40:44,6829.333544,0.769000,0.848221,0.769000,0.848221,57,53,56,36,0,0,0,0,2082,1471,1271,938
2026/02/04/21:40:45,6830.334150,0.769000,0.848221,0.769000,0.848221,57,53,56,36,0,0,0,0,2082,1471,1271,938
2026/02/04/21:40:46,6831.334732,0.763000,0.839927,0.763000,0.839927,57,53,53,36,0,0,0,0,2082,1471,1274,938
2026/02/04/21:40:47,6832.335411,0.763000,0.839927,0.763000,0.839927,57,53,53,36,0,0,0,0,2082,1471,1274,938
2026/02/04/21:40:48,6833.335921,0.763000,0.839927,0.763000,0.839927,57,53,53,36,0,0,0,0,2082,1471,1274,938
2026/02/04/21:40:49,6834.336505,0.763000,0.839927,0.763000,0.839927,57,53,53,36,0,0,0,0,2082,1471,1274,938
2026/02/04/21:40:50,6835.337895,0.763000,0.839927,0.763000,0.839927,57,53,53,36,0,0,0,0,2082,1471,1274,938
2026/02/04/21:40:51,6836.338444,0.770281,0.868796,0.770281,0.868796,57,53,53,39,0,0,0,0,2082,1471,1274,938
2026/02/04/21:40:52,6837.339029,0.773156,0.873673,0.817969,0.884591,57,54,53,41,0,0,0,3,2082,1472,1274,938
2026/02/04/21:40:53,6838.339705,0.773156,0.873673,0.817969,0.884591,57,54,53,41,0,0,0,3,2082,1472,1274,938
2026/02/04/21:40:54,6839.340477,0.773156,0.873673,0.773156,0.873673,57,54,53,41,0,0,0,0,2082,1472,1274,938
2026/02/04/21:40:55,6840.340992,0.773156,0.873673,0.773156,0.873673,57,54,53,41,0,0,0,0,2082,1472,1274,938
2026/02/04/21:40:56,6841.341616,0.773156,0.873673,0.773156,0.873673,57,54,53,41,0,0,0,0,2082,1472,1274,938
2026/02/04/21:40:57,6842.342326,0.773156,0.873673,0.773156,0.873673,57,54,53,41,0,0,0,0,2082,1472,1274,938
2026/02/04/21:40:58,6843.342899,0.768031,0.855514,0.768031,0.855514,57,54,53,39,0,0,0,0,2082,1472,1274,940
2026/02/04/21:40:59,6844.343495,0.757719,0.843354,0.757719,0.843354,57,54,53,37,0,0,0,0,2082,1472,1274,942
2026/02/04/21:41:00,6845.344180,0.757719,0.843354,0.757719,0.843354,57,54,53,37,0,0,0,0,2082,1472,1274,942
2026/02/04/21:41:01,6846.344913,0.757719,0.843354,0.757719,0.843354,57,54,53,37,0,0,0,0,2082,1472,1274,942
2026/02/04/21:41:02,6847.345514,0.764906,0.848809,0.791469,0.868567,58,54,55,37,2,0,0,0,2082,1472,1274,942
2026/02/04/21:41:03,6848.346204,0.764906,0.848809,0.791469,0.868567,58,54,55,37,2,0,0,0,2082,1472,1274,942
2026/02/04/21:41:04,6849.346891,0.764906,0.848809,0.791469,0.868567,58,54,55,37,2,0,0,0,2082,1472,1274,942
2026/02/04/21:41:05,6850.347639,0.764906,0.848809,0.791469,0.868567,58,54,55,37,2,0,0,0,2082,1472,1274,942
2026/02/04/21:41:06,6851.348207,0.764906,0.848809,0.791469,0.868567,58,54,55,37,2,0,0,0,2082,1472,1274,942
2026/02/04/21:41:07,6852.348705,0.764906,0.848809,0.791469,0.868567,58,54,55,37,2,0,0,0,2082,1472,1274,942
2026/02/04/21:41:08,6853.349201,0.764906,0.848809,0.791469,0.868567,58,54,55,37,2,0,0,0,2082,1472,1274,942
2026/02/04/21:41:09,6854.391112,0.764906,0.848809,0.791469,0.868567,58,54,55,37,2,0,0,0,2082,1472,1274,942
2026/02/04/21:41:10,6855.391608,0.791469,0.868567,0.791469,0.868567,60,54,55,37,0,0,0,0,2084,1472,1274,942
2026/02/04/21:41:11,6856.392173,0.779281,0.857096,0.779281,0.857096,60,51,55,37,0,0,0,0,2084,1475,1274,942
2026/02/04/21:41:12,6857.392746,0.779281,0.857096,0.779281,0.857096,60,51,55,37,0,0,0,0,2084,1475,1274,942
2026/02/04/21:41:13,6858.393368,0.798156,0.871825,0.798156,0.871825,66,52,56,37,0,0,0,0,2086,1475,1274,942
2026/02/04/21:41:14,6859.394121,0.803875,0.877151,0.825313,0.931676,69,52,56,37,5,0,0,0,2086,1475,1274,942
2026/02/04/21:41:15,6860.394835,0.807125,0.888524,0.822500,0.933891,70,54,54,40,4,0,0,0,2087,1475,1276,942
2026/02/04/21:41:16,6861.395335,0.794781,0.882306,0.810156,0.927673,68,54,53,40,4,0,0,0,2089,1475,1277,942
2026/02/04/21:41:17,6862.395841,0.799188,0.888391,0.799188,0.888391,67,54,53,40,0,0,0,0,2092,1475,1277,942
2026/02/04/21:41:18,6863.396528,0.787844,0.879119,0.787844,0.879119,66,53,53,38,0,0,0,0,2093,1476,1277,944
2026/02/04/21:41:19,6864.397118,0.833438,0.907962,0.833438,0.907962,69,58,58,39,0,0,0,0,2093,1476,1277,944
2026/02/04/21:41:20,6865.397698,0.862750,0.921864,0.864906,0.928090,71,58,58,42,0,0,0,1,2093,1476,1277,944
2026/02/04/21:41:21,6866.398298,0.835594,0.905381,0.837750,0.911607,71,55,55,41,0,0,0,1,2093,1479,1280,945
2026/02/04/21:41:22,6867.398722,0.853344,0.928893,0.862625,0.940721,76,55,57,41,1,0,0,1,2094,1479,1280,945
2026/02/04/21:41:23,6868.399157,0.843594,0.932160,0.862688,0.962828,76,57,57,40,1,2,0,1,2094,1479,1280,947
2026/02/04/21:41:24,6869.399630,0.841531,0.930211,0.860625,0.960879,76,57,56,40,1,2,0,1,2094,1479,1281,947
2026/02/04/21:41:25,6870.399980,0.831250,0.925588,0.831250,0.925588,74,55,56,41,0,0,0,0,2096,1481,1281,947
2026/02/04/21:41:26,6871.400470,0.831250,0.925588,0.831250,0.925588,74,55,56,41,0,0,0,0,2096,1481,1281,947
2026/02/04/21:41:27,6872.401008,0.818719,0.922709,0.818719,0.922709,71,55,56,41,0,0,0,0,2100,1481,1281,947
2026/02/04/21:41:28,6873.401464,0.821281,0.925422,0.821281,0.925422,72,55,56,41,0,0,0,0,2100,1481,1281,947
2026/02/04/21:41:29,6874.402048,0.844094,0.928830,0.844094,0.928830,71,58,59,41,0,0,0,0,2103,1481,1281,947
2026/02/04/21:41:30,6875.402642,0.831812,0.916938,0.831812,0.916938,69,58,59,38,0,0,0,0,2105,1481,1281,950
2026/02/04/21:41:31,6876.403267,0.831812,0.916938,0.831812,0.916938,69,58,59,38,0,0,0,0,2105,1481,1281,950
2026/02/04/21:41:32,6877.403777,0.828625,0.913164,0.828625,0.913164,69,58,57,38,0,0,0,0,2105,1481,1283,950
2026/02/04/21:41:33,6878.404368,0.787625,0.882282,0.787625,0.882282,67,55,54,38,0,0,0,0,2107,1484,1286,950
2026/02/04/21:41:34,6879.405149,0.784438,0.879065,0.784438,0.879065,67,53,54,38,0,0,0,0,2107,1486,1286,950
2026/02/04/21:41:35,6880.405718,0.784438,0.879065,0.784438,0.879065,67,53,54,38,0,0,0,0,2107,1486,1286,950
2026/02/04/21:41:36,6881.406459,0.784438,0.879065,0.784438,0.879065,67,53,54,38,0,0,0,0,2107,1486,1286,950
2026/02/04/21:41:37,6882.407082,0.781281,0.874412,0.781281,0.874412,67,52,54,38,0,0,0,0,2107,1487,1286,950
2026/02/04/21:41:38,6883.407630,0.776312,0.861837,0.776312,0.861837,64,52,54,38,0,0,0,0,2110,1487,1286,950
2026/02/04/21:41:39,6884.408252,0.836219,0.891208,0.836219,0.891208,65,55,60,38,0,0,0,0,2110,1489,1286,950
2026/02/04/21:41:40,6885.408766,0.851875,0.907903,0.851875,0.907903,68,56,61,38,0,0,0,0,2110,1489,1286,951
2026/02/04/21:41:41,6886.409260,0.881062,0.927307,0.894062,0.935593,72,58,63,38,1,0,0,1,2110,1489,1286,951
2026/02/04/21:41:42,6887.409906,0.887094,0.927730,0.911844,0.941956,71,58,63,39,1,4,0,0,2113,1489,1286,951
2026/02/04/21:41:43,6888.410495,0.892594,0.927633,0.899219,0.937079,72,57,63,39,2,0,0,0,2115,1491,1286,951
2026/02/04/21:41:44,6889.411144,0.892281,0.934575,0.892281,0.934575,74,56,63,39,0,0,0,0,2115,1492,1286,951
2026/02/04/21:41:45,6890.411803,0.889625,0.930466,0.889625,0.930466,73,56,63,39,0,0,0,0,2116,1492,1286,951
2026/02/04/21:41:46,6891.412428,0.869125,0.908074,0.869125,0.908074,71,54,63,37,0,0,0,0,2118,1494,1286,953
2026/02/04/21:41:47,6892.413018,0.859187,0.893906,0.859187,0.893906,68,54,63,37,0,0,0,0,2121,1494,1286,953
2026/02/04/21:41:48,6893.413691,0.859187,0.893906,0.859187,0.893906,68,54,63,37,0,0,0,0,2121,1494,1286,953
2026/02/04/21:41:49,6894.414407,0.859187,0.893906,0.859187,0.893906,68,54,63,37,0,0,0,0,2121,1494,1286,953
2026/02/04/21:41:50,6895.414995,0.847969,0.890922,0.847969,0.890922,68,54,63,36,0,0,0,0,2121,1494,1286,954
2026/02/04/21:41:51,6896.415717,0.847969,0.890922,0.847969,0.890922,68,54,63,36,0,0,0,0,2121,1494,1286,954
2026/02/04/21:41:52,6897.416386,0.847969,0.890922,0.847969,0.890922,68,54,63,36,0,0,0,0,2121,1494,1286,954
2026/02/04/21:41:53,6898.417110,0.823594,0.884611,0.823594,0.884611,68,51,63,36,0,0,0,0,2121,1497,1286,954
2026/02/04/21:41:54,6899.417663,0.823594,0.884611,0.823594,0.884611,68,51,63,36,0,0,0,0,2121,1497,1286,954
2026/02/04/21:41:55,6900.418349,0.823594,0.884611,0.823594,0.884611,68,51,63,36,0,0,0,0,2121,1497,1286,954
2026/02/04/21:41:56,6901.419171,0.819531,0.882072,0.819531,0.882072,68,50,63,36,0,0,0,0,2121,1498,1286,954
2026/02/04/21:41:57,6902.419883,0.819531,0.882072,0.819531,0.882072,68,50,63,36,0,0,0,0,2121,1498,1286,954
2026/02/04/21:41:58,6903.420600,0.819531,0.882072,0.819531,0.882072,68,50,63,36,0,0,0,0,2121,1498,1286,954
2026/02/04/21:41:59,6904.421219,0.817031,0.877360,0.817031,0.877360,68,49,63,36,0,0,0,0,2121,1499,1286,954
2026/02/04/21:42:00,6905.421874,0.817031,0.877360,0.817031,0.877360,68,49,63,36,0,0,0,0,2121,1499,1286,954
2026/02/04/21:42:01,6906.422501,0.817031,0.877360,0.817031,0.877360,68,49,63,36,0,0,0,0,2121,1499,1286,954
2026/02/04/21:42:02,6907.423058,0.828656,0.889864,0.828656,0.889864,70,50,63,36,0,0,0,0,2121,1499,1286,954
2026/02/04/21:42:03,6908.423776,0.828656,0.889864,0.828656,0.889864,70,50,63,36,0,0,0,0,2121,1499,1286,954
2026/02/04/21:42:04,6909.424368,0.859469,0.912103,0.859469,0.912103,70,56,64,36,0,0,0,0,2123,1499,1286,954
2026/02/04/21:42:05,6910.425093,0.856969,0.910341,0.856969,0.910341,69,56,64,36,0,0,0,0,2124,1499,1286,954
2026/02/04/21:42:06,6911.425583,0.854281,0.905868,0.854281,0.905868,68,56,64,36,0,0,0,0,2125,1499,1286,954
2026/02/04/21:42:07,6912.426010,0.842187,0.896053,0.842187,0.896053,68,54,63,36,0,0,0,0,2125,1501,1287,954
2026/02/04/21:42:08,6913.426707,0.842187,0.896053,0.842187,0.896053,68,54,63,36,0,0,0,0,2125,1501,1287,954
2026/02/04/21:42:09,6914.427280,0.848562,0.900679,0.856219,0.907542,68,54,63,36,0,0,1,0,2126,1501,1287,954
2026/02/04/21:42:10,6915.427824,0.869531,0.918437,0.905281,0.937565,70,54,64,37,0,2,2,0,2126,1501,1287,954
2026/02/04/21:42:11,6916.428504,0.876531,0.926024,0.936438,0.995148,73,54,64,38,0,5,2,1,2126,1501,1287,954
2026/02/04/21:42:12,6917.429036,0.880344,0.928946,0.921438,1.012572,76,53,63,38,3,4,0,1,2126,1503,1288,954
2026/02/04/21:42:13,6918.429641,0.869219,0.921228,0.901687,0.960894,73,53,63,37,3,1,0,1,2129,1503,1288,955
2026/02/04/21:42:14,6919.430303,0.869219,0.921228,0.910094,0.962569,73,53,63,37,4,1,0,1,2129,1503,1288,955
2026/02/04/21:42:15,6920.430940,0.846469,0.909444,0.873500,0.918340,74,53,58,37,0,1,0,1,2129,1503,1293,955
2026/02/04/21:42:16,6921.431614,0.846469,0.909444,0.857969,0.912303,74,53,58,37,0,1,0,0,2129,1503,1293,955
2026/02/04/21:42:17,6922.432324,0.849031,0.900403,0.849031,0.900403,70,54,58,37,0,0,0,0,2133,1503,1293,955
2026/02/04/21:42:18,6923.432939,0.849031,0.900403,0.849031,0.900403,70,54,58,37,0,0,0,0,2133,1503,1293,955
2026/02/04/21:42:19,6924.433527,0.838938,0.890745,0.838938,0.890745,69,54,58,37,0,0,0,0,2134,1503,1293,955
2026/02/04/21:42:20,6925.434010,0.844281,0.890453,0.844281,0.890453,71,54,58,36,0,0,0,0,2134,1505,1293,956
2026/02/04/21:42:21,6926.434685,0.839063,0.887454,0.839063,0.887454,71,53,58,36,0,0,0,0,2134,1506,1293,956
2026/02/04/21:42:22,6927.435307,0.839063,0.887454,0.839063,0.887454,71,53,58,36,0,0,0,0,2134,1506,1293,956
2026/02/04/21:42:23,6928.435987,0.852844,0.892325,0.852844,0.892325,71,53,61,36,0,0,0,0,2134,1506,1293,956
2026/02/04/21:42:24,6929.436691,0.845656,0.887129,0.845656,0.887129,71,51,61,36,0,0,0,0,2134,1508,1293,956
2026/02/04/21:42:25,6930.437163,0.846781,0.890339,0.846781,0.890339,73,51,61,35,0,0,0,0,2134,1508,1293,957
2026/02/04/21:42:26,6931.440620,0.823781,0.884620,0.823781,0.884620,73,49,61,35,0,0,0,0,2134,1510,1293,957
2026/02/04/21:42:27,6932.441321,0.823781,0.884620,0.823781,0.884620,73,49,61,35,0,0,0,0,2134,1510,1293,957
2026/02/04/21:42:28,6933.442074,0.806562,0.874678,0.806562,0.874678,71,49,58,35,0,0,0,0,2136,1510,1296,957
2026/02/04/21:42:29,6934.442749,0.790500,0.866827,0.790500,0.866827,69,49,58,34,0,0,0,0,2138,1510,1296,958
2026/02/04/21:42:30,6935.443527,0.792125,0.869310,0.792125,0.869310,70,49,58,34,0,0,0,0,2138,1510,1296,958
2026/02/04/21:42:31,6936.444118,0.798125,0.878977,0.798125,0.878977,70,49,58,37,0,0,0,0,2138,1510,1296,958
2026/02/04/21:42:32,6937.444721,0.798125,0.878977,0.798125,0.878977,70,49,58,37,0,0,0,0,2138,1510,1296,958
2026/02/04/21:42:33,6938.445203,0.798125,0.878977,0.798125,0.878977,70,49,58,37,0,0,0,0,2138,1510,1296,958
2026/02/04/21:42:34,6939.445864,0.790188,0.862657,0.790188,0.862657,69,49,58,34,0,0,0,0,2139,1510,1296,961
2026/02/04/21:42:35,6940.446468,0.790188,0.862657,0.790188,0.862657,69,49,58,34,0,0,0,0,2139,1510,1296,961
2026/02/04/21:42:36,6941.446993,0.788563,0.860174,0.788563,0.860174,68,49,58,34,0,0,0,0,2140,1510,1296,961
2026/02/04/21:42:37,6942.447591,0.795406,0.870719,0.795406,0.870719,68,52,58,34,0,0,0,0,2140,1510,1296,961
2026/02/04/21:42:38,6943.448112,0.795406,0.870719,0.795406,0.870719,68,52,58,34,0,0,0,0,2140,1510,1296,961
2026/02/04/21:42:39,6944.448713,0.795406,0.870719,0.795406,0.870719,68,52,58,34,0,0,0,0,2140,1510,1296,961
2026/02/04/21:42:40,6945.449346,0.788031,0.867529,0.788031,0.867529,68,51,58,34,0,0,0,0,2140,1511,1296,961
2026/02/04/21:42:41,6946.449944,0.788031,0.867529,0.788031,0.867529,68,51,58,34,0,0,0,0,2140,1511,1296,961
2026/02/04/21:42:42,6947.450577,0.788031,0.867529,0.788031,0.867529,68,51,58,34,0,0,0,0,2140,1511,1296,961
2026/02/04/21:42:43,6948.451726,0.788031,0.867529,0.788031,0.867529,68,51,58,34,0,0,0,0,2140,1511,1296,961
2026/02/04/21:42:44,6949.452331,0.788031,0.867529,0.788031,0.867529,68,51,58,34,0,0,0,0,2140,1511,1296,961
2026/02/04/21:42:45,6950.452983,0.779031,0.860956,0.779031,0.860956,65,51,58,34,0,0,0,0,2143,1511,1296,961
2026/02/04/21:42:46,6951.453584,0.776062,0.858423,0.776062,0.858423,65,50,58,34,0,0,0,0,2143,1512,1296,961
2026/02/04/21:42:47,6952.454259,0.776062,0.858423,0.776062,0.858423,65,50,58,34,0,0,0,0,2143,1512,1296,961
2026/02/04/21:42:48,6953.454922,0.776062,0.858423,0.776062,0.858423,65,50,58,34,0,0,0,0,2143,1512,1296,961
2026/02/04/21:42:49,6954.455551,0.767156,0.838009,0.767156,0.838009,64,47,58,34,0,0,0,0,2144,1515,1296,961
2026/02/04/21:42:50,6955.456288,0.762719,0.834447,0.762719,0.834447,64,47,56,34,0,0,0,0,2144,1515,1298,961
2026/02/04/21:42:51,6956.456928,0.762719,0.834447,0.762719,0.834447,64,47,56,34,0,0,0,0,2144,1515,1298,961
2026/02/04/21:42:52,6957.457515,0.762719,0.834447,0.762719,0.834447,64,47,56,34,0,0,0,0,2144,1515,1298,961
2026/02/04/21:42:53,6958.458134,0.762719,0.834447,0.762719,0.834447,64,47,56,34,0,0,0,0,2144,1515,1298,961
2026/02/04/21:42:54,6959.458672,0.787563,0.839208,0.787563,0.839208,64,47,59,34,0,0,0,0,2144,1515,1298,961
2026/02/04/21:42:55,6960.459126,0.787563,0.839208,0.787563,0.839208,64,47,59,34,0,0,0,0,2144,1515,1298,961
2026/02/04/21:42:56,6961.459688,0.787563,0.839208,0.787563,0.839208,64,47,59,34,0,0,0,0,2144,1515,1298,961
2026/02/04/21:42:57,6962.460281,0.779125,0.796584,0.779125,0.796584,61,47,59,34,0,0,0,0,2147,1515,1298,961
2026/02/04/21:42:58,6963.460910,0.779125,0.796584,0.779125,0.796584,61,47,59,34,0,0,0,0,2147,1515,1298,961
2026/02/04/21:42:59,6964.461702,0.779125,0.796584,0.779125,0.796584,61,47,59,34,0,0,0,0,2147,1515,1298,961
2026/02/04/21:43:00,6965.462282,0.779125,0.796584,0.779125,0.796584,61,47,59,34,0,0,0,0,2147,1515,1298,961
2026/02/04/21:43:01,6966.462928,0.771062,0.781999,0.771062,0.781999,61,47,59,31,0,0,0,0,2147,1515,1298,964
2026/02/04/21:43:02,6967.463538,0.771062,0.781999,0.771062,0.781999,61,47,59,31,0,0,0,0,2147,1515,1298,964
2026/02/04/21:43:03,6968.464150,0.771062,0.781999,0.771062,0.781999,61,47,59,31,0,0,0,0,2147,1515,1298,964
2026/02/04/21:43:04,6969.464814,0.764563,0.776784,0.764563,0.776784,59,47,59,31,0,0,0,0,2149,1515,1298,964
2026/02/04/21:43:05,6970.465521,0.764563,0.776784,0.764563,0.776784,59,47,59,31,0,0,0,0,2149,1515,1298,964
2026/02/04/21:43:06,6971.466011,0.764563,0.776784,0.764563,0.776784,59,47,59,31,0,0,0,0,2149,1515,1298,964
2026/02/04/21:43:07,6972.466645,0.757000,0.772623,0.757000,0.772623,57,47,59,31,0,0,0,0,2151,1515,1298,964
2026/02/04/21:43:08,6973.467237,0.757000,0.772623,0.757000,0.772623,57,47,59,31,0,0,0,0,2151,1515,1298,964
2026/02/04/21:43:09,6974.467832,0.757000,0.772623,0.757000,0.772623,57,47,59,31,0,0,0,0,2151,1515,1298,964
2026/02/04/21:43:10,6975.468405,0.757000,0.772623,0.757000,0.772623,57,47,59,31,0,0,0,0,2151,1515,1298,964
2026/02/04/21:43:11,6976.469035,0.765062,0.790737,0.765062,0.790737,58,47,61,31,0,0,0,0,2151,1515,1298,964
2026/02/04/21:43:12,6977.469613,0.761625,0.779889,0.761625,0.779889,58,45,61,31,0,0,0,0,2151,1517,1298,964
2026/02/04/21:43:13,6978.470188,0.761625,0.779889,0.761625,0.779889,58,45,61,31,0,0,0,0,2151,1517,1298,964
2026/02/04/21:43:14,6979.470837,0.761625,0.779889,0.761625,0.779889,58,45,61,31,0,0,0,0,2151,1517,1298,964
2026/02/04/21:43:15,6980.471524,0.760062,0.777538,0.760062,0.777538,57,45,61,31,0,0,0,0,2152,1517,1298,964
2026/02/04/21:43:16,6981.472117,0.760062,0.777538,0.760062,0.777538,57,45,61,31,0,0,0,0,2152,1517,1298,964
2026/02/04/21:43:17,6982.472733,0.760062,0.777538,0.760062,0.777538,57,45,61,31,0,0,0,0,2152,1517,1298,964
2026/02/04/21:43:18,6983.473444,0.760062,0.777538,0.760062,0.777538,57,45,61,31,0,0,0,0,2152,1517,1298,964
2026/02/04/21:43:19,6984.474285,0.760062,0.777538,0.760062,0.777538,57,45,61,31,0,0,0,0,2152,1517,1298,964
2026/02/04/21:43:20,6985.474892,0.760062,0.777538,0.760062,0.777538,57,45,61,31,0,0,0,0,2152,1517,1298,964
2026/02/04/21:43:21,6986.475699,0.760062,0.777538,0.760062,0.777538,57,45,61,31,0,0,0,0,2152,1517,1298,964
2026/02/04/21:43:22,6987.476351,0.760062,0.777538,0.760062,0.777538,57,45,61,31,0,0,0,0,2152,1517,1298,964
2026/02/04/21:43:23,6988.476952,0.760062,0.777538,0.760062,0.777538,57,45,61,31,0,0,0,0,2152,1517,1298,964
2026/02/04/21:43:24,6989.477468,0.763563,0.782326,0.763563,0.782326,59,45,61,31,0,0,0,0,2152,1517,1298,964
2026/02/04/21:43:25,6990.478032,0.767844,0.796989,0.767844,0.796989,59,45,62,31,0,0,0,0,2152,1517,1298,964
2026/02/04/21:43:26,6991.478679,0.767844,0.796989,0.767844,0.796989,59,45,62,31,0,0,0,0,2152,1517,1298,964
2026/02/04/21:43:27,6992.479258,0.767844,0.796989,0.767844,0.796989,59,45,62,31,0,0,0,0,2152,1517,1298,964
2026/02/04/21:43:28,6993.479811,0.767844,0.796989,0.767844,0.796989,59,45,62,31,0,0,0,0,2152,1517,1298,964
2026/02/04/21:43:29,6994.480489,0.770375,0.785556,0.770375,0.785556,61,45,61,31,0,0,0,0,2152,1517,1299,964
2026/02/04/21:43:30,6995.481138,0.799438,0.816469,0.799438,0.816469,61,55,61,31,0,0,0,0,2153,1517,1299,964
2026/02/04/21:43:31,6996.481737,0.799438,0.816469,0.799438,0.816469,61,55,61,31,0,0,0,0,2153,1517,1299,964
2026/02/04/21:43:32,6997.482456,0.790875,0.808965,0.790875,0.808965,60,52,61,31,0,0,0,0,2154,1520,1299,964
2026/02/04/21:43:33,6998.483200,0.790875,0.808965,0.790875,0.808965,60,52,61,31,0,0,0,0,2154,1520,1299,964
2026/02/04/21:43:34,6999.483834,0.785906,0.801586,0.785906,0.801586,60,49,61,31,0,0,0,0,2154,1523,1299,964
2026/02/04/21:43:35,7000.484431,0.784156,0.798832,0.784156,0.798832,59,49,61,31,0,0,0,0,2155,1523,1299,964
2026/02/04/21:43:36,7001.485059,0.777594,0.784146,0.777594,0.784146,59,46,61,31,0,0,0,0,2155,1526,1299,964
2026/02/04/21:43:37,7002.486092,0.777594,0.784146,0.777594,0.784146,59,46,61,31,0,0,0,0,2155,1526,1299,964
2026/02/04/21:43:38,7003.486700,0.777594,0.784146,0.777594,0.784146,59,46,61,31,0,0,0,0,2155,1526,1299,964
2026/02/04/21:43:39,7004.487395,0.777594,0.784146,0.777594,0.784146,59,46,61,31,0,0,0,0,2155,1526,1299,964
2026/02/04/21:43:40,7005.488011,0.777594,0.784146,0.777594,0.784146,59,46,61,31,0,0,0,0,2155,1526,1299,964
2026/02/04/21:43:41,7006.488680,0.760375,0.765005,0.760375,0.765005,59,45,59,31,0,0,0,0,2155,1527,1301,964
2026/02/04/21:43:42,7007.489404,0.760375,0.765005,0.760375,0.765005,59,45,59,31,0,0,0,0,2155,1527,1301,964
2026/02/04/21:43:43,7008.490089,0.760375,0.765005,0.760375,0.765005,59,45,59,31,0,0,0,0,2155,1527,1301,964
2026/02/04/21:43:44,7009.490825,0.760375,0.765005,0.760375,0.765005,59,45,59,31,0,0,0,0,2155,1527,1301,964
2026/02/04/21:43:45,7010.491530,0.760375,0.765005,0.760375,0.765005,59,45,59,31,0,0,0,0,2155,1527,1301,964
2026/02/04/21:43:46,7011.492211,0.782813,0.792761,0.782813,0.792761,60,48,64,31,0,0,0,0,2155,1527,1301,964
2026/02/04/21:43:47,7012.492814,0.787094,0.796475,0.787094,0.796475,60,49,65,31,0,0,0,0,2155,1527,1301,964
2026/02/04/21:43:48,7013.493497,0.787094,0.796475,0.787094,0.796475,60,49,65,31,0,0,0,0,2155,1527,1301,964
2026/02/04/21:43:49,7014.494049,0.787094,0.796475,0.787094,0.796475,60,49,65,31,0,0,0,0,2155,1527,1301,964
2026/02/04/21:43:50,7015.494748,0.787094,0.796475,0.787094,0.796475,60,49,65,31,0,0,0,0,2155,1527,1301,964
2026/02/04/21:43:51,7016.495450,0.783156,0.788144,0.783156,0.788144,60,49,63,31,0,0,0,0,2155,1527,1303,964
2026/02/04/21:43:52,7017.496251,0.777062,0.777375,0.777062,0.777375,60,49,60,31,0,0,0,0,2155,1527,1306,964
2026/02/04/21:43:53,7018.496802,0.787375,0.788925,0.787375,0.788925,60,51,62,31,0,0,0,0,2155,1527,1307,964
2026/02/04/21:43:54,7019.497507,0.787375,0.788925,0.787375,0.788925,60,51,62,31,0,0,0,0,2155,1527,1307,964
2026/02/04/21:43:55,7020.498086,0.775125,0.775447,0.775125,0.775447,60,49,59,31,0,0,0,0,2155,1529,1310,964
2026/02/04/21:43:56,7021.498892,0.775125,0.775447,0.775125,0.775447,60,49,59,31,0,0,0,0,2155,1529,1310,964
2026/02/04/21:43:57,7022.499615,0.775125,0.775447,0.775125,0.775447,60,49,59,31,0,0,0,0,2155,1529,1310,964
2026/02/04/21:43:58,7023.500273,0.775125,0.775447,0.775125,0.775447,60,49,59,31,0,0,0,0,2155,1529,1310,964
2026/02/04/21:43:59,7024.501053,0.775125,0.775447,0.775125,0.775447,60,49,59,31,0,0,0,0,2155,1529,1310,964
2026/02/04/21:44:00,7025.501673,0.768906,0.772628,0.768906,0.772628,59,49,59,31,0,0,0,0,2156,1529,1310,964
2026/02/04/21:44:01,7026.502233,0.764219,0.769019,0.764219,0.769019,59,47,59,31,0,0,0,0,2156,1531,1310,964
2026/02/04/21:44:02,7027.503047,0.770469,0.771664,0.770469,0.771664,59,47,60,31,0,0,0,0,2156,1531,1310,964
2026/02/04/21:44:03,7028.503670,0.796937,0.794153,0.796937,0.794153,66,48,60,31,0,0,0,0,2156,1531,1310,964
2026/02/04/21:44:04,7029.504166,0.808406,0.803616,0.812844,0.810994,66,49,62,33,0,1,0,0,2156,1531,1310,964
2026/02/04/21:44:05,7030.504762,0.821937,0.825709,0.852406,0.846425,66,53,60,34,0,3,0,0,2156,1531,1312,964
2026/02/04/21:44:06,7031.505307,0.805594,0.812637,0.836063,0.833353,64,52,60,32,0,3,0,0,2158,1532,1312,966
2026/02/04/21:44:07,7032.505898,0.803719,0.808539,0.834187,0.829254,63,52,60,32,0,3,0,0,2159,1532,1312,966
2026/02/04/21:44:08,7033.506378,0.801312,0.806893,0.801312,0.806893,63,52,60,31,0,0,0,0,2159,1532,1312,967
2026/02/04/21:44:09,7034.507085,0.801312,0.806893,0.801312,0.806893,63,52,60,31,0,0,0,0,2159,1532,1312,967
2026/02/04/21:44:10,7035.507793,0.801312,0.806893,0.801312,0.806893,63,52,60,31,0,0,0,0,2159,1532,1312,967
2026/02/04/21:44:11,7036.508314,0.809094,0.807741,0.809094,0.807741,65,52,60,31,0,0,0,0,2161,1532,1312,967
2026/02/04/21:44:12,7037.508798,0.809094,0.807741,0.809094,0.807741,65,52,60,31,0,0,0,0,2161,1532,1312,967
2026/02/04/21:44:13,7038.509312,0.792219,0.780468,0.792219,0.780468,65,49,58,31,0,0,0,0,2161,1535,1314,967
2026/02/04/21:44:14,7039.509944,0.792219,0.780468,0.792219,0.780468,65,49,58,31,0,0,0,0,2161,1535,1314,967
2026/02/04/21:44:15,7040.511098,0.781312,0.765828,0.781312,0.765828,61,49,58,31,0,0,0,0,2165,1535,1314,967
2026/02/04/21:44:16,7041.511600,0.781312,0.765828,0.781312,0.765828,61,49,58,31,0,0,0,0,2165,1535,1314,967
2026/02/04/21:44:17,7042.512136,0.774500,0.762598,0.774500,0.762598,59,49,58,31,0,0,0,0,2167,1535,1314,967
2026/02/04/21:44:18,7043.512703,0.774500,0.762598,0.774500,0.762598,59,49,58,31,0,0,0,0,2167,1535,1314,967
2026/02/04/21:44:19,7044.513371,0.774500,0.762598,0.774500,0.762598,59,49,58,31,0,0,0,0,2167,1535,1314,967
2026/02/04/21:44:20,7045.518454,0.774500,0.762598,0.774500,0.762598,59,49,58,31,0,0,0,0,2167,1535,1314,967
2026/02/04/21:44:21,7046.519134,0.765031,0.756242,0.765031,0.756242,56,49,58,31,0,0,0,0,2170,1535,1314,967
2026/02/04/21:44:22,7047.519638,0.765031,0.756242,0.765031,0.756242,56,49,58,31,0,0,0,0,2170,1535,1314,967
2026/02/04/21:44:23,7048.520336,0.765031,0.756242,0.765031,0.756242,56,49,58,31,0,0,0,0,2170,1535,1314,967
2026/02/04/21:44:24,7049.520937,0.765031,0.756242,0.765031,0.756242,56,49,58,31,0,0,0,0,2170,1535,1314,967
2026/02/04/21:44:25,7050.521390,0.765031,0.756242,0.765031,0.756242,56,49,58,31,0,0,0,0,2170,1535,1314,967
2026/02/04/21:44:26,7051.521934,0.792344,0.768976,0.792344,0.768976,56,50,58,35,0,0,0,0,2170,1535,1314,967
2026/02/04/21:44:27,7052.522678,0.792344,0.768976,0.792344,0.768976,56,50,58,35,0,0,0,0,2170,1535,1314,967
2026/02/04/21:44:28,7053.523347,0.786094,0.766331,0.786094,0.766331,56,50,57,35,0,0,0,0,2170,1535,1315,967
2026/02/04/21:44:29,7054.523929,0.786094,0.766331,0.786094,0.766331,56,50,57,35,0,0,0,0,2170,1535,1315,967
2026/02/04/21:44:30,7055.524595,0.784531,0.763728,0.784531,0.763728,56,49,57,35,0,0,0,0,2170,1536,1315,967
2026/02/04/21:44:31,7056.525298,0.842656,0.825885,0.842656,0.825885,64,52,61,36,0,0,0,0,2170,1536,1315,967
2026/02/04/21:44:32,7057.526042,0.847469,0.834744,0.879812,0.843147,66,53,64,34,0,0,0,3,2170,1537,1315,969
2026/02/04/21:44:33,7058.526481,0.850625,0.837679,0.885219,0.850176,66,52,64,37,0,2,0,2,2170,1540,1315,969
2026/02/04/21:44:34,7059.526931,0.870531,0.844751,0.903312,0.855634,66,55,62,39,0,1,0,2,2172,1540,1318,970
2026/02/04/21:44:35,7060.527487,0.848969,0.835273,0.848969,0.835273,62,52,65,37,0,0,0,0,2176,1544,1318,973
2026/02/04/21:44:36,7061.528083,0.849469,0.837279,0.849469,0.837279,62,50,65,40,0,0,0,0,2176,1546,1318,973
2026/02/04/21:44:37,7062.528518,0.837281,0.825691,0.837281,0.825691,63,48,65,39,0,0,0,0,2176,1548,1318,974
2026/02/04/21:44:38,7063.529013,0.831094,0.820502,0.831094,0.820502,63,48,65,36,0,0,0,0,2176,1548,1318,977
2026/02/04/21:44:39,7064.529629,0.827781,0.811604,0.827781,0.811604,63,48,65,34,0,0,0,0,2176,1548,1318,979
2026/02/04/21:44:40,7065.530312,0.867469,0.855381,0.901937,0.864847,67,52,65,35,0,2,0,1,2176,1548,1318,979
2026/02/04/21:44:41,7066.530914,0.867469,0.855381,0.901937,0.864847,67,52,65,35,0,2,0,1,2176,1548,1318,979
2026/02/04/21:44:42,7067.531499,0.848125,0.841580,0.882594,0.851047,66,52,61,35,0,2,0,1,2177,1548,1322,979
2026/02/04/21:44:43,7068.532043,0.830344,0.814248,0.830344,0.814248,64,52,61,34,0,0,0,0,2179,1548,1322,980
2026/02/04/21:44:44,7069.532648,0.831969,0.830425,0.831969,0.830425,63,54,61,34,0,0,0,0,2180,1548,1322,980
2026/02/04/21:44:45,7070.533267,0.860406,0.853245,0.885625,0.871654,66,54,65,37,0,3,0,0,2180,1548,1322,980
2026/02/04/21:44:46,7071.533895,0.860406,0.853245,0.885625,0.871654,66,54,65,37,0,3,0,0,2180,1548,1322,980
2026/02/04/21:44:47,7072.534506,0.854906,0.847053,0.854906,0.847053,65,54,65,36,0,0,0,0,2181,1548,1322,981
2026/02/04/21:44:48,7073.535265,0.851469,0.845248,0.851469,0.845248,64,54,65,36,0,0,0,0,2182,1548,1322,981
2026/02/04/21:44:49,7074.535789,0.845844,0.839525,0.845844,0.839525,64,54,65,34,0,0,0,0,2182,1548,1322,983
2026/02/04/21:44:50,7075.536546,0.817094,0.826603,0.817094,0.826603,64,51,65,32,0,0,0,0,2182,1551,1322,985
2026/02/04/21:44:51,7076.537272,0.802281,0.815228,0.802281,0.815228,64,51,59,32,0,0,0,0,2182,1551,1328,985
2026/02/04/21:44:52,7077.537972,0.802281,0.815228,0.802281,0.815228,64,51,59,32,0,0,0,0,2182,1551,1328,985
2026/02/04/21:44:53,7078.538548,0.802281,0.815228,0.802281,0.815228,64,51,59,32,0,0,0,0,2182,1551,1328,985
2026/02/04/21:44:54,7079.539126,0.802281,0.815228,0.802281,0.815228,64,51,59,32,0,0,0,0,2182,1551,1328,985
2026/02/04/21:44:55,7080.539654,0.802281,0.815228,0.802281,0.815228,64,51,59,32,0,0,0,0,2182,1551,1328,985
2026/02/04/21:44:56,7081.540186,0.802281,0.815228,0.802281,0.815228,64,51,59,32,0,0,0,0,2182,1551,1328,985
2026/02/04/21:44:57,7082.540875,0.800562,0.812126,0.800562,0.812126,64,51,59,31,0,0,0,0,2182,1551,1328,986
2026/02/04/21:44:58,7083.541677,0.800562,0.812126,0.800562,0.812126,64,51,59,31,0,0,0,0,2182,1551,1328,986
2026/02/04/21:44:59,7084.542266,0.794438,0.808665,0.794438,0.808665,64,50,59,31,0,0,0,0,2182,1552,1328,986
2026/02/04/21:45:00,7085.542967,0.794438,0.808665,0.794438,0.808665,64,50,59,31,0,0,0,0,2182,1552,1328,986
2026/02/04/21:45:01,7086.543577,0.794438,0.808665,0.794438,0.808665,64,50,59,31,0,0,0,0,2182,1552,1328,986
2026/02/04/21:45:02,7087.544320,0.794438,0.808665,0.794438,0.808665,64,50,59,31,0,0,0,0,2182,1552,1328,986
2026/02/04/21:45:03,7088.544906,0.794438,0.808665,0.794438,0.808665,64,50,59,31,0,0,0,0,2182,1552,1328,986
2026/02/04/21:45:04,7089.545422,0.791000,0.802956,0.791000,0.802956,62,50,59,31,0,0,0,0,2184,1552,1328,986
2026/02/04/21:45:05,7090.546182,0.791000,0.802956,0.791000,0.802956,62,50,59,31,0,0,0,0,2184,1552,1328,986
2026/02/04/21:45:06,7091.546908,0.791000,0.802956,0.791000,0.802956,62,50,59,31,0,0,0,0,2184,1552,1328,986
2026/02/04/21:45:07,7092.547576,0.791000,0.802956,0.791000,0.802956,62,50,59,31,0,0,0,0,2184,1552,1328,986
2026/02/04/21:45:08,7093.548118,0.777125,0.782298,0.777125,0.782298,59,50,59,31,0,0,0,0,2187,1552,1328,986
2026/02/04/21:45:09,7094.548655,0.777125,0.782298,0.777125,0.782298,59,50,59,31,0,0,0,0,2187,1552,1328,986
2026/02/04/21:45:10,7095.549324,0.777125,0.782298,0.777125,0.782298,59,50,59,31,0,0,0,0,2187,1552,1328,986
2026/02/04/21:45:11,7096.550124,0.813406,0.799015,0.813406,0.799015,61,50,62,33,0,0,0,0,2187,1552,1328,986
2026/02/04/21:45:12,7097.553478,0.836781,0.803661,0.836781,0.803661,61,53,61,33,0,0,0,0,2187,1552,1329,986
2026/02/04/21:45:13,7098.554313,0.819656,0.800027,0.822375,0.804171,59,53,61,33,0,1,0,0,2189,1552,1329,986
2026/02/04/21:45:14,7099.554927,0.820594,0.804934,0.820594,0.804934,59,55,60,33,0,0,0,0,2189,1552,1330,986
2026/02/04/21:45:15,7100.555572,0.818438,0.801881,0.818438,0.801881,59,55,60,32,0,0,0,0,2189,1552,1330,987
2026/02/04/21:45:16,7101.556150,0.818438,0.801881,0.818438,0.801881,59,55,60,32,0,0,0,0,2189,1552,1330,987
2026/02/04/21:45:17,7102.556655,0.811000,0.791795,0.811000,0.791795,59,53,60,31,0,0,0,0,2189,1554,1330,988
2026/02/04/21:45:18,7103.557425,0.811000,0.791795,0.811000,0.791795,59,53,60,31,0,0,0,0,2189,1554,1330,988
2026/02/04/21:45:19,7104.557979,0.811000,0.791795,0.811000,0.791795,59,53,60,31,0,0,0,0,2189,1554,1330,988
2026/02/04/21:45:20,7105.558589,0.811000,0.791795,0.811000,0.791795,59,53,60,31,0,0,0,0,2189,1554,1330,988
2026/02/04/21:45:21,7106.559100,0.786156,0.787034,0.786156,0.787034,59,53,57,31,0,0,0,0,2189,1554,1333,988
2026/02/04/21:45:22,7107.559710,0.786156,0.787034,0.786156,0.787034,59,53,57,31,0,0,0,0,2189,1554,1333,988
2026/02/04/21:45:23,7108.560370,0.791094,0.788157,0.791094,0.788157,59,55,57,31,0,0,0,0,2189,1554,1333,989
2026/02/04/21:45:24,7109.560826,0.792781,0.790354,0.792781,0.790354,60,55,57,31,0,0,0,0,2189,1554,1333,989
2026/02/04/21:45:25,7110.561460,0.780219,0.786133,0.780219,0.786133,60,55,55,31,0,0,0,0,2189,1554,1335,989
2026/02/04/21:45:26,7111.562234,0.780219,0.786133,0.780219,0.786133,60,55,55,31,0,0,0,0,2189,1554,1335,989
2026/02/04/21:45:27,7112.562933,0.774906,0.785551,0.774906,0.785551,57,55,55,33,0,0,0,0,2192,1554,1338,989
2026/02/04/21:45:28,7113.563552,0.774906,0.785551,0.774906,0.785551,57,55,55,33,0,0,0,0,2192,1554,1338,989
2026/02/04/21:45:29,7114.564161,0.771719,0.778062,0.771719,0.778062,57,55,53,33,0,0,0,0,2192,1554,1340,989
2026/02/04/21:45:30,7115.569310,0.767687,0.774857,0.767687,0.774857,57,55,52,33,0,0,0,0,2192,1554,1341,989
2026/02/04/21:45:31,7116.571429,0.791750,0.783923,0.791750,0.783923,59,55,52,35,0,0,0,0,2192,1554,1341,989
2026/02/04/21:45:32,7117.571920,0.791750,0.783923,0.791750,0.783923,59,55,52,35,0,0,0,0,2192,1554,1341,989
2026/02/04/21:45:33,7118.573315,0.817312,0.805899,0.817312,0.805899,59,58,57,35,0,0,0,0,2192,1554,1341,989
2026/02/04/21:45:34,7119.573940,0.813281,0.803884,0.813281,0.803884,59,57,57,35,0,0,0,0,2192,1555,1341,989
2026/02/04/21:45:35,7120.574565,0.816031,0.804476,0.825750,0.812342,59,59,55,35,0,0,1,0,2192,1555,1343,989
2026/02/04/21:45:36,7121.576518,0.861094,0.853344,0.870812,0.861210,69,58,57,34,0,0,1,0,2192,1556,1343,990
2026/02/04/21:45:37,7122.577051,0.854875,0.851056,0.864594,0.858921,69,58,57,33,0,0,1,0,2192,1556,1343,992
2026/02/04/21:45:38,7123.577639,0.852531,0.849270,0.862250,0.857136,69,57,57,33,0,0,1,0,2192,1557,1343,992
2026/02/04/21:45:39,7124.661840,0.838938,0.836831,0.848656,0.844697,69,57,54,31,0,0,1,0,2192,1557,1346,994
2026/02/04/21:45:40,7125.662274,0.838938,0.836831,0.848656,0.844697,69,57,54,31,0,0,1,0,2192,1557,1346,994
2026/02/04/21:45:41,7126.665304,0.838938,0.836831,0.848656,0.844697,69,57,54,31,0,0,1,0,2192,1557,1346,994
2026/02/04/21:45:42,7127.665740,0.838938,0.836831,0.848656,0.844697,69,57,54,31,0,0,1,0,2192,1557,1346,994
2026/02/04/21:45:43,7128.666251,0.832594,0.840652,0.832594,0.840652,67,57,55,31,0,0,0,0,2195,1557,1346,994
2026/02/04/21:45:44,7129.666926,0.832594,0.840652,0.832594,0.840652,67,57,55,31,0,0,0,0,2195,1557,1346,994
2026/02/04/21:45:45,7130.667589,0.832594,0.840652,0.832594,0.840652,67,57,55,31,0,0,0,0,2195,1557,1346,994
2026/02/04/21:45:46,7131.668370,0.832594,0.840652,0.832594,0.840652,67,57,55,31,0,0,0,0,2195,1557,1346,994
2026/02/04/21:45:47,7132.669116,0.821063,0.832404,0.821063,0.832404,64,57,55,31,0,0,0,0,2198,1557,1346,994
2026/02/04/21:45:48,7133.669774,0.821063,0.832404,0.821063,0.832404,64,57,55,31,0,0,0,0,2198,1557,1346,994
2026/02/04/21:45:49,7134.680107,0.836625,0.858294,0.836625,0.858294,64,57,58,34,0,0,0,0,2198,1557,1346,994
2026/02/04/21:45:50,7135.680685,0.836625,0.858294,0.836625,0.858294,64,57,58,34,0,0,0,0,2198,1557,1346,994
2026/02/04/21:45:51,7136.681286,0.836625,0.858294,0.836625,0.858294,64,57,58,34,0,0,0,0,2198,1557,1346,994
2026/02/04/21:45:52,7137.681768,0.822688,0.845102,0.822688,0.845102,64,55,58,31,0,0,0,0,2198,1559,1346,997
2026/02/04/21:45:53,7138.682316,0.822688,0.845102,0.822688,0.845102,64,55,58,31,0,0,0,0,2198,1559,1346,997
2026/02/04/21:45:54,7139.682998,0.822688,0.845102,0.822688,0.845102,64,55,58,31,0,0,0,0,2198,1559,1346,997
2026/02/04/21:45:55,7140.683523,0.822688,0.845102,0.822688,0.845102,64,55,58,31,0,0,0,0,2198,1559,1346,997
2026/02/04/21:45:56,7141.684115,0.822688,0.845102,0.822688,0.845102,64,55,58,31,0,0,0,0,2198,1559,1346,997
2026/02/04/21:45:57,7142.684714,0.822688,0.845102,0.822688,0.845102,64,55,58,31,0,0,0,0,2198,1559,1346,997
2026/02/04/21:45:58,7143.685277,0.820031,0.841754,0.820031,0.841754,64,54,58,31,0,0,0,0,2198,1560,1346,997
2026/02/04/21:45:59,7144.685984,0.807781,0.821980,0.807781,0.821980,60,54,58,31,0,0,0,0,2202,1560,1346,997
2026/02/04/21:46:00,7145.686602,0.807781,0.821980,0.807781,0.821980,60,54,58,31,0,0,0,0,2202,1560,1346,997
2026/02/04/21:46:01,7146.687328,0.807781,0.821980,0.807781,0.821980,60,54,58,31,0,0,0,0,2202,1560,1346,997
2026/02/04/21:46:02,7147.687904,0.807781,0.821980,0.807781,0.821980,60,54,58,31,0,0,0,0,2202,1560,1346,997
2026/02/04/21:46:03,7148.688576,0.800281,0.807100,0.800281,0.807100,58,54,58,31,0,0,0,0,2204,1560,1346,997
2026/02/04/21:46:04,7149.689210,0.806562,0.819909,0.806562,0.819909,61,54,58,31,0,0,0,0,2204,1560,1346,997
2026/02/04/21:46:05,7150.689900,0.803000,0.801988,0.803000,0.801988,61,52,58,31,0,0,0,0,2204,1562,1346,997
2026/02/04/21:46:06,7151.690515,0.799500,0.791273,0.799500,0.791273,61,52,56,31,0,0,0,0,2204,1562,1348,997
2026/02/04/21:46:07,7152.691143,0.799500,0.791273,0.799500,0.791273,61,52,56,31,0,0,0,0,2204,1562,1348,997
2026/02/04/21:46:08,7153.691864,0.799500,0.791273,0.799500,0.791273,61,52,56,31,0,0,0,0,2204,1562,1348,997
2026/02/04/21:46:09,7154.692583,0.799500,0.791273,0.799500,0.791273,61,52,56,31,0,0,0,0,2204,1562,1348,997
2026/02/04/21:46:10,7155.693145,0.799500,0.791273,0.799500,0.791273,61,52,56,31,0,0,0,0,2204,1562,1348,997
2026/02/04/21:46:11,7156.693795,0.799500,0.791273,0.799500,0.791273,61,52,56,31,0,0,0,0,2204,1562,1348,997
2026/02/04/21:46:12,7157.694332,0.799500,0.791273,0.799500,0.791273,61,52,56,31,0,0,0,0,2204,1562,1348,997
2026/02/04/21:46:13,7158.694833,0.799500,0.791273,0.799500,0.791273,61,52,56,31,0,0,0,0,2204,1562,1348,997
2026/02/04/21:46:14,7159.695470,0.799500,0.791273,0.799500,0.791273,61,52,56,31,0,0,0,0,2204,1562,1348,997
2026/02/04/21:46:15,7160.695997,0.812031,0.802809,0.812031,0.802809,64,52,56,32,0,0,0,0,2204,1562,1348,997
2026/02/04/21:46:16,7161.696617,0.861875,0.846263,0.861875,0.846263,70,52,56,38,0,0,0,0,2204,1562,1348,997
2026/02/04/21:46:17,7162.697300,0.864625,0.848252,0.864625,0.848252,71,52,56,38,0,0,0,0,2204,1562,1348,997
2026/02/04/21:46:18,7163.697821,0.852812,0.841120,0.852812,0.841120,71,52,56,35,0,0,0,0,2204,1562,1348,1000
2026/02/04/21:46:19,7164.698410,0.852812,0.841120,0.852812,0.841120,71,52,56,35,0,0,0,0,2204,1562,1348,1000
2026/02/04/21:46:20,7165.698931,0.852812,0.841120,0.852812,0.841120,71,52,56,35,0,0,0,0,2204,1562,1348,1000
2026/02/04/21:46:21,7166.699396,0.854969,0.847356,0.856563,0.861725,71,52,57,35,0,1,0,0,2204,1562,1348,1000
2026/02/04/21:46:22,7167.699924,0.838375,0.841560,0.839969,0.855928,71,52,57,32,0,1,0,0,2204,1562,1348,1003
2026/02/04/21:46:23,7168.700681,0.838375,0.841560,0.838375,0.841560,71,52,57,32,0,0,0,0,2204,1562,1348,1003
2026/02/04/21:46:24,7169.701262,0.840906,0.840028,0.840906,0.840028,71,52,59,32,0,0,0,0,2204,1562,1349,1003
2026/02/04/21:46:25,7170.701889,0.840906,0.840028,0.840906,0.840028,71,52,59,32,0,0,0,0,2204,1562,1349,1003
2026/02/04/21:46:26,7171.702702,0.840906,0.840028,0.840906,0.840028,71,52,59,32,0,0,0,0,2204,1562,1349,1003
2026/02/04/21:46:27,7172.703364,0.840906,0.840028,0.840906,0.840028,71,52,59,32,0,0,0,0,2204,1562,1349,1003
2026/02/04/21:46:28,7173.704066,0.837781,0.831168,0.837781,0.831168,69,52,59,32,0,0,0,0,2206,1562,1349,1003
2026/02/04/21:46:29,7174.704541,0.837781,0.831168,0.837781,0.831168,69,52,59,32,0,0,0,0,2206,1562,1349,1003
2026/02/04/21:46:30,7175.705280,0.837781,0.831168,0.837781,0.831168,69,52,59,32,0,0,0,0,2206,1562,1349,1003
2026/02/04/21:46:31,7176.705932,0.828063,0.823302,0.828063,0.823302,69,52,58,32,0,0,0,0,2206,1562,1350,1003
2026/02/04/21:46:32,7177.706559,0.828063,0.823302,0.828063,0.823302,69,52,58,32,0,0,0,0,2206,1562,1350,1003
2026/02/04/21:46:33,7178.707286,0.817375,0.815571,0.817375,0.815571,66,52,58,32,0,0,0,0,2209,1562,1350,1003
2026/02/04/21:46:34,7179.707891,0.817375,0.815571,0.817375,0.815571,66,52,58,32,0,0,0,0,2209,1562,1350,1003
2026/02/04/21:46:35,7180.708462,0.817375,0.815571,0.817375,0.815571,66,52,58,32,0,0,0,0,2209,1562,1350,1003
2026/02/04/21:46:36,7181.709008,0.817375,0.815571,0.817375,0.815571,66,52,58,32,0,0,0,0,2209,1562,1350,1003
2026/02/04/21:46:37,7182.709542,0.817375,0.815571,0.817375,0.815571,66,52,58,32,0,0,0,0,2209,1562,1350,1003
2026/02/04/21:46:38,7183.710095,0.817375,0.815571,0.817375,0.815571,66,52,58,32,0,0,0,0,2209,1562,1350,1003
2026/02/04/21:46:39,7184.710664,0.817375,0.815571,0.817375,0.815571,66,52,58,32,0,0,0,0,2209,1562,1350,1003
2026/02/04/21:46:40,7185.711274,0.807250,0.795244,0.807250,0.795244,66,52,55,32,0,0,0,0,2209,1562,1353,1003
2026/02/04/21:46:41,7186.711810,0.845375,0.842237,0.855156,0.849491,66,55,59,34,1,0,0,0,2209,1562,1353,1004
2026/02/04/21:46:42,7187.712285,0.845375,0.842237,0.855156,0.849491,66,55,59,34,1,0,0,0,2209,1562,1353,1004
2026/02/04/21:46:43,7188.712767,0.875656,0.856770,0.885437,0.864023,67,57,61,34,1,0,0,0,2211,1562,1353,1004
2026/02/04/21:46:44,7189.713461,0.892969,0.867617,0.902750,0.874871,69,60,61,34,1,0,0,0,2211,1562,1353,1004
2026/02/04/21:46:45,7190.713970,0.901281,0.874304,0.911062,0.881558,72,62,60,34,1,0,0,0,2211,1563,1354,1004
2026/02/04/21:46:46,7191.714490,0.882844,0.867205,0.892625,0.874459,72,58,60,34,1,0,0,0,2211,1567,1354,1004
2026/02/04/21:46:47,7192.715010,0.882844,0.867205,0.892625,0.874459,72,58,60,34,1,0,0,0,2211,1567,1354,1004
2026/02/04/21:46:48,7193.715397,0.882844,0.867205,0.892625,0.874459,72,58,60,34,1,0,0,0,2211,1567,1354,1004
2026/02/04/21:46:49,7194.718585,0.882844,0.867205,0.892625,0.874459,72,58,60,34,1,0,0,0,2211,1567,1354,1004
2026/02/04/21:46:50,7195.719131,0.872812,0.854978,0.872812,0.854978,72,57,58,34,0,0,0,0,2212,1568,1356,1004
2026/02/04/21:46:51,7196.719799,0.912062,0.889049,0.928250,0.902103,78,59,60,34,1,0,2,0,2212,1568,1356,1004
2026/02/04/21:46:52,7197.720371,0.930531,0.897939,0.959594,0.914914,83,57,62,34,0,1,3,1,2212,1570,1356,1004
2026/02/04/21:46:53,7198.720804,0.919500,0.898282,0.940219,0.907783,83,55,60,36,0,0,3,0,2213,1574,1358,1004
2026/02/04/21:46:54,7199.721469,0.896500,0.882757,0.896500,0.882757,81,55,61,33,0,0,0,0,2215,1574,1360,1007
2026/02/04/21:46:55,7200.721988,0.866125,0.864062,0.866125,0.864062,76,52,61,33,0,0,0,0,2220,1577,1360,1007
2026/02/04/21:46:56,7201.722670,0.856281,0.849579,0.856281,0.849579,71,52,61,33,0,0,0,0,2225,1577,1360,1007
2026/02/04/21:46:57,7202.723262,0.856281,0.849579,0.856281,0.849579,71,52,61,33,0,0,0,0,2225,1577,1360,1007
