timestamp,time_s,cpu_run_util,mem_run_util,cpu_req_util,mem_req_util,running_p1,running_p2,running_p3,running_p4,unsched_p1,unsched_p2,unsched_p3,unsched_p4,deletions_cum_p1,deletions_cum_p2,deletions_cum_p3,deletions_cum_p4
2026/01/19/14:16:13,2.177466,0.000000,0.000000,0.000000,0.000000,0,0,0,0,0,0,0,0,0,0,0,0
2026/01/19/14:16:14,3.177626,0.186312,0.236490,0.200875,0.241328,10,9,4,3,1,0,0,0,0,0,0,0
2026/01/19/14:16:15,4.177720,0.257063,0.314555,0.257063,0.314555,12,13,10,3,0,0,0,0,0,0,0,0
2026/01/19/14:16:16,5.177806,0.329125,0.376197,0.348062,0.381065,17,14,12,4,0,1,0,0,0,0,0,0
2026/01/19/14:16:17,6.177963,0.448875,0.467347,0.448875,0.467347,18,17,17,8,0,0,0,0,0,0,0,0
2026/01/19/14:16:18,7.178076,0.533687,0.553931,0.541250,0.558018,21,20,19,10,0,0,0,1,0,0,0,0
2026/01/19/14:16:19,8.178164,0.635687,0.653416,0.635687,0.653416,25,24,21,12,0,0,0,0,0,0,0,0
2026/01/19/14:16:20,9.178282,0.692813,0.727973,0.697187,0.753586,28,25,24,15,0,0,1,0,0,1,0,0
2026/01/19/14:16:21,10.178372,0.770687,0.790850,0.779438,0.842075,28,28,28,18,0,0,2,0,0,1,0,0
2026/01/19/14:16:22,11.178460,0.804125,0.814186,0.812875,0.865411,28,28,30,19,0,0,2,0,0,1,0,0
2026/01/19/14:16:23,12.178536,0.819375,0.837087,0.828125,0.888312,31,28,31,19,0,0,2,0,0,1,0,0
2026/01/19/14:16:24,13.178646,0.819375,0.837087,0.828125,0.888312,31,28,31,19,0,0,2,0,0,1,0,0
2026/01/19/14:16:25,14.178741,0.823250,0.843330,0.832000,0.894555,32,28,31,19,0,0,2,0,0,1,0,0
2026/01/19/14:16:26,15.178800,0.823250,0.843330,0.832000,0.894555,32,28,31,19,0,0,2,0,0,1,0,0
2026/01/19/14:16:27,16.178947,0.823250,0.843330,0.832000,0.894555,32,28,31,19,0,0,2,0,0,1,0,0
2026/01/19/14:16:28,17.179106,0.815500,0.829319,0.824250,0.880543,30,28,31,19,0,0,2,0,2,1,0,0
2026/01/19/14:16:29,18.179210,0.815500,0.829319,0.824250,0.880543,30,28,31,19,0,0,2,0,2,1,0,0
2026/01/19/14:16:30,19.179295,0.815500,0.829319,0.824250,0.880543,30,28,31,19,0,0,2,0,2,1,0,0
2026/01/19/14:16:31,20.179400,0.815500,0.829319,0.824250,0.880543,30,28,31,19,0,0,2,0,2,1,0,0
2026/01/19/14:16:32,21.179547,0.824250,0.880543,0.824250,0.880543,30,28,33,19,0,0,0,0,6,1,0,0
2026/01/19/14:16:33,22.179652,0.845437,0.901873,0.880375,0.942659,31,29,33,21,3,0,0,0,6,1,0,0
2026/01/19/14:16:34,23.179750,0.845437,0.901873,0.880375,0.942659,31,29,33,21,3,0,0,0,6,1,0,0
2026/01/19/14:16:35,24.179851,0.845437,0.901873,0.853437,0.922633,31,29,33,21,2,0,0,0,6,1,0,0
2026/01/19/14:16:36,25.179925,0.839750,0.908629,0.843750,0.919009,32,28,33,21,1,0,0,0,6,2,0,0
2026/01/19/14:16:37,26.180001,0.839750,0.908629,0.843750,0.919009,32,28,33,21,1,0,0,0,6,2,0,0
2026/01/19/14:16:38,27.180134,0.839750,0.908629,0.843750,0.919009,32,28,33,21,1,0,0,0,6,2,0,0
2026/01/19/14:16:39,28.180232,0.839750,0.908629,0.843750,0.919009,32,28,33,21,1,0,0,0,6,2,0,0
2026/01/19/14:16:40,29.180312,0.839750,0.908629,0.843750,0.919009,32,28,33,21,1,0,0,0,6,2,0,0
2026/01/19/14:16:41,30.180428,0.826688,0.842019,0.826688,0.842019,33,28,33,18,0,0,0,0,6,2,0,3
2026/01/19/14:16:42,31.180537,0.826688,0.842019,0.826688,0.842019,33,28,33,18,0,0,0,0,6,2,0,3
2026/01/19/14:16:43,32.180629,0.826688,0.842019,0.826688,0.842019,33,28,33,18,0,0,0,0,6,2,0,3
2026/01/19/14:16:44,33.180779,0.826688,0.842019,0.826688,0.842019,33,28,33,18,0,0,0,0,6,2,0,3
2026/01/19/14:16:45,34.180862,0.826688,0.842019,0.830438,0.854247,33,28,33,18,0,1,0,0,6,2,0,3
2026/01/19/14:16:46,35.181019,0.839187,0.880662,0.845938,0.920874,30,34,33,18,2,0,0,0,9,2,0,3
2026/01/19/14:16:47,36.181181,0.831063,0.874213,0.837812,0.914424,28,34,33,18,2,0,0,0,11,2,0,3
2026/01/19/14:16:48,37.181285,0.831063,0.874213,0.837812,0.914424,28,34,33,18,2,0,0,0,11,2,0,3
2026/01/19/14:16:49,38.181430,0.822812,0.880214,0.826187,0.900320,29,34,30,18,1,0,0,0,11,2,3,3
2026/01/19/14:16:50,39.181582,0.816125,0.863869,0.816125,0.863869,30,32,30,18,0,0,0,0,11,4,3,3
2026/01/19/14:16:51,40.181687,0.816125,0.863869,0.816125,0.863869,30,32,30,18,0,0,0,0,11,4,3,3
2026/01/19/14:16:52,41.181784,0.808625,0.856543,0.808625,0.856543,30,32,30,16,0,0,0,0,11,4,3,5
2026/01/19/14:16:53,42.181883,0.808625,0.856543,0.808625,0.856543,30,32,30,16,0,0,0,0,11,4,3,5
2026/01/19/14:16:54,43.181997,0.808625,0.856543,0.808625,0.856543,30,32,30,16,0,0,0,0,11,4,3,5
2026/01/19/14:16:55,44.182139,0.808625,0.856543,0.808625,0.856543,30,32,30,16,0,0,0,0,11,4,3,5
2026/01/19/14:16:56,45.182281,0.782000,0.841379,0.782000,0.841379,30,30,30,16,0,0,0,0,11,6,3,5
2026/01/19/14:16:57,46.182390,0.782000,0.841379,0.782000,0.841379,30,30,30,16,0,0,0,0,11,6,3,5
2026/01/19/14:16:58,47.182476,0.782000,0.841379,0.782000,0.841379,30,30,30,16,0,0,0,0,11,6,3,5
2026/01/19/14:16:59,48.182629,0.782000,0.841379,0.782000,0.841379,30,30,30,16,0,0,0,0,11,6,3,5
2026/01/19/14:17:00,49.182802,0.782000,0.841379,0.782000,0.841379,30,30,30,16,0,0,0,0,11,6,3,5
2026/01/19/14:17:01,50.182910,0.775250,0.801168,0.775250,0.801168,28,30,30,16,0,0,0,0,13,6,3,5
2026/01/19/14:17:02,51.182999,0.775250,0.801168,0.775250,0.801168,28,30,30,16,0,0,0,0,13,6,3,5
2026/01/19/14:17:03,52.183124,0.775250,0.801168,0.775250,0.801168,28,30,30,16,0,0,0,0,13,6,3,5
2026/01/19/14:17:04,53.183225,0.775250,0.801168,0.775250,0.801168,28,30,30,16,0,0,0,0,13,6,3,5
2026/01/19/14:17:05,54.183377,0.775250,0.801168,0.775250,0.801168,28,30,30,16,0,0,0,0,13,6,3,5
2026/01/19/14:17:06,55.183521,0.775250,0.801168,0.775250,0.801168,28,30,30,16,0,0,0,0,13,6,3,5
2026/01/19/14:17:07,56.183674,0.768750,0.788518,0.768750,0.788518,28,28,30,16,0,0,0,0,13,8,3,5
2026/01/19/14:17:08,57.183775,0.768750,0.788518,0.768750,0.788518,28,28,30,16,0,0,0,0,13,8,3,5
2026/01/19/14:17:09,58.183861,0.768750,0.788518,0.768750,0.788518,28,28,30,16,0,0,0,0,13,8,3,5
2026/01/19/14:17:10,59.184024,0.768750,0.788518,0.768750,0.788518,28,28,30,16,0,0,0,0,13,8,3,5
2026/01/19/14:17:11,60.184140,0.758062,0.767413,0.758062,0.767413,28,25,30,16,0,0,0,0,13,11,3,5
2026/01/19/14:17:12,61.184240,0.758062,0.767413,0.758062,0.767413,28,25,30,16,0,0,0,0,13,11,3,5
2026/01/19/14:17:13,62.184320,0.758062,0.767413,0.758062,0.767413,28,25,30,16,0,0,0,0,13,11,3,5
2026/01/19/14:17:14,63.184422,0.758062,0.767413,0.758062,0.767413,28,25,30,16,0,0,0,0,13,11,3,5
2026/01/19/14:17:15,64.184593,0.758062,0.767413,0.758062,0.767413,28,25,30,16,0,0,0,0,13,11,3,5
2026/01/19/14:17:16,65.184730,0.758062,0.767413,0.758062,0.767413,28,25,30,16,0,0,0,0,13,11,3,5
2026/01/19/14:17:17,66.184826,0.758062,0.767413,0.758062,0.767413,28,25,30,16,0,0,0,0,13,11,3,5
2026/01/19/14:17:18,67.184947,0.766188,0.823711,0.766188,0.823711,30,25,30,16,0,0,0,0,13,11,3,5
2026/01/19/14:17:19,68.185116,0.766188,0.823711,0.766188,0.823711,30,25,30,16,0,0,0,0,13,11,3,5
2026/01/19/14:17:20,69.185230,0.758062,0.767413,0.758062,0.767413,28,25,30,16,0,0,0,0,15,11,3,5
2026/01/19/14:17:21,70.185333,0.758062,0.767413,0.758062,0.767413,28,25,30,16,0,0,0,0,15,11,3,5
2026/01/19/14:17:22,71.185447,0.754812,0.758730,0.754812,0.758730,28,25,29,16,0,0,0,0,15,11,4,5
2026/01/19/14:17:23,72.185620,0.754812,0.758730,0.754812,0.758730,28,25,29,16,0,0,0,0,15,11,4,5
2026/01/19/14:17:24,73.185701,0.754812,0.758730,0.754812,0.758730,28,25,29,16,0,0,0,0,15,11,4,5
2026/01/19/14:17:25,74.185862,0.754812,0.758730,0.754812,0.758730,28,25,29,16,0,0,0,0,15,11,4,5
2026/01/19/14:17:26,75.186019,0.754812,0.758730,0.754812,0.758730,28,25,29,16,0,0,0,0,15,11,4,5
2026/01/19/14:17:27,76.186131,0.754812,0.758730,0.754812,0.758730,28,25,29,16,0,0,0,0,15,11,4,5
2026/01/19/14:17:28,77.186224,0.754812,0.758730,0.754812,0.758730,28,25,29,16,0,0,0,0,15,11,4,5
2026/01/19/14:17:29,78.186380,0.754812,0.758730,0.754812,0.758730,28,25,29,16,0,0,0,0,15,11,4,5
2026/01/19/14:17:30,79.186483,0.754812,0.758730,0.754812,0.758730,28,25,29,16,0,0,0,0,15,11,4,5
2026/01/19/14:17:31,80.186581,0.754812,0.758730,0.754812,0.758730,28,25,29,16,0,0,0,0,15,11,4,5
2026/01/19/14:17:32,81.186694,0.754812,0.758730,0.754812,0.758730,28,25,29,16,0,0,0,0,15,11,4,5
2026/01/19/14:17:33,82.186785,0.754812,0.758730,0.754812,0.758730,28,25,29,16,0,0,0,0,15,11,4,5
2026/01/19/14:17:34,83.186891,0.754812,0.758730,0.754812,0.758730,28,25,29,16,0,0,0,0,15,11,4,5
2026/01/19/14:17:35,84.186994,0.754812,0.758730,0.754812,0.758730,28,25,29,16,0,0,0,0,15,11,4,5
2026/01/19/14:17:36,85.187088,0.754812,0.758730,0.754812,0.758730,28,25,29,16,0,0,0,0,15,11,4,5
2026/01/19/14:17:37,86.187128,0.754812,0.758730,0.754812,0.758730,28,25,29,16,0,0,0,0,15,11,4,5
2026/01/19/14:17:38,87.187229,0.754812,0.758730,0.754812,0.758730,28,25,29,16,0,0,0,0,15,11,4,5
2026/01/19/14:17:39,88.187317,0.754812,0.758730,0.754812,0.758730,28,25,29,16,0,0,0,0,15,11,4,5
2026/01/19/14:17:40,89.187418,0.754812,0.758730,0.754812,0.758730,28,25,29,16,0,0,0,0,15,11,4,5
2026/01/19/14:17:41,90.187518,0.754812,0.758730,0.754812,0.758730,28,25,29,16,0,0,0,0,15,11,4,5
2026/01/19/14:17:42,91.187630,0.754812,0.758730,0.754812,0.758730,28,25,29,16,0,0,0,0,15,11,4,5
2026/01/19/14:17:43,92.187718,0.746563,0.744512,0.746563,0.744512,28,24,29,16,0,0,0,0,15,12,4,5
2026/01/19/14:17:44,93.187820,0.746563,0.744512,0.746563,0.744512,28,24,29,16,0,0,0,0,15,12,4,5
2026/01/19/14:17:45,94.187930,0.746563,0.744512,0.746563,0.744512,28,24,29,16,0,0,0,0,15,12,4,5
2026/01/19/14:17:46,95.188034,0.746563,0.744512,0.746563,0.744512,28,24,29,16,0,0,0,0,15,12,4,5
2026/01/19/14:17:47,96.188144,0.746563,0.744512,0.746563,0.744512,28,24,29,16,0,0,0,0,15,12,4,5
2026/01/19/14:17:48,97.188264,0.746563,0.744512,0.746563,0.744512,28,24,29,16,0,0,0,0,15,12,4,5
2026/01/19/14:17:49,98.188355,0.746563,0.744512,0.746563,0.744512,28,24,29,16,0,0,0,0,15,12,4,5
2026/01/19/14:17:50,99.188451,0.746563,0.744512,0.746563,0.744512,28,24,29,16,0,0,0,0,15,12,4,5
2026/01/19/14:17:51,100.188582,0.746563,0.744512,0.746563,0.744512,28,24,29,16,0,0,0,0,15,12,4,5
2026/01/19/14:17:52,101.188646,0.746563,0.744512,0.746563,0.744512,28,24,29,16,0,0,0,0,15,12,4,5
2026/01/19/14:17:53,102.188815,0.746563,0.744512,0.746563,0.744512,28,24,29,16,0,0,0,0,15,12,4,5
2026/01/19/14:17:54,103.188911,0.746563,0.744512,0.746563,0.744512,28,24,29,16,0,0,0,0,15,12,4,5
2026/01/19/14:17:55,104.188999,0.798687,0.756114,0.863000,0.789161,28,25,29,17,0,1,3,1,15,12,4,5
2026/01/19/14:17:56,105.189123,0.870062,0.825721,0.922188,0.837323,31,27,35,18,0,1,0,1,15,12,4,5
2026/01/19/14:17:57,106.189279,0.870062,0.825721,0.922188,0.837323,31,27,35,18,0,1,0,1,15,12,4,5
2026/01/19/14:17:58,107.189382,0.870062,0.825721,0.922188,0.837323,31,27,35,18,0,1,0,1,15,12,4,5
2026/01/19/14:17:59,108.189482,0.851375,0.796360,0.903500,0.807963,31,27,32,17,0,1,0,1,15,12,7,6
2026/01/19/14:18:00,109.189589,0.837688,0.785638,0.889813,0.797241,28,27,32,17,0,1,0,1,18,12,7,6
2026/01/19/14:18:01,110.189687,0.837688,0.785638,0.889813,0.797241,28,27,32,17,0,1,0,1,18,12,7,6
2026/01/19/14:18:02,111.189760,0.837688,0.785638,0.889813,0.797241,28,27,32,17,0,1,0,1,18,12,7,6
2026/01/19/14:18:03,112.189881,0.837688,0.785638,0.889813,0.797241,28,27,32,17,0,1,0,1,18,12,7,6
2026/01/19/14:18:04,113.189982,0.819937,0.778092,0.872062,0.789694,28,27,31,17,0,1,0,1,18,12,8,6
2026/01/19/14:18:05,114.190144,0.819937,0.778092,0.872062,0.789694,28,27,31,17,0,1,0,1,18,12,8,6
2026/01/19/14:18:06,115.190224,0.819937,0.778092,0.872062,0.789694,28,27,31,17,0,1,0,1,18,12,8,6
2026/01/19/14:18:07,116.190378,0.872062,0.789694,0.872062,0.789694,28,28,31,18,0,0,0,0,20,12,8,6
2026/01/19/14:18:08,117.190483,0.864437,0.781210,0.864437,0.781210,28,26,31,18,0,0,0,0,20,14,8,6
2026/01/19/14:18:09,118.190597,0.864437,0.781210,0.864437,0.781210,28,26,31,18,0,0,0,0,20,14,8,6
2026/01/19/14:18:10,119.190716,0.864437,0.781210,0.864437,0.781210,28,26,31,18,0,0,0,0,20,14,8,6
2026/01/19/14:18:11,120.190820,0.864437,0.781210,0.864437,0.781210,28,26,31,18,0,0,0,0,20,14,8,6
2026/01/19/14:18:12,121.190963,0.864437,0.781210,0.864437,0.781210,28,26,31,18,0,0,0,0,20,14,8,6
2026/01/19/14:18:13,122.191127,0.864437,0.781210,0.864437,0.781210,28,26,31,18,0,0,0,0,20,14,8,6
2026/01/19/14:18:14,123.191279,0.864437,0.781210,0.864437,0.781210,28,26,31,18,0,0,0,0,20,14,8,6
2026/01/19/14:18:15,124.191416,0.864437,0.781210,0.864437,0.781210,28,26,31,18,0,0,0,0,20,14,8,6
2026/01/19/14:18:16,125.191509,0.864437,0.781210,0.864437,0.781210,28,26,31,18,0,0,0,0,20,14,8,6
2026/01/19/14:18:17,126.191608,0.817187,0.768176,0.817187,0.768176,28,26,31,16,0,0,0,0,20,14,8,8
2026/01/19/14:18:18,127.191715,0.817187,0.768176,0.817187,0.768176,28,26,31,16,0,0,0,0,20,14,8,8
2026/01/19/14:18:19,128.191851,0.817187,0.768176,0.817187,0.768176,28,26,31,16,0,0,0,0,20,14,8,8
2026/01/19/14:18:20,129.191928,0.817187,0.768176,0.817187,0.768176,28,26,31,16,0,0,0,0,20,14,8,8
2026/01/19/14:18:21,130.192026,0.817187,0.768176,0.817187,0.768176,28,26,31,16,0,0,0,0,20,14,8,8
2026/01/19/14:18:22,131.192135,0.817187,0.768176,0.817187,0.768176,28,26,31,16,0,0,0,0,20,14,8,8
2026/01/19/14:18:23,132.192235,0.817187,0.768176,0.817187,0.768176,28,26,31,16,0,0,0,0,20,14,8,8
2026/01/19/14:18:24,133.192332,0.817187,0.768176,0.817187,0.768176,28,26,31,16,0,0,0,0,20,14,8,8
2026/01/19/14:18:25,134.192455,0.817187,0.768176,0.817187,0.768176,28,26,31,16,0,0,0,0,20,14,8,8
2026/01/19/14:18:26,135.192530,0.817187,0.768176,0.817187,0.768176,28,26,31,16,0,0,0,0,20,14,8,8
2026/01/19/14:18:27,136.192627,0.817187,0.768176,0.817187,0.768176,28,26,31,16,0,0,0,0,20,14,8,8
2026/01/19/14:18:28,137.192779,0.760188,0.758005,0.760188,0.758005,28,24,31,16,0,0,0,0,20,16,8,8
2026/01/19/14:18:29,138.192935,0.760188,0.758005,0.760188,0.758005,28,24,31,16,0,0,0,0,20,16,8,8
2026/01/19/14:18:30,139.193104,0.760188,0.758005,0.760188,0.758005,28,24,31,16,0,0,0,0,20,16,8,8
2026/01/19/14:18:31,140.193193,0.760188,0.758005,0.760188,0.758005,28,24,31,16,0,0,0,0,20,16,8,8
2026/01/19/14:18:32,141.193321,0.760188,0.758005,0.760188,0.758005,28,24,31,16,0,0,0,0,20,16,8,8
2026/01/19/14:18:33,142.193397,0.760188,0.758005,0.760188,0.758005,28,24,31,16,0,0,0,0,20,16,8,8
2026/01/19/14:18:34,143.193550,0.760188,0.758005,0.760188,0.758005,28,24,31,16,0,0,0,0,20,16,8,8
2026/01/19/14:18:35,144.193719,0.760188,0.758005,0.760188,0.758005,28,24,31,16,0,0,0,0,20,16,8,8
2026/01/19/14:18:36,145.193869,0.760188,0.758005,0.760188,0.758005,28,24,31,16,0,0,0,0,20,16,8,8
2026/01/19/14:18:37,146.193975,0.760188,0.758005,0.760188,0.758005,28,24,31,16,0,0,0,0,20,16,8,8
2026/01/19/14:18:38,147.194100,0.760188,0.758005,0.760188,0.758005,28,24,31,16,0,0,0,0,20,16,8,8
2026/01/19/14:18:39,148.194233,0.760188,0.758005,0.760188,0.758005,28,24,31,16,0,0,0,0,20,16,8,8
2026/01/19/14:18:40,149.194386,0.760188,0.758005,0.760188,0.758005,28,24,31,16,0,0,0,0,20,16,8,8
2026/01/19/14:18:41,150.194494,0.760188,0.758005,0.760188,0.758005,28,24,31,16,0,0,0,0,20,16,8,8
2026/01/19/14:18:42,151.194646,0.788875,0.779657,0.788875,0.779657,30,25,31,17,0,0,0,0,20,16,8,8
2026/01/19/14:18:43,152.194728,0.788875,0.779657,0.788875,0.779657,30,25,31,17,0,0,0,0,20,16,8,8
2026/01/19/14:18:44,153.194846,0.788875,0.779657,0.788875,0.779657,30,25,31,17,0,0,0,0,20,16,8,8
2026/01/19/14:18:45,154.194943,0.774250,0.772788,0.774250,0.772788,30,25,31,16,0,0,0,0,20,16,8,9
2026/01/19/14:18:46,155.195045,0.760188,0.758005,0.760188,0.758005,28,24,31,16,0,0,0,0,22,17,8,9
2026/01/19/14:18:47,156.195135,0.760188,0.758005,0.760188,0.758005,28,24,31,16,0,0,0,0,22,17,8,9
2026/01/19/14:18:48,157.195246,0.760188,0.758005,0.760188,0.758005,28,24,31,16,0,0,0,0,22,17,8,9
2026/01/19/14:18:49,158.195353,0.760188,0.758005,0.760188,0.758005,28,24,31,16,0,0,0,0,22,17,8,9
2026/01/19/14:18:50,159.195498,0.760188,0.758005,0.760188,0.758005,28,24,31,16,0,0,0,0,22,17,8,9
2026/01/19/14:18:51,160.195656,0.760188,0.758005,0.760188,0.758005,28,24,31,16,0,0,0,0,22,17,8,9
2026/01/19/14:18:52,161.195765,0.760188,0.758005,0.760188,0.758005,28,24,31,16,0,0,0,0,22,17,8,9
2026/01/19/14:18:53,162.195915,0.760188,0.758005,0.760188,0.758005,28,24,31,16,0,0,0,0,22,17,8,9
2026/01/19/14:18:54,163.196014,0.760188,0.758005,0.760188,0.758005,28,24,31,16,0,0,0,0,22,17,8,9
2026/01/19/14:18:55,164.196173,0.760188,0.758005,0.760188,0.758005,28,24,31,16,0,0,0,0,22,17,8,9
2026/01/19/14:18:56,165.196273,0.760188,0.758005,0.760188,0.758005,28,24,31,16,0,0,0,0,22,17,8,9
2026/01/19/14:18:57,166.196404,0.760188,0.758005,0.760188,0.758005,28,24,31,16,0,0,0,0,22,17,8,9
2026/01/19/14:18:58,167.196564,0.760188,0.758005,0.760188,0.758005,28,24,31,16,0,0,0,0,22,17,8,9
2026/01/19/14:18:59,168.196712,0.760188,0.758005,0.760188,0.758005,28,24,31,16,0,0,0,0,22,17,8,9
2026/01/19/14:19:00,169.196813,0.760188,0.758005,0.760188,0.758005,28,24,31,16,0,0,0,0,22,17,8,9
2026/01/19/14:19:01,170.196862,0.760188,0.758005,0.760188,0.758005,28,24,31,16,0,0,0,0,22,17,8,9
2026/01/19/14:19:02,171.197031,0.760188,0.758005,0.760188,0.758005,28,24,31,16,0,0,0,0,22,17,8,9
2026/01/19/14:19:03,172.197160,0.760188,0.758005,0.760188,0.758005,28,24,31,16,0,0,0,0,22,17,8,9
2026/01/19/14:19:04,173.197271,0.760188,0.758005,0.760188,0.758005,28,24,31,16,0,0,0,0,22,17,8,9
2026/01/19/14:19:05,174.197429,0.760188,0.758005,0.760188,0.758005,28,24,31,16,0,0,0,0,22,17,8,9
2026/01/19/14:19:06,175.197535,0.760188,0.758005,0.768563,0.810350,28,24,31,16,0,0,0,2,22,17,8,9
2026/01/19/14:19:07,176.197620,0.837625,0.853274,0.837625,0.853274,28,27,32,19,0,0,0,0,22,17,8,9
2026/01/19/14:19:08,177.197726,0.837625,0.853274,0.837625,0.853274,28,27,32,19,0,0,0,0,22,17,8,9
2026/01/19/14:19:09,178.197873,0.829812,0.848077,0.829812,0.848077,28,27,31,19,0,0,0,0,22,17,9,9
2026/01/19/14:19:10,179.198035,0.768563,0.810350,0.768563,0.810350,28,24,31,18,0,0,0,0,22,20,9,10
2026/01/19/14:19:11,180.198160,0.768563,0.810350,0.768563,0.810350,28,24,31,18,0,0,0,0,22,20,9,10
2026/01/19/14:19:12,181.198294,0.768563,0.810350,0.768563,0.810350,28,24,31,18,0,0,0,0,22,20,9,10
2026/01/19/14:19:13,182.198443,0.768563,0.810350,0.768563,0.810350,28,24,31,18,0,0,0,0,22,20,9,10
2026/01/19/14:19:14,183.198549,0.768563,0.810350,0.768563,0.810350,28,24,31,18,0,0,0,0,22,20,9,10
2026/01/19/14:19:15,184.198702,0.768563,0.810350,0.768563,0.810350,28,24,31,18,0,0,0,0,22,20,9,10
2026/01/19/14:19:16,185.198812,0.768563,0.810350,0.768563,0.810350,28,24,31,18,0,0,0,0,22,20,9,10
2026/01/19/14:19:17,186.198932,0.768563,0.810350,0.768563,0.810350,28,24,31,18,0,0,0,0,22,20,9,10
2026/01/19/14:19:18,187.199038,0.768563,0.810350,0.768563,0.810350,28,24,31,18,0,0,0,0,22,20,9,10
2026/01/19/14:19:19,188.199158,0.768563,0.810350,0.768563,0.810350,28,24,31,18,0,0,0,0,22,20,9,10
2026/01/19/14:19:20,189.199237,0.768563,0.810350,0.768563,0.810350,28,24,31,18,0,0,0,0,22,20,9,10
2026/01/19/14:19:21,190.199334,0.760188,0.758005,0.760188,0.758005,28,24,31,16,0,0,0,0,22,20,9,12
2026/01/19/14:19:22,191.199428,0.760188,0.758005,0.760188,0.758005,28,24,31,16,0,0,0,0,22,20,9,12
2026/01/19/14:19:23,192.199517,0.760188,0.758005,0.760188,0.758005,28,24,31,16,0,0,0,0,22,20,9,12
2026/01/19/14:19:24,193.199604,0.760188,0.758005,0.760188,0.758005,28,24,31,16,0,0,0,0,22,20,9,12
2026/01/19/14:19:25,194.199764,0.760188,0.758005,0.760188,0.758005,28,24,31,16,0,0,0,0,22,20,9,12
2026/01/19/14:19:26,195.199913,0.760188,0.758005,0.760188,0.758005,28,24,31,16,0,0,0,0,22,20,9,12
2026/01/19/14:19:27,196.200088,0.760188,0.758005,0.760188,0.758005,28,24,31,16,0,0,0,0,22,20,9,12
2026/01/19/14:19:28,197.200223,0.760188,0.758005,0.760188,0.758005,28,24,31,16,0,0,0,0,22,20,9,12
2026/01/19/14:19:29,198.200313,0.760188,0.758005,0.760188,0.758005,28,24,31,16,0,0,0,0,22,20,9,12
2026/01/19/14:19:30,199.200468,0.760188,0.758005,0.760188,0.758005,28,24,31,16,0,0,0,0,22,20,9,12
2026/01/19/14:19:31,200.200579,0.760188,0.758005,0.760188,0.758005,28,24,31,16,0,0,0,0,22,20,9,12
2026/01/19/14:19:32,201.200752,0.760188,0.758005,0.760188,0.758005,28,24,31,16,0,0,0,0,22,20,9,12
2026/01/19/14:19:33,202.200849,0.744062,0.749434,0.744062,0.749434,28,22,31,16,0,0,0,0,22,22,9,12
2026/01/19/14:19:34,203.201081,0.744062,0.749434,0.744062,0.749434,28,22,31,16,0,0,0,0,22,22,9,12
2026/01/19/14:19:35,204.201214,0.744062,0.749434,0.744062,0.749434,28,22,31,16,0,0,0,0,22,22,9,12
2026/01/19/14:19:36,205.201293,0.744062,0.749434,0.744062,0.749434,28,22,31,16,0,0,0,0,22,22,9,12
2026/01/19/14:19:37,206.201471,0.744062,0.749434,0.744062,0.749434,28,22,31,16,0,0,0,0,22,22,9,12
2026/01/19/14:19:38,207.201585,0.744062,0.749434,0.744062,0.749434,28,22,31,16,0,0,0,0,22,22,9,12
2026/01/19/14:19:39,208.201679,0.744062,0.749434,0.744062,0.749434,28,22,31,16,0,0,0,0,22,22,9,12
2026/01/19/14:19:40,209.201782,0.744062,0.749434,0.744062,0.749434,28,22,31,16,0,0,0,0,22,22,9,12
2026/01/19/14:19:41,210.201945,0.744062,0.749434,0.744062,0.749434,28,22,31,16,0,0,0,0,22,22,9,12
2026/01/19/14:19:42,211.202096,0.744062,0.749434,0.744062,0.749434,28,22,31,16,0,0,0,0,22,22,9,12
2026/01/19/14:19:43,212.202226,0.744062,0.749434,0.744062,0.749434,28,22,31,16,0,0,0,0,22,22,9,12
2026/01/19/14:19:44,213.202333,0.744062,0.749434,0.744062,0.749434,28,22,31,16,0,0,0,0,22,22,9,12
2026/01/19/14:19:45,214.202491,0.744062,0.749434,0.744062,0.749434,28,22,31,16,0,0,0,0,22,22,9,12
2026/01/19/14:19:46,215.202581,0.744062,0.749434,0.744062,0.749434,28,22,31,16,0,0,0,0,22,22,9,12
2026/01/19/14:19:47,216.202744,0.744062,0.749434,0.744062,0.749434,28,22,31,16,0,0,0,0,22,22,9,12
2026/01/19/14:19:48,217.202896,0.744062,0.749434,0.744062,0.749434,28,22,31,16,0,0,0,0,22,22,9,12
2026/01/19/14:19:49,218.203077,0.744062,0.749434,0.744062,0.749434,28,22,31,16,0,0,0,0,22,22,9,12
2026/01/19/14:19:50,219.203216,0.744062,0.749434,0.744062,0.749434,28,22,31,16,0,0,0,0,22,22,9,12
2026/01/19/14:19:51,220.203315,0.744062,0.749434,0.744062,0.749434,28,22,31,16,0,0,0,0,22,22,9,12
2026/01/19/14:19:52,221.203425,0.744062,0.749434,0.744062,0.749434,28,22,31,16,0,0,0,0,22,22,9,12
2026/01/19/14:19:53,222.203575,0.744062,0.749434,0.744062,0.749434,28,22,31,16,0,0,0,0,22,22,9,12
2026/01/19/14:19:54,223.203683,0.744062,0.749434,0.744062,0.749434,28,22,31,16,0,0,0,0,22,22,9,12
2026/01/19/14:19:55,224.203799,0.744062,0.749434,0.744062,0.749434,28,22,31,16,0,0,0,0,22,22,9,12
2026/01/19/14:19:56,225.203901,0.744062,0.749434,0.744062,0.749434,28,22,31,16,0,0,0,0,22,22,9,12
2026/01/19/14:19:57,226.204083,0.744062,0.749434,0.744062,0.749434,28,22,31,16,0,0,0,0,22,22,9,12
2026/01/19/14:19:58,227.204222,0.744062,0.749434,0.744062,0.749434,28,22,31,16,0,0,0,0,22,22,9,12
2026/01/19/14:19:59,228.204349,0.744062,0.749434,0.744062,0.749434,28,22,31,16,0,0,0,0,22,22,9,12
2026/01/19/14:20:00,229.204435,0.744062,0.749434,0.744062,0.749434,28,22,31,16,0,0,0,0,22,22,9,12
2026/01/19/14:20:01,230.204538,0.744062,0.749434,0.744062,0.749434,28,22,31,16,0,0,0,0,22,22,9,12
2026/01/19/14:20:02,231.205400,0.744062,0.749434,0.744062,0.749434,28,22,31,16,0,0,0,0,22,22,9,12
2026/01/19/14:20:03,232.205501,0.847063,0.812587,0.847063,0.812587,30,27,34,16,0,0,0,0,22,22,9,12
2026/01/19/14:20:04,233.205606,0.847063,0.812587,0.847063,0.812587,30,27,34,16,0,0,0,0,22,22,9,12
2026/01/19/14:20:05,234.205730,0.847063,0.812587,0.847063,0.812587,30,27,34,16,0,0,0,0,22,22,9,12
2026/01/19/14:20:06,235.205874,0.847063,0.812587,0.847063,0.812587,30,27,34,16,0,0,0,0,22,22,9,12
2026/01/19/14:20:07,236.206033,0.847063,0.812587,0.847063,0.812587,30,27,34,16,0,0,0,0,22,22,9,12
2026/01/19/14:20:08,237.206142,0.841500,0.805899,0.841500,0.805899,30,27,33,16,0,0,0,0,22,22,10,12
2026/01/19/14:20:09,238.206210,0.841500,0.805899,0.841500,0.805899,30,27,33,16,0,0,0,0,22,22,10,12
2026/01/19/14:20:10,239.206314,0.826750,0.795750,0.826750,0.795750,28,27,33,16,0,0,0,0,24,22,10,12
2026/01/19/14:20:11,240.206615,0.780438,0.773832,0.780438,0.773832,28,24,33,16,0,0,0,0,24,25,10,12
2026/01/19/14:20:12,241.206731,0.780438,0.773832,0.780438,0.773832,28,24,33,16,0,0,0,0,24,25,10,12
2026/01/19/14:20:13,242.206889,0.780438,0.773832,0.780438,0.773832,28,24,33,16,0,0,0,0,24,25,10,12
2026/01/19/14:20:14,243.206972,0.780438,0.773832,0.780438,0.773832,28,24,33,16,0,0,0,0,24,25,10,12
2026/01/19/14:20:15,244.207101,0.767875,0.753272,0.767875,0.753272,28,24,30,16,0,0,0,0,24,25,13,12
2026/01/19/14:20:16,245.207162,0.767875,0.753272,0.767875,0.753272,28,24,30,16,0,0,0,0,24,25,13,12
2026/01/19/14:20:17,246.207267,0.767875,0.753272,0.767875,0.753272,28,24,30,16,0,0,0,0,24,25,13,12
2026/01/19/14:20:18,247.207460,0.767875,0.753272,0.767875,0.753272,28,24,30,16,0,0,0,0,24,25,13,12
2026/01/19/14:20:19,248.207563,0.767875,0.753272,0.767875,0.753272,28,24,30,16,0,0,0,0,24,25,13,12
2026/01/19/14:20:20,249.207668,0.767875,0.753272,0.767875,0.753272,28,24,30,16,0,0,0,0,24,25,13,12
2026/01/19/14:20:21,250.207776,0.802813,0.813860,0.813312,0.834111,28,24,31,20,0,0,0,1,24,25,13,12
2026/01/19/14:20:22,251.207870,0.802813,0.813860,0.813312,0.834111,28,24,31,20,0,0,0,1,24,25,13,12
2026/01/19/14:20:23,252.207957,0.844938,0.824931,0.890188,0.832342,32,28,31,19,0,2,0,0,24,25,13,14
2026/01/19/14:20:24,253.208084,0.875125,0.847823,0.950000,0.905354,37,28,31,19,3,2,0,0,24,25,13,14
2026/01/19/14:20:25,254.209961,0.892500,0.895441,1.014250,0.964308,40,27,34,19,3,2,2,0,24,26,13,14
2026/01/19/14:20:26,255.210092,0.864187,0.853867,0.985938,0.922734,39,25,31,18,3,2,2,0,25,28,16,15
2026/01/19/14:20:27,256.210172,0.865750,0.844262,0.967750,0.879715,37,25,31,18,1,2,2,0,29,28,16,15
2026/01/19/14:20:28,257.210273,0.865750,0.844262,0.967750,0.879715,37,25,31,18,1,2,2,0,29,28,16,15
2026/01/19/14:20:29,258.210360,0.852062,0.829225,0.954063,0.864678,34,25,31,18,1,2,2,0,32,28,16,15
2026/01/19/14:20:30,259.210459,0.852062,0.829225,0.954063,0.864678,34,25,31,18,1,2,2,0,32,28,16,15
2026/01/19/14:20:31,260.210550,0.852062,0.829225,0.954063,0.864678,34,25,31,18,1,2,2,0,32,28,16,15
2026/01/19/14:20:32,261.210647,0.832313,0.795811,0.924438,0.814558,32,25,31,18,0,2,2,0,34,28,16,15
2026/01/19/14:20:33,262.210758,0.832313,0.795811,0.924438,0.814558,32,25,31,18,0,2,2,0,34,28,16,15
2026/01/19/14:20:34,263.210840,0.832313,0.795811,0.924438,0.814558,32,25,31,18,0,2,2,0,34,28,16,15
2026/01/19/14:20:35,264.210944,0.832313,0.795811,0.924438,0.814558,32,25,31,18,0,2,2,0,34,28,16,15
2026/01/19/14:20:36,265.211040,0.832313,0.795811,0.924438,0.814558,32,25,31,18,0,2,2,0,34,28,16,15
2026/01/19/14:20:37,266.211203,0.832313,0.795811,0.924438,0.814558,32,25,31,18,0,2,2,0,34,28,16,15
2026/01/19/14:20:38,267.211314,0.832313,0.795811,0.924438,0.814558,32,25,31,18,0,2,2,0,34,28,16,15
2026/01/19/14:20:39,268.211405,0.833125,0.797773,0.856563,0.803441,32,24,32,18,0,0,1,0,34,29,16,15
2026/01/19/14:20:40,269.211561,0.833125,0.797773,0.856563,0.803441,32,24,32,18,0,0,1,0,34,29,16,15
2026/01/19/14:20:41,270.211654,0.833125,0.797773,0.856563,0.803441,32,24,32,18,0,0,1,0,34,29,16,15
2026/01/19/14:20:42,271.211747,0.833125,0.797773,0.856563,0.803441,32,24,32,18,0,0,1,0,34,29,16,15
2026/01/19/14:20:43,272.211848,0.893437,0.828638,0.916875,0.834305,35,26,34,18,0,0,1,0,34,29,16,15
2026/01/19/14:20:44,273.211937,0.893437,0.828638,0.916875,0.834305,35,26,34,18,0,0,1,0,34,29,16,15
2026/01/19/14:20:45,274.212019,0.927125,0.867709,1.057562,0.913826,37,26,37,18,0,0,8,0,34,30,16,15
2026/01/19/14:20:46,275.212151,0.929000,0.889977,1.044750,0.947208,34,28,39,19,0,0,6,1,37,30,16,15
2026/01/19/14:20:47,276.212235,0.929000,0.889977,1.044750,0.947208,34,28,39,19,0,0,6,1,37,30,16,15
2026/01/19/14:20:48,277.212330,0.904875,0.879697,1.020625,0.936927,34,28,37,19,0,0,6,1,37,30,18,15
2026/01/19/14:20:49,278.212449,0.895375,0.883706,1.001875,0.930167,34,28,36,19,0,0,5,1,37,30,20,15
2026/01/19/14:20:50,279.212509,0.885875,0.868317,0.992375,0.914777,34,28,36,17,0,0,5,1,37,30,20,17
2026/01/19/14:20:51,280.212637,0.880687,0.875421,0.973875,0.893238,34,28,35,18,0,0,4,0,37,30,21,17
2026/01/19/14:20:52,281.212710,0.880687,0.875421,0.973875,0.893238,34,28,35,18,0,0,4,0,37,30,21,17
2026/01/19/14:20:53,282.212816,0.880687,0.875421,0.904125,0.881089,34,28,35,18,0,0,1,0,37,30,21,17
2026/01/19/14:20:54,283.212903,0.876250,0.870726,0.899687,0.876394,34,28,34,18,0,0,1,0,37,30,22,17
2026/01/19/14:20:55,284.213092,0.876250,0.870726,0.899687,0.876394,34,28,34,18,0,0,1,0,37,30,22,17
2026/01/19/14:20:56,285.213144,0.876250,0.870726,0.899687,0.876394,34,28,34,18,0,0,1,0,37,30,22,17
2026/01/19/14:20:57,286.213248,0.876250,0.870726,0.899687,0.876394,34,28,34,18,0,0,1,0,37,30,22,17
2026/01/19/14:20:58,287.213331,0.862938,0.871331,0.862938,0.871331,34,28,35,18,0,0,0,0,37,30,23,17
2026/01/19/14:20:59,288.213426,0.855062,0.853866,0.855062,0.853866,32,28,35,18,0,0,0,0,39,30,23,17
2026/01/19/14:21:00,289.213586,0.855062,0.853866,0.855062,0.853866,32,28,35,18,0,0,0,0,39,30,23,17
2026/01/19/14:21:01,290.213746,0.838313,0.840295,0.838313,0.840295,32,26,33,18,0,0,0,0,39,32,25,17
2026/01/19/14:21:02,291.213832,0.838313,0.840295,0.838313,0.840295,32,26,33,18,0,0,0,0,39,32,25,17
2026/01/19/14:21:03,292.213980,0.870687,0.886370,0.870687,0.886370,32,32,33,18,0,0,0,0,39,32,25,17
2026/01/19/14:21:04,293.214045,0.870687,0.886370,0.870687,0.886370,32,32,33,18,0,0,0,0,39,32,25,17
2026/01/19/14:21:05,294.214199,0.860187,0.854829,0.860187,0.854829,32,29,33,18,0,0,0,0,39,35,25,17
2026/01/19/14:21:06,295.214310,0.846938,0.851179,0.856187,0.856279,32,28,33,18,0,1,0,0,39,36,25,17
2026/01/19/14:21:07,296.214386,0.904687,0.895859,0.921937,0.914767,36,29,37,18,2,0,1,0,39,36,25,17
2026/01/19/14:21:08,297.214473,0.904687,0.895859,0.928312,0.918874,36,29,37,18,2,0,1,1,39,36,25,17
2026/01/19/14:21:09,298.214628,0.911062,0.899966,0.947937,0.930565,36,29,37,19,2,0,3,0,39,36,25,17
2026/01/19/14:21:10,299.214758,0.911062,0.899966,0.947937,0.930565,36,29,37,19,2,0,3,0,39,36,25,17
2026/01/19/14:21:11,300.214860,0.896563,0.889619,0.916188,0.901310,38,28,35,19,0,0,2,0,39,37,28,17
2026/01/19/14:21:12,301.215000,0.898438,0.888028,0.898438,0.888028,38,28,35,19,0,0,0,0,39,37,30,17
2026/01/19/14:21:13,302.215161,0.898438,0.888028,0.898438,0.888028,38,28,35,19,0,0,0,0,39,37,30,17
2026/01/19/14:21:14,303.215311,0.884750,0.867018,0.884750,0.867018,35,28,35,19,0,0,0,0,42,37,30,17
2026/01/19/14:21:15,304.215414,0.860375,0.852314,0.860375,0.852314,35,28,32,19,0,0,0,0,42,37,33,17
2026/01/19/14:21:16,305.215502,0.860375,0.852314,0.860375,0.852314,35,28,32,19,0,0,0,0,42,37,33,17
2026/01/19/14:21:17,306.215608,0.860375,0.852314,0.860375,0.852314,35,28,32,19,0,0,0,0,42,37,33,17
2026/01/19/14:21:18,307.215764,0.860375,0.852314,0.860375,0.852314,35,28,32,19,0,0,0,0,42,37,33,17
2026/01/19/14:21:19,308.215925,0.860375,0.852314,0.860375,0.852314,35,28,32,19,0,0,0,0,42,37,33,17
2026/01/19/14:21:20,309.216025,0.860375,0.852314,0.860375,0.852314,35,28,32,19,0,0,0,0,42,37,33,17
2026/01/19/14:21:21,310.216155,0.860375,0.852314,0.860375,0.852314,35,28,32,19,0,0,0,0,42,37,33,17
2026/01/19/14:21:22,311.216240,0.860375,0.852314,0.860375,0.852314,35,28,32,19,0,0,0,0,42,37,33,17
2026/01/19/14:21:23,312.216323,0.860375,0.852314,0.860375,0.852314,35,28,32,19,0,0,0,0,42,37,33,17
2026/01/19/14:21:24,313.216486,0.860375,0.852314,0.860375,0.852314,35,28,32,19,0,0,0,0,42,37,33,17
2026/01/19/14:21:25,314.216669,0.840750,0.840623,0.840750,0.840623,35,28,30,19,0,0,0,0,42,37,35,17
2026/01/19/14:21:26,315.216767,0.840750,0.840623,0.840750,0.840623,35,28,30,19,0,0,0,0,42,37,35,17
2026/01/19/14:21:27,316.216867,0.840750,0.840623,0.840750,0.840623,35,28,30,19,0,0,0,0,42,37,35,17
2026/01/19/14:21:28,317.216970,0.840750,0.840623,0.840750,0.840623,35,28,30,19,0,0,0,0,42,37,35,17
2026/01/19/14:21:29,318.217057,0.840750,0.840623,0.840750,0.840623,35,28,30,19,0,0,0,0,42,37,35,17
2026/01/19/14:21:30,319.217122,0.840750,0.840623,0.840750,0.840623,35,28,30,19,0,0,0,0,42,37,35,17
2026/01/19/14:21:31,320.217201,0.840750,0.840623,0.840750,0.840623,35,28,30,19,0,0,0,0,42,37,35,17
2026/01/19/14:21:32,321.217295,0.840750,0.840623,0.840750,0.840623,35,28,30,19,0,0,0,0,42,37,35,17
2026/01/19/14:21:33,322.217395,0.840750,0.840623,0.840750,0.840623,35,28,30,19,0,0,0,0,42,37,35,17
2026/01/19/14:21:34,323.217506,0.840750,0.840623,0.840750,0.840623,35,28,30,19,0,0,0,0,42,37,35,17
2026/01/19/14:21:35,324.217597,0.840750,0.840623,0.840750,0.840623,35,28,30,19,0,0,0,0,42,37,35,17
2026/01/19/14:21:36,325.217678,0.832125,0.829739,0.832125,0.829739,35,26,30,19,0,0,0,0,42,39,35,17
2026/01/19/14:21:37,326.217833,0.832125,0.829739,0.832125,0.829739,35,26,30,19,0,0,0,0,42,39,35,17
2026/01/19/14:21:38,327.217996,0.832125,0.829739,0.832125,0.829739,35,26,30,19,0,0,0,0,42,39,35,17
2026/01/19/14:21:39,328.218110,0.832125,0.829739,0.832125,0.829739,35,26,30,19,0,0,0,0,42,39,35,17
2026/01/19/14:21:40,329.218266,0.832125,0.829739,0.832125,0.829739,35,26,30,19,0,0,0,0,42,39,35,17
2026/01/19/14:21:41,330.218368,0.832125,0.829739,0.832125,0.829739,35,26,30,19,0,0,0,0,42,39,35,17
2026/01/19/14:21:42,331.218440,0.832125,0.829739,0.832125,0.829739,35,26,30,19,0,0,0,0,42,39,35,17
2026/01/19/14:21:43,332.218554,0.824000,0.793990,0.824000,0.793990,35,26,30,17,0,0,0,0,42,39,35,19
2026/01/19/14:21:44,333.218672,0.824000,0.793990,0.824000,0.793990,35,26,30,17,0,0,0,0,42,39,35,19
2026/01/19/14:21:45,334.218770,0.824000,0.793990,0.824000,0.793990,35,26,30,17,0,0,0,0,42,39,35,19
2026/01/19/14:21:46,335.218847,0.824000,0.793990,0.824000,0.793990,35,26,30,17,0,0,0,0,42,39,35,19
2026/01/19/14:21:47,336.219001,0.824000,0.793990,0.824000,0.793990,35,26,30,17,0,0,0,0,42,39,35,19
2026/01/19/14:21:48,337.219141,0.824000,0.793990,0.824000,0.793990,35,26,30,17,0,0,0,0,42,39,35,19
2026/01/19/14:21:49,338.219279,0.824000,0.793990,0.824000,0.793990,35,26,30,17,0,0,0,0,42,39,35,19
2026/01/19/14:21:50,339.219429,0.824000,0.793990,0.824000,0.793990,35,26,30,17,0,0,0,0,42,39,35,19
2026/01/19/14:21:51,340.219543,0.824000,0.793990,0.824000,0.793990,35,26,30,17,0,0,0,0,42,39,35,19
2026/01/19/14:21:52,341.219634,0.824000,0.793990,0.824000,0.793990,35,26,30,17,0,0,0,0,42,39,35,19
2026/01/19/14:21:53,342.219791,0.824000,0.793990,0.824000,0.793990,35,26,30,17,0,0,0,0,42,39,35,19
2026/01/19/14:21:54,343.219903,0.824000,0.793990,0.824000,0.793990,35,26,30,17,0,0,0,0,42,39,35,19
2026/01/19/14:21:55,344.220006,0.824000,0.793990,0.824000,0.793990,35,26,30,17,0,0,0,0,42,39,35,19
2026/01/19/14:21:56,345.220153,0.824000,0.793990,0.824000,0.793990,35,26,30,17,0,0,0,0,42,39,35,19
2026/01/19/14:21:57,346.220254,0.824000,0.793990,0.824000,0.793990,35,26,30,17,0,0,0,0,42,39,35,19
2026/01/19/14:21:58,347.220368,0.824000,0.793990,0.824000,0.793990,35,26,30,17,0,0,0,0,42,39,35,19
2026/01/19/14:21:59,348.220510,0.824000,0.793990,0.824000,0.793990,35,26,30,17,0,0,0,0,42,39,35,19
2026/01/19/14:22:00,349.220617,0.824000,0.793990,0.824000,0.793990,35,26,30,17,0,0,0,0,42,39,35,19
2026/01/19/14:22:01,350.220720,0.824000,0.793990,0.824000,0.793990,35,26,30,17,0,0,0,0,42,39,35,19
2026/01/19/14:22:02,351.220799,0.824000,0.793990,0.824000,0.793990,35,26,30,17,0,0,0,0,42,39,35,19
2026/01/19/14:22:03,352.220954,0.824000,0.793990,0.824000,0.793990,35,26,30,17,0,0,0,0,42,39,35,19
2026/01/19/14:22:04,353.221128,0.824000,0.793990,0.824000,0.793990,35,26,30,17,0,0,0,0,42,39,35,19
2026/01/19/14:22:05,354.221215,0.824000,0.793990,0.824000,0.793990,35,26,30,17,0,0,0,0,42,39,35,19
2026/01/19/14:22:06,355.221308,0.824000,0.793990,0.824000,0.793990,35,26,30,17,0,0,0,0,42,39,35,19
2026/01/19/14:22:07,356.221416,0.824000,0.793990,0.824000,0.793990,35,26,30,17,0,0,0,0,42,39,35,19
2026/01/19/14:22:08,357.221500,0.807500,0.786135,0.807500,0.786135,33,26,30,17,0,0,0,0,44,39,35,19
2026/01/19/14:22:09,358.221603,0.807500,0.786135,0.807500,0.786135,33,26,30,17,0,0,0,0,44,39,35,19
2026/01/19/14:22:10,359.221700,0.830125,0.825832,0.830125,0.825832,37,26,30,17,0,0,0,0,44,39,35,19
2026/01/19/14:22:11,360.221806,0.851500,0.836705,0.851500,0.836705,38,26,30,19,0,0,0,0,44,39,35,19
2026/01/19/14:22:12,361.221905,0.868000,0.846955,0.868000,0.846955,40,26,30,19,0,0,0,0,44,39,35,19
2026/01/19/14:22:13,362.222007,0.860000,0.839524,0.860000,0.839524,39,26,30,19,0,0,0,0,45,39,35,19
2026/01/19/14:22:14,363.222152,0.855125,0.835374,0.855125,0.835374,39,25,30,19,0,0,0,0,45,40,35,19
2026/01/19/14:22:15,364.222246,0.855125,0.835374,0.855125,0.835374,39,25,30,19,0,0,0,0,45,40,35,19
2026/01/19/14:22:16,365.222391,0.860625,0.840965,0.860625,0.840965,39,26,32,17,0,0,0,0,45,40,35,21
2026/01/19/14:22:17,366.222492,0.860625,0.840965,0.860625,0.840965,39,26,32,17,0,0,0,0,45,40,35,21
2026/01/19/14:22:18,367.222586,0.846000,0.808699,0.846000,0.808699,36,26,32,17,0,0,0,0,48,40,35,21
2026/01/19/14:22:19,368.222673,0.841750,0.804099,0.841750,0.804099,35,26,32,17,0,0,0,0,49,40,35,21
2026/01/19/14:22:20,369.222777,0.841750,0.804099,0.841750,0.804099,35,26,32,17,0,0,0,0,49,40,35,21
2026/01/19/14:22:21,370.222897,0.823000,0.797565,0.823000,0.797565,35,26,30,17,0,0,0,0,49,40,37,21
2026/01/19/14:22:22,371.223089,0.823000,0.797565,0.823000,0.797565,35,26,30,17,0,0,0,0,49,40,37,21
2026/01/19/14:22:23,372.223201,0.823000,0.797565,0.823000,0.797565,35,26,30,17,0,0,0,0,49,40,37,21
2026/01/19/14:22:24,373.223300,0.823000,0.797565,0.823000,0.797565,35,26,30,17,0,0,0,0,49,40,37,21
2026/01/19/14:22:25,374.223403,0.823000,0.797565,0.823000,0.797565,35,26,30,17,0,0,0,0,49,40,37,21
2026/01/19/14:22:26,375.223481,0.823000,0.797565,0.823000,0.797565,35,26,30,17,0,0,0,0,49,40,37,21
2026/01/19/14:22:27,376.223578,0.865625,0.863499,0.865625,0.863499,39,27,30,20,0,0,0,0,49,40,37,21
2026/01/19/14:22:28,377.223726,0.885125,0.871481,0.885125,0.871481,39,29,30,20,0,0,0,0,49,40,37,21
2026/01/19/14:22:29,378.223815,0.900250,0.867273,0.900250,0.867273,39,31,29,21,0,0,0,0,49,40,40,21
2026/01/19/14:22:30,379.223963,0.900250,0.867273,0.900250,0.867273,39,31,29,21,0,0,0,0,49,40,40,21
2026/01/19/14:22:31,380.224095,0.877125,0.841143,0.877125,0.841143,39,28,29,21,0,0,0,0,49,43,40,21
2026/01/19/14:22:32,381.224178,0.873250,0.835813,0.873250,0.835813,39,27,29,21,0,0,0,0,49,44,40,21
2026/01/19/14:22:33,382.224319,0.873250,0.835813,0.873250,0.835813,39,27,29,21,0,0,0,0,49,44,40,21
2026/01/19/14:22:34,383.224407,0.881125,0.848291,0.881125,0.848291,39,28,29,22,0,0,0,0,49,44,40,21
2026/01/19/14:22:35,384.224501,0.881125,0.848291,0.881125,0.848291,39,28,29,22,0,0,0,0,49,44,40,21
2026/01/19/14:22:36,385.224607,0.837875,0.827490,0.837875,0.827490,37,28,27,21,0,0,0,0,51,44,42,22
2026/01/19/14:22:37,386.224704,0.830812,0.823269,0.830812,0.823269,37,27,27,21,0,0,0,0,51,45,42,22
2026/01/19/14:22:38,387.224813,0.830812,0.823269,0.830812,0.823269,37,27,27,21,0,0,0,0,51,45,42,22
2026/01/19/14:22:39,388.224871,0.830812,0.823269,0.830812,0.823269,37,27,27,21,0,0,0,0,51,45,42,22
2026/01/19/14:22:40,389.225026,0.830812,0.823269,0.830812,0.823269,37,27,27,21,0,0,0,0,51,45,42,22
2026/01/19/14:22:41,390.225091,0.830812,0.823269,0.830812,0.823269,37,27,27,21,0,0,0,0,51,45,42,22
2026/01/19/14:22:42,391.225209,0.806937,0.781035,0.806937,0.781035,37,25,27,18,0,0,0,0,51,47,42,25
2026/01/19/14:22:43,392.225279,0.806937,0.781035,0.806937,0.781035,37,25,27,18,0,0,0,0,51,47,42,25
2026/01/19/14:22:44,393.225647,0.806937,0.781035,0.806937,0.781035,37,25,27,18,0,0,0,0,51,47,42,25
2026/01/19/14:22:45,394.225641,0.806937,0.781035,0.806937,0.781035,37,25,27,18,0,0,0,0,51,47,42,25
2026/01/19/14:22:46,395.225751,0.806937,0.781035,0.806937,0.781035,37,25,27,18,0,0,0,0,51,47,42,25
2026/01/19/14:22:47,396.225893,0.806937,0.781035,0.806937,0.781035,37,25,27,18,0,0,0,0,51,47,42,25
2026/01/19/14:22:48,397.225984,0.806937,0.781035,0.806937,0.781035,37,25,27,18,0,0,0,0,51,47,42,25
2026/01/19/14:22:49,398.226072,0.806937,0.781035,0.806937,0.781035,37,25,27,18,0,0,0,0,51,47,42,25
2026/01/19/14:22:50,399.226203,0.806937,0.781035,0.806937,0.781035,37,25,27,18,0,0,0,0,51,47,42,25
2026/01/19/14:22:51,400.226365,0.806937,0.781035,0.806937,0.781035,37,25,27,18,0,0,0,0,51,47,42,25
2026/01/19/14:22:52,401.226472,0.806937,0.781035,0.806937,0.781035,37,25,27,18,0,0,0,0,51,47,42,25
2026/01/19/14:22:53,402.226626,0.806937,0.781035,0.806937,0.781035,37,25,27,18,0,0,0,0,51,47,42,25
2026/01/19/14:22:54,403.226722,0.806937,0.781035,0.806937,0.781035,37,25,27,18,0,0,0,0,51,47,42,25
2026/01/19/14:22:55,404.226819,0.846875,0.841774,0.846875,0.841774,40,29,27,20,0,0,0,0,51,47,42,25
2026/01/19/14:22:56,405.226970,0.846875,0.841774,0.846875,0.841774,40,29,27,20,0,0,0,0,51,47,42,25
2026/01/19/14:22:57,406.227076,0.850812,0.862328,0.862688,0.915693,41,29,27,20,2,0,0,1,51,47,42,25
2026/01/19/14:22:58,407.227128,0.854812,0.874585,0.866688,0.927951,41,29,27,21,2,0,0,1,51,47,42,25
2026/01/19/14:22:59,408.227261,0.841500,0.867135,0.849375,0.908243,40,28,27,20,2,0,0,0,52,48,42,27
2026/01/19/14:23:00,409.227351,0.841500,0.867135,0.849375,0.908243,40,28,27,20,2,0,0,0,52,48,42,27
2026/01/19/14:23:01,410.227450,0.841500,0.867135,0.849375,0.908243,40,28,27,20,2,0,0,0,52,48,42,27
2026/01/19/14:23:02,411.227557,0.830625,0.855958,0.830625,0.855958,38,28,27,20,0,0,0,0,55,48,42,27
2026/01/19/14:23:03,412.227645,0.842437,0.868227,0.842437,0.868227,38,28,30,20,0,0,0,0,55,48,42,27
2026/01/19/14:23:04,413.227794,0.842437,0.868227,0.842437,0.868227,38,28,30,20,0,0,0,0,55,48,42,27
2026/01/19/14:23:05,414.227895,0.837625,0.849610,0.837625,0.849610,37,28,30,20,0,0,0,0,56,48,42,27
2026/01/19/14:23:06,415.228037,0.837625,0.849610,0.837625,0.849610,37,28,30,20,0,0,0,0,56,48,42,27
2026/01/19/14:23:07,416.228119,0.837625,0.849610,0.837625,0.849610,37,28,30,20,0,0,0,0,56,48,42,27
2026/01/19/14:23:08,417.228269,0.850750,0.856344,0.905500,0.862614,37,30,30,20,0,2,0,0,56,48,42,27
2026/01/19/14:23:09,418.228374,0.850750,0.856344,0.919375,0.880212,37,30,30,20,1,2,0,0,56,48,42,27
2026/01/19/14:23:10,419.228482,0.855125,0.862482,0.923750,0.886351,37,30,31,20,1,2,0,0,56,48,42,27
2026/01/19/14:23:11,420.228547,0.855125,0.862482,0.923750,0.886351,37,30,31,20,1,2,0,0,56,48,42,27
2026/01/19/14:23:12,421.228707,0.855125,0.862482,0.923750,0.886351,37,30,31,20,1,2,0,0,56,48,42,27
2026/01/19/14:23:13,422.228780,0.855125,0.862482,0.923750,0.886351,37,30,31,20,1,2,0,0,56,48,42,27
2026/01/19/14:23:14,423.228855,0.855125,0.862482,0.909875,0.868752,37,30,31,20,0,2,0,0,56,48,42,27
2026/01/19/14:23:15,424.228989,0.855125,0.862482,0.909875,0.868752,37,30,31,20,0,2,0,0,56,48,42,27
2026/01/19/14:23:16,425.229093,0.847125,0.837967,0.901875,0.844237,37,30,31,18,0,2,0,0,56,48,42,29
2026/01/19/14:23:17,426.229213,0.847125,0.837967,0.901875,0.844237,37,30,31,18,0,2,0,0,56,48,42,29
2026/01/19/14:23:18,427.229377,0.847125,0.837967,0.901875,0.844237,37,30,31,18,0,2,0,0,56,48,42,29
2026/01/19/14:23:19,428.229525,0.847125,0.837967,0.901875,0.844237,37,30,31,18,0,2,0,0,56,48,42,29
2026/01/19/14:23:20,429.229631,0.847125,0.837967,0.901875,0.844237,37,30,31,18,0,2,0,0,56,48,42,29
2026/01/19/14:23:21,430.229720,0.847125,0.837967,0.901875,0.844237,37,30,31,18,0,2,0,0,56,48,42,29
2026/01/19/14:23:22,431.229872,0.847125,0.837967,0.901875,0.844237,37,30,31,18,0,2,0,0,56,48,42,29
2026/01/19/14:23:23,432.229957,0.847125,0.837967,0.901875,0.844237,37,30,31,18,0,2,0,0,56,48,42,29
2026/01/19/14:23:24,433.230064,0.847125,0.837967,0.901875,0.844237,37,30,31,18,0,2,0,0,56,48,42,29
2026/01/19/14:23:25,434.230170,0.847125,0.837967,0.901875,0.844237,37,30,31,18,0,2,0,0,56,48,42,29
2026/01/19/14:23:26,435.230262,0.842750,0.831829,0.897500,0.838099,37,30,30,18,0,2,0,0,56,48,43,29
2026/01/19/14:23:27,436.230370,0.842750,0.831829,0.897500,0.838099,37,30,30,18,0,2,0,0,56,48,43,29
2026/01/19/14:23:28,437.230479,0.897500,0.838099,0.897500,0.838099,37,32,30,18,0,0,0,0,59,48,43,29
2026/01/19/14:23:29,438.230594,0.903875,0.850129,0.903875,0.850129,37,32,31,18,0,0,0,0,59,48,43,29
2026/01/19/14:23:30,439.230692,0.893000,0.818338,0.893000,0.818338,37,29,31,18,0,0,0,0,59,51,43,29
2026/01/19/14:23:31,440.230794,0.893000,0.818338,0.893000,0.818338,37,29,31,18,0,0,0,0,59,51,43,29
2026/01/19/14:23:32,441.230935,0.896188,0.827448,0.916063,0.881716,39,29,30,18,0,0,3,0,59,51,46,29
2026/01/19/14:23:33,442.231032,0.896188,0.827448,0.916063,0.881716,39,29,30,18,0,0,3,0,59,51,46,29
2026/01/19/14:23:34,443.231177,0.896188,0.827448,0.916063,0.881716,39,29,30,18,0,0,3,0,59,51,46,29
2026/01/19/14:23:35,444.231296,0.896188,0.827448,0.916063,0.881716,39,29,30,18,0,0,3,0,59,51,46,29
2026/01/19/14:23:36,445.231389,0.894437,0.842248,0.901062,0.860338,37,29,30,18,0,0,1,0,61,51,48,29
2026/01/19/14:23:37,446.231477,0.894437,0.842248,0.901062,0.860338,37,29,30,18,0,0,1,0,61,51,48,29
2026/01/19/14:23:38,447.231577,0.907438,0.878769,0.931438,0.932529,39,30,30,18,2,0,1,0,61,51,48,29
2026/01/19/14:23:39,448.231690,0.907438,0.878769,0.931438,0.932529,39,30,30,18,2,0,1,0,61,51,48,29
2026/01/19/14:23:40,449.231807,0.907438,0.878769,0.931438,0.932529,39,30,30,18,2,0,1,0,61,51,48,29
2026/01/19/14:23:41,450.231928,0.901062,0.866738,0.910813,0.901490,39,30,29,18,1,0,1,0,61,51,49,29
2026/01/19/14:23:42,451.232021,0.894312,0.863543,0.904062,0.898296,39,29,29,18,1,0,1,0,61,52,49,29
2026/01/19/14:23:43,452.232189,0.894687,0.848307,0.894687,0.848307,37,29,30,18,0,0,0,0,63,52,49,29
2026/01/19/14:23:44,453.232325,0.883312,0.837414,0.883312,0.837414,35,29,30,18,0,0,0,0,65,52,49,29
2026/01/19/14:23:45,454.232434,0.872625,0.825763,0.872625,0.825763,35,26,30,18,0,0,0,0,65,55,49,29
2026/01/19/14:23:46,455.232578,0.872625,0.825763,0.872625,0.825763,35,26,30,18,0,0,0,0,65,55,49,29
2026/01/19/14:23:47,456.232693,0.872625,0.825763,0.872625,0.825763,35,26,30,18,0,0,0,0,65,55,49,29
2026/01/19/14:23:48,457.232795,0.872625,0.825763,0.872625,0.825763,35,26,30,18,0,0,0,0,65,55,49,29
2026/01/19/14:23:49,458.232896,0.872625,0.825763,0.872625,0.825763,35,26,30,18,0,0,0,0,65,55,49,29
2026/01/19/14:23:50,459.233036,0.852750,0.771494,0.852750,0.771494,35,26,27,18,0,0,0,0,65,55,52,29
2026/01/19/14:23:51,460.233121,0.852750,0.771494,0.852750,0.771494,35,26,27,18,0,0,0,0,65,55,52,29
2026/01/19/14:23:52,461.233239,0.852750,0.771494,0.852750,0.771494,35,26,27,18,0,0,0,0,65,55,52,29
2026/01/19/14:23:53,462.233458,0.852750,0.771494,0.852750,0.771494,35,26,27,18,0,0,0,0,65,55,52,29
2026/01/19/14:23:54,463.233477,0.852750,0.771494,0.852750,0.771494,35,26,27,18,0,0,0,0,65,55,52,29
2026/01/19/14:23:55,464.233597,0.852750,0.771494,0.852750,0.771494,35,26,27,18,0,0,0,0,65,55,52,29
2026/01/19/14:23:56,465.233708,0.852750,0.771494,0.852750,0.771494,35,26,27,18,0,0,0,0,65,55,52,29
2026/01/19/14:23:57,466.233869,0.852750,0.771494,0.852750,0.771494,35,26,27,18,0,0,0,0,65,55,52,29
2026/01/19/14:23:58,467.233985,0.852750,0.771494,0.852750,0.771494,35,26,27,18,0,0,0,0,65,55,52,29
2026/01/19/14:23:59,468.234128,0.852750,0.771494,0.852750,0.771494,35,26,27,18,0,0,0,0,65,55,52,29
2026/01/19/14:24:00,469.234233,0.852750,0.771494,0.852750,0.771494,35,26,27,18,0,0,0,0,65,55,52,29
2026/01/19/14:24:01,470.234379,0.852750,0.771494,0.852750,0.771494,35,26,27,18,0,0,0,0,65,55,52,29
2026/01/19/14:24:02,471.234483,0.852750,0.771494,0.852750,0.771494,35,26,27,18,0,0,0,0,65,55,52,29
2026/01/19/14:24:03,472.234592,0.842812,0.762002,0.842812,0.762002,32,26,27,18,0,0,0,0,68,55,52,29
2026/01/19/14:24:04,473.234678,0.842812,0.762002,0.842812,0.762002,32,26,27,18,0,0,0,0,68,55,52,29
2026/01/19/14:24:05,474.234825,0.842812,0.762002,0.842812,0.762002,32,26,27,18,0,0,0,0,68,55,52,29
2026/01/19/14:24:06,475.234927,0.842812,0.762002,0.842812,0.762002,32,26,27,18,0,0,0,0,68,55,52,29
2026/01/19/14:24:07,476.235018,0.870750,0.826309,0.882938,0.851268,35,28,27,18,1,0,0,0,68,55,52,29
2026/01/19/14:24:08,477.235124,0.870750,0.826309,0.936187,0.864662,35,28,27,18,1,0,0,3,68,55,52,29
2026/01/19/14:24:09,478.235198,0.867188,0.807621,0.920438,0.821015,34,28,29,18,0,0,0,3,69,55,52,29
2026/01/19/14:24:10,479.235359,0.871313,0.811056,0.957438,0.843739,34,28,29,19,2,0,0,3,69,55,52,29
2026/01/19/14:24:11,480.235454,0.871313,0.811056,0.957438,0.843739,34,28,29,19,2,0,0,3,69,55,52,29
2026/01/19/14:24:12,481.235559,0.871313,0.811056,0.957438,0.843739,34,28,29,19,2,0,0,3,69,55,52,29
2026/01/19/14:24:13,482.235658,0.867188,0.807621,0.953313,0.840304,34,28,29,18,2,0,0,3,69,55,52,30
2026/01/19/14:24:14,483.235749,0.867188,0.807621,0.953313,0.840304,34,28,29,18,2,0,0,3,69,55,52,30
2026/01/19/14:24:15,484.235910,0.867188,0.807621,0.953313,0.840304,34,28,29,18,2,0,0,3,69,55,52,30
2026/01/19/14:24:16,485.235999,0.858688,0.778114,0.944813,0.810797,34,26,29,18,2,0,0,3,69,57,52,30
2026/01/19/14:24:17,486.236148,0.858688,0.778114,0.944813,0.810797,34,26,29,18,2,0,0,3,69,57,52,30
2026/01/19/14:24:18,487.236318,0.855500,0.771294,0.908750,0.784688,34,26,29,17,0,0,0,3,69,57,52,31
2026/01/19/14:24:19,488.236413,0.848250,0.761454,0.901500,0.774848,32,26,29,17,0,0,0,3,71,57,52,31
2026/01/19/14:24:20,489.236571,0.848250,0.761454,0.901500,0.774848,32,26,29,17,0,0,0,3,71,57,52,31
2026/01/19/14:24:21,490.236677,0.848250,0.761454,0.901500,0.774848,32,26,29,17,0,0,0,3,71,57,52,31
2026/01/19/14:24:22,491.236782,0.848250,0.761454,0.901500,0.774848,32,26,29,17,0,0,0,3,71,57,52,31
2026/01/19/14:24:23,492.236878,0.848250,0.761454,0.901500,0.774848,32,26,29,17,0,0,0,3,71,57,52,31
2026/01/19/14:24:24,493.237017,0.848250,0.761454,0.901500,0.774848,32,26,29,17,0,0,0,3,71,57,52,31
2026/01/19/14:24:25,494.237180,0.848250,0.761454,0.901500,0.774848,32,26,29,17,0,0,0,3,71,57,52,31
2026/01/19/14:24:26,495.237278,0.848250,0.761454,0.901500,0.774848,32,26,29,17,0,0,0,3,71,57,52,31
2026/01/19/14:24:27,496.237378,0.848250,0.761454,0.901500,0.774848,32,26,29,17,0,0,0,3,71,57,52,31
2026/01/19/14:24:28,497.237469,0.875375,0.777979,0.942187,0.799635,32,26,29,19,0,0,0,4,71,57,52,31
2026/01/19/14:24:29,498.237619,0.875375,0.777979,0.942187,0.799635,32,26,29,19,0,0,0,4,71,57,52,31
2026/01/19/14:24:30,499.237729,0.875375,0.777979,0.942187,0.799635,32,26,29,19,0,0,0,4,71,57,52,31
2026/01/19/14:24:31,500.237870,0.875375,0.777979,0.942187,0.799635,32,26,29,19,0,0,0,4,71,57,52,31
2026/01/19/14:24:32,501.238028,0.875375,0.777979,0.942187,0.799635,32,26,29,19,0,0,0,4,71,57,52,31
2026/01/19/14:24:33,502.238119,0.875375,0.777979,0.942187,0.799635,32,26,29,19,0,0,0,4,71,57,52,31
2026/01/19/14:24:34,503.238286,0.886000,0.801073,0.995250,0.866760,32,27,30,20,0,3,0,4,71,57,52,31
2026/01/19/14:24:35,504.238388,0.886000,0.801073,0.995250,0.866760,32,27,30,20,0,3,0,4,71,57,52,31
2026/01/19/14:24:36,505.238477,0.886000,0.801073,0.995250,0.866760,32,27,30,20,0,3,0,4,71,57,52,31
2026/01/19/14:24:37,506.238621,0.886000,0.801073,0.914125,0.840450,32,27,30,20,0,1,0,1,71,57,52,31
2026/01/19/14:24:38,507.238732,0.886000,0.801073,0.914125,0.840450,32,27,30,20,0,1,0,1,71,57,52,31
2026/01/19/14:24:39,508.238798,0.886000,0.801073,0.914125,0.840450,32,27,30,20,0,1,0,1,71,57,52,31
2026/01/19/14:24:40,509.238913,0.858875,0.784548,0.873437,0.815663,32,27,30,18,0,1,0,0,71,57,52,33
2026/01/19/14:24:41,510.238967,0.858875,0.784548,0.858875,0.784548,32,27,30,18,0,0,0,0,71,57,52,33
2026/01/19/14:24:42,511.239107,0.858875,0.784548,0.858875,0.784548,32,27,30,18,0,0,0,0,71,57,52,33
2026/01/19/14:24:43,512.239241,0.858875,0.784548,0.858875,0.784548,32,27,30,18,0,0,0,0,71,57,52,33
2026/01/19/14:24:44,513.239411,0.858875,0.784548,0.858875,0.784548,32,27,30,18,0,0,0,0,71,57,52,33
2026/01/19/14:24:45,514.239478,0.858875,0.784548,0.858875,0.784548,32,27,30,18,0,0,0,0,71,57,52,33
2026/01/19/14:24:46,515.239583,0.858875,0.784548,0.858875,0.784548,32,27,30,18,0,0,0,0,71,57,52,33
2026/01/19/14:24:47,516.239707,0.858875,0.784548,0.858875,0.784548,32,27,30,18,0,0,0,0,71,57,52,33
2026/01/19/14:24:48,517.239787,0.858875,0.784548,0.858875,0.784548,32,27,30,18,0,0,0,0,71,57,52,33
2026/01/19/14:24:49,518.239888,0.858875,0.784548,0.858875,0.784548,32,27,30,18,0,0,0,0,71,57,52,33
2026/01/19/14:24:50,519.239979,0.858875,0.784548,0.858875,0.784548,32,27,30,18,0,0,0,0,71,57,52,33
2026/01/19/14:24:51,520.240110,0.858875,0.784548,0.858875,0.784548,32,27,30,18,0,0,0,0,71,57,52,33
2026/01/19/14:24:52,521.240194,0.858875,0.784548,0.858875,0.784548,32,27,30,18,0,0,0,0,71,57,52,33
2026/01/19/14:24:53,522.240276,0.858875,0.784548,0.858875,0.784548,32,27,30,18,0,0,0,0,71,57,52,33
2026/01/19/14:24:54,523.240451,0.858875,0.784548,0.858875,0.784548,32,27,30,18,0,0,0,0,71,57,52,33
2026/01/19/14:24:55,524.240546,0.855125,0.779347,0.855125,0.779347,32,27,29,18,0,0,0,0,71,57,53,33
2026/01/19/14:24:56,525.240736,0.855125,0.779347,0.855125,0.779347,32,27,29,18,0,0,0,0,71,57,53,33
2026/01/19/14:24:57,526.240767,0.855125,0.779347,0.855125,0.779347,32,27,29,18,0,0,0,0,71,57,53,33
2026/01/19/14:24:58,527.240888,0.855125,0.779347,0.855125,0.779347,32,27,29,18,0,0,0,0,71,57,53,33
2026/01/19/14:24:59,528.240985,0.855125,0.779347,0.855125,0.779347,32,27,29,18,0,0,0,0,71,57,53,33
2026/01/19/14:25:00,529.241101,0.855125,0.779347,0.855125,0.779347,32,27,29,18,0,0,0,0,71,57,53,33
2026/01/19/14:25:01,530.241190,0.855125,0.779347,0.855125,0.779347,32,27,29,18,0,0,0,0,71,57,53,33
2026/01/19/14:25:02,531.241271,0.855125,0.779347,0.855125,0.779347,32,27,29,18,0,0,0,0,71,57,53,33
2026/01/19/14:25:03,532.241377,0.855125,0.779347,0.855125,0.779347,32,27,29,18,0,0,0,0,71,57,53,33
2026/01/19/14:25:04,533.241450,0.855125,0.779347,0.855125,0.779347,32,27,29,18,0,0,0,0,71,57,53,33
2026/01/19/14:25:05,534.241548,0.855125,0.779347,0.855125,0.779347,32,27,29,18,0,0,0,0,71,57,53,33
2026/01/19/14:25:06,535.241634,0.855125,0.779347,0.855125,0.779347,32,27,29,18,0,0,0,0,71,57,53,33
2026/01/19/14:25:07,536.241707,0.800375,0.773077,0.800375,0.773077,32,25,29,18,0,0,0,0,71,59,53,33
2026/01/19/14:25:08,537.241798,0.797063,0.768539,0.797063,0.768539,32,25,29,17,0,0,0,0,71,59,53,34
2026/01/19/14:25:09,538.241884,0.797063,0.768539,0.797063,0.768539,32,25,29,17,0,0,0,0,71,59,53,34
2026/01/19/14:25:10,539.241922,0.797063,0.768539,0.797063,0.768539,32,25,29,17,0,0,0,0,71,59,53,34
2026/01/19/14:25:11,540.242013,0.792375,0.762881,0.792375,0.762881,32,24,29,17,0,0,0,0,71,60,53,34
2026/01/19/14:25:12,541.242093,0.792375,0.762881,0.792375,0.762881,32,24,29,17,0,0,0,0,71,60,53,34
2026/01/19/14:25:13,542.242209,0.792375,0.762881,0.792375,0.762881,32,24,29,17,0,0,0,0,71,60,53,34
2026/01/19/14:25:14,543.242281,0.792375,0.762881,0.792375,0.762881,32,24,29,17,0,0,0,0,71,60,53,34
2026/01/19/14:25:15,544.242427,0.792375,0.762881,0.792375,0.762881,32,24,29,17,0,0,0,0,71,60,53,34
2026/01/19/14:25:16,545.242595,0.792375,0.762881,0.792375,0.762881,32,24,29,17,0,0,0,0,71,60,53,34
2026/01/19/14:25:17,546.242738,0.792375,0.762881,0.792375,0.762881,32,24,29,17,0,0,0,0,71,60,53,34
2026/01/19/14:25:18,547.242848,0.808813,0.782535,0.808813,0.782535,32,24,33,17,0,0,0,0,71,60,53,34
2026/01/19/14:25:19,548.242941,0.808813,0.782535,0.808813,0.782535,32,24,33,17,0,0,0,0,71,60,53,34
2026/01/19/14:25:20,549.243009,0.808813,0.782535,0.808813,0.782535,32,24,33,17,0,0,0,0,71,60,53,34
2026/01/19/14:25:21,550.243090,0.799063,0.771199,0.799063,0.771199,32,24,30,17,0,0,0,0,71,60,56,34
2026/01/19/14:25:22,551.243172,0.818500,0.795222,0.818500,0.795222,32,27,31,17,0,0,0,0,71,60,56,34
2026/01/19/14:25:23,552.243262,0.818500,0.795222,0.818500,0.795222,32,27,31,17,0,0,0,0,71,60,56,34
2026/01/19/14:25:24,553.243404,0.818500,0.795222,0.818500,0.795222,32,27,31,17,0,0,0,0,71,60,56,34
2026/01/19/14:25:25,554.243486,0.814813,0.791530,0.814813,0.791530,32,26,31,17,0,0,0,0,71,61,56,34
2026/01/19/14:25:26,555.243573,0.806187,0.785064,0.806187,0.785064,32,24,31,17,0,0,0,0,71,63,56,34
2026/01/19/14:25:27,556.243643,0.806187,0.785064,0.806187,0.785064,32,24,31,17,0,0,0,0,71,63,56,34
2026/01/19/14:25:28,557.243740,0.806187,0.785064,0.806187,0.785064,32,24,31,17,0,0,0,0,71,63,56,34
2026/01/19/14:25:29,558.243829,0.806187,0.785064,0.806187,0.785064,32,24,31,17,0,0,0,0,71,63,56,34
2026/01/19/14:25:30,559.243925,0.806187,0.785064,0.806187,0.785064,32,24,31,17,0,0,0,0,71,63,56,34
2026/01/19/14:25:31,560.244004,0.806187,0.785064,0.806187,0.785064,32,24,31,17,0,0,0,0,71,63,56,34
2026/01/19/14:25:32,561.244097,0.806187,0.785064,0.806187,0.785064,32,24,31,17,0,0,0,0,71,63,56,34
2026/01/19/14:25:33,562.244180,0.806187,0.785064,0.806187,0.785064,32,24,31,17,0,0,0,0,71,63,56,34
2026/01/19/14:25:34,563.244271,0.806187,0.785064,0.806187,0.785064,32,24,31,17,0,0,0,0,71,63,56,34
2026/01/19/14:25:35,564.244352,0.806187,0.785064,0.806187,0.785064,32,24,31,17,0,0,0,0,71,63,56,34
2026/01/19/14:25:36,565.244437,0.806187,0.785064,0.806187,0.785064,32,24,31,17,0,0,0,0,71,63,56,34
2026/01/19/14:25:37,566.244524,0.806187,0.785064,0.806187,0.785064,32,24,31,17,0,0,0,0,71,63,56,34
2026/01/19/14:25:38,567.244616,0.806187,0.785064,0.806187,0.785064,32,24,31,17,0,0,0,0,71,63,56,34
2026/01/19/14:25:39,568.244694,0.806187,0.785064,0.806187,0.785064,32,24,31,17,0,0,0,0,71,63,56,34
2026/01/19/14:25:40,569.244780,0.806187,0.785064,0.806187,0.785064,32,24,31,17,0,0,0,0,71,63,56,34
2026/01/19/14:25:41,570.244915,0.799063,0.771199,0.799063,0.771199,32,24,30,17,0,0,0,0,71,63,57,34
2026/01/19/14:25:42,571.244989,0.799063,0.771199,0.799063,0.771199,32,24,30,17,0,0,0,0,71,63,57,34
2026/01/19/14:25:43,572.245123,0.799063,0.771199,0.799063,0.771199,32,24,30,17,0,0,0,0,71,63,57,34
2026/01/19/14:25:44,573.245212,0.799063,0.771199,0.799063,0.771199,32,24,30,17,0,0,0,0,71,63,57,34
2026/01/19/14:25:45,574.245288,0.799063,0.771199,0.799063,0.771199,32,24,30,17,0,0,0,0,71,63,57,34
2026/01/19/14:25:46,575.245392,0.799063,0.771199,0.799063,0.771199,32,24,30,17,0,0,0,0,71,63,57,34
2026/01/19/14:25:47,576.245492,0.799063,0.771199,0.799063,0.771199,32,24,30,17,0,0,0,0,71,63,57,34
2026/01/19/14:25:48,577.245574,0.799063,0.771199,0.799063,0.771199,32,24,30,17,0,0,0,0,71,63,57,34
2026/01/19/14:25:49,578.245708,0.780937,0.764393,0.780937,0.764393,30,24,30,17,0,0,0,0,73,63,57,34
2026/01/19/14:25:50,579.245785,0.780937,0.764393,0.780937,0.764393,30,24,30,17,0,0,0,0,73,63,57,34
2026/01/19/14:25:51,580.245921,0.786062,0.773718,0.786062,0.773718,30,25,30,17,0,0,0,0,73,63,57,34
2026/01/19/14:25:52,581.246030,0.786062,0.773718,0.786062,0.773718,30,25,30,17,0,0,0,0,73,63,57,34
2026/01/19/14:25:53,582.246151,0.809813,0.819227,0.809813,0.819227,34,27,30,17,0,0,0,0,73,63,57,34
2026/01/19/14:25:54,583.246233,0.804688,0.809902,0.804688,0.809902,34,26,30,17,0,0,0,0,73,64,57,34
2026/01/19/14:25:55,584.246309,0.804688,0.809902,0.804688,0.809902,34,26,30,17,0,0,0,0,73,64,57,34
2026/01/19/14:25:56,585.246386,0.804688,0.809902,0.804688,0.809902,34,26,30,17,0,0,0,0,73,64,57,34
2026/01/19/14:25:57,586.246476,0.798937,0.805174,0.798937,0.805174,33,26,30,17,0,0,0,0,74,64,57,34
2026/01/19/14:25:58,587.246627,0.791312,0.788593,0.791312,0.788593,33,24,30,17,0,0,0,0,74,66,57,34
2026/01/19/14:25:59,588.246709,0.791312,0.788593,0.791312,0.788593,33,24,30,17,0,0,0,0,74,66,57,34
2026/01/19/14:26:00,589.246842,0.791312,0.788593,0.791312,0.788593,33,24,30,17,0,0,0,0,74,66,57,34
2026/01/19/14:26:01,590.246988,0.791312,0.788593,0.791312,0.788593,33,24,30,17,0,0,0,0,74,66,57,34
2026/01/19/14:26:02,591.247078,0.791312,0.788593,0.791312,0.788593,33,24,30,17,0,0,0,0,74,66,57,34
2026/01/19/14:26:03,592.247182,0.791312,0.788593,0.791312,0.788593,33,24,30,17,0,0,0,0,74,66,57,34
2026/01/19/14:26:04,593.247244,0.782687,0.782322,0.782687,0.782322,33,24,28,17,0,0,0,0,74,66,59,34
2026/01/19/14:26:05,594.247317,0.782687,0.782322,0.782687,0.782322,33,24,28,17,0,0,0,0,74,66,59,34
2026/01/19/14:26:06,595.247404,0.782687,0.782322,0.782687,0.782322,33,24,28,17,0,0,0,0,74,66,59,34
2026/01/19/14:26:07,596.247476,0.782687,0.782322,0.782687,0.782322,33,24,28,17,0,0,0,0,74,66,59,34
2026/01/19/14:26:08,597.247565,0.782687,0.782322,0.782687,0.782322,33,24,28,17,0,0,0,0,74,66,59,34
2026/01/19/14:26:09,598.247722,0.782687,0.782322,0.782687,0.782322,33,24,28,17,0,0,0,0,74,66,59,34
2026/01/19/14:26:10,599.247859,0.782687,0.782322,0.782687,0.782322,33,24,28,17,0,0,0,0,74,66,59,34
2026/01/19/14:26:11,600.247944,0.782687,0.782322,0.782687,0.782322,33,24,28,17,0,0,0,0,74,66,59,34
2026/01/19/14:26:12,601.248125,0.782687,0.782322,0.782687,0.782322,33,24,28,17,0,0,0,0,74,66,59,34
2026/01/19/14:26:13,602.248158,0.782687,0.782322,0.782687,0.782322,33,24,28,17,0,0,0,0,74,66,59,34
2026/01/19/14:26:14,603.248291,0.782687,0.782322,0.782687,0.782322,33,24,28,17,0,0,0,0,74,66,59,34
2026/01/19/14:26:15,604.248368,0.782687,0.782322,0.782687,0.782322,33,24,28,17,0,0,0,0,74,66,59,34
2026/01/19/14:26:16,605.248467,0.782687,0.782322,0.782687,0.782322,33,24,28,17,0,0,0,0,74,66,59,34
2026/01/19/14:26:17,606.248564,0.782687,0.782322,0.782687,0.782322,33,24,28,17,0,0,0,0,74,66,59,34
2026/01/19/14:26:18,607.248655,0.782687,0.782322,0.782687,0.782322,33,24,28,17,0,0,0,0,74,66,59,34
2026/01/19/14:26:19,608.248804,0.782687,0.782322,0.782687,0.782322,33,24,28,17,0,0,0,0,74,66,59,34
2026/01/19/14:26:20,609.248906,0.782687,0.782322,0.782687,0.782322,33,24,28,17,0,0,0,0,74,66,59,34
2026/01/19/14:26:21,610.248991,0.782687,0.782322,0.782687,0.782322,33,24,28,17,0,0,0,0,74,66,59,34
2026/01/19/14:26:22,611.249132,0.782687,0.782322,0.782687,0.782322,33,24,28,17,0,0,0,0,74,66,59,34
2026/01/19/14:26:23,612.249191,0.782687,0.782322,0.782687,0.782322,33,24,28,17,0,0,0,0,74,66,59,34
2026/01/19/14:26:24,613.249288,0.782687,0.782322,0.782687,0.782322,33,24,28,17,0,0,0,0,74,66,59,34
2026/01/19/14:26:25,614.249377,0.782687,0.782322,0.782687,0.782322,33,24,28,17,0,0,0,0,74,66,59,34
2026/01/19/14:26:26,615.249450,0.782687,0.782322,0.782687,0.782322,33,24,28,17,0,0,0,0,74,66,59,34
2026/01/19/14:26:27,616.249619,0.782687,0.782322,0.782687,0.782322,33,24,28,17,0,0,0,0,74,66,59,34
2026/01/19/14:26:28,617.249710,0.782687,0.782322,0.782687,0.782322,33,24,28,17,0,0,0,0,74,66,59,34
2026/01/19/14:26:29,618.249864,0.782687,0.782322,0.782687,0.782322,33,24,28,17,0,0,0,0,74,66,59,34
2026/01/19/14:26:30,619.249968,0.782687,0.782322,0.782687,0.782322,33,24,28,17,0,0,0,0,74,66,59,34
2026/01/19/14:26:31,620.250067,0.782687,0.782322,0.782687,0.782322,33,24,28,17,0,0,0,0,74,66,59,34
2026/01/19/14:26:32,621.250158,0.782687,0.782322,0.782687,0.782322,33,24,28,17,0,0,0,0,74,66,59,34
2026/01/19/14:26:33,622.250270,0.782687,0.782322,0.782687,0.782322,33,24,28,17,0,0,0,0,74,66,59,34
2026/01/19/14:26:34,623.250367,0.782687,0.782322,0.782687,0.782322,33,24,28,17,0,0,0,0,74,66,59,34
2026/01/19/14:26:35,624.250447,0.782687,0.782322,0.782687,0.782322,33,24,28,17,0,0,0,0,74,66,59,34
2026/01/19/14:26:36,625.250568,0.782687,0.782322,0.782687,0.782322,33,24,28,17,0,0,0,0,74,66,59,34
2026/01/19/14:26:37,626.250641,0.782687,0.782322,0.782687,0.782322,33,24,28,17,0,0,0,0,74,66,59,34
2026/01/19/14:26:38,627.250737,0.782687,0.782322,0.782687,0.782322,33,24,28,17,0,0,0,0,74,66,59,34
2026/01/19/14:26:39,628.250820,0.782687,0.782322,0.782687,0.782322,33,24,28,17,0,0,0,0,74,66,59,34
2026/01/19/14:26:40,629.250931,0.782687,0.782322,0.782687,0.782322,33,24,28,17,0,0,0,0,74,66,59,34
2026/01/19/14:26:41,630.250985,0.782687,0.782322,0.782687,0.782322,33,24,28,17,0,0,0,0,74,66,59,34
2026/01/19/14:26:42,631.251111,0.782687,0.782322,0.782687,0.782322,33,24,28,17,0,0,0,0,74,66,59,34
2026/01/19/14:26:43,632.251262,0.776188,0.775185,0.776188,0.775185,31,24,28,17,0,0,0,0,76,66,59,34
2026/01/19/14:26:44,633.251357,0.776188,0.775185,0.776188,0.775185,31,24,28,17,0,0,0,0,76,66,59,34
2026/01/19/14:26:45,634.251448,0.776188,0.775185,0.776188,0.775185,31,24,28,17,0,0,0,0,76,66,59,34
2026/01/19/14:26:46,635.251534,0.776188,0.775185,0.776188,0.775185,31,24,28,17,0,0,0,0,76,66,59,34
2026/01/19/14:26:47,636.251633,0.776188,0.775185,0.776188,0.775185,31,24,28,17,0,0,0,0,76,66,59,34
2026/01/19/14:26:48,637.251730,0.769500,0.766867,0.769500,0.766867,31,24,27,17,0,0,0,0,76,66,60,34
2026/01/19/14:26:49,638.251821,0.769500,0.766867,0.769500,0.766867,31,24,27,17,0,0,0,0,76,66,60,34
2026/01/19/14:26:50,639.251982,0.797063,0.782757,0.797063,0.782757,34,24,27,18,0,0,0,0,76,66,60,34
2026/01/19/14:26:51,640.252099,0.797063,0.782757,0.797063,0.782757,34,24,27,18,0,0,0,0,76,66,60,34
2026/01/19/14:26:52,641.252187,0.790438,0.773815,0.790438,0.773815,32,24,27,18,0,0,0,0,78,66,60,34
2026/01/19/14:26:53,642.252233,0.773875,0.770021,0.773875,0.770021,31,24,27,18,0,0,0,0,79,66,60,34
2026/01/19/14:26:54,643.252396,0.773875,0.770021,0.773875,0.770021,31,24,27,18,0,0,0,0,79,66,60,34
2026/01/19/14:26:55,644.252465,0.773875,0.770021,0.773875,0.770021,31,24,27,18,0,0,0,0,79,66,60,34
2026/01/19/14:26:56,645.252568,0.793687,0.803232,0.793687,0.803232,31,24,32,18,0,0,0,0,79,66,60,34
2026/01/19/14:26:57,646.252658,0.793687,0.803232,0.793687,0.803232,31,24,32,18,0,0,0,0,79,66,60,34
2026/01/19/14:26:58,647.252774,0.783813,0.791107,0.783813,0.791107,31,24,30,18,0,0,0,0,79,66,62,34
2026/01/19/14:26:59,648.252878,0.783813,0.791107,0.783813,0.791107,31,24,30,18,0,0,0,0,79,66,62,34
2026/01/19/14:27:00,649.253009,0.783813,0.791107,0.783813,0.791107,31,24,30,18,0,0,0,0,79,66,62,34
2026/01/19/14:27:01,650.253112,0.783813,0.791107,0.783813,0.791107,31,24,30,18,0,0,0,0,79,66,62,34
2026/01/19/14:27:02,651.253212,0.783813,0.791107,0.783813,0.791107,31,24,30,18,0,0,0,0,79,66,62,34
2026/01/19/14:27:03,652.253305,0.783813,0.791107,0.783813,0.791107,31,24,30,18,0,0,0,0,79,66,62,34
2026/01/19/14:27:04,653.253384,0.783813,0.791107,0.783813,0.791107,31,24,30,18,0,0,0,0,79,66,62,34
2026/01/19/14:27:05,654.253518,0.779438,0.787952,0.779438,0.787952,31,24,30,17,0,0,0,0,79,66,62,35
2026/01/19/14:27:06,655.253656,0.779438,0.787952,0.779438,0.787952,31,24,30,17,0,0,0,0,79,66,62,35
2026/01/19/14:27:07,656.253721,0.779438,0.787952,0.779438,0.787952,31,24,30,17,0,0,0,0,79,66,62,35
2026/01/19/14:27:08,657.253823,0.779438,0.787952,0.779438,0.787952,31,24,30,17,0,0,0,0,79,66,62,35
2026/01/19/14:27:09,658.253914,0.806250,0.821612,0.819562,0.853284,31,29,30,17,0,0,2,0,79,66,62,35
2026/01/19/14:27:10,659.254079,0.834125,0.831931,0.841625,0.859593,31,29,32,17,0,0,1,0,79,66,62,35
2026/01/19/14:27:11,660.254124,0.824187,0.810845,0.831688,0.838507,31,29,29,17,0,0,1,0,79,66,65,35
2026/01/19/14:27:12,661.254210,0.806375,0.792111,0.813875,0.819773,31,27,28,17,0,0,1,0,79,68,66,35
2026/01/19/14:27:13,662.254302,0.806375,0.792111,0.813875,0.819773,31,27,28,17,0,0,1,0,79,68,66,35
2026/01/19/14:27:14,663.254367,0.795125,0.785830,0.802625,0.813492,31,25,28,17,0,0,1,0,79,70,66,35
2026/01/19/14:27:15,664.254455,0.795125,0.785830,0.802625,0.813492,31,25,28,17,0,0,1,0,79,70,66,35
2026/01/19/14:27:16,665.254589,0.795125,0.785830,0.795125,0.785830,31,25,28,17,0,0,0,0,79,70,66,35
2026/01/19/14:27:17,666.254687,0.826625,0.816817,0.826625,0.816817,31,28,28,19,0,0,0,0,79,70,66,35
2026/01/19/14:27:18,667.254778,0.823063,0.804162,0.823063,0.804162,31,27,28,19,0,0,0,0,79,71,66,35
2026/01/19/14:27:19,668.254931,0.823063,0.804162,0.823063,0.804162,31,27,28,19,0,0,0,0,79,71,66,35
2026/01/19/14:27:20,669.255002,0.823063,0.804162,0.823063,0.804162,31,27,28,19,0,0,0,0,79,71,66,35
2026/01/19/14:27:21,670.255107,0.823063,0.804162,0.823063,0.804162,31,27,28,19,0,0,0,0,79,71,66,35
2026/01/19/14:27:22,671.255323,0.815312,0.791044,0.815312,0.791044,31,25,28,19,0,0,0,0,79,73,66,35
2026/01/19/14:27:23,672.255393,0.838625,0.815025,0.904625,0.829994,31,26,28,20,0,0,2,1,79,73,66,35
2026/01/19/14:27:24,673.255543,0.863062,0.833270,0.929063,0.848239,31,27,30,20,0,0,2,1,79,73,66,35
2026/01/19/14:27:25,674.255612,0.857563,0.821721,0.923562,0.836690,31,26,30,20,0,0,2,1,79,74,66,35
2026/01/19/14:27:26,675.255768,0.863000,0.826791,0.929000,0.841760,31,27,30,20,0,0,2,1,79,75,66,35
2026/01/19/14:27:27,676.255822,0.858938,0.824263,0.906937,0.835451,31,27,29,21,0,0,2,0,79,75,67,35
2026/01/19/14:27:28,677.255914,0.845000,0.794694,0.893000,0.805881,31,24,29,21,0,0,2,0,79,78,67,35
2026/01/19/14:27:29,678.256017,0.845000,0.794694,0.893000,0.805881,31,24,29,21,0,0,2,0,79,78,67,35
2026/01/19/14:27:30,679.256160,0.845000,0.794694,0.893000,0.805881,31,24,29,21,0,0,2,0,79,78,67,35
2026/01/19/14:27:31,680.256247,0.845000,0.794694,0.893000,0.805881,31,24,29,21,0,0,2,0,79,78,67,35
2026/01/19/14:27:32,681.256336,0.845000,0.794694,0.893000,0.805881,31,24,29,21,0,0,2,0,79,78,67,35
2026/01/19/14:27:33,682.256421,0.823750,0.780748,0.871750,0.791936,31,24,27,21,0,0,2,0,79,78,69,35
2026/01/19/14:27:34,683.256551,0.823750,0.780748,0.871750,0.791936,31,24,27,21,0,0,2,0,79,78,69,35
2026/01/19/14:27:35,684.256625,0.823750,0.780748,0.871750,0.791936,31,24,27,21,0,0,2,0,79,78,69,35
2026/01/19/14:27:36,685.256715,0.823750,0.780748,0.871750,0.791936,31,24,27,21,0,0,2,0,79,78,69,35
2026/01/19/14:27:37,686.256805,0.823750,0.780748,0.871750,0.791936,31,24,27,21,0,0,2,0,79,78,69,35
2026/01/19/14:27:38,687.256887,0.823750,0.780748,0.871750,0.791936,31,24,27,21,0,0,2,0,79,78,69,35
2026/01/19/14:27:39,688.257045,0.823750,0.780748,0.871750,0.791936,31,24,27,21,0,0,2,0,79,78,69,35
2026/01/19/14:27:40,689.257131,0.823750,0.780748,0.871750,0.791936,31,24,27,21,0,0,2,0,79,78,69,35
2026/01/19/14:27:41,690.257214,0.823750,0.780748,0.871750,0.791936,31,24,27,21,0,0,2,0,79,78,69,35
2026/01/19/14:27:42,691.257294,0.823750,0.780748,0.871750,0.791936,31,24,27,21,0,0,2,0,79,78,69,35
2026/01/19/14:27:43,692.257405,0.871750,0.791936,0.871750,0.791936,31,24,29,21,0,0,0,0,81,78,69,35
2026/01/19/14:27:44,693.257500,0.871750,0.791936,0.871750,0.791936,31,24,29,21,0,0,0,0,81,78,69,35
2026/01/19/14:27:45,694.257556,0.871750,0.791936,0.871750,0.791936,31,24,29,21,0,0,0,0,81,78,69,35
2026/01/19/14:27:46,695.257697,0.871750,0.791936,0.871750,0.791936,31,24,29,21,0,0,0,0,81,78,69,35
2026/01/19/14:27:47,696.257861,0.871750,0.791936,0.871750,0.791936,31,24,29,21,0,0,0,0,81,78,69,35
2026/01/19/14:27:48,697.258023,0.871750,0.791936,0.871750,0.791936,31,24,29,21,0,0,0,0,81,78,69,35
2026/01/19/14:27:49,698.258148,0.871750,0.791936,0.871750,0.791936,31,24,29,21,0,0,0,0,81,78,69,35
2026/01/19/14:27:50,699.258240,0.871750,0.791936,0.871750,0.791936,31,24,29,21,0,0,0,0,81,78,69,35
2026/01/19/14:27:51,700.258344,0.871750,0.791936,0.871750,0.791936,31,24,29,21,0,0,0,0,81,78,69,35
2026/01/19/14:27:52,701.258479,0.871750,0.791936,0.871750,0.791936,31,24,29,21,0,0,0,0,81,78,69,35
2026/01/19/14:27:53,702.258584,0.867875,0.774873,0.867875,0.774873,30,24,29,21,0,0,0,0,82,78,69,35
2026/01/19/14:27:54,703.258733,0.867875,0.774873,0.867875,0.774873,30,24,29,21,0,0,0,0,82,78,69,35
2026/01/19/14:27:55,704.258820,0.867875,0.774873,0.867875,0.774873,30,24,29,21,0,0,0,0,82,78,69,35
2026/01/19/14:27:56,705.258981,0.867875,0.774873,0.867875,0.774873,30,24,29,21,0,0,0,0,82,78,69,35
2026/01/19/14:27:57,706.259114,0.867875,0.774873,0.867875,0.774873,30,24,29,21,0,0,0,0,82,78,69,35
2026/01/19/14:27:58,707.259224,0.867875,0.774873,0.867875,0.774873,30,24,29,21,0,0,0,0,82,78,69,35
2026/01/19/14:27:59,708.259367,0.867875,0.774873,0.867875,0.774873,30,24,29,21,0,0,0,0,82,78,69,35
2026/01/19/14:28:00,709.259524,0.867875,0.774873,0.867875,0.774873,30,24,29,21,0,0,0,0,82,78,69,35
2026/01/19/14:28:01,710.259615,0.867875,0.774873,0.867875,0.774873,30,24,29,21,0,0,0,0,82,78,69,35
2026/01/19/14:28:02,711.259670,0.889250,0.799237,0.907312,0.806155,33,24,29,21,0,0,1,0,82,78,69,35
2026/01/19/14:28:03,712.259763,0.889250,0.799237,0.907312,0.806155,33,24,29,21,0,0,1,0,82,78,69,35
2026/01/19/14:28:04,713.259876,0.889250,0.799237,0.907312,0.806155,33,24,29,21,0,0,1,0,82,78,69,35
2026/01/19/14:28:05,714.259963,0.889250,0.799237,0.907312,0.806155,33,24,29,21,0,0,1,0,82,78,69,35
2026/01/19/14:28:06,715.260094,0.889250,0.799237,0.907312,0.806155,33,24,29,21,0,0,1,0,82,78,69,35
2026/01/19/14:28:07,716.260177,0.889250,0.799237,0.907312,0.806155,33,24,29,21,0,0,1,0,82,78,69,35
2026/01/19/14:28:08,717.260322,0.889250,0.799237,0.907312,0.806155,33,24,29,21,0,0,1,0,82,78,69,35
2026/01/19/14:28:09,718.260483,0.889250,0.799237,0.907312,0.806155,33,24,29,21,0,0,1,0,82,78,69,35
2026/01/19/14:28:10,719.260561,0.871313,0.798593,0.871313,0.798593,33,24,30,19,0,0,0,0,82,78,69,37
2026/01/19/14:28:11,720.260664,0.853250,0.791674,0.853250,0.791674,33,24,29,19,0,0,0,0,82,78,70,37
2026/01/19/14:28:12,721.260774,0.853250,0.791674,0.853250,0.791674,33,24,29,19,0,0,0,0,82,78,70,37
2026/01/19/14:28:13,722.260865,0.853250,0.791674,0.853250,0.791674,33,24,29,19,0,0,0,0,82,78,70,37
2026/01/19/14:28:14,723.260926,0.853250,0.791674,0.853250,0.791674,33,24,29,19,0,0,0,0,82,78,70,37
2026/01/19/14:28:15,724.261066,0.846125,0.783553,0.846125,0.783553,32,24,29,19,0,0,0,0,83,78,70,37
2026/01/19/14:28:16,725.261155,0.831875,0.767311,0.831875,0.767311,30,24,29,19,0,0,0,0,85,78,70,37
2026/01/19/14:28:17,726.261234,0.831875,0.767311,0.831875,0.767311,30,24,29,19,0,0,0,0,85,78,70,37
2026/01/19/14:28:18,727.261334,0.831875,0.767311,0.831875,0.767311,30,24,29,19,0,0,0,0,85,78,70,37
2026/01/19/14:28:19,728.261435,0.831875,0.767311,0.831875,0.767311,30,24,29,19,0,0,0,0,85,78,70,37
2026/01/19/14:28:20,729.261521,0.831875,0.767311,0.831875,0.767311,30,24,29,19,0,0,0,0,85,78,70,37
2026/01/19/14:28:21,730.261618,0.831875,0.767311,0.831875,0.767311,30,24,29,19,0,0,0,0,85,78,70,37
2026/01/19/14:28:22,731.261762,0.831875,0.767311,0.831875,0.767311,30,24,29,19,0,0,0,0,85,78,70,37
2026/01/19/14:28:23,732.261843,0.831875,0.767311,0.831875,0.767311,30,24,29,19,0,0,0,0,85,78,70,37
2026/01/19/14:28:24,733.261986,0.831875,0.767311,0.831875,0.767311,30,24,29,19,0,0,0,0,85,78,70,37
2026/01/19/14:28:25,734.262084,0.831875,0.767311,0.831875,0.767311,30,24,29,19,0,0,0,0,85,78,70,37
2026/01/19/14:28:26,735.262161,0.831875,0.767311,0.831875,0.767311,30,24,29,19,0,0,0,0,85,78,70,37
2026/01/19/14:28:27,736.262310,0.831875,0.767311,0.831875,0.767311,30,24,29,19,0,0,0,0,85,78,70,37
2026/01/19/14:28:28,737.262399,0.831875,0.767311,0.831875,0.767311,30,24,29,19,0,0,0,0,85,78,70,37
2026/01/19/14:28:29,738.262542,0.836688,0.771336,0.836688,0.771336,30,24,29,20,0,0,0,0,85,78,70,37
2026/01/19/14:28:30,739.262650,0.836688,0.771336,0.836688,0.771336,30,24,29,20,0,0,0,0,85,78,70,37
2026/01/19/14:28:31,740.262729,0.836688,0.771336,0.836688,0.771336,30,24,29,20,0,0,0,0,85,78,70,37
2026/01/19/14:28:32,741.262825,0.836688,0.771336,0.836688,0.771336,30,24,29,20,0,0,0,0,85,78,70,37
2026/01/19/14:28:33,742.263025,0.836688,0.771336,0.836688,0.771336,30,24,29,20,0,0,0,0,85,78,70,37
2026/01/19/14:28:34,743.263095,0.836688,0.771336,0.836688,0.771336,30,24,29,20,0,0,0,0,85,78,70,37
2026/01/19/14:28:35,744.263102,0.831875,0.767311,0.831875,0.767311,30,24,29,19,0,0,0,0,85,78,70,38
2026/01/19/14:28:36,745.263184,0.831875,0.767311,0.831875,0.767311,30,24,29,19,0,0,0,0,85,78,70,38
2026/01/19/14:28:37,746.263298,0.831875,0.767311,0.831875,0.767311,30,24,29,19,0,0,0,0,85,78,70,38
2026/01/19/14:28:38,747.263451,0.831875,0.767311,0.831875,0.767311,30,24,29,19,0,0,0,0,85,78,70,38
2026/01/19/14:28:39,748.263534,0.831875,0.767311,0.831875,0.767311,30,24,29,19,0,0,0,0,85,78,70,38
2026/01/19/14:28:40,749.263677,0.831875,0.767311,0.831875,0.767311,30,24,29,19,0,0,0,0,85,78,70,38
2026/01/19/14:28:41,750.263766,0.897312,0.819283,0.897312,0.819283,37,24,30,19,0,0,0,0,85,78,70,38
2026/01/19/14:28:42,751.263862,0.849313,0.808096,0.849313,0.808096,37,24,28,19,0,0,0,0,85,78,72,38
2026/01/19/14:28:43,752.263961,0.889687,0.851163,0.889687,0.851163,39,25,27,21,0,0,0,0,85,78,73,38
2026/01/19/14:28:44,753.264042,0.918000,0.881538,1.010500,0.983353,41,25,29,22,0,2,3,0,85,78,73,38
2026/01/19/14:28:45,754.264139,0.922375,0.887569,1.019250,0.995416,41,25,29,23,0,2,3,1,85,78,73,38
2026/01/19/14:28:46,755.264243,0.893125,0.875967,0.985625,0.977782,37,25,29,24,0,2,3,0,89,78,73,38
2026/01/19/14:28:47,756.264330,0.893125,0.875967,0.985625,0.977782,37,25,29,24,0,2,3,0,89,78,73,38
2026/01/19/14:28:48,757.264421,0.894125,0.873661,0.971437,0.967951,37,26,28,24,0,1,3,0,89,78,74,38
2026/01/19/14:28:49,758.264508,0.890875,0.868909,0.968187,0.963198,37,26,27,24,0,1,3,0,89,78,75,38
2026/01/19/14:28:50,759.264596,0.875687,0.861383,0.953000,0.955673,37,25,27,24,0,1,3,0,89,79,75,38
2026/01/19/14:28:51,760.264692,0.862563,0.843289,0.939875,0.937579,37,25,27,21,0,1,3,0,89,79,75,41
2026/01/19/14:28:52,761.264784,0.862563,0.843289,0.939875,0.937579,37,25,27,21,0,1,3,0,89,79,75,41
2026/01/19/14:28:53,762.264873,0.862563,0.843289,0.939875,0.937579,37,25,27,21,0,1,3,0,89,79,75,41
2026/01/19/14:28:54,763.264981,0.862563,0.843289,0.939875,0.937579,37,25,27,21,0,1,3,0,89,79,75,41
2026/01/19/14:28:55,764.265086,0.862563,0.843289,0.939875,0.937579,37,25,27,21,0,1,3,0,89,79,75,41
2026/01/19/14:28:56,765.265183,0.841750,0.826825,0.919063,0.921114,34,25,27,21,0,1,3,0,92,79,75,41
2026/01/19/14:28:57,766.265320,0.841750,0.826825,0.919063,0.921114,34,25,27,21,0,1,3,0,92,79,75,41
2026/01/19/14:28:58,767.265402,0.841750,0.826825,0.919063,0.921114,34,25,27,21,0,1,3,0,92,79,75,41
2026/01/19/14:28:59,768.265501,0.841750,0.826825,0.919063,0.921114,34,25,27,21,0,1,3,0,92,79,75,41
2026/01/19/14:29:00,769.265596,0.841750,0.826825,0.919063,0.921114,34,25,27,21,0,1,3,0,92,79,75,41
2026/01/19/14:29:01,770.265738,0.841750,0.826825,0.919063,0.921114,34,25,27,21,0,1,3,0,92,79,75,41
2026/01/19/14:29:02,771.265853,0.841750,0.826825,0.919063,0.921114,34,25,27,21,0,1,3,0,92,79,75,41
2026/01/19/14:29:03,772.304284,0.841750,0.826825,0.919063,0.921114,34,25,27,21,0,1,3,0,92,79,75,41
2026/01/19/14:29:05,773.447549,0.841750,0.826825,0.919063,0.921114,34,25,27,21,0,1,3,0,92,79,75,41
2026/01/19/14:29:06,774.447717,0.919063,0.921114,0.919063,0.921114,34,26,30,21,0,0,0,0,98,79,75,41
2026/01/19/14:29:07,775.447817,0.919063,0.921114,0.919063,0.921114,34,26,30,21,0,0,0,0,98,79,75,41
2026/01/19/14:29:08,776.447910,0.919063,0.921114,0.919063,0.921114,34,26,30,21,0,0,0,0,98,79,75,41
2026/01/19/14:29:09,777.448014,0.919063,0.921114,0.919063,0.921114,34,26,30,21,0,0,0,0,98,79,75,41
2026/01/19/14:29:10,778.448161,0.919063,0.921114,0.919063,0.921114,34,26,30,21,0,0,0,0,98,79,75,41
2026/01/19/14:29:11,779.448273,0.919063,0.921114,0.919063,0.921114,34,26,30,21,0,0,0,0,98,79,75,41
2026/01/19/14:29:12,780.448363,0.919063,0.921114,0.919063,0.921114,34,26,30,21,0,0,0,0,98,79,75,41
2026/01/19/14:29:13,781.448456,0.919063,0.921114,0.919063,0.921114,34,26,30,21,0,0,0,0,98,79,75,41
2026/01/19/14:29:14,782.448550,0.919063,0.921114,0.919063,0.921114,34,26,30,21,0,0,0,0,98,79,75,41
2026/01/19/14:29:15,783.448643,0.922312,0.926681,0.969187,0.990421,34,26,30,22,3,4,0,1,98,79,75,41
2026/01/19/14:29:16,784.448730,0.929813,0.936417,0.969187,0.990421,35,26,30,23,2,4,0,0,98,79,75,41
2026/01/19/14:29:17,785.448849,0.916687,0.929683,0.956063,0.983687,35,24,30,23,2,4,0,0,98,81,75,41
2026/01/19/14:29:18,786.448942,0.910188,0.918549,0.949562,0.972553,35,24,30,21,2,4,0,0,98,81,75,43
2026/01/19/14:29:19,787.449021,0.914875,0.921824,0.967000,0.987020,35,24,30,22,3,4,0,0,98,81,75,43
2026/01/19/14:29:20,788.449186,0.914875,0.921824,0.967000,0.987020,35,24,30,22,3,4,0,0,98,81,75,43
2026/01/19/14:29:21,789.449308,0.910625,0.917655,0.958500,0.978681,34,24,30,22,2,4,0,0,99,81,75,43
2026/01/19/14:29:22,790.449408,0.905937,0.914380,0.936375,0.946095,34,24,30,21,2,1,0,0,99,81,75,44
2026/01/19/14:29:23,791.449521,0.905937,0.914380,0.936375,0.946095,34,24,30,21,2,1,0,0,99,81,75,44
2026/01/19/14:29:24,792.449615,0.905937,0.914380,0.936375,0.946095,34,24,30,21,2,1,0,0,99,81,75,44
2026/01/19/14:29:25,793.449671,0.905937,0.914380,0.936375,0.946095,34,24,30,21,2,1,0,0,99,81,75,44
2026/01/19/14:29:26,794.449832,0.905937,0.914380,0.936375,0.946095,34,24,30,21,2,1,0,0,99,81,75,44
2026/01/19/14:29:27,795.449925,0.905937,0.914380,0.936375,0.946095,34,24,30,21,2,1,0,0,99,81,75,44
2026/01/19/14:29:28,796.450108,0.905937,0.914380,0.936375,0.946095,34,24,30,21,2,1,0,0,99,81,75,44
2026/01/19/14:29:29,797.450208,0.905937,0.914380,0.936375,0.946095,34,24,30,21,2,1,0,0,99,81,75,44
2026/01/19/14:29:30,798.450295,0.905937,0.914380,0.936375,0.946095,34,24,30,21,2,1,0,0,99,81,75,44
2026/01/19/14:29:31,799.450442,0.912563,0.912093,0.928750,0.938480,35,23,30,21,1,1,0,0,99,82,75,44
2026/01/19/14:29:32,800.450586,0.912563,0.912093,0.928750,0.938480,35,23,30,21,1,1,0,0,99,82,75,44
2026/01/19/14:29:33,801.450684,0.912563,0.912093,0.928750,0.938480,35,23,30,21,1,1,0,0,99,82,75,44
2026/01/19/14:29:34,802.450778,0.912563,0.912093,0.928750,0.938480,35,23,30,21,1,1,0,0,99,82,75,44
2026/01/19/14:29:35,803.450874,0.912563,0.912093,0.928750,0.938480,35,23,30,21,1,1,0,0,99,82,75,44
2026/01/19/14:29:36,804.451229,0.912563,0.912093,0.928750,0.938480,35,23,30,21,1,1,0,0,99,82,75,44
2026/01/19/14:29:37,805.451134,0.912563,0.912093,0.928750,0.938480,35,23,30,21,1,1,0,0,99,82,75,44
2026/01/19/14:29:38,806.451261,0.912563,0.912093,0.928750,0.938480,35,23,30,21,1,1,0,0,99,82,75,44
2026/01/19/14:29:39,807.451375,0.912563,0.912093,0.928750,0.938480,35,23,30,21,1,1,0,0,99,82,75,44
2026/01/19/14:29:40,808.451495,0.912563,0.912093,0.928750,0.938480,35,23,30,21,1,1,0,0,99,82,75,44
2026/01/19/14:29:41,809.451658,0.912563,0.912093,0.928750,0.938480,35,23,30,21,1,1,0,0,99,82,75,44
2026/01/19/14:29:42,810.451754,0.912563,0.912093,0.928750,0.938480,35,23,30,21,1,1,0,0,99,82,75,44
2026/01/19/14:29:43,811.451900,0.896750,0.923823,0.909500,0.935015,35,25,30,19,1,0,0,0,99,82,75,46
2026/01/19/14:29:44,812.504254,0.882500,0.918496,0.900563,0.941047,34,25,30,19,1,0,1,0,100,82,75,46
2026/01/19/14:29:46,814.462789,0.898563,0.922899,0.993500,0.978883,39,24,30,19,8,0,1,0,100,84,75,46
2026/01/19/14:29:47,815.462883,0.930500,0.947805,1.008000,0.989863,41,25,31,19,8,0,0,0,104,85,75,46
2026/01/19/14:29:48,816.462979,0.930500,0.947805,1.002563,0.983433,41,25,31,19,6,0,0,0,104,85,75,46
2026/01/19/14:29:49,817.463066,0.927250,0.950177,1.052812,1.068752,42,23,31,19,6,0,3,3,104,87,75,46
2026/01/19/14:29:50,818.463139,0.934000,0.958522,1.034437,1.075499,42,23,33,19,5,0,1,5,104,87,75,46
2026/01/19/14:29:51,819.463228,0.934000,0.958522,1.075438,1.102961,42,23,33,19,6,0,4,5,104,87,75,46
2026/01/19/14:29:52,820.463320,0.934000,0.958522,1.075438,1.102961,42,23,33,19,6,0,4,5,104,87,75,46
2026/01/19/14:29:53,821.463411,0.934000,0.958522,1.075438,1.102961,42,23,33,19,6,0,4,5,104,87,75,46
2026/01/19/14:29:54,822.463508,0.932562,0.955659,1.070125,1.091602,42,23,32,20,6,0,4,4,104,87,76,46
2026/01/19/14:29:55,823.463678,0.933312,0.954115,1.063625,1.081842,41,23,33,20,5,0,3,4,106,87,76,46
2026/01/19/14:29:56,824.463794,0.933312,0.954115,1.063625,1.081842,41,23,33,20,5,0,3,4,106,87,76,46
2026/01/19/14:29:57,825.463899,0.933312,0.954115,1.063625,1.081842,41,23,33,20,5,0,3,4,106,87,76,46
2026/01/19/14:29:58,826.463989,0.934750,0.955253,1.055875,1.064849,42,23,33,19,4,0,3,3,106,87,76,47
2026/01/19/14:29:59,827.464116,0.934750,0.955253,1.055875,1.064849,42,23,33,19,4,0,3,3,106,87,76,47
2026/01/19/14:30:00,828.464261,0.929000,0.916799,1.046625,1.019714,41,23,33,19,3,0,3,3,108,87,76,47
2026/01/19/14:30:01,829.464320,0.927188,0.908264,1.036500,1.007198,42,23,30,19,2,0,3,3,108,87,79,47
2026/01/19/14:30:02,830.464432,0.923687,0.901584,1.033000,1.000517,41,23,30,19,2,0,3,3,109,87,79,47
2026/01/19/14:30:03,831.464577,0.935625,0.911151,1.102437,1.053038,41,24,30,20,5,1,6,5,109,87,79,47
2026/01/19/14:30:04,832.464697,0.935625,0.911151,1.145000,1.144127,41,24,30,20,7,4,6,5,109,87,79,47
2026/01/19/14:30:05,833.464738,0.942500,0.922074,1.150250,1.157486,41,26,30,20,5,4,7,6,109,87,79,47
2026/01/19/14:30:06,834.464839,0.942500,0.922074,1.116750,1.081862,41,26,30,20,2,4,8,6,109,87,79,47
2026/01/19/14:30:07,835.464919,0.931250,0.856329,1.068563,0.997812,41,26,30,22,2,4,5,4,109,87,82,47
2026/01/19/14:30:08,836.465035,0.948438,0.880851,1.050938,0.982280,40,30,31,23,2,0,3,3,110,87,82,47
2026/01/19/14:30:09,837.465152,0.952562,0.901812,1.046750,0.999462,41,28,33,21,4,0,4,2,110,89,82,50
2026/01/19/14:30:10,838.465292,0.933375,0.901083,0.982750,0.959891,43,28,30,21,2,0,0,2,110,89,87,50
2026/01/19/14:30:11,839.465406,0.938250,0.903033,0.998313,0.977611,44,29,30,20,1,2,1,2,110,89,87,51
2026/01/19/14:30:12,840.465492,0.938250,0.903033,0.998313,0.977611,44,29,30,20,1,2,1,2,110,89,87,51
2026/01/19/14:30:13,841.465642,0.937688,0.891006,0.987250,0.958985,44,31,27,20,1,0,1,2,110,89,90,51
2026/01/19/14:30:14,842.465787,0.908937,0.863229,0.958500,0.931207,44,26,27,20,1,0,1,2,110,94,90,51
2026/01/19/14:30:15,843.465909,0.908937,0.863229,0.958500,0.931207,44,26,27,20,1,0,1,2,110,94,90,51
2026/01/19/14:30:16,844.466007,0.902062,0.852306,0.947562,0.902676,44,24,27,20,1,0,0,2,110,96,90,51
2026/01/19/14:30:17,845.466114,0.902062,0.852306,0.947562,0.902676,44,24,27,20,1,0,0,2,110,96,90,51
2026/01/19/14:30:18,846.466239,0.902062,0.852306,0.947562,0.902676,44,24,27,20,1,0,0,2,110,96,90,51
2026/01/19/14:30:19,847.466406,0.902062,0.852306,0.947562,0.902676,44,24,27,20,1,0,0,2,110,96,90,51
2026/01/19/14:30:20,848.466496,0.930937,0.854662,0.958812,0.901800,42,24,27,23,0,0,0,2,113,96,90,51
2026/01/19/14:30:21,849.466589,0.930937,0.854662,0.958812,0.901800,42,24,27,23,0,0,0,2,113,96,90,51
2026/01/19/14:30:22,850.466687,0.930937,0.854662,0.958812,0.901800,42,24,27,23,0,0,0,2,113,96,90,51
2026/01/19/14:30:23,851.466777,0.930937,0.854662,0.958812,0.901800,42,24,27,23,0,0,0,2,113,96,90,51
2026/01/19/14:30:24,852.466944,0.874375,0.824656,0.902250,0.871793,40,24,27,20,0,0,0,2,115,96,90,54
2026/01/19/14:30:25,853.467029,0.874375,0.824656,0.902250,0.871793,40,24,27,20,0,0,0,2,115,96,90,54
2026/01/19/14:30:26,854.467127,0.874375,0.824656,0.902250,0.871793,40,24,27,20,0,0,0,2,115,96,90,54
2026/01/19/14:30:27,855.467272,0.857875,0.812098,0.885750,0.859236,40,21,27,20,0,0,0,2,115,99,90,54
2026/01/19/14:30:28,856.467345,0.857875,0.812098,0.885750,0.859236,40,21,27,20,0,0,0,2,115,99,90,54
2026/01/19/14:30:29,857.467508,0.857875,0.812098,0.885750,0.859236,40,21,27,20,0,0,0,2,115,99,90,54
2026/01/19/14:30:30,858.467605,0.857875,0.812098,0.885750,0.859236,40,21,27,20,0,0,0,2,115,99,90,54
2026/01/19/14:30:31,859.467724,0.857875,0.812098,0.885750,0.859236,40,21,27,20,0,0,0,2,115,99,90,54
2026/01/19/14:30:32,860.467811,0.885750,0.859236,0.885750,0.859236,40,21,27,22,0,0,0,0,117,99,90,54
2026/01/19/14:30:33,861.467977,0.885750,0.859236,0.885750,0.859236,40,21,27,22,0,0,0,0,117,99,90,54
2026/01/19/14:30:34,862.468114,0.885750,0.859236,0.885750,0.859236,40,21,27,22,0,0,0,0,117,99,90,54
2026/01/19/14:30:35,863.468197,0.885750,0.859236,0.885750,0.859236,40,21,27,22,0,0,0,0,117,99,90,54
2026/01/19/14:30:36,864.468313,0.885750,0.859236,0.885750,0.859236,40,21,27,22,0,0,0,0,117,99,90,54
2026/01/19/14:30:37,865.468587,0.885750,0.859236,0.885750,0.859236,40,21,27,22,0,0,0,0,117,99,90,54
2026/01/19/14:30:38,866.468578,0.885750,0.859236,0.885750,0.859236,40,21,27,22,0,0,0,0,117,99,90,54
2026/01/19/14:30:39,867.468701,0.885750,0.859236,0.885750,0.859236,40,21,27,22,0,0,0,0,117,99,90,54
2026/01/19/14:30:40,868.468771,0.885750,0.859236,0.885750,0.859236,40,21,27,22,0,0,0,0,117,99,90,54
2026/01/19/14:30:41,869.468884,0.885750,0.859236,0.885750,0.859236,40,21,27,22,0,0,0,0,117,99,90,54
2026/01/19/14:30:42,870.468985,0.885750,0.859236,0.885750,0.859236,40,21,27,22,0,0,0,0,117,99,90,54
2026/01/19/14:30:43,871.469141,0.885750,0.859236,0.885750,0.859236,40,21,27,22,0,0,0,0,117,99,90,54
2026/01/19/14:30:44,872.469232,0.917750,0.875120,0.917750,0.875120,40,21,28,25,0,0,0,0,117,99,90,54
2026/01/19/14:30:45,873.469332,0.901250,0.864871,0.901250,0.864871,38,21,28,25,0,0,0,0,119,99,90,54
2026/01/19/14:30:46,874.469419,0.901250,0.864871,0.901250,0.864871,38,21,28,25,0,0,0,0,119,99,90,54
2026/01/19/14:30:47,875.469540,0.897188,0.859064,0.897188,0.859064,38,21,27,25,0,0,0,0,119,99,91,54
2026/01/19/14:30:48,876.469630,0.897188,0.859064,0.897188,0.859064,38,21,27,25,0,0,0,0,119,99,91,54
2026/01/19/14:30:49,877.469737,0.897188,0.859064,0.897188,0.859064,38,21,27,25,0,0,0,0,119,99,91,54
2026/01/19/14:30:50,878.469894,0.897188,0.859064,0.897188,0.859064,38,21,27,25,0,0,0,0,119,99,91,54
2026/01/19/14:30:51,879.470000,0.897188,0.859064,0.897188,0.859064,38,21,27,25,0,0,0,0,119,99,91,54
2026/01/19/14:30:52,880.470069,0.897188,0.859064,0.897188,0.859064,38,21,27,25,0,0,0,0,119,99,91,54
2026/01/19/14:30:53,881.470121,0.897188,0.859064,0.897188,0.859064,38,21,27,25,0,0,0,0,119,99,91,54
2026/01/19/14:30:54,882.470219,0.897188,0.859064,0.897188,0.859064,38,21,27,25,0,0,0,0,119,99,91,54
2026/01/19/14:30:55,883.470320,0.897188,0.859064,0.897188,0.859064,38,21,27,25,0,0,0,0,119,99,91,54
2026/01/19/14:30:56,884.470415,0.897188,0.859064,0.897188,0.859064,38,21,27,25,0,0,0,0,119,99,91,54
2026/01/19/14:30:57,885.470498,0.897188,0.859064,0.897188,0.859064,38,21,27,25,0,0,0,0,119,99,91,54
2026/01/19/14:30:58,886.470612,0.869250,0.848986,0.869250,0.848986,38,21,27,22,0,0,0,0,119,99,91,57
2026/01/19/14:30:59,887.470728,0.905438,0.881607,0.905438,0.881607,44,21,29,22,0,0,0,0,119,99,91,57
2026/01/19/14:31:00,888.470885,0.905438,0.881607,0.905438,0.881607,44,21,29,22,0,0,0,0,119,99,91,57
2026/01/19/14:31:01,889.470984,0.883437,0.861945,0.883437,0.861945,39,21,29,22,0,0,0,0,124,99,91,57
2026/01/19/14:31:02,890.471113,0.883437,0.861945,0.883437,0.861945,39,21,29,22,0,0,0,0,124,99,91,57
2026/01/19/14:31:03,891.471192,0.883437,0.861945,0.883437,0.861945,39,21,29,22,0,0,0,0,124,99,91,57
2026/01/19/14:31:04,892.471339,0.874062,0.849187,0.874062,0.849187,36,21,29,22,0,0,0,0,127,99,91,57
2026/01/19/14:31:05,893.471414,0.874062,0.849187,0.874062,0.849187,36,21,29,22,0,0,0,0,127,99,91,57
2026/01/19/14:31:06,894.471536,0.874062,0.849187,0.874062,0.849187,36,21,29,22,0,0,0,0,127,99,91,57
2026/01/19/14:31:07,895.471626,0.874062,0.849187,0.874062,0.849187,36,21,29,22,0,0,0,0,127,99,91,57
2026/01/19/14:31:08,896.471731,0.863437,0.840083,0.863437,0.840083,36,21,27,22,0,0,0,0,127,99,93,57
2026/01/19/14:31:09,897.471830,0.871687,0.856300,0.871687,0.856300,36,21,27,24,0,0,0,0,127,99,93,57
2026/01/19/14:31:10,898.471939,0.871687,0.856300,0.871687,0.856300,36,21,27,24,0,0,0,0,127,99,93,57
2026/01/19/14:31:11,899.472032,0.867938,0.852980,0.867938,0.852980,36,21,27,23,0,0,0,0,127,99,93,58
2026/01/19/14:31:12,900.472135,0.867938,0.852980,0.867938,0.852980,36,21,27,23,0,0,0,0,127,99,93,58
2026/01/19/14:31:13,901.472227,0.867938,0.852980,0.867938,0.852980,36,21,27,23,0,0,0,0,127,99,93,58
2026/01/19/14:31:14,902.472356,0.867938,0.852980,0.867938,0.852980,36,21,27,23,0,0,0,0,127,99,93,58
2026/01/19/14:31:15,903.472452,0.867938,0.852980,0.867938,0.852980,36,21,27,23,0,0,0,0,127,99,93,58
2026/01/19/14:31:16,904.472590,0.867938,0.852980,0.867938,0.852980,36,21,27,23,0,0,0,0,127,99,93,58
2026/01/19/14:31:17,905.472682,0.867938,0.852980,0.867938,0.852980,36,21,27,23,0,0,0,0,127,99,93,58
2026/01/19/14:31:18,906.472797,0.867938,0.852980,0.867938,0.852980,36,21,27,23,0,0,0,0,127,99,93,58
2026/01/19/14:31:19,907.472895,0.867938,0.852980,0.867938,0.852980,36,21,27,23,0,0,0,0,127,99,93,58
2026/01/19/14:31:20,908.472976,0.867938,0.852980,0.867938,0.852980,36,21,27,23,0,0,0,0,127,99,93,58
2026/01/19/14:31:21,909.473106,0.867938,0.852980,0.867938,0.852980,36,21,27,23,0,0,0,0,127,99,93,58
2026/01/19/14:31:22,910.473169,0.867938,0.852980,0.867938,0.852980,36,21,27,23,0,0,0,0,127,99,93,58
2026/01/19/14:31:23,911.473342,0.867938,0.852980,0.867938,0.852980,36,21,27,23,0,0,0,0,127,99,93,58
2026/01/19/14:31:24,912.473485,0.867938,0.852980,0.867938,0.852980,36,21,27,23,0,0,0,0,127,99,93,58
2026/01/19/14:31:25,913.473590,0.867938,0.852980,0.867938,0.852980,36,21,27,23,0,0,0,0,127,99,93,58
2026/01/19/14:31:26,914.473722,0.867938,0.852980,0.867938,0.852980,36,21,27,23,0,0,0,0,127,99,93,58
2026/01/19/14:31:27,915.473849,0.867938,0.852980,0.867938,0.852980,36,21,27,23,0,0,0,0,127,99,93,58
2026/01/19/14:31:28,916.473949,0.867938,0.852980,0.867938,0.852980,36,21,27,23,0,0,0,0,127,99,93,58
2026/01/19/14:31:29,917.474115,0.867938,0.852980,0.867938,0.852980,36,21,27,23,0,0,0,0,127,99,93,58
2026/01/19/14:31:30,918.474240,0.867938,0.852980,0.867938,0.852980,36,21,27,23,0,0,0,0,127,99,93,58
2026/01/19/14:31:31,919.474401,0.867938,0.852980,0.867938,0.852980,36,21,27,23,0,0,0,0,127,99,93,58
2026/01/19/14:31:32,920.474505,0.867938,0.852980,0.867938,0.852980,36,21,27,23,0,0,0,0,127,99,93,58
2026/01/19/14:31:33,921.474649,0.867938,0.852980,0.867938,0.852980,36,21,27,23,0,0,0,0,127,99,93,58
2026/01/19/14:31:34,922.474807,0.867938,0.852980,0.867938,0.852980,36,21,27,23,0,0,0,0,127,99,93,58
2026/01/19/14:31:35,923.474915,0.867938,0.852980,0.867938,0.852980,36,21,27,23,0,0,0,0,127,99,93,58
2026/01/19/14:31:36,924.475027,0.867938,0.852980,0.867938,0.852980,36,21,27,23,0,0,0,0,127,99,93,58
2026/01/19/14:31:37,925.475161,0.867938,0.852980,0.867938,0.852980,36,21,27,23,0,0,0,0,127,99,93,58
2026/01/19/14:31:38,926.475240,0.885563,0.864974,0.885563,0.864974,39,21,27,23,0,0,0,0,127,99,93,58
2026/01/19/14:31:39,927.475335,0.885563,0.864974,0.885563,0.864974,39,21,27,23,0,0,0,0,127,99,93,58
2026/01/19/14:31:40,928.475409,0.885563,0.864974,0.885563,0.864974,39,21,27,23,0,0,0,0,127,99,93,58
2026/01/19/14:31:41,929.475538,0.885563,0.864974,0.885563,0.864974,39,21,27,23,0,0,0,0,127,99,93,58
2026/01/19/14:31:42,930.475628,0.885563,0.864974,0.885563,0.864974,39,21,27,23,0,0,0,0,127,99,93,58
2026/01/19/14:31:43,931.475723,0.885563,0.864974,0.885563,0.864974,39,21,27,23,0,0,0,0,127,99,93,58
2026/01/19/14:31:44,932.475810,0.885563,0.864974,0.885563,0.864974,39,21,27,23,0,0,0,0,127,99,93,58
2026/01/19/14:31:45,933.475915,0.885563,0.864974,0.885563,0.864974,39,21,27,23,0,0,0,0,127,99,93,58
2026/01/19/14:31:46,934.476007,0.885563,0.864974,0.885563,0.864974,39,21,27,23,0,0,0,0,127,99,93,58
2026/01/19/14:31:47,935.476138,0.885563,0.864974,0.885563,0.864974,39,21,27,23,0,0,0,0,127,99,93,58
2026/01/19/14:31:48,936.476287,0.885563,0.864974,0.885563,0.864974,39,21,27,23,0,0,0,0,127,99,93,58
2026/01/19/14:31:49,937.476391,0.885563,0.864974,0.885563,0.864974,39,21,27,23,0,0,0,0,127,99,93,58
2026/01/19/14:31:50,938.476541,0.885563,0.864974,0.885563,0.864974,39,21,27,23,0,0,0,0,127,99,93,58
2026/01/19/14:31:51,939.476634,0.916438,0.895230,0.946125,0.993973,39,23,27,26,0,1,3,0,127,99,93,58
2026/01/19/14:31:52,940.476722,0.925188,0.906744,0.972688,1.028291,40,24,27,26,1,3,3,0,127,99,93,58
2026/01/19/14:31:53,941.476803,0.925188,0.906744,0.963625,1.007553,40,24,27,26,1,2,3,0,127,99,93,58
2026/01/19/14:31:54,942.476893,0.923625,0.910318,0.948063,0.996578,40,23,27,26,1,0,3,0,127,102,93,58
2026/01/19/14:31:55,943.476998,0.913438,0.904024,0.934063,0.982029,41,21,27,26,0,0,3,0,127,104,93,58
2026/01/19/14:31:56,944.477070,0.913438,0.904024,0.913438,0.904024,41,21,27,26,0,0,0,0,127,104,93,58
2026/01/19/14:31:57,945.477149,0.913438,0.904024,0.913438,0.904024,41,21,27,26,0,0,0,0,127,104,93,58
2026/01/19/14:31:58,946.477206,0.913438,0.904024,0.913438,0.904024,41,21,27,26,0,0,0,0,127,104,93,58
2026/01/19/14:31:59,947.477288,0.905813,0.887514,0.905813,0.887514,39,21,27,26,0,0,0,0,129,104,93,58
2026/01/19/14:32:00,948.477386,0.899438,0.883407,0.899438,0.883407,39,21,27,25,0,0,0,0,129,104,93,59
2026/01/19/14:32:01,949.477556,0.899438,0.883407,0.899438,0.883407,39,21,27,25,0,0,0,0,129,104,93,59
2026/01/19/14:32:02,950.477656,0.899438,0.883407,0.899438,0.883407,39,21,27,25,0,0,0,0,129,104,93,59
2026/01/19/14:32:03,951.477760,0.899438,0.883407,0.899438,0.883407,39,21,27,25,0,0,0,0,129,104,93,59
2026/01/19/14:32:04,952.477902,0.870313,0.873168,0.870313,0.873168,39,20,27,25,0,0,0,0,129,105,93,59
2026/01/19/14:32:05,953.477990,0.870313,0.873168,0.870313,0.873168,39,20,27,25,0,0,0,0,129,105,93,59
2026/01/19/14:32:06,954.478111,0.870313,0.873168,0.870313,0.873168,39,20,27,25,0,0,0,0,129,105,93,59
2026/01/19/14:32:07,955.478212,0.870313,0.873168,0.870313,0.873168,39,20,27,25,0,0,0,0,129,105,93,59
2026/01/19/14:32:08,956.478309,0.870313,0.873168,0.870313,0.873168,39,20,27,25,0,0,0,0,129,105,93,59
2026/01/19/14:32:09,957.478472,0.870313,0.873168,0.870313,0.873168,39,20,27,25,0,0,0,0,129,105,93,59
2026/01/19/14:32:10,958.478617,0.870313,0.873168,0.870313,0.873168,39,20,27,25,0,0,0,0,129,105,93,59
2026/01/19/14:32:11,959.478709,0.870313,0.873168,0.870313,0.873168,39,20,27,25,0,0,0,0,129,105,93,59
2026/01/19/14:32:12,960.478807,0.870313,0.873168,0.870313,0.873168,39,20,27,25,0,0,0,0,129,105,93,59
2026/01/19/14:32:13,961.478914,0.870313,0.873168,0.870313,0.873168,39,20,27,25,0,0,0,0,129,105,93,59
2026/01/19/14:32:14,962.479069,0.870313,0.873168,0.870313,0.873168,39,20,27,25,0,0,0,0,129,105,93,59
2026/01/19/14:32:15,963.479199,0.870313,0.873168,0.870313,0.873168,39,20,27,25,0,0,0,0,129,105,93,59
2026/01/19/14:32:16,964.479305,0.870313,0.873168,0.870313,0.873168,39,20,27,25,0,0,0,0,129,105,93,59
2026/01/19/14:32:17,965.479452,0.870313,0.873168,0.870313,0.873168,39,20,27,25,0,0,0,0,129,105,93,59
2026/01/19/14:32:18,966.479603,0.870313,0.873168,0.870313,0.873168,39,20,27,25,0,0,0,0,129,105,93,59
2026/01/19/14:32:19,967.479708,0.870313,0.873168,0.870313,0.873168,39,20,27,25,0,0,0,0,129,105,93,59
2026/01/19/14:32:20,968.479808,0.870313,0.873168,0.870313,0.873168,39,20,27,25,0,0,0,0,129,105,93,59
2026/01/19/14:32:21,969.479914,0.870313,0.873168,0.870313,0.873168,39,20,27,25,0,0,0,0,129,105,93,59
2026/01/19/14:32:22,970.480009,0.870313,0.873168,0.870313,0.873168,39,20,27,25,0,0,0,0,129,105,93,59
2026/01/19/14:32:23,971.480151,0.870313,0.873168,0.870313,0.873168,39,20,27,25,0,0,0,0,129,105,93,59
2026/01/19/14:32:24,972.480215,0.870313,0.873168,0.870313,0.873168,39,20,27,25,0,0,0,0,129,105,93,59
2026/01/19/14:32:25,973.480318,0.870313,0.873168,0.870313,0.873168,39,20,27,25,0,0,0,0,129,105,93,59
2026/01/19/14:32:26,974.480473,0.870313,0.873168,0.870313,0.873168,39,20,27,25,0,0,0,0,129,105,93,59
2026/01/19/14:32:27,975.480611,0.870313,0.873168,0.870313,0.873168,39,20,27,25,0,0,0,0,129,105,93,59
2026/01/19/14:32:28,976.480712,0.870313,0.873168,0.870313,0.873168,39,20,27,25,0,0,0,0,129,105,93,59
2026/01/19/14:32:29,977.480815,0.870313,0.873168,0.870313,0.873168,39,20,27,25,0,0,0,0,129,105,93,59
2026/01/19/14:32:30,978.480936,0.870313,0.873168,0.870313,0.873168,39,20,27,25,0,0,0,0,129,105,93,59
2026/01/19/14:32:31,979.481019,0.870313,0.873168,0.870313,0.873168,39,20,27,25,0,0,0,0,129,105,93,59
2026/01/19/14:32:32,980.481128,0.870313,0.873168,0.870313,0.873168,39,20,27,25,0,0,0,0,129,105,93,59
2026/01/19/14:32:33,981.481212,0.870313,0.873168,0.870313,0.873168,39,20,27,25,0,0,0,0,129,105,93,59
2026/01/19/14:32:34,982.481308,0.870313,0.873168,0.870313,0.873168,39,20,27,25,0,0,0,0,129,105,93,59
2026/01/19/14:32:35,983.481417,0.870313,0.873168,0.870313,0.873168,39,20,27,25,0,0,0,0,129,105,93,59
2026/01/19/14:32:36,984.481512,0.850063,0.850628,0.850063,0.850628,39,20,27,22,0,0,0,0,129,105,93,62
2026/01/19/14:32:37,985.481616,0.850063,0.850628,0.850063,0.850628,39,20,27,22,0,0,0,0,129,105,93,62
2026/01/19/14:32:38,986.481710,0.850063,0.850628,0.850063,0.850628,39,20,27,22,0,0,0,0,129,105,93,62
2026/01/19/14:32:39,987.481802,0.929500,0.895381,0.965750,0.933812,42,22,27,26,0,1,0,2,129,105,93,62
2026/01/19/14:32:40,988.481952,0.938750,0.903131,0.999625,0.954713,42,22,29,26,0,3,1,2,129,105,93,62
2026/01/19/14:32:41,989.482112,0.938750,0.903131,0.999625,0.954713,42,22,29,26,0,3,1,2,129,105,93,62
2026/01/19/14:32:42,990.482211,0.929500,0.895381,0.989750,0.957929,42,22,27,26,1,3,0,2,129,105,95,62
2026/01/19/14:32:43,991.482308,0.933813,0.891525,0.984062,0.949435,42,23,27,25,1,2,0,2,129,105,95,63
2026/01/19/14:32:44,992.482440,0.933813,0.891525,0.980062,0.934594,42,23,27,25,0,2,0,2,129,105,95,63
2026/01/19/14:32:45,993.482511,0.933813,0.891525,0.980062,0.934594,42,23,27,25,0,2,0,2,129,105,95,63
2026/01/19/14:32:46,994.482680,0.933813,0.891525,0.980062,0.934594,42,23,27,25,0,2,0,2,129,105,95,63
2026/01/19/14:32:47,995.482770,0.912813,0.876085,0.959063,0.919154,42,23,27,22,0,2,0,2,129,105,95,66
2026/01/19/14:32:48,996.482867,0.922813,0.880723,0.959063,0.919154,42,24,27,22,0,1,0,2,129,105,95,66
2026/01/19/14:32:49,997.482934,0.922813,0.880723,0.959063,0.919154,42,24,27,22,0,1,0,2,129,105,95,66
2026/01/19/14:32:50,998.483038,0.922813,0.880723,0.959063,0.919154,42,24,27,22,0,1,0,2,129,105,95,66
2026/01/19/14:32:51,999.483150,0.933813,0.874993,0.950063,0.908765,42,23,27,22,0,0,0,2,129,107,95,66
2026/01/19/14:32:52,1000.483239,0.933813,0.874993,0.950063,0.908765,42,23,27,22,0,0,0,2,129,107,95,66
2026/01/19/14:32:53,1001.483327,0.933813,0.874993,0.950063,0.908765,42,23,27,22,0,0,0,2,129,107,95,66
2026/01/19/14:32:54,1002.483411,0.933813,0.874993,0.950063,0.908765,42,23,27,22,0,0,0,2,129,107,95,66
2026/01/19/14:32:55,1003.483518,0.897813,0.867845,0.914062,0.901617,40,23,27,22,0,0,0,2,131,107,95,66
2026/01/19/14:32:56,1004.483682,0.897813,0.867845,0.914062,0.901617,40,23,27,22,0,0,0,2,131,107,95,66
2026/01/19/14:32:57,1005.483770,0.897813,0.867845,0.914062,0.901617,40,23,27,22,0,0,0,2,131,107,95,66
2026/01/19/14:32:58,1006.483864,0.897813,0.867845,0.914062,0.901617,40,23,27,22,0,0,0,2,131,107,95,66
2026/01/19/14:32:59,1007.483962,0.897813,0.867845,0.914062,0.901617,40,23,27,22,0,0,0,2,131,107,95,66
2026/01/19/14:33:00,1008.484065,0.897813,0.867845,0.914062,0.901617,40,23,27,22,0,0,0,2,131,107,95,66
2026/01/19/14:33:01,1009.484131,0.930375,0.893775,0.997500,0.936909,40,24,29,22,0,2,0,2,131,107,95,66
2026/01/19/14:33:02,1010.484188,0.930375,0.893775,0.997500,0.936909,40,24,29,22,0,2,0,2,131,107,95,66
2026/01/19/14:33:03,1011.484308,0.930375,0.893775,0.997500,0.936909,40,24,29,22,0,2,0,2,131,107,95,66
2026/01/19/14:33:04,1012.484397,0.935500,0.897789,1.002625,0.940924,40,25,29,22,0,2,0,2,131,107,95,66
2026/01/19/14:33:05,1013.484432,0.925625,0.906128,0.946688,0.949739,40,24,30,23,0,0,1,2,131,108,95,66
2026/01/19/14:33:06,1014.484533,0.925625,0.906128,0.946688,0.949739,40,24,30,23,0,0,1,2,131,108,95,66
2026/01/19/14:33:07,1015.484693,0.925625,0.906128,0.946688,0.949739,40,24,30,23,0,0,1,2,131,108,95,66
2026/01/19/14:33:08,1016.484784,0.920813,0.896288,0.937063,0.930060,40,24,29,23,0,0,0,2,131,108,96,66
2026/01/19/14:33:09,1017.484895,0.920813,0.896288,0.937063,0.930060,40,24,29,23,0,0,0,2,131,108,96,66
2026/01/19/14:33:10,1018.484989,0.920813,0.896288,0.937063,0.930060,40,24,29,23,0,0,0,2,131,108,96,66
2026/01/19/14:33:11,1019.485108,0.913687,0.875040,0.929937,0.908811,40,24,27,23,0,0,0,2,131,108,98,66
2026/01/19/14:33:12,1020.485204,0.913687,0.875040,0.929937,0.908811,40,24,27,23,0,0,0,2,131,108,98,66
2026/01/19/14:33:13,1021.485303,0.913687,0.875040,0.929937,0.908811,40,24,27,23,0,0,0,2,131,108,98,66
2026/01/19/14:33:14,1022.485415,0.893687,0.870380,0.909937,0.904152,40,23,27,23,0,0,0,2,131,109,98,66
2026/01/19/14:33:15,1023.485563,0.893687,0.870380,0.909937,0.904152,40,23,27,23,0,0,0,2,131,109,98,66
2026/01/19/14:33:16,1024.485667,0.893687,0.870380,0.909937,0.904152,40,23,27,23,0,0,0,2,131,109,98,66
2026/01/19/14:33:17,1025.485763,0.893687,0.870380,0.909937,0.904152,40,23,27,23,0,0,0,2,131,109,98,66
2026/01/19/14:33:18,1026.485849,0.893687,0.870380,0.909937,0.904152,40,23,27,23,0,0,0,2,131,109,98,66
2026/01/19/14:33:19,1027.485946,0.893687,0.870380,0.909937,0.904152,40,23,27,23,0,0,0,2,131,109,98,66
2026/01/19/14:33:20,1028.486108,0.893687,0.870380,0.909937,0.904152,40,23,27,23,0,0,0,2,131,109,98,66
2026/01/19/14:33:21,1029.486183,0.907312,0.902934,0.973500,0.961286,37,25,27,25,0,0,0,4,136,109,98,66
2026/01/19/14:33:22,1030.486290,0.907312,0.902934,0.973500,0.961286,37,25,27,25,0,0,0,4,136,109,98,66
2026/01/19/14:33:23,1031.486380,0.907312,0.902934,0.973500,0.961286,37,25,27,25,0,0,0,4,136,109,98,66
2026/01/19/14:33:24,1032.486492,0.892312,0.892158,0.958500,0.950510,37,23,27,25,0,0,0,4,136,111,98,66
2026/01/19/14:33:25,1033.486606,0.910687,0.896248,0.958500,0.950510,37,23,27,26,0,0,0,3,136,111,98,66
2026/01/19/14:33:26,1034.486690,0.910687,0.896248,0.958500,0.950510,37,23,27,26,0,0,0,3,136,111,98,66
2026/01/19/14:33:27,1035.486860,0.890687,0.886972,0.938500,0.941234,37,21,27,26,0,0,0,3,136,113,98,66
2026/01/19/14:33:28,1036.487009,0.882938,0.883691,0.930750,0.937953,36,21,27,26,0,0,0,3,137,113,98,66
2026/01/19/14:33:29,1037.487105,0.882938,0.883691,0.930750,0.937953,36,21,27,26,0,0,0,3,137,113,98,66
2026/01/19/14:33:30,1038.487189,0.882938,0.883691,0.930750,0.937953,36,21,27,26,0,0,0,3,137,113,98,66
2026/01/19/14:33:31,1039.487288,0.882938,0.883691,0.930750,0.937953,36,21,27,26,0,0,0,3,137,113,98,66
2026/01/19/14:33:32,1040.487378,0.871875,0.864826,0.903750,0.901001,36,21,27,24,0,0,0,2,137,113,98,69
2026/01/19/14:33:33,1041.487525,0.871875,0.864826,0.903750,0.901001,36,21,27,24,0,0,0,2,137,113,98,69
2026/01/19/14:33:34,1042.487614,0.871875,0.864826,0.903750,0.901001,36,21,27,24,0,0,0,2,137,113,98,69
2026/01/19/14:33:35,1043.487700,0.871875,0.864826,0.903750,0.901001,36,21,27,24,0,0,0,2,137,113,98,69
2026/01/19/14:33:36,1044.487796,0.855938,0.846739,0.855938,0.846739,36,21,27,23,0,0,0,0,137,113,98,70
2026/01/19/14:33:37,1045.487901,0.855938,0.846739,0.855938,0.846739,36,21,27,23,0,0,0,0,137,113,98,70
2026/01/19/14:33:38,1046.487985,0.850812,0.842724,0.850812,0.842724,36,20,27,23,0,0,0,0,137,114,98,70
2026/01/19/14:33:39,1047.488109,0.850812,0.842724,0.850812,0.842724,36,20,27,23,0,0,0,0,137,114,98,70
2026/01/19/14:33:40,1048.488153,0.850812,0.842724,0.850812,0.842724,36,20,27,23,0,0,0,0,137,114,98,70
2026/01/19/14:33:41,1049.488244,0.850812,0.842724,0.850812,0.842724,36,20,27,23,0,0,0,0,137,114,98,70
2026/01/19/14:33:42,1050.488351,0.850812,0.842724,0.850812,0.842724,36,20,27,23,0,0,0,0,137,114,98,70
2026/01/19/14:33:43,1051.488493,0.850812,0.842724,0.850812,0.842724,36,20,27,23,0,0,0,0,137,114,98,70
2026/01/19/14:33:44,1052.488553,0.876875,0.882920,0.876875,0.882920,39,20,27,23,0,0,0,0,137,114,98,70
2026/01/19/14:33:45,1053.488666,0.881375,0.886107,0.924875,0.959357,39,20,28,23,0,0,4,0,137,114,98,70
2026/01/19/14:33:46,1054.488733,0.881375,0.886107,0.924875,0.959357,39,20,28,23,0,0,4,0,137,114,98,70
2026/01/19/14:33:47,1055.488893,0.881375,0.886107,0.917250,0.930620,39,20,28,23,0,0,2,0,137,114,98,70
2026/01/19/14:33:48,1056.488976,0.868437,0.880918,0.868437,0.880918,36,20,29,21,0,0,0,0,140,114,99,72
2026/01/19/14:33:49,1057.489094,0.843500,0.868972,0.843500,0.868972,33,20,29,21,0,0,0,0,143,114,99,72
2026/01/19/14:33:50,1058.489188,0.843500,0.868972,0.843500,0.868972,33,20,29,21,0,0,0,0,143,114,99,72
2026/01/19/14:33:51,1059.489284,0.843500,0.868972,0.843500,0.868972,33,20,29,21,0,0,0,0,143,114,99,72
2026/01/19/14:33:52,1060.489379,0.843500,0.868972,0.843500,0.868972,33,20,29,21,0,0,0,0,143,114,99,72
2026/01/19/14:33:53,1061.489456,0.843500,0.868972,0.843500,0.868972,33,20,29,21,0,0,0,0,143,114,99,72
2026/01/19/14:33:54,1062.489632,0.843500,0.868972,0.843500,0.868972,33,20,29,21,0,0,0,0,143,114,99,72
2026/01/19/14:33:55,1063.489716,0.843500,0.868972,0.843500,0.868972,33,20,29,21,0,0,0,0,143,114,99,72
2026/01/19/14:33:56,1064.489810,0.843500,0.868972,0.843500,0.868972,33,20,29,21,0,0,0,0,143,114,99,72
2026/01/19/14:33:57,1065.489911,0.843500,0.868972,0.843500,0.868972,33,20,29,21,0,0,0,0,143,114,99,72
2026/01/19/14:33:58,1066.490023,0.843500,0.868972,0.843500,0.868972,33,20,29,21,0,0,0,0,143,114,99,72
2026/01/19/14:33:59,1067.490095,0.843500,0.868972,0.843500,0.868972,33,20,29,21,0,0,0,0,143,114,99,72
2026/01/19/14:34:00,1068.490226,0.807625,0.824460,0.807625,0.824460,33,20,27,21,0,0,0,0,143,114,101,72
2026/01/19/14:34:01,1069.490416,0.807625,0.824460,0.807625,0.824460,33,20,27,21,0,0,0,0,143,114,101,72
2026/01/19/14:34:02,1070.490500,0.807625,0.824460,0.807625,0.824460,33,20,27,21,0,0,0,0,143,114,101,72
2026/01/19/14:34:03,1071.490592,0.807625,0.824460,0.807625,0.824460,33,20,27,21,0,0,0,0,143,114,101,72
2026/01/19/14:34:04,1072.490746,0.807625,0.824460,0.807625,0.824460,33,20,27,21,0,0,0,0,143,114,101,72
2026/01/19/14:34:05,1073.490894,0.807625,0.824460,0.807625,0.824460,33,20,27,21,0,0,0,0,143,114,101,72
2026/01/19/14:34:06,1074.490986,0.807625,0.824460,0.807625,0.824460,33,20,27,21,0,0,0,0,143,114,101,72
2026/01/19/14:34:07,1075.491087,0.807625,0.824460,0.807625,0.824460,33,20,27,21,0,0,0,0,143,114,101,72
2026/01/19/14:34:08,1076.491175,0.807625,0.824460,0.807625,0.824460,33,20,27,21,0,0,0,0,143,114,101,72
2026/01/19/14:34:09,1077.491344,0.807625,0.824460,0.807625,0.824460,33,20,27,21,0,0,0,0,143,114,101,72
2026/01/19/14:34:10,1078.491422,0.838812,0.857210,0.883062,0.893591,35,20,27,24,5,0,1,0,143,114,101,72
2026/01/19/14:34:11,1079.491511,0.883062,0.893591,0.898188,0.919062,40,20,28,24,0,0,2,0,143,114,101,72
2026/01/19/14:34:12,1080.491609,0.883062,0.893591,0.898188,0.919062,40,20,28,24,0,0,2,0,143,114,101,72
2026/01/19/14:34:13,1081.491709,0.866250,0.888192,0.873812,0.900928,36,20,29,24,0,0,1,0,147,114,101,72
2026/01/19/14:34:14,1082.491805,0.866250,0.888192,0.873812,0.900928,36,20,29,24,0,0,1,0,147,114,101,72
2026/01/19/14:34:15,1083.491891,0.866250,0.888192,0.873812,0.900928,36,20,29,24,0,0,1,0,147,114,101,72
2026/01/19/14:34:16,1084.491995,0.840437,0.880156,0.840437,0.880156,33,20,30,24,0,0,0,0,150,114,101,72
2026/01/19/14:34:17,1085.492126,0.840437,0.880156,0.840437,0.880156,33,20,30,24,0,0,0,0,150,114,101,72
2026/01/19/14:34:18,1086.492286,0.830313,0.862666,0.830313,0.862666,33,20,30,21,0,0,0,0,150,114,101,75
2026/01/19/14:34:19,1087.492383,0.830313,0.862666,0.830313,0.862666,33,20,30,21,0,0,0,0,150,114,101,75
2026/01/19/14:34:20,1088.492483,0.830313,0.862666,0.830313,0.862666,33,20,30,21,0,0,0,0,150,114,101,75
2026/01/19/14:34:21,1089.492584,0.807625,0.824460,0.807625,0.824460,33,20,27,21,0,0,0,0,150,114,104,75
2026/01/19/14:34:22,1090.492670,0.807625,0.824460,0.807625,0.824460,33,20,27,21,0,0,0,0,150,114,104,75
2026/01/19/14:34:23,1091.492772,0.803188,0.815037,0.803188,0.815037,33,19,27,21,0,0,0,0,150,115,104,75
2026/01/19/14:34:24,1092.492874,0.803188,0.815037,0.803188,0.815037,33,19,27,21,0,0,0,0,150,115,104,75
2026/01/19/14:34:25,1093.492970,0.803188,0.815037,0.803188,0.815037,33,19,27,21,0,0,0,0,150,115,104,75
2026/01/19/14:34:26,1094.493109,0.803188,0.815037,0.803188,0.815037,33,19,27,21,0,0,0,0,150,115,104,75
2026/01/19/14:34:27,1095.493218,0.803188,0.815037,0.803188,0.815037,33,19,27,21,0,0,0,0,150,115,104,75
2026/01/19/14:34:28,1096.493325,0.803188,0.815037,0.803188,0.815037,33,19,27,21,0,0,0,0,150,115,104,75
2026/01/19/14:34:29,1097.493427,0.803188,0.815037,0.803188,0.815037,33,19,27,21,0,0,0,0,150,115,104,75
2026/01/19/14:34:30,1098.493570,0.803188,0.815037,0.803188,0.815037,33,19,27,21,0,0,0,0,150,115,104,75
2026/01/19/14:34:31,1099.493758,0.803188,0.815037,0.803188,0.815037,33,19,27,21,0,0,0,0,150,115,104,75
2026/01/19/14:34:32,1100.493844,0.803188,0.815037,0.803188,0.815037,33,19,27,21,0,0,0,0,150,115,104,75
2026/01/19/14:34:33,1101.493942,0.822313,0.826740,0.860000,0.842604,36,19,27,21,0,3,0,1,150,115,104,75
2026/01/19/14:34:34,1102.494123,0.892000,0.869550,0.892000,0.869550,37,24,29,22,0,0,0,0,150,115,104,75
2026/01/19/14:34:35,1103.494278,0.892000,0.869550,0.892000,0.869550,37,24,29,22,0,0,0,0,150,115,104,75
2026/01/19/14:34:36,1104.494442,0.892000,0.869550,0.892000,0.869550,37,24,29,22,0,0,0,0,150,115,104,75
2026/01/19/14:34:37,1105.494544,0.892000,0.869550,0.892000,0.869550,37,24,29,22,0,0,0,0,150,115,104,75
2026/01/19/14:34:38,1106.494656,0.858500,0.851128,0.858500,0.851128,34,22,29,22,0,0,0,0,153,117,104,75
2026/01/19/14:34:39,1107.494743,0.858500,0.851128,0.858500,0.851128,34,22,29,22,0,0,0,0,153,117,104,75
2026/01/19/14:34:40,1108.494839,0.858500,0.851128,0.858500,0.851128,34,22,29,22,0,0,0,0,153,117,104,75
2026/01/19/14:34:41,1109.494929,0.858500,0.851128,0.858500,0.851128,34,22,29,22,0,0,0,0,153,117,104,75
2026/01/19/14:34:42,1110.495108,0.858500,0.851128,0.858500,0.851128,34,22,29,22,0,0,0,0,153,117,104,75
2026/01/19/14:34:43,1111.495255,0.858500,0.851128,0.858500,0.851128,34,22,29,22,0,0,0,0,153,117,104,75
2026/01/19/14:34:44,1112.495348,0.842938,0.845309,0.842938,0.845309,34,22,29,21,0,0,0,0,153,117,104,76
2026/01/19/14:34:45,1113.495461,0.842938,0.845309,0.842938,0.845309,34,22,29,21,0,0,0,0,153,117,104,76
2026/01/19/14:34:46,1114.495526,0.842938,0.845309,0.842938,0.845309,34,22,29,21,0,0,0,0,153,117,104,76
2026/01/19/14:34:47,1115.495643,0.842938,0.845309,0.842938,0.845309,34,22,29,21,0,0,0,0,153,117,104,76
2026/01/19/14:34:48,1116.495748,0.842938,0.845309,0.842938,0.845309,34,22,29,21,0,0,0,0,153,117,104,76
2026/01/19/14:34:49,1117.495905,0.842938,0.845309,0.842938,0.845309,34,22,29,21,0,0,0,0,153,117,104,76
2026/01/19/14:34:50,1118.496024,0.842938,0.845309,0.842938,0.845309,34,22,29,21,0,0,0,0,153,117,104,76
2026/01/19/14:34:51,1119.496128,0.842938,0.845309,0.842938,0.845309,34,22,29,21,0,0,0,0,153,117,104,76
2026/01/19/14:34:52,1120.496226,0.842938,0.845309,0.842938,0.845309,34,22,29,21,0,0,0,0,153,117,104,76
2026/01/19/14:34:53,1121.496487,0.842938,0.845309,0.842938,0.845309,34,22,29,21,0,0,0,0,153,117,104,76
2026/01/19/14:34:54,1122.496493,0.842938,0.845309,0.842938,0.845309,34,22,29,21,0,0,0,0,153,117,104,76
2026/01/19/14:34:55,1123.496590,0.842938,0.845309,0.842938,0.845309,34,22,29,21,0,0,0,0,153,117,104,76
2026/01/19/14:34:56,1124.496716,0.842938,0.845309,0.842938,0.845309,34,22,29,21,0,0,0,0,153,117,104,76
2026/01/19/14:34:57,1125.496809,0.801125,0.774602,0.801125,0.774602,34,22,29,18,0,0,0,0,153,117,104,79
2026/01/19/14:34:58,1126.496935,0.801125,0.774602,0.801125,0.774602,34,22,29,18,0,0,0,0,153,117,104,79
2026/01/19/14:34:59,1127.497021,0.801125,0.774602,0.801125,0.774602,34,22,29,18,0,0,0,0,153,117,104,79
2026/01/19/14:35:00,1128.497186,0.801125,0.774602,0.801125,0.774602,34,22,29,18,0,0,0,0,153,117,104,79
2026/01/19/14:35:01,1129.497256,0.801125,0.774602,0.801125,0.774602,34,22,29,18,0,0,0,0,153,117,104,79
2026/01/19/14:35:02,1130.497321,0.801125,0.774602,0.801125,0.774602,34,22,29,18,0,0,0,0,153,117,104,79
2026/01/19/14:35:03,1131.497428,0.794500,0.768873,0.794500,0.768873,33,22,29,18,0,0,0,0,154,117,104,79
2026/01/19/14:35:04,1132.497519,0.794500,0.768873,0.794500,0.768873,33,22,29,18,0,0,0,0,154,117,104,79
2026/01/19/14:35:05,1133.497668,0.794500,0.768873,0.794500,0.768873,33,22,29,18,0,0,0,0,154,117,104,79
2026/01/19/14:35:06,1134.497740,0.794500,0.768873,0.794500,0.768873,33,22,29,18,0,0,0,0,154,117,104,79
2026/01/19/14:35:07,1135.497837,0.794500,0.768873,0.794500,0.768873,33,22,29,18,0,0,0,0,154,117,104,79
2026/01/19/14:35:08,1136.497940,0.794500,0.768873,0.794500,0.768873,33,22,29,18,0,0,0,0,154,117,104,79
2026/01/19/14:35:09,1137.498117,0.794500,0.768873,0.794500,0.768873,33,22,29,18,0,0,0,0,154,117,104,79
2026/01/19/14:35:10,1138.498183,0.794500,0.768873,0.794500,0.768873,33,22,29,18,0,0,0,0,154,117,104,79
2026/01/19/14:35:11,1139.498327,0.794500,0.768873,0.794500,0.768873,33,22,29,18,0,0,0,0,154,117,104,79
2026/01/19/14:35:12,1140.498493,0.794500,0.768873,0.794500,0.768873,33,22,29,18,0,0,0,0,154,117,104,79
2026/01/19/14:35:13,1141.498637,0.794500,0.768873,0.794500,0.768873,33,22,29,18,0,0,0,0,154,117,104,79
2026/01/19/14:35:14,1142.498742,0.794500,0.768873,0.794500,0.768873,33,22,29,18,0,0,0,0,154,117,104,79
2026/01/19/14:35:15,1143.498841,0.794500,0.768873,0.794500,0.768873,33,22,29,18,0,0,0,0,154,117,104,79
2026/01/19/14:35:16,1144.498985,0.794500,0.768873,0.794500,0.768873,33,22,29,18,0,0,0,0,154,117,104,79
2026/01/19/14:35:17,1145.499148,0.794500,0.768873,0.794500,0.768873,33,22,29,18,0,0,0,0,154,117,104,79
2026/01/19/14:35:18,1146.499245,0.794500,0.768873,0.794500,0.768873,33,22,29,18,0,0,0,0,154,117,104,79
2026/01/19/14:35:19,1147.499327,0.794500,0.768873,0.794500,0.768873,33,22,29,18,0,0,0,0,154,117,104,79
2026/01/19/14:35:20,1148.499422,0.794500,0.768873,0.794500,0.768873,33,22,29,18,0,0,0,0,154,117,104,79
2026/01/19/14:35:21,1149.499585,0.794500,0.768873,0.794500,0.768873,33,22,29,18,0,0,0,0,154,117,104,79
2026/01/19/14:35:22,1150.499729,0.794500,0.768873,0.794500,0.768873,33,22,29,18,0,0,0,0,154,117,104,79
2026/01/19/14:35:23,1151.499892,0.794500,0.768873,0.794500,0.768873,33,22,29,18,0,0,0,0,154,117,104,79
2026/01/19/14:35:24,1152.499980,0.794500,0.768873,0.794500,0.768873,33,22,29,18,0,0,0,0,154,117,104,79
2026/01/19/14:35:25,1153.500131,0.794500,0.768873,0.794500,0.768873,33,22,29,18,0,0,0,0,154,117,104,79
2026/01/19/14:35:26,1154.500229,0.794500,0.768873,0.794500,0.768873,33,22,29,18,0,0,0,0,154,117,104,79
2026/01/19/14:35:27,1155.500346,0.794500,0.768873,0.794500,0.768873,33,22,29,18,0,0,0,0,154,117,104,79
2026/01/19/14:35:28,1156.500442,0.794500,0.768873,0.794500,0.768873,33,22,29,18,0,0,0,0,154,117,104,79
2026/01/19/14:35:29,1157.500531,0.832562,0.787882,0.832562,0.787882,33,27,29,18,0,0,0,0,154,117,104,79
2026/01/19/14:35:30,1158.500621,0.832562,0.787882,0.847437,0.793232,33,27,29,18,0,0,0,1,154,117,104,79
2026/01/19/14:35:31,1159.500772,0.847437,0.793232,0.847437,0.793232,33,27,29,19,0,0,0,0,154,117,104,79
2026/01/19/14:35:32,1160.500845,0.847437,0.793232,0.847437,0.793232,33,27,29,19,0,0,0,0,154,117,104,79
2026/01/19/14:35:33,1161.500956,0.847437,0.793232,0.847437,0.793232,33,27,29,19,0,0,0,0,154,117,104,79
2026/01/19/14:35:34,1162.501077,0.847437,0.793232,0.847437,0.793232,33,27,29,19,0,0,0,0,154,117,104,79
2026/01/19/14:35:35,1163.501120,0.847437,0.793232,0.847437,0.793232,33,27,29,19,0,0,0,0,154,117,104,79
2026/01/19/14:35:36,1164.501254,0.847437,0.793232,0.847437,0.793232,33,27,29,19,0,0,0,0,154,117,104,79
2026/01/19/14:35:37,1165.501384,0.839375,0.786427,0.839375,0.786427,33,27,28,19,0,0,0,0,154,117,105,79
2026/01/19/14:35:38,1166.501493,0.839375,0.786427,0.839375,0.786427,33,27,28,19,0,0,0,0,154,117,105,79
2026/01/19/14:35:39,1167.501588,0.839375,0.786427,0.839375,0.786427,33,27,28,19,0,0,0,0,154,117,105,79
2026/01/19/14:35:40,1168.501703,0.809250,0.766260,0.809250,0.766260,33,27,26,19,0,0,0,0,154,117,107,79
2026/01/19/14:35:41,1169.501837,0.809250,0.766260,0.809250,0.766260,33,27,26,19,0,0,0,0,154,117,107,79
2026/01/19/14:35:42,1170.501934,0.809250,0.766260,0.809250,0.766260,33,27,26,19,0,0,0,0,154,117,107,79
2026/01/19/14:35:43,1171.502021,0.809250,0.766260,0.809250,0.766260,33,27,26,19,0,0,0,0,154,117,107,79
2026/01/19/14:35:44,1172.502164,0.809250,0.766260,0.809250,0.766260,33,27,26,19,0,0,0,0,154,117,107,79
2026/01/19/14:35:45,1173.502269,0.809250,0.766260,0.809250,0.766260,33,27,26,19,0,0,0,0,154,117,107,79
2026/01/19/14:35:46,1174.502416,0.809250,0.766260,0.809250,0.766260,33,27,26,19,0,0,0,0,154,117,107,79
2026/01/19/14:35:47,1175.502545,0.809250,0.766260,0.809250,0.766260,33,27,26,19,0,0,0,0,154,117,107,79
2026/01/19/14:35:48,1176.502676,0.809250,0.766260,0.809250,0.766260,33,27,26,19,0,0,0,0,154,117,107,79
2026/01/19/14:35:49,1177.502825,0.816312,0.786866,0.816312,0.786866,33,26,29,19,0,0,0,0,154,119,107,79
2026/01/19/14:35:50,1178.502899,0.816312,0.786866,0.816312,0.786866,33,26,29,19,0,0,0,0,154,119,107,79
2026/01/19/14:35:51,1179.503079,0.816312,0.786866,0.816312,0.786866,33,26,29,19,0,0,0,0,154,119,107,79
2026/01/19/14:35:52,1180.503227,0.816312,0.786866,0.816312,0.786866,33,26,29,19,0,0,0,0,154,119,107,79
2026/01/19/14:35:53,1181.503337,0.816312,0.786866,0.816312,0.786866,33,26,29,19,0,0,0,0,154,119,107,79
2026/01/19/14:35:54,1182.503492,0.816312,0.786866,0.816312,0.786866,33,26,29,19,0,0,0,0,154,119,107,79
2026/01/19/14:35:55,1183.503590,0.816312,0.786866,0.816312,0.786866,33,26,29,19,0,0,0,0,154,119,107,79
2026/01/19/14:35:56,1184.503665,0.816312,0.786866,0.816312,0.786866,33,26,29,19,0,0,0,0,154,119,107,79
2026/01/19/14:35:57,1185.503780,0.816312,0.786866,0.816312,0.786866,33,26,29,19,0,0,0,0,154,119,107,79
2026/01/19/14:35:58,1186.503981,0.816312,0.786866,0.816312,0.786866,33,26,29,19,0,0,0,0,154,119,107,79
2026/01/19/14:35:59,1187.504115,0.816312,0.786866,0.816312,0.786866,33,26,29,19,0,0,0,0,154,119,107,79
2026/01/19/14:36:00,1188.504109,0.816312,0.786866,0.816312,0.786866,33,26,29,19,0,0,0,0,154,119,107,79
2026/01/19/14:36:01,1189.504231,0.816312,0.786866,0.816312,0.786866,33,26,29,19,0,0,0,0,154,119,107,79
2026/01/19/14:36:02,1190.504314,0.784625,0.774548,0.784625,0.774548,33,23,29,19,0,0,0,0,154,122,107,79
2026/01/19/14:36:03,1191.504430,0.784625,0.774548,0.784625,0.774548,33,23,29,19,0,0,0,0,154,122,107,79
2026/01/19/14:36:04,1192.504516,0.784625,0.774548,0.784625,0.774548,33,23,29,19,0,0,0,0,154,122,107,79
2026/01/19/14:36:05,1193.504702,0.784625,0.774548,0.784625,0.774548,33,23,29,19,0,0,0,0,154,122,107,79
2026/01/19/14:36:06,1194.504835,0.784625,0.774548,0.784625,0.774548,33,23,29,19,0,0,0,0,154,122,107,79
2026/01/19/14:36:07,1195.504944,0.784625,0.774548,0.784625,0.774548,33,23,29,19,0,0,0,0,154,122,107,79
2026/01/19/14:36:08,1196.505108,0.769750,0.780504,0.769750,0.780504,35,20,29,19,0,0,0,0,154,125,107,79
2026/01/19/14:36:09,1197.505226,0.754875,0.775154,0.754875,0.775154,35,20,29,18,0,0,0,0,154,125,107,80
2026/01/19/14:36:10,1198.505317,0.768875,0.785406,0.768875,0.785406,37,20,30,18,0,0,0,0,154,125,107,80
2026/01/19/14:36:11,1199.505405,0.761625,0.769406,0.761625,0.769406,35,20,30,18,0,0,0,0,156,125,107,80
2026/01/19/14:36:12,1200.505498,0.764750,0.781347,0.764750,0.781347,35,21,30,18,0,0,0,0,156,125,107,80
2026/01/19/14:36:13,1201.505591,0.757125,0.774261,0.757125,0.774261,33,21,30,18,0,0,0,0,158,125,107,80
2026/01/19/14:36:14,1202.505671,0.757125,0.774261,0.757125,0.774261,33,21,30,18,0,0,0,0,158,125,107,80
2026/01/19/14:36:15,1203.505782,0.754000,0.762320,0.754000,0.762320,33,20,30,18,0,0,0,0,158,126,107,80
2026/01/19/14:36:16,1204.505893,0.754000,0.762320,0.754000,0.762320,33,20,30,18,0,0,0,0,158,126,107,80
2026/01/19/14:36:17,1205.505983,0.754000,0.762320,0.754000,0.762320,33,20,30,18,0,0,0,0,158,126,107,80
2026/01/19/14:36:18,1206.506109,0.761750,0.770055,0.761750,0.770055,33,22,30,18,0,0,0,0,158,126,107,80
2026/01/19/14:36:19,1207.506145,0.761750,0.770055,0.761750,0.770055,33,22,30,18,0,0,0,0,158,126,107,80
2026/01/19/14:36:20,1208.506254,0.753188,0.765924,0.753188,0.765924,32,22,30,18,0,0,0,0,159,126,107,80
2026/01/19/14:36:21,1209.506352,0.745437,0.758189,0.745437,0.758189,32,20,30,18,0,0,0,0,159,128,107,80
2026/01/19/14:36:22,1210.506461,0.735313,0.747096,0.735313,0.747096,32,20,27,18,0,0,0,0,159,128,110,80
2026/01/19/14:36:23,1211.506545,0.735313,0.747096,0.735313,0.747096,32,20,27,18,0,0,0,0,159,128,110,80
2026/01/19/14:36:24,1212.506641,0.735313,0.747096,0.735313,0.747096,32,20,27,18,0,0,0,0,159,128,110,80
2026/01/19/14:36:25,1213.506751,0.735313,0.747096,0.735313,0.747096,32,20,27,18,0,0,0,0,159,128,110,80
2026/01/19/14:36:26,1214.506912,0.728938,0.743930,0.728938,0.743930,32,20,26,18,0,0,0,0,159,128,111,80
2026/01/19/14:36:27,1215.507023,0.728938,0.743930,0.728938,0.743930,32,20,26,18,0,0,0,0,159,128,111,80
2026/01/19/14:36:28,1216.507131,0.728938,0.743930,0.728938,0.743930,32,20,26,18,0,0,0,0,159,128,111,80
2026/01/19/14:36:29,1217.507233,0.728938,0.743930,0.728938,0.743930,32,20,26,18,0,0,0,0,159,128,111,80
2026/01/19/14:36:30,1218.507341,0.728938,0.743930,0.728938,0.743930,32,20,26,18,0,0,0,0,159,128,111,80
2026/01/19/14:36:31,1219.507439,0.728938,0.743930,0.728938,0.743930,32,20,26,18,0,0,0,0,159,128,111,80
2026/01/19/14:36:32,1220.507525,0.728938,0.743930,0.728938,0.743930,32,20,26,18,0,0,0,0,159,128,111,80
2026/01/19/14:36:33,1221.507653,0.728938,0.743930,0.728938,0.743930,32,20,26,18,0,0,0,0,159,128,111,80
2026/01/19/14:36:34,1222.507745,0.728938,0.743930,0.728938,0.743930,32,20,26,18,0,0,0,0,159,128,111,80
2026/01/19/14:36:35,1223.507851,0.728938,0.743930,0.728938,0.743930,32,20,26,18,0,0,0,0,159,128,111,80
2026/01/19/14:36:36,1224.507961,0.728938,0.743930,0.728938,0.743930,32,20,26,18,0,0,0,0,159,128,111,80
2026/01/19/14:36:37,1225.508085,0.728938,0.743930,0.728938,0.743930,32,20,26,18,0,0,0,0,159,128,111,80
2026/01/19/14:36:38,1226.508170,0.728938,0.743930,0.728938,0.743930,32,20,26,18,0,0,0,0,159,128,111,80
2026/01/19/14:36:39,1227.508262,0.728938,0.743930,0.728938,0.743930,32,20,26,18,0,0,0,0,159,128,111,80
2026/01/19/14:36:40,1228.508373,0.728938,0.743930,0.728938,0.743930,32,20,26,18,0,0,0,0,159,128,111,80
2026/01/19/14:36:41,1229.508512,0.725625,0.727726,0.725625,0.727726,32,19,26,18,0,0,0,0,159,129,111,80
2026/01/19/14:36:42,1230.508659,0.725625,0.727726,0.725625,0.727726,32,19,26,18,0,0,0,0,159,129,111,80
2026/01/19/14:36:43,1231.508752,0.725625,0.727726,0.725625,0.727726,32,19,26,18,0,0,0,0,159,129,111,80
2026/01/19/14:36:44,1232.508848,0.725625,0.727726,0.725625,0.727726,32,19,26,18,0,0,0,0,159,129,111,80
2026/01/19/14:36:45,1233.508948,0.725625,0.727726,0.725625,0.727726,32,19,26,18,0,0,0,0,159,129,111,80
2026/01/19/14:36:46,1234.509041,0.725625,0.727726,0.725625,0.727726,32,19,26,18,0,0,0,0,159,129,111,80
2026/01/19/14:36:47,1235.509122,0.725625,0.727726,0.725625,0.727726,32,19,26,18,0,0,0,0,159,129,111,80
2026/01/19/14:36:48,1236.509241,0.725625,0.727726,0.725625,0.727726,32,19,26,18,0,0,0,0,159,129,111,80
2026/01/19/14:36:49,1237.509332,0.725625,0.727726,0.725625,0.727726,32,19,26,18,0,0,0,0,159,129,111,80
2026/01/19/14:36:50,1238.509455,0.725625,0.727726,0.725625,0.727726,32,19,26,18,0,0,0,0,159,129,111,80
2026/01/19/14:36:51,1239.509556,0.725625,0.727726,0.725625,0.727726,32,19,26,18,0,0,0,0,159,129,111,80
2026/01/19/14:36:52,1240.509661,0.725625,0.727726,0.725625,0.727726,32,19,26,18,0,0,0,0,159,129,111,80
2026/01/19/14:36:53,1241.509793,0.725625,0.727726,0.725625,0.727726,32,19,26,18,0,0,0,0,159,129,111,80
2026/01/19/14:36:54,1242.509889,0.725625,0.727726,0.725625,0.727726,32,19,26,18,0,0,0,0,159,129,111,80
2026/01/19/14:36:55,1243.510006,0.725625,0.727726,0.725625,0.727726,32,19,26,18,0,0,0,0,159,129,111,80
2026/01/19/14:36:56,1244.510128,0.725625,0.727726,0.725625,0.727726,32,19,26,18,0,0,0,0,159,129,111,80
2026/01/19/14:36:57,1245.510235,0.725625,0.727726,0.725625,0.727726,32,19,26,18,0,0,0,0,159,129,111,80
2026/01/19/14:36:58,1246.510344,0.725625,0.727726,0.725625,0.727726,32,19,26,18,0,0,0,0,159,129,111,80
2026/01/19/14:36:59,1247.510405,0.725625,0.727726,0.725625,0.727726,32,19,26,18,0,0,0,0,159,129,111,80
2026/01/19/14:37:00,1248.510538,0.823937,0.782568,0.845500,0.787466,38,19,27,18,1,0,0,0,159,129,111,80
2026/01/19/14:37:01,1249.510640,0.823937,0.782568,0.845500,0.787466,38,19,27,18,1,0,0,0,159,129,111,80
2026/01/19/14:37:02,1250.510755,0.873250,0.810257,0.873250,0.810257,42,21,27,18,0,0,0,0,159,129,112,80
2026/01/19/14:37:03,1251.510877,0.808562,0.795562,0.808562,0.795562,39,21,27,18,0,0,0,0,162,129,112,80
2026/01/19/14:37:04,1252.511034,0.764500,0.783040,0.764500,0.783040,36,21,27,18,0,0,0,0,165,129,112,80
2026/01/19/14:37:05,1253.511166,0.760188,0.776717,0.760188,0.776717,35,21,27,18,0,0,0,0,166,129,112,80
2026/01/19/14:37:06,1254.511325,0.732187,0.756706,0.732187,0.756706,33,19,27,18,0,0,0,0,168,131,112,80
2026/01/19/14:37:07,1255.511420,0.729000,0.753222,0.729000,0.753222,33,19,26,18,0,0,0,0,168,131,113,80
2026/01/19/14:37:08,1256.511569,0.729000,0.753222,0.729000,0.753222,33,19,26,18,0,0,0,0,168,131,113,80
2026/01/19/14:37:09,1257.511635,0.729000,0.753222,0.729000,0.753222,33,19,26,18,0,0,0,0,168,131,113,80
2026/01/19/14:37:10,1258.511751,0.729000,0.753222,0.729000,0.753222,33,19,26,18,0,0,0,0,168,131,113,80
2026/01/19/14:37:11,1259.511973,0.729000,0.753222,0.729000,0.753222,33,19,26,18,0,0,0,0,168,131,113,80
2026/01/19/14:37:12,1260.512006,0.729000,0.753222,0.729000,0.753222,33,19,26,18,0,0,0,0,168,131,113,80
2026/01/19/14:37:13,1261.512167,0.795625,0.768467,0.795625,0.768467,34,22,26,18,0,0,0,0,168,131,113,80
2026/01/19/14:37:14,1262.512289,0.795625,0.768467,0.795625,0.768467,34,22,26,18,0,0,0,0,168,131,113,80
2026/01/19/14:37:15,1263.512396,0.753250,0.759009,0.753250,0.759009,34,19,26,18,0,0,0,0,168,134,113,80
2026/01/19/14:37:16,1264.512496,0.756750,0.766374,0.756750,0.766374,34,19,27,18,0,0,0,0,168,134,113,80
2026/01/19/14:37:17,1265.512607,0.756750,0.766374,0.756750,0.766374,34,19,27,18,0,0,0,0,168,134,113,80
2026/01/19/14:37:18,1266.512730,0.738375,0.762283,0.738375,0.762283,34,19,27,17,0,0,0,0,168,134,113,81
2026/01/19/14:37:19,1267.512881,0.738375,0.762283,0.738375,0.762283,34,19,27,17,0,0,0,0,168,134,113,81
2026/01/19/14:37:20,1268.512996,0.738375,0.762283,0.738375,0.762283,34,19,27,17,0,0,0,0,168,134,113,81
2026/01/19/14:37:21,1269.513129,0.738375,0.762283,0.738375,0.762283,34,19,27,17,0,0,0,0,168,134,113,81
2026/01/19/14:37:22,1270.513236,0.738375,0.762283,0.738375,0.762283,34,19,27,17,0,0,0,0,168,134,113,81
2026/01/19/14:37:23,1271.513299,0.776937,0.781888,0.776937,0.781888,34,22,27,19,0,0,0,0,168,134,113,81
2026/01/19/14:37:24,1272.513379,0.776937,0.781888,0.776937,0.781888,34,22,27,19,0,0,0,0,168,134,113,81
2026/01/19/14:37:25,1273.513499,0.776937,0.781888,0.776937,0.781888,34,22,27,19,0,0,0,0,168,134,113,81
2026/01/19/14:37:26,1274.513576,0.752000,0.768844,0.752000,0.768844,34,19,27,19,0,0,0,0,168,137,113,81
2026/01/19/14:37:27,1275.513681,0.752000,0.768844,0.752000,0.768844,34,19,27,19,0,0,0,0,168,137,113,81
2026/01/19/14:37:28,1276.513826,0.748500,0.761480,0.748500,0.761480,34,19,26,19,0,0,0,0,168,137,114,81
2026/01/19/14:37:29,1277.513935,0.748500,0.761480,0.748500,0.761480,34,19,26,19,0,0,0,0,168,137,114,81
2026/01/19/14:37:30,1278.514029,0.748500,0.761480,0.748500,0.761480,34,19,26,19,0,0,0,0,168,137,114,81
2026/01/19/14:37:31,1279.514115,0.748500,0.761480,0.748500,0.761480,34,19,26,19,0,0,0,0,168,137,114,81
2026/01/19/14:37:32,1280.514231,0.710625,0.749132,0.710625,0.749132,33,19,26,17,0,0,0,0,169,137,114,83
2026/01/19/14:37:33,1281.514333,0.710625,0.749132,0.710625,0.749132,33,19,26,17,0,0,0,0,169,137,114,83
2026/01/19/14:37:34,1282.514446,0.710625,0.749132,0.710625,0.749132,33,19,26,17,0,0,0,0,169,137,114,83
2026/01/19/14:37:35,1283.514558,0.710625,0.749132,0.710625,0.749132,33,19,26,17,0,0,0,0,169,137,114,83
2026/01/19/14:37:36,1284.514642,0.710625,0.749132,0.710625,0.749132,33,19,26,17,0,0,0,0,169,137,114,83
2026/01/19/14:37:37,1285.514766,0.710625,0.749132,0.710625,0.749132,33,19,26,17,0,0,0,0,169,137,114,83
2026/01/19/14:37:38,1286.514917,0.710625,0.749132,0.710625,0.749132,33,19,26,17,0,0,0,0,169,137,114,83
2026/01/19/14:37:39,1287.515011,0.710625,0.749132,0.710625,0.749132,33,19,26,17,0,0,0,0,169,137,114,83
2026/01/19/14:37:40,1288.515118,0.710625,0.749132,0.710625,0.749132,33,19,26,17,0,0,0,0,169,137,114,83
2026/01/19/14:37:41,1289.515184,0.728187,0.779277,0.728187,0.779277,36,19,26,18,0,0,0,0,169,137,114,83
2026/01/19/14:37:42,1290.515300,0.808750,0.829920,0.808750,0.829920,39,23,29,19,0,0,0,0,169,137,114,83
2026/01/19/14:37:43,1291.515403,0.842938,0.862655,0.909813,0.954513,40,27,29,19,4,0,0,1,169,137,114,83
2026/01/19/14:37:44,1292.515507,0.857000,0.885802,0.976750,1.026014,41,27,29,22,7,0,0,1,169,141,114,83
2026/01/19/14:37:45,1293.515604,0.829438,0.868717,0.937813,0.985458,39,26,29,22,7,0,0,0,171,142,114,83
2026/01/19/14:37:46,1294.516173,0.829500,0.870534,0.922063,0.971555,38,26,29,22,6,0,0,0,173,142,114,83
2026/01/19/14:37:47,1295.516263,0.798000,0.851028,0.890563,0.952049,37,26,26,22,6,0,0,0,174,142,117,83
2026/01/19/14:37:48,1296.516374,0.798000,0.851028,0.890563,0.952049,37,26,26,22,6,0,0,0,174,142,117,83
2026/01/19/14:37:49,1297.516472,0.798000,0.851028,0.890563,0.952049,37,26,26,22,6,0,0,0,174,142,117,83
2026/01/19/14:37:50,1298.516572,0.798000,0.851028,0.890563,0.952049,37,26,26,22,6,0,0,0,174,142,117,83
2026/01/19/14:37:51,1299.516667,0.798000,0.851028,0.890563,0.952049,37,26,26,22,6,0,0,0,174,142,117,83
2026/01/19/14:37:52,1300.516754,0.798000,0.851028,0.890563,0.952049,37,26,26,22,6,0,0,0,174,142,117,83
2026/01/19/14:37:53,1301.516849,0.802937,0.857144,0.879687,0.942443,38,24,26,22,5,0,0,0,174,144,117,83
2026/01/19/14:37:54,1302.516964,0.802937,0.857144,0.879687,0.942443,38,24,26,22,5,0,0,0,174,144,117,83
2026/01/19/14:37:55,1303.517065,0.802937,0.857144,0.879687,0.942443,38,24,26,22,5,0,0,0,174,144,117,83
2026/01/19/14:37:56,1304.517137,0.802937,0.857144,0.879687,0.942443,38,24,26,22,5,0,0,0,174,144,117,83
2026/01/19/14:37:57,1305.517206,0.802937,0.857144,0.879687,0.942443,38,24,26,22,5,0,0,0,174,144,117,83
2026/01/19/14:37:58,1306.517296,0.806500,0.863191,0.865625,0.932373,36,24,26,22,4,0,0,0,177,144,117,83
2026/01/19/14:37:59,1307.517377,0.806500,0.863191,0.865625,0.932373,36,24,26,22,4,0,0,0,177,144,117,83
2026/01/19/14:38:00,1308.517484,0.806500,0.863191,0.865625,0.932373,36,24,26,22,4,0,0,0,177,144,117,83
2026/01/19/14:38:01,1309.517583,0.795375,0.856510,0.854500,0.925692,36,22,26,22,4,0,0,0,177,146,117,83
2026/01/19/14:38:02,1310.517671,0.795375,0.856510,0.854500,0.925692,36,22,26,22,4,0,0,0,177,146,117,83
2026/01/19/14:38:03,1311.517771,0.795375,0.856510,0.854500,0.925692,36,22,26,22,4,0,0,0,177,146,117,83
2026/01/19/14:38:04,1312.517863,0.795375,0.856510,0.854500,0.925692,36,22,26,22,4,0,0,0,177,146,117,83
2026/01/19/14:38:05,1313.517932,0.795375,0.856510,0.854500,0.925692,36,22,26,22,4,0,0,0,177,146,117,83
2026/01/19/14:38:06,1314.518033,0.795375,0.856510,0.854500,0.925692,36,22,26,22,4,0,0,0,177,146,117,83
2026/01/19/14:38:07,1315.518106,0.795375,0.856510,0.854500,0.925692,36,22,26,22,4,0,0,0,177,146,117,83
2026/01/19/14:38:08,1316.518260,0.795375,0.856510,0.854500,0.925692,36,22,26,22,4,0,0,0,177,146,117,83
2026/01/19/14:38:09,1317.518349,0.840125,0.899725,0.840125,0.899725,39,22,26,21,0,0,0,0,181,146,117,84
2026/01/19/14:38:10,1318.518445,0.849500,0.922887,0.994750,1.007877,39,22,28,21,0,4,3,1,181,146,117,84
2026/01/19/14:38:11,1319.518510,0.861500,0.934865,1.056688,1.059337,39,22,28,23,0,5,3,4,181,146,117,84
2026/01/19/14:38:12,1320.518600,0.861313,0.925299,1.003812,1.010983,36,23,30,24,0,4,1,3,184,146,117,84
2026/01/19/14:38:13,1321.518689,0.861313,0.925299,1.003812,1.010983,36,23,30,24,0,4,1,3,184,146,117,84
2026/01/19/14:38:14,1322.518783,0.861313,0.925299,1.003812,1.010983,36,23,30,24,0,4,1,3,184,146,117,84
2026/01/19/14:38:15,1323.518878,0.861313,0.925299,1.003812,1.010983,36,23,30,24,0,4,1,3,184,146,117,84
2026/01/19/14:38:16,1324.518969,0.861313,0.925299,0.986375,0.986621,36,23,30,24,0,3,1,3,184,146,117,84
2026/01/19/14:38:17,1325.519216,0.861313,0.925299,0.986375,0.986621,36,23,30,24,0,3,1,3,184,146,117,84
2026/01/19/14:38:18,1326.519211,0.887250,0.905785,0.929125,0.919983,36,25,28,24,0,1,1,0,184,146,119,84
2026/01/19/14:38:19,1327.519323,0.887250,0.905785,0.929125,0.919983,36,25,28,24,0,1,1,0,184,146,119,84
2026/01/19/14:38:20,1328.519425,0.859000,0.908522,0.859000,0.908522,36,23,29,24,0,0,0,0,184,148,119,84
2026/01/19/14:38:21,1329.519570,0.854437,0.903960,0.854437,0.903960,36,23,28,24,0,0,0,0,184,148,120,84
2026/01/19/14:38:22,1330.519664,0.854437,0.903960,0.854437,0.903960,36,23,28,24,0,0,0,0,184,148,120,84
2026/01/19/14:38:23,1331.519775,0.807000,0.856797,0.807000,0.856797,33,23,28,24,0,0,0,0,187,148,120,84
2026/01/19/14:38:24,1332.519927,0.792562,0.837058,0.792562,0.837058,33,23,28,21,0,0,0,0,187,148,120,87
2026/01/19/14:38:25,1333.520040,0.792562,0.837058,0.792562,0.837058,33,23,28,21,0,0,0,0,187,148,120,87
2026/01/19/14:38:26,1334.520186,0.792562,0.837058,0.792562,0.837058,33,23,28,21,0,0,0,0,187,148,120,87
2026/01/19/14:38:27,1335.520329,0.792562,0.837058,0.792562,0.837058,33,23,28,21,0,0,0,0,187,148,120,87
2026/01/19/14:38:28,1336.520474,0.792562,0.837058,0.792562,0.837058,33,23,28,21,0,0,0,0,187,148,120,87
2026/01/19/14:38:29,1337.520589,0.792562,0.837058,0.792562,0.837058,33,23,28,21,0,0,0,0,187,148,120,87
2026/01/19/14:38:30,1338.520691,0.792562,0.837058,0.792562,0.837058,33,23,28,21,0,0,0,0,187,148,120,87
2026/01/19/14:38:31,1339.520800,0.792562,0.837058,0.792562,0.837058,33,23,28,21,0,0,0,0,187,148,120,87
2026/01/19/14:38:32,1340.520889,0.792562,0.837058,0.792562,0.837058,33,23,28,21,0,0,0,0,187,148,120,87
2026/01/19/14:38:33,1341.521013,0.792562,0.837058,0.792562,0.837058,33,23,28,21,0,0,0,0,187,148,120,87
2026/01/19/14:38:34,1342.521181,0.792562,0.837058,0.792562,0.837058,33,23,28,21,0,0,0,0,187,148,120,87
2026/01/19/14:38:35,1343.521295,0.792562,0.837058,0.792562,0.837058,33,23,28,21,0,0,0,0,187,148,120,87
2026/01/19/14:38:36,1344.521437,0.792562,0.837058,0.792562,0.837058,33,23,28,21,0,0,0,0,187,148,120,87
2026/01/19/14:38:37,1345.521541,0.826313,0.856885,0.826313,0.856885,33,23,32,21,0,0,0,0,187,148,120,87
2026/01/19/14:38:38,1346.521689,0.808312,0.838919,0.808312,0.838919,33,23,32,18,0,0,0,0,187,148,120,90
2026/01/19/14:38:39,1347.521780,0.808312,0.838919,0.808312,0.838919,33,23,32,18,0,0,0,0,187,148,120,90
2026/01/19/14:38:40,1348.521918,0.796125,0.825050,0.796125,0.825050,33,22,32,18,0,0,0,0,187,149,120,90
2026/01/19/14:38:41,1349.522030,0.783625,0.811922,0.783625,0.811922,33,22,30,18,0,0,0,0,187,149,122,90
2026/01/19/14:38:42,1350.522172,0.783625,0.811922,0.783625,0.811922,33,22,30,18,0,0,0,0,187,149,122,90
2026/01/19/14:38:43,1351.522318,0.783625,0.811922,0.783625,0.811922,33,22,30,18,0,0,0,0,187,149,122,90
2026/01/19/14:38:44,1352.522418,0.783625,0.811922,0.783625,0.811922,33,22,30,18,0,0,0,0,187,149,122,90
2026/01/19/14:38:45,1353.522578,0.783625,0.811922,0.783625,0.811922,33,22,30,18,0,0,0,0,187,149,122,90
2026/01/19/14:38:46,1354.522725,0.783625,0.811922,0.783625,0.811922,33,22,30,18,0,0,0,0,187,149,122,90
2026/01/19/14:38:47,1355.522835,0.770375,0.791170,0.770375,0.791170,33,22,28,18,0,0,0,0,187,149,124,90
2026/01/19/14:38:48,1356.522923,0.770375,0.791170,0.770375,0.791170,33,22,28,18,0,0,0,0,187,149,124,90
2026/01/19/14:38:49,1357.523085,0.770375,0.791170,0.770375,0.791170,33,22,28,18,0,0,0,0,187,149,124,90
2026/01/19/14:38:50,1358.523210,0.770375,0.791170,0.770375,0.791170,33,22,28,18,0,0,0,0,187,149,124,90
2026/01/19/14:38:51,1359.523316,0.770375,0.791170,0.770375,0.791170,33,22,28,18,0,0,0,0,187,149,124,90
2026/01/19/14:38:52,1360.523478,0.770375,0.791170,0.770375,0.791170,33,22,28,18,0,0,0,0,187,149,124,90
2026/01/19/14:38:53,1361.523563,0.770375,0.791170,0.770375,0.791170,33,22,28,18,0,0,0,0,187,149,124,90
2026/01/19/14:38:54,1362.523655,0.770375,0.791170,0.770375,0.791170,33,22,28,18,0,0,0,0,187,149,124,90
2026/01/19/14:38:55,1363.523774,0.770375,0.791170,0.770375,0.791170,33,22,28,18,0,0,0,0,187,149,124,90
2026/01/19/14:38:56,1364.523914,0.749125,0.784471,0.749125,0.784471,33,22,26,18,0,0,0,0,187,149,126,90
2026/01/19/14:38:57,1365.524019,0.749125,0.784471,0.749125,0.784471,33,22,26,18,0,0,0,0,187,149,126,90
2026/01/19/14:38:58,1366.524114,0.749125,0.784471,0.749125,0.784471,33,22,26,18,0,0,0,0,187,149,126,90
2026/01/19/14:38:59,1367.524280,0.749125,0.784471,0.749125,0.784471,33,22,26,18,0,0,0,0,187,149,126,90
2026/01/19/14:39:00,1368.524361,0.749125,0.784471,0.749125,0.784471,33,22,26,18,0,0,0,0,187,149,126,90
2026/01/19/14:39:01,1369.524476,0.749125,0.784471,0.749125,0.784471,33,22,26,18,0,0,0,0,187,149,126,90
2026/01/19/14:39:02,1370.524604,0.749125,0.784471,0.749125,0.784471,33,22,26,18,0,0,0,0,187,149,126,90
2026/01/19/14:39:03,1371.524698,0.749125,0.784471,0.749125,0.784471,33,22,26,18,0,0,0,0,187,149,126,90
2026/01/19/14:39:04,1372.524792,0.737875,0.769209,0.737875,0.769209,33,19,26,18,0,0,0,0,187,152,126,90
2026/01/19/14:39:05,1373.524860,0.700875,0.748455,0.700875,0.748455,33,19,24,18,0,0,0,0,187,152,128,90
2026/01/19/14:39:06,1374.524958,0.700875,0.748455,0.700875,0.748455,33,19,24,18,0,0,0,0,187,152,128,90
2026/01/19/14:39:07,1375.525036,0.700875,0.748455,0.700875,0.748455,33,19,24,18,0,0,0,0,187,152,128,90
2026/01/19/14:39:08,1376.525168,0.700875,0.748455,0.700875,0.748455,33,19,24,18,0,0,0,0,187,152,128,90
2026/01/19/14:39:09,1377.525251,0.700875,0.748455,0.700875,0.748455,33,19,24,18,0,0,0,0,187,152,128,90
2026/01/19/14:39:10,1378.525339,0.700875,0.748455,0.700875,0.748455,33,19,24,18,0,0,0,0,187,152,128,90
2026/01/19/14:39:11,1379.525474,0.700875,0.748455,0.700875,0.748455,33,19,24,18,0,0,0,0,187,152,128,90
2026/01/19/14:39:12,1380.525567,0.700875,0.748455,0.700875,0.748455,33,19,24,18,0,0,0,0,187,152,128,90
2026/01/19/14:39:13,1381.525705,0.700875,0.748455,0.700875,0.748455,33,19,24,18,0,0,0,0,187,152,128,90
2026/01/19/14:39:14,1382.525841,0.700875,0.748455,0.700875,0.748455,33,19,24,18,0,0,0,0,187,152,128,90
2026/01/19/14:39:15,1383.525945,0.723125,0.769295,0.723125,0.769295,33,19,27,19,0,0,0,0,187,152,128,90
2026/01/19/14:39:16,1384.526015,0.723125,0.769295,0.723125,0.769295,33,19,27,19,0,0,0,0,187,152,128,90
2026/01/19/14:39:17,1385.526120,0.723125,0.769295,0.723125,0.769295,33,19,27,19,0,0,0,0,187,152,128,90
2026/01/19/14:39:18,1386.526208,0.723125,0.769295,0.723125,0.769295,33,19,27,19,0,0,0,0,187,152,128,90
2026/01/19/14:39:19,1387.526288,0.704000,0.753888,0.704000,0.753888,33,19,24,19,0,0,0,0,187,152,131,90
2026/01/19/14:39:20,1388.526456,0.728750,0.809052,0.728750,0.809052,33,22,24,21,0,0,0,0,187,152,131,90
2026/01/19/14:39:21,1389.526605,0.786687,0.878767,0.792937,0.883015,38,22,29,22,0,0,1,0,187,152,131,90
2026/01/19/14:39:22,1390.526671,0.789813,0.877581,0.789813,0.877581,38,22,30,21,0,0,0,0,187,152,131,91
2026/01/19/14:39:23,1391.526828,0.781563,0.834510,0.781563,0.834510,38,20,30,21,0,0,0,0,187,154,131,91
2026/01/19/14:39:24,1392.526908,0.781563,0.834510,0.781563,0.834510,38,20,30,21,0,0,0,0,187,154,131,91
2026/01/19/14:39:25,1393.526996,0.762500,0.812584,0.762500,0.812584,38,20,27,20,0,0,0,0,187,154,134,92
2026/01/19/14:39:26,1394.527215,0.777875,0.825840,0.777875,0.825840,41,20,27,20,0,0,0,0,187,154,134,92
2026/01/19/14:39:27,1395.527326,0.768000,0.817557,0.768000,0.817557,41,20,27,18,0,0,0,0,187,154,134,94
2026/01/19/14:39:28,1396.527403,0.768000,0.817557,0.768000,0.817557,41,20,27,18,0,0,0,0,187,154,134,94
2026/01/19/14:39:29,1397.527493,0.850688,0.862582,0.931875,0.878178,43,20,27,21,0,3,0,0,187,154,134,94
2026/01/19/14:39:30,1398.527582,0.850688,0.862582,0.931875,0.878178,43,20,27,21,0,3,0,0,187,154,134,94
2026/01/19/14:39:31,1399.527686,0.831375,0.851271,0.912563,0.866867,40,20,27,21,0,3,0,0,190,154,134,94
2026/01/19/14:39:32,1400.527786,0.789750,0.842785,0.789750,0.842785,38,20,27,21,0,0,0,0,192,154,134,94
2026/01/19/14:39:33,1401.527895,0.789750,0.842785,0.789750,0.842785,38,20,27,21,0,0,0,0,192,154,134,94
2026/01/19/14:39:34,1402.528036,0.789750,0.842785,0.789750,0.842785,38,20,27,21,0,0,0,0,192,154,134,94
2026/01/19/14:39:35,1403.528144,0.783125,0.838975,0.783125,0.838975,38,19,27,21,0,0,0,0,192,155,134,94
2026/01/19/14:39:36,1404.528217,0.797375,0.850176,0.890188,0.864609,39,19,29,21,3,0,0,0,192,155,134,94
2026/01/19/14:39:37,1405.528305,0.805000,0.867010,0.897813,0.881443,39,19,31,21,3,0,0,0,192,155,134,94
2026/01/19/14:39:38,1406.528383,0.805000,0.867010,0.897813,0.881443,39,19,31,21,3,0,0,0,192,155,134,94
2026/01/19/14:39:39,1407.528530,0.797375,0.850176,0.890188,0.864609,39,19,29,21,3,0,0,0,192,155,136,94
2026/01/19/14:39:40,1408.528669,0.793000,0.845657,0.885813,0.860091,38,19,29,21,3,0,0,0,193,155,136,94
2026/01/19/14:39:41,1409.528743,0.777625,0.832402,0.870437,0.846835,35,19,29,21,3,0,0,0,196,155,136,94
2026/01/19/14:39:42,1410.528878,0.754750,0.794412,0.754750,0.794412,35,19,27,19,0,0,0,0,196,155,138,96
2026/01/19/14:39:43,1411.528958,0.754750,0.794412,0.754750,0.794412,35,19,27,19,0,0,0,0,196,155,138,96
2026/01/19/14:39:44,1412.529072,0.754750,0.794412,0.754750,0.794412,35,19,27,19,0,0,0,0,196,155,138,96
2026/01/19/14:39:45,1413.529095,0.765250,0.815884,0.765250,0.815884,35,19,27,21,0,0,0,0,196,155,138,96
2026/01/19/14:39:46,1414.529212,0.771250,0.819289,0.771250,0.819289,36,19,27,21,0,0,0,0,196,155,138,96
2026/01/19/14:39:47,1415.529310,0.771250,0.819289,0.771250,0.819289,36,19,27,21,0,0,0,0,196,155,138,96
2026/01/19/14:39:48,1416.529378,0.771250,0.819289,0.771250,0.819289,36,19,27,21,0,0,0,0,196,155,138,96
2026/01/19/14:39:49,1417.529451,0.771250,0.819289,0.771250,0.819289,36,19,27,21,0,0,0,0,196,155,138,96
2026/01/19/14:39:50,1418.529531,0.760750,0.797816,0.760750,0.797816,36,19,27,19,0,0,0,0,196,155,138,98
2026/01/19/14:39:51,1419.529643,0.815000,0.866917,0.815000,0.866917,36,21,29,22,0,0,0,0,197,155,138,98
2026/01/19/14:39:52,1420.529795,0.864750,0.914509,0.870375,0.918241,37,26,29,25,1,0,0,0,197,155,138,98
2026/01/19/14:39:53,1421.529869,0.883750,0.929953,0.883750,0.929953,39,26,29,27,0,0,0,0,197,155,138,98
2026/01/19/14:39:54,1422.530019,0.877375,0.917919,0.877375,0.917919,39,24,29,27,0,0,0,0,197,157,138,98
2026/01/19/14:39:55,1423.530126,0.860750,0.905014,0.860750,0.905014,37,24,29,26,0,0,0,0,199,157,138,99
2026/01/19/14:39:56,1424.530208,0.836125,0.889411,0.836125,0.889411,36,24,29,23,0,0,0,0,200,157,138,102
2026/01/19/14:39:57,1425.530319,0.816125,0.868089,0.816125,0.868089,35,23,29,23,0,0,0,0,201,158,138,102
2026/01/19/14:39:58,1426.530465,0.810000,0.851175,0.810000,0.851175,35,22,29,23,0,0,0,0,201,159,138,102
2026/01/19/14:39:59,1427.530559,0.810000,0.851175,0.810000,0.851175,35,22,29,23,0,0,0,0,201,159,138,102
2026/01/19/14:40:00,1428.530639,0.793687,0.837327,0.793687,0.837327,35,19,29,23,0,0,0,0,201,162,138,102
2026/01/19/14:40:01,1429.530728,0.793687,0.837327,0.793687,0.837327,35,19,29,23,0,0,0,0,201,162,138,102
2026/01/19/14:40:02,1430.530878,0.793687,0.837327,0.793687,0.837327,35,19,29,23,0,0,0,0,201,162,138,102
2026/01/19/14:40:03,1431.530971,0.793687,0.837327,0.793687,0.837327,35,19,29,23,0,0,0,0,201,162,138,102
2026/01/19/14:40:04,1432.531043,0.793687,0.837327,0.793687,0.837327,35,19,29,23,0,0,0,0,201,162,138,102
2026/01/19/14:40:05,1433.531221,0.774000,0.823761,0.774000,0.823761,35,19,29,20,0,0,0,0,201,162,138,105
2026/01/19/14:40:06,1434.531380,0.774000,0.823761,0.774000,0.823761,35,19,29,20,0,0,0,0,201,162,138,105
2026/01/19/14:40:07,1435.531468,0.774000,0.823761,0.774000,0.823761,35,19,29,20,0,0,0,0,201,162,138,105
2026/01/19/14:40:08,1436.531619,0.780375,0.843206,0.780375,0.843206,35,19,30,20,0,0,0,0,201,162,138,105
2026/01/19/14:40:09,1437.531686,0.765125,0.824267,0.765125,0.824267,35,19,28,20,0,0,0,0,201,162,140,105
2026/01/19/14:40:10,1438.531768,0.761188,0.816395,0.761188,0.816395,35,19,28,19,0,0,0,0,201,162,140,106
2026/01/19/14:40:11,1439.531844,0.754812,0.796951,0.754812,0.796951,35,19,27,19,0,0,0,0,201,162,141,106
2026/01/19/14:40:12,1440.531920,0.751250,0.783595,0.751250,0.783595,35,18,27,19,0,0,0,0,201,163,141,106
2026/01/19/14:40:13,1441.531994,0.751250,0.783595,0.751250,0.783595,35,18,27,19,0,0,0,0,201,163,141,106
2026/01/19/14:40:14,1442.532100,0.751250,0.783595,0.751250,0.783595,35,18,27,19,0,0,0,0,201,163,141,106
2026/01/19/14:40:15,1443.532204,0.751250,0.783595,0.751250,0.783595,35,18,27,19,0,0,0,0,201,163,141,106
2026/01/19/14:40:16,1444.532276,0.751250,0.783595,0.751250,0.783595,35,18,27,19,0,0,0,0,201,163,141,106
2026/01/19/14:40:17,1445.532365,0.751250,0.783595,0.751250,0.783595,35,18,27,19,0,0,0,0,201,163,141,106
2026/01/19/14:40:18,1446.532515,0.751250,0.783595,0.751250,0.783595,35,18,27,19,0,0,0,0,201,163,141,106
2026/01/19/14:40:19,1447.532646,0.751250,0.783595,0.751250,0.783595,35,18,27,19,0,0,0,0,201,163,141,106
2026/01/19/14:40:20,1448.532761,0.751250,0.783595,0.751250,0.783595,35,18,27,19,0,0,0,0,201,163,141,106
2026/01/19/14:40:21,1449.532837,0.858563,0.843778,0.899000,0.861631,36,24,30,19,1,1,0,0,201,163,141,106
2026/01/19/14:40:22,1450.532907,0.873250,0.849262,0.928375,0.872599,36,25,30,19,1,2,0,0,201,163,141,106
2026/01/19/14:40:23,1451.532986,0.873250,0.849262,0.928375,0.872599,36,25,30,19,1,2,0,0,201,163,141,106
2026/01/19/14:40:24,1452.533094,0.881812,0.834069,0.881812,0.834069,36,24,30,19,0,0,0,0,201,166,141,106
2026/01/19/14:40:25,1453.533196,0.824812,0.802407,0.838250,0.835181,36,21,27,19,0,1,3,0,201,169,144,106
2026/01/19/14:40:26,1454.533350,0.802250,0.863312,0.802250,0.863312,37,20,31,19,0,0,0,0,202,172,144,106
2026/01/19/14:40:27,1455.533509,0.802250,0.863312,0.802250,0.863312,37,20,31,19,0,0,0,0,202,172,144,106
2026/01/19/14:40:28,1456.533620,0.795250,0.831336,0.795250,0.831336,37,18,31,19,0,0,0,0,202,174,144,106
2026/01/19/14:40:29,1457.533780,0.765625,0.805893,0.765625,0.805893,35,18,31,19,0,0,0,0,204,174,144,106
2026/01/19/14:40:30,1458.533932,0.761188,0.800380,0.761188,0.800380,35,18,30,19,0,0,0,0,204,174,145,106
2026/01/19/14:40:31,1459.534027,0.751062,0.771438,0.751062,0.771438,33,18,30,19,0,0,0,0,206,174,145,106
2026/01/19/14:40:32,1460.534135,0.751062,0.771438,0.751062,0.771438,33,18,30,19,0,0,0,0,206,174,145,106
2026/01/19/14:40:33,1461.534288,0.751062,0.771438,0.751062,0.771438,33,18,30,19,0,0,0,0,206,174,145,106
2026/01/19/14:40:34,1462.534551,0.751062,0.771438,0.751062,0.771438,33,18,30,19,0,0,0,0,206,174,145,106
2026/01/19/14:40:35,1463.534635,0.751062,0.771438,0.751062,0.771438,33,18,30,19,0,0,0,0,206,174,145,106
2026/01/19/14:40:36,1464.534781,0.751062,0.771438,0.751062,0.771438,33,18,30,19,0,0,0,0,206,174,145,106
2026/01/19/14:40:37,1465.534853,0.751062,0.771438,0.751062,0.771438,33,18,30,19,0,0,0,0,206,174,145,106
2026/01/19/14:40:38,1466.534940,0.751062,0.771438,0.751062,0.771438,33,18,30,19,0,0,0,0,206,174,145,106
2026/01/19/14:40:39,1467.535105,0.751062,0.771438,0.751062,0.771438,33,18,30,19,0,0,0,0,206,174,145,106
2026/01/19/14:40:40,1468.535200,0.751062,0.771438,0.751062,0.771438,33,18,30,19,0,0,0,0,206,174,145,106
2026/01/19/14:40:41,1469.535268,0.751062,0.771438,0.751062,0.771438,33,18,30,19,0,0,0,0,206,174,145,106
2026/01/19/14:40:42,1470.535365,0.751062,0.771438,0.751062,0.771438,33,18,30,19,0,0,0,0,206,174,145,106
2026/01/19/14:40:43,1471.535497,0.751062,0.771438,0.751062,0.771438,33,18,30,19,0,0,0,0,206,174,145,106
2026/01/19/14:40:44,1472.535594,0.751062,0.771438,0.751062,0.771438,33,18,30,19,0,0,0,0,206,174,145,106
2026/01/19/14:40:45,1473.535743,0.747812,0.765612,0.747812,0.765612,33,18,29,19,0,0,0,0,206,174,146,106
2026/01/19/14:40:46,1474.535829,0.747812,0.765612,0.747812,0.765612,33,18,29,19,0,0,0,0,206,174,146,106
2026/01/19/14:40:47,1475.535902,0.747812,0.765612,0.747812,0.765612,33,18,29,19,0,0,0,0,206,174,146,106
2026/01/19/14:40:48,1476.535998,0.747812,0.765612,0.747812,0.765612,33,18,29,19,0,0,0,0,206,174,146,106
2026/01/19/14:40:49,1477.536083,0.747812,0.765612,0.747812,0.765612,33,18,29,19,0,0,0,0,206,174,146,106
2026/01/19/14:40:50,1478.536165,0.744313,0.745537,0.744313,0.745537,33,18,29,18,0,0,0,0,206,174,146,107
2026/01/19/14:40:51,1479.536271,0.744313,0.745537,0.744313,0.745537,33,18,29,18,0,0,0,0,206,174,146,107
2026/01/19/14:40:52,1480.536399,0.744313,0.745537,0.744313,0.745537,33,18,29,18,0,0,0,0,206,174,146,107
2026/01/19/14:40:53,1481.536496,0.744313,0.745537,0.744313,0.745537,33,18,29,18,0,0,0,0,206,174,146,107
2026/01/19/14:40:54,1482.536597,0.744313,0.745537,0.744313,0.745537,33,18,29,18,0,0,0,0,206,174,146,107
2026/01/19/14:40:55,1483.536663,0.744313,0.745537,0.744313,0.745537,33,18,29,18,0,0,0,0,206,174,146,107
2026/01/19/14:40:56,1484.536814,0.744313,0.745537,0.744313,0.745537,33,18,29,18,0,0,0,0,206,174,146,107
2026/01/19/14:40:57,1485.536959,0.744313,0.745537,0.744313,0.745537,33,18,29,18,0,0,0,0,206,174,146,107
2026/01/19/14:40:58,1486.537123,0.744313,0.745537,0.744313,0.745537,33,18,29,18,0,0,0,0,206,174,146,107
2026/01/19/14:40:59,1487.537282,0.744313,0.745537,0.744313,0.745537,33,18,29,18,0,0,0,0,206,174,146,107
2026/01/19/14:41:00,1488.537371,0.744313,0.745537,0.744313,0.745537,33,18,29,18,0,0,0,0,206,174,146,107
2026/01/19/14:41:01,1489.537515,0.773250,0.769232,0.773250,0.769232,35,18,32,18,0,0,0,0,206,174,146,107
2026/01/19/14:41:02,1490.537604,0.773250,0.769232,0.773250,0.769232,35,18,32,18,0,0,0,0,206,174,146,107
2026/01/19/14:41:03,1491.537679,0.773250,0.769232,0.773250,0.769232,35,18,32,18,0,0,0,0,206,174,146,107
2026/01/19/14:41:04,1492.537788,0.773250,0.769232,0.773250,0.769232,35,18,32,18,0,0,0,0,206,174,146,107
2026/01/19/14:41:05,1493.537949,0.773250,0.769232,0.773250,0.769232,35,18,32,18,0,0,0,0,206,174,146,107
2026/01/19/14:41:06,1494.538045,0.755062,0.756980,0.755062,0.756980,35,18,29,18,0,0,0,0,206,174,149,107
2026/01/19/14:41:07,1495.538092,0.755062,0.756980,0.755062,0.756980,35,18,29,18,0,0,0,0,206,174,149,107
2026/01/19/14:41:08,1496.538259,0.755062,0.756980,0.755062,0.756980,35,18,29,18,0,0,0,0,206,174,149,107
2026/01/19/14:41:09,1497.538350,0.804250,0.799513,0.804250,0.799513,36,18,34,18,0,0,0,0,206,174,149,107
2026/01/19/14:41:10,1498.538495,0.804250,0.799513,0.804250,0.799513,36,18,34,18,0,0,0,0,206,174,149,107
2026/01/19/14:41:11,1499.538590,0.804250,0.799513,0.804250,0.799513,36,18,34,18,0,0,0,0,206,174,149,107
2026/01/19/14:41:12,1500.538677,0.779500,0.784851,0.779500,0.784851,36,18,32,18,0,0,0,0,206,174,151,107
2026/01/19/14:41:13,1501.538753,0.779500,0.784851,0.779500,0.784851,36,18,32,18,0,0,0,0,206,174,151,107
2026/01/19/14:41:14,1502.538872,0.779500,0.784851,0.779500,0.784851,36,18,32,18,0,0,0,0,206,174,151,107
2026/01/19/14:41:15,1503.538938,0.770062,0.775651,0.770062,0.775651,35,18,32,18,0,0,0,0,207,174,151,107
2026/01/19/14:41:16,1504.539090,0.770062,0.775651,0.770062,0.775651,35,18,32,18,0,0,0,0,207,174,151,107
2026/01/19/14:41:17,1505.539116,0.770062,0.775651,0.770062,0.775651,35,18,32,18,0,0,0,0,207,174,151,107
2026/01/19/14:41:18,1506.539282,0.770062,0.775651,0.770062,0.775651,35,18,32,18,0,0,0,0,207,174,151,107
2026/01/19/14:41:19,1507.539352,0.770062,0.775651,0.770062,0.775651,35,18,32,18,0,0,0,0,207,174,151,107
2026/01/19/14:41:20,1508.539440,0.755062,0.756980,0.755062,0.756980,35,18,29,18,0,0,0,0,207,174,154,107
2026/01/19/14:41:21,1509.539577,0.755062,0.756980,0.755062,0.756980,35,18,29,18,0,0,0,0,207,174,154,107
2026/01/19/14:41:22,1510.539731,0.755062,0.756980,0.755062,0.756980,35,18,29,18,0,0,0,0,207,174,154,107
2026/01/19/14:41:23,1511.539828,0.755062,0.756980,0.755062,0.756980,35,18,29,18,0,0,0,0,207,174,154,107
2026/01/19/14:41:24,1512.539972,0.755062,0.756980,0.755062,0.756980,35,18,29,18,0,0,0,0,207,174,154,107
2026/01/19/14:41:25,1513.540099,0.751500,0.753125,0.751500,0.753125,34,18,29,18,0,0,0,0,208,174,154,107
2026/01/19/14:41:26,1514.540218,0.740750,0.741682,0.740750,0.741682,32,18,29,18,0,0,0,0,210,174,154,107
2026/01/19/14:41:27,1515.540262,0.740750,0.741682,0.740750,0.741682,32,18,29,18,0,0,0,0,210,174,154,107
2026/01/19/14:41:28,1516.540418,0.740750,0.741682,0.740750,0.741682,32,18,29,18,0,0,0,0,210,174,154,107
2026/01/19/14:41:29,1517.540568,0.740750,0.741682,0.740750,0.741682,32,18,29,18,0,0,0,0,210,174,154,107
2026/01/19/14:41:30,1518.540665,0.740750,0.741682,0.740750,0.741682,32,18,29,18,0,0,0,0,210,174,154,107
2026/01/19/14:41:31,1519.540811,0.740750,0.741682,0.740750,0.741682,32,18,29,18,0,0,0,0,210,174,154,107
2026/01/19/14:41:32,1520.540901,0.740750,0.741682,0.740750,0.741682,32,18,29,18,0,0,0,0,210,174,154,107
2026/01/19/14:41:33,1521.541027,0.740750,0.741682,0.740750,0.741682,32,18,29,18,0,0,0,0,210,174,154,107
2026/01/19/14:41:34,1522.541126,0.740750,0.741682,0.740750,0.741682,32,18,29,18,0,0,0,0,210,174,154,107
2026/01/19/14:41:35,1523.541221,0.740750,0.741682,0.740750,0.741682,32,18,29,18,0,0,0,0,210,174,154,107
2026/01/19/14:41:36,1524.541325,0.740750,0.741682,0.740750,0.741682,32,18,29,18,0,0,0,0,210,174,154,107
2026/01/19/14:41:37,1525.541418,0.740750,0.741682,0.740750,0.741682,32,18,29,18,0,0,0,0,210,174,154,107
2026/01/19/14:41:38,1526.541566,0.740750,0.741682,0.740750,0.741682,32,18,29,18,0,0,0,0,210,174,154,107
2026/01/19/14:41:39,1527.541728,0.740750,0.741682,0.740750,0.741682,32,18,29,18,0,0,0,0,210,174,154,107
2026/01/19/14:41:40,1528.541834,0.740750,0.741682,0.740750,0.741682,32,18,29,18,0,0,0,0,210,174,154,107
2026/01/19/14:41:41,1529.541936,0.759188,0.761977,0.759188,0.761977,32,18,32,19,0,0,0,0,210,174,154,107
2026/01/19/14:41:42,1530.542092,0.759188,0.761977,0.759188,0.761977,32,18,32,19,0,0,0,0,210,174,154,107
2026/01/19/14:41:43,1531.542220,0.804438,0.779109,0.804438,0.779109,32,18,34,21,0,0,0,0,210,174,154,107
2026/01/19/14:41:44,1532.542314,0.804438,0.779109,0.804438,0.779109,32,18,34,21,0,0,0,0,210,174,154,107
2026/01/19/14:41:45,1533.542460,0.796875,0.775766,0.796875,0.775766,32,18,34,20,0,0,0,0,210,174,154,108
2026/01/19/14:41:46,1534.542598,0.781500,0.767066,0.781500,0.767066,32,18,32,20,0,0,0,0,210,174,156,108
2026/01/19/14:41:47,1535.542684,0.781500,0.767066,0.781500,0.767066,32,18,32,20,0,0,0,0,210,174,156,108
2026/01/19/14:41:48,1536.542954,0.781500,0.767066,0.781500,0.767066,32,18,32,20,0,0,0,0,210,174,156,108
2026/01/19/14:41:49,1537.543039,0.781500,0.767066,0.781500,0.767066,32,18,32,20,0,0,0,0,210,174,156,108
2026/01/19/14:41:50,1538.543111,0.781500,0.767066,0.781500,0.767066,32,18,32,20,0,0,0,0,210,174,156,108
2026/01/19/14:41:51,1539.543277,0.770625,0.750114,0.770625,0.750114,32,18,29,20,0,0,0,0,210,174,159,108
2026/01/19/14:41:52,1540.543436,0.754313,0.721266,0.754313,0.721266,32,15,29,20,0,0,0,0,210,177,159,108
2026/01/19/14:41:53,1541.543590,0.780000,0.759962,0.780000,0.759962,33,15,31,20,0,0,0,0,210,177,159,108
2026/01/19/14:41:54,1542.543694,0.780000,0.759962,0.780000,0.759962,33,15,31,20,0,0,0,0,210,177,159,108
2026/01/19/14:41:55,1543.543783,0.769000,0.745465,0.769000,0.745465,33,15,29,20,0,0,0,0,210,177,161,108
2026/01/19/14:41:56,1544.543961,0.843063,0.799335,0.896687,0.806085,34,18,30,21,0,2,0,0,210,177,161,108
2026/01/19/14:41:57,1545.544046,0.843063,0.799335,0.896687,0.806085,34,18,30,21,0,2,0,0,210,177,161,108
2026/01/19/14:41:58,1546.544106,0.875188,0.816711,0.888875,0.837744,34,22,29,21,3,0,0,0,211,177,162,110
2026/01/19/14:41:59,1547.544218,0.895188,0.843808,0.916063,0.847472,38,22,29,21,1,0,0,0,211,177,162,110
2026/01/19/14:42:00,1548.544316,0.895188,0.843808,0.916063,0.847472,38,22,29,21,1,0,0,0,211,177,162,110
2026/01/19/14:42:01,1549.544381,0.926813,0.860299,0.988437,0.880580,41,23,29,21,1,2,2,0,211,179,162,110
2026/01/19/14:42:02,1550.544541,0.932312,0.881188,0.984812,0.896467,43,25,29,20,1,2,1,0,211,179,165,111
2026/01/19/14:42:03,1551.544668,0.932312,0.881188,0.984812,0.896467,43,25,29,20,1,2,1,0,211,179,165,111
2026/01/19/14:42:04,1552.544754,0.919063,0.845055,0.971562,0.860334,43,23,27,20,1,2,1,0,211,181,167,111
2026/01/19/14:42:05,1553.544831,0.910438,0.821501,0.953812,0.831777,41,23,28,20,1,2,0,0,213,181,167,111
2026/01/19/14:42:06,1554.544904,0.909062,0.812679,0.941187,0.819649,39,24,28,20,1,1,0,0,215,181,167,111
2026/01/19/14:42:07,1555.545071,0.860750,0.809525,0.860750,0.809525,40,22,28,20,0,0,0,0,215,184,167,111
2026/01/19/14:42:08,1556.545196,0.848000,0.806306,0.848000,0.806306,40,22,28,19,0,0,0,0,215,184,167,112
2026/01/19/14:42:09,1557.545351,0.814250,0.796388,0.814250,0.796388,40,19,28,19,0,0,0,0,215,187,167,112
2026/01/19/14:42:10,1558.545496,0.798500,0.785827,0.798500,0.785827,40,17,28,19,0,0,0,0,215,189,167,112
2026/01/19/14:42:11,1559.545669,0.798500,0.785827,0.798500,0.785827,40,17,28,19,0,0,0,0,215,189,167,112
2026/01/19/14:42:12,1560.545822,0.798500,0.785827,0.798500,0.785827,40,17,28,19,0,0,0,0,215,189,167,112
2026/01/19/14:42:13,1561.545903,0.792250,0.748328,0.792250,0.748328,40,15,28,19,0,0,0,0,215,191,167,112
2026/01/19/14:42:14,1562.546020,0.792250,0.748328,0.792250,0.748328,40,15,28,19,0,0,0,0,215,191,167,112
2026/01/19/14:42:15,1563.546143,0.792250,0.748328,0.792250,0.748328,40,15,28,19,0,0,0,0,215,191,167,112
2026/01/19/14:42:16,1564.546245,0.792250,0.748328,0.792250,0.748328,40,15,28,19,0,0,0,0,215,191,167,112
2026/01/19/14:42:17,1565.546337,0.792250,0.748328,0.792250,0.748328,40,15,28,19,0,0,0,0,215,191,167,112
2026/01/19/14:42:18,1566.546434,0.857875,0.797015,0.857875,0.797015,42,18,28,21,0,0,0,0,215,191,167,112
2026/01/19/14:42:19,1567.546515,0.857875,0.797015,0.857875,0.797015,42,18,28,21,0,0,0,0,215,191,167,112
2026/01/19/14:42:20,1568.546635,0.806688,0.758149,0.806688,0.758149,41,15,28,21,0,0,0,0,216,194,167,112
2026/01/19/14:42:21,1569.546733,0.803000,0.754899,0.803000,0.754899,40,15,28,21,0,0,0,0,217,194,167,112
2026/01/19/14:42:22,1570.546881,0.792250,0.748328,0.792250,0.748328,40,15,28,19,0,0,0,0,217,194,167,114
2026/01/19/14:42:23,1571.547063,0.792250,0.748328,0.792250,0.748328,40,15,28,19,0,0,0,0,217,194,167,114
2026/01/19/14:42:24,1572.547193,0.792250,0.748328,0.792250,0.748328,40,15,28,19,0,0,0,0,217,194,167,114
2026/01/19/14:42:25,1573.547304,0.788000,0.738649,0.788000,0.738649,39,15,28,19,0,0,0,0,218,194,167,114
2026/01/19/14:42:26,1574.547380,0.871125,0.823568,0.871125,0.823568,44,16,29,23,0,0,0,0,218,194,167,114
2026/01/19/14:42:27,1575.547487,0.909687,0.894866,0.928937,0.919651,48,16,30,26,2,0,0,0,218,194,167,114
2026/01/19/14:42:28,1576.547573,0.909125,0.894067,0.942750,0.930085,47,16,30,27,3,0,0,0,219,194,167,114
2026/01/19/14:42:29,1577.547679,0.841125,0.812735,0.855500,0.823969,42,16,29,25,1,0,0,0,225,194,168,116
2026/01/19/14:42:30,1578.547762,0.876250,0.865669,0.876250,0.865669,43,16,29,30,0,0,0,0,225,195,168,116
2026/01/19/14:42:31,1579.547862,0.836063,0.814594,0.836063,0.814594,41,16,29,27,0,0,0,0,227,195,168,119
2026/01/19/14:42:32,1580.548005,0.830375,0.807642,0.830375,0.807642,41,15,29,27,0,0,0,0,227,196,168,119
2026/01/19/14:42:33,1581.548178,0.830375,0.807642,0.830375,0.807642,41,15,29,27,0,0,0,0,227,196,168,119
2026/01/19/14:42:34,1582.548325,0.823375,0.798125,0.823375,0.798125,41,15,29,25,0,0,0,0,227,196,168,121
2026/01/19/14:42:35,1583.548482,0.823375,0.798125,0.823375,0.798125,41,15,29,25,0,0,0,0,227,196,168,121
2026/01/19/14:42:36,1584.548575,0.797625,0.765372,0.797625,0.765372,41,15,28,22,0,0,0,0,227,196,169,124
2026/01/19/14:42:37,1585.548677,0.797625,0.765372,0.797625,0.765372,41,15,28,22,0,0,0,0,227,196,169,124
2026/01/19/14:42:38,1586.548767,0.797625,0.765372,0.797625,0.765372,41,15,28,22,0,0,0,0,227,196,169,124
2026/01/19/14:42:39,1587.548912,0.769563,0.760140,0.769563,0.760140,41,15,28,21,0,0,0,0,227,196,169,125
2026/01/19/14:42:40,1588.549090,0.769563,0.760140,0.769563,0.760140,41,15,28,21,0,0,0,0,227,196,169,125
2026/01/19/14:42:41,1589.549219,0.819750,0.788880,0.819750,0.788880,41,15,31,22,0,0,0,0,227,196,169,125
2026/01/19/14:42:42,1590.549338,0.819750,0.788880,0.819750,0.788880,41,15,31,22,0,0,0,0,227,196,169,125
2026/01/19/14:42:43,1591.549478,0.769563,0.760140,0.769563,0.760140,41,15,28,21,0,0,0,0,227,196,172,126
2026/01/19/14:42:44,1592.549621,0.769563,0.760140,0.769563,0.760140,41,15,28,21,0,0,0,0,227,196,172,126
2026/01/19/14:42:45,1593.549778,0.769563,0.760140,0.769563,0.760140,41,15,28,21,0,0,0,0,227,196,172,126
2026/01/19/14:42:46,1594.549935,0.769563,0.760140,0.769563,0.760140,41,15,28,21,0,0,0,0,227,196,172,126
2026/01/19/14:42:47,1595.550071,0.769563,0.760140,0.769563,0.760140,41,15,28,21,0,0,0,0,227,196,172,126
2026/01/19/14:42:48,1596.550137,0.769563,0.760140,0.769563,0.760140,41,15,28,21,0,0,0,0,227,196,172,126
2026/01/19/14:42:49,1597.550224,0.769563,0.760140,0.769563,0.760140,41,15,28,21,0,0,0,0,227,196,172,126
2026/01/19/14:42:50,1598.550376,0.769563,0.760140,0.769563,0.760140,41,15,28,21,0,0,0,0,227,196,172,126
2026/01/19/14:42:51,1599.550426,0.769563,0.760140,0.769563,0.760140,41,15,28,21,0,0,0,0,227,196,172,126
2026/01/19/14:42:52,1600.550526,0.769563,0.760140,0.769563,0.760140,41,15,28,21,0,0,0,0,227,196,172,126
2026/01/19/14:42:53,1601.550622,0.769563,0.760140,0.769563,0.760140,41,15,28,21,0,0,0,0,227,196,172,126
2026/01/19/14:42:54,1602.550722,0.769563,0.760140,0.769563,0.760140,41,15,28,21,0,0,0,0,227,196,172,126
2026/01/19/14:42:55,1603.550802,0.845063,0.801255,0.845063,0.801255,41,17,33,21,0,0,0,0,227,196,172,126
2026/01/19/14:42:56,1604.550905,0.860250,0.839729,0.870875,0.864902,41,18,35,21,0,0,2,0,227,196,172,126
2026/01/19/14:42:57,1605.550992,0.870875,0.864902,0.870875,0.864902,41,18,37,21,0,0,0,0,227,196,172,126
2026/01/19/14:42:58,1606.551098,0.829812,0.837979,0.829812,0.837979,41,16,34,21,0,0,0,0,227,198,175,126
2026/01/19/14:42:59,1607.551189,0.795188,0.762965,0.795188,0.762965,41,16,28,21,0,0,0,0,227,198,181,126
2026/01/19/14:43:00,1608.551280,0.795188,0.762965,0.795188,0.762965,41,16,28,21,0,0,0,0,227,198,181,126
2026/01/19/14:43:01,1609.551418,0.795188,0.762965,0.795188,0.762965,41,16,28,21,0,0,0,0,227,198,181,126
2026/01/19/14:43:02,1610.551543,0.798500,0.774007,0.866875,0.806328,41,16,28,22,1,3,0,1,227,198,181,126
2026/01/19/14:43:03,1611.551625,0.848000,0.800676,0.885250,0.812729,44,17,28,23,0,2,0,0,227,198,181,126
2026/01/19/14:43:04,1612.551695,0.858437,0.809916,0.895687,0.821968,44,18,28,24,0,2,0,0,227,198,181,126
2026/01/19/14:43:05,1613.551807,0.858437,0.809916,0.895687,0.821968,44,18,28,24,0,2,0,0,227,198,181,126
2026/01/19/14:43:06,1614.551913,0.852187,0.804718,0.889437,0.816771,44,18,28,23,0,2,0,0,227,198,181,127
2026/01/19/14:43:07,1615.552083,0.852187,0.804718,0.889437,0.816771,44,18,28,23,0,2,0,0,227,198,181,127
2026/01/19/14:43:08,1616.552162,0.852187,0.804718,0.889437,0.816771,44,18,28,23,0,2,0,0,227,198,181,127
2026/01/19/14:43:09,1617.552275,0.852187,0.804718,0.889437,0.816771,44,18,28,23,0,2,0,0,227,198,181,127
2026/01/19/14:43:10,1618.552356,0.852187,0.804718,0.889437,0.816771,44,18,28,23,0,2,0,0,227,198,181,127
2026/01/19/14:43:11,1619.552469,0.833562,0.798692,0.833562,0.798692,44,17,28,23,0,0,0,0,227,199,181,127
2026/01/19/14:43:12,1620.552573,0.821187,0.777110,0.821187,0.777110,44,17,25,23,0,0,0,0,227,199,184,127
2026/01/19/14:43:13,1621.552667,0.821187,0.777110,0.821187,0.777110,44,17,25,23,0,0,0,0,227,199,184,127
2026/01/19/14:43:14,1622.552757,0.814688,0.760370,0.814688,0.760370,44,17,25,21,0,0,0,0,227,199,184,129
2026/01/19/14:43:15,1623.552860,0.817813,0.770638,0.817813,0.770638,44,17,25,22,0,0,0,0,227,199,184,131
2026/01/19/14:43:16,1624.552989,0.804312,0.766599,0.804312,0.766599,44,17,25,21,0,0,0,0,227,199,184,132
2026/01/19/14:43:17,1625.553119,0.805250,0.748168,0.805250,0.748168,44,20,25,18,0,0,0,0,227,199,184,135
2026/01/19/14:43:18,1626.553236,0.805250,0.748168,0.805250,0.748168,44,20,25,18,0,0,0,0,227,199,184,135
2026/01/19/14:43:19,1627.553384,0.805250,0.748168,0.805250,0.748168,44,20,25,18,0,0,0,0,227,199,184,135
2026/01/19/14:43:20,1628.553528,0.794562,0.734247,0.794562,0.734247,44,17,25,18,0,0,0,0,227,202,184,135
2026/01/19/14:43:21,1629.553625,0.828625,0.743202,0.828625,0.743202,44,18,26,18,0,0,0,0,227,202,184,135
2026/01/19/14:43:22,1630.553700,0.828625,0.743202,0.828625,0.743202,44,18,26,18,0,0,0,0,227,202,184,135
2026/01/19/14:43:23,1631.553861,0.828625,0.743202,0.828625,0.743202,44,18,26,18,0,0,0,0,227,202,184,135
2026/01/19/14:43:24,1632.553958,0.818125,0.739333,0.818125,0.739333,44,18,25,18,0,0,0,0,227,202,185,135
2026/01/19/14:43:25,1633.554137,0.818125,0.739333,0.818125,0.739333,44,18,25,18,0,0,0,0,227,202,185,135
2026/01/19/14:43:26,1634.554273,0.818125,0.739333,0.818125,0.739333,44,18,25,18,0,0,0,0,227,202,185,135
2026/01/19/14:43:27,1635.554422,0.818125,0.739333,0.818125,0.739333,44,18,25,18,0,0,0,0,227,202,185,135
2026/01/19/14:43:28,1636.554517,0.818125,0.739333,0.818125,0.739333,44,18,25,18,0,0,0,0,227,202,185,135
2026/01/19/14:43:29,1637.554669,0.818125,0.739333,0.818125,0.739333,44,18,25,18,0,0,0,0,227,202,185,135
2026/01/19/14:43:30,1638.554767,0.818125,0.739333,0.818125,0.739333,44,18,25,18,0,0,0,0,227,202,185,135
2026/01/19/14:43:31,1639.554911,0.818125,0.739333,0.818125,0.739333,44,18,25,18,0,0,0,0,227,202,185,135
2026/01/19/14:43:32,1640.555024,0.818125,0.739333,0.818125,0.739333,44,18,25,18,0,0,0,0,227,202,185,135
2026/01/19/14:43:33,1641.555125,0.818125,0.739333,0.818125,0.739333,44,18,25,18,0,0,0,0,227,202,185,135
2026/01/19/14:43:34,1642.555196,0.857375,0.777996,0.898125,0.796354,46,20,27,18,0,0,2,0,227,202,185,135
2026/01/19/14:43:35,1643.555308,0.857375,0.777996,0.898125,0.796354,46,20,27,18,0,0,2,0,227,202,185,135
2026/01/19/14:43:36,1644.555399,0.862062,0.784863,0.902813,0.803221,46,20,28,18,0,0,2,0,227,202,185,135
2026/01/19/14:43:37,1645.555486,0.862062,0.784863,0.902813,0.803221,46,20,28,18,0,0,2,0,227,202,185,135
2026/01/19/14:43:38,1646.555633,0.862062,0.784863,0.902813,0.803221,46,20,28,18,0,0,2,0,227,202,185,135
2026/01/19/14:43:39,1647.555725,0.870875,0.799641,0.911625,0.817999,47,22,27,18,0,0,2,0,227,202,186,135
2026/01/19/14:43:40,1648.555832,0.870875,0.799641,0.911625,0.817999,47,22,27,18,0,0,2,0,227,202,186,135
2026/01/19/14:43:41,1649.555976,0.870875,0.799641,0.911625,0.817999,47,22,27,18,0,0,2,0,227,202,186,135
2026/01/19/14:43:42,1650.556121,0.856250,0.782399,0.897000,0.800757,44,22,27,18,0,0,2,0,230,202,186,135
2026/01/19/14:43:43,1651.556212,0.865000,0.791362,0.865000,0.791362,44,22,27,18,0,0,0,0,230,202,188,135
2026/01/19/14:43:44,1652.556267,0.865000,0.791362,0.865000,0.791362,44,22,27,18,0,0,0,0,232,202,188,135
2026/01/19/14:43:45,1653.556428,0.841437,0.786276,0.841437,0.786276,44,21,27,18,0,0,0,0,232,203,188,135
2026/01/19/14:43:46,1654.556525,0.841437,0.786276,0.841437,0.786276,44,21,27,18,0,0,0,0,232,203,188,135
2026/01/19/14:43:47,1655.556620,0.841437,0.786276,0.841437,0.786276,44,21,27,18,0,0,0,0,232,203,188,135
2026/01/19/14:43:48,1656.556771,0.841437,0.786276,0.841437,0.786276,44,21,27,18,0,0,0,0,232,203,188,135
2026/01/19/14:43:49,1657.556902,0.833187,0.775512,0.833187,0.775512,44,19,27,18,0,0,0,0,232,205,188,135
2026/01/19/14:43:50,1658.557070,0.833187,0.775512,0.833187,0.775512,44,19,27,18,0,0,0,0,232,205,188,135
2026/01/19/14:43:51,1659.557214,0.833187,0.775512,0.833187,0.775512,44,19,27,18,0,0,0,0,232,205,188,135
2026/01/19/14:43:52,1660.557310,0.833187,0.775512,0.833187,0.775512,44,19,27,18,0,0,0,0,232,205,188,135
2026/01/19/14:43:53,1661.557421,0.833187,0.775512,0.833187,0.775512,44,19,27,18,0,0,0,0,232,205,188,135
2026/01/19/14:43:54,1662.557563,0.833187,0.775512,0.833187,0.775512,44,19,27,18,0,0,0,0,232,205,188,135
2026/01/19/14:43:55,1663.557720,0.833187,0.775512,0.833187,0.775512,44,19,27,18,0,0,0,0,232,205,188,135
2026/01/19/14:43:56,1664.557825,0.833187,0.775512,0.833187,0.775512,44,19,27,18,0,0,0,0,232,205,188,135
2026/01/19/14:43:57,1665.557963,0.833187,0.775512,0.833187,0.775512,44,19,27,18,0,0,0,0,232,205,188,135
2026/01/19/14:43:58,1666.558133,0.833187,0.775512,0.833187,0.775512,44,19,27,18,0,0,0,0,232,205,188,135
2026/01/19/14:43:59,1667.558226,0.833187,0.775512,0.833187,0.775512,44,19,27,18,0,0,0,0,232,205,188,135
2026/01/19/14:44:00,1668.558329,0.825187,0.762684,0.825187,0.762684,42,19,27,18,0,0,0,0,234,205,188,135
2026/01/19/14:44:01,1669.558550,0.825187,0.762684,0.825187,0.762684,42,19,27,18,0,0,0,0,234,205,188,135
2026/01/19/14:44:02,1670.558591,0.825187,0.762684,0.825187,0.762684,42,19,27,18,0,0,0,0,234,205,188,135
2026/01/19/14:44:03,1671.558683,0.925500,0.857788,0.925500,0.857788,45,20,31,21,0,0,0,0,234,205,188,135
2026/01/19/14:44:04,1672.558838,0.937125,0.871743,0.937125,0.871743,48,20,31,21,0,0,0,0,234,205,188,135
2026/01/19/14:44:05,1673.558926,0.925500,0.857788,0.925500,0.857788,45,20,31,21,0,0,0,0,237,205,188,135
2026/01/19/14:44:06,1674.559029,0.916500,0.817087,0.916500,0.817087,45,20,31,19,0,0,0,0,237,205,188,137
2026/01/19/14:44:07,1675.559178,0.916500,0.817087,0.916500,0.817087,45,20,31,19,0,0,0,0,237,205,188,137
2026/01/19/14:44:08,1676.559294,0.897375,0.806638,0.897375,0.806638,42,20,31,19,0,0,0,0,240,205,188,137
2026/01/19/14:44:09,1677.559434,0.875125,0.802073,0.875125,0.802073,42,20,31,18,0,0,0,0,240,205,188,138
2026/01/19/14:44:10,1678.559495,0.875125,0.802073,0.875125,0.802073,42,20,31,18,0,0,0,0,240,205,188,138
2026/01/19/14:44:11,1679.559628,0.875125,0.802073,0.875125,0.802073,42,20,31,18,0,0,0,0,240,205,188,138
2026/01/19/14:44:12,1680.559736,0.864250,0.789432,0.864250,0.789432,42,20,30,18,0,0,0,0,240,205,189,138
2026/01/19/14:44:13,1681.559844,0.864250,0.789432,0.864250,0.789432,42,20,30,18,0,0,0,0,240,205,189,138
2026/01/19/14:44:14,1682.559917,0.864250,0.789432,0.864250,0.789432,42,20,30,18,0,0,0,0,240,205,189,138
2026/01/19/14:44:15,1683.560109,0.834812,0.775901,0.834812,0.775901,42,20,27,18,0,0,0,0,240,205,192,138
2026/01/19/14:44:16,1684.560224,0.834812,0.775901,0.834812,0.775901,42,20,27,18,0,0,0,0,240,205,192,138
2026/01/19/14:44:17,1685.560373,0.834812,0.775901,0.834812,0.775901,42,20,27,18,0,0,0,0,240,205,192,138
2026/01/19/14:44:18,1686.560519,0.834812,0.775901,0.834812,0.775901,42,20,27,18,0,0,0,0,240,205,192,138
2026/01/19/14:44:19,1687.560667,0.834812,0.775901,0.834812,0.775901,42,20,27,18,0,0,0,0,240,205,192,138
2026/01/19/14:44:20,1688.560769,0.834812,0.775901,0.834812,0.775901,42,20,27,18,0,0,0,0,240,205,192,138
2026/01/19/14:44:21,1689.560917,0.825187,0.762684,0.825187,0.762684,42,19,27,18,0,0,0,0,240,206,192,138
2026/01/19/14:44:22,1690.561013,0.825187,0.762684,0.825187,0.762684,42,19,27,18,0,0,0,0,240,206,192,138
2026/01/19/14:44:23,1691.561162,0.825187,0.762684,0.825187,0.762684,42,19,27,18,0,0,0,0,240,206,192,138
2026/01/19/14:44:24,1692.561269,0.814688,0.753077,0.814688,0.753077,39,19,27,18,0,0,0,0,243,206,192,138
2026/01/19/14:44:25,1693.561372,0.810500,0.749035,0.810500,0.749035,39,18,27,18,0,0,0,0,243,207,192,138
2026/01/19/14:44:26,1694.561497,0.810500,0.749035,0.810500,0.749035,39,18,27,18,0,0,0,0,243,207,192,138
2026/01/19/14:44:27,1695.561594,0.810500,0.749035,0.810500,0.749035,39,18,27,18,0,0,0,0,243,207,192,138
2026/01/19/14:44:28,1696.561678,0.810500,0.749035,0.810500,0.749035,39,18,27,18,0,0,0,0,243,207,192,138
2026/01/19/14:44:29,1697.561825,0.810500,0.749035,0.810500,0.749035,39,18,27,18,0,0,0,0,243,207,192,138
2026/01/19/14:44:30,1698.561908,0.810500,0.749035,0.810500,0.749035,39,18,27,18,0,0,0,0,243,207,192,138
2026/01/19/14:44:31,1699.562069,0.810500,0.749035,0.810500,0.749035,39,18,27,18,0,0,0,0,243,207,192,138
2026/01/19/14:44:32,1700.562152,0.810500,0.749035,0.810500,0.749035,39,18,27,18,0,0,0,0,243,207,192,138
2026/01/19/14:44:33,1701.562247,0.810500,0.749035,0.810500,0.749035,39,18,27,18,0,0,0,0,243,207,192,138
2026/01/19/14:44:34,1702.562337,0.810500,0.749035,0.810500,0.749035,39,18,27,18,0,0,0,0,243,207,192,138
2026/01/19/14:44:35,1703.562450,0.810500,0.749035,0.810500,0.749035,39,18,27,18,0,0,0,0,243,207,192,138
2026/01/19/14:44:36,1704.562587,0.810500,0.749035,0.810500,0.749035,39,18,27,18,0,0,0,0,243,207,192,138
2026/01/19/14:44:37,1705.562757,0.810500,0.749035,0.810500,0.749035,39,18,27,18,0,0,0,0,243,207,192,138
2026/01/19/14:44:38,1706.562832,0.810500,0.749035,0.810500,0.749035,39,18,27,18,0,0,0,0,243,207,192,138
2026/01/19/14:44:39,1707.562945,0.810500,0.749035,0.810500,0.749035,39,18,27,18,0,0,0,0,243,207,192,138
2026/01/19/14:44:40,1708.563106,0.810500,0.749035,0.810500,0.749035,39,18,27,18,0,0,0,0,243,207,192,138
2026/01/19/14:44:41,1709.563257,0.810500,0.749035,0.810500,0.749035,39,18,27,18,0,0,0,0,243,207,192,138
2026/01/19/14:44:42,1710.563399,0.810500,0.749035,0.810500,0.749035,39,18,27,18,0,0,0,0,243,207,192,138
2026/01/19/14:44:43,1711.563504,0.810500,0.749035,0.810500,0.749035,39,18,27,18,0,0,0,0,243,207,192,138
2026/01/19/14:44:44,1712.563580,0.810500,0.749035,0.810500,0.749035,39,18,27,18,0,0,0,0,243,207,192,138
2026/01/19/14:44:45,1713.563682,0.810500,0.749035,0.810500,0.749035,39,18,27,18,0,0,0,0,243,207,192,138
2026/01/19/14:44:46,1714.563837,0.810500,0.749035,0.810500,0.749035,39,18,27,18,0,0,0,0,243,207,192,138
2026/01/19/14:44:47,1715.563991,0.810500,0.749035,0.810500,0.749035,39,18,27,18,0,0,0,0,243,207,192,138
2026/01/19/14:44:48,1716.564105,0.810500,0.749035,0.810500,0.749035,39,18,27,18,0,0,0,0,243,207,192,138
2026/01/19/14:44:49,1717.564196,0.810500,0.749035,0.810500,0.749035,39,18,27,18,0,0,0,0,243,207,192,138
2026/01/19/14:44:50,1718.564267,0.859000,0.816778,0.859000,0.816778,40,21,30,18,0,0,0,0,243,207,192,138
2026/01/19/14:44:51,1719.564420,0.859000,0.816778,0.859000,0.816778,40,21,30,18,0,0,0,0,243,207,192,138
2026/01/19/14:44:52,1720.564546,0.859000,0.816778,0.859000,0.816778,40,21,30,18,0,0,0,0,243,207,192,138
2026/01/19/14:44:53,1721.564634,0.868250,0.836958,0.894500,0.856028,41,22,30,18,0,0,0,1,243,207,192,138
2026/01/19/14:44:54,1722.564718,0.868250,0.836958,0.894500,0.856028,41,22,30,18,0,0,0,1,243,207,192,138
2026/01/19/14:44:55,1723.564846,0.851875,0.831630,0.878125,0.850700,40,22,30,18,0,0,0,1,244,207,192,138
2026/01/19/14:44:56,1724.564988,0.851875,0.831630,0.878125,0.850700,40,22,30,18,0,0,0,1,244,207,192,138
2026/01/19/14:44:57,1725.565143,0.851875,0.831630,0.851875,0.831630,40,22,30,18,0,0,0,0,244,207,192,138
2026/01/19/14:44:58,1726.565236,0.851875,0.831630,0.851875,0.831630,40,22,30,18,0,0,0,0,244,207,192,138
2026/01/19/14:44:59,1727.565382,0.851875,0.831630,0.851875,0.831630,40,22,30,18,0,0,0,0,244,207,192,138
2026/01/19/14:45:00,1728.565485,0.851875,0.831630,0.851875,0.831630,40,22,30,18,0,0,0,0,244,207,192,138
2026/01/19/14:45:01,1729.565611,0.851875,0.831630,0.851875,0.831630,40,22,30,18,0,0,0,0,244,207,192,138
2026/01/19/14:45:02,1730.565644,0.851875,0.831630,0.851875,0.831630,40,22,30,18,0,0,0,0,244,207,192,138
2026/01/19/14:45:03,1731.565762,0.851875,0.831630,0.851875,0.831630,40,22,30,18,0,0,0,0,244,207,192,138
2026/01/19/14:45:04,1732.565868,0.851875,0.831630,0.851875,0.831630,40,22,30,18,0,0,0,0,244,207,192,138
2026/01/19/14:45:05,1733.565972,0.851875,0.831630,0.851875,0.831630,40,22,30,18,0,0,0,0,244,207,192,138
2026/01/19/14:45:06,1734.566187,0.851875,0.831630,0.851875,0.831630,40,22,30,18,0,0,0,0,244,207,192,138
2026/01/19/14:45:07,1735.566226,0.851875,0.831630,0.851875,0.831630,40,22,30,18,0,0,0,0,244,207,192,138
2026/01/19/14:45:08,1736.566339,0.851875,0.831630,0.851875,0.831630,40,22,30,18,0,0,0,0,244,207,192,138
2026/01/19/14:45:09,1737.566451,0.851875,0.831630,0.851875,0.831630,40,22,30,18,0,0,0,0,244,207,192,138
2026/01/19/14:45:10,1738.566556,0.851875,0.831630,0.851875,0.831630,40,22,30,18,0,0,0,0,244,207,192,138
2026/01/19/14:45:11,1739.566653,0.851875,0.831630,0.851875,0.831630,40,22,30,18,0,0,0,0,244,207,192,138
2026/01/19/14:45:12,1740.566756,0.851875,0.831630,0.851875,0.831630,40,22,30,18,0,0,0,0,244,207,192,138
2026/01/19/14:45:13,1741.566854,0.851875,0.831630,0.851875,0.831630,40,22,30,18,0,0,0,0,244,207,192,138
2026/01/19/14:45:14,1742.566936,0.851875,0.831630,0.851875,0.831630,40,22,30,18,0,0,0,0,244,207,192,138
2026/01/19/14:45:15,1743.567037,0.851875,0.831630,0.851875,0.831630,40,22,30,18,0,0,0,0,244,207,192,138
2026/01/19/14:45:16,1744.567150,0.851875,0.831630,0.851875,0.831630,40,22,30,18,0,0,0,0,244,207,192,138
2026/01/19/14:45:17,1745.567243,0.851875,0.831630,0.851875,0.831630,40,22,30,18,0,0,0,0,244,207,192,138
2026/01/19/14:45:18,1746.567355,0.851875,0.831630,0.851875,0.831630,40,22,30,18,0,0,0,0,244,207,192,138
2026/01/19/14:45:19,1747.567453,0.843500,0.827465,0.843500,0.827465,40,21,30,18,0,0,0,0,244,208,192,138
2026/01/19/14:45:20,1748.567548,0.802750,0.809107,0.802750,0.809107,40,21,28,18,0,0,0,0,244,208,194,138
2026/01/19/14:45:21,1749.567695,0.854500,0.822777,0.854500,0.822777,43,21,28,18,0,0,0,0,244,208,194,138
2026/01/19/14:45:22,1750.567809,0.856125,0.816065,0.856125,0.816065,42,21,29,18,0,0,0,0,245,208,194,138
2026/01/19/14:45:23,1751.567977,0.899500,0.843321,0.899500,0.843321,42,24,30,18,0,0,0,0,245,208,194,138
2026/01/19/14:45:24,1752.568126,0.899500,0.843321,0.899500,0.843321,42,24,30,18,0,0,0,0,245,208,194,138
2026/01/19/14:45:25,1753.568276,0.890750,0.826246,0.890750,0.826246,42,24,28,18,0,0,0,0,245,208,196,138
2026/01/19/14:45:26,1754.568383,0.890750,0.826246,0.890750,0.826246,42,24,28,18,0,0,0,0,245,208,196,138
2026/01/19/14:45:27,1755.568522,0.890750,0.826246,0.890750,0.826246,42,24,28,18,0,0,0,0,245,208,196,138
2026/01/19/14:45:28,1756.568618,0.890750,0.826246,0.890750,0.826246,42,24,28,18,0,0,0,0,245,208,196,138
2026/01/19/14:45:29,1757.568704,0.890750,0.826246,0.890750,0.826246,42,24,28,18,0,0,0,0,245,208,196,138
2026/01/19/14:45:30,1758.568850,0.890750,0.826246,0.890750,0.826246,42,24,28,18,0,0,0,0,245,208,196,138
2026/01/19/14:45:31,1759.568948,0.882375,0.812367,0.882375,0.812367,42,22,28,18,0,0,0,0,245,210,196,138
2026/01/19/14:45:32,1760.569076,0.838125,0.804107,0.838125,0.804107,40,22,28,18,0,0,0,0,247,210,196,138
2026/01/19/14:45:33,1761.569223,0.838125,0.804107,0.838125,0.804107,40,22,28,18,0,0,0,0,247,210,196,138
2026/01/19/14:45:34,1762.569369,0.838125,0.804107,0.838125,0.804107,40,22,28,18,0,0,0,0,247,210,196,138
2026/01/19/14:45:35,1763.569516,0.838125,0.804107,0.838125,0.804107,40,22,28,18,0,0,0,0,247,210,196,138
2026/01/19/14:45:36,1764.569612,0.838125,0.804107,0.838125,0.804107,40,22,28,18,0,0,0,0,247,210,196,138
2026/01/19/14:45:37,1765.569776,0.838125,0.804107,0.838125,0.804107,40,22,28,18,0,0,0,0,247,210,196,138
2026/01/19/14:45:38,1766.569930,0.838125,0.804107,0.838125,0.804107,40,22,28,18,0,0,0,0,247,210,196,138
2026/01/19/14:45:39,1767.570018,0.838125,0.804107,0.838125,0.804107,40,22,28,18,0,0,0,0,247,210,196,138
2026/01/19/14:45:40,1768.570127,0.798375,0.786259,0.798375,0.786259,40,19,28,18,0,0,0,0,247,213,196,138
2026/01/19/14:45:41,1769.570225,0.798375,0.786259,0.798375,0.786259,40,19,28,18,0,0,0,0,247,213,196,138
2026/01/19/14:45:42,1770.570330,0.798375,0.786259,0.798375,0.786259,40,19,28,18,0,0,0,0,247,213,196,138
2026/01/19/14:45:43,1771.570473,0.798375,0.786259,0.798375,0.786259,40,19,28,18,0,0,0,0,247,213,196,138
2026/01/19/14:45:44,1772.570560,0.798375,0.786259,0.798375,0.786259,40,19,28,18,0,0,0,0,247,213,196,138
2026/01/19/14:45:45,1773.570661,0.798375,0.786259,0.798375,0.786259,40,19,28,18,0,0,0,0,247,213,196,138
2026/01/19/14:45:46,1774.570769,0.798375,0.786259,0.798375,0.786259,40,19,28,18,0,0,0,0,247,213,196,138
2026/01/19/14:45:47,1775.570860,0.775500,0.770091,0.775500,0.770091,40,17,28,18,0,0,0,0,247,215,196,138
2026/01/19/14:45:48,1776.570971,0.775500,0.770091,0.775500,0.770091,40,17,28,18,0,0,0,0,247,215,196,138
2026/01/19/14:45:49,1777.571100,0.775500,0.770091,0.775500,0.770091,40,17,28,18,0,0,0,0,247,215,196,138
2026/01/19/14:45:50,1778.571160,0.769750,0.764290,0.769750,0.764290,40,16,28,18,0,0,0,0,247,216,196,138
2026/01/19/14:45:51,1779.571242,0.769750,0.764290,0.769750,0.764290,40,16,28,18,0,0,0,0,247,216,196,138
2026/01/19/14:45:52,1780.571354,0.769750,0.764290,0.769750,0.764290,40,16,28,18,0,0,0,0,247,216,196,138
2026/01/19/14:45:53,1781.571497,0.769750,0.764290,0.769750,0.764290,40,16,28,18,0,0,0,0,247,216,196,138
2026/01/19/14:45:54,1782.571602,0.769750,0.764290,0.769750,0.764290,40,16,28,18,0,0,0,0,247,216,196,138
2026/01/19/14:45:55,1783.571698,0.769750,0.764290,0.769750,0.764290,40,16,28,18,0,0,0,0,247,216,196,138
2026/01/19/14:45:56,1784.571797,0.769750,0.764290,0.769750,0.764290,40,16,28,18,0,0,0,0,247,216,196,138
2026/01/19/14:45:57,1785.571954,0.769750,0.764290,0.769750,0.764290,40,16,28,18,0,0,0,0,247,216,196,138
2026/01/19/14:45:58,1786.572127,0.769750,0.764290,0.769750,0.764290,40,16,28,18,0,0,0,0,247,216,196,138
2026/01/19/14:45:59,1787.572245,0.769750,0.764290,0.769750,0.764290,40,16,28,18,0,0,0,0,247,216,196,138
2026/01/19/14:46:00,1788.572390,0.769750,0.764290,0.769750,0.764290,40,16,28,18,0,0,0,0,247,216,196,138
2026/01/19/14:46:01,1789.572514,0.769750,0.764290,0.769750,0.764290,40,16,28,18,0,0,0,0,247,216,196,138
2026/01/19/14:46:02,1790.572668,0.769750,0.764290,0.769750,0.764290,40,16,28,18,0,0,0,0,247,216,196,138
2026/01/19/14:46:03,1791.572774,0.769750,0.764290,0.769750,0.764290,40,16,28,18,0,0,0,0,247,216,196,138
2026/01/19/14:46:04,1792.572880,0.769750,0.764290,0.769750,0.764290,40,16,28,18,0,0,0,0,247,216,196,138
2026/01/19/14:46:05,1793.572971,0.769750,0.764290,0.769750,0.764290,40,16,28,18,0,0,0,0,247,216,196,138
2026/01/19/14:46:06,1794.573130,0.769750,0.764290,0.769750,0.764290,40,16,28,18,0,0,0,0,247,216,196,138
2026/01/19/14:46:07,1795.573186,0.769750,0.764290,0.769750,0.764290,40,16,28,18,0,0,0,0,247,216,196,138
2026/01/19/14:46:08,1796.573446,0.769750,0.764290,0.769750,0.764290,40,16,28,18,0,0,0,0,247,216,196,138
2026/01/19/14:46:09,1797.573480,0.769750,0.764290,0.769750,0.764290,40,16,28,18,0,0,0,0,247,216,196,138
2026/01/19/14:46:10,1798.573626,0.769750,0.764290,0.769750,0.764290,40,16,28,18,0,0,0,0,247,216,196,138
2026/01/19/14:46:11,1799.573770,0.769750,0.764290,0.769750,0.764290,40,16,28,18,0,0,0,0,247,216,196,138
2026/01/19/14:46:12,1800.573853,0.769750,0.764290,0.769750,0.764290,40,16,28,18,0,0,0,0,247,216,196,138
2026/01/19/14:46:13,1801.573931,0.822438,0.802770,0.822438,0.802770,41,17,34,18,0,0,0,0,247,216,196,138
2026/01/19/14:46:14,1802.574039,0.876125,0.849334,0.905750,0.948827,42,19,36,19,0,2,2,0,247,216,196,138
2026/01/19/14:46:15,1803.574169,0.861250,0.851462,0.890875,0.950955,43,19,35,19,0,2,2,0,247,216,200,138
2026/01/19/14:46:16,1804.574317,0.819187,0.811371,0.829187,0.866496,40,18,35,18,0,0,2,0,250,217,200,139
2026/01/19/14:46:17,1805.574469,0.819187,0.811371,0.829187,0.866496,40,18,35,18,0,0,2,0,250,217,200,139
2026/01/19/14:46:18,1806.574528,0.819187,0.811371,0.829187,0.866496,40,18,35,18,0,0,2,0,250,217,200,139
2026/01/19/14:46:19,1807.574653,0.819187,0.811371,0.829187,0.866496,40,18,35,18,0,0,2,0,250,217,200,139
2026/01/19/14:46:20,1808.574793,0.819187,0.811371,0.829187,0.866496,40,18,35,18,0,0,2,0,250,217,200,139
2026/01/19/14:46:21,1809.574898,0.819187,0.811371,0.829187,0.866496,40,18,35,18,0,0,2,0,250,217,200,139
2026/01/19/14:46:22,1810.575080,0.806000,0.799456,0.816000,0.854581,40,17,33,18,0,0,2,0,250,218,202,139
2026/01/19/14:46:23,1811.575172,0.806000,0.799456,0.816000,0.854581,40,17,33,18,0,0,2,0,250,218,202,139
2026/01/19/14:46:24,1812.575296,0.817063,0.815081,0.827063,0.870206,43,17,33,18,0,0,2,0,250,218,202,139
2026/01/19/14:46:25,1813.575441,0.817063,0.815081,0.827063,0.870206,43,17,33,18,0,0,2,0,250,218,202,139
2026/01/19/14:46:26,1814.575549,0.817063,0.815081,0.827063,0.870206,43,17,33,18,0,0,2,0,250,218,202,139
2026/01/19/14:46:27,1815.575642,0.817063,0.815081,0.827063,0.870206,43,17,33,18,0,0,2,0,250,218,202,139
2026/01/19/14:46:28,1816.575784,0.807875,0.811880,0.817875,0.867005,42,17,33,18,0,0,2,0,251,218,202,139
2026/01/19/14:46:29,1817.575878,0.789500,0.805479,0.799500,0.860605,40,17,33,18,0,0,2,0,253,218,202,139
2026/01/19/14:46:30,1818.575994,0.789500,0.805479,0.799500,0.860605,40,17,33,18,0,0,2,0,253,218,202,139
2026/01/19/14:46:31,1819.576146,0.789500,0.805479,0.799500,0.860605,40,17,33,18,0,0,2,0,253,218,202,139
2026/01/19/14:46:32,1820.576247,0.773625,0.775922,0.788438,0.844980,36,17,33,18,1,0,2,0,258,218,202,139
2026/01/19/14:46:33,1821.576353,0.780937,0.839570,0.780937,0.839570,36,17,35,18,0,0,0,0,259,218,202,139
2026/01/19/14:46:34,1822.576499,0.780937,0.839570,0.780937,0.839570,36,17,35,18,0,0,0,0,259,218,202,139
2026/01/19/14:46:35,1823.576651,0.780937,0.839570,0.780937,0.839570,36,17,35,18,0,0,0,0,259,218,202,139
2026/01/19/14:46:36,1824.576801,0.780937,0.839570,0.780937,0.839570,36,17,35,18,0,0,0,0,259,218,202,139
2026/01/19/14:46:37,1825.576941,0.780937,0.839570,0.780937,0.839570,36,17,35,18,0,0,0,0,259,218,202,139
2026/01/19/14:46:38,1826.577120,0.780937,0.839570,0.780937,0.839570,36,17,35,18,0,0,0,0,259,218,202,139
2026/01/19/14:46:39,1827.577273,0.780937,0.839570,0.780937,0.839570,36,17,35,18,0,0,0,0,259,218,202,139
2026/01/19/14:46:40,1828.577426,0.780937,0.839570,0.780937,0.839570,36,17,35,18,0,0,0,0,259,218,202,139
2026/01/19/14:46:41,1829.577582,0.775438,0.831643,0.775438,0.831643,36,16,35,18,0,0,0,0,259,219,202,139
2026/01/19/14:46:42,1830.577686,0.775438,0.831643,0.775438,0.831643,36,16,35,18,0,0,0,0,259,219,202,139
2026/01/19/14:46:43,1831.577833,0.775438,0.831643,0.775438,0.831643,36,16,35,18,0,0,0,0,259,219,202,139
2026/01/19/14:46:44,1832.577930,0.775438,0.831643,0.775438,0.831643,36,16,35,18,0,0,0,0,259,219,202,139
2026/01/19/14:46:45,1833.578120,0.775438,0.831643,0.775438,0.831643,36,16,35,18,0,0,0,0,259,219,202,139
2026/01/19/14:46:46,1834.578269,0.775438,0.831643,0.775438,0.831643,36,16,35,18,0,0,0,0,259,219,202,139
2026/01/19/14:46:47,1835.578355,0.775438,0.831643,0.786438,0.875241,36,16,35,18,0,0,0,2,259,219,202,139
2026/01/19/14:46:48,1836.578501,0.775438,0.831643,0.786438,0.875241,36,16,35,18,0,0,0,2,259,219,202,139
2026/01/19/14:46:49,1837.578613,0.775438,0.831643,0.786438,0.875241,36,16,35,18,0,0,0,2,259,219,202,139
2026/01/19/14:46:50,1838.578769,0.775438,0.831643,0.786438,0.875241,36,16,35,18,0,0,0,2,259,219,202,139
2026/01/19/14:46:51,1839.578918,0.775438,0.831643,0.786438,0.875241,36,16,35,18,0,0,0,2,259,219,202,139
2026/01/19/14:46:52,1840.579004,0.784188,0.836322,0.795188,0.879920,37,16,35,18,0,0,0,2,259,219,202,139
2026/01/19/14:46:53,1841.579181,0.784188,0.836322,0.795188,0.879920,37,16,35,18,0,0,0,2,259,219,202,139
2026/01/19/14:46:54,1842.579282,0.784188,0.836322,0.795188,0.879920,37,16,35,18,0,0,0,2,259,219,202,139
2026/01/19/14:46:55,1843.579368,0.784188,0.836322,0.795188,0.879920,37,16,35,18,0,0,0,2,259,219,202,139
2026/01/19/14:46:56,1844.579519,0.795188,0.879920,0.795188,0.879920,37,16,35,20,0,0,0,0,261,219,202,139
2026/01/19/14:46:57,1845.579664,0.795188,0.879920,0.795188,0.879920,37,16,35,20,0,0,0,0,261,219,202,139
2026/01/19/14:46:58,1846.579759,0.795188,0.879920,0.795188,0.879920,37,16,35,20,0,0,0,0,261,219,202,139
2026/01/19/14:46:59,1847.579912,0.795188,0.879920,0.795188,0.879920,37,16,35,20,0,0,0,0,261,219,202,139
2026/01/19/14:47:00,1848.580079,0.795188,0.879920,0.795188,0.879920,37,16,35,20,0,0,0,0,261,219,202,139
2026/01/19/14:47:01,1849.580125,0.786438,0.875241,0.786438,0.875241,36,16,35,20,0,0,0,0,262,219,202,139
2026/01/19/14:47:02,1850.580214,0.786438,0.875241,0.786438,0.875241,36,16,35,20,0,0,0,0,262,219,202,139
2026/01/19/14:47:03,1851.580369,0.786438,0.875241,0.786438,0.875241,36,16,35,20,0,0,0,0,262,219,202,139
2026/01/19/14:47:04,1852.580460,0.786438,0.875241,0.786438,0.875241,36,16,35,20,0,0,0,0,262,219,202,139
2026/01/19/14:47:05,1853.580605,0.786438,0.875241,0.786438,0.875241,36,16,35,20,0,0,0,0,262,219,202,139
2026/01/19/14:47:06,1854.580704,0.786438,0.875241,0.786438,0.875241,36,16,35,20,0,0,0,0,262,219,202,139
2026/01/19/14:47:07,1855.580885,0.763188,0.864270,0.763188,0.864270,36,16,32,20,0,0,0,0,262,219,205,139
2026/01/19/14:47:08,1856.581029,0.763188,0.864270,0.763188,0.864270,36,16,32,20,0,0,0,0,262,219,205,139
2026/01/19/14:47:09,1857.581136,0.763188,0.864270,0.763188,0.864270,36,16,32,20,0,0,0,0,262,219,205,139
2026/01/19/14:47:10,1858.581295,0.877125,0.920681,0.883125,0.925950,42,17,36,20,1,0,0,0,262,219,205,139
2026/01/19/14:47:11,1859.581396,0.883125,0.925950,0.883125,0.925950,43,17,36,20,0,0,0,0,262,219,205,139
2026/01/19/14:47:12,1860.581534,0.883125,0.925950,0.883125,0.925950,43,17,36,20,0,0,0,0,262,219,205,139
2026/01/19/14:47:13,1861.581723,0.826937,0.899215,0.826937,0.899215,40,17,33,20,0,0,0,0,265,219,208,139
2026/01/19/14:47:14,1862.581808,0.826937,0.899215,0.826937,0.899215,40,17,33,20,0,0,0,0,265,219,208,139
2026/01/19/14:47:15,1863.581968,0.826937,0.899215,0.826937,0.899215,40,17,33,20,0,0,0,0,265,219,208,139
2026/01/19/14:47:16,1864.582094,0.826937,0.899215,0.826937,0.899215,40,17,33,20,0,0,0,0,265,219,208,139
2026/01/19/14:47:17,1865.582151,0.826937,0.899215,0.826937,0.899215,40,17,33,20,0,0,0,0,265,219,208,139
2026/01/19/14:47:18,1866.582242,0.858688,0.919434,0.876188,0.959367,41,18,33,22,1,2,0,0,265,219,208,139
2026/01/19/14:47:19,1867.582329,0.858688,0.919434,0.876188,0.959367,41,18,33,22,1,2,0,0,265,219,208,139
2026/01/19/14:47:20,1868.582433,0.853750,0.914498,0.862500,0.948580,39,18,33,22,0,2,0,0,268,219,208,139
2026/01/19/14:47:21,1869.582526,0.853750,0.914498,0.862500,0.948580,39,18,33,22,0,2,0,0,268,219,208,139
2026/01/19/14:47:22,1870.582623,0.853750,0.914498,0.862500,0.948580,39,18,33,22,0,2,0,0,268,219,208,139
2026/01/19/14:47:23,1871.582705,0.853750,0.914498,0.862500,0.948580,39,18,33,22,0,2,0,0,268,219,208,139
2026/01/19/14:47:24,1872.582873,0.853750,0.914498,0.862500,0.948580,39,18,33,22,0,2,0,0,268,219,208,139
2026/01/19/14:47:25,1873.583038,0.853750,0.914498,0.862500,0.948580,39,18,33,22,0,2,0,0,268,219,208,139
2026/01/19/14:47:26,1874.583141,0.841125,0.906999,0.849875,0.941081,39,18,33,20,0,2,0,0,268,219,208,141
2026/01/19/14:47:27,1875.583266,0.842125,0.898543,0.846500,0.915584,38,19,33,20,0,1,0,0,269,219,208,141
2026/01/19/14:47:28,1876.583370,0.842125,0.898543,0.846500,0.915584,38,19,33,20,0,1,0,0,269,219,208,141
2026/01/19/14:47:29,1877.583517,0.842125,0.898543,0.846500,0.915584,38,19,33,20,0,1,0,0,269,219,208,141
2026/01/19/14:47:30,1878.583686,0.873062,0.919241,0.877437,0.936283,41,22,33,20,0,1,0,0,269,219,208,141
2026/01/19/14:47:31,1879.583827,0.873062,0.919241,0.877437,0.936283,41,22,33,20,0,1,0,0,269,219,208,141
2026/01/19/14:47:32,1880.583915,0.856563,0.909569,0.860938,0.926610,41,19,33,20,0,1,0,0,269,222,208,141
2026/01/19/14:47:33,1881.584101,0.859750,0.919608,0.883188,0.982275,38,19,36,21,0,3,0,0,272,222,208,141
2026/01/19/14:47:34,1882.584199,0.859750,0.919608,0.883188,0.982275,38,19,36,21,0,3,0,0,272,222,208,141
2026/01/19/14:47:35,1883.584338,0.853375,0.914723,0.861625,0.948259,38,19,36,20,0,2,0,0,272,222,208,142
2026/01/19/14:47:36,1884.584452,0.835875,0.903020,0.844125,0.936556,36,19,36,20,0,2,0,0,274,222,208,142
2026/01/19/14:47:37,1885.584609,0.824625,0.886840,0.832875,0.920376,36,19,33,20,0,2,0,0,274,222,211,142
2026/01/19/14:47:38,1886.584679,0.824625,0.886840,0.832875,0.920376,36,19,33,20,0,2,0,0,274,222,211,142
2026/01/19/14:47:39,1887.584832,0.824625,0.886840,0.829000,0.903882,36,19,33,20,0,1,0,0,274,222,211,142
2026/01/19/14:47:40,1888.584981,0.824625,0.886840,0.829000,0.903882,36,19,33,20,0,1,0,0,274,222,211,142
2026/01/19/14:47:41,1889.585136,0.819312,0.883212,0.823688,0.900253,36,18,33,20,0,1,0,0,274,223,211,142
2026/01/19/14:47:42,1890.585234,0.819312,0.883212,0.823688,0.900253,36,18,33,20,0,1,0,0,274,223,211,142
2026/01/19/14:47:43,1891.585392,0.819312,0.883212,0.823688,0.900253,36,18,33,20,0,1,0,0,274,223,211,142
2026/01/19/14:47:44,1892.585539,0.819312,0.883212,0.823688,0.900253,36,18,33,20,0,1,0,0,274,223,211,142
2026/01/19/14:47:45,1893.585637,0.819312,0.883212,0.823688,0.900253,36,18,33,20,0,1,0,0,274,223,211,142
2026/01/19/14:47:46,1894.585806,0.819312,0.883212,0.823688,0.900253,36,18,33,20,0,1,0,0,274,223,211,142
2026/01/19/14:47:47,1895.585916,0.819312,0.883212,0.823688,0.900253,36,18,33,20,0,1,0,0,274,223,211,142
2026/01/19/14:47:48,1896.586085,0.819312,0.883212,0.823688,0.900253,36,18,33,20,0,1,0,0,274,223,211,142
2026/01/19/14:47:49,1897.586122,0.819312,0.883212,0.823688,0.900253,36,18,33,20,0,1,0,0,274,223,211,142
2026/01/19/14:47:50,1898.586268,0.819312,0.883212,0.823688,0.900253,36,18,33,20,0,1,0,0,274,223,211,142
2026/01/19/14:47:51,1899.586360,0.819312,0.883212,0.823688,0.900253,36,18,33,20,0,1,0,0,274,223,211,142
2026/01/19/14:47:52,1900.586508,0.813688,0.845128,0.813688,0.845128,36,19,31,20,0,0,0,0,275,223,213,142
2026/01/19/14:47:53,1901.586615,0.813688,0.845128,0.813688,0.845128,36,19,31,20,0,0,0,0,275,223,213,142
2026/01/19/14:47:54,1902.586771,0.804937,0.811046,0.804937,0.811046,36,17,31,20,0,0,0,0,275,225,213,142
2026/01/19/14:47:55,1903.586864,0.804937,0.811046,0.804937,0.811046,36,17,31,20,0,0,0,0,275,225,213,142
2026/01/19/14:47:56,1904.587024,0.804937,0.811046,0.804937,0.811046,36,17,31,20,0,0,0,0,275,225,213,142
2026/01/19/14:47:57,1905.587166,0.804937,0.811046,0.804937,0.811046,36,17,31,20,0,0,0,0,275,225,213,142
2026/01/19/14:47:58,1906.587315,0.804937,0.811046,0.804937,0.811046,36,17,31,20,0,0,0,0,275,225,213,142
2026/01/19/14:47:59,1907.587411,0.804937,0.811046,0.804937,0.811046,36,17,31,20,0,0,0,0,275,225,213,142
2026/01/19/14:48:00,1908.587555,0.804937,0.811046,0.804937,0.811046,36,17,31,20,0,0,0,0,275,225,213,142
2026/01/19/14:48:01,1909.587645,0.804937,0.811046,0.804937,0.811046,36,17,31,20,0,0,0,0,275,225,213,142
2026/01/19/14:48:02,1910.587789,0.785188,0.802539,0.785188,0.802539,36,17,30,20,0,0,0,0,275,225,214,142
2026/01/19/14:48:03,1911.587914,0.785188,0.802539,0.785188,0.802539,36,17,30,20,0,0,0,0,275,225,214,142
2026/01/19/14:48:04,1912.588080,0.785188,0.802539,0.785188,0.802539,36,17,30,20,0,0,0,0,275,225,214,142
2026/01/19/14:48:05,1913.588212,0.762875,0.793223,0.762875,0.793223,36,16,30,20,0,0,0,0,275,226,214,142
2026/01/19/14:48:06,1914.588320,0.762875,0.793223,0.762875,0.793223,36,16,30,20,0,0,0,0,275,226,214,142
2026/01/19/14:48:07,1915.588426,0.782750,0.806767,0.782750,0.806767,36,19,30,21,0,0,0,0,275,226,214,142
2026/01/19/14:48:08,1916.588529,0.782750,0.806767,0.782750,0.806767,36,19,30,21,0,0,0,0,275,226,214,142
2026/01/19/14:48:09,1917.588617,0.807312,0.814695,0.807312,0.814695,36,20,30,21,0,0,0,0,275,226,214,142
2026/01/19/14:48:10,1918.588716,0.807312,0.814695,0.807312,0.814695,36,20,30,21,0,0,0,0,275,226,214,142
2026/01/19/14:48:11,1919.588802,0.906312,0.886788,0.924813,0.891900,37,26,35,21,0,0,1,0,275,226,214,142
2026/01/19/14:48:12,1920.588946,0.922312,0.905941,0.982437,0.925503,37,28,37,21,0,0,4,0,275,226,214,142
2026/01/19/14:48:13,1921.589133,0.929937,0.912753,1.023500,0.951347,39,28,37,21,1,2,5,0,275,226,214,142
2026/01/19/14:48:14,1922.589220,0.929937,0.912753,1.054563,0.968160,39,28,37,21,3,2,6,0,275,226,214,142
2026/01/19/14:48:15,1923.589336,0.923813,0.915082,1.018750,0.957587,39,29,36,21,3,1,4,0,275,226,217,142
2026/01/19/14:48:16,1924.589476,0.913125,0.895134,1.001500,0.934075,38,30,34,21,3,0,4,0,276,226,219,142
2026/01/19/14:48:17,1925.589624,0.913125,0.895134,1.001500,0.934075,38,30,34,21,3,0,4,0,276,226,219,142
2026/01/19/14:48:18,1926.589709,0.913125,0.895134,1.001500,0.934075,38,30,34,21,3,0,4,0,276,226,219,142
2026/01/19/14:48:19,1927.589902,0.913125,0.895134,0.982375,0.920091,38,30,34,21,3,0,2,0,276,226,219,142
2026/01/19/14:48:20,1928.590074,0.913125,0.895134,0.982375,0.920091,38,30,34,21,3,0,2,0,276,226,219,142
2026/01/19/14:48:21,1929.590209,0.913125,0.895134,0.982375,0.920091,38,30,34,21,3,0,2,0,276,226,219,142
2026/01/19/14:48:22,1930.590325,0.920750,0.892283,0.968500,0.907418,40,30,31,21,1,0,2,0,276,226,222,142
2026/01/19/14:48:23,1931.590469,0.914000,0.881578,0.961750,0.896713,40,28,31,21,1,0,2,0,276,228,222,142
2026/01/19/14:48:24,1932.590603,0.917125,0.879677,0.954125,0.889902,39,28,31,21,0,0,2,0,278,228,222,142
2026/01/19/14:48:25,1933.590765,0.895000,0.855183,0.932000,0.865408,39,25,31,21,0,0,2,0,278,231,222,142
2026/01/19/14:48:26,1934.590868,0.895000,0.855183,0.932000,0.865408,39,25,31,21,0,0,2,0,278,231,222,142
2026/01/19/14:48:27,1935.591033,0.895000,0.855183,0.932000,0.865408,39,25,31,21,0,0,2,0,278,231,222,142
2026/01/19/14:48:28,1936.591132,0.899438,0.862800,0.936438,0.873025,40,25,31,21,0,0,2,0,278,231,222,142
2026/01/19/14:48:29,1937.591240,0.922188,0.893944,0.963500,0.911108,42,25,34,21,1,0,2,0,278,231,222,142
2026/01/19/14:48:30,1938.591340,0.922188,0.893944,0.963500,0.911108,42,25,34,21,1,0,2,0,278,231,222,142
2026/01/19/14:48:31,1939.591432,0.922188,0.893944,0.963500,0.911108,42,25,34,21,1,0,2,0,278,231,222,142
2026/01/19/14:48:32,1940.591530,0.917875,0.887006,0.954875,0.897231,41,25,34,21,0,0,2,0,279,231,222,142
2026/01/19/14:48:33,1941.591648,0.902687,0.876933,0.939688,0.887158,41,25,31,21,0,0,2,0,279,231,225,142
2026/01/19/14:48:34,1942.591785,0.902687,0.876933,0.939688,0.887158,41,25,31,21,0,0,2,0,279,231,225,142
2026/01/19/14:48:35,1943.591931,0.902687,0.876933,0.939688,0.887158,41,25,31,21,0,0,2,0,279,231,225,142
2026/01/19/14:48:36,1944.592099,0.933312,0.902023,0.987313,0.929955,46,26,31,21,1,1,2,1,279,231,225,142
2026/01/19/14:48:37,1945.592225,0.933438,0.891083,0.979625,0.908205,44,27,31,22,1,0,2,0,281,231,225,142
2026/01/19/14:48:38,1946.592316,0.925625,0.887147,0.971812,0.904269,43,27,31,22,1,0,2,0,282,231,225,142
2026/01/19/14:48:39,1947.592463,0.916438,0.880251,0.953438,0.890476,42,27,31,22,0,0,2,0,283,231,225,142
2026/01/19/14:48:40,1948.592612,0.912125,0.873549,0.949125,0.883774,42,27,31,21,0,0,2,0,283,231,225,143
2026/01/19/14:48:41,1949.592721,0.912125,0.873549,0.949125,0.883774,42,27,31,21,0,0,2,0,283,231,225,143
2026/01/19/14:48:42,1950.592852,0.912125,0.873549,0.949125,0.883774,42,27,31,21,0,0,2,0,283,231,225,143
2026/01/19/14:48:43,1951.592946,0.912125,0.873549,0.949125,0.883774,42,27,31,21,0,0,2,0,283,231,225,143
2026/01/19/14:48:44,1952.593099,0.912125,0.873549,0.949125,0.883774,42,27,31,21,0,0,2,0,283,231,225,143
2026/01/19/14:48:45,1953.593184,0.888312,0.860036,0.925312,0.870261,42,24,31,21,0,0,2,0,283,234,225,143
2026/01/19/14:48:46,1954.593328,0.911937,0.897395,0.955625,0.928096,45,25,31,22,0,0,2,1,283,234,225,143
2026/01/19/14:48:47,1955.593480,0.911937,0.897395,0.994000,0.950535,45,25,31,22,0,0,2,3,283,234,225,143
2026/01/19/14:48:48,1956.593585,0.911937,0.897395,0.994000,0.950535,45,25,31,22,0,0,2,3,283,234,225,143
2026/01/19/14:48:49,1957.593729,0.920813,0.889709,1.046437,0.989386,46,25,32,21,0,3,4,4,283,234,225,144
2026/01/19/14:48:50,1958.593794,0.919750,0.895060,1.042250,0.982618,46,24,32,22,0,3,4,3,283,235,225,144
2026/01/19/14:48:51,1959.593951,0.917500,0.897749,1.036875,0.973190,45,24,32,23,0,3,4,2,284,235,225,144
2026/01/19/14:48:52,1960.594041,0.917500,0.897749,1.030500,0.966805,45,24,32,23,0,2,4,2,284,235,225,144
2026/01/19/14:48:53,1961.594125,0.917500,0.897749,1.030500,0.966805,45,24,32,23,0,2,4,2,284,235,225,144
2026/01/19/14:48:54,1962.594225,0.917500,0.897749,1.030500,0.966805,45,24,32,23,0,2,4,2,284,235,225,144
2026/01/19/14:48:55,1963.594308,0.917500,0.897749,1.030500,0.966805,45,24,32,23,0,2,4,2,284,235,225,144
2026/01/19/14:48:56,1964.594450,0.917500,0.897749,1.030500,0.966805,45,24,32,23,0,2,4,2,284,235,225,144
2026/01/19/14:48:57,1965.594563,0.917500,0.897749,1.030500,0.966805,45,24,32,23,0,2,4,2,284,235,225,144
2026/01/19/14:48:58,1966.594660,0.917500,0.897749,1.030500,0.966805,45,24,32,23,0,2,4,2,284,235,225,144
2026/01/19/14:48:59,1967.594770,0.907375,0.887601,1.020375,0.956657,42,24,32,23,0,2,4,2,287,235,225,144
2026/01/19/14:49:00,1968.594876,0.907375,0.887601,1.020375,0.956657,42,24,32,23,0,2,4,2,287,235,225,144
2026/01/19/14:49:01,1969.594979,0.924188,0.870057,1.009375,0.913059,42,25,32,22,0,1,4,1,287,235,225,146
2026/01/19/14:49:02,1970.595126,0.924188,0.870057,1.009375,0.913059,42,25,32,22,0,1,4,1,287,235,225,146
2026/01/19/14:49:03,1971.595275,0.928625,0.874865,1.013813,0.917868,42,25,32,23,0,1,4,1,287,235,225,146
2026/01/19/14:49:04,1972.595433,0.928625,0.874865,1.013813,0.917868,42,25,32,23,0,1,4,1,287,235,225,146
2026/01/19/14:49:05,1973.595581,0.928625,0.874865,1.013813,0.917868,42,25,32,23,0,1,4,1,287,235,225,146
2026/01/19/14:49:06,1974.595679,0.930500,0.876477,0.958313,0.902530,42,25,33,23,0,1,0,1,287,235,226,146
2026/01/19/14:49:07,1975.595776,0.930500,0.876477,0.958313,0.902530,42,25,33,23,0,1,0,1,287,235,226,146
2026/01/19/14:49:08,1976.595872,0.926063,0.871669,0.953875,0.897722,42,25,33,22,0,1,0,1,287,235,226,147
2026/01/19/14:49:09,1977.595955,0.926063,0.871669,0.962750,0.916505,42,25,33,22,0,3,0,1,287,235,226,147
2026/01/19/14:49:10,1978.596045,0.933063,0.882895,0.969750,0.927731,42,25,35,22,0,3,0,1,287,235,226,147
2026/01/19/14:49:11,1979.596196,0.933312,0.886845,0.985062,0.957245,42,26,35,22,2,3,0,2,287,236,226,147
2026/01/19/14:49:12,1980.596397,0.933312,0.886845,0.985062,0.957245,42,26,35,22,2,3,0,2,287,236,226,147
2026/01/19/14:49:13,1981.596441,0.933438,0.887576,0.969375,0.933443,43,24,35,23,1,2,0,1,287,238,226,147
2026/01/19/14:49:14,1982.596536,0.929438,0.874162,0.961375,0.906616,42,24,35,23,0,2,0,1,288,238,226,147
2026/01/19/14:49:15,1983.596657,0.929438,0.874162,0.961375,0.906616,42,24,35,23,0,2,0,1,288,238,226,147
2026/01/19/14:49:16,1984.596758,0.929438,0.874162,0.961375,0.906616,42,24,35,23,0,2,0,1,288,238,226,147
2026/01/19/14:49:17,1985.596842,0.929438,0.874162,0.961375,0.906616,42,24,35,23,0,2,0,1,288,238,226,147
2026/01/19/14:49:18,1986.596996,0.909937,0.880665,0.929125,0.891885,39,26,35,23,0,0,0,1,291,238,226,147
2026/01/19/14:49:19,1987.597155,0.909937,0.880665,0.929125,0.891885,39,26,35,23,0,0,0,1,291,238,226,147
2026/01/19/14:49:20,1988.597304,0.909937,0.880665,0.929125,0.891885,39,26,35,23,0,0,0,1,291,238,226,147
2026/01/19/14:49:21,1989.597449,0.889813,0.859283,0.909000,0.870502,39,23,33,23,0,0,0,1,291,241,228,147
2026/01/19/14:49:22,1990.597543,0.889813,0.859283,0.909000,0.870502,39,23,33,23,0,0,0,1,291,241,228,147
2026/01/19/14:49:23,1991.597643,0.889813,0.859283,0.909000,0.870502,39,23,33,23,0,0,0,1,291,241,228,147
2026/01/19/14:49:24,1992.597730,0.889813,0.859283,0.909000,0.870502,39,23,33,23,0,0,0,1,291,241,228,147
2026/01/19/14:49:25,1993.597887,0.889813,0.859283,0.909000,0.870502,39,23,33,23,0,0,0,1,291,241,228,147
2026/01/19/14:49:26,1994.598069,0.889813,0.859283,0.909000,0.870502,39,23,33,23,0,0,0,1,291,241,228,147
2026/01/19/14:49:27,1995.598204,0.889813,0.859283,0.909000,0.870502,39,23,33,23,0,0,0,1,291,241,228,147
2026/01/19/14:49:28,1996.598289,0.909000,0.870502,0.909000,0.870502,39,23,33,24,0,0,0,0,292,241,228,147
2026/01/19/14:49:29,1997.598402,0.909000,0.870502,0.909000,0.870502,39,23,33,24,0,0,0,0,292,241,228,147
2026/01/19/14:49:30,1998.598521,0.909000,0.870502,0.909000,0.870502,39,23,33,24,0,0,0,0,292,241,228,147
2026/01/19/14:49:31,1999.598615,0.909000,0.870502,0.909000,0.870502,39,23,33,24,0,0,0,0,292,241,228,147
2026/01/19/14:49:32,2000.598695,0.909000,0.870502,0.909000,0.870502,39,23,33,24,0,0,0,0,292,241,228,147
2026/01/19/14:49:33,2001.598849,0.909000,0.870502,0.909000,0.870502,39,23,33,24,0,0,0,0,292,241,228,147
2026/01/19/14:49:34,2002.598993,0.909000,0.870502,0.909000,0.870502,39,23,33,24,0,0,0,0,292,241,228,147
2026/01/19/14:49:35,2003.599128,0.909000,0.870502,0.909000,0.870502,39,23,33,24,0,0,0,0,292,241,228,147
2026/01/19/14:49:36,2004.599272,0.909000,0.870502,0.909000,0.870502,39,23,33,24,0,0,0,0,292,241,228,147
2026/01/19/14:49:37,2005.599430,0.909000,0.870502,0.909000,0.870502,39,23,33,24,0,0,0,0,292,241,228,147
2026/01/19/14:49:38,2006.599513,0.909000,0.870502,0.909000,0.870502,39,23,33,24,0,0,0,0,292,241,228,147
2026/01/19/14:49:39,2007.599602,0.896250,0.849268,0.896250,0.849268,39,21,33,24,0,0,0,0,292,243,228,147
2026/01/19/14:49:40,2008.599765,0.896250,0.849268,0.896250,0.849268,39,21,33,24,0,0,0,0,292,243,228,147
2026/01/19/14:49:41,2009.599908,0.896250,0.849268,0.896250,0.849268,39,21,33,24,0,0,0,0,292,243,228,147
2026/01/19/14:49:42,2010.600004,0.896250,0.849268,0.896250,0.849268,39,21,33,24,0,0,0,0,292,243,228,147
2026/01/19/14:49:43,2011.600161,0.896250,0.849268,0.896250,0.849268,39,21,33,24,0,0,0,0,292,243,228,147
2026/01/19/14:49:44,2012.600246,0.896250,0.849268,0.896250,0.849268,39,21,33,24,0,0,0,0,292,243,228,147
2026/01/19/14:49:45,2013.600355,0.896250,0.849268,0.896250,0.849268,39,21,33,24,0,0,0,0,292,243,228,147
2026/01/19/14:49:46,2014.600483,0.896250,0.849268,0.896250,0.849268,39,21,33,24,0,0,0,0,292,243,228,147
2026/01/19/14:49:47,2015.600585,0.896250,0.849268,0.896250,0.849268,39,21,33,24,0,0,0,0,292,243,228,147
2026/01/19/14:49:48,2016.600691,0.896250,0.849268,0.896250,0.849268,39,21,33,24,0,0,0,0,292,243,228,147
2026/01/19/14:49:49,2017.600845,0.896250,0.849268,0.896250,0.849268,39,21,33,24,0,0,0,0,292,243,228,147
2026/01/19/14:49:50,2018.600955,0.896250,0.849268,0.896250,0.849268,39,21,33,24,0,0,0,0,292,243,228,147
2026/01/19/14:49:51,2019.601126,0.910125,0.843183,1.009688,0.860788,40,21,33,25,0,3,1,0,292,243,228,149
2026/01/19/14:49:52,2020.601197,0.910125,0.843183,1.009688,0.860788,40,21,33,25,0,3,1,0,292,243,228,149
2026/01/19/14:49:53,2021.601344,0.910125,0.843183,1.009688,0.860788,40,21,33,25,0,3,1,0,292,243,228,149
2026/01/19/14:49:54,2022.601447,0.906563,0.841600,1.006125,0.859205,41,21,33,23,0,3,1,0,293,243,228,151
2026/01/19/14:49:55,2023.601516,0.906563,0.841600,1.006125,0.859205,41,21,33,23,0,3,1,0,293,243,228,151
2026/01/19/14:49:56,2024.601640,0.906563,0.841600,1.006125,0.859205,41,21,33,23,0,3,1,0,293,243,228,151
2026/01/19/14:49:57,2025.601783,0.906563,0.841600,0.990000,0.854445,41,21,33,23,0,3,0,0,293,243,228,151
2026/01/19/14:49:58,2026.601873,0.906563,0.841600,0.990000,0.854445,41,21,33,23,0,3,0,0,293,243,228,151
2026/01/19/14:49:59,2027.601965,0.906563,0.841600,0.906563,0.841600,41,21,33,23,0,0,0,0,293,243,228,151
2026/01/19/14:50:00,2028.602124,0.906563,0.841600,0.906563,0.841600,41,21,33,23,0,0,0,0,293,243,228,151
2026/01/19/14:50:01,2029.602223,0.906563,0.841600,0.906563,0.841600,41,21,33,23,0,0,0,0,293,243,228,151
2026/01/19/14:50:02,2030.602317,0.906563,0.841600,0.906563,0.841600,41,21,33,23,0,0,0,0,293,243,228,151
2026/01/19/14:50:03,2031.602429,0.906563,0.841600,0.906563,0.841600,41,21,33,23,0,0,0,0,293,243,228,151
2026/01/19/14:50:04,2032.602580,0.906563,0.841600,0.906563,0.841600,41,21,33,23,0,0,0,0,293,243,228,151
2026/01/19/14:50:05,2033.602726,0.906563,0.841600,0.906563,0.841600,41,21,33,23,0,0,0,0,293,243,228,151
2026/01/19/14:50:06,2034.602829,0.906563,0.841600,0.906563,0.841600,41,21,33,23,0,0,0,0,293,243,228,151
2026/01/19/14:50:07,2035.602980,0.906563,0.841600,0.906563,0.841600,41,21,33,23,0,0,0,0,293,243,228,151
2026/01/19/14:50:08,2036.603087,0.906563,0.841600,0.906563,0.841600,41,21,33,23,0,0,0,0,293,243,228,151
2026/01/19/14:50:09,2037.603168,0.894062,0.830545,0.894062,0.830545,39,21,33,23,0,0,0,0,295,243,228,151
2026/01/19/14:50:10,2038.603392,0.894062,0.830545,0.894062,0.830545,39,21,33,23,0,0,0,0,295,243,228,151
2026/01/19/14:50:11,2039.603459,0.894062,0.830545,0.894062,0.830545,39,21,33,23,0,0,0,0,295,243,228,151
2026/01/19/14:50:12,2040.603620,0.902312,0.833992,0.902312,0.833992,39,21,33,24,0,0,0,0,295,243,228,151
2026/01/19/14:50:13,2041.603692,0.891250,0.830198,0.891250,0.830198,39,21,33,23,0,0,0,0,295,243,228,152
2026/01/19/14:50:14,2042.603773,0.891250,0.830198,0.891250,0.830198,39,21,33,23,0,0,0,0,295,243,228,152
2026/01/19/14:50:15,2043.603930,0.883000,0.826751,0.883000,0.826751,39,21,33,22,0,0,0,0,295,243,228,153
2026/01/19/14:50:16,2044.604092,0.883000,0.826751,0.883000,0.826751,39,21,33,22,0,0,0,0,295,243,228,153
2026/01/19/14:50:17,2045.604131,0.883000,0.826751,0.883000,0.826751,39,21,33,22,0,0,0,0,295,243,228,153
2026/01/19/14:50:18,2046.604222,0.883000,0.826751,0.883000,0.826751,39,21,33,22,0,0,0,0,295,243,228,153
2026/01/19/14:50:19,2047.604327,0.883000,0.826751,0.883000,0.826751,39,21,33,22,0,0,0,0,295,243,228,153
2026/01/19/14:50:20,2048.604471,0.883000,0.826751,0.883000,0.826751,39,21,33,22,0,0,0,0,295,243,228,153
2026/01/19/14:50:21,2049.604637,0.883000,0.826751,0.883000,0.826751,39,21,33,22,0,0,0,0,295,243,228,153
2026/01/19/14:50:22,2050.604772,0.883000,0.826751,0.883000,0.826751,39,21,33,22,0,0,0,0,295,243,228,153
2026/01/19/14:50:23,2051.604856,0.883000,0.826751,0.883000,0.826751,39,21,33,22,0,0,0,0,295,243,228,153
2026/01/19/14:50:24,2052.604955,0.883000,0.826751,0.883000,0.826751,39,21,33,22,0,0,0,0,295,243,228,153
2026/01/19/14:50:25,2053.605112,0.883000,0.826751,0.883000,0.826751,39,21,33,22,0,0,0,0,295,243,228,153
2026/01/19/14:50:26,2054.605194,0.883000,0.826751,0.883000,0.826751,39,21,33,22,0,0,0,0,295,243,228,153
2026/01/19/14:50:27,2055.605284,0.883000,0.826751,0.883000,0.826751,39,21,33,22,0,0,0,0,295,243,228,153
2026/01/19/14:50:28,2056.605405,0.883000,0.826751,0.883000,0.826751,39,21,33,22,0,0,0,0,295,243,228,153
2026/01/19/14:50:29,2057.605489,0.890375,0.836297,0.890375,0.836297,39,21,35,22,0,0,0,0,295,243,228,153
2026/01/19/14:50:30,2058.605614,0.891000,0.822092,0.891000,0.822092,39,21,34,22,0,0,0,0,295,243,230,153
2026/01/19/14:50:31,2059.605707,0.927750,0.844940,0.956875,0.858724,41,21,38,22,1,0,0,0,295,243,230,153
2026/01/19/14:50:32,2060.605795,0.927750,0.844940,0.956875,0.858724,41,21,38,22,1,0,0,0,295,243,230,153
2026/01/19/14:50:33,2061.605891,0.920375,0.835395,0.949500,0.849179,41,21,36,22,1,0,0,0,295,243,232,153
2026/01/19/14:50:34,2062.606003,0.910625,0.827925,0.910625,0.827925,39,21,36,22,0,0,0,0,297,243,232,153
2026/01/19/14:50:35,2063.606120,0.903000,0.824235,0.903000,0.824235,39,21,35,22,0,0,0,0,297,243,233,153
2026/01/19/14:50:36,2064.606246,0.883625,0.812546,0.883625,0.812546,39,21,32,22,0,0,0,0,297,243,236,153
2026/01/19/14:50:37,2065.606337,0.883625,0.812546,0.883625,0.812546,39,21,32,22,0,0,0,0,297,243,236,153
2026/01/19/14:50:38,2066.606431,0.883625,0.812546,0.883625,0.812546,39,21,32,22,0,0,0,0,297,243,236,153
2026/01/19/14:50:39,2067.606530,0.883625,0.812546,0.883625,0.812546,39,21,32,22,0,0,0,0,297,243,236,153
2026/01/19/14:50:40,2068.606614,0.883625,0.812546,0.883625,0.812546,39,21,32,22,0,0,0,0,297,243,236,153
2026/01/19/14:50:41,2069.606730,0.883625,0.812546,0.883625,0.812546,39,21,32,22,0,0,0,0,297,243,236,153
2026/01/19/14:50:42,2070.606856,0.872375,0.801283,0.872375,0.801283,36,21,32,22,0,0,0,0,300,243,236,153
2026/01/19/14:50:43,2071.606979,0.872375,0.801283,0.872375,0.801283,36,21,32,22,0,0,0,0,300,243,236,153
2026/01/19/14:50:44,2072.607101,0.872375,0.801283,0.872375,0.801283,36,21,32,22,0,0,0,0,300,243,236,153
2026/01/19/14:50:45,2073.607131,0.872375,0.801283,0.872375,0.801283,36,21,32,22,0,0,0,0,300,243,236,153
2026/01/19/14:50:46,2074.607253,0.872375,0.801283,0.872375,0.801283,36,21,32,22,0,0,0,0,300,243,236,153
2026/01/19/14:50:47,2075.607352,0.872375,0.801283,0.872375,0.801283,36,21,32,22,0,0,0,0,300,243,236,153
2026/01/19/14:50:48,2076.607453,0.872375,0.801283,0.872375,0.801283,36,21,32,22,0,0,0,0,300,243,236,153
2026/01/19/14:50:49,2077.607580,0.872375,0.801283,0.872375,0.801283,36,21,32,22,0,0,0,0,300,243,236,153
2026/01/19/14:50:50,2078.607691,0.872375,0.801283,0.872375,0.801283,36,21,32,22,0,0,0,0,300,243,236,153
2026/01/19/14:50:51,2079.607806,0.872375,0.801283,0.872375,0.801283,36,21,32,22,0,0,0,0,300,243,236,153
2026/01/19/14:50:52,2080.607899,0.872375,0.801283,0.872375,0.801283,36,21,32,22,0,0,0,0,300,243,236,153
2026/01/19/14:50:53,2081.607992,0.872375,0.801283,0.872375,0.801283,36,21,32,22,0,0,0,0,300,243,236,153
2026/01/19/14:50:54,2082.608092,0.847812,0.793354,0.847812,0.793354,36,20,32,22,0,0,0,0,300,244,236,153
2026/01/19/14:50:55,2083.608166,0.847812,0.793354,0.847812,0.793354,36,20,32,22,0,0,0,0,300,244,236,153
2026/01/19/14:50:56,2084.608239,0.847812,0.793354,0.847812,0.793354,36,20,32,22,0,0,0,0,300,244,236,153
2026/01/19/14:50:57,2085.608336,0.847812,0.793354,0.847812,0.793354,36,20,32,22,0,0,0,0,300,244,236,153
2026/01/19/14:50:58,2086.608458,0.847812,0.793354,0.847812,0.793354,36,20,32,22,0,0,0,0,300,244,236,153
2026/01/19/14:50:59,2087.608556,0.843750,0.787841,0.843750,0.787841,36,20,32,21,0,0,0,0,300,244,236,154
2026/01/19/14:51:00,2088.608670,0.843750,0.787841,0.843750,0.787841,36,20,32,21,0,0,0,0,300,244,236,154
2026/01/19/14:51:01,2089.608765,0.876250,0.838129,0.876250,0.838129,38,22,33,21,0,0,0,0,300,244,236,154
2026/01/19/14:51:02,2090.608875,0.879500,0.848549,0.879500,0.848549,38,23,33,21,0,0,0,0,300,244,236,154
2026/01/19/14:51:03,2091.608991,0.879500,0.848549,0.879500,0.848549,38,23,33,21,0,0,0,0,300,244,236,154
2026/01/19/14:51:04,2092.609126,0.863250,0.831862,0.863250,0.831862,36,23,33,21,0,0,0,0,302,244,236,154
2026/01/19/14:51:05,2093.609235,0.860000,0.821442,0.860000,0.821442,36,22,33,21,0,0,0,0,302,245,236,154
2026/01/19/14:51:06,2094.609338,0.860000,0.821442,0.860000,0.821442,36,22,33,21,0,0,0,0,302,245,236,154
2026/01/19/14:51:07,2095.609452,0.860000,0.821442,0.860000,0.821442,36,22,33,21,0,0,0,0,302,245,236,154
2026/01/19/14:51:08,2096.609561,0.852500,0.817957,0.852500,0.817957,36,22,32,21,0,0,0,0,302,245,237,154
2026/01/19/14:51:09,2097.609703,0.844625,0.801911,0.844625,0.801911,36,22,31,21,0,0,0,0,302,245,238,154
2026/01/19/14:51:10,2098.609764,0.868000,0.812925,0.868000,0.812925,36,24,31,21,0,0,0,0,302,245,238,154
2026/01/19/14:51:11,2099.609844,0.868000,0.812925,0.868000,0.812925,36,24,31,21,0,0,0,0,302,245,238,154
2026/01/19/14:51:12,2100.609928,0.844625,0.801911,0.844625,0.801911,36,22,31,21,0,0,0,0,302,247,238,154
2026/01/19/14:51:13,2101.610075,0.844625,0.801911,0.844625,0.801911,36,22,31,21,0,0,0,0,302,247,238,154
2026/01/19/14:51:14,2102.610138,0.844625,0.801911,0.844625,0.801911,36,22,31,21,0,0,0,0,302,247,238,154
2026/01/19/14:51:15,2103.610215,0.844625,0.801911,0.844625,0.801911,36,22,31,21,0,0,0,0,302,247,238,154
2026/01/19/14:51:16,2104.610316,0.844625,0.801911,0.844625,0.801911,36,22,31,21,0,0,0,0,302,247,238,154
2026/01/19/14:51:17,2105.610397,0.844625,0.801911,0.844625,0.801911,36,22,31,21,0,0,0,0,302,247,238,154
2026/01/19/14:51:18,2106.610498,0.844625,0.801911,0.844625,0.801911,36,22,31,21,0,0,0,0,302,247,238,154
2026/01/19/14:51:19,2107.610620,0.844625,0.801911,0.844625,0.801911,36,22,31,21,0,0,0,0,302,247,238,154
2026/01/19/14:51:20,2108.610763,0.844625,0.801911,0.844625,0.801911,36,22,31,21,0,0,0,0,302,247,238,154
2026/01/19/14:51:21,2109.610861,0.844625,0.801911,0.844625,0.801911,36,22,31,21,0,0,0,0,302,247,238,154
2026/01/19/14:51:22,2110.610971,0.844625,0.801911,0.844625,0.801911,36,22,31,21,0,0,0,0,302,247,238,154
2026/01/19/14:51:23,2111.611062,0.844625,0.801911,0.844625,0.801911,36,22,31,21,0,0,0,0,302,247,238,154
2026/01/19/14:51:24,2112.611146,0.840437,0.793134,0.840437,0.793134,36,21,31,21,0,0,0,0,302,248,238,154
2026/01/19/14:51:25,2113.611248,0.836250,0.784357,0.836250,0.784357,36,20,31,21,0,0,0,0,302,249,238,154
2026/01/19/14:51:26,2114.611348,0.836250,0.784357,0.836250,0.784357,36,20,31,21,0,0,0,0,302,249,238,154
2026/01/19/14:51:27,2115.611439,0.836250,0.784357,0.836250,0.784357,36,20,31,21,0,0,0,0,302,249,238,154
2026/01/19/14:51:28,2116.611586,0.836250,0.784357,0.836250,0.784357,36,20,31,21,0,0,0,0,302,249,238,154
2026/01/19/14:51:29,2117.611684,0.836250,0.784357,0.836250,0.784357,36,20,31,21,0,0,0,0,302,249,238,154
2026/01/19/14:51:30,2118.611834,0.836250,0.784357,0.836250,0.784357,36,20,31,21,0,0,0,0,302,249,238,154
2026/01/19/14:51:31,2119.611937,0.836250,0.784357,0.836250,0.784357,36,20,31,21,0,0,0,0,302,249,238,154
2026/01/19/14:51:32,2120.612025,0.836250,0.784357,0.836250,0.784357,36,20,31,21,0,0,0,0,302,249,238,154
2026/01/19/14:51:33,2121.612178,0.836250,0.784357,0.836250,0.784357,36,20,31,21,0,0,0,0,302,249,238,154
2026/01/19/14:51:34,2122.612274,0.836250,0.784357,0.836250,0.784357,36,20,31,21,0,0,0,0,302,249,238,154
2026/01/19/14:51:35,2123.612384,0.836250,0.784357,0.836250,0.784357,36,20,31,21,0,0,0,0,302,249,238,154
2026/01/19/14:51:36,2124.612478,0.836250,0.784357,0.836250,0.784357,36,20,31,21,0,0,0,0,302,249,238,154
2026/01/19/14:51:37,2125.612597,0.836250,0.784357,0.836250,0.784357,36,20,31,21,0,0,0,0,302,249,238,154
2026/01/19/14:51:38,2126.612682,0.836250,0.784357,0.836250,0.784357,36,20,31,21,0,0,0,0,302,249,238,154
2026/01/19/14:51:39,2127.614276,0.836250,0.784357,0.836250,0.784357,36,20,31,21,0,0,0,0,302,249,238,154
2026/01/19/14:51:40,2128.614351,0.836250,0.784357,0.836250,0.784357,36,20,31,21,0,0,0,0,302,249,238,154
2026/01/19/14:51:41,2129.614430,0.829500,0.780969,0.829500,0.780969,36,20,31,20,0,0,0,0,302,249,238,155
2026/01/19/14:51:42,2130.614524,0.798937,0.770882,0.798937,0.770882,36,20,28,20,0,0,0,0,302,249,241,155
2026/01/19/14:51:43,2131.614612,0.791937,0.762664,0.791937,0.762664,36,18,28,20,0,0,0,0,302,251,241,155
2026/01/19/14:51:44,2132.614704,0.791937,0.762664,0.791937,0.762664,36,18,28,20,0,0,0,0,302,251,241,155
2026/01/19/14:51:45,2133.614818,0.791937,0.762664,0.791937,0.762664,36,18,28,20,0,0,0,0,302,251,241,155
2026/01/19/14:51:46,2134.614895,0.791937,0.762664,0.791937,0.762664,36,18,28,20,0,0,0,0,302,251,241,155
2026/01/19/14:51:47,2135.615072,0.791937,0.762664,0.791937,0.762664,36,18,28,20,0,0,0,0,302,251,241,155
2026/01/19/14:51:48,2136.615157,0.791937,0.762664,0.791937,0.762664,36,18,28,20,0,0,0,0,302,251,241,155
2026/01/19/14:51:49,2137.615235,0.808187,0.834361,0.808187,0.834361,36,20,29,20,0,0,0,0,302,251,241,155
2026/01/19/14:51:50,2138.615319,0.808187,0.834361,0.808187,0.834361,36,20,29,20,0,0,0,0,302,251,241,155
2026/01/19/14:51:51,2139.615422,0.808187,0.834361,0.808187,0.834361,36,20,29,20,0,0,0,0,302,251,241,155
2026/01/19/14:51:52,2140.615567,0.808187,0.834361,0.808187,0.834361,36,20,29,20,0,0,0,0,302,251,241,155
2026/01/19/14:51:53,2141.615667,0.757188,0.756868,0.757188,0.756868,36,18,29,18,0,0,0,0,302,253,241,157
2026/01/19/14:51:54,2142.615820,0.757188,0.756868,0.757188,0.756868,36,18,29,18,0,0,0,0,302,253,241,157
2026/01/19/14:51:55,2143.615938,0.796438,0.790890,0.796438,0.790890,38,21,31,20,0,0,0,0,302,253,241,157
2026/01/19/14:51:56,2144.615994,0.847938,0.795687,0.868188,0.799575,40,22,31,21,1,0,0,0,302,253,242,157
2026/01/19/14:51:57,2145.616150,0.866125,0.807940,0.886375,0.811828,40,24,32,21,1,0,0,0,302,253,242,157
2026/01/19/14:51:58,2146.616261,0.861938,0.801720,0.882188,0.805608,40,23,32,21,1,0,0,0,302,254,242,157
2026/01/19/14:51:59,2147.616384,0.813187,0.785737,0.813187,0.785737,38,21,32,21,0,0,0,0,304,256,242,157
2026/01/19/14:52:00,2148.616544,0.813187,0.785737,0.813187,0.785737,38,21,32,21,0,0,0,0,304,256,242,157
2026/01/19/14:52:01,2149.616632,0.801562,0.777885,0.801562,0.777885,38,21,30,21,0,0,0,0,304,256,244,157
2026/01/19/14:52:02,2150.616780,0.801562,0.777885,0.801562,0.777885,38,21,30,21,0,0,0,0,304,256,244,157
2026/01/19/14:52:03,2151.616935,0.791063,0.767166,0.791063,0.767166,38,18,30,21,0,0,0,0,304,259,244,157
2026/01/19/14:52:04,2152.617109,0.791063,0.767166,0.791063,0.767166,38,18,30,21,0,0,0,0,304,259,244,157
2026/01/19/14:52:05,2153.617126,0.781125,0.763120,0.781125,0.763120,38,18,29,21,0,0,0,0,304,259,245,157
2026/01/19/14:52:06,2154.617204,0.774625,0.756097,0.774625,0.756097,38,18,29,19,0,0,0,0,304,259,245,159
2026/01/19/14:52:07,2155.617294,0.774625,0.756097,0.774625,0.756097,38,18,29,19,0,0,0,0,304,259,245,159
2026/01/19/14:52:08,2156.617377,0.774625,0.756097,0.774625,0.756097,38,18,29,19,0,0,0,0,304,259,245,159
2026/01/19/14:52:09,2157.617459,0.774625,0.756097,0.774625,0.756097,38,18,29,19,0,0,0,0,304,259,245,159
2026/01/19/14:52:10,2158.617541,0.762000,0.740218,0.762000,0.740218,38,16,29,19,0,0,0,0,304,261,245,159
2026/01/19/14:52:11,2159.617635,0.762000,0.740218,0.762000,0.740218,38,16,29,19,0,0,0,0,304,261,245,159
2026/01/19/14:52:12,2160.617708,0.762000,0.740218,0.762000,0.740218,38,16,29,19,0,0,0,0,304,261,245,159
2026/01/19/14:52:13,2161.617802,0.773750,0.747065,0.773750,0.747065,41,16,28,19,0,0,0,0,304,261,246,159
2026/01/19/14:52:14,2162.617880,0.785750,0.773735,0.785750,0.773735,41,16,31,19,0,0,0,0,304,261,246,159
2026/01/19/14:52:15,2163.618183,0.785750,0.773735,0.785750,0.773735,41,16,31,19,0,0,0,0,304,261,246,159
2026/01/19/14:52:16,2164.618161,0.785750,0.773735,0.785750,0.773735,41,16,31,19,0,0,0,0,304,261,246,159
2026/01/19/14:52:17,2165.618255,0.777625,0.755415,0.777625,0.755415,41,16,29,19,0,0,0,0,304,261,248,159
2026/01/19/14:52:18,2166.618335,0.777625,0.755415,0.777625,0.755415,41,16,29,19,0,0,0,0,304,261,248,159
2026/01/19/14:52:19,2167.618438,0.777625,0.755415,0.777625,0.755415,41,16,29,19,0,0,0,0,304,261,248,159
2026/01/19/14:52:20,2168.618520,0.777625,0.755415,0.777625,0.755415,41,16,29,19,0,0,0,0,304,261,248,159
2026/01/19/14:52:21,2169.618619,0.777625,0.755415,0.777625,0.755415,41,16,29,19,0,0,0,0,304,261,248,159
2026/01/19/14:52:22,2170.618701,0.773750,0.747065,0.773750,0.747065,41,16,28,19,0,0,0,0,304,261,249,159
2026/01/19/14:52:23,2171.618778,0.773750,0.747065,0.773750,0.747065,41,16,28,19,0,0,0,0,304,261,249,159
2026/01/19/14:52:24,2172.618879,0.781375,0.756620,0.781375,0.756620,43,16,28,19,0,0,0,0,304,261,249,159
2026/01/19/14:52:25,2173.618999,0.781375,0.756620,0.781375,0.756620,43,16,28,19,0,0,0,0,304,261,249,159
2026/01/19/14:52:26,2174.619130,0.781375,0.756620,0.781375,0.756620,43,16,28,19,0,0,0,0,304,261,249,159
2026/01/19/14:52:27,2175.619296,0.773750,0.747065,0.773750,0.747065,41,16,28,19,0,0,0,0,306,261,249,159
2026/01/19/14:52:28,2176.619536,0.773750,0.747065,0.773750,0.747065,41,16,28,19,0,0,0,0,306,261,249,159
2026/01/19/14:52:29,2177.619674,0.773750,0.747065,0.773750,0.747065,41,16,28,19,0,0,0,0,306,261,249,159
2026/01/19/14:52:30,2178.619826,0.773750,0.747065,0.773750,0.747065,41,16,28,19,0,0,0,0,306,261,249,159
2026/01/19/14:52:31,2179.619967,0.773750,0.747065,0.773750,0.747065,41,16,28,19,0,0,0,0,306,261,249,159
2026/01/19/14:52:32,2180.620130,0.790375,0.755338,0.790375,0.755338,41,16,30,19,0,0,0,0,306,261,249,159
2026/01/19/14:52:33,2181.620228,0.811813,0.769181,0.811813,0.769181,42,16,31,19,0,0,0,0,306,261,249,159
2026/01/19/14:52:34,2182.620315,0.811813,0.769181,0.811813,0.769181,42,16,31,19,0,0,0,0,306,261,249,159
2026/01/19/14:52:35,2183.620432,0.811813,0.769181,0.811813,0.769181,42,16,31,19,0,0,0,0,306,261,249,159
2026/01/19/14:52:36,2184.620576,0.833500,0.773112,0.896312,0.820991,42,20,30,19,3,0,0,0,306,261,250,159
2026/01/19/14:52:37,2185.620667,0.864187,0.789848,0.970375,0.850008,42,22,31,19,3,0,2,0,306,261,250,159
2026/01/19/14:52:38,2186.620755,0.841125,0.779539,0.947313,0.839700,42,19,31,19,3,0,2,0,306,264,250,159
2026/01/19/14:52:39,2187.620819,0.819438,0.773399,0.882250,0.821279,42,19,30,19,3,0,0,0,306,264,251,159
2026/01/19/14:52:40,2188.620939,0.819438,0.773399,0.882250,0.821279,42,19,30,19,3,0,0,0,306,264,251,159
2026/01/19/14:52:41,2189.621011,0.819438,0.773399,0.882250,0.821279,42,19,30,19,3,0,0,0,306,264,251,159
2026/01/19/14:52:42,2190.621106,0.824937,0.785466,0.866812,0.817386,42,19,30,19,2,0,0,0,307,264,251,159
2026/01/19/14:52:43,2191.621202,0.824937,0.785466,0.866812,0.817386,42,19,30,19,2,0,0,0,307,264,251,159
2026/01/19/14:52:44,2192.621283,0.824937,0.785466,0.866812,0.817386,42,19,30,19,2,0,0,0,307,264,251,159
2026/01/19/14:52:45,2193.621382,0.824937,0.785466,0.866812,0.817386,42,19,30,19,2,0,0,0,307,264,251,159
2026/01/19/14:52:46,2194.621469,0.808312,0.777193,0.850187,0.809113,42,19,28,19,2,0,0,0,307,264,253,159
2026/01/19/14:52:47,2195.621565,0.808312,0.777193,0.850187,0.809113,42,19,28,19,2,0,0,0,307,264,253,159
2026/01/19/14:52:48,2196.621689,0.808312,0.777193,0.850187,0.809113,42,19,28,19,2,0,0,0,307,264,253,159
2026/01/19/14:52:49,2197.621791,0.808312,0.777193,0.850187,0.809113,42,19,28,19,2,0,0,0,307,264,253,159
2026/01/19/14:52:50,2198.621879,0.808312,0.777193,0.850187,0.809113,42,19,28,19,2,0,0,0,307,264,253,159
2026/01/19/14:52:51,2199.621960,0.787375,0.761233,0.787375,0.761233,41,19,28,19,0,0,0,0,308,264,253,159
2026/01/19/14:52:52,2200.622036,0.787375,0.761233,0.787375,0.761233,41,19,28,19,0,0,0,0,308,264,253,159
2026/01/19/14:52:53,2201.622115,0.787375,0.761233,0.787375,0.761233,41,19,28,19,0,0,0,0,308,264,253,159
2026/01/19/14:52:54,2202.622212,0.787375,0.761233,0.787375,0.761233,41,19,28,19,0,0,0,0,308,264,253,159
2026/01/19/14:52:55,2203.622292,0.774250,0.754103,0.774250,0.754103,41,17,28,19,0,0,0,0,308,266,253,159
2026/01/19/14:52:56,2204.622410,0.774250,0.754103,0.774250,0.754103,41,17,28,19,0,0,0,0,308,266,253,159
2026/01/19/14:52:57,2205.622499,0.763625,0.745674,0.763625,0.745674,39,17,28,19,0,0,0,0,310,266,253,159
2026/01/19/14:52:58,2206.622591,0.763625,0.745674,0.763625,0.745674,39,17,28,19,0,0,0,0,310,266,253,159
2026/01/19/14:52:59,2207.622690,0.763625,0.745674,0.763625,0.745674,39,17,28,19,0,0,0,0,310,266,253,159
2026/01/19/14:53:00,2208.622787,0.763625,0.745674,0.763625,0.745674,39,17,28,19,0,0,0,0,310,266,253,159
2026/01/19/14:53:01,2209.622876,0.763625,0.745674,0.763625,0.745674,39,17,28,19,0,0,0,0,310,266,253,159
2026/01/19/14:53:02,2210.622962,0.763625,0.745674,0.763625,0.745674,39,17,28,19,0,0,0,0,310,266,253,159
2026/01/19/14:53:03,2211.623075,0.748250,0.701303,0.748250,0.701303,39,17,25,19,0,0,0,0,310,266,256,159
2026/01/19/14:53:04,2212.623185,0.743625,0.697730,0.743625,0.697730,39,16,25,19,0,0,0,0,310,267,256,159
2026/01/19/14:53:05,2213.623287,0.743625,0.697730,0.743625,0.697730,39,16,25,19,0,0,0,0,310,267,256,159
2026/01/19/14:53:06,2214.623358,0.743625,0.697730,0.743625,0.697730,39,16,25,19,0,0,0,0,310,267,256,159
2026/01/19/14:53:07,2215.623510,0.743625,0.697730,0.743625,0.697730,39,16,25,19,0,0,0,0,310,267,256,159
2026/01/19/14:53:08,2216.623661,0.743625,0.697730,0.743625,0.697730,39,16,25,19,0,0,0,0,310,267,256,159
2026/01/19/14:53:09,2217.623765,0.743625,0.697730,0.743625,0.697730,39,16,25,19,0,0,0,0,310,267,256,159
2026/01/19/14:53:10,2218.623878,0.743625,0.697730,0.743625,0.697730,39,16,25,19,0,0,0,0,310,267,256,159
2026/01/19/14:53:11,2219.623975,0.743625,0.697730,0.743625,0.697730,39,16,25,19,0,0,0,0,310,267,256,159
2026/01/19/14:53:12,2220.624144,0.743625,0.697730,0.743625,0.697730,39,16,25,19,0,0,0,0,310,267,256,159
2026/01/19/14:53:13,2221.624205,0.743625,0.697730,0.743625,0.697730,39,16,25,19,0,0,0,0,310,267,256,159
2026/01/19/14:53:14,2222.624287,0.743625,0.697730,0.743625,0.697730,39,16,25,19,0,0,0,0,310,267,256,159
2026/01/19/14:53:15,2223.624374,0.743625,0.697730,0.743625,0.697730,39,16,25,19,0,0,0,0,310,267,256,159
2026/01/19/14:53:16,2224.624487,0.743625,0.697730,0.743625,0.697730,39,16,25,19,0,0,0,0,310,267,256,159
2026/01/19/14:53:17,2225.624610,0.743625,0.697730,0.743625,0.697730,39,16,25,19,0,0,0,0,310,267,256,159
2026/01/19/14:53:18,2226.624679,0.743625,0.697730,0.743625,0.697730,39,16,25,19,0,0,0,0,310,267,256,159
2026/01/19/14:53:19,2227.624802,0.743625,0.697730,0.743625,0.697730,39,16,25,19,0,0,0,0,310,267,256,159
2026/01/19/14:53:20,2228.624895,0.763875,0.713797,0.763875,0.713797,40,16,28,19,0,0,0,0,310,267,256,159
2026/01/19/14:53:21,2229.624963,0.763875,0.713797,0.763875,0.713797,40,16,28,19,0,0,0,0,310,267,256,159
2026/01/19/14:53:22,2230.625157,0.763875,0.713797,0.763875,0.713797,40,16,28,19,0,0,0,0,310,267,256,159
2026/01/19/14:53:23,2231.625268,0.802125,0.759728,0.802125,0.759728,44,17,28,20,0,0,0,0,310,267,256,159
2026/01/19/14:53:24,2232.625412,0.802125,0.759728,0.802125,0.759728,44,17,28,20,0,0,0,0,310,267,256,159
2026/01/19/14:53:25,2233.625501,0.794687,0.755846,0.794687,0.755846,44,16,28,20,0,0,0,0,310,268,256,159
2026/01/19/14:53:26,2234.625598,0.794687,0.755846,0.794687,0.755846,44,16,28,20,0,0,0,0,310,268,256,159
2026/01/19/14:53:27,2235.625683,0.794687,0.755846,0.794687,0.755846,44,16,28,20,0,0,0,0,310,268,256,159
2026/01/19/14:53:28,2236.625780,0.773875,0.722334,0.773875,0.722334,41,16,28,20,0,0,0,0,313,268,256,159
2026/01/19/14:53:29,2237.625929,0.773875,0.722334,0.773875,0.722334,41,16,28,20,0,0,0,0,313,268,256,159
2026/01/19/14:53:30,2238.626022,0.773875,0.722334,0.773875,0.722334,41,16,28,20,0,0,0,0,313,268,256,159
2026/01/19/14:53:31,2239.626183,0.773875,0.722334,0.773875,0.722334,41,16,28,20,0,0,0,0,313,268,256,159
2026/01/19/14:53:32,2240.626327,0.773875,0.722334,0.773875,0.722334,41,16,28,20,0,0,0,0,313,268,256,159
2026/01/19/14:53:33,2241.626419,0.773875,0.722334,0.773875,0.722334,41,16,28,20,0,0,0,0,313,268,256,159
2026/01/19/14:53:34,2242.632130,0.773875,0.722334,0.773875,0.722334,41,16,28,20,0,0,0,0,313,268,256,159
2026/01/19/14:53:35,2243.632251,0.767125,0.718294,0.767125,0.718294,41,16,28,19,0,0,0,0,313,268,256,160
2026/01/19/14:53:36,2244.632352,0.767125,0.718294,0.767125,0.718294,41,16,28,19,0,0,0,0,313,268,256,160
2026/01/19/14:53:37,2245.632442,0.767125,0.718294,0.767125,0.718294,41,16,28,19,0,0,0,0,313,268,256,160
2026/01/19/14:53:38,2246.632526,0.767125,0.718294,0.767125,0.718294,41,16,28,19,0,0,0,0,313,268,256,160
2026/01/19/14:53:39,2247.632621,0.767125,0.718294,0.767125,0.718294,41,16,28,19,0,0,0,0,313,268,256,160
2026/01/19/14:53:40,2248.632699,0.767125,0.718294,0.767125,0.718294,41,16,28,19,0,0,0,0,313,268,256,160
2026/01/19/14:53:41,2249.632789,0.767125,0.718294,0.767125,0.718294,41,16,28,19,0,0,0,0,313,268,256,160
2026/01/19/14:53:42,2250.632870,0.767125,0.718294,0.767125,0.718294,41,16,28,19,0,0,0,0,313,268,256,160
2026/01/19/14:53:43,2251.633043,0.767125,0.718294,0.767125,0.718294,41,16,28,19,0,0,0,0,313,268,256,160
2026/01/19/14:53:44,2252.633162,0.767125,0.718294,0.767125,0.718294,41,16,28,19,0,0,0,0,313,268,256,160
2026/01/19/14:53:45,2253.633258,0.757000,0.707036,0.757000,0.707036,41,16,25,19,0,0,0,0,313,268,259,160
2026/01/19/14:53:46,2254.633352,0.757000,0.707036,0.757000,0.707036,41,16,25,19,0,0,0,0,313,268,259,160
2026/01/19/14:53:47,2255.633430,0.757000,0.707036,0.757000,0.707036,41,16,25,19,0,0,0,0,313,268,259,160
2026/01/19/14:53:48,2256.633526,0.757000,0.707036,0.757000,0.707036,41,16,25,19,0,0,0,0,313,268,259,160
2026/01/19/14:53:49,2257.633626,0.757000,0.707036,0.757000,0.707036,41,16,25,19,0,0,0,0,313,268,259,160
2026/01/19/14:53:50,2258.633704,0.757000,0.707036,0.757000,0.707036,41,16,25,19,0,0,0,0,313,268,259,160
2026/01/19/14:53:51,2259.633788,0.757000,0.707036,0.757000,0.707036,41,16,25,19,0,0,0,0,313,268,259,160
2026/01/19/14:53:52,2260.633933,0.757000,0.707036,0.757000,0.707036,41,16,25,19,0,0,0,0,313,268,259,160
2026/01/19/14:53:53,2261.634020,0.757000,0.707036,0.757000,0.707036,41,16,25,19,0,0,0,0,313,268,259,160
2026/01/19/14:53:54,2262.634159,0.761750,0.710376,0.761750,0.710376,41,17,25,19,0,0,0,0,313,268,259,160
2026/01/19/14:53:55,2263.634301,0.745812,0.699884,0.745812,0.699884,38,17,25,19,0,0,0,0,316,268,259,160
2026/01/19/14:53:56,2264.634421,0.745812,0.699884,0.745812,0.699884,38,17,25,19,0,0,0,0,316,268,259,160
2026/01/19/14:53:57,2265.634509,0.745812,0.699884,0.745812,0.699884,38,17,25,19,0,0,0,0,316,268,259,160
2026/01/19/14:53:58,2266.634614,0.745812,0.699884,0.745812,0.699884,38,17,25,19,0,0,0,0,316,268,259,160
2026/01/19/14:53:59,2267.634721,0.745812,0.699884,0.745812,0.699884,38,17,25,19,0,0,0,0,316,268,259,160
2026/01/19/14:54:00,2268.634809,0.745812,0.699884,0.745812,0.699884,38,17,25,19,0,0,0,0,316,268,259,160
2026/01/19/14:54:01,2269.634919,0.745812,0.699884,0.745812,0.699884,38,17,25,19,0,0,0,0,316,268,259,160
2026/01/19/14:54:02,2270.635016,0.745812,0.699884,0.745812,0.699884,38,17,25,19,0,0,0,0,316,268,259,160
2026/01/19/14:54:03,2271.635144,0.745812,0.699884,0.745812,0.699884,38,17,25,19,0,0,0,0,316,268,259,160
2026/01/19/14:54:04,2272.635220,0.745812,0.699884,0.745812,0.699884,38,17,25,19,0,0,0,0,316,268,259,160
2026/01/19/14:54:05,2273.635303,0.745812,0.699884,0.745812,0.699884,38,17,25,19,0,0,0,0,316,268,259,160
2026/01/19/14:54:06,2274.635390,0.745812,0.699884,0.745812,0.699884,38,17,25,19,0,0,0,0,316,268,259,160
2026/01/19/14:54:07,2275.635530,0.745812,0.699884,0.745812,0.699884,38,17,25,19,0,0,0,0,316,268,259,160
2026/01/19/14:54:08,2276.635611,0.745812,0.699884,0.745812,0.699884,38,17,25,19,0,0,0,0,316,268,259,160
2026/01/19/14:54:09,2277.635705,0.745812,0.699884,0.745812,0.699884,38,17,25,19,0,0,0,0,316,268,259,160
2026/01/19/14:54:10,2278.635784,0.745812,0.699884,0.745812,0.699884,38,17,25,19,0,0,0,0,316,268,259,160
2026/01/19/14:54:11,2279.635865,0.745812,0.699884,0.745812,0.699884,38,17,25,19,0,0,0,0,316,268,259,160
2026/01/19/14:54:12,2280.636028,0.745812,0.699884,0.745812,0.699884,38,17,25,19,0,0,0,0,316,268,259,160
2026/01/19/14:54:13,2281.636101,0.745812,0.699884,0.745812,0.699884,38,17,25,19,0,0,0,0,316,268,259,160
2026/01/19/14:54:14,2282.636186,0.745812,0.699884,0.745812,0.699884,38,17,25,19,0,0,0,0,316,268,259,160
2026/01/19/14:54:15,2283.636270,0.745812,0.699884,0.745812,0.699884,38,17,25,19,0,0,0,0,316,268,259,160
2026/01/19/14:54:16,2284.636352,0.745812,0.699884,0.745812,0.699884,38,17,25,19,0,0,0,0,316,268,259,160
2026/01/19/14:54:17,2285.636417,0.745812,0.699884,0.745812,0.699884,38,17,25,19,0,0,0,0,316,268,259,160
2026/01/19/14:54:18,2286.636530,0.745812,0.699884,0.745812,0.699884,38,17,25,19,0,0,0,0,316,268,259,160
2026/01/19/14:54:19,2287.636612,0.745812,0.699884,0.745812,0.699884,38,17,25,19,0,0,0,0,316,268,259,160
2026/01/19/14:54:20,2288.636708,0.745812,0.699884,0.745812,0.699884,38,17,25,19,0,0,0,0,316,268,259,160
2026/01/19/14:54:21,2289.636818,0.745812,0.699884,0.745812,0.699884,38,17,25,19,0,0,0,0,316,268,259,160
2026/01/19/14:54:22,2290.636899,0.745812,0.699884,0.745812,0.699884,38,17,25,19,0,0,0,0,316,268,259,160
2026/01/19/14:54:23,2291.637034,0.742563,0.695388,0.742563,0.695388,37,17,25,19,0,0,0,0,317,268,259,160
2026/01/19/14:54:24,2292.637180,0.742563,0.695388,0.742563,0.695388,37,17,25,19,0,0,0,0,317,268,259,160
2026/01/19/14:54:25,2293.637251,0.742563,0.695388,0.742563,0.695388,37,17,25,19,0,0,0,0,317,268,259,160
2026/01/19/14:54:26,2294.637393,0.742563,0.695388,0.742563,0.695388,37,17,25,19,0,0,0,0,317,268,259,160
2026/01/19/14:54:27,2295.637503,0.742563,0.695388,0.742563,0.695388,37,17,25,19,0,0,0,0,317,268,259,160
2026/01/19/14:54:28,2296.637699,0.742563,0.695388,0.742563,0.695388,37,17,25,19,0,0,0,0,317,268,259,160
2026/01/19/14:54:29,2297.637727,0.742563,0.695388,0.742563,0.695388,37,17,25,19,0,0,0,0,317,268,259,160
2026/01/19/14:54:30,2298.637815,0.742563,0.695388,0.742563,0.695388,37,17,25,19,0,0,0,0,317,268,259,160
2026/01/19/14:54:31,2299.637939,0.742563,0.695388,0.742563,0.695388,37,17,25,19,0,0,0,0,317,268,259,160
2026/01/19/14:54:32,2300.638101,0.734563,0.689054,0.734563,0.689054,36,17,25,19,0,0,0,0,318,268,259,160
2026/01/19/14:54:33,2301.638190,0.729563,0.682953,0.729563,0.682953,36,17,25,18,0,0,0,0,318,268,259,161
2026/01/19/14:54:34,2302.638279,0.754875,0.728466,0.754875,0.728466,40,19,25,18,0,0,0,0,318,268,259,161
2026/01/19/14:54:35,2303.638388,0.801625,0.833380,0.809750,0.857886,43,22,27,19,0,0,0,1,318,268,259,161
2026/01/19/14:54:36,2304.638469,0.801625,0.833380,0.809750,0.857886,43,22,27,19,0,0,0,1,318,268,259,161
2026/01/19/14:54:37,2305.638572,0.801625,0.833380,0.809750,0.857886,43,22,27,19,0,0,0,1,318,268,259,161
2026/01/19/14:54:38,2306.638667,0.818125,0.842776,0.826250,0.867282,43,25,27,19,0,0,0,1,318,268,259,161
2026/01/19/14:54:39,2307.638742,0.844500,0.869618,0.873812,0.901162,41,27,28,19,0,0,1,1,320,268,259,161
2026/01/19/14:54:40,2308.638836,0.846063,0.860855,0.854187,0.885361,40,24,29,19,0,0,0,1,321,271,259,161
2026/01/19/14:54:41,2309.638925,0.846063,0.860855,0.854187,0.885361,40,24,29,19,0,0,0,1,321,271,259,161
2026/01/19/14:54:42,2310.639001,0.846063,0.860855,0.854187,0.885361,40,24,29,19,0,0,0,1,321,271,259,161
2026/01/19/14:54:43,2311.639144,0.846063,0.860855,0.854187,0.885361,40,24,29,19,0,0,0,1,321,271,259,161
2026/01/19/14:54:44,2312.639324,0.846063,0.860855,0.854187,0.885361,40,24,29,19,0,0,0,1,321,271,259,161
2026/01/19/14:54:45,2313.639416,0.846063,0.860855,0.854187,0.885361,40,24,29,19,0,0,0,1,321,271,259,161
2026/01/19/14:54:46,2314.639559,0.847562,0.853464,0.847562,0.853464,38,24,29,20,0,0,0,0,323,271,259,161
2026/01/19/14:54:47,2315.639695,0.847562,0.853464,0.847562,0.853464,38,24,29,20,0,0,0,0,323,271,259,161
2026/01/19/14:54:48,2316.639767,0.847562,0.853464,0.847562,0.853464,38,24,29,20,0,0,0,0,323,271,259,161
2026/01/19/14:54:49,2317.639892,0.847562,0.853464,0.847562,0.853464,38,24,29,20,0,0,0,0,323,271,259,161
2026/01/19/14:54:50,2318.639973,0.796562,0.782824,0.796562,0.782824,38,24,25,20,0,0,0,0,323,271,263,161
2026/01/19/14:54:51,2319.640109,0.796562,0.782824,0.796562,0.782824,38,24,25,20,0,0,0,0,323,271,263,161
2026/01/19/14:54:52,2320.640388,0.796562,0.782824,0.796562,0.782824,38,24,25,20,0,0,0,0,323,271,263,161
2026/01/19/14:54:53,2321.640473,0.821187,0.795278,0.821187,0.795278,38,24,27,20,0,0,0,0,323,271,263,161
2026/01/19/14:54:54,2322.640545,0.811187,0.774988,0.811187,0.774988,38,22,27,20,0,0,0,0,323,273,263,161
2026/01/19/14:54:55,2323.640667,0.811187,0.774988,0.811187,0.774988,38,22,27,20,0,0,0,0,323,273,263,161
2026/01/19/14:54:56,2324.640771,0.811187,0.774988,0.811187,0.774988,38,22,27,20,0,0,0,0,323,273,263,161
2026/01/19/14:54:57,2325.640859,0.811187,0.774988,0.811187,0.774988,38,22,27,20,0,0,0,0,323,273,263,161
2026/01/19/14:54:58,2326.640950,0.811187,0.774988,0.811187,0.774988,38,22,27,20,0,0,0,0,323,273,263,161
2026/01/19/14:54:59,2327.641078,0.811187,0.774988,0.811187,0.774988,38,22,27,20,0,0,0,0,323,273,263,161
2026/01/19/14:55:00,2328.641139,0.811187,0.774988,0.811187,0.774988,38,22,27,20,0,0,0,0,323,273,263,161
2026/01/19/14:55:01,2329.641285,0.797687,0.745536,0.797687,0.745536,38,20,27,20,0,0,0,0,323,275,263,161
2026/01/19/14:55:02,2330.641379,0.797687,0.745536,0.797687,0.745536,38,20,27,20,0,0,0,0,323,275,263,161
2026/01/19/14:55:03,2331.644909,0.797687,0.745536,0.797687,0.745536,38,20,27,20,0,0,0,0,323,275,263,161
2026/01/19/14:55:04,2332.645005,0.797687,0.745536,0.797687,0.745536,38,20,27,20,0,0,0,0,323,275,263,161
2026/01/19/14:55:05,2333.645122,0.797687,0.745536,0.797687,0.745536,38,20,27,20,0,0,0,0,323,275,263,161
2026/01/19/14:55:06,2334.645220,0.797687,0.745536,0.797687,0.745536,38,20,27,20,0,0,0,0,323,275,263,161
2026/01/19/14:55:07,2335.645379,0.797687,0.745536,0.797687,0.745536,38,20,27,20,0,0,0,0,323,275,263,161
2026/01/19/14:55:08,2336.645468,0.797687,0.745536,0.797687,0.745536,38,20,27,20,0,0,0,0,323,275,263,161
2026/01/19/14:55:09,2337.645568,0.797687,0.745536,0.797687,0.745536,38,20,27,20,0,0,0,0,323,275,263,161
2026/01/19/14:55:10,2338.645673,0.797687,0.745536,0.797687,0.745536,38,20,27,20,0,0,0,0,323,275,263,161
2026/01/19/14:55:11,2339.645786,0.797687,0.745536,0.797687,0.745536,38,20,27,20,0,0,0,0,323,275,263,161
2026/01/19/14:55:12,2340.645859,0.866187,0.860595,0.870000,0.868957,43,22,31,20,1,0,0,0,323,275,263,161
2026/01/19/14:55:13,2341.645963,0.865688,0.895319,0.865688,0.895319,47,19,31,20,0,0,0,0,323,278,263,161
2026/01/19/14:55:14,2342.646034,0.856750,0.862706,0.856750,0.862706,45,19,31,20,0,0,0,0,325,278,263,161
2026/01/19/14:55:15,2343.646191,0.836313,0.798915,0.836313,0.798915,42,19,30,20,0,0,0,0,328,278,264,161
2026/01/19/14:55:16,2344.646320,0.836313,0.798915,0.836313,0.798915,42,19,30,20,0,0,0,0,328,278,264,161
2026/01/19/14:55:17,2345.646408,0.836313,0.798915,0.836313,0.798915,42,19,30,20,0,0,0,0,328,278,264,161
2026/01/19/14:55:18,2346.646498,0.820063,0.749903,0.820063,0.749903,42,19,30,18,0,0,0,0,328,278,264,163
2026/01/19/14:55:19,2347.646589,0.820063,0.749903,0.820063,0.749903,42,19,30,18,0,0,0,0,328,278,264,163
2026/01/19/14:55:20,2348.646683,0.820063,0.749903,0.820063,0.749903,42,19,30,18,0,0,0,0,328,278,264,163
2026/01/19/14:55:21,2349.646787,0.820063,0.749903,0.820063,0.749903,42,19,30,18,0,0,0,0,328,278,264,163
2026/01/19/14:55:22,2350.646899,0.820063,0.749903,0.820063,0.749903,42,19,30,18,0,0,0,0,328,278,264,163
2026/01/19/14:55:23,2351.646989,0.820063,0.749903,0.820063,0.749903,42,19,30,18,0,0,0,0,328,278,264,163
2026/01/19/14:55:24,2352.647064,0.820063,0.749903,0.820063,0.749903,42,19,30,18,0,0,0,0,328,278,264,163
2026/01/19/14:55:25,2353.647216,0.820063,0.749903,0.820063,0.749903,42,19,30,18,0,0,0,0,328,278,264,163
2026/01/19/14:55:26,2354.647319,0.820063,0.749903,0.820063,0.749903,42,19,30,18,0,0,0,0,328,278,264,163
2026/01/19/14:55:27,2355.647413,0.820063,0.749903,0.820063,0.749903,42,19,30,18,0,0,0,0,328,278,264,163
2026/01/19/14:55:28,2356.647571,0.820063,0.749903,0.820063,0.749903,42,19,30,18,0,0,0,0,328,278,264,163
2026/01/19/14:55:29,2357.647681,0.820063,0.749903,0.820063,0.749903,42,19,30,18,0,0,0,0,328,278,264,163
2026/01/19/14:55:30,2358.647832,0.820063,0.749903,0.820063,0.749903,42,19,30,18,0,0,0,0,328,278,264,163
2026/01/19/14:55:31,2359.647927,0.820063,0.749903,0.820063,0.749903,42,19,30,18,0,0,0,0,328,278,264,163
2026/01/19/14:55:32,2360.648024,0.815312,0.746563,0.815312,0.746563,42,18,30,18,0,0,0,0,328,279,264,163
2026/01/19/14:55:33,2361.648103,0.815312,0.746563,0.815312,0.746563,42,18,30,18,0,0,0,0,328,279,264,163
2026/01/19/14:55:34,2362.648215,0.815312,0.746563,0.815312,0.746563,42,18,30,18,0,0,0,0,328,279,264,163
2026/01/19/14:55:35,2363.648277,0.815312,0.746563,0.815312,0.746563,42,18,30,18,0,0,0,0,328,279,264,163
2026/01/19/14:55:36,2364.648519,0.815312,0.746563,0.815312,0.746563,42,18,30,18,0,0,0,0,328,279,264,163
2026/01/19/14:55:37,2365.648565,0.815312,0.746563,0.815312,0.746563,42,18,30,18,0,0,0,0,328,279,264,163
2026/01/19/14:55:38,2366.648676,0.815312,0.746563,0.815312,0.746563,42,18,30,18,0,0,0,0,328,279,264,163
2026/01/19/14:55:39,2367.648737,0.846625,0.756474,0.846625,0.756474,42,19,31,18,0,0,0,0,328,279,264,163
2026/01/19/14:55:40,2368.648824,0.846625,0.756474,0.846625,0.756474,42,19,31,18,0,0,0,0,328,279,264,163
2026/01/19/14:55:41,2369.648936,0.846625,0.756474,0.846625,0.756474,42,19,31,18,0,0,0,0,328,279,264,163
2026/01/19/14:55:42,2370.649023,0.836437,0.750030,0.836437,0.750030,42,18,31,18,0,0,0,0,328,280,264,163
2026/01/19/14:55:43,2371.649125,0.836437,0.750030,0.836437,0.750030,42,18,31,18,0,0,0,0,328,280,264,163
2026/01/19/14:55:44,2372.649224,0.815312,0.746563,0.815312,0.746563,42,18,30,18,0,0,0,0,328,280,265,163
2026/01/19/14:55:45,2373.649312,0.815312,0.746563,0.815312,0.746563,42,18,30,18,0,0,0,0,328,280,265,163
2026/01/19/14:55:46,2374.649404,0.815312,0.746563,0.815312,0.746563,42,18,30,18,0,0,0,0,328,280,265,163
2026/01/19/14:55:47,2375.649498,0.790687,0.734108,0.790687,0.734108,42,18,28,18,0,0,0,0,328,280,267,163
2026/01/19/14:55:48,2376.649556,0.790687,0.734108,0.790687,0.734108,42,18,28,18,0,0,0,0,328,280,267,163
2026/01/19/14:55:49,2377.649648,0.790687,0.734108,0.790687,0.734108,42,18,28,18,0,0,0,0,328,280,267,163
2026/01/19/14:55:50,2378.649761,0.790687,0.734108,0.790687,0.734108,42,18,28,18,0,0,0,0,328,280,267,163
2026/01/19/14:55:51,2379.649918,0.790687,0.734108,0.790687,0.734108,42,18,28,18,0,0,0,0,328,280,267,163
2026/01/19/14:55:52,2380.650015,0.790687,0.734108,0.790687,0.734108,42,18,28,18,0,0,0,0,328,280,267,163
2026/01/19/14:55:53,2381.650119,0.776438,0.720254,0.776438,0.720254,39,18,28,18,0,0,0,0,331,280,267,163
2026/01/19/14:55:54,2382.650227,0.776438,0.720254,0.776438,0.720254,39,18,28,18,0,0,0,0,331,280,267,163
2026/01/19/14:55:55,2383.650313,0.776438,0.720254,0.776438,0.720254,39,18,28,18,0,0,0,0,331,280,267,163
2026/01/19/14:55:56,2384.650422,0.776438,0.720254,0.776438,0.720254,39,18,28,18,0,0,0,0,331,280,267,163
2026/01/19/14:55:57,2385.650517,0.802687,0.731106,0.802687,0.731106,39,21,28,18,0,0,0,0,331,280,267,163
2026/01/19/14:55:58,2386.650620,0.802687,0.731106,0.802687,0.731106,39,21,28,18,0,0,0,0,331,280,267,163
2026/01/19/14:55:59,2387.650707,0.802687,0.731106,0.802687,0.731106,39,21,28,18,0,0,0,0,331,280,267,163
2026/01/19/14:56:00,2388.650803,0.802687,0.731106,0.802687,0.731106,39,21,28,18,0,0,0,0,331,280,267,163
2026/01/19/14:56:01,2389.650870,0.802687,0.731106,0.802687,0.731106,39,21,28,18,0,0,0,0,331,280,267,163
2026/01/19/14:56:02,2390.650968,0.802687,0.731106,0.802687,0.731106,39,21,28,18,0,0,0,0,331,280,267,163
2026/01/19/14:56:03,2391.651057,0.802687,0.731106,0.802687,0.731106,39,21,28,18,0,0,0,0,331,280,267,163
2026/01/19/14:56:04,2392.651171,0.802687,0.731106,0.802687,0.731106,39,21,28,18,0,0,0,0,331,280,267,163
2026/01/19/14:56:05,2393.651238,0.802687,0.731106,0.802687,0.731106,39,21,28,18,0,0,0,0,331,280,267,163
2026/01/19/14:56:06,2394.651317,0.802687,0.731106,0.802687,0.731106,39,21,28,18,0,0,0,0,331,280,267,163
2026/01/19/14:56:07,2395.651423,0.817937,0.767440,0.817937,0.767440,40,22,28,19,0,0,0,0,331,280,267,163
2026/01/19/14:56:08,2396.651510,0.817937,0.767440,0.817937,0.767440,40,22,28,19,0,0,0,0,331,280,267,163
2026/01/19/14:56:09,2397.651632,0.817937,0.767440,0.817937,0.767440,40,22,28,19,0,0,0,0,331,280,267,163
2026/01/19/14:56:10,2398.651794,0.800875,0.729884,0.800875,0.729884,38,21,28,19,0,0,0,0,333,281,267,163
2026/01/19/14:56:11,2399.651881,0.796875,0.726384,0.796875,0.726384,38,21,28,18,0,0,0,0,333,281,267,164
2026/01/19/14:56:12,2400.651973,0.796875,0.726384,0.796875,0.726384,38,21,28,18,0,0,0,0,333,281,267,164
2026/01/19/14:56:13,2401.652074,0.796875,0.726384,0.796875,0.726384,38,21,28,18,0,0,0,0,333,281,267,164
2026/01/19/14:56:14,2402.652142,0.796875,0.726384,0.796875,0.726384,38,21,28,18,0,0,0,0,333,281,267,164
2026/01/19/14:56:15,2403.652231,0.796875,0.726384,0.796875,0.726384,38,21,28,18,0,0,0,0,333,281,267,164
2026/01/19/14:56:16,2404.652335,0.788500,0.716716,0.788500,0.716716,38,21,26,18,0,0,0,0,333,281,269,164
2026/01/19/14:56:17,2405.652425,0.788500,0.716716,0.788500,0.716716,38,21,26,18,0,0,0,0,333,281,269,164
2026/01/19/14:56:18,2406.652523,0.788500,0.716716,0.788500,0.716716,38,21,26,18,0,0,0,0,333,281,269,164
2026/01/19/14:56:19,2407.652636,0.788500,0.716716,0.788500,0.716716,38,21,26,18,0,0,0,0,333,281,269,164
2026/01/19/14:56:20,2408.652722,0.865313,0.756623,0.865313,0.756623,40,21,26,25,0,0,0,0,333,281,269,164
2026/01/19/14:56:21,2409.652820,0.865313,0.756623,0.865313,0.756623,40,21,26,25,0,0,0,0,333,281,269,164
2026/01/19/14:56:22,2410.652932,0.852187,0.746707,0.852187,0.746707,40,21,26,22,0,0,0,0,333,281,269,167
2026/01/19/14:56:23,2411.653094,0.852187,0.746707,0.852187,0.746707,40,21,26,22,0,0,0,0,333,281,269,167
2026/01/19/14:56:24,2412.653228,0.852187,0.746707,0.852187,0.746707,40,21,26,22,0,0,0,0,333,281,269,167
2026/01/19/14:56:25,2413.653341,0.852187,0.746707,0.852187,0.746707,40,21,26,22,0,0,0,0,333,281,269,167
2026/01/19/14:56:26,2414.653436,0.852187,0.746707,0.852187,0.746707,40,21,26,22,0,0,0,0,333,281,269,167
2026/01/19/14:56:27,2415.653530,0.852187,0.746707,0.852187,0.746707,40,21,26,22,0,0,0,0,333,281,269,167
2026/01/19/14:56:28,2416.653596,0.852187,0.746707,0.852187,0.746707,40,21,26,22,0,0,0,0,333,281,269,167
2026/01/19/14:56:29,2417.653699,0.839625,0.735340,0.839625,0.735340,40,21,26,19,0,0,0,0,333,281,269,170
2026/01/19/14:56:30,2418.653851,0.839625,0.735340,0.839625,0.735340,40,21,26,19,0,0,0,0,333,281,269,170
2026/01/19/14:56:31,2419.653951,0.843625,0.738890,0.843625,0.738890,40,22,26,19,0,0,0,0,333,281,269,170
2026/01/19/14:56:32,2420.654032,0.843625,0.738890,0.843625,0.738890,40,22,26,19,0,0,0,0,333,281,269,170
2026/01/19/14:56:33,2421.654137,0.843625,0.738890,0.843625,0.738890,40,22,26,19,0,0,0,0,333,281,269,170
2026/01/19/14:56:34,2422.654224,0.892687,0.824080,0.892687,0.824080,45,24,28,19,0,0,0,0,333,281,269,170
2026/01/19/14:56:35,2423.654319,0.897750,0.838932,0.897750,0.838932,46,24,28,19,0,0,0,0,333,281,269,170
2026/01/19/14:56:36,2424.654416,0.889375,0.818549,0.889375,0.818549,46,24,26,19,0,0,0,0,333,281,271,170
2026/01/19/14:56:37,2425.654513,0.879062,0.800189,0.879062,0.800189,43,24,26,19,0,0,0,0,336,281,271,170
2026/01/19/14:56:38,2426.654612,0.869938,0.795732,0.869938,0.795732,42,24,26,19,0,0,0,0,337,281,271,170
2026/01/19/14:56:39,2427.654719,0.860812,0.791276,0.860812,0.791276,41,24,26,19,0,0,0,0,338,281,271,170
2026/01/19/14:56:40,2428.654809,0.860812,0.791276,0.860812,0.791276,41,24,26,19,0,0,0,0,338,281,271,170
2026/01/19/14:56:41,2429.654919,0.847875,0.766197,0.847875,0.766197,40,24,26,18,0,0,0,0,339,281,271,171
2026/01/19/14:56:42,2430.654992,0.847875,0.766197,0.847875,0.766197,40,24,26,18,0,0,0,0,339,281,271,171
2026/01/19/14:56:43,2431.655194,0.847875,0.766197,0.847875,0.766197,40,24,26,18,0,0,0,0,339,281,271,171
2026/01/19/14:56:44,2432.655239,0.847875,0.766197,0.847875,0.766197,40,24,26,18,0,0,0,0,339,281,271,171
2026/01/19/14:56:45,2433.655342,0.843875,0.762648,0.843875,0.762648,40,23,26,18,0,0,0,0,339,282,271,171
2026/01/19/14:56:46,2434.655446,0.843875,0.762648,0.843875,0.762648,40,23,26,18,0,0,0,0,339,282,271,171
2026/01/19/14:56:47,2435.655548,0.843875,0.762648,0.843875,0.762648,40,23,26,18,0,0,0,0,339,282,271,171
2026/01/19/14:56:48,2436.655691,0.843875,0.762648,0.843875,0.762648,40,23,26,18,0,0,0,0,339,282,271,171
2026/01/19/14:56:49,2437.655790,0.843875,0.762648,0.843875,0.762648,40,23,26,18,0,0,0,0,339,282,271,171
2026/01/19/14:56:50,2438.655879,0.843875,0.762648,0.843875,0.762648,40,23,26,18,0,0,0,0,339,282,271,171
2026/01/19/14:56:51,2439.655995,0.843875,0.762648,0.843875,0.762648,40,23,26,18,0,0,0,0,339,282,271,171
2026/01/19/14:56:52,2440.656116,0.843875,0.762648,0.843875,0.762648,40,23,26,18,0,0,0,0,339,282,271,171
2026/01/19/14:56:53,2441.656208,0.843875,0.762648,0.843875,0.762648,40,23,26,18,0,0,0,0,339,282,271,171
2026/01/19/14:56:54,2442.656334,0.843875,0.762648,0.843875,0.762648,40,23,26,18,0,0,0,0,339,282,271,171
2026/01/19/14:56:55,2443.656415,0.843875,0.762648,0.843875,0.762648,40,23,26,18,0,0,0,0,339,282,271,171
2026/01/19/14:56:56,2444.656517,0.843875,0.762648,0.843875,0.762648,40,23,26,18,0,0,0,0,339,282,271,171
2026/01/19/14:56:57,2445.656626,0.843875,0.762648,0.843875,0.762648,40,23,26,18,0,0,0,0,339,282,271,171
2026/01/19/14:56:58,2446.656775,0.843875,0.762648,0.843875,0.762648,40,23,26,18,0,0,0,0,339,282,271,171
2026/01/19/14:56:59,2447.656876,0.843875,0.762648,0.843875,0.762648,40,23,26,18,0,0,0,0,339,282,271,171
2026/01/19/14:57:00,2448.656974,0.843875,0.762648,0.843875,0.762648,40,23,26,18,0,0,0,0,339,282,271,171
2026/01/19/14:57:01,2449.657032,0.800625,0.754250,0.800625,0.754250,38,23,26,18,0,0,0,0,341,282,271,171
2026/01/19/14:57:02,2450.657136,0.800625,0.754250,0.800625,0.754250,38,23,26,18,0,0,0,0,341,282,271,171
2026/01/19/14:57:03,2451.657264,0.833812,0.832521,0.845063,0.857061,45,23,26,18,1,0,0,0,341,282,271,171
2026/01/19/14:57:04,2452.657360,0.833812,0.832521,0.845063,0.857061,45,23,26,18,1,0,0,0,341,282,271,171
2026/01/19/14:57:05,2453.657461,0.822562,0.813057,0.833812,0.837597,42,23,26,18,1,0,0,0,344,282,271,171
2026/01/19/14:57:06,2454.657538,0.819000,0.801635,0.830250,0.826175,41,23,26,18,1,0,0,0,345,282,271,171
2026/01/19/14:57:07,2455.657644,0.811875,0.778790,0.823125,0.803331,39,23,26,18,1,0,0,0,347,282,271,171
2026/01/19/14:57:08,2456.657729,0.811875,0.778790,0.823125,0.803331,39,23,26,18,1,0,0,0,347,282,271,171
2026/01/19/14:57:09,2457.657851,0.825500,0.804013,0.836750,0.828554,41,23,28,18,1,0,0,0,347,282,271,171
2026/01/19/14:57:10,2458.657962,0.825500,0.804013,0.836750,0.828554,41,23,28,18,1,0,0,0,347,282,271,171
2026/01/19/14:57:11,2459.658044,0.825500,0.804013,0.836750,0.828554,41,23,28,18,1,0,0,0,347,282,271,171
2026/01/19/14:57:12,2460.658128,0.819000,0.791747,0.830250,0.816287,39,23,28,18,1,0,0,0,349,282,271,171
2026/01/19/14:57:13,2461.658280,0.819000,0.791747,0.830250,0.816287,39,23,28,18,1,0,0,0,349,282,271,171
2026/01/19/14:57:14,2462.658372,0.819000,0.791747,0.830250,0.816287,39,23,28,18,1,0,0,0,349,282,271,171
2026/01/19/14:57:15,2463.658457,0.819000,0.791747,0.830250,0.816287,39,23,28,18,1,0,0,0,349,282,271,171
2026/01/19/14:57:16,2464.658550,0.819000,0.791747,0.830250,0.816287,39,23,28,18,1,0,0,0,349,282,271,171
2026/01/19/14:57:17,2465.658645,0.819000,0.791747,0.830250,0.816287,39,23,28,18,1,0,0,0,349,282,271,171
2026/01/19/14:57:18,2466.658709,0.796000,0.772415,0.807250,0.796956,39,21,26,18,1,0,0,0,349,284,273,171
2026/01/19/14:57:19,2467.658799,0.796000,0.772415,0.807250,0.796956,39,21,26,18,1,0,0,0,349,284,273,171
2026/01/19/14:57:20,2468.658911,0.807250,0.796956,0.807250,0.796956,40,21,26,18,0,0,0,0,350,284,273,171
2026/01/19/14:57:21,2469.659089,0.807250,0.796956,0.807250,0.796956,40,21,26,18,0,0,0,0,350,284,273,171
2026/01/19/14:57:22,2470.659109,0.807250,0.796956,0.807250,0.796956,40,21,26,18,0,0,0,0,350,284,273,171
2026/01/19/14:57:23,2471.659227,0.807250,0.796956,0.807250,0.796956,40,21,26,18,0,0,0,0,350,284,273,171
2026/01/19/14:57:24,2472.659286,0.807250,0.796956,0.807250,0.796956,40,21,26,18,0,0,0,0,350,284,273,171
2026/01/19/14:57:25,2473.659379,0.807250,0.796956,0.807250,0.796956,40,21,26,18,0,0,0,0,350,284,273,171
2026/01/19/14:57:26,2474.659545,0.807250,0.796956,0.807250,0.796956,40,21,26,18,0,0,0,0,350,284,273,171
2026/01/19/14:57:27,2475.659657,0.807250,0.796956,0.807250,0.796956,40,21,26,18,0,0,0,0,350,284,273,171
2026/01/19/14:57:28,2476.659752,0.807250,0.796956,0.807250,0.796956,40,21,26,18,0,0,0,0,350,284,273,171
2026/01/19/14:57:29,2477.659855,0.807250,0.796956,0.807250,0.796956,40,21,26,18,0,0,0,0,350,284,273,171
2026/01/19/14:57:30,2478.659951,0.807250,0.796956,0.807250,0.796956,40,21,26,18,0,0,0,0,350,284,273,171
2026/01/19/14:57:31,2479.660019,0.807250,0.796956,0.807250,0.796956,40,21,26,18,0,0,0,0,350,284,273,171
2026/01/19/14:57:32,2480.660153,0.807250,0.796956,0.807250,0.796956,40,21,26,18,0,0,0,0,350,284,273,171
2026/01/19/14:57:33,2481.660238,0.807250,0.796956,0.807250,0.796956,40,21,26,18,0,0,0,0,350,284,273,171
2026/01/19/14:57:34,2482.660326,0.807250,0.796956,0.807250,0.796956,40,21,26,18,0,0,0,0,350,284,273,171
2026/01/19/14:57:35,2483.660431,0.807250,0.796956,0.807250,0.796956,40,21,26,18,0,0,0,0,350,284,273,171
2026/01/19/14:57:36,2484.660531,0.797125,0.780552,0.797125,0.780552,40,21,24,18,0,0,0,0,350,284,275,171
2026/01/19/14:57:37,2485.660645,0.797125,0.780552,0.797125,0.780552,40,21,24,18,0,0,0,0,350,284,275,171
2026/01/19/14:57:38,2486.660706,0.797125,0.780552,0.797125,0.780552,40,21,24,18,0,0,0,0,350,284,275,171
2026/01/19/14:57:39,2487.660820,0.797125,0.780552,0.797125,0.780552,40,21,24,18,0,0,0,0,350,284,275,171
2026/01/19/14:57:40,2488.660919,0.797125,0.780552,0.797125,0.780552,40,21,24,18,0,0,0,0,350,284,275,171
2026/01/19/14:57:41,2489.661002,0.797125,0.780552,0.817937,0.799719,40,21,24,18,1,1,1,0,350,284,275,171
2026/01/19/14:57:42,2490.661132,0.866500,0.835444,0.866500,0.835444,44,22,27,18,0,0,0,0,350,284,275,171
2026/01/19/14:57:43,2491.661274,0.866500,0.835444,0.866500,0.835444,44,22,27,18,0,0,0,0,350,284,275,171
2026/01/19/14:57:44,2492.661370,0.829313,0.794188,0.829313,0.794188,44,21,24,18,0,0,0,0,350,285,278,171
2026/01/19/14:57:45,2493.661446,0.829313,0.794188,0.829313,0.794188,44,21,24,18,0,0,0,0,350,285,278,171
2026/01/19/14:57:46,2494.661546,0.812813,0.784604,0.812813,0.784604,41,21,24,18,0,0,0,0,353,285,278,171
2026/01/19/14:57:47,2495.661667,0.812813,0.784604,0.812813,0.784604,41,21,24,18,0,0,0,0,353,285,278,171
2026/01/19/14:57:48,2496.661772,0.812813,0.784604,0.861375,0.843582,41,21,24,18,3,0,0,0,353,285,278,171
2026/01/19/14:57:49,2497.661835,0.839500,0.819947,0.894125,0.901349,45,21,24,18,4,0,0,0,353,285,278,171
2026/01/19/14:57:50,2498.661923,0.823812,0.815895,0.878437,0.897297,44,21,24,18,4,0,0,0,354,285,278,171
2026/01/19/14:57:51,2499.662028,0.803188,0.802976,0.857812,0.884378,41,21,24,18,4,0,0,0,357,285,278,171
2026/01/19/14:57:52,2500.662135,0.803188,0.802976,0.857812,0.884378,41,21,24,18,4,0,0,0,357,285,278,171
2026/01/19/14:57:53,2501.662220,0.803188,0.802976,0.857812,0.884378,41,21,24,18,4,0,0,0,357,285,278,171
2026/01/19/14:57:54,2502.662319,0.803188,0.802976,0.857812,0.884378,41,21,24,18,4,0,0,0,357,285,278,171
2026/01/19/14:57:55,2503.662419,0.803188,0.802976,0.857812,0.884378,41,21,24,18,4,0,0,0,357,285,278,171
2026/01/19/14:57:56,2504.662524,0.803188,0.802976,0.857812,0.884378,41,21,24,18,4,0,0,0,357,285,278,171
2026/01/19/14:57:57,2505.662612,0.803188,0.802976,0.857812,0.884378,41,21,24,18,4,0,0,0,357,285,278,171
2026/01/19/14:57:58,2506.662691,0.803188,0.802976,0.857812,0.884378,41,21,24,18,4,0,0,0,357,285,278,171
2026/01/19/14:57:59,2507.662777,0.825375,0.826842,0.857750,0.866160,40,21,24,19,2,0,0,0,360,285,278,171
2026/01/19/14:58:00,2508.662920,0.855313,0.837880,0.887687,0.877199,40,23,25,19,2,0,0,0,360,285,278,171
2026/01/19/14:58:01,2509.663013,0.866187,0.847905,0.914438,0.898879,40,23,25,19,4,2,0,0,364,285,278,171
2026/01/19/14:58:02,2510.663129,0.861250,0.844128,0.909500,0.895102,40,22,25,19,4,2,0,0,364,286,278,171
2026/01/19/14:58:03,2511.663218,0.861250,0.844128,0.909500,0.895102,40,22,25,19,4,2,0,0,364,286,278,171
2026/01/19/14:58:04,2512.663306,0.861250,0.844128,0.901125,0.887120,40,22,25,19,2,2,0,0,364,286,278,171
2026/01/19/14:58:05,2513.663411,0.884938,0.867461,0.901125,0.887120,41,24,25,19,1,0,0,0,364,286,278,171
2026/01/19/14:58:06,2514.663510,0.870875,0.859029,0.887062,0.878689,41,23,25,19,1,0,0,0,364,288,278,171
2026/01/19/14:58:07,2515.663605,0.875687,0.871822,0.875687,0.871822,42,23,25,18,0,0,0,0,364,288,278,172
2026/01/19/14:58:08,2516.663698,0.875437,0.906649,0.875437,0.906649,42,26,25,18,0,0,0,0,364,289,278,172
2026/01/19/14:58:09,2517.663799,0.875437,0.906649,0.875437,0.906649,42,26,25,18,0,0,0,0,364,289,278,172
2026/01/19/14:58:10,2518.663869,0.872125,0.899699,0.872125,0.899699,42,25,25,18,0,0,0,0,364,290,278,172
2026/01/19/14:58:11,2519.663952,0.910563,0.913041,0.943375,0.937324,43,26,26,18,2,0,1,1,364,290,278,172
2026/01/19/14:58:12,2520.664042,0.945750,0.948008,1.011125,1.000995,43,29,28,20,3,2,2,1,364,290,278,172
2026/01/19/14:58:13,2521.664208,0.945750,0.948008,1.083500,1.086005,43,29,28,20,8,2,6,3,364,290,278,172
2026/01/19/14:58:14,2522.664300,0.935937,0.949378,1.036500,1.024762,43,28,28,21,6,2,5,0,364,291,278,172
2026/01/19/14:58:15,2523.664393,0.935937,0.949378,1.036500,1.024762,43,28,28,21,6,2,5,0,364,291,278,172
2026/01/19/14:58:16,2524.664496,0.936187,0.955690,1.066500,1.046892,44,28,28,21,9,4,4,0,364,291,279,172
2026/01/19/14:58:17,2525.664554,0.936187,0.955690,1.066500,1.046892,44,28,28,21,9,4,4,0,364,291,279,172
2026/01/19/14:58:18,2526.664662,0.936187,0.955690,1.066500,1.046892,44,28,28,21,9,4,4,0,364,291,279,172
2026/01/19/14:58:19,2527.664825,0.933000,0.952042,1.056938,1.035949,43,28,28,21,7,4,4,0,365,291,279,172
2026/01/19/14:58:20,2528.664926,0.929438,0.944057,1.019250,1.007623,43,28,27,21,4,4,3,0,365,291,280,172
2026/01/19/14:58:21,2529.665069,0.933625,0.950572,1.019250,1.007623,43,28,28,21,4,4,2,0,365,291,280,172
2026/01/19/14:58:22,2530.665150,0.930250,0.950795,1.000813,0.994962,43,28,30,19,3,4,0,0,365,291,280,174
2026/01/19/14:58:23,2531.665304,0.930250,0.950795,1.108188,1.071356,43,28,30,19,9,6,2,0,365,291,280,174
2026/01/19/14:58:24,2532.665403,0.930250,0.950795,1.108188,1.071356,43,28,30,19,9,6,2,0,365,291,280,174
2026/01/19/14:58:25,2533.665464,0.923125,0.943889,1.086812,1.050638,42,28,30,19,7,6,2,0,366,291,280,174
2026/01/19/14:58:26,2534.665576,0.923125,0.943889,1.041813,1.002853,42,28,30,19,5,6,0,0,366,291,280,174
2026/01/19/14:58:27,2535.665637,0.918937,0.937375,1.037625,0.996339,42,28,29,19,5,6,0,0,366,291,281,174
2026/01/19/14:58:28,2536.665753,0.918937,0.937375,1.025250,0.987739,42,28,29,19,4,6,0,0,366,291,281,174
2026/01/19/14:58:29,2537.665879,0.918937,0.937375,1.017688,0.982458,42,28,29,19,3,6,0,0,366,291,281,174
2026/01/19/14:58:30,2538.665995,0.918937,0.937375,1.017688,0.982458,42,28,29,19,3,6,0,0,366,291,281,174
2026/01/19/14:58:31,2539.666135,0.918937,0.937375,1.017688,0.982458,42,28,29,19,3,6,0,0,366,291,281,174
2026/01/19/14:58:32,2540.666230,0.918937,0.937375,0.992062,0.974923,42,28,29,19,1,6,0,0,366,291,281,174
2026/01/19/14:58:33,2541.666324,0.918937,0.937375,0.992062,0.974923,42,28,29,19,1,6,0,0,366,291,281,174
2026/01/19/14:58:34,2542.666422,0.918937,0.937375,0.992062,0.974923,42,28,29,19,1,6,0,0,366,291,281,174
2026/01/19/14:58:35,2543.666562,0.921500,0.935069,0.965562,0.965758,42,29,28,19,0,5,0,0,366,291,282,174
2026/01/19/14:58:36,2544.666649,0.930750,0.948042,1.005125,0.991817,42,29,30,19,1,6,0,0,366,291,282,174
2026/01/19/14:58:37,2545.666733,0.930750,0.948042,1.005125,0.991817,42,29,30,19,1,6,0,0,366,291,282,174
2026/01/19/14:58:38,2546.666803,0.927500,0.932101,0.988375,0.972580,42,28,28,19,1,5,0,0,366,293,284,174
2026/01/19/14:58:39,2547.666964,0.927500,0.932101,0.971562,0.962789,42,28,28,19,0,5,0,0,366,293,284,174
2026/01/19/14:58:40,2548.667082,0.941125,0.938762,1.005562,0.983331,42,28,30,19,0,5,1,1,366,293,284,174
2026/01/19/14:58:41,2549.667171,0.941125,0.938762,1.005562,0.983331,42,28,30,19,0,5,1,1,366,293,284,174
2026/01/19/14:58:42,2550.667266,0.941125,0.938762,1.005562,0.983331,42,28,30,19,0,5,1,1,366,293,284,174
2026/01/19/14:58:43,2551.667413,0.934438,0.938799,0.992062,0.980036,42,27,31,19,0,5,0,1,366,294,284,174
2026/01/19/14:58:44,2552.667505,0.934438,0.938799,0.992062,0.980036,42,27,31,19,0,5,0,1,366,294,284,174
2026/01/19/14:58:45,2553.667653,0.934438,0.938799,0.978500,0.969487,42,27,31,19,0,5,0,0,366,294,284,174
2026/01/19/14:58:46,2554.667758,0.934438,0.938799,0.978500,0.969487,42,27,31,19,0,5,0,0,366,294,284,174
2026/01/19/14:58:47,2555.667847,0.937500,0.908895,0.966375,0.924639,40,29,31,19,0,3,0,0,368,294,284,174
2026/01/19/14:58:48,2556.667940,0.937500,0.908895,0.971187,0.928366,40,29,31,19,0,3,1,0,368,294,284,174
2026/01/19/14:58:49,2557.668028,0.937500,0.908895,0.971187,0.928366,40,29,31,19,0,3,1,0,368,294,284,174
2026/01/19/14:58:50,2558.668237,0.937500,0.908895,0.971187,0.928366,40,29,31,19,0,3,1,0,368,294,284,174
2026/01/19/14:58:51,2559.668284,0.928625,0.902427,0.945937,0.914646,40,30,28,19,0,2,0,0,368,294,287,174
2026/01/19/14:58:52,2560.668381,0.928625,0.902427,0.945937,0.914646,40,30,28,19,0,2,0,0,368,294,287,174
2026/01/19/14:58:53,2561.668484,0.928625,0.902427,0.945937,0.914646,40,30,28,19,0,2,0,0,368,294,287,174
2026/01/19/14:58:54,2562.668589,0.928625,0.902427,0.945937,0.914646,40,30,28,19,0,2,0,0,368,294,287,174
2026/01/19/14:58:55,2563.668749,0.928625,0.902427,0.945937,0.914646,40,30,28,19,0,2,0,0,368,294,287,174
2026/01/19/14:58:56,2564.668854,0.919375,0.898872,0.930937,0.902397,40,31,25,19,0,1,0,0,368,294,290,174
2026/01/19/14:58:57,2565.668938,0.919375,0.898872,0.930937,0.902397,40,31,25,19,0,1,0,0,368,294,290,174
2026/01/19/14:58:58,2566.669083,0.919375,0.898872,0.930937,0.902397,40,31,25,19,0,1,0,0,368,294,290,174
2026/01/19/14:58:59,2567.669147,0.919375,0.898872,0.930937,0.902397,40,31,25,19,0,1,0,0,368,294,290,174
2026/01/19/14:59:00,2568.669235,0.919375,0.898872,0.930937,0.902397,40,31,25,19,0,1,0,0,368,294,290,174
2026/01/19/14:59:01,2569.669346,0.919375,0.898872,0.930937,0.902397,40,31,25,19,0,1,0,0,368,294,290,174
2026/01/19/14:59:02,2570.669433,0.902125,0.872793,0.913687,0.876319,40,28,25,19,0,1,0,0,368,297,290,174
2026/01/19/14:59:03,2571.669600,0.913687,0.876319,0.913687,0.876319,40,29,25,19,0,0,0,0,368,297,290,174
2026/01/19/14:59:04,2572.669693,0.913687,0.876319,0.913687,0.876319,40,29,25,19,0,0,0,0,368,297,290,174
2026/01/19/14:59:05,2573.669787,0.913687,0.876319,0.913687,0.876319,40,29,25,19,0,0,0,0,368,297,290,174
2026/01/19/14:59:06,2574.669936,0.913687,0.876319,0.913687,0.876319,40,29,25,19,0,0,0,0,368,297,290,174
2026/01/19/14:59:07,2575.670607,0.902250,0.845227,0.902250,0.845227,40,26,25,19,0,0,0,0,368,300,290,174
2026/01/19/14:59:08,2576.670695,0.902250,0.845227,0.902250,0.845227,40,26,25,19,0,0,0,0,368,300,290,174
2026/01/19/14:59:09,2577.670774,0.902250,0.845227,0.902250,0.845227,40,26,25,19,0,0,0,0,368,300,290,174
2026/01/19/14:59:10,2578.670895,0.902250,0.845227,0.902250,0.845227,40,26,25,19,0,0,0,0,368,300,290,174
2026/01/19/14:59:11,2579.671077,0.916375,0.854535,0.916375,0.854535,40,26,26,20,0,0,0,0,368,300,290,174
2026/01/19/14:59:12,2580.671128,0.906813,0.849895,0.906813,0.849895,40,26,26,19,0,0,0,0,368,300,290,175
2026/01/19/14:59:13,2581.671258,0.906813,0.849895,0.906813,0.849895,40,26,26,19,0,0,0,0,368,300,290,175
2026/01/19/14:59:14,2582.671365,0.897375,0.843643,0.897375,0.843643,40,25,26,19,0,0,0,0,368,301,290,175
2026/01/19/14:59:15,2583.671456,0.897375,0.843643,0.897375,0.843643,40,25,26,19,0,0,0,0,368,301,290,175
2026/01/19/14:59:16,2584.671564,0.897375,0.843643,0.897375,0.843643,40,25,26,19,0,0,0,0,368,301,290,175
2026/01/19/14:59:17,2585.671638,0.897375,0.843643,0.897375,0.843643,40,25,26,19,0,0,0,0,368,301,290,175
2026/01/19/14:59:18,2586.671793,0.897375,0.843643,0.897375,0.843643,40,25,26,19,0,0,0,0,368,301,290,175
2026/01/19/14:59:19,2587.671903,0.897375,0.843643,0.897375,0.843643,40,25,26,19,0,0,0,0,368,301,290,175
2026/01/19/14:59:20,2588.672075,0.897375,0.843643,0.897375,0.843643,40,25,26,19,0,0,0,0,368,301,290,175
2026/01/19/14:59:21,2589.672152,0.897375,0.843643,0.897375,0.843643,40,25,26,19,0,0,0,0,368,301,290,175
2026/01/19/14:59:22,2590.672218,0.893312,0.837593,0.893312,0.837593,40,25,26,18,0,0,0,0,368,301,290,176
2026/01/19/14:59:23,2591.672394,0.893312,0.837593,0.893312,0.837593,40,25,26,18,0,0,0,0,368,301,290,176
2026/01/19/14:59:24,2592.672498,0.893312,0.837593,0.893312,0.837593,40,25,26,18,0,0,0,0,368,301,290,176
2026/01/19/14:59:25,2593.672595,0.893312,0.837593,0.893312,0.837593,40,25,26,18,0,0,0,0,368,301,290,176
2026/01/19/14:59:26,2594.672686,0.893312,0.837593,0.893312,0.837593,40,25,26,18,0,0,0,0,368,301,290,176
2026/01/19/14:59:27,2595.672769,0.893312,0.837593,0.893312,0.837593,40,25,26,18,0,0,0,0,368,301,290,176
2026/01/19/14:59:28,2596.672877,0.893312,0.837593,0.893312,0.837593,40,25,26,18,0,0,0,0,368,301,290,176
2026/01/19/14:59:29,2597.672966,0.893312,0.837593,0.893312,0.837593,40,25,26,18,0,0,0,0,368,301,290,176
2026/01/19/14:59:30,2598.673105,0.893312,0.837593,0.893312,0.837593,40,25,26,18,0,0,0,0,368,301,290,176
2026/01/19/14:59:31,2599.673149,0.893312,0.837593,0.893312,0.837593,40,25,26,18,0,0,0,0,368,301,290,176
2026/01/19/14:59:32,2600.673258,0.893312,0.837593,0.893312,0.837593,40,25,26,18,0,0,0,0,368,301,290,176
2026/01/19/14:59:33,2601.673334,0.893312,0.837593,0.893312,0.837593,40,25,26,18,0,0,0,0,368,301,290,176
2026/01/19/14:59:34,2602.673439,0.893312,0.837593,0.893312,0.837593,40,25,26,18,0,0,0,0,368,301,290,176
2026/01/19/14:59:35,2603.673574,0.893312,0.837593,0.893312,0.837593,40,25,26,18,0,0,0,0,368,301,290,176
2026/01/19/14:59:36,2604.673675,0.893312,0.837593,0.893312,0.837593,40,25,26,18,0,0,0,0,368,301,290,176
2026/01/19/14:59:37,2605.673781,0.903438,0.849004,0.903438,0.849004,40,25,29,18,0,0,0,0,368,301,290,176
2026/01/19/14:59:38,2606.673866,0.918125,0.869841,1.005125,0.974799,41,26,29,18,2,7,1,0,368,301,290,176
2026/01/19/14:59:39,2607.674012,0.918125,0.869841,1.005125,0.974799,41,26,29,18,2,7,1,0,368,301,290,176
2026/01/19/14:59:40,2608.674128,0.944187,0.907413,1.034625,1.046365,41,28,26,22,4,5,1,2,368,301,293,176
2026/01/19/14:59:41,2609.674221,0.944187,0.907413,1.034625,1.046365,41,28,26,22,4,5,1,2,368,301,293,176
2026/01/19/14:59:42,2610.674324,0.943688,0.899533,1.020375,0.998906,42,27,26,22,3,3,1,2,368,302,293,176
2026/01/19/14:59:43,2611.674439,0.943688,0.899533,1.020375,0.998906,42,27,26,22,3,3,1,2,368,302,293,176
2026/01/19/14:59:44,2612.674536,0.943688,0.899533,1.009750,0.991598,42,27,26,22,3,3,0,2,368,302,293,176
2026/01/19/14:59:45,2613.674619,0.943688,0.899533,1.009750,0.991598,42,27,26,22,3,3,0,2,368,302,293,176
2026/01/19/14:59:46,2614.674709,0.943688,0.899533,1.009750,0.991598,42,27,26,22,3,3,0,2,368,302,293,176
2026/01/19/14:59:47,2615.674808,0.944312,0.921992,0.975063,0.981022,44,26,26,22,1,1,0,2,368,305,293,176
2026/01/19/14:59:48,2616.674945,0.944312,0.921992,0.975063,0.981022,44,26,26,22,1,1,0,2,368,305,293,176
2026/01/19/14:59:49,2617.675123,0.944312,0.921992,0.975063,0.981022,44,26,26,22,1,1,0,2,368,305,293,176
2026/01/19/14:59:50,2618.675212,0.937750,0.924118,0.960125,1.031100,45,25,26,22,1,0,2,2,368,306,293,176
2026/01/19/14:59:51,2619.675366,0.930375,0.926313,0.979250,1.052070,44,25,27,22,2,1,4,2,370,306,293,176
2026/01/19/14:59:52,2620.675511,0.930375,0.926313,0.979250,1.052070,44,25,27,22,2,1,4,2,370,306,293,176
2026/01/19/14:59:53,2621.675610,0.930375,0.926313,0.979250,1.052070,44,25,27,22,2,1,4,2,370,306,293,176
2026/01/19/14:59:54,2622.675806,0.945750,0.919917,0.971250,0.999859,44,26,29,22,2,0,0,2,370,306,294,176
2026/01/19/14:59:55,2623.675944,0.919063,0.902072,0.944562,0.982014,43,26,29,19,2,0,0,2,371,306,294,179
2026/01/19/14:59:56,2624.676068,0.919063,0.902072,0.944562,0.982014,43,26,29,19,2,0,0,2,371,306,294,179
2026/01/19/14:59:57,2625.676192,0.919063,0.902072,0.944562,0.982014,43,26,29,19,2,0,0,2,371,306,294,179
2026/01/19/14:59:58,2626.676342,0.919063,0.902072,0.944562,0.982014,43,26,29,19,2,0,0,2,371,306,294,179
2026/01/19/14:59:59,2627.676444,0.913563,0.897753,0.939063,0.977695,43,25,29,19,2,0,0,2,371,307,294,179
2026/01/19/15:00:00,2628.676540,0.904438,0.900908,0.925188,0.962304,43,25,26,20,2,0,0,1,371,307,297,179
2026/01/19/15:00:01,2629.676689,0.904438,0.900908,0.925188,0.962304,43,25,26,20,2,0,0,1,371,307,297,179
2026/01/19/15:00:02,2630.676834,0.904438,0.900908,0.925188,0.962304,43,25,26,20,2,0,0,1,371,307,297,179
2026/01/19/15:00:03,2631.676929,0.904438,0.900908,0.925188,0.962304,43,25,26,20,2,0,0,1,371,307,297,179
2026/01/19/15:00:04,2632.676992,0.904438,0.900908,0.925188,0.962304,43,25,26,20,2,0,0,1,371,307,297,179
2026/01/19/15:00:05,2633.677122,0.904438,0.900908,0.925188,0.962304,43,25,26,20,2,0,0,1,371,307,297,179
2026/01/19/15:00:06,2634.677223,0.904438,0.900908,0.925188,0.962304,43,25,26,20,2,0,0,1,371,307,297,179
2026/01/19/15:00:07,2635.677314,0.933937,0.906098,0.945063,0.931268,46,29,26,18,1,0,0,0,371,307,297,181
2026/01/19/15:00:08,2636.677416,0.933937,0.906098,0.945063,0.931268,46,29,26,18,1,0,0,0,371,307,297,181
2026/01/19/15:00:09,2637.677509,0.941063,0.912720,0.952187,0.937891,46,29,26,20,1,0,0,0,371,307,297,181
2026/01/19/15:00:10,2638.677621,0.941063,0.912720,0.952187,0.937891,46,29,26,20,1,0,0,0,371,307,297,181
2026/01/19/15:00:11,2639.677707,0.941063,0.912720,0.952187,0.937891,46,29,26,20,1,0,0,0,371,307,297,181
2026/01/19/15:00:12,2640.677797,0.941063,0.912720,0.952187,0.937891,46,29,26,20,1,0,0,0,371,307,297,181
2026/01/19/15:00:13,2641.677882,0.941063,0.912720,0.952187,0.937891,46,29,26,20,1,0,0,0,371,307,297,181
2026/01/19/15:00:14,2642.678039,0.941063,0.912720,0.952187,0.937891,46,29,26,20,1,0,0,0,371,307,297,181
2026/01/19/15:00:15,2643.678119,0.941063,0.912720,0.952187,0.937891,46,29,26,20,1,0,0,0,371,307,297,181
2026/01/19/15:00:16,2644.678226,0.941063,0.912720,0.952187,0.937891,46,29,26,20,1,0,0,0,371,307,297,181
2026/01/19/15:00:18,2647.009483,0.941063,0.912720,0.952187,0.937891,46,29,26,20,1,0,0,0,371,307,297,181
2026/01/19/15:00:20,2649.011823,0.934063,0.908041,0.945187,0.933212,45,29,26,20,1,0,0,0,372,307,297,181
2026/01/19/15:00:24,2653.114678,0.934063,0.908041,0.945187,0.933212,45,29,26,20,1,0,0,0,372,307,297,181
2026/01/19/15:00:28,2657.120817,0.920000,0.895491,0.931125,0.920662,45,26,26,20,1,0,0,0,372,310,297,181
2026/01/19/15:00:31,2660.128794,0.920000,0.895491,0.931125,0.920662,45,26,26,20,1,0,0,0,372,310,297,181
2026/01/19/15:00:32,2661.128906,0.920000,0.895491,0.931125,0.920662,45,26,26,20,1,0,0,0,372,310,297,181
2026/01/19/15:00:33,2662.129088,0.920000,0.895491,0.931125,0.920662,45,26,26,20,1,0,0,0,372,310,297,181
2026/01/19/15:00:34,2663.129216,0.920000,0.895491,0.931125,0.920662,45,26,26,20,1,0,0,0,372,310,297,181
2026/01/19/15:00:35,2664.129304,0.920000,0.895491,0.931125,0.920662,45,26,26,20,1,0,0,0,372,310,297,181
2026/01/19/15:00:36,2665.129367,0.920000,0.895491,0.931125,0.920662,45,26,26,20,1,0,0,0,372,310,297,181
2026/01/19/15:00:37,2666.129467,0.920000,0.895491,0.931125,0.920662,45,26,26,20,1,0,0,0,372,310,297,181
2026/01/19/15:00:38,2667.204686,0.920000,0.895491,0.931125,0.920662,45,26,26,20,1,0,0,0,372,310,297,181
2026/01/19/15:00:39,2668.204749,0.920000,0.895491,0.931125,0.920662,45,26,26,20,1,0,0,0,372,310,297,181
2026/01/19/15:00:40,2669.204849,0.931125,0.920662,0.931125,0.920662,46,26,26,20,0,0,0,0,374,310,297,181
2026/01/19/15:00:41,2670.204964,0.931125,0.920662,0.931125,0.920662,46,26,26,20,0,0,0,0,374,310,297,181
2026/01/19/15:00:42,2671.205025,0.931125,0.920662,0.931125,0.920662,46,26,26,20,0,0,0,0,374,310,297,181
2026/01/19/15:00:43,2672.205127,0.931125,0.920662,0.931125,0.920662,46,26,26,20,0,0,0,0,374,310,297,181
2026/01/19/15:00:44,2673.205219,0.931125,0.920662,0.931125,0.920662,46,26,26,20,0,0,0,0,374,310,297,181
2026/01/19/15:00:45,2674.205323,0.927250,0.911492,0.927250,0.911492,45,26,26,20,0,0,0,0,375,310,297,181
2026/01/19/15:00:46,2675.205429,0.927250,0.911492,0.927250,0.911492,45,26,26,20,0,0,0,0,375,310,297,181
2026/01/19/15:00:47,2676.205510,0.927250,0.911492,0.927250,0.911492,45,26,26,20,0,0,0,0,375,310,297,181
2026/01/19/15:00:48,2677.205615,0.927250,0.911492,0.927250,0.911492,45,26,26,20,0,0,0,0,375,310,297,181
2026/01/19/15:00:49,2678.205708,0.927250,0.911492,0.927250,0.911492,45,26,26,20,0,0,0,0,375,310,297,181
2026/01/19/15:00:50,2679.205811,0.927250,0.911492,0.927250,0.911492,45,26,26,20,0,0,0,0,375,310,297,181
2026/01/19/15:00:51,2680.205901,0.927250,0.911492,0.927250,0.911492,45,26,26,20,0,0,0,0,375,310,297,181
2026/01/19/15:00:52,2681.205995,0.922063,0.907499,0.922063,0.907499,45,25,26,20,0,0,0,0,375,311,297,181
2026/01/19/15:00:53,2682.206105,0.922063,0.907499,0.922063,0.907499,45,25,26,20,0,0,0,0,375,311,297,181
2026/01/19/15:00:54,2683.206196,0.922063,0.907499,0.922063,0.907499,45,25,26,20,0,0,0,0,375,311,297,181
2026/01/19/15:00:55,2684.206297,0.922063,0.907499,0.922063,0.907499,45,25,26,20,0,0,0,0,375,311,297,181
2026/01/19/15:00:56,2685.206394,0.922063,0.907499,0.922063,0.907499,45,25,26,20,0,0,0,0,375,311,297,181
2026/01/19/15:00:57,2686.206503,0.922063,0.907499,0.922063,0.907499,45,25,26,20,0,0,0,0,375,311,297,181
2026/01/19/15:00:58,2687.206582,0.922063,0.907499,0.922063,0.907499,45,25,26,20,0,0,0,0,375,311,297,181
2026/01/19/15:00:59,2688.206683,0.922063,0.907499,0.922063,0.907499,45,25,26,20,0,0,0,0,375,311,297,181
2026/01/19/15:01:00,2689.206742,0.909312,0.897384,0.909312,0.897384,42,25,26,20,0,0,0,0,378,311,297,181
2026/01/19/15:01:01,2690.206873,0.909312,0.897384,0.909312,0.897384,42,25,26,20,0,0,0,0,378,311,297,181
2026/01/19/15:01:02,2691.206953,0.909312,0.897384,0.909312,0.897384,42,25,26,20,0,0,0,0,378,311,297,181
2026/01/19/15:01:03,2692.207033,0.925500,0.940718,0.929063,0.963920,45,26,26,20,0,0,0,1,378,311,297,181
2026/01/19/15:01:04,2693.207152,0.925500,0.940718,0.929063,0.963920,45,26,26,20,0,0,0,1,378,311,297,181
2026/01/19/15:01:05,2694.207217,0.919937,0.936391,0.919937,0.936391,44,26,26,20,0,0,0,0,379,311,297,181
2026/01/19/15:01:06,2695.207339,0.919937,0.936391,0.919937,0.936391,44,26,26,20,0,0,0,0,379,311,297,181
2026/01/19/15:01:07,2696.207421,0.919937,0.936391,0.919937,0.936391,44,26,26,20,0,0,0,0,379,311,297,181
2026/01/19/15:01:08,2697.207516,0.919937,0.936391,0.919937,0.936391,44,26,26,20,0,0,0,0,379,311,297,181
2026/01/19/15:01:09,2698.207617,0.919937,0.936391,0.919937,0.936391,44,26,26,20,0,0,0,0,379,311,297,181
2026/01/19/15:01:10,2699.207711,0.919937,0.936391,0.919937,0.936391,44,26,26,20,0,0,0,0,379,311,297,181
2026/01/19/15:01:11,2700.207812,0.919937,0.936391,0.919937,0.936391,44,26,26,20,0,0,0,0,379,311,297,181
2026/01/19/15:01:12,2701.207919,0.919937,0.936391,0.919937,0.936391,44,26,26,20,0,0,0,0,379,311,297,181
2026/01/19/15:01:13,2702.208006,0.919937,0.936391,0.919937,0.936391,44,26,26,20,0,0,0,0,379,311,297,181
2026/01/19/15:01:14,2703.208103,0.919937,0.936391,0.919937,0.936391,44,26,26,20,0,0,0,0,379,311,297,181
2026/01/19/15:01:15,2704.208172,0.919937,0.936391,0.919937,0.936391,44,26,26,20,0,0,0,0,379,311,297,181
2026/01/19/15:01:16,2705.208276,0.919937,0.936391,0.919937,0.936391,44,26,26,20,0,0,0,0,379,311,297,181
2026/01/19/15:01:17,2706.208380,0.919937,0.936391,0.919937,0.936391,44,26,26,20,0,0,0,0,379,311,297,181
2026/01/19/15:01:18,2707.208449,0.919937,0.936391,0.919937,0.936391,44,26,26,20,0,0,0,0,379,311,297,181
2026/01/19/15:01:19,2708.208551,0.919937,0.936391,0.919937,0.936391,44,26,26,20,0,0,0,0,379,311,297,181
2026/01/19/15:01:20,2709.208666,0.919937,0.936391,0.919937,0.936391,44,26,26,20,0,0,0,0,379,311,297,181
2026/01/19/15:01:21,2710.208753,0.933312,0.952066,1.013375,1.066553,45,26,28,20,4,2,2,3,379,311,297,181
2026/01/19/15:01:22,2711.208812,0.940625,0.955472,1.067500,1.122343,45,27,28,20,9,3,4,3,379,311,297,181
2026/01/19/15:01:23,2712.208871,0.942688,0.962145,1.120875,1.172061,45,27,29,20,9,3,4,9,379,311,298,181
2026/01/19/15:01:24,2713.208953,0.948187,0.948671,1.196750,1.156988,44,27,30,21,9,2,3,15,381,311,298,181
2026/01/19/15:01:25,2714.209084,0.945438,0.942373,1.184125,1.143045,44,27,29,21,7,2,3,15,382,311,299,181
2026/01/19/15:01:26,2715.209139,0.945438,0.942373,1.150813,1.115879,44,27,29,21,7,1,3,12,382,311,299,181
2026/01/19/15:01:27,2716.209235,0.938125,0.938966,1.136187,1.109066,44,26,29,21,7,0,3,12,382,312,299,181
2026/01/19/15:01:28,2717.209349,0.935813,0.929631,1.108625,1.047581,44,26,27,22,7,0,2,8,382,312,301,181
2026/01/19/15:01:29,2718.209437,0.928438,0.943205,1.072125,1.013361,43,26,27,24,4,0,2,6,385,312,301,181
2026/01/19/15:01:30,2719.209496,0.928438,0.943205,1.072125,1.013361,43,26,27,24,4,0,2,6,385,312,301,181
2026/01/19/15:01:31,2720.209605,0.928438,0.943205,1.072125,1.013361,43,26,27,24,4,0,2,6,385,312,301,181
2026/01/19/15:01:32,2721.209790,0.929625,0.943163,1.068188,1.008984,44,26,26,24,3,0,2,6,385,312,302,181
2026/01/19/15:01:33,2722.209908,0.929625,0.943163,1.068188,1.008984,44,26,26,24,3,0,2,6,385,312,302,181
2026/01/19/15:01:34,2723.210011,0.929625,0.943163,1.138250,1.083279,44,26,26,24,6,0,2,12,385,312,302,181
2026/01/19/15:01:35,2724.210129,0.929625,0.943163,1.074500,1.073707,44,26,26,24,6,0,2,9,385,312,302,181
2026/01/19/15:01:36,2725.210226,0.929625,0.943163,1.074500,1.073707,44,26,26,24,6,0,2,9,385,312,302,181
2026/01/19/15:01:37,2726.210327,0.930312,0.948697,1.014000,1.026378,44,25,26,25,3,0,2,5,385,313,302,181
2026/01/19/15:01:38,2727.210412,0.927500,0.942050,1.003125,1.000333,44,25,26,24,3,0,2,3,385,313,302,183
2026/01/19/15:01:39,2728.210558,0.924813,0.946143,0.996000,0.993710,44,25,26,23,3,0,2,2,385,313,302,185
2026/01/19/15:01:40,2729.210650,0.924813,0.946143,0.996000,0.993710,44,25,26,23,3,0,2,2,385,313,302,185
2026/01/19/15:01:41,2730.210748,0.924813,0.946143,0.996000,0.993710,44,25,26,23,3,0,2,2,385,313,302,185
2026/01/19/15:01:42,2731.210835,0.924813,0.946143,0.996000,0.993710,44,25,26,23,3,0,2,2,385,313,302,185
2026/01/19/15:01:43,2732.210921,0.926188,0.943274,0.958500,0.974194,44,24,27,23,3,0,1,0,385,314,302,185
2026/01/19/15:01:44,2733.211034,0.926188,0.943274,0.958500,0.974194,44,24,27,23,3,0,1,0,385,314,302,185
2026/01/19/15:01:45,2734.211149,0.926000,0.947110,0.943125,0.961189,43,24,27,23,1,0,1,0,388,314,302,185
2026/01/19/15:01:46,2735.211231,0.926000,0.947110,0.943125,0.961189,43,24,27,23,1,0,1,0,388,314,302,185
2026/01/19/15:01:47,2736.211337,0.926000,0.947110,0.943125,0.961189,43,24,27,23,1,0,1,0,388,314,302,185
2026/01/19/15:01:48,2737.211485,0.926000,0.947110,0.943125,0.961189,43,24,27,23,1,0,1,0,388,314,302,185
2026/01/19/15:01:49,2738.211587,0.926000,0.947110,0.943125,0.961189,43,24,27,23,1,0,1,0,388,314,302,185
2026/01/19/15:01:50,2739.211665,0.926000,0.947110,0.943125,0.961189,43,24,27,23,1,0,1,0,388,314,302,185
2026/01/19/15:01:51,2740.211763,0.926000,0.947110,0.943125,0.961189,43,24,27,23,1,0,1,0,388,314,302,185
2026/01/19/15:01:52,2741.211876,0.926000,0.947110,0.943125,0.961189,43,24,27,23,1,0,1,0,388,314,302,185
2026/01/19/15:01:53,2742.211965,0.926000,0.947110,0.943125,0.961189,43,24,27,23,1,0,1,0,388,314,302,185
2026/01/19/15:01:54,2743.212070,0.926000,0.947110,0.943125,0.961189,43,24,27,23,1,0,1,0,388,314,302,185
2026/01/19/15:01:55,2744.212132,0.920875,0.910848,0.920875,0.910848,42,24,28,23,0,0,0,0,390,314,302,185
2026/01/19/15:01:56,2745.212240,0.920875,0.910848,0.920875,0.910848,42,24,28,23,0,0,0,0,390,314,302,185
2026/01/19/15:01:57,2746.212327,0.920875,0.910848,0.920875,0.910848,42,24,28,23,0,0,0,0,390,314,302,185
2026/01/19/15:01:58,2747.212392,0.920875,0.910848,0.920875,0.910848,42,24,28,23,0,0,0,0,390,314,302,185
2026/01/19/15:01:59,2748.212486,0.920875,0.910848,0.920875,0.910848,42,24,28,23,0,0,0,0,390,314,302,185
2026/01/19/15:02:00,2749.212566,0.920875,0.910848,0.920875,0.910848,42,24,28,23,0,0,0,0,390,314,302,185
2026/01/19/15:02:01,2750.212688,0.920875,0.910848,0.920875,0.910848,42,24,28,23,0,0,0,0,390,314,302,185
2026/01/19/15:02:02,2751.212743,0.907563,0.878700,0.907563,0.878700,42,24,28,20,0,0,0,0,390,314,302,188
2026/01/19/15:02:03,2752.212865,0.907563,0.878700,0.907563,0.878700,42,24,28,20,0,0,0,0,390,314,302,188
2026/01/19/15:02:04,2753.212970,0.907563,0.878700,0.907563,0.878700,42,24,28,20,0,0,0,0,390,314,302,188
2026/01/19/15:02:05,2754.213172,0.907563,0.878700,0.907563,0.878700,42,24,28,20,0,0,0,0,390,314,302,188
2026/01/19/15:02:06,2755.213217,0.902125,0.873008,0.902125,0.873008,42,24,28,19,0,0,0,0,390,314,302,189
2026/01/19/15:02:07,2756.213305,0.902125,0.873008,0.902125,0.873008,42,24,28,19,0,0,0,0,390,314,302,189
2026/01/19/15:02:08,2757.213387,0.902125,0.873008,0.902125,0.873008,42,24,28,19,0,0,0,0,390,314,302,189
2026/01/19/15:02:09,2758.213486,0.902125,0.873008,0.902125,0.873008,42,24,28,19,0,0,0,0,390,314,302,189
2026/01/19/15:02:10,2759.213575,0.902125,0.873008,0.902125,0.873008,42,24,28,19,0,0,0,0,390,314,302,189
2026/01/19/15:02:11,2760.213650,0.902125,0.873008,0.902125,0.873008,42,24,28,19,0,0,0,0,390,314,302,189
2026/01/19/15:02:12,2761.213773,0.902125,0.873008,0.902125,0.873008,42,24,28,19,0,0,0,0,390,314,302,189
2026/01/19/15:02:13,2762.213851,0.902125,0.873008,0.902125,0.873008,42,24,28,19,0,0,0,0,390,314,302,189
2026/01/19/15:02:14,2763.213939,0.902125,0.873008,0.902125,0.873008,42,24,28,19,0,0,0,0,390,314,302,189
2026/01/19/15:02:15,2764.214030,0.902125,0.873008,0.902125,0.873008,42,24,28,19,0,0,0,0,390,314,302,189
2026/01/19/15:02:16,2765.214153,0.902125,0.873008,0.902125,0.873008,42,24,28,19,0,0,0,0,390,314,302,189
2026/01/19/15:02:17,2766.214253,0.902125,0.873008,0.902125,0.873008,42,24,28,19,0,0,0,0,390,314,302,189
2026/01/19/15:02:18,2767.214331,0.902125,0.873008,0.902125,0.873008,42,24,28,19,0,0,0,0,390,314,302,189
2026/01/19/15:02:19,2768.214444,0.897813,0.867741,0.897813,0.867741,42,23,28,19,0,0,0,0,390,315,302,189
2026/01/19/15:02:20,2769.214525,0.897813,0.867741,0.897813,0.867741,42,23,28,19,0,0,0,0,390,315,302,189
2026/01/19/15:02:21,2770.214613,0.897813,0.867741,0.897813,0.867741,42,23,28,19,0,0,0,0,390,315,302,189
2026/01/19/15:02:22,2771.214698,0.897813,0.867741,0.897813,0.867741,42,23,28,19,0,0,0,0,390,315,302,189
2026/01/19/15:02:23,2772.214778,0.897813,0.867741,0.897813,0.867741,42,23,28,19,0,0,0,0,390,315,302,189
2026/01/19/15:02:24,2773.214903,0.897813,0.867741,0.897813,0.867741,42,23,28,19,0,0,0,0,390,315,302,189
2026/01/19/15:02:25,2774.214986,0.897813,0.867741,0.897813,0.867741,42,23,28,19,0,0,0,0,390,315,302,189
2026/01/19/15:02:26,2775.215111,0.897813,0.867741,0.897813,0.867741,42,23,28,19,0,0,0,0,390,315,302,189
2026/01/19/15:02:27,2776.215162,0.892875,0.862405,0.892875,0.862405,42,23,28,18,0,0,0,0,390,315,302,190
2026/01/19/15:02:28,2777.215252,0.892875,0.862405,0.892875,0.862405,42,23,28,18,0,0,0,0,390,315,302,190
2026/01/19/15:02:29,2778.215329,0.892875,0.862405,0.892875,0.862405,42,23,28,18,0,0,0,0,390,315,302,190
2026/01/19/15:02:30,2779.215427,0.892875,0.862405,0.892875,0.862405,42,23,28,18,0,0,0,0,390,315,302,190
2026/01/19/15:02:31,2780.215525,0.892875,0.862405,0.892875,0.862405,42,23,28,18,0,0,0,0,390,315,302,190
2026/01/19/15:02:32,2781.215621,0.892875,0.862405,0.892875,0.862405,42,23,28,18,0,0,0,0,390,315,302,190
2026/01/19/15:02:33,2782.215712,0.892875,0.862405,0.892875,0.862405,42,23,28,18,0,0,0,0,390,315,302,190
2026/01/19/15:02:34,2783.215805,0.892875,0.862405,0.892875,0.862405,42,23,28,18,0,0,0,0,390,315,302,190
2026/01/19/15:02:35,2784.215900,0.892875,0.862405,0.892875,0.862405,42,23,28,18,0,0,0,0,390,315,302,190
2026/01/19/15:02:36,2785.215977,0.892875,0.862405,0.892875,0.862405,42,23,28,18,0,0,0,0,390,315,302,190
2026/01/19/15:02:37,2786.216104,0.896062,0.871210,0.899250,0.880016,42,24,28,18,0,1,0,0,390,315,302,190
2026/01/19/15:02:38,2787.216164,0.899250,0.880016,0.899250,0.880016,42,25,28,18,0,0,0,0,390,315,302,190
2026/01/19/15:02:39,2788.216271,0.928813,0.913847,0.928813,0.913847,46,25,28,20,0,0,0,0,390,315,302,190
2026/01/19/15:02:40,2789.216369,0.928813,0.913847,0.928813,0.913847,46,25,28,20,0,0,0,0,390,315,302,190
2026/01/19/15:02:41,2790.216455,0.928813,0.913847,0.928813,0.913847,46,25,28,20,0,0,0,0,390,315,302,190
2026/01/19/15:02:42,2791.216540,0.924875,0.907686,0.924875,0.907686,45,25,28,20,0,0,0,0,391,315,302,190
2026/01/19/15:02:43,2792.216640,0.921250,0.901289,0.921250,0.901289,44,25,28,20,0,0,0,0,392,315,302,190
2026/01/19/15:02:44,2793.216719,0.921250,0.901289,0.921250,0.901289,44,25,28,20,0,0,0,0,392,315,302,190
2026/01/19/15:02:45,2794.216879,0.914875,0.883678,0.914875,0.883678,44,23,28,20,0,0,0,0,392,317,302,190
2026/01/19/15:02:46,2795.216979,0.914875,0.883678,0.914875,0.883678,44,23,28,20,0,0,0,0,392,317,302,190
2026/01/19/15:02:47,2796.217106,0.909312,0.877859,0.909312,0.877859,44,23,28,19,0,0,0,0,392,317,302,191
2026/01/19/15:02:48,2797.217138,0.909312,0.877859,0.909312,0.877859,44,23,28,19,0,0,0,0,392,317,302,191
2026/01/19/15:02:49,2798.217232,0.929813,0.900408,0.929813,0.900408,45,23,31,19,0,0,0,0,392,317,302,191
2026/01/19/15:02:50,2799.217321,0.929813,0.900408,0.929813,0.900408,45,23,31,19,0,0,0,0,392,317,302,191
2026/01/19/15:02:51,2800.217391,0.923438,0.892754,0.923438,0.892754,43,23,31,19,0,0,0,0,394,317,302,191
2026/01/19/15:02:52,2801.217492,0.923438,0.892754,0.923438,0.892754,43,23,31,19,0,0,0,0,394,317,302,191
2026/01/19/15:02:53,2802.217602,0.923438,0.892754,0.923438,0.892754,43,23,31,19,0,0,0,0,394,317,302,191
2026/01/19/15:02:54,2803.217688,0.923438,0.892754,0.923438,0.892754,43,23,31,19,0,0,0,0,394,317,302,191
2026/01/19/15:02:55,2804.217787,0.923438,0.892754,0.923438,0.892754,43,23,31,19,0,0,0,0,394,317,302,191
2026/01/19/15:02:56,2805.217877,0.923438,0.892754,0.923438,0.892754,43,23,31,19,0,0,0,0,394,317,302,191
2026/01/19/15:02:57,2806.217971,0.923438,0.892754,0.923438,0.892754,43,23,31,19,0,0,0,0,394,317,302,191
2026/01/19/15:02:58,2807.218036,0.923438,0.892754,0.923438,0.892754,43,23,31,19,0,0,0,0,394,317,302,191
2026/01/19/15:02:59,2808.218150,0.923438,0.892754,0.923438,0.892754,43,23,31,19,0,0,0,0,394,317,302,191
2026/01/19/15:03:00,2809.218246,0.923438,0.892754,0.923438,0.892754,43,23,31,19,0,0,0,0,394,317,302,191
2026/01/19/15:03:01,2810.218284,0.908438,0.873500,0.908438,0.873500,43,23,28,19,0,0,0,0,394,317,305,191
2026/01/19/15:03:02,2811.218381,0.908438,0.873500,0.908438,0.873500,43,23,28,19,0,0,0,0,394,317,305,191
2026/01/19/15:03:03,2812.218479,0.956125,0.911852,0.956125,0.911852,45,26,28,22,0,0,0,0,394,317,305,191
2026/01/19/15:03:04,2813.218559,0.956125,0.911852,0.956125,0.911852,45,26,28,22,0,0,0,0,394,317,305,191
2026/01/19/15:03:05,2814.218683,0.933562,0.889205,0.933562,0.889205,43,26,28,21,0,0,0,0,396,317,305,192
2026/01/19/15:03:06,2815.218795,0.919125,0.879035,0.919125,0.879035,43,26,28,18,0,0,0,0,396,317,305,195
2026/01/19/15:03:07,2816.218871,0.919125,0.879035,0.919125,0.879035,43,26,28,18,0,0,0,0,396,317,305,195
2026/01/19/15:03:08,2817.218973,0.919125,0.879035,0.919125,0.879035,43,26,28,18,0,0,0,0,396,317,305,195
2026/01/19/15:03:09,2818.219045,0.919125,0.879035,0.919125,0.879035,43,26,28,18,0,0,0,0,396,317,305,195
2026/01/19/15:03:10,2819.219152,0.919125,0.879035,0.919125,0.879035,43,26,28,18,0,0,0,0,396,317,305,195
2026/01/19/15:03:11,2820.219246,0.913625,0.875740,0.913625,0.875740,42,26,28,18,0,0,0,0,397,317,305,195
2026/01/19/15:03:12,2821.219318,0.913625,0.875740,0.913625,0.875740,42,26,28,18,0,0,0,0,397,317,305,195
2026/01/19/15:03:13,2822.219424,0.913625,0.875740,0.913625,0.875740,42,26,28,18,0,0,0,0,397,317,305,195
2026/01/19/15:03:14,2823.219549,0.913625,0.875740,0.913625,0.875740,42,26,28,18,0,0,0,0,397,317,305,195
2026/01/19/15:03:15,2824.219645,0.913625,0.875740,0.913625,0.875740,42,26,28,18,0,0,0,0,397,317,305,195
2026/01/19/15:03:16,2825.219762,0.913625,0.875740,0.913625,0.875740,42,26,28,18,0,0,0,0,397,317,305,195
2026/01/19/15:03:17,2826.219860,0.913625,0.875740,0.913625,0.875740,42,26,28,18,0,0,0,0,397,317,305,195
2026/01/19/15:03:18,2827.219957,0.913625,0.875740,0.913625,0.875740,42,26,28,18,0,0,0,0,397,317,305,195
2026/01/19/15:03:19,2828.220026,0.913625,0.875740,0.913625,0.875740,42,26,28,18,0,0,0,0,397,317,305,195
2026/01/19/15:03:20,2829.220134,0.913625,0.875740,0.913625,0.875740,42,26,28,18,0,0,0,0,397,317,305,195
2026/01/19/15:03:21,2830.220271,0.913625,0.875740,0.913625,0.875740,42,26,28,18,0,0,0,0,397,317,305,195
2026/01/19/15:03:22,2831.220353,0.913625,0.875740,0.913625,0.875740,42,26,28,18,0,0,0,0,397,317,305,195
2026/01/19/15:03:23,2832.220449,0.913625,0.875740,0.913625,0.875740,42,26,28,18,0,0,0,0,397,317,305,195
2026/01/19/15:03:24,2833.220536,0.913625,0.875740,0.913625,0.875740,42,26,28,18,0,0,0,0,397,317,305,195
2026/01/19/15:03:25,2834.220641,0.913625,0.875740,0.913625,0.875740,42,26,28,18,0,0,0,0,397,317,305,195
2026/01/19/15:03:26,2835.220740,0.913625,0.875740,0.913625,0.875740,42,26,28,18,0,0,0,0,397,317,305,195
2026/01/19/15:03:27,2836.220818,0.913625,0.875740,0.913625,0.875740,42,26,28,18,0,0,0,0,397,317,305,195
2026/01/19/15:03:28,2837.220931,0.913625,0.875740,0.913625,0.875740,42,26,28,18,0,0,0,0,397,317,305,195
2026/01/19/15:03:29,2838.221023,0.913625,0.875740,0.913625,0.875740,42,26,28,18,0,0,0,0,397,317,305,195
2026/01/19/15:03:30,2839.221094,0.913625,0.875740,0.913625,0.875740,42,26,28,18,0,0,0,0,397,317,305,195
2026/01/19/15:03:31,2840.221208,0.913625,0.875740,0.913625,0.875740,42,26,28,18,0,0,0,0,397,317,305,195
2026/01/19/15:03:32,2841.221309,0.913625,0.875740,0.913625,0.875740,42,26,28,18,0,0,0,0,397,317,305,195
2026/01/19/15:03:33,2842.221454,0.913625,0.875740,0.913625,0.875740,42,26,28,18,0,0,0,0,397,317,305,195
2026/01/19/15:03:34,2843.221597,0.913625,0.875740,0.913625,0.875740,42,26,28,18,0,0,0,0,397,317,305,195
2026/01/19/15:03:35,2844.221682,0.902000,0.854013,0.902000,0.854013,39,26,28,18,0,0,0,0,400,317,305,195
2026/01/19/15:03:36,2845.221795,0.902000,0.854013,0.902000,0.854013,39,26,28,18,0,0,0,0,400,317,305,195
2026/01/19/15:03:37,2846.221898,0.902000,0.854013,0.902000,0.854013,39,26,28,18,0,0,0,0,400,317,305,195
2026/01/19/15:03:38,2847.221995,0.902000,0.854013,0.902000,0.854013,39,26,28,18,0,0,0,0,400,317,305,195
2026/01/19/15:03:39,2848.222089,0.902000,0.854013,0.902000,0.854013,39,26,28,18,0,0,0,0,400,317,305,195
2026/01/19/15:03:40,2849.222176,0.902000,0.854013,0.902000,0.854013,39,26,28,18,0,0,0,0,400,317,305,195
2026/01/19/15:03:41,2850.222239,0.902000,0.854013,0.902000,0.854013,39,26,28,18,0,0,0,0,400,317,305,195
2026/01/19/15:03:42,2851.222328,0.902000,0.854013,0.902000,0.854013,39,26,28,18,0,0,0,0,400,317,305,195
2026/01/19/15:03:43,2852.222426,0.902000,0.854013,0.902000,0.854013,39,26,28,18,0,0,0,0,400,317,305,195
2026/01/19/15:03:44,2853.222498,0.902000,0.854013,0.902000,0.854013,39,26,28,18,0,0,0,0,400,317,305,195
2026/01/19/15:03:45,2854.222607,0.902000,0.854013,0.902000,0.854013,39,26,28,18,0,0,0,0,400,317,305,195
2026/01/19/15:03:46,2855.222707,0.902000,0.854013,0.902000,0.854013,39,26,28,18,0,0,0,0,400,317,305,195
2026/01/19/15:03:47,2856.222775,0.902000,0.854013,0.902000,0.854013,39,26,28,18,0,0,0,0,400,317,305,195
2026/01/19/15:03:48,2857.222877,0.902000,0.854013,0.902000,0.854013,39,26,28,18,0,0,0,0,400,317,305,195
2026/01/19/15:03:49,2858.222953,0.894000,0.850392,0.894000,0.850392,39,25,28,18,0,0,0,0,400,318,305,195
2026/01/19/15:03:50,2859.223082,0.894000,0.850392,0.894000,0.850392,39,25,28,18,0,0,0,0,400,318,305,195
2026/01/19/15:03:51,2860.223135,0.894000,0.850392,0.894000,0.850392,39,25,28,18,0,0,0,0,400,318,305,195
2026/01/19/15:03:52,2861.223241,0.894000,0.850392,0.894000,0.850392,39,25,28,18,0,0,0,0,400,318,305,195
2026/01/19/15:03:53,2862.223330,0.894000,0.850392,0.894000,0.850392,39,25,28,18,0,0,0,0,400,318,305,195
2026/01/19/15:03:54,2863.223432,0.894000,0.850392,0.894000,0.850392,39,25,28,18,0,0,0,0,400,318,305,195
2026/01/19/15:03:55,2864.223523,0.894000,0.850392,0.894000,0.850392,39,25,28,18,0,0,0,0,400,318,305,195
2026/01/19/15:03:56,2865.223636,0.894000,0.850392,0.894000,0.850392,39,25,28,18,0,0,0,0,400,318,305,195
2026/01/19/15:03:57,2866.223696,0.894000,0.850392,0.894000,0.850392,39,25,28,18,0,0,0,0,400,318,305,195
2026/01/19/15:03:58,2867.223807,0.920000,0.867573,0.940688,0.871660,41,25,30,18,0,0,1,0,400,318,305,195
2026/01/19/15:03:59,2868.223888,0.920000,0.867573,0.940688,0.871660,41,25,30,18,0,0,1,0,400,318,305,195
2026/01/19/15:04:00,2869.224024,0.920000,0.867573,0.940688,0.871660,41,25,30,18,0,0,1,0,400,318,305,195
2026/01/19/15:04:01,2870.224167,0.911875,0.857767,0.932562,0.861854,41,25,28,18,0,0,1,0,400,318,307,195
2026/01/19/15:04:02,2871.224257,0.911875,0.857767,0.932562,0.861854,41,25,28,18,0,0,1,0,400,318,307,195
2026/01/19/15:04:03,2872.224347,0.884000,0.802876,0.884000,0.802876,38,25,29,18,0,0,0,0,403,318,307,195
2026/01/19/15:04:04,2873.224446,0.873750,0.784158,0.873750,0.784158,38,25,27,18,0,0,0,0,403,318,309,195
2026/01/19/15:04:05,2874.224538,0.873750,0.784158,0.873750,0.784158,38,25,27,18,0,0,0,0,403,318,309,195
2026/01/19/15:04:06,2875.224631,0.873750,0.784158,0.873750,0.784158,38,25,27,18,0,0,0,0,403,318,309,195
2026/01/19/15:04:07,2876.224769,0.873750,0.784158,0.873750,0.784158,38,25,27,18,0,0,0,0,403,318,309,195
2026/01/19/15:04:08,2877.224868,0.873750,0.784158,0.873750,0.784158,38,25,27,18,0,0,0,0,403,318,309,195
2026/01/19/15:04:09,2878.224954,0.873750,0.784158,0.873750,0.784158,38,25,27,18,0,0,0,0,403,318,309,195
2026/01/19/15:04:10,2879.225065,0.873750,0.784158,0.873750,0.784158,38,25,27,18,0,0,0,0,403,318,309,195
2026/01/19/15:04:11,2880.225245,0.873750,0.784158,0.873750,0.784158,38,25,27,18,0,0,0,0,403,318,309,195
2026/01/19/15:04:12,2881.225264,0.873750,0.784158,0.873750,0.784158,38,25,27,18,0,0,0,0,403,318,309,195
2026/01/19/15:04:13,2882.225354,0.873750,0.784158,0.873750,0.784158,38,25,27,18,0,0,0,0,403,318,309,195
2026/01/19/15:04:14,2883.225446,0.853062,0.780071,0.853062,0.780071,38,25,26,18,0,0,0,0,403,318,310,195
2026/01/19/15:04:15,2884.225562,0.853062,0.780071,0.853062,0.780071,38,25,26,18,0,0,0,0,403,318,310,195
2026/01/19/15:04:16,2885.225666,0.853062,0.780071,0.853062,0.780071,38,25,26,18,0,0,0,0,403,318,310,195
2026/01/19/15:04:17,2886.225750,0.853062,0.780071,0.853062,0.780071,38,25,26,18,0,0,0,0,403,318,310,195
2026/01/19/15:04:18,2887.225835,0.853062,0.780071,0.853062,0.780071,38,25,26,18,0,0,0,0,403,318,310,195
2026/01/19/15:04:19,2888.225928,0.853062,0.780071,0.853062,0.780071,38,25,26,18,0,0,0,0,403,318,310,195
2026/01/19/15:04:20,2889.226027,0.865125,0.804257,0.865125,0.804257,38,25,28,19,0,0,0,0,403,318,310,195
2026/01/19/15:04:21,2890.226140,0.865125,0.804257,0.865125,0.804257,38,25,28,19,0,0,0,0,403,318,310,195
2026/01/19/15:04:22,2891.226258,0.865125,0.804257,0.865125,0.804257,38,25,28,19,0,0,0,0,403,318,310,195
2026/01/19/15:04:23,2892.226332,0.856250,0.787206,0.856250,0.787206,38,25,26,19,0,0,0,0,403,318,312,195
2026/01/19/15:04:24,2893.226431,0.866375,0.811486,0.866375,0.811486,41,25,26,19,0,0,0,0,403,318,312,195
2026/01/19/15:04:25,2894.226526,0.872750,0.843204,0.872750,0.843204,44,25,26,18,0,0,0,0,403,318,312,196
2026/01/19/15:04:26,2895.226596,0.872750,0.843204,0.872750,0.843204,44,25,26,18,0,0,0,0,403,318,312,196
2026/01/19/15:04:27,2896.226675,0.872750,0.843204,0.872750,0.843204,44,25,26,18,0,0,0,0,403,318,312,196
2026/01/19/15:04:28,2897.226794,0.872750,0.843204,0.872750,0.843204,44,25,26,18,0,0,0,0,403,318,312,196
2026/01/19/15:04:29,2898.226888,0.862625,0.818924,0.862625,0.818924,41,25,26,18,0,0,0,0,406,318,312,196
2026/01/19/15:04:30,2899.226980,0.862625,0.818924,0.862625,0.818924,41,25,26,18,0,0,0,0,406,318,312,196
2026/01/19/15:04:31,2900.227102,0.862625,0.818924,0.862625,0.818924,41,25,26,18,0,0,0,0,406,318,312,196
2026/01/19/15:04:32,2901.227119,0.848000,0.765886,0.848000,0.765886,38,25,26,18,0,0,0,0,409,318,312,196
2026/01/19/15:04:33,2902.227222,0.848000,0.765886,0.848000,0.765886,38,25,26,18,0,0,0,0,409,318,312,196
2026/01/19/15:04:34,2903.227326,0.848000,0.765886,0.848000,0.765886,38,25,26,18,0,0,0,0,409,318,312,196
2026/01/19/15:04:35,2904.227410,0.848000,0.765886,0.848000,0.765886,38,25,26,18,0,0,0,0,409,318,312,196
2026/01/19/15:04:36,2905.227548,0.848000,0.765886,0.848000,0.765886,38,25,26,18,0,0,0,0,409,318,312,196
2026/01/19/15:04:37,2906.227578,0.848000,0.765886,0.848000,0.765886,38,25,26,18,0,0,0,0,409,318,312,196
2026/01/19/15:04:38,2907.227668,0.848000,0.765886,0.848000,0.765886,38,25,26,18,0,0,0,0,409,318,312,196
2026/01/19/15:04:39,2908.227898,0.848000,0.765886,0.848000,0.765886,38,25,26,18,0,0,0,0,409,318,312,196
2026/01/19/15:04:40,2909.227994,0.848000,0.765886,0.848000,0.765886,38,25,26,18,0,0,0,0,409,318,312,196
2026/01/19/15:04:41,2910.228149,0.848000,0.765886,0.848000,0.765886,38,25,26,18,0,0,0,0,409,318,312,196
2026/01/19/15:04:42,2911.228220,0.848000,0.765886,0.848000,0.765886,38,25,26,18,0,0,0,0,409,318,312,196
2026/01/19/15:04:43,2912.228295,0.848000,0.765886,0.848000,0.765886,38,25,26,18,0,0,0,0,409,318,312,196
2026/01/19/15:04:44,2913.228371,0.848000,0.765886,0.848000,0.765886,38,25,26,18,0,0,0,0,409,318,312,196
2026/01/19/15:04:45,2914.228512,0.848000,0.765886,0.848000,0.765886,38,25,26,18,0,0,0,0,409,318,312,196
2026/01/19/15:04:46,2915.228606,0.848000,0.765886,0.848000,0.765886,38,25,26,18,0,0,0,0,409,318,312,196
2026/01/19/15:04:47,2916.228681,0.848000,0.765886,0.848000,0.765886,38,25,26,18,0,0,0,0,409,318,312,196
2026/01/19/15:04:48,2917.228764,0.848000,0.765886,0.848000,0.765886,38,25,26,18,0,0,0,0,409,318,312,196
2026/01/19/15:04:49,2918.228849,0.848000,0.765886,0.848000,0.765886,38,25,26,18,0,0,0,0,409,318,312,196
2026/01/19/15:04:50,2919.228926,0.848000,0.765886,0.848000,0.765886,38,25,26,18,0,0,0,0,409,318,312,196
2026/01/19/15:04:51,2920.229009,0.848000,0.765886,0.848000,0.765886,38,25,26,18,0,0,0,0,409,318,312,196
2026/01/19/15:04:52,2921.229086,0.848000,0.765886,0.848000,0.765886,38,25,26,18,0,0,0,0,409,318,312,196
2026/01/19/15:04:53,2922.229203,0.848000,0.765886,0.848000,0.765886,38,25,26,18,0,0,0,0,409,318,312,196
2026/01/19/15:04:54,2923.229262,0.848000,0.765886,0.848000,0.765886,38,25,26,18,0,0,0,0,409,318,312,196
2026/01/19/15:04:55,2924.229368,0.848000,0.765886,0.848000,0.765886,38,25,26,18,0,0,0,0,409,318,312,196
2026/01/19/15:04:56,2925.229506,0.848000,0.765886,0.848000,0.765886,38,25,26,18,0,0,0,0,409,318,312,196
2026/01/19/15:04:57,2926.229640,0.848000,0.765886,0.848000,0.765886,38,25,26,18,0,0,0,0,409,318,312,196
2026/01/19/15:04:58,2927.229743,0.848000,0.765886,0.848000,0.765886,38,25,26,18,0,0,0,0,409,318,312,196
2026/01/19/15:04:59,2928.229816,0.874188,0.837176,0.874188,0.837176,38,25,28,21,0,0,0,0,409,318,312,196
2026/01/19/15:05:00,2929.229982,0.874188,0.837176,0.874188,0.837176,38,25,28,21,0,0,0,0,409,318,312,196
2026/01/19/15:05:01,2930.230055,0.874188,0.837176,0.874188,0.837176,38,25,28,21,0,0,0,0,409,318,312,196
2026/01/19/15:05:02,2931.230206,0.874188,0.837176,0.874188,0.837176,38,25,28,21,0,0,0,0,409,318,312,196
2026/01/19/15:05:03,2932.230296,0.897750,0.878647,0.897750,0.878647,39,25,31,21,0,0,0,0,409,318,312,196
2026/01/19/15:05:04,2933.230368,0.897750,0.878647,0.897750,0.878647,39,25,31,21,0,0,0,0,409,318,312,196
2026/01/19/15:05:05,2934.230485,0.897750,0.878647,0.897750,0.878647,39,25,31,21,0,0,0,0,409,318,312,196
2026/01/19/15:05:06,2935.230567,0.880125,0.875414,0.880125,0.875414,38,25,31,21,0,0,0,0,410,318,312,196
2026/01/19/15:05:07,2936.230631,0.880125,0.875414,0.880125,0.875414,38,25,31,21,0,0,0,0,410,318,312,196
2026/01/19/15:05:08,2937.230758,0.860625,0.842764,0.860625,0.842764,38,25,28,21,0,0,0,0,410,318,315,196
2026/01/19/15:05:09,2938.230842,0.847375,0.832269,0.847375,0.832269,38,25,26,21,0,0,0,0,410,318,317,196
2026/01/19/15:05:10,2939.230944,0.847375,0.832269,0.847375,0.832269,38,25,26,21,0,0,0,0,410,318,317,196
2026/01/19/15:05:11,2940.231150,0.847375,0.832269,0.847375,0.832269,38,25,26,21,0,0,0,0,410,318,317,196
2026/01/19/15:05:12,2941.231151,0.847375,0.832269,0.847375,0.832269,38,25,26,21,0,0,0,0,410,318,317,196
2026/01/19/15:05:13,2942.231230,0.847375,0.832269,0.847375,0.832269,38,25,26,21,0,0,0,0,410,318,317,196
2026/01/19/15:05:14,2943.231306,0.854062,0.835847,0.854062,0.835847,39,25,26,21,0,0,0,0,410,318,317,196
2026/01/19/15:05:15,2944.231393,0.854062,0.835847,0.854062,0.835847,39,25,26,21,0,0,0,0,410,318,317,196
2026/01/19/15:05:16,2945.231473,0.908438,0.879527,0.908438,0.879527,41,25,26,24,0,0,0,0,410,318,317,196
2026/01/19/15:05:17,2946.231544,0.932375,0.926066,0.987062,1.012115,43,28,28,24,3,2,2,0,410,318,317,196
2026/01/19/15:05:18,2947.231646,0.939375,0.934579,1.020063,1.041820,43,30,28,24,3,4,2,0,410,318,317,196
2026/01/19/15:05:19,2948.231721,0.931375,0.922146,1.000875,1.005473,44,31,28,21,2,2,2,0,410,319,317,199
2026/01/19/15:05:20,2949.231792,0.924750,0.912143,0.958250,0.983132,44,31,26,21,2,2,0,0,410,319,319,199
2026/01/19/15:05:21,2950.231857,0.914250,0.899373,0.947750,0.970362,44,28,26,21,2,2,0,0,410,322,319,199
2026/01/19/15:05:22,2951.231951,0.914250,0.899373,0.947750,0.970362,44,28,26,21,2,2,0,0,410,322,319,199
2026/01/19/15:05:23,2952.232031,0.895125,0.835073,0.928625,0.906061,38,28,26,21,2,2,0,0,416,322,319,199
2026/01/19/15:05:24,2953.232159,0.895125,0.835073,0.928625,0.906061,38,28,26,21,2,2,0,0,416,322,319,199
2026/01/19/15:05:25,2954.232226,0.895125,0.835073,0.928625,0.906061,38,28,26,21,2,2,0,0,416,322,319,199
2026/01/19/15:05:26,2955.232309,0.893188,0.843842,0.909937,0.879337,38,26,26,21,1,1,0,0,417,325,319,199
2026/01/19/15:05:27,2956.232384,0.896062,0.805301,0.896062,0.805301,35,27,26,21,0,0,0,0,420,325,319,199
2026/01/19/15:05:28,2957.232472,0.896062,0.805301,0.896062,0.805301,35,27,26,21,0,0,0,0,420,325,319,199
2026/01/19/15:05:29,2958.232540,0.896062,0.805301,0.896062,0.805301,35,27,26,21,0,0,0,0,420,325,319,199
2026/01/19/15:05:30,2959.232633,0.923000,0.842863,0.923000,0.842863,35,31,26,21,0,0,0,0,420,325,319,199
2026/01/19/15:05:31,2960.232709,0.876500,0.824550,0.876500,0.824550,32,31,26,21,0,0,0,0,423,325,319,199
2026/01/19/15:05:32,2961.232786,0.911438,0.871533,0.932312,0.887940,33,32,32,21,1,0,0,0,423,325,319,199
2026/01/19/15:05:33,2962.232861,0.911438,0.871533,0.995875,0.937826,33,32,32,21,2,3,0,2,423,325,319,199
2026/01/19/15:05:34,2963.232951,0.901125,0.856172,0.973375,0.916335,33,32,29,21,2,2,0,2,423,325,322,199
2026/01/19/15:05:35,2964.233025,0.921250,0.875338,0.967812,0.908382,33,33,29,22,2,0,0,1,423,326,322,199
2026/01/19/15:05:36,2965.233161,0.921250,0.875338,0.967812,0.908382,33,33,29,22,2,0,0,1,423,326,322,199
2026/01/19/15:05:37,2966.233235,0.921250,0.875338,0.967812,0.908382,33,33,29,22,2,0,0,1,423,326,322,199
2026/01/19/15:05:38,2967.233331,0.901438,0.848637,0.935375,0.875633,33,30,29,22,1,0,0,1,424,329,322,199
2026/01/19/15:05:39,2968.233418,0.901438,0.848637,0.935375,0.875633,33,30,29,22,1,0,0,1,424,329,322,199
2026/01/19/15:05:40,2969.233507,0.901438,0.848637,0.935375,0.875633,33,30,29,22,1,0,0,1,424,329,322,199
2026/01/19/15:05:41,2970.233588,0.912937,0.874364,0.946875,0.901360,33,32,29,22,1,0,0,1,424,329,322,199
2026/01/19/15:05:42,2971.233720,0.893062,0.872938,0.962625,0.917522,32,31,30,22,2,0,2,1,425,330,322,199
2026/01/19/15:05:43,2972.233806,0.889813,0.876708,0.949625,0.906926,32,30,32,22,2,0,0,1,425,331,322,199
2026/01/19/15:05:44,2973.233873,0.894437,0.880475,0.954250,0.910693,32,30,33,22,2,0,0,1,425,331,322,199
2026/01/19/15:05:45,2974.233972,0.894437,0.880475,0.954250,0.910693,32,30,33,22,2,0,0,1,425,331,322,199
2026/01/19/15:05:46,2975.234038,0.897750,0.876698,0.918625,0.893105,32,30,31,23,1,0,0,0,425,331,324,199
2026/01/19/15:05:47,2976.234124,0.888000,0.861382,0.908875,0.877788,32,30,28,23,1,0,0,0,425,331,327,199
2026/01/19/15:05:48,2977.234215,0.888000,0.861382,0.908875,0.877788,32,30,28,23,1,0,0,0,425,331,327,199
2026/01/19/15:05:49,2978.234295,0.903125,0.862570,0.903125,0.862570,33,30,27,23,0,0,0,0,425,331,328,199
2026/01/19/15:05:50,2979.234375,0.891625,0.836843,0.891625,0.836843,33,28,27,23,0,0,0,0,425,333,328,199
2026/01/19/15:05:51,2980.234453,0.891625,0.836843,0.891625,0.836843,33,28,27,23,0,0,0,0,425,333,328,199
2026/01/19/15:05:52,2981.234538,0.891625,0.836843,0.891625,0.836843,33,28,27,23,0,0,0,0,425,333,328,199
2026/01/19/15:05:53,2982.234635,0.860875,0.811899,0.860875,0.811899,33,28,26,21,0,0,0,0,425,333,329,201
2026/01/19/15:05:54,2983.234715,0.857062,0.798733,0.857062,0.798733,33,27,26,21,0,0,0,0,425,334,329,201
2026/01/19/15:05:55,2984.234820,0.852563,0.785837,0.852563,0.785837,33,27,26,20,0,0,0,0,425,334,329,202
2026/01/19/15:05:56,2985.234933,0.852563,0.785837,0.852563,0.785837,33,27,26,20,0,0,0,0,425,334,329,202
2026/01/19/15:05:57,2986.235020,0.839938,0.769306,0.839938,0.769306,33,25,26,20,0,0,0,0,425,336,329,202
2026/01/19/15:05:58,2987.235095,0.839938,0.769306,0.839938,0.769306,33,25,26,20,0,0,0,0,425,336,329,202
2026/01/19/15:05:59,2988.235184,0.839938,0.769306,0.839938,0.769306,33,25,26,20,0,0,0,0,425,336,329,202
2026/01/19/15:06:00,2989.235277,0.839938,0.769306,0.839938,0.769306,33,25,26,20,0,0,0,0,425,336,329,202
2026/01/19/15:06:01,2990.235366,0.839938,0.769306,0.839938,0.769306,33,25,26,20,0,0,0,0,425,336,329,202
2026/01/19/15:06:02,2991.235491,0.839938,0.769306,0.839938,0.769306,33,25,26,20,0,0,0,0,425,336,329,202
2026/01/19/15:06:03,2992.235589,0.839938,0.769306,0.839938,0.769306,33,25,26,20,0,0,0,0,425,336,329,202
2026/01/19/15:06:04,2993.235685,0.839938,0.769306,0.839938,0.769306,33,25,26,20,0,0,0,0,425,336,329,202
2026/01/19/15:06:05,2994.235758,0.839938,0.769306,0.839938,0.769306,33,25,26,20,0,0,0,0,425,336,329,202
2026/01/19/15:06:06,2995.235833,0.839938,0.769306,0.839938,0.769306,33,25,26,20,0,0,0,0,425,336,329,202
2026/01/19/15:06:07,2996.235913,0.893437,0.806918,0.893437,0.806918,35,30,27,20,0,0,0,0,425,336,329,202
2026/01/19/15:06:08,2997.236001,0.909312,0.832354,0.916562,0.841398,37,31,27,20,1,0,0,0,425,336,329,202
2026/01/19/15:06:09,2998.236081,0.917188,0.845395,0.938187,0.863557,37,31,27,22,1,0,1,0,425,336,329,202
2026/01/19/15:06:10,2999.236109,0.900250,0.836845,0.914000,0.845963,37,28,27,22,0,0,1,0,426,339,329,202
2026/01/19/15:06:11,3000.236185,0.862875,0.809716,0.862875,0.809716,33,28,28,20,0,0,0,0,430,339,329,204
2026/01/19/15:06:12,3001.236268,0.862875,0.809716,0.862875,0.809716,33,28,28,20,0,0,0,0,430,339,329,204
2026/01/19/15:06:13,3002.236351,0.853437,0.796930,0.853437,0.796930,32,27,28,20,0,0,0,0,431,340,329,204
2026/01/19/15:06:14,3003.236428,0.853437,0.796930,0.853437,0.796930,32,27,28,20,0,0,0,0,431,340,329,204
2026/01/19/15:06:15,3004.236517,0.853437,0.796930,0.853437,0.796930,32,27,28,20,0,0,0,0,431,340,329,204
2026/01/19/15:06:16,3005.236613,0.844812,0.793564,0.844812,0.793564,31,27,28,20,0,0,0,0,432,340,329,204
2026/01/19/15:06:17,3006.236727,0.844812,0.793564,0.844812,0.793564,31,27,28,20,0,0,0,0,432,340,329,204
2026/01/19/15:06:18,3007.236810,0.838562,0.789763,0.838562,0.789763,31,27,28,19,0,0,0,0,432,340,329,205
2026/01/19/15:06:19,3008.236912,0.838562,0.789763,0.838562,0.789763,31,27,28,19,0,0,0,0,432,340,329,205
2026/01/19/15:06:20,3009.236985,0.824812,0.780645,0.824812,0.780645,31,27,27,19,0,0,0,0,432,340,330,205
2026/01/19/15:06:21,3010.237095,0.824812,0.780645,0.824812,0.780645,31,27,27,19,0,0,0,0,432,340,330,205
2026/01/19/15:06:22,3011.237289,0.824812,0.780645,0.824812,0.780645,31,27,27,19,0,0,0,0,432,340,330,205
2026/01/19/15:06:23,3012.237319,0.824812,0.780645,0.824812,0.780645,31,27,27,19,0,0,0,0,432,340,330,205
2026/01/19/15:06:24,3013.237425,0.824812,0.780645,0.824812,0.780645,31,27,27,19,0,0,0,0,432,340,330,205
2026/01/19/15:06:25,3014.237523,0.824812,0.780645,0.824812,0.780645,31,27,27,19,0,0,0,0,432,340,330,205
2026/01/19/15:06:26,3015.237614,0.824812,0.780645,0.824812,0.780645,31,27,27,19,0,0,0,0,432,340,330,205
2026/01/19/15:06:27,3016.237715,0.824812,0.780645,0.824812,0.780645,31,27,27,19,0,0,0,0,432,340,330,205
2026/01/19/15:06:28,3017.237803,0.824812,0.780645,0.824812,0.780645,31,27,27,19,0,0,0,0,432,340,330,205
2026/01/19/15:06:29,3018.237898,0.824812,0.780645,0.824812,0.780645,31,27,27,19,0,0,0,0,432,340,330,205
2026/01/19/15:06:30,3019.238015,0.904250,0.831591,0.904250,0.831591,32,31,31,19,0,0,0,0,432,340,330,205
2026/01/19/15:06:31,3020.238111,0.904250,0.831591,0.904250,0.831591,32,31,31,19,0,0,0,0,432,340,330,205
2026/01/19/15:06:32,3021.238203,0.868062,0.789774,0.868062,0.789774,31,29,28,19,0,0,0,0,433,342,333,205
2026/01/19/15:06:33,3022.238281,0.853187,0.786609,0.853187,0.786609,31,29,27,19,0,0,0,0,433,342,334,205
2026/01/19/15:06:34,3023.238379,0.828875,0.774898,0.828875,0.774898,31,27,26,19,0,0,0,0,433,344,335,205
2026/01/19/15:06:35,3024.238469,0.828875,0.774898,0.828875,0.774898,31,27,26,19,0,0,0,0,433,344,335,205
2026/01/19/15:06:36,3025.238529,0.828875,0.774898,0.857875,0.778469,31,27,26,19,0,0,1,0,433,344,335,205
2026/01/19/15:06:37,3026.238645,0.848562,0.800192,0.877563,0.803763,34,27,26,22,0,0,1,0,433,344,335,205
2026/01/19/15:06:38,3027.238729,0.848562,0.800192,0.877563,0.803763,34,27,26,22,0,0,1,0,433,344,335,205
2026/01/19/15:06:39,3028.238795,0.848562,0.800192,0.877563,0.803763,34,27,26,22,0,0,1,0,433,344,335,205
2026/01/19/15:06:40,3029.238872,0.848562,0.800192,0.848562,0.800192,34,27,26,22,0,0,0,0,433,344,335,205
2026/01/19/15:06:41,3030.238992,0.848562,0.800192,0.848562,0.800192,34,27,26,22,0,0,0,0,433,344,335,205
2026/01/19/15:06:42,3031.239098,0.848562,0.800192,0.848562,0.800192,34,27,26,22,0,0,0,0,433,344,335,205
2026/01/19/15:06:43,3032.239185,0.848562,0.800192,0.848562,0.800192,34,27,26,22,0,0,0,0,433,344,335,205
2026/01/19/15:06:44,3033.239285,0.848562,0.800192,0.848562,0.800192,34,27,26,22,0,0,0,0,433,344,335,205
2026/01/19/15:06:45,3034.239391,0.848562,0.800192,0.848562,0.800192,34,27,26,22,0,0,0,0,433,344,335,205
2026/01/19/15:06:46,3035.239465,0.848562,0.800192,0.848562,0.800192,34,27,26,22,0,0,0,0,433,344,335,205
2026/01/19/15:06:47,3036.239553,0.819063,0.785574,0.819063,0.785574,34,27,25,19,0,0,0,0,433,344,336,208
2026/01/19/15:06:48,3037.239615,0.819063,0.785574,0.819063,0.785574,34,27,25,19,0,0,0,0,433,344,336,208
2026/01/19/15:06:49,3038.239729,0.819063,0.785574,0.819063,0.785574,34,27,25,19,0,0,0,0,433,344,336,208
2026/01/19/15:06:50,3039.239820,0.819063,0.785574,0.819063,0.785574,34,27,25,19,0,0,0,0,433,344,336,208
2026/01/19/15:06:51,3040.239911,0.819063,0.785574,0.819063,0.785574,34,27,25,19,0,0,0,0,433,344,336,208
2026/01/19/15:06:52,3041.239975,0.819063,0.785574,0.819063,0.785574,34,27,25,19,0,0,0,0,433,344,336,208
2026/01/19/15:06:53,3042.240075,0.809125,0.771647,0.809125,0.771647,31,27,25,19,0,0,0,0,436,344,336,208
2026/01/19/15:06:54,3043.240189,0.809125,0.771647,0.809125,0.771647,31,27,25,19,0,0,0,0,436,344,336,208
2026/01/19/15:06:55,3044.240252,0.788250,0.755241,0.788250,0.755241,30,27,25,19,0,0,0,0,437,344,336,208
2026/01/19/15:06:56,3045.240330,0.788250,0.755241,0.788250,0.755241,30,27,25,19,0,0,0,0,437,344,336,208
2026/01/19/15:06:57,3046.240404,0.788250,0.755241,0.788250,0.755241,30,27,25,19,0,0,0,0,437,344,336,208
2026/01/19/15:06:58,3047.240560,0.788250,0.755241,0.788250,0.755241,30,27,25,19,0,0,0,0,437,344,336,208
2026/01/19/15:06:59,3048.240634,0.788250,0.755241,0.788250,0.755241,30,27,25,19,0,0,0,0,437,344,336,208
2026/01/19/15:07:00,3049.240720,0.788250,0.755241,0.788250,0.755241,30,27,25,19,0,0,0,0,437,344,336,208
2026/01/19/15:07:01,3050.240821,0.788250,0.755241,0.788250,0.755241,30,27,25,19,0,0,0,0,437,344,336,208
2026/01/19/15:07:02,3051.240953,0.788250,0.755241,0.788250,0.755241,30,27,25,19,0,0,0,0,437,344,336,208
2026/01/19/15:07:03,3052.241040,0.788250,0.755241,0.788250,0.755241,30,27,25,19,0,0,0,0,437,344,336,208
2026/01/19/15:07:04,3053.241114,0.788250,0.755241,0.788250,0.755241,30,27,25,19,0,0,0,0,437,344,336,208
2026/01/19/15:07:05,3054.241204,0.788250,0.755241,0.788250,0.755241,30,27,25,19,0,0,0,0,437,344,336,208
2026/01/19/15:07:06,3055.241298,0.788250,0.755241,0.788250,0.755241,30,27,25,19,0,0,0,0,437,344,336,208
2026/01/19/15:07:07,3056.241384,0.788250,0.755241,0.788250,0.755241,30,27,25,19,0,0,0,0,437,344,336,208
2026/01/19/15:07:08,3057.241467,0.788250,0.755241,0.788250,0.755241,30,27,25,19,0,0,0,0,437,344,336,208
2026/01/19/15:07:09,3058.241593,0.788250,0.755241,0.788250,0.755241,30,27,25,19,0,0,0,0,437,344,336,208
2026/01/19/15:07:10,3059.241666,0.788250,0.755241,0.788250,0.755241,30,27,25,19,0,0,0,0,437,344,336,208
2026/01/19/15:07:11,3060.241752,0.788250,0.755241,0.788250,0.755241,30,27,25,19,0,0,0,0,437,344,336,208
2026/01/19/15:07:12,3061.241826,0.788250,0.755241,0.788250,0.755241,30,27,25,19,0,0,0,0,437,344,336,208
2026/01/19/15:07:13,3062.241938,0.788250,0.755241,0.788250,0.755241,30,27,25,19,0,0,0,0,437,344,336,208
2026/01/19/15:07:14,3063.242003,0.788250,0.755241,0.788250,0.755241,30,27,25,19,0,0,0,0,437,344,336,208
2026/01/19/15:07:15,3064.242085,0.788250,0.755241,0.788250,0.755241,30,27,25,19,0,0,0,0,437,344,336,208
2026/01/19/15:07:16,3065.242165,0.788250,0.755241,0.788250,0.755241,30,27,25,19,0,0,0,0,437,344,336,208
2026/01/19/15:07:17,3066.242244,0.793562,0.761148,0.793562,0.761148,30,28,25,19,0,0,0,0,437,344,336,208
2026/01/19/15:07:18,3067.242326,0.836500,0.808604,0.893687,0.816424,32,29,30,21,2,0,0,0,437,344,336,208
2026/01/19/15:07:19,3068.242406,0.836500,0.808604,0.893687,0.816424,32,29,30,21,2,0,0,0,437,344,336,208
2026/01/19/15:07:20,3069.242495,0.823187,0.788577,0.880375,0.796397,30,28,30,21,2,0,0,0,439,345,336,208
2026/01/19/15:07:21,3070.242588,0.862938,0.804804,0.908813,0.817009,35,28,27,21,1,1,0,0,439,345,339,208
2026/01/19/15:07:22,3071.242664,0.907625,0.866371,0.977938,0.922393,39,30,27,22,3,1,1,0,439,345,339,208
2026/01/19/15:07:23,3072.242748,0.937063,0.896918,1.037562,0.980792,39,30,27,27,6,1,1,1,439,345,341,208
2026/01/19/15:07:24,3073.242862,0.944375,0.900362,1.029562,0.944021,40,30,27,27,3,0,1,2,439,345,341,208
2026/01/19/15:07:25,3074.242919,0.949063,0.909889,0.995812,0.938189,42,30,27,27,2,0,1,0,440,345,341,208
2026/01/19/15:07:26,3075.242999,0.942688,0.897101,0.960688,0.921992,40,30,27,27,1,0,1,0,442,345,341,208
2026/01/19/15:07:27,3076.243116,0.936438,0.893169,0.954438,0.918060,40,29,27,27,1,0,1,0,442,346,341,208
2026/01/19/15:07:28,3077.243215,0.886437,0.872290,0.904438,0.897181,40,26,25,27,1,0,1,0,442,349,343,208
2026/01/19/15:07:29,3078.243280,0.893750,0.846822,0.893750,0.846822,38,26,26,27,0,0,0,0,444,349,343,208
2026/01/19/15:07:30,3079.243390,0.904563,0.847393,0.904563,0.847393,40,27,26,25,0,0,0,0,444,349,343,211
2026/01/19/15:07:31,3080.243457,0.917875,0.864313,0.917875,0.864313,43,27,26,25,0,0,0,0,444,349,343,211
2026/01/19/15:07:32,3081.243537,0.917875,0.864313,0.917875,0.864313,43,27,26,25,0,0,0,0,444,349,343,211
2026/01/19/15:07:33,3082.243641,0.904563,0.847393,0.904563,0.847393,40,27,26,25,0,0,0,0,447,349,343,211
2026/01/19/15:07:34,3083.243731,0.900000,0.839984,0.900000,0.839984,40,26,26,25,0,0,0,0,447,350,343,211
2026/01/19/15:07:35,3084.243835,0.900000,0.839984,0.900000,0.839984,40,26,26,25,0,0,0,0,447,350,343,211
2026/01/19/15:07:36,3085.243928,0.915937,0.854940,0.929063,0.918029,42,25,27,26,0,3,0,0,447,352,343,211
2026/01/19/15:07:37,3086.244014,0.915937,0.854940,0.929063,0.918029,42,25,27,26,0,3,0,0,447,352,343,211
2026/01/19/15:07:38,3087.244103,0.915937,0.854940,0.929063,0.918029,42,25,27,26,0,3,0,0,447,352,343,211
2026/01/19/15:07:39,3088.244189,0.915937,0.854940,0.929063,0.918029,42,25,27,26,0,3,0,0,447,352,343,211
2026/01/19/15:07:40,3089.244262,0.911625,0.851607,0.924750,0.914697,42,25,27,25,0,3,0,0,447,352,343,212
2026/01/19/15:07:41,3090.244632,0.911625,0.851607,0.924750,0.914697,42,25,27,25,0,3,0,0,447,352,343,212
2026/01/19/15:07:42,3091.244710,0.913750,0.879322,0.918125,0.900352,40,27,27,25,0,1,0,0,449,352,343,212
2026/01/19/15:07:43,3092.244803,0.883500,0.880364,0.883500,0.880364,38,28,26,24,0,0,0,0,451,352,344,213
2026/01/19/15:07:44,3093.244875,0.872062,0.866508,0.872062,0.866508,38,28,25,23,0,0,0,0,451,352,345,214
2026/01/19/15:07:45,3094.244990,0.872062,0.866508,0.872062,0.866508,38,28,25,23,0,0,0,0,451,352,345,214
2026/01/19/15:07:46,3095.245074,0.872062,0.866508,0.872062,0.866508,38,28,25,23,0,0,0,0,451,352,345,214
2026/01/19/15:07:47,3096.245133,0.890125,0.899496,0.910750,0.937810,41,28,25,23,1,0,0,2,451,352,345,214
2026/01/19/15:07:48,3097.245219,0.890125,0.899496,0.910750,0.937810,41,28,25,23,1,0,0,2,451,352,345,214
2026/01/19/15:07:49,3098.245297,0.890125,0.899496,0.895250,0.913610,41,28,25,23,1,0,0,0,451,352,345,214
2026/01/19/15:07:50,3099.245390,0.882125,0.850521,0.882125,0.850521,42,25,25,23,0,0,0,0,451,355,345,214
2026/01/19/15:07:51,3100.245482,0.882125,0.850521,0.882125,0.850521,42,25,25,23,0,0,0,0,451,355,345,214
2026/01/19/15:07:52,3101.245560,0.875188,0.837486,0.875188,0.837486,42,24,25,22,0,0,0,0,451,356,345,215
2026/01/19/15:07:53,3102.245672,0.859812,0.795144,0.859812,0.795144,39,24,25,22,0,0,0,0,454,356,345,215
2026/01/19/15:07:54,3103.245744,0.859812,0.795144,0.859812,0.795144,39,24,25,22,0,0,0,0,454,356,345,215
2026/01/19/15:07:55,3104.245856,0.859812,0.795144,0.859812,0.795144,39,24,25,22,0,0,0,0,454,356,345,215
2026/01/19/15:07:56,3105.245950,0.859812,0.795144,0.859812,0.795144,39,24,25,22,0,0,0,0,454,356,345,215
2026/01/19/15:07:57,3106.246130,0.859812,0.795144,0.859812,0.795144,39,24,25,22,0,0,0,0,454,356,345,215
2026/01/19/15:07:58,3107.246214,0.859812,0.795144,0.859812,0.795144,39,24,25,22,0,0,0,0,454,356,345,215
2026/01/19/15:07:59,3108.246313,0.859812,0.795144,0.859812,0.795144,39,24,25,22,0,0,0,0,454,356,345,215
2026/01/19/15:08:00,3109.246398,0.859812,0.795144,0.859812,0.795144,39,24,25,22,0,0,0,0,454,356,345,215
2026/01/19/15:08:01,3110.246480,0.859812,0.795144,0.859812,0.795144,39,24,25,22,0,0,0,0,454,356,345,215
2026/01/19/15:08:02,3111.246581,0.859812,0.795144,0.859812,0.795144,39,24,25,22,0,0,0,0,454,356,345,215
2026/01/19/15:08:03,3112.246682,0.859812,0.795144,0.859812,0.795144,39,24,25,22,0,0,0,0,454,356,345,215
2026/01/19/15:08:04,3113.246743,0.859812,0.795144,0.859812,0.795144,39,24,25,22,0,0,0,0,454,356,345,215
2026/01/19/15:08:05,3114.246825,0.856688,0.788706,0.856688,0.788706,39,23,25,22,0,0,0,0,454,357,345,215
2026/01/19/15:08:06,3115.246924,0.842063,0.781818,0.842063,0.781818,37,23,25,22,0,0,0,0,456,357,345,215
2026/01/19/15:08:07,3116.246992,0.842063,0.781818,0.842063,0.781818,37,23,25,22,0,0,0,0,456,357,345,215
2026/01/19/15:08:08,3117.247102,0.842063,0.781818,0.842063,0.781818,37,23,25,22,0,0,0,0,456,357,345,215
2026/01/19/15:08:09,3118.247175,0.842063,0.781818,0.842063,0.781818,37,23,25,22,0,0,0,0,456,357,345,215
2026/01/19/15:08:10,3119.247294,0.842063,0.781818,0.842063,0.781818,37,23,25,22,0,0,0,0,456,357,345,215
2026/01/19/15:08:11,3120.247385,0.842063,0.781818,0.842063,0.781818,37,23,25,22,0,0,0,0,456,357,345,215
2026/01/19/15:08:12,3121.247470,0.842063,0.781818,0.842063,0.781818,37,23,25,22,0,0,0,0,456,357,345,215
2026/01/19/15:08:13,3122.247511,0.842063,0.781818,0.842063,0.781818,37,23,25,22,0,0,0,0,456,357,345,215
2026/01/19/15:08:14,3123.247610,0.842063,0.781818,0.842063,0.781818,37,23,25,22,0,0,0,0,456,357,345,215
2026/01/19/15:08:15,3124.247690,0.842063,0.781818,0.842063,0.781818,37,23,25,22,0,0,0,0,456,357,345,215
2026/01/19/15:08:16,3125.247772,0.842063,0.781818,0.842063,0.781818,37,23,25,22,0,0,0,0,456,357,345,215
2026/01/19/15:08:17,3126.247858,0.842063,0.781818,0.842063,0.781818,37,23,25,22,0,0,0,0,456,357,345,215
2026/01/19/15:08:18,3127.247967,0.842063,0.781818,0.842063,0.781818,37,23,25,22,0,0,0,0,456,357,345,215
2026/01/19/15:08:19,3128.248083,0.842063,0.781818,0.842063,0.781818,37,23,25,22,0,0,0,0,456,357,345,215
2026/01/19/15:08:20,3129.248145,0.842063,0.781818,0.842063,0.781818,37,23,25,22,0,0,0,0,456,357,345,215
2026/01/19/15:08:21,3130.248225,0.842063,0.781818,0.842063,0.781818,37,23,25,22,0,0,0,0,456,357,345,215
2026/01/19/15:08:22,3131.248323,0.842063,0.781818,0.842063,0.781818,37,23,25,22,0,0,0,0,456,357,345,215
2026/01/19/15:08:23,3132.248404,0.842063,0.781818,0.842063,0.781818,37,23,25,22,0,0,0,0,456,357,345,215
2026/01/19/15:08:24,3133.248509,0.842063,0.781818,0.842063,0.781818,37,23,25,22,0,0,0,0,456,357,345,215
2026/01/19/15:08:25,3134.248613,0.842063,0.781818,0.842063,0.781818,37,23,25,22,0,0,0,0,456,357,345,215
2026/01/19/15:08:26,3135.248688,0.842063,0.781818,0.842063,0.781818,37,23,25,22,0,0,0,0,456,357,345,215
2026/01/19/15:08:27,3136.248783,0.842063,0.781818,0.842063,0.781818,37,23,25,22,0,0,0,0,456,357,345,215
2026/01/19/15:08:28,3137.248883,0.842063,0.781818,0.842063,0.781818,37,23,25,22,0,0,0,0,456,357,345,215
2026/01/19/15:08:29,3138.248985,0.842063,0.781818,0.842063,0.781818,37,23,25,22,0,0,0,0,456,357,345,215
2026/01/19/15:08:30,3139.249064,0.842063,0.781818,0.842063,0.781818,37,23,25,22,0,0,0,0,456,357,345,215
2026/01/19/15:08:31,3140.249112,0.842063,0.781818,0.842063,0.781818,37,23,25,22,0,0,0,0,456,357,345,215
2026/01/19/15:08:32,3141.249237,0.842063,0.781818,0.842063,0.781818,37,23,25,22,0,0,0,0,456,357,345,215
2026/01/19/15:08:33,3142.249310,0.842063,0.781818,0.842063,0.781818,37,23,25,22,0,0,0,0,456,357,345,215
2026/01/19/15:08:34,3143.249396,0.842063,0.781818,0.842063,0.781818,37,23,25,22,0,0,0,0,456,357,345,215
2026/01/19/15:08:35,3144.249498,0.842063,0.781818,0.842063,0.781818,37,23,25,22,0,0,0,0,456,357,345,215
2026/01/19/15:08:36,3145.249618,0.842063,0.781818,0.842063,0.781818,37,23,25,22,0,0,0,0,456,357,345,215
2026/01/19/15:08:37,3146.249790,0.842063,0.781818,0.842063,0.781818,37,23,25,22,0,0,0,0,456,357,345,215
2026/01/19/15:08:38,3147.249830,0.842063,0.781818,0.842063,0.781818,37,23,25,22,0,0,0,0,456,357,345,215
2026/01/19/15:08:39,3148.249904,0.842063,0.781818,0.842063,0.781818,37,23,25,22,0,0,0,0,456,357,345,215
2026/01/19/15:08:40,3149.250043,0.842063,0.781818,0.842063,0.781818,37,23,25,22,0,0,0,0,456,357,345,215
2026/01/19/15:08:41,3150.250129,0.842063,0.781818,0.842063,0.781818,37,23,25,22,0,0,0,0,456,357,345,215
2026/01/19/15:08:42,3151.250194,0.842063,0.781818,0.842063,0.781818,37,23,25,22,0,0,0,0,456,357,345,215
2026/01/19/15:08:43,3152.250342,0.842063,0.781818,0.842063,0.781818,37,23,25,22,0,0,0,0,456,357,345,215
2026/01/19/15:08:44,3153.250437,0.842063,0.781818,0.842063,0.781818,37,23,25,22,0,0,0,0,456,357,345,215
2026/01/19/15:08:45,3154.250508,0.842063,0.781818,0.842063,0.781818,37,23,25,22,0,0,0,0,456,357,345,215
2026/01/19/15:08:46,3155.250587,0.842063,0.781818,0.842063,0.781818,37,23,25,22,0,0,0,0,456,357,345,215
2026/01/19/15:08:47,3156.250666,0.842063,0.781818,0.842063,0.781818,37,23,25,22,0,0,0,0,456,357,345,215
2026/01/19/15:08:48,3157.250780,0.842063,0.781818,0.842063,0.781818,37,23,25,22,0,0,0,0,456,357,345,215
2026/01/19/15:08:49,3158.250853,0.842063,0.781818,0.842063,0.781818,37,23,25,22,0,0,0,0,456,357,345,215
2026/01/19/15:08:50,3159.250935,0.857062,0.845786,0.857062,0.845786,39,23,27,22,0,0,0,0,456,357,345,215
2026/01/19/15:08:51,3160.251082,0.857062,0.845786,0.857062,0.845786,39,23,27,22,0,0,0,0,456,357,345,215
2026/01/19/15:08:52,3161.251099,0.857062,0.845786,0.857062,0.845786,39,23,27,22,0,0,0,0,456,357,345,215
2026/01/19/15:08:53,3162.251174,0.842750,0.811438,0.842750,0.811438,37,23,27,21,0,0,0,0,458,357,345,216
2026/01/19/15:08:54,3163.251261,0.842750,0.811438,0.842750,0.811438,37,23,27,21,0,0,0,0,458,357,345,216
2026/01/19/15:08:55,3164.251349,0.842750,0.811438,0.842750,0.811438,37,23,27,21,0,0,0,0,458,357,345,216
2026/01/19/15:08:56,3165.251459,0.842750,0.811438,0.842750,0.811438,37,23,27,21,0,0,0,0,458,357,345,216
2026/01/19/15:08:57,3166.251551,0.842750,0.811438,0.842750,0.811438,37,23,27,21,0,0,0,0,458,357,345,216
2026/01/19/15:08:58,3167.251652,0.842750,0.811438,0.842750,0.811438,37,23,27,21,0,0,0,0,458,357,345,216
2026/01/19/15:08:59,3168.251760,0.842750,0.811438,0.842750,0.811438,37,23,27,21,0,0,0,0,458,357,345,216
2026/01/19/15:09:00,3169.251847,0.842750,0.811438,0.842750,0.811438,37,23,27,21,0,0,0,0,458,357,345,216
2026/01/19/15:09:01,3170.251977,0.842750,0.811438,0.842750,0.811438,37,23,27,21,0,0,0,0,458,357,345,216
2026/01/19/15:09:02,3171.252099,0.842750,0.811438,0.842750,0.811438,37,23,27,21,0,0,0,0,458,357,345,216
2026/01/19/15:09:03,3172.252170,0.842750,0.811438,0.842750,0.811438,37,23,27,21,0,0,0,0,458,357,345,216
2026/01/19/15:09:04,3173.252294,0.814312,0.807027,0.814312,0.807027,36,23,27,21,0,0,0,0,459,357,345,216
2026/01/19/15:09:05,3174.252407,0.814312,0.807027,0.814312,0.807027,36,23,27,21,0,0,0,0,459,357,345,216
2026/01/19/15:09:06,3175.252497,0.814312,0.807027,0.814312,0.807027,36,23,27,21,0,0,0,0,459,357,345,216
2026/01/19/15:09:07,3176.252601,0.814312,0.807027,0.814312,0.807027,36,23,27,21,0,0,0,0,459,357,345,216
2026/01/19/15:09:08,3177.252774,0.814312,0.807027,0.814312,0.807027,36,23,27,21,0,0,0,0,459,357,345,216
2026/01/19/15:09:09,3178.252915,0.814312,0.807027,0.814312,0.807027,36,23,27,21,0,0,0,0,459,357,345,216
2026/01/19/15:09:10,3179.253095,0.814312,0.807027,0.814312,0.807027,36,23,27,21,0,0,0,0,459,357,345,216
2026/01/19/15:09:11,3180.253126,0.814312,0.807027,0.818000,0.812487,36,23,27,21,0,0,1,0,459,357,345,216
2026/01/19/15:09:12,3181.253206,0.839437,0.854068,0.875938,0.879697,38,23,29,21,1,0,0,1,459,357,345,216
2026/01/19/15:09:13,3182.253294,0.839437,0.854068,0.875938,0.879697,38,23,29,21,1,0,0,1,459,357,345,216
2026/01/19/15:09:14,3183.253409,0.839437,0.854068,0.875938,0.879697,38,23,29,21,1,0,0,1,459,357,345,216
2026/01/19/15:09:15,3184.253480,0.839437,0.854068,0.875938,0.879697,38,23,29,21,1,0,0,1,459,357,345,216
2026/01/19/15:09:16,3185.253570,0.839437,0.854068,0.875938,0.879697,38,23,29,21,1,0,0,1,459,357,345,216
2026/01/19/15:09:17,3186.253930,0.839437,0.854068,0.875938,0.879697,38,23,29,21,1,0,0,1,459,357,345,216
2026/01/19/15:09:18,3187.254040,0.839437,0.854068,0.875938,0.879697,38,23,29,21,1,0,0,1,459,357,345,216
2026/01/19/15:09:19,3188.254097,0.821937,0.816468,0.849688,0.823298,36,23,29,21,0,0,0,1,461,357,345,216
2026/01/19/15:09:20,3189.254272,0.821937,0.816468,0.849688,0.823298,36,23,29,21,0,0,0,1,461,357,345,216
2026/01/19/15:09:21,3190.254340,0.821937,0.816468,0.849688,0.823298,36,23,29,21,0,0,0,1,461,357,345,216
2026/01/19/15:09:22,3191.254431,0.821937,0.816468,0.849688,0.823298,36,23,29,21,0,0,0,1,461,357,345,216
2026/01/19/15:09:23,3192.254543,0.821937,0.816468,0.849688,0.823298,36,23,29,21,0,0,0,1,461,357,345,216
2026/01/19/15:09:24,3193.254645,0.821937,0.816468,0.849688,0.823298,36,23,29,21,0,0,0,1,461,357,345,216
2026/01/19/15:09:25,3194.254729,0.821937,0.816468,0.849688,0.823298,36,23,29,21,0,0,0,1,461,357,345,216
2026/01/19/15:09:26,3195.254811,0.814125,0.811708,0.841875,0.818537,35,23,29,21,0,0,0,1,462,357,345,216
2026/01/19/15:09:27,3196.254919,0.814125,0.811708,0.841875,0.818537,35,23,29,21,0,0,0,1,462,357,345,216
2026/01/19/15:09:28,3197.255012,0.814125,0.811708,0.841875,0.818537,35,23,29,21,0,0,0,1,462,357,345,216
2026/01/19/15:09:29,3198.255111,0.814125,0.811708,0.841875,0.818537,35,23,29,21,0,0,0,1,462,357,345,216
2026/01/19/15:09:30,3199.255213,0.814125,0.811708,0.841875,0.818537,35,23,29,21,0,0,0,1,462,357,345,216
2026/01/19/15:09:31,3200.255306,0.814125,0.811708,0.841875,0.818537,35,23,29,21,0,0,0,1,462,357,345,216
2026/01/19/15:09:32,3201.255389,0.814125,0.811708,0.841875,0.818537,35,23,29,21,0,0,0,1,462,357,345,216
2026/01/19/15:09:33,3202.255474,0.814125,0.811708,0.841875,0.818537,35,23,29,21,0,0,0,1,462,357,345,216
2026/01/19/15:09:34,3203.304183,0.814125,0.811708,0.841875,0.818537,35,23,29,21,0,0,0,1,462,357,345,216
2026/01/19/15:09:35,3204.304289,0.814125,0.811708,0.841875,0.818537,35,23,29,21,0,0,0,1,462,357,345,216
2026/01/19/15:09:36,3205.304356,0.838187,0.813077,0.838187,0.813077,35,23,28,22,0,0,0,0,464,357,346,216
2026/01/19/15:09:37,3206.304469,0.838187,0.813077,0.838187,0.813077,35,23,28,22,0,0,0,0,464,357,346,216
2026/01/19/15:09:38,3207.304563,0.838187,0.813077,0.838187,0.813077,35,23,28,22,0,0,0,0,464,357,346,216
2026/01/19/15:09:39,3208.304661,0.838187,0.813077,0.838187,0.813077,35,23,28,22,0,0,0,0,464,357,346,216
2026/01/19/15:09:40,3209.304770,0.838187,0.813077,0.838187,0.813077,35,23,28,22,0,0,0,0,464,357,346,216
2026/01/19/15:09:41,3210.304883,0.831812,0.779177,0.831812,0.779177,35,23,26,22,0,0,0,0,464,357,348,216
2026/01/19/15:09:42,3211.304945,0.831812,0.779177,0.831812,0.779177,35,23,26,22,0,0,0,0,464,357,348,216
2026/01/19/15:09:43,3212.305024,0.831812,0.779177,0.831812,0.779177,35,23,26,22,0,0,0,0,464,357,348,216
2026/01/19/15:09:44,3213.305254,0.831812,0.779177,0.831812,0.779177,35,23,26,22,0,0,0,0,464,357,348,216
2026/01/19/15:09:45,3214.305284,0.831812,0.779177,0.831812,0.779177,35,23,26,22,0,0,0,0,464,357,348,216
2026/01/19/15:09:46,3215.305415,0.831812,0.779177,0.831812,0.779177,35,23,26,22,0,0,0,0,464,357,348,216
2026/01/19/15:09:47,3216.305517,0.831812,0.779177,0.831812,0.779177,35,23,26,22,0,0,0,0,464,357,348,216
2026/01/19/15:09:48,3217.305626,0.831812,0.779177,0.831812,0.779177,35,23,26,22,0,0,0,0,464,357,348,216
2026/01/19/15:09:49,3218.305711,0.831812,0.779177,0.831812,0.779177,35,23,26,22,0,0,0,0,464,357,348,216
2026/01/19/15:09:50,3219.305836,0.831812,0.779177,0.831812,0.779177,35,23,26,22,0,0,0,0,464,357,348,216
2026/01/19/15:09:51,3220.305941,0.831812,0.779177,0.831812,0.779177,35,23,26,22,0,0,0,0,464,357,348,216
2026/01/19/15:09:52,3221.306020,0.831812,0.779177,0.831812,0.779177,35,23,26,22,0,0,0,0,464,357,348,216
2026/01/19/15:09:53,3222.307438,0.831812,0.779177,0.831812,0.779177,35,23,26,22,0,0,0,0,464,357,348,216
2026/01/19/15:09:54,3223.307542,0.831812,0.779177,0.831812,0.779177,35,23,26,22,0,0,0,0,464,357,348,216
2026/01/19/15:09:55,3224.307637,0.831812,0.779177,0.831812,0.779177,35,23,26,22,0,0,0,0,464,357,348,216
2026/01/19/15:09:56,3225.307750,0.831812,0.779177,0.831812,0.779177,35,23,26,22,0,0,0,0,464,357,348,216
2026/01/19/15:09:57,3226.307863,0.831812,0.779177,0.831812,0.779177,35,23,26,22,0,0,0,0,464,357,348,216
2026/01/19/15:09:58,3227.307970,0.831812,0.779177,0.831812,0.779177,35,23,26,22,0,0,0,0,464,357,348,216
2026/01/19/15:09:59,3228.308096,0.831812,0.779177,0.831812,0.779177,35,23,26,22,0,0,0,0,464,357,348,216
2026/01/19/15:10:00,3229.308109,0.818875,0.718382,0.818875,0.718382,35,23,26,19,0,0,0,0,464,357,348,219
2026/01/19/15:10:01,3230.308226,0.836187,0.740999,0.836187,0.740999,35,23,27,22,0,0,0,0,464,357,348,219
2026/01/19/15:10:02,3231.308299,0.836187,0.740999,0.836187,0.740999,35,23,27,22,0,0,0,0,464,357,348,219
2026/01/19/15:10:03,3232.308403,0.836187,0.740999,0.836187,0.740999,35,23,27,22,0,0,0,0,464,357,348,219
2026/01/19/15:10:04,3233.308508,0.836187,0.740999,0.836187,0.740999,35,23,27,22,0,0,0,0,464,357,348,219
2026/01/19/15:10:05,3234.308617,0.836187,0.740999,0.836187,0.740999,35,23,27,22,0,0,0,0,464,357,348,219
2026/01/19/15:10:06,3235.308779,0.832375,0.733590,0.832375,0.733590,35,23,26,22,0,0,0,0,464,357,349,219
2026/01/19/15:10:07,3236.308872,0.832375,0.733590,0.832375,0.733590,35,23,26,22,0,0,0,0,464,357,349,219
2026/01/19/15:10:08,3237.308969,0.832375,0.733590,0.832375,0.733590,35,23,26,22,0,0,0,0,464,357,349,219
2026/01/19/15:10:09,3238.309087,0.832375,0.733590,0.832375,0.733590,35,23,26,22,0,0,0,0,464,357,349,219
2026/01/19/15:10:10,3239.309110,0.832375,0.733590,0.832375,0.733590,35,23,26,22,0,0,0,0,464,357,349,219
2026/01/19/15:10:11,3240.310022,0.832375,0.733590,0.832375,0.733590,35,23,26,22,0,0,0,0,464,357,349,219
2026/01/19/15:10:12,3241.310129,0.832375,0.733590,0.832375,0.733590,35,23,26,22,0,0,0,0,464,357,349,219
2026/01/19/15:10:13,3242.310262,0.832375,0.733590,0.832375,0.733590,35,23,26,22,0,0,0,0,464,357,349,219
2026/01/19/15:10:14,3243.310321,0.832375,0.733590,0.832375,0.733590,35,23,26,22,0,0,0,0,464,357,349,219
2026/01/19/15:10:15,3244.310449,0.832375,0.733590,0.832375,0.733590,35,23,26,22,0,0,0,0,464,357,349,219
2026/01/19/15:10:16,3245.310549,0.832375,0.733590,0.832375,0.733590,35,23,26,22,0,0,0,0,464,357,349,219
2026/01/19/15:10:17,3246.310662,0.832375,0.733590,0.832375,0.733590,35,23,26,22,0,0,0,0,464,357,349,219
2026/01/19/15:10:18,3247.310777,0.832375,0.733590,0.832375,0.733590,35,23,26,22,0,0,0,0,464,357,349,219
2026/01/19/15:10:19,3248.310865,0.832375,0.733590,0.832375,0.733590,35,23,26,22,0,0,0,0,464,357,349,219
2026/01/19/15:10:20,3249.310966,0.832375,0.733590,0.832375,0.733590,35,23,26,22,0,0,0,0,464,357,349,219
2026/01/19/15:10:21,3250.311084,0.832375,0.733590,0.832375,0.733590,35,23,26,22,0,0,0,0,464,357,349,219
2026/01/19/15:10:22,3251.311131,0.832375,0.733590,0.832375,0.733590,35,23,26,22,0,0,0,0,464,357,349,219
2026/01/19/15:10:23,3252.311236,0.828438,0.729609,0.828438,0.729609,35,23,25,22,0,0,0,0,464,357,350,219
2026/01/19/15:10:24,3253.311378,0.828438,0.729609,0.828438,0.729609,35,23,25,22,0,0,0,0,464,357,350,219
2026/01/19/15:10:25,3254.311473,0.828438,0.729609,0.828438,0.729609,35,23,25,22,0,0,0,0,464,357,350,219
2026/01/19/15:10:26,3255.311575,0.822500,0.720572,0.822500,0.720572,34,23,25,22,0,0,0,0,465,357,350,219
2026/01/19/15:10:27,3256.311664,0.822500,0.720572,0.822500,0.720572,34,23,25,22,0,0,0,0,465,357,350,219
2026/01/19/15:10:28,3257.311772,0.822500,0.720572,0.822500,0.720572,34,23,25,22,0,0,0,0,465,357,350,219
2026/01/19/15:10:29,3258.311863,0.822500,0.720572,0.822500,0.720572,34,23,25,22,0,0,0,0,465,357,350,219
2026/01/19/15:10:30,3259.311978,0.822500,0.720572,0.822500,0.720572,34,23,25,22,0,0,0,0,465,357,350,219
2026/01/19/15:10:31,3260.312095,0.822500,0.720572,0.822500,0.720572,34,23,25,22,0,0,0,0,465,357,350,219
2026/01/19/15:10:32,3261.312107,0.822500,0.720572,0.822500,0.720572,34,23,25,22,0,0,0,0,465,357,350,219
2026/01/19/15:10:33,3262.312218,0.822500,0.720572,0.822500,0.720572,34,23,25,22,0,0,0,0,465,357,350,219
2026/01/19/15:10:34,3263.312311,0.822500,0.720572,0.822500,0.720572,34,23,25,22,0,0,0,0,465,357,350,219
2026/01/19/15:10:35,3264.312409,0.822500,0.720572,0.822500,0.720572,34,23,25,22,0,0,0,0,465,357,350,219
2026/01/19/15:10:36,3265.312499,0.822500,0.720572,0.822500,0.720572,34,23,25,22,0,0,0,0,465,357,350,219
2026/01/19/15:10:37,3266.312602,0.822500,0.720572,0.822500,0.720572,34,23,25,22,0,0,0,0,465,357,350,219
2026/01/19/15:10:38,3267.312731,0.822500,0.720572,0.822500,0.720572,34,23,25,22,0,0,0,0,465,357,350,219
2026/01/19/15:10:39,3268.312796,0.822500,0.720572,0.822500,0.720572,34,23,25,22,0,0,0,0,465,357,350,219
2026/01/19/15:10:40,3269.312898,0.822500,0.720572,0.822500,0.720572,34,23,25,22,0,0,0,0,465,357,350,219
2026/01/19/15:10:41,3270.312975,0.822500,0.720572,0.822500,0.720572,34,23,25,22,0,0,0,0,465,357,350,219
2026/01/19/15:10:42,3271.313101,0.822500,0.720572,0.822500,0.720572,34,23,25,22,0,0,0,0,465,357,350,219
2026/01/19/15:10:43,3272.313168,0.822500,0.720572,0.822500,0.720572,34,23,25,22,0,0,0,0,465,357,350,219
2026/01/19/15:10:44,3273.313246,0.822500,0.720572,0.822500,0.720572,34,23,25,22,0,0,0,0,465,357,350,219
2026/01/19/15:10:45,3274.313342,0.835313,0.772911,0.835313,0.772911,34,25,26,22,0,0,0,0,465,357,350,219
2026/01/19/15:10:46,3275.313435,0.835313,0.772911,0.835313,0.772911,34,25,26,22,0,0,0,0,465,357,350,219
2026/01/19/15:10:47,3276.313498,0.828562,0.726856,0.828562,0.726856,34,23,26,22,0,0,0,0,465,359,350,219
2026/01/19/15:10:48,3277.313599,0.828562,0.726856,0.828562,0.726856,34,23,26,22,0,0,0,0,465,359,350,219
2026/01/19/15:10:49,3278.313694,0.828562,0.726856,0.828562,0.726856,34,23,26,22,0,0,0,0,465,359,350,219
2026/01/19/15:10:50,3279.313777,0.828562,0.726856,0.828562,0.726856,34,23,26,22,0,0,0,0,465,359,350,219
2026/01/19/15:10:51,3280.313898,0.828562,0.726856,0.828562,0.726856,34,23,26,22,0,0,0,0,465,359,350,219
2026/01/19/15:10:52,3281.313994,0.828562,0.726856,0.828562,0.726856,34,23,26,22,0,0,0,0,465,359,350,219
2026/01/19/15:10:53,3282.314150,0.828562,0.726856,0.828562,0.726856,34,23,26,22,0,0,0,0,465,359,350,219
2026/01/19/15:10:54,3283.314291,0.850375,0.741671,0.850375,0.741671,34,23,29,22,0,0,0,0,465,359,350,219
2026/01/19/15:10:55,3284.314366,0.866750,0.760568,0.866750,0.760568,34,25,29,23,0,0,0,0,465,359,350,219
2026/01/19/15:10:56,3285.314435,0.871812,0.767881,0.871812,0.767881,34,27,28,23,0,0,0,0,465,359,351,219
2026/01/19/15:10:57,3286.314533,0.878437,0.778958,0.893437,0.783990,37,26,26,23,0,1,0,0,465,361,354,219
2026/01/19/15:10:58,3287.314629,0.878437,0.778958,0.893437,0.783990,37,26,26,23,0,1,0,0,465,361,354,219
2026/01/19/15:10:59,3288.314747,0.878437,0.778958,0.878437,0.778958,37,26,26,23,0,0,0,0,465,361,354,219
2026/01/19/15:11:00,3289.314835,0.872313,0.765957,0.872313,0.765957,37,26,25,23,0,0,0,0,465,361,355,219
2026/01/19/15:11:01,3290.314926,0.872313,0.765957,0.872313,0.765957,37,26,25,23,0,0,0,0,465,361,355,219
2026/01/19/15:11:02,3291.314997,0.862563,0.746020,0.862563,0.746020,34,26,25,23,0,0,0,0,468,361,355,219
2026/01/19/15:11:03,3292.315136,0.854062,0.732311,0.854062,0.732311,34,24,25,23,0,0,0,0,468,363,355,219
2026/01/19/15:11:04,3293.315240,0.854062,0.732311,0.854062,0.732311,34,24,25,23,0,0,0,0,468,363,355,219
2026/01/19/15:11:05,3294.315325,0.854062,0.732311,0.854062,0.732311,34,24,25,23,0,0,0,0,468,363,355,219
2026/01/19/15:11:06,3295.315410,0.854062,0.732311,0.854062,0.732311,34,24,25,23,0,0,0,0,468,363,355,219
2026/01/19/15:11:07,3296.315509,0.854062,0.732311,0.854062,0.732311,34,24,25,23,0,0,0,0,468,363,355,219
2026/01/19/15:11:08,3297.316309,0.854062,0.732311,0.854062,0.732311,34,24,25,23,0,0,0,0,468,363,355,219
2026/01/19/15:11:09,3298.316397,0.854062,0.732311,0.854062,0.732311,34,24,25,23,0,0,0,0,468,363,355,219
2026/01/19/15:11:10,3299.316485,0.854062,0.732311,0.854062,0.732311,34,24,25,23,0,0,0,0,468,363,355,219
2026/01/19/15:11:11,3300.316587,0.854062,0.732311,0.854062,0.732311,34,24,25,23,0,0,0,0,468,363,355,219
2026/01/19/15:11:12,3301.316713,0.854062,0.732311,0.854062,0.732311,34,24,25,23,0,0,0,0,468,363,355,219
2026/01/19/15:11:13,3302.316812,0.854062,0.732311,0.854062,0.732311,34,24,25,23,0,0,0,0,468,363,355,219
2026/01/19/15:11:14,3303.316916,0.854062,0.732311,0.854062,0.732311,34,24,25,23,0,0,0,0,468,363,355,219
2026/01/19/15:11:15,3304.317005,0.854062,0.732311,0.854062,0.732311,34,24,25,23,0,0,0,0,468,363,355,219
2026/01/19/15:11:16,3305.317101,0.854062,0.732311,0.854062,0.732311,34,24,25,23,0,0,0,0,468,363,355,219
2026/01/19/15:11:17,3306.317179,0.854062,0.732311,0.854062,0.732311,34,24,25,23,0,0,0,0,468,363,355,219
2026/01/19/15:11:18,3307.317284,0.854062,0.732311,0.854062,0.732311,34,24,25,23,0,0,0,0,468,363,355,219
2026/01/19/15:11:19,3308.317396,0.844938,0.720345,0.844938,0.720345,34,24,25,22,0,0,0,0,468,363,355,220
2026/01/19/15:11:20,3309.317462,0.844938,0.720345,0.844938,0.720345,34,24,25,22,0,0,0,0,468,363,355,220
2026/01/19/15:11:21,3310.317550,0.844938,0.720345,0.844938,0.720345,34,24,25,22,0,0,0,0,468,363,355,220
2026/01/19/15:11:22,3311.317631,0.844938,0.720345,0.844938,0.720345,34,24,25,22,0,0,0,0,468,363,355,220
2026/01/19/15:11:23,3312.317710,0.844938,0.720345,0.844938,0.720345,34,24,25,22,0,0,0,0,468,363,355,220
2026/01/19/15:11:24,3313.317818,0.844938,0.720345,0.844938,0.720345,34,24,25,22,0,0,0,0,468,363,355,220
2026/01/19/15:11:25,3314.317907,0.844938,0.720345,0.844938,0.720345,34,24,25,22,0,0,0,0,468,363,355,220
2026/01/19/15:11:26,3315.318098,0.844938,0.720345,0.844938,0.720345,34,24,25,22,0,0,0,0,468,363,355,220
2026/01/19/15:11:27,3316.318178,0.844938,0.720345,0.844938,0.720345,34,24,25,22,0,0,0,0,468,363,355,220
2026/01/19/15:11:28,3317.318266,0.844938,0.720345,0.844938,0.720345,34,24,25,22,0,0,0,0,468,363,355,220
2026/01/19/15:11:29,3318.318366,0.844938,0.720345,0.844938,0.720345,34,24,25,22,0,0,0,0,468,363,355,220
2026/01/19/15:11:30,3319.318433,0.844938,0.720345,0.844938,0.720345,34,24,25,22,0,0,0,0,468,363,355,220
2026/01/19/15:11:31,3320.318526,0.844938,0.720345,0.844938,0.720345,34,24,25,22,0,0,0,0,468,363,355,220
2026/01/19/15:11:32,3321.318608,0.844938,0.720345,0.844938,0.720345,34,24,25,22,0,0,0,0,468,363,355,220
2026/01/19/15:11:33,3322.318683,0.844938,0.720345,0.844938,0.720345,34,24,25,22,0,0,0,0,468,363,355,220
2026/01/19/15:11:34,3323.318777,0.826562,0.711927,0.826562,0.711927,34,24,23,22,0,0,0,0,468,363,357,220
2026/01/19/15:11:35,3324.318842,0.826562,0.711927,0.826562,0.711927,34,24,23,22,0,0,0,0,468,363,357,220
2026/01/19/15:11:36,3325.318932,0.826562,0.711927,0.826562,0.711927,34,24,23,22,0,0,0,0,468,363,357,220
2026/01/19/15:11:37,3326.319004,0.826562,0.711927,0.826562,0.711927,34,24,23,22,0,0,0,0,468,363,357,220
2026/01/19/15:11:38,3327.319104,0.826562,0.711927,0.826562,0.711927,34,24,23,22,0,0,0,0,468,363,357,220
2026/01/19/15:11:39,3328.319211,0.826562,0.711927,0.826562,0.711927,34,24,23,22,0,0,0,0,468,363,357,220
2026/01/19/15:11:40,3329.319310,0.826562,0.711927,0.826562,0.711927,34,24,23,22,0,0,0,0,468,363,357,220
2026/01/19/15:11:41,3330.319402,0.813063,0.696719,0.813063,0.696719,34,24,23,19,0,0,0,0,468,363,357,223
2026/01/19/15:11:42,3331.319484,0.813063,0.696719,0.813063,0.696719,34,24,23,19,0,0,0,0,468,363,357,223
2026/01/19/15:11:43,3332.319587,0.813063,0.696719,0.813063,0.696719,34,24,23,19,0,0,0,0,468,363,357,223
2026/01/19/15:11:44,3333.319666,0.813063,0.696719,0.813063,0.696719,34,24,23,19,0,0,0,0,468,363,357,223
2026/01/19/15:11:45,3334.319744,0.813063,0.696719,0.813063,0.696719,34,24,23,19,0,0,0,0,468,363,357,223
2026/01/19/15:11:46,3335.319856,0.813063,0.696719,0.813063,0.696719,34,24,23,19,0,0,0,0,468,363,357,223
2026/01/19/15:11:47,3336.319965,0.813063,0.696719,0.813063,0.696719,34,24,23,19,0,0,0,0,468,363,357,223
2026/01/19/15:11:48,3337.320071,0.813063,0.696719,0.813063,0.696719,34,24,23,19,0,0,0,0,468,363,357,223
2026/01/19/15:11:49,3338.320158,0.813063,0.696719,0.813063,0.696719,34,24,23,19,0,0,0,0,468,363,357,223
2026/01/19/15:11:50,3339.320273,0.813063,0.696719,0.813063,0.696719,34,24,23,19,0,0,0,0,468,363,357,223
2026/01/19/15:11:51,3340.320419,0.813063,0.696719,0.813063,0.696719,34,24,23,19,0,0,0,0,468,363,357,223
2026/01/19/15:11:52,3341.320523,0.813063,0.696719,0.813063,0.696719,34,24,23,19,0,0,0,0,468,363,357,223
2026/01/19/15:11:53,3342.320620,0.813063,0.696719,0.813063,0.696719,34,24,23,19,0,0,0,0,468,363,357,223
2026/01/19/15:11:54,3343.320754,0.813063,0.696719,0.813063,0.696719,34,24,23,19,0,0,0,0,468,363,357,223
2026/01/19/15:11:55,3344.320869,0.813063,0.696719,0.813063,0.696719,34,24,23,19,0,0,0,0,468,363,357,223
2026/01/19/15:11:56,3345.320961,0.813063,0.696719,0.813063,0.696719,34,24,23,19,0,0,0,0,468,363,357,223
2026/01/19/15:11:57,3346.321032,0.817125,0.705937,0.817125,0.705937,35,24,23,19,0,0,0,0,468,363,357,223
2026/01/19/15:11:58,3347.321121,0.817125,0.705937,0.817125,0.705937,35,24,23,19,0,0,0,0,468,363,357,223
2026/01/19/15:11:59,3348.321227,0.817125,0.705937,0.817125,0.705937,35,24,23,19,0,0,0,0,468,363,357,223
2026/01/19/15:12:00,3349.321304,0.847688,0.718699,0.847688,0.718699,36,24,24,19,0,0,0,0,468,363,357,223
2026/01/19/15:12:01,3350.321480,0.847688,0.718699,0.847688,0.718699,36,24,24,19,0,0,0,0,468,363,357,223
2026/01/19/15:12:02,3351.321507,0.836500,0.714388,0.836500,0.714388,36,23,24,19,0,0,0,0,468,364,357,223
2026/01/19/15:12:03,3352.321596,0.836500,0.714388,0.836500,0.714388,36,23,24,19,0,0,0,0,468,364,357,223
2026/01/19/15:12:04,3353.321693,0.836500,0.714388,0.836500,0.714388,36,23,24,19,0,0,0,0,468,364,357,223
2026/01/19/15:12:05,3354.321772,0.836500,0.714388,0.836500,0.714388,36,23,24,19,0,0,0,0,468,364,357,223
2026/01/19/15:12:06,3355.321871,0.836500,0.714388,0.836500,0.714388,36,23,24,19,0,0,0,0,468,364,357,223
2026/01/19/15:12:07,3356.321939,0.836500,0.714388,0.836500,0.714388,36,23,24,19,0,0,0,0,468,364,357,223
2026/01/19/15:12:08,3357.322099,0.836500,0.714388,0.836500,0.714388,36,23,24,19,0,0,0,0,468,364,357,223
2026/01/19/15:12:09,3358.322155,0.816063,0.708250,0.816063,0.708250,36,23,23,19,0,0,0,0,468,364,358,223
2026/01/19/15:12:10,3359.322220,0.816063,0.708250,0.816063,0.708250,36,23,23,19,0,0,0,0,468,364,358,223
2026/01/19/15:12:11,3360.322336,0.816063,0.708250,0.816063,0.708250,36,23,23,19,0,0,0,0,468,364,358,223
2026/01/19/15:12:12,3361.322432,0.816063,0.708250,0.816063,0.708250,36,23,23,19,0,0,0,0,468,364,358,223
2026/01/19/15:12:13,3362.322568,0.816063,0.708250,0.816063,0.708250,36,23,23,19,0,0,0,0,468,364,358,223
2026/01/19/15:12:14,3363.322664,0.816063,0.708250,0.816063,0.708250,36,23,23,19,0,0,0,0,468,364,358,223
2026/01/19/15:12:15,3364.322762,0.816063,0.708250,0.816063,0.708250,36,23,23,19,0,0,0,0,468,364,358,223
2026/01/19/15:12:16,3365.322865,0.816063,0.708250,0.816063,0.708250,36,23,23,19,0,0,0,0,468,364,358,223
2026/01/19/15:12:17,3366.322951,0.816063,0.708250,0.816063,0.708250,36,23,23,19,0,0,0,0,468,364,358,223
2026/01/19/15:12:18,3367.323067,0.816063,0.708250,0.816063,0.708250,36,23,23,19,0,0,0,0,468,364,358,223
2026/01/19/15:12:19,3368.323127,0.816063,0.708250,0.816063,0.708250,36,23,23,19,0,0,0,0,468,364,358,223
2026/01/19/15:12:20,3369.323209,0.816063,0.708250,0.816063,0.708250,36,23,23,19,0,0,0,0,468,364,358,223
2026/01/19/15:12:21,3370.323299,0.816063,0.708250,0.816063,0.708250,36,23,23,19,0,0,0,0,468,364,358,223
2026/01/19/15:12:22,3371.323386,0.816063,0.708250,0.816063,0.708250,36,23,23,19,0,0,0,0,468,364,358,223
2026/01/19/15:12:23,3372.323471,0.816063,0.708250,0.816063,0.708250,36,23,23,19,0,0,0,0,468,364,358,223
2026/01/19/15:12:24,3373.323612,0.816063,0.708250,0.816063,0.708250,36,23,23,19,0,0,0,0,468,364,358,223
2026/01/19/15:12:25,3374.323708,0.816063,0.708250,0.816063,0.708250,36,23,23,19,0,0,0,0,468,364,358,223
2026/01/19/15:12:26,3375.323850,0.816063,0.708250,0.816063,0.708250,36,23,23,19,0,0,0,0,468,364,358,223
2026/01/19/15:12:27,3376.323944,0.816063,0.708250,0.816063,0.708250,36,23,23,19,0,0,0,0,468,364,358,223
2026/01/19/15:12:28,3377.324022,0.816063,0.708250,0.816063,0.708250,36,23,23,19,0,0,0,0,468,364,358,223
2026/01/19/15:12:29,3378.324158,0.816063,0.708250,0.816063,0.708250,36,23,23,19,0,0,0,0,468,364,358,223
2026/01/19/15:12:30,3379.324265,0.816063,0.708250,0.816063,0.708250,36,23,23,19,0,0,0,0,468,364,358,223
2026/01/19/15:12:31,3380.324340,0.816063,0.708250,0.816063,0.708250,36,23,23,19,0,0,0,0,468,364,358,223
2026/01/19/15:12:32,3381.324482,0.816063,0.708250,0.816063,0.708250,36,23,23,19,0,0,0,0,468,364,358,223
2026/01/19/15:12:33,3382.324620,0.816063,0.708250,0.816063,0.708250,36,23,23,19,0,0,0,0,468,364,358,223
2026/01/19/15:12:34,3383.324737,0.816063,0.708250,0.816063,0.708250,36,23,23,19,0,0,0,0,468,364,358,223
2026/01/19/15:12:35,3384.324986,0.816063,0.708250,0.816063,0.708250,36,23,23,19,0,0,0,0,468,364,358,223
2026/01/19/15:12:36,3385.325150,0.816063,0.708250,0.816063,0.708250,36,23,23,19,0,0,0,0,468,364,358,223
2026/01/19/15:12:37,3386.325248,0.816063,0.708250,0.816063,0.708250,36,23,23,19,0,0,0,0,468,364,358,223
2026/01/19/15:12:38,3387.325335,0.805937,0.701625,0.805937,0.701625,35,23,23,19,0,0,0,0,469,364,358,223
2026/01/19/15:12:39,3388.325443,0.805937,0.701625,0.805937,0.701625,35,23,23,19,0,0,0,0,469,364,358,223
2026/01/19/15:12:40,3389.325536,0.805937,0.701625,0.805937,0.701625,35,23,23,19,0,0,0,0,469,364,358,223
2026/01/19/15:12:41,3390.325634,0.805937,0.701625,0.805937,0.701625,35,23,23,19,0,0,0,0,469,364,358,223
2026/01/19/15:12:42,3391.325736,0.805937,0.701625,0.805937,0.701625,35,23,23,19,0,0,0,0,469,364,358,223
2026/01/19/15:12:43,3392.325804,0.805937,0.701625,0.805937,0.701625,35,23,23,19,0,0,0,0,469,364,358,223
2026/01/19/15:12:44,3393.325897,0.805937,0.701625,0.805937,0.701625,35,23,23,19,0,0,0,0,469,364,358,223
2026/01/19/15:12:45,3394.326031,0.805937,0.701625,0.805937,0.701625,35,23,23,19,0,0,0,0,469,364,358,223
2026/01/19/15:12:46,3395.326088,0.805937,0.701625,0.805937,0.701625,35,23,23,19,0,0,0,0,469,364,358,223
2026/01/19/15:12:47,3396.326177,0.828812,0.721548,0.828812,0.721548,38,23,24,19,0,0,0,0,469,364,358,223
2026/01/19/15:12:48,3397.326290,0.828812,0.721548,0.828812,0.721548,38,23,24,19,0,0,0,0,469,364,358,223
2026/01/19/15:12:49,3398.326345,0.892938,0.773793,0.911438,0.787855,42,25,25,20,1,0,0,1,469,364,358,223
2026/01/19/15:12:50,3399.326468,0.893312,0.799471,0.921937,0.814794,42,25,25,20,0,0,1,1,472,364,358,223
2026/01/19/15:12:51,3400.326550,0.873250,0.784499,0.901875,0.799821,39,25,25,20,0,0,1,1,475,364,358,223
2026/01/19/15:12:52,3401.326578,0.862750,0.778046,0.862750,0.778046,39,25,25,19,0,0,0,0,475,364,359,224
2026/01/19/15:12:53,3402.326663,0.855625,0.747520,0.855625,0.747520,38,25,25,19,0,0,0,0,476,364,359,224
2026/01/19/15:12:54,3403.326739,0.855625,0.747520,0.855625,0.747520,38,25,25,19,0,0,0,0,476,364,359,224
2026/01/19/15:12:55,3404.326871,0.847000,0.727260,0.847000,0.727260,38,23,25,19,0,0,0,0,476,366,359,224
2026/01/19/15:12:56,3405.326935,0.847000,0.727260,0.847000,0.727260,38,23,25,19,0,0,0,0,476,366,359,224
2026/01/19/15:12:57,3406.327043,0.847000,0.727260,0.847000,0.727260,38,23,25,19,0,0,0,0,476,366,359,224
2026/01/19/15:12:58,3407.327163,0.847000,0.727260,0.847000,0.727260,38,23,25,19,0,0,0,0,476,366,359,224
2026/01/19/15:12:59,3408.327257,0.847000,0.727260,0.847000,0.727260,38,23,25,19,0,0,0,0,476,366,359,224
2026/01/19/15:13:00,3409.327414,0.847000,0.727260,0.847000,0.727260,38,23,25,19,0,0,0,0,476,366,359,224
2026/01/19/15:13:01,3410.327522,0.847000,0.727260,0.847000,0.727260,38,23,25,19,0,0,0,0,476,366,359,224
2026/01/19/15:13:02,3411.327602,0.847000,0.727260,0.847000,0.727260,38,23,25,19,0,0,0,0,476,366,359,224
2026/01/19/15:13:03,3412.327726,0.847000,0.727260,0.847000,0.727260,38,23,25,19,0,0,0,0,476,366,359,224
2026/01/19/15:13:04,3413.327785,0.847000,0.727260,0.847000,0.727260,38,23,25,19,0,0,0,0,476,366,359,224
2026/01/19/15:13:05,3414.327891,0.847000,0.727260,0.847000,0.727260,38,23,25,19,0,0,0,0,476,366,359,224
2026/01/19/15:13:06,3415.327986,0.847000,0.727260,0.847000,0.727260,38,23,25,19,0,0,0,0,476,366,359,224
2026/01/19/15:13:07,3416.328094,0.847000,0.727260,0.847000,0.727260,38,23,25,19,0,0,0,0,476,366,359,224
2026/01/19/15:13:08,3417.328208,0.847000,0.727260,0.847000,0.727260,38,23,25,19,0,0,0,0,476,366,359,224
2026/01/19/15:13:09,3418.328267,0.847000,0.727260,0.847000,0.727260,38,23,25,19,0,0,0,0,476,366,359,224
2026/01/19/15:13:10,3419.328501,0.847000,0.727260,0.847000,0.727260,38,23,25,19,0,0,0,0,476,366,359,224
2026/01/19/15:13:11,3420.328535,0.847000,0.727260,0.847000,0.727260,38,23,25,19,0,0,0,0,476,366,359,224
2026/01/19/15:13:12,3421.328607,0.847000,0.727260,0.847000,0.727260,38,23,25,19,0,0,0,0,476,366,359,224
2026/01/19/15:13:13,3422.328714,0.847000,0.727260,0.847000,0.727260,38,23,25,19,0,0,0,0,476,366,359,224
2026/01/19/15:13:14,3423.328807,0.842938,0.718042,0.842938,0.718042,37,23,25,19,0,0,0,0,477,366,359,224
2026/01/19/15:13:15,3424.328875,0.842938,0.718042,0.842938,0.718042,37,23,25,19,0,0,0,0,477,366,359,224
2026/01/19/15:13:16,3425.328967,0.842938,0.718042,0.842938,0.718042,37,23,25,19,0,0,0,0,477,366,359,224
2026/01/19/15:13:17,3426.329042,0.842938,0.718042,0.842938,0.718042,37,23,25,19,0,0,0,0,477,366,359,224
2026/01/19/15:13:18,3427.329147,0.842938,0.718042,0.842938,0.718042,37,23,25,19,0,0,0,0,477,366,359,224
2026/01/19/15:13:19,3428.329208,0.842938,0.718042,0.842938,0.718042,37,23,25,19,0,0,0,0,477,366,359,224
2026/01/19/15:13:20,3429.329292,0.842938,0.718042,0.842938,0.718042,37,23,25,19,0,0,0,0,477,366,359,224
2026/01/19/15:13:21,3430.329383,0.842938,0.718042,0.842938,0.718042,37,23,25,19,0,0,0,0,477,366,359,224
2026/01/19/15:13:22,3431.329464,0.842938,0.718042,0.842938,0.718042,37,23,25,19,0,0,0,0,477,366,359,224
2026/01/19/15:13:23,3432.329588,0.842938,0.718042,0.842938,0.718042,37,23,25,19,0,0,0,0,477,366,359,224
2026/01/19/15:13:24,3433.329652,0.842938,0.718042,0.842938,0.718042,37,23,25,19,0,0,0,0,477,366,359,224
2026/01/19/15:13:25,3434.329800,0.842938,0.718042,0.842938,0.718042,37,23,25,19,0,0,0,0,477,366,359,224
2026/01/19/15:13:26,3435.329936,0.842938,0.718042,0.842938,0.718042,37,23,25,19,0,0,0,0,477,366,359,224
2026/01/19/15:13:27,3436.330019,0.842938,0.718042,0.842938,0.718042,37,23,25,19,0,0,0,0,477,366,359,224
2026/01/19/15:13:28,3437.330104,0.850500,0.733265,0.850500,0.733265,37,27,25,19,0,0,0,0,480,366,359,224
2026/01/19/15:13:29,3438.330186,0.850500,0.733265,0.850500,0.733265,37,27,25,19,0,0,0,0,480,366,359,224
2026/01/19/15:13:30,3439.330291,0.845875,0.730106,0.845875,0.730106,36,27,25,19,0,0,0,0,481,366,359,224
2026/01/19/15:13:31,3440.330390,0.845875,0.730106,0.845875,0.730106,36,27,25,19,0,0,0,0,481,366,359,224
2026/01/19/15:13:32,3441.330518,0.838125,0.720969,0.838125,0.720969,34,27,25,19,0,0,0,0,483,366,359,224
2026/01/19/15:13:33,3442.330667,0.838125,0.720969,0.838125,0.720969,34,27,25,19,0,0,0,0,483,366,359,224
2026/01/19/15:13:34,3443.330803,0.826500,0.707394,0.826500,0.707394,31,27,25,19,0,0,0,0,486,366,359,224
2026/01/19/15:13:35,3444.330918,0.837938,0.712841,0.862750,0.718568,31,27,25,20,0,0,0,1,486,366,359,224
2026/01/19/15:13:36,3445.331013,0.837938,0.712841,0.862750,0.718568,31,27,25,20,0,0,0,1,486,366,359,224
2026/01/19/15:13:37,3446.331082,0.837938,0.712841,0.862750,0.718568,31,27,25,20,0,0,0,1,486,366,359,224
2026/01/19/15:13:38,3447.331164,0.837938,0.712841,0.862750,0.718568,31,27,25,20,0,0,0,1,486,366,359,224
2026/01/19/15:13:39,3448.331264,0.837938,0.712841,0.837938,0.712841,31,27,25,20,0,0,0,0,486,366,359,224
2026/01/19/15:13:40,3449.331341,0.837938,0.712841,0.837938,0.712841,31,27,25,20,0,0,0,0,486,366,359,224
2026/01/19/15:13:41,3450.331413,0.837938,0.712841,0.837938,0.712841,31,27,25,20,0,0,0,0,486,366,359,224
2026/01/19/15:13:42,3451.331557,0.826500,0.707394,0.826500,0.707394,31,27,25,19,0,0,0,0,486,366,359,225
2026/01/19/15:13:43,3452.331659,0.826500,0.707394,0.826500,0.707394,31,27,25,19,0,0,0,0,486,366,359,225
2026/01/19/15:13:44,3453.331764,0.826500,0.707394,0.826500,0.707394,31,27,25,19,0,0,0,0,486,366,359,225
2026/01/19/15:13:45,3454.331860,0.826500,0.707394,0.826500,0.707394,31,27,25,19,0,0,0,0,486,366,359,225
2026/01/19/15:13:46,3455.331980,0.826500,0.707394,0.826500,0.707394,31,27,25,19,0,0,0,0,486,366,359,225
2026/01/19/15:13:47,3456.332080,0.826500,0.707394,0.826500,0.707394,31,27,25,19,0,0,0,0,486,366,359,225
2026/01/19/15:13:48,3457.332164,0.826500,0.707394,0.826500,0.707394,31,27,25,19,0,0,0,0,486,366,359,225
2026/01/19/15:13:49,3458.332272,0.826500,0.707394,0.826500,0.707394,31,27,25,19,0,0,0,0,486,366,359,225
2026/01/19/15:13:50,3459.332392,0.826500,0.707394,0.826500,0.707394,31,27,25,19,0,0,0,0,486,366,359,225
2026/01/19/15:13:51,3460.332501,0.826500,0.707394,0.826500,0.707394,31,27,25,19,0,0,0,0,486,366,359,225
2026/01/19/15:13:52,3461.332594,0.826500,0.707394,0.826500,0.707394,31,27,25,19,0,0,0,0,486,366,359,225
2026/01/19/15:13:53,3462.332745,0.826500,0.707394,0.826500,0.707394,31,27,25,19,0,0,0,0,486,366,359,225
2026/01/19/15:13:54,3463.332840,0.826500,0.707394,0.826500,0.707394,31,27,25,19,0,0,0,0,486,366,359,225
2026/01/19/15:13:55,3464.333000,0.826500,0.707394,0.826500,0.707394,31,27,25,19,0,0,0,0,486,366,359,225
2026/01/19/15:13:56,3465.333117,0.826500,0.707394,0.826500,0.707394,31,27,25,19,0,0,0,0,486,366,359,225
2026/01/19/15:13:57,3466.333228,0.826500,0.707394,0.826500,0.707394,31,27,25,19,0,0,0,0,486,366,359,225
2026/01/19/15:13:58,3467.333333,0.826500,0.707394,0.826500,0.707394,31,27,25,19,0,0,0,0,486,366,359,225
2026/01/19/15:13:59,3468.333476,0.826500,0.707394,0.826500,0.707394,31,27,25,19,0,0,0,0,486,366,359,225
2026/01/19/15:14:00,3469.333586,0.864938,0.734667,0.870563,0.738604,32,30,26,20,0,1,0,0,486,366,359,225
2026/01/19/15:14:01,3470.333674,0.870563,0.738604,0.870563,0.738604,32,31,26,20,0,0,0,0,486,366,359,225
2026/01/19/15:14:02,3471.333758,0.870563,0.738604,0.870563,0.738604,32,31,26,20,0,0,0,0,486,366,359,225
2026/01/19/15:14:03,3472.333918,0.843125,0.716569,0.843125,0.716569,32,28,25,19,0,0,0,0,486,369,360,226
2026/01/19/15:14:04,3473.334017,0.851375,0.722203,0.851375,0.722203,32,27,25,22,0,0,0,0,486,370,360,226
2026/01/19/15:14:05,3474.334168,0.851375,0.722203,0.851375,0.722203,32,27,25,22,0,0,0,0,486,370,360,226
2026/01/19/15:14:06,3475.334282,0.834500,0.710392,0.834500,0.710392,32,24,25,22,0,0,0,0,486,373,360,226
2026/01/19/15:14:07,3476.334384,0.834500,0.710392,0.834500,0.710392,32,24,25,22,0,0,0,0,486,373,360,226
2026/01/19/15:14:08,3477.334446,0.834500,0.710392,0.834500,0.710392,32,24,25,22,0,0,0,0,486,373,360,226
2026/01/19/15:14:09,3478.334529,0.883188,0.770706,1.012250,0.859563,36,27,25,19,5,0,0,1,486,373,360,229
2026/01/19/15:14:10,3479.334632,0.893813,0.774440,1.022875,0.863297,37,27,25,19,5,0,0,1,486,373,360,229
2026/01/19/15:14:11,3480.334709,0.893813,0.774440,1.022875,0.863297,37,27,25,19,5,0,0,1,486,373,360,229
2026/01/19/15:14:12,3481.334779,0.893813,0.774440,1.022875,0.863297,37,27,25,19,5,0,0,1,486,373,360,229
2026/01/19/15:14:13,3482.334882,0.883188,0.770706,0.922813,0.797966,36,27,25,19,2,0,0,0,487,373,360,229
2026/01/19/15:14:14,3483.335020,0.876125,0.766376,0.915750,0.793637,36,26,25,19,2,0,0,0,487,374,360,229
2026/01/19/15:14:15,3484.335092,0.869062,0.762047,0.908687,0.789307,36,25,25,19,2,0,0,0,487,375,360,229
2026/01/19/15:14:16,3485.335208,0.869062,0.762047,0.908687,0.789307,36,25,25,19,2,0,0,0,487,375,360,229
2026/01/19/15:14:17,3486.335310,0.869062,0.762047,0.908687,0.789307,36,25,25,19,2,0,0,0,487,375,360,229
2026/01/19/15:14:18,3487.335397,0.869062,0.762047,0.908687,0.789307,36,25,25,19,2,0,0,0,487,375,360,229
2026/01/19/15:14:19,3488.335440,0.852938,0.722451,0.892563,0.749711,34,25,25,19,2,0,0,0,489,375,360,229
2026/01/19/15:14:20,3489.335599,0.852938,0.722451,0.892563,0.749711,34,25,25,19,2,0,0,0,489,375,360,229
2026/01/19/15:14:21,3490.335690,0.852938,0.722451,0.892563,0.749711,34,25,25,19,2,0,0,0,489,375,360,229
2026/01/19/15:14:22,3491.404334,0.849063,0.718406,0.888687,0.745667,33,25,25,19,2,0,0,0,490,375,360,229
2026/01/19/15:14:23,3492.404421,0.849063,0.718406,0.888687,0.745667,33,25,25,19,2,0,0,0,490,375,360,229
2026/01/19/15:14:24,3493.404526,0.888687,0.745667,0.888687,0.745667,35,25,25,19,0,0,0,0,492,375,360,229
2026/01/19/15:14:25,3494.404655,0.875625,0.726966,0.875625,0.726966,32,27,27,19,0,0,0,0,495,375,360,229
2026/01/19/15:14:26,3495.404720,0.875625,0.726966,0.875625,0.726966,32,27,27,19,0,0,0,0,495,375,360,229
2026/01/19/15:14:27,3496.404816,0.871250,0.777071,0.895875,0.789256,32,28,27,19,0,0,0,1,495,377,360,229
2026/01/19/15:14:28,3497.404952,0.871250,0.777071,0.895875,0.789256,32,28,27,19,0,0,0,1,495,377,360,229
2026/01/19/15:14:29,3498.405045,0.839000,0.762953,0.863625,0.775137,32,28,25,19,0,0,0,1,495,377,362,229
2026/01/19/15:14:30,3499.405137,0.839000,0.762953,0.863625,0.775137,32,28,25,19,0,0,0,1,495,377,362,229
2026/01/19/15:14:31,3500.405225,0.834063,0.758027,0.858688,0.770212,32,27,25,19,0,0,0,1,495,378,362,229
2026/01/19/15:14:32,3501.405404,0.834063,0.758027,0.858688,0.770212,32,27,25,19,0,0,0,1,495,378,362,229
2026/01/19/15:14:33,3502.405504,0.834063,0.758027,0.858688,0.770212,32,27,25,19,0,0,0,1,495,378,362,229
2026/01/19/15:14:34,3503.405597,0.830937,0.763382,0.830937,0.763382,32,27,25,19,0,0,0,0,495,378,362,230
2026/01/19/15:14:35,3504.405686,0.830937,0.763382,0.830937,0.763382,32,27,25,19,0,0,0,0,495,378,362,230
2026/01/19/15:14:36,3505.405817,0.825625,0.759150,0.825625,0.759150,31,27,25,19,0,0,0,0,496,378,362,230
2026/01/19/15:14:37,3506.405895,0.825625,0.759150,0.825625,0.759150,31,27,25,19,0,0,0,0,496,378,362,230
2026/01/19/15:14:38,3507.405988,0.801000,0.746965,0.801000,0.746965,31,27,25,18,0,0,0,0,496,378,362,231
2026/01/19/15:14:39,3508.406109,0.801000,0.746965,0.801000,0.746965,31,27,25,18,0,0,0,0,496,378,362,231
2026/01/19/15:14:40,3509.406181,0.801000,0.746965,0.801000,0.746965,31,27,25,18,0,0,0,0,496,378,362,231
2026/01/19/15:14:41,3510.406288,0.801000,0.746965,0.801000,0.746965,31,27,25,18,0,0,0,0,496,378,362,231
2026/01/19/15:14:42,3511.406377,0.801000,0.746965,0.801000,0.746965,31,27,25,18,0,0,0,0,496,378,362,231
2026/01/19/15:14:43,3512.406483,0.839812,0.784608,0.870000,0.802764,39,27,25,18,1,0,0,0,496,378,362,231
2026/01/19/15:14:44,3513.406625,0.876437,0.816611,0.911500,0.843444,39,30,26,19,1,0,0,1,496,378,362,231
2026/01/19/15:14:45,3514.406725,0.914062,0.857820,0.959625,0.890828,39,31,26,25,1,0,1,0,496,378,362,231
2026/01/19/15:14:46,3515.406812,0.910937,0.853946,0.941125,0.872102,35,31,27,25,1,0,0,0,500,378,362,231
2026/01/19/15:14:47,3516.406989,0.903937,0.844371,0.903937,0.844371,35,31,27,23,0,0,0,0,500,378,362,233
2026/01/19/15:14:48,3517.407102,0.921000,0.875116,0.921000,0.875116,35,32,28,25,0,0,0,0,500,378,362,233
2026/01/19/15:14:49,3518.407131,0.911250,0.871361,0.911250,0.871361,35,32,27,25,0,0,0,0,500,378,363,233
2026/01/19/15:14:50,3519.407255,0.898563,0.870446,0.898563,0.870446,36,32,28,23,0,0,0,0,500,378,365,235
2026/01/19/15:14:51,3520.407315,0.883938,0.844415,0.883938,0.844415,36,32,28,20,0,0,0,0,500,378,365,238
2026/01/19/15:14:52,3521.407443,0.883938,0.844415,0.883938,0.844415,36,32,28,20,0,0,0,0,500,378,365,238
2026/01/19/15:14:53,3522.407533,0.883938,0.844415,0.883938,0.844415,36,32,28,20,0,0,0,0,500,378,365,238
2026/01/19/15:14:54,3523.407629,0.883938,0.844415,0.883938,0.844415,36,32,28,20,0,0,0,0,500,378,365,238
2026/01/19/15:14:55,3524.407743,0.878812,0.848320,0.878812,0.848320,36,33,25,20,0,0,0,0,500,378,368,238
2026/01/19/15:14:56,3525.407910,0.888687,0.856207,0.888687,0.856207,38,33,25,20,0,0,0,0,500,378,368,238
2026/01/19/15:14:57,3526.408002,0.888687,0.856207,0.888687,0.856207,38,33,25,20,0,0,0,0,500,378,368,238
2026/01/19/15:14:58,3527.408123,0.888687,0.856207,0.888687,0.856207,38,33,25,20,0,0,0,0,500,378,368,238
2026/01/19/15:14:59,3528.408212,0.870437,0.845653,0.870437,0.845653,36,32,25,20,0,0,0,0,502,379,368,238
2026/01/19/15:15:00,3529.408358,0.870437,0.845653,0.870437,0.845653,36,32,25,20,0,0,0,0,502,379,368,238
2026/01/19/15:15:01,3530.408458,0.870437,0.845653,0.870437,0.845653,36,32,25,20,0,0,0,0,502,379,368,238
2026/01/19/15:15:02,3531.408553,0.860563,0.837766,0.860563,0.837766,34,32,25,20,0,0,0,0,504,379,368,238
2026/01/19/15:15:03,3532.408707,0.860563,0.837766,0.860563,0.837766,34,32,25,20,0,0,0,0,504,379,368,238
2026/01/19/15:15:04,3533.408808,0.860563,0.837766,0.860563,0.837766,34,32,25,20,0,0,0,0,504,379,368,238
2026/01/19/15:15:05,3534.408895,0.860563,0.837766,0.860563,0.837766,34,32,25,20,0,0,0,0,504,379,368,238
2026/01/19/15:15:06,3535.408996,0.860563,0.837766,0.860563,0.837766,34,32,25,20,0,0,0,0,504,379,368,238
2026/01/19/15:15:07,3536.409091,0.860563,0.837766,0.860563,0.837766,34,32,25,20,0,0,0,0,504,379,368,238
2026/01/19/15:15:08,3537.409206,0.860563,0.837766,0.860563,0.837766,34,32,25,20,0,0,0,0,504,379,368,238
2026/01/19/15:15:09,3538.409284,0.860563,0.837766,0.860563,0.837766,34,32,25,20,0,0,0,0,504,379,368,238
2026/01/19/15:15:10,3539.409443,0.854688,0.834315,0.854688,0.834315,34,31,25,20,0,0,0,0,504,380,368,238
2026/01/19/15:15:11,3540.409504,0.854688,0.834315,0.854688,0.834315,34,31,25,20,0,0,0,0,504,380,368,238
2026/01/19/15:15:12,3541.409628,0.854688,0.834315,0.854688,0.834315,34,31,25,20,0,0,0,0,504,380,368,238
2026/01/19/15:15:13,3542.409711,0.850625,0.823750,0.850625,0.823750,33,31,25,20,0,0,0,0,505,380,368,238
2026/01/19/15:15:14,3543.409811,0.842750,0.804195,0.842750,0.804195,33,31,25,18,0,0,0,0,505,380,368,240
2026/01/19/15:15:15,3544.409942,0.842750,0.804195,0.842750,0.804195,33,31,25,18,0,0,0,0,505,380,368,240
2026/01/19/15:15:16,3545.410046,0.842750,0.804195,0.842750,0.804195,33,31,25,18,0,0,0,0,505,380,368,240
2026/01/19/15:15:17,3546.410145,0.842750,0.804195,0.842750,0.804195,33,31,25,18,0,0,0,0,505,380,368,240
2026/01/19/15:15:18,3547.410235,0.842750,0.804195,0.842750,0.804195,33,31,25,18,0,0,0,0,505,380,368,240
2026/01/19/15:15:19,3548.410385,0.842750,0.804195,0.842750,0.804195,33,31,25,18,0,0,0,0,505,380,368,240
2026/01/19/15:15:20,3549.410606,0.842750,0.804195,0.842750,0.804195,33,31,25,18,0,0,0,0,505,380,368,240
2026/01/19/15:15:21,3550.410679,0.842750,0.804195,0.842750,0.804195,33,31,25,18,0,0,0,0,505,380,368,240
2026/01/19/15:15:22,3551.410798,0.842750,0.804195,0.842750,0.804195,33,31,25,18,0,0,0,0,505,380,368,240
2026/01/19/15:15:23,3552.410947,0.842750,0.804195,0.842750,0.804195,33,31,25,18,0,0,0,0,505,380,368,240
2026/01/19/15:15:24,3553.411026,0.842750,0.804195,0.842750,0.804195,33,31,25,18,0,0,0,0,505,380,368,240
2026/01/19/15:15:25,3554.411183,0.842750,0.804195,0.842750,0.804195,33,31,25,18,0,0,0,0,505,380,368,240
2026/01/19/15:15:26,3555.411340,0.829313,0.800362,0.829313,0.800362,33,30,25,18,0,0,0,0,505,381,368,240
2026/01/19/15:15:27,3556.411430,0.829313,0.800362,0.829313,0.800362,33,30,25,18,0,0,0,0,505,381,368,240
2026/01/19/15:15:28,3557.411533,0.829313,0.800362,0.829313,0.800362,33,30,25,18,0,0,0,0,505,381,368,240
2026/01/19/15:15:29,3558.411633,0.829313,0.800362,0.829313,0.800362,33,30,25,18,0,0,0,0,505,381,368,240
2026/01/19/15:15:30,3559.411725,0.829313,0.800362,0.829313,0.800362,33,30,25,18,0,0,0,0,505,381,368,240
2026/01/19/15:15:31,3560.411819,0.829313,0.800362,0.829313,0.800362,33,30,25,18,0,0,0,0,505,381,368,240
2026/01/19/15:15:32,3561.411908,0.829313,0.800362,0.829313,0.800362,33,30,25,18,0,0,0,0,505,381,368,240
2026/01/19/15:15:33,3562.412034,0.829313,0.800362,0.829313,0.800362,33,30,25,18,0,0,0,0,505,381,368,240
2026/01/19/15:15:34,3563.412186,0.829313,0.800362,0.829313,0.800362,33,30,25,18,0,0,0,0,505,381,368,240
2026/01/19/15:15:35,3564.412260,0.829313,0.800362,0.829313,0.800362,33,30,25,18,0,0,0,0,505,381,368,240
2026/01/19/15:15:36,3565.412366,0.829313,0.800362,0.829313,0.800362,33,30,25,18,0,0,0,0,505,381,368,240
2026/01/19/15:15:37,3566.412460,0.829313,0.800362,0.829313,0.800362,33,30,25,18,0,0,0,0,505,381,368,240
2026/01/19/15:15:38,3567.412553,0.829313,0.800362,0.829313,0.800362,33,30,25,18,0,0,0,0,505,381,368,240
2026/01/19/15:15:39,3568.412712,0.829313,0.800362,0.829313,0.800362,33,30,25,18,0,0,0,0,505,381,368,240
2026/01/19/15:15:40,3569.412805,0.829313,0.800362,0.829313,0.800362,33,30,25,18,0,0,0,0,505,381,368,240
2026/01/19/15:15:41,3570.412904,0.840688,0.810339,0.840688,0.810339,33,32,25,18,0,0,0,0,505,381,368,240
2026/01/19/15:15:42,3571.412997,0.840688,0.810339,0.840688,0.810339,33,32,25,18,0,0,0,0,505,381,368,240
2026/01/19/15:15:44,3572.413117,0.840688,0.810339,0.840688,0.810339,33,32,25,18,0,0,0,0,505,381,368,240
2026/01/19/15:15:45,3573.413218,0.840688,0.810339,0.840688,0.810339,33,32,25,18,0,0,0,0,505,381,368,240
2026/01/19/15:15:46,3574.413314,0.840688,0.810339,0.840688,0.810339,33,32,25,18,0,0,0,0,505,381,368,240
2026/01/19/15:15:47,3575.413386,0.840688,0.810339,0.840688,0.810339,33,32,25,18,0,0,0,0,505,381,368,240
2026/01/19/15:15:48,3576.413489,0.840688,0.810339,0.840688,0.810339,33,32,25,18,0,0,0,0,505,381,368,240
2026/01/19/15:15:49,3577.413583,0.840688,0.810339,0.840688,0.810339,33,32,25,18,0,0,0,0,505,381,368,240
2026/01/19/15:15:50,3578.413661,0.840688,0.810339,0.840688,0.810339,33,32,25,18,0,0,0,0,505,381,368,240
2026/01/19/15:15:51,3579.413764,0.840688,0.810339,0.840688,0.810339,33,32,25,18,0,0,0,0,505,381,368,240
2026/01/19/15:15:52,3580.413842,0.840688,0.810339,0.840688,0.810339,33,32,25,18,0,0,0,0,505,381,368,240
2026/01/19/15:15:53,3581.413935,0.840688,0.810339,0.840688,0.810339,33,32,25,18,0,0,0,0,505,381,368,240
2026/01/19/15:15:54,3582.414017,0.840688,0.810339,0.840688,0.810339,33,32,25,18,0,0,0,0,505,381,368,240
2026/01/19/15:15:55,3583.414173,0.840688,0.810339,0.840688,0.810339,33,32,25,18,0,0,0,0,505,381,368,240
2026/01/19/15:15:56,3584.414197,0.840688,0.810339,0.840688,0.810339,33,32,25,18,0,0,0,0,505,381,368,240
2026/01/19/15:15:57,3585.414295,0.840688,0.810339,0.840688,0.810339,33,32,25,18,0,0,0,0,505,381,368,240
2026/01/19/15:15:58,3586.414382,0.840688,0.810339,0.840688,0.810339,33,32,25,18,0,0,0,0,505,381,368,240
2026/01/19/15:15:59,3587.414504,0.840688,0.810339,0.840688,0.810339,33,32,25,18,0,0,0,0,505,381,368,240
2026/01/19/15:16:00,3588.414588,0.840688,0.810339,0.840688,0.810339,33,32,25,18,0,0,0,0,505,381,368,240
2026/01/19/15:16:01,3589.414674,0.840688,0.810339,0.840688,0.810339,33,32,25,18,0,0,0,0,505,381,368,240
2026/01/19/15:16:02,3590.414773,0.840688,0.810339,0.840688,0.810339,33,32,25,18,0,0,0,0,505,381,368,240
2026/01/19/15:16:03,3591.414883,0.840688,0.810339,0.840688,0.810339,33,32,25,18,0,0,0,0,505,381,368,240
2026/01/19/15:16:04,3592.414991,0.840688,0.810339,0.840688,0.810339,33,32,25,18,0,0,0,0,505,381,368,240
2026/01/19/15:16:05,3593.415087,0.840688,0.810339,0.840688,0.810339,33,32,25,18,0,0,0,0,505,381,368,240
2026/01/19/15:16:06,3594.415124,0.840688,0.810339,0.840688,0.810339,33,32,25,18,0,0,0,0,505,381,368,240
2026/01/19/15:16:07,3595.415232,0.840688,0.810339,0.840688,0.810339,33,32,25,18,0,0,0,0,505,381,368,240
2026/01/19/15:16:08,3596.415392,0.840688,0.810339,0.840688,0.810339,33,32,25,18,0,0,0,0,505,381,368,240
2026/01/19/15:16:09,3597.415497,0.840688,0.810339,0.840688,0.810339,33,32,25,18,0,0,0,0,505,381,368,240
2026/01/19/15:16:10,3598.415590,0.840688,0.810339,0.840688,0.810339,33,32,25,18,0,0,0,0,505,381,368,240
2026/01/19/15:16:11,3599.415667,0.840688,0.810339,0.840688,0.810339,33,32,25,18,0,0,0,0,505,381,368,240
2026/01/19/15:16:12,3600.415799,0.840688,0.810339,0.840688,0.810339,33,32,25,18,0,0,0,0,505,381,368,240
2026/01/19/15:16:13,3601.415929,0.840688,0.810339,0.840688,0.810339,33,32,25,18,0,0,0,0,505,381,368,240
2026/01/19/15:16:14,3602.416044,0.840688,0.810339,0.840688,0.810339,33,32,25,18,0,0,0,0,505,381,368,240
2026/01/19/15:16:15,3603.416133,0.840688,0.810339,0.840688,0.810339,33,32,25,18,0,0,0,0,505,381,368,240
2026/01/19/15:16:16,3604.416228,0.840688,0.810339,0.840688,0.810339,33,32,25,18,0,0,0,0,505,381,368,240
2026/01/19/15:16:17,3605.416384,0.840688,0.810339,0.840688,0.810339,33,32,25,18,0,0,0,0,505,381,368,240
2026/01/19/15:16:18,3606.416482,0.840688,0.810339,0.840688,0.810339,33,32,25,18,0,0,0,0,505,381,368,240
2026/01/19/15:16:19,3607.416573,0.840688,0.810339,0.840688,0.810339,33,32,25,18,0,0,0,0,505,381,368,240
2026/01/19/15:16:20,3608.416731,0.853313,0.818036,0.872875,0.824898,33,33,26,18,1,0,0,0,505,381,368,240
2026/01/19/15:16:21,3609.416832,0.853313,0.818036,0.872875,0.824898,33,33,26,18,1,0,0,0,505,381,368,240
2026/01/19/15:16:22,3610.416958,0.844187,0.814178,0.863750,0.821039,33,33,25,18,1,0,0,0,505,381,369,240
2026/01/19/15:16:23,3611.417078,0.844187,0.814178,0.863750,0.821039,33,33,25,18,1,0,0,0,505,381,369,240
2026/01/19/15:16:24,3612.417137,0.844187,0.814178,0.863750,0.821039,33,33,25,18,1,0,0,0,505,381,369,240
2026/01/19/15:16:25,3613.417234,0.844187,0.814178,0.863750,0.821039,33,33,25,18,1,0,0,0,505,381,369,240
2026/01/19/15:16:26,3614.417310,0.844187,0.814178,0.863750,0.821039,33,33,25,18,1,0,0,0,505,381,369,240
2026/01/19/15:16:27,3615.417405,0.844187,0.814178,0.863750,0.821039,33,33,25,18,1,0,0,0,505,381,369,240
2026/01/19/15:16:28,3616.417498,0.844187,0.814178,0.863750,0.821039,33,33,25,18,1,0,0,0,505,381,369,240
2026/01/19/15:16:29,3617.417622,0.864812,0.825627,0.884375,0.832488,33,33,27,18,1,0,0,0,505,381,369,240
2026/01/19/15:16:30,3618.417697,0.885625,0.835778,0.905188,0.842639,33,36,27,18,1,0,0,0,505,381,369,240
2026/01/19/15:16:31,3619.417791,0.885625,0.835778,0.905188,0.842639,33,36,27,18,1,0,0,0,505,381,369,240
2026/01/19/15:16:32,3620.417911,0.885625,0.835778,0.905188,0.842639,33,36,27,18,1,0,0,0,505,381,369,240
2026/01/19/15:16:33,3621.417994,0.905188,0.842639,0.905188,0.842639,34,36,27,18,0,0,0,0,507,381,369,240
2026/01/19/15:16:34,3622.418130,0.935625,0.878835,0.952625,0.920617,35,36,30,20,1,2,0,0,507,381,369,240
2026/01/19/15:16:35,3623.418194,0.914813,0.868684,0.931813,0.910466,35,33,30,20,1,2,0,0,507,384,369,240
2026/01/19/15:16:36,3624.418269,0.914813,0.868684,0.931813,0.910466,35,33,30,20,1,2,0,0,507,384,369,240
2026/01/19/15:16:37,3625.418361,0.906937,0.859938,0.912312,0.873633,34,34,30,18,0,1,0,0,508,384,369,242
2026/01/19/15:16:38,3626.418470,0.892750,0.866772,0.892750,0.866772,33,35,30,18,0,0,0,0,509,384,369,242
2026/01/19/15:16:39,3627.418567,0.873812,0.836137,0.873812,0.836137,33,33,29,18,0,0,0,0,509,386,370,242
2026/01/19/15:16:40,3628.418664,0.873812,0.836137,0.873812,0.836137,33,33,29,18,0,0,0,0,509,386,370,242
2026/01/19/15:16:41,3629.418778,0.917937,0.897173,0.917937,0.897173,37,37,29,20,0,0,0,0,509,386,370,242
2026/01/19/15:16:42,3630.418856,0.917937,0.897173,0.917937,0.897173,37,37,29,20,0,0,0,0,509,386,370,242
2026/01/19/15:16:43,3631.418948,0.909438,0.869673,0.909438,0.869673,37,37,29,18,0,0,0,0,509,386,370,244
2026/01/19/15:16:44,3632.419074,0.909438,0.869673,0.909438,0.869673,37,37,29,18,0,0,0,0,509,386,370,244
2026/01/19/15:16:45,3633.419135,0.905375,0.864008,0.905375,0.864008,36,37,29,18,0,0,0,0,510,386,370,244
2026/01/19/15:16:46,3634.419229,0.901563,0.859907,0.901563,0.859907,36,36,29,18,0,0,0,0,510,387,370,244
2026/01/19/15:16:47,3635.419330,0.901563,0.859907,0.901563,0.859907,36,36,29,18,0,0,0,0,510,387,370,244
2026/01/19/15:16:48,3636.419420,0.901563,0.859907,0.901563,0.859907,36,36,29,18,0,0,0,0,510,387,370,244
2026/01/19/15:16:49,3637.419512,0.898125,0.855171,0.898125,0.855171,36,35,29,18,0,0,0,0,510,388,370,244
2026/01/19/15:16:50,3638.419629,0.898125,0.855171,0.898125,0.855171,36,35,29,18,0,0,0,0,510,388,370,244
2026/01/19/15:16:51,3639.419724,0.898125,0.855171,0.898125,0.855171,36,35,29,18,0,0,0,0,510,388,370,244
2026/01/19/15:16:52,3640.419828,0.876375,0.833473,0.876375,0.833473,36,32,27,18,0,0,0,0,510,391,372,244
2026/01/19/15:16:53,3641.419941,0.876375,0.833473,0.876375,0.833473,36,32,27,18,0,0,0,0,510,391,372,244
2026/01/19/15:16:54,3642.420086,0.867875,0.817594,0.867875,0.817594,34,32,27,18,0,0,0,0,512,391,372,244
2026/01/19/15:16:55,3643.420131,0.867875,0.817594,0.867875,0.817594,34,32,27,18,0,0,0,0,512,391,372,244
2026/01/19/15:16:56,3644.420226,0.867875,0.817594,0.867875,0.817594,34,32,27,18,0,0,0,0,512,391,372,244
2026/01/19/15:16:57,3645.420329,0.855500,0.801993,0.855500,0.801993,34,30,27,18,0,0,0,0,512,393,372,244
2026/01/19/15:16:58,3646.420439,0.852000,0.798154,0.852000,0.798154,34,29,27,18,0,0,0,0,512,394,372,244
2026/01/19/15:16:59,3647.420553,0.852000,0.798154,0.852000,0.798154,34,29,27,18,0,0,0,0,512,394,372,244
2026/01/19/15:17:00,3648.420658,0.852000,0.798154,0.852000,0.798154,34,29,27,18,0,0,0,0,512,394,372,244
2026/01/19/15:17:01,3649.420765,0.852000,0.798154,0.852000,0.798154,34,29,27,18,0,0,0,0,512,394,372,244
2026/01/19/15:17:02,3650.420852,0.852000,0.798154,0.852000,0.798154,34,29,27,18,0,0,0,0,512,394,372,244
2026/01/19/15:17:03,3651.420934,0.852000,0.798154,0.852000,0.798154,34,29,27,18,0,0,0,0,512,394,372,244
2026/01/19/15:17:04,3652.421036,0.852000,0.798154,0.852000,0.798154,34,29,27,18,0,0,0,0,512,394,372,244
2026/01/19/15:17:05,3653.421134,0.852000,0.798154,0.852000,0.798154,34,29,27,18,0,0,0,0,512,394,372,244
2026/01/19/15:17:06,3654.421249,0.852000,0.798154,0.852000,0.798154,34,29,27,18,0,0,0,0,512,394,372,244
2026/01/19/15:17:07,3655.421333,0.852000,0.798154,0.852000,0.798154,34,29,27,18,0,0,0,0,512,394,372,244
2026/01/19/15:17:08,3656.421443,0.852000,0.798154,0.852000,0.798154,34,29,27,18,0,0,0,0,512,394,372,244
2026/01/19/15:17:09,3657.421539,0.898375,0.813849,0.898375,0.813849,38,29,27,18,0,0,0,0,512,394,372,244
2026/01/19/15:17:10,3658.421632,0.898375,0.813849,0.898375,0.813849,38,29,27,18,0,0,0,0,512,394,372,244
2026/01/19/15:17:11,3659.421786,0.898375,0.813849,0.898375,0.813849,38,29,27,18,0,0,0,0,512,394,372,244
2026/01/19/15:17:12,3660.421888,0.898375,0.813849,0.898375,0.813849,38,29,27,18,0,0,0,0,512,394,372,244
2026/01/19/15:17:13,3661.421979,0.898375,0.813849,0.898375,0.813849,38,29,27,18,0,0,0,0,512,394,372,244
2026/01/19/15:17:14,3662.422097,0.898375,0.813849,0.898375,0.813849,38,29,27,18,0,0,0,0,512,394,372,244
2026/01/19/15:17:15,3663.422113,0.898375,0.813849,0.898375,0.813849,38,29,27,18,0,0,0,0,512,394,372,244
2026/01/19/15:17:16,3664.422222,0.898375,0.813849,0.898375,0.813849,38,29,27,18,0,0,0,0,512,394,372,244
2026/01/19/15:17:17,3665.422369,0.898375,0.813849,0.898375,0.813849,38,29,27,18,0,0,0,0,512,394,372,244
2026/01/19/15:17:18,3666.422468,0.856000,0.802209,0.856000,0.802209,35,29,27,18,0,0,0,0,515,394,372,244
2026/01/19/15:17:19,3667.422541,0.874000,0.815868,0.874000,0.815868,35,31,27,18,0,0,0,0,515,394,372,244
2026/01/19/15:17:20,3668.422638,0.874000,0.815868,0.874000,0.815868,35,31,27,18,0,0,0,0,515,394,372,244
2026/01/19/15:17:21,3669.422770,0.856000,0.802209,0.856000,0.802209,35,29,27,18,0,0,0,0,515,396,372,244
2026/01/19/15:17:22,3670.422912,0.881437,0.840230,0.881437,0.840230,36,31,29,18,0,0,0,0,515,396,372,244
2026/01/19/15:17:23,3671.423098,0.881437,0.840230,0.881437,0.840230,36,31,29,18,0,0,0,0,515,396,372,244
2026/01/19/15:17:24,3672.423183,0.873188,0.832023,0.873188,0.832023,36,29,29,18,0,0,0,0,515,398,372,244
2026/01/19/15:17:25,3673.423249,0.873188,0.832023,0.926438,0.845501,36,29,29,18,0,0,0,3,515,398,372,244
2026/01/19/15:17:26,3674.423321,0.879437,0.816103,0.914937,0.825089,36,29,27,19,0,0,0,2,515,398,374,244
2026/01/19/15:17:27,3675.423414,0.879437,0.816103,0.914937,0.825089,36,29,27,19,0,0,0,2,515,398,374,244
2026/01/19/15:17:28,3676.423566,0.879437,0.816103,0.914937,0.825089,36,29,27,19,0,0,0,2,515,398,374,244
2026/01/19/15:17:29,3677.423668,0.861688,0.811611,0.861688,0.811611,36,29,27,18,0,0,0,0,515,398,374,245
2026/01/19/15:17:30,3678.423741,0.861688,0.811611,0.891125,0.850268,36,29,27,18,3,0,0,1,515,398,374,245
2026/01/19/15:17:31,3679.423819,0.912500,0.878022,0.912500,0.878022,39,29,29,21,0,0,0,0,515,398,374,245
2026/01/19/15:17:32,3680.423908,0.912500,0.878022,0.912500,0.878022,39,29,29,21,0,0,0,0,515,398,374,245
2026/01/19/15:17:33,3681.423988,0.912500,0.878022,0.912500,0.878022,39,29,29,21,0,0,0,0,515,398,374,245
2026/01/19/15:17:34,3682.424069,0.912500,0.878022,0.912500,0.878022,39,29,29,21,0,0,0,0,515,398,374,245
2026/01/19/15:17:35,3683.424148,0.912500,0.878022,0.912500,0.878022,39,29,29,21,0,0,0,0,515,398,374,245
2026/01/19/15:17:36,3684.424226,0.904250,0.861823,0.904250,0.861823,39,29,27,21,0,0,0,0,515,398,376,245
2026/01/19/15:17:37,3685.424329,0.904250,0.861823,0.904250,0.861823,39,29,27,21,0,0,0,0,515,398,376,245
2026/01/19/15:17:38,3686.424412,0.904250,0.861823,0.904250,0.861823,39,29,27,21,0,0,0,0,515,398,376,245
2026/01/19/15:17:39,3687.424490,0.904250,0.861823,0.904250,0.861823,39,29,27,21,0,0,0,0,515,398,376,245
2026/01/19/15:17:40,3688.424639,0.904250,0.861823,0.904250,0.861823,39,29,27,21,0,0,0,0,515,398,376,245
2026/01/19/15:17:41,3689.424717,0.904250,0.861823,0.904250,0.861823,39,29,27,21,0,0,0,0,515,398,376,245
2026/01/19/15:17:42,3690.425516,0.904250,0.861823,0.904250,0.861823,39,29,27,21,0,0,0,0,515,398,376,245
2026/01/19/15:17:43,3691.425603,0.904250,0.861823,0.904250,0.861823,39,29,27,21,0,0,0,0,515,398,376,245
2026/01/19/15:17:44,3692.425678,0.904250,0.861823,0.904250,0.861823,39,29,27,21,0,0,0,0,515,398,376,245
2026/01/19/15:17:45,3693.425774,0.904250,0.861823,0.904250,0.861823,39,29,27,21,0,0,0,0,515,398,376,245
2026/01/19/15:17:46,3694.425860,0.898563,0.852421,0.898563,0.852421,38,29,27,21,0,0,0,0,516,398,376,245
2026/01/19/15:17:47,3695.425945,0.898563,0.852421,0.898563,0.852421,38,29,27,21,0,0,0,0,516,398,376,245
2026/01/19/15:17:48,3696.426040,0.898563,0.852421,0.898563,0.852421,38,29,27,21,0,0,0,0,516,398,376,245
2026/01/19/15:17:49,3697.426123,0.898563,0.852421,0.898563,0.852421,38,29,27,21,0,0,0,0,516,398,376,245
2026/01/19/15:17:50,3698.426198,0.898563,0.852421,0.898563,0.852421,38,29,27,21,0,0,0,0,516,398,376,245
2026/01/19/15:17:51,3699.426338,0.898563,0.852421,0.898563,0.852421,38,29,27,21,0,0,0,0,516,398,376,245
2026/01/19/15:17:52,3700.426419,0.898563,0.852421,0.898563,0.852421,38,29,27,21,0,0,0,0,516,398,376,245
2026/01/19/15:17:53,3701.426563,0.885437,0.840866,0.885437,0.840866,38,29,27,19,0,0,0,0,516,398,376,247
2026/01/19/15:17:54,3702.426707,0.885437,0.840866,0.885437,0.840866,38,29,27,19,0,0,0,0,516,398,376,247
2026/01/19/15:17:55,3703.426780,0.881563,0.837622,0.881563,0.837622,38,29,27,18,0,0,0,0,516,398,376,248
2026/01/19/15:17:56,3704.426861,0.881563,0.837622,0.881563,0.837622,38,29,27,18,0,0,0,0,516,398,376,248
2026/01/19/15:17:57,3705.426950,0.864313,0.814988,0.864313,0.814988,36,29,27,18,0,0,0,0,518,398,376,248
2026/01/19/15:17:58,3706.427097,0.901563,0.843803,0.901563,0.843803,39,29,27,18,0,0,0,0,518,398,376,248
2026/01/19/15:17:59,3707.427173,0.901563,0.843803,0.901563,0.843803,39,29,27,18,0,0,0,0,518,398,376,248
2026/01/19/15:18:00,3708.427273,0.870812,0.805473,0.870812,0.805473,37,28,27,18,0,0,0,0,520,399,376,248
2026/01/19/15:18:01,3709.427420,0.870812,0.805473,0.870812,0.805473,37,28,27,18,0,0,0,0,520,399,376,248
2026/01/19/15:18:02,3710.427554,0.870812,0.805473,0.870812,0.805473,37,28,27,18,0,0,0,0,520,399,376,248
2026/01/19/15:18:03,3711.427635,0.870812,0.805473,0.870812,0.805473,37,28,27,18,0,0,0,0,520,399,376,248
2026/01/19/15:18:04,3712.427737,0.859313,0.800722,0.859313,0.800722,36,28,27,18,0,0,0,0,521,399,376,248
2026/01/19/15:18:05,3713.427813,0.859313,0.800722,0.859313,0.800722,36,28,27,18,0,0,0,0,521,399,376,248
2026/01/19/15:18:06,3714.427903,0.859313,0.800722,0.859313,0.800722,36,28,27,18,0,0,0,0,521,399,376,248
2026/01/19/15:18:07,3715.428035,0.859313,0.800722,0.859313,0.800722,36,28,27,18,0,0,0,0,521,399,376,248
2026/01/19/15:18:08,3716.428127,0.859313,0.800722,0.859313,0.800722,36,28,27,18,0,0,0,0,521,399,376,248
2026/01/19/15:18:09,3717.428265,0.859313,0.800722,0.859313,0.800722,36,28,27,18,0,0,0,0,521,399,376,248
2026/01/19/15:18:10,3718.428362,0.859313,0.800722,0.859313,0.800722,36,28,27,18,0,0,0,0,521,399,376,248
2026/01/19/15:18:11,3719.428462,0.859313,0.800722,0.859313,0.800722,36,28,27,18,0,0,0,0,521,399,376,248
2026/01/19/15:18:12,3720.428588,0.859313,0.800722,0.859313,0.800722,36,28,27,18,0,0,0,0,521,399,376,248
2026/01/19/15:18:13,3721.428671,0.859313,0.800722,0.859313,0.800722,36,28,27,18,0,0,0,0,521,399,376,248
2026/01/19/15:18:14,3722.428760,0.859313,0.800722,0.859313,0.800722,36,28,27,18,0,0,0,0,521,399,376,248
2026/01/19/15:18:15,3723.428835,0.859313,0.800722,0.859313,0.800722,36,28,27,18,0,0,0,0,521,399,376,248
2026/01/19/15:18:16,3724.428972,0.859313,0.800722,0.859313,0.800722,36,28,27,18,0,0,0,0,521,399,376,248
2026/01/19/15:18:17,3725.429066,0.859313,0.800722,0.859313,0.800722,36,28,27,18,0,0,0,0,521,399,376,248
2026/01/19/15:18:18,3726.429142,0.859313,0.800722,0.859313,0.800722,36,28,27,18,0,0,0,0,521,399,376,248
2026/01/19/15:18:19,3727.429294,0.859313,0.800722,0.859313,0.800722,36,28,27,18,0,0,0,0,521,399,376,248
2026/01/19/15:18:20,3728.429374,0.859313,0.800722,0.859313,0.800722,36,28,27,18,0,0,0,0,521,399,376,248
2026/01/19/15:18:21,3729.429451,0.870938,0.809948,0.870938,0.809948,36,28,29,18,0,0,0,0,521,399,376,248
2026/01/19/15:18:22,3730.429615,0.891375,0.829682,0.910625,0.834951,36,30,31,19,0,0,1,0,521,399,376,248
2026/01/19/15:18:23,3731.429678,0.891375,0.829682,0.910625,0.834951,36,30,31,19,0,0,1,0,521,399,376,248
2026/01/19/15:18:24,3732.429780,0.891375,0.829682,0.910625,0.834951,36,30,31,19,0,0,1,0,521,399,376,248
2026/01/19/15:18:25,3733.429886,0.884750,0.820794,0.904000,0.826063,36,30,29,19,0,0,1,0,521,399,378,248
2026/01/19/15:18:26,3734.430046,0.884750,0.820794,0.904000,0.826063,36,30,29,19,0,0,1,0,521,399,378,248
2026/01/19/15:18:27,3735.430132,0.884750,0.820794,0.904000,0.826063,36,30,29,19,0,0,1,0,521,399,378,248
2026/01/19/15:18:28,3736.430227,0.884750,0.820794,0.904000,0.826063,36,30,29,19,0,0,1,0,521,399,378,248
2026/01/19/15:18:29,3737.430323,0.892375,0.816837,0.892375,0.816837,36,30,28,19,0,0,0,0,521,399,380,248
2026/01/19/15:18:30,3738.430476,0.892375,0.816837,0.892375,0.816837,36,30,28,19,0,0,0,0,521,399,380,248
2026/01/19/15:18:31,3739.430550,0.892375,0.816837,0.892375,0.816837,36,30,28,19,0,0,0,0,521,399,380,248
2026/01/19/15:18:32,3740.430640,0.881750,0.810548,0.881750,0.810548,36,28,28,19,0,0,0,0,521,401,380,248
2026/01/19/15:18:33,3741.430717,0.881750,0.810548,0.881750,0.810548,36,28,28,19,0,0,0,0,521,401,380,248
2026/01/19/15:18:34,3742.430825,0.881750,0.810548,0.881750,0.810548,36,28,28,19,0,0,0,0,521,401,380,248
2026/01/19/15:18:35,3743.430897,0.881750,0.810548,0.881750,0.810548,36,28,28,19,0,0,0,0,521,401,380,248
2026/01/19/15:18:36,3744.430995,0.870375,0.800571,0.870375,0.800571,36,26,28,19,0,0,0,0,521,403,380,248
2026/01/19/15:18:37,3745.431078,0.870375,0.800571,0.870375,0.800571,36,26,28,19,0,0,0,0,521,403,380,248
2026/01/19/15:18:38,3746.431159,0.855062,0.758480,0.855062,0.758480,36,24,28,18,0,0,0,0,521,405,380,249
2026/01/19/15:18:39,3747.431241,0.855062,0.758480,0.855062,0.758480,36,24,28,18,0,0,0,0,521,405,380,249
2026/01/19/15:18:40,3748.431334,0.884938,0.814725,0.912312,0.887232,37,24,30,21,2,0,0,4,521,405,380,249
2026/01/19/15:18:41,3749.431405,0.927562,0.857630,0.947063,0.922775,37,28,30,25,2,0,1,0,521,405,380,249
2026/01/19/15:18:42,3750.431490,0.933937,0.867928,0.982563,1.030869,37,30,30,25,2,3,2,0,521,405,380,249
2026/01/19/15:18:43,3751.431559,0.909813,0.872836,0.972313,1.028870,38,27,30,25,4,3,1,0,521,408,381,249
2026/01/19/15:18:44,3752.431605,0.901125,0.819477,0.901125,0.819477,39,26,29,22,0,0,0,0,522,409,382,252
2026/01/19/15:18:45,3753.431689,0.862313,0.792645,0.862313,0.792645,36,24,29,22,0,0,0,0,525,411,382,252
2026/01/19/15:18:46,3754.431770,0.866437,0.791834,0.866437,0.791834,39,24,27,22,0,0,0,0,525,411,384,252
2026/01/19/15:18:47,3755.431858,0.856688,0.733657,0.856688,0.733657,39,21,27,22,0,0,0,0,525,414,384,252
2026/01/19/15:18:48,3756.431994,0.836063,0.722209,0.836063,0.722209,39,21,25,22,0,0,0,0,525,414,386,252
2026/01/19/15:18:49,3757.432146,0.858750,0.732821,0.858750,0.732821,36,22,27,22,0,0,0,0,528,414,386,252
2026/01/19/15:18:50,3758.432216,0.858750,0.732821,0.858750,0.732821,36,22,27,22,0,0,0,0,528,414,386,252
2026/01/19/15:18:51,3759.432307,0.854187,0.726144,0.854187,0.726144,36,22,27,21,0,0,0,0,528,414,386,253
2026/01/19/15:18:52,3760.432415,0.909875,0.777921,0.939937,0.789729,41,25,26,22,0,0,2,0,528,414,388,253
2026/01/19/15:18:53,3761.432522,0.931125,0.797090,0.977062,0.816605,43,25,26,23,2,0,2,0,528,414,388,253
2026/01/19/15:18:54,3762.432640,0.950625,0.805978,0.976125,0.816094,42,25,30,23,1,0,1,0,530,414,388,253
2026/01/19/15:18:55,3763.432731,0.950625,0.805978,0.976125,0.816094,42,25,30,23,1,0,1,0,530,414,388,253
2026/01/19/15:18:56,3764.432810,0.946063,0.804286,0.963625,0.810548,43,25,29,23,0,0,1,0,530,414,389,253
2026/01/19/15:18:57,3765.432887,0.946063,0.804286,0.963625,0.810548,43,25,29,23,0,0,1,0,530,414,389,253
2026/01/19/15:18:58,3766.432968,0.914125,0.783551,0.931688,0.789814,38,25,29,23,0,0,1,0,535,414,389,253
2026/01/19/15:18:59,3767.433061,0.888062,0.759323,0.905625,0.765585,36,25,28,23,0,0,1,0,537,414,390,253
2026/01/19/15:19:00,3768.433132,0.888062,0.759323,0.905625,0.765585,36,25,28,23,0,0,1,0,537,414,390,253
2026/01/19/15:19:01,3769.433241,0.887125,0.744127,0.887125,0.744127,36,25,29,21,0,0,0,0,537,414,390,255
2026/01/19/15:19:02,3770.433336,0.887125,0.744127,0.887125,0.744127,36,25,29,21,0,0,0,0,537,414,390,255
2026/01/19/15:19:03,3771.433411,0.887125,0.744127,0.887125,0.744127,36,25,29,21,0,0,0,0,537,414,390,255
2026/01/19/15:19:04,3772.433491,0.887125,0.744127,0.887125,0.744127,36,25,29,21,0,0,0,0,537,414,390,255
2026/01/19/15:19:05,3773.433583,0.887125,0.744127,0.887125,0.744127,36,25,29,21,0,0,0,0,537,414,390,255
2026/01/19/15:19:06,3774.433656,0.887125,0.744127,0.887125,0.744127,36,25,29,21,0,0,0,0,537,414,390,255
2026/01/19/15:19:07,3775.433795,0.873437,0.734734,0.873437,0.734734,36,25,26,21,0,0,0,0,537,414,393,255
2026/01/19/15:19:08,3776.433876,0.873437,0.734734,0.873437,0.734734,36,25,26,21,0,0,0,0,537,414,393,255
2026/01/19/15:19:09,3777.433961,0.873437,0.734734,0.873437,0.734734,36,25,26,21,0,0,0,0,537,414,393,255
2026/01/19/15:19:10,3778.434060,0.873437,0.734734,0.873437,0.734734,36,25,26,21,0,0,0,0,537,414,393,255
2026/01/19/15:19:11,3779.434153,0.873437,0.734734,0.873437,0.734734,36,25,26,21,0,0,0,0,537,414,393,255
2026/01/19/15:19:12,3780.434255,0.873437,0.734734,0.873437,0.734734,36,25,26,21,0,0,0,0,537,414,393,255
2026/01/19/15:19:13,3781.434337,0.873437,0.734734,0.873437,0.734734,36,25,26,21,0,0,0,0,537,414,393,255
2026/01/19/15:19:14,3782.434421,0.873437,0.734734,0.873437,0.734734,36,25,26,21,0,0,0,0,537,414,393,255
2026/01/19/15:19:15,3783.434520,0.873437,0.734734,0.873437,0.734734,36,25,26,21,0,0,0,0,537,414,393,255
2026/01/19/15:19:16,3784.434672,0.851125,0.730139,0.851125,0.730139,36,24,26,21,0,0,0,0,537,415,393,255
2026/01/19/15:19:17,3785.434774,0.851125,0.730139,0.851125,0.730139,36,24,26,21,0,0,0,0,537,415,393,255
2026/01/19/15:19:18,3786.434869,0.851125,0.730139,0.851125,0.730139,36,24,26,21,0,0,0,0,537,415,393,255
2026/01/19/15:19:19,3787.434950,0.851125,0.730139,0.851125,0.730139,36,24,26,21,0,0,0,0,537,415,393,255
2026/01/19/15:19:20,3788.435041,0.851125,0.730139,0.851125,0.730139,36,24,26,21,0,0,0,0,537,415,393,255
2026/01/19/15:19:21,3789.435134,0.851125,0.730139,0.851125,0.730139,36,24,26,21,0,0,0,0,537,415,393,255
2026/01/19/15:19:22,3790.435206,0.828625,0.714216,0.828625,0.714216,36,23,25,21,0,0,0,0,537,416,394,255
2026/01/19/15:19:23,3791.435347,0.828625,0.714216,0.828625,0.714216,36,23,25,21,0,0,0,0,537,416,394,255
2026/01/19/15:19:24,3792.435445,0.828625,0.714216,0.828625,0.714216,36,23,25,21,0,0,0,0,537,416,394,255
2026/01/19/15:19:25,3793.435514,0.828625,0.714216,0.828625,0.714216,36,23,25,21,0,0,0,0,537,416,394,255
2026/01/19/15:19:26,3794.435686,0.828625,0.714216,0.828625,0.714216,36,23,25,21,0,0,0,0,537,416,394,255
2026/01/19/15:19:27,3795.435809,0.828625,0.714216,0.828625,0.714216,36,23,25,21,0,0,0,0,537,416,394,255
2026/01/19/15:19:28,3796.435956,0.828625,0.714216,0.828625,0.714216,36,23,25,21,0,0,0,0,537,416,394,255
2026/01/19/15:19:29,3797.436079,0.828625,0.714216,0.828625,0.714216,36,23,25,21,0,0,0,0,537,416,394,255
2026/01/19/15:19:30,3798.436099,0.813625,0.701634,0.813625,0.701634,33,23,25,21,0,0,0,0,540,416,394,255
2026/01/19/15:19:31,3799.436242,0.813625,0.701634,0.813625,0.701634,33,23,25,21,0,0,0,0,540,416,394,255
2026/01/19/15:19:32,3800.436285,0.813625,0.701634,0.813625,0.701634,33,23,25,21,0,0,0,0,540,416,394,255
2026/01/19/15:19:33,3801.436364,0.813625,0.701634,0.813625,0.701634,33,23,25,21,0,0,0,0,540,416,394,255
2026/01/19/15:19:34,3802.436468,0.813625,0.701634,0.813625,0.701634,33,23,25,21,0,0,0,0,540,416,394,255
2026/01/19/15:19:35,3803.436566,0.813625,0.701634,0.813625,0.701634,33,23,25,21,0,0,0,0,540,416,394,255
2026/01/19/15:19:36,3804.436658,0.813625,0.701634,0.813625,0.701634,33,23,25,21,0,0,0,0,540,416,394,255
2026/01/19/15:19:37,3805.436743,0.813625,0.701634,0.813625,0.701634,33,23,25,21,0,0,0,0,540,416,394,255
2026/01/19/15:19:38,3806.436848,0.835500,0.716898,0.835500,0.716898,33,24,28,21,0,0,0,0,540,416,394,255
2026/01/19/15:19:39,3807.436958,0.835500,0.716898,0.835500,0.716898,33,24,28,21,0,0,0,0,540,416,394,255
2026/01/19/15:19:40,3808.437045,0.835500,0.716898,0.835500,0.716898,33,24,28,21,0,0,0,0,540,416,394,255
2026/01/19/15:19:41,3809.437131,0.820312,0.705788,0.820312,0.705788,33,24,25,21,0,0,0,0,540,416,397,255
2026/01/19/15:19:42,3810.437205,0.820312,0.705788,0.820312,0.705788,33,24,25,21,0,0,0,0,540,416,397,255
2026/01/19/15:19:43,3811.437305,0.820312,0.705788,0.820312,0.705788,33,24,25,21,0,0,0,0,540,416,397,255
2026/01/19/15:19:44,3812.437402,0.820312,0.705788,0.820312,0.705788,33,24,25,21,0,0,0,0,540,416,397,255
2026/01/19/15:19:45,3813.437559,0.820312,0.705788,0.820312,0.705788,33,24,25,21,0,0,0,0,540,416,397,255
2026/01/19/15:19:46,3814.437695,0.820312,0.705788,0.820312,0.705788,33,24,25,21,0,0,0,0,540,416,397,255
2026/01/19/15:19:47,3815.437850,0.813625,0.701634,0.813625,0.701634,33,23,25,21,0,0,0,0,540,417,397,255
2026/01/19/15:19:48,3816.438018,0.813625,0.701634,0.813625,0.701634,33,23,25,21,0,0,0,0,540,417,397,255
2026/01/19/15:19:49,3817.438147,0.813625,0.701634,0.813625,0.701634,33,23,25,21,0,0,0,0,540,417,397,255
2026/01/19/15:19:50,3818.438249,0.813625,0.701634,0.813625,0.701634,33,23,25,21,0,0,0,0,540,417,397,255
2026/01/19/15:19:51,3819.438323,0.813625,0.701634,0.813625,0.701634,33,23,25,21,0,0,0,0,540,417,397,255
2026/01/19/15:19:52,3820.438416,0.847187,0.717045,0.847187,0.717045,33,26,25,21,0,0,0,0,540,417,397,255
2026/01/19/15:19:53,3821.438543,0.876062,0.739589,0.890500,0.750861,33,28,25,21,0,1,0,0,540,417,397,255
2026/01/19/15:19:54,3822.438628,0.876062,0.739589,0.890500,0.750861,33,28,25,21,0,1,0,0,540,417,397,255
2026/01/19/15:19:55,3823.438739,0.876062,0.739589,0.890500,0.750861,33,28,25,21,0,1,0,0,540,417,397,255
2026/01/19/15:19:56,3824.438832,0.889938,0.756246,0.904375,0.767518,33,29,25,23,0,1,0,0,540,417,397,255
2026/01/19/15:19:57,3825.438913,0.861062,0.733701,0.861062,0.733701,33,27,25,23,0,0,0,0,540,419,397,255
2026/01/19/15:19:58,3826.439044,0.861062,0.733701,0.861062,0.733701,33,27,25,23,0,0,0,0,540,419,397,255
2026/01/19/15:19:59,3827.439126,0.861062,0.733701,0.861062,0.733701,33,27,25,23,0,0,0,0,540,419,397,255
2026/01/19/15:20:00,3828.439245,0.861062,0.733701,0.861062,0.733701,33,27,25,23,0,0,0,0,540,419,397,255
2026/01/19/15:20:01,3829.439344,0.861062,0.733701,0.861062,0.733701,33,27,25,23,0,0,0,0,540,419,397,255
2026/01/19/15:20:02,3830.439461,0.861062,0.733701,0.861062,0.733701,33,27,25,23,0,0,0,0,540,419,397,255
2026/01/19/15:20:03,3831.439541,0.827500,0.718290,0.827500,0.718290,33,24,25,23,0,0,0,0,540,422,397,255
2026/01/19/15:20:04,3832.439670,0.827500,0.718290,0.827500,0.718290,33,24,25,23,0,0,0,0,540,422,397,255
2026/01/19/15:20:05,3833.439811,0.827500,0.718290,0.827500,0.718290,33,24,25,23,0,0,0,0,540,422,397,255
2026/01/19/15:20:06,3834.439955,0.827500,0.718290,0.827500,0.718290,33,24,25,23,0,0,0,0,540,422,397,255
2026/01/19/15:20:07,3835.440076,0.827500,0.718290,0.827500,0.718290,33,24,25,23,0,0,0,0,540,422,397,255
2026/01/19/15:20:08,3836.440203,0.827500,0.718290,0.827500,0.718290,33,24,25,23,0,0,0,0,540,422,397,255
2026/01/19/15:20:09,3837.440294,0.827500,0.718290,0.827500,0.718290,33,24,25,23,0,0,0,0,540,422,397,255
2026/01/19/15:20:10,3838.440386,0.827500,0.718290,0.827500,0.718290,33,24,25,23,0,0,0,0,540,422,397,255
2026/01/19/15:20:11,3839.440470,0.827500,0.718290,0.827500,0.718290,33,24,25,23,0,0,0,0,540,422,397,255
2026/01/19/15:20:12,3840.440573,0.827500,0.718290,0.827500,0.718290,33,24,25,23,0,0,0,0,540,422,397,255
2026/01/19/15:20:13,3841.440669,0.827500,0.718290,0.827500,0.718290,33,24,25,23,0,0,0,0,540,422,397,255
2026/01/19/15:20:14,3842.440757,0.822812,0.709601,0.822812,0.709601,33,23,25,23,0,0,0,0,540,423,397,255
2026/01/19/15:20:15,3843.440868,0.822812,0.709601,0.822812,0.709601,33,23,25,23,0,0,0,0,540,423,397,255
2026/01/19/15:20:16,3844.440926,0.822812,0.709601,0.822812,0.709601,33,23,25,23,0,0,0,0,540,423,397,255
2026/01/19/15:20:17,3845.441025,0.819063,0.706373,0.819063,0.706373,33,23,25,22,0,0,0,0,540,423,397,256
2026/01/19/15:20:18,3846.441135,0.819063,0.706373,0.819063,0.706373,33,23,25,22,0,0,0,0,540,423,397,256
2026/01/19/15:20:19,3847.441242,0.819063,0.706373,0.819063,0.706373,33,23,25,22,0,0,0,0,540,423,397,256
2026/01/19/15:20:20,3848.441345,0.819063,0.706373,0.819063,0.706373,33,23,25,22,0,0,0,0,540,423,397,256
2026/01/19/15:20:21,3849.441428,0.819063,0.706373,0.819063,0.706373,33,23,25,22,0,0,0,0,540,423,397,256
2026/01/19/15:20:22,3850.441622,0.819063,0.706373,0.819063,0.706373,33,23,25,22,0,0,0,0,540,423,397,256
2026/01/19/15:20:23,3851.441706,0.819063,0.706373,0.819063,0.706373,33,23,25,22,0,0,0,0,540,423,397,256
2026/01/19/15:20:24,3852.441839,0.819063,0.706373,0.819063,0.706373,33,23,25,22,0,0,0,0,540,423,397,256
2026/01/19/15:20:25,3853.441910,0.819063,0.706373,0.819063,0.706373,33,23,25,22,0,0,0,0,540,423,397,256
2026/01/19/15:20:26,3854.442028,0.819063,0.706373,0.819063,0.706373,33,23,25,22,0,0,0,0,540,423,397,256
2026/01/19/15:20:27,3855.442111,0.819063,0.706373,0.819063,0.706373,33,23,25,22,0,0,0,0,540,423,397,256
2026/01/19/15:20:28,3856.442201,0.819063,0.706373,0.819063,0.706373,33,23,25,22,0,0,0,0,540,423,397,256
2026/01/19/15:20:29,3857.442280,0.819063,0.706373,0.819063,0.706373,33,23,25,22,0,0,0,0,540,423,397,256
2026/01/19/15:20:30,3858.442366,0.846000,0.750102,0.846000,0.750102,34,23,27,24,0,0,0,0,540,423,397,256
2026/01/19/15:20:31,3859.442431,0.846000,0.750102,0.846000,0.750102,34,23,27,24,0,0,0,0,540,423,397,256
2026/01/19/15:20:32,3860.442511,0.846000,0.750102,0.846000,0.750102,34,23,27,24,0,0,0,0,540,423,397,256
2026/01/19/15:20:33,3861.442589,0.836125,0.736684,0.836125,0.736684,34,23,27,22,0,0,0,0,540,423,397,258
2026/01/19/15:20:34,3862.442676,0.829625,0.712111,0.829625,0.712111,34,23,25,22,0,0,0,0,540,423,399,258
2026/01/19/15:20:35,3863.442765,0.829625,0.712111,0.829625,0.712111,34,23,25,22,0,0,0,0,540,423,399,258
2026/01/19/15:20:36,3864.442857,0.829625,0.712111,0.829625,0.712111,34,23,25,22,0,0,0,0,540,423,399,258
2026/01/19/15:20:37,3865.442935,0.829625,0.712111,0.829625,0.712111,34,23,25,22,0,0,0,0,540,423,399,258
2026/01/19/15:20:38,3866.443083,0.829625,0.712111,0.829625,0.712111,34,23,25,22,0,0,0,0,540,423,399,258
2026/01/19/15:20:39,3867.443123,0.829625,0.712111,0.829625,0.712111,34,23,25,22,0,0,0,0,540,423,399,258
2026/01/19/15:20:40,3868.443209,0.847375,0.769464,0.847375,0.769464,37,23,25,22,0,0,0,0,540,423,399,258
2026/01/19/15:20:41,3869.443308,0.847375,0.769464,0.847375,0.769464,37,23,25,22,0,0,0,0,540,423,399,258
2026/01/19/15:20:42,3870.443373,0.847375,0.769464,0.847375,0.769464,37,23,25,22,0,0,0,0,540,423,399,258
2026/01/19/15:20:43,3871.443487,0.847375,0.769464,0.847375,0.769464,37,23,25,22,0,0,0,0,540,423,399,258
2026/01/19/15:20:44,3872.443582,0.841938,0.764725,0.841938,0.764725,37,23,25,21,0,0,0,0,540,423,399,259
2026/01/19/15:20:45,3873.443670,0.841938,0.764725,0.841938,0.764725,37,23,25,21,0,0,0,0,540,423,399,259
2026/01/19/15:20:46,3874.443830,0.837938,0.760670,0.837938,0.760670,36,23,25,21,0,0,0,0,541,423,399,259
2026/01/19/15:20:47,3875.443925,0.827187,0.749013,0.827187,0.749013,35,23,25,21,0,0,0,0,542,423,399,259
2026/01/19/15:20:48,3876.443999,0.853750,0.790800,0.853750,0.790800,38,25,25,23,0,0,0,0,542,423,399,259
2026/01/19/15:20:49,3877.444115,0.853750,0.790800,0.853750,0.790800,38,25,25,23,0,0,0,0,542,423,399,259
2026/01/19/15:20:50,3878.444263,0.846000,0.774606,0.846000,0.774606,38,23,25,23,0,0,0,0,542,425,399,259
2026/01/19/15:20:51,3879.444368,0.846000,0.774606,0.846000,0.774606,38,23,25,23,0,0,0,0,542,425,399,259
2026/01/19/15:20:52,3880.444437,0.842437,0.771252,0.842437,0.771252,38,23,25,22,0,0,0,0,542,425,399,260
2026/01/19/15:20:53,3881.444526,0.842437,0.771252,0.842437,0.771252,38,23,25,22,0,0,0,0,542,425,399,260
2026/01/19/15:20:54,3882.444621,0.842437,0.771252,0.842437,0.771252,38,23,25,22,0,0,0,0,542,425,399,260
2026/01/19/15:20:55,3883.444750,0.856313,0.782507,0.856313,0.782507,38,23,25,25,0,0,0,0,542,425,399,260
2026/01/19/15:20:56,3884.444836,0.845250,0.772157,0.845250,0.772157,35,23,25,25,0,0,0,0,545,425,399,260
2026/01/19/15:20:57,3885.444972,0.845250,0.772157,0.845250,0.772157,35,23,25,25,0,0,0,0,545,425,399,260
2026/01/19/15:20:58,3886.445071,0.845250,0.772157,0.845250,0.772157,35,23,25,25,0,0,0,0,545,425,399,260
2026/01/19/15:20:59,3887.445186,0.845250,0.772157,0.845250,0.772157,35,23,25,25,0,0,0,0,545,425,399,260
2026/01/19/15:21:00,3888.445273,0.845250,0.772157,0.845250,0.772157,35,23,25,25,0,0,0,0,545,425,399,260
2026/01/19/15:21:01,3889.445432,0.845250,0.772157,0.845250,0.772157,35,23,25,25,0,0,0,0,545,425,399,260
2026/01/19/15:21:02,3890.445501,0.845250,0.772157,0.845250,0.772157,35,23,25,25,0,0,0,0,545,425,399,260
2026/01/19/15:21:03,3891.445624,0.831375,0.760901,0.831375,0.760901,35,23,25,22,0,0,0,0,545,425,399,263
2026/01/19/15:21:04,3892.445686,0.831375,0.760901,0.831375,0.760901,35,23,25,22,0,0,0,0,545,425,399,263
2026/01/19/15:21:05,3893.445791,0.831375,0.760901,0.831375,0.760901,35,23,25,22,0,0,0,0,545,425,399,263
2026/01/19/15:21:06,3894.445863,0.831375,0.760901,0.831375,0.760901,35,23,25,22,0,0,0,0,545,425,399,263
2026/01/19/15:21:07,3895.445954,0.831375,0.760901,0.831375,0.760901,35,23,25,22,0,0,0,0,545,425,399,263
2026/01/19/15:21:08,3896.446099,0.831375,0.760901,0.831375,0.760901,35,23,25,22,0,0,0,0,545,425,399,263
2026/01/19/15:21:09,3897.446125,0.831375,0.760901,0.831375,0.760901,35,23,25,22,0,0,0,0,545,425,399,263
2026/01/19/15:21:10,3898.446278,0.831375,0.760901,0.831375,0.760901,35,23,25,22,0,0,0,0,545,425,399,263
2026/01/19/15:21:11,3899.446368,0.831375,0.760901,0.831375,0.760901,35,23,25,22,0,0,0,0,545,425,399,263
2026/01/19/15:21:12,3900.446460,0.831375,0.760901,0.831375,0.760901,35,23,25,22,0,0,0,0,545,425,399,263
2026/01/19/15:21:13,3901.446550,0.831375,0.760901,0.831375,0.760901,35,23,25,22,0,0,0,0,545,425,399,263
2026/01/19/15:21:14,3902.446648,0.831375,0.760901,0.831375,0.760901,35,23,25,22,0,0,0,0,545,425,399,263
2026/01/19/15:21:15,3903.446737,0.831375,0.760901,0.831375,0.760901,35,23,25,22,0,0,0,0,545,425,399,263
2026/01/19/15:21:16,3904.446848,0.831375,0.760901,0.831375,0.760901,35,23,25,22,0,0,0,0,545,425,399,263
2026/01/19/15:21:17,3905.446936,0.831375,0.760901,0.831375,0.760901,35,23,25,22,0,0,0,0,545,425,399,263
2026/01/19/15:21:18,3906.447026,0.851500,0.782950,0.851500,0.782950,37,23,26,24,0,0,0,0,545,425,399,263
2026/01/19/15:21:19,3907.447142,0.851500,0.782950,0.851500,0.782950,37,23,26,24,0,0,0,0,545,425,399,263
2026/01/19/15:21:20,3908.447254,0.857875,0.807038,0.857875,0.807038,37,23,28,24,0,0,0,0,545,425,399,263
2026/01/19/15:21:21,3909.447380,0.857875,0.807038,0.857875,0.807038,37,23,28,24,0,0,0,0,545,425,399,263
2026/01/19/15:21:22,3910.447460,0.857875,0.807038,0.857875,0.807038,37,23,28,24,0,0,0,0,545,425,399,263
2026/01/19/15:21:23,3911.447534,0.839437,0.759040,0.839437,0.759040,37,23,26,21,0,0,0,0,545,425,401,266
2026/01/19/15:21:24,3912.447659,0.839437,0.759040,0.839437,0.759040,37,23,26,21,0,0,0,0,545,425,401,266
2026/01/19/15:21:25,3913.447773,0.839437,0.759040,0.849375,0.848471,37,23,26,21,0,0,0,3,545,425,401,266
2026/01/19/15:21:26,3914.447826,0.839437,0.759040,0.849375,0.848471,37,23,26,21,0,0,0,3,545,425,401,266
2026/01/19/15:21:27,3915.447922,0.849562,0.768722,0.859500,0.858153,37,23,26,23,0,0,0,3,545,425,401,266
2026/01/19/15:21:28,3916.448033,0.849562,0.768722,0.859500,0.858153,37,23,26,23,0,0,0,3,545,425,401,266
2026/01/19/15:21:29,3917.448173,0.849562,0.768722,0.849562,0.768722,37,23,26,23,0,0,0,0,545,425,401,266
2026/01/19/15:21:30,3918.448334,0.849562,0.768722,0.849562,0.768722,37,23,26,23,0,0,0,0,545,425,401,266
2026/01/19/15:21:31,3919.448471,0.846187,0.765447,0.846187,0.765447,37,23,25,23,0,0,0,0,545,425,402,266
2026/01/19/15:21:32,3920.448544,0.846187,0.765447,0.846187,0.765447,37,23,25,23,0,0,0,0,545,425,402,266
2026/01/19/15:21:33,3921.448672,0.846187,0.765447,0.846187,0.765447,37,23,25,23,0,0,0,0,545,425,402,266
2026/01/19/15:21:34,3922.448764,0.846187,0.765447,0.846187,0.765447,37,23,25,23,0,0,0,0,545,425,402,266
2026/01/19/15:21:35,3923.448895,0.837313,0.758695,0.837313,0.758695,35,23,25,23,0,0,0,0,547,425,402,266
2026/01/19/15:21:36,3924.448984,0.837313,0.758695,0.837313,0.758695,35,23,25,23,0,0,0,0,547,425,402,266
2026/01/19/15:21:37,3925.449102,0.837313,0.758695,0.837313,0.758695,35,23,25,23,0,0,0,0,547,425,402,266
2026/01/19/15:21:38,3926.449126,0.837313,0.758695,0.837313,0.758695,35,23,25,23,0,0,0,0,547,425,402,266
2026/01/19/15:21:39,3927.449200,0.837313,0.758695,0.837313,0.758695,35,23,25,23,0,0,0,0,547,425,402,266
2026/01/19/15:21:40,3928.449342,0.837313,0.758695,0.837313,0.758695,35,23,25,23,0,0,0,0,547,425,402,266
2026/01/19/15:21:41,3929.449459,0.837313,0.758695,0.837313,0.758695,35,23,25,23,0,0,0,0,547,425,402,266
2026/01/19/15:21:42,3930.449556,0.837313,0.758695,0.837313,0.758695,35,23,25,23,0,0,0,0,547,425,402,266
2026/01/19/15:21:43,3931.449697,0.837313,0.758695,0.837313,0.758695,35,23,25,23,0,0,0,0,547,425,402,266
2026/01/19/15:21:44,3932.449775,0.837313,0.758695,0.837313,0.758695,35,23,25,23,0,0,0,0,547,425,402,266
2026/01/19/15:21:45,3933.449997,0.837313,0.758695,0.837313,0.758695,35,23,25,23,0,0,0,0,547,425,402,266
2026/01/19/15:21:46,3934.450032,0.837313,0.758695,0.837313,0.758695,35,23,25,23,0,0,0,0,547,425,402,266
2026/01/19/15:21:47,3935.450104,0.837313,0.758695,0.837313,0.758695,35,23,25,23,0,0,0,0,547,425,402,266
2026/01/19/15:21:48,3936.450213,0.837313,0.758695,0.837313,0.758695,35,23,25,23,0,0,0,0,547,425,402,266
2026/01/19/15:21:49,3937.450299,0.837313,0.758695,0.837313,0.758695,35,23,25,23,0,0,0,0,547,425,402,266
2026/01/19/15:21:50,3938.450389,0.837313,0.758695,0.837313,0.758695,35,23,25,23,0,0,0,0,547,425,402,266
2026/01/19/15:21:51,3939.450459,0.837313,0.758695,0.837313,0.758695,35,23,25,23,0,0,0,0,547,425,402,266
2026/01/19/15:21:52,3940.450547,0.837313,0.758695,0.837313,0.758695,35,23,25,23,0,0,0,0,547,425,402,266
2026/01/19/15:21:53,3941.450649,0.837313,0.758695,0.837313,0.758695,35,23,25,23,0,0,0,0,547,425,402,266
2026/01/19/15:21:54,3942.450713,0.837313,0.758695,0.837313,0.758695,35,23,25,23,0,0,0,0,547,425,402,266
2026/01/19/15:21:55,3943.450792,0.837313,0.758695,0.837313,0.758695,35,23,25,23,0,0,0,0,547,425,402,266
2026/01/19/15:21:56,3944.450970,0.837313,0.758695,0.837313,0.758695,35,23,25,23,0,0,0,0,547,425,402,266
2026/01/19/15:21:57,3945.451036,0.837313,0.758695,0.837313,0.758695,35,23,25,23,0,0,0,0,547,425,402,266
2026/01/19/15:21:58,3946.451117,0.837313,0.758695,0.837313,0.758695,35,23,25,23,0,0,0,0,547,425,402,266
2026/01/19/15:21:59,3947.451238,0.837313,0.758695,0.837313,0.758695,35,23,25,23,0,0,0,0,547,425,402,266
2026/01/19/15:22:00,3948.451394,0.837313,0.758695,0.837313,0.758695,35,23,25,23,0,0,0,0,547,425,402,266
2026/01/19/15:22:01,3949.451494,0.837313,0.758695,0.837313,0.758695,35,23,25,23,0,0,0,0,547,425,402,266
2026/01/19/15:22:02,3950.451595,0.837313,0.758695,0.837313,0.758695,35,23,25,23,0,0,0,0,547,425,402,266
2026/01/19/15:22:03,3951.451682,0.899563,0.804907,0.930813,0.829222,35,26,28,26,2,0,0,0,547,425,402,266
2026/01/19/15:22:04,3952.451768,0.931438,0.865347,1.015187,0.896161,37,30,28,27,4,0,0,0,547,425,402,266
2026/01/19/15:22:05,3953.451857,0.940813,0.877703,1.024563,0.908516,37,32,28,27,4,0,0,0,547,425,402,266
2026/01/19/15:22:06,3954.451948,0.925750,0.865499,0.978250,0.871997,39,29,28,25,2,0,0,0,547,428,402,268
2026/01/19/15:22:07,3955.452039,0.913750,0.852020,0.966250,0.858519,37,29,28,25,2,0,0,0,549,428,402,268
2026/01/19/15:22:08,3956.452125,0.905875,0.840608,0.958375,0.847106,37,29,28,23,2,0,0,0,549,428,402,270
2026/01/19/15:22:09,3957.452242,0.905875,0.840608,0.958375,0.847106,37,29,28,23,2,0,0,0,549,428,402,270
2026/01/19/15:22:10,3958.452330,0.893312,0.822855,0.945812,0.829353,37,29,25,23,2,0,0,0,549,428,405,270
2026/01/19/15:22:11,3959.452421,0.882625,0.801544,0.935125,0.808043,37,26,25,23,2,0,0,0,549,431,405,270
2026/01/19/15:22:12,3960.452531,0.882625,0.801544,0.935125,0.808043,37,26,25,23,2,0,0,0,549,431,405,270
2026/01/19/15:22:13,3961.452614,0.882625,0.801544,0.935125,0.808043,37,26,25,23,2,0,0,0,549,431,405,270
2026/01/19/15:22:14,3962.452710,0.882625,0.801544,0.935125,0.808043,37,26,25,23,2,0,0,0,549,431,405,270
2026/01/19/15:22:15,3963.452765,0.837313,0.758695,0.889813,0.765193,35,23,25,23,2,0,0,0,551,434,405,270
2026/01/19/15:22:16,3964.452859,0.837313,0.758695,0.837313,0.758695,35,23,25,23,0,0,0,0,551,434,405,270
2026/01/19/15:22:17,3965.452948,0.837313,0.758695,0.837313,0.758695,35,23,25,23,0,0,0,0,553,434,405,270
2026/01/19/15:22:18,3966.453039,0.837313,0.758695,0.837313,0.758695,35,23,25,23,0,0,0,0,553,434,405,270
2026/01/19/15:22:19,3967.453176,0.837313,0.758695,0.837313,0.758695,35,23,25,23,0,0,0,0,553,434,405,270
2026/01/19/15:22:20,3968.453278,0.837313,0.758695,0.837313,0.758695,35,23,25,23,0,0,0,0,553,434,405,270
2026/01/19/15:22:21,3969.453364,0.851187,0.765886,0.851187,0.765886,35,25,25,23,0,0,0,0,553,434,405,270
2026/01/19/15:22:22,3970.453447,0.899813,0.792208,0.912500,0.798354,40,25,25,23,1,0,0,0,553,434,405,270
2026/01/19/15:22:23,3971.453603,0.899813,0.792208,0.912500,0.798354,40,25,25,23,1,0,0,0,553,434,405,270
2026/01/19/15:22:24,3972.453695,0.899813,0.792208,0.912500,0.798354,40,25,25,23,1,0,0,0,553,434,405,270
2026/01/19/15:22:25,3973.453765,0.909250,0.804215,0.932625,0.819585,39,25,25,26,0,0,2,0,555,434,405,270
2026/01/19/15:22:26,3974.453843,0.921500,0.837405,1.004625,0.934359,39,23,26,29,3,0,5,0,555,436,405,270
2026/01/19/15:22:27,3975.453943,0.913375,0.842688,0.978000,0.915523,39,23,28,26,3,0,3,0,555,436,405,273
2026/01/19/15:22:28,3976.454100,0.908188,0.822053,0.963562,0.882829,39,23,29,23,3,0,2,0,555,436,405,276
2026/01/19/15:22:29,3977.454192,0.908563,0.822738,0.940187,0.867459,40,23,28,23,2,0,1,0,555,436,406,276
2026/01/19/15:22:30,3978.454288,0.911000,0.823759,0.932000,0.861997,40,23,28,23,1,0,1,0,556,436,406,276
2026/01/19/15:22:31,3979.454412,0.911000,0.823759,0.923063,0.832128,40,23,28,23,1,0,0,0,556,436,406,276
2026/01/19/15:22:32,3980.454509,0.900375,0.817276,0.912438,0.825645,39,23,28,23,1,0,0,0,557,436,406,276
2026/01/19/15:22:33,3981.454594,0.899125,0.818726,0.899125,0.818726,40,23,27,23,0,0,0,0,557,436,407,276
2026/01/19/15:22:34,3982.454668,0.899125,0.818726,0.899125,0.818726,40,23,27,23,0,0,0,0,557,436,407,276
2026/01/19/15:22:35,3983.454742,0.899125,0.818726,0.899125,0.818726,40,23,27,23,0,0,0,0,557,436,407,276
2026/01/19/15:22:36,3984.454880,0.899125,0.818726,0.899125,0.818726,40,23,27,23,0,0,0,0,557,436,407,276
2026/01/19/15:22:37,3985.455024,0.899125,0.818726,0.899125,0.818726,40,23,27,23,0,0,0,0,557,436,407,276
2026/01/19/15:22:38,3986.455105,0.875000,0.801986,0.875000,0.801986,38,23,27,23,0,0,0,0,559,436,407,276
2026/01/19/15:22:39,3987.455186,0.875000,0.801986,0.875000,0.801986,38,23,27,23,0,0,0,0,559,436,407,276
2026/01/19/15:22:40,3988.455281,0.875000,0.801986,0.875000,0.801986,38,23,27,23,0,0,0,0,559,436,407,276
2026/01/19/15:22:41,3989.455391,0.875000,0.801986,0.875000,0.801986,38,23,27,23,0,0,0,0,559,436,407,276
2026/01/19/15:22:42,3990.455450,0.875000,0.801986,0.875000,0.801986,38,23,27,23,0,0,0,0,559,436,407,276
2026/01/19/15:22:43,3991.455555,0.875000,0.801986,0.875000,0.801986,38,23,27,23,0,0,0,0,559,436,407,276
2026/01/19/15:22:44,3992.455686,0.875000,0.801986,0.875000,0.801986,38,23,27,23,0,0,0,0,559,436,407,276
2026/01/19/15:22:45,3993.455758,0.875000,0.801986,0.875000,0.801986,38,23,27,23,0,0,0,0,559,436,407,276
2026/01/19/15:22:46,3994.455818,0.875000,0.801986,0.875000,0.801986,38,23,27,23,0,0,0,0,559,436,407,276
2026/01/19/15:22:47,3995.455911,0.875000,0.801986,0.875000,0.801986,38,23,27,23,0,0,0,0,559,436,407,276
2026/01/19/15:22:48,3996.456095,0.875000,0.801986,0.875000,0.801986,38,23,27,23,0,0,0,0,559,436,407,276
2026/01/19/15:22:49,3997.456132,0.875000,0.801986,0.875000,0.801986,38,23,27,23,0,0,0,0,559,436,407,276
2026/01/19/15:22:50,3998.456211,0.875000,0.801986,0.875000,0.801986,38,23,27,23,0,0,0,0,559,436,407,276
2026/01/19/15:22:51,3999.456294,0.875000,0.801986,0.875000,0.801986,38,23,27,23,0,0,0,0,559,436,407,276
2026/01/19/15:22:52,4000.456368,0.851750,0.787955,0.851750,0.787955,35,23,27,23,0,0,0,0,562,436,407,276
2026/01/19/15:22:53,4001.456463,0.851750,0.787955,0.851750,0.787955,35,23,27,23,0,0,0,0,562,436,407,276
2026/01/19/15:22:54,4002.456667,0.851750,0.787955,0.851750,0.787955,35,23,27,23,0,0,0,0,562,436,407,276
2026/01/19/15:22:55,4003.456705,0.851750,0.787955,0.851750,0.787955,35,23,27,23,0,0,0,0,562,436,407,276
2026/01/19/15:22:56,4004.456800,0.851750,0.787955,0.851750,0.787955,35,23,27,23,0,0,0,0,562,436,407,276
2026/01/19/15:22:57,4005.456883,0.824000,0.751775,0.824000,0.751775,35,23,24,23,0,0,0,0,562,436,410,276
2026/01/19/15:22:58,4006.457000,0.824000,0.751775,0.824000,0.751775,35,23,24,23,0,0,0,0,562,436,410,276
2026/01/19/15:22:59,4007.457105,0.824000,0.751775,0.824000,0.751775,35,23,24,23,0,0,0,0,562,436,410,276
2026/01/19/15:23:00,4008.457196,0.824000,0.751775,0.881125,0.810759,35,23,24,23,2,0,0,0,562,436,410,276
2026/01/19/15:23:01,4009.457344,0.875500,0.822986,0.932625,0.881970,38,28,27,23,2,0,0,0,562,436,410,276
2026/01/19/15:23:02,4010.457492,0.875500,0.822986,0.932625,0.881970,38,28,27,23,2,0,0,0,562,436,410,276
2026/01/19/15:23:03,4011.457576,0.848688,0.784257,0.905813,0.843240,38,25,24,23,2,0,0,0,562,439,413,276
2026/01/19/15:23:04,4012.457684,0.848688,0.784257,0.905813,0.843240,38,25,24,23,2,0,0,0,562,439,413,276
2026/01/19/15:23:05,4013.457764,0.848688,0.784257,0.905813,0.843240,38,25,24,23,2,0,0,0,562,439,413,276
2026/01/19/15:23:06,4014.457855,0.848688,0.784257,0.905813,0.843240,38,25,24,23,2,0,0,0,562,439,413,276
2026/01/19/15:23:07,4015.457932,0.834812,0.775188,0.891938,0.834171,36,25,24,23,2,0,0,0,564,439,413,276
2026/01/19/15:23:08,4016.458021,0.834812,0.775188,0.891938,0.834171,36,25,24,23,2,0,0,0,564,439,413,276
2026/01/19/15:23:09,4017.458098,0.834812,0.775188,0.891938,0.834171,36,25,24,23,2,0,0,0,564,439,413,276
2026/01/19/15:23:10,4018.458177,0.908500,0.845138,0.986125,0.914858,37,28,24,28,3,0,0,1,564,439,413,276
2026/01/19/15:23:11,4019.458323,0.918625,0.854265,0.991187,0.919421,37,28,24,30,3,0,0,0,564,439,413,276
2026/01/19/15:23:12,4020.458469,0.912000,0.834624,0.996313,0.906744,37,26,24,30,3,0,0,1,564,441,413,276
2026/01/19/15:23:13,4021.458567,0.912000,0.834624,0.996313,0.906744,37,26,24,30,3,0,0,1,564,441,413,276
2026/01/19/15:23:14,4022.458679,0.907625,0.830567,0.991938,0.902686,37,26,24,29,3,0,0,1,564,441,413,277
2026/01/19/15:23:15,4023.458754,0.897062,0.832693,0.954187,0.891677,38,25,24,29,2,0,0,0,564,442,413,277
2026/01/19/15:23:16,4024.458830,0.884687,0.825521,0.941813,0.884504,36,25,24,29,2,0,0,0,566,442,413,277
2026/01/19/15:23:17,4025.458906,0.884687,0.825521,0.941813,0.884504,36,25,24,29,2,0,0,0,566,442,413,277
2026/01/19/15:23:18,4026.458990,0.884687,0.825521,0.941813,0.884504,36,25,24,29,2,0,0,0,566,442,413,277
2026/01/19/15:23:19,4027.459079,0.884687,0.825521,0.941813,0.884504,36,25,24,29,2,0,0,0,566,442,413,277
2026/01/19/15:23:20,4028.459143,0.884687,0.825521,0.941813,0.884504,36,25,24,29,2,0,0,0,566,442,413,277
2026/01/19/15:23:21,4029.459223,0.884687,0.825521,0.941813,0.884504,36,25,24,29,2,0,0,0,566,442,413,277
2026/01/19/15:23:22,4030.459351,0.884687,0.825521,0.941813,0.884504,36,25,24,29,2,0,0,0,566,442,413,277
2026/01/19/15:23:23,4031.459438,0.884687,0.825521,0.941813,0.884504,36,25,24,29,2,0,0,0,566,442,413,277
2026/01/19/15:23:24,4032.459552,0.884687,0.825521,0.941813,0.884504,36,25,24,29,2,0,0,0,566,442,413,277
2026/01/19/15:23:25,4033.459639,0.884687,0.825521,0.941813,0.884504,36,25,24,29,2,0,0,0,566,442,413,277
2026/01/19/15:23:26,4034.459726,0.874125,0.819783,0.931250,0.878766,35,25,24,29,2,0,0,0,567,442,413,277
2026/01/19/15:23:27,4035.459800,0.874125,0.819783,0.931250,0.878766,35,25,24,29,2,0,0,0,567,442,413,277
2026/01/19/15:23:28,4036.459886,0.919438,0.843651,1.026375,0.921742,39,26,24,31,2,1,3,0,567,442,413,277
2026/01/19/15:23:29,4037.459983,0.890188,0.820417,1.026375,0.921742,36,26,24,31,5,1,3,0,572,442,413,277
2026/01/19/15:23:30,4038.460108,0.890188,0.820417,1.026375,0.921742,36,26,24,31,5,1,3,0,572,442,413,277
2026/01/19/15:23:31,4039.460219,0.890938,0.830945,1.022312,0.918336,37,25,24,31,4,1,3,0,572,443,413,277
2026/01/19/15:23:32,4040.460301,0.890938,0.830945,1.022312,0.918336,37,25,24,31,4,1,3,0,572,443,413,277
2026/01/19/15:23:33,4041.460388,0.930312,0.845285,1.005187,0.910659,39,25,27,29,2,1,0,0,572,443,413,279
2026/01/19/15:23:34,4042.460522,0.950500,0.861176,1.007625,0.920159,39,28,24,32,2,0,0,0,572,443,416,279
2026/01/19/15:23:35,4043.460616,0.954438,0.865424,1.032000,1.010304,40,28,24,32,5,0,0,1,572,443,416,279
2026/01/19/15:23:36,4044.460711,0.909250,0.848715,1.020563,1.030724,38,25,24,33,8,0,0,0,574,446,416,279
2026/01/19/15:23:37,4045.460816,0.934875,0.877090,1.020563,1.030724,40,25,24,33,6,0,0,0,574,446,416,279
2026/01/19/15:23:38,4046.460917,0.930625,0.871010,1.016312,1.024644,40,25,24,32,6,0,0,0,574,446,416,280
2026/01/19/15:23:39,4047.461010,0.930625,0.871010,1.016312,1.024644,40,25,24,32,6,0,0,0,574,446,416,280
2026/01/19/15:23:40,4048.461159,0.924125,0.863035,1.009813,1.016669,40,25,24,30,6,0,0,0,574,446,416,282
2026/01/19/15:23:41,4049.461256,0.936875,0.877420,1.019688,0.972865,43,25,24,30,3,0,2,0,574,446,416,282
2026/01/19/15:23:42,4050.461386,0.936875,0.877420,1.019688,0.972865,43,25,24,30,3,0,2,0,574,446,416,282
2026/01/19/15:23:43,4051.461469,0.936875,0.877420,1.006813,0.950590,43,25,24,30,3,0,0,0,574,446,416,282
2026/01/19/15:23:44,4052.461634,0.936875,0.877420,1.006813,0.950590,43,25,24,30,3,0,0,0,574,446,416,282
2026/01/19/15:23:45,4053.461705,0.928250,0.867738,0.941063,0.881925,42,25,24,29,1,0,0,0,575,446,416,283
2026/01/19/15:23:46,4054.461806,0.928250,0.867738,0.941063,0.881925,42,25,24,29,1,0,0,0,575,446,416,283
2026/01/19/15:23:47,4055.461883,0.928250,0.867738,0.941063,0.881925,42,25,24,29,1,0,0,0,575,446,416,283
2026/01/19/15:23:48,4056.461954,0.928250,0.867738,0.941063,0.881925,42,25,24,29,1,0,0,0,575,446,416,283
2026/01/19/15:23:49,4057.462031,0.928250,0.867738,0.941063,0.881925,42,25,24,29,1,0,0,0,575,446,416,283
2026/01/19/15:23:50,4058.462126,0.928250,0.867738,0.941063,0.881925,42,25,24,29,1,0,0,0,575,446,416,283
2026/01/19/15:23:51,4059.462234,0.902625,0.839364,0.902625,0.839364,40,25,24,29,0,0,0,0,577,446,416,283
2026/01/19/15:23:52,4060.462322,0.902625,0.839364,0.902625,0.839364,40,25,24,29,0,0,0,0,577,446,416,283
2026/01/19/15:23:53,4061.462416,0.902625,0.839364,0.902625,0.839364,40,25,24,29,0,0,0,0,577,446,416,283
2026/01/19/15:23:54,4062.462497,0.897312,0.829730,0.897312,0.829730,39,25,24,29,0,0,0,0,578,446,416,283
2026/01/19/15:23:55,4063.462585,0.897312,0.829730,0.902062,0.834430,39,25,24,29,0,0,0,1,578,446,416,283
2026/01/19/15:23:56,4064.462742,0.948438,0.888322,0.975313,0.901602,43,28,24,33,0,0,2,0,578,446,416,283
2026/01/19/15:23:57,4065.462826,0.955875,0.901556,0.997375,0.937756,43,28,26,33,2,0,3,0,578,446,416,283
2026/01/19/15:23:58,4066.462903,0.934187,0.850643,0.961063,0.863922,42,27,27,30,0,0,2,0,581,447,416,286
2026/01/19/15:23:59,4067.462971,0.913188,0.829416,0.940063,0.842696,42,27,25,28,0,0,2,0,581,447,418,288
2026/01/19/15:24:00,4068.463042,0.902563,0.813473,0.929438,0.826752,40,27,25,28,0,0,2,0,583,447,418,288
2026/01/19/15:24:01,4069.463137,0.899125,0.807216,0.926000,0.820496,40,27,24,28,0,0,2,0,583,447,419,288
2026/01/19/15:24:02,4070.463279,0.897437,0.806640,0.910875,0.813280,40,25,25,28,0,0,1,0,583,449,419,288
2026/01/19/15:24:03,4071.463430,0.897437,0.806640,0.910875,0.813280,40,25,25,28,0,0,1,0,583,449,419,288
2026/01/19/15:24:04,4072.463682,0.897437,0.806640,0.910875,0.813280,40,25,25,28,0,0,1,0,583,449,419,288
2026/01/19/15:24:05,4073.463705,0.897437,0.806640,0.910875,0.813280,40,25,25,28,0,0,1,0,583,449,419,288
2026/01/19/15:24:06,4074.463805,0.897437,0.806640,0.910875,0.813280,40,25,25,28,0,0,1,0,583,449,419,288
2026/01/19/15:24:07,4075.463906,0.906813,0.805586,0.906813,0.805586,39,25,26,28,0,0,0,0,584,449,419,288
2026/01/19/15:24:08,4076.463999,0.906813,0.805586,0.906813,0.805586,39,25,26,28,0,0,0,0,584,449,419,288
2026/01/19/15:24:09,4077.464124,0.906813,0.805586,0.906813,0.805586,39,25,26,28,0,0,0,0,584,449,419,288
2026/01/19/15:24:10,4078.464198,0.906813,0.805586,0.906813,0.805586,39,25,26,28,0,0,0,0,584,449,419,288
2026/01/19/15:24:11,4079.464318,0.906813,0.805586,0.906813,0.805586,39,25,26,28,0,0,0,0,584,449,419,288
2026/01/19/15:24:12,4080.464405,0.906813,0.805586,0.906813,0.805586,39,25,26,28,0,0,0,0,584,449,419,288
2026/01/19/15:24:13,4081.464496,0.906813,0.805586,0.906813,0.805586,39,25,26,28,0,0,0,0,584,449,419,288
2026/01/19/15:24:14,4082.464604,0.906813,0.805586,0.906813,0.805586,39,25,26,28,0,0,0,0,584,449,419,288
2026/01/19/15:24:15,4083.464698,0.906813,0.805586,0.906813,0.805586,39,25,26,28,0,0,0,0,584,449,419,288
2026/01/19/15:24:16,4084.464798,0.906813,0.805586,0.906813,0.805586,39,25,26,28,0,0,0,0,584,449,419,288
2026/01/19/15:24:17,4085.464915,0.906813,0.805586,0.906813,0.805586,39,25,26,28,0,0,0,0,584,449,419,288
2026/01/19/15:24:18,4086.465009,0.906813,0.805586,0.906813,0.805586,39,25,26,28,0,0,0,0,584,449,419,288
2026/01/19/15:24:19,4087.465123,0.906813,0.805586,0.906813,0.805586,39,25,26,28,0,0,0,0,584,449,419,288
2026/01/19/15:24:20,4088.465222,0.906813,0.805586,0.906813,0.805586,39,25,26,28,0,0,0,0,584,449,419,288
2026/01/19/15:24:21,4089.465309,0.906813,0.805586,0.906813,0.805586,39,25,26,28,0,0,0,0,584,449,419,288
2026/01/19/15:24:22,4090.465369,0.906813,0.805586,0.906813,0.805586,39,25,26,28,0,0,0,0,584,449,419,288
2026/01/19/15:24:23,4091.465489,0.879938,0.792307,0.879938,0.792307,39,25,24,28,0,0,0,0,584,449,421,288
2026/01/19/15:24:24,4092.465594,0.879938,0.792307,0.879938,0.792307,39,25,24,28,0,0,0,0,584,449,421,288
2026/01/19/15:24:25,4093.465681,0.879938,0.792307,0.879938,0.792307,39,25,24,28,0,0,0,0,584,449,421,288
2026/01/19/15:24:26,4094.465774,0.879938,0.792307,0.879938,0.792307,39,25,24,28,0,0,0,0,584,449,421,288
2026/01/19/15:24:27,4095.465867,0.879938,0.792307,0.879938,0.792307,39,25,24,28,0,0,0,0,584,449,421,288
2026/01/19/15:24:28,4096.466012,0.879938,0.792307,0.879938,0.792307,39,25,24,28,0,0,0,0,584,449,421,288
2026/01/19/15:24:29,4097.466118,0.897750,0.837496,0.897750,0.837496,40,25,27,28,0,0,0,0,584,449,421,288
2026/01/19/15:24:30,4098.466229,0.897750,0.837496,0.897750,0.837496,40,25,27,28,0,0,0,0,584,449,421,288
2026/01/19/15:24:31,4099.466319,0.897750,0.837496,0.897750,0.837496,40,25,27,28,0,0,0,0,584,449,421,288
2026/01/19/15:24:32,4100.466488,0.897750,0.837496,0.897750,0.837496,40,25,27,28,0,0,0,0,584,449,421,288
2026/01/19/15:24:33,4101.466590,0.876938,0.828119,0.876938,0.828119,37,25,27,28,0,0,0,0,587,449,421,288
2026/01/19/15:24:34,4102.466684,0.876938,0.828119,0.949187,0.908371,37,25,27,28,3,0,1,2,587,449,421,288
2026/01/19/15:24:35,4103.466766,0.894312,0.867805,0.933813,0.893518,40,25,26,29,0,0,1,1,587,449,422,288
2026/01/19/15:24:36,4104.466863,0.894312,0.867805,0.933813,0.893518,40,25,26,29,0,0,1,1,587,449,422,288
2026/01/19/15:24:37,4105.466966,0.894312,0.867805,0.912813,0.882085,40,25,26,29,0,0,0,1,587,449,422,288
2026/01/19/15:24:38,4106.467043,0.894312,0.867805,0.912813,0.882085,40,25,26,29,0,0,0,1,587,449,422,288
2026/01/19/15:24:39,4107.467196,0.894312,0.867805,0.912813,0.882085,40,25,26,29,0,0,0,1,587,449,422,288
2026/01/19/15:24:40,4108.467292,0.880062,0.827547,0.898563,0.841828,37,25,26,29,0,0,0,1,590,449,422,288
2026/01/19/15:24:41,4109.467395,0.880062,0.827547,0.898563,0.841828,37,25,26,29,0,0,0,1,590,449,422,288
2026/01/19/15:24:42,4110.467482,0.880062,0.827547,0.898563,0.841828,37,25,26,29,0,0,0,1,590,449,422,288
2026/01/19/15:24:43,4111.467579,0.880062,0.827547,0.898563,0.841828,37,25,26,29,0,0,0,1,590,449,422,288
2026/01/19/15:24:44,4112.467679,0.880062,0.827547,0.898563,0.841828,37,25,26,29,0,0,0,1,590,449,422,288
2026/01/19/15:24:45,4113.467783,0.880062,0.827547,0.898563,0.841828,37,25,26,29,0,0,0,1,590,449,422,288
2026/01/19/15:24:46,4114.467937,0.880062,0.827547,0.898563,0.841828,37,25,26,29,0,0,0,1,590,449,422,288
2026/01/19/15:24:47,4115.505444,0.880062,0.827547,0.898563,0.841828,37,25,26,29,0,0,0,1,590,449,422,288
2026/01/19/15:24:48,4116.505570,0.880062,0.827547,0.898563,0.841828,37,25,26,29,0,0,0,1,590,449,422,288
2026/01/19/15:24:49,4117.505681,0.898563,0.841828,0.898563,0.841828,37,25,26,30,0,0,0,0,591,449,422,288
2026/01/19/15:24:50,4118.505768,0.898563,0.841828,0.898563,0.841828,37,25,26,30,0,0,0,0,591,449,422,288
2026/01/19/15:24:51,4119.505877,0.898563,0.841828,0.898563,0.841828,37,25,26,30,0,0,0,0,591,449,422,288
2026/01/19/15:24:52,4120.505988,0.898563,0.841828,0.898563,0.841828,37,25,26,30,0,0,0,0,591,449,422,288
2026/01/19/15:24:53,4121.506110,0.905438,0.848113,0.922375,0.857351,37,27,26,30,0,0,0,1,591,449,422,288
2026/01/19/15:24:54,4122.506181,0.905438,0.848113,0.922375,0.857351,37,27,26,30,0,0,0,1,591,449,422,288
2026/01/19/15:24:55,4123.506336,0.905438,0.848113,0.905438,0.848113,37,27,26,30,0,0,0,0,591,449,422,288
2026/01/19/15:24:56,4124.506516,0.895938,0.838713,0.895938,0.838713,37,27,26,28,0,0,0,0,591,449,422,290
2026/01/19/15:24:57,4125.506632,0.895938,0.838713,0.895938,0.838713,37,27,26,28,0,0,0,0,591,449,422,290
2026/01/19/15:24:58,4126.506708,0.916312,0.873489,0.958187,0.884211,38,27,29,28,2,0,0,0,591,449,422,290
2026/01/19/15:24:59,4127.506792,0.909438,0.867203,0.996125,0.926826,38,25,29,28,4,0,0,3,591,451,422,290
2026/01/19/15:25:00,4128.506881,0.906750,0.869635,0.989500,0.919490,38,23,29,29,4,0,0,2,591,453,422,290
2026/01/19/15:25:01,4129.506992,0.900438,0.866084,0.983187,0.915938,37,23,29,29,4,0,0,2,592,453,422,290
2026/01/19/15:25:02,4130.507102,0.900438,0.866084,0.983187,0.915938,37,23,29,29,4,0,0,2,592,453,422,290
2026/01/19/15:25:03,4131.507193,0.906062,0.873570,1.000500,0.944181,38,23,29,29,6,0,0,2,592,453,422,290
2026/01/19/15:25:04,4132.507290,0.923188,0.895964,0.984625,0.946981,42,25,29,28,4,0,0,2,592,453,422,291
2026/01/19/15:25:05,4133.507397,0.928687,0.899606,1.000063,0.960608,42,25,29,29,4,0,3,2,592,453,422,291
2026/01/19/15:25:06,4134.507458,0.929250,0.898938,0.984625,0.936685,39,25,32,29,3,0,0,2,595,453,422,291
2026/01/19/15:25:07,4135.507564,0.927375,0.898341,0.973187,0.918832,37,25,32,30,2,0,0,1,598,453,422,291
2026/01/19/15:25:08,4136.507653,0.926438,0.899912,1.012312,0.940991,36,25,32,31,2,0,3,3,599,453,422,291
2026/01/19/15:25:09,4137.507806,0.933875,0.903805,1.082437,0.990759,36,25,32,32,4,3,5,3,599,453,422,291
2026/01/19/15:25:10,4138.507962,0.948438,0.898138,1.097813,1.032834,35,25,32,33,5,6,4,2,601,453,425,291
2026/01/19/15:25:11,4139.508127,0.946438,0.900208,1.092563,1.029562,34,25,32,34,5,6,4,1,602,453,425,291
2026/01/19/15:25:12,4140.508286,0.946438,0.900208,1.056125,1.006577,34,25,32,34,4,6,3,1,602,453,425,291
2026/01/19/15:25:13,4141.508435,0.943250,0.898612,1.039250,0.973105,34,24,32,34,4,2,3,1,602,455,425,291
2026/01/19/15:25:14,4142.508543,0.947000,0.898019,0.989938,0.958489,34,24,33,33,2,2,2,1,602,455,425,292
2026/01/19/15:25:15,4143.508637,0.937250,0.881991,0.980187,0.942461,34,24,33,30,2,2,2,1,602,455,425,295
2026/01/19/15:25:16,4144.508742,0.937250,0.881991,0.980187,0.942461,34,24,33,30,2,2,2,1,602,455,425,295
2026/01/19/15:25:17,4145.508841,0.935438,0.887058,0.974437,0.937759,33,24,33,31,2,2,2,0,603,455,425,295
2026/01/19/15:25:18,4146.508950,0.935438,0.887058,0.966063,0.919705,33,24,33,31,0,2,2,0,603,455,425,295
2026/01/19/15:25:19,4147.509079,0.935438,0.887058,0.966063,0.919705,33,24,33,31,0,2,2,0,603,455,425,295
2026/01/19/15:25:20,4148.509182,0.935438,0.887058,1.013313,0.931194,33,24,33,31,0,2,5,0,603,455,425,295
2026/01/19/15:25:21,4149.509281,0.935438,0.887058,1.083937,0.947224,33,24,33,31,2,3,5,0,603,455,425,295
2026/01/19/15:25:22,4150.509377,0.935438,0.887058,1.083937,0.947224,33,24,33,31,2,3,5,0,603,455,425,295
2026/01/19/15:25:23,4151.509531,0.930562,0.882985,1.031813,0.931662,33,24,32,31,2,3,2,0,603,455,426,295
2026/01/19/15:25:24,4152.509620,0.930562,0.882985,0.983313,0.925211,33,24,32,31,0,3,2,0,603,455,426,295
2026/01/19/15:25:25,4153.509712,0.943250,0.888459,1.031688,1.002978,34,24,32,31,0,5,4,0,603,455,426,295
2026/01/19/15:25:26,4154.509807,0.946812,0.892649,1.042188,1.018514,34,25,32,31,2,4,4,0,603,455,426,295
2026/01/19/15:25:27,4155.509953,0.946812,0.892649,1.042188,1.018514,34,25,32,31,2,4,4,0,603,455,426,295
2026/01/19/15:25:28,4156.510074,0.946812,0.892649,1.042188,1.018514,34,25,32,31,2,4,4,0,603,455,426,295
2026/01/19/15:25:29,4157.510174,0.956500,0.903861,1.084938,1.049357,34,25,34,31,3,4,3,3,603,455,426,295
2026/01/19/15:25:30,4158.510279,0.949438,0.903813,1.090500,1.024601,33,25,35,31,5,3,2,3,604,455,426,295
2026/01/19/15:25:31,4159.510369,0.949438,0.903813,1.089813,1.064213,33,25,35,31,4,3,2,5,604,455,426,295
2026/01/19/15:25:32,4160.510493,0.949438,0.903813,1.089813,1.064213,33,25,35,31,4,3,2,5,604,455,426,295
2026/01/19/15:25:33,4161.510630,0.949438,0.903813,1.083438,1.013950,33,25,35,31,4,3,2,3,604,455,426,295
2026/01/19/15:25:34,4162.510695,0.953875,0.907109,1.239000,1.075467,33,26,35,31,7,5,5,3,604,455,426,295
2026/01/19/15:25:35,4163.510834,0.953875,0.907109,1.281625,1.097383,33,26,35,31,10,7,5,3,604,455,426,295
2026/01/19/15:25:36,4164.510939,0.949438,0.903813,1.260312,1.083734,33,25,35,31,7,7,5,3,604,456,426,295
2026/01/19/15:25:37,4165.511018,0.949438,0.903813,1.260312,1.083734,33,25,35,31,7,7,5,3,604,456,426,295
2026/01/19/15:25:38,4166.511123,0.949438,0.903813,1.130313,1.025696,33,25,35,31,4,5,2,3,604,456,426,295
2026/01/19/15:25:39,4167.511281,0.945375,0.898028,1.126250,1.019911,33,25,34,31,4,5,2,3,604,456,427,295
2026/01/19/15:25:40,4168.511430,0.934125,0.887175,1.111312,0.999377,33,25,32,31,4,5,1,3,604,456,429,295
2026/01/19/15:25:41,4169.511545,0.934125,0.887175,1.111312,0.999377,33,25,32,31,4,5,1,3,604,456,429,295
2026/01/19/15:25:42,4170.511642,0.934125,0.887175,1.042812,0.967184,33,25,32,31,4,3,1,1,604,456,429,295
2026/01/19/15:25:43,4171.511729,0.934125,0.887175,1.042812,0.967184,33,25,32,31,4,3,1,1,604,456,429,295
2026/01/19/15:25:44,4172.511847,0.934125,0.887175,1.042812,0.967184,33,25,32,31,4,3,1,1,604,456,429,295
2026/01/19/15:25:45,4173.511958,0.942750,0.886607,1.021062,0.946986,33,26,32,31,3,2,1,0,605,456,429,295
2026/01/19/15:25:46,4174.512060,0.942750,0.886607,1.021062,0.946986,33,26,32,31,3,2,1,0,605,456,429,295
2026/01/19/15:25:47,4175.512214,0.942750,0.886607,1.021062,0.946986,33,26,32,31,3,2,1,0,605,456,429,295
2026/01/19/15:25:48,4176.512320,0.942750,0.886607,1.021062,0.946986,33,26,32,31,3,2,1,0,605,456,429,295
2026/01/19/15:25:49,4177.512412,0.942750,0.886607,1.021062,0.946986,33,26,32,31,3,2,1,0,605,456,429,295
2026/01/19/15:25:50,4178.512488,0.942750,0.886607,1.021062,0.946986,33,26,32,31,3,2,1,0,605,456,429,295
2026/01/19/15:25:51,4179.512641,0.942750,0.886607,1.021062,0.946986,33,26,32,31,3,2,1,0,605,456,429,295
2026/01/19/15:25:52,4180.512751,0.942750,0.886607,1.021062,0.946986,33,26,32,31,3,2,1,0,605,456,429,295
2026/01/19/15:25:53,4181.512834,0.950750,0.889856,1.035438,0.987295,33,26,32,32,3,4,1,0,605,456,429,295
2026/01/19/15:25:54,4182.512933,0.950750,0.889856,1.035438,0.987295,33,26,32,32,3,4,1,0,605,456,429,295
2026/01/19/15:25:55,4183.513046,0.950750,0.889856,1.070125,1.050900,33,26,32,32,4,4,1,6,605,456,429,295
2026/01/19/15:25:56,4184.513203,0.947750,0.891520,1.055750,1.010591,33,26,32,32,4,2,1,5,605,456,429,296
2026/01/19/15:25:57,4185.513277,0.947750,0.891520,1.052500,0.996276,33,26,32,32,4,2,1,4,605,456,429,296
2026/01/19/15:25:58,4186.513392,0.942750,0.886607,1.042500,0.986451,33,26,32,31,4,2,1,3,605,456,429,297
2026/01/19/15:25:59,4187.513474,0.942750,0.886607,1.042500,0.986451,33,26,32,31,4,2,1,3,605,456,429,297
2026/01/19/15:26:00,4188.513652,0.942750,0.886607,1.042500,0.986451,33,26,32,31,4,2,1,3,605,456,429,297
2026/01/19/15:26:01,4189.513748,0.942750,0.886607,1.042500,0.986451,33,26,32,31,4,2,1,3,605,456,429,297
2026/01/19/15:26:02,4190.513839,0.944250,0.889802,1.037000,0.982809,34,26,32,30,3,2,1,3,605,456,429,298
2026/01/19/15:26:03,4191.513914,0.944250,0.889802,1.037000,0.982809,34,26,32,30,3,2,1,3,605,456,429,298
2026/01/19/15:26:04,4192.513996,0.942000,0.914330,1.021562,0.976636,33,27,32,32,3,1,1,1,606,456,429,298
2026/01/19/15:26:05,4193.514137,0.942000,0.914330,1.021562,0.976636,33,27,32,32,3,1,1,1,606,456,429,298
2026/01/19/15:26:06,4194.514277,0.942000,0.914330,1.021562,0.976636,33,27,32,32,3,1,1,1,606,456,429,298
2026/01/19/15:26:07,4195.514439,0.942000,0.914330,1.021562,0.976636,33,27,32,32,3,1,1,1,606,456,429,298
2026/01/19/15:26:08,4196.514535,0.942000,0.914330,1.021562,0.976636,33,27,32,32,3,1,1,1,606,456,429,298
2026/01/19/15:26:09,4197.514610,0.942000,0.914330,1.021562,0.976636,33,27,32,32,3,1,1,1,606,456,429,298
2026/01/19/15:26:10,4198.514683,0.942000,0.914330,1.021562,0.976636,33,27,32,32,3,1,1,1,606,456,429,298
2026/01/19/15:26:11,4199.514817,0.936125,0.898360,1.010875,0.949789,33,24,32,33,3,1,1,0,606,459,429,298
2026/01/19/15:26:12,4200.514885,0.936125,0.898360,1.010875,0.949789,33,24,32,33,3,1,1,0,606,459,429,298
2026/01/19/15:26:13,4201.515018,0.936125,0.898360,1.010875,0.949789,33,24,32,33,3,1,1,0,606,459,429,298
2026/01/19/15:26:14,4202.515133,0.932000,0.881139,0.996437,0.917161,34,24,32,30,2,1,1,0,606,459,429,301
2026/01/19/15:26:15,4203.515244,0.932000,0.881139,0.996437,0.917161,34,24,32,30,2,1,1,0,606,459,429,301
2026/01/19/15:26:16,4204.515338,0.928250,0.865323,0.982375,0.885937,35,24,29,30,1,1,1,0,606,459,432,301
2026/01/19/15:26:17,4205.515426,0.928250,0.865323,0.982375,0.885937,35,24,29,30,1,1,1,0,606,459,432,301
2026/01/19/15:26:18,4206.515538,0.928250,0.865323,0.982375,0.885937,35,24,29,30,1,1,1,0,606,459,432,301
2026/01/19/15:26:19,4207.515623,0.928250,0.865323,0.982375,0.885937,35,24,29,30,1,1,1,0,606,459,432,301
2026/01/19/15:26:20,4208.515710,0.928250,0.865323,0.960250,0.876358,35,24,29,30,1,0,1,0,606,459,432,301
2026/01/19/15:26:21,4209.515816,0.928250,0.865323,0.960250,0.876358,35,24,29,30,1,0,1,0,606,459,432,301
2026/01/19/15:26:22,4210.515899,0.928250,0.865323,0.960250,0.876358,35,24,29,30,1,0,1,0,606,459,432,301
2026/01/19/15:26:23,4211.516006,0.906875,0.861387,0.926687,0.866456,36,24,26,30,0,0,1,0,606,459,435,301
2026/01/19/15:26:24,4212.516096,0.906875,0.861387,0.926687,0.866456,36,24,26,30,0,0,1,0,606,459,435,301
2026/01/19/15:26:25,4213.516181,0.906875,0.861387,0.926687,0.866456,36,24,26,30,0,0,1,0,606,459,435,301
2026/01/19/15:26:26,4214.516263,0.906875,0.861387,0.926687,0.866456,36,24,26,30,0,0,1,0,606,459,435,301
2026/01/19/15:26:27,4215.516363,0.906875,0.861387,0.926687,0.866456,36,24,26,30,0,0,1,0,606,459,435,301
2026/01/19/15:26:28,4216.516445,0.906875,0.861387,0.926687,0.866456,36,24,26,30,0,0,1,0,606,459,435,301
2026/01/19/15:26:29,4217.516539,0.906875,0.861387,0.926687,0.866456,36,24,26,30,0,0,1,0,606,459,435,301
2026/01/19/15:26:30,4218.516655,0.906875,0.861387,0.926687,0.866456,36,24,26,30,0,0,1,0,606,459,435,301
2026/01/19/15:26:31,4219.516726,0.906875,0.861387,0.926687,0.866456,36,24,26,30,0,0,1,0,606,459,435,301
2026/01/19/15:26:32,4220.516841,0.906875,0.861387,0.926687,0.866456,36,24,26,30,0,0,1,0,606,459,435,301
2026/01/19/15:26:33,4221.516943,0.926687,0.866456,0.926687,0.866456,36,24,27,30,0,0,0,0,607,459,435,301
2026/01/19/15:26:34,4222.517008,0.926687,0.866456,0.926687,0.866456,36,24,27,30,0,0,0,0,607,459,435,301
2026/01/19/15:26:35,4223.517131,0.926687,0.866456,0.926687,0.866456,36,24,27,30,0,0,0,0,607,459,435,301
2026/01/19/15:26:36,4224.517234,0.921687,0.862191,0.921687,0.862191,35,24,27,30,0,0,0,0,608,459,435,301
2026/01/19/15:26:37,4225.517310,0.921687,0.862191,0.921687,0.862191,35,24,27,30,0,0,0,0,608,459,435,301
2026/01/19/15:26:38,4226.517392,0.921687,0.862191,0.921687,0.862191,35,24,27,30,0,0,0,0,608,459,435,301
2026/01/19/15:26:39,4227.517531,0.921687,0.862191,0.921687,0.862191,35,24,27,30,0,0,0,0,608,459,435,301
2026/01/19/15:26:40,4228.517643,0.921687,0.862191,0.921687,0.862191,35,24,27,30,0,0,0,0,608,459,435,301
2026/01/19/15:26:41,4229.517728,0.921687,0.862191,0.921687,0.862191,35,24,27,30,0,0,0,0,608,459,435,301
2026/01/19/15:26:42,4230.517835,0.921687,0.862191,0.921687,0.862191,35,24,27,30,0,0,0,0,608,459,435,301
2026/01/19/15:26:43,4231.517919,0.921687,0.862191,0.921687,0.862191,35,24,27,30,0,0,0,0,608,459,435,301
2026/01/19/15:26:44,4232.518006,0.921687,0.862191,0.921687,0.862191,35,24,27,30,0,0,0,0,608,459,435,301
2026/01/19/15:26:45,4233.518138,0.921687,0.862191,0.921687,0.862191,35,24,27,30,0,0,0,0,608,459,435,301
2026/01/19/15:26:46,4234.518217,0.921687,0.862191,0.921687,0.862191,35,24,27,30,0,0,0,0,608,459,435,301
2026/01/19/15:26:47,4235.518304,0.921687,0.862191,0.921687,0.862191,35,24,27,30,0,0,0,0,608,459,435,301
2026/01/19/15:26:48,4236.518389,0.921687,0.862191,0.921687,0.862191,35,24,27,30,0,0,0,0,608,459,435,301
2026/01/19/15:26:49,4237.518500,0.918125,0.858001,0.918125,0.858001,35,23,27,30,0,0,0,0,608,460,435,301
2026/01/19/15:26:50,4238.518606,0.931625,0.874731,0.931625,0.874731,35,26,27,30,0,0,0,0,608,460,435,301
2026/01/19/15:26:51,4239.518669,0.931625,0.874731,0.931625,0.874731,35,26,27,30,0,0,0,0,608,460,435,301
2026/01/19/15:26:52,4240.518744,0.931625,0.874731,0.931625,0.874731,35,26,27,30,0,0,0,0,608,460,435,301
2026/01/19/15:26:53,4241.518840,0.931625,0.874731,0.931625,0.874731,35,26,27,30,0,0,0,0,608,460,435,301
2026/01/19/15:26:54,4242.518917,0.897500,0.827185,0.897500,0.827185,33,23,27,30,0,0,0,0,610,463,435,301
2026/01/19/15:26:55,4243.519005,0.897500,0.827185,0.897500,0.827185,33,23,27,30,0,0,0,0,610,463,435,301
2026/01/19/15:26:56,4244.519114,0.897500,0.827185,0.897500,0.827185,33,23,27,30,0,0,0,0,610,463,435,301
2026/01/19/15:26:57,4245.519340,0.897500,0.827185,0.897500,0.827185,33,23,27,30,0,0,0,0,610,463,435,301
2026/01/19/15:26:58,4246.519368,0.897500,0.827185,0.897500,0.827185,33,23,27,30,0,0,0,0,610,463,435,301
2026/01/19/15:26:59,4247.519485,0.860500,0.798623,0.860500,0.798623,33,23,27,28,0,0,0,0,610,463,435,303
2026/01/19/15:27:00,4248.519631,0.860500,0.798623,0.860500,0.798623,33,23,27,28,0,0,0,0,610,463,435,303
2026/01/19/15:27:01,4249.519718,0.860500,0.798623,0.860500,0.798623,33,23,27,28,0,0,0,0,610,463,435,303
2026/01/19/15:27:02,4250.519821,0.860500,0.798623,0.860500,0.798623,33,23,27,28,0,0,0,0,610,463,435,303
2026/01/19/15:27:03,4251.519924,0.860500,0.798623,0.860500,0.798623,33,23,27,28,0,0,0,0,610,463,435,303
2026/01/19/15:27:04,4252.520001,0.860500,0.798623,0.860500,0.798623,33,23,27,28,0,0,0,0,610,463,435,303
2026/01/19/15:27:05,4253.520157,0.860500,0.798623,0.860500,0.798623,33,23,27,28,0,0,0,0,610,463,435,303
2026/01/19/15:27:06,4254.520264,0.860500,0.798623,0.860500,0.798623,33,23,27,28,0,0,0,0,610,463,435,303
2026/01/19/15:27:07,4255.520327,0.860500,0.798623,0.860500,0.798623,33,23,27,28,0,0,0,0,610,463,435,303
2026/01/19/15:27:08,4256.520432,0.860500,0.798623,0.860500,0.798623,33,23,27,28,0,0,0,0,610,463,435,303
2026/01/19/15:27:09,4257.520505,0.860500,0.798623,0.860500,0.798623,33,23,27,28,0,0,0,0,610,463,435,303
2026/01/19/15:27:10,4258.520582,0.860500,0.798623,0.860500,0.798623,33,23,27,28,0,0,0,0,610,463,435,303
2026/01/19/15:27:11,4259.520703,0.860500,0.798623,0.860500,0.798623,33,23,27,28,0,0,0,0,610,463,435,303
2026/01/19/15:27:12,4260.520770,0.860500,0.798623,0.860500,0.798623,33,23,27,28,0,0,0,0,610,463,435,303
2026/01/19/15:27:13,4261.520854,0.860500,0.798623,0.860500,0.798623,33,23,27,28,0,0,0,0,610,463,435,303
2026/01/19/15:27:14,4262.520954,0.860500,0.798623,0.860500,0.798623,33,23,27,28,0,0,0,0,610,463,435,303
2026/01/19/15:27:15,4263.521075,0.860500,0.798623,0.860500,0.798623,33,23,27,28,0,0,0,0,610,463,435,303
2026/01/19/15:27:16,4264.521144,0.884125,0.845234,0.903687,0.871637,33,23,28,29,0,0,1,0,610,463,435,303
2026/01/19/15:27:17,4265.521229,0.884125,0.845234,0.903687,0.871637,33,23,28,29,0,0,1,0,610,463,435,303
2026/01/19/15:27:18,4266.521314,0.860500,0.798623,0.860500,0.798623,33,23,27,28,0,0,0,0,610,463,436,304
2026/01/19/15:27:19,4267.521389,0.887062,0.822409,0.887062,0.822409,37,23,27,29,0,0,0,0,610,463,436,304
2026/01/19/15:27:20,4268.521481,0.887062,0.822409,0.976688,0.842142,37,23,27,29,3,0,0,0,610,463,436,304
2026/01/19/15:27:21,4269.521567,0.941375,0.905146,1.048250,0.951298,37,27,32,30,3,1,0,2,610,463,436,304
2026/01/19/15:27:22,4270.521616,0.937937,0.905344,0.944000,0.915533,34,28,32,31,0,0,0,1,613,463,436,304
2026/01/19/15:27:23,4271.521750,0.935750,0.907436,0.952313,0.935184,34,29,32,30,0,2,0,1,613,463,436,305
2026/01/19/15:27:24,4272.521826,0.902937,0.884581,0.902937,0.884581,34,31,27,28,0,0,0,0,613,463,441,307
2026/01/19/15:27:25,4273.521883,0.907500,0.890716,0.907500,0.890716,34,31,28,28,0,0,0,0,613,463,441,307
2026/01/19/15:27:26,4274.521991,0.891750,0.864377,0.891750,0.864377,34,28,28,28,0,0,0,0,613,466,441,307
2026/01/19/15:27:27,4275.522112,0.897750,0.867965,0.897750,0.867965,34,27,30,29,0,0,0,0,613,467,441,307
2026/01/19/15:27:28,4276.522260,0.888875,0.838451,0.888875,0.838451,34,25,30,29,0,0,0,0,613,469,441,307
2026/01/19/15:27:29,4277.522355,0.869375,0.799747,0.869375,0.799747,33,25,29,26,0,0,0,0,614,469,442,310
2026/01/19/15:27:30,4278.522448,0.869375,0.799747,0.869375,0.799747,33,25,29,26,0,0,0,0,614,469,442,310
2026/01/19/15:27:31,4279.522577,0.869375,0.799747,0.869375,0.799747,33,25,29,26,0,0,0,0,614,469,442,310
2026/01/19/15:27:32,4280.522688,0.858938,0.781402,0.858938,0.781402,33,25,27,25,0,0,0,0,614,469,444,311
2026/01/19/15:27:33,4281.522832,0.858938,0.781402,0.858938,0.781402,33,25,27,25,0,0,0,0,614,469,444,311
2026/01/19/15:27:34,4282.522930,0.858938,0.781402,0.858938,0.781402,33,25,27,25,0,0,0,0,614,469,444,311
2026/01/19/15:27:35,4283.523098,0.858938,0.781402,0.858938,0.781402,33,25,27,25,0,0,0,0,614,469,444,311
2026/01/19/15:27:36,4284.523196,0.858938,0.781402,0.858938,0.781402,33,25,27,25,0,0,0,0,614,469,444,311
2026/01/19/15:27:37,4285.523363,0.858938,0.781402,0.858938,0.781402,33,25,27,25,0,0,0,0,614,469,444,311
2026/01/19/15:27:38,4286.523461,0.858938,0.781402,0.858938,0.781402,33,25,27,25,0,0,0,0,614,469,444,311
2026/01/19/15:27:39,4287.523610,0.858938,0.781402,0.858938,0.781402,33,25,27,25,0,0,0,0,614,469,444,311
2026/01/19/15:27:40,4288.523762,0.858938,0.781402,0.858938,0.781402,33,25,27,25,0,0,0,0,614,469,444,311
2026/01/19/15:27:41,4289.523846,0.858938,0.781402,0.858938,0.781402,33,25,27,25,0,0,0,0,614,469,444,311
2026/01/19/15:27:42,4290.523932,0.858938,0.781402,0.858938,0.781402,33,25,27,25,0,0,0,0,614,469,444,311
2026/01/19/15:27:43,4291.524111,0.858938,0.781402,0.858938,0.781402,33,25,27,25,0,0,0,0,614,469,444,311
2026/01/19/15:27:44,4292.524266,0.858938,0.781402,0.858938,0.781402,33,25,27,25,0,0,0,0,614,469,444,311
2026/01/19/15:27:45,4293.524368,0.858938,0.781402,0.858938,0.781402,33,25,27,25,0,0,0,0,614,469,444,311
2026/01/19/15:27:46,4294.524463,0.858938,0.781402,0.858938,0.781402,33,25,27,25,0,0,0,0,614,469,444,311
2026/01/19/15:27:47,4295.524557,0.858938,0.781402,0.858938,0.781402,33,25,27,25,0,0,0,0,614,469,444,311
2026/01/19/15:27:48,4296.524631,0.858938,0.781402,0.858938,0.781402,33,25,27,25,0,0,0,0,614,469,444,311
2026/01/19/15:27:49,4297.524719,0.858938,0.781402,0.858938,0.781402,33,25,27,25,0,0,0,0,614,469,444,311
2026/01/19/15:27:50,4298.524820,0.858938,0.781402,0.858938,0.781402,33,25,27,25,0,0,0,0,614,469,444,311
2026/01/19/15:27:51,4299.524913,0.858938,0.781402,0.858938,0.781402,33,25,27,25,0,0,0,0,614,469,444,311
2026/01/19/15:27:52,4300.525012,0.858938,0.781402,0.858938,0.781402,33,25,27,25,0,0,0,0,614,469,444,311
2026/01/19/15:27:53,4301.525090,0.858938,0.781402,0.858938,0.781402,33,25,27,25,0,0,0,0,614,469,444,311
2026/01/19/15:27:54,4302.525273,0.858938,0.781402,0.858938,0.781402,33,25,27,25,0,0,0,0,614,469,444,311
2026/01/19/15:27:55,4303.525339,0.858938,0.781402,0.858938,0.781402,33,25,27,25,0,0,0,0,614,469,444,311
2026/01/19/15:27:56,4304.525448,0.858938,0.781402,0.858938,0.781402,33,25,27,25,0,0,0,0,614,469,444,311
2026/01/19/15:27:57,4305.525523,0.893062,0.832297,0.893062,0.832297,37,26,30,25,0,0,0,0,614,469,444,311
2026/01/19/15:27:58,4306.525656,0.927562,0.861931,0.990187,0.941286,39,26,31,26,2,0,1,2,614,469,444,311
2026/01/19/15:27:59,4307.525736,0.939063,0.850426,1.039250,0.989787,38,26,33,26,4,1,1,2,617,469,444,311
2026/01/19/15:28:00,4308.525871,0.939063,0.850426,1.039250,0.989787,38,26,33,26,4,1,1,2,617,469,444,311
2026/01/19/15:28:01,4309.525952,0.939063,0.850426,1.025125,0.927872,38,26,33,26,2,1,1,2,617,469,444,311
2026/01/19/15:28:02,4310.526132,0.934688,0.843861,1.011187,0.906673,39,26,30,26,2,0,2,2,619,469,447,311
2026/01/19/15:28:03,4311.526205,0.957688,0.865054,1.047063,0.940789,42,26,31,26,4,0,2,2,619,469,447,311
2026/01/19/15:28:04,4312.526294,0.955438,0.868562,1.031937,0.931374,42,26,31,26,2,0,2,2,621,469,447,311
2026/01/19/15:28:05,4313.526363,0.966500,0.880891,1.168500,0.984692,41,29,31,26,2,2,6,2,622,469,447,311
2026/01/19/15:28:06,4314.526500,0.961313,0.875598,1.163312,0.979399,41,28,31,26,2,2,6,2,622,470,447,311
2026/01/19/15:28:07,4315.526591,0.925687,0.838625,1.069750,0.919846,38,24,32,25,2,1,5,0,625,475,447,312
2026/01/19/15:28:08,4316.526669,0.925687,0.838625,1.069750,0.919846,38,24,32,25,2,1,5,0,625,475,447,312
2026/01/19/15:28:09,4317.526751,0.925687,0.838625,1.069750,0.919846,38,24,32,25,2,1,5,0,625,475,447,312
2026/01/19/15:28:10,4318.526834,0.925250,0.846132,1.059500,0.914534,38,23,33,25,2,1,4,0,625,476,447,312
2026/01/19/15:28:11,4319.526988,0.925250,0.846132,1.059500,0.914534,38,23,33,25,2,1,4,0,625,476,447,312
2026/01/19/15:28:12,4320.527126,0.925250,0.846132,0.966688,0.902722,38,23,33,25,2,1,1,0,625,476,447,312
2026/01/19/15:28:13,4321.527254,0.925250,0.846132,0.966688,0.902722,38,23,33,25,2,1,1,0,625,476,447,312
2026/01/19/15:28:14,4322.527348,0.925250,0.846132,0.953063,0.897002,38,23,33,25,2,1,0,0,625,476,447,312
2026/01/19/15:28:15,4323.527474,0.921625,0.840341,0.949438,0.891211,37,23,33,25,2,1,0,0,626,476,447,312
2026/01/19/15:28:16,4324.527560,0.921625,0.840341,0.949438,0.891211,37,23,33,25,2,1,0,0,626,476,447,312
2026/01/19/15:28:17,4325.527711,0.921625,0.840341,0.949438,0.891211,37,23,33,25,2,1,0,0,626,476,447,312
2026/01/19/15:28:18,4326.527808,0.927438,0.846872,0.935312,0.875174,36,24,33,25,1,0,0,0,628,476,447,312
2026/01/19/15:28:19,4327.527880,0.917813,0.828555,0.925687,0.856857,36,23,33,25,1,0,0,0,628,477,447,312
2026/01/19/15:28:20,4328.527974,0.925562,0.844525,0.948937,0.904765,36,24,33,25,1,2,0,0,628,477,447,312
2026/01/19/15:28:21,4329.528043,0.930125,0.847887,0.968437,0.911475,37,24,33,25,1,2,0,1,628,477,447,312
2026/01/19/15:28:22,4330.528109,0.930125,0.847887,0.968437,0.911475,37,24,33,25,1,2,0,1,628,477,447,312
2026/01/19/15:28:23,4331.528245,0.930125,0.847887,0.968437,0.911475,37,24,33,25,1,2,0,1,628,477,447,312
2026/01/19/15:28:24,4332.528339,0.935250,0.838416,0.958625,0.898657,37,24,32,26,1,2,0,0,628,477,448,312
2026/01/19/15:28:25,4333.528404,0.935250,0.838416,0.958625,0.898657,37,24,32,26,1,2,0,0,628,477,448,312
2026/01/19/15:28:26,4334.528483,0.935250,0.838416,0.958625,0.898657,37,24,32,26,1,2,0,0,628,477,448,312
2026/01/19/15:28:27,4335.528561,0.935250,0.838416,0.958625,0.898657,37,24,32,26,1,2,0,0,628,477,448,312
2026/01/19/15:28:28,4336.528702,0.935250,0.838416,0.958625,0.898657,37,24,32,26,1,2,0,0,628,477,448,312
2026/01/19/15:28:29,4337.528841,0.935250,0.838416,0.958625,0.898657,37,24,32,26,1,2,0,0,628,477,448,312
2026/01/19/15:28:30,4338.528982,0.932750,0.842300,0.948375,0.886571,37,23,32,26,1,1,0,0,628,479,448,312
2026/01/19/15:28:31,4339.529076,0.927687,0.852722,0.935562,0.881024,37,24,31,26,1,0,0,0,628,479,449,312
2026/01/19/15:28:32,4340.529111,0.927687,0.852722,0.935562,0.881024,37,24,31,26,1,0,0,0,628,479,449,312
2026/01/19/15:28:33,4341.529269,0.927687,0.852722,0.935562,0.881024,37,24,31,26,1,0,0,0,628,479,449,312
2026/01/19/15:28:34,4342.529342,0.912750,0.849374,0.920625,0.877676,37,24,31,25,1,0,0,0,628,479,449,313
2026/01/19/15:28:35,4343.529441,0.887563,0.837510,0.895437,0.865812,34,24,31,25,1,0,0,0,631,479,449,313
2026/01/19/15:28:36,4344.529577,0.887563,0.837510,0.895437,0.865812,34,24,31,25,1,0,0,0,631,479,449,313
2026/01/19/15:28:37,4345.529648,0.887563,0.837510,0.895437,0.865812,34,24,31,25,1,0,0,0,631,479,449,313
2026/01/19/15:28:38,4346.529742,0.887563,0.837510,0.895437,0.865812,34,24,31,25,1,0,0,0,631,479,449,313
2026/01/19/15:28:39,4347.529822,0.872188,0.817904,0.872188,0.817904,35,21,31,25,0,0,0,0,631,482,449,313
2026/01/19/15:28:40,4348.529866,0.856437,0.801566,0.856437,0.801566,35,21,28,25,0,0,0,0,631,482,452,313
2026/01/19/15:28:41,4349.529971,0.856437,0.801566,0.856437,0.801566,35,21,28,25,0,0,0,0,632,482,452,313
2026/01/19/15:28:42,4350.530087,0.856437,0.801566,0.856437,0.801566,35,21,28,25,0,0,0,0,632,482,452,313
2026/01/19/15:28:43,4351.530106,0.856437,0.801566,0.856437,0.801566,35,21,28,25,0,0,0,0,632,482,452,313
2026/01/19/15:28:44,4352.530192,0.852875,0.793525,0.852875,0.793525,35,21,27,25,0,0,0,0,632,482,453,313
2026/01/19/15:28:45,4353.530271,0.852875,0.793525,0.852875,0.793525,35,21,27,25,0,0,0,0,632,482,453,313
2026/01/19/15:28:46,4354.530415,0.852875,0.793525,0.852875,0.793525,35,21,27,25,0,0,0,0,632,482,453,313
2026/01/19/15:28:47,4355.530496,0.852875,0.793525,0.852875,0.793525,35,21,27,25,0,0,0,0,632,482,453,313
2026/01/19/15:28:48,4356.530559,0.852875,0.793525,0.852875,0.793525,35,21,27,25,0,0,0,0,632,482,453,313
2026/01/19/15:28:49,4357.530694,0.852875,0.793525,0.852875,0.793525,35,21,27,25,0,0,0,0,632,482,453,313
2026/01/19/15:28:50,4358.530839,0.842625,0.785119,0.842625,0.785119,35,21,25,25,0,0,0,0,632,482,455,313
2026/01/19/15:28:51,4359.530924,0.842625,0.785119,0.842625,0.785119,35,21,25,25,0,0,0,0,632,482,455,313
2026/01/19/15:28:52,4360.531008,0.842625,0.785119,0.842625,0.785119,35,21,25,25,0,0,0,0,632,482,455,313
2026/01/19/15:28:53,4361.531138,0.842625,0.785119,0.842625,0.785119,35,21,25,25,0,0,0,0,632,482,455,313
2026/01/19/15:28:54,4362.531231,0.842625,0.785119,0.842625,0.785119,35,21,25,25,0,0,0,0,632,482,455,313
2026/01/19/15:28:55,4363.531310,0.842625,0.785119,0.842625,0.785119,35,21,25,25,0,0,0,0,632,482,455,313
2026/01/19/15:28:56,4364.531389,0.831937,0.743799,0.831937,0.743799,35,21,22,25,0,0,0,0,632,482,458,313
2026/01/19/15:28:57,4365.531477,0.825438,0.732731,0.825438,0.732731,34,21,22,25,0,0,0,0,633,482,458,313
2026/01/19/15:28:58,4366.531551,0.821125,0.729365,0.821125,0.729365,34,21,21,25,0,0,0,0,633,482,459,313
2026/01/19/15:28:59,4367.531643,0.821125,0.729365,0.821125,0.729365,34,21,21,25,0,0,0,0,633,482,459,313
2026/01/19/15:29:00,4368.531804,0.821125,0.729365,0.821125,0.729365,34,21,21,25,0,0,0,0,633,482,459,313
2026/01/19/15:29:01,4369.531889,0.821125,0.729365,0.821125,0.729365,34,21,21,25,0,0,0,0,633,482,459,313
2026/01/19/15:29:02,4370.531990,0.821125,0.729365,0.821125,0.729365,34,21,21,25,0,0,0,0,633,482,459,313
2026/01/19/15:29:03,4371.532097,0.821125,0.729365,0.821125,0.729365,34,21,21,25,0,0,0,0,633,482,459,313
2026/01/19/15:29:04,4372.532186,0.821125,0.729365,0.821125,0.729365,34,21,21,25,0,0,0,0,633,482,459,313
2026/01/19/15:29:05,4373.532256,0.862437,0.777699,0.862437,0.777699,37,23,22,25,0,0,0,0,633,482,459,313
2026/01/19/15:29:06,4374.532363,0.862437,0.777699,0.862437,0.777699,37,23,22,25,0,0,0,0,633,482,459,313
2026/01/19/15:29:07,4375.532434,0.862437,0.777699,0.862437,0.777699,37,23,22,25,0,0,0,0,633,482,459,313
2026/01/19/15:29:08,4376.532645,0.862437,0.777699,0.862437,0.777699,37,23,22,25,0,0,0,0,633,482,459,313
2026/01/19/15:29:09,4377.532747,0.862437,0.777699,0.862437,0.777699,37,23,22,25,0,0,0,0,633,482,459,313
2026/01/19/15:29:10,4378.532831,0.862437,0.777699,0.862437,0.777699,37,23,22,25,0,0,0,0,633,482,459,313
2026/01/19/15:29:11,4379.532946,0.862437,0.777699,0.862437,0.777699,37,23,22,25,0,0,0,0,633,482,459,313
2026/01/19/15:29:12,4380.533075,0.843187,0.769396,0.843187,0.769396,35,23,22,25,0,0,0,0,635,482,459,313
2026/01/19/15:29:13,4381.533173,0.826562,0.759111,0.826562,0.759111,35,21,21,25,0,0,0,0,635,484,460,313
2026/01/19/15:29:14,4382.533243,0.858437,0.771779,0.876625,0.776886,35,22,21,26,0,1,0,0,635,484,460,313
2026/01/19/15:29:15,4383.533373,0.865500,0.781247,0.883687,0.786354,35,22,21,27,0,1,0,0,635,484,460,313
2026/01/19/15:29:16,4384.533470,0.885188,0.830913,0.918250,0.852750,35,25,21,27,0,1,0,1,635,484,460,313
2026/01/19/15:29:17,4385.533543,0.867000,0.825807,0.881875,0.842536,35,24,21,27,0,0,0,1,635,485,460,313
2026/01/19/15:29:18,4386.533633,0.847313,0.776140,0.862187,0.792870,35,21,21,27,0,0,0,1,635,488,460,313
2026/01/19/15:29:19,4387.533744,0.847313,0.776140,0.862187,0.792870,35,21,21,27,0,0,0,1,635,488,460,313
2026/01/19/15:29:20,4388.533820,0.833625,0.768579,0.833625,0.768579,35,21,21,26,0,0,0,0,635,488,460,314
2026/01/19/15:29:21,4389.533986,0.833625,0.768579,0.833625,0.768579,35,21,21,26,0,0,0,0,635,488,460,314
2026/01/19/15:29:22,4390.534092,0.809250,0.756647,0.809250,0.756647,33,21,21,26,0,0,0,0,637,488,460,314
2026/01/19/15:29:23,4391.534151,0.809250,0.756647,0.809250,0.756647,33,21,21,26,0,0,0,0,637,488,460,314
2026/01/19/15:29:24,4392.534296,0.809250,0.756647,0.809250,0.756647,33,21,21,26,0,0,0,0,637,488,460,314
2026/01/19/15:29:25,4393.534374,0.809250,0.756647,0.809250,0.756647,33,21,21,26,0,0,0,0,637,488,460,314
2026/01/19/15:29:26,4394.534509,0.809250,0.756647,0.809250,0.756647,33,21,21,26,0,0,0,0,637,488,460,314
2026/01/19/15:29:27,4395.534604,0.809250,0.756647,0.809250,0.756647,33,21,21,26,0,0,0,0,637,488,460,314
2026/01/19/15:29:28,4396.534690,0.809250,0.756647,0.809250,0.756647,33,21,21,26,0,0,0,0,637,488,460,314
2026/01/19/15:29:29,4397.534832,0.809250,0.756647,0.809250,0.756647,33,21,21,26,0,0,0,0,637,488,460,314
2026/01/19/15:29:30,4398.534881,0.809250,0.756647,0.809250,0.756647,33,21,21,26,0,0,0,0,637,488,460,314
2026/01/19/15:29:31,4399.535023,0.809250,0.756647,0.809250,0.756647,33,21,21,26,0,0,0,0,637,488,460,314
2026/01/19/15:29:32,4400.535109,0.809250,0.756647,0.809250,0.756647,33,21,21,26,0,0,0,0,637,488,460,314
2026/01/19/15:29:33,4401.535191,0.809250,0.756647,0.809250,0.756647,33,21,21,26,0,0,0,0,637,488,460,314
2026/01/19/15:29:34,4402.535271,0.809250,0.756647,0.809250,0.756647,33,21,21,26,0,0,0,0,637,488,460,314
2026/01/19/15:29:35,4403.535357,0.809250,0.756647,0.809250,0.756647,33,21,21,26,0,0,0,0,637,488,460,314
2026/01/19/15:29:36,4404.535433,0.802188,0.747179,0.802188,0.747179,33,21,21,25,0,0,0,0,637,488,460,315
2026/01/19/15:29:37,4405.535518,0.802188,0.747179,0.802188,0.747179,33,21,21,25,0,0,0,0,637,488,460,315
2026/01/19/15:29:38,4406.535654,0.802188,0.747179,0.802188,0.747179,33,21,21,25,0,0,0,0,637,488,460,315
2026/01/19/15:29:39,4407.535722,0.802188,0.747179,0.802188,0.747179,33,21,21,25,0,0,0,0,637,488,460,315
2026/01/19/15:29:40,4408.535818,0.802188,0.747179,0.802188,0.747179,33,21,21,25,0,0,0,0,637,488,460,315
2026/01/19/15:29:41,4409.535899,0.802188,0.747179,0.802188,0.747179,33,21,21,25,0,0,0,0,637,488,460,315
2026/01/19/15:29:42,4410.536034,0.802188,0.747179,0.802188,0.747179,33,21,21,25,0,0,0,0,637,488,460,315
2026/01/19/15:29:43,4411.536173,0.802188,0.747179,0.802188,0.747179,33,21,21,25,0,0,0,0,637,488,460,315
2026/01/19/15:29:44,4412.536245,0.802188,0.747179,0.802188,0.747179,33,21,21,25,0,0,0,0,637,488,460,315
2026/01/19/15:29:45,4413.536358,0.802188,0.747179,0.802188,0.747179,33,21,21,25,0,0,0,0,637,488,460,315
2026/01/19/15:29:46,4414.536422,0.802188,0.747179,0.802188,0.747179,33,21,21,25,0,0,0,0,637,488,460,315
2026/01/19/15:29:47,4415.536525,0.802188,0.747179,0.802188,0.747179,33,21,21,25,0,0,0,0,637,488,460,315
2026/01/19/15:29:48,4416.536692,0.802188,0.747179,0.802188,0.747179,33,21,21,25,0,0,0,0,637,488,460,315
2026/01/19/15:29:49,4417.536782,0.802188,0.747179,0.802188,0.747179,33,21,21,25,0,0,0,0,637,488,460,315
2026/01/19/15:29:50,4418.536875,0.802188,0.747179,0.802188,0.747179,33,21,21,25,0,0,0,0,637,488,460,315
2026/01/19/15:29:51,4419.536977,0.802188,0.747179,0.802188,0.747179,33,21,21,25,0,0,0,0,637,488,460,315
2026/01/19/15:29:52,4420.537063,0.802188,0.747179,0.802188,0.747179,33,21,21,25,0,0,0,0,637,488,460,315
2026/01/19/15:29:53,4421.537139,0.802188,0.747179,0.802188,0.747179,33,21,21,25,0,0,0,0,637,488,460,315
2026/01/19/15:29:54,4422.537245,0.802188,0.747179,0.802188,0.747179,33,21,21,25,0,0,0,0,637,488,460,315
2026/01/19/15:29:55,4423.537313,0.802188,0.747179,0.802188,0.747179,33,21,21,25,0,0,0,0,637,488,460,315
2026/01/19/15:29:56,4424.537449,0.802188,0.747179,0.802188,0.747179,33,21,21,25,0,0,0,0,637,488,460,315
2026/01/19/15:29:57,4425.537585,0.802188,0.747179,0.802188,0.747179,33,21,21,25,0,0,0,0,637,488,460,315
2026/01/19/15:29:58,4426.537712,0.802188,0.747179,0.802188,0.747179,33,21,21,25,0,0,0,0,637,488,460,315
2026/01/19/15:29:59,4427.537855,0.802188,0.747179,0.802188,0.747179,33,21,21,25,0,0,0,0,637,488,460,315
2026/01/19/15:30:00,4428.537944,0.802188,0.747179,0.802188,0.747179,33,21,21,25,0,0,0,0,637,488,460,315
2026/01/19/15:30:01,4429.538015,0.802188,0.747179,0.802188,0.747179,33,21,21,25,0,0,0,0,637,488,460,315
2026/01/19/15:30:02,4430.538097,0.802188,0.747179,0.802188,0.747179,33,21,21,25,0,0,0,0,637,488,460,315
2026/01/19/15:30:03,4431.538192,0.802188,0.747179,0.802188,0.747179,33,21,21,25,0,0,0,0,637,488,460,315
2026/01/19/15:30:04,4432.538277,0.802188,0.747179,0.802188,0.747179,33,21,21,25,0,0,0,0,637,488,460,315
2026/01/19/15:30:05,4433.538355,0.809688,0.764671,0.809688,0.764671,35,21,21,25,0,0,0,0,637,488,460,315
2026/01/19/15:30:06,4434.538423,0.838938,0.820208,0.838938,0.820208,38,21,24,25,0,0,0,0,637,488,460,315
2026/01/19/15:30:07,4435.538519,0.838938,0.820208,0.838938,0.820208,38,21,24,25,0,0,0,0,637,488,460,315
2026/01/19/15:30:08,4436.538604,0.838938,0.820208,0.838938,0.820208,38,21,24,25,0,0,0,0,637,488,460,315
2026/01/19/15:30:09,4437.538671,0.826375,0.784844,0.826375,0.784844,35,21,24,25,0,0,0,0,640,488,460,315
2026/01/19/15:30:10,4438.538793,0.826375,0.784844,0.826375,0.784844,35,21,24,25,0,0,0,0,640,488,460,315
2026/01/19/15:30:11,4439.538857,0.826375,0.784844,0.826375,0.784844,35,21,24,25,0,0,0,0,640,488,460,315
2026/01/19/15:30:12,4440.539029,0.818125,0.766435,0.818125,0.766435,35,21,22,25,0,0,0,0,640,488,462,315
2026/01/19/15:30:13,4441.539170,0.805375,0.752051,0.805375,0.752051,32,21,22,25,0,0,0,0,643,488,462,315
2026/01/19/15:30:14,4442.539327,0.788687,0.731877,0.788687,0.731877,32,21,19,25,0,0,0,0,643,488,465,315
2026/01/19/15:30:15,4443.539429,0.781188,0.714386,0.781188,0.714386,30,21,19,25,0,0,0,0,645,488,465,315
2026/01/19/15:30:16,4444.539517,0.781188,0.714386,0.781188,0.714386,30,21,19,25,0,0,0,0,645,488,465,315
2026/01/19/15:30:17,4445.539693,0.781188,0.714386,0.781188,0.714386,30,21,19,25,0,0,0,0,645,488,465,315
2026/01/19/15:30:18,4446.539715,0.781188,0.714386,0.781188,0.714386,30,21,19,25,0,0,0,0,645,488,465,315
2026/01/19/15:30:19,4447.539804,0.781188,0.714386,0.781188,0.714386,30,21,19,25,0,0,0,0,645,488,465,315
2026/01/19/15:30:20,4448.539897,0.781188,0.714386,0.781188,0.714386,30,21,19,25,0,0,0,0,645,488,465,315
2026/01/19/15:30:21,4449.539984,0.781188,0.714386,0.781188,0.714386,30,21,19,25,0,0,0,0,645,488,465,315
2026/01/19/15:30:22,4450.540116,0.781188,0.714386,0.781188,0.714386,30,21,19,25,0,0,0,0,645,488,465,315
2026/01/19/15:30:23,4451.540210,0.781188,0.714386,0.781188,0.714386,30,21,19,25,0,0,0,0,645,488,465,315
2026/01/19/15:30:24,4452.540316,0.781188,0.714386,0.781188,0.714386,30,21,19,25,0,0,0,0,645,488,465,315
2026/01/19/15:30:25,4453.540415,0.781188,0.714386,0.781188,0.714386,30,21,19,25,0,0,0,0,645,488,465,315
2026/01/19/15:30:26,4454.540486,0.781188,0.714386,0.781188,0.714386,30,21,19,25,0,0,0,0,645,488,465,315
2026/01/19/15:30:27,4455.540571,0.781188,0.714386,0.781188,0.714386,30,21,19,25,0,0,0,0,645,488,465,315
2026/01/19/15:30:28,4456.540653,0.781188,0.714386,0.781188,0.714386,30,21,19,25,0,0,0,0,645,488,465,315
2026/01/19/15:30:29,4457.540738,0.781188,0.714386,0.781188,0.714386,30,21,19,25,0,0,0,0,645,488,465,315
2026/01/19/15:30:30,4458.540863,0.781188,0.714386,0.781188,0.714386,30,21,19,25,0,0,0,0,645,488,465,315
2026/01/19/15:30:31,4459.540944,0.781188,0.714386,0.781188,0.714386,30,21,19,25,0,0,0,0,645,488,465,315
2026/01/19/15:30:32,4460.541029,0.781188,0.714386,0.781188,0.714386,30,21,19,25,0,0,0,0,645,488,465,315
2026/01/19/15:30:33,4461.541177,0.781188,0.714386,0.781188,0.714386,30,21,19,25,0,0,0,0,645,488,465,315
2026/01/19/15:30:34,4462.541257,0.781188,0.714386,0.781188,0.714386,30,21,19,25,0,0,0,0,645,488,465,315
2026/01/19/15:30:35,4463.541360,0.781188,0.714386,0.781188,0.714386,30,21,19,25,0,0,0,0,645,488,465,315
2026/01/19/15:30:36,4464.541432,0.781188,0.714386,0.781188,0.714386,30,21,19,25,0,0,0,0,645,488,465,315
2026/01/19/15:30:37,4465.541545,0.781188,0.714386,0.781188,0.714386,30,21,19,25,0,0,0,0,645,488,465,315
2026/01/19/15:30:38,4466.541625,0.781188,0.714386,0.781188,0.714386,30,21,19,25,0,0,0,0,645,488,465,315
2026/01/19/15:30:39,4467.541742,0.781188,0.714386,0.781188,0.714386,30,21,19,25,0,0,0,0,645,488,465,315
2026/01/19/15:30:40,4468.541834,0.781188,0.714386,0.781188,0.714386,30,21,19,25,0,0,0,0,645,488,465,315
2026/01/19/15:30:41,4469.541923,0.781188,0.714386,0.781188,0.714386,30,21,19,25,0,0,0,0,645,488,465,315
2026/01/19/15:30:42,4470.542079,0.781188,0.714386,0.781188,0.714386,30,21,19,25,0,0,0,0,645,488,465,315
2026/01/19/15:30:43,4471.542166,0.781188,0.714386,0.781188,0.714386,30,21,19,25,0,0,0,0,645,488,465,315
2026/01/19/15:30:44,4472.542238,0.781188,0.714386,0.781188,0.714386,30,21,19,25,0,0,0,0,645,488,465,315
2026/01/19/15:30:45,4473.542352,0.781188,0.714386,0.781188,0.714386,30,21,19,25,0,0,0,0,645,488,465,315
2026/01/19/15:30:46,4474.542420,0.781188,0.714386,0.781188,0.714386,30,21,19,25,0,0,0,0,645,488,465,315
2026/01/19/15:30:47,4475.542534,0.781188,0.714386,0.781188,0.714386,30,21,19,25,0,0,0,0,645,488,465,315
2026/01/19/15:30:48,4476.542685,0.781188,0.714386,0.781188,0.714386,30,21,19,25,0,0,0,0,645,488,465,315
2026/01/19/15:30:49,4477.542778,0.781188,0.714386,0.781188,0.714386,30,21,19,25,0,0,0,0,645,488,465,315
2026/01/19/15:30:50,4478.542911,0.781188,0.714386,0.781188,0.714386,30,21,19,25,0,0,0,0,645,488,465,315
2026/01/19/15:30:51,4479.543037,0.781188,0.714386,0.781188,0.714386,30,21,19,25,0,0,0,0,645,488,465,315
2026/01/19/15:30:52,4480.543179,0.781188,0.714386,0.781188,0.714386,30,21,19,25,0,0,0,0,645,488,465,315
2026/01/19/15:30:53,4481.543344,0.781188,0.714386,0.781188,0.714386,30,21,19,25,0,0,0,0,645,488,465,315
2026/01/19/15:30:54,4482.543442,0.781188,0.714386,0.781188,0.714386,30,21,19,25,0,0,0,0,645,488,465,315
2026/01/19/15:30:55,4483.543593,0.781188,0.714386,0.781188,0.714386,30,21,19,25,0,0,0,0,645,488,465,315
2026/01/19/15:30:56,4484.543741,0.800937,0.759082,0.800937,0.759082,33,21,20,25,0,0,0,0,645,488,465,315
2026/01/19/15:30:57,4485.543843,0.800937,0.759082,0.800937,0.759082,33,21,20,25,0,0,0,0,645,488,465,315
2026/01/19/15:30:58,4486.543941,0.800937,0.759082,0.800937,0.759082,33,21,20,25,0,0,0,0,645,488,465,315
2026/01/19/15:30:59,4487.544001,0.800937,0.759082,0.800937,0.759082,33,21,20,25,0,0,0,0,645,488,465,315
2026/01/19/15:31:00,4488.544133,0.800937,0.759082,0.800937,0.759082,33,21,20,25,0,0,0,0,645,488,465,315
2026/01/19/15:31:01,4489.544210,0.800937,0.759082,0.800937,0.759082,33,21,20,25,0,0,0,0,645,488,465,315
2026/01/19/15:31:02,4490.544290,0.800937,0.759082,0.800937,0.759082,33,21,20,25,0,0,0,0,645,488,465,315
2026/01/19/15:31:03,4491.544376,0.811813,0.769118,0.811813,0.769118,33,21,23,25,0,0,0,0,645,488,465,315
2026/01/19/15:31:04,4492.544463,0.811813,0.769118,0.811813,0.769118,33,21,23,25,0,0,0,0,645,488,465,315
2026/01/19/15:31:05,4493.544622,0.800937,0.759082,0.800937,0.759082,33,21,20,25,0,0,0,0,645,488,468,315
2026/01/19/15:31:06,4494.544708,0.800937,0.759082,0.800937,0.759082,33,21,20,25,0,0,0,0,645,488,468,315
2026/01/19/15:31:07,4495.544797,0.800937,0.759082,0.800937,0.759082,33,21,20,25,0,0,0,0,645,488,468,315
2026/01/19/15:31:08,4496.544882,0.800937,0.759082,0.800937,0.759082,33,21,20,25,0,0,0,0,645,488,468,315
2026/01/19/15:31:09,4497.544975,0.800937,0.759082,0.800937,0.759082,33,21,20,25,0,0,0,0,645,488,468,315
2026/01/19/15:31:10,4498.545071,0.800937,0.759082,0.800937,0.759082,33,21,20,25,0,0,0,0,645,488,468,315
2026/01/19/15:31:11,4499.545119,0.800937,0.759082,0.800937,0.759082,33,21,20,25,0,0,0,0,645,488,468,315
2026/01/19/15:31:12,4500.545196,0.800937,0.759082,0.800937,0.759082,33,21,20,25,0,0,0,0,645,488,468,315
2026/01/19/15:31:13,4501.545328,0.800937,0.759082,0.800937,0.759082,33,21,20,25,0,0,0,0,645,488,468,315
2026/01/19/15:31:14,4502.545470,0.800937,0.759082,0.800937,0.759082,33,21,20,25,0,0,0,0,645,488,468,315
2026/01/19/15:31:15,4503.545537,0.800937,0.759082,0.800937,0.759082,33,21,20,25,0,0,0,0,645,488,468,315
2026/01/19/15:31:16,4504.545623,0.800937,0.759082,0.800937,0.759082,33,21,20,25,0,0,0,0,645,488,468,315
2026/01/19/15:31:17,4505.545732,0.800937,0.759082,0.800937,0.759082,33,21,20,25,0,0,0,0,645,488,468,315
2026/01/19/15:31:18,4506.545840,0.800937,0.759082,0.800937,0.759082,33,21,20,25,0,0,0,0,645,488,468,315
2026/01/19/15:31:19,4507.545916,0.800937,0.759082,0.800937,0.759082,33,21,20,25,0,0,0,0,645,488,468,315
2026/01/19/15:31:20,4508.546001,0.800937,0.759082,0.800937,0.759082,33,21,20,25,0,0,0,0,645,488,468,315
2026/01/19/15:31:21,4509.546093,0.800937,0.759082,0.800937,0.759082,33,21,20,25,0,0,0,0,645,488,468,315
2026/01/19/15:31:22,4510.546246,0.800937,0.759082,0.800937,0.759082,33,21,20,25,0,0,0,0,645,488,468,315
2026/01/19/15:31:23,4511.546396,0.790813,0.749955,0.790813,0.749955,33,21,20,23,0,0,0,0,645,488,468,317
2026/01/19/15:31:24,4512.546463,0.790813,0.749955,0.790813,0.749955,33,21,20,23,0,0,0,0,645,488,468,317
2026/01/19/15:31:25,4513.546639,0.790813,0.749955,0.790813,0.749955,33,21,20,23,0,0,0,0,645,488,468,317
2026/01/19/15:31:26,4514.546737,0.790813,0.749955,0.790813,0.749955,33,21,20,23,0,0,0,0,645,488,468,317
2026/01/19/15:31:27,4515.546842,0.790813,0.749955,0.790813,0.749955,33,21,20,23,0,0,0,0,645,488,468,317
2026/01/19/15:31:28,4516.546923,0.841187,0.809002,0.847125,0.837475,36,23,20,28,0,0,1,0,645,488,468,317
2026/01/19/15:31:29,4517.547030,0.874875,0.864032,0.880812,0.892505,40,24,20,31,0,0,1,0,645,488,468,317
2026/01/19/15:31:30,4518.547138,0.874875,0.864032,0.880812,0.892505,40,24,20,31,0,0,1,0,645,488,468,317
2026/01/19/15:31:31,4519.547235,0.858375,0.844590,0.864313,0.873063,38,24,20,29,0,0,1,0,647,488,468,319
2026/01/19/15:31:32,4520.547337,0.854812,0.837992,0.854812,0.837992,37,24,20,29,0,0,0,0,648,488,468,319
2026/01/19/15:31:33,4521.547438,0.854812,0.837992,0.854812,0.837992,37,24,20,29,0,0,0,0,648,488,468,319
2026/01/19/15:31:34,4522.547533,0.847437,0.827504,0.847437,0.827504,37,22,20,29,0,0,0,0,648,490,468,319
2026/01/19/15:31:35,4523.547632,0.847437,0.827504,0.847437,0.827504,37,22,20,29,0,0,0,0,648,490,468,319
2026/01/19/15:31:36,4524.547732,0.847437,0.827504,0.847437,0.827504,37,22,20,29,0,0,0,0,648,490,468,319
2026/01/19/15:31:37,4525.547837,0.847437,0.827504,0.847437,0.827504,37,22,20,29,0,0,0,0,648,490,468,319
2026/01/19/15:31:38,4526.547993,0.847437,0.827504,0.847437,0.827504,37,22,20,29,0,0,0,0,648,490,468,319
2026/01/19/15:31:39,4527.548131,0.847437,0.827504,0.847437,0.827504,37,22,20,29,0,0,0,0,648,490,468,319
2026/01/19/15:31:40,4528.548274,0.847437,0.827504,0.847437,0.827504,37,22,20,29,0,0,0,0,648,490,468,319
2026/01/19/15:31:41,4529.548368,0.847437,0.827504,0.847437,0.827504,37,22,20,29,0,0,0,0,648,490,468,319
2026/01/19/15:31:42,4530.548496,0.840812,0.819927,0.840812,0.819927,37,22,20,27,0,0,0,0,648,490,468,321
2026/01/19/15:31:43,4531.548564,0.840812,0.819927,0.840812,0.819927,37,22,20,27,0,0,0,0,648,490,468,321
2026/01/19/15:31:44,4532.548682,0.837375,0.803509,0.837375,0.803509,37,22,19,27,0,0,0,0,648,490,469,321
2026/01/19/15:31:45,4533.548799,0.837375,0.803509,0.837375,0.803509,37,22,19,27,0,0,0,0,648,490,469,321
2026/01/19/15:31:46,4534.548977,0.837375,0.803509,0.837375,0.803509,37,22,19,27,0,0,0,0,648,490,469,321
2026/01/19/15:31:47,4535.549109,0.837375,0.803509,0.837375,0.803509,37,22,19,27,0,0,0,0,648,490,469,321
2026/01/19/15:31:48,4536.549103,0.837375,0.803509,0.837375,0.803509,37,22,19,27,0,0,0,0,648,490,469,321
2026/01/19/15:31:49,4537.549211,0.837375,0.803509,0.837375,0.803509,37,22,19,27,0,0,0,0,648,490,469,321
2026/01/19/15:31:50,4538.549341,0.837375,0.803509,0.837375,0.803509,37,22,19,27,0,0,0,0,648,490,469,321
2026/01/19/15:31:51,4539.549459,0.836812,0.800132,0.836812,0.800132,38,21,19,27,0,0,0,0,648,491,469,321
2026/01/19/15:31:52,4540.549621,0.836812,0.800132,0.836812,0.800132,38,21,19,27,0,0,0,0,648,491,469,321
2026/01/19/15:31:53,4541.549704,0.836812,0.800132,0.836812,0.800132,38,21,19,27,0,0,0,0,648,491,469,321
2026/01/19/15:31:54,4542.549837,0.836812,0.800132,0.836812,0.800132,38,21,19,27,0,0,0,0,648,491,469,321
2026/01/19/15:31:55,4543.549901,0.823937,0.788945,0.823937,0.788945,38,19,19,27,0,0,0,0,648,493,469,321
2026/01/19/15:31:56,4544.550019,0.823937,0.788945,0.823937,0.788945,38,19,19,27,0,0,0,0,648,493,469,321
2026/01/19/15:31:57,4545.550142,0.823937,0.788945,0.823937,0.788945,38,19,19,27,0,0,0,0,648,493,469,321
2026/01/19/15:31:58,4546.550270,0.823937,0.788945,0.823937,0.788945,38,19,19,27,0,0,0,0,648,493,469,321
2026/01/19/15:31:59,4547.550441,0.823937,0.788945,0.823937,0.788945,38,19,19,27,0,0,0,0,648,493,469,321
2026/01/19/15:32:00,4548.550577,0.823937,0.788945,0.823937,0.788945,38,19,19,27,0,0,0,0,648,493,469,321
2026/01/19/15:32:01,4549.550675,0.823937,0.788945,0.823937,0.788945,38,19,19,27,0,0,0,0,648,493,469,321
2026/01/19/15:32:02,4550.550768,0.823937,0.788945,0.823937,0.788945,38,19,19,27,0,0,0,0,648,493,469,321
2026/01/19/15:32:03,4551.550884,0.823937,0.788945,0.823937,0.788945,38,19,19,27,0,0,0,0,648,493,469,321
2026/01/19/15:32:04,4552.551022,0.823937,0.788945,0.823937,0.788945,38,19,19,27,0,0,0,0,648,493,469,321
2026/01/19/15:32:05,4553.551173,0.818500,0.759200,0.818500,0.759200,37,19,19,27,0,0,0,0,649,493,469,321
2026/01/19/15:32:06,4554.551287,0.818500,0.759200,0.818500,0.759200,37,19,19,27,0,0,0,0,649,493,469,321
2026/01/19/15:32:07,4555.551341,0.818500,0.759200,0.818500,0.759200,37,19,19,27,0,0,0,0,649,493,469,321
2026/01/19/15:32:08,4556.551450,0.804250,0.725574,0.804250,0.725574,32,19,19,28,0,0,0,0,654,493,469,321
2026/01/19/15:32:09,4557.551518,0.804250,0.725574,0.804250,0.725574,32,19,19,28,0,0,0,0,654,493,469,321
2026/01/19/15:32:10,4558.551627,0.804250,0.725574,0.804250,0.725574,32,19,19,28,0,0,0,0,654,493,469,321
2026/01/19/15:32:11,4559.551712,0.804250,0.725574,0.804250,0.725574,32,19,19,28,0,0,0,0,654,493,469,321
2026/01/19/15:32:12,4560.551864,0.804250,0.725574,0.804250,0.725574,32,19,19,28,0,0,0,0,654,493,469,321
2026/01/19/15:32:13,4561.552023,0.811562,0.734208,0.811562,0.734208,32,19,19,29,0,0,0,0,654,493,469,321
2026/01/19/15:32:14,4562.552118,0.811562,0.734208,0.811562,0.734208,32,19,19,29,0,0,0,0,654,493,469,321
2026/01/19/15:32:15,4563.552263,0.811562,0.734208,0.811562,0.734208,32,19,19,29,0,0,0,0,654,493,469,321
2026/01/19/15:32:16,4564.552357,0.850562,0.808323,0.877062,0.811751,34,22,19,30,0,0,1,0,654,493,469,321
2026/01/19/15:32:17,4565.552480,0.860750,0.832054,0.907500,0.875714,35,22,19,31,0,2,1,0,654,493,469,321
2026/01/19/15:32:18,4566.552576,0.875437,0.831677,0.895687,0.871909,35,22,20,30,0,2,0,0,654,493,469,322
2026/01/19/15:32:19,4567.552649,0.855750,0.769552,0.855750,0.769552,35,19,20,30,0,0,0,0,654,496,469,322
2026/01/19/15:32:20,4568.552746,0.855750,0.769552,0.855750,0.769552,35,19,20,30,0,0,0,0,654,496,469,322
2026/01/19/15:32:21,4569.552904,0.849250,0.760962,0.849250,0.760962,33,19,20,30,0,0,0,0,656,496,469,322
2026/01/19/15:32:22,4570.552991,0.822750,0.757534,0.822750,0.757534,33,19,19,30,0,0,0,0,656,496,470,322
2026/01/19/15:32:23,4571.553077,0.819562,0.742353,0.819562,0.742353,32,19,19,30,0,0,0,0,657,496,470,322
2026/01/19/15:32:24,4572.553173,0.819562,0.742353,0.819562,0.742353,32,19,19,30,0,0,0,0,657,496,470,322
2026/01/19/15:32:25,4573.553293,0.819562,0.742353,0.819562,0.742353,32,19,19,30,0,0,0,0,657,496,470,322
2026/01/19/15:32:26,4574.553373,0.819562,0.742353,0.819562,0.742353,32,19,19,30,0,0,0,0,657,496,470,322
2026/01/19/15:32:27,4575.553475,0.819562,0.742353,0.819562,0.742353,32,19,19,30,0,0,0,0,657,496,470,322
2026/01/19/15:32:28,4576.553575,0.819562,0.742353,0.819562,0.742353,32,19,19,30,0,0,0,0,657,496,470,322
2026/01/19/15:32:29,4577.553726,0.819562,0.742353,0.819562,0.742353,32,19,19,30,0,0,0,0,657,496,470,322
2026/01/19/15:32:30,4578.553808,0.819562,0.742353,0.819562,0.742353,32,19,19,30,0,0,0,0,657,496,470,322
2026/01/19/15:32:31,4579.553901,0.819562,0.742353,0.819562,0.742353,32,19,19,30,0,0,0,0,657,496,470,322
2026/01/19/15:32:32,4580.554031,0.819562,0.742353,0.819562,0.742353,32,19,19,30,0,0,0,0,657,496,470,322
2026/01/19/15:32:33,4581.554255,0.819562,0.742353,0.819562,0.742353,32,19,19,30,0,0,0,0,657,496,470,322
2026/01/19/15:32:34,4582.554316,0.833187,0.748926,0.833187,0.748926,34,19,19,30,0,0,0,0,657,496,470,322
2026/01/19/15:32:35,4583.554406,0.868125,0.804550,0.907625,0.855936,36,19,19,31,1,0,0,2,657,496,470,322
2026/01/19/15:32:36,4584.554513,0.868125,0.804550,0.907625,0.855936,36,19,19,31,1,0,0,2,657,496,470,322
2026/01/19/15:32:37,4585.554668,0.847875,0.764641,0.877250,0.796072,34,19,19,31,0,0,0,2,659,496,470,322
2026/01/19/15:32:38,4586.554775,0.847875,0.764641,0.877250,0.796072,34,19,19,31,0,0,0,2,659,496,470,322
2026/01/19/15:32:39,4587.554888,0.847875,0.764641,0.877250,0.796072,34,19,19,31,0,0,0,2,659,496,470,322
2026/01/19/15:32:40,4588.555076,0.848938,0.773784,0.863625,0.789499,32,19,19,32,0,0,0,1,661,496,470,322
2026/01/19/15:32:41,4589.555201,0.848938,0.773784,0.863625,0.789499,32,19,19,32,0,0,0,1,661,496,470,322
2026/01/19/15:32:42,4590.555340,0.848938,0.773784,0.863625,0.789499,32,19,19,32,0,0,0,1,661,496,470,322
2026/01/19/15:32:43,4591.555427,0.906312,0.841935,0.922875,0.875252,34,20,21,33,1,0,1,0,661,496,471,322
2026/01/19/15:32:44,4592.555513,0.883312,0.805738,0.888437,0.831664,35,20,22,30,0,0,1,0,661,496,471,325
2026/01/19/15:32:45,4593.555641,0.883312,0.805738,0.888437,0.831664,35,20,22,30,0,0,1,0,661,496,471,325
2026/01/19/15:32:46,4594.555741,0.859938,0.772723,0.880375,0.776657,35,19,21,29,0,1,0,0,661,497,472,326
2026/01/19/15:32:47,4595.555872,0.859938,0.772723,0.880375,0.776657,35,19,21,29,0,1,0,0,661,497,472,326
2026/01/19/15:32:48,4596.556021,0.859938,0.772723,0.880375,0.776657,35,19,21,29,0,1,0,0,661,497,472,326
2026/01/19/15:32:49,4597.556103,0.859938,0.772723,0.880375,0.776657,35,19,21,29,0,1,0,0,661,497,472,326
2026/01/19/15:32:50,4598.556196,0.911500,0.842990,0.951937,0.864545,36,19,22,34,0,1,0,2,661,497,473,326
2026/01/19/15:32:51,4599.556344,0.911500,0.842990,0.951937,0.864545,36,19,22,34,0,1,0,2,661,497,473,326
2026/01/19/15:32:52,4600.556505,0.911500,0.842990,0.951937,0.864545,36,19,22,34,0,1,0,2,661,497,473,326
2026/01/19/15:32:53,4601.556628,0.911500,0.842990,0.951937,0.864545,36,19,22,34,0,1,0,2,661,497,473,326
2026/01/19/15:32:54,4602.556728,0.911500,0.842990,0.951937,0.864545,36,19,22,34,0,1,0,2,661,497,473,326
2026/01/19/15:32:55,4603.604321,0.861313,0.807568,0.881750,0.811502,33,19,22,32,0,1,0,0,664,497,473,328
2026/01/19/15:32:56,4604.604404,0.861313,0.807568,0.881750,0.811502,33,19,22,32,0,1,0,0,664,497,473,328
2026/01/19/15:32:57,4605.604530,0.881750,0.811502,0.881750,0.811502,33,20,22,32,0,0,0,0,666,497,473,328
2026/01/19/15:32:58,4606.604637,0.862625,0.781804,0.862625,0.781804,33,20,22,29,0,0,0,0,666,497,473,331
2026/01/19/15:32:59,4607.604701,0.862625,0.781804,0.862625,0.781804,33,20,22,29,0,0,0,0,666,497,473,331
2026/01/19/15:33:00,4608.604809,0.862625,0.781804,0.862625,0.781804,33,20,22,29,0,0,0,0,666,497,473,331
2026/01/19/15:33:01,4609.604957,0.862625,0.781804,0.862625,0.781804,33,20,22,29,0,0,0,0,666,497,473,331
2026/01/19/15:33:02,4610.605124,0.862625,0.781804,0.862625,0.781804,33,20,22,29,0,0,0,0,666,497,473,331
2026/01/19/15:33:03,4611.605250,0.862625,0.781804,0.862625,0.781804,33,20,22,29,0,0,0,0,666,497,473,331
2026/01/19/15:33:04,4612.605352,0.854625,0.778153,0.854625,0.778153,33,20,21,29,0,0,0,0,666,497,474,331
2026/01/19/15:33:05,4613.605506,0.854625,0.778153,0.854625,0.778153,33,20,21,29,0,0,0,0,666,497,474,331
2026/01/19/15:33:06,4614.605610,0.854625,0.778153,0.854625,0.778153,33,20,21,29,0,0,0,0,666,497,474,331
2026/01/19/15:33:07,4615.605761,0.847313,0.769520,0.847313,0.769520,33,20,21,28,0,0,0,0,666,497,474,332
2026/01/19/15:33:08,4616.605882,0.847313,0.769520,0.847313,0.769520,33,20,21,28,0,0,0,0,666,497,474,332
2026/01/19/15:33:09,4617.605994,0.847313,0.769520,0.847313,0.769520,33,20,21,28,0,0,0,0,666,497,474,332
2026/01/19/15:33:10,4618.606098,0.847313,0.769520,0.847313,0.769520,33,20,21,28,0,0,0,0,666,497,474,332
2026/01/19/15:33:11,4619.606163,0.847313,0.769520,0.847313,0.769520,33,20,21,28,0,0,0,0,666,497,474,332
2026/01/19/15:33:12,4620.606271,0.847313,0.769520,0.847313,0.769520,33,20,21,28,0,0,0,0,666,497,474,332
2026/01/19/15:33:13,4621.606397,0.847313,0.769520,0.847313,0.769520,33,20,21,28,0,0,0,0,666,497,474,332
2026/01/19/15:33:14,4622.606543,0.847313,0.769520,0.847313,0.769520,33,20,21,28,0,0,0,0,666,497,474,332
2026/01/19/15:33:15,4623.606640,0.847313,0.769520,0.847313,0.769520,33,20,21,28,0,0,0,0,666,497,474,332
2026/01/19/15:33:16,4624.606743,0.847313,0.769520,0.847313,0.769520,33,20,21,28,0,0,0,0,666,497,474,332
2026/01/19/15:33:17,4625.606837,0.847313,0.769520,0.847313,0.769520,33,20,21,28,0,0,0,0,666,497,474,332
2026/01/19/15:33:18,4626.606928,0.847313,0.769520,0.847313,0.769520,33,20,21,28,0,0,0,0,666,497,474,332
2026/01/19/15:33:19,4627.607032,0.824250,0.744288,0.824250,0.744288,33,20,21,25,0,0,0,0,666,497,474,335
2026/01/19/15:33:20,4628.607126,0.824250,0.744288,0.824250,0.744288,33,20,21,25,0,0,0,0,666,497,474,335
2026/01/19/15:33:21,4629.607252,0.824250,0.744288,0.824250,0.744288,33,20,21,25,0,0,0,0,666,497,474,335
2026/01/19/15:33:22,4630.607359,0.824250,0.744288,0.824250,0.744288,33,20,21,25,0,0,0,0,666,497,474,335
2026/01/19/15:33:23,4631.607463,0.820375,0.716106,0.820375,0.716106,33,20,20,25,0,0,0,0,666,497,475,335
2026/01/19/15:33:24,4632.607571,0.820375,0.716106,0.820375,0.716106,33,20,20,25,0,0,0,0,666,497,475,335
2026/01/19/15:33:25,4633.607680,0.820375,0.716106,0.820375,0.716106,33,20,20,25,0,0,0,0,666,497,475,335
2026/01/19/15:33:26,4634.607778,0.820375,0.716106,0.820375,0.716106,33,20,20,25,0,0,0,0,666,497,475,335
2026/01/19/15:33:27,4635.607922,0.820375,0.716106,0.820375,0.716106,33,20,20,25,0,0,0,0,666,497,475,335
2026/01/19/15:33:28,4636.608040,0.820375,0.716106,0.820375,0.716106,33,20,20,25,0,0,0,0,666,497,475,335
2026/01/19/15:33:29,4637.608172,0.820375,0.716106,0.820375,0.716106,33,20,20,25,0,0,0,0,666,497,475,335
2026/01/19/15:33:30,4638.608294,0.837625,0.758566,0.841125,0.764448,34,20,22,27,0,0,0,1,666,497,475,335
2026/01/19/15:33:31,4639.608393,0.878000,0.794779,0.878000,0.794779,39,21,22,28,0,0,0,0,666,497,475,335
2026/01/19/15:33:32,4640.608485,0.857563,0.790845,0.857563,0.790845,39,20,22,28,0,0,0,0,666,498,475,335
2026/01/19/15:33:33,4641.608546,0.831875,0.757453,0.831875,0.757453,36,20,22,25,0,0,0,0,669,498,475,338
2026/01/19/15:33:34,4642.608631,0.824875,0.731811,0.824875,0.731811,36,20,20,25,0,0,0,0,669,498,477,338
2026/01/19/15:33:35,4643.608709,0.821625,0.728084,0.821625,0.728084,35,20,20,25,0,0,0,0,670,498,477,338
2026/01/19/15:33:36,4644.608805,0.821625,0.728084,0.821625,0.728084,35,20,20,25,0,0,0,0,670,498,477,338
2026/01/19/15:33:37,4645.608881,0.821625,0.728084,0.821625,0.728084,35,20,20,25,0,0,0,0,670,498,477,338
2026/01/19/15:33:38,4646.609173,0.821625,0.728084,0.821625,0.728084,35,20,20,25,0,0,0,0,670,498,477,338
2026/01/19/15:33:39,4647.609204,0.807063,0.722335,0.807063,0.722335,34,20,20,25,0,0,0,0,671,498,477,338
2026/01/19/15:33:40,4648.609298,0.825875,0.826851,0.825875,0.826851,34,24,20,25,0,0,0,0,671,499,477,338
2026/01/19/15:33:41,4649.609411,0.825875,0.826851,0.825875,0.826851,34,24,20,25,0,0,0,0,671,499,477,338
2026/01/19/15:33:42,4650.609513,0.825875,0.826851,0.825875,0.826851,34,24,20,25,0,0,0,0,671,499,477,338
2026/01/19/15:33:43,4651.609618,0.815937,0.740831,0.815937,0.740831,34,21,20,25,0,0,0,0,671,502,477,338
2026/01/19/15:33:44,4652.609731,0.815937,0.740831,0.815937,0.740831,34,21,20,25,0,0,0,0,671,502,477,338
2026/01/19/15:33:45,4653.609822,0.815937,0.740831,0.815937,0.740831,34,21,20,25,0,0,0,0,671,502,477,338
2026/01/19/15:33:46,4654.609927,0.815937,0.740831,0.815937,0.740831,34,21,20,25,0,0,0,0,671,502,477,338
2026/01/19/15:33:47,4655.610027,0.815937,0.740831,0.815937,0.740831,34,21,20,25,0,0,0,0,671,502,477,338
2026/01/19/15:33:48,4656.610190,0.803188,0.717226,0.803188,0.717226,34,19,20,25,0,0,0,0,671,504,477,338
2026/01/19/15:33:49,4657.610340,0.803188,0.717226,0.803188,0.717226,34,19,20,25,0,0,0,0,671,504,477,338
2026/01/19/15:33:50,4658.610499,0.803188,0.717226,0.803188,0.717226,34,19,20,25,0,0,0,0,671,504,477,338
2026/01/19/15:33:51,4659.610599,0.803188,0.717226,0.803188,0.717226,34,19,20,25,0,0,0,0,671,504,477,338
2026/01/19/15:33:52,4660.610756,0.803188,0.717226,0.803188,0.717226,34,19,20,25,0,0,0,0,671,504,477,338
2026/01/19/15:33:53,4661.610918,0.803188,0.717226,0.803188,0.717226,34,19,20,25,0,0,0,0,671,504,477,338
2026/01/19/15:33:54,4662.611088,0.803188,0.717226,0.803188,0.717226,34,19,20,25,0,0,0,0,671,504,477,338
2026/01/19/15:33:55,4663.611176,0.803188,0.717226,0.803188,0.717226,34,19,20,25,0,0,0,0,671,504,477,338
2026/01/19/15:33:56,4664.611285,0.803188,0.717226,0.803188,0.717226,34,19,20,25,0,0,0,0,671,504,477,338
2026/01/19/15:33:57,4665.611391,0.803188,0.717226,0.803188,0.717226,34,19,20,25,0,0,0,0,671,504,477,338
2026/01/19/15:33:58,4666.611542,0.803188,0.717226,0.803188,0.717226,34,19,20,25,0,0,0,0,671,504,477,338
2026/01/19/15:33:59,4667.611697,0.803188,0.717226,0.803188,0.717226,34,19,20,25,0,0,0,0,671,504,477,338
2026/01/19/15:34:00,4668.611764,0.803188,0.717226,0.803188,0.717226,34,19,20,25,0,0,0,0,671,504,477,338
2026/01/19/15:34:01,4669.611844,0.803188,0.717226,0.803188,0.717226,34,19,20,25,0,0,0,0,671,504,477,338
2026/01/19/15:34:02,4670.611971,0.803188,0.717226,0.803188,0.717226,34,19,20,25,0,0,0,0,671,504,477,338
2026/01/19/15:34:03,4671.612085,0.803188,0.717226,0.803188,0.717226,34,19,20,25,0,0,0,0,671,504,477,338
2026/01/19/15:34:04,4672.612143,0.803188,0.717226,0.803188,0.717226,34,19,20,25,0,0,0,0,671,504,477,338
2026/01/19/15:34:05,4673.612229,0.803188,0.717226,0.803188,0.717226,34,19,20,25,0,0,0,0,671,504,477,338
2026/01/19/15:34:06,4674.612325,0.803188,0.717226,0.803188,0.717226,34,19,20,25,0,0,0,0,671,504,477,338
2026/01/19/15:34:07,4675.612423,0.803188,0.717226,0.803188,0.717226,34,19,20,25,0,0,0,0,671,504,477,338
2026/01/19/15:34:08,4676.612561,0.803188,0.717226,0.803188,0.717226,34,19,20,25,0,0,0,0,671,504,477,338
2026/01/19/15:34:09,4677.612691,0.803188,0.717226,0.803188,0.717226,34,19,20,25,0,0,0,0,671,504,477,338
2026/01/19/15:34:10,4678.612754,0.803188,0.717226,0.803188,0.717226,34,19,20,25,0,0,0,0,671,504,477,338
2026/01/19/15:34:11,4679.612863,0.803188,0.717226,0.803188,0.717226,34,19,20,25,0,0,0,0,671,504,477,338
2026/01/19/15:34:12,4680.612969,0.803188,0.717226,0.803188,0.717226,34,19,20,25,0,0,0,0,671,504,477,338
2026/01/19/15:34:13,4681.613121,0.803188,0.717226,0.803188,0.717226,34,19,20,25,0,0,0,0,671,504,477,338
2026/01/19/15:34:14,4682.613153,0.803188,0.717226,0.803188,0.717226,34,19,20,25,0,0,0,0,671,504,477,338
2026/01/19/15:34:15,4683.613267,0.803188,0.717226,0.803188,0.717226,34,19,20,25,0,0,0,0,671,504,477,338
2026/01/19/15:34:16,4684.613358,0.803188,0.717226,0.803188,0.717226,34,19,20,25,0,0,0,0,671,504,477,338
2026/01/19/15:34:17,4685.613454,0.803188,0.717226,0.803188,0.717226,34,19,20,25,0,0,0,0,671,504,477,338
2026/01/19/15:34:18,4686.613544,0.803188,0.717226,0.803188,0.717226,34,19,20,25,0,0,0,0,671,504,477,338
2026/01/19/15:34:19,4687.613623,0.803188,0.717226,0.803188,0.717226,34,19,20,25,0,0,0,0,671,504,477,338
2026/01/19/15:34:20,4688.613699,0.803188,0.717226,0.803188,0.717226,34,19,20,25,0,0,0,0,671,504,477,338
2026/01/19/15:34:21,4689.613794,0.803188,0.717226,0.803188,0.717226,34,19,20,25,0,0,0,0,671,504,477,338
2026/01/19/15:34:22,4690.613906,0.803188,0.717226,0.803188,0.717226,34,19,20,25,0,0,0,0,671,504,477,338
2026/01/19/15:34:23,4691.613996,0.790375,0.713825,0.790375,0.713825,34,19,20,24,0,0,0,0,671,504,477,339
2026/01/19/15:34:24,4692.614106,0.790375,0.713825,0.790375,0.713825,34,19,20,24,0,0,0,0,671,504,477,339
2026/01/19/15:34:25,4693.614219,0.790375,0.713825,0.790375,0.713825,34,19,20,24,0,0,0,0,671,504,477,339
2026/01/19/15:34:26,4694.614333,0.790375,0.713825,0.790375,0.713825,34,19,20,24,0,0,0,0,671,504,477,339
2026/01/19/15:34:27,4695.614475,0.790375,0.713825,0.790375,0.713825,34,19,20,24,0,0,0,0,671,504,477,339
2026/01/19/15:34:28,4696.614572,0.790375,0.713825,0.790375,0.713825,34,19,20,24,0,0,0,0,671,504,477,339
2026/01/19/15:34:29,4697.614680,0.790375,0.713825,0.790375,0.713825,34,19,20,24,0,0,0,0,671,504,477,339
2026/01/19/15:34:30,4698.614766,0.790375,0.713825,0.790375,0.713825,34,19,20,24,0,0,0,0,671,504,477,339
2026/01/19/15:34:31,4699.614868,0.790375,0.713825,0.790375,0.713825,34,19,20,24,0,0,0,0,671,504,477,339
2026/01/19/15:34:32,4700.615027,0.790375,0.713825,0.790375,0.713825,34,19,20,24,0,0,0,0,671,504,477,339
2026/01/19/15:34:33,4701.615114,0.790375,0.713825,0.790375,0.713825,34,19,20,24,0,0,0,0,671,504,477,339
2026/01/19/15:34:34,4702.615269,0.790375,0.713825,0.790375,0.713825,34,19,20,24,0,0,0,0,671,504,477,339
2026/01/19/15:34:35,4703.615422,0.790375,0.713825,0.790375,0.713825,34,19,20,24,0,0,0,0,671,504,477,339
2026/01/19/15:34:36,4704.615580,0.790375,0.713825,0.790375,0.713825,34,19,20,24,0,0,0,0,671,504,477,339
2026/01/19/15:34:37,4705.615675,0.790375,0.713825,0.790375,0.713825,34,19,20,24,0,0,0,0,671,504,477,339
2026/01/19/15:34:38,4706.615781,0.790375,0.713825,0.790375,0.713825,34,19,20,24,0,0,0,0,671,504,477,339
2026/01/19/15:34:39,4707.615857,0.790375,0.713825,0.790375,0.713825,34,19,20,24,0,0,0,0,671,504,477,339
2026/01/19/15:34:40,4708.616024,0.790375,0.713825,0.790375,0.713825,34,19,20,24,0,0,0,0,671,504,477,339
2026/01/19/15:34:41,4709.616109,0.790375,0.713825,0.790375,0.713825,34,19,20,24,0,0,0,0,671,504,477,339
2026/01/19/15:34:42,4710.616206,0.832937,0.744828,0.832937,0.744828,37,19,20,24,0,0,0,0,671,504,477,339
2026/01/19/15:34:43,4711.616283,0.832937,0.744828,0.832937,0.744828,37,19,20,24,0,0,0,0,671,504,477,339
2026/01/19/15:34:44,4712.616369,0.832937,0.744828,0.832937,0.744828,37,19,20,24,0,0,0,0,671,504,477,339
2026/01/19/15:34:45,4713.616486,0.832937,0.744828,0.832937,0.744828,37,19,20,24,0,0,0,0,671,504,477,339
2026/01/19/15:34:46,4714.616560,0.832937,0.744828,0.832937,0.744828,37,19,20,24,0,0,0,0,671,504,477,339
2026/01/19/15:34:47,4715.616652,0.832937,0.744828,0.832937,0.744828,37,19,20,24,0,0,0,0,671,504,477,339
2026/01/19/15:34:48,4716.616720,0.832937,0.744828,0.832937,0.744828,37,19,20,24,0,0,0,0,671,504,477,339
2026/01/19/15:34:49,4717.616808,0.829688,0.739774,0.829688,0.739774,36,19,20,24,0,0,0,0,672,504,477,339
2026/01/19/15:34:50,4718.616904,0.840812,0.751091,0.840812,0.751091,36,21,21,24,0,0,0,0,672,504,477,339
2026/01/19/15:34:51,4719.617075,0.840812,0.751091,0.840812,0.751091,36,21,21,24,0,0,0,0,672,504,477,339
2026/01/19/15:34:52,4720.617116,0.869812,0.770119,0.869812,0.770119,36,23,21,27,0,0,0,0,672,504,477,339
2026/01/19/15:34:53,4721.617206,0.865062,0.765807,0.865062,0.765807,36,23,20,27,0,0,0,0,672,504,478,339
2026/01/19/15:34:54,4722.617287,0.822500,0.734805,0.822500,0.734805,33,23,20,27,0,0,0,0,675,504,478,339
2026/01/19/15:34:55,4723.617402,0.857625,0.794461,0.857625,0.794461,33,27,20,27,0,0,0,0,675,504,478,339
2026/01/19/15:34:56,4724.617492,0.867750,0.813109,0.867750,0.813109,33,27,23,27,0,0,0,0,675,504,478,339
2026/01/19/15:34:57,4725.617588,0.867750,0.813109,0.867750,0.813109,33,27,23,27,0,0,0,0,675,504,478,339
2026/01/19/15:34:58,4726.617665,0.867750,0.813109,0.867750,0.813109,33,27,23,27,0,0,0,0,675,504,478,339
2026/01/19/15:34:59,4727.617746,0.867750,0.813109,0.867750,0.813109,33,27,23,27,0,0,0,0,675,504,478,339
2026/01/19/15:35:00,4728.617872,0.867750,0.813109,0.867750,0.813109,33,27,23,27,0,0,0,0,675,504,478,339
2026/01/19/15:35:01,4729.617957,0.859875,0.803874,0.859875,0.803874,33,25,23,27,0,0,0,0,675,506,478,339
2026/01/19/15:35:02,4730.618125,0.859875,0.803874,0.859875,0.803874,33,25,23,27,0,0,0,0,675,506,478,339
2026/01/19/15:35:03,4731.618272,0.859875,0.803874,0.859875,0.803874,33,25,23,27,0,0,0,0,675,506,478,339
2026/01/19/15:35:04,4732.618372,0.874125,0.819067,0.878000,0.824657,33,24,24,30,1,0,0,0,675,507,478,339
2026/01/19/15:35:05,4733.618523,0.890938,0.834597,0.890938,0.834597,37,24,24,30,0,0,0,0,675,507,478,339
2026/01/19/15:35:06,4734.618602,0.890938,0.834597,0.890938,0.834597,37,24,24,30,0,0,0,0,675,507,478,339
2026/01/19/15:35:07,4735.618686,0.865437,0.810550,0.865437,0.810550,34,24,24,27,0,0,0,0,678,507,478,342
2026/01/19/15:35:08,4736.618804,0.865437,0.810550,0.865437,0.810550,34,24,24,27,0,0,0,0,678,507,478,342
2026/01/19/15:35:09,4737.618899,0.865437,0.810550,0.865437,0.810550,34,24,24,27,0,0,0,0,678,507,478,342
2026/01/19/15:35:10,4738.618977,0.861563,0.804960,0.861563,0.804960,33,24,24,27,0,0,0,0,679,507,478,342
2026/01/19/15:35:11,4739.619079,0.861563,0.804960,0.861563,0.804960,33,24,24,27,0,0,0,0,679,507,478,342
2026/01/19/15:35:12,4740.619125,0.861563,0.804960,0.861563,0.804960,33,24,24,27,0,0,0,0,679,507,478,342
2026/01/19/15:35:13,4741.619242,0.854688,0.800588,0.854688,0.800588,33,24,23,27,0,0,0,0,679,507,479,342
2026/01/19/15:35:14,4742.619326,0.854688,0.800588,0.854688,0.800588,33,24,23,27,0,0,0,0,679,507,479,342
2026/01/19/15:35:15,4743.619407,0.854688,0.800588,0.854688,0.800588,33,24,23,27,0,0,0,0,679,507,479,342
2026/01/19/15:35:16,4744.619496,0.854688,0.800588,0.854688,0.800588,33,24,23,27,0,0,0,0,679,507,479,342
2026/01/19/15:35:17,4745.619589,0.854688,0.800588,0.854688,0.800588,33,24,23,27,0,0,0,0,679,507,479,342
2026/01/19/15:35:18,4746.619674,0.854688,0.800588,0.854688,0.800588,33,24,23,27,0,0,0,0,679,507,479,342
2026/01/19/15:35:19,4747.619755,0.854688,0.800588,0.854688,0.800588,33,24,23,27,0,0,0,0,679,507,479,342
2026/01/19/15:35:20,4748.619841,0.854688,0.800588,0.854688,0.800588,33,24,23,27,0,0,0,0,679,507,479,342
2026/01/19/15:35:21,4749.619927,0.854688,0.800588,0.854688,0.800588,33,24,23,27,0,0,0,0,679,507,479,342
2026/01/19/15:35:22,4750.620035,0.854688,0.800588,0.854688,0.800588,33,24,23,27,0,0,0,0,679,507,479,342
2026/01/19/15:35:23,4751.620152,0.854688,0.800588,0.854688,0.800588,33,24,23,27,0,0,0,0,679,507,479,342
2026/01/19/15:35:24,4752.620219,0.854688,0.800588,0.854688,0.800588,33,24,23,27,0,0,0,0,679,507,479,342
2026/01/19/15:35:25,4753.620375,0.854688,0.800588,0.854688,0.800588,33,24,23,27,0,0,0,0,679,507,479,342
2026/01/19/15:35:26,4754.620483,0.854688,0.800588,0.854688,0.800588,33,24,23,27,0,0,0,0,679,507,479,342
2026/01/19/15:35:27,4755.620587,0.854688,0.800588,0.854688,0.800588,33,24,23,27,0,0,0,0,679,507,479,342
2026/01/19/15:35:28,4756.620741,0.854688,0.800588,0.854688,0.800588,33,24,23,27,0,0,0,0,679,507,479,342
2026/01/19/15:35:29,4757.620898,0.854688,0.800588,0.854688,0.800588,33,24,23,27,0,0,0,0,679,507,479,342
2026/01/19/15:35:30,4758.620991,0.854688,0.800588,0.854688,0.800588,33,24,23,27,0,0,0,0,679,507,479,342
2026/01/19/15:35:31,4759.621143,0.854688,0.800588,0.854688,0.800588,33,24,23,27,0,0,0,0,679,507,479,342
2026/01/19/15:35:32,4760.621254,0.827438,0.750166,0.827438,0.750166,33,22,23,27,0,0,0,0,679,509,479,342
2026/01/19/15:35:33,4761.621331,0.823500,0.746146,0.823500,0.746146,33,21,23,27,0,0,0,0,679,510,479,342
2026/01/19/15:35:34,4762.621429,0.823500,0.746146,0.823500,0.746146,33,21,23,27,0,0,0,0,679,510,479,342
2026/01/19/15:35:35,4763.621582,0.823500,0.746146,0.823500,0.746146,33,21,23,27,0,0,0,0,679,510,479,342
2026/01/19/15:35:36,4764.621657,0.890125,0.805902,0.896000,0.809949,38,23,26,28,1,0,0,0,679,510,479,342
2026/01/19/15:35:37,4765.621761,0.918063,0.830310,1.007125,0.882025,41,23,27,28,3,1,1,0,679,510,479,342
2026/01/19/15:35:38,4766.621820,0.922000,0.823125,1.002500,0.871676,40,23,28,28,3,1,0,0,680,510,479,342
2026/01/19/15:35:39,4767.621929,0.908625,0.806820,0.977500,0.834111,37,23,28,28,3,0,0,0,683,510,479,342
2026/01/19/15:35:40,4768.622026,0.877125,0.787897,0.935500,0.810885,38,22,26,27,2,0,0,0,683,511,481,343
2026/01/19/15:35:41,4769.622113,0.866625,0.783593,0.925000,0.806582,37,22,26,27,2,0,0,0,684,511,481,343
2026/01/19/15:35:42,4770.622238,0.866625,0.783593,0.866625,0.783593,37,22,26,27,0,0,0,0,684,511,481,343
2026/01/19/15:35:43,4771.622324,0.849500,0.766387,0.849500,0.766387,37,21,23,27,0,0,0,0,684,512,484,343
2026/01/19/15:35:44,4772.622431,0.849500,0.766387,0.849500,0.766387,37,21,23,27,0,0,0,0,684,512,484,343
2026/01/19/15:35:45,4773.622536,0.849500,0.766387,0.849500,0.766387,37,21,23,27,0,0,0,0,684,512,484,343
2026/01/19/15:35:46,4774.622657,0.849500,0.766387,0.849500,0.766387,37,21,23,27,0,0,0,0,684,512,484,343
2026/01/19/15:35:47,4775.622847,0.849500,0.766387,0.849500,0.766387,37,21,23,27,0,0,0,0,684,512,484,343
2026/01/19/15:35:48,4776.622915,0.849500,0.766387,0.849500,0.766387,37,21,23,27,0,0,0,0,684,512,484,343
2026/01/19/15:35:49,4777.623099,0.849500,0.766387,0.849500,0.766387,37,21,23,27,0,0,0,0,684,512,484,343
2026/01/19/15:35:50,4778.623180,0.843125,0.759382,0.843125,0.759382,37,19,23,27,0,0,0,0,684,514,484,343
2026/01/19/15:35:51,4779.623260,0.843125,0.759382,0.843125,0.759382,37,19,23,27,0,0,0,0,684,514,484,343
2026/01/19/15:35:52,4780.623358,0.843125,0.759382,0.843125,0.759382,37,19,23,27,0,0,0,0,684,514,484,343
2026/01/19/15:35:53,4781.623454,0.843125,0.759382,0.843125,0.759382,37,19,23,27,0,0,0,0,684,514,484,343
2026/01/19/15:35:54,4782.623529,0.843125,0.759382,0.843125,0.759382,37,19,23,27,0,0,0,0,684,514,484,343
2026/01/19/15:35:55,4783.623644,0.853750,0.766548,0.853750,0.766548,37,21,23,27,0,0,0,0,684,514,484,343
2026/01/19/15:35:56,4784.623704,0.851500,0.788590,0.851500,0.788590,36,21,25,27,0,0,0,0,685,514,485,343
2026/01/19/15:35:57,4785.623781,0.851500,0.788590,0.851500,0.788590,36,21,25,27,0,0,0,0,685,514,485,343
2026/01/19/15:35:58,4786.623868,0.851500,0.788590,0.851500,0.788590,36,21,25,27,0,0,0,0,685,514,485,343
2026/01/19/15:35:59,4787.623960,0.851500,0.788590,0.851500,0.788590,36,21,25,27,0,0,0,0,685,514,485,343
2026/01/19/15:36:00,4788.624034,0.851500,0.788590,0.851500,0.788590,36,21,25,27,0,0,0,0,685,514,485,343
2026/01/19/15:36:01,4789.624109,0.851500,0.788590,0.851500,0.788590,36,21,25,27,0,0,0,0,685,514,485,343
2026/01/19/15:36:02,4790.624184,0.851500,0.788590,0.851500,0.788590,36,21,25,27,0,0,0,0,685,514,485,343
2026/01/19/15:36:03,4791.624261,0.851500,0.788590,0.851500,0.788590,36,21,25,27,0,0,0,0,685,514,485,343
2026/01/19/15:36:04,4792.624368,0.851500,0.788590,0.851500,0.788590,36,21,25,27,0,0,0,0,685,514,485,343
2026/01/19/15:36:05,4793.624435,0.878500,0.809733,0.907438,0.813746,38,23,25,27,0,0,0,1,685,514,485,343
2026/01/19/15:36:06,4794.624514,0.910750,0.850841,0.956063,0.858973,41,23,26,30,0,0,0,2,685,514,485,343
2026/01/19/15:36:07,4795.624615,0.910750,0.850841,0.956063,0.858973,41,23,26,30,0,0,0,2,685,514,485,343
2026/01/19/15:36:08,4796.624686,0.898250,0.831824,0.943562,0.839956,41,22,25,30,0,0,0,2,685,515,486,343
2026/01/19/15:36:09,4797.624761,0.885750,0.791471,0.914687,0.795484,41,22,22,28,0,0,0,1,685,515,489,346
2026/01/19/15:36:10,4798.624875,0.862062,0.764185,0.891000,0.768197,38,20,22,28,0,0,0,1,688,517,489,346
2026/01/19/15:36:11,4799.625025,0.862062,0.764185,0.891000,0.768197,38,20,22,28,0,0,0,1,688,517,489,346
2026/01/19/15:36:12,4800.625206,0.846938,0.755315,0.875875,0.759328,36,20,22,28,0,0,0,1,690,517,489,346
2026/01/19/15:36:13,4801.625300,0.846938,0.755315,0.875875,0.759328,36,20,22,28,0,0,0,1,690,517,489,346
2026/01/19/15:36:14,4802.625382,0.843187,0.745405,0.872125,0.749418,35,20,22,28,0,0,0,1,691,517,489,346
2026/01/19/15:36:15,4803.625482,0.843187,0.745405,0.872125,0.749418,35,20,22,28,0,0,0,1,691,517,489,346
2026/01/19/15:36:16,4804.625602,0.843187,0.745405,0.872125,0.749418,35,20,22,28,0,0,0,1,691,517,489,346
2026/01/19/15:36:17,4805.625722,0.843187,0.745405,0.872125,0.749418,35,20,22,28,0,0,0,1,691,517,489,346
2026/01/19/15:36:18,4806.625803,0.826812,0.741286,0.826812,0.741286,35,20,22,27,0,0,0,0,691,517,489,347
2026/01/19/15:36:19,4807.625956,0.826812,0.741286,0.826812,0.741286,35,20,22,27,0,0,0,0,691,517,489,347
2026/01/19/15:36:20,4808.626068,0.826812,0.741286,0.826812,0.741286,35,20,22,27,0,0,0,0,691,517,489,347
2026/01/19/15:36:21,4809.626225,0.826812,0.741286,0.826812,0.741286,35,20,22,27,0,0,0,0,691,517,489,347
2026/01/19/15:36:22,4810.626365,0.826812,0.741286,0.826812,0.741286,35,20,22,27,0,0,0,0,691,517,489,347
2026/01/19/15:36:23,4811.626469,0.826812,0.741286,0.826812,0.741286,35,20,22,27,0,0,0,0,691,517,489,347
2026/01/19/15:36:24,4812.626579,0.826812,0.741286,0.826812,0.741286,35,20,22,27,0,0,0,0,691,517,489,347
2026/01/19/15:36:25,4813.626740,0.826812,0.741286,0.826812,0.741286,35,20,22,27,0,0,0,0,691,517,489,347
2026/01/19/15:36:26,4814.626838,0.835812,0.760726,0.835812,0.760726,35,20,24,27,0,0,0,0,691,517,489,347
2026/01/19/15:36:27,4815.626987,0.854938,0.764831,0.854938,0.764831,35,20,24,28,0,0,0,0,691,517,489,347
2026/01/19/15:36:28,4816.627129,0.854938,0.764831,0.854938,0.764831,35,20,24,28,0,0,0,0,691,517,489,347
2026/01/19/15:36:29,4817.627237,0.854938,0.764831,0.854938,0.764831,35,20,24,28,0,0,0,0,691,517,489,347
2026/01/19/15:36:30,4818.627337,0.854938,0.764831,0.854938,0.764831,35,20,24,28,0,0,0,0,691,517,489,347
2026/01/19/15:36:31,4819.627414,0.882687,0.780997,0.997313,0.851067,36,23,24,28,2,1,0,3,691,517,489,347
2026/01/19/15:36:32,4820.627517,0.908563,0.817359,1.032250,0.888008,38,25,26,28,3,1,0,2,691,517,489,348
2026/01/19/15:36:33,4821.627670,0.916188,0.829406,1.095000,0.909151,38,27,26,28,5,1,0,2,691,517,489,348
2026/01/19/15:36:34,4822.627807,0.910438,0.824867,1.089250,0.904611,37,27,26,28,5,1,0,2,692,517,489,348
2026/01/19/15:36:35,4823.627869,0.867375,0.811276,1.009187,0.883083,37,24,26,27,5,1,0,0,692,520,489,349
2026/01/19/15:36:36,4824.627985,0.867375,0.811276,1.016625,0.887577,37,24,26,27,6,1,0,0,692,520,489,349
2026/01/19/15:36:37,4825.628076,0.874563,0.825824,0.933688,0.883988,39,24,26,24,2,1,0,0,693,522,489,352
2026/01/19/15:36:38,4826.628218,0.874563,0.825824,0.933688,0.883988,39,24,26,24,2,1,0,0,693,522,489,352
2026/01/19/15:36:39,4827.628332,0.914062,0.867116,0.973187,0.925280,39,28,26,26,2,1,0,0,693,522,489,352
2026/01/19/15:36:40,4828.628407,0.906625,0.862623,0.965750,0.920786,38,28,26,26,2,1,0,0,694,522,489,352
2026/01/19/15:36:41,4829.628512,0.922125,0.873688,0.962000,0.885415,38,29,26,27,0,1,0,1,694,522,489,352
2026/01/19/15:36:42,4830.628663,0.903500,0.851919,0.934125,0.859470,38,25,26,28,0,1,0,0,694,526,489,352
2026/01/19/15:36:43,4831.628767,0.897250,0.845028,0.927875,0.852579,38,24,26,28,0,1,0,0,694,527,489,352
2026/01/19/15:36:44,4832.628852,0.897250,0.845028,0.927875,0.852579,38,24,26,28,0,1,0,0,694,527,489,352
2026/01/19/15:36:45,4833.629009,0.935438,0.875309,1.018375,0.960098,38,29,27,28,4,1,0,0,694,527,489,352
2026/01/19/15:36:46,4834.629172,0.916937,0.866960,0.999875,0.951748,38,29,27,26,4,1,0,0,694,527,489,354
2026/01/19/15:36:47,4835.629288,0.916937,0.866960,0.999875,0.951748,38,29,27,26,4,1,0,0,694,527,489,354
2026/01/19/15:36:48,4836.629376,0.916937,0.866960,0.999875,0.951748,38,29,27,26,4,1,0,0,694,527,489,354
2026/01/19/15:36:49,4837.629463,0.916937,0.866960,1.011875,0.956016,38,29,27,26,4,1,1,0,694,527,489,354
2026/01/19/15:36:50,4838.629529,0.938562,0.896336,1.056250,1.031098,37,29,28,31,4,1,3,0,695,527,489,354
2026/01/19/15:36:51,4839.629641,0.938562,0.896336,1.056250,1.031098,37,29,28,31,4,1,3,0,695,527,489,354
2026/01/19/15:36:52,4840.629802,0.923375,0.870942,1.023438,0.978772,37,29,27,28,4,1,2,0,695,527,490,357
2026/01/19/15:36:53,4841.629908,0.913750,0.860416,1.013813,0.968247,37,29,27,26,4,1,2,0,695,527,490,359
2026/01/19/15:36:54,4842.630009,0.913750,0.860416,0.987750,0.958893,37,29,27,26,3,1,2,0,695,527,490,359
2026/01/19/15:36:55,4843.630160,0.910375,0.866580,0.979250,0.946282,37,29,26,26,3,1,1,0,695,527,492,359
2026/01/19/15:36:56,4844.630246,0.911125,0.865429,0.968000,0.940863,37,28,27,26,3,1,0,0,695,528,492,359
2026/01/19/15:36:57,4845.630351,0.911125,0.865429,0.968000,0.940863,37,28,27,26,3,1,0,0,695,528,492,359
2026/01/19/15:36:58,4846.630440,0.911125,0.865429,0.941750,0.872980,37,28,27,26,0,1,0,0,695,528,492,359
2026/01/19/15:36:59,4847.630537,0.911125,0.865429,0.941750,0.872980,37,28,27,26,0,1,0,0,695,528,492,359
2026/01/19/15:37:00,4848.630608,0.911125,0.865429,0.941750,0.872980,37,28,27,26,0,1,0,0,695,528,492,359
2026/01/19/15:37:01,4849.630726,0.911125,0.865429,0.941750,0.872980,37,28,27,26,0,1,0,0,695,528,492,359
2026/01/19/15:37:02,4850.630847,0.911125,0.865429,0.941750,0.872980,37,28,27,26,0,1,0,0,695,528,492,359
2026/01/19/15:37:03,4851.631027,0.902125,0.845989,0.932750,0.853540,37,28,25,26,0,1,0,0,695,528,494,359
2026/01/19/15:37:04,4852.631124,0.890500,0.830641,0.921125,0.838193,37,28,25,24,0,1,0,0,695,528,494,361
2026/01/19/15:37:05,4853.631283,0.890500,0.830641,0.921125,0.838193,37,28,25,24,0,1,0,0,695,528,494,361
2026/01/19/15:37:06,4854.631373,0.890500,0.830641,0.921125,0.838193,37,28,25,24,0,1,0,0,695,528,494,361
2026/01/19/15:37:07,4855.631439,0.885375,0.811867,0.916000,0.819419,37,28,24,24,0,1,0,0,695,528,495,361
2026/01/19/15:37:08,4856.631526,0.885375,0.811867,0.916000,0.819419,37,28,24,24,0,1,0,0,695,528,495,361
2026/01/19/15:37:09,4857.631668,0.885375,0.811867,0.916000,0.819419,37,28,24,24,0,1,0,0,695,528,495,361
2026/01/19/15:37:10,4858.631749,0.876125,0.799464,0.906750,0.807015,37,26,24,24,0,1,0,0,695,530,495,361
2026/01/19/15:37:11,4859.631822,0.876125,0.799464,0.906750,0.807015,37,26,24,24,0,1,0,0,695,530,495,361
2026/01/19/15:37:12,4860.631919,0.876125,0.799464,0.906750,0.807015,37,26,24,24,0,1,0,0,695,530,495,361
2026/01/19/15:37:13,4861.632014,0.906750,0.807015,0.906750,0.807015,37,27,24,24,0,0,0,0,697,530,495,361
2026/01/19/15:37:14,4862.632174,0.906750,0.807015,0.906750,0.807015,37,27,24,24,0,0,0,0,697,530,495,361
2026/01/19/15:37:15,4863.632248,0.906750,0.807015,0.906750,0.807015,37,27,24,24,0,0,0,0,697,530,495,361
2026/01/19/15:37:16,4864.632324,0.906750,0.807015,0.906750,0.807015,37,27,24,24,0,0,0,0,697,530,495,361
2026/01/19/15:37:17,4865.632488,0.902000,0.782813,0.902000,0.782813,37,26,24,24,0,0,0,0,697,531,495,361
2026/01/19/15:37:18,4866.632565,0.902000,0.782813,0.902000,0.782813,37,26,24,24,0,0,0,0,697,531,495,361
2026/01/19/15:37:19,4867.632638,0.887125,0.769445,0.887125,0.769445,35,26,24,24,0,0,0,0,699,531,495,361
2026/01/19/15:37:20,4868.632754,0.873563,0.764977,0.873563,0.764977,35,26,23,24,0,0,0,0,699,531,496,361
2026/01/19/15:37:21,4869.632812,0.873563,0.764977,0.873563,0.764977,35,26,23,24,0,0,0,0,699,531,496,361
2026/01/19/15:37:22,4870.632926,0.873563,0.764977,0.873563,0.764977,35,26,23,24,0,0,0,0,699,531,496,361
2026/01/19/15:37:23,4871.633015,0.873563,0.764977,0.873563,0.764977,35,26,23,24,0,0,0,0,699,531,496,361
2026/01/19/15:37:24,4872.633128,0.873563,0.764977,0.873563,0.764977,35,26,23,24,0,0,0,0,699,531,496,361
2026/01/19/15:37:25,4873.633217,0.873563,0.764977,0.873563,0.764977,35,26,23,24,0,0,0,0,699,531,496,361
2026/01/19/15:37:26,4874.633384,0.873563,0.764977,0.873563,0.764977,35,26,23,24,0,0,0,0,699,531,496,361
2026/01/19/15:37:27,4875.633464,0.873563,0.764977,0.873563,0.764977,35,26,23,24,0,0,0,0,699,531,496,361
2026/01/19/15:37:28,4876.633551,0.873563,0.764977,0.873563,0.764977,35,26,23,24,0,0,0,0,699,531,496,361
2026/01/19/15:37:29,4877.633669,0.861563,0.760710,0.861563,0.760710,35,26,22,24,0,0,0,0,699,531,497,361
2026/01/19/15:37:30,4878.633771,0.861563,0.760710,0.861563,0.760710,35,26,22,24,0,0,0,0,699,531,497,361
2026/01/19/15:37:31,4879.633872,0.861563,0.760710,0.861563,0.760710,35,26,22,24,0,0,0,0,699,531,497,361
2026/01/19/15:37:32,4880.634027,0.861563,0.760710,0.861563,0.760710,35,26,22,24,0,0,0,0,699,531,497,361
2026/01/19/15:37:33,4881.634139,0.861563,0.760710,0.861563,0.760710,35,26,22,24,0,0,0,0,699,531,497,361
2026/01/19/15:37:34,4882.634216,0.861563,0.760710,0.861563,0.760710,35,26,22,24,0,0,0,0,699,531,497,361
2026/01/19/15:37:35,4883.634384,0.861563,0.760710,0.861563,0.760710,35,26,22,24,0,0,0,0,699,531,497,361
2026/01/19/15:37:36,4884.634536,0.861563,0.760710,0.861563,0.760710,35,26,22,24,0,0,0,0,699,531,497,361
2026/01/19/15:37:37,4885.634686,0.861563,0.760710,0.861563,0.760710,35,26,22,24,0,0,0,0,699,531,497,361
2026/01/19/15:37:38,4886.634753,0.866375,0.766437,0.866375,0.766437,35,26,23,24,0,0,0,0,699,531,497,361
2026/01/19/15:37:39,4887.634860,0.866375,0.766437,0.866375,0.766437,35,26,23,24,0,0,0,0,699,531,497,361
2026/01/19/15:37:40,4888.634928,0.861563,0.760710,0.861563,0.760710,35,26,22,24,0,0,0,0,699,531,498,361
2026/01/19/15:37:41,4889.635072,0.861563,0.760710,0.861563,0.760710,35,26,22,24,0,0,0,0,699,531,498,361
2026/01/19/15:37:42,4890.635213,0.881812,0.777131,0.943438,0.815004,39,26,22,24,2,0,0,0,699,531,498,361
2026/01/19/15:37:43,4891.635310,0.881812,0.777131,0.943438,0.815004,39,26,22,24,2,0,0,0,699,531,498,361
2026/01/19/15:37:44,4892.635379,0.882188,0.775895,0.943813,0.813768,38,26,23,24,2,0,0,0,700,531,498,361
2026/01/19/15:37:45,4893.635508,0.875625,0.772655,0.875625,0.772655,37,26,23,24,0,0,0,0,701,531,498,361
2026/01/19/15:37:46,4894.635579,0.860250,0.759245,0.860250,0.759245,37,23,23,24,0,0,0,0,701,534,498,361
2026/01/19/15:37:47,4895.635723,0.860250,0.759245,0.860250,0.759245,37,23,23,24,0,0,0,0,701,534,498,361
2026/01/19/15:37:48,4896.635821,0.860250,0.759245,0.860250,0.759245,37,23,23,24,0,0,0,0,701,534,498,361
2026/01/19/15:37:49,4897.635901,0.873750,0.779179,0.873750,0.779179,37,23,26,24,0,0,0,0,701,534,498,361
2026/01/19/15:37:50,4898.635983,0.873750,0.779179,0.873750,0.779179,37,23,26,24,0,0,0,0,701,534,498,361
2026/01/19/15:37:51,4899.636080,0.873750,0.779179,0.873750,0.779179,37,23,26,24,0,0,0,0,701,534,498,361
2026/01/19/15:37:52,4900.636123,0.860250,0.759245,0.860250,0.759245,37,23,23,24,0,0,0,0,701,534,501,361
2026/01/19/15:37:53,4901.636245,0.860250,0.759245,0.860250,0.759245,37,23,23,24,0,0,0,0,701,534,501,361
2026/01/19/15:37:54,4902.636390,0.803438,0.744640,0.803438,0.744640,37,20,23,24,0,0,0,0,701,537,501,361
2026/01/19/15:37:55,4903.636489,0.803438,0.744640,0.803438,0.744640,37,20,23,24,0,0,0,0,701,537,501,361
2026/01/19/15:37:56,4904.636594,0.797687,0.741108,0.797687,0.741108,36,20,23,24,0,0,0,0,702,537,501,361
2026/01/19/15:37:57,4905.636710,0.797687,0.741108,0.797687,0.741108,36,20,23,24,0,0,0,0,702,537,501,361
2026/01/19/15:37:58,4906.636858,0.797687,0.741108,0.797687,0.741108,36,20,23,24,0,0,0,0,702,537,501,361
2026/01/19/15:37:59,4907.636953,0.797687,0.741108,0.797687,0.741108,36,20,23,24,0,0,0,0,702,537,501,361
2026/01/19/15:38:00,4908.637078,0.797687,0.741108,0.797687,0.741108,36,20,23,24,0,0,0,0,702,537,501,361
2026/01/19/15:38:01,4909.637183,0.797687,0.741108,0.797687,0.741108,36,20,23,24,0,0,0,0,702,537,501,361
2026/01/19/15:38:02,4910.637279,0.797687,0.741108,0.797687,0.741108,36,20,23,24,0,0,0,0,702,537,501,361
2026/01/19/15:38:03,4911.637349,0.797687,0.741108,0.797687,0.741108,36,20,23,24,0,0,0,0,702,537,501,361
2026/01/19/15:38:04,4912.637446,0.797687,0.741108,0.797687,0.741108,36,20,23,24,0,0,0,0,702,537,501,361
2026/01/19/15:38:05,4913.637524,0.797687,0.741108,0.797687,0.741108,36,20,23,24,0,0,0,0,702,537,501,361
2026/01/19/15:38:06,4914.637616,0.797687,0.741108,0.797687,0.741108,36,20,23,24,0,0,0,0,702,537,501,361
2026/01/19/15:38:07,4915.637703,0.797687,0.741108,0.797687,0.741108,36,20,23,24,0,0,0,0,702,537,501,361
2026/01/19/15:38:08,4916.637797,0.797687,0.741108,0.797687,0.741108,36,20,23,24,0,0,0,0,702,537,501,361
2026/01/19/15:38:09,4917.637934,0.797687,0.741108,0.797687,0.741108,36,20,23,24,0,0,0,0,702,537,501,361
2026/01/19/15:38:10,4918.638084,0.797687,0.741108,0.797687,0.741108,36,20,23,24,0,0,0,0,702,537,501,361
2026/01/19/15:38:11,4919.638167,0.797687,0.741108,0.797687,0.741108,36,20,23,24,0,0,0,0,702,537,501,361
2026/01/19/15:38:12,4920.638314,0.797687,0.741108,0.797687,0.741108,36,20,23,24,0,0,0,0,702,537,501,361
2026/01/19/15:38:13,4921.638395,0.797687,0.741108,0.797687,0.741108,36,20,23,24,0,0,0,0,702,537,501,361
2026/01/19/15:38:14,4922.638480,0.797687,0.741108,0.797687,0.741108,36,20,23,24,0,0,0,0,702,537,501,361
2026/01/19/15:38:15,4923.638650,0.797687,0.741108,0.797687,0.741108,36,20,23,24,0,0,0,0,702,537,501,361
2026/01/19/15:38:16,4924.638722,0.797687,0.741108,0.797687,0.741108,36,20,23,24,0,0,0,0,702,537,501,361
2026/01/19/15:38:17,4925.638806,0.797687,0.741108,0.797687,0.741108,36,20,23,24,0,0,0,0,702,537,501,361
2026/01/19/15:38:18,4926.638924,0.797687,0.741108,0.797687,0.741108,36,20,23,24,0,0,0,0,702,537,501,361
2026/01/19/15:38:19,4927.639103,0.816500,0.816952,0.832750,0.890214,39,21,23,24,3,0,0,0,702,537,501,361
2026/01/19/15:38:20,4928.639188,0.816500,0.816952,0.832750,0.890214,39,21,23,24,3,0,0,0,702,537,501,361
2026/01/19/15:38:21,4929.639268,0.811813,0.813532,0.828063,0.886794,39,20,23,24,3,0,0,0,702,538,501,361
2026/01/19/15:38:22,4930.639434,0.811813,0.813532,0.828063,0.886794,39,20,23,24,3,0,0,0,702,538,501,361
2026/01/19/15:38:23,4931.639524,0.811813,0.813532,0.828063,0.886794,39,20,23,24,3,0,0,0,702,538,501,361
2026/01/19/15:38:24,4932.639660,0.811813,0.813532,0.828063,0.886794,39,20,23,24,3,0,0,0,702,538,501,361
2026/01/19/15:38:25,4933.639772,0.803438,0.791009,0.819688,0.864270,37,20,23,24,3,0,0,0,704,538,501,361
2026/01/19/15:38:26,4934.639848,0.803438,0.791009,0.819688,0.864270,37,20,23,24,3,0,0,0,704,538,501,361
2026/01/19/15:38:27,4935.639960,0.803438,0.791009,0.819688,0.864270,37,20,23,24,3,0,0,0,704,538,501,361
2026/01/19/15:38:28,4936.640111,0.803438,0.791009,0.819688,0.864270,37,20,23,24,3,0,0,0,704,538,501,361
2026/01/19/15:38:29,4937.640199,0.803438,0.791009,0.819688,0.864270,37,20,23,24,3,0,0,0,704,538,501,361
2026/01/19/15:38:30,4938.640336,0.803438,0.791009,0.819688,0.864270,37,20,23,24,3,0,0,0,704,538,501,361
2026/01/19/15:38:31,4939.640433,0.803438,0.791009,0.819688,0.864270,37,20,23,24,3,0,0,0,704,538,501,361
2026/01/19/15:38:32,4940.640565,0.803438,0.791009,0.819688,0.864270,37,20,23,24,3,0,0,0,704,538,501,361
2026/01/19/15:38:33,4941.640667,0.819688,0.864270,0.819688,0.864270,40,20,23,24,0,0,0,0,707,538,501,361
2026/01/19/15:38:34,4942.640740,0.819688,0.864270,0.819688,0.864270,40,20,23,24,0,0,0,0,707,538,501,361
2026/01/19/15:38:35,4943.640847,0.819688,0.864270,0.819688,0.864270,40,20,23,24,0,0,0,0,707,538,501,361
2026/01/19/15:38:36,4944.640933,0.819688,0.864270,0.819688,0.864270,40,20,23,24,0,0,0,0,707,538,501,361
2026/01/19/15:38:37,4945.641100,0.819688,0.864270,0.819688,0.864270,40,20,23,24,0,0,0,0,707,538,501,361
2026/01/19/15:38:38,4946.641155,0.819688,0.864270,0.819688,0.864270,40,20,23,24,0,0,0,0,707,538,501,361
2026/01/19/15:38:39,4947.641238,0.819688,0.864270,0.819688,0.864270,40,20,23,24,0,0,0,0,707,538,501,361
2026/01/19/15:38:40,4948.641373,0.819688,0.864270,0.819688,0.864270,40,20,23,24,0,0,0,0,707,538,501,361
2026/01/19/15:38:41,4949.641477,0.819688,0.864270,0.819688,0.864270,40,20,23,24,0,0,0,0,707,538,501,361
2026/01/19/15:38:42,4950.641572,0.895875,0.911350,0.989062,0.973375,42,22,28,24,1,2,2,0,707,538,501,361
2026/01/19/15:38:43,4951.641665,0.921750,0.937716,1.067687,1.048995,42,24,30,25,1,4,3,3,707,538,501,361
2026/01/19/15:38:44,4952.641752,0.914438,0.935579,1.067687,1.099308,42,25,28,26,4,6,2,2,707,538,503,361
2026/01/19/15:38:45,4953.641825,0.925875,0.938781,1.045375,1.088792,42,25,28,27,1,6,2,1,707,538,503,361
2026/01/19/15:38:46,4954.641902,0.882125,0.917772,0.970750,1.045979,41,25,23,28,0,6,2,0,708,538,508,361
2026/01/19/15:38:47,4955.642022,0.878125,0.914126,0.942438,1.034305,41,24,23,28,0,5,2,0,708,539,508,361
2026/01/19/15:38:48,4956.642130,0.874875,0.903565,0.924312,0.938959,41,23,23,28,0,1,2,0,708,540,508,361
2026/01/19/15:38:49,4957.642217,0.870750,0.897672,0.920188,0.933066,40,23,23,28,0,1,2,0,709,540,508,361
2026/01/19/15:38:50,4958.642376,0.870750,0.897672,0.920188,0.933066,40,23,23,28,0,1,2,0,709,540,508,361
2026/01/19/15:38:51,4959.642467,0.870750,0.897672,0.890125,0.922502,40,23,23,28,0,0,2,0,709,540,508,361
2026/01/19/15:38:52,4960.642531,0.870750,0.897672,0.890125,0.922502,40,23,23,28,0,0,2,0,709,540,508,361
2026/01/19/15:38:53,4961.642617,0.870750,0.897672,0.890125,0.922502,40,23,23,28,0,0,2,0,709,540,508,361
2026/01/19/15:38:54,4962.642704,0.870750,0.897672,0.890125,0.922502,40,23,23,28,0,0,2,0,709,540,508,361
2026/01/19/15:38:55,4963.642853,0.870750,0.897672,0.890125,0.922502,40,23,23,28,0,0,2,0,709,540,508,361
2026/01/19/15:38:56,4964.643015,0.870750,0.897672,0.890125,0.922502,40,23,23,28,0,0,2,0,709,540,508,361
2026/01/19/15:38:57,4965.643087,0.870750,0.897672,0.890125,0.922502,40,23,23,28,0,0,2,0,709,540,508,361
2026/01/19/15:38:58,4966.643138,0.870750,0.897672,0.890125,0.922502,40,23,23,28,0,0,2,0,709,540,508,361
2026/01/19/15:38:59,4967.643292,0.861625,0.881112,0.881000,0.905942,40,21,23,28,0,0,2,0,709,542,508,361
2026/01/19/15:39:00,4968.643420,0.861625,0.881112,0.881000,0.905942,40,21,23,28,0,0,2,0,709,542,508,361
2026/01/19/15:39:01,4969.643501,0.827313,0.871508,0.827313,0.871508,40,21,23,25,0,0,0,0,709,542,508,364
2026/01/19/15:39:02,4970.643585,0.827313,0.871508,0.827313,0.871508,40,21,23,25,0,0,0,0,709,542,508,364
2026/01/19/15:39:03,4971.643727,0.823562,0.867626,0.823562,0.867626,40,21,23,24,0,0,0,0,709,542,508,365
2026/01/19/15:39:04,4972.643872,0.823562,0.867626,0.823562,0.867626,40,21,23,24,0,0,0,0,709,542,508,365
2026/01/19/15:39:05,4973.644003,0.823562,0.867626,0.823562,0.867626,40,21,23,24,0,0,0,0,709,542,508,365
2026/01/19/15:39:06,4974.644115,0.823562,0.867626,0.823562,0.867626,40,21,23,24,0,0,0,0,709,542,508,365
2026/01/19/15:39:07,4975.644276,0.823562,0.867626,0.823562,0.867626,40,21,23,24,0,0,0,0,709,542,508,365
2026/01/19/15:39:08,4976.644432,0.823562,0.867626,0.823562,0.867626,40,21,23,24,0,0,0,0,709,542,508,365
2026/01/19/15:39:09,4977.644526,0.823562,0.867626,0.823562,0.867626,40,21,23,24,0,0,0,0,709,542,508,365
2026/01/19/15:39:10,4978.644685,0.823562,0.867626,0.823562,0.867626,40,21,23,24,0,0,0,0,709,542,508,365
2026/01/19/15:39:11,4979.644750,0.827375,0.878746,0.827375,0.878746,41,21,23,24,0,0,0,0,709,542,508,365
2026/01/19/15:39:12,4980.644918,0.885625,0.927073,0.941937,0.970911,43,21,28,27,3,2,0,0,709,542,508,365
2026/01/19/15:39:13,4981.645006,0.893250,0.930754,0.949562,0.974592,43,21,28,28,3,2,0,0,709,542,508,365
2026/01/19/15:39:14,4982.645156,0.866875,0.902173,0.896312,0.921023,42,21,25,26,1,1,0,0,711,542,511,367
2026/01/19/15:39:15,4983.645308,0.863625,0.895039,0.893062,0.913889,42,21,24,26,1,1,0,0,711,542,512,367
2026/01/19/15:39:16,4984.645420,0.863625,0.895039,0.893062,0.913889,42,21,24,26,1,1,0,0,711,542,512,367
2026/01/19/15:39:17,4985.645519,0.863625,0.895039,0.893062,0.913889,42,21,24,26,1,1,0,0,711,542,512,367
2026/01/19/15:39:18,4986.645613,0.863625,0.895039,0.893062,0.913889,42,21,24,26,1,1,0,0,711,542,512,367
2026/01/19/15:39:19,4987.645761,0.863625,0.895039,0.893062,0.913889,42,21,24,26,1,1,0,0,711,542,512,367
2026/01/19/15:39:20,4988.645865,0.863625,0.895039,0.893062,0.913889,42,21,24,26,1,1,0,0,711,542,512,367
2026/01/19/15:39:21,4989.645982,0.863625,0.895039,0.893062,0.913889,42,21,24,26,1,1,0,0,711,542,512,367
2026/01/19/15:39:22,4990.646123,0.863625,0.895039,0.893062,0.913889,42,21,24,26,1,1,0,0,711,542,512,367
2026/01/19/15:39:23,4991.646228,0.863625,0.895039,0.893062,0.913889,42,21,24,26,1,1,0,0,711,542,512,367
2026/01/19/15:39:24,4992.646326,0.854750,0.891240,0.884188,0.910090,42,21,23,26,1,1,0,0,711,542,513,367
2026/01/19/15:39:25,4993.646479,0.854750,0.891240,0.884188,0.910090,42,21,23,26,1,1,0,0,711,542,513,367
2026/01/19/15:39:26,4994.646633,0.854750,0.891240,0.884188,0.910090,42,21,23,26,1,1,0,0,711,542,513,367
2026/01/19/15:39:27,4995.646689,0.854750,0.891240,0.884188,0.910090,42,21,23,26,1,1,0,0,711,542,513,367
2026/01/19/15:39:28,4996.646807,0.854750,0.891240,0.884188,0.910090,42,21,23,26,1,1,0,0,711,542,513,367
2026/01/19/15:39:29,4997.646899,0.884188,0.910090,0.884188,0.910090,43,22,23,26,0,0,0,0,713,542,513,367
2026/01/19/15:39:30,4998.647068,0.884188,0.910090,0.884188,0.910090,43,22,23,26,0,0,0,0,713,542,513,367
2026/01/19/15:39:31,4999.647110,0.865812,0.835991,0.865812,0.835991,40,22,23,26,0,0,0,0,716,542,513,367
2026/01/19/15:39:32,5000.647214,0.865812,0.835991,0.865812,0.835991,40,22,23,26,0,0,0,0,716,542,513,367
2026/01/19/15:39:33,5001.647377,0.865812,0.835991,0.865812,0.835991,40,22,23,26,0,0,0,0,716,542,513,367
2026/01/19/15:39:34,5002.647450,0.865812,0.835991,0.865812,0.835991,40,22,23,26,0,0,0,0,716,542,513,367
2026/01/19/15:39:35,5003.647529,0.834438,0.840529,0.834438,0.840529,38,22,23,28,0,0,0,0,718,542,513,367
2026/01/19/15:39:36,5004.647624,0.834438,0.840529,0.834438,0.840529,38,22,23,28,0,0,0,0,718,542,513,367
2026/01/19/15:39:37,5005.647751,0.834438,0.840529,0.834438,0.840529,38,22,23,28,0,0,0,0,718,542,513,367
2026/01/19/15:39:38,5006.647824,0.834438,0.840529,0.834438,0.840529,38,22,23,28,0,0,0,0,718,542,513,367
2026/01/19/15:39:39,5007.647923,0.830625,0.829410,0.830625,0.829410,37,22,23,28,0,0,0,0,719,542,513,367
2026/01/19/15:39:40,5008.647997,0.830625,0.829410,0.830625,0.829410,37,22,23,28,0,0,0,0,719,542,513,367
2026/01/19/15:39:41,5009.648088,0.826187,0.825888,0.826187,0.825888,37,22,22,28,0,0,0,0,719,542,514,367
2026/01/19/15:39:42,5010.648171,0.826187,0.825888,0.826187,0.825888,37,22,22,28,0,0,0,0,719,542,514,367
2026/01/19/15:39:43,5011.648259,0.826187,0.825888,0.826187,0.825888,37,22,22,28,0,0,0,0,719,542,514,367
2026/01/19/15:39:44,5012.648342,0.838187,0.833950,0.838187,0.833950,38,22,22,28,0,0,0,0,719,542,514,367
2026/01/19/15:39:45,5013.648438,0.884250,0.874947,0.884250,0.874947,39,22,22,32,0,0,0,0,719,542,514,367
2026/01/19/15:39:46,5014.648554,0.884250,0.874947,0.884250,0.874947,39,22,22,32,0,0,0,0,719,542,514,367
2026/01/19/15:39:47,5015.648681,0.885000,0.884754,0.885000,0.884754,39,25,22,29,0,0,0,0,719,542,514,370
2026/01/19/15:39:48,5016.648872,0.885000,0.884754,0.885000,0.884754,39,25,22,29,0,0,0,0,719,542,514,370
2026/01/19/15:39:49,5017.648963,0.864938,0.843839,0.864938,0.843839,39,22,22,29,0,0,0,0,719,545,514,370
2026/01/19/15:39:50,5018.649132,0.898438,0.887801,0.898438,0.887801,41,24,24,29,0,0,0,0,719,545,514,370
2026/01/19/15:39:51,5019.649215,0.898438,0.887801,0.898438,0.887801,41,24,24,29,0,0,0,0,719,545,514,370
2026/01/19/15:39:52,5020.649323,0.888938,0.881423,0.888938,0.881423,40,24,24,29,0,0,0,0,720,545,514,370
2026/01/19/15:39:53,5021.649410,0.888938,0.881423,0.888938,0.881423,40,24,24,29,0,0,0,0,720,545,514,370
2026/01/19/15:39:54,5022.649504,0.888938,0.881423,0.888938,0.881423,40,24,24,29,0,0,0,0,720,545,514,370
2026/01/19/15:39:55,5023.649570,0.888938,0.881423,0.888938,0.881423,40,24,24,29,0,0,0,0,720,545,514,370
2026/01/19/15:39:56,5024.649719,0.888938,0.881423,0.888938,0.881423,40,24,24,29,0,0,0,0,720,545,514,370
2026/01/19/15:39:57,5025.649818,0.888938,0.881423,0.888938,0.881423,40,24,24,29,0,0,0,0,720,545,514,370
2026/01/19/15:39:58,5026.649901,0.888938,0.881423,0.888938,0.881423,40,24,24,29,0,0,0,0,720,545,514,370
2026/01/19/15:39:59,5027.649986,0.888938,0.881423,0.888938,0.881423,40,24,24,29,0,0,0,0,720,545,514,370
2026/01/19/15:40:00,5028.650109,0.888938,0.881423,0.888938,0.881423,40,24,24,29,0,0,0,0,720,545,514,370
2026/01/19/15:40:01,5029.650202,0.888938,0.881423,0.888938,0.881423,40,24,24,29,0,0,0,0,720,545,514,370
2026/01/19/15:40:02,5030.650273,0.876938,0.873360,0.876938,0.873360,39,24,24,29,0,0,0,0,721,545,514,370
2026/01/19/15:40:03,5031.650420,0.876938,0.873360,0.876938,0.873360,39,24,24,29,0,0,0,0,721,545,514,370
2026/01/19/15:40:04,5032.650524,0.876938,0.873360,0.876938,0.873360,39,24,24,29,0,0,0,0,721,545,514,370
2026/01/19/15:40:05,5033.650603,0.876938,0.873360,0.876938,0.873360,39,24,24,29,0,0,0,0,721,545,514,370
2026/01/19/15:40:06,5034.650733,0.876938,0.873360,0.876938,0.873360,39,24,24,29,0,0,0,0,721,545,514,370
2026/01/19/15:40:07,5035.650785,0.876938,0.873360,0.876938,0.873360,39,24,24,29,0,0,0,0,721,545,514,370
2026/01/19/15:40:08,5036.650896,0.866500,0.857844,0.866500,0.857844,39,23,24,29,0,0,0,0,721,546,514,370
2026/01/19/15:40:09,5037.650974,0.866500,0.857844,0.866500,0.857844,39,23,24,29,0,0,0,0,721,546,514,370
2026/01/19/15:40:10,5038.651069,0.866500,0.857844,0.866500,0.857844,39,23,24,29,0,0,0,0,721,546,514,370
2026/01/19/15:40:11,5039.651145,0.866500,0.857844,0.866500,0.857844,39,23,24,29,0,0,0,0,721,546,514,370
2026/01/19/15:40:12,5040.651231,0.866500,0.857844,0.866500,0.857844,39,23,24,29,0,0,0,0,721,546,514,370
2026/01/19/15:40:13,5041.651375,0.866500,0.857844,0.866500,0.857844,39,23,24,29,0,0,0,0,721,546,514,370
2026/01/19/15:40:14,5042.651528,0.866500,0.857844,0.866500,0.857844,39,23,24,29,0,0,0,0,721,546,514,370
2026/01/19/15:40:15,5043.651654,0.866500,0.857844,0.866500,0.857844,39,23,24,29,0,0,0,0,721,546,514,370
2026/01/19/15:40:16,5044.651759,0.866500,0.857844,0.866500,0.857844,39,23,24,29,0,0,0,0,721,546,514,370
2026/01/19/15:40:17,5045.651847,0.866500,0.857844,0.866500,0.857844,39,23,24,29,0,0,0,0,721,546,514,370
2026/01/19/15:40:18,5046.651952,0.866500,0.857844,0.866500,0.857844,39,23,24,29,0,0,0,0,721,546,514,370
2026/01/19/15:40:19,5047.652085,0.866500,0.857844,0.866500,0.857844,39,23,24,29,0,0,0,0,721,546,514,370
2026/01/19/15:40:20,5048.652203,0.866500,0.857844,0.866500,0.857844,39,23,24,29,0,0,0,0,721,546,514,370
2026/01/19/15:40:21,5049.652281,0.866500,0.857844,0.866500,0.857844,39,23,24,29,0,0,0,0,721,546,514,370
2026/01/19/15:40:22,5050.652400,0.866500,0.857844,0.866500,0.857844,39,23,24,29,0,0,0,0,721,546,514,370
2026/01/19/15:40:23,5051.652517,0.866500,0.857844,0.866500,0.857844,39,23,24,29,0,0,0,0,721,546,514,370
2026/01/19/15:40:24,5052.652650,0.859875,0.846640,0.859875,0.846640,39,23,24,27,0,0,0,0,721,546,514,372
2026/01/19/15:40:25,5053.652733,0.859875,0.846640,0.859875,0.846640,39,23,24,27,0,0,0,0,721,546,514,372
2026/01/19/15:40:26,5054.652814,0.872250,0.857431,0.872250,0.857431,39,25,24,27,0,0,0,0,721,546,514,372
2026/01/19/15:40:27,5055.652891,0.872250,0.857431,0.872250,0.857431,39,25,24,27,0,0,0,0,721,546,514,372
2026/01/19/15:40:28,5056.652973,0.863875,0.848270,0.863875,0.848270,39,25,24,25,0,0,0,0,721,546,514,374
2026/01/19/15:40:29,5057.653114,0.863875,0.848270,0.863875,0.848270,39,25,24,25,0,0,0,0,721,546,514,374
2026/01/19/15:40:30,5058.653197,0.847625,0.834122,0.847625,0.834122,39,22,24,25,0,0,0,0,721,549,514,374
2026/01/19/15:40:31,5059.653284,0.847625,0.834122,0.847625,0.834122,39,22,24,25,0,0,0,0,721,549,514,374
2026/01/19/15:40:32,5060.653363,0.847625,0.834122,0.847625,0.834122,39,22,24,25,0,0,0,0,721,549,514,374
2026/01/19/15:40:33,5061.653450,0.847625,0.834122,0.847625,0.834122,39,22,24,25,0,0,0,0,721,549,514,374
2026/01/19/15:40:34,5062.653534,0.847625,0.834122,0.847625,0.834122,39,22,24,25,0,0,0,0,721,549,514,374
2026/01/19/15:40:35,5063.653621,0.892250,0.846775,0.892250,0.846775,39,22,24,28,0,0,0,0,721,549,514,374
2026/01/19/15:40:36,5064.653709,0.892250,0.846775,0.892250,0.846775,39,22,24,28,0,0,0,0,721,549,514,374
2026/01/19/15:40:37,5065.653872,0.847625,0.834122,0.847625,0.834122,39,22,24,25,0,0,0,0,721,549,514,377
2026/01/19/15:40:38,5066.653953,0.847625,0.834122,0.847625,0.834122,39,22,24,25,0,0,0,0,721,549,514,377
2026/01/19/15:40:39,5067.654046,0.847625,0.834122,0.847625,0.834122,39,22,24,25,0,0,0,0,721,549,514,377
2026/01/19/15:40:40,5068.654158,0.847625,0.834122,0.847625,0.834122,39,22,24,25,0,0,0,0,721,549,514,377
2026/01/19/15:40:41,5069.654241,0.847625,0.834122,0.847625,0.834122,39,22,24,25,0,0,0,0,721,549,514,377
2026/01/19/15:40:42,5070.654397,0.847625,0.834122,0.847625,0.834122,39,22,24,25,0,0,0,0,721,549,514,377
2026/01/19/15:40:43,5071.654518,0.847625,0.834122,0.847625,0.834122,39,22,24,25,0,0,0,0,721,549,514,377
2026/01/19/15:40:44,5072.654599,0.847625,0.834122,0.847625,0.834122,39,22,24,25,0,0,0,0,721,549,514,377
2026/01/19/15:40:45,5073.654683,0.847625,0.834122,0.847625,0.834122,39,22,24,25,0,0,0,0,721,549,514,377
2026/01/19/15:40:46,5074.654813,0.847625,0.834122,0.847625,0.834122,39,22,24,25,0,0,0,0,721,549,514,377
2026/01/19/15:40:47,5075.654957,0.847625,0.834122,0.847625,0.834122,39,22,24,25,0,0,0,0,721,549,514,377
2026/01/19/15:40:48,5076.655128,0.847625,0.834122,0.847625,0.834122,39,22,24,25,0,0,0,0,721,549,514,377
2026/01/19/15:40:49,5077.655230,0.847625,0.834122,0.847625,0.834122,39,22,24,25,0,0,0,0,721,549,514,377
2026/01/19/15:40:50,5078.655356,0.847625,0.834122,0.847625,0.834122,39,22,24,25,0,0,0,0,721,549,514,377
2026/01/19/15:40:51,5079.655501,0.847625,0.834122,0.847625,0.834122,39,22,24,25,0,0,0,0,721,549,514,377
2026/01/19/15:40:52,5080.655583,0.847625,0.834122,0.847625,0.834122,39,22,24,25,0,0,0,0,721,549,514,377
2026/01/19/15:40:53,5081.655661,0.847625,0.834122,0.847625,0.834122,39,22,24,25,0,0,0,0,721,549,514,377
2026/01/19/15:40:54,5082.655746,0.847625,0.834122,0.847625,0.834122,39,22,24,25,0,0,0,0,721,549,514,377
2026/01/19/15:40:55,5083.655831,0.847625,0.834122,0.847625,0.834122,39,22,24,25,0,0,0,0,721,549,514,377
2026/01/19/15:40:56,5084.655973,0.847625,0.834122,0.847625,0.834122,39,22,24,25,0,0,0,0,721,549,514,377
2026/01/19/15:40:57,5085.656112,0.847625,0.834122,0.847625,0.834122,39,22,24,25,0,0,0,0,721,549,514,377
2026/01/19/15:40:58,5086.656202,0.847625,0.834122,0.847625,0.834122,39,22,24,25,0,0,0,0,721,549,514,377
2026/01/19/15:40:59,5087.656289,0.847625,0.834122,0.847625,0.834122,39,22,24,25,0,0,0,0,721,549,514,377
2026/01/19/15:41:00,5088.656387,0.847625,0.834122,0.847625,0.834122,39,22,24,25,0,0,0,0,721,549,514,377
2026/01/19/15:41:01,5089.656468,0.847625,0.834122,0.847625,0.834122,39,22,24,25,0,0,0,0,721,549,514,377
2026/01/19/15:41:02,5090.656590,0.847625,0.834122,0.847625,0.834122,39,22,24,25,0,0,0,0,721,549,514,377
2026/01/19/15:41:03,5091.656737,0.841125,0.813244,0.841125,0.813244,39,20,24,25,0,0,0,0,721,551,514,377
2026/01/19/15:41:04,5092.656864,0.841125,0.813244,0.841125,0.813244,39,20,24,25,0,0,0,0,721,551,514,377
2026/01/19/15:41:05,5093.656934,0.841125,0.813244,0.841125,0.813244,39,20,24,25,0,0,0,0,721,551,514,377
2026/01/19/15:41:06,5094.657074,0.841125,0.813244,0.841125,0.813244,39,20,24,25,0,0,0,0,721,551,514,377
2026/01/19/15:41:07,5095.657116,0.841125,0.813244,0.841125,0.813244,39,20,24,25,0,0,0,0,721,551,514,377
2026/01/19/15:41:08,5096.657217,0.823875,0.809734,0.823875,0.809734,39,20,24,24,0,0,0,0,721,551,514,378
2026/01/19/15:41:09,5097.657348,0.823875,0.809734,0.823875,0.809734,39,20,24,24,0,0,0,0,721,551,514,378
2026/01/19/15:41:10,5098.657489,0.823875,0.809734,0.823875,0.809734,39,20,24,24,0,0,0,0,721,551,514,378
2026/01/19/15:41:11,5099.657573,0.823875,0.809734,0.823875,0.809734,39,20,24,24,0,0,0,0,721,551,514,378
2026/01/19/15:41:12,5100.657681,0.823875,0.809734,0.823875,0.809734,39,20,24,24,0,0,0,0,721,551,514,378
2026/01/19/15:41:13,5101.657775,0.823875,0.809734,0.823875,0.809734,39,20,24,24,0,0,0,0,721,551,514,378
2026/01/19/15:41:14,5102.657875,0.823875,0.809734,0.823875,0.809734,39,20,24,24,0,0,0,0,721,551,514,378
2026/01/19/15:41:15,5103.658096,0.823875,0.809734,0.823875,0.809734,39,20,24,24,0,0,0,0,721,551,514,378
2026/01/19/15:41:16,5104.658109,0.823875,0.809734,0.823875,0.809734,39,20,24,24,0,0,0,0,721,551,514,378
2026/01/19/15:41:17,5105.658213,0.823875,0.809734,0.823875,0.809734,39,20,24,24,0,0,0,0,721,551,514,378
2026/01/19/15:41:18,5106.658289,0.823875,0.809734,0.823875,0.809734,39,20,24,24,0,0,0,0,721,551,514,378
2026/01/19/15:41:19,5107.658390,0.823875,0.809734,0.823875,0.809734,39,20,24,24,0,0,0,0,721,551,514,378
2026/01/19/15:41:20,5108.658463,0.823875,0.809734,0.823875,0.809734,39,20,24,24,0,0,0,0,721,551,514,378
2026/01/19/15:41:21,5109.658549,0.823875,0.809734,0.823875,0.809734,39,20,24,24,0,0,0,0,721,551,514,378
2026/01/19/15:41:22,5110.658649,0.823875,0.809734,0.823875,0.809734,39,20,24,24,0,0,0,0,721,551,514,378
2026/01/19/15:41:23,5111.658737,0.855688,0.844999,0.855688,0.844999,44,20,27,24,0,0,0,0,721,551,514,378
2026/01/19/15:41:24,5112.659720,0.855688,0.844999,0.855688,0.844999,44,20,27,24,0,0,0,0,721,551,514,378
2026/01/19/15:41:25,5113.659859,0.855688,0.844999,0.855688,0.844999,44,20,27,24,0,0,0,0,721,551,514,378
2026/01/19/15:41:26,5114.659946,0.843313,0.835389,0.843313,0.835389,44,20,24,24,0,0,0,0,721,551,517,378
2026/01/19/15:41:27,5115.660078,0.833812,0.827619,0.833812,0.827619,42,20,24,24,0,0,0,0,723,551,517,378
2026/01/19/15:41:28,5116.660122,0.833812,0.827619,0.833812,0.827619,42,20,24,24,0,0,0,0,723,551,517,378
2026/01/19/15:41:29,5117.660209,0.823875,0.809734,0.823875,0.809734,39,20,24,24,0,0,0,0,726,551,517,378
2026/01/19/15:41:30,5118.660348,0.850875,0.823040,0.894375,0.858076,39,20,24,27,3,0,0,0,726,551,517,378
2026/01/19/15:41:31,5119.660444,0.876062,0.870829,0.905062,0.894187,40,20,24,30,2,0,0,0,726,551,517,378
2026/01/19/15:41:32,5120.660547,0.891625,0.874801,0.920625,0.898159,40,20,24,31,2,0,0,0,726,551,517,378
2026/01/19/15:41:33,5121.660648,0.898875,0.889691,0.934312,0.941485,42,20,24,31,3,0,0,0,726,551,517,378
2026/01/19/15:41:34,5122.660750,0.898875,0.889691,0.934312,0.941485,42,20,24,31,3,0,0,0,726,551,517,378
2026/01/19/15:41:35,5123.660830,0.857375,0.864707,0.863812,0.893144,41,20,24,28,1,0,0,0,727,551,517,381
2026/01/19/15:41:36,5124.660934,0.857375,0.864707,0.863812,0.893144,41,20,24,28,1,0,0,0,727,551,517,381
2026/01/19/15:41:37,5125.661012,0.857375,0.864707,0.863812,0.893144,41,20,24,28,1,0,0,0,727,551,517,381
2026/01/19/15:41:38,5126.661108,0.857375,0.864707,0.863812,0.893144,41,20,24,28,1,0,0,0,727,551,517,381
2026/01/19/15:41:39,5127.661204,0.841812,0.860735,0.848250,0.889172,41,20,24,27,1,0,0,0,727,551,517,382
2026/01/19/15:41:40,5128.661338,0.841812,0.860735,0.848250,0.889172,41,20,24,27,1,0,0,0,727,551,517,382
2026/01/19/15:41:41,5129.661427,0.841812,0.860735,0.848250,0.889172,41,20,24,27,1,0,0,0,727,551,517,382
2026/01/19/15:41:42,5130.661536,0.841812,0.860735,0.848250,0.889172,41,20,24,27,1,0,0,0,727,551,517,382
2026/01/19/15:41:43,5131.661624,0.841812,0.860735,0.848250,0.889172,41,20,24,27,1,0,0,0,727,551,517,382
2026/01/19/15:41:44,5132.661714,0.841812,0.860735,0.848250,0.889172,41,20,24,27,1,0,0,0,727,551,517,382
2026/01/19/15:41:45,5133.661846,0.841812,0.860735,0.848250,0.889172,41,20,24,27,1,0,0,0,727,551,517,382
2026/01/19/15:41:46,5134.661923,0.837562,0.853061,0.837562,0.853061,42,20,24,24,0,0,0,0,727,551,517,385
2026/01/19/15:41:47,5135.662010,0.837562,0.853061,0.837562,0.853061,42,20,24,24,0,0,0,0,727,551,517,385
2026/01/19/15:41:48,5136.662141,0.837562,0.853061,0.837562,0.853061,42,20,24,24,0,0,0,0,727,551,517,385
2026/01/19/15:41:49,5137.662273,0.837562,0.853061,0.837562,0.853061,42,20,24,24,0,0,0,0,727,551,517,385
2026/01/19/15:41:50,5138.662367,0.831125,0.824624,0.831125,0.824624,41,20,24,24,0,0,0,0,728,551,517,385
2026/01/19/15:41:51,5139.662446,0.831125,0.824624,0.831125,0.824624,41,20,24,24,0,0,0,0,728,551,517,385
2026/01/19/15:41:52,5140.662531,0.861250,0.843802,0.861250,0.843802,41,24,24,24,0,0,0,0,728,551,517,385
2026/01/19/15:41:53,5141.662614,0.861250,0.843802,0.861250,0.843802,41,24,24,24,0,0,0,0,728,551,517,385
2026/01/19/15:41:54,5142.662749,0.850125,0.831445,0.850125,0.831445,41,21,24,24,0,0,0,0,728,554,517,385
2026/01/19/15:41:55,5143.662902,0.850125,0.831445,0.850125,0.831445,41,21,24,24,0,0,0,0,728,554,517,385
2026/01/19/15:41:56,5144.663079,0.831125,0.824624,0.831125,0.824624,41,20,24,24,0,0,0,0,728,555,517,385
2026/01/19/15:41:57,5145.663135,0.831125,0.824624,0.831125,0.824624,41,20,24,24,0,0,0,0,728,555,517,385
2026/01/19/15:41:58,5146.663244,0.831125,0.824624,0.831125,0.824624,41,20,24,24,0,0,0,0,728,555,517,385
2026/01/19/15:41:59,5147.663299,0.831125,0.824624,0.831125,0.824624,41,20,24,24,0,0,0,0,728,555,517,385
2026/01/19/15:42:00,5148.663445,0.831125,0.824624,0.831125,0.824624,41,20,24,24,0,0,0,0,728,555,517,385
2026/01/19/15:42:01,5149.663589,0.831125,0.824624,0.831125,0.824624,41,20,24,24,0,0,0,0,728,555,517,385
2026/01/19/15:42:02,5150.663683,0.831125,0.824624,0.831125,0.824624,41,20,24,24,0,0,0,0,728,555,517,385
2026/01/19/15:42:03,5151.663764,0.831125,0.824624,0.831125,0.824624,41,20,24,24,0,0,0,0,728,555,517,385
2026/01/19/15:42:04,5152.663918,0.831125,0.824624,0.831125,0.824624,41,20,24,24,0,0,0,0,728,555,517,385
2026/01/19/15:42:05,5153.664046,0.831125,0.824624,0.831125,0.824624,41,20,24,24,0,0,0,0,728,555,517,385
2026/01/19/15:42:06,5154.664107,0.831125,0.824624,0.831125,0.824624,41,20,24,24,0,0,0,0,728,555,517,385
2026/01/19/15:42:07,5155.664270,0.831125,0.824624,0.831125,0.824624,41,20,24,24,0,0,0,0,728,555,517,385
2026/01/19/15:42:08,5156.664393,0.831125,0.824624,0.831125,0.824624,41,20,24,24,0,0,0,0,728,555,517,385
2026/01/19/15:42:09,5157.664505,0.831125,0.824624,0.831125,0.824624,41,20,24,24,0,0,0,0,728,555,517,385
2026/01/19/15:42:10,5158.664653,0.831125,0.824624,0.831125,0.824624,41,20,24,24,0,0,0,0,728,555,517,385
2026/01/19/15:42:11,5159.664810,0.831125,0.824624,0.831125,0.824624,41,20,24,24,0,0,0,0,728,555,517,385
2026/01/19/15:42:12,5160.664899,0.831125,0.824624,0.831125,0.824624,41,20,24,24,0,0,0,0,728,555,517,385
2026/01/19/15:42:13,5161.664991,0.831125,0.824624,0.831125,0.824624,41,20,24,24,0,0,0,0,728,555,517,385
2026/01/19/15:42:14,5162.665130,0.831125,0.824624,0.831125,0.824624,41,20,24,24,0,0,0,0,728,555,517,385
2026/01/19/15:42:15,5163.665274,0.831125,0.824624,0.831125,0.824624,41,20,24,24,0,0,0,0,728,555,517,385
2026/01/19/15:42:16,5164.665437,0.831125,0.824624,0.831125,0.824624,41,20,24,24,0,0,0,0,728,555,517,385
2026/01/19/15:42:17,5165.665582,0.831125,0.824624,0.831125,0.824624,41,20,24,24,0,0,0,0,728,555,517,385
2026/01/19/15:42:18,5166.665705,0.831125,0.824624,0.831125,0.824624,41,20,24,24,0,0,0,0,728,555,517,385
2026/01/19/15:42:19,5167.665798,0.831125,0.824624,0.831125,0.824624,41,20,24,24,0,0,0,0,728,555,517,385
2026/01/19/15:42:20,5168.665914,0.831125,0.824624,0.831125,0.824624,41,20,24,24,0,0,0,0,728,555,517,385
2026/01/19/15:42:21,5169.665999,0.831125,0.824624,0.831125,0.824624,41,20,24,24,0,0,0,0,728,555,517,385
2026/01/19/15:42:22,5170.666131,0.831125,0.824624,0.831125,0.824624,41,20,24,24,0,0,0,0,728,555,517,385
2026/01/19/15:42:23,5171.666223,0.831125,0.824624,0.831125,0.824624,41,20,24,24,0,0,0,0,728,555,517,385
2026/01/19/15:42:24,5172.666488,0.831125,0.824624,0.831125,0.824624,41,20,24,24,0,0,0,0,728,555,517,385
2026/01/19/15:42:25,5173.666574,0.831125,0.824624,0.831125,0.824624,41,20,24,24,0,0,0,0,728,555,517,385
2026/01/19/15:42:26,5174.666665,0.831125,0.824624,0.831125,0.824624,41,20,24,24,0,0,0,0,728,555,517,385
2026/01/19/15:42:27,5175.666775,0.831125,0.824624,0.831125,0.824624,41,20,24,24,0,0,0,0,728,555,517,385
2026/01/19/15:42:28,5176.666896,0.831125,0.824624,0.831125,0.824624,41,20,24,24,0,0,0,0,728,555,517,385
2026/01/19/15:42:29,5177.667032,0.831125,0.824624,0.831125,0.824624,41,20,24,24,0,0,0,0,728,555,517,385
2026/01/19/15:42:30,5178.667188,0.831125,0.824624,0.831125,0.824624,41,20,24,24,0,0,0,0,728,555,517,385
2026/01/19/15:42:31,5179.667337,0.831125,0.824624,0.831125,0.824624,41,20,24,24,0,0,0,0,728,555,517,385
2026/01/19/15:42:32,5180.667442,0.831125,0.824624,0.831125,0.824624,41,20,24,24,0,0,0,0,728,555,517,385
2026/01/19/15:42:33,5181.667579,0.831125,0.824624,0.831125,0.824624,41,20,24,24,0,0,0,0,728,555,517,385
2026/01/19/15:42:34,5182.667729,0.831125,0.824624,0.831125,0.824624,41,20,24,24,0,0,0,0,728,555,517,385
2026/01/19/15:42:35,5183.667807,0.831125,0.824624,0.831125,0.824624,41,20,24,24,0,0,0,0,728,555,517,385
2026/01/19/15:42:36,5184.667920,0.831125,0.824624,0.831125,0.824624,41,20,24,24,0,0,0,0,728,555,517,385
2026/01/19/15:42:37,5185.668106,0.831125,0.824624,0.831125,0.824624,41,20,24,24,0,0,0,0,728,555,517,385
2026/01/19/15:42:38,5186.668130,0.831125,0.824624,0.831125,0.824624,41,20,24,24,0,0,0,0,728,555,517,385
2026/01/19/15:42:39,5187.668215,0.840500,0.831742,0.840500,0.831742,43,20,24,24,0,0,0,0,728,555,517,385
2026/01/19/15:42:40,5188.668346,0.840500,0.831742,0.840500,0.831742,43,20,24,24,0,0,0,0,728,555,517,385
2026/01/19/15:42:41,5189.668499,0.840500,0.831742,0.840500,0.831742,43,20,24,24,0,0,0,0,728,555,517,385
2026/01/19/15:42:42,5190.668573,0.876062,0.862980,0.927687,0.904803,49,20,25,24,3,1,0,0,728,555,517,385
2026/01/19/15:42:43,5191.668664,0.876062,0.862980,0.927687,0.904803,49,20,25,24,3,1,0,0,728,555,517,385
2026/01/19/15:42:44,5192.668756,0.868563,0.859795,0.920188,0.901618,48,20,25,24,3,1,0,0,729,555,517,385
2026/01/19/15:42:45,5193.668862,0.868563,0.859795,0.920188,0.901618,48,20,25,24,3,1,0,0,729,555,517,385
2026/01/19/15:42:46,5194.668955,0.864750,0.856034,0.916375,0.897857,48,20,24,24,3,1,0,0,729,555,518,385
2026/01/19/15:42:47,5195.669077,0.864750,0.856034,0.890437,0.892160,48,20,24,24,3,0,0,0,729,555,518,385
2026/01/19/15:42:48,5196.669209,0.868000,0.864359,0.885125,0.888443,48,20,24,24,2,0,0,0,730,555,518,385
2026/01/19/15:42:49,5197.669362,0.868000,0.864359,0.885125,0.888443,48,20,24,24,2,0,0,0,730,555,518,385
2026/01/19/15:42:50,5198.669444,0.863688,0.859916,0.880812,0.883999,47,20,24,24,2,0,0,0,731,555,518,385
2026/01/19/15:42:51,5199.669549,0.855125,0.847874,0.855125,0.847874,46,20,24,24,0,0,0,0,732,555,518,385
2026/01/19/15:42:52,5200.669690,0.843750,0.839902,0.843750,0.839902,44,20,24,24,0,0,0,0,734,555,518,385
2026/01/19/15:42:53,5201.669852,0.834375,0.832784,0.834375,0.832784,42,20,24,24,0,0,0,0,736,555,518,385
2026/01/19/15:42:54,5202.669943,0.834375,0.832784,0.834375,0.832784,42,20,24,24,0,0,0,0,736,555,518,385
2026/01/19/15:42:55,5203.670120,0.834375,0.832784,0.834375,0.832784,42,20,24,24,0,0,0,0,736,555,518,385
2026/01/19/15:42:56,5204.670214,0.834375,0.832784,0.834375,0.832784,42,20,24,24,0,0,0,0,736,555,518,385
2026/01/19/15:42:57,5205.670348,0.834375,0.832784,0.834375,0.832784,42,20,24,24,0,0,0,0,736,555,518,385
2026/01/19/15:42:58,5206.670434,0.834375,0.832784,0.834375,0.832784,42,20,24,24,0,0,0,0,736,555,518,385
2026/01/19/15:42:59,5207.670546,0.834375,0.832784,0.834375,0.832784,42,20,24,24,0,0,0,0,736,555,518,385
2026/01/19/15:43:00,5208.670692,0.834375,0.832784,0.834375,0.832784,42,20,24,24,0,0,0,0,736,555,518,385
2026/01/19/15:43:01,5209.670802,0.834375,0.832784,0.834375,0.832784,42,20,24,24,0,0,0,0,736,555,518,385
2026/01/19/15:43:02,5210.670941,0.834375,0.832784,0.834375,0.832784,42,20,24,24,0,0,0,0,736,555,518,385
2026/01/19/15:43:03,5211.671045,0.865000,0.863078,0.865000,0.863078,42,21,24,27,0,0,0,0,736,555,518,385
2026/01/19/15:43:04,5212.671105,0.873313,0.872929,0.910188,0.923325,42,21,24,28,0,1,1,3,736,555,518,385
2026/01/19/15:43:05,5213.671220,0.918937,0.913085,0.983437,0.946571,44,22,26,31,2,0,0,2,736,556,518,385
2026/01/19/15:43:06,5214.671380,0.926438,0.920675,0.990938,0.954162,44,22,28,31,2,0,0,2,736,556,518,385
2026/01/19/15:43:07,5215.671533,0.919312,0.911500,0.983812,0.944987,42,22,28,31,2,0,0,2,738,556,518,385
2026/01/19/15:43:08,5216.671687,0.919312,0.911500,0.983812,0.944987,42,22,28,31,2,0,0,2,738,556,518,385
2026/01/19/15:43:09,5217.671781,0.919312,0.911500,0.935562,0.936168,42,22,28,31,0,0,0,2,738,556,518,385
2026/01/19/15:43:10,5218.671883,0.900062,0.910645,0.908188,0.922979,42,22,28,29,0,0,0,1,738,556,518,388
2026/01/19/15:43:11,5219.671955,0.900062,0.910645,0.908188,0.922979,42,22,28,29,0,0,0,1,738,556,518,388
2026/01/19/15:43:12,5220.672134,0.919500,0.919357,0.990875,0.960537,44,22,28,29,4,0,0,2,738,556,518,388
2026/01/19/15:43:13,5221.672288,0.919500,0.919357,0.990875,0.960537,44,22,28,29,4,0,0,2,738,556,518,388
2026/01/19/15:43:14,5222.672370,0.920063,0.915713,0.974625,0.935869,45,22,28,28,3,0,0,1,738,556,518,389
2026/01/19/15:43:15,5223.672458,0.909625,0.923802,0.925000,0.928161,44,24,28,28,0,0,0,1,741,556,518,389
2026/01/19/15:43:16,5224.672542,0.909625,0.923802,0.925000,0.928161,44,24,28,28,0,0,0,1,741,556,518,389
2026/01/19/15:43:17,5225.672631,0.921438,0.922783,0.921438,0.922783,43,24,28,29,0,0,0,0,742,556,518,389
2026/01/19/15:43:18,5226.672697,0.932125,0.923439,0.932125,0.923439,44,24,28,29,0,0,0,0,743,556,518,389
2026/01/19/15:43:19,5227.672914,0.932125,0.923439,0.932125,0.923439,44,24,28,29,0,0,0,0,743,556,518,389
2026/01/19/15:43:20,5228.673015,0.917125,0.911541,0.917125,0.911541,42,24,28,29,0,0,0,0,745,556,518,389
2026/01/19/15:43:21,5229.673165,0.912937,0.906383,0.912937,0.906383,41,24,28,29,0,0,0,0,746,556,518,389
2026/01/19/15:43:22,5230.673280,0.912937,0.906383,0.912937,0.906383,41,24,28,29,0,0,0,0,746,556,518,389
2026/01/19/15:43:23,5231.673348,0.912937,0.906383,0.912937,0.906383,41,24,28,29,0,0,0,0,746,556,518,389
2026/01/19/15:43:24,5232.673450,0.912937,0.906383,0.912937,0.906383,41,24,28,29,0,0,0,0,746,556,518,389
2026/01/19/15:43:25,5233.673581,0.930937,0.936661,0.998938,0.997856,41,24,32,30,2,0,4,0,746,556,518,389
2026/01/19/15:43:26,5234.673747,0.930937,0.936661,0.998938,0.997856,41,24,32,30,2,0,4,0,746,556,518,389
2026/01/19/15:43:27,5235.673902,0.930937,0.936661,0.998938,0.997856,41,24,32,30,2,0,4,0,746,556,518,389
2026/01/19/15:43:28,5236.674125,0.921375,0.923251,0.989375,0.984446,41,24,29,30,2,0,4,0,746,556,521,389
2026/01/19/15:43:29,5237.674214,0.930125,0.918419,0.989563,0.984550,41,24,29,30,2,3,1,0,746,556,522,389
2026/01/19/15:43:30,5238.674376,0.930125,0.918419,0.989563,0.984550,41,24,29,30,2,3,1,0,746,556,522,389
2026/01/19/15:43:31,5239.674436,0.930125,0.918419,0.973812,0.958434,41,24,29,30,2,0,1,0,746,556,522,389
2026/01/19/15:43:32,5240.674500,0.930125,0.918419,0.973812,0.958434,41,24,29,30,2,0,1,0,746,556,522,389
2026/01/19/15:43:33,5241.674662,0.916188,0.914580,0.945937,0.950756,41,24,28,30,2,0,0,0,746,556,523,389
2026/01/19/15:43:34,5242.674756,0.916188,0.914580,0.945937,0.950756,41,24,28,30,2,0,0,0,746,556,523,389
2026/01/19/15:43:35,5243.674845,0.916188,0.914580,0.945937,0.950756,41,24,28,30,2,0,0,0,746,556,523,389
2026/01/19/15:43:36,5244.674987,0.916188,0.914580,0.945937,0.950756,41,24,28,30,2,0,0,0,746,556,523,389
2026/01/19/15:43:37,5245.675103,0.912937,0.906383,0.942688,0.942559,41,24,28,29,2,0,0,0,746,556,523,390
2026/01/19/15:43:38,5246.675193,0.912937,0.906383,0.942688,0.942559,41,24,28,29,2,0,0,0,746,556,523,390
2026/01/19/15:43:39,5247.675279,0.912937,0.906383,0.942688,0.942559,41,24,28,29,2,0,0,0,746,556,523,390
2026/01/19/15:43:40,5248.675447,0.912937,0.906383,0.942688,0.942559,41,24,28,29,2,0,0,0,746,556,523,390
2026/01/19/15:43:41,5249.675575,0.901687,0.894997,0.931438,0.931172,41,24,25,29,2,0,0,0,746,556,526,390
2026/01/19/15:43:42,5250.675722,0.901687,0.894997,0.931438,0.931172,41,24,25,29,2,0,0,0,746,556,526,390
2026/01/19/15:43:43,5251.704447,0.901687,0.894997,0.931438,0.931172,41,24,25,29,2,0,0,0,746,556,526,390
2026/01/19/15:43:44,5252.704528,0.901687,0.894997,0.931438,0.931172,41,24,25,29,2,0,0,0,746,556,526,390
2026/01/19/15:43:45,5253.704656,0.901687,0.894997,0.931438,0.931172,41,24,25,29,2,0,0,0,746,556,526,390
2026/01/19/15:43:46,5254.704764,0.931438,0.931172,0.931438,0.931172,43,24,25,29,0,0,0,0,750,556,526,390
2026/01/19/15:43:47,5255.704869,0.931438,0.931172,0.931438,0.931172,43,24,25,29,0,0,0,0,750,556,526,390
2026/01/19/15:43:48,5256.704962,0.924438,0.922622,0.924438,0.922622,43,24,25,28,0,0,0,0,750,556,526,391
2026/01/19/15:43:49,5257.705016,0.924438,0.922622,0.924438,0.922622,43,24,25,28,0,0,0,0,750,556,526,391
2026/01/19/15:43:50,5258.705107,0.924438,0.922622,0.924438,0.922622,43,24,25,28,0,0,0,0,750,556,526,391
2026/01/19/15:43:51,5259.705219,0.924438,0.922622,0.924438,0.922622,43,24,25,28,0,0,0,0,750,556,526,391
2026/01/19/15:43:52,5260.705321,0.924438,0.922622,0.924438,0.922622,43,24,25,28,0,0,0,0,750,556,526,391
2026/01/19/15:43:53,5261.705412,0.924438,0.922622,0.924438,0.922622,43,24,25,28,0,0,0,0,750,556,526,391
2026/01/19/15:43:54,5262.705499,0.924438,0.922622,0.924438,0.922622,43,24,25,28,0,0,0,0,750,556,526,391
2026/01/19/15:43:55,5263.705635,0.914937,0.914016,0.914937,0.914016,43,22,25,28,0,0,0,0,750,558,526,391
2026/01/19/15:43:56,5264.705714,0.904563,0.907148,0.904563,0.907148,43,21,25,28,0,0,0,0,750,559,526,391
2026/01/19/15:43:57,5265.705790,0.889188,0.902789,0.889188,0.902789,43,21,25,27,0,0,0,0,750,559,526,392
2026/01/19/15:43:58,5266.705896,0.889188,0.902789,0.889188,0.902789,43,21,25,27,0,0,0,0,750,559,526,392
2026/01/19/15:43:59,5267.705998,0.889188,0.902789,0.889188,0.902789,43,21,25,27,0,0,0,0,750,559,526,392
2026/01/19/15:44:00,5268.706112,0.889188,0.902789,0.889188,0.902789,43,21,25,27,0,0,0,0,750,559,526,392
2026/01/19/15:44:01,5269.706220,0.889188,0.902789,0.889188,0.902789,43,21,25,27,0,0,0,0,750,559,526,392
2026/01/19/15:44:02,5270.706286,0.889188,0.902789,0.889188,0.902789,43,21,25,27,0,0,0,0,750,559,526,392
2026/01/19/15:44:03,5271.706380,0.859437,0.866613,0.859437,0.866613,41,21,25,27,0,0,0,0,752,559,526,392
2026/01/19/15:44:04,5272.706451,0.842812,0.846912,0.842812,0.846912,41,21,25,25,0,0,0,0,752,559,526,394
2026/01/19/15:44:05,5273.706536,0.842812,0.846912,0.842812,0.846912,41,21,25,25,0,0,0,0,752,559,526,394
2026/01/19/15:44:06,5274.706672,0.842812,0.846912,0.842812,0.846912,41,21,25,25,0,0,0,0,752,559,526,394
2026/01/19/15:44:07,5275.706775,0.842812,0.846912,0.842812,0.846912,41,21,25,25,0,0,0,0,752,559,526,394
2026/01/19/15:44:08,5276.706867,0.842812,0.846912,0.842812,0.846912,41,21,25,25,0,0,0,0,752,559,526,394
2026/01/19/15:44:09,5277.706985,0.842812,0.846912,0.842812,0.846912,41,21,25,25,0,0,0,0,752,559,526,394
2026/01/19/15:44:10,5278.707102,0.842812,0.846912,0.842812,0.846912,41,21,25,25,0,0,0,0,752,559,526,394
2026/01/19/15:44:11,5279.707163,0.842812,0.846912,0.842812,0.846912,41,21,25,25,0,0,0,0,752,559,526,394
2026/01/19/15:44:12,5280.707260,0.842812,0.846912,0.842812,0.846912,41,21,25,25,0,0,0,0,752,559,526,394
2026/01/19/15:44:13,5281.707365,0.842812,0.846912,0.842812,0.846912,41,21,25,25,0,0,0,0,752,559,526,394
2026/01/19/15:44:14,5282.707446,0.842812,0.846912,0.842812,0.846912,41,21,25,25,0,0,0,0,752,559,526,394
2026/01/19/15:44:15,5283.707571,0.842812,0.846912,0.842812,0.846912,41,21,25,25,0,0,0,0,752,559,526,394
2026/01/19/15:44:16,5284.707688,0.842812,0.846912,0.842812,0.846912,41,21,25,25,0,0,0,0,752,559,526,394
2026/01/19/15:44:17,5285.707788,0.842812,0.846912,0.842812,0.846912,41,21,25,25,0,0,0,0,752,559,526,394
2026/01/19/15:44:18,5286.707920,0.842812,0.846912,0.842812,0.846912,41,21,25,25,0,0,0,0,752,559,526,394
2026/01/19/15:44:19,5287.708023,0.842812,0.846912,0.842812,0.846912,41,21,25,25,0,0,0,0,752,559,526,394
2026/01/19/15:44:20,5288.708081,0.842812,0.846912,0.842812,0.846912,41,21,25,25,0,0,0,0,752,559,526,394
2026/01/19/15:44:21,5289.708197,0.842812,0.846912,0.842812,0.846912,41,21,25,25,0,0,0,0,752,559,526,394
2026/01/19/15:44:22,5290.708291,0.842812,0.846912,0.842812,0.846912,41,21,25,25,0,0,0,0,752,559,526,394
2026/01/19/15:44:23,5291.708395,0.894750,0.906356,0.986437,0.975576,44,23,25,25,2,1,2,1,752,559,526,394
2026/01/19/15:44:24,5292.708484,0.894750,0.906356,0.986437,0.975576,44,23,25,25,2,1,2,1,752,559,526,394
2026/01/19/15:44:25,5293.708552,0.890188,0.902379,0.981875,0.971600,43,23,25,25,2,1,2,1,753,559,526,394
2026/01/19/15:44:26,5294.708639,0.890188,0.902379,0.981875,0.971600,43,23,25,25,2,1,2,1,753,559,526,394
2026/01/19/15:44:27,5295.708732,0.870437,0.882744,0.893500,0.909341,43,21,25,25,2,0,0,0,753,561,526,394
2026/01/19/15:44:28,5296.708818,0.865938,0.864469,0.884500,0.872793,42,21,25,25,1,0,0,0,754,561,526,394
2026/01/19/15:44:29,5297.708893,0.865938,0.864469,0.884500,0.872793,42,21,25,25,1,0,0,0,754,561,526,394
2026/01/19/15:44:30,5298.708992,0.865938,0.864469,0.884500,0.872793,42,21,25,25,1,0,0,0,754,561,526,394
2026/01/19/15:44:31,5299.709106,0.865938,0.864469,0.884500,0.872793,42,21,25,25,1,0,0,0,754,561,526,394
2026/01/19/15:44:32,5300.709230,0.865938,0.864469,0.884500,0.872793,42,21,25,25,1,0,0,0,754,561,526,394
2026/01/19/15:44:33,5301.709270,0.913563,0.901286,1.009875,0.950682,45,23,25,26,1,2,0,2,754,561,526,394
2026/01/19/15:44:34,5302.709391,0.913563,0.901286,1.009875,0.950682,45,23,25,26,1,2,0,2,754,561,526,394
2026/01/19/15:44:35,5303.709466,0.913563,0.901286,1.009875,0.950682,45,23,25,26,1,2,0,2,754,561,526,394
2026/01/19/15:44:36,5304.709556,0.913563,0.901286,1.009875,0.950682,45,23,25,26,1,2,0,2,754,561,526,394
2026/01/19/15:44:37,5305.709690,0.913563,0.901286,1.009875,0.950682,45,23,25,26,1,2,0,2,754,561,526,394
2026/01/19/15:44:38,5306.709792,0.902188,0.894702,0.975750,0.930929,45,23,25,25,1,2,0,0,754,561,526,395
2026/01/19/15:44:39,5307.709898,0.879938,0.887870,0.953500,0.924098,45,21,25,25,1,2,0,0,754,563,526,395
2026/01/19/15:44:40,5308.709991,0.873437,0.875085,0.947000,0.911313,44,21,25,25,1,2,0,0,755,563,526,395
2026/01/19/15:44:41,5309.710074,0.865938,0.864469,0.939500,0.900697,42,21,25,25,1,2,0,0,757,563,526,395
2026/01/19/15:44:42,5310.710174,0.865938,0.864469,0.939500,0.900697,42,21,25,25,1,2,0,0,757,563,526,395
2026/01/19/15:44:43,5311.710271,0.865938,0.864469,0.939500,0.900697,42,21,25,25,1,2,0,0,757,563,526,395
2026/01/19/15:44:44,5312.710333,0.877250,0.857903,0.932250,0.885807,41,21,25,25,0,2,0,0,759,563,526,395
2026/01/19/15:44:45,5313.710440,0.877250,0.857903,0.932250,0.885807,41,21,25,25,0,2,0,0,759,563,526,395
2026/01/19/15:44:46,5314.710527,0.877250,0.857903,0.932250,0.885807,41,21,25,25,0,2,0,0,759,563,526,395
2026/01/19/15:44:47,5315.710647,0.877250,0.857903,0.932250,0.885807,41,21,25,25,0,2,0,0,759,563,526,395
2026/01/19/15:44:48,5316.713515,0.877250,0.857903,0.932250,0.885807,41,21,25,25,0,2,0,0,759,563,526,395
2026/01/19/15:44:49,5317.713626,0.877250,0.857903,0.932250,0.885807,41,21,25,25,0,2,0,0,759,563,526,395
2026/01/19/15:44:50,5318.713734,0.877250,0.857903,0.932250,0.885807,41,21,25,25,0,2,0,0,759,563,526,395
2026/01/19/15:44:51,5319.713825,0.877250,0.857903,0.932250,0.885807,41,21,25,25,0,2,0,0,759,563,526,395
2026/01/19/15:44:52,5320.713915,0.877250,0.857903,0.932250,0.885807,41,21,25,25,0,2,0,0,759,563,526,395
2026/01/19/15:44:53,5321.714010,0.898625,0.884192,0.953625,0.912096,41,23,28,25,0,2,0,0,759,563,526,395
2026/01/19/15:44:54,5322.714111,0.898625,0.884192,0.953625,0.912096,41,23,28,25,0,2,0,0,759,563,526,395
2026/01/19/15:44:55,5323.714205,0.889625,0.873929,0.944625,0.901833,41,21,28,25,0,2,0,0,759,565,526,395
2026/01/19/15:44:56,5324.714277,0.877250,0.857903,0.932250,0.885807,41,21,25,25,0,2,0,0,759,565,529,395
2026/01/19/15:44:57,5325.714447,0.932250,0.885807,0.932250,0.885807,41,23,25,25,0,0,0,0,764,565,529,395
2026/01/19/15:44:58,5326.714550,0.932250,0.885807,0.932250,0.885807,41,23,25,25,0,0,0,0,764,565,529,395
2026/01/19/15:44:59,5327.714614,0.932250,0.885807,0.932250,0.885807,41,23,25,25,0,0,0,0,764,565,529,395
2026/01/19/15:45:00,5328.714713,0.932250,0.885807,0.932250,0.885807,41,23,25,25,0,0,0,0,764,565,529,395
2026/01/19/15:45:01,5329.714804,0.932250,0.885807,0.932250,0.885807,41,23,25,25,0,0,0,0,764,565,529,395
2026/01/19/15:45:02,5330.714880,0.932250,0.885807,0.932250,0.885807,41,23,25,25,0,0,0,0,764,565,529,395
2026/01/19/15:45:03,5331.715017,0.932250,0.885807,0.932250,0.885807,41,23,25,25,0,0,0,0,764,565,529,395
2026/01/19/15:45:04,5332.715146,0.923188,0.881836,0.923188,0.881836,41,23,24,25,0,0,0,0,764,565,530,395
2026/01/19/15:45:05,5333.715250,0.923188,0.881836,0.923188,0.881836,41,23,24,25,0,0,0,0,764,565,530,395
2026/01/19/15:45:06,5334.715327,0.923188,0.881836,0.923188,0.881836,41,23,24,25,0,0,0,0,764,565,530,395
2026/01/19/15:45:07,5335.715409,0.912875,0.862394,0.912875,0.862394,41,23,24,22,0,0,0,0,764,565,530,398
2026/01/19/15:45:08,5336.715511,0.912875,0.862394,0.912875,0.862394,41,23,24,22,0,0,0,0,764,565,530,398
2026/01/19/15:45:09,5337.715604,0.912875,0.862394,0.912875,0.862394,41,23,24,22,0,0,0,0,764,565,530,398
2026/01/19/15:45:10,5338.715696,0.912875,0.862394,0.912875,0.862394,41,23,24,22,0,0,0,0,764,565,530,398
2026/01/19/15:45:11,5339.715768,0.912875,0.862394,0.912875,0.862394,41,23,24,22,0,0,0,0,764,565,530,398
2026/01/19/15:45:12,5340.715878,0.912875,0.862394,0.912875,0.862394,41,23,24,22,0,0,0,0,764,565,530,398
2026/01/19/15:45:13,5341.715991,0.912875,0.862394,0.912875,0.862394,41,23,24,22,0,0,0,0,764,565,530,398
2026/01/19/15:45:14,5342.716068,0.912875,0.862394,0.912875,0.862394,41,23,24,22,0,0,0,0,764,565,530,398
2026/01/19/15:45:15,5343.716152,0.912875,0.862394,0.912875,0.862394,41,23,24,22,0,0,0,0,764,565,530,398
2026/01/19/15:45:16,5344.716294,0.912875,0.862394,0.912875,0.862394,41,23,24,22,0,0,0,0,764,565,530,398
2026/01/19/15:45:17,5345.716392,0.912875,0.862394,0.912875,0.862394,41,23,24,22,0,0,0,0,764,565,530,398
2026/01/19/15:45:18,5346.716482,0.912875,0.862394,0.912875,0.862394,41,23,24,22,0,0,0,0,764,565,530,398
2026/01/19/15:45:19,5347.716581,0.912875,0.862394,0.912875,0.862394,41,23,24,22,0,0,0,0,764,565,530,398
2026/01/19/15:45:20,5348.716702,0.920500,0.868705,0.973000,0.928741,41,25,24,22,0,0,0,3,764,565,530,398
2026/01/19/15:45:21,5349.716788,0.920500,0.868705,0.973000,0.928741,41,25,24,22,0,0,0,3,764,565,530,398
2026/01/19/15:45:22,5350.716883,0.920500,0.868705,0.973000,0.928741,41,25,24,22,0,0,0,3,764,565,530,398
2026/01/19/15:45:23,5351.716974,0.920500,0.868705,0.973000,0.928741,41,25,24,22,0,0,0,3,764,565,530,398
2026/01/19/15:45:24,5352.717088,0.920500,0.868705,0.973000,0.928741,41,25,24,22,0,0,0,3,764,565,530,398
2026/01/19/15:45:25,5353.717129,0.920500,0.868705,0.973000,0.928741,41,25,24,22,0,0,0,3,764,565,530,398
2026/01/19/15:45:26,5354.717219,0.920500,0.868705,0.973000,0.928741,41,25,24,22,0,0,0,3,764,565,530,398
2026/01/19/15:45:27,5355.717353,0.920500,0.868705,0.973000,0.928741,41,25,24,22,0,0,0,3,764,565,530,398
2026/01/19/15:45:28,5356.717436,0.920500,0.868705,0.973000,0.928741,41,25,24,22,0,0,0,3,764,565,530,398
2026/01/19/15:45:29,5357.717520,0.920500,0.868705,0.973000,0.928741,41,25,24,22,0,0,0,3,764,565,530,398
2026/01/19/15:45:30,5358.717604,0.920500,0.868705,0.973000,0.928741,41,25,24,22,0,0,0,3,764,565,530,398
2026/01/19/15:45:31,5359.717760,0.920500,0.868705,0.973000,0.928741,41,25,24,22,0,0,0,3,764,565,530,398
2026/01/19/15:45:32,5360.717842,0.920500,0.868705,0.973000,0.928741,41,25,24,22,0,0,0,3,764,565,530,398
2026/01/19/15:45:33,5361.717932,0.920500,0.868705,0.973000,0.928741,41,25,24,22,0,0,0,3,764,565,530,398
2026/01/19/15:45:34,5362.718027,0.920500,0.868705,0.973000,0.928741,41,25,24,22,0,0,0,3,764,565,530,398
2026/01/19/15:45:35,5363.718124,0.920500,0.868705,0.973000,0.928741,41,25,24,22,0,0,0,3,764,565,530,398
2026/01/19/15:45:36,5364.718192,0.935500,0.882272,1.062312,0.987976,43,25,26,22,3,2,0,3,764,565,530,398
2026/01/19/15:45:37,5365.718287,0.935500,0.882272,1.009813,0.927940,43,25,26,22,3,2,0,0,764,565,530,398
2026/01/19/15:45:39,5367.526495,0.935500,0.882272,1.005313,0.904699,43,25,26,22,3,1,0,0,764,565,530,398
2026/01/19/15:45:40,5368.526591,0.907438,0.825780,1.085875,0.925821,39,25,26,22,7,4,1,0,771,565,530,398
2026/01/19/15:45:41,5369.526761,0.907438,0.825780,1.173125,0.973726,39,25,26,22,12,8,3,0,771,565,530,398
2026/01/19/15:45:42,5370.526879,0.907438,0.825780,1.152313,0.970565,39,25,26,22,13,8,2,0,771,565,530,398
2026/01/19/15:45:43,5371.526962,0.907438,0.825780,1.100000,0.953759,39,25,26,22,10,8,2,0,771,565,530,398
2026/01/19/15:45:44,5372.527085,0.968187,0.857498,1.045375,0.937684,39,30,28,22,8,1,0,0,771,565,530,398
2026/01/19/15:45:45,5373.527120,0.961250,0.878180,0.988375,0.911666,41,30,26,22,2,1,0,0,771,565,532,398
2026/01/19/15:45:46,5374.527225,0.958063,0.874974,0.985187,0.908461,40,30,26,22,2,1,0,0,772,565,532,398
2026/01/19/15:45:47,5375.527325,0.959688,0.885702,0.982000,0.905256,40,30,26,22,1,1,0,0,773,565,532,398
2026/01/19/15:45:48,5376.527491,0.951812,0.876018,0.974125,0.895571,40,28,26,22,1,1,0,0,773,567,532,398
2026/01/19/15:45:49,5377.527649,0.951812,0.876018,0.974125,0.895571,40,28,26,22,1,1,0,0,773,567,532,398
2026/01/19/15:45:50,5378.527730,0.946625,0.881482,0.964125,0.887102,41,26,26,22,0,1,0,0,773,569,532,398
2026/01/19/15:45:51,5379.527856,0.946625,0.881482,0.964125,0.887102,41,26,26,22,0,1,0,0,773,569,532,398
2026/01/19/15:45:52,5380.527957,0.946625,0.881482,0.964125,0.887102,41,26,26,22,0,1,0,0,773,569,532,398
2026/01/19/15:45:53,5381.528061,0.946625,0.881482,0.964125,0.887102,41,26,26,22,0,1,0,0,773,569,532,398
2026/01/19/15:45:54,5382.528105,0.946625,0.881482,0.964125,0.887102,41,26,26,22,0,1,0,0,773,569,532,398
2026/01/19/15:45:55,5383.528188,0.929125,0.875862,0.929125,0.875862,41,25,26,22,0,0,0,0,773,570,532,398
2026/01/19/15:45:56,5384.528271,0.929125,0.875862,0.929125,0.875862,41,25,26,22,0,0,0,0,773,570,532,398
2026/01/19/15:45:57,5385.528363,0.929125,0.875862,0.929125,0.875862,41,25,26,22,0,0,0,0,773,570,532,398
2026/01/19/15:45:58,5386.528450,0.929125,0.875862,0.929125,0.875862,41,25,26,22,0,0,0,0,773,570,532,398
2026/01/19/15:45:59,5387.528526,0.929125,0.875862,0.929125,0.875862,41,25,26,22,0,0,0,0,773,570,532,398
2026/01/19/15:46:00,5388.528601,0.929125,0.875862,0.929125,0.875862,41,25,26,22,0,0,0,0,773,570,532,398
2026/01/19/15:46:01,5389.528719,0.929125,0.875862,0.929125,0.875862,41,25,26,22,0,0,0,0,773,570,532,398
2026/01/19/15:46:02,5390.528842,0.929125,0.875862,0.929125,0.875862,41,25,26,22,0,0,0,0,773,570,532,398
2026/01/19/15:46:03,5391.528927,0.929125,0.875862,0.929125,0.875862,41,25,26,22,0,0,0,0,773,570,532,398
2026/01/19/15:46:04,5392.529006,0.929125,0.875862,0.929125,0.875862,41,25,26,22,0,0,0,0,773,570,532,398
2026/01/19/15:46:05,5393.529137,0.929125,0.875862,0.929125,0.875862,41,25,26,22,0,0,0,0,773,570,532,398
2026/01/19/15:46:06,5394.529202,0.929125,0.875862,0.929125,0.875862,41,25,26,22,0,0,0,0,773,570,532,398
2026/01/19/15:46:07,5395.529325,0.929125,0.875862,0.929125,0.875862,41,25,26,22,0,0,0,0,773,570,532,398
2026/01/19/15:46:08,5396.529427,0.929125,0.875862,0.929125,0.875862,41,25,26,22,0,0,0,0,773,570,532,398
2026/01/19/15:46:09,5397.529529,0.929125,0.875862,0.929125,0.875862,41,25,26,22,0,0,0,0,773,570,532,398
2026/01/19/15:46:10,5398.529703,0.929125,0.875862,0.929125,0.875862,41,25,26,22,0,0,0,0,773,570,532,398
2026/01/19/15:46:11,5399.529816,0.929125,0.875862,0.929125,0.875862,41,25,26,22,0,0,0,0,773,570,532,398
2026/01/19/15:46:12,5400.529906,0.929125,0.875862,0.929125,0.875862,41,25,26,22,0,0,0,0,773,570,532,398
2026/01/19/15:46:13,5401.530085,0.929125,0.875862,0.929125,0.875862,41,25,26,22,0,0,0,0,773,570,532,398
2026/01/19/15:46:14,5402.530159,0.929125,0.875862,0.929125,0.875862,41,25,26,22,0,0,0,0,773,570,532,398
2026/01/19/15:46:15,5403.530262,0.929125,0.875862,0.929125,0.875862,41,25,26,22,0,0,0,0,773,570,532,398
2026/01/19/15:46:16,5404.530416,0.929125,0.875862,0.929125,0.875862,41,25,26,22,0,0,0,0,773,570,532,398
2026/01/19/15:46:17,5405.530573,0.929125,0.875862,0.929125,0.875862,41,25,26,22,0,0,0,0,773,570,532,398
2026/01/19/15:46:18,5406.530684,0.929125,0.875862,0.929125,0.875862,41,25,26,22,0,0,0,0,773,570,532,398
2026/01/19/15:46:19,5407.530774,0.929125,0.875862,0.929125,0.875862,41,25,26,22,0,0,0,0,773,570,532,398
2026/01/19/15:46:20,5408.530919,0.929125,0.875862,0.929125,0.875862,41,25,26,22,0,0,0,0,773,570,532,398
2026/01/19/15:46:21,5409.531092,0.941312,0.881823,1.010188,0.904333,41,26,26,22,0,2,0,2,773,570,532,398
2026/01/19/15:46:22,5410.531147,0.941312,0.881823,1.010188,0.904333,41,26,26,22,0,2,0,2,773,570,532,398
2026/01/19/15:46:23,5411.531265,0.929125,0.875862,0.973625,0.886450,41,25,26,22,0,0,0,2,773,571,532,398
2026/01/19/15:46:24,5412.531427,0.929125,0.875862,0.973625,0.886450,41,25,26,22,0,0,0,2,773,571,532,398
2026/01/19/15:46:25,5413.531528,0.929125,0.875862,0.973625,0.886450,41,25,26,22,0,0,0,2,773,571,532,398
2026/01/19/15:46:26,5414.531626,0.929125,0.875862,0.973625,0.886450,41,25,26,22,0,0,0,2,773,571,532,398
2026/01/19/15:46:27,5415.531731,0.929125,0.875862,0.973625,0.886450,41,25,26,22,0,0,0,2,773,571,532,398
2026/01/19/15:46:28,5416.531887,0.929125,0.875862,0.973625,0.886450,41,25,26,22,0,0,0,2,773,571,532,398
2026/01/19/15:46:29,5417.531997,0.929125,0.875862,0.973625,0.886450,41,25,26,22,0,0,0,2,773,571,532,398
2026/01/19/15:46:30,5418.532125,0.929125,0.875862,0.973625,0.886450,41,25,26,22,0,0,0,2,773,571,532,398
2026/01/19/15:46:31,5419.532208,0.929125,0.875862,0.973625,0.886450,41,25,26,22,0,0,0,2,773,571,532,398
2026/01/19/15:46:32,5420.532307,0.929125,0.875862,0.973625,0.886450,41,25,26,22,0,0,0,2,773,571,532,398
2026/01/19/15:46:33,5421.604464,0.929125,0.875862,0.973625,0.886450,41,25,26,22,0,0,0,2,773,571,532,398
2026/01/19/15:46:34,5422.610311,0.929125,0.875862,1.003500,0.909260,41,25,26,22,4,0,0,2,773,571,532,398
2026/01/19/15:46:35,5423.610488,0.965000,0.879294,0.965000,0.879294,41,25,24,24,0,0,0,0,778,571,534,398
2026/01/19/15:46:36,5424.610583,0.965000,0.879294,0.965000,0.879294,41,25,24,24,0,0,0,0,778,571,534,398
2026/01/19/15:46:37,5425.610689,0.965000,0.879294,0.965000,0.879294,41,25,24,24,0,0,0,0,778,571,534,398
2026/01/19/15:46:38,5426.610838,0.965000,0.879294,0.965000,0.879294,41,25,24,24,0,0,0,0,778,571,534,398
2026/01/19/15:46:39,5427.610921,0.965000,0.879294,0.965000,0.879294,41,25,24,24,0,0,0,0,778,571,534,398
2026/01/19/15:46:40,5428.611110,0.965000,0.879294,0.965000,0.879294,41,25,24,24,0,0,0,0,778,571,534,398
2026/01/19/15:46:41,5429.611262,0.965000,0.879294,0.965000,0.879294,41,25,24,24,0,0,0,0,778,571,534,398
2026/01/19/15:46:42,5430.611415,0.965000,0.879294,0.965000,0.879294,41,25,24,24,0,0,0,0,778,571,534,398
2026/01/19/15:46:43,5431.611495,0.965000,0.879294,0.965000,0.879294,41,25,24,24,0,0,0,0,778,571,534,398
2026/01/19/15:46:44,5432.611604,0.965000,0.879294,0.965000,0.879294,41,25,24,24,0,0,0,0,778,571,534,398
2026/01/19/15:46:45,5433.611701,0.965000,0.879294,0.965000,0.879294,41,25,24,24,0,0,0,0,778,571,534,398
2026/01/19/15:46:46,5434.611836,0.965000,0.879294,0.965000,0.879294,41,25,24,24,0,0,0,0,778,571,534,398
2026/01/19/15:46:47,5435.612002,0.965000,0.879294,0.965000,0.879294,41,25,24,24,0,0,0,0,778,571,534,398
2026/01/19/15:46:48,5436.612130,0.965000,0.879294,0.965000,0.879294,41,25,24,24,0,0,0,0,778,571,534,398
2026/01/19/15:46:49,5437.612267,0.965000,0.879294,0.965000,0.879294,41,25,24,24,0,0,0,0,778,571,534,398
2026/01/19/15:46:50,5438.612375,0.965000,0.879294,0.965000,0.879294,41,25,24,24,0,0,0,0,778,571,534,398
2026/01/19/15:46:51,5439.612474,0.965000,0.879294,0.965000,0.879294,41,25,24,24,0,0,0,0,778,571,534,398
2026/01/19/15:46:52,5440.612568,0.965000,0.879294,0.965000,0.879294,41,25,24,24,0,0,0,0,778,571,534,398
2026/01/19/15:46:53,5441.612663,0.965000,0.879294,0.965000,0.879294,41,25,24,24,0,0,0,0,778,571,534,398
2026/01/19/15:46:54,5442.612823,0.910000,0.851389,0.910000,0.851389,41,23,24,24,0,0,0,0,778,573,534,398
2026/01/19/15:46:55,5443.612975,0.910000,0.851389,0.910000,0.851389,41,23,24,24,0,0,0,0,778,573,534,398
2026/01/19/15:46:56,5444.613144,0.910000,0.851389,0.910000,0.851389,41,23,24,24,0,0,0,0,778,573,534,398
2026/01/19/15:46:57,5445.613295,0.910000,0.851389,0.910000,0.851389,41,23,24,24,0,0,0,0,778,573,534,398
2026/01/19/15:46:58,5446.613436,0.910000,0.851389,0.910000,0.851389,41,23,24,24,0,0,0,0,778,573,534,398
2026/01/19/15:46:59,5447.613551,0.910000,0.851389,0.910000,0.851389,41,23,24,24,0,0,0,0,778,573,534,398
2026/01/19/15:47:00,5448.613675,0.910000,0.851389,0.910000,0.851389,41,23,24,24,0,0,0,0,778,573,534,398
2026/01/19/15:47:01,5449.613811,0.910000,0.851389,0.910000,0.851389,41,23,24,24,0,0,0,0,778,573,534,398
2026/01/19/15:47:02,5450.613960,0.910000,0.851389,0.910000,0.851389,41,23,24,24,0,0,0,0,778,573,534,398
2026/01/19/15:47:03,5451.614132,0.951063,0.885545,1.003437,0.895980,45,23,24,24,2,0,0,0,778,573,534,398
2026/01/19/15:47:04,5452.614231,0.951063,0.885545,1.003437,0.895980,45,23,24,24,2,0,0,0,778,573,534,398
2026/01/19/15:47:05,5453.614377,0.951063,0.885545,1.003437,0.895980,45,23,24,24,2,0,0,0,778,573,534,398
2026/01/19/15:47:06,5454.614528,0.924875,0.880328,0.924875,0.880328,44,23,24,24,0,0,0,0,779,573,534,398
2026/01/19/15:47:07,5455.614702,0.924875,0.880328,0.924875,0.880328,44,23,24,24,0,0,0,0,779,573,534,398
2026/01/19/15:47:08,5456.614854,0.924875,0.880328,0.924875,0.880328,44,23,24,24,0,0,0,0,779,573,534,398
2026/01/19/15:47:09,5457.615000,0.924875,0.880328,0.924875,0.880328,44,23,24,24,0,0,0,0,779,573,534,398
2026/01/19/15:47:10,5458.615129,0.924875,0.880328,0.924875,0.880328,44,23,24,24,0,0,0,0,779,573,534,398
2026/01/19/15:47:11,5459.615240,0.924875,0.880328,0.924875,0.880328,44,23,24,24,0,0,0,0,779,573,534,398
2026/01/19/15:47:12,5460.615313,0.921625,0.876858,0.921625,0.876858,43,23,24,24,0,0,0,0,780,573,534,398
2026/01/19/15:47:13,5461.615470,0.921625,0.876858,0.921625,0.876858,43,23,24,24,0,0,0,0,780,573,534,398
2026/01/19/15:47:14,5462.615576,0.921625,0.876858,0.921625,0.876858,43,23,24,24,0,0,0,0,780,573,534,398
2026/01/19/15:47:15,5463.615664,0.921625,0.876858,0.921625,0.876858,43,23,24,24,0,0,0,0,780,573,534,398
2026/01/19/15:47:16,5464.615805,0.921625,0.876858,0.921625,0.876858,43,23,24,24,0,0,0,0,780,573,534,398
2026/01/19/15:47:17,5465.615963,0.921625,0.876858,0.921625,0.876858,43,23,24,24,0,0,0,0,780,573,534,398
2026/01/19/15:47:18,5466.616120,0.921625,0.876858,0.921625,0.876858,43,23,24,24,0,0,0,0,780,573,534,398
2026/01/19/15:47:19,5467.616217,0.921625,0.876858,0.921625,0.876858,43,23,24,24,0,0,0,0,780,573,534,398
2026/01/19/15:47:20,5468.616374,0.921625,0.876858,0.921625,0.876858,43,23,24,24,0,0,0,0,780,573,534,398
2026/01/19/15:47:21,5469.616527,0.921625,0.876858,0.921625,0.876858,43,23,24,24,0,0,0,0,780,573,534,398
2026/01/19/15:47:22,5470.616612,0.921625,0.876858,0.921625,0.876858,43,23,24,24,0,0,0,0,780,573,534,398
2026/01/19/15:47:23,5471.616703,0.910000,0.851389,0.910000,0.851389,41,23,24,24,0,0,0,0,782,573,534,398
2026/01/19/15:47:24,5472.616807,0.910000,0.851389,0.910000,0.851389,41,23,24,24,0,0,0,0,782,573,534,398
2026/01/19/15:47:25,5473.616913,0.910000,0.851389,0.910000,0.851389,41,23,24,24,0,0,0,0,782,573,534,398
2026/01/19/15:47:26,5474.617082,0.910000,0.851389,0.910000,0.851389,41,23,24,24,0,0,0,0,782,573,534,398
2026/01/19/15:47:27,5475.617219,0.910000,0.851389,0.910000,0.851389,41,23,24,24,0,0,0,0,782,573,534,398
2026/01/19/15:47:28,5476.617301,0.912750,0.858081,0.928250,0.888076,41,22,24,25,0,1,0,2,782,575,534,398
2026/01/19/15:47:29,5477.617413,0.936875,0.894591,0.953375,0.932149,41,23,24,28,2,0,0,0,782,575,534,398
2026/01/19/15:47:30,5478.617489,0.950375,0.912238,0.975063,0.972977,43,23,24,28,2,0,1,0,782,575,534,398
2026/01/19/15:47:31,5479.617596,0.950375,0.912238,0.958562,0.935419,43,23,24,28,0,0,1,0,782,575,534,398
2026/01/19/15:47:32,5480.617737,0.945688,0.903906,0.953875,0.927087,43,22,24,28,0,0,1,0,782,576,534,398
2026/01/19/15:47:33,5481.617950,0.945688,0.903906,0.945688,0.903906,43,22,24,28,0,0,0,0,782,576,534,398
2026/01/19/15:47:34,5482.617985,0.932187,0.886259,0.932187,0.886259,41,22,24,28,0,0,0,0,784,576,534,398
2026/01/19/15:47:35,5483.618106,0.932187,0.886259,0.932187,0.886259,41,22,24,28,0,0,0,0,784,576,534,398
2026/01/19/15:47:36,5484.618189,0.932187,0.886259,0.932187,0.886259,41,22,24,28,0,0,0,0,784,576,534,398
2026/01/19/15:47:37,5485.618284,0.932187,0.886259,0.932187,0.886259,41,22,24,28,0,0,0,0,784,576,534,398
2026/01/19/15:47:38,5486.618370,0.932187,0.886259,0.932187,0.886259,41,22,24,28,0,0,0,0,784,576,534,398
2026/01/19/15:47:39,5487.618458,0.932187,0.886259,0.932187,0.886259,41,22,24,28,0,0,0,0,784,576,534,398
2026/01/19/15:47:40,5488.618565,0.932187,0.886259,0.932187,0.886259,41,22,24,28,0,0,0,0,784,576,534,398
2026/01/19/15:47:41,5489.618632,0.932187,0.886259,0.932187,0.886259,41,22,24,28,0,0,0,0,784,576,534,398
2026/01/19/15:47:42,5490.618750,0.932187,0.886259,0.932187,0.886259,41,22,24,28,0,0,0,0,784,576,534,398
2026/01/19/15:47:43,5491.618841,0.932187,0.886259,0.932187,0.886259,41,22,24,28,0,0,0,0,784,576,534,398
2026/01/19/15:47:44,5492.618932,0.932187,0.886259,0.932187,0.886259,41,22,24,28,0,0,0,0,784,576,534,398
2026/01/19/15:47:45,5493.619017,0.932187,0.886259,0.932187,0.886259,41,22,24,28,0,0,0,0,784,576,534,398
2026/01/19/15:47:46,5494.619143,0.932187,0.886259,0.932187,0.886259,41,22,24,28,0,0,0,0,784,576,534,398
2026/01/19/15:47:47,5495.619199,0.925687,0.862445,0.925687,0.862445,41,20,24,28,0,0,0,0,784,578,534,398
2026/01/19/15:47:48,5496.619321,0.925687,0.862445,0.925687,0.862445,41,20,24,28,0,0,0,0,784,578,534,398
2026/01/19/15:47:49,5497.619408,0.911563,0.855791,0.911563,0.855791,41,20,24,26,0,0,0,0,784,578,534,400
2026/01/19/15:47:50,5498.619498,0.911563,0.855791,0.911563,0.855791,41,20,24,26,0,0,0,0,784,578,534,400
2026/01/19/15:47:51,5499.619588,0.911563,0.855791,0.911563,0.855791,41,20,24,26,0,0,0,0,784,578,534,400
2026/01/19/15:47:52,5500.619754,0.911563,0.855791,0.911563,0.855791,41,20,24,26,0,0,0,0,784,578,534,400
2026/01/19/15:47:53,5501.619838,0.911563,0.855791,0.911563,0.855791,41,20,24,26,0,0,0,0,784,578,534,400
2026/01/19/15:47:54,5502.619926,0.911563,0.855791,0.911563,0.855791,41,20,24,26,0,0,0,0,784,578,534,400
2026/01/19/15:47:55,5503.620004,0.911563,0.855791,0.911563,0.855791,41,20,24,26,0,0,0,0,784,578,534,400
2026/01/19/15:47:56,5504.620126,0.911563,0.855791,0.911563,0.855791,41,20,24,26,0,0,0,0,784,578,534,400
2026/01/19/15:47:57,5505.620281,0.911563,0.855791,0.911563,0.855791,41,20,24,26,0,0,0,0,784,578,534,400
2026/01/19/15:47:58,5506.620432,0.911563,0.855791,0.911563,0.855791,41,20,24,26,0,0,0,0,784,578,534,400
2026/01/19/15:47:59,5507.620546,0.911563,0.855791,0.911563,0.855791,41,20,24,26,0,0,0,0,784,578,534,400
2026/01/19/15:48:00,5508.620711,0.911563,0.855791,0.911563,0.855791,41,20,24,26,0,0,0,0,784,578,534,400
2026/01/19/15:48:01,5509.620849,0.911563,0.855791,0.911563,0.855791,41,20,24,26,0,0,0,0,784,578,534,400
2026/01/19/15:48:02,5510.620959,0.911563,0.855791,0.911563,0.855791,41,20,24,26,0,0,0,0,784,578,534,400
2026/01/19/15:48:03,5511.621065,0.911563,0.855791,0.911563,0.855791,41,20,24,26,0,0,0,0,784,578,534,400
2026/01/19/15:48:04,5512.621200,0.911563,0.855791,0.911563,0.855791,41,20,24,26,0,0,0,0,784,578,534,400
2026/01/19/15:48:05,5513.621270,0.911563,0.855791,0.911563,0.855791,41,20,24,26,0,0,0,0,784,578,534,400
2026/01/19/15:48:06,5514.621441,0.911563,0.855791,0.911563,0.855791,41,20,24,26,0,0,0,0,784,578,534,400
2026/01/19/15:48:07,5515.621527,0.911563,0.855791,0.914750,0.861526,41,20,24,26,1,0,0,0,784,578,534,400
2026/01/19/15:48:08,5516.621672,0.939813,0.879196,0.991062,0.914139,43,20,24,29,4,0,0,0,784,578,534,400
2026/01/19/15:48:09,5517.621768,0.939813,0.879196,0.991062,0.914139,43,20,24,29,4,0,0,0,784,578,534,400
2026/01/19/15:48:10,5518.621867,0.946375,0.875206,0.975875,0.899849,45,20,24,26,2,0,0,0,784,578,534,403
2026/01/19/15:48:11,5519.622017,0.946375,0.875206,0.946375,0.875206,45,20,24,26,0,0,0,0,784,578,534,403
2026/01/19/15:48:12,5520.622093,0.924625,0.864906,0.924625,0.864906,43,20,24,26,0,0,0,0,786,578,534,403
2026/01/19/15:48:13,5521.622180,0.924625,0.864906,0.924625,0.864906,43,20,24,26,0,0,0,0,786,578,534,403
2026/01/19/15:48:14,5522.622264,0.924625,0.864906,0.924625,0.864906,43,20,24,26,0,0,0,0,786,578,534,403
2026/01/19/15:48:15,5523.622358,0.924625,0.864906,0.924625,0.864906,43,20,24,26,0,0,0,0,786,578,534,403
2026/01/19/15:48:16,5524.622514,0.924625,0.864906,0.924625,0.864906,43,20,24,26,0,0,0,0,786,578,534,403
2026/01/19/15:48:17,5525.622600,0.924625,0.864906,0.924625,0.864906,43,20,24,26,0,0,0,0,786,578,534,403
2026/01/19/15:48:18,5526.622690,0.960500,0.900644,0.997563,0.930594,43,22,25,30,1,1,1,1,786,578,534,403
2026/01/19/15:48:19,5527.622766,0.970187,0.912904,1.032500,0.998949,44,24,25,30,1,4,2,2,786,578,534,403
2026/01/19/15:48:20,5528.622844,0.971688,0.917873,1.095438,1.062096,44,24,25,30,4,6,2,3,786,579,535,403
2026/01/19/15:48:21,5529.622978,0.970812,0.917397,1.137125,1.099494,45,23,25,30,8,6,2,3,786,580,535,403
2026/01/19/15:48:22,5530.624116,0.966562,0.914104,1.126875,1.109364,44,23,25,30,6,9,2,3,787,580,535,403
2026/01/19/15:48:23,5531.624195,0.968688,0.908970,1.181188,1.144245,44,22,25,30,7,12,2,3,788,583,535,403
2026/01/19/15:48:24,5532.624276,0.965500,0.903235,1.211000,1.153911,43,22,25,30,7,16,3,2,789,583,535,403
2026/01/19/15:48:25,5533.624351,0.971250,0.909157,1.223625,1.118824,43,23,25,30,11,10,3,2,789,583,535,403
2026/01/19/15:48:26,5534.624469,0.959063,0.907485,1.163625,1.088982,45,22,25,28,9,8,3,1,789,584,535,405
2026/01/19/15:48:27,5535.624615,0.969625,0.911351,1.113938,1.048956,45,22,26,28,7,5,2,1,789,584,535,405
2026/01/19/15:48:28,5536.624737,0.965562,0.909672,1.084500,1.024571,45,22,26,28,4,5,2,1,790,584,535,405
2026/01/19/15:48:29,5537.624845,0.965562,0.909672,1.110062,1.106799,45,22,26,28,9,5,2,1,790,584,535,405
2026/01/19/15:48:30,5538.624980,0.965938,0.907958,1.084500,1.067594,46,21,26,28,6,5,2,0,790,585,535,405
2026/01/19/15:48:31,5539.625140,0.965938,0.907958,1.069937,1.061053,46,21,26,28,6,4,2,0,790,585,535,405
2026/01/19/15:48:32,5540.625230,0.964750,0.907248,1.044375,0.978825,45,22,26,28,2,3,2,0,791,585,535,405
2026/01/19/15:48:33,5541.625330,0.954187,0.903382,1.033813,0.974959,45,22,25,28,2,3,2,0,791,585,536,405
2026/01/19/15:48:34,5542.625423,0.940688,0.892146,1.013562,0.958105,43,22,25,28,1,3,2,0,793,585,536,405
2026/01/19/15:48:35,5543.625535,0.940688,0.892146,1.013562,0.958105,43,22,25,28,1,3,2,0,793,585,536,405
2026/01/19/15:48:36,5544.625704,0.940688,0.892146,1.009875,0.940906,43,22,25,28,1,3,1,0,793,585,536,405
2026/01/19/15:48:37,5545.625766,0.940688,0.892146,0.989062,0.937184,43,22,25,28,1,2,1,0,793,585,536,405
2026/01/19/15:48:38,5546.625867,0.940688,0.892146,0.989062,0.937184,43,22,25,28,1,2,1,0,793,585,536,405
2026/01/19/15:48:39,5547.625966,0.934312,0.884112,0.982688,0.929151,43,22,25,26,1,2,1,0,793,585,536,407
2026/01/19/15:48:40,5548.626149,0.930625,0.880648,0.979000,0.925686,42,22,25,26,1,2,1,0,794,585,536,407
2026/01/19/15:48:41,5549.626253,0.930625,0.880648,0.979000,0.925686,42,22,25,26,1,2,1,0,794,585,536,407
2026/01/19/15:48:42,5550.626409,0.930625,0.880648,0.979000,0.925686,42,22,25,26,1,2,1,0,794,585,536,407
2026/01/19/15:48:43,5551.626588,0.923813,0.878373,0.968875,0.907039,42,22,23,26,1,2,0,0,794,585,539,407
2026/01/19/15:48:44,5552.626643,0.923813,0.878373,0.968875,0.907039,42,22,23,26,1,2,0,0,794,585,539,407
2026/01/19/15:48:45,5553.626753,0.917188,0.845627,0.962250,0.874293,42,22,21,26,1,2,0,0,794,585,541,407
2026/01/19/15:48:46,5554.626854,0.918375,0.846076,0.947438,0.863800,42,20,21,26,1,1,0,0,794,588,541,407
2026/01/19/15:48:47,5555.626958,0.918375,0.846076,0.947438,0.863800,42,20,21,26,1,1,0,0,794,588,541,407
2026/01/19/15:48:48,5556.627037,0.918375,0.846076,0.947438,0.863800,42,20,21,26,1,1,0,0,794,588,541,407
2026/01/19/15:48:49,5557.627174,0.918375,0.846076,0.947438,0.863800,42,20,21,26,1,1,0,0,794,588,541,407
2026/01/19/15:48:50,5558.627341,0.925750,0.850504,0.938813,0.857285,42,21,21,25,1,0,0,0,794,588,541,408
2026/01/19/15:48:51,5559.627472,0.925750,0.850504,0.938813,0.857285,42,21,21,25,1,0,0,0,794,588,541,408
2026/01/19/15:48:52,5560.627632,0.925750,0.850504,0.938813,0.857285,42,21,21,25,1,0,0,0,794,588,541,408
2026/01/19/15:48:53,5561.627747,0.925750,0.850504,0.938813,0.857285,42,21,21,25,1,0,0,0,794,588,541,408
2026/01/19/15:48:54,5562.627841,0.925750,0.850504,0.938813,0.857285,42,21,21,25,1,0,0,0,794,588,541,408
2026/01/19/15:48:55,5563.628007,0.925750,0.850504,0.938813,0.857285,42,21,21,25,1,0,0,0,794,588,541,408
2026/01/19/15:48:56,5564.628154,0.925750,0.850504,0.938813,0.857285,42,21,21,25,1,0,0,0,794,588,541,408
2026/01/19/15:48:57,5565.628234,0.925750,0.850504,0.938813,0.857285,42,21,21,25,1,0,0,0,794,588,541,408
2026/01/19/15:48:58,5566.628336,0.925750,0.850504,0.938813,0.857285,42,21,21,25,1,0,0,0,794,588,541,408
2026/01/19/15:48:59,5567.628408,0.925750,0.850504,0.938813,0.857285,42,21,21,25,1,0,0,0,794,588,541,408
2026/01/19/15:49:00,5568.628496,0.925750,0.850504,0.938813,0.857285,42,21,21,25,1,0,0,0,794,588,541,408
2026/01/19/15:49:01,5569.628573,0.925750,0.850504,0.938813,0.857285,42,21,21,25,1,0,0,0,794,588,541,408
2026/01/19/15:49:02,5570.628727,0.925750,0.850504,0.938813,0.857285,42,21,21,25,1,0,0,0,794,588,541,408
2026/01/19/15:49:03,5571.628977,0.925750,0.850504,0.938813,0.857285,42,21,21,25,1,0,0,0,794,588,541,408
2026/01/19/15:49:04,5572.629043,0.925750,0.850504,0.938813,0.857285,42,21,21,25,1,0,0,0,794,588,541,408
2026/01/19/15:49:05,5573.629132,0.938813,0.857285,0.938813,0.857285,43,21,21,25,0,0,0,0,795,588,541,408
2026/01/19/15:49:06,5574.629218,0.938813,0.857285,0.938813,0.857285,43,21,21,25,0,0,0,0,795,588,541,408
2026/01/19/15:49:07,5575.629332,0.938813,0.857285,0.938813,0.857285,43,21,21,25,0,0,0,0,795,588,541,408
2026/01/19/15:49:08,5576.629425,0.938813,0.857285,0.938813,0.857285,43,21,21,25,0,0,0,0,795,588,541,408
2026/01/19/15:49:09,5577.629516,0.938813,0.857285,0.938813,0.857285,43,21,21,25,0,0,0,0,795,588,541,408
2026/01/19/15:49:10,5578.629613,0.938813,0.857285,0.938813,0.857285,43,21,21,25,0,0,0,0,795,588,541,408
2026/01/19/15:49:11,5579.629712,0.938813,0.857285,0.938813,0.857285,43,21,21,25,0,0,0,0,795,588,541,408
2026/01/19/15:49:12,5580.629806,0.938813,0.857285,0.938813,0.857285,43,21,21,25,0,0,0,0,795,588,541,408
2026/01/19/15:49:13,5581.629958,0.938813,0.857285,0.938813,0.857285,43,21,21,25,0,0,0,0,795,588,541,408
2026/01/19/15:49:14,5582.630127,0.938813,0.857285,0.938813,0.857285,43,21,21,25,0,0,0,0,795,588,541,408
2026/01/19/15:49:15,5583.630211,0.938813,0.857285,0.938813,0.857285,43,21,21,25,0,0,0,0,795,588,541,408
2026/01/19/15:49:16,5584.630304,0.938813,0.857285,0.938813,0.857285,43,21,21,25,0,0,0,0,795,588,541,408
2026/01/19/15:49:17,5585.630468,0.938813,0.857285,0.938813,0.857285,43,21,21,25,0,0,0,0,795,588,541,408
2026/01/19/15:49:18,5586.630586,0.938813,0.857285,0.938813,0.857285,43,21,21,25,0,0,0,0,795,588,541,408
2026/01/19/15:49:19,5587.630737,0.892062,0.826278,0.892062,0.826278,41,19,21,25,0,0,0,0,797,590,541,408
2026/01/19/15:49:20,5588.630863,0.892062,0.826278,0.892062,0.826278,41,19,21,25,0,0,0,0,797,590,541,408
2026/01/19/15:49:21,5589.631002,0.892062,0.826278,0.892062,0.826278,41,19,21,25,0,0,0,0,797,590,541,408
2026/01/19/15:49:22,5590.631120,0.892062,0.826278,0.892062,0.826278,41,19,21,25,0,0,0,0,797,590,541,408
2026/01/19/15:49:23,5591.631219,0.901687,0.855101,0.909750,0.884594,41,21,21,25,1,0,1,0,797,590,541,408
2026/01/19/15:49:24,5592.631322,0.949937,0.892394,1.036375,0.963846,43,22,24,26,5,2,0,0,797,590,541,408
2026/01/19/15:49:25,5593.631424,0.962187,0.900471,1.059125,0.979702,43,22,24,28,5,2,2,0,797,590,541,408
2026/01/19/15:49:26,5594.631526,0.955750,0.899007,1.011000,0.957344,43,21,25,28,3,1,1,0,797,591,541,408
2026/01/19/15:49:27,5595.631666,0.943312,0.891032,0.990125,0.920048,44,20,23,28,2,1,0,0,797,592,543,408
2026/01/19/15:49:28,5596.631757,0.931500,0.881001,0.954688,0.889957,43,20,23,28,0,1,0,0,798,592,543,408
2026/01/19/15:49:29,5597.631876,0.953438,0.892300,0.976625,0.901256,43,20,26,28,0,1,0,0,798,592,543,408
2026/01/19/15:49:30,5598.631966,0.950250,0.866869,0.973437,0.875824,42,20,26,28,0,1,0,0,799,592,543,408
2026/01/19/15:49:31,5599.632022,0.950250,0.866869,0.973437,0.875824,42,20,26,28,0,1,0,0,799,592,543,408
2026/01/19/15:49:32,5600.632198,0.950250,0.866869,0.973437,0.875824,42,20,26,28,0,1,0,0,799,592,543,408
2026/01/19/15:49:33,5601.632300,0.950250,0.866869,0.973437,0.875824,42,20,26,28,0,1,0,0,799,592,543,408
2026/01/19/15:49:34,5602.632517,0.950250,0.866869,0.973437,0.875824,42,20,26,28,0,1,0,0,799,592,543,408
2026/01/19/15:49:35,5603.632537,0.928312,0.855570,0.951500,0.864525,42,20,23,28,0,1,0,0,799,592,546,408
2026/01/19/15:49:36,5604.632655,0.928312,0.855570,0.951500,0.864525,42,20,23,28,0,1,0,0,799,592,546,408
2026/01/19/15:49:37,5605.632730,0.928312,0.855570,0.951500,0.864525,42,20,23,28,0,1,0,0,799,592,546,408
2026/01/19/15:49:38,5606.632885,0.928312,0.855570,0.951500,0.864525,42,20,23,28,0,1,0,0,799,592,546,408
2026/01/19/15:49:39,5607.633038,0.928312,0.855570,0.951500,0.864525,42,20,23,28,0,1,0,0,799,592,546,408
2026/01/19/15:49:40,5608.633173,0.928312,0.855570,0.951500,0.864525,42,20,23,28,0,1,0,0,799,592,546,408
2026/01/19/15:49:41,5609.633318,0.928312,0.855570,0.951500,0.864525,42,20,23,28,0,1,0,0,799,592,546,408
2026/01/19/15:49:42,5610.633447,0.923312,0.852390,0.946500,0.861346,42,20,22,28,0,1,0,0,799,592,547,408
2026/01/19/15:49:43,5611.704154,0.923312,0.852390,0.946500,0.861346,42,20,22,28,0,1,0,0,799,592,547,408
2026/01/19/15:49:44,5612.704247,0.923312,0.852390,0.946500,0.861346,42,20,22,28,0,1,0,0,799,592,547,408
2026/01/19/15:49:45,5613.704384,0.946500,0.861346,0.946500,0.861346,42,21,22,28,0,0,0,0,801,592,547,408
2026/01/19/15:49:46,5614.704493,0.946500,0.861346,0.946500,0.861346,42,21,22,28,0,0,0,0,801,592,547,408
2026/01/19/15:49:47,5615.704567,0.946500,0.861346,0.946500,0.861346,42,21,22,28,0,0,0,0,801,592,547,408
2026/01/19/15:49:48,5616.704702,0.946500,0.861346,0.946500,0.861346,42,21,22,28,0,0,0,0,801,592,547,408
2026/01/19/15:49:49,5617.704802,0.946500,0.861346,0.946500,0.861346,42,21,22,28,0,0,0,0,801,592,547,408
2026/01/19/15:49:50,5618.704916,0.946500,0.861346,0.946500,0.861346,42,21,22,28,0,0,0,0,801,592,547,408
2026/01/19/15:49:51,5619.705009,0.946500,0.861346,0.946500,0.861346,42,21,22,28,0,0,0,0,801,592,547,408
2026/01/19/15:49:52,5620.705156,0.971187,0.876321,1.018125,0.914555,45,21,22,29,0,1,3,3,801,592,547,408
2026/01/19/15:49:53,5621.705255,0.970313,0.884236,1.069187,0.922845,45,20,22,32,0,4,3,0,801,593,547,408
2026/01/19/15:49:54,5622.705361,0.973688,0.893118,1.047937,0.910364,45,21,24,30,0,3,0,0,801,593,548,410
2026/01/19/15:49:55,5623.705466,0.959562,0.880458,1.033813,0.897704,45,21,24,28,0,3,0,0,801,593,548,412
2026/01/19/15:49:56,5624.705581,0.959562,0.880458,0.959562,0.880458,45,21,24,28,0,0,0,0,801,593,548,412
2026/01/19/15:49:57,5625.705675,0.943063,0.869693,0.943063,0.869693,42,21,24,28,0,0,0,0,804,593,548,412
2026/01/19/15:49:58,5626.705790,0.943063,0.869693,0.943063,0.869693,42,21,24,28,0,0,0,0,804,593,548,412
2026/01/19/15:49:59,5627.705928,0.943063,0.869693,0.943063,0.869693,42,21,24,28,0,0,0,0,804,593,548,412
2026/01/19/15:50:00,5628.706043,0.943063,0.869693,0.943063,0.869693,42,21,24,28,0,0,0,0,804,593,548,412
2026/01/19/15:50:01,5629.706218,0.925438,0.857550,0.925438,0.857550,39,21,24,28,0,0,0,0,807,593,548,412
2026/01/19/15:50:02,5630.706297,0.925438,0.857550,0.925438,0.857550,39,21,24,28,0,0,0,0,807,593,548,412
2026/01/19/15:50:03,5631.706391,0.925438,0.857550,0.925438,0.857550,39,21,24,28,0,0,0,0,807,593,548,412
2026/01/19/15:50:04,5632.706499,0.925438,0.857550,0.925438,0.857550,39,21,24,28,0,0,0,0,807,593,548,412
2026/01/19/15:50:05,5633.706593,0.925438,0.857550,0.925438,0.857550,39,21,24,28,0,0,0,0,807,593,548,412
2026/01/19/15:50:06,5634.706686,0.925438,0.857550,0.925438,0.857550,39,21,24,28,0,0,0,0,807,593,548,412
2026/01/19/15:50:07,5635.706780,0.925438,0.857550,0.925438,0.857550,39,21,24,28,0,0,0,0,807,593,548,412
2026/01/19/15:50:08,5636.706877,0.925438,0.857550,0.925438,0.857550,39,21,24,28,0,0,0,0,807,593,548,412
2026/01/19/15:50:09,5637.707018,0.925438,0.857550,0.925438,0.857550,39,21,24,28,0,0,0,0,807,593,548,412
2026/01/19/15:50:10,5638.707158,0.921937,0.850810,0.921937,0.850810,38,21,24,28,0,0,0,0,808,593,548,412
2026/01/19/15:50:11,5639.707319,0.921937,0.850810,0.921937,0.850810,38,21,24,28,0,0,0,0,808,593,548,412
2026/01/19/15:50:12,5640.707456,0.921937,0.850810,0.921937,0.850810,38,21,24,28,0,0,0,0,808,593,548,412
2026/01/19/15:50:13,5641.707586,0.921937,0.850810,0.921937,0.850810,38,21,24,28,0,0,0,0,808,593,548,412
2026/01/19/15:50:14,5642.707673,0.921937,0.850810,0.921937,0.850810,38,21,24,28,0,0,0,0,808,593,548,412
2026/01/19/15:50:15,5643.707772,0.921937,0.850810,0.921937,0.850810,38,21,24,28,0,0,0,0,808,593,548,412
2026/01/19/15:50:16,5644.707935,0.921937,0.850810,0.921937,0.850810,38,21,24,28,0,0,0,0,808,593,548,412
2026/01/19/15:50:17,5645.708001,0.921937,0.850810,0.921937,0.850810,38,21,24,28,0,0,0,0,808,593,548,412
2026/01/19/15:50:18,5646.708114,0.921937,0.850810,0.921937,0.850810,38,21,24,28,0,0,0,0,808,593,548,412
2026/01/19/15:50:19,5647.708219,0.906188,0.835467,0.906188,0.835467,37,20,24,28,0,0,0,0,809,594,548,412
2026/01/19/15:50:20,5648.708297,0.906188,0.835467,0.906188,0.835467,37,20,24,28,0,0,0,0,809,594,548,412
2026/01/19/15:50:21,5649.708437,0.906188,0.835467,0.906188,0.835467,37,20,24,28,0,0,0,0,809,594,548,412
2026/01/19/15:50:22,5650.708512,0.906188,0.835467,0.906188,0.835467,37,20,24,28,0,0,0,0,809,594,548,412
2026/01/19/15:50:23,5651.708627,0.906188,0.835467,0.906188,0.835467,37,20,24,28,0,0,0,0,809,594,548,412
2026/01/19/15:50:24,5652.708716,0.906188,0.835467,0.906188,0.835467,37,20,24,28,0,0,0,0,809,594,548,412
2026/01/19/15:50:25,5653.708814,0.906188,0.835467,0.906188,0.835467,37,20,24,28,0,0,0,0,809,594,548,412
2026/01/19/15:50:26,5654.708960,0.906188,0.835467,0.906188,0.835467,37,20,24,28,0,0,0,0,809,594,548,412
2026/01/19/15:50:27,5655.709091,0.906188,0.835467,0.906188,0.835467,37,20,24,28,0,0,0,0,809,594,548,412
2026/01/19/15:50:28,5656.709251,0.906188,0.835467,0.906188,0.835467,37,20,24,28,0,0,0,0,809,594,548,412
2026/01/19/15:50:29,5657.709406,0.906188,0.835467,0.906188,0.835467,37,20,24,28,0,0,0,0,809,594,548,412
2026/01/19/15:50:30,5658.709562,0.906188,0.835467,0.906188,0.835467,37,20,24,28,0,0,0,0,809,594,548,412
2026/01/19/15:50:31,5659.709671,0.906188,0.835467,0.906188,0.835467,37,20,24,28,0,0,0,0,809,594,548,412
2026/01/19/15:50:32,5660.709784,0.906188,0.835467,0.906188,0.835467,37,20,24,28,0,0,0,0,809,594,548,412
2026/01/19/15:50:33,5661.709863,0.906188,0.835467,0.906188,0.835467,37,20,24,28,0,0,0,0,809,594,548,412
2026/01/19/15:50:34,5662.709968,0.906188,0.835467,0.906188,0.835467,37,20,24,28,0,0,0,0,809,594,548,412
2026/01/19/15:50:35,5663.710125,0.906188,0.835467,0.906188,0.835467,37,20,24,28,0,0,0,0,809,594,548,412
2026/01/19/15:50:36,5664.710219,0.906188,0.835467,0.906188,0.835467,37,20,24,28,0,0,0,0,809,594,548,412
2026/01/19/15:50:37,5665.710310,0.922500,0.846398,0.931250,0.857575,40,20,21,28,0,0,0,2,809,594,551,412
2026/01/19/15:50:38,5666.710414,0.931250,0.857575,0.931250,0.857575,40,20,21,30,0,0,0,0,809,594,551,412
2026/01/19/15:50:39,5667.710499,0.931250,0.857575,0.931250,0.857575,40,20,21,30,0,0,0,0,809,594,551,412
2026/01/19/15:50:40,5668.710658,0.887437,0.826065,0.887437,0.826065,37,20,21,28,0,0,0,0,812,594,551,414
2026/01/19/15:50:41,5669.710943,0.887437,0.826065,0.887437,0.826065,37,20,21,28,0,0,0,0,812,594,551,414
2026/01/19/15:50:42,5670.710939,0.926625,0.867490,0.964250,0.967890,39,21,21,30,4,0,0,0,812,594,551,414
2026/01/19/15:50:43,5671.711109,0.940125,0.886037,0.985938,1.010046,39,23,21,31,5,0,0,1,812,594,551,414
2026/01/19/15:50:44,5672.711223,0.940125,0.886037,1.013937,1.029407,39,23,21,31,5,2,0,1,812,594,551,414
2026/01/19/15:50:45,5673.711323,0.953625,0.895247,1.057375,1.084535,39,27,21,30,5,5,2,1,812,594,551,415
2026/01/19/15:50:46,5674.711418,0.953625,0.895247,1.057375,1.084535,39,27,21,30,5,5,2,1,812,594,551,415
2026/01/19/15:50:47,5675.711508,0.953625,0.895247,1.046750,1.080748,39,27,21,30,5,5,1,1,812,594,551,415
2026/01/19/15:50:48,5676.711650,0.953625,0.895247,1.041875,1.067012,39,27,21,30,5,5,1,0,812,594,551,415
2026/01/19/15:50:49,5677.711764,0.951125,0.894496,1.031750,1.059923,39,27,21,30,5,3,1,0,812,596,551,415
2026/01/19/15:50:50,5678.711853,0.939625,0.902656,1.001313,1.053216,39,27,21,30,5,1,1,0,812,598,551,415
2026/01/19/15:50:51,5679.711948,0.945500,0.900023,0.993188,1.040903,39,26,21,30,5,0,1,0,812,600,551,415
2026/01/19/15:50:52,5680.712105,0.945500,0.900023,0.993188,1.040903,39,26,21,30,5,0,1,0,812,600,551,415
2026/01/19/15:50:53,5681.712209,0.945500,0.900023,0.993188,1.040903,39,26,21,30,5,0,1,0,812,600,551,415
2026/01/19/15:50:54,5682.712287,0.945500,0.900023,0.993188,1.040903,39,26,21,30,5,0,1,0,812,600,551,415
2026/01/19/15:50:55,5683.712375,0.945500,0.900023,0.993188,1.040903,39,26,21,30,5,0,1,0,812,600,551,415
2026/01/19/15:50:56,5684.712457,0.935625,0.889649,0.976562,0.999921,39,24,21,30,5,0,0,0,812,602,551,415
2026/01/19/15:50:57,5685.712568,0.938937,0.899522,0.976562,0.999921,40,24,21,30,4,0,0,0,812,602,551,415
2026/01/19/15:50:58,5686.712637,0.938937,0.899522,0.942063,0.917804,40,24,21,30,1,0,0,0,812,602,551,415
2026/01/19/15:50:59,5687.712742,0.938937,0.899522,0.942063,0.917804,40,24,21,30,1,0,0,0,812,602,551,415
2026/01/19/15:51:00,5688.712847,0.938937,0.899522,0.942063,0.917804,40,24,21,30,1,0,0,0,812,602,551,415
2026/01/19/15:51:01,5689.712953,0.938937,0.899522,0.942063,0.917804,40,24,21,30,1,0,0,0,812,602,551,415
2026/01/19/15:51:02,5690.713046,0.938937,0.899522,0.942063,0.917804,40,24,21,30,1,0,0,0,812,602,551,415
2026/01/19/15:51:03,5691.713157,0.923813,0.891347,0.926937,0.909629,40,24,21,28,1,0,0,0,812,602,551,417
2026/01/19/15:51:04,5692.713248,0.923813,0.891347,0.926937,0.909629,40,24,21,28,1,0,0,0,812,602,551,417
2026/01/19/15:51:05,5693.713316,0.923813,0.891347,0.926937,0.909629,40,24,21,28,1,0,0,0,812,602,551,417
2026/01/19/15:51:06,5694.713429,0.923813,0.891347,0.926937,0.909629,40,24,21,28,1,0,0,0,812,602,551,417
2026/01/19/15:51:07,5695.713524,0.923813,0.891347,0.926937,0.909629,40,24,21,28,1,0,0,0,812,602,551,417
2026/01/19/15:51:08,5696.713639,0.923813,0.891347,0.926937,0.909629,40,24,21,28,1,0,0,0,812,602,551,417
2026/01/19/15:51:09,5697.713706,0.923813,0.891347,0.926937,0.909629,40,24,21,28,1,0,0,0,812,602,551,417
2026/01/19/15:51:10,5698.713816,0.923813,0.891347,0.926937,0.909629,40,24,21,28,1,0,0,0,812,602,551,417
2026/01/19/15:51:11,5699.714090,0.923813,0.891347,0.926937,0.909629,40,24,21,28,1,0,0,0,812,602,551,417
2026/01/19/15:51:12,5700.714164,0.923813,0.891347,0.926937,0.909629,40,24,21,28,1,0,0,0,812,602,551,417
2026/01/19/15:51:13,5701.714293,0.920687,0.873065,0.920687,0.873065,39,24,21,28,0,0,0,0,814,602,551,417
2026/01/19/15:51:14,5702.714383,0.920687,0.873065,0.920687,0.873065,39,24,21,28,0,0,0,0,814,602,551,417
2026/01/19/15:51:15,5703.714486,0.920687,0.873065,0.920687,0.873065,39,24,21,28,0,0,0,0,814,602,551,417
2026/01/19/15:51:16,5704.714580,0.914062,0.853319,0.914062,0.853319,37,24,21,28,0,0,0,0,816,602,551,417
2026/01/19/15:51:17,5705.714683,0.914062,0.853319,0.914062,0.853319,37,24,21,28,0,0,0,0,816,602,551,417
2026/01/19/15:51:18,5706.714832,0.914062,0.853319,0.914062,0.853319,37,24,21,28,0,0,0,0,816,602,551,417
2026/01/19/15:51:19,5707.714949,0.909563,0.850123,0.909563,0.850123,37,23,21,28,0,0,0,0,816,603,551,417
2026/01/19/15:51:20,5708.715075,0.909563,0.850123,0.909563,0.850123,37,23,21,28,0,0,0,0,816,603,551,417
2026/01/19/15:51:21,5709.715160,0.909563,0.850123,0.909563,0.850123,37,23,21,28,0,0,0,0,816,603,551,417
2026/01/19/15:51:22,5710.715309,0.909563,0.850123,0.909563,0.850123,37,23,21,28,0,0,0,0,816,603,551,417
2026/01/19/15:51:23,5711.715458,0.909563,0.850123,0.909563,0.850123,37,23,21,28,0,0,0,0,816,603,551,417
2026/01/19/15:51:24,5712.715606,0.909563,0.850123,0.909563,0.850123,37,23,21,28,0,0,0,0,816,603,551,417
2026/01/19/15:51:25,5713.715700,0.909563,0.850123,0.909563,0.850123,37,23,21,28,0,0,0,0,816,603,551,417
2026/01/19/15:51:26,5714.715859,0.909563,0.850123,0.909563,0.850123,37,23,21,28,0,0,0,0,816,603,551,417
2026/01/19/15:51:27,5715.716005,0.909563,0.850123,0.909563,0.850123,37,23,21,28,0,0,0,0,816,603,551,417
2026/01/19/15:51:28,5716.716091,0.909563,0.850123,0.909563,0.850123,37,23,21,28,0,0,0,0,816,603,551,417
2026/01/19/15:51:29,5717.716118,0.909563,0.850123,0.909563,0.850123,37,23,21,28,0,0,0,0,816,603,551,417
2026/01/19/15:51:30,5718.716275,0.909563,0.850123,0.909563,0.850123,37,23,21,28,0,0,0,0,816,603,551,417
2026/01/19/15:51:31,5719.716395,0.909563,0.850123,0.909563,0.850123,37,23,21,28,0,0,0,0,816,603,551,417
2026/01/19/15:51:32,5720.716538,0.909563,0.850123,0.909563,0.850123,37,23,21,28,0,0,0,0,816,603,551,417
2026/01/19/15:51:33,5721.716643,0.909563,0.850123,0.909563,0.850123,37,23,21,28,0,0,0,0,816,603,551,417
2026/01/19/15:51:34,5722.716730,0.909563,0.850123,0.909563,0.850123,37,23,21,28,0,0,0,0,816,603,551,417
2026/01/19/15:51:35,5723.716825,0.909563,0.850123,0.909563,0.850123,37,23,21,28,0,0,0,0,816,603,551,417
2026/01/19/15:51:36,5724.716972,0.909563,0.850123,0.909563,0.850123,37,23,21,28,0,0,0,0,816,603,551,417
2026/01/19/15:51:37,5725.717170,0.909563,0.850123,0.909563,0.850123,37,23,21,28,0,0,0,0,816,603,551,417
2026/01/19/15:51:38,5726.717285,0.909563,0.850123,0.909563,0.850123,37,23,21,28,0,0,0,0,816,603,551,417
2026/01/19/15:51:39,5727.717386,0.927750,0.866817,0.927750,0.866817,37,23,24,28,0,0,0,0,816,603,551,417
2026/01/19/15:51:40,5728.717506,0.955812,0.896413,0.967063,0.899749,39,24,26,28,0,1,0,0,816,603,551,417
2026/01/19/15:51:41,5729.717649,0.955812,0.896413,0.967063,0.899749,39,24,26,28,0,1,0,0,816,603,551,417
2026/01/19/15:51:42,5730.717781,0.955812,0.896413,0.967063,0.899749,39,24,26,28,0,1,0,0,816,603,551,417
2026/01/19/15:51:43,5731.717884,0.948875,0.883055,0.948875,0.883055,39,25,23,28,0,0,0,0,816,603,554,417
2026/01/19/15:51:44,5732.718031,0.948875,0.883055,0.948875,0.883055,39,25,23,28,0,0,0,0,816,603,554,417
2026/01/19/15:51:45,5733.718144,0.948875,0.883055,0.948875,0.883055,39,25,23,28,0,0,0,0,816,603,554,417
2026/01/19/15:51:46,5734.718306,0.948875,0.883055,0.948875,0.883055,39,25,23,28,0,0,0,0,816,603,554,417
2026/01/19/15:51:47,5735.718389,0.939063,0.878219,0.939063,0.878219,39,24,23,28,0,0,0,0,816,604,554,417
2026/01/19/15:51:48,5736.718493,0.927813,0.874883,0.927813,0.874883,39,23,23,28,0,0,0,0,816,605,554,417
2026/01/19/15:51:49,5737.718596,0.927813,0.874883,0.927813,0.874883,39,23,23,28,0,0,0,0,816,605,554,417
2026/01/19/15:51:50,5738.718673,0.920687,0.857200,0.920687,0.857200,37,23,23,28,0,0,0,0,818,605,554,417
2026/01/19/15:51:51,5739.718814,0.945187,0.902250,0.978938,0.987982,41,24,23,28,2,3,0,0,818,605,554,417
2026/01/19/15:51:52,5740.718971,0.950500,0.906367,0.984250,0.992099,42,24,23,28,2,3,0,0,818,605,554,417
2026/01/19/15:51:53,5741.719077,0.939063,0.896862,0.986688,1.012414,42,21,23,28,2,6,0,0,818,608,554,417
2026/01/19/15:51:54,5742.719163,0.940187,0.899772,0.961187,0.958594,40,24,23,28,0,3,0,0,820,608,554,417
2026/01/19/15:51:55,5743.719266,0.935937,0.889096,0.956937,0.947918,40,23,23,28,0,3,0,0,820,609,554,417
2026/01/19/15:51:56,5744.719340,0.945063,0.897565,1.012000,0.968311,40,24,23,29,0,3,0,3,820,609,554,417
2026/01/19/15:51:57,5745.719496,0.945063,0.897565,1.012000,0.968311,40,24,23,29,0,3,0,3,820,609,554,417
2026/01/19/15:51:58,5746.719639,0.945063,0.897565,0.991000,0.909489,40,24,23,29,0,0,0,3,820,609,554,417
2026/01/19/15:51:59,5747.719788,0.945063,0.897565,0.991000,0.909489,40,24,23,29,0,0,0,3,820,609,554,417
2026/01/19/15:52:00,5748.719879,0.955313,0.903931,1.025000,0.921934,42,24,23,29,0,0,1,3,820,609,554,417
2026/01/19/15:52:01,5749.719948,0.949313,0.900509,1.019000,0.918512,42,23,23,29,0,0,1,3,820,610,554,417
2026/01/19/15:52:02,5750.720079,0.941813,0.893045,1.011500,0.911048,40,23,23,29,0,0,1,3,822,610,554,417
2026/01/19/15:52:03,5751.720137,0.931562,0.886679,1.001250,0.904682,38,23,23,29,0,0,1,3,824,610,554,417
2026/01/19/15:52:04,5752.720288,0.931562,0.886679,0.955313,0.892758,38,23,23,29,0,0,1,0,824,610,554,417
2026/01/19/15:52:05,5753.720383,0.931562,0.886679,0.955313,0.892758,38,23,23,29,0,0,1,0,824,610,554,417
2026/01/19/15:52:06,5754.720532,0.940312,0.897738,0.983812,0.907074,38,23,23,31,0,0,1,1,824,610,554,417
2026/01/19/15:52:07,5755.720692,0.940312,0.897738,0.983812,0.907074,38,23,23,31,0,0,1,1,824,610,554,417
2026/01/19/15:52:08,5756.720852,0.937187,0.892691,0.980688,0.902027,38,23,23,30,0,0,1,1,824,610,554,418
2026/01/19/15:52:09,5757.720914,0.928438,0.881632,0.971938,0.890968,38,23,23,28,0,0,1,1,824,610,554,420
2026/01/19/15:52:10,5758.721014,0.928438,0.881632,0.952187,0.887711,38,23,23,28,0,0,1,0,824,610,554,420
2026/01/19/15:52:11,5759.721122,0.928438,0.881632,0.960313,0.902788,38,23,23,28,1,0,2,0,824,610,554,420
2026/01/19/15:52:12,5760.721264,0.951000,0.908417,1.039562,0.944203,40,23,24,30,0,0,3,3,824,610,554,420
2026/01/19/15:52:13,5761.721339,0.951000,0.908417,1.039562,0.944203,40,23,24,30,0,0,3,3,824,610,554,420
2026/01/19/15:52:14,5762.721436,0.946063,0.898743,0.969812,0.904822,40,23,23,30,0,0,1,0,824,610,555,420
2026/01/19/15:52:15,5763.721517,0.928438,0.881632,0.952187,0.887711,38,23,23,28,0,0,1,0,826,610,555,422
2026/01/19/15:52:16,5764.721628,0.928438,0.881632,0.952187,0.887711,38,23,23,28,0,0,1,0,826,610,555,422
2026/01/19/15:52:17,5765.721788,0.928438,0.881632,0.952187,0.887711,38,23,23,28,0,0,1,0,826,610,555,422
2026/01/19/15:52:18,5766.721904,0.928438,0.881632,0.952187,0.887711,38,23,23,28,0,0,1,0,826,610,555,422
2026/01/19/15:52:19,5767.721985,0.928438,0.881632,0.952187,0.887711,38,23,23,28,0,0,1,0,826,610,555,422
2026/01/19/15:52:20,5768.722118,0.928438,0.881632,0.952187,0.887711,38,23,23,28,0,0,1,0,826,610,555,422
2026/01/19/15:52:21,5769.722199,0.928438,0.881632,0.952187,0.887711,38,23,23,28,0,0,1,0,826,610,555,422
2026/01/19/15:52:22,5770.722325,0.928438,0.881632,0.952187,0.887711,38,23,23,28,0,0,1,0,826,610,555,422
2026/01/19/15:52:23,5771.804282,0.928438,0.881632,0.952187,0.887711,38,23,23,28,0,0,1,0,826,610,555,422
2026/01/19/15:52:24,5772.804446,0.928438,0.881632,0.952187,0.887711,38,23,23,28,0,0,1,0,826,610,555,422
2026/01/19/15:52:25,5773.804543,0.952187,0.887711,0.952187,0.887711,38,23,24,28,0,0,0,0,828,610,555,422
2026/01/19/15:52:26,5774.804650,0.952187,0.887711,0.952187,0.887711,38,23,24,28,0,0,0,0,828,610,555,422
2026/01/19/15:52:27,5775.804726,0.952187,0.887711,0.952187,0.887711,38,23,24,28,0,0,0,0,828,610,555,422
2026/01/19/15:52:28,5776.804818,0.952187,0.887711,0.952187,0.887711,38,23,24,28,0,0,0,0,828,610,555,422
2026/01/19/15:52:29,5777.804975,0.952187,0.887711,0.952187,0.887711,38,23,24,28,0,0,0,0,828,610,555,422
2026/01/19/15:52:30,5778.805092,0.952187,0.887711,0.952187,0.887711,38,23,24,28,0,0,0,0,828,610,555,422
2026/01/19/15:52:31,5779.805217,0.952187,0.887711,0.952187,0.887711,38,23,24,28,0,0,0,0,828,610,555,422
2026/01/19/15:52:32,5780.805400,0.952187,0.887711,0.952187,0.887711,38,23,24,28,0,0,0,0,828,610,555,422
2026/01/19/15:52:33,5781.805547,0.952187,0.887711,0.952187,0.887711,38,23,24,28,0,0,0,0,828,610,555,422
2026/01/19/15:52:34,5782.805631,0.952187,0.887711,0.952187,0.887711,38,23,24,28,0,0,0,0,828,610,555,422
2026/01/19/15:52:35,5783.805781,0.952187,0.887711,0.952187,0.887711,38,23,24,28,0,0,0,0,828,610,555,422
2026/01/19/15:52:36,5784.805877,0.962000,0.896120,0.972938,0.908923,39,23,24,29,1,1,0,0,828,610,555,422
2026/01/19/15:52:37,5785.806023,0.962000,0.896120,0.977125,0.912163,39,23,24,29,2,1,0,0,828,610,555,422
2026/01/19/15:52:38,5786.806175,0.962000,0.896120,0.977125,0.912163,39,23,24,29,2,1,0,0,828,610,555,422
2026/01/19/15:52:39,5787.806267,0.962000,0.896120,0.977125,0.912163,39,23,24,29,2,1,0,0,828,610,555,422
2026/01/19/15:52:40,5788.806413,0.962000,0.896120,0.977125,0.912163,39,23,24,29,2,1,0,0,828,610,555,422
2026/01/19/15:52:41,5789.806609,0.962000,0.896120,0.977125,0.912163,39,23,24,29,2,1,0,0,828,610,555,422
2026/01/19/15:52:42,5790.806620,0.962000,0.896120,0.977125,0.912163,39,23,24,29,2,1,0,0,828,610,555,422
2026/01/19/15:52:43,5791.806781,0.962000,0.896120,0.977125,0.912163,39,23,24,29,2,1,0,0,828,610,555,422
2026/01/19/15:52:44,5792.806858,0.962000,0.896120,0.977125,0.912163,39,23,24,29,2,1,0,0,828,610,555,422
2026/01/19/15:52:45,5793.807008,0.957187,0.891317,0.968125,0.904120,40,21,24,29,1,1,0,0,828,612,555,422
2026/01/19/15:52:46,5794.807158,0.957187,0.891317,0.968125,0.904120,40,21,24,29,1,1,0,0,828,612,555,422
2026/01/19/15:52:47,5795.807241,0.953000,0.888077,0.958812,0.892130,39,21,24,29,1,0,0,0,829,612,555,422
2026/01/19/15:52:48,5796.807404,0.953000,0.888077,0.958812,0.892130,39,21,24,29,1,0,0,0,829,612,555,422
2026/01/19/15:52:49,5797.807553,0.953000,0.888077,0.958812,0.892130,39,21,24,29,1,0,0,0,829,612,555,422
2026/01/19/15:52:50,5798.807651,0.953000,0.888077,0.958812,0.892130,39,21,24,29,1,0,0,0,829,612,555,422
2026/01/19/15:52:51,5799.807793,0.953000,0.888077,0.958812,0.892130,39,21,24,29,1,0,0,0,829,612,555,422
2026/01/19/15:52:52,5800.807904,0.953000,0.888077,0.958812,0.892130,39,21,24,29,1,0,0,0,829,612,555,422
2026/01/19/15:52:53,5801.807989,0.953000,0.888077,0.958812,0.892130,39,21,24,29,1,0,0,0,829,612,555,422
2026/01/19/15:52:54,5802.808136,0.953000,0.888077,0.958812,0.892130,39,21,24,29,1,0,0,0,829,612,555,422
2026/01/19/15:52:55,5803.808282,0.957438,0.893039,0.970938,0.903759,39,22,24,29,1,0,0,1,829,612,555,422
2026/01/19/15:52:56,5804.808347,0.957438,0.893039,0.994000,0.918628,39,22,24,29,1,1,1,1,829,612,555,422
2026/01/19/15:52:57,5805.808439,0.963250,0.897092,1.039187,0.933174,40,22,24,29,2,2,1,1,830,612,555,422
2026/01/19/15:52:58,5806.808585,0.963250,0.897092,1.060563,0.939295,40,22,24,29,2,4,2,1,830,612,555,422
2026/01/19/15:52:59,5807.808700,0.963250,0.897092,1.060563,0.939295,40,22,24,29,2,4,2,1,830,612,555,422
2026/01/19/15:53:00,5808.808795,0.963250,0.897092,1.011375,0.911549,40,22,24,29,2,0,0,1,830,612,555,422
2026/01/19/15:53:01,5809.808905,0.963250,0.897092,1.036625,0.929335,40,22,24,29,4,0,0,3,830,612,555,422
2026/01/19/15:53:02,5810.809064,0.963250,0.897092,1.036625,0.929335,40,22,24,29,4,0,0,3,830,612,555,422
2026/01/19/15:53:03,5811.809123,0.963250,0.897092,1.036625,0.929335,40,22,24,29,4,0,0,3,830,612,555,422
2026/01/19/15:53:04,5812.809239,0.963250,0.897092,1.036625,0.929335,40,22,24,29,4,0,0,3,830,612,555,422
2026/01/19/15:53:05,5813.809402,0.963250,0.897092,1.036625,0.929335,40,22,24,29,4,0,0,3,830,612,555,422
2026/01/19/15:53:06,5814.809500,0.963250,0.897092,1.036625,0.929335,40,22,24,29,4,0,0,3,830,612,555,422
2026/01/19/15:53:07,5815.809645,0.947625,0.884631,1.014625,0.908489,38,22,24,28,2,0,0,3,832,612,555,423
2026/01/19/15:53:08,5816.809789,0.947625,0.884631,1.014625,0.908489,38,22,24,28,2,0,0,3,832,612,555,423
2026/01/19/15:53:09,5817.809888,0.947625,0.884631,1.014625,0.908489,38,22,24,28,2,0,0,3,832,612,555,423
2026/01/19/15:53:10,5818.810043,0.947625,0.884631,1.014625,0.908489,38,22,24,28,2,0,0,3,832,612,555,423
2026/01/19/15:53:11,5819.810119,0.947625,0.884631,1.014625,0.908489,38,22,24,28,2,0,0,3,832,612,555,423
2026/01/19/15:53:12,5820.810218,0.947625,0.884631,1.014625,0.908489,38,22,24,28,2,0,0,3,832,612,555,423
2026/01/19/15:53:13,5821.810351,0.947625,0.884631,1.014625,0.908489,38,22,24,28,2,0,0,3,832,612,555,423
2026/01/19/15:53:14,5822.810433,0.943187,0.879668,1.010188,0.903527,38,21,24,28,2,0,0,3,832,613,555,423
2026/01/19/15:53:15,5823.810538,0.943187,0.879668,0.981313,0.899721,38,21,24,28,1,0,0,3,832,613,555,423
2026/01/19/15:53:16,5824.810637,0.943187,0.879668,0.981313,0.899721,38,21,24,28,1,0,0,3,832,613,555,423
2026/01/19/15:53:17,5825.810727,0.943187,0.879668,0.981313,0.899721,38,21,24,28,1,0,0,3,832,613,555,423
2026/01/19/15:53:18,5826.810961,0.953438,0.887166,1.062875,1.011626,40,21,24,28,2,3,3,3,832,613,555,423
2026/01/19/15:53:19,5827.811088,0.950438,0.885617,1.051750,1.004550,41,21,22,28,1,3,3,3,832,613,557,423
2026/01/19/15:53:20,5828.811221,0.950438,0.885617,1.011813,0.935913,41,21,22,28,1,0,3,3,832,613,557,423
2026/01/19/15:53:21,5829.811374,0.950438,0.885617,1.011813,0.935913,41,21,22,28,1,0,3,3,832,613,557,423
2026/01/19/15:53:22,5830.811457,0.950438,0.885617,1.011813,0.935913,41,21,22,28,1,0,3,3,832,613,557,423
2026/01/19/15:53:23,5831.811551,0.950438,0.885617,1.011813,0.935913,41,21,22,28,1,0,3,3,832,613,557,423
2026/01/19/15:53:24,5832.811647,0.950438,0.885617,1.011813,0.935913,41,21,22,28,1,0,3,3,832,613,557,423
2026/01/19/15:53:25,5833.811737,0.950438,0.885617,1.011813,0.935913,41,21,22,28,1,0,3,3,832,613,557,423
2026/01/19/15:53:26,5834.811888,0.950438,0.885617,1.011813,0.935913,41,21,22,28,1,0,3,3,832,613,557,423
2026/01/19/15:53:27,5835.811975,0.950438,0.885617,1.011813,0.935913,41,21,22,28,1,0,3,3,832,613,557,423
2026/01/19/15:53:28,5836.812133,0.950000,0.886756,1.003688,0.930386,40,21,22,29,1,0,3,2,833,613,557,423
2026/01/19/15:53:29,5837.812202,0.950000,0.886756,1.003688,0.930386,40,21,22,29,1,0,3,2,833,613,557,423
2026/01/19/15:53:30,5838.812319,0.950000,0.886756,1.003688,0.930386,40,21,22,29,1,0,3,2,833,613,557,423
2026/01/19/15:53:31,5839.812461,0.950000,0.886756,1.003688,0.930386,40,21,22,29,1,0,3,2,833,613,557,423
2026/01/19/15:53:32,5840.812570,0.950000,0.886756,1.003688,0.930386,40,21,22,29,1,0,3,2,833,613,557,423
2026/01/19/15:53:33,5841.812717,0.950000,0.886756,1.003688,0.930386,40,21,22,29,1,0,3,2,833,613,557,423
2026/01/19/15:53:34,5842.812808,0.950000,0.886756,1.003688,0.930386,40,21,22,29,1,0,3,2,833,613,557,423
2026/01/19/15:53:35,5843.812911,0.950000,0.886756,1.072313,0.955252,40,21,22,29,6,0,3,2,833,613,557,423
2026/01/19/15:53:36,5844.813007,0.963875,0.898383,1.168000,1.037429,40,21,22,32,7,1,8,3,833,613,557,423
2026/01/19/15:53:37,5845.813139,0.963875,0.898383,1.193750,1.083890,40,21,22,32,4,4,9,7,833,613,557,423
2026/01/19/15:53:38,5846.813286,0.963875,0.898383,1.195500,1.097802,40,21,22,32,5,4,8,9,833,613,557,423
2026/01/19/15:53:39,5847.813384,0.963875,0.898383,1.149875,1.075679,40,21,22,32,3,4,8,7,833,613,557,423
2026/01/19/15:53:40,5848.813448,0.963875,0.898383,1.109500,1.037326,40,21,22,32,3,1,6,7,833,613,557,423
2026/01/19/15:53:41,5849.813570,0.963875,0.898383,1.105687,1.022394,40,21,22,32,3,1,5,7,833,613,557,423
2026/01/19/15:53:42,5850.813769,0.963875,0.898383,1.105687,1.022394,40,21,22,32,3,1,5,7,833,613,557,423
2026/01/19/15:53:43,5851.813808,0.963875,0.898383,1.105687,1.022394,40,21,22,32,3,1,5,7,833,613,557,423
2026/01/19/15:53:44,5852.813912,0.963875,0.898383,1.073562,1.002697,40,21,22,32,3,1,3,7,833,613,557,423
2026/01/19/15:53:45,5853.813997,0.959250,0.894508,1.045875,0.976862,40,21,22,31,3,0,3,5,833,613,557,424
2026/01/19/15:53:46,5854.814121,0.950000,0.886756,1.033125,0.959758,40,21,22,29,2,0,3,5,833,613,557,426
2026/01/19/15:53:47,5855.814239,0.950000,0.886756,1.033125,0.959758,40,21,22,29,2,0,3,5,833,613,557,426
2026/01/19/15:53:48,5856.814322,0.950000,0.886756,1.033125,0.959758,40,21,22,29,2,0,3,5,833,613,557,426
2026/01/19/15:53:49,5857.814417,0.950000,0.886756,1.028625,0.951953,40,21,22,29,1,0,3,5,833,613,557,426
2026/01/19/15:53:50,5858.814515,0.950000,0.886756,1.005375,0.921710,40,21,22,29,1,0,0,5,833,613,557,426
2026/01/19/15:53:51,5859.814674,0.950000,0.886756,1.005375,0.921710,40,21,22,29,1,0,0,5,833,613,557,426
2026/01/19/15:53:52,5860.814770,0.950000,0.886756,1.005375,0.921710,40,21,22,29,1,0,0,5,833,613,557,426
2026/01/19/15:53:53,5861.814864,0.950000,0.886756,1.005375,0.921710,40,21,22,29,1,0,0,5,833,613,557,426
2026/01/19/15:53:54,5862.814959,0.950000,0.886756,1.015500,0.932636,40,21,22,29,1,0,1,5,833,613,557,426
2026/01/19/15:53:55,5863.815080,0.966063,0.898427,1.113938,1.016882,40,23,22,30,3,6,2,9,833,613,557,426
2026/01/19/15:53:56,5864.815142,0.966063,0.898427,1.103813,1.005955,40,23,22,30,3,6,1,9,833,613,557,426
2026/01/19/15:53:57,5865.815254,0.966063,0.898427,1.103813,1.005955,40,23,22,30,3,6,1,9,833,613,557,426
2026/01/19/15:53:58,5866.815380,0.966063,0.898427,1.116375,1.082985,40,23,22,30,3,6,4,9,833,613,557,426
2026/01/19/15:53:59,5867.815484,0.966063,0.898427,1.116375,1.082985,40,23,22,30,3,6,4,9,833,613,557,426
2026/01/19/15:54:00,5868.815572,0.966063,0.898427,1.091625,1.072315,40,23,22,30,3,3,4,9,833,613,557,426
2026/01/19/15:54:01,5869.815659,0.966063,0.898427,1.088250,1.060069,40,23,22,30,3,2,4,9,833,613,557,426
2026/01/19/15:54:02,5870.815751,0.966063,0.898427,1.045875,0.961189,40,23,22,30,3,2,0,7,833,613,557,426
2026/01/19/15:54:03,5871.815853,0.966063,0.898427,1.045875,0.961189,40,23,22,30,3,2,0,7,833,613,557,426
2026/01/19/15:54:04,5872.816026,0.961437,0.898512,1.023313,0.944581,40,21,22,32,3,0,0,5,833,615,557,426
2026/01/19/15:54:05,5873.816125,0.961437,0.898512,1.023313,0.944581,40,21,22,32,3,0,0,5,833,615,557,426
2026/01/19/15:54:06,5874.816251,0.953250,0.892314,1.011875,0.932825,41,21,22,29,2,0,0,5,833,615,557,429
2026/01/19/15:54:07,5875.816392,0.953250,0.892314,1.011875,0.932825,41,21,22,29,2,0,0,5,833,615,557,429
2026/01/19/15:54:08,5876.816484,0.953250,0.892314,1.011875,0.932825,41,21,22,29,2,0,0,5,833,615,557,429
2026/01/19/15:54:09,5877.816636,0.953250,0.892314,1.011875,0.932825,41,21,22,29,2,0,0,5,833,615,557,429
2026/01/19/15:54:10,5878.816728,0.953250,0.892314,1.011875,0.932825,41,21,22,29,2,0,0,5,833,615,557,429
2026/01/19/15:54:11,5879.816813,0.953250,0.892314,1.011875,0.932825,41,21,22,29,2,0,0,5,833,615,557,429
2026/01/19/15:54:12,5880.816958,0.953250,0.892314,1.011875,0.932825,41,21,22,29,2,0,0,5,833,615,557,429
2026/01/19/15:54:13,5881.817087,0.948812,0.891205,1.004188,0.926159,42,21,22,28,1,0,0,5,833,615,557,430
2026/01/19/15:54:14,5882.817205,0.948812,0.891205,1.004188,0.926159,42,21,22,28,1,0,0,5,833,615,557,430
2026/01/19/15:54:15,5883.817303,0.948812,0.891205,1.004188,0.926159,42,21,22,28,1,0,0,5,833,615,557,430
2026/01/19/15:54:16,5884.817461,0.948812,0.891205,1.004188,0.926159,42,21,22,28,1,0,0,5,833,615,557,430
2026/01/19/15:54:17,5885.817558,0.948812,0.891205,1.004188,0.926159,42,21,22,28,1,0,0,5,833,615,557,430
2026/01/19/15:54:18,5886.817657,0.948812,0.891205,0.991062,0.909635,42,21,22,28,1,0,0,3,833,615,557,430
2026/01/19/15:54:19,5887.817818,0.948812,0.891205,0.991062,0.909635,42,21,22,28,1,0,0,3,833,615,557,430
2026/01/19/15:54:20,5888.817967,0.948812,0.891205,0.991062,0.909635,42,21,22,28,1,0,0,3,833,615,557,430
2026/01/19/15:54:21,5889.818036,0.948812,0.891205,0.991062,0.909635,42,21,22,28,1,0,0,3,833,615,557,430
2026/01/19/15:54:22,5890.818203,0.948812,0.891205,0.991062,0.909635,42,21,22,28,1,0,0,3,833,615,557,430
2026/01/19/15:54:23,5891.818287,0.948812,0.891205,0.991062,0.909635,42,21,22,28,1,0,0,3,833,615,557,430
2026/01/19/15:54:24,5892.818383,0.948812,0.891205,0.991062,0.909635,42,21,22,28,1,0,0,3,833,615,557,430
2026/01/19/15:54:25,5893.818478,0.948812,0.891205,0.991062,0.909635,42,21,22,28,1,0,0,3,833,615,557,430
2026/01/19/15:54:26,5894.818570,0.948812,0.891205,0.991062,0.909635,42,21,22,28,1,0,0,3,833,615,557,430
2026/01/19/15:54:27,5895.818723,0.948812,0.891205,0.991062,0.909635,42,21,22,28,1,0,0,3,833,615,557,430
2026/01/19/15:54:28,5896.818806,0.948812,0.891205,0.991062,0.909635,42,21,22,28,1,0,0,3,833,615,557,430
2026/01/19/15:54:29,5897.818880,0.948812,0.891205,0.991062,0.909635,42,21,22,28,1,0,0,3,833,615,557,430
2026/01/19/15:54:30,5898.818960,0.948812,0.891205,0.991062,0.909635,42,21,22,28,1,0,0,3,833,615,557,430
2026/01/19/15:54:31,5899.819076,0.948812,0.891205,0.991062,0.909635,42,21,22,28,1,0,0,3,833,615,557,430
2026/01/19/15:54:32,5900.819116,0.948812,0.891205,0.991062,0.909635,42,21,22,28,1,0,0,3,833,615,557,430
2026/01/19/15:54:33,5902.224192,0.948812,0.891205,0.991062,0.909635,42,21,22,28,1,0,0,3,833,615,557,430
2026/01/19/15:54:35,5904.034421,0.948812,0.891205,0.991062,0.909635,42,21,22,28,1,0,0,3,833,615,557,430
2026/01/19/15:54:37,5906.226619,0.948812,0.891205,0.991062,0.909635,42,21,22,28,1,0,0,3,833,615,557,430
2026/01/19/15:54:39,5907.827862,0.948812,0.891205,0.991062,0.909635,42,21,22,28,1,0,0,3,833,615,557,430
2026/01/19/15:54:40,5909.326956,0.948812,0.891205,0.991062,0.909635,42,21,22,28,1,0,0,3,833,615,557,430
2026/01/19/15:54:42,5911.107622,0.948812,0.891205,0.991062,0.909635,42,21,22,28,1,0,0,3,833,615,557,430
2026/01/19/15:54:43,5912.301810,0.948812,0.891205,0.991062,0.909635,42,21,22,28,1,0,0,3,833,615,557,430
2026/01/19/15:54:46,5915.016303,0.938562,0.883707,0.980812,0.902138,40,21,22,28,1,0,0,3,835,615,557,430
2026/01/19/15:54:47,5916.016405,0.957688,0.884580,0.980812,0.902138,40,21,22,31,1,0,0,0,838,615,557,430
2026/01/19/15:54:48,5917.016653,0.957688,0.884580,0.980812,0.902138,40,21,22,31,1,0,0,0,838,615,557,430
2026/01/19/15:54:49,5918.016661,0.957688,0.884580,0.980812,0.902138,40,21,22,31,1,0,0,0,838,615,557,430
2026/01/19/15:54:50,5919.016759,0.957688,0.884580,0.980812,0.902138,40,21,22,31,1,0,0,0,838,615,557,430
2026/01/19/15:54:51,5920.016858,0.957688,0.884580,0.980812,0.902138,40,21,22,31,1,0,0,0,838,615,557,430
2026/01/19/15:54:52,5921.016953,0.957688,0.884580,0.980812,0.902138,40,21,22,31,1,0,0,0,838,615,557,430
2026/01/19/15:54:53,5922.017089,0.957688,0.884580,0.980812,0.902138,40,21,22,31,1,0,0,0,838,615,557,430
2026/01/19/15:54:54,5923.017167,0.957688,0.884580,0.980812,0.902138,40,21,22,31,1,0,0,0,838,615,557,430
2026/01/19/15:54:55,5924.017277,0.957688,0.884580,0.988375,0.925139,40,21,22,31,1,0,1,0,838,615,557,430
2026/01/19/15:54:56,5925.017374,0.965938,0.895378,1.034000,0.979755,40,22,23,31,4,2,1,0,838,615,557,430
2026/01/19/15:54:57,5926.017469,0.965938,0.895378,1.034000,0.979755,40,22,23,31,4,2,1,0,838,615,557,430
2026/01/19/15:54:58,5927.017555,0.965938,0.895378,1.034000,0.979755,40,22,23,31,4,2,1,0,838,615,557,430
2026/01/19/15:54:59,5928.017654,0.965938,0.895378,1.034000,0.979755,40,22,23,31,4,2,1,0,838,615,557,430
2026/01/19/15:55:00,5929.017746,0.965938,0.895378,1.034000,0.979755,40,22,23,31,4,2,1,0,838,615,557,430
2026/01/19/15:55:01,5930.017829,0.965938,0.895378,1.070188,0.993803,40,22,23,31,5,2,4,0,838,615,557,430
2026/01/19/15:55:02,5931.017926,0.965938,0.895378,1.062625,0.970802,40,22,23,31,5,2,3,0,838,615,557,430
2026/01/19/15:55:03,5932.018021,0.965938,0.895378,1.062625,0.970802,40,22,23,31,5,2,3,0,838,615,557,430
2026/01/19/15:55:04,5933.018174,0.964938,0.894555,1.058250,0.966218,41,21,23,31,4,2,3,0,838,616,557,430
2026/01/19/15:55:05,5934.018265,0.964938,0.894555,1.058250,0.966218,41,21,23,31,4,2,3,0,838,616,557,430
2026/01/19/15:55:06,5935.018384,0.965187,0.911029,1.013750,0.955630,42,23,25,29,3,0,1,0,838,616,557,432
2026/01/19/15:55:07,5936.018465,0.965187,0.911029,1.013750,0.955630,42,23,25,29,3,0,1,0,838,616,557,432
2026/01/19/15:55:08,5937.018616,0.965187,0.911029,1.013750,0.955630,42,23,25,29,3,0,1,0,838,616,557,432
2026/01/19/15:55:09,5938.018712,0.965187,0.911029,1.013750,0.955630,42,23,25,29,3,0,1,0,838,616,557,432
2026/01/19/15:55:10,5939.018809,0.965187,0.911029,1.013750,0.955630,42,23,25,29,3,0,1,0,838,616,557,432
2026/01/19/15:55:11,5940.018902,0.965313,0.911874,1.061125,0.988454,41,23,26,29,5,0,1,3,839,616,557,432
2026/01/19/15:55:12,5941.018960,0.965313,0.911874,1.061125,0.988454,41,23,26,29,5,0,1,3,839,616,557,432
2026/01/19/15:55:13,5942.019092,0.965313,0.911874,1.054375,0.972334,41,23,26,29,3,0,1,3,839,616,557,432
2026/01/19/15:55:14,5943.019146,0.965313,0.911874,1.054375,0.972334,41,23,26,29,3,0,1,3,839,616,557,432
2026/01/19/15:55:15,5944.019245,0.965313,0.911874,1.108313,1.060560,41,23,26,29,9,1,1,4,839,616,557,432
2026/01/19/15:55:16,5945.019342,0.965313,0.911874,1.119063,1.076959,41,23,26,29,10,3,1,4,839,616,557,432
2026/01/19/15:55:17,5946.019418,0.965313,0.911874,1.119063,1.076959,41,23,26,29,10,3,1,4,839,616,557,432
2026/01/19/15:55:18,5947.019566,0.965313,0.911874,1.100375,1.046000,41,23,26,29,8,3,1,4,839,616,557,432
2026/01/19/15:55:19,5948.019630,0.965313,0.911874,1.185125,1.094601,41,23,26,29,8,9,3,5,839,616,557,432
2026/01/19/15:55:20,5949.019737,0.965313,0.911874,1.189500,1.110996,41,23,26,29,9,9,3,5,839,616,557,432
2026/01/19/15:55:21,5950.019842,0.965313,0.911874,1.189500,1.110996,41,23,26,29,9,9,3,5,839,616,557,432
2026/01/19/15:55:22,5951.019932,0.959187,0.915473,1.160250,1.087659,42,23,26,28,7,9,3,3,839,616,557,434
2026/01/19/15:55:23,5952.020027,0.959187,0.915473,1.151125,1.084247,42,23,26,28,6,9,3,3,839,616,557,434
2026/01/19/15:55:24,5953.020161,0.967313,0.910818,1.140625,1.066088,41,24,27,27,6,8,1,3,840,616,558,435
2026/01/19/15:55:25,5954.020239,0.967313,0.910818,1.151125,1.073863,41,24,27,27,8,8,1,3,840,616,558,435
2026/01/19/15:55:26,5955.020341,0.967313,0.910818,1.151125,1.073863,41,24,27,27,8,8,1,3,840,616,558,435
2026/01/19/15:55:27,5956.020415,0.967313,0.910818,1.160000,1.087135,41,24,27,27,10,8,1,3,840,616,558,435
2026/01/19/15:55:28,5957.020503,0.967313,0.910818,1.169188,1.092183,41,24,27,27,8,9,2,4,840,616,558,435
2026/01/19/15:55:29,5958.020614,0.967313,0.910818,1.169188,1.092183,41,24,27,27,8,9,2,4,840,616,558,435
2026/01/19/15:55:30,5959.020705,0.967313,0.910818,1.181563,1.106863,41,24,27,27,11,9,2,4,840,616,558,435
2026/01/19/15:55:31,5960.020784,0.967313,0.910818,1.174438,1.086286,41,24,27,27,9,9,2,4,840,616,558,435
2026/01/19/15:55:32,5961.020879,0.962750,0.910316,1.217437,1.116230,42,24,25,28,8,16,2,3,840,616,560,435
2026/01/19/15:55:33,5962.020957,0.962750,0.910316,1.209938,1.110839,42,24,25,28,8,16,1,3,840,616,560,435
2026/01/19/15:55:34,5963.021063,0.962750,0.910316,1.217688,1.103073,42,24,25,28,8,15,1,3,840,616,560,435
2026/01/19/15:55:35,5964.021155,0.961375,0.907517,1.204813,1.088048,41,26,24,28,7,13,1,3,841,616,561,435
2026/01/19/15:55:36,5965.021234,0.966750,0.915560,1.190937,1.075972,42,26,24,28,6,10,1,3,841,618,561,435
2026/01/19/15:55:37,5966.021332,0.965437,0.917934,1.186000,1.072307,42,27,24,27,6,9,1,3,841,618,561,436
2026/01/19/15:55:38,5967.021393,0.962063,0.912064,1.182625,1.066438,41,27,24,27,6,9,1,3,842,618,561,436
2026/01/19/15:55:39,5968.021510,0.962063,0.912064,1.182625,1.066438,41,27,24,27,6,9,1,3,842,618,561,436
2026/01/19/15:55:40,5969.021592,0.962063,0.912064,1.182625,1.066438,41,27,24,27,6,9,1,3,842,618,561,436
2026/01/19/15:55:41,5970.021657,0.962063,0.912064,1.182625,1.066438,41,27,24,27,6,9,1,3,842,618,561,436
2026/01/19/15:55:42,5971.021763,0.962063,0.912064,1.172500,1.039105,41,27,24,27,6,7,1,3,842,618,561,436
2026/01/19/15:55:43,5972.021918,0.962063,0.912064,1.152750,1.032764,41,27,24,27,6,5,1,3,842,618,561,436
2026/01/19/15:55:44,5973.021976,0.962063,0.912064,1.152750,1.032764,41,27,24,27,6,5,1,3,842,618,561,436
2026/01/19/15:55:45,5974.022102,0.962063,0.912064,1.152750,1.032764,41,27,24,27,6,5,1,3,842,618,561,436
2026/01/19/15:55:46,5975.022165,0.962375,0.911540,1.137125,1.024367,41,26,25,27,6,4,0,3,842,620,561,436
2026/01/19/15:55:47,5976.022227,0.962375,0.911540,1.137125,1.024367,41,26,25,27,6,4,0,3,842,620,561,436
2026/01/19/15:55:48,5977.022341,0.962375,0.911540,1.244312,1.079052,41,26,25,27,6,10,3,5,842,620,561,436
2026/01/19/15:55:49,5978.022425,0.962375,0.911540,1.244312,1.079052,41,26,25,27,6,10,3,5,842,620,561,436
2026/01/19/15:55:50,5979.022522,0.962375,0.911540,1.195500,1.053499,41,26,25,27,6,7,1,5,842,620,561,436
2026/01/19/15:55:51,5980.022619,0.966250,0.910525,1.154000,1.034100,41,25,26,27,6,6,0,3,842,622,561,436
2026/01/19/15:55:52,5981.022730,0.968125,0.910212,1.149375,1.028414,41,26,25,27,6,5,0,3,842,622,562,436
2026/01/19/15:55:53,5982.022822,0.968125,0.904471,1.142875,1.017298,39,27,25,27,6,4,0,3,844,622,562,436
2026/01/19/15:55:54,5983.022916,0.968125,0.904471,1.142875,1.017298,39,27,25,27,6,4,0,3,844,622,562,436
2026/01/19/15:55:55,5984.023105,0.968125,0.904471,1.142875,1.017298,39,27,25,27,6,4,0,3,844,622,562,436
2026/01/19/15:55:56,5985.023526,0.968125,0.904471,1.142875,1.017298,39,27,25,27,6,4,0,3,844,622,562,436
2026/01/19/15:55:57,5986.023593,0.968125,0.904471,1.104875,1.000710,39,27,25,27,6,2,0,3,844,622,562,436
2026/01/19/15:55:58,5987.023673,0.968125,0.904471,1.104875,1.000710,39,27,25,27,6,2,0,3,844,622,562,436
2026/01/19/15:55:59,5988.023750,0.968125,0.904471,1.081750,0.983152,39,27,25,27,5,2,0,3,844,622,562,436
2026/01/19/15:56:00,5989.023829,0.968125,0.904471,1.081750,0.983152,39,27,25,27,5,2,0,3,844,622,562,436
2026/01/19/15:56:01,5990.023901,0.968125,0.904471,1.081750,0.983152,39,27,25,27,5,2,0,3,844,622,562,436
2026/01/19/15:56:02,5991.024037,0.968125,0.904471,1.081750,0.983152,39,27,25,27,5,2,0,3,844,622,562,436
2026/01/19/15:56:03,5992.024138,0.968125,0.904471,1.081750,0.983152,39,27,25,27,5,2,0,3,844,622,562,436
2026/01/19/15:56:04,5993.024203,0.968125,0.904471,1.081750,0.983152,39,27,25,27,5,2,0,3,844,622,562,436
2026/01/19/15:56:05,5994.024282,0.968125,0.904471,1.081750,0.983152,39,27,25,27,5,2,0,3,844,622,562,436
2026/01/19/15:56:06,5995.024394,0.968125,0.904471,1.081750,0.983152,39,27,25,27,5,2,0,3,844,622,562,436
2026/01/19/15:56:07,5996.024482,0.968125,0.904471,1.081750,0.983152,39,27,25,27,5,2,0,3,844,622,562,436
2026/01/19/15:56:08,5997.024550,0.968125,0.904471,1.081750,0.983152,39,27,25,27,5,2,0,3,844,622,562,436
2026/01/19/15:56:10,5999.314443,0.968125,0.904471,1.081750,0.983152,39,27,25,27,5,2,0,3,844,622,562,436
2026/01/19/15:56:12,6001.117008,0.968125,0.904471,1.136813,1.027117,39,27,25,27,9,2,0,5,844,622,562,436
2026/01/19/15:56:15,6004.212643,0.968125,0.904471,1.099875,1.011874,39,27,25,27,9,2,1,2,844,622,562,436
2026/01/19/15:56:20,6008.511784,0.968125,0.904471,1.095500,1.001763,39,27,25,27,9,2,1,1,844,622,562,436
2026/01/19/15:56:24,6012.842490,0.968125,0.904471,1.095500,1.001763,39,27,25,27,9,2,1,1,844,622,562,436
2026/01/19/15:56:25,6013.842615,0.968125,0.904471,1.095500,1.001763,39,27,25,27,9,2,1,1,844,622,562,436
2026/01/19/15:56:26,6014.842711,0.968125,0.904471,1.095500,1.001763,39,27,25,27,9,2,1,1,844,622,562,436
2026/01/19/15:56:27,6015.842813,0.968125,0.904471,1.095500,1.001763,39,27,25,27,9,2,1,1,844,622,562,436
2026/01/19/15:56:28,6016.842966,0.968125,0.904471,1.095500,1.001763,39,27,25,27,9,2,1,1,844,622,562,436
2026/01/19/15:56:29,6017.843129,0.968125,0.904471,1.095500,1.001763,39,27,25,27,9,2,1,1,844,622,562,436
2026/01/19/15:56:30,6018.843200,0.968125,0.904471,1.095500,1.001763,39,27,25,27,9,2,1,1,844,622,562,436
2026/01/19/15:56:31,6019.843356,0.968125,0.904471,1.095500,1.001763,39,27,25,27,9,2,1,1,844,622,562,436
2026/01/19/15:56:32,6020.843448,0.968125,0.904471,1.091687,0.998627,39,27,25,27,9,2,0,1,844,622,562,436
2026/01/19/15:56:33,6021.843601,0.968125,0.904471,1.091687,0.998627,39,27,25,27,9,2,0,1,844,622,562,436
2026/01/19/15:56:34,6022.843759,0.968125,0.904471,1.091687,0.998627,39,27,25,27,9,2,0,1,844,622,562,436
2026/01/19/15:56:35,6023.843908,0.968125,0.904471,1.091687,0.998627,39,27,25,27,9,2,0,1,844,622,562,436
2026/01/19/15:56:36,6024.844085,0.968125,0.904471,1.091687,0.998627,39,27,25,27,9,2,0,1,844,622,562,436
2026/01/19/15:56:37,6025.844117,0.968125,0.904471,1.091687,0.998627,39,27,25,27,9,2,0,1,844,622,562,436
2026/01/19/15:56:38,6026.844270,0.968125,0.904471,1.091687,0.998627,39,27,25,27,9,2,0,1,844,622,562,436
2026/01/19/15:56:39,6027.844374,0.968125,0.904471,1.091687,0.998627,39,27,25,27,9,2,0,1,844,622,562,436
2026/01/19/15:56:40,6028.844437,0.968125,0.904471,1.091687,0.998627,39,27,25,27,9,2,0,1,844,622,562,436
2026/01/19/15:56:41,6029.844551,0.962063,0.912965,1.073312,0.986512,41,27,25,25,7,2,0,0,844,622,562,439
2026/01/19/15:56:42,6030.844699,0.962063,0.912965,1.073312,0.986512,41,27,25,25,7,2,0,0,844,622,562,439
2026/01/19/15:56:43,6031.844799,0.962063,0.912965,1.073312,0.986512,41,27,25,25,7,2,0,0,844,622,562,439
2026/01/19/15:56:44,6032.844905,0.962063,0.912965,1.073312,0.986512,41,27,25,25,7,2,0,0,844,622,562,439
2026/01/19/15:56:45,6033.845076,0.962063,0.912965,1.073312,0.986512,41,27,25,25,7,2,0,0,844,622,562,439
2026/01/19/15:56:46,6034.845134,0.946063,0.908574,1.053813,0.970389,42,24,25,25,6,2,0,0,844,625,562,439
2026/01/19/15:56:47,6035.845303,0.946063,0.908574,1.053813,0.970389,42,24,25,25,6,2,0,0,844,625,562,439
2026/01/19/15:56:48,6036.845343,0.946063,0.908574,1.053813,0.970389,42,24,25,25,6,2,0,0,844,625,562,439
2026/01/19/15:56:49,6037.845496,0.946063,0.908574,1.053813,0.970389,42,24,25,25,6,2,0,0,844,625,562,439
2026/01/19/15:56:50,6038.845626,0.946063,0.908574,1.053813,0.970389,42,24,25,25,6,2,0,0,844,625,562,439
2026/01/19/15:56:51,6039.845738,0.946063,0.908574,1.053813,0.970389,42,24,25,25,6,2,0,0,844,625,562,439
2026/01/19/15:56:52,6040.845854,0.946063,0.908574,1.053813,0.970389,42,24,25,25,6,2,0,0,844,625,562,439
2026/01/19/15:56:53,6041.845999,0.946063,0.908574,1.053813,0.970389,42,24,25,25,6,2,0,0,844,625,562,439
2026/01/19/15:56:54,6042.846128,0.946063,0.908574,1.053813,0.970389,42,24,25,25,6,2,0,0,844,625,562,439
2026/01/19/15:56:55,6043.908366,0.946063,0.908574,1.053813,0.970389,42,24,25,25,6,2,0,0,844,625,562,439
2026/01/19/15:56:56,6044.908442,0.946063,0.908574,1.053813,0.970389,42,24,25,25,6,2,0,0,844,625,562,439
2026/01/19/15:56:57,6046.411999,0.946063,0.908574,1.053813,0.970389,42,24,25,25,6,2,0,0,844,625,562,439
2026/01/19/15:57:01,6049.519516,0.946063,0.908574,1.053813,0.970389,42,24,25,25,6,2,0,0,844,625,562,439
2026/01/19/15:57:03,6052.111113,0.935937,0.903057,1.021000,0.960101,42,25,22,25,6,1,0,0,844,625,565,439
2026/01/19/15:57:07,6055.415128,0.930250,0.898385,1.015313,0.955429,42,25,22,24,6,1,0,0,844,625,565,440
2026/01/19/15:57:08,6056.610381,0.929188,0.897077,0.991563,0.949350,42,26,21,24,6,0,0,0,844,625,566,440
2026/01/19/15:57:11,6059.627746,0.939937,0.908096,0.995812,0.948743,44,26,21,24,3,2,0,0,845,625,566,440
2026/01/19/15:57:12,6060.893191,0.939937,0.908096,0.995812,0.948743,44,26,21,24,3,2,0,0,845,625,566,440
2026/01/19/15:57:13,6061.893311,0.939937,0.908096,0.995812,0.948743,44,26,21,24,3,2,0,0,845,625,566,440
2026/01/19/15:57:14,6062.893397,0.939937,0.908096,0.983437,0.920360,44,26,21,24,3,0,0,0,845,625,566,440
2026/01/19/15:57:15,6063.893543,0.939937,0.908096,0.983437,0.920360,44,26,21,24,3,0,0,0,845,625,566,440
2026/01/19/15:57:16,6064.893699,0.939937,0.908096,0.983437,0.920360,44,26,21,24,3,0,0,0,845,625,566,440
2026/01/19/15:57:17,6065.893769,0.939937,0.908096,0.983437,0.920360,44,26,21,24,3,0,0,0,845,625,566,440
2026/01/19/15:57:18,6066.893883,0.939937,0.908096,0.983437,0.920360,44,26,21,24,3,0,0,0,845,625,566,440
2026/01/19/15:57:19,6067.893985,0.939438,0.898853,0.968437,0.907029,45,23,21,24,2,0,0,0,845,628,566,440
2026/01/19/15:57:20,6068.894092,0.939438,0.898853,0.968437,0.907029,45,23,21,24,2,0,0,0,845,628,566,440
2026/01/19/15:57:21,6069.894101,0.939438,0.898853,0.968437,0.907029,45,23,21,24,2,0,0,0,845,628,566,440
2026/01/19/15:57:22,6070.894232,0.939438,0.898853,0.968437,0.907029,45,23,21,24,2,0,0,0,845,628,566,440
2026/01/19/15:57:23,6071.894326,0.939438,0.898853,0.968437,0.907029,45,23,21,24,2,0,0,0,845,628,566,440
2026/01/19/15:57:24,6072.894430,0.939438,0.898853,1.036312,0.923556,45,23,21,24,2,3,0,0,845,628,566,440
2026/01/19/15:57:25,6073.894525,0.943500,0.907046,1.070437,1.020967,45,24,21,24,2,6,0,3,845,628,566,440
2026/01/19/15:57:26,6074.894660,0.943500,0.907046,1.070437,1.020967,45,24,21,24,2,6,0,3,845,628,566,440
2026/01/19/15:57:27,6075.894755,0.939438,0.898853,1.058250,0.996387,45,23,21,24,2,4,0,3,845,629,566,440
2026/01/19/15:57:28,6076.894882,0.939438,0.898853,1.048875,0.935888,45,23,21,24,2,4,0,0,845,629,566,440
2026/01/19/15:57:29,6077.895021,0.939438,0.898853,0.981000,0.919362,45,23,21,24,2,1,0,0,845,629,566,440
2026/01/19/15:57:30,6078.895154,0.939438,0.898853,0.981000,0.919362,45,23,21,24,2,1,0,0,845,629,566,440
2026/01/19/15:57:31,6079.895235,0.939438,0.898853,0.981000,0.919362,45,23,21,24,2,1,0,0,845,629,566,440
2026/01/19/15:57:32,6080.895357,0.939438,0.898853,0.981000,0.919362,45,23,21,24,2,1,0,0,845,629,566,440
2026/01/19/15:57:33,6081.895457,0.925813,0.892422,0.967375,0.912930,43,23,21,24,2,1,0,0,847,629,566,440
2026/01/19/15:57:34,6082.895550,0.925813,0.892422,0.967375,0.912930,43,23,21,24,2,1,0,0,847,629,566,440
2026/01/19/15:57:35,6083.895639,0.925813,0.892422,0.967375,0.912930,43,23,21,24,2,1,0,0,847,629,566,440
2026/01/19/15:57:36,6084.895751,0.925813,0.892422,0.967375,0.912930,43,23,21,24,2,1,0,0,847,629,566,440
2026/01/19/15:57:37,6085.895845,0.925813,0.892422,0.967375,0.912930,43,23,21,24,2,1,0,0,847,629,566,440
2026/01/19/15:57:38,6086.895933,0.925813,0.892422,0.967375,0.912930,43,23,21,24,2,1,0,0,847,629,566,440
2026/01/19/15:57:39,6087.896013,0.925813,0.892422,0.967375,0.912930,43,23,21,24,2,1,0,0,847,629,566,440
2026/01/19/15:57:40,6088.896144,0.924562,0.910863,0.941750,0.933354,42,26,21,24,0,2,0,0,848,629,566,440
2026/01/19/15:57:41,6089.896227,0.935438,0.925199,1.029688,0.984620,42,26,21,27,1,7,0,1,848,629,566,440
2026/01/19/15:57:42,6090.896326,0.935438,0.925199,1.029688,0.984620,42,26,21,27,1,7,0,1,848,629,566,440
2026/01/19/15:57:43,6091.896420,0.935438,0.925199,1.041813,0.988631,42,26,21,27,1,8,0,1,848,629,566,440
2026/01/19/15:57:44,6092.896487,0.926750,0.907654,1.023937,0.955943,42,24,21,27,1,6,0,1,848,632,566,440
2026/01/19/15:57:45,6093.896647,0.926125,0.912779,1.014812,0.945974,42,24,21,27,1,4,0,1,848,633,566,440
2026/01/19/15:57:46,6094.896789,0.926125,0.912779,0.997687,0.942203,42,24,21,27,0,4,0,1,848,633,566,440
2026/01/19/15:57:47,6095.896886,0.926125,0.912779,0.997687,0.942203,42,24,21,27,0,4,0,1,848,633,566,440
2026/01/19/15:57:48,6096.896980,0.923063,0.894617,0.973750,0.913681,40,24,21,28,0,3,0,0,850,633,566,440
2026/01/19/15:57:49,6097.897079,0.923063,0.894617,0.973750,0.913681,40,24,21,28,0,3,0,0,850,633,566,440
2026/01/19/15:57:50,6098.897133,0.923063,0.894617,0.973750,0.913681,40,24,21,28,0,3,0,0,850,633,566,440
2026/01/19/15:57:51,6099.897243,0.923063,0.894617,0.973750,0.913681,40,24,21,28,0,3,0,0,850,633,566,440
2026/01/19/15:57:52,6100.897348,0.923063,0.894617,0.973750,0.913681,40,24,21,28,0,3,0,0,850,633,566,440
2026/01/19/15:57:53,6101.897430,0.923063,0.894617,0.973750,0.913681,40,24,21,28,0,3,0,0,850,633,566,440
2026/01/19/15:57:54,6102.897539,0.923063,0.894617,0.973750,0.913681,40,24,21,28,0,3,0,0,850,633,566,440
2026/01/19/15:57:55,6103.897641,0.912188,0.880281,0.962875,0.899345,40,24,21,25,0,3,0,0,850,633,566,443
2026/01/19/15:57:56,6104.897746,0.912188,0.880281,0.962875,0.899345,40,24,21,25,0,3,0,0,850,633,566,443
2026/01/19/15:57:57,6105.897948,0.912188,0.880281,0.962875,0.899345,40,24,21,25,0,3,0,0,850,633,566,443
2026/01/19/15:57:58,6106.898009,0.912188,0.880281,0.962875,0.899345,40,24,21,25,0,3,0,0,850,633,566,443
2026/01/19/15:57:59,6107.898153,0.912188,0.880281,0.962875,0.899345,40,24,21,25,0,3,0,0,850,633,566,443
2026/01/19/15:58:00,6108.898214,0.912188,0.880281,0.962875,0.899345,40,24,21,25,0,3,0,0,850,633,566,443
2026/01/19/15:58:01,6109.898321,0.924750,0.892614,0.924750,0.892614,40,25,21,25,0,0,0,0,853,633,566,443
2026/01/19/15:58:02,6110.898383,0.924750,0.892614,0.924750,0.892614,40,25,21,25,0,0,0,0,853,633,566,443
2026/01/19/15:58:03,6111.898548,0.924750,0.892614,0.924750,0.892614,40,25,21,25,0,0,0,0,853,633,566,443
2026/01/19/15:58:04,6112.898627,0.924750,0.892614,0.924750,0.892614,40,25,21,25,0,0,0,0,853,633,566,443
2026/01/19/15:58:05,6113.898696,0.924750,0.892614,0.924750,0.892614,40,25,21,25,0,0,0,0,853,633,566,443
2026/01/19/15:58:06,6114.898854,0.924750,0.892614,0.924750,0.892614,40,25,21,25,0,0,0,0,853,633,566,443
2026/01/19/15:58:07,6115.898983,0.924750,0.892614,0.924750,0.892614,40,25,21,25,0,0,0,0,853,633,566,443
2026/01/19/15:58:08,6116.899141,0.924750,0.892614,0.924750,0.892614,40,25,21,25,0,0,0,0,853,633,566,443
2026/01/19/15:58:09,6117.899251,0.924750,0.892614,0.924750,0.892614,40,25,21,25,0,0,0,0,853,633,566,443
2026/01/19/15:58:10,6118.899357,0.924750,0.892614,0.924750,0.892614,40,25,21,25,0,0,0,0,853,633,566,443
2026/01/19/15:58:11,6119.899466,0.924750,0.892614,0.924750,0.892614,40,25,21,25,0,0,0,0,853,633,566,443
2026/01/19/15:58:12,6120.899546,0.924750,0.892614,0.924750,0.892614,40,25,21,25,0,0,0,0,853,633,566,443
2026/01/19/15:58:13,6121.899660,0.924750,0.892614,0.924750,0.892614,40,25,21,25,0,0,0,0,853,633,566,443
2026/01/19/15:58:14,6122.899748,0.916000,0.886264,0.916000,0.886264,40,25,21,24,0,0,0,0,853,633,566,444
2026/01/19/15:58:15,6123.899856,0.916000,0.886264,0.916000,0.886264,40,25,21,24,0,0,0,0,853,633,566,444
2026/01/19/15:58:16,6124.900012,0.916000,0.886264,0.916000,0.886264,40,25,21,24,0,0,0,0,853,633,566,444
2026/01/19/15:58:17,6125.900114,0.916000,0.886264,0.916000,0.886264,40,25,21,24,0,0,0,0,853,633,566,444
2026/01/19/15:58:18,6126.900200,0.916000,0.886264,0.916000,0.886264,40,25,21,24,0,0,0,0,853,633,566,444
2026/01/19/15:58:19,6127.900340,0.949812,0.930124,0.980812,0.953533,42,27,24,24,2,3,0,0,853,633,566,444
2026/01/19/15:58:20,6128.900446,0.953187,0.934272,0.990938,0.965975,43,27,24,24,4,3,0,0,853,633,566,444
2026/01/19/15:58:21,6129.900542,0.953187,0.934272,0.990938,0.965975,43,27,24,24,4,3,0,0,853,633,566,444
2026/01/19/15:58:22,6130.900630,0.952688,0.931287,0.987062,0.958843,43,27,24,24,3,3,0,0,854,633,566,444
2026/01/19/15:58:23,6131.900740,0.952688,0.931287,0.987062,0.958843,43,27,24,24,3,3,0,0,854,633,566,444
2026/01/19/15:58:24,6132.900836,0.952688,0.931287,0.987062,0.958843,43,27,24,24,3,3,0,0,854,633,566,444
2026/01/19/15:58:25,6133.900923,0.949625,0.925355,0.968625,0.939252,41,28,24,24,1,2,0,0,857,633,566,444
2026/01/19/15:58:26,6134.901012,0.949625,0.925355,0.968625,0.939252,41,28,24,24,1,2,0,0,857,633,566,444
2026/01/19/15:58:27,6135.901137,0.949625,0.925355,0.968625,0.939252,41,28,24,24,1,2,0,0,857,633,566,444
2026/01/19/15:58:28,6136.901213,0.940625,0.919892,0.940625,0.919892,42,28,24,24,0,0,0,0,857,635,566,444
2026/01/19/15:58:29,6137.901336,0.940625,0.919892,0.940625,0.919892,42,28,24,24,0,0,0,0,857,635,566,444
2026/01/19/15:58:30,6138.901449,0.940625,0.919892,0.940625,0.919892,42,28,24,24,0,0,0,0,857,635,566,444
2026/01/19/15:58:31,6139.901543,0.940625,0.919892,0.940625,0.919892,42,28,24,24,0,0,0,0,857,635,566,444
2026/01/19/15:58:32,6140.901616,0.940625,0.919892,0.940625,0.919892,42,28,24,24,0,0,0,0,857,635,566,444
2026/01/19/15:58:33,6141.901738,0.940625,0.919892,0.940625,0.919892,42,28,24,24,0,0,0,0,857,635,566,444
2026/01/19/15:58:34,6142.901817,0.931750,0.906619,0.931750,0.906619,40,28,24,24,0,0,0,0,859,635,566,444
2026/01/19/15:58:35,6143.901921,0.931750,0.906619,0.931750,0.906619,40,28,24,24,0,0,0,0,859,635,566,444
2026/01/19/15:58:36,6144.902009,0.931750,0.906619,0.931750,0.906619,40,28,24,24,0,0,0,0,859,635,566,444
2026/01/19/15:58:37,6145.902154,0.931750,0.906619,0.931750,0.906619,40,28,24,24,0,0,0,0,859,635,566,444
2026/01/19/15:58:38,6146.902237,0.931750,0.906619,0.931750,0.906619,40,28,24,24,0,0,0,0,859,635,566,444
2026/01/19/15:58:39,6147.902327,0.931750,0.906619,0.931750,0.906619,40,28,24,24,0,0,0,0,859,635,566,444
2026/01/19/15:58:40,6148.902422,0.931750,0.906619,0.931750,0.906619,40,28,24,24,0,0,0,0,859,635,566,444
2026/01/19/15:58:41,6149.902508,0.931750,0.906619,0.931750,0.906619,40,28,24,24,0,0,0,0,859,635,566,444
2026/01/19/15:58:42,6150.902619,0.931750,0.906619,0.931750,0.906619,40,28,24,24,0,0,0,0,859,635,566,444
2026/01/19/15:58:43,6151.902682,0.931750,0.906619,0.931750,0.906619,40,28,24,24,0,0,0,0,859,635,566,444
2026/01/19/15:58:44,6152.902798,0.931750,0.906619,0.931750,0.906619,40,28,24,24,0,0,0,0,859,635,566,444
2026/01/19/15:58:45,6153.902895,0.931750,0.906619,0.931750,0.906619,40,28,24,24,0,0,0,0,859,635,566,444
2026/01/19/15:58:46,6154.902964,0.931750,0.906619,0.931750,0.906619,40,28,24,24,0,0,0,0,859,635,566,444
2026/01/19/15:58:47,6155.903117,0.931750,0.906619,0.931750,0.906619,40,28,24,24,0,0,0,0,859,635,566,444
2026/01/19/15:58:48,6156.903098,0.931750,0.906619,0.931750,0.906619,40,28,24,24,0,0,0,0,859,635,566,444
2026/01/19/15:58:49,6157.903207,0.931750,0.906619,0.931750,0.906619,40,28,24,24,0,0,0,0,859,635,566,444
2026/01/19/15:58:50,6158.903272,0.931750,0.906619,0.931750,0.906619,40,28,24,24,0,0,0,0,859,635,566,444
2026/01/19/15:58:51,6159.903386,0.931750,0.906619,0.931750,0.906619,40,28,24,24,0,0,0,0,859,635,566,444
2026/01/19/15:58:52,6160.903448,0.931750,0.906619,0.931750,0.906619,40,28,24,24,0,0,0,0,859,635,566,444
2026/01/19/15:58:53,6161.903663,0.931750,0.906619,0.931750,0.906619,40,28,24,24,0,0,0,0,859,635,566,444
2026/01/19/15:58:54,6162.903692,0.931750,0.906619,0.931750,0.906619,40,28,24,24,0,0,0,0,859,635,566,444
2026/01/19/15:58:55,6163.906988,0.931750,0.906619,0.931750,0.906619,40,28,24,24,0,0,0,0,859,635,566,444
2026/01/19/15:58:56,6164.907118,0.931750,0.906619,0.931750,0.906619,40,28,24,24,0,0,0,0,859,635,566,444
2026/01/19/15:58:57,6165.907262,0.931750,0.906619,0.931750,0.906619,40,28,24,24,0,0,0,0,859,635,566,444
2026/01/19/15:58:58,6166.907426,0.931750,0.906619,0.931750,0.906619,40,28,24,24,0,0,0,0,859,635,566,444
2026/01/19/15:58:59,6167.907515,0.931750,0.906619,0.931750,0.906619,40,28,24,24,0,0,0,0,859,635,566,444
2026/01/19/15:59:00,6168.907599,0.931750,0.906619,0.931750,0.906619,40,28,24,24,0,0,0,0,859,635,566,444
2026/01/19/15:59:01,6169.907688,0.931750,0.906619,0.931750,0.906619,40,28,24,24,0,0,0,0,859,635,566,444
2026/01/19/15:59:02,6170.907785,0.958313,0.933382,0.981250,0.946135,40,28,26,26,0,0,2,1,859,635,566,444
2026/01/19/15:59:03,6171.907877,0.958313,0.933382,0.981250,0.946135,40,28,26,26,0,0,2,1,859,635,566,444
2026/01/19/15:59:04,6172.907975,0.958313,0.933382,0.981250,0.946135,40,28,26,26,0,0,2,1,859,635,566,444
2026/01/19/15:59:05,6173.908080,0.948187,0.911752,0.948187,0.911752,40,26,27,24,0,0,0,0,859,637,567,446
2026/01/19/15:59:06,6174.908190,0.879000,0.889159,0.879000,0.889159,40,24,24,24,0,0,0,0,859,639,570,446
2026/01/19/15:59:07,6175.908368,0.879000,0.889159,0.879000,0.889159,40,24,24,24,0,0,0,0,859,639,570,446
2026/01/19/15:59:08,6176.908454,0.879000,0.889159,0.879000,0.889159,40,24,24,24,0,0,0,0,859,639,570,446
2026/01/19/15:59:09,6177.908560,0.879000,0.889159,0.879000,0.889159,40,24,24,24,0,0,0,0,859,639,570,446
2026/01/19/15:59:10,6178.908658,0.879000,0.889159,0.879000,0.889159,40,24,24,24,0,0,0,0,859,639,570,446
2026/01/19/15:59:11,6179.908822,0.879000,0.889159,0.879000,0.889159,40,24,24,24,0,0,0,0,859,639,570,446
2026/01/19/15:59:12,6180.908929,0.879000,0.889159,0.879000,0.889159,40,24,24,24,0,0,0,0,859,639,570,446
2026/01/19/15:59:13,6181.908997,0.879000,0.889159,0.879000,0.889159,40,24,24,24,0,0,0,0,859,639,570,446
2026/01/19/15:59:14,6182.909109,0.879000,0.889159,0.879000,0.889159,40,24,24,24,0,0,0,0,859,639,570,446
2026/01/19/15:59:15,6183.909248,0.879000,0.889159,0.879000,0.889159,40,24,24,24,0,0,0,0,859,639,570,446
2026/01/19/15:59:16,6184.909385,0.879000,0.889159,0.879000,0.889159,40,24,24,24,0,0,0,0,859,639,570,446
2026/01/19/15:59:17,6185.909468,0.879000,0.889159,0.879000,0.889159,40,24,24,24,0,0,0,0,859,639,570,446
2026/01/19/15:59:18,6186.909541,0.879000,0.889159,0.879000,0.889159,40,24,24,24,0,0,0,0,859,639,570,446
2026/01/19/15:59:19,6187.909648,0.879000,0.889159,0.879000,0.889159,40,24,24,24,0,0,0,0,859,639,570,446
2026/01/19/15:59:20,6188.909740,0.879000,0.889159,0.879000,0.889159,40,24,24,24,0,0,0,0,859,639,570,446
2026/01/19/15:59:21,6189.909887,0.879000,0.889159,0.879000,0.889159,40,24,24,24,0,0,0,0,859,639,570,446
2026/01/19/15:59:22,6190.909956,0.879000,0.889159,0.879000,0.889159,40,24,24,24,0,0,0,0,859,639,570,446
2026/01/19/15:59:23,6191.910071,0.879000,0.889159,0.879000,0.889159,40,24,24,24,0,0,0,0,859,639,570,446
2026/01/19/15:59:24,6192.910208,0.879000,0.889159,0.879000,0.889159,40,24,24,24,0,0,0,0,859,639,570,446
2026/01/19/15:59:25,6193.910313,0.879000,0.889159,0.879000,0.889159,40,24,24,24,0,0,0,0,859,639,570,446
2026/01/19/15:59:26,6194.910399,0.879000,0.889159,0.879000,0.889159,40,24,24,24,0,0,0,0,859,639,570,446
2026/01/19/15:59:27,6195.910557,0.879000,0.889159,0.879000,0.889159,40,24,24,24,0,0,0,0,859,639,570,446
2026/01/19/15:59:28,6196.910711,0.879000,0.889159,0.879000,0.889159,40,24,24,24,0,0,0,0,859,639,570,446
2026/01/19/15:59:29,6197.910803,0.879000,0.889159,0.879000,0.889159,40,24,24,24,0,0,0,0,859,639,570,446
2026/01/19/15:59:30,6198.910933,0.879000,0.889159,0.879000,0.889159,40,24,24,24,0,0,0,0,859,639,570,446
2026/01/19/15:59:31,6199.911016,0.879000,0.889159,0.879000,0.889159,40,24,24,24,0,0,0,0,859,639,570,446
2026/01/19/15:59:32,6200.911121,0.887375,0.912800,0.890813,0.931430,41,24,24,25,0,0,0,1,859,639,570,446
2026/01/19/15:59:33,6201.911270,0.887375,0.912800,0.890813,0.931430,41,24,24,25,0,0,0,1,859,639,570,446
2026/01/19/15:59:34,6202.911379,0.887375,0.912800,0.890813,0.931430,41,24,24,25,0,0,0,1,859,639,570,446
2026/01/19/15:59:35,6203.911465,0.882437,0.907789,0.885875,0.926418,40,24,24,25,0,0,0,1,860,639,570,446
2026/01/19/15:59:36,6204.911594,0.882437,0.907789,0.885875,0.926418,40,24,24,25,0,0,0,1,860,639,570,446
2026/01/19/15:59:37,6205.911657,0.882437,0.907789,0.885875,0.926418,40,24,24,25,0,0,0,1,860,639,570,446
2026/01/19/15:59:38,6206.911765,0.882437,0.907789,0.885875,0.926418,40,24,24,25,0,0,0,1,860,639,570,446
2026/01/19/15:59:39,6207.911866,0.882437,0.907789,0.885875,0.926418,40,24,24,25,0,0,0,1,860,639,570,446
2026/01/19/15:59:40,6208.911954,0.882437,0.907789,0.885875,0.926418,40,24,24,25,0,0,0,1,860,639,570,446
2026/01/19/15:59:41,6209.912044,0.882437,0.907789,0.885875,0.926418,40,24,24,25,0,0,0,1,860,639,570,446
2026/01/19/15:59:42,6210.912168,0.882437,0.907789,0.885875,0.926418,40,24,24,25,0,0,0,1,860,639,570,446
2026/01/19/15:59:43,6211.915099,0.882437,0.907789,0.885875,0.926418,40,24,24,25,0,0,0,1,860,639,570,446
2026/01/19/15:59:44,6212.915192,0.882437,0.907789,0.885875,0.926418,40,24,24,25,0,0,0,1,860,639,570,446
2026/01/19/15:59:45,6213.915289,0.885875,0.926418,0.885875,0.926418,40,24,24,26,0,0,0,0,861,639,570,446
2026/01/19/15:59:46,6214.915394,0.885875,0.926418,0.885875,0.926418,40,24,24,26,0,0,0,0,861,639,570,446
2026/01/19/15:59:47,6215.915510,0.885875,0.926418,0.885875,0.926418,40,24,24,26,0,0,0,0,861,639,570,446
2026/01/19/15:59:48,6216.915571,0.885875,0.926418,0.885875,0.926418,40,24,24,26,0,0,0,0,861,639,570,446
2026/01/19/15:59:49,6217.915668,0.885875,0.926418,0.885875,0.926418,40,24,24,26,0,0,0,0,861,639,570,446
2026/01/19/15:59:50,6218.915753,0.885875,0.926418,0.885875,0.926418,40,24,24,26,0,0,0,0,861,639,570,446
2026/01/19/15:59:51,6219.915854,0.885875,0.926418,0.885875,0.926418,40,24,24,26,0,0,0,0,861,639,570,446
2026/01/19/15:59:52,6220.915955,0.885875,0.926418,0.885875,0.926418,40,24,24,26,0,0,0,0,861,639,570,446
2026/01/19/15:59:53,6221.916094,0.885875,0.926418,0.885875,0.926418,40,24,24,26,0,0,0,0,861,639,570,446
2026/01/19/15:59:54,6222.916165,0.885875,0.926418,0.885875,0.926418,40,24,24,26,0,0,0,0,861,639,570,446
2026/01/19/15:59:55,6223.916252,0.885875,0.926418,0.885875,0.926418,40,24,24,26,0,0,0,0,861,639,570,446
2026/01/19/15:59:56,6224.916321,0.885875,0.926418,0.885875,0.926418,40,24,24,26,0,0,0,0,861,639,570,446
2026/01/19/15:59:57,6225.916429,0.885875,0.926418,0.885875,0.926418,40,24,24,26,0,0,0,0,861,639,570,446
2026/01/19/15:59:58,6226.916510,0.885875,0.926418,0.885875,0.926418,40,24,24,26,0,0,0,0,861,639,570,446
2026/01/19/15:59:59,6227.916573,0.885875,0.926418,0.885875,0.926418,40,24,24,26,0,0,0,0,861,639,570,446
2026/01/19/16:00:00,6228.916704,0.885875,0.926418,0.885875,0.926418,40,24,24,26,0,0,0,0,861,639,570,446
2026/01/19/16:00:01,6229.916911,0.864875,0.913260,0.864875,0.913260,40,21,24,26,0,0,0,0,861,642,570,446
2026/01/19/16:00:02,6230.916920,0.864875,0.913260,0.864875,0.913260,40,21,24,26,0,0,0,0,861,642,570,446
2026/01/19/16:00:03,6231.917014,0.864875,0.913260,0.864875,0.913260,40,21,24,26,0,0,0,0,861,642,570,446
2026/01/19/16:00:04,6232.917108,0.864875,0.913260,0.864875,0.913260,40,21,24,26,0,0,0,0,861,642,570,446
2026/01/19/16:00:05,6233.917195,0.864875,0.913260,0.864875,0.913260,40,21,24,26,0,0,0,0,861,642,570,446
2026/01/19/16:00:06,6234.917277,0.864875,0.913260,0.864875,0.913260,40,21,24,26,0,0,0,0,861,642,570,446
2026/01/19/16:00:07,6235.917383,0.864875,0.913260,0.864875,0.913260,40,21,24,26,0,0,0,0,861,642,570,446
2026/01/19/16:00:08,6236.917478,0.864875,0.913260,0.864875,0.913260,40,21,24,26,0,0,0,0,861,642,570,446
2026/01/19/16:00:09,6237.917627,0.864875,0.913260,0.864875,0.913260,40,21,24,26,0,0,0,0,861,642,570,446
2026/01/19/16:00:10,6238.917782,0.864875,0.913260,0.864875,0.913260,40,21,24,26,0,0,0,0,861,642,570,446
2026/01/19/16:00:11,6239.917895,0.864875,0.913260,0.864875,0.913260,40,21,24,26,0,0,0,0,861,642,570,446
2026/01/19/16:00:12,6240.917999,0.864875,0.913260,0.864875,0.913260,40,21,24,26,0,0,0,0,861,642,570,446
2026/01/19/16:00:13,6241.918114,0.864875,0.913260,0.864875,0.913260,40,21,24,26,0,0,0,0,861,642,570,446
2026/01/19/16:00:14,6242.918221,0.864875,0.913260,0.864875,0.913260,40,21,24,26,0,0,0,0,861,642,570,446
2026/01/19/16:00:15,6243.918315,0.864875,0.913260,0.864875,0.913260,40,21,24,26,0,0,0,0,861,642,570,446
2026/01/19/16:00:16,6244.918411,0.850938,0.892901,0.850938,0.892901,38,20,24,26,0,0,0,0,863,643,570,446
2026/01/19/16:00:17,6245.918512,0.850938,0.892901,0.850938,0.892901,38,20,24,26,0,0,0,0,863,643,570,446
2026/01/19/16:00:18,6246.918633,0.850938,0.892901,0.850938,0.892901,38,20,24,26,0,0,0,0,863,643,570,446
2026/01/19/16:00:19,6247.918698,0.850938,0.892901,0.850938,0.892901,38,20,24,26,0,0,0,0,863,643,570,446
2026/01/19/16:00:20,6248.918841,0.850938,0.892901,0.850938,0.892901,38,20,24,26,0,0,0,0,863,643,570,446
2026/01/19/16:00:21,6249.918958,0.850938,0.892901,0.850938,0.892901,38,20,24,26,0,0,0,0,863,643,570,446
2026/01/19/16:00:22,6250.919074,0.850938,0.892901,0.850938,0.892901,38,20,24,26,0,0,0,0,863,643,570,446
2026/01/19/16:00:23,6251.919116,0.850938,0.892901,0.850938,0.892901,38,20,24,26,0,0,0,0,863,643,570,446
2026/01/19/16:00:24,6252.919226,0.850938,0.892901,0.850938,0.892901,38,20,24,26,0,0,0,0,863,643,570,446
2026/01/19/16:00:25,6253.919321,0.850938,0.892901,0.850938,0.892901,38,20,24,26,0,0,0,0,863,643,570,446
2026/01/19/16:00:26,6254.919438,0.850938,0.892901,0.850938,0.892901,38,20,24,26,0,0,0,0,863,643,570,446
2026/01/19/16:00:27,6255.919555,0.850938,0.892901,0.850938,0.892901,38,20,24,26,0,0,0,0,863,643,570,446
2026/01/19/16:00:28,6256.919642,0.850938,0.892901,0.850938,0.892901,38,20,24,26,0,0,0,0,863,643,570,446
2026/01/19/16:00:29,6257.919740,0.850938,0.892901,0.850938,0.892901,38,20,24,26,0,0,0,0,863,643,570,446
2026/01/19/16:00:30,6258.919857,0.850938,0.892901,0.850938,0.892901,38,20,24,26,0,0,0,0,863,643,570,446
2026/01/19/16:00:31,6259.919942,0.850938,0.892901,0.850938,0.892901,38,20,24,26,0,0,0,0,863,643,570,446
2026/01/19/16:00:32,6260.920038,0.850938,0.892901,0.850938,0.892901,38,20,24,26,0,0,0,0,863,643,570,446
2026/01/19/16:00:33,6261.920157,0.850938,0.892901,0.850938,0.892901,38,20,24,26,0,0,0,0,863,643,570,446
2026/01/19/16:00:34,6262.920277,0.859688,0.900126,0.859688,0.900126,38,22,24,26,0,0,0,0,863,643,570,446
2026/01/19/16:00:35,6263.920329,0.892875,0.920887,0.892875,0.920887,39,25,24,26,0,0,0,0,863,643,570,446
2026/01/19/16:00:36,6264.920435,0.888500,0.917274,0.888500,0.917274,39,24,24,26,0,0,0,0,863,644,570,446
2026/01/19/16:00:37,6265.920534,0.884125,0.913662,0.884125,0.913662,39,23,24,26,0,0,0,0,863,645,570,446
2026/01/19/16:00:38,6266.920600,0.906375,0.924107,0.935937,0.962078,40,23,25,26,0,0,4,0,863,645,570,446
2026/01/19/16:00:39,6267.920712,0.906375,0.924107,0.935937,0.962078,40,23,25,26,0,0,4,0,863,645,570,446
2026/01/19/16:00:40,6268.920810,0.915875,0.928164,0.931813,0.958930,39,23,26,26,0,0,3,0,864,645,570,446
2026/01/19/16:00:41,6269.920912,0.912563,0.935179,0.923188,0.955690,38,23,27,26,0,0,2,0,865,645,570,446
2026/01/19/16:00:42,6270.920975,0.907250,0.924924,0.907250,0.924924,38,23,26,26,0,0,0,0,865,645,571,446
2026/01/19/16:00:43,6271.921145,0.907250,0.924924,0.907250,0.924924,38,23,26,26,0,0,0,0,865,645,571,446
2026/01/19/16:00:44,6272.921259,0.920937,0.940328,0.949937,0.951754,38,23,27,28,0,0,2,0,865,645,571,446
2026/01/19/16:00:45,6273.921346,0.920937,0.940328,0.949937,0.951754,38,23,27,28,0,0,2,0,865,645,571,446
2026/01/19/16:00:46,6274.921448,0.920937,0.940328,0.949937,0.951754,38,23,27,28,0,0,2,0,865,645,571,446
2026/01/19/16:00:47,6275.921521,0.919562,0.931194,0.919562,0.931194,38,23,26,28,0,0,0,0,865,645,574,446
2026/01/19/16:00:48,6276.921618,0.915000,0.927628,0.915000,0.927628,38,23,26,27,0,0,0,0,865,645,574,447
2026/01/19/16:00:49,6277.921726,0.915000,0.927628,0.915000,0.927628,38,23,26,27,0,0,0,0,865,645,574,447
2026/01/19/16:00:50,6278.921823,0.909000,0.921940,0.909000,0.921940,38,23,26,26,0,0,0,0,865,645,574,448
2026/01/19/16:00:51,6279.921941,0.909000,0.921940,0.909000,0.921940,38,23,26,26,0,0,0,0,865,645,574,448
2026/01/19/16:00:52,6280.922084,0.880000,0.910514,0.880000,0.910514,38,23,24,26,0,0,0,0,865,645,576,448
2026/01/19/16:00:53,6281.922166,0.880000,0.910514,0.880000,0.910514,38,23,24,26,0,0,0,0,865,645,576,448
2026/01/19/16:00:54,6282.922250,0.880000,0.910514,0.880000,0.910514,38,23,24,26,0,0,0,0,865,645,576,448
2026/01/19/16:00:55,6283.922336,0.880000,0.910514,0.880000,0.910514,38,23,24,26,0,0,0,0,865,645,576,448
2026/01/19/16:00:56,6284.922458,0.880000,0.910514,0.880000,0.910514,38,23,24,26,0,0,0,0,865,645,576,448
2026/01/19/16:00:57,6285.922573,0.880000,0.910514,0.880000,0.910514,38,23,24,26,0,0,0,0,865,645,576,448
2026/01/19/16:00:58,6286.922671,0.880000,0.910514,0.880000,0.910514,38,23,24,26,0,0,0,0,865,645,576,448
2026/01/19/16:00:59,6287.922746,0.880000,0.910514,0.880000,0.910514,38,23,24,26,0,0,0,0,865,645,576,448
2026/01/19/16:01:00,6288.922848,0.880000,0.910514,0.880000,0.910514,38,23,24,26,0,0,0,0,865,645,576,448
2026/01/19/16:01:01,6289.922994,0.928375,0.948799,0.959125,1.005255,40,29,26,26,0,1,5,0,865,645,576,448
2026/01/19/16:01:02,6290.923122,0.928375,0.948799,0.959125,1.005255,40,29,26,26,0,1,5,0,865,645,576,448
2026/01/19/16:01:03,6291.923191,0.922188,0.936944,0.944500,0.989199,40,26,26,26,0,1,4,0,865,648,577,448
2026/01/19/16:01:04,6292.923274,0.907937,0.927788,0.914813,0.960198,39,26,26,26,0,1,1,0,866,648,579,448
2026/01/19/16:01:05,6293.923392,0.907937,0.927788,0.911438,0.935609,39,26,26,26,0,0,1,0,866,648,579,448
2026/01/19/16:01:06,6294.923469,0.907937,0.927788,0.911438,0.935609,39,26,26,26,0,0,1,0,866,648,579,448
2026/01/19/16:01:07,6295.923542,0.907937,0.927788,0.911438,0.935609,39,26,26,26,0,0,1,0,866,648,579,448
2026/01/19/16:01:08,6296.923649,0.907937,0.927788,0.911438,0.935609,39,26,26,26,0,0,1,0,866,648,579,448
2026/01/19/16:01:09,6297.923743,0.900937,0.912145,0.900937,0.912145,39,26,24,26,0,0,0,0,866,648,581,448
2026/01/19/16:01:10,6298.923830,0.900937,0.912145,0.900937,0.912145,39,26,24,26,0,0,0,0,866,648,581,448
2026/01/19/16:01:11,6299.923937,0.900937,0.912145,0.900937,0.912145,39,26,24,26,0,0,0,0,866,648,581,448
2026/01/19/16:01:12,6300.924125,0.894188,0.903666,0.894188,0.903666,37,26,24,26,0,0,0,0,868,648,581,448
2026/01/19/16:01:13,6301.924272,0.865125,0.886053,0.865125,0.886053,37,23,24,26,0,0,0,0,868,651,581,448
2026/01/19/16:01:14,6302.924355,0.865125,0.886053,0.865125,0.886053,37,23,24,26,0,0,0,0,868,651,581,448
2026/01/19/16:01:15,6303.924461,0.865125,0.886053,0.865125,0.886053,37,23,24,26,0,0,0,0,868,651,581,448
2026/01/19/16:01:16,6304.924549,0.865125,0.886053,0.865125,0.886053,37,23,24,26,0,0,0,0,868,651,581,448
2026/01/19/16:01:17,6305.924679,0.865125,0.886053,0.865125,0.886053,37,23,24,26,0,0,0,0,868,651,581,448
2026/01/19/16:01:18,6306.924790,0.865125,0.886053,0.865125,0.886053,37,23,24,26,0,0,0,0,868,651,581,448
2026/01/19/16:01:19,6307.924890,0.865125,0.886053,0.865125,0.886053,37,23,24,26,0,0,0,0,868,651,581,448
2026/01/19/16:01:20,6308.925003,0.865125,0.886053,0.865125,0.886053,37,23,24,26,0,0,0,0,868,651,581,448
2026/01/19/16:01:21,6309.925066,0.865125,0.886053,0.865125,0.886053,37,23,24,26,0,0,0,0,868,651,581,448
2026/01/19/16:01:22,6310.925102,0.865125,0.886053,0.865125,0.886053,37,23,24,26,0,0,0,0,868,651,581,448
2026/01/19/16:01:23,6311.925201,0.865125,0.886053,0.865125,0.886053,37,23,24,26,0,0,0,0,868,651,581,448
2026/01/19/16:01:24,6312.925306,0.865125,0.886053,0.865125,0.886053,37,23,24,26,0,0,0,0,868,651,581,448
2026/01/19/16:01:25,6313.925403,0.865125,0.886053,0.865125,0.886053,37,23,24,26,0,0,0,0,868,651,581,448
2026/01/19/16:01:26,6314.925496,0.865125,0.886053,0.865125,0.886053,37,23,24,26,0,0,0,0,868,651,581,448
2026/01/19/16:01:27,6315.925605,0.865125,0.886053,0.865125,0.886053,37,23,24,26,0,0,0,0,868,651,581,448
2026/01/19/16:01:28,6316.925683,0.865125,0.886053,0.865125,0.886053,37,23,24,26,0,0,0,0,868,651,581,448
2026/01/19/16:01:29,6317.925768,0.865125,0.886053,0.865125,0.886053,37,23,24,26,0,0,0,0,868,651,581,448
2026/01/19/16:01:30,6318.925888,0.865125,0.886053,0.865125,0.886053,37,23,24,26,0,0,0,0,868,651,581,448
2026/01/19/16:01:31,6319.925973,0.865125,0.886053,0.865125,0.886053,37,23,24,26,0,0,0,0,868,651,581,448
2026/01/19/16:01:32,6320.926070,0.865125,0.886053,0.865125,0.886053,37,23,24,26,0,0,0,0,868,651,581,448
2026/01/19/16:01:33,6321.926224,0.865125,0.886053,0.865125,0.886053,37,23,24,26,0,0,0,0,868,651,581,448
2026/01/19/16:01:34,6322.926327,0.865125,0.886053,0.865125,0.886053,37,23,24,26,0,0,0,0,868,651,581,448
2026/01/19/16:01:35,6323.926440,0.865125,0.886053,0.865125,0.886053,37,23,24,26,0,0,0,0,868,651,581,448
2026/01/19/16:01:36,6324.926506,0.865125,0.886053,0.865125,0.886053,37,23,24,26,0,0,0,0,868,651,581,448
2026/01/19/16:01:37,6325.926599,0.865125,0.886053,0.865125,0.886053,37,23,24,26,0,0,0,0,868,651,581,448
2026/01/19/16:01:38,6326.926701,0.865125,0.886053,0.865125,0.886053,37,23,24,26,0,0,0,0,868,651,581,448
2026/01/19/16:01:39,6327.926802,0.865125,0.886053,0.865125,0.886053,37,23,24,26,0,0,0,0,868,651,581,448
2026/01/19/16:01:40,6328.926910,0.865125,0.886053,0.865125,0.886053,37,23,24,26,0,0,0,0,868,651,581,448
2026/01/19/16:01:41,6329.926992,0.865125,0.886053,0.865125,0.886053,37,23,24,26,0,0,0,0,868,651,581,448
2026/01/19/16:01:42,6330.927143,0.865125,0.886053,0.865125,0.886053,37,23,24,26,0,0,0,0,868,651,581,448
2026/01/19/16:01:43,6331.927274,0.898312,0.897029,0.898312,0.897029,37,23,24,29,0,0,0,0,868,651,581,448
2026/01/19/16:01:44,6332.927420,0.898312,0.897029,0.898312,0.897029,37,23,24,29,0,0,0,0,868,651,581,448
2026/01/19/16:01:45,6333.927500,0.898312,0.897029,0.898312,0.897029,37,23,24,29,0,0,0,0,868,651,581,448
2026/01/19/16:01:46,6334.927577,0.898312,0.897029,0.898312,0.897029,37,23,24,29,0,0,0,0,868,651,581,448
2026/01/19/16:01:47,6335.927680,0.898312,0.897029,0.898312,0.897029,37,23,24,29,0,0,0,0,868,651,581,448
2026/01/19/16:01:48,6336.927759,0.865125,0.886053,0.865125,0.886053,37,23,24,26,0,0,0,0,868,651,581,451
2026/01/19/16:01:49,6337.927914,0.846562,0.877729,0.846562,0.877729,36,23,24,26,0,0,0,0,869,651,581,451
2026/01/19/16:01:50,6338.928044,0.846562,0.877729,0.846562,0.877729,36,23,24,26,0,0,0,0,869,651,581,451
2026/01/19/16:01:51,6339.928105,0.846562,0.877729,0.846562,0.877729,36,23,24,26,0,0,0,0,869,651,581,451
2026/01/19/16:01:52,6340.928193,0.859313,0.894073,0.859313,0.894073,36,23,25,29,0,0,0,0,869,651,581,451
2026/01/19/16:01:53,6341.928288,0.865812,0.897434,0.880563,0.954755,36,24,25,29,0,0,2,0,869,651,581,451
2026/01/19/16:01:54,6342.928390,0.888500,0.905516,0.903250,0.962837,38,24,24,29,0,0,2,0,869,651,582,451
2026/01/19/16:01:55,6343.928453,0.888500,0.905516,0.888500,0.905516,38,24,24,29,0,0,0,0,869,651,582,451
2026/01/19/16:01:56,6344.928560,0.888500,0.905516,0.888500,0.905516,38,24,24,29,0,0,0,0,869,651,582,451
2026/01/19/16:01:57,6345.928659,0.918188,0.920309,0.925312,0.943197,38,24,24,31,0,0,0,2,869,651,582,451
2026/01/19/16:01:58,6346.928743,0.918188,0.920309,0.925312,0.943197,38,24,24,31,0,0,0,2,869,651,582,451
2026/01/19/16:01:59,6347.928860,0.903000,0.927532,0.910125,0.950419,39,24,24,32,0,0,0,2,869,651,582,452
2026/01/19/16:02:00,6348.928956,0.903000,0.927532,0.910125,0.950419,39,24,24,32,0,0,0,2,869,651,582,452
2026/01/19/16:02:01,6349.929196,0.892062,0.916960,0.899188,0.939847,38,24,24,30,0,0,0,2,870,651,582,454
2026/01/19/16:02:02,6350.929294,0.892062,0.916960,0.899188,0.939847,38,24,24,30,0,0,0,2,870,651,582,454
2026/01/19/16:02:03,6351.929395,0.892062,0.916960,0.899188,0.939847,38,24,24,30,0,0,0,2,870,651,582,454
2026/01/19/16:02:04,6352.929490,0.889625,0.926889,0.889625,0.926889,38,24,24,29,0,0,0,0,870,651,582,457
2026/01/19/16:02:05,6353.929634,0.889625,0.926889,0.889625,0.926889,38,24,24,29,0,0,0,0,870,651,582,457
2026/01/19/16:02:06,6354.929835,0.889625,0.926889,0.889625,0.926889,38,24,24,29,0,0,0,0,870,651,582,457
2026/01/19/16:02:07,6355.929844,0.889625,0.926889,0.889625,0.926889,38,24,24,29,0,0,0,0,870,651,582,457
2026/01/19/16:02:08,6356.929981,0.889625,0.926889,0.889625,0.926889,38,24,24,29,0,0,0,0,870,651,582,457
2026/01/19/16:02:09,6357.930082,0.889625,0.926889,0.907875,0.930254,38,24,24,29,1,0,0,0,870,651,582,457
2026/01/19/16:02:10,6358.930126,0.889625,0.926889,0.907875,0.930254,38,24,24,29,1,0,0,0,870,651,582,457
2026/01/19/16:02:11,6359.930752,0.889625,0.926889,0.907875,0.930254,38,24,24,29,1,0,0,0,870,651,582,457
2026/01/19/16:02:12,6360.930795,0.889625,0.926889,0.907875,0.930254,38,24,24,29,1,0,0,0,870,651,582,457
2026/01/19/16:02:13,6361.930907,0.889625,0.926889,0.907875,0.930254,38,24,24,29,1,0,0,0,870,651,582,457
2026/01/19/16:02:14,6362.930992,0.889625,0.926889,0.907875,0.930254,38,24,24,29,1,0,0,0,870,651,582,457
2026/01/19/16:02:15,6363.931128,0.889625,0.926889,0.907875,0.930254,38,24,24,29,1,0,0,0,870,651,582,457
2026/01/19/16:02:16,6364.931265,0.889625,0.926889,0.907875,0.930254,38,24,24,29,1,0,0,0,870,651,582,457
2026/01/19/16:02:17,6365.931400,0.900937,0.932278,0.930500,0.941031,38,25,24,29,1,1,0,0,870,651,582,457
2026/01/19/16:02:18,6366.931484,0.919125,0.944687,1.039813,1.015097,38,27,24,29,3,5,0,4,870,651,582,457
2026/01/19/16:02:19,6367.931557,0.919125,0.944687,1.021562,1.011732,38,27,24,29,2,5,0,4,870,651,582,457
2026/01/19/16:02:20,6368.931637,0.919125,0.944687,1.010000,1.003242,38,27,24,29,2,5,0,3,870,651,582,457
2026/01/19/16:02:21,6369.931723,0.919125,0.944687,1.010000,1.003242,38,27,24,29,2,5,0,3,870,651,582,457
2026/01/19/16:02:22,6370.931813,0.919125,0.944687,1.010000,1.003242,38,27,24,29,2,5,0,3,870,651,582,457
2026/01/19/16:02:23,6371.931883,0.913062,0.935741,0.988125,0.973037,38,26,24,29,1,3,0,3,870,652,582,457
2026/01/19/16:02:24,6372.931975,0.913062,0.935741,0.988125,0.973037,38,26,24,29,1,3,0,3,870,652,582,457
2026/01/19/16:02:25,6373.932115,0.913062,0.935741,0.953438,0.963480,38,26,24,29,1,3,0,0,870,652,582,457
2026/01/19/16:02:26,6374.932248,0.913062,0.935741,0.953438,0.963480,38,26,24,29,1,3,0,0,870,652,582,457
2026/01/19/16:02:27,6375.932333,0.913062,0.935741,0.953438,0.963480,38,26,24,29,1,3,0,0,870,652,582,457
2026/01/19/16:02:28,6376.932490,0.913062,0.935741,0.953438,0.963480,38,26,24,29,1,3,0,0,870,652,582,457
2026/01/19/16:02:29,6377.932619,0.923063,0.944569,1.031875,1.033555,38,27,25,29,6,3,2,1,870,652,582,457
2026/01/19/16:02:30,6378.932693,0.923063,0.944569,1.031875,1.033555,38,27,25,29,6,3,2,1,870,652,582,457
2026/01/19/16:02:31,6379.932801,0.910937,0.941106,0.995500,1.023165,38,26,25,29,6,1,2,1,870,653,582,457
2026/01/19/16:02:32,6380.932899,0.910937,0.941106,0.995500,1.023165,38,26,25,29,6,1,2,1,870,653,582,457
2026/01/19/16:02:33,6381.933001,0.904438,0.937744,0.989000,1.019804,38,25,25,29,6,1,2,1,870,654,582,457
2026/01/19/16:02:34,6382.933144,0.904438,0.937744,0.972875,1.000274,38,25,25,29,3,1,2,1,870,654,582,457
2026/01/19/16:02:35,6383.933262,0.904438,0.937744,0.972875,1.000274,38,25,25,29,3,1,2,1,870,654,582,457
2026/01/19/16:02:36,6384.933324,0.904438,0.937744,0.972875,1.000274,38,25,25,29,3,1,2,1,870,654,582,457
2026/01/19/16:02:37,6385.933436,0.904438,0.937744,0.972875,1.000274,38,25,25,29,3,1,2,1,870,654,582,457
2026/01/19/16:02:38,6386.933540,0.904438,0.937744,0.972875,1.000274,38,25,25,29,3,1,2,1,870,654,582,457
2026/01/19/16:02:39,6387.933647,0.904438,0.937744,0.958438,0.996117,38,25,25,29,3,1,2,0,870,654,582,457
2026/01/19/16:02:40,6388.933735,0.904438,0.937744,0.958438,0.996117,38,25,25,29,3,1,2,0,870,654,582,457
2026/01/19/16:02:41,6389.933905,0.904438,0.937744,0.958438,0.996117,38,25,25,29,3,1,2,0,870,654,582,457
2026/01/19/16:02:42,6390.933988,0.904438,0.937744,0.958438,0.996117,38,25,25,29,3,1,2,0,870,654,582,457
2026/01/19/16:02:43,6391.934105,0.904438,0.937744,0.958438,0.996117,38,25,25,29,3,1,2,0,870,654,582,457
2026/01/19/16:02:44,6392.934128,0.930937,0.917772,0.947750,0.961786,40,26,25,26,1,0,2,0,870,654,582,460
2026/01/19/16:02:45,6393.934221,0.930937,0.917772,0.935750,0.933195,40,26,25,26,1,0,0,0,870,654,582,460
2026/01/19/16:02:46,6394.934330,0.930937,0.917772,0.935750,0.933195,40,26,25,26,1,0,0,0,870,654,582,460
2026/01/19/16:02:47,6395.934422,0.916875,0.923793,0.916875,0.923793,41,26,25,24,0,0,0,0,870,654,582,462
2026/01/19/16:02:48,6396.934497,0.916875,0.923793,0.916875,0.923793,41,26,25,24,0,0,0,0,870,654,582,462
2026/01/19/16:02:49,6397.934604,0.916875,0.923793,0.916875,0.923793,41,26,25,24,0,0,0,0,870,654,582,462
2026/01/19/16:02:50,6398.934687,0.916875,0.923793,0.916875,0.923793,41,26,25,24,0,0,0,0,870,654,582,462
2026/01/19/16:02:51,6399.934789,0.916875,0.923793,0.916875,0.923793,41,26,25,24,0,0,0,0,870,654,582,462
2026/01/19/16:02:52,6400.934898,0.891000,0.914823,0.891000,0.914823,39,26,25,24,0,0,0,0,872,654,582,462
2026/01/19/16:02:53,6401.934995,0.891000,0.914823,0.891000,0.914823,39,26,25,24,0,0,0,0,872,654,582,462
2026/01/19/16:02:54,6402.935146,0.885687,0.910706,0.885687,0.910706,38,26,25,24,0,0,0,0,873,654,582,462
2026/01/19/16:02:55,6403.935241,0.885687,0.910706,0.885687,0.910706,38,26,25,24,0,0,0,0,873,654,582,462
2026/01/19/16:02:56,6404.935405,0.885687,0.910706,0.885687,0.910706,38,26,25,24,0,0,0,0,873,654,582,462
2026/01/19/16:02:57,6405.935495,0.885687,0.910706,0.885687,0.910706,38,26,25,24,0,0,0,0,873,654,582,462
2026/01/19/16:02:58,6406.935601,0.885687,0.910706,0.885687,0.910706,38,26,25,24,0,0,0,0,873,654,582,462
2026/01/19/16:02:59,6407.935681,0.885687,0.910706,0.885687,0.910706,38,26,25,24,0,0,0,0,873,654,582,462
2026/01/19/16:03:00,6408.935783,0.885687,0.910706,0.885687,0.910706,38,26,25,24,0,0,0,0,873,654,582,462
2026/01/19/16:03:01,6409.935879,0.885687,0.910706,0.885687,0.910706,38,26,25,24,0,0,0,0,873,654,582,462
2026/01/19/16:03:02,6410.935987,0.885687,0.910706,0.885687,0.910706,38,26,25,24,0,0,0,0,873,654,582,462
2026/01/19/16:03:03,6411.936099,0.885687,0.910706,0.885687,0.910706,38,26,25,24,0,0,0,0,873,654,582,462
2026/01/19/16:03:04,6412.936176,0.859812,0.899238,0.859812,0.899238,36,26,25,24,0,0,0,0,875,654,582,462
2026/01/19/16:03:05,6413.936269,0.859812,0.899238,0.859812,0.899238,36,26,25,24,0,0,0,0,875,654,582,462
2026/01/19/16:03:06,6414.936353,0.859812,0.899238,0.859812,0.899238,36,26,25,24,0,0,0,0,875,654,582,462
2026/01/19/16:03:07,6415.936490,0.911312,0.937216,0.922063,0.944241,36,28,30,25,1,0,0,1,875,654,582,462
2026/01/19/16:03:08,6416.936572,0.910250,0.939197,0.922250,0.946653,37,28,30,25,2,0,0,0,875,654,582,463
2026/01/19/16:03:09,6417.936670,0.910500,0.943030,0.910500,0.943030,39,28,29,25,0,0,0,0,875,654,583,463
2026/01/19/16:03:10,6418.936757,0.892500,0.931845,0.892500,0.931845,36,28,29,25,0,0,0,0,878,654,583,463
2026/01/19/16:03:11,6419.936854,0.880500,0.921160,0.880500,0.921160,36,28,27,25,0,0,0,0,878,654,585,463
2026/01/19/16:03:12,6420.936937,0.873375,0.912239,0.873375,0.912239,36,28,25,25,0,0,0,0,878,654,587,463
2026/01/19/16:03:13,6421.937093,0.873375,0.912239,0.873375,0.912239,36,28,25,25,0,0,0,0,878,654,587,463
2026/01/19/16:03:14,6422.937142,0.873375,0.912239,0.873375,0.912239,36,28,25,25,0,0,0,0,878,654,587,463
2026/01/19/16:03:15,6423.937240,0.863875,0.905646,0.863875,0.905646,36,28,25,23,0,0,0,0,878,654,587,465
2026/01/19/16:03:16,6424.937387,0.848000,0.894194,0.848000,0.894194,36,26,25,23,0,0,0,0,878,656,587,465
2026/01/19/16:03:17,6425.937508,0.848000,0.894194,0.848000,0.894194,36,26,25,23,0,0,0,0,878,656,587,465
2026/01/19/16:03:18,6426.937570,0.848000,0.894194,0.848000,0.894194,36,26,25,23,0,0,0,0,878,656,587,465
2026/01/19/16:03:19,6427.937690,0.848000,0.894194,0.848000,0.894194,36,26,25,23,0,0,0,0,878,656,587,465
2026/01/19/16:03:20,6428.937789,0.848000,0.894194,0.848000,0.894194,36,26,25,23,0,0,0,0,878,656,587,465
2026/01/19/16:03:21,6429.937878,0.848000,0.894194,0.848000,0.894194,36,26,25,23,0,0,0,0,878,656,587,465
2026/01/19/16:03:22,6430.937995,0.848000,0.894194,0.848000,0.894194,36,26,25,23,0,0,0,0,878,656,587,465
2026/01/19/16:03:23,6431.938112,0.848000,0.894194,0.848000,0.894194,36,26,25,23,0,0,0,0,878,656,587,465
2026/01/19/16:03:24,6432.938213,0.848000,0.894194,0.848000,0.894194,36,26,25,23,0,0,0,0,878,656,587,465
2026/01/19/16:03:25,6433.938301,0.848000,0.894194,0.848000,0.894194,36,26,25,23,0,0,0,0,878,656,587,465
2026/01/19/16:03:26,6434.938412,0.848000,0.894194,0.848000,0.894194,36,26,25,23,0,0,0,0,878,656,587,465
2026/01/19/16:03:27,6435.938495,0.848000,0.894194,0.848000,0.894194,36,26,25,23,0,0,0,0,878,656,587,465
2026/01/19/16:03:28,6436.938608,0.848000,0.894194,0.848000,0.894194,36,26,25,23,0,0,0,0,878,656,587,465
2026/01/19/16:03:29,6437.938695,0.848000,0.894194,0.848000,0.894194,36,26,25,23,0,0,0,0,878,656,587,465
2026/01/19/16:03:30,6438.938816,0.848000,0.894194,0.860938,0.959748,36,26,25,23,3,0,0,0,878,656,587,465
2026/01/19/16:03:31,6439.938922,0.848000,0.894194,0.860938,0.959748,36,26,25,23,3,0,0,0,878,656,587,465
2026/01/19/16:03:32,6440.939031,0.848000,0.894194,0.848000,0.894194,36,26,25,23,0,0,0,0,878,656,587,465
2026/01/19/16:03:33,6441.939129,0.848000,0.894194,0.848000,0.894194,36,26,25,23,0,0,0,0,878,656,587,465
2026/01/19/16:03:34,6442.939234,0.848000,0.894194,0.848000,0.894194,36,26,25,23,0,0,0,0,878,656,587,465
2026/01/19/16:03:35,6443.939327,0.848000,0.894194,0.848000,0.894194,36,26,25,23,0,0,0,0,878,656,587,465
2026/01/19/16:03:36,6444.939431,0.848000,0.894194,0.848000,0.894194,36,26,25,23,0,0,0,0,878,656,587,465
2026/01/19/16:03:37,6445.939506,0.848000,0.894194,0.848000,0.894194,36,26,25,23,0,0,0,0,878,656,587,465
2026/01/19/16:03:38,6446.939604,0.848000,0.894194,0.848000,0.894194,36,26,25,23,0,0,0,0,878,656,587,465
2026/01/19/16:03:39,6447.939703,0.848000,0.894194,0.848000,0.894194,36,26,25,23,0,0,0,0,878,656,587,465
2026/01/19/16:03:40,6448.939796,0.848000,0.894194,0.848000,0.894194,36,26,25,23,0,0,0,0,878,656,587,465
2026/01/19/16:03:41,6449.939883,0.848000,0.894194,0.848000,0.894194,36,26,25,23,0,0,0,0,878,656,587,465
2026/01/19/16:03:42,6450.939972,0.848000,0.894194,0.848000,0.894194,36,26,25,23,0,0,0,0,878,656,587,465
2026/01/19/16:03:43,6451.940117,0.848000,0.894194,0.848000,0.894194,36,26,25,23,0,0,0,0,878,656,587,465
2026/01/19/16:03:44,6452.940168,0.848000,0.894194,0.848000,0.894194,36,26,25,23,0,0,0,0,878,656,587,465
2026/01/19/16:03:45,6453.940260,0.869750,0.917000,0.869750,0.917000,36,26,30,23,0,0,0,0,878,656,587,465
2026/01/19/16:03:46,6454.940355,0.869750,0.917000,0.869750,0.917000,36,26,30,23,0,0,0,0,878,656,587,465
2026/01/19/16:03:47,6455.940458,0.869750,0.917000,0.869750,0.917000,36,26,30,23,0,0,0,0,878,656,587,465
2026/01/19/16:03:48,6456.940546,0.869750,0.917000,0.869750,0.917000,36,26,30,23,0,0,0,0,878,656,587,465
2026/01/19/16:03:49,6457.940645,0.869750,0.917000,0.869750,0.917000,36,26,30,23,0,0,0,0,878,656,587,465
2026/01/19/16:03:50,6458.940798,0.869750,0.917000,0.869750,0.917000,36,26,30,23,0,0,0,0,878,656,587,465
2026/01/19/16:03:51,6459.940955,0.869750,0.917000,0.869750,0.917000,36,26,30,23,0,0,0,0,878,656,587,465
2026/01/19/16:03:52,6460.941132,0.869750,0.917000,0.869750,0.917000,36,26,30,23,0,0,0,0,878,656,587,465
2026/01/19/16:03:53,6461.941200,0.869750,0.917000,0.869750,0.917000,36,26,30,23,0,0,0,0,878,656,587,465
2026/01/19/16:03:54,6462.941288,0.869750,0.917000,0.869750,0.917000,36,26,30,23,0,0,0,0,878,656,587,465
2026/01/19/16:03:55,6463.941403,0.860375,0.907249,0.860375,0.907249,36,26,28,23,0,0,0,0,878,656,589,465
2026/01/19/16:03:56,6464.941463,0.869375,0.917461,0.879000,0.945675,36,28,28,23,0,0,0,2,878,656,589,465
2026/01/19/16:03:57,6465.941598,0.869375,0.917461,0.879000,0.945675,36,28,28,23,0,0,0,2,878,656,589,465
2026/01/19/16:03:58,6466.941683,0.869375,0.917461,0.879000,0.945675,36,28,28,23,0,0,0,2,878,656,589,465
2026/01/19/16:03:59,6467.941782,0.869375,0.917461,0.879000,0.945675,36,28,28,23,0,0,0,2,878,656,589,465
2026/01/19/16:04:00,6468.941833,0.863750,0.911964,0.873375,0.940178,36,28,27,23,0,0,0,2,878,656,590,465
2026/01/19/16:04:01,6469.941920,0.868563,0.926071,0.873375,0.940178,36,28,27,24,0,0,0,1,878,656,590,465
2026/01/19/16:04:02,6470.942011,0.868563,0.926071,0.873375,0.940178,36,28,27,24,0,0,0,1,878,656,590,465
2026/01/19/16:04:03,6471.942130,0.868563,0.926071,0.873375,0.940178,36,28,27,24,0,0,0,1,878,656,590,465
2026/01/19/16:04:04,6472.942222,0.868563,0.926071,0.873375,0.940178,36,28,27,24,0,0,0,1,878,656,590,465
2026/01/19/16:04:05,6473.942309,0.868563,0.926071,0.873375,0.940178,36,28,27,24,0,0,0,1,878,656,590,465
2026/01/19/16:04:06,6474.942407,0.863750,0.911964,0.863750,0.911964,36,28,27,23,0,0,0,0,878,656,590,466
2026/01/19/16:04:07,6475.942462,0.863750,0.911964,0.863750,0.911964,36,28,27,23,0,0,0,0,878,656,590,466
2026/01/19/16:04:08,6476.942604,0.881375,0.939494,0.990250,1.097461,37,31,27,23,2,5,1,3,878,656,590,466
2026/01/19/16:04:09,6477.942711,0.881375,0.939494,0.990250,1.097461,37,31,27,23,2,5,1,3,878,656,590,466
2026/01/19/16:04:10,6478.942783,0.881375,0.939494,0.985313,1.071458,37,31,27,23,2,5,0,3,878,656,590,466
2026/01/19/16:04:11,6479.942880,0.881375,0.939494,0.929063,1.051605,37,31,27,23,2,2,0,3,878,656,590,466
2026/01/19/16:04:12,6480.942957,0.881375,0.939494,0.929063,1.051605,37,31,27,23,2,2,0,3,878,656,590,466
2026/01/19/16:04:13,6481.943083,0.881375,0.939494,0.929063,1.051605,37,31,27,23,2,2,0,3,878,656,590,466
2026/01/19/16:04:14,6482.943169,0.892875,0.942467,0.915000,1.032777,38,30,27,23,1,0,0,3,878,659,590,466
2026/01/19/16:04:15,6483.943292,0.888375,0.937361,0.891938,0.946063,38,29,27,23,1,0,0,0,878,660,590,466
2026/01/19/16:04:16,6484.943397,0.887437,0.940957,0.887437,0.940957,39,28,27,23,0,0,0,0,878,661,590,466
2026/01/19/16:04:17,6485.943479,0.859250,0.937819,0.859250,0.937819,39,28,26,23,0,0,0,0,878,661,591,466
2026/01/19/16:04:18,6486.943578,0.859250,0.937819,0.859250,0.937819,39,28,26,23,0,0,0,0,878,661,591,466
2026/01/19/16:04:19,6487.943664,0.859250,0.937819,0.859250,0.937819,39,28,26,23,0,0,0,0,878,661,591,466
2026/01/19/16:04:20,6488.943763,0.859250,0.937819,0.859250,0.937819,39,28,26,23,0,0,0,0,878,661,591,466
2026/01/19/16:04:21,6489.943843,0.859250,0.937819,0.859250,0.937819,39,28,26,23,0,0,0,0,878,661,591,466
2026/01/19/16:04:22,6490.943941,0.859250,0.937819,0.859250,0.937819,39,28,26,23,0,0,0,0,878,661,591,466
2026/01/19/16:04:23,6491.944028,0.859250,0.937819,0.859250,0.937819,39,28,26,23,0,0,0,0,878,661,591,466
2026/01/19/16:04:24,6492.944134,0.837250,0.924719,0.837250,0.924719,39,26,26,23,0,0,0,0,878,663,591,466
2026/01/19/16:04:25,6493.944225,0.837250,0.924719,0.837250,0.924719,39,26,26,23,0,0,0,0,878,663,591,466
2026/01/19/16:04:26,6494.944301,0.837250,0.924719,0.837250,0.924719,39,26,26,23,0,0,0,0,878,663,591,466
2026/01/19/16:04:27,6495.944431,0.837250,0.924719,0.837250,0.924719,39,26,26,23,0,0,0,0,878,663,591,466
2026/01/19/16:04:28,6496.944510,0.837250,0.924719,0.837250,0.924719,39,26,26,23,0,0,0,0,878,663,591,466
2026/01/19/16:04:29,6497.944671,0.837250,0.924719,0.837250,0.924719,39,26,26,23,0,0,0,0,878,663,591,466
2026/01/19/16:04:30,6498.944756,0.837250,0.924719,0.837250,0.924719,39,26,26,23,0,0,0,0,878,663,591,466
2026/01/19/16:04:31,6499.944854,0.837250,0.924719,0.837250,0.924719,39,26,26,23,0,0,0,0,878,663,591,466
2026/01/19/16:04:32,6500.944947,0.837250,0.924719,0.837250,0.924719,39,26,26,23,0,0,0,0,878,663,591,466
2026/01/19/16:04:33,6501.945084,0.837250,0.924719,0.837250,0.924719,39,26,26,23,0,0,0,0,878,663,591,466
2026/01/19/16:04:34,6502.945206,0.837250,0.924719,0.837250,0.924719,39,26,26,23,0,0,0,0,878,663,591,466
2026/01/19/16:04:35,6503.945297,0.837250,0.924719,0.837250,0.924719,39,26,26,23,0,0,0,0,878,663,591,466
2026/01/19/16:04:36,6504.945405,0.837250,0.924719,0.837250,0.924719,39,26,26,23,0,0,0,0,878,663,591,466
2026/01/19/16:04:37,6505.945566,0.837250,0.924719,0.837250,0.924719,39,26,26,23,0,0,0,0,878,663,591,466
2026/01/19/16:04:38,6506.945707,0.837250,0.924719,0.837250,0.924719,39,26,26,23,0,0,0,0,878,663,591,466
2026/01/19/16:04:39,6507.945804,0.837250,0.924719,0.837250,0.924719,39,26,26,23,0,0,0,0,878,663,591,466
2026/01/19/16:04:40,6508.945887,0.837250,0.924719,0.837250,0.924719,39,26,26,23,0,0,0,0,878,663,591,466
2026/01/19/16:04:41,6509.946044,0.837250,0.924719,0.837250,0.924719,39,26,26,23,0,0,0,0,878,663,591,466
2026/01/19/16:04:42,6510.946158,0.862250,0.928022,0.862250,0.928022,40,26,26,23,0,0,0,0,878,663,591,466
2026/01/19/16:04:43,6511.946255,0.862250,0.928022,0.862250,0.928022,40,26,26,23,0,0,0,0,878,663,591,466
2026/01/19/16:04:44,6512.946356,0.862250,0.928022,0.862250,0.928022,40,26,26,23,0,0,0,0,878,663,591,466
2026/01/19/16:04:45,6513.946505,0.862250,0.928022,0.862250,0.928022,40,26,26,23,0,0,0,0,878,663,591,466
2026/01/19/16:04:46,6514.946602,0.862250,0.928022,0.862250,0.928022,40,26,26,23,0,0,0,0,878,663,591,466
2026/01/19/16:04:47,6515.946697,0.862250,0.928022,0.862250,0.928022,40,26,26,23,0,0,0,0,878,663,591,466
2026/01/19/16:04:48,6516.946847,0.851562,0.901917,0.851562,0.901917,37,26,26,23,0,0,0,0,881,663,591,466
2026/01/19/16:04:49,6517.946933,0.851562,0.901917,0.851562,0.901917,37,26,26,23,0,0,0,0,881,663,591,466
2026/01/19/16:04:50,6518.947021,0.851562,0.901917,0.851562,0.901917,37,26,26,23,0,0,0,0,881,663,591,466
2026/01/19/16:04:51,6519.947115,0.851562,0.901917,0.851562,0.901917,37,26,26,23,0,0,0,0,881,663,591,466
2026/01/19/16:04:52,6520.947208,0.839187,0.888861,0.839187,0.888861,37,26,23,23,0,0,0,0,881,663,594,466
2026/01/19/16:04:53,6521.947294,0.839187,0.888861,0.839187,0.888861,37,26,23,23,0,0,0,0,881,663,594,466
2026/01/19/16:04:54,6522.947394,0.839187,0.888861,0.839187,0.888861,37,26,23,23,0,0,0,0,881,663,594,466
2026/01/19/16:04:55,6523.947468,0.839187,0.888861,0.839187,0.888861,37,26,23,23,0,0,0,0,881,663,594,466
2026/01/19/16:04:56,6524.947577,0.839187,0.888861,0.839187,0.888861,37,26,23,23,0,0,0,0,881,663,594,466
2026/01/19/16:04:57,6525.947650,0.839187,0.888861,0.839187,0.888861,37,26,23,23,0,0,0,0,881,663,594,466
2026/01/19/16:04:58,6526.947804,0.839187,0.888861,0.839187,0.888861,37,26,23,23,0,0,0,0,881,663,594,466
2026/01/19/16:04:59,6527.947884,0.839187,0.888861,0.839187,0.888861,37,26,23,23,0,0,0,0,881,663,594,466
2026/01/19/16:05:00,6528.947975,0.839187,0.888861,0.839187,0.888861,37,26,23,23,0,0,0,0,881,663,594,466
2026/01/19/16:05:01,6529.948093,0.839187,0.888861,0.839187,0.888861,37,26,23,23,0,0,0,0,881,663,594,466
2026/01/19/16:05:02,6530.948139,0.839187,0.888861,0.839187,0.888861,37,26,23,23,0,0,0,0,881,663,594,466
2026/01/19/16:05:03,6531.948231,0.839187,0.888861,0.839187,0.888861,37,26,23,23,0,0,0,0,881,663,594,466
2026/01/19/16:05:04,6532.948335,0.839187,0.888861,0.839187,0.888861,37,26,23,23,0,0,0,0,881,663,594,466
2026/01/19/16:05:05,6533.948436,0.839187,0.888861,0.839187,0.888861,37,26,23,23,0,0,0,0,881,663,594,466
2026/01/19/16:05:06,6534.948533,0.839187,0.888861,0.839187,0.888861,37,26,23,23,0,0,0,0,881,663,594,466
2026/01/19/16:05:07,6535.948596,0.839187,0.888861,0.839187,0.888861,37,26,23,23,0,0,0,0,881,663,594,466
2026/01/19/16:05:08,6536.948761,0.839187,0.888861,0.839187,0.888861,37,26,23,23,0,0,0,0,881,663,594,466
2026/01/19/16:05:09,6537.949201,0.839187,0.888861,0.839187,0.888861,37,26,23,23,0,0,0,0,881,663,594,466
2026/01/19/16:05:10,6538.949116,0.839187,0.888861,0.839187,0.888861,37,26,23,23,0,0,0,0,881,663,594,466
2026/01/19/16:05:11,6539.949207,0.839187,0.888861,0.839187,0.888861,37,26,23,23,0,0,0,0,881,663,594,466
2026/01/19/16:05:12,6540.949308,0.839187,0.888861,0.839187,0.888861,37,26,23,23,0,0,0,0,881,663,594,466
2026/01/19/16:05:13,6541.949406,0.839187,0.888861,0.839187,0.888861,37,26,23,23,0,0,0,0,881,663,594,466
2026/01/19/16:05:14,6542.949509,0.839187,0.888861,0.839187,0.888861,37,26,23,23,0,0,0,0,881,663,594,466
2026/01/19/16:05:15,6543.949587,0.839187,0.888861,0.839187,0.888861,37,26,23,23,0,0,0,0,881,663,594,466
2026/01/19/16:05:16,6544.949701,0.839187,0.888861,0.839187,0.888861,37,26,23,23,0,0,0,0,881,663,594,466
2026/01/19/16:05:17,6545.949784,0.839187,0.888861,0.839187,0.888861,37,26,23,23,0,0,0,0,881,663,594,466
2026/01/19/16:05:18,6546.949891,0.839187,0.888861,0.839187,0.888861,37,26,23,23,0,0,0,0,881,663,594,466
2026/01/19/16:05:19,6547.949974,0.839187,0.888861,0.839187,0.888861,37,26,23,23,0,0,0,0,881,663,594,466
2026/01/19/16:05:20,6548.950083,0.839187,0.888861,0.839187,0.888861,37,26,23,23,0,0,0,0,881,663,594,466
2026/01/19/16:05:21,6549.950189,0.839187,0.888861,0.839187,0.888861,37,26,23,23,0,0,0,0,881,663,594,466
2026/01/19/16:05:22,6550.950282,0.839187,0.888861,0.839187,0.888861,37,26,23,23,0,0,0,0,881,663,594,466
2026/01/19/16:05:23,6551.950408,0.839187,0.888861,0.839187,0.888861,37,26,23,23,0,0,0,0,881,663,594,466
2026/01/19/16:05:24,6552.950567,0.857625,0.901361,0.857625,0.901361,38,28,23,23,0,0,0,0,881,663,594,466
2026/01/19/16:05:25,6553.950640,0.888750,0.932489,0.914062,0.986689,40,28,23,27,0,3,0,0,881,663,594,466
2026/01/19/16:05:26,6554.950780,0.900687,0.943819,0.932187,1.003030,40,30,23,27,0,4,0,0,881,663,594,466
2026/01/19/16:05:27,6555.950862,0.898000,0.940747,0.923312,0.994947,40,29,23,27,0,3,0,0,881,665,594,466
2026/01/19/16:05:28,6556.950932,0.898000,0.940747,0.923312,0.994947,40,29,23,27,0,3,0,0,881,665,594,466
2026/01/19/16:05:29,6557.951031,0.892250,0.934427,0.917562,0.988628,40,28,23,27,0,3,0,0,881,666,594,466
2026/01/19/16:05:30,6558.951114,0.867250,0.931124,0.867250,0.931124,39,28,23,27,0,0,0,0,882,666,594,466
2026/01/19/16:05:31,6559.951244,0.857688,0.926707,0.857688,0.926707,38,28,23,27,0,0,0,0,883,666,594,466
2026/01/19/16:05:32,6560.951368,0.857688,0.926707,0.857688,0.926707,38,28,23,27,0,0,0,0,883,666,594,466
2026/01/19/16:05:33,6561.951481,0.852187,0.919226,0.852187,0.919226,38,28,23,26,0,0,0,0,883,666,594,467
2026/01/19/16:05:34,6562.951574,0.852187,0.919226,0.852187,0.919226,38,28,23,26,0,0,0,0,883,666,594,467
2026/01/19/16:05:35,6563.951685,0.852187,0.919226,0.852187,0.919226,38,28,23,26,0,0,0,0,883,666,594,467
2026/01/19/16:05:36,6564.951796,0.852187,0.919226,0.852187,0.919226,38,28,23,26,0,0,0,0,883,666,594,467
2026/01/19/16:05:37,6565.951884,0.852187,0.919226,0.852187,0.919226,38,28,23,26,0,0,0,0,883,666,594,467
2026/01/19/16:05:38,6566.951976,0.852187,0.919226,0.852187,0.919226,38,28,23,26,0,0,0,0,883,666,594,467
2026/01/19/16:05:39,6567.952088,0.852187,0.919226,0.852187,0.919226,38,28,23,26,0,0,0,0,883,666,594,467
2026/01/19/16:05:40,6568.952149,0.852187,0.919226,0.852187,0.919226,38,28,23,26,0,0,0,0,883,666,594,467
2026/01/19/16:05:41,6569.952386,0.839812,0.909204,0.839812,0.909204,38,26,23,26,0,0,0,0,883,668,594,467
2026/01/19/16:05:42,6570.952478,0.839812,0.909204,0.839812,0.909204,38,26,23,26,0,0,0,0,883,668,594,467
2026/01/19/16:05:43,6571.952572,0.830063,0.892358,0.830063,0.892358,38,26,23,23,0,0,0,0,883,668,594,470
2026/01/19/16:05:44,6572.952726,0.830063,0.892358,0.830063,0.892358,38,26,23,23,0,0,0,0,883,668,594,470
2026/01/19/16:05:45,6573.952817,0.830063,0.892358,0.830063,0.892358,38,26,23,23,0,0,0,0,883,668,594,470
2026/01/19/16:05:46,6574.952909,0.830063,0.892358,0.830063,0.892358,38,26,23,23,0,0,0,0,883,668,594,470
2026/01/19/16:05:47,6575.953011,0.830063,0.892358,0.833375,0.898220,38,26,23,23,1,0,0,0,883,668,594,470
2026/01/19/16:05:48,6576.953154,0.869250,0.918826,0.886750,0.926764,41,26,24,24,1,0,0,0,883,668,594,470
2026/01/19/16:05:49,6577.953266,0.869250,0.918826,0.886750,0.926764,41,26,24,24,1,0,0,0,883,668,594,470
2026/01/19/16:05:50,6578.953391,0.861313,0.908888,0.878812,0.916827,40,26,24,23,1,0,0,0,884,668,594,471
2026/01/19/16:05:51,6579.953471,0.866125,0.914252,0.923937,1.003470,41,26,24,23,1,3,0,0,884,668,594,471
2026/01/19/16:05:52,6580.953626,0.866125,0.914252,0.923937,1.003470,41,26,24,23,1,3,0,0,884,668,594,471
2026/01/19/16:05:53,6581.953729,0.844250,0.902982,0.884563,0.984262,40,25,24,23,0,3,0,0,885,669,594,471
2026/01/19/16:05:54,6582.953810,0.863875,0.920248,0.923000,1.041254,41,26,24,23,2,4,0,0,885,669,594,471
2026/01/19/16:05:55,6583.953890,0.863875,0.920248,0.923000,1.041254,41,26,24,23,2,4,0,0,885,669,594,471
2026/01/19/16:05:56,6584.953972,0.854187,0.916673,0.904438,1.011643,40,26,24,23,0,4,0,0,886,669,594,471
2026/01/19/16:05:57,6585.954088,0.854187,0.916673,0.904438,1.011643,40,26,24,23,0,4,0,0,886,669,594,471
2026/01/19/16:05:58,6586.954126,0.848938,0.909867,0.848938,0.909867,39,27,23,23,0,0,0,0,887,669,595,471
2026/01/19/16:05:59,6587.954239,0.848938,0.909867,0.848938,0.909867,39,27,23,23,0,0,0,0,887,669,595,471
2026/01/19/16:06:00,6588.954336,0.848938,0.909867,0.848938,0.909867,39,27,23,23,0,0,0,0,887,669,595,471
2026/01/19/16:06:01,6589.954441,0.848938,0.909867,0.848938,0.909867,39,27,23,23,0,0,0,0,887,669,595,471
2026/01/19/16:06:02,6590.954545,0.829063,0.882486,0.829063,0.882486,39,25,23,23,0,0,0,0,887,671,595,471
2026/01/19/16:06:03,6591.954628,0.829063,0.882486,0.829063,0.882486,39,25,23,23,0,0,0,0,887,671,595,471
2026/01/19/16:06:04,6592.954743,0.829063,0.882486,0.829063,0.882486,39,25,23,23,0,0,0,0,887,671,595,471
2026/01/19/16:06:05,6593.954841,0.829063,0.882486,0.829063,0.882486,39,25,23,23,0,0,0,0,887,671,595,471
2026/01/19/16:06:06,6594.954946,0.829063,0.882486,0.829063,0.882486,39,25,23,23,0,0,0,0,887,671,595,471
2026/01/19/16:06:07,6595.955063,0.868000,0.942936,0.872500,0.953517,42,29,26,23,0,0,1,0,888,671,595,471
2026/01/19/16:06:08,6596.955143,0.886250,0.957164,0.895250,0.978326,42,31,28,23,0,0,2,0,888,671,595,471
2026/01/19/16:06:09,6597.955360,0.886250,0.957164,0.895250,0.978326,42,31,28,23,0,0,2,0,888,671,595,471
2026/01/19/16:06:10,6598.955406,0.875000,0.938636,0.884000,0.959798,42,28,28,23,0,0,2,0,888,674,595,471
2026/01/19/16:06:11,6599.955522,0.875000,0.938636,0.884000,0.959798,42,28,28,23,0,0,2,0,888,674,595,471
2026/01/19/16:06:12,6600.955591,0.864250,0.931220,0.873250,0.952382,42,26,28,23,0,0,2,0,888,676,595,471
2026/01/19/16:06:13,6601.955696,0.859187,0.931536,0.863688,0.942117,40,26,29,23,0,0,1,0,890,676,595,471
2026/01/19/16:06:14,6602.955804,0.859187,0.931536,0.863688,0.942117,40,26,29,23,0,0,1,0,890,676,595,471
2026/01/19/16:06:15,6603.955923,0.880875,0.942719,0.897375,0.981665,40,26,30,25,0,0,4,0,890,676,595,471
2026/01/19/16:06:16,6604.955994,0.880875,0.942719,0.897375,0.981665,40,26,30,25,0,0,4,0,890,676,595,471
2026/01/19/16:06:17,6605.956128,0.850375,0.928224,0.866875,0.967170,38,26,30,23,0,0,4,0,892,676,595,473
2026/01/19/16:06:18,6606.956224,0.850375,0.928224,0.866875,0.967170,38,26,30,23,0,0,4,0,892,676,595,473
2026/01/19/16:06:19,6607.956320,0.850375,0.928224,0.866875,0.967170,38,26,30,23,0,0,4,0,892,676,595,473
2026/01/19/16:06:20,6608.956402,0.850375,0.928224,0.866875,0.967170,38,26,30,23,0,0,4,0,892,676,595,473
2026/01/19/16:06:21,6609.956498,0.850375,0.928224,0.866875,0.967170,38,26,30,23,0,0,4,0,892,676,595,473
2026/01/19/16:06:22,6610.956605,0.850375,0.928224,0.866875,0.967170,38,26,30,23,0,0,4,0,892,676,595,473
2026/01/19/16:06:23,6612.004200,0.850375,0.928224,0.866875,0.967170,38,26,30,23,0,0,4,0,892,676,595,473
2026/01/19/16:06:24,6613.004280,0.850375,0.928224,0.866875,0.967170,38,26,30,23,0,0,4,0,892,676,595,473
2026/01/19/16:06:25,6614.005405,0.850375,0.928224,0.866875,0.967170,38,26,30,23,0,0,4,0,892,676,595,473
2026/01/19/16:06:27,6615.902276,0.850375,0.928224,0.866875,0.967170,38,26,30,23,0,0,4,0,892,676,595,473
2026/01/19/16:06:28,6616.902387,0.866875,0.967170,0.866875,0.967170,38,26,34,23,0,0,0,0,896,676,595,473
2026/01/19/16:06:29,6617.902482,0.866875,0.967170,0.866875,0.967170,38,26,34,23,0,0,0,0,896,676,595,473
2026/01/19/16:06:30,6618.902578,0.859812,0.963683,0.859812,0.963683,38,26,33,23,0,0,0,0,896,676,596,473
2026/01/19/16:06:31,6619.902678,0.859812,0.963683,0.859812,0.963683,38,26,33,23,0,0,0,0,896,676,596,473
2026/01/19/16:06:32,6620.902827,0.859812,0.963683,0.859812,0.963683,38,26,33,23,0,0,0,0,896,676,596,473
2026/01/19/16:06:33,6621.902923,0.863625,0.966854,0.863625,0.966854,38,26,34,23,0,0,0,0,896,676,596,473
2026/01/19/16:06:34,6622.903083,0.863625,0.966854,0.872000,0.980740,38,26,34,23,0,0,0,2,896,676,596,473
2026/01/19/16:06:35,6623.903135,0.863625,0.966854,0.893938,1.011683,38,26,34,23,0,2,0,5,896,676,596,473
2026/01/19/16:06:36,6624.903239,0.863625,0.966854,0.885563,0.997797,38,26,34,23,0,2,0,3,896,676,596,473
2026/01/19/16:06:37,6625.903299,0.863625,0.966854,0.885563,0.997797,38,26,34,23,0,2,0,3,896,676,596,473
2026/01/19/16:06:38,6626.903399,0.863625,0.966854,0.885563,0.997797,38,26,34,23,0,2,0,3,896,676,596,473
2026/01/19/16:06:39,6627.903506,0.863625,0.966854,0.998000,1.084179,38,26,34,23,2,5,5,3,896,676,596,473
2026/01/19/16:06:40,6628.903591,0.863625,0.966854,1.014375,1.105471,38,26,34,23,2,5,7,3,896,676,596,473
2026/01/19/16:06:41,6629.903665,0.863625,0.966854,0.980062,1.061736,38,26,34,23,1,4,4,3,896,676,596,473
2026/01/19/16:06:42,6630.903773,0.863625,0.966854,0.989500,1.076163,38,26,34,23,3,6,4,0,896,676,596,473
2026/01/19/16:06:43,6631.903865,0.863625,0.966854,0.989500,1.076163,38,26,34,23,3,6,4,0,896,676,596,473
2026/01/19/16:06:44,6632.904011,0.863625,0.966854,0.981812,1.071853,38,26,34,23,3,6,3,0,896,676,596,473
2026/01/19/16:06:45,6633.904118,0.863625,0.966854,0.978000,1.049685,38,26,34,23,2,6,3,0,896,676,596,473
2026/01/19/16:06:46,6634.904211,0.863625,0.966854,0.978000,1.049685,38,26,34,23,2,6,3,0,896,676,596,473
2026/01/19/16:06:47,6635.907344,0.863625,0.966854,0.978000,1.049685,38,26,34,23,2,6,3,0,896,676,596,473
2026/01/19/16:06:48,6636.907465,0.863625,0.966854,0.978000,1.049685,38,26,34,23,2,6,3,0,896,676,596,473
2026/01/19/16:06:49,6637.907554,0.863625,0.966854,0.978000,1.049685,38,26,34,23,2,6,3,0,896,676,596,473
2026/01/19/16:06:50,6638.907646,0.863625,0.966854,0.971313,1.040987,38,26,34,23,2,5,3,0,896,676,596,473
2026/01/19/16:06:51,6639.907735,0.863625,0.966854,0.971313,1.040987,38,26,34,23,2,5,3,0,896,676,596,473
2026/01/19/16:06:52,6640.907825,0.863625,0.966854,0.958187,1.028575,38,26,34,23,2,3,3,0,896,676,596,473
2026/01/19/16:06:53,6641.907914,0.863625,0.966854,0.958187,1.028575,38,26,34,23,2,3,3,0,896,676,596,473
2026/01/19/16:06:54,6642.908000,0.863625,0.966854,0.958187,1.028575,38,26,34,23,2,3,3,0,896,676,596,473
2026/01/19/16:06:55,6643.908120,0.863625,0.966854,0.958187,1.028575,38,26,34,23,2,3,3,0,896,676,596,473
2026/01/19/16:06:56,6644.908221,0.863625,0.966854,0.958187,1.028575,38,26,34,23,2,3,3,0,896,676,596,473
2026/01/19/16:06:57,6645.908368,0.863625,0.966854,0.958187,1.028575,38,26,34,23,2,3,3,0,896,676,596,473
2026/01/19/16:06:58,6646.908475,0.872250,0.974421,1.012625,1.128503,40,26,34,23,3,4,8,1,896,676,596,473
2026/01/19/16:06:59,6647.908530,0.872250,0.974421,1.123813,1.181119,40,26,34,23,8,6,8,3,896,676,596,473
2026/01/19/16:07:00,6648.908665,0.872250,0.974421,1.121875,1.176761,40,26,34,23,8,7,8,4,896,676,596,473
2026/01/19/16:07:01,6649.908751,0.872250,0.974421,1.094125,1.172105,40,26,34,23,5,10,8,7,896,676,596,473
2026/01/19/16:07:02,6650.908846,0.872250,0.974421,1.094125,1.172105,40,26,34,23,5,10,8,7,896,676,596,473
2026/01/19/16:07:03,6651.908954,0.872250,0.974421,1.071000,1.140991,40,26,34,23,5,6,8,5,896,676,596,473
2026/01/19/16:07:04,6652.909033,0.869875,0.966145,1.050938,1.115897,40,26,32,24,5,6,8,1,896,676,598,473
2026/01/19/16:07:05,6653.909126,0.873687,0.972557,1.034188,1.069338,40,26,33,24,5,3,6,1,896,676,598,473
2026/01/19/16:07:06,6654.909650,0.873687,0.972557,1.034188,1.069338,40,26,33,24,5,3,6,1,896,676,598,473
2026/01/19/16:07:07,6655.909484,0.872000,0.972763,1.029062,1.065058,40,26,34,23,5,3,5,1,896,676,598,474
2026/01/19/16:07:08,6656.909587,0.872000,0.972763,1.029062,1.065058,40,26,34,23,5,3,5,1,896,676,598,474
2026/01/19/16:07:09,6657.909667,0.872000,0.972763,1.017062,1.053369,40,26,34,23,5,0,5,1,896,676,598,474
2026/01/19/16:07:10,6658.909749,0.859062,0.972113,1.000687,1.048232,40,26,34,23,5,0,4,1,896,676,599,474
2026/01/19/16:07:11,6659.909848,0.859062,0.972113,1.000687,1.048232,40,26,34,23,5,0,4,1,896,676,599,474
2026/01/19/16:07:12,6660.909918,0.859062,0.972113,1.000687,1.048232,40,26,34,23,5,0,4,1,896,676,599,474
2026/01/19/16:07:13,6661.910009,0.878563,0.965145,0.990750,1.027648,39,26,35,23,3,0,3,1,899,676,599,474
2026/01/19/16:07:14,6662.910120,0.878563,0.965145,0.990750,1.027648,39,26,35,23,3,0,3,1,899,676,599,474
2026/01/19/16:07:15,6663.910255,0.878563,0.965145,0.990750,1.027648,39,26,35,23,3,0,3,1,899,676,599,474
2026/01/19/16:07:16,6664.910335,0.878563,0.965145,0.990750,1.027648,39,26,35,23,3,0,3,1,899,676,599,474
2026/01/19/16:07:17,6665.910426,0.878563,0.965145,0.990750,1.027648,39,26,35,23,3,0,3,1,899,676,599,474
2026/01/19/16:07:18,6666.910534,0.878563,0.965145,0.990750,1.027648,39,26,35,23,3,0,3,1,899,676,599,474
2026/01/19/16:07:19,6667.910643,0.878563,0.965145,0.990750,1.027648,39,26,35,23,3,0,3,1,899,676,599,474
2026/01/19/16:07:20,6668.910758,0.871687,0.956172,0.983875,1.018675,39,26,33,23,3,0,3,1,899,676,601,474
2026/01/19/16:07:21,6669.910847,0.871687,0.956172,0.983875,1.018675,39,26,33,23,3,0,3,1,899,676,601,474
2026/01/19/16:07:22,6670.910995,0.871687,0.956172,0.983875,1.018675,39,26,33,23,3,0,3,1,899,676,601,474
2026/01/19/16:07:23,6671.911117,0.871687,0.956172,0.983875,1.018675,39,26,33,23,3,0,3,1,899,676,601,474
2026/01/19/16:07:24,6672.911250,0.871687,0.956172,0.983875,1.018675,39,26,33,23,3,0,3,1,899,676,601,474
2026/01/19/16:07:25,6673.911356,0.889625,0.954797,0.984750,1.021908,41,26,31,23,3,0,3,1,899,676,603,474
2026/01/19/16:07:26,6674.911437,0.899312,0.962907,1.001625,1.040156,41,26,32,24,3,1,3,2,899,676,603,474
2026/01/19/16:07:27,6675.911522,0.899312,0.962907,1.001625,1.040156,41,26,32,24,3,1,3,2,899,676,603,474
2026/01/19/16:07:28,6676.911622,0.890062,0.956153,0.988688,1.028805,38,26,32,25,3,1,3,1,902,676,603,474
2026/01/19/16:07:29,6677.911696,0.890062,0.956153,0.988688,1.028805,38,26,32,25,3,1,3,1,902,676,603,474
2026/01/19/16:07:30,6678.911796,0.890062,0.956153,0.988688,1.028805,38,26,32,25,3,1,3,1,902,676,603,474
2026/01/19/16:07:31,6679.911898,0.890062,0.956153,0.988688,1.028805,38,26,32,25,3,1,3,1,902,676,603,474
2026/01/19/16:07:32,6680.912041,0.890062,0.956153,0.981875,1.014886,38,26,32,25,3,1,3,0,902,676,603,474
2026/01/19/16:07:33,6681.912205,0.890062,0.956153,0.981875,1.014886,38,26,32,25,3,1,3,0,902,676,603,474
2026/01/19/16:07:34,6682.912356,0.890062,0.961256,0.974500,1.005692,39,27,32,23,2,0,3,0,902,676,603,476
2026/01/19/16:07:35,6683.912524,0.890062,0.961256,0.974500,1.005692,39,27,32,23,2,0,3,0,902,676,603,476
2026/01/19/16:07:36,6684.912642,0.890062,0.961256,0.974500,1.005692,39,27,32,23,2,0,3,0,902,676,603,476
2026/01/19/16:07:37,6685.912710,0.890062,0.961256,0.974500,1.005692,39,27,32,23,2,0,3,0,902,676,603,476
2026/01/19/16:07:38,6686.912824,0.890062,0.961256,0.974500,1.005692,39,27,32,23,2,0,3,0,902,676,603,476
2026/01/19/16:07:39,6687.912913,0.890062,0.961256,0.974500,1.005692,39,27,32,23,2,0,3,0,902,676,603,476
2026/01/19/16:07:40,6688.912985,0.890062,0.961256,0.974500,1.005692,39,27,32,23,2,0,3,0,902,676,603,476
2026/01/19/16:07:41,6689.913115,0.890062,0.961256,0.974500,1.005692,39,27,32,23,2,0,3,0,902,676,603,476
2026/01/19/16:07:42,6690.913222,0.890062,0.961256,0.974500,1.005692,39,27,32,23,2,0,3,0,902,676,603,476
2026/01/19/16:07:43,6691.913311,0.890062,0.961256,0.974500,1.005692,39,27,32,23,2,0,3,0,902,676,603,476
2026/01/19/16:07:44,6692.913395,0.847437,0.954414,0.931875,0.998851,37,27,32,23,2,0,3,0,904,676,603,476
2026/01/19/16:07:45,6693.913507,0.847437,0.954414,0.931875,0.998851,37,27,32,23,2,0,3,0,904,676,603,476
2026/01/19/16:07:48,6697.216661,0.843938,0.948873,0.928375,0.993309,37,26,32,23,2,0,3,0,904,677,603,476
2026/01/19/16:07:51,6700.012377,0.843938,0.948873,0.928375,0.993309,37,26,32,23,2,0,3,0,904,677,603,476
2026/01/19/16:07:56,6704.416540,0.843562,0.949599,0.919875,0.977252,37,26,32,23,0,0,3,0,905,677,603,476
2026/01/19/16:07:57,6705.521045,0.843562,0.949599,0.919875,0.977252,37,26,32,23,0,0,3,0,905,677,603,476
2026/01/19/16:08:00,6708.921845,0.843562,0.949599,0.919875,0.977252,37,26,32,23,0,0,3,0,905,677,603,476
2026/01/19/16:08:01,6709.921955,0.843562,0.949599,0.919875,0.977252,37,26,32,23,0,0,3,0,905,677,603,476
2026/01/19/16:08:02,6710.922074,0.843562,0.949599,0.919875,0.977252,37,26,32,23,0,0,3,0,905,677,603,476
2026/01/19/16:08:03,6711.922149,0.843562,0.949599,0.919875,0.977252,37,26,32,23,0,0,3,0,905,677,603,476
2026/01/19/16:08:04,6712.922240,0.843562,0.949599,0.919875,0.977252,37,26,32,23,0,0,3,0,905,677,603,476
2026/01/19/16:08:05,6713.922323,0.843562,0.949599,0.919875,0.977252,37,26,32,23,0,0,3,0,905,677,603,476
2026/01/19/16:08:06,6714.922426,0.843562,0.949599,0.919875,0.977252,37,26,32,23,0,0,3,0,905,677,603,476
2026/01/19/16:08:07,6715.928118,0.843562,0.949599,0.919875,0.977252,37,26,32,23,0,0,3,0,905,677,603,476
2026/01/19/16:08:08,6716.928194,0.843562,0.949599,0.919875,0.977252,37,26,32,23,0,0,3,0,905,677,603,476
2026/01/19/16:08:09,6717.928276,0.843562,0.949599,0.919875,0.977252,37,26,32,23,0,0,3,0,905,677,603,476
2026/01/19/16:08:10,6718.928386,0.843562,0.949599,0.919875,0.977252,37,26,32,23,0,0,3,0,905,677,603,476
2026/01/19/16:08:11,6719.928473,0.843562,0.949599,0.919875,0.977252,37,26,32,23,0,0,3,0,905,677,603,476
2026/01/19/16:08:12,6720.928573,0.843562,0.949599,0.919875,0.977252,37,26,32,23,0,0,3,0,905,677,603,476
2026/01/19/16:08:13,6721.928835,0.843562,0.949599,0.919875,0.977252,37,26,32,23,0,0,3,0,905,677,603,476
2026/01/19/16:08:14,6722.928868,0.843562,0.949599,0.919875,0.977252,37,26,32,23,0,0,3,0,905,677,603,476
2026/01/19/16:08:15,6723.929026,0.843562,0.949599,0.919875,0.977252,37,26,32,23,0,0,3,0,905,677,603,476
2026/01/19/16:08:16,6724.929094,0.835812,0.932089,0.912125,0.959742,35,26,32,23,0,0,3,0,907,677,603,476
2026/01/19/16:08:17,6726.004305,0.835812,0.932089,0.912125,0.959742,35,26,32,23,0,0,3,0,907,677,603,476
2026/01/19/16:08:20,6729.111789,0.835812,0.932089,0.912125,0.959742,35,26,32,23,0,0,3,0,907,677,603,476
2026/01/19/16:08:24,6732.419275,0.854313,0.933656,0.930625,0.961309,36,26,31,23,0,0,3,0,907,677,604,476
2026/01/19/16:08:28,6736.562117,0.877875,0.946610,0.954187,0.974263,36,30,31,23,0,0,3,0,907,677,604,476
2026/01/19/16:08:30,6738.907600,0.859875,0.936861,0.936187,0.964514,36,27,31,23,0,0,3,0,907,680,604,476
2026/01/19/16:08:31,6739.907751,0.892062,0.925922,0.956313,0.988328,37,27,32,23,2,0,2,1,911,680,604,476
2026/01/19/16:08:32,6740.907853,0.908500,0.913978,0.976437,0.976106,37,27,31,23,4,0,1,1,911,680,606,476
2026/01/19/16:08:33,6741.907960,0.895188,0.911166,0.959562,0.965773,35,27,31,23,3,0,1,1,914,680,606,476
2026/01/19/16:08:34,6742.908059,0.895188,0.911166,0.959562,0.965773,35,27,31,23,3,0,1,1,914,680,606,476
2026/01/19/16:08:35,6743.908125,0.911000,0.923461,1.016500,1.011782,35,27,31,24,5,0,1,3,915,680,606,476
2026/01/19/16:08:36,6744.908242,0.911000,0.923461,1.016500,1.011782,35,27,31,24,5,0,1,3,915,680,606,476
2026/01/19/16:08:37,6745.908331,0.909438,0.923358,0.987375,1.002842,35,27,31,24,3,0,1,3,916,680,606,476
2026/01/19/16:08:38,6746.908417,0.916750,0.929535,0.994687,1.009019,36,27,31,24,3,0,1,3,916,680,606,476
2026/01/19/16:08:39,6747.908528,0.916750,0.929535,0.994687,1.009019,36,27,31,24,3,0,1,3,916,680,606,476
2026/01/19/16:08:40,6748.908624,0.916750,0.929535,1.005562,0.980915,36,27,31,24,3,0,1,3,916,680,606,476
2026/01/19/16:08:41,6749.908700,0.932187,0.940190,1.037500,1.022121,36,28,33,24,5,0,2,3,916,680,606,476
2026/01/19/16:08:42,6750.908790,0.932187,0.940190,1.004125,1.012554,36,28,33,24,5,0,2,0,916,680,606,476
2026/01/19/16:08:43,6751.908901,0.933625,0.940258,0.989062,0.982071,36,27,34,24,3,0,1,0,916,681,606,476
2026/01/19/16:08:44,6752.909005,0.933625,0.940258,0.989062,0.982071,36,27,34,24,3,0,1,0,916,681,606,476
2026/01/19/16:08:45,6753.909121,0.926312,0.934081,0.981750,0.975895,35,27,34,24,3,0,1,0,917,681,606,476
2026/01/19/16:08:46,6754.909212,0.926312,0.934081,0.981750,0.975895,35,27,34,24,3,0,1,0,917,681,606,476
2026/01/19/16:08:47,6755.909304,0.926312,0.934081,0.981750,0.975895,35,27,34,24,3,0,1,0,917,681,606,476
2026/01/19/16:08:48,6756.909384,0.926312,0.934081,0.981750,0.975895,35,27,34,24,3,0,1,0,917,681,606,476
2026/01/19/16:08:49,6757.909470,0.926312,0.934081,0.981750,0.975895,35,27,34,24,3,0,1,0,917,681,606,476
2026/01/19/16:08:50,6758.909579,0.926312,0.934081,0.981750,0.975895,35,27,34,24,3,0,1,0,917,681,606,476
2026/01/19/16:08:51,6759.909683,0.926312,0.934081,0.981750,0.975895,35,27,34,24,3,0,1,0,917,681,606,476
2026/01/19/16:08:52,6760.909773,0.926312,0.934081,0.981750,0.975895,35,27,34,24,3,0,1,0,917,681,606,476
2026/01/19/16:08:53,6761.909932,0.909438,0.923358,0.964875,0.965172,35,27,31,24,3,0,1,0,917,681,609,476
2026/01/19/16:08:54,6762.910018,0.909438,0.923358,0.964875,0.965172,35,27,31,24,3,0,1,0,917,681,609,476
2026/01/19/16:08:55,6763.910132,0.909438,0.923358,0.964875,0.965172,35,27,31,24,3,0,1,0,917,681,609,476
2026/01/19/16:08:56,6764.910218,0.896437,0.918991,0.925875,0.952071,34,27,31,24,1,0,1,0,918,681,609,476
2026/01/19/16:08:57,6765.910323,0.896437,0.918991,0.925875,0.952071,34,27,31,24,1,0,1,0,918,681,609,476
2026/01/19/16:09:00,6769.210970,0.890875,0.915786,0.920312,0.948866,34,26,31,24,1,0,1,0,918,682,609,476
2026/01/19/16:09:03,6771.908932,0.890875,0.915786,0.920312,0.948866,34,26,31,24,1,0,1,0,918,682,609,476
2026/01/19/16:09:06,6774.915128,0.890875,0.915786,0.920312,0.948866,34,26,31,24,1,0,1,0,918,682,609,476
2026/01/19/16:09:08,6776.736857,0.894000,0.920266,0.898000,0.944128,33,26,32,24,1,0,0,0,919,682,609,476
2026/01/19/16:09:10,6779.218228,0.894000,0.920266,0.898000,0.944128,33,26,32,24,1,0,0,0,919,682,609,476
2026/01/19/16:09:12,6781.063012,0.894000,0.920266,0.898000,0.944128,33,26,32,24,1,0,0,0,919,682,609,476
2026/01/19/16:09:13,6782.063108,0.894000,0.920266,0.898000,0.944128,33,26,32,24,1,0,0,0,919,682,609,476
2026/01/19/16:09:14,6783.063201,0.894000,0.920266,0.898000,0.944128,33,26,32,24,1,0,0,0,919,682,609,476
2026/01/19/16:09:15,6784.063294,0.894000,0.920266,0.898000,0.944128,33,26,32,24,1,0,0,0,919,682,609,476
2026/01/19/16:09:16,6785.063383,0.894000,0.920266,0.898000,0.944128,33,26,32,24,1,0,0,0,919,682,609,476
2026/01/19/16:09:17,6786.063481,0.894000,0.920266,0.898000,0.944128,33,26,32,24,1,0,0,0,919,682,609,476
2026/01/19/16:09:18,6787.063582,0.894000,0.920266,0.898000,0.944128,33,26,32,24,1,0,0,0,919,682,609,476
2026/01/19/16:09:19,6788.063734,0.894000,0.920266,0.898000,0.944128,33,26,32,24,1,0,0,0,919,682,609,476
2026/01/19/16:09:20,6789.063828,0.894000,0.920266,0.898000,0.944128,33,26,32,24,1,0,0,0,919,682,609,476
2026/01/19/16:09:21,6790.063931,0.894000,0.920266,0.898000,0.944128,33,26,32,24,1,0,0,0,919,682,609,476
2026/01/19/16:09:22,6791.064007,0.894000,0.920266,0.898000,0.944128,33,26,32,24,1,0,0,0,919,682,609,476
2026/01/19/16:09:23,6792.064120,0.894000,0.920266,0.898000,0.944128,33,26,32,24,1,0,0,0,919,682,609,476
2026/01/19/16:09:24,6793.064220,0.894000,0.920266,0.898000,0.944128,33,26,32,24,1,0,0,0,919,682,609,476
2026/01/19/16:09:25,6794.064300,0.894000,0.920266,0.898000,0.944128,33,26,32,24,1,0,0,0,919,682,609,476
2026/01/19/16:09:26,6795.064393,0.894000,0.920266,0.898000,0.944128,33,26,32,24,1,0,0,0,919,682,609,476
2026/01/19/16:09:27,6796.104362,0.894000,0.920266,0.898000,0.944128,33,26,32,24,1,0,0,0,919,682,609,476
2026/01/19/16:09:28,6797.104445,0.917438,0.952202,0.961063,1.049171,36,26,32,25,3,0,1,1,919,682,609,476
2026/01/19/16:09:29,6798.104534,0.912625,0.938269,0.961063,1.049171,35,26,32,25,4,0,1,1,920,682,609,476
2026/01/19/16:09:30,6799.104677,0.903125,0.933578,0.951562,1.044480,35,26,32,24,4,0,1,1,920,682,609,477
2026/01/19/16:09:31,6800.104818,0.903125,0.933578,0.951562,1.044480,35,26,32,24,4,0,1,1,920,682,609,477
2026/01/19/16:09:32,6801.104916,0.903125,0.933578,0.988688,1.061157,35,26,32,24,4,0,3,1,920,682,609,477
2026/01/19/16:09:33,6802.105011,0.909625,0.954019,1.059687,1.149510,35,26,32,26,10,1,2,1,920,682,609,477
2026/01/19/16:09:34,6803.105121,0.909625,0.954019,1.059687,1.149510,35,26,32,26,10,1,2,1,920,682,609,477
2026/01/19/16:09:35,6804.105212,0.902750,0.916760,1.038563,1.061643,35,26,32,24,7,1,2,1,920,682,609,479
2026/01/19/16:09:36,6805.105317,0.909625,0.951687,1.038563,1.061643,37,26,32,24,5,1,2,1,920,682,609,479
2026/01/19/16:09:37,6806.105414,0.909625,0.951687,1.001437,1.044966,37,26,32,24,5,1,0,1,920,682,609,479
2026/01/19/16:09:38,6807.105516,0.903937,0.947110,0.989313,1.026091,36,26,32,24,5,0,0,1,921,682,609,479
2026/01/19/16:09:39,6808.105582,0.903937,0.947110,0.989313,1.026091,36,26,32,24,5,0,0,1,921,682,609,479
2026/01/19/16:09:40,6809.105744,0.918438,0.954248,1.007812,1.039050,36,28,32,24,5,0,1,1,921,682,609,479
2026/01/19/16:09:41,6810.105837,0.918438,0.954248,1.002312,1.008755,36,28,32,24,5,0,1,0,921,682,609,479
2026/01/19/16:09:42,6811.105939,0.918438,0.954248,1.002312,1.008755,36,28,32,24,5,0,1,0,921,682,609,479
2026/01/19/16:09:43,6812.106104,0.918438,0.954248,1.002312,1.008755,36,28,32,24,5,0,1,0,921,682,609,479
2026/01/19/16:09:44,6813.106263,0.920750,0.953561,0.995812,0.988314,37,28,33,22,4,0,0,0,921,682,609,481
2026/01/19/16:09:45,6814.106406,0.920750,0.953561,0.995812,0.988314,37,28,33,22,4,0,0,0,921,682,609,481
2026/01/19/16:09:46,6815.106498,0.920750,0.953561,0.995812,0.988314,37,28,33,22,4,0,0,0,921,682,609,481
2026/01/19/16:09:47,6816.106587,0.914937,0.940974,0.990000,0.975727,37,28,33,21,4,0,0,0,921,682,609,482
2026/01/19/16:09:48,6817.106705,0.914937,0.940974,0.990000,0.975727,37,28,33,21,4,0,0,0,921,682,609,482
2026/01/19/16:09:49,6818.106843,0.914937,0.940974,0.990000,0.975727,37,28,33,21,4,0,0,0,921,682,609,482
2026/01/19/16:09:50,6819.106944,0.900438,0.933836,0.975500,0.968589,37,26,33,21,4,0,0,0,921,684,609,482
2026/01/19/16:09:51,6820.107068,0.900438,0.933836,0.975500,0.968589,37,26,33,21,4,0,0,0,921,684,609,482
2026/01/19/16:09:52,6821.107115,0.900438,0.933836,0.975500,0.968589,37,26,33,21,4,0,0,0,921,684,609,482
2026/01/19/16:09:53,6822.107249,0.900438,0.933836,0.975500,0.968589,37,26,33,21,4,0,0,0,921,684,609,482
2026/01/19/16:09:54,6823.107320,0.900438,0.933836,0.975500,0.968589,37,26,33,21,4,0,0,0,921,684,609,482
2026/01/19/16:09:55,6824.107475,0.900438,0.933836,0.975500,0.968589,37,26,33,21,4,0,0,0,921,684,609,482
2026/01/19/16:09:56,6825.107570,0.900438,0.933836,0.975500,0.968589,37,26,33,21,4,0,0,0,921,684,609,482
2026/01/19/16:09:57,6826.107639,0.900438,0.933836,0.975500,0.968589,37,26,33,21,4,0,0,0,921,684,609,482
2026/01/19/16:09:58,6827.107801,0.900438,0.933836,0.975500,0.968589,37,26,33,21,4,0,0,0,921,684,609,482
2026/01/19/16:09:59,6828.115116,0.900438,0.933836,0.975500,0.968589,37,26,33,21,4,0,0,0,921,684,609,482
2026/01/19/16:10:00,6829.115224,0.900438,0.933836,0.975500,0.968589,37,26,33,21,4,0,0,0,921,684,609,482
2026/01/19/16:10:02,6831.018010,0.900438,0.933836,0.975500,0.968589,37,26,33,21,4,0,0,0,921,684,609,482
2026/01/19/16:10:05,6834.207158,0.895625,0.928631,0.970688,0.963384,36,26,33,21,4,0,0,0,922,684,609,482
2026/01/19/16:10:09,6838.006625,0.895625,0.928631,0.970688,0.963384,36,26,33,21,4,0,0,0,922,684,609,482
2026/01/19/16:10:12,6840.822526,0.920375,0.958299,1.023750,1.027720,38,26,35,24,6,3,0,1,922,684,609,482
2026/01/19/16:10:16,6844.518647,0.928375,0.966842,1.046875,1.124965,40,26,35,24,10,4,0,0,924,684,609,482
2026/01/19/16:10:17,6845.518734,0.928000,0.965541,1.025500,1.051473,42,26,33,24,6,4,0,0,924,684,611,482
2026/01/19/16:10:18,6846.518842,0.928000,0.965541,1.025500,1.051473,42,26,33,24,6,4,0,0,924,684,611,482
2026/01/19/16:10:19,6847.518945,0.920000,0.957780,1.013500,1.039831,40,26,33,24,5,4,0,0,926,684,611,482
2026/01/19/16:10:20,6848.519043,0.920000,0.957780,1.013500,1.039831,40,26,33,24,5,4,0,0,926,684,611,482
2026/01/19/16:10:21,6849.519157,0.920000,0.957780,1.013500,1.039831,40,26,33,24,5,4,0,0,926,684,611,482
2026/01/19/16:10:22,6850.519290,0.920000,0.957780,1.013500,1.039831,40,26,33,24,5,4,0,0,926,684,611,482
2026/01/19/16:10:23,6851.519437,0.912000,0.954262,1.005500,1.036313,39,26,33,24,5,4,0,0,927,684,611,482
2026/01/19/16:10:24,6852.519542,0.905312,0.952018,0.995000,1.026503,39,27,33,21,5,3,0,0,927,684,611,485
2026/01/19/16:10:25,6853.519715,0.902500,0.951041,0.988500,1.019406,38,27,33,21,4,3,0,0,929,684,611,485
2026/01/19/16:10:26,6854.519820,0.902500,0.951041,0.988500,1.019406,38,27,33,21,4,3,0,0,929,684,611,485
2026/01/19/16:10:27,6855.519981,0.902500,0.951041,0.988500,1.019406,38,27,33,21,4,3,0,0,929,684,611,485
2026/01/19/16:10:28,6856.520109,0.902500,0.951041,0.988500,1.019406,38,27,33,21,4,3,0,0,929,684,611,485
2026/01/19/16:10:29,6857.520242,0.902500,0.951041,0.988500,1.019406,38,27,33,21,4,3,0,0,929,684,611,485
2026/01/19/16:10:30,6858.520394,0.902500,0.951041,0.988500,1.019406,38,27,33,21,4,3,0,0,929,684,611,485
2026/01/19/16:10:31,6859.520608,0.902500,0.951041,0.988500,1.019406,38,27,33,21,4,3,0,0,929,684,611,485
2026/01/19/16:10:32,6860.520645,0.902500,0.951041,0.988500,1.019406,38,27,33,21,4,3,0,0,929,684,611,485
2026/01/19/16:10:33,6861.520802,0.902500,0.951041,0.988500,1.019406,38,27,33,21,4,3,0,0,929,684,611,485
2026/01/19/16:10:34,6862.520953,0.902500,0.951041,0.988500,1.019406,38,27,33,21,4,3,0,0,929,684,611,485
2026/01/19/16:10:35,6863.521115,0.897563,0.953841,0.975938,1.007073,38,28,33,21,4,1,0,0,929,685,611,485
2026/01/19/16:10:36,6864.521262,0.897563,0.953841,0.975938,1.007073,38,28,33,21,4,1,0,0,929,685,611,485
2026/01/19/16:10:37,6865.521372,0.897563,0.953841,0.975938,1.007073,38,28,33,21,4,1,0,0,929,685,611,485
2026/01/19/16:10:38,6866.521519,0.897563,0.953841,0.975938,1.007073,38,28,33,21,4,1,0,0,929,685,611,485
2026/01/19/16:10:39,6867.521669,0.897563,0.953841,0.975938,1.007073,38,28,33,21,4,1,0,0,929,685,611,485
2026/01/19/16:10:40,6868.521835,0.897563,0.953841,0.975938,1.007073,38,28,33,21,4,1,0,0,929,685,611,485
2026/01/19/16:10:41,6869.521961,0.897563,0.953841,0.975938,1.007073,38,28,33,21,4,1,0,0,929,685,611,485
2026/01/19/16:10:42,6870.522115,0.897563,0.953841,0.975938,1.007073,38,28,33,21,4,1,0,0,929,685,611,485
2026/01/19/16:10:43,6871.522207,0.897563,0.953841,0.975938,1.007073,38,28,33,21,4,1,0,0,929,685,611,485
2026/01/19/16:10:44,6872.522318,0.897563,0.953841,0.975938,1.007073,38,28,33,21,4,1,0,0,929,685,611,485
2026/01/19/16:10:45,6873.522406,0.897563,0.953841,0.975938,1.007073,38,28,33,21,4,1,0,0,929,685,611,485
2026/01/19/16:10:46,6874.522556,0.897563,0.953841,0.975938,1.007073,38,28,33,21,4,1,0,0,929,685,611,485
2026/01/19/16:10:47,6875.522660,0.897563,0.953841,0.975938,1.007073,38,28,33,21,4,1,0,0,929,685,611,485
2026/01/19/16:10:48,6876.522748,0.897563,0.953841,0.904875,0.996182,38,28,33,21,1,1,0,0,929,685,611,485
2026/01/19/16:10:49,6877.604246,0.886500,0.935479,0.893813,0.977820,35,28,33,21,1,1,0,0,932,685,611,485
2026/01/19/16:10:52,6880.914407,0.886500,0.935479,0.893813,0.977820,35,28,33,21,1,1,0,0,932,685,611,485
2026/01/19/16:10:55,6884.008289,0.886500,0.935479,0.893813,0.977820,35,28,33,21,1,1,0,0,932,685,611,485
2026/01/19/16:10:59,6888.319155,0.886500,0.935479,0.893813,0.977820,35,28,33,21,1,1,0,0,932,685,611,485
2026/01/19/16:11:01,6890.007620,0.872250,0.913818,0.879563,0.956160,35,28,30,21,1,1,0,0,932,685,614,485
2026/01/19/16:11:04,6893.056694,0.865250,0.879907,0.869250,0.903769,32,29,30,21,1,0,0,0,935,685,614,485
2026/01/19/16:11:05,6894.056818,0.865250,0.879907,0.869250,0.903769,32,29,30,21,1,0,0,0,935,685,614,485
2026/01/19/16:11:06,6895.056929,0.865250,0.879907,0.869250,0.903769,32,29,30,21,1,0,0,0,935,685,614,485
2026/01/19/16:11:07,6896.057091,0.865250,0.879907,0.869250,0.903769,32,29,30,21,1,0,0,0,935,685,614,485
2026/01/19/16:11:08,6897.057140,0.865250,0.879907,0.869250,0.903769,32,29,30,21,1,0,0,0,935,685,614,485
2026/01/19/16:11:09,6898.057286,0.865250,0.879907,0.869250,0.903769,32,29,30,21,1,0,0,0,935,685,614,485
2026/01/19/16:11:10,6899.057380,0.865250,0.879907,0.869250,0.903769,32,29,30,21,1,0,0,0,935,685,614,485
2026/01/19/16:11:11,6900.057503,0.865250,0.879907,0.869250,0.903769,32,29,30,21,1,0,0,0,935,685,614,485
2026/01/19/16:11:12,6901.057609,0.865250,0.879907,0.869250,0.903769,32,29,30,21,1,0,0,0,935,685,614,485
2026/01/19/16:11:13,6902.057735,0.865250,0.879907,0.869250,0.903769,32,29,30,21,1,0,0,0,935,685,614,485
2026/01/19/16:11:14,6903.057831,0.872000,0.909344,0.894750,0.960873,34,29,30,21,3,0,0,0,935,685,614,485
2026/01/19/16:11:15,6904.057918,0.872000,0.909344,0.894750,0.960873,34,29,30,21,3,0,0,0,935,685,614,485
2026/01/19/16:11:16,6905.058103,0.865250,0.879907,0.884625,0.916718,32,29,30,21,2,0,0,0,937,685,614,485
2026/01/19/16:11:17,6906.058124,0.865250,0.879907,0.884625,0.916718,32,29,30,21,2,0,0,0,937,685,614,485
2026/01/19/16:11:18,6907.058261,0.865250,0.879907,0.884625,0.916718,32,29,30,21,2,0,0,0,937,685,614,485
2026/01/19/16:11:19,6908.058382,0.865250,0.879907,0.884625,0.916718,32,29,30,21,2,0,0,0,937,685,614,485
2026/01/19/16:11:20,6909.058460,0.887312,0.925226,0.920875,0.996313,35,30,31,21,2,1,2,0,937,685,614,485
2026/01/19/16:11:21,6910.058565,0.903500,0.939922,0.971000,1.041504,35,32,33,21,5,2,2,0,937,685,614,485
2026/01/19/16:11:22,6911.058659,0.915562,0.956565,1.015625,1.075049,36,32,36,21,7,4,1,0,937,686,615,485
2026/01/19/16:11:23,6912.067091,0.908188,0.949286,1.008250,1.067770,34,32,36,21,7,4,1,0,939,686,615,485
2026/01/19/16:11:24,6913.067121,0.908937,0.950704,0.975562,1.040724,34,32,36,21,7,1,0,0,939,689,615,485
2026/01/19/16:11:25,6914.067227,0.915500,0.948890,0.962625,1.018422,34,32,36,21,4,1,0,0,940,689,615,485
2026/01/19/16:11:26,6915.067338,0.915500,0.948890,0.962625,1.018422,34,32,36,21,4,1,0,0,940,689,615,485
2026/01/19/16:11:27,6916.067431,0.915750,0.947490,0.952000,1.011402,35,30,36,21,3,1,0,0,940,691,615,485
2026/01/19/16:11:28,6917.067535,0.908000,0.930286,0.944250,0.994198,35,30,34,21,3,1,0,0,940,691,617,485
2026/01/19/16:11:29,6918.067620,0.908000,0.930286,0.944250,0.994198,35,30,34,21,3,1,0,0,940,691,617,485
2026/01/19/16:11:30,6919.067724,0.904687,0.926922,0.940937,0.990834,35,30,33,21,3,1,0,0,940,691,618,485
2026/01/19/16:11:31,6920.067833,0.915562,0.932542,0.940937,0.990834,36,30,33,21,2,1,0,0,940,691,618,485
2026/01/19/16:11:32,6921.067941,0.882938,0.915682,0.908312,0.973974,33,30,33,21,2,1,0,0,943,691,618,485
2026/01/19/16:11:33,6922.068118,0.882938,0.915682,0.902312,0.952493,33,30,33,21,2,0,0,0,943,691,618,485
2026/01/19/16:11:34,6923.068209,0.882938,0.915682,0.902312,0.952493,33,30,33,21,2,0,0,0,943,691,618,485
2026/01/19/16:11:35,6924.068286,0.882938,0.915682,0.902312,0.952493,33,30,33,21,2,0,0,0,943,691,618,485
2026/01/19/16:11:36,6925.068380,0.882938,0.915682,0.902312,0.952493,33,30,33,21,2,0,0,0,943,691,618,485
2026/01/19/16:11:37,6926.068496,0.882938,0.915682,0.902312,0.952493,33,30,33,21,2,0,0,0,943,691,618,485
2026/01/19/16:11:38,6927.068588,0.882938,0.915682,0.902312,0.952493,33,30,33,21,2,0,0,0,943,691,618,485
2026/01/19/16:11:39,6928.068758,0.882938,0.915682,0.902312,0.952493,33,30,33,21,2,0,0,0,943,691,618,485
2026/01/19/16:11:40,6929.068851,0.882938,0.915682,0.902312,0.952493,33,30,33,21,2,0,0,0,943,691,618,485
2026/01/19/16:11:41,6930.069077,0.882938,0.915682,0.902312,0.952493,33,30,33,21,2,0,0,0,943,691,618,485
2026/01/19/16:11:42,6931.069108,0.882938,0.915682,0.902312,0.952493,33,30,33,21,2,0,0,0,943,691,618,485
2026/01/19/16:11:43,6932.069222,0.882938,0.915682,0.902312,0.952493,33,30,33,21,2,0,0,0,943,691,618,485
2026/01/19/16:11:44,6933.069320,0.882938,0.915682,0.902312,0.952493,33,30,33,21,2,0,0,0,943,691,618,485
2026/01/19/16:11:45,6934.069423,0.902312,0.952493,0.902312,0.952493,35,30,33,21,0,0,0,0,946,691,618,485
2026/01/19/16:11:46,6935.069504,0.890312,0.924127,0.890312,0.924127,35,30,30,21,0,0,0,0,946,691,621,485
2026/01/19/16:11:47,6936.069598,0.890312,0.924127,0.890312,0.924127,35,30,30,21,0,0,0,0,946,691,621,485
2026/01/19/16:11:48,6937.069752,0.890312,0.924127,0.890312,0.924127,35,30,30,21,0,0,0,0,946,691,621,485
2026/01/19/16:11:49,6938.069845,0.890312,0.924127,0.890312,0.924127,35,30,30,21,0,0,0,0,946,691,621,485
2026/01/19/16:11:50,6939.069937,0.890312,0.924127,0.890312,0.924127,35,30,30,21,0,0,0,0,946,691,621,485
2026/01/19/16:11:51,6940.070041,0.890312,0.924127,0.890312,0.924127,35,30,30,21,0,0,0,0,946,691,621,485
2026/01/19/16:11:52,6941.070127,0.890312,0.924127,0.890312,0.924127,35,30,30,21,0,0,0,0,946,691,621,485
2026/01/19/16:11:53,6942.070206,0.890312,0.924127,0.890312,0.924127,35,30,30,21,0,0,0,0,946,691,621,485
2026/01/19/16:11:54,6943.070326,0.890312,0.924127,0.890312,0.924127,35,30,30,21,0,0,0,0,946,691,621,485
2026/01/19/16:11:55,6944.070424,0.890312,0.924127,0.890312,0.924127,35,30,30,21,0,0,0,0,946,691,621,485
2026/01/19/16:11:56,6945.070527,0.890312,0.924127,0.890312,0.924127,35,30,30,21,0,0,0,0,946,691,621,485
2026/01/19/16:11:57,6946.070616,0.890312,0.924127,0.890312,0.924127,35,30,30,21,0,0,0,0,946,691,621,485
2026/01/19/16:11:58,6947.070701,0.890312,0.924127,0.890312,0.924127,35,30,30,21,0,0,0,0,946,691,621,485
2026/01/19/16:11:59,6948.070780,0.890312,0.924127,0.890312,0.924127,35,30,30,21,0,0,0,0,946,691,621,485
2026/01/19/16:12:00,6949.070888,0.890312,0.924127,0.890312,0.924127,35,30,30,21,0,0,0,0,946,691,621,485
2026/01/19/16:12:01,6950.070953,0.894625,0.934803,0.894625,0.934803,36,30,30,21,0,0,0,0,946,691,621,485
2026/01/19/16:12:02,6951.071130,0.894625,0.934803,0.894625,0.934803,36,30,30,21,0,0,0,0,946,691,621,485
2026/01/19/16:12:03,6952.071209,0.894625,0.934803,0.894625,0.934803,36,30,30,21,0,0,0,0,946,691,621,485
2026/01/19/16:12:04,6953.071323,0.890312,0.924127,0.890312,0.924127,35,30,30,21,0,0,0,0,947,691,621,485
2026/01/19/16:12:05,6954.071426,0.890312,0.924127,0.890312,0.924127,35,30,30,21,0,0,0,0,947,691,621,485
2026/01/19/16:12:06,6955.071527,0.890312,0.924127,0.890312,0.924127,35,30,30,21,0,0,0,0,947,691,621,485
2026/01/19/16:12:07,6956.071622,0.890312,0.924127,0.890312,0.924127,35,30,30,21,0,0,0,0,947,691,621,485
2026/01/19/16:12:08,6957.071716,0.887062,0.920499,0.887062,0.920499,35,29,30,21,0,0,0,0,947,692,621,485
2026/01/19/16:12:09,6958.071779,0.887062,0.920499,0.887062,0.920499,35,29,30,21,0,0,0,0,947,692,621,485
2026/01/19/16:12:10,6959.071894,0.887062,0.920499,0.887062,0.920499,35,29,30,21,0,0,0,0,947,692,621,485
2026/01/19/16:12:11,6960.072040,0.887062,0.920499,0.887062,0.920499,35,29,30,21,0,0,0,0,947,692,621,485
2026/01/19/16:12:12,6961.072120,0.887062,0.920499,0.887062,0.920499,35,29,30,21,0,0,0,0,947,692,621,485
2026/01/19/16:12:13,6962.072203,0.887062,0.920499,0.887062,0.920499,35,29,30,21,0,0,0,0,947,692,621,485
2026/01/19/16:12:14,6963.072278,0.909438,0.930931,0.927438,0.940241,37,29,30,21,0,2,0,0,947,692,621,485
2026/01/19/16:12:15,6964.072407,0.909438,0.930931,0.927438,0.940241,37,29,30,21,0,2,0,0,947,692,621,485
2026/01/19/16:12:16,6965.072525,0.909438,0.930931,0.927438,0.940241,37,29,30,21,0,2,0,0,947,692,621,485
2026/01/19/16:12:17,6966.072637,0.909438,0.930931,0.927438,0.940241,37,29,30,21,0,2,0,0,947,692,621,485
2026/01/19/16:12:18,6967.072793,0.909438,0.930931,0.927438,0.940241,37,29,30,21,0,2,0,0,947,692,621,485
2026/01/19/16:12:19,6968.072890,0.909438,0.930931,0.927438,0.940241,37,29,30,21,0,2,0,0,947,692,621,485
2026/01/19/16:12:20,6969.072988,0.909438,0.930931,0.927438,0.940241,37,29,30,21,0,2,0,0,947,692,621,485
2026/01/19/16:12:21,6970.073097,0.909438,0.930931,0.927438,0.940241,37,29,30,21,0,2,0,0,947,692,621,485
2026/01/19/16:12:22,6971.073145,0.913625,0.929915,0.922625,0.934570,36,30,30,21,0,1,0,0,948,692,621,485
2026/01/19/16:12:23,6972.073246,0.913625,0.929915,0.922625,0.934570,36,30,30,21,0,1,0,0,948,692,621,485
2026/01/19/16:12:24,6973.073397,0.913625,0.929915,0.922625,0.934570,36,30,30,21,0,1,0,0,948,692,621,485
2026/01/19/16:12:25,6974.073506,0.913625,0.929915,0.922625,0.934570,36,30,30,21,0,1,0,0,948,692,621,485
2026/01/19/16:12:26,6975.073593,0.913625,0.929915,0.922625,0.934570,36,30,30,21,0,1,0,0,948,692,621,485
2026/01/19/16:12:27,6976.073714,0.918625,0.928749,0.918625,0.928749,36,31,29,21,0,0,0,0,948,692,622,485
2026/01/19/16:12:28,6977.073884,0.918625,0.928749,0.918625,0.928749,36,31,29,21,0,0,0,0,948,692,622,485
2026/01/19/16:12:29,6978.073924,0.918625,0.928749,0.918625,0.928749,36,31,29,21,0,0,0,0,948,692,622,485
2026/01/19/16:12:30,6979.074030,0.923500,0.936104,0.928375,0.943459,37,31,29,21,1,0,0,0,948,692,622,485
2026/01/19/16:12:31,6980.074125,0.923500,0.936104,0.928375,0.943459,37,31,29,21,1,0,0,0,948,692,622,485
2026/01/19/16:12:32,6981.074229,0.923500,0.936104,0.928375,0.943459,37,31,29,21,1,0,0,0,948,692,622,485
2026/01/19/16:12:33,6982.074378,0.923500,0.936104,0.928375,0.943459,37,31,29,21,1,0,0,0,948,692,622,485
2026/01/19/16:12:34,6983.074520,0.923500,0.936104,0.928375,0.943459,37,31,29,21,1,0,0,0,948,692,622,485
2026/01/19/16:12:35,6984.074769,0.923500,0.936104,0.928375,0.943459,37,31,29,21,1,0,0,0,948,692,622,485
2026/01/19/16:12:36,6985.074765,0.923500,0.936104,0.928375,0.943459,37,31,29,21,1,0,0,0,948,692,622,485
2026/01/19/16:12:37,6986.074903,0.923500,0.936104,0.928375,0.943459,37,31,29,21,1,0,0,0,948,692,622,485
2026/01/19/16:12:38,6987.075038,0.923500,0.936104,0.928375,0.943459,37,31,29,21,1,0,0,0,948,692,622,485
2026/01/19/16:12:39,6988.075187,0.923500,0.936104,0.928375,0.943459,37,31,29,21,1,0,0,0,948,692,622,485
2026/01/19/16:12:40,6989.075282,0.923500,0.936104,0.928375,0.943459,37,31,29,21,1,0,0,0,948,692,622,485
2026/01/19/16:12:41,6990.075384,0.928375,0.943459,0.928375,0.943459,38,31,29,21,0,0,0,0,949,692,622,485
2026/01/19/16:12:42,6991.075484,0.928375,0.943459,0.928375,0.943459,38,31,29,21,0,0,0,0,949,692,622,485
2026/01/19/16:12:43,6992.075578,0.928375,0.943459,0.928375,0.943459,38,31,29,21,0,0,0,0,949,692,622,485
2026/01/19/16:12:44,6993.075645,0.928375,0.943459,0.928375,0.943459,38,31,29,21,0,0,0,0,949,692,622,485
2026/01/19/16:12:45,6994.075749,0.928375,0.943459,0.928375,0.943459,38,31,29,21,0,0,0,0,949,692,622,485
2026/01/19/16:12:46,6995.075825,0.928375,0.943459,0.928375,0.943459,38,31,29,21,0,0,0,0,949,692,622,485
2026/01/19/16:12:47,6996.075944,0.928375,0.943459,0.928375,0.943459,38,31,29,21,0,0,0,0,949,692,622,485
2026/01/19/16:12:48,6997.076042,0.928375,0.943459,0.928375,0.943459,38,31,29,21,0,0,0,0,949,692,622,485
2026/01/19/16:12:49,6998.076132,0.928375,0.943459,0.928375,0.943459,38,31,29,21,0,0,0,0,949,692,622,485
2026/01/19/16:12:50,6999.076295,0.928375,0.943459,0.928375,0.943459,38,31,29,21,0,0,0,0,949,692,622,485
2026/01/19/16:12:51,7000.076397,0.920750,0.951600,0.978250,0.978372,40,31,29,21,2,2,0,0,950,692,622,485
2026/01/19/16:12:52,7001.076476,0.920750,0.951600,0.978250,0.978372,40,31,29,21,2,2,0,0,950,692,622,485
2026/01/19/16:12:53,7002.076643,0.920750,0.951600,0.930625,0.971452,40,31,29,21,0,2,0,0,950,692,622,485
2026/01/19/16:12:54,7003.076743,0.920750,0.951600,0.930625,0.971452,40,31,29,21,0,2,0,0,950,692,622,485
2026/01/19/16:12:55,7004.076845,0.920750,0.951600,0.930625,0.971452,40,31,29,21,0,2,0,0,950,692,622,485
2026/01/19/16:12:56,7005.076928,0.920750,0.951600,0.924875,0.959553,40,31,29,21,0,1,0,0,950,692,622,485
2026/01/19/16:12:57,7006.077019,0.920750,0.951600,0.924875,0.959553,40,31,29,21,0,1,0,0,950,692,622,485
2026/01/19/16:12:58,7007.077124,0.920750,0.951600,0.924875,0.959553,40,31,29,21,0,1,0,0,950,692,622,485
2026/01/19/16:12:59,7008.077282,0.920750,0.951600,0.924875,0.959553,40,31,29,21,0,1,0,0,950,692,622,485
2026/01/19/16:13:00,7009.077408,0.920750,0.951600,0.920750,0.951600,40,31,29,21,0,0,0,0,950,692,622,485
2026/01/19/16:13:01,7010.077493,0.920750,0.951600,0.920750,0.951600,40,31,29,21,0,0,0,0,950,692,622,485
2026/01/19/16:13:02,7011.077596,0.920750,0.951600,0.920750,0.951600,40,31,29,21,0,0,0,0,950,692,622,485
2026/01/19/16:13:03,7012.077755,0.920750,0.951600,0.920750,0.951600,40,31,29,21,0,0,0,0,950,692,622,485
2026/01/19/16:13:04,7013.077891,0.920750,0.951600,0.920750,0.951600,40,31,29,21,0,0,0,0,950,692,622,485
2026/01/19/16:13:05,7014.077983,0.920750,0.951600,0.920750,0.951600,40,31,29,21,0,0,0,0,950,692,622,485
2026/01/19/16:13:06,7015.078103,0.920750,0.951600,0.920750,0.951600,40,31,29,21,0,0,0,0,950,692,622,485
2026/01/19/16:13:07,7016.078186,0.920750,0.951600,0.920750,0.951600,40,31,29,21,0,0,0,0,950,692,622,485
2026/01/19/16:13:08,7017.078312,0.902750,0.942290,0.902750,0.942290,40,29,29,21,0,0,0,0,950,694,622,485
2026/01/19/16:13:09,7018.078455,0.902750,0.942290,0.902750,0.942290,40,29,29,21,0,0,0,0,950,694,622,485
2026/01/19/16:13:10,7019.078552,0.902750,0.942290,0.902750,0.942290,40,29,29,21,0,0,0,0,950,694,622,485
2026/01/19/16:13:11,7020.078651,0.902750,0.942290,0.902750,0.942290,40,29,29,21,0,0,0,0,950,694,622,485
2026/01/19/16:13:12,7021.078738,0.902750,0.942290,0.902750,0.942290,40,29,29,21,0,0,0,0,950,694,622,485
2026/01/19/16:13:13,7022.078850,0.902750,0.942290,0.902750,0.942290,40,29,29,21,0,0,0,0,950,694,622,485
2026/01/19/16:13:14,7023.078937,0.902750,0.942290,0.902750,0.942290,40,29,29,21,0,0,0,0,950,694,622,485
2026/01/19/16:13:15,7024.079068,0.906312,0.948459,0.906312,0.948459,41,29,29,21,0,0,0,0,950,694,622,485
2026/01/19/16:13:16,7025.079126,0.896563,0.933749,0.896563,0.933749,39,29,29,21,0,0,0,0,952,694,622,485
2026/01/19/16:13:17,7026.079278,0.903000,0.938023,0.910750,0.990199,40,29,29,21,0,0,0,2,952,694,622,485
2026/01/19/16:13:18,7027.079409,0.903000,0.938023,0.910750,0.990199,40,29,29,21,0,0,0,2,952,694,622,485
2026/01/19/16:13:19,7028.079494,0.903000,0.938023,0.920438,1.003669,40,29,29,21,0,1,0,2,952,694,622,485
2026/01/19/16:13:20,7029.079609,0.899438,0.931854,0.916875,0.997500,39,29,29,21,0,1,0,2,953,694,622,485
2026/01/19/16:13:21,7030.079687,0.832812,0.917670,0.840562,0.969847,39,30,26,21,0,0,0,2,953,694,625,485
2026/01/19/16:13:22,7031.079787,0.832812,0.917670,0.840562,0.969847,39,30,26,21,0,0,0,2,953,694,625,485
2026/01/19/16:13:23,7032.079911,0.832812,0.917670,0.840562,0.969847,39,30,26,21,0,0,0,2,953,694,625,485
2026/01/19/16:13:24,7033.079982,0.832812,0.917670,0.840562,0.969847,39,30,26,21,0,0,0,2,953,694,625,485
2026/01/19/16:13:25,7034.080065,0.832812,0.917670,0.832812,0.917670,39,30,26,21,0,0,0,0,953,694,625,485
2026/01/19/16:13:26,7035.080106,0.832812,0.917670,0.832812,0.917670,39,30,26,21,0,0,0,0,953,694,625,485
2026/01/19/16:13:27,7036.080191,0.832812,0.917670,0.832812,0.917670,39,30,26,21,0,0,0,0,953,694,625,485
2026/01/19/16:13:28,7037.080309,0.832812,0.917670,0.832812,0.917670,39,30,26,21,0,0,0,0,953,694,625,485
2026/01/19/16:13:29,7038.080428,0.832812,0.917670,0.832812,0.917670,39,30,26,21,0,0,0,0,953,694,625,485
2026/01/19/16:13:30,7039.080550,0.832812,0.917670,0.832812,0.917670,39,30,26,21,0,0,0,0,953,694,625,485
2026/01/19/16:13:31,7040.080657,0.832812,0.917670,0.832812,0.917670,39,30,26,21,0,0,0,0,953,694,625,485
2026/01/19/16:13:32,7041.080737,0.832812,0.917670,0.832812,0.917670,39,30,26,21,0,0,0,0,953,694,625,485
2026/01/19/16:13:33,7042.081140,0.832812,0.917670,0.832812,0.917670,39,30,26,21,0,0,0,0,953,694,625,485
2026/01/19/16:13:34,7043.081040,0.832812,0.917670,0.832812,0.917670,39,30,26,21,0,0,0,0,953,694,625,485
2026/01/19/16:13:35,7044.081141,0.832812,0.917670,0.832812,0.917670,39,30,26,21,0,0,0,0,953,694,625,485
2026/01/19/16:13:36,7045.081236,0.826375,0.913396,0.826375,0.913396,38,30,26,21,0,0,0,0,954,694,625,485
2026/01/19/16:13:37,7046.081331,0.826375,0.913396,0.826375,0.913396,38,30,26,21,0,0,0,0,954,694,625,485
2026/01/19/16:13:38,7047.081433,0.826375,0.913396,0.826375,0.913396,38,30,26,21,0,0,0,0,954,694,625,485
2026/01/19/16:13:39,7048.081529,0.826375,0.913396,0.826375,0.913396,38,30,26,21,0,0,0,0,954,694,625,485
2026/01/19/16:13:40,7049.081612,0.826375,0.913396,0.826375,0.913396,38,30,26,21,0,0,0,0,954,694,625,485
2026/01/19/16:13:41,7050.081690,0.820375,0.909884,0.820375,0.909884,38,30,25,21,0,0,0,0,954,694,626,485
2026/01/19/16:13:42,7051.081779,0.820375,0.909884,0.820375,0.909884,38,30,25,21,0,0,0,0,954,694,626,485
2026/01/19/16:13:43,7052.081881,0.820375,0.909884,0.820375,0.909884,38,30,25,21,0,0,0,0,954,694,626,485
2026/01/19/16:13:44,7053.081985,0.820375,0.909884,0.820375,0.909884,38,30,25,21,0,0,0,0,954,694,626,485
2026/01/19/16:13:45,7054.082106,0.820375,0.909884,0.820375,0.909884,38,30,25,21,0,0,0,0,954,694,626,485
2026/01/19/16:13:46,7055.082198,0.820375,0.909884,0.820375,0.909884,38,30,25,21,0,0,0,0,954,694,626,485
2026/01/19/16:13:47,7056.082287,0.820375,0.909884,0.820375,0.909884,38,30,25,21,0,0,0,0,954,694,626,485
2026/01/19/16:13:48,7057.082403,0.820375,0.909884,0.820375,0.909884,38,30,25,21,0,0,0,0,954,694,626,485
2026/01/19/16:13:49,7058.082484,0.820375,0.909884,0.820375,0.909884,38,30,25,21,0,0,0,0,954,694,626,485
2026/01/19/16:13:50,7059.082577,0.820375,0.909884,0.820375,0.909884,38,30,25,21,0,0,0,0,954,694,626,485
2026/01/19/16:13:51,7060.082650,0.820375,0.909884,0.820375,0.909884,38,30,25,21,0,0,0,0,954,694,626,485
2026/01/19/16:13:52,7061.082747,0.820375,0.909884,0.820375,0.909884,38,30,25,21,0,0,0,0,954,694,626,485
2026/01/19/16:13:53,7062.082871,0.820375,0.909884,0.820375,0.909884,38,30,25,21,0,0,0,0,954,694,626,485
2026/01/19/16:13:54,7063.082966,0.816438,0.890377,0.816438,0.890377,37,30,25,21,0,0,0,0,955,694,626,485
2026/01/19/16:13:55,7064.083127,0.816438,0.890377,0.816438,0.890377,37,30,25,21,0,0,0,0,955,694,626,485
2026/01/19/16:13:56,7065.083244,0.816438,0.890377,0.816438,0.890377,37,30,25,21,0,0,0,0,955,694,626,485
2026/01/19/16:13:57,7066.083332,0.816438,0.890377,0.816438,0.890377,37,30,25,21,0,0,0,0,955,694,626,485
2026/01/19/16:13:58,7067.083426,0.816438,0.890377,0.816438,0.890377,37,30,25,21,0,0,0,0,955,694,626,485
2026/01/19/16:13:59,7068.083523,0.816438,0.890377,0.816438,0.890377,37,30,25,21,0,0,0,0,955,694,626,485
2026/01/19/16:14:00,7069.083625,0.816438,0.890377,0.816438,0.890377,37,30,25,21,0,0,0,0,955,694,626,485
2026/01/19/16:14:01,7070.083699,0.816438,0.890377,0.816438,0.890377,37,30,25,21,0,0,0,0,955,694,626,485
2026/01/19/16:14:02,7071.083790,0.816438,0.890377,0.816438,0.890377,37,30,25,21,0,0,0,0,955,694,626,485
2026/01/19/16:14:03,7072.083895,0.816438,0.890377,0.816438,0.890377,37,30,25,21,0,0,0,0,955,694,626,485
2026/01/19/16:14:04,7073.083967,0.816438,0.890377,0.816438,0.890377,37,30,25,21,0,0,0,0,955,694,626,485
2026/01/19/16:14:05,7074.084118,0.816438,0.890377,0.816438,0.890377,37,30,25,21,0,0,0,0,955,694,626,485
2026/01/19/16:14:06,7075.084125,0.816438,0.890377,0.816438,0.890377,37,30,25,21,0,0,0,0,955,694,626,485
2026/01/19/16:14:07,7076.084261,0.816438,0.890377,0.816438,0.890377,37,30,25,21,0,0,0,0,955,694,626,485
2026/01/19/16:14:08,7077.084328,0.816438,0.890377,0.816438,0.890377,37,30,25,21,0,0,0,0,955,694,626,485
2026/01/19/16:14:09,7078.084404,0.816438,0.890377,0.816438,0.890377,37,30,25,21,0,0,0,0,955,694,626,485
2026/01/19/16:14:10,7079.084507,0.835250,0.903984,0.835250,0.903984,38,30,25,21,0,0,0,0,955,694,626,485
2026/01/19/16:14:11,7080.084598,0.835250,0.903984,0.835250,0.903984,38,30,25,21,0,0,0,0,955,694,626,485
2026/01/19/16:14:12,7081.084673,0.816438,0.890377,0.816438,0.890377,37,30,25,21,0,0,0,0,956,694,626,485
2026/01/19/16:14:13,7082.084750,0.816438,0.890377,0.816438,0.890377,37,30,25,21,0,0,0,0,956,694,626,485
2026/01/19/16:14:14,7083.084874,0.816438,0.890377,0.816438,0.890377,37,30,25,21,0,0,0,0,956,694,626,485
2026/01/19/16:14:15,7084.084941,0.816438,0.890377,0.816438,0.890377,37,30,25,21,0,0,0,0,956,694,626,485
2026/01/19/16:14:16,7085.085042,0.816438,0.890377,0.816438,0.890377,37,30,25,21,0,0,0,0,956,694,626,485
2026/01/19/16:14:17,7086.085146,0.816438,0.890377,0.816438,0.890377,37,30,25,21,0,0,0,0,956,694,626,485
2026/01/19/16:14:18,7087.085258,0.816438,0.890377,0.816438,0.890377,37,30,25,21,0,0,0,0,956,694,626,485
2026/01/19/16:14:19,7088.085337,0.816438,0.890377,0.816438,0.890377,37,30,25,21,0,0,0,0,956,694,626,485
2026/01/19/16:14:20,7089.085444,0.806688,0.879154,0.806688,0.879154,37,30,22,21,0,0,0,0,956,694,629,485
2026/01/19/16:14:21,7090.085519,0.806688,0.879154,0.806688,0.879154,37,30,22,21,0,0,0,0,956,694,629,485
2026/01/19/16:14:22,7091.085599,0.806688,0.879154,0.806688,0.879154,37,30,22,21,0,0,0,0,956,694,629,485
2026/01/19/16:14:23,7092.085708,0.806688,0.879154,0.806688,0.879154,37,30,22,21,0,0,0,0,956,694,629,485
2026/01/19/16:14:24,7093.085814,0.806688,0.879154,0.806688,0.879154,37,30,22,21,0,0,0,0,956,694,629,485
2026/01/19/16:14:25,7094.085963,0.806688,0.879154,0.806688,0.879154,37,30,22,21,0,0,0,0,956,694,629,485
2026/01/19/16:14:26,7095.086043,0.806688,0.879154,0.806688,0.879154,37,30,22,21,0,0,0,0,956,694,629,485
2026/01/19/16:14:27,7096.086128,0.806688,0.879154,0.806688,0.879154,37,30,22,21,0,0,0,0,956,694,629,485
2026/01/19/16:14:28,7097.086214,0.806688,0.879154,0.806688,0.879154,37,30,22,21,0,0,0,0,956,694,629,485
2026/01/19/16:14:29,7098.086313,0.806688,0.879154,0.806688,0.879154,37,30,22,21,0,0,0,0,956,694,629,485
2026/01/19/16:14:30,7099.086417,0.806688,0.879154,0.806688,0.879154,37,30,22,21,0,0,0,0,956,694,629,485
2026/01/19/16:14:31,7100.086488,0.806688,0.879154,0.806688,0.879154,37,30,22,21,0,0,0,0,956,694,629,485
2026/01/19/16:14:32,7101.086620,0.796750,0.866253,0.796750,0.866253,34,30,22,21,0,0,0,0,959,694,629,485
2026/01/19/16:14:33,7102.086769,0.796750,0.866253,0.796750,0.866253,34,30,22,21,0,0,0,0,959,694,629,485
2026/01/19/16:14:34,7103.086882,0.796750,0.866253,0.796750,0.866253,34,30,22,21,0,0,0,0,959,694,629,485
2026/01/19/16:14:35,7104.087116,0.796750,0.866253,0.796750,0.866253,34,30,22,21,0,0,0,0,959,694,629,485
2026/01/19/16:14:36,7105.087125,0.796750,0.866253,0.796750,0.866253,34,30,22,21,0,0,0,0,959,694,629,485
2026/01/19/16:14:37,7106.087216,0.796750,0.866253,0.796750,0.866253,34,30,22,21,0,0,0,0,959,694,629,485
2026/01/19/16:14:38,7107.087314,0.796750,0.866253,0.796750,0.866253,34,30,22,21,0,0,0,0,959,694,629,485
2026/01/19/16:14:39,7108.087462,0.876750,0.917183,0.940125,0.988442,36,30,25,22,2,2,1,0,959,694,629,485
2026/01/19/16:14:40,7109.087550,0.876750,0.917183,0.940125,0.988442,36,30,25,22,2,2,1,0,959,694,629,485
2026/01/19/16:14:41,7110.087626,0.870563,0.925263,0.927813,0.984145,36,30,25,22,2,2,0,0,959,694,630,485
2026/01/19/16:14:42,7111.087731,0.870563,0.925263,0.919063,0.942446,36,30,25,22,2,0,0,0,959,694,630,485
2026/01/19/16:14:43,7112.087811,0.870563,0.925263,0.919063,0.942446,36,30,25,22,2,0,0,0,959,694,630,485
2026/01/19/16:14:44,7113.087923,0.870563,0.925263,0.919063,0.942446,36,30,25,22,2,0,0,0,959,694,630,485
2026/01/19/16:14:45,7114.088035,0.870563,0.925263,0.919063,0.942446,36,30,25,22,2,0,0,0,959,694,630,485
2026/01/19/16:14:46,7115.088151,0.869437,0.927719,0.893687,0.936311,37,30,25,21,1,0,0,0,959,694,630,486
2026/01/19/16:14:47,7116.088249,0.869437,0.927719,0.893687,0.936311,37,30,25,21,1,0,0,0,959,694,630,486
2026/01/19/16:14:48,7117.088350,0.863625,0.920566,0.887875,0.929157,36,30,25,21,1,0,0,0,960,694,630,486
2026/01/19/16:14:49,7118.088460,0.863625,0.920566,0.887875,0.929157,36,30,25,21,1,0,0,0,960,694,630,486
2026/01/19/16:14:50,7119.088556,0.863625,0.920566,0.887875,0.929157,36,30,25,21,1,0,0,0,960,694,630,486
2026/01/19/16:14:51,7120.088671,0.863625,0.920566,0.887875,0.929157,36,30,25,21,1,0,0,0,960,694,630,486
2026/01/19/16:14:52,7121.088757,0.863625,0.920566,0.887875,0.929157,36,30,25,21,1,0,0,0,960,694,630,486
2026/01/19/16:14:53,7122.088906,0.863625,0.920566,0.887875,0.929157,36,30,25,21,1,0,0,0,960,694,630,486
2026/01/19/16:14:54,7123.089042,0.863625,0.920566,0.887875,0.929157,36,30,25,21,1,0,0,0,960,694,630,486
2026/01/19/16:14:55,7124.089126,0.863625,0.920566,0.887875,0.929157,36,30,25,21,1,0,0,0,960,694,630,486
2026/01/19/16:14:56,7125.089199,0.863625,0.920566,0.887875,0.929157,36,30,25,21,1,0,0,0,960,694,630,486
2026/01/19/16:14:57,7126.089295,0.887875,0.929157,0.887875,0.929157,37,30,25,21,0,0,0,0,962,694,630,486
2026/01/19/16:14:58,7127.089392,0.887875,0.929157,0.887875,0.929157,37,30,25,21,0,0,0,0,962,694,630,486
2026/01/19/16:14:59,7128.089482,0.887875,0.929157,0.887875,0.929157,37,30,25,21,0,0,0,0,962,694,630,486
2026/01/19/16:15:00,7129.089594,0.910312,0.941385,0.943500,0.963832,37,30,26,23,1,0,2,2,962,694,630,486
2026/01/19/16:15:01,7130.089694,0.910312,0.941385,0.943500,0.963832,37,30,26,23,1,0,2,2,962,694,630,486
2026/01/19/16:15:02,7131.089785,0.902375,0.938233,0.935562,0.960680,37,30,26,22,1,0,2,2,962,694,630,487
2026/01/19/16:15:03,7132.089885,0.902375,0.938233,0.935562,0.960680,37,30,26,22,1,0,2,2,962,694,630,487
2026/01/19/16:15:04,7133.090005,0.902375,0.938233,0.935562,0.960680,37,30,26,22,1,0,2,2,962,694,630,487
2026/01/19/16:15:05,7134.090097,0.902375,0.938233,0.935562,0.960680,37,30,26,22,1,0,2,2,962,694,630,487
2026/01/19/16:15:06,7135.090226,0.902375,0.938233,0.935562,0.960680,37,30,26,22,1,0,2,2,962,694,630,487
2026/01/19/16:15:07,7136.090334,0.834063,0.916075,0.862812,0.934906,34,30,26,23,1,0,2,1,965,694,630,487
2026/01/19/16:15:08,7137.090430,0.862812,0.934906,0.862812,0.934906,35,30,28,24,0,0,0,0,965,694,630,487
2026/01/19/16:15:09,7138.090530,0.862812,0.934906,0.862812,0.934906,35,30,28,24,0,0,0,0,965,694,630,487
2026/01/19/16:15:10,7139.090612,0.862812,0.934906,0.862812,0.934906,35,30,28,24,0,0,0,0,965,694,630,487
2026/01/19/16:15:11,7140.090716,0.862812,0.934906,0.862812,0.934906,35,30,28,24,0,0,0,0,965,694,630,487
2026/01/19/16:15:12,7141.090804,0.842688,0.923985,0.842688,0.923985,35,30,26,24,0,0,0,0,965,694,632,487
2026/01/19/16:15:13,7142.090885,0.848375,0.929483,0.848375,0.929483,35,30,25,27,0,0,0,0,965,694,633,487
2026/01/19/16:15:14,7143.090980,0.848375,0.929483,0.848375,0.929483,35,30,25,27,0,0,0,0,965,694,633,487
2026/01/19/16:15:15,7144.091091,0.889563,0.952236,0.915562,0.970478,38,32,25,27,2,1,0,0,965,694,633,487
2026/01/19/16:15:16,7145.091226,0.889563,0.952236,0.915562,0.970478,38,32,25,27,2,1,0,0,965,694,633,487
2026/01/19/16:15:17,7146.091325,0.855750,0.936626,0.855750,0.936626,37,30,25,27,0,0,0,0,966,696,633,487
2026/01/19/16:15:18,7147.091419,0.855750,0.936626,0.855750,0.936626,37,30,25,27,0,0,0,0,966,696,633,487
2026/01/19/16:15:19,7148.091511,0.870375,0.945062,0.899625,0.961936,37,31,25,27,0,2,0,0,966,696,633,487
2026/01/19/16:15:20,7149.091597,0.870375,0.945062,0.899625,0.961936,37,31,25,27,0,2,0,0,966,696,633,487
2026/01/19/16:15:21,7150.091674,0.872812,0.929383,0.887437,0.937820,37,29,25,27,0,1,0,0,966,699,633,487
2026/01/19/16:15:22,7151.091771,0.827812,0.901551,0.827812,0.901551,37,27,25,24,0,0,0,0,966,701,633,490
2026/01/19/16:15:23,7152.091928,0.820438,0.894409,0.820438,0.894409,35,27,25,24,0,0,0,0,968,701,633,490
2026/01/19/16:15:24,7153.092022,0.820438,0.894409,0.820438,0.894409,35,27,25,24,0,0,0,0,968,701,633,490
2026/01/19/16:15:25,7154.092117,0.820438,0.894409,0.820438,0.894409,35,27,25,24,0,0,0,0,968,701,633,490
2026/01/19/16:15:26,7155.092227,0.820438,0.894409,0.820438,0.894409,35,27,25,24,0,0,0,0,968,701,633,490
2026/01/19/16:15:27,7156.092334,0.820438,0.894409,0.820438,0.894409,35,27,25,24,0,0,0,0,968,701,633,490
2026/01/19/16:15:28,7157.092427,0.820438,0.894409,0.820438,0.894409,35,27,25,24,0,0,0,0,968,701,633,490
2026/01/19/16:15:29,7158.092520,0.851875,0.910088,0.911625,0.934661,36,27,26,24,2,0,1,0,968,701,633,490
2026/01/19/16:15:30,7159.092647,0.855000,0.916874,0.911625,0.934661,36,27,27,24,2,0,0,0,968,701,633,490
2026/01/19/16:15:31,7160.092748,0.855000,0.916874,0.911625,0.934661,36,27,27,24,2,0,0,0,968,701,633,490
2026/01/19/16:15:32,7161.092857,0.855000,0.916874,0.911625,0.934661,36,27,27,24,2,0,0,0,968,701,633,490
2026/01/19/16:15:33,7162.092935,0.855000,0.916874,0.911625,0.934661,36,27,27,24,2,0,0,0,968,701,633,490
2026/01/19/16:15:34,7163.093047,0.855000,0.916874,0.911625,0.934661,36,27,27,24,2,0,0,0,968,701,633,490
2026/01/19/16:15:35,7164.093171,0.851875,0.910088,0.908500,0.927875,36,27,26,24,2,0,0,0,968,701,634,490
2026/01/19/16:15:36,7165.093240,0.848750,0.903302,0.905375,0.921089,36,27,25,24,2,0,0,0,968,701,635,490
2026/01/19/16:15:37,7166.093369,0.848750,0.903302,0.905375,0.921089,36,27,25,24,2,0,0,0,968,701,635,490
2026/01/19/16:15:38,7167.093452,0.848750,0.903302,0.905375,0.921089,36,27,25,24,2,0,0,0,968,701,635,490
2026/01/19/16:15:39,7168.093544,0.820438,0.894409,0.820438,0.894409,35,27,25,24,0,0,0,0,969,701,635,490
2026/01/19/16:15:40,7169.093639,0.820438,0.894409,0.820438,0.894409,35,27,25,24,0,0,0,0,969,701,635,490
2026/01/19/16:15:41,7170.093733,0.820438,0.894409,0.820438,0.894409,35,27,25,24,0,0,0,0,969,701,635,490
2026/01/19/16:15:42,7171.093820,0.820438,0.894409,0.820438,0.894409,35,27,25,24,0,0,0,0,969,701,635,490
2026/01/19/16:15:43,7172.093927,0.820438,0.894409,0.820438,0.894409,35,27,25,24,0,0,0,0,969,701,635,490
2026/01/19/16:15:44,7173.094024,0.820438,0.894409,0.820438,0.894409,35,27,25,24,0,0,0,0,969,701,635,490
2026/01/19/16:15:45,7174.094174,0.820438,0.894409,0.820438,0.894409,35,27,25,24,0,0,0,0,969,701,635,490
2026/01/19/16:15:46,7175.094290,0.820438,0.894409,0.820438,0.894409,35,27,25,24,0,0,0,0,969,701,635,490
2026/01/19/16:15:47,7176.094371,0.820438,0.894409,0.820438,0.894409,35,27,25,24,0,0,0,0,969,701,635,490
2026/01/19/16:15:48,7177.094463,0.820438,0.894409,0.820438,0.894409,35,27,25,24,0,0,0,0,969,701,635,490
2026/01/19/16:15:49,7178.094558,0.820438,0.894409,0.820438,0.894409,35,27,25,24,0,0,0,0,969,701,635,490
2026/01/19/16:15:50,7179.094658,0.820438,0.894409,0.820438,0.894409,35,27,25,24,0,0,0,0,969,701,635,490
2026/01/19/16:15:51,7180.094751,0.820438,0.894409,0.820438,0.894409,35,27,25,24,0,0,0,0,969,701,635,490
2026/01/19/16:15:52,7181.094852,0.820438,0.894409,0.820438,0.894409,35,27,25,24,0,0,0,0,969,701,635,490
2026/01/19/16:15:53,7182.095006,0.820438,0.894409,0.820438,0.894409,35,27,25,24,0,0,0,0,969,701,635,490
2026/01/19/16:15:54,7183.095160,0.820438,0.894409,0.820438,0.894409,35,27,25,24,0,0,0,0,969,701,635,490
2026/01/19/16:15:55,7184.095299,0.820438,0.894409,0.820438,0.894409,35,27,25,24,0,0,0,0,969,701,635,490
2026/01/19/16:15:56,7185.095416,0.820438,0.894409,0.820438,0.894409,35,27,25,24,0,0,0,0,969,701,635,490
2026/01/19/16:15:57,7186.095479,0.820438,0.894409,0.820438,0.894409,35,27,25,24,0,0,0,0,969,701,635,490
2026/01/19/16:15:58,7187.095589,0.820438,0.894409,0.820438,0.894409,35,27,25,24,0,0,0,0,969,701,635,490
2026/01/19/16:15:59,7188.095665,0.820438,0.894409,0.820438,0.894409,35,27,25,24,0,0,0,0,969,701,635,490
2026/01/19/16:16:00,7189.095839,0.820438,0.894409,0.820438,0.894409,35,27,25,24,0,0,0,0,969,701,635,490
2026/01/19/16:16:01,7190.095995,0.820438,0.894409,0.820438,0.894409,35,27,25,24,0,0,0,0,969,701,635,490
2026/01/19/16:16:02,7191.096112,0.820438,0.894409,0.820438,0.894409,35,27,25,24,0,0,0,0,969,701,635,490
2026/01/19/16:16:03,7192.096201,0.820438,0.894409,0.820438,0.894409,35,27,25,24,0,0,0,0,969,701,635,490
2026/01/19/16:16:04,7193.096276,0.808438,0.822822,0.808438,0.822822,32,27,25,24,0,0,0,0,972,701,635,490
2026/01/19/16:16:05,7194.096385,0.808438,0.822822,0.808438,0.822822,32,27,25,24,0,0,0,0,972,701,635,490
2026/01/19/16:16:06,7195.096467,0.808438,0.822822,0.808438,0.822822,32,27,25,24,0,0,0,0,972,701,635,490
2026/01/19/16:16:07,7196.096540,0.808438,0.822822,0.808438,0.822822,32,27,25,24,0,0,0,0,972,701,635,490
2026/01/19/16:16:08,7197.096647,0.808438,0.822822,0.808438,0.822822,32,27,25,24,0,0,0,0,972,701,635,490
2026/01/19/16:16:09,7198.096724,0.808438,0.822822,0.808438,0.822822,32,27,25,24,0,0,0,0,972,701,635,490
2026/01/19/16:16:10,7199.096804,0.808438,0.822822,0.808438,0.822822,32,27,25,24,0,0,0,0,972,701,635,490
2026/01/19/16:16:11,7200.096910,0.808438,0.822822,0.808438,0.822822,32,27,25,24,0,0,0,0,972,701,635,490
2026/01/19/16:16:12,7201.096987,0.808438,0.822822,0.808438,0.822822,32,27,25,24,0,0,0,0,972,701,635,490
2026/01/19/16:16:13,7202.097106,0.808438,0.822822,0.808438,0.822822,32,27,25,24,0,0,0,0,972,701,635,490
