timestamp,time_s,cpu_run_util,mem_run_util,cpu_req_util,mem_req_util,running_p1,unsched_p1,deletions_cum_p1
2026/02/03/10:19:48,5.517276,0.260094,0.233869,0.260094,0.233869,60,0,0
2026/02/03/10:19:49,6.517379,0.306969,0.292205,0.306969,0.292205,71,0,0
2026/02/03/10:19:50,7.517462,0.361563,0.335723,0.361563,0.335723,81,0,0
2026/02/03/10:19:51,8.517609,0.388250,0.366128,0.390062,0.368958,87,1,2
2026/02/03/10:19:52,9.517676,0.429438,0.413668,0.433219,0.415402,100,1,2
2026/02/03/10:19:53,10.517772,0.493750,0.459650,0.498000,0.463755,111,1,2
2026/02/03/10:19:54,11.517948,0.540281,0.496576,0.540281,0.496576,123,0,2
2026/02/03/10:19:55,12.518020,0.575469,0.521834,0.577906,0.523843,132,1,2
2026/02/03/10:19:56,13.518178,0.615281,0.572406,0.616875,0.574437,142,1,2
2026/02/03/10:19:57,14.518275,0.647281,0.628982,0.647281,0.628982,154,0,2
2026/02/03/10:19:58,15.518366,0.669687,0.678302,0.684937,0.680710,163,1,2
2026/02/03/10:19:59,16.518441,0.693250,0.702687,0.723750,0.707502,168,2,2
2026/02/03/10:20:00,17.518535,0.716063,0.757683,0.761969,0.776286,178,3,2
2026/02/03/10:20:01,18.518624,0.730344,0.773178,0.793312,0.809558,185,5,4
2026/02/03/10:20:02,19.518707,0.743437,0.785368,0.813344,0.820963,190,5,7
2026/02/03/10:20:03,20.518810,0.788813,0.810634,0.850125,0.843027,200,4,7
2026/02/03/10:20:04,21.518930,0.795156,0.821589,0.856469,0.853982,203,4,7
2026/02/03/10:20:05,22.519011,0.795156,0.821589,0.856469,0.853982,203,4,7
2026/02/03/10:20:06,23.519104,0.795156,0.821589,0.856469,0.853982,203,4,7
2026/02/03/10:20:07,24.519177,0.827562,0.846841,0.894406,0.884341,210,5,7
2026/02/03/10:20:08,25.519212,0.852500,0.876868,0.922406,0.930095,216,6,7
2026/02/03/10:20:09,26.519315,0.856500,0.876444,0.931438,0.939643,220,8,10
2026/02/03/10:20:10,27.519422,0.864938,0.885866,0.950937,0.970152,224,10,10
2026/02/03/10:20:11,28.519576,0.863094,0.883072,0.949094,0.967358,223,10,11
2026/02/03/10:20:12,29.519680,0.863094,0.883072,0.943187,0.954765,223,9,11
2026/02/03/10:20:13,30.519770,0.863094,0.883072,0.943187,0.954765,223,9,11
2026/02/03/10:20:14,31.519913,0.863406,0.891495,0.955406,0.997872,224,12,14
2026/02/03/10:20:15,32.519935,0.863406,0.891495,0.955406,0.997872,224,12,14
2026/02/03/10:20:16,33.520062,0.859656,0.885531,0.951656,0.991908,222,12,16
2026/02/03/10:20:17,34.520110,0.855531,0.880491,0.947531,0.986869,220,12,18
2026/02/03/10:20:18,35.520207,0.855531,0.880491,0.947531,0.986869,220,12,18
2026/02/03/10:20:19,36.520315,0.855531,0.880491,0.947531,0.986869,220,12,18
2026/02/03/10:20:20,37.520397,0.846656,0.873222,0.910656,0.913856,217,5,22
2026/02/03/10:20:21,38.520499,0.862688,0.881580,0.929406,0.925885,221,6,22
2026/02/03/10:20:22,39.520592,0.881437,0.903718,0.969625,0.949666,230,7,22
2026/02/03/10:20:23,40.520676,0.881437,0.903718,0.969625,0.949666,230,7,22
2026/02/03/10:20:24,41.520794,0.855062,0.889980,0.943250,0.935927,222,7,30
2026/02/03/10:20:25,42.520905,0.847187,0.877223,0.935375,0.923171,217,7,35
2026/02/03/10:20:26,43.520974,0.847187,0.877223,0.935375,0.923171,217,7,35
2026/02/03/10:20:27,44.521075,0.847187,0.877223,0.935375,0.923171,217,7,35
2026/02/03/10:20:28,45.521170,0.847187,0.877223,0.935375,0.923171,217,7,35
2026/02/03/10:20:29,46.521240,0.838000,0.871877,0.926188,0.917825,215,7,37
2026/02/03/10:20:30,47.521378,0.838000,0.871877,0.926188,0.917825,215,7,37
2026/02/03/10:20:31,48.521477,0.828063,0.858307,0.916250,0.904254,212,7,40
2026/02/03/10:20:32,49.521545,0.828063,0.858307,0.916250,0.904254,212,7,40
2026/02/03/10:20:33,50.521623,0.828063,0.858307,0.916250,0.904254,212,7,40
2026/02/03/10:20:34,51.521724,0.828063,0.858307,0.916250,0.904254,212,7,40
2026/02/03/10:20:35,52.521814,0.828063,0.858307,0.916250,0.904254,212,7,40
2026/02/03/10:20:36,53.521916,0.832531,0.863680,0.920719,0.909627,213,7,40
2026/02/03/10:20:37,54.522012,0.830250,0.862106,0.930875,0.909843,212,8,41
2026/02/03/10:20:38,55.522122,0.824812,0.854765,0.925438,0.902502,210,8,43
2026/02/03/10:20:39,56.522211,0.841594,0.862353,0.945906,0.931719,214,10,43
2026/02/03/10:20:40,57.522297,0.846750,0.868999,0.951063,0.938365,217,10,43
2026/02/03/10:20:41,58.522375,0.871094,0.890872,0.975406,0.960238,228,10,43
2026/02/03/10:20:42,59.522497,0.882062,0.907460,0.983563,0.997543,233,12,43
2026/02/03/10:20:43,60.522586,0.871375,0.907039,0.979781,1.016713,231,13,46
2026/02/03/10:20:44,61.522661,0.864062,0.903510,0.968781,0.991556,229,11,48
2026/02/03/10:20:45,62.522769,0.858625,0.900948,0.960875,0.983909,226,10,52
2026/02/03/10:20:46,63.522899,0.854375,0.896071,0.956625,0.979032,224,10,54
2026/02/03/10:20:47,64.523006,0.854375,0.896071,0.956625,0.979032,224,10,54
2026/02/03/10:20:48,65.523075,0.880875,0.918110,1.009562,1.049025,231,14,57
2026/02/03/10:20:49,66.523174,0.881281,0.920747,1.007562,1.046575,231,13,58
2026/02/03/10:20:50,67.523267,0.876781,0.914951,1.003062,1.040779,229,13,60
2026/02/03/10:20:51,68.523356,0.877094,0.900796,0.973437,1.008924,228,10,63
2026/02/03/10:20:52,69.523496,0.869594,0.892586,0.965938,1.000715,226,10,65
2026/02/03/10:20:53,70.523587,0.865531,0.884926,0.961875,0.993055,224,10,67
2026/02/03/10:20:54,71.523684,0.860437,0.882897,0.968812,0.992819,223,11,68
2026/02/03/10:20:55,72.523757,0.860437,0.882897,0.968812,0.992819,223,11,68
2026/02/03/10:20:56,73.523851,0.849562,0.866751,0.957937,0.976674,220,11,71
2026/02/03/10:20:57,74.523993,0.849562,0.866751,0.933750,0.971360,220,9,71
2026/02/03/10:20:58,75.524093,0.848000,0.864549,0.932187,0.969158,219,9,72
2026/02/03/10:20:59,76.524181,0.852563,0.868994,0.967562,0.981791,221,13,72
2026/02/03/10:21:00,77.524333,0.871156,0.890279,0.980969,1.002324,230,12,73
2026/02/03/10:21:01,78.524437,0.871812,0.882108,0.991281,0.995861,230,13,76
2026/02/03/10:21:02,79.524513,0.875219,0.889311,0.986000,0.999779,231,12,78
2026/02/03/10:21:03,80.524612,0.871125,0.882567,0.952937,0.987090,228,9,82
2026/02/03/10:21:04,81.524709,0.868062,0.880231,0.940219,0.983046,227,8,83
2026/02/03/10:21:05,82.524769,0.857156,0.863767,0.929312,0.966582,222,8,88
2026/02/03/10:21:06,83.524908,0.857156,0.863767,0.929312,0.966582,222,8,88
2026/02/03/10:21:07,84.524951,0.854406,0.862036,0.926562,0.964851,221,8,89
2026/02/03/10:21:08,85.525048,0.858219,0.863672,0.952594,1.010958,222,11,89
2026/02/03/10:21:09,86.525160,0.885312,0.896057,0.991531,1.058822,230,13,90
2026/02/03/10:21:10,87.525259,0.902531,0.909415,1.013313,1.087031,236,15,90
2026/02/03/10:21:11,88.525338,0.910281,0.921061,1.044625,1.121227,238,18,94
2026/02/03/10:21:12,89.525430,0.919625,0.926785,1.062406,1.130494,241,20,94
2026/02/03/10:21:13,90.525555,0.910062,0.887189,1.014188,1.038421,234,12,104
2026/02/03/10:21:14,91.525636,0.890875,0.866595,0.985250,1.013881,226,11,113
2026/02/03/10:21:15,92.525784,0.890875,0.866595,0.985250,1.013881,226,11,113
2026/02/03/10:21:16,93.525898,0.884188,0.853674,0.978563,1.000960,222,11,117
2026/02/03/10:21:17,94.525966,0.884188,0.853674,0.978563,1.000960,222,11,117
2026/02/03/10:21:18,95.526062,0.880750,0.851707,0.975125,0.998993,221,11,118
2026/02/03/10:21:19,96.526130,0.888031,0.870293,0.982406,1.017579,224,11,118
2026/02/03/10:21:20,97.526219,0.895062,0.879510,0.989437,1.026795,226,11,119
2026/02/03/10:21:21,98.526306,0.895062,0.879510,0.989437,1.026795,226,11,119
2026/02/03/10:21:22,99.526403,0.895062,0.879510,0.989437,1.026795,226,11,119
2026/02/03/10:21:23,100.526500,0.895062,0.879510,0.989437,1.026795,226,11,119
2026/02/03/10:21:24,101.526586,0.882000,0.867331,0.962313,0.977604,222,8,123
2026/02/03/10:21:25,102.526685,0.882000,0.867331,0.962313,0.977604,222,8,123
2026/02/03/10:21:26,103.526839,0.906844,0.892630,1.000531,1.012707,231,10,123
2026/02/03/10:21:27,104.526968,0.898000,0.898419,0.967156,0.966907,231,6,125
2026/02/03/10:21:28,105.527056,0.907125,0.902467,1.012938,0.984932,233,11,128
2026/02/03/10:21:29,106.527208,0.907281,0.903708,1.018656,0.989441,233,12,129
2026/02/03/10:21:30,107.527302,0.900406,0.900312,1.000719,0.983359,231,11,131
2026/02/03/10:21:31,108.527460,0.900406,0.900312,1.000719,0.983359,231,11,131
2026/02/03/10:21:32,109.527549,0.907219,0.899297,0.990344,0.973064,230,8,135
2026/02/03/10:21:33,110.527636,0.897219,0.893573,0.980344,0.967341,227,8,138
2026/02/03/10:21:34,111.527725,0.904594,0.897785,0.989781,0.972172,229,8,139
2026/02/03/10:21:35,112.527821,0.917750,0.909348,1.011000,0.996634,234,10,142
2026/02/03/10:21:36,113.527963,0.918750,0.908640,0.992531,0.991228,234,8,143
2026/02/03/10:21:37,114.528062,0.912594,0.910301,0.980750,0.985299,233,7,145
2026/02/03/10:21:38,115.528157,0.911219,0.908659,0.971063,0.976822,233,6,150
2026/02/03/10:21:39,116.528258,0.925969,0.929315,1.002500,1.026843,241,11,150
2026/02/03/10:21:40,117.528347,0.923844,0.931267,0.999000,1.029499,239,10,155
2026/02/03/10:21:41,118.528547,0.916156,0.905529,0.982781,0.995411,234,8,162
2026/02/03/10:21:42,119.528629,0.908375,0.909804,0.972156,0.991659,232,7,168
2026/02/03/10:21:43,120.528686,0.905531,0.901778,0.963625,0.967580,231,5,169
2026/02/03/10:21:44,121.528863,0.905531,0.901778,0.963625,0.967580,231,5,169
2026/02/03/10:21:45,122.528958,0.883188,0.885932,0.941281,0.951734,225,5,175
2026/02/03/10:21:46,123.529060,0.878406,0.883464,0.936500,0.949265,224,5,176
2026/02/03/10:21:47,124.529164,0.867188,0.872025,0.925281,0.937827,221,5,179
2026/02/03/10:21:48,125.529272,0.898156,0.910664,0.976437,0.993059,229,8,180
2026/02/03/10:21:49,126.529426,0.901531,0.913531,0.979812,0.995927,230,8,180
2026/02/03/10:21:50,127.529511,0.903781,0.916547,0.977812,0.992908,230,7,181
2026/02/03/10:21:51,128.529608,0.897000,0.911264,0.971031,0.987625,228,7,184
2026/02/03/10:21:52,129.529692,0.897000,0.911264,0.971031,0.987625,228,7,184
2026/02/03/10:21:53,130.529806,0.910312,0.908417,0.968406,0.974218,229,5,187
2026/02/03/10:21:54,131.529954,0.908719,0.906377,0.966812,0.972179,228,5,188
2026/02/03/10:21:55,132.530025,0.908719,0.906377,0.966812,0.972179,228,5,188
2026/02/03/10:21:56,133.530142,0.904594,0.903042,0.962688,0.968844,226,5,190
2026/02/03/10:21:57,134.530247,0.900062,0.899936,0.958156,0.965738,225,5,191
2026/02/03/10:21:58,135.530334,0.884969,0.879588,0.943063,0.945390,222,5,194
2026/02/03/10:21:59,136.530434,0.867031,0.860691,0.925125,0.926493,218,5,198
2026/02/03/10:22:00,137.530526,0.892906,0.895681,0.979781,0.967913,227,8,198
2026/02/03/10:22:01,138.530635,0.886813,0.885355,0.973688,0.957586,224,8,201
2026/02/03/10:22:02,139.530745,0.881375,0.869247,0.968250,0.941478,221,8,204
2026/02/03/10:22:03,140.530822,0.862500,0.852855,0.939781,0.922943,218,7,208
2026/02/03/10:22:04,141.530936,0.882000,0.860710,0.974375,0.936022,221,8,208
2026/02/03/10:22:05,142.531027,0.877750,0.854675,0.970125,0.929987,220,8,209
2026/02/03/10:22:06,143.531130,0.847375,0.843202,0.939750,0.918514,215,8,214
2026/02/03/10:22:07,144.531209,0.847375,0.843202,0.939750,0.918514,215,8,214
2026/02/03/10:22:08,145.531362,0.847375,0.843202,0.939750,0.918514,215,8,214
2026/02/03/10:22:09,146.531489,0.847375,0.843202,0.939750,0.918514,215,8,214
2026/02/03/10:22:10,147.531567,0.847375,0.843202,0.939750,0.918514,215,8,214
2026/02/03/10:22:11,148.531660,0.847375,0.843202,0.939750,0.918514,215,8,214
2026/02/03/10:22:12,149.531759,0.847375,0.843202,0.939750,0.918514,215,8,214
2026/02/03/10:22:13,150.531852,0.847375,0.843202,0.939750,0.918514,215,8,214
2026/02/03/10:22:14,151.531981,0.847375,0.843202,0.939750,0.918514,215,8,214
2026/02/03/10:22:15,152.532039,0.835250,0.837715,0.927625,0.913027,213,8,216
2026/02/03/10:22:16,153.532153,0.835250,0.837715,0.927625,0.913027,213,8,216
2026/02/03/10:22:17,154.532245,0.839969,0.846791,0.941781,0.940254,214,10,216
2026/02/03/10:22:18,155.532338,0.839969,0.846791,0.941781,0.940254,214,10,216
2026/02/03/10:22:19,156.532426,0.839969,0.846791,0.941781,0.940254,214,10,216
2026/02/03/10:22:20,157.532806,0.835094,0.853723,0.913000,0.933824,214,7,217
2026/02/03/10:22:21,158.532711,0.831031,0.849822,0.908937,0.929923,212,7,219
2026/02/03/10:22:22,159.532818,0.831031,0.849822,0.908937,0.929923,212,7,219
2026/02/03/10:22:23,160.532937,0.831031,0.849822,0.908937,0.929923,212,7,219
2026/02/03/10:22:24,161.533025,0.842281,0.870584,0.920188,0.950685,218,7,219
2026/02/03/10:22:25,162.533115,0.842281,0.870584,0.920188,0.950685,218,7,219
2026/02/03/10:22:26,163.533199,0.842281,0.870584,0.920188,0.950685,218,7,219
2026/02/03/10:22:27,164.533302,0.829625,0.865268,0.907531,0.945369,215,7,222
2026/02/03/10:22:28,165.533404,0.828719,0.864930,0.913656,0.958907,215,11,223
2026/02/03/10:22:29,166.534386,0.846781,0.893310,0.931406,1.021257,222,11,223
2026/02/03/10:22:30,167.534477,0.846844,0.896142,0.929719,1.017812,222,10,224
2026/02/03/10:22:31,168.534593,0.830469,0.878452,0.913344,1.000122,216,10,230
2026/02/03/10:22:32,169.534696,0.828656,0.876749,0.906563,0.956850,215,7,231
2026/02/03/10:22:33,170.534777,0.828656,0.876749,0.906563,0.956850,215,7,231
2026/02/03/10:22:34,171.534909,0.826906,0.870410,0.900094,0.941435,213,6,234
2026/02/03/10:22:35,172.535043,0.792594,0.850375,0.865781,0.921401,210,6,237
2026/02/03/10:22:36,173.535139,0.816781,0.868340,0.865781,0.921401,212,4,237
2026/02/03/10:22:37,174.535233,0.816781,0.868340,0.865781,0.921401,212,4,237
2026/02/03/10:22:38,175.535331,0.802625,0.841113,0.851625,0.894173,209,4,240
2026/02/03/10:22:39,176.535431,0.802625,0.841113,0.851625,0.894173,209,4,240
2026/02/03/10:22:40,177.535547,0.802625,0.841113,0.851625,0.894173,209,4,240
2026/02/03/10:22:41,178.535628,0.802625,0.841113,0.851625,0.894173,209,4,240
2026/02/03/10:22:42,179.535763,0.797375,0.822282,0.846375,0.875343,206,4,243
2026/02/03/10:22:43,180.535913,0.816063,0.843344,0.865062,0.896404,212,4,243
2026/02/03/10:22:44,181.535926,0.836344,0.858251,0.885344,0.911312,218,4,243
2026/02/03/10:22:45,182.535996,0.826844,0.852959,0.875844,0.906019,216,4,245
2026/02/03/10:22:46,183.536108,0.821969,0.843695,0.870969,0.896756,214,4,247
2026/02/03/10:22:47,184.536206,0.821969,0.843695,0.870969,0.896756,214,4,247
2026/02/03/10:22:48,185.536314,0.817531,0.839851,0.866531,0.892911,212,4,249
2026/02/03/10:22:49,186.536656,0.830344,0.843371,0.894125,0.913129,214,9,249
2026/02/03/10:22:50,187.536719,0.856125,0.876959,0.905125,0.930019,224,4,249
2026/02/03/10:22:51,188.536812,0.862938,0.879459,0.911937,0.932519,226,4,250
2026/02/03/10:22:52,189.536935,0.852656,0.870641,0.901656,0.923702,222,4,254
2026/02/03/10:22:53,190.537020,0.851031,0.866529,0.900031,0.919589,221,4,255
2026/02/03/10:22:54,191.537105,0.851031,0.866529,0.900031,0.919589,221,4,255
2026/02/03/10:22:55,192.537214,0.842406,0.854796,0.891406,0.907856,218,4,258
2026/02/03/10:22:56,193.537303,0.830469,0.842978,0.879469,0.896038,213,4,263
2026/02/03/10:22:57,194.537398,0.830469,0.842978,0.879469,0.896038,213,4,263
2026/02/03/10:22:58,195.537494,0.830469,0.842978,0.879469,0.896038,213,4,263
2026/02/03/10:22:59,196.537649,0.830469,0.842978,0.879469,0.896038,213,4,263
2026/02/03/10:23:00,197.537744,0.815375,0.837754,0.864375,0.890815,212,4,264
2026/02/03/10:23:01,198.537842,0.863000,0.869496,0.912000,0.922557,222,4,264
2026/02/03/10:23:02,199.537941,0.877938,0.879316,0.931312,0.953202,226,6,264
2026/02/03/10:23:03,200.538044,0.886094,0.896517,0.947531,0.979502,229,8,267
2026/02/03/10:23:04,201.538136,0.880812,0.892447,0.936031,0.972055,228,7,269
2026/02/03/10:23:05,202.538232,0.870844,0.889507,0.924219,0.963392,225,6,273
2026/02/03/10:23:06,203.538337,0.855062,0.880876,0.904062,0.933936,222,4,276
2026/02/03/10:23:07,204.538426,0.885813,0.895877,0.973562,0.995976,228,10,276
2026/02/03/10:23:08,205.538572,0.880437,0.882253,0.968187,0.982352,226,10,278
2026/02/03/10:23:09,206.538700,0.874687,0.875188,0.956750,0.950002,224,8,280
2026/02/03/10:23:10,207.538778,0.869094,0.868154,0.951156,0.942969,221,8,283
2026/02/03/10:23:11,208.538903,0.871500,0.869735,0.953562,0.944549,222,8,283
2026/02/03/10:23:12,209.538982,0.871500,0.869735,0.953562,0.944549,222,8,283
2026/02/03/10:23:13,210.539080,0.851906,0.864069,0.920031,0.920689,219,6,286
2026/02/03/10:23:14,211.539194,0.867031,0.872443,0.937375,0.944255,221,7,287
2026/02/03/10:23:15,212.539280,0.862062,0.867671,0.932406,0.939483,219,7,289
2026/02/03/10:23:16,213.539385,0.862062,0.867671,0.932406,0.939483,219,7,289
2026/02/03/10:23:17,214.539472,0.830438,0.847350,0.881656,0.915602,211,5,299
2026/02/03/10:23:18,215.539552,0.823562,0.849801,0.854375,0.877378,211,2,300
2026/02/03/10:23:19,216.539678,0.823562,0.849801,0.854375,0.877378,211,2,300
2026/02/03/10:23:20,217.539771,0.823562,0.849801,0.854375,0.877378,211,2,300
2026/02/03/10:23:21,218.539952,0.832406,0.859825,0.891250,0.907580,215,5,300
2026/02/03/10:23:22,219.540028,0.832406,0.859825,0.891250,0.907580,215,5,300
2026/02/03/10:23:23,220.540132,0.836719,0.866916,0.908219,0.923195,217,6,300
2026/02/03/10:23:24,221.540198,0.832562,0.862180,0.876031,0.898281,215,3,303
2026/02/03/10:23:25,222.540282,0.832562,0.862180,0.876031,0.898281,215,3,303
2026/02/03/10:23:26,223.540380,0.830344,0.860328,0.861156,0.887906,214,2,304
2026/02/03/10:23:27,224.540493,0.826031,0.853237,0.856844,0.880815,212,2,306
2026/02/03/10:23:28,225.540580,0.806906,0.849678,0.837719,0.877255,210,2,308
2026/02/03/10:23:29,226.540742,0.806906,0.849678,0.837719,0.877255,210,2,308
2026/02/03/10:23:30,227.540854,0.806906,0.849678,0.837719,0.877255,210,2,308
2026/02/03/10:23:31,228.540947,0.806906,0.849678,0.837719,0.877255,210,2,308
2026/02/03/10:23:32,229.541024,0.806906,0.849678,0.837719,0.877255,210,2,308
2026/02/03/10:23:33,230.541147,0.806906,0.849678,0.837719,0.877255,210,2,308
2026/02/03/10:23:34,231.541239,0.806906,0.849678,0.837719,0.877255,210,2,308
2026/02/03/10:23:35,232.541336,0.806906,0.849678,0.837719,0.877255,210,2,308
2026/02/03/10:23:36,233.542181,0.806906,0.849678,0.837719,0.877255,210,2,308
2026/02/03/10:23:37,234.542249,0.822219,0.855225,0.853031,0.882803,213,2,308
2026/02/03/10:23:38,235.542361,0.822219,0.855225,0.853031,0.882803,213,2,308
2026/02/03/10:23:39,236.542475,0.820219,0.853241,0.851031,0.880819,212,2,309
2026/02/03/10:23:40,237.542543,0.820219,0.853241,0.851031,0.880819,212,2,309
2026/02/03/10:23:41,238.542784,0.820219,0.853241,0.851031,0.880819,212,2,309
2026/02/03/10:23:42,239.542807,0.820219,0.853241,0.851031,0.880819,212,2,309
2026/02/03/10:23:43,240.542910,0.820219,0.853241,0.851031,0.880819,212,2,309
2026/02/03/10:23:44,241.542961,0.836875,0.875213,0.867687,0.902791,219,2,309
2026/02/03/10:23:45,242.543116,0.826812,0.869376,0.857625,0.896954,217,2,311
2026/02/03/10:23:46,243.543208,0.823625,0.857005,0.854437,0.884583,215,2,313
2026/02/03/10:23:47,244.543290,0.821656,0.855210,0.852469,0.882787,214,2,314
2026/02/03/10:23:48,245.543388,0.816781,0.850865,0.847594,0.878442,212,2,316
2026/02/03/10:23:49,246.543479,0.816781,0.850865,0.847594,0.878442,212,2,316
2026/02/03/10:23:50,247.543574,0.816781,0.850865,0.847594,0.878442,212,2,316
2026/02/03/10:23:51,248.543679,0.816781,0.850865,0.847594,0.878442,212,2,316
2026/02/03/10:23:52,249.543784,0.814562,0.835673,0.845375,0.863251,211,2,317
2026/02/03/10:23:53,250.543900,0.832844,0.870835,0.867000,0.912271,219,4,317
2026/02/03/10:23:54,251.543971,0.859344,0.898564,0.891750,0.936540,226,3,319
2026/02/03/10:23:55,252.544062,0.852750,0.885114,0.885156,0.923090,223,3,322
2026/02/03/10:23:56,253.544133,0.841031,0.867925,0.873437,0.905902,217,3,328
2026/02/03/10:23:57,254.544245,0.836688,0.863445,0.869094,0.901422,216,3,329
2026/02/03/10:23:58,255.544350,0.836688,0.863445,0.869094,0.901422,216,3,329
2026/02/03/10:23:59,256.544431,0.836688,0.863445,0.869094,0.901422,216,3,329
2026/02/03/10:24:00,257.544543,0.836688,0.863445,0.869094,0.901422,216,3,329
2026/02/03/10:24:01,258.544667,0.854406,0.892121,0.891000,0.960057,224,5,329
2026/02/03/10:24:02,259.544816,0.852563,0.886398,0.889156,0.954334,223,5,330
2026/02/03/10:24:03,260.544935,0.849344,0.873923,0.884344,0.931460,221,4,332
2026/02/03/10:24:04,261.544993,0.844594,0.869691,0.875406,0.897269,219,2,334
2026/02/03/10:24:05,262.545097,0.822844,0.859462,0.853656,0.887040,215,2,338
2026/02/03/10:24:06,263.545194,0.821125,0.852607,0.851938,0.880184,214,2,339
2026/02/03/10:24:07,264.545287,0.815937,0.844208,0.846750,0.871786,212,2,341
2026/02/03/10:24:08,265.545392,0.815937,0.844208,0.846750,0.871786,212,2,341
2026/02/03/10:24:09,266.545474,0.811500,0.837094,0.842313,0.864672,210,2,343
2026/02/03/10:24:10,267.545592,0.811500,0.837094,0.842313,0.864672,210,2,343
2026/02/03/10:24:11,268.545672,0.811500,0.837094,0.842313,0.864672,210,2,343
2026/02/03/10:24:12,269.545773,0.811500,0.837094,0.842313,0.864672,210,2,343
2026/02/03/10:24:13,270.545854,0.832906,0.877428,0.863719,0.905005,218,2,343
2026/02/03/10:24:14,271.545951,0.832906,0.877428,0.863719,0.905005,218,2,343
2026/02/03/10:24:15,272.546041,0.832906,0.877428,0.863719,0.905005,218,2,343
2026/02/03/10:24:16,273.546177,0.836500,0.868716,0.867313,0.896293,220,2,346
2026/02/03/10:24:17,274.546282,0.836500,0.868716,0.867313,0.896293,220,2,346
2026/02/03/10:24:18,275.546354,0.829281,0.861531,0.860094,0.889109,217,2,349
2026/02/03/10:24:19,276.546461,0.824031,0.852876,0.854844,0.880454,214,2,352
2026/02/03/10:24:20,277.546613,0.824031,0.852876,0.854844,0.880454,214,2,352
2026/02/03/10:24:21,278.546717,0.821812,0.847704,0.852625,0.875282,213,2,353
2026/02/03/10:24:22,279.546913,0.805438,0.829362,0.836250,0.856940,209,2,357
2026/02/03/10:24:23,280.547066,0.805438,0.829362,0.836250,0.856940,209,2,357
2026/02/03/10:24:24,281.547147,0.830969,0.844428,0.861781,0.872005,215,2,357
2026/02/03/10:24:25,282.547234,0.830969,0.844428,0.861781,0.872005,215,2,357
2026/02/03/10:24:26,283.547387,0.811750,0.848199,0.862187,0.889508,212,4,361
2026/02/03/10:24:27,284.547530,0.819438,0.862308,0.898375,0.908145,215,6,361
2026/02/03/10:24:28,285.547606,0.819438,0.862308,0.898375,0.908145,215,6,361
2026/02/03/10:24:29,286.547724,0.814813,0.853430,0.893750,0.899267,213,6,363
2026/02/03/10:24:30,287.547771,0.809875,0.844972,0.888813,0.890810,211,6,365
2026/02/03/10:24:31,288.547875,0.809875,0.844972,0.888813,0.890810,211,6,365
2026/02/03/10:24:32,289.547951,0.803125,0.835589,0.882062,0.881426,208,6,368
2026/02/03/10:24:33,290.548102,0.803125,0.835589,0.882062,0.881426,208,6,368
2026/02/03/10:24:34,291.548204,0.801219,0.830516,0.860531,0.862621,207,4,369
2026/02/03/10:24:35,292.548306,0.801219,0.830516,0.860531,0.862621,207,4,369
2026/02/03/10:24:36,293.548395,0.801219,0.830516,0.860531,0.862621,207,4,369
2026/02/03/10:24:37,294.548496,0.801219,0.830516,0.860531,0.862621,207,4,369
2026/02/03/10:24:38,295.548627,0.798500,0.819662,0.857812,0.851767,206,4,370
2026/02/03/10:24:39,296.548708,0.845719,0.857576,0.911281,0.897768,215,5,370
2026/02/03/10:24:40,297.548795,0.851125,0.871741,0.910438,0.903847,217,4,372
2026/02/03/10:24:41,298.548924,0.872188,0.893254,0.956625,0.991767,223,11,373
2026/02/03/10:24:42,299.548948,0.886312,0.913905,0.958000,1.006961,231,9,378
2026/02/03/10:24:43,300.549037,0.870125,0.887817,0.935813,0.950930,223,7,386
2026/02/03/10:24:44,301.549124,0.815594,0.858290,0.877031,0.900732,213,5,398
2026/02/03/10:24:45,302.549254,0.815594,0.858290,0.877031,0.900732,213,5,398
2026/02/03/10:24:46,303.549340,0.801063,0.841580,0.862500,0.884022,208,5,403
2026/02/03/10:24:47,304.549459,0.801063,0.841580,0.834000,0.879493,208,3,403
2026/02/03/10:24:48,305.549552,0.801063,0.841580,0.834000,0.879493,208,3,403
2026/02/03/10:24:49,306.549644,0.796813,0.820908,0.827625,0.848486,206,2,405
2026/02/03/10:24:50,307.549717,0.796813,0.820908,0.827625,0.848486,206,2,405
2026/02/03/10:24:51,308.549818,0.796813,0.820908,0.827625,0.848486,206,2,405
2026/02/03/10:24:52,309.549952,0.796813,0.820908,0.827625,0.848486,206,2,405
2026/02/03/10:24:53,310.550105,0.796813,0.820908,0.827625,0.848486,206,2,405
2026/02/03/10:24:54,311.550203,0.823969,0.852014,0.854781,0.879591,212,2,405
2026/02/03/10:24:55,312.550292,0.823969,0.852014,0.854781,0.879591,212,2,405
2026/02/03/10:24:56,313.550401,0.812250,0.845546,0.843063,0.873124,209,2,408
2026/02/03/10:24:57,314.550505,0.831500,0.863309,0.862313,0.890887,215,2,409
2026/02/03/10:24:58,315.550591,0.839875,0.868163,0.870687,0.895741,218,2,409
2026/02/03/10:24:59,316.550685,0.855906,0.880696,0.917344,0.929344,223,6,409
2026/02/03/10:25:00,317.550804,0.851094,0.877073,0.912531,0.925720,221,6,411
2026/02/03/10:25:01,318.550897,0.838656,0.867953,0.871500,0.909983,217,3,415
2026/02/03/10:25:02,319.550992,0.829812,0.851081,0.862656,0.893111,217,3,419
2026/02/03/10:25:03,320.551087,0.844063,0.861578,0.876906,0.903608,222,3,419
2026/02/03/10:25:04,321.551312,0.845594,0.860813,0.890250,0.904444,221,4,421
2026/02/03/10:25:05,322.551332,0.837063,0.849002,0.881719,0.892633,218,4,424
2026/02/03/10:25:06,323.551419,0.848313,0.854533,0.881156,0.896563,222,3,427
2026/02/03/10:25:07,324.551523,0.857031,0.870266,0.889875,0.912297,226,3,427
2026/02/03/10:25:08,325.551674,0.845719,0.862039,0.878563,0.904069,222,3,431
2026/02/03/10:25:09,326.551801,0.837656,0.855389,0.870500,0.897419,219,3,434
2026/02/03/10:25:10,327.551963,0.831906,0.851165,0.864750,0.893196,217,3,436
2026/02/03/10:25:11,328.552029,0.823937,0.839666,0.856781,0.881696,214,3,439
2026/02/03/10:25:12,329.552146,0.815094,0.846524,0.872687,0.892601,214,5,441
2026/02/03/10:25:13,330.552245,0.815094,0.846524,0.872687,0.892601,214,5,441
2026/02/03/10:25:14,331.552337,0.813406,0.842474,0.871000,0.888552,213,5,442
2026/02/03/10:25:15,332.552435,0.813406,0.842474,0.871000,0.888552,213,5,442
2026/02/03/10:25:16,333.552516,0.813406,0.842474,0.871000,0.888552,213,5,442
2026/02/03/10:25:17,334.552617,0.803031,0.831617,0.860625,0.877694,210,5,445
2026/02/03/10:25:18,335.552764,0.798844,0.821225,0.856437,0.867303,208,5,447
2026/02/03/10:25:19,336.552889,0.798844,0.821225,0.856437,0.867303,208,5,447
2026/02/03/10:25:20,337.553038,0.798844,0.821225,0.856437,0.867303,208,5,447
2026/02/03/10:25:21,338.553137,0.822656,0.873060,0.880250,0.919138,219,5,447
2026/02/03/10:25:22,339.553237,0.822656,0.873060,0.880250,0.919138,219,5,447
2026/02/03/10:25:23,340.553342,0.817469,0.861167,0.875062,0.907245,217,5,449
2026/02/03/10:25:24,341.553433,0.818438,0.859545,0.876031,0.905622,216,5,451
2026/02/03/10:25:25,342.553534,0.821688,0.852263,0.866906,0.896316,213,4,455
2026/02/03/10:25:26,343.553625,0.843625,0.869177,0.900906,0.916546,219,6,455
2026/02/03/10:25:27,344.553719,0.884219,0.882559,0.917063,0.924589,226,3,458
2026/02/03/10:25:28,345.553862,0.890594,0.890131,0.923438,0.932161,229,3,458
2026/02/03/10:25:29,346.553957,0.873156,0.875431,0.906000,0.917461,223,3,464
2026/02/03/10:25:30,347.554062,0.873156,0.875431,0.906000,0.917461,223,3,464
2026/02/03/10:25:31,348.554209,0.871938,0.874648,0.933094,0.985476,224,9,466
2026/02/03/10:25:32,349.554363,0.871938,0.874648,0.933094,0.985476,224,9,466
2026/02/03/10:25:33,350.554458,0.858156,0.860221,0.907906,0.968321,218,8,472
2026/02/03/10:25:34,351.554553,0.858563,0.869163,0.906219,0.965411,218,7,473
2026/02/03/10:25:35,352.554622,0.877656,0.896390,0.927875,1.002260,225,8,473
2026/02/03/10:25:36,353.554732,0.868437,0.900335,0.916094,0.996583,225,7,474
2026/02/03/10:25:37,354.554824,0.840313,0.891505,0.887969,0.987753,221,7,478
2026/02/03/10:25:38,355.554916,0.835063,0.886795,0.882719,0.983044,219,7,480
2026/02/03/10:25:39,356.555021,0.808562,0.878173,0.856219,0.974421,215,7,484
2026/02/03/10:25:40,357.555109,0.793562,0.874737,0.841219,0.970985,213,7,486
2026/02/03/10:25:41,358.555207,0.793562,0.874737,0.841219,0.970985,213,7,486
2026/02/03/10:25:42,359.555274,0.791562,0.872198,0.839219,0.968447,212,7,487
2026/02/03/10:25:43,360.555387,0.789000,0.868722,0.836656,0.964970,211,7,488
2026/02/03/10:25:44,361.555542,0.789000,0.868722,0.836656,0.964970,211,7,488
2026/02/03/10:25:45,362.555690,0.789000,0.868722,0.834625,0.950518,211,6,488
2026/02/03/10:25:46,363.555793,0.820344,0.896979,0.865969,0.978775,218,6,488
2026/02/03/10:25:47,364.555911,0.820344,0.896979,0.865969,0.978775,218,6,488
2026/02/03/10:25:48,365.555946,0.792250,0.884331,0.837875,0.966126,213,6,493
2026/02/03/10:25:49,366.556021,0.782906,0.872970,0.828531,0.954765,211,6,495
2026/02/03/10:25:50,367.556109,0.804000,0.887518,0.860938,0.999100,215,12,496
2026/02/03/10:25:51,368.556211,0.809219,0.894013,0.860938,0.999100,218,9,496
2026/02/03/10:25:52,369.556283,0.809219,0.894013,0.854844,0.975809,218,6,496
2026/02/03/10:25:53,370.556356,0.823906,0.910781,0.910156,1.078245,223,15,498
2026/02/03/10:25:54,371.556473,0.828656,0.914477,0.917063,1.091677,225,16,498
2026/02/03/10:25:55,372.556562,0.802625,0.886603,0.891031,1.063803,218,16,505
2026/02/03/10:25:56,373.556655,0.802625,0.886603,0.891031,1.063803,218,16,505
2026/02/03/10:25:57,374.556799,0.802625,0.886603,0.880594,1.043383,218,14,505
2026/02/03/10:25:58,375.556923,0.800906,0.883596,0.878875,1.040377,217,14,506
2026/02/03/10:25:59,376.557084,0.800906,0.883596,0.876719,1.031142,217,13,506
2026/02/03/10:26:00,377.557190,0.823750,0.894686,0.899563,1.042231,221,13,508
2026/02/03/10:26:01,378.557303,0.832469,0.899688,0.906125,1.037497,223,12,508
2026/02/03/10:26:02,379.557378,0.844531,0.904711,0.918188,1.042520,224,12,510
2026/02/03/10:26:03,380.557479,0.844531,0.904711,0.918188,1.042520,224,12,510
2026/02/03/10:26:04,381.557556,0.840500,0.902882,0.914156,1.040691,223,12,511
2026/02/03/10:26:05,382.557653,0.821187,0.893774,0.894844,1.031583,220,12,514
2026/02/03/10:26:06,383.557827,0.821187,0.893774,0.894844,1.031583,220,12,514
2026/02/03/10:26:07,384.557949,0.821187,0.893774,0.894844,1.031583,220,12,514
2026/02/03/10:26:08,385.558059,0.821187,0.893774,0.894844,1.031583,220,12,514
2026/02/03/10:26:09,386.558207,0.821187,0.893774,0.894844,1.031583,220,12,514
2026/02/03/10:26:10,387.558352,0.837375,0.916728,0.913094,1.060726,229,13,514
2026/02/03/10:26:11,388.558436,0.837375,0.916728,0.913094,1.060726,229,13,514
2026/02/03/10:26:12,389.558539,0.837375,0.916728,0.951625,1.097223,229,18,514
2026/02/03/10:26:13,390.558619,0.837375,0.916728,0.951625,1.097223,229,18,514
2026/02/03/10:26:14,391.558738,0.834187,0.911365,0.948438,1.091860,227,18,516
2026/02/03/10:26:15,392.558823,0.829500,0.908191,0.943750,1.088686,226,18,517
2026/02/03/10:26:16,393.558972,0.828250,0.908262,0.940438,1.082568,225,17,519
2026/02/03/10:26:17,394.559052,0.819187,0.901954,0.931375,1.076260,223,17,521
2026/02/03/10:26:18,395.559144,0.819187,0.901954,0.931375,1.076260,223,17,521
2026/02/03/10:26:19,396.559255,0.819187,0.901954,0.931375,1.076260,223,17,521
2026/02/03/10:26:20,397.559359,0.819187,0.901954,0.931375,1.076260,223,17,521
2026/02/03/10:26:21,398.559585,0.819187,0.901954,0.931375,1.076260,223,17,521
2026/02/03/10:26:22,399.559575,0.819750,0.895451,0.917531,1.067142,221,16,524
2026/02/03/10:26:23,400.559692,0.819750,0.895451,0.919469,1.076564,221,17,524
2026/02/03/10:26:24,401.559789,0.819750,0.895451,0.919469,1.076564,221,17,524
2026/02/03/10:26:25,402.559885,0.849812,0.911713,0.937312,1.085274,226,18,528
2026/02/03/10:26:26,403.559944,0.875469,0.931176,0.955125,1.086956,233,14,531
2026/02/03/10:26:27,404.560039,0.895094,0.940955,0.976719,1.102672,236,15,533
2026/02/03/10:26:28,405.560133,0.876188,0.922991,0.955844,1.078771,229,14,541
2026/02/03/10:26:29,406.560230,0.872469,0.915084,0.952125,1.070865,227,14,543
2026/02/03/10:26:30,407.560326,0.858688,0.909809,0.938344,1.065589,224,14,546
2026/02/03/10:26:31,408.560421,0.856844,0.902515,0.934656,1.051003,223,13,547
2026/02/03/10:26:32,409.560518,0.875719,0.924279,0.978844,1.121445,231,18,548
2026/02/03/10:26:33,410.560611,0.887844,0.933279,1.004969,1.136416,234,20,549
2026/02/03/10:26:34,411.560668,0.890750,0.930126,1.000875,1.130278,234,19,550
2026/02/03/10:26:35,412.560765,0.857812,0.900420,0.942281,1.081992,224,16,560
2026/02/03/10:26:36,413.560848,0.882344,0.911990,0.978969,1.097631,229,17,560
2026/02/03/10:26:37,414.560940,0.870594,0.910302,0.967219,1.095943,228,17,562
2026/02/03/10:26:38,415.561033,0.843437,0.897164,0.927906,1.078736,221,16,569
2026/02/03/10:26:39,416.561162,0.843437,0.897164,0.927906,1.078736,221,16,569
2026/02/03/10:26:40,417.561244,0.843437,0.897164,0.919844,1.045926,221,13,569
2026/02/03/10:26:41,418.561335,0.867437,0.915559,0.943844,1.064320,227,13,569
2026/02/03/10:26:42,419.561432,0.861812,0.913419,0.931562,1.029096,226,10,570
2026/02/03/10:26:43,420.561508,0.842344,0.893115,0.912094,1.008792,220,10,576
2026/02/03/10:26:44,421.561624,0.847125,0.894902,0.916875,1.010579,221,10,576
2026/02/03/10:26:45,422.561721,0.847125,0.894902,0.916875,1.010579,221,10,576
2026/02/03/10:26:46,423.561817,0.847125,0.894902,0.916875,1.010579,221,10,576
2026/02/03/10:26:47,424.561935,0.847125,0.894902,0.916875,1.010579,221,10,576
2026/02/03/10:26:48,425.562039,0.844969,0.906162,0.914719,1.021839,223,10,577
2026/02/03/10:26:49,426.562109,0.830156,0.902139,0.899906,1.017817,221,10,579
2026/02/03/10:26:50,427.562217,0.830156,0.902139,0.899906,1.017817,221,10,579
2026/02/03/10:26:51,428.562309,0.827156,0.884248,0.893156,0.990930,218,9,583
2026/02/03/10:26:52,429.562462,0.811000,0.879640,0.862594,0.983707,216,8,585
2026/02/03/10:26:53,430.562547,0.811000,0.879640,0.862594,0.983707,216,8,585
2026/02/03/10:26:54,431.562704,0.834625,0.894271,0.886219,0.998338,220,8,585
2026/02/03/10:26:55,432.562793,0.834625,0.894271,0.886219,0.998338,220,8,585
2026/02/03/10:26:56,433.562885,0.827906,0.889564,0.879500,0.993631,219,8,586
2026/02/03/10:26:57,434.563063,0.827906,0.889564,0.879500,0.993631,219,8,586
2026/02/03/10:26:58,435.563114,0.815469,0.884914,0.867062,0.988981,217,8,588
2026/02/03/10:26:59,436.563254,0.815469,0.884914,0.867062,0.988981,217,8,588
2026/02/03/10:27:00,437.563356,0.813750,0.881825,0.865344,0.985892,216,8,589
2026/02/03/10:27:01,438.563507,0.813750,0.881825,0.865344,0.985892,216,8,589
2026/02/03/10:27:02,439.563599,0.813750,0.881825,0.865344,0.985892,216,8,589
2026/02/03/10:27:03,440.563763,0.813750,0.881825,0.865344,0.985892,216,8,589
2026/02/03/10:27:04,441.563922,0.809281,0.876550,0.860875,0.980617,215,8,590
2026/02/03/10:27:05,442.564039,0.810000,0.878153,0.855750,0.961373,215,6,592
2026/02/03/10:27:06,443.564128,0.813375,0.882718,0.859125,0.965938,217,6,592
2026/02/03/10:27:07,444.564270,0.802844,0.880997,0.848594,0.964217,216,6,593
2026/02/03/10:27:08,445.564354,0.812031,0.888245,0.857781,0.971465,217,6,593
2026/02/03/10:27:09,446.564466,0.815156,0.891637,0.860906,0.974857,218,6,593
2026/02/03/10:27:10,447.564530,0.816281,0.883190,0.854625,0.939301,217,4,595
2026/02/03/10:27:11,448.564630,0.850875,0.899327,0.896531,0.999343,224,7,595
2026/02/03/10:27:12,449.564735,0.847750,0.895935,0.893406,0.995951,223,7,596
2026/02/03/10:27:13,450.564822,0.847750,0.895935,0.886094,0.952046,223,4,596
2026/02/03/10:27:14,451.564937,0.847750,0.895935,0.886094,0.952046,223,4,596
2026/02/03/10:27:15,452.565089,0.847750,0.895935,0.886094,0.952046,223,4,596
2026/02/03/10:27:16,453.565192,0.839594,0.889583,0.877938,0.945694,220,4,599
2026/02/03/10:27:17,454.565291,0.839594,0.889583,0.877938,0.945694,220,4,599
2026/02/03/10:27:18,455.565392,0.839594,0.889583,0.877938,0.945694,220,4,599
2026/02/03/10:27:19,456.565513,0.839594,0.889583,0.877938,0.945694,220,4,599
2026/02/03/10:27:20,457.565608,0.834438,0.883776,0.872781,0.939887,217,4,602
2026/02/03/10:27:21,458.565704,0.806688,0.877060,0.845031,0.933171,214,4,605
2026/02/03/10:27:22,459.565811,0.806688,0.877060,0.845031,0.933171,214,4,605
2026/02/03/10:27:23,460.565928,0.837625,0.905120,0.875969,0.961231,225,4,605
2026/02/03/10:27:24,461.565978,0.841688,0.907651,0.880031,0.963762,227,4,606
2026/02/03/10:27:25,462.566075,0.841688,0.907651,0.880031,0.963762,227,4,606
2026/02/03/10:27:26,463.566158,0.839750,0.905798,0.878094,0.961909,226,4,607
2026/02/03/10:27:27,464.566255,0.830562,0.898550,0.868906,0.954661,225,4,608
2026/02/03/10:27:28,465.566351,0.821688,0.888977,0.860031,0.945088,224,4,613
2026/02/03/10:27:29,466.567062,0.840000,0.909569,0.917312,1.037856,228,14,613
2026/02/03/10:27:30,467.567216,0.833812,0.904823,0.914094,1.043806,225,15,616
2026/02/03/10:27:31,468.567286,0.863250,0.925708,0.950906,1.076458,232,18,616
2026/02/03/10:27:32,469.567448,0.866313,0.940056,0.932469,1.046986,236,13,619
2026/02/03/10:27:33,470.567577,0.871344,0.940981,0.972625,1.058338,237,15,624
2026/02/03/10:27:34,471.567719,0.858469,0.927844,0.957750,1.040979,233,14,629
2026/02/03/10:27:35,472.567800,0.853969,0.922003,0.947344,1.013899,231,11,631
2026/02/03/10:27:36,473.567932,0.851344,0.920320,0.918594,1.009072,230,9,632
2026/02/03/10:27:37,474.568002,0.851344,0.920320,0.918594,1.009072,230,9,632
2026/02/03/10:27:38,475.568083,0.849406,0.918697,0.916656,1.007449,229,9,633
2026/02/03/10:27:39,476.568168,0.855187,0.918366,0.907094,0.987001,227,6,637
2026/02/03/10:27:40,477.568277,0.855187,0.918366,0.907094,0.987001,227,6,637
2026/02/03/10:27:41,478.568370,0.837625,0.912880,0.889531,0.981516,225,6,639
2026/02/03/10:27:42,479.568443,0.862469,0.919355,0.914375,0.987990,228,6,639
2026/02/03/10:27:43,480.568532,0.899250,0.932093,1.016844,1.025519,236,11,641
2026/02/03/10:27:44,481.568594,0.910031,0.938191,1.049344,1.042206,240,14,643
2026/02/03/10:27:45,482.568694,0.912031,0.939081,1.034437,1.030295,242,11,644
2026/02/03/10:27:46,483.568790,0.893344,0.931159,1.015750,1.022373,239,11,647
2026/02/03/10:27:47,484.568931,0.888125,0.923855,1.010531,1.015070,236,11,650
2026/02/03/10:27:48,485.569034,0.886656,0.922853,1.009062,1.014067,235,11,652
2026/02/03/10:27:49,486.569134,0.886656,0.922853,1.009062,1.014067,235,11,652
2026/02/03/10:27:50,487.569278,0.883969,0.920888,1.006375,1.012103,234,11,653
2026/02/03/10:27:51,488.569352,0.876594,0.924393,1.036531,1.054515,236,16,659
2026/02/03/10:27:52,489.569461,0.876594,0.924393,1.036531,1.054515,236,16,659
2026/02/03/10:27:53,490.569547,0.876594,0.924393,0.994437,1.045497,236,13,659
2026/02/03/10:27:54,491.569641,0.871531,0.919176,0.979500,1.026942,233,11,662
2026/02/03/10:27:55,492.569717,0.865625,0.911991,0.973594,1.019758,230,11,665
2026/02/03/10:27:56,493.569829,0.899312,0.925407,1.071844,1.051562,235,18,666
2026/02/03/10:27:57,494.569984,0.916250,0.943709,1.105500,1.069350,241,19,666
2026/02/03/10:27:58,495.570065,0.912375,0.941532,1.101625,1.067173,240,19,667
2026/02/03/10:27:59,496.570180,0.914969,0.947153,1.050406,1.052667,243,14,669
2026/02/03/10:28:00,497.570263,0.909250,0.938470,1.017031,1.018415,240,11,672
2026/02/03/10:28:01,498.570393,0.900906,0.917195,0.998563,0.995406,234,10,679
2026/02/03/10:28:02,499.570483,0.893219,0.911556,0.990875,0.989768,232,10,681
2026/02/03/10:28:03,500.570559,0.906281,0.924129,1.003937,1.002340,236,10,682
2026/02/03/10:28:04,501.570658,0.906281,0.924129,1.003937,1.002340,236,10,682
2026/02/03/10:28:05,502.570749,0.892500,0.916509,0.990156,0.994720,232,10,686
2026/02/03/10:28:06,503.570855,0.889563,0.913041,0.987219,0.991252,231,10,687
2026/02/03/10:28:07,504.570951,0.870062,0.900201,0.947469,0.974945,227,8,691
2026/02/03/10:28:08,505.571056,0.870062,0.900201,0.947469,0.974945,227,8,691
2026/02/03/10:28:09,506.571148,0.870062,0.900201,0.947469,0.974945,227,8,691
2026/02/03/10:28:10,507.571234,0.870062,0.900201,0.947469,0.974945,227,8,691
2026/02/03/10:28:11,508.571356,0.866688,0.896971,0.944094,0.971716,225,8,693
2026/02/03/10:28:12,509.571655,0.866688,0.896971,0.944094,0.971716,225,8,693
2026/02/03/10:28:13,510.571693,0.866688,0.896971,0.941594,0.959520,225,7,693
2026/02/03/10:28:14,511.571841,0.866688,0.896971,0.941594,0.959520,225,7,693
2026/02/03/10:28:15,512.571916,0.866688,0.896971,0.941594,0.959520,225,7,693
2026/02/03/10:28:16,513.572029,0.866688,0.896971,0.941594,0.959520,225,7,693
2026/02/03/10:28:17,514.572125,0.866688,0.896971,0.941594,0.959520,225,7,693
2026/02/03/10:28:18,515.572189,0.887719,0.911176,0.969656,0.975368,233,8,695
2026/02/03/10:28:19,516.572282,0.906375,0.924354,0.988313,0.988546,239,8,695
2026/02/03/10:28:20,517.572359,0.916844,0.940159,1.007125,1.015683,243,11,697
2026/02/03/10:28:21,518.572464,0.914219,0.943903,0.996156,1.008094,243,8,700
2026/02/03/10:28:22,519.572558,0.909250,0.934850,0.991187,0.999042,240,8,703
2026/02/03/10:28:23,520.572638,0.905219,0.925579,0.990719,1.015896,238,10,706
2026/02/03/10:28:24,521.572739,0.910531,0.940162,1.007500,1.040253,240,13,707
2026/02/03/10:28:25,522.572816,0.908813,0.933898,1.028437,1.045416,239,18,708
2026/02/03/10:28:26,523.572907,0.908813,0.933898,1.024875,1.019290,239,16,708
2026/02/03/10:28:27,524.572984,0.915719,0.937679,1.018812,1.017833,241,13,711
2026/02/03/10:28:28,525.573035,0.911937,0.935782,0.998219,1.007477,240,9,712
2026/02/03/10:28:29,526.573146,0.904594,0.931587,0.979500,0.994136,238,7,715
2026/02/03/10:28:30,527.573161,0.888094,0.922285,0.963000,0.984834,234,7,719
2026/02/03/10:28:31,528.573298,0.906719,0.929556,0.981625,0.992105,238,7,719
2026/02/03/10:28:32,529.573358,0.906719,0.929556,0.981625,0.992105,238,7,719
2026/02/03/10:28:33,530.573460,0.906719,0.929556,0.945063,0.985667,238,4,719
2026/02/03/10:28:34,531.573562,0.884062,0.903764,0.922406,0.959875,231,4,726
2026/02/03/10:28:35,532.573634,0.879375,0.899812,0.917719,0.955923,229,4,728
2026/02/03/10:28:36,533.573730,0.875188,0.895273,0.913531,0.951384,227,4,730
2026/02/03/10:28:37,534.573830,0.875188,0.895273,0.913531,0.951384,227,4,730
2026/02/03/10:28:38,535.573943,0.911687,0.930944,0.964094,1.007974,236,7,732
2026/02/03/10:28:39,536.574045,0.925500,0.950872,0.981031,1.036857,244,9,732
2026/02/03/10:28:40,537.574139,0.903625,0.933830,0.963219,1.017150,239,7,740
2026/02/03/10:28:41,538.574306,0.885625,0.914821,0.945219,0.998141,233,7,746
2026/02/03/10:28:42,539.574406,0.885625,0.914821,0.945219,0.998141,233,7,746
2026/02/03/10:28:43,540.574492,0.897062,0.916343,1.012938,1.011202,234,12,751
2026/02/03/10:28:44,541.574577,0.913156,0.933931,1.053906,1.040622,241,15,752
2026/02/03/10:28:45,542.574690,0.916406,0.941034,1.045500,1.044409,243,14,752
2026/02/03/10:28:46,543.574776,0.913969,0.938594,1.043063,1.041969,242,14,753
2026/02/03/10:28:47,544.574893,0.913969,0.938594,1.008594,1.017741,242,10,753
2026/02/03/10:28:48,545.574969,0.901188,0.928024,0.995812,1.007171,237,10,758
2026/02/03/10:28:49,546.575088,0.902875,0.928650,0.988500,1.005508,237,9,759
2026/02/03/10:28:50,547.575177,0.893938,0.924506,0.979563,1.001363,235,9,761
2026/02/03/10:28:51,548.575255,0.893938,0.924506,0.979563,1.001363,235,9,761
2026/02/03/10:28:52,549.575346,0.890938,0.922668,0.976562,0.999525,234,9,762
2026/02/03/10:28:53,550.575427,0.890938,0.922668,0.976562,0.999525,234,9,762
2026/02/03/10:28:54,551.575511,0.910125,0.945532,1.004844,1.043920,241,13,762
2026/02/03/10:28:55,552.575667,0.916937,0.949780,1.054875,1.078896,243,20,762
2026/02/03/10:28:56,553.575735,0.918625,0.952565,1.124688,1.105343,244,26,766
2026/02/03/10:28:57,554.575829,0.929188,0.963761,1.077250,1.077957,249,18,769
2026/02/03/10:28:58,555.575948,0.926656,0.964369,1.081687,1.082715,249,19,770
2026/02/03/10:28:59,556.576097,0.920406,0.947770,1.033094,1.051392,246,16,777
2026/02/03/10:29:00,557.576243,0.920406,0.947770,1.033094,1.051392,246,16,777
2026/02/03/10:29:01,558.576357,0.902906,0.944506,0.992844,1.030213,242,11,783
2026/02/03/10:29:02,559.576441,0.897875,0.936680,0.987812,1.022387,239,11,786
2026/02/03/10:29:03,560.576527,0.903312,0.924931,0.979187,1.004224,237,9,790
2026/02/03/10:29:04,561.576635,0.903312,0.924931,0.979187,1.004224,237,9,790
2026/02/03/10:29:05,562.576739,0.903312,0.924931,0.979187,1.004224,237,9,790
2026/02/03/10:29:06,563.576826,0.903312,0.924931,0.979187,1.004224,237,9,790
2026/02/03/10:29:07,564.576936,0.901406,0.926225,0.978375,1.006860,237,9,793
2026/02/03/10:29:08,565.577021,0.904844,0.929729,0.981812,1.010363,239,9,793
2026/02/03/10:29:09,566.577127,0.913563,0.936031,1.027906,1.062549,242,19,793
2026/02/03/10:29:10,567.577218,0.921375,0.943064,1.041844,1.098233,245,24,794
2026/02/03/10:29:11,568.577303,0.921375,0.943064,1.041844,1.098233,245,24,794
2026/02/03/10:29:12,569.577411,0.927562,0.946144,1.051594,1.103056,247,25,796
2026/02/03/10:29:13,570.577517,0.937750,0.954062,1.039969,1.052528,253,14,799
2026/02/03/10:29:14,571.577648,0.939625,0.955902,1.062563,1.102847,254,24,799
2026/02/03/10:29:15,572.577739,0.939625,0.957003,1.056219,1.098578,254,22,802
2026/02/03/10:29:16,573.577834,0.935063,0.954838,1.062125,1.099394,253,23,805
2026/02/03/10:29:17,574.577933,0.939281,0.955208,1.080844,1.105046,255,25,807
2026/02/03/10:29:18,575.578030,0.939000,0.953818,1.087000,1.113069,255,28,809
2026/02/03/10:29:19,576.578127,0.939000,0.953818,1.074031,1.098577,255,25,809
2026/02/03/10:29:20,577.578190,0.939187,0.952658,1.060594,1.082639,254,20,813
2026/02/03/10:29:21,578.578278,0.936406,0.949923,1.118812,1.122181,252,32,816
2026/02/03/10:29:22,579.578379,0.941125,0.958024,1.141594,1.132514,255,36,817
2026/02/03/10:29:23,580.578488,0.940125,0.955893,1.149437,1.136902,254,39,820
2026/02/03/10:29:24,581.578628,0.939250,0.953525,1.137750,1.143329,253,41,824
2026/02/03/10:29:25,582.578697,0.939094,0.951545,1.131563,1.127183,253,37,828
2026/02/03/10:29:26,583.578790,0.940000,0.951782,1.091687,1.102593,253,28,829
2026/02/03/10:29:27,584.578903,0.941187,0.951560,1.081594,1.131274,253,29,831
2026/02/03/10:29:28,585.578944,0.939531,0.947989,1.078031,1.125243,252,28,833
2026/02/03/10:29:29,586.579058,0.938781,0.949073,1.061813,1.099937,252,21,835
2026/02/03/10:29:30,587.579145,0.934750,0.944746,1.057781,1.095611,250,21,837
2026/02/03/10:29:31,588.579234,0.934750,0.944746,1.055438,1.083946,250,20,837
2026/02/03/10:29:32,589.579328,0.930344,0.943458,1.048188,1.080150,249,19,839
2026/02/03/10:29:33,590.579479,0.930344,0.943458,1.048188,1.080150,249,19,839
2026/02/03/10:29:34,591.579578,0.930875,0.941917,1.045875,1.076100,249,18,840
2026/02/03/10:29:35,592.579670,0.930875,0.941917,1.041375,1.055839,249,16,840
2026/02/03/10:29:36,593.579766,0.929906,0.939508,1.037562,1.050921,248,15,842
2026/02/03/10:29:37,594.579862,0.929906,0.939508,1.037562,1.050921,248,15,842
2026/02/03/10:29:38,595.580059,0.927719,0.937078,1.030063,1.046022,246,14,845
2026/02/03/10:29:39,596.580142,0.925687,0.933158,1.028031,1.042101,245,14,846
2026/02/03/10:29:40,597.580267,0.925687,0.933158,1.028031,1.042101,245,14,846
2026/02/03/10:29:41,598.580366,0.923156,0.929930,1.025500,1.038874,244,14,847
2026/02/03/10:29:42,599.580461,0.923156,0.929930,1.025500,1.038874,244,14,847
2026/02/03/10:29:43,600.580637,0.927219,0.933141,1.034719,1.046942,246,15,847
2026/02/03/10:29:44,601.580711,0.929969,0.936778,1.064250,1.120853,247,23,847
2026/02/03/10:29:45,602.580837,0.936594,0.944620,1.084875,1.139054,250,27,847
2026/02/03/10:29:46,603.580909,0.936031,0.943498,1.082125,1.135417,250,26,848
2026/02/03/10:29:47,604.581083,0.933781,0.940687,1.064625,1.092844,249,22,849
2026/02/03/10:29:48,605.581177,0.927219,0.933141,1.058062,1.085298,246,22,852
2026/02/03/10:29:49,606.581242,0.927219,0.933141,1.066062,1.088073,246,23,852
2026/02/03/10:29:50,607.581388,0.930656,0.940481,1.051688,1.063099,248,17,852
2026/02/03/10:29:51,608.581524,0.934312,0.945995,1.053750,1.039254,250,15,852
2026/02/03/10:29:52,609.581612,0.934312,0.945995,1.045750,1.036479,250,14,852
2026/02/03/10:29:53,610.581708,0.934312,0.945995,1.045750,1.036479,250,14,852
2026/02/03/10:29:54,611.581792,0.927219,0.933141,1.038656,1.023625,246,14,856
2026/02/03/10:29:55,612.581912,0.927219,0.933141,1.038656,1.023625,246,14,856
2026/02/03/10:29:56,613.581968,0.929344,0.935202,1.090344,1.067763,247,21,856
2026/02/03/10:29:57,614.582054,0.928719,0.935763,1.087969,1.061963,247,20,857
2026/02/03/10:29:58,615.582151,0.928719,0.935763,1.086281,1.052768,247,19,857
2026/02/03/10:29:59,616.582257,0.934063,0.930020,1.058531,1.025204,246,14,860
2026/02/03/10:30:00,617.582332,0.937187,0.931455,1.022906,1.010990,246,9,863
2026/02/03/10:30:01,618.582424,0.937187,0.931455,1.030750,1.012707,246,10,863
2026/02/03/10:30:02,619.582526,0.933125,0.931183,0.995031,1.006738,246,7,864
2026/02/03/10:30:03,620.582675,0.933125,0.931183,1.017344,1.018959,246,9,864
2026/02/03/10:30:04,621.582764,0.927406,0.924128,1.011625,1.011905,243,9,867
2026/02/03/10:30:05,622.582929,0.933312,0.930879,1.017531,1.018655,246,9,867
2026/02/03/10:30:06,623.583035,0.935531,0.931424,1.009688,1.016938,246,8,868
2026/02/03/10:30:07,624.583123,0.935531,0.931424,1.009688,1.016938,246,8,868
2026/02/03/10:30:08,625.583200,0.938031,0.933068,1.014687,1.020227,247,9,868
2026/02/03/10:30:09,626.583306,0.940531,0.934713,1.014687,1.020227,248,8,868
2026/02/03/10:30:10,627.583393,0.929937,0.925771,1.004094,1.011286,244,8,872
2026/02/03/10:30:11,628.583488,0.925250,0.923580,0.999406,1.009094,243,8,873
2026/02/03/10:30:12,629.583574,0.925250,0.923580,0.999406,1.009094,243,8,873
2026/02/03/10:30:13,630.583688,0.942781,0.947712,1.020438,1.033333,251,11,873
2026/02/03/10:30:14,631.583829,0.936562,0.949547,1.019125,1.044462,251,14,874
2026/02/03/10:30:15,632.583941,0.935875,0.950789,1.014125,1.041173,251,12,876
2026/02/03/10:30:16,633.584033,0.931562,0.946258,0.985344,1.022155,249,9,878
2026/02/03/10:30:17,634.584141,0.931562,0.946258,0.985344,1.022155,249,9,878
2026/02/03/10:30:18,635.584348,0.925562,0.945112,0.977656,1.016566,247,8,881
2026/02/03/10:30:19,636.584325,0.920125,0.942397,0.970531,1.009408,246,7,883
2026/02/03/10:30:20,637.584410,0.922906,0.946522,0.970531,1.009408,247,6,883
2026/02/03/10:30:21,638.584560,0.919531,0.937635,0.965469,0.996078,245,5,885
2026/02/03/10:30:22,639.584654,0.919531,0.937635,0.965469,0.996078,245,5,885
2026/02/03/10:30:23,640.584817,0.915531,0.939935,0.961469,0.998378,245,5,886
2026/02/03/10:30:24,641.584928,0.913406,0.937874,0.959344,0.996317,244,5,887
2026/02/03/10:30:25,642.585027,0.912156,0.933826,0.963344,0.998779,242,6,890
2026/02/03/10:30:26,643.585121,0.912156,0.933826,0.963344,0.998779,242,6,890
2026/02/03/10:30:27,644.585196,0.912156,0.933826,0.963344,0.998779,242,6,890
2026/02/03/10:30:28,645.585314,0.912156,0.933826,0.958094,0.992269,242,5,890
2026/02/03/10:30:29,646.585413,0.912156,0.933826,0.958094,0.992269,242,5,890
2026/02/03/10:30:30,647.585500,0.915344,0.926718,0.953688,0.982829,241,4,894
2026/02/03/10:30:31,648.585591,0.915344,0.926718,0.953688,0.982829,241,4,894
2026/02/03/10:30:32,649.585686,0.912250,0.924737,0.943063,0.952315,241,2,895
2026/02/03/10:30:33,650.585780,0.913062,0.924794,0.943875,0.952372,242,2,896
2026/02/03/10:30:34,651.585932,0.908687,0.918564,0.973812,0.994726,240,7,898
2026/02/03/10:30:35,652.586127,0.908687,0.918564,0.973812,0.994726,240,7,898
2026/02/03/10:30:36,653.586187,0.906687,0.916228,0.971812,0.992391,239,7,899
2026/02/03/10:30:37,654.586289,0.893406,0.905216,0.958531,0.981379,234,7,904
2026/02/03/10:30:38,655.586383,0.893406,0.905216,0.934531,0.970562,234,5,904
2026/02/03/10:30:39,656.586488,0.889344,0.902005,0.930469,0.967351,232,5,906
2026/02/03/10:30:40,657.586571,0.889344,0.902005,0.930469,0.967351,232,5,906
2026/02/03/10:30:41,658.586646,0.889344,0.902005,0.930469,0.967351,232,5,906
2026/02/03/10:30:42,659.586771,0.887219,0.900059,0.928344,0.965406,231,5,907
2026/02/03/10:30:43,660.586909,0.887219,0.900059,0.928344,0.965406,231,5,907
2026/02/03/10:30:44,661.586948,0.887219,0.900059,0.928344,0.965406,231,5,907
2026/02/03/10:30:45,662.587028,0.887219,0.900059,0.928344,0.965406,231,5,907
2026/02/03/10:30:46,663.587109,0.894875,0.914480,0.936000,0.979826,234,5,907
2026/02/03/10:30:47,664.587256,0.909156,0.930557,0.986531,1.029518,241,12,907
2026/02/03/10:30:48,665.587343,0.911156,0.935737,0.993344,1.043778,243,13,908
2026/02/03/10:30:49,666.587436,0.897719,0.927659,0.968156,1.015182,239,9,913
2026/02/03/10:30:50,667.587501,0.890938,0.914785,0.932063,0.980132,233,5,921
2026/02/03/10:30:51,668.587621,0.888188,0.912757,0.929312,0.978103,232,5,922
2026/02/03/10:30:52,669.587770,0.886156,0.906753,0.927281,0.972099,231,5,923
2026/02/03/10:30:53,670.587860,0.886156,0.906753,0.927281,0.972099,231,5,923
2026/02/03/10:30:54,671.587960,0.874531,0.895011,0.915656,0.960357,228,5,926
2026/02/03/10:30:55,672.588062,0.874531,0.895011,0.915656,0.960357,228,5,926
2026/02/03/10:30:56,673.588214,0.874531,0.895011,0.915656,0.960357,228,5,926
2026/02/03/10:30:57,674.588305,0.874531,0.895011,0.915656,0.960357,228,5,926
2026/02/03/10:30:58,675.588386,0.874531,0.895011,0.915656,0.960357,228,5,926
2026/02/03/10:30:59,676.588490,0.874531,0.895011,0.915656,0.960357,228,5,926
2026/02/03/10:31:00,677.588550,0.874531,0.895011,0.915656,0.960357,228,5,926
2026/02/03/10:31:01,678.588687,0.903031,0.919299,0.976875,1.052892,235,12,928
2026/02/03/10:31:02,679.588773,0.906719,0.928428,1.006563,1.080145,237,15,928
2026/02/03/10:31:03,680.588843,0.912375,0.932464,1.009000,1.071217,239,14,928
2026/02/03/10:31:04,681.588991,0.919719,0.933232,0.995250,1.054995,241,12,929
2026/02/03/10:31:05,682.589060,0.929281,0.939849,1.022469,1.060812,244,13,931
2026/02/03/10:31:06,683.589175,0.926500,0.937726,1.019688,1.058689,243,13,932
2026/02/03/10:31:07,684.589261,0.919719,0.930395,0.993563,1.015246,241,9,935
2026/02/03/10:31:08,685.589413,0.917406,0.927448,0.991250,1.012299,240,9,936
2026/02/03/10:31:09,686.589546,0.909969,0.921553,0.983812,1.006404,237,9,939
2026/02/03/10:31:10,687.589658,0.901844,0.919632,0.959438,1.000642,236,7,940
2026/02/03/10:31:11,688.589824,0.875219,0.899250,0.923281,0.977798,230,6,946
2026/02/03/10:31:12,689.589893,0.875219,0.899250,0.923281,0.977798,230,6,946
2026/02/03/10:31:13,690.589951,0.871844,0.894736,0.919906,0.973284,228,6,948
2026/02/03/10:31:14,691.590049,0.871844,0.894736,0.919906,0.973284,228,6,948
2026/02/03/10:31:15,692.590143,0.871844,0.894736,0.919906,0.973284,228,6,948
2026/02/03/10:31:16,693.590236,0.871844,0.894736,0.964812,0.981256,228,9,948
2026/02/03/10:31:17,694.590351,0.871844,0.894736,0.964812,0.981256,228,9,948
2026/02/03/10:31:18,695.590446,0.863313,0.887564,0.941625,0.970426,225,8,951
2026/02/03/10:31:19,696.590578,0.863313,0.887564,0.941625,0.970426,225,8,951
2026/02/03/10:31:20,697.590649,0.863313,0.887564,0.941625,0.970426,225,8,951
2026/02/03/10:31:21,698.590806,0.863313,0.887564,0.941625,0.970426,225,8,951
2026/02/03/10:31:22,699.590919,0.863313,0.887564,0.941625,0.970426,225,8,951
2026/02/03/10:31:23,700.591024,0.863313,0.887564,0.941625,0.970426,225,8,951
2026/02/03/10:31:24,701.591118,0.863313,0.887564,0.941625,0.970426,225,8,951
2026/02/03/10:31:25,702.591209,0.863313,0.887564,0.941625,0.970426,225,8,951
2026/02/03/10:31:26,703.591299,0.860469,0.884778,0.938781,0.967640,224,8,952
2026/02/03/10:31:27,704.591402,0.882125,0.897155,0.960438,0.980017,229,8,952
2026/02/03/10:31:28,705.591486,0.880375,0.893856,0.958688,0.976717,228,8,953
2026/02/03/10:31:29,706.591624,0.880375,0.893856,0.966875,0.982185,228,9,953
2026/02/03/10:31:30,707.591779,0.894656,0.915605,1.001719,1.032419,234,13,954
2026/02/03/10:31:31,708.591882,0.903031,0.921797,1.035750,1.048787,237,16,954
2026/02/03/10:31:32,709.591972,0.910250,0.930854,1.055063,1.063647,238,18,956
2026/02/03/10:31:33,710.592034,0.906875,0.928580,1.066031,1.061522,237,19,959
2026/02/03/10:31:34,711.592145,0.906875,0.928580,1.044188,1.038028,237,15,959
2026/02/03/10:31:35,712.592239,0.897406,0.918897,1.002781,1.014224,234,11,962
2026/02/03/10:31:36,713.592303,0.897406,0.918897,1.002781,1.014224,234,11,962
2026/02/03/10:31:37,714.592394,0.897406,0.918897,1.002781,1.014224,234,11,962
2026/02/03/10:31:38,715.592489,0.907594,0.921004,1.015062,1.025460,235,12,964
2026/02/03/10:31:39,716.592572,0.903250,0.921206,0.989750,1.009536,234,9,966
2026/02/03/10:31:40,717.592665,0.908781,0.933584,1.020719,1.050238,237,15,969
2026/02/03/10:31:41,718.592746,0.905813,0.937320,1.035281,1.095074,238,21,970
2026/02/03/10:31:42,719.592857,0.908531,0.932724,1.038000,1.090478,238,21,971
2026/02/03/10:31:43,720.592970,0.899344,0.934365,1.002844,1.066700,237,16,974
2026/02/03/10:31:44,721.593094,0.899344,0.934365,0.999250,1.056535,237,15,974
2026/02/03/10:31:45,722.593179,0.899344,0.934365,0.995375,1.045746,237,14,974
2026/02/03/10:31:46,723.593261,0.899344,0.934365,0.995375,1.045746,237,14,974
2026/02/03/10:31:47,724.593346,0.898125,0.932991,0.988625,1.030001,236,11,976
2026/02/03/10:31:48,725.593571,0.898125,0.932991,0.988625,1.030001,236,11,976
2026/02/03/10:31:49,726.593656,0.898125,0.932991,0.988625,1.030001,236,11,976
2026/02/03/10:31:50,727.593747,0.895344,0.930465,0.981844,1.018794,236,9,978
2026/02/03/10:31:51,728.593841,0.879250,0.921207,0.965750,1.009537,233,9,981
2026/02/03/10:31:52,729.593989,0.878812,0.908528,0.973219,1.000705,230,11,985
2026/02/03/10:31:53,730.594073,0.905469,0.927488,0.986656,1.025368,236,9,986
2026/02/03/10:31:54,731.594155,0.892250,0.918292,0.985375,1.032769,233,11,989
2026/02/03/10:31:55,732.594254,0.896125,0.926247,1.030031,1.076431,235,14,992
2026/02/03/10:31:56,733.594337,0.892750,0.917589,1.026656,1.067773,233,14,994
2026/02/03/10:31:57,734.594443,0.888844,0.915112,1.019875,1.050278,232,13,995
2026/02/03/10:31:58,735.594546,0.890938,0.908021,1.000875,1.032731,229,11,1000
2026/02/03/10:31:59,736.594624,0.877156,0.898199,0.987094,1.022909,226,11,1003
2026/02/03/10:32:00,737.594735,0.877812,0.897563,0.987750,1.022273,226,11,1004
2026/02/03/10:32:01,738.594828,0.869625,0.892095,0.979563,1.016805,225,11,1005
2026/02/03/10:32:02,739.594939,0.869625,0.892095,0.979563,1.016805,225,11,1005
2026/02/03/10:32:03,740.595024,0.864250,0.889622,0.974187,1.014333,224,11,1006
2026/02/03/10:32:04,741.595126,0.858281,0.881324,0.962250,0.997737,223,10,1007
2026/02/03/10:32:05,742.595248,0.858281,0.881324,0.962250,0.997737,223,10,1007
2026/02/03/10:32:06,743.595410,0.858281,0.881324,0.962250,0.997737,223,10,1007
2026/02/03/10:32:07,744.595557,0.856125,0.879411,0.960094,0.995824,222,10,1008
2026/02/03/10:32:08,745.595693,0.851000,0.876868,0.914188,0.957573,221,7,1009
2026/02/03/10:32:09,746.595783,0.851000,0.876868,0.914188,0.957573,221,7,1009
2026/02/03/10:32:10,747.595929,0.851000,0.876868,0.914188,0.957573,221,7,1009
2026/02/03/10:32:11,748.596032,0.860094,0.881613,0.923281,0.962318,224,7,1009
2026/02/03/10:32:12,749.596114,0.860094,0.881613,0.923281,0.962318,224,7,1009
2026/02/03/10:32:13,750.596218,0.860094,0.881613,0.923281,0.962318,224,7,1009
2026/02/03/10:32:14,751.596308,0.886687,0.891134,0.952094,0.982351,227,8,1009
2026/02/03/10:32:15,752.596410,0.879406,0.887532,0.944813,0.978749,226,8,1010
2026/02/03/10:32:16,753.596502,0.879406,0.887532,0.944813,0.978749,226,8,1010
2026/02/03/10:32:17,754.596889,0.851469,0.877923,0.901750,0.966983,223,7,1013
2026/02/03/10:32:18,755.596962,0.851469,0.877923,0.894813,0.953781,223,6,1013
2026/02/03/10:32:19,756.597042,0.851469,0.877923,0.894813,0.953781,223,6,1013
2026/02/03/10:32:20,757.597149,0.856625,0.881271,0.899969,0.957129,224,6,1014
2026/02/03/10:32:21,758.597260,0.856625,0.881271,0.899969,0.957129,224,6,1014
2026/02/03/10:32:22,759.597339,0.856625,0.881271,0.899969,0.957129,224,6,1014
2026/02/03/10:32:23,760.597564,0.856625,0.881271,0.897750,0.946617,224,5,1014
2026/02/03/10:32:24,761.597558,0.847531,0.876526,0.888656,0.941872,221,5,1017
2026/02/03/10:32:25,762.597660,0.847531,0.876526,0.888656,0.941872,221,5,1017
2026/02/03/10:32:26,763.597743,0.847531,0.876526,0.888656,0.941872,221,5,1017
2026/02/03/10:32:27,764.597833,0.847531,0.876526,0.888656,0.941872,221,5,1017
2026/02/03/10:32:28,765.598003,0.859625,0.897338,0.900750,0.962685,224,5,1017
2026/02/03/10:32:29,766.598096,0.850094,0.890647,0.891219,0.955993,221,5,1020
2026/02/03/10:32:30,767.598186,0.850094,0.890647,0.891219,0.955993,221,5,1020
2026/02/03/10:32:31,768.598291,0.838000,0.869834,0.879125,0.935181,218,5,1023
2026/02/03/10:32:32,769.598381,0.872781,0.905381,0.913906,0.970727,231,5,1023
2026/02/03/10:32:33,770.598482,0.894000,0.926093,0.946219,0.994487,239,6,1023
2026/02/03/10:32:34,771.598574,0.886312,0.921112,0.943875,0.993291,237,7,1025
2026/02/03/10:32:35,772.598676,0.880344,0.909474,0.921469,0.974820,231,5,1032
2026/02/03/10:32:36,773.598757,0.880344,0.909474,0.921469,0.974820,231,5,1032
2026/02/03/10:32:37,774.598904,0.872469,0.903300,0.913594,0.968646,229,5,1034
2026/02/03/10:32:38,775.599021,0.869156,0.899554,0.910281,0.964900,227,5,1036
2026/02/03/10:32:39,776.599139,0.869156,0.899554,0.910281,0.964900,227,5,1036
2026/02/03/10:32:40,777.599238,0.869156,0.899554,0.915844,0.973698,227,7,1036
2026/02/03/10:32:41,778.599387,0.882844,0.920088,0.957719,1.022992,232,10,1038
2026/02/03/10:32:42,779.599502,0.874406,0.916907,0.949281,1.019811,230,10,1040
2026/02/03/10:32:43,780.599641,0.868094,0.908963,0.942969,1.011867,228,10,1042
2026/02/03/10:32:44,781.599743,0.864875,0.902856,0.932688,0.972421,226,7,1045
2026/02/03/10:32:45,782.599840,0.882563,0.921087,0.950375,0.990652,231,7,1045
2026/02/03/10:32:46,783.599932,0.882563,0.921087,0.950375,0.990652,231,7,1045
2026/02/03/10:32:47,784.600040,0.883188,0.921535,0.951000,0.991100,231,7,1046
2026/02/03/10:32:48,785.600192,0.878375,0.911885,0.946187,0.981449,229,7,1048
2026/02/03/10:32:49,786.600281,0.878375,0.911885,0.946187,0.981449,229,7,1048
2026/02/03/10:32:50,787.600358,0.878375,0.911885,0.946187,0.981449,229,7,1048
2026/02/03/10:32:51,788.600447,0.871375,0.901620,0.939187,0.971185,227,7,1050
2026/02/03/10:32:52,789.600526,0.871375,0.901620,0.939187,0.971185,227,7,1050
2026/02/03/10:32:53,790.600631,0.866281,0.899556,0.934094,0.969121,226,7,1051
2026/02/03/10:32:54,791.600717,0.855594,0.891590,0.923406,0.961155,223,7,1054
2026/02/03/10:32:55,792.600800,0.855594,0.891590,0.923406,0.961155,223,7,1054
2026/02/03/10:32:56,793.600925,0.855594,0.891590,0.923406,0.961155,223,7,1054
2026/02/03/10:32:57,794.601036,0.857969,0.893853,0.925781,0.963417,224,7,1054
2026/02/03/10:32:58,795.601104,0.879563,0.912102,0.949125,0.987761,230,8,1054
2026/02/03/10:32:59,796.601219,0.909844,0.929880,0.985750,1.001453,237,8,1055
2026/02/03/10:33:00,797.601319,0.923562,0.950381,1.001562,1.023697,245,9,1057
2026/02/03/10:33:01,798.601452,0.930531,0.953250,0.996625,1.033680,246,9,1060
2026/02/03/10:33:02,799.601550,0.922438,0.951242,0.980437,1.029665,245,8,1061
2026/02/03/10:33:03,800.601634,0.922438,0.951242,0.970562,1.019301,245,6,1061
2026/02/03/10:33:04,801.601743,0.914469,0.941809,0.955594,1.007155,241,5,1066
2026/02/03/10:33:05,802.601829,0.936969,0.959301,1.009719,1.048003,249,10,1067
2026/02/03/10:33:06,803.601954,0.929281,0.949797,1.033281,1.063162,246,13,1074
2026/02/03/10:33:07,804.602056,0.929281,0.949797,1.033281,1.063162,246,13,1074
2026/02/03/10:33:08,805.602229,0.916813,0.939812,1.020812,1.053176,242,13,1078
2026/02/03/10:33:09,806.602384,0.912062,0.937981,1.009094,1.047398,241,12,1080
2026/02/03/10:33:10,807.602494,0.905719,0.933849,0.980750,1.034028,239,10,1082
2026/02/03/10:33:11,808.602577,0.896875,0.929887,0.963844,1.025791,237,9,1085
2026/02/03/10:33:12,809.602670,0.876594,0.915184,0.927438,1.002537,232,7,1090
2026/02/03/10:33:13,810.602813,0.869594,0.917467,0.918438,0.996363,231,6,1092
2026/02/03/10:33:14,811.602921,0.867656,0.913200,0.916500,0.992096,230,6,1093
2026/02/03/10:33:15,812.603014,0.867656,0.913200,0.916500,0.992096,230,6,1093
2026/02/03/10:33:16,813.603117,0.867656,0.913200,0.916500,0.992096,230,6,1093
2026/02/03/10:33:17,814.603205,0.849031,0.903947,0.897875,0.982843,226,6,1097
2026/02/03/10:33:18,815.603309,0.875656,0.908959,0.916781,0.974306,229,5,1097
2026/02/03/10:33:19,816.603452,0.875656,0.908959,0.916781,0.974306,229,5,1097
2026/02/03/10:33:20,817.603521,0.877938,0.908259,0.922937,0.975411,229,6,1098
2026/02/03/10:33:21,818.603632,0.883938,0.909466,0.921625,0.962222,231,4,1100
2026/02/03/10:33:22,819.603709,0.883938,0.909466,0.921625,0.962222,231,4,1100
2026/02/03/10:33:23,820.603894,0.905156,0.929519,0.942844,0.982275,238,4,1102
2026/02/03/10:33:24,821.603987,0.915406,0.934871,0.966125,1.001788,241,8,1103
2026/02/03/10:33:25,822.604095,0.920656,0.942364,0.971375,1.009281,244,8,1103
2026/02/03/10:33:26,823.604191,0.919656,0.941005,1.016406,1.025844,245,13,1108
2026/02/03/10:33:27,824.604335,0.919656,0.941005,1.016406,1.025844,245,13,1108
2026/02/03/10:33:28,825.604447,0.915125,0.943194,0.993062,1.014907,245,10,1109
2026/02/03/10:33:29,826.604527,0.915125,0.943194,0.993062,1.014907,245,10,1109
2026/02/03/10:33:30,827.604682,0.908813,0.919964,0.975906,0.983777,239,7,1117
2026/02/03/10:33:31,828.604805,0.917500,0.931516,1.001344,1.050003,243,13,1118
2026/02/03/10:33:32,829.604921,0.917500,0.931516,1.001344,1.050003,243,13,1118
2026/02/03/10:33:33,830.605029,0.917500,0.931516,0.993875,1.010210,243,10,1118
2026/02/03/10:33:34,831.605136,0.903594,0.921685,0.974250,0.997816,238,9,1124
2026/02/03/10:33:35,832.605232,0.901531,0.923621,0.960938,0.989152,237,7,1126
2026/02/03/10:33:36,833.605334,0.891281,0.912907,0.928969,0.965664,234,4,1131
2026/02/03/10:33:37,834.605438,0.891281,0.912907,0.928969,0.965664,234,4,1131
2026/02/03/10:33:38,835.605538,0.864406,0.904481,0.902094,0.957238,231,4,1134
2026/02/03/10:33:39,836.605682,0.864406,0.904481,0.902094,0.957238,231,4,1134
2026/02/03/10:33:40,837.605771,0.864406,0.904481,0.902094,0.957238,231,4,1134
2026/02/03/10:33:41,838.605846,0.850812,0.893933,0.888500,0.946690,228,4,1137
2026/02/03/10:33:42,839.606007,0.847125,0.885291,0.884813,0.938047,226,4,1139
2026/02/03/10:33:43,840.606102,0.847125,0.885291,0.884813,0.938047,226,4,1139
2026/02/03/10:33:44,841.606209,0.874844,0.910627,0.912531,0.963384,235,4,1139
2026/02/03/10:33:45,842.606691,0.874844,0.910627,0.912531,0.963384,235,4,1139
2026/02/03/10:33:46,843.606758,0.877812,0.914538,0.917844,0.969914,237,5,1144
2026/02/03/10:33:47,844.606843,0.887188,0.926712,0.945750,0.996819,241,7,1144
2026/02/03/10:33:48,845.606953,0.901969,0.928529,1.006781,1.032763,243,15,1145
2026/02/03/10:33:49,846.607048,0.903687,0.932320,1.002875,1.037973,244,14,1146
2026/02/03/10:33:50,847.607138,0.894375,0.927954,0.986219,1.030884,242,13,1148
2026/02/03/10:33:51,848.607226,0.915219,0.933508,0.990094,1.021423,247,10,1154
2026/02/03/10:33:52,849.607325,0.918719,0.936684,1.040000,1.049722,249,16,1154
2026/02/03/10:33:53,850.607413,0.910781,0.931084,1.032063,1.044122,247,16,1156
2026/02/03/10:33:54,851.607514,0.907344,0.930590,0.993188,1.022411,243,11,1163
2026/02/03/10:33:55,852.607620,0.908656,0.925684,0.989969,1.011616,240,10,1172
2026/02/03/10:33:56,853.607714,0.903594,0.920251,0.984906,1.006183,237,10,1175
2026/02/03/10:33:57,854.607855,0.892781,0.899477,0.969562,0.979519,231,9,1182
2026/02/03/10:33:58,855.607923,0.892781,0.899477,0.969562,0.979519,231,9,1182
2026/02/03/10:33:59,856.608032,0.882625,0.894399,0.955969,0.961852,229,8,1185
2026/02/03/10:34:00,857.608179,0.867188,0.885095,0.940531,0.952548,224,8,1190
2026/02/03/10:34:01,858.608243,0.867188,0.885095,0.940531,0.952548,224,8,1190
2026/02/03/10:34:02,859.608387,0.867188,0.885095,0.940531,0.952548,224,8,1190
2026/02/03/10:34:03,860.608446,0.852469,0.881814,0.899281,0.924524,222,4,1193
2026/02/03/10:34:04,861.608541,0.852469,0.881814,0.899281,0.924524,222,4,1193
2026/02/03/10:34:05,862.608634,0.854125,0.887935,0.906937,0.936192,223,6,1193
2026/02/03/10:34:06,863.608728,0.867000,0.895403,0.950719,0.956710,226,8,1193
2026/02/03/10:34:07,864.608837,0.865344,0.889283,0.949063,0.950589,225,8,1194
2026/02/03/10:34:08,865.608975,0.865344,0.889283,0.949063,0.950589,225,8,1194
2026/02/03/10:34:09,866.609094,0.869625,0.886471,0.964500,0.983953,223,10,1197
2026/02/03/10:34:10,867.609193,0.868594,0.881761,0.955625,0.973575,222,9,1199
2026/02/03/10:34:11,868.609347,0.868594,0.881761,0.955625,0.973575,222,9,1199
2026/02/03/10:34:12,869.609456,0.868594,0.881761,0.955625,0.973575,222,9,1199
2026/02/03/10:34:13,870.609546,0.868594,0.881761,0.955625,0.973575,222,9,1199
2026/02/03/10:34:14,871.609642,0.885875,0.895524,0.972906,0.987338,228,9,1199
2026/02/03/10:34:15,872.609763,0.890406,0.902484,0.998938,1.000532,230,11,1201
2026/02/03/10:34:16,873.609886,0.890406,0.902484,0.998938,1.000532,230,11,1201
2026/02/03/10:34:17,874.609962,0.880844,0.894461,0.989375,0.992509,227,11,1204
2026/02/03/10:34:18,875.610029,0.900312,0.921167,1.115469,1.045023,234,21,1204
2026/02/03/10:34:19,876.610115,0.903875,0.925997,1.115469,1.045023,236,19,1204
2026/02/03/10:34:20,877.610247,0.891875,0.925058,1.067031,1.032106,235,15,1207
2026/02/03/10:34:21,878.610353,0.902188,0.932145,1.077344,1.039192,238,15,1210
2026/02/03/10:34:22,879.610424,0.881719,0.915075,1.041187,1.010785,233,13,1217
2026/02/03/10:34:23,880.610487,0.885437,0.916935,1.057344,1.019195,234,14,1217
2026/02/03/10:34:24,881.610584,0.880875,0.919610,1.052781,1.021870,232,14,1221
2026/02/03/10:34:25,882.610691,0.876750,0.916125,1.048656,1.018385,230,14,1223
2026/02/03/10:34:26,883.610771,0.866281,0.902579,0.966625,0.987596,226,9,1227
2026/02/03/10:34:27,884.610965,0.866281,0.902579,0.966625,0.987596,226,9,1227
2026/02/03/10:34:28,885.611050,0.875812,0.912733,0.976156,0.997749,228,9,1227
2026/02/03/10:34:29,886.611156,0.875812,0.912733,0.976156,0.997749,228,9,1227
2026/02/03/10:34:30,887.611248,0.880625,0.916145,0.982625,1.009058,230,10,1227
2026/02/03/10:34:31,888.611337,0.863219,0.916176,0.965219,1.009089,229,10,1231
2026/02/03/10:34:32,889.611425,0.861625,0.907064,0.961969,0.992081,228,9,1232
2026/02/03/10:34:33,890.611525,0.848313,0.897826,0.948656,0.982842,224,9,1236
2026/02/03/10:34:34,891.611626,0.846250,0.896855,0.946594,0.981872,224,9,1237
2026/02/03/10:34:35,892.611717,0.846250,0.896855,0.922875,0.943153,224,6,1237
2026/02/03/10:34:36,893.611901,0.846250,0.896855,0.922875,0.943153,224,6,1237
2026/02/03/10:34:37,894.611945,0.846250,0.896855,0.922875,0.943153,224,6,1237
2026/02/03/10:34:38,895.612066,0.840906,0.887594,0.917531,0.933892,221,6,1240
2026/02/03/10:34:39,896.612180,0.836594,0.881089,0.913219,0.927387,219,6,1242
2026/02/03/10:34:40,897.612268,0.841812,0.874886,0.904312,0.919140,217,5,1245
2026/02/03/10:34:41,898.612425,0.841812,0.874886,0.904312,0.919140,217,5,1245
2026/02/03/10:34:42,899.612500,0.841812,0.874886,0.907219,0.927314,217,6,1245
2026/02/03/10:34:43,900.612611,0.858719,0.898829,0.921219,0.943083,225,5,1245
2026/02/03/10:34:44,901.612696,0.858719,0.898829,0.921219,0.943083,225,5,1245
2026/02/03/10:34:45,902.612899,0.877250,0.923941,0.943187,0.980531,232,7,1247
2026/02/03/10:34:46,903.612922,0.875062,0.921732,0.970719,0.989018,231,10,1248
2026/02/03/10:34:47,904.613032,0.874750,0.925865,1.022969,1.026729,230,17,1251
2026/02/03/10:34:48,905.613132,0.875375,0.921588,1.053094,1.040445,230,19,1255
2026/02/03/10:34:49,906.613223,0.882563,0.925204,1.062906,1.034680,231,18,1257
2026/02/03/10:34:50,907.613333,0.894781,0.937067,1.108062,1.085039,236,25,1257
2026/02/03/10:34:51,908.613406,0.905594,0.945526,1.132469,1.112937,240,31,1258
2026/02/03/10:34:52,909.613491,0.907937,0.948291,1.126969,1.118073,243,29,1261
2026/02/03/10:34:53,910.613596,0.887719,0.938509,1.159312,1.147844,236,31,1273
2026/02/03/10:34:54,911.613693,0.895094,0.946630,1.188906,1.167075,240,31,1274
2026/02/03/10:34:55,912.613763,0.900375,0.947741,1.218625,1.163694,242,32,1276
2026/02/03/10:34:56,913.613858,0.894594,0.942806,1.180281,1.149779,240,29,1278
2026/02/03/10:34:57,914.613997,0.902937,0.948786,1.201812,1.180488,241,32,1282
2026/02/03/10:34:58,915.614068,0.904937,0.950373,1.184156,1.178070,242,35,1282
2026/02/03/10:34:59,916.614155,0.904750,0.953526,1.149156,1.129871,244,30,1283
2026/02/03/10:35:00,917.614249,0.907969,0.954968,1.155500,1.146275,245,31,1287
2026/02/03/10:35:01,918.614346,0.912094,0.957297,1.198813,1.168054,246,35,1291
2026/02/03/10:35:02,919.614444,0.909188,0.950683,1.148937,1.114249,243,27,1297
2026/02/03/10:35:03,920.614538,0.906219,0.947041,1.145094,1.121833,241,27,1301
2026/02/03/10:35:04,921.614640,0.905781,0.941664,1.144656,1.116456,238,27,1305
2026/02/03/10:35:05,922.614733,0.910062,0.937501,1.130625,1.080008,237,23,1307
2026/02/03/10:35:06,923.614830,0.907219,0.935754,1.119000,1.059103,235,20,1310
2026/02/03/10:35:07,924.614950,0.907219,0.935754,1.104688,1.057239,235,19,1310
2026/02/03/10:35:08,925.615041,0.888344,0.926003,1.099687,1.055289,231,21,1315
2026/02/03/10:35:09,926.615130,0.878000,0.923182,1.074313,1.038106,229,18,1320
2026/02/03/10:35:10,927.615201,0.878000,0.923182,1.033906,1.023160,229,15,1320
2026/02/03/10:35:11,928.615309,0.868062,0.920778,1.014031,1.018352,228,14,1321
2026/02/03/10:35:12,929.615414,0.864594,0.918724,1.028656,1.037293,227,17,1322
2026/02/03/10:35:13,930.615500,0.866000,0.907920,1.020156,1.022923,224,16,1326
2026/02/03/10:35:14,931.615603,0.855969,0.905710,0.992031,0.999719,223,13,1327
2026/02/03/10:35:15,932.615697,0.883625,0.926741,1.019688,1.020750,232,13,1327
2026/02/03/10:35:16,933.615792,0.880906,0.919874,1.013219,0.997101,231,11,1328
2026/02/03/10:35:17,934.615912,0.880906,0.919874,1.013219,0.997101,231,11,1328
2026/02/03/10:35:18,935.616008,0.880906,0.919874,1.013219,0.997101,231,11,1328
2026/02/03/10:35:19,936.616111,0.875188,0.898056,1.007500,0.975283,228,11,1331
2026/02/03/10:35:20,937.616218,0.875188,0.898056,1.007500,0.975283,228,11,1331
2026/02/03/10:35:21,938.616403,0.875344,0.894025,0.997750,0.967687,226,10,1334
2026/02/03/10:35:22,939.616492,0.875344,0.894025,0.997750,0.967687,226,10,1334
2026/02/03/10:35:23,940.616578,0.879031,0.883871,0.991531,0.953967,224,9,1337
2026/02/03/10:35:24,941.616709,0.879031,0.883871,0.991531,0.953967,224,9,1337
2026/02/03/10:35:25,942.616779,0.879031,0.883871,0.991531,0.953967,224,9,1337
2026/02/03/10:35:26,943.616934,0.866563,0.876204,0.979062,0.946299,221,9,1340
2026/02/03/10:35:27,944.617005,0.864969,0.872845,0.977469,0.942941,220,9,1341
2026/02/03/10:35:28,945.617088,0.864969,0.872845,0.977469,0.942941,220,9,1341
2026/02/03/10:35:29,946.617196,0.864969,0.872845,0.977469,0.942941,220,9,1341
2026/02/03/10:35:30,947.617286,0.864969,0.872845,1.000844,0.990815,220,13,1341
2026/02/03/10:35:31,948.617377,0.848812,0.878974,0.953688,0.981344,219,10,1343
2026/02/03/10:35:32,949.617473,0.823219,0.868884,0.921219,0.959133,216,9,1347
2026/02/03/10:35:33,950.617568,0.823219,0.868884,0.921219,0.959133,216,9,1347
2026/02/03/10:35:34,951.617721,0.823219,0.868884,0.921219,0.959133,216,9,1347
2026/02/03/10:35:35,952.617795,0.823219,0.868884,0.921219,0.959133,216,9,1347
2026/02/03/10:35:36,953.617909,0.823219,0.868884,0.921219,0.959133,216,9,1347
2026/02/03/10:35:37,954.617971,0.849437,0.878924,0.947438,0.969173,221,9,1347
2026/02/03/10:35:38,955.618051,0.845750,0.876910,0.943750,0.967159,220,9,1348
2026/02/03/10:35:39,956.618256,0.842063,0.873144,0.940063,0.963393,218,9,1350
2026/02/03/10:35:40,957.618393,0.822000,0.869147,0.920000,0.959396,216,9,1352
2026/02/03/10:35:41,958.618498,0.836094,0.873445,0.920000,0.959396,217,8,1352
2026/02/03/10:35:42,959.618608,0.850313,0.882271,0.941344,0.975553,221,9,1353
2026/02/03/10:35:43,960.618703,0.847688,0.871269,0.917844,0.932980,220,6,1355
2026/02/03/10:35:44,961.618792,0.847688,0.871269,0.917844,0.932980,220,6,1355
2026/02/03/10:35:45,962.618969,0.843187,0.866467,0.913344,0.928177,218,6,1357
2026/02/03/10:35:46,963.619071,0.845750,0.868255,0.915906,0.929965,219,6,1357
2026/02/03/10:35:47,964.619157,0.845750,0.868255,0.915906,0.929965,219,6,1357
2026/02/03/10:35:48,965.619270,0.845750,0.868255,0.915906,0.929965,219,6,1357
2026/02/03/10:35:49,966.619367,0.825344,0.864440,0.895500,0.926151,218,6,1360
2026/02/03/10:35:50,967.619517,0.825344,0.864440,0.895500,0.926151,218,6,1360
2026/02/03/10:35:51,968.619691,0.826156,0.854900,0.885156,0.891073,216,4,1364
2026/02/03/10:35:52,969.619778,0.844281,0.862259,0.889188,0.894135,219,3,1365
2026/02/03/10:35:53,970.619892,0.844281,0.862259,0.889188,0.894135,219,3,1365
2026/02/03/10:35:54,971.619931,0.844281,0.862259,0.889188,0.894135,219,3,1365
2026/02/03/10:35:55,972.620032,0.833125,0.851867,0.878031,0.883743,216,3,1368
2026/02/03/10:35:56,973.620138,0.830000,0.838677,0.874906,0.870553,214,3,1370
2026/02/03/10:35:57,974.620234,0.830000,0.838677,0.874906,0.870553,214,3,1370
2026/02/03/10:35:58,975.620369,0.825438,0.835164,0.870344,0.867040,212,3,1372
2026/02/03/10:35:59,976.620468,0.825438,0.835164,0.870344,0.867040,212,3,1372
2026/02/03/10:36:00,977.620628,0.825438,0.835164,0.870344,0.867040,212,3,1372
2026/02/03/10:36:01,978.620728,0.825438,0.835164,0.870344,0.867040,212,3,1372
2026/02/03/10:36:02,979.620817,0.813250,0.828864,0.858156,0.860740,209,3,1375
2026/02/03/10:36:03,980.620922,0.813250,0.828864,0.858156,0.860740,209,3,1375
2026/02/03/10:36:04,981.621043,0.822625,0.837074,0.867531,0.868949,213,3,1375
2026/02/03/10:36:05,982.621133,0.822625,0.837074,0.867531,0.868949,213,3,1375
2026/02/03/10:36:06,983.621204,0.829812,0.844683,0.874719,0.876559,215,3,1375
2026/02/03/10:36:07,984.621297,0.834875,0.852937,0.883500,0.894949,218,4,1375
2026/02/03/10:36:08,985.621460,0.851625,0.877061,0.900250,0.919073,225,4,1375
2026/02/03/10:36:09,986.621513,0.851625,0.877061,0.900250,0.919073,225,4,1375
2026/02/03/10:36:10,987.621714,0.850344,0.885422,0.898969,0.927434,224,4,1379
2026/02/03/10:36:11,988.621811,0.851187,0.881076,0.899813,0.923088,224,4,1382
2026/02/03/10:36:12,989.621938,0.848031,0.874079,0.896656,0.916091,223,4,1383
2026/02/03/10:36:13,990.622045,0.843969,0.870445,0.892594,0.912457,221,4,1385
2026/02/03/10:36:14,991.622135,0.843969,0.870445,0.892594,0.912457,221,4,1385
2026/02/03/10:36:15,992.622242,0.842375,0.866634,0.891000,0.908646,220,4,1386
2026/02/03/10:36:16,993.622341,0.842375,0.866634,0.891000,0.908646,220,4,1386
2026/02/03/10:36:17,994.622407,0.855969,0.880176,0.906250,0.932362,226,5,1388
2026/02/03/10:36:18,995.622515,0.855563,0.880923,0.916469,0.942417,226,6,1389
2026/02/03/10:36:19,996.622598,0.852844,0.878847,0.908375,0.920032,225,4,1390
2026/02/03/10:36:20,997.622706,0.844531,0.873027,0.889437,0.904903,222,3,1393
2026/02/03/10:36:21,998.623029,0.846656,0.874094,0.904406,0.913058,222,6,1395
2026/02/03/10:36:22,999.623092,0.872938,0.877231,0.927094,0.911420,228,4,1397
2026/02/03/10:36:23,1000.623196,0.869625,0.873112,0.972406,0.942088,226,9,1399
2026/02/03/10:36:24,1001.623233,0.863437,0.863272,0.936531,0.917477,222,6,1406
2026/02/03/10:36:25,1002.623340,0.864844,0.864985,0.911156,0.912307,222,4,1407
2026/02/03/10:36:26,1003.623429,0.864844,0.864985,0.911156,0.912307,222,4,1407
2026/02/03/10:36:27,1004.623527,0.860406,0.862489,0.906719,0.909810,221,4,1408
2026/02/03/10:36:28,1005.623627,0.854125,0.856846,0.900438,0.904168,218,4,1411
2026/02/03/10:36:29,1006.623719,0.883094,0.868346,0.988938,0.952830,223,12,1411
2026/02/03/10:36:30,1007.623818,0.885312,0.864833,0.963219,0.932248,223,9,1414
2026/02/03/10:36:31,1008.623959,0.885312,0.864833,0.963219,0.932248,223,9,1414
2026/02/03/10:36:32,1009.624061,0.889500,0.873730,0.958906,0.927094,223,7,1416
2026/02/03/10:36:33,1010.624199,0.887344,0.871949,0.930969,0.913602,222,4,1417
2026/02/03/10:36:34,1011.624292,0.874594,0.850873,0.918219,0.892526,219,4,1420
2026/02/03/10:36:35,1012.624382,0.864094,0.848686,0.897219,0.888151,218,3,1421
2026/02/03/10:36:36,1013.624480,0.853062,0.838512,0.886188,0.877977,215,3,1424
2026/02/03/10:36:37,1014.624573,0.858844,0.844012,0.891969,0.883477,217,3,1426
2026/02/03/10:36:38,1015.624667,0.858844,0.844012,0.891969,0.883477,217,3,1426
2026/02/03/10:36:39,1016.624761,0.853406,0.840433,0.932000,0.898259,215,6,1429
2026/02/03/10:36:40,1017.624886,0.860781,0.839476,0.921906,0.879294,215,4,1431
2026/02/03/10:36:41,1018.624986,0.854281,0.825536,0.915406,0.865354,213,4,1433
2026/02/03/10:36:42,1019.625095,0.839125,0.819416,0.869938,0.846994,212,2,1434
2026/02/03/10:36:43,1020.625200,0.839125,0.819416,0.869938,0.846994,212,2,1434
2026/02/03/10:36:44,1021.625292,0.818875,0.812757,0.849688,0.840335,209,2,1437
2026/02/03/10:36:45,1022.625393,0.818875,0.812757,0.849688,0.840335,209,2,1437
2026/02/03/10:36:46,1023.625497,0.818875,0.812757,0.849688,0.840335,209,2,1437
2026/02/03/10:36:47,1024.625574,0.818875,0.812757,0.849688,0.840335,209,2,1437
2026/02/03/10:36:48,1025.625682,0.818875,0.812757,0.849688,0.840335,209,2,1437
2026/02/03/10:36:49,1026.625798,0.816969,0.810371,0.847781,0.837949,208,2,1438
2026/02/03/10:36:50,1027.625951,0.816969,0.810371,0.847781,0.837949,208,2,1438
2026/02/03/10:36:51,1028.626059,0.816969,0.810371,0.847781,0.837949,208,2,1438
2026/02/03/10:36:52,1029.626156,0.816969,0.810371,0.847781,0.837949,208,2,1438
2026/02/03/10:36:53,1030.626261,0.798469,0.805744,0.829281,0.833321,206,2,1440
2026/02/03/10:36:54,1031.626362,0.795312,0.802710,0.826125,0.830288,205,2,1441
2026/02/03/10:36:55,1032.626446,0.829906,0.823931,0.872687,0.856041,214,3,1441
2026/02/03/10:36:56,1033.626606,0.841344,0.841528,0.896094,0.878171,218,4,1441
2026/02/03/10:36:57,1034.626695,0.849906,0.839118,0.880719,0.866696,215,2,1446
2026/02/03/10:36:58,1035.626774,0.831781,0.821627,0.862594,0.849205,209,2,1452
2026/02/03/10:36:59,1036.626922,0.822125,0.809545,0.852938,0.837123,206,2,1455
2026/02/03/10:37:00,1037.626965,0.822125,0.809545,0.852938,0.837123,206,2,1455
2026/02/03/10:37:01,1038.627057,0.793219,0.795389,0.824031,0.822967,201,2,1460
2026/02/03/10:37:02,1039.627176,0.793219,0.795389,0.824031,0.822967,201,2,1460
2026/02/03/10:37:03,1040.627331,0.793219,0.795389,0.824031,0.822967,201,2,1460
2026/02/03/10:37:04,1041.627409,0.789906,0.786266,0.820719,0.813844,199,2,1462
2026/02/03/10:37:05,1042.627490,0.789906,0.786266,0.820719,0.813844,199,2,1462
2026/02/03/10:37:06,1043.627651,0.789906,0.786266,0.820719,0.813844,199,2,1462
2026/02/03/10:37:07,1044.627739,0.789906,0.786266,0.820719,0.813844,199,2,1462
2026/02/03/10:37:08,1045.627935,0.789906,0.786266,0.820719,0.813844,199,2,1462
2026/02/03/10:37:09,1046.628059,0.783125,0.781745,0.813937,0.809323,198,2,1463
2026/02/03/10:37:10,1047.628175,0.783125,0.781745,0.813937,0.809323,198,2,1463
2026/02/03/10:37:11,1048.628262,0.811625,0.809223,0.842437,0.836801,206,2,1463
2026/02/03/10:37:12,1049.628358,0.811625,0.809223,0.842437,0.836801,206,2,1463
2026/02/03/10:37:13,1050.628468,0.795438,0.791363,0.826250,0.818940,202,2,1467
2026/02/03/10:37:14,1051.628601,0.795813,0.783498,0.811219,0.797287,198,1,1472
2026/02/03/10:37:15,1052.628670,0.818250,0.797237,0.833656,0.811026,204,1,1472
2026/02/03/10:37:16,1053.628778,0.817625,0.807390,0.833031,0.821179,206,1,1473
2026/02/03/10:37:17,1054.628892,0.817625,0.807390,0.833031,0.821179,206,1,1473
2026/02/03/10:37:18,1055.628946,0.804750,0.790665,0.820156,0.804454,202,1,1477
2026/02/03/10:37:19,1056.629060,0.801156,0.788981,0.816562,0.802769,201,1,1478
2026/02/03/10:37:20,1057.629199,0.798844,0.786544,0.814250,0.800333,200,1,1479
2026/02/03/10:37:21,1058.629313,0.792094,0.781411,0.807500,0.795200,197,1,1482
2026/02/03/10:37:22,1059.629417,0.792094,0.781411,0.807500,0.795200,197,1,1482
2026/02/03/10:37:23,1060.629517,0.792094,0.781411,0.807500,0.795200,197,1,1482
2026/02/03/10:37:24,1061.629616,0.792094,0.781411,0.807500,0.795200,197,1,1482
2026/02/03/10:37:25,1062.629745,0.792094,0.781411,0.807500,0.795200,197,1,1482
2026/02/03/10:37:26,1063.629837,0.792094,0.781411,0.807500,0.795200,197,1,1482
2026/02/03/10:37:27,1064.629904,0.802687,0.790579,0.818094,0.804368,200,1,1485
2026/02/03/10:37:28,1065.630014,0.802687,0.790579,0.818094,0.804368,200,1,1485
2026/02/03/10:37:29,1066.630167,0.800000,0.788407,0.815406,0.802195,199,1,1486
2026/02/03/10:37:30,1067.630245,0.800000,0.788407,0.815406,0.802195,199,1,1486
2026/02/03/10:37:31,1068.630410,0.788094,0.776454,0.803500,0.790243,196,1,1489
2026/02/03/10:37:32,1069.630499,0.788094,0.776454,0.803500,0.790243,196,1,1489
2026/02/03/10:37:33,1070.630606,0.788094,0.776454,0.803500,0.790243,196,1,1489
2026/02/03/10:37:34,1071.630705,0.749125,0.771664,0.749125,0.771664,191,0,1495
2026/02/03/10:37:35,1072.630802,0.749125,0.771664,0.749125,0.771664,191,0,1495
2026/02/03/10:37:36,1073.630949,0.749125,0.771664,0.749125,0.771664,191,0,1495
2026/02/03/10:37:37,1074.631051,0.749125,0.771664,0.749125,0.771664,191,0,1495
2026/02/03/10:37:38,1075.631139,0.749125,0.771664,0.749125,0.771664,191,0,1495
2026/02/03/10:37:39,1076.631250,0.741563,0.769961,0.741563,0.769961,190,0,1496
2026/02/03/10:37:40,1077.631341,0.741563,0.769961,0.741563,0.769961,190,0,1496
2026/02/03/10:37:41,1078.631431,0.741563,0.769961,0.741563,0.769961,190,0,1496
2026/02/03/10:37:42,1079.631532,0.783281,0.804527,0.783281,0.804527,198,0,1496
2026/02/03/10:37:43,1080.631684,0.783281,0.804527,0.783281,0.804527,198,0,1496
2026/02/03/10:37:44,1081.631786,0.762281,0.800882,0.762281,0.800882,196,0,1498
2026/02/03/10:37:45,1082.631913,0.774969,0.805107,0.774969,0.805107,198,0,1498
2026/02/03/10:37:46,1083.632034,0.774969,0.805107,0.774969,0.805107,198,0,1498
2026/02/03/10:37:47,1084.632114,0.771281,0.802318,0.771281,0.802318,197,0,1499
2026/02/03/10:37:48,1085.632174,0.780094,0.806376,0.780094,0.806376,197,0,1501
2026/02/03/10:37:49,1086.632261,0.816063,0.846203,0.825125,0.852635,205,1,1501
2026/02/03/10:37:50,1087.632322,0.839906,0.877364,0.863031,0.889597,212,3,1501
2026/02/03/10:37:51,1088.632435,0.838437,0.870537,0.872062,0.882739,212,3,1502
2026/02/03/10:37:52,1089.632577,0.836562,0.859895,0.870188,0.872097,211,3,1503
2026/02/03/10:37:53,1090.632679,0.847531,0.856594,0.847531,0.856594,211,0,1506
2026/02/03/10:37:54,1091.632780,0.847531,0.856594,0.847531,0.856594,211,0,1506
2026/02/03/10:37:55,1092.632913,0.826000,0.832141,0.826000,0.832141,205,0,1512
2026/02/03/10:37:56,1093.633016,0.856719,0.860076,0.875250,0.889142,209,3,1515
2026/02/03/10:37:57,1094.633106,0.857781,0.859882,0.862844,0.886404,209,2,1516
2026/02/03/10:37:58,1095.633203,0.864031,0.863089,0.876406,0.905400,211,4,1516
2026/02/03/10:37:59,1096.633272,0.871437,0.867804,0.883813,0.910115,214,4,1516
2026/02/03/10:38:00,1097.633416,0.807156,0.850292,0.812219,0.876815,208,2,1524
2026/02/03/10:38:01,1098.633562,0.800906,0.847085,0.805969,0.873607,206,2,1526
2026/02/03/10:38:02,1099.633669,0.786844,0.838972,0.791906,0.865495,204,2,1528
2026/02/03/10:38:03,1100.633822,0.786687,0.843080,0.789219,0.856342,204,1,1529
2026/02/03/10:38:04,1101.633972,0.786687,0.843080,0.789219,0.856342,204,1,1529
2026/02/03/10:38:05,1102.634075,0.778969,0.838587,0.778969,0.838587,201,0,1533
2026/02/03/10:38:06,1103.634141,0.778969,0.838587,0.778969,0.838587,201,0,1533
2026/02/03/10:38:07,1104.634255,0.778969,0.838587,0.778969,0.838587,201,0,1533
2026/02/03/10:38:08,1105.634349,0.784750,0.830324,0.784750,0.830324,202,0,1535
2026/02/03/10:38:09,1106.634447,0.784750,0.830324,0.784750,0.830324,202,0,1535
2026/02/03/10:38:10,1107.634548,0.784750,0.830324,0.784750,0.830324,202,0,1535
2026/02/03/10:38:11,1108.634633,0.791781,0.837462,0.791781,0.837462,207,0,1537
2026/02/03/10:38:12,1109.634773,0.791781,0.837462,0.791781,0.837462,207,0,1537
2026/02/03/10:38:13,1110.634903,0.788188,0.835764,0.788188,0.835764,206,0,1538
2026/02/03/10:38:14,1111.634956,0.793125,0.846008,0.793125,0.846008,207,0,1538
2026/02/03/10:38:15,1112.635055,0.793125,0.846008,0.793125,0.846008,207,0,1538
2026/02/03/10:38:16,1113.635128,0.837531,0.878258,0.837531,0.878258,219,0,1538
2026/02/03/10:38:17,1114.635266,0.856000,0.892889,0.864469,0.896948,222,1,1539
2026/02/03/10:38:18,1115.635359,0.873969,0.892728,0.873969,0.892728,224,0,1546
2026/02/03/10:38:19,1116.635470,0.844938,0.872064,0.844938,0.872064,219,0,1551
2026/02/03/10:38:20,1117.635584,0.853250,0.878206,0.853250,0.878206,222,0,1553
2026/02/03/10:38:21,1118.635643,0.847719,0.872392,0.847719,0.872392,219,0,1556
2026/02/03/10:38:22,1119.635749,0.817063,0.860947,0.817063,0.860947,214,0,1561
2026/02/03/10:38:23,1120.635842,0.811562,0.857530,0.811562,0.857530,213,0,1562
2026/02/03/10:38:24,1121.635937,0.804625,0.854532,0.804625,0.854532,212,0,1563
2026/02/03/10:38:25,1122.636055,0.802219,0.850903,0.802219,0.850903,211,0,1564
2026/02/03/10:38:26,1123.636142,0.802219,0.850903,0.802219,0.850903,211,0,1564
2026/02/03/10:38:27,1124.636244,0.797344,0.841258,0.797344,0.841258,208,0,1567
2026/02/03/10:38:28,1125.636332,0.794156,0.835635,0.794156,0.835635,206,0,1569
2026/02/03/10:38:29,1126.636442,0.786375,0.830248,0.786375,0.830248,203,0,1572
2026/02/03/10:38:30,1127.636595,0.786375,0.830248,0.786375,0.830248,203,0,1572
2026/02/03/10:38:31,1128.636744,0.786375,0.830248,0.786375,0.830248,203,0,1572
2026/02/03/10:38:32,1129.636842,0.775219,0.819873,0.775219,0.819873,199,0,1576
2026/02/03/10:38:33,1130.636947,0.775219,0.819873,0.775219,0.819873,199,0,1576
2026/02/03/10:38:34,1131.637039,0.780469,0.828460,0.780469,0.828460,202,0,1576
2026/02/03/10:38:35,1132.637147,0.780469,0.828460,0.780469,0.828460,202,0,1576
2026/02/03/10:38:36,1133.637362,0.780469,0.828460,0.780469,0.828460,202,0,1576
2026/02/03/10:38:37,1134.637387,0.780469,0.828460,0.780469,0.828460,202,0,1576
2026/02/03/10:38:38,1135.637465,0.780469,0.828460,0.780469,0.828460,202,0,1576
2026/02/03/10:38:39,1136.637562,0.782531,0.830317,0.792406,0.851191,203,2,1576
2026/02/03/10:38:40,1137.637674,0.814562,0.856049,0.824438,0.876922,213,2,1576
2026/02/03/10:38:41,1138.637770,0.825594,0.875741,0.835469,0.896614,218,2,1576
2026/02/03/10:38:42,1139.637936,0.817594,0.869287,0.817594,0.869287,215,0,1579
2026/02/03/10:38:43,1140.638029,0.812031,0.863508,0.812031,0.863508,212,0,1582
2026/02/03/10:38:44,1141.638126,0.793219,0.839206,0.793219,0.839206,204,0,1590
2026/02/03/10:38:45,1142.638217,0.793219,0.839206,0.793219,0.839206,204,0,1590
2026/02/03/10:38:46,1143.638342,0.789687,0.836592,0.789687,0.836592,203,0,1591
2026/02/03/10:38:47,1144.638535,0.789687,0.836592,0.789687,0.836592,203,0,1591
2026/02/03/10:38:48,1145.638639,0.772719,0.828723,0.772719,0.828723,200,0,1594
2026/02/03/10:38:49,1146.638788,0.772719,0.828723,0.772719,0.828723,200,0,1594
2026/02/03/10:38:50,1147.638917,0.772719,0.828723,0.772719,0.828723,200,0,1594
2026/02/03/10:38:51,1148.639207,0.772719,0.828723,0.772719,0.828723,200,0,1594
2026/02/03/10:38:52,1149.639320,0.770750,0.818364,0.770750,0.818364,199,0,1595
2026/02/03/10:38:53,1150.639433,0.792000,0.836178,0.794250,0.849416,205,1,1595
2026/02/03/10:38:54,1151.639547,0.792000,0.836178,0.794250,0.849416,205,1,1595
2026/02/03/10:38:55,1152.639636,0.785281,0.822730,0.787531,0.835967,202,1,1598
2026/02/03/10:38:56,1153.639791,0.793094,0.842842,0.832750,0.895426,206,5,1598
2026/02/03/10:38:57,1154.639897,0.793094,0.842842,0.832750,0.895426,206,5,1598
2026/02/03/10:38:58,1155.640012,0.793094,0.842842,0.832750,0.895426,206,5,1598
2026/02/03/10:38:59,1156.640162,0.780438,0.838029,0.820094,0.890613,203,5,1601
2026/02/03/10:39:00,1157.640288,0.775375,0.823995,0.808094,0.854273,201,3,1603
2026/02/03/10:39:01,1158.640366,0.766375,0.811862,0.799094,0.842139,198,3,1606
2026/02/03/10:39:02,1159.640430,0.766375,0.811862,0.799094,0.842139,198,3,1606
2026/02/03/10:39:03,1160.640582,0.766375,0.811862,0.766375,0.811862,198,0,1606
2026/02/03/10:39:04,1161.640674,0.766375,0.811862,0.766375,0.811862,198,0,1606
2026/02/03/10:39:05,1162.640754,0.766375,0.811862,0.766375,0.811862,198,0,1606
2026/02/03/10:39:06,1163.640860,0.766375,0.811862,0.766375,0.811862,198,0,1606
2026/02/03/10:39:07,1164.640925,0.777813,0.824798,0.777813,0.824798,203,0,1606
2026/02/03/10:39:08,1165.641013,0.777813,0.824798,0.777813,0.824798,203,0,1606
2026/02/03/10:39:09,1166.641122,0.776250,0.820926,0.776250,0.820926,202,0,1607
2026/02/03/10:39:10,1167.641192,0.776250,0.820926,0.776250,0.820926,202,0,1607
2026/02/03/10:39:11,1168.641276,0.776250,0.820926,0.776250,0.820926,202,0,1607
2026/02/03/10:39:12,1169.641385,0.769531,0.814479,0.769531,0.814479,199,0,1610
2026/02/03/10:39:13,1170.641473,0.769531,0.814479,0.769531,0.814479,199,0,1610
2026/02/03/10:39:14,1171.641581,0.769531,0.814479,0.769531,0.814479,199,0,1610
2026/02/03/10:39:15,1172.641680,0.769531,0.814479,0.769531,0.814479,199,0,1610
2026/02/03/10:39:16,1173.641765,0.769531,0.814479,0.769531,0.814479,199,0,1610
2026/02/03/10:39:17,1174.641845,0.762125,0.809765,0.762125,0.809765,196,0,1613
2026/02/03/10:39:18,1175.641953,0.762125,0.809765,0.762125,0.809765,196,0,1613
2026/02/03/10:39:19,1176.642089,0.760344,0.803768,0.760344,0.803768,195,0,1614
2026/02/03/10:39:20,1177.642235,0.760344,0.803768,0.760344,0.803768,195,0,1614
2026/02/03/10:39:21,1178.642334,0.760344,0.803768,0.760344,0.803768,195,0,1614
2026/02/03/10:39:22,1179.642425,0.760344,0.803768,0.760344,0.803768,195,0,1614
2026/02/03/10:39:23,1180.642524,0.762687,0.805407,0.762687,0.805407,196,0,1614
2026/02/03/10:39:24,1181.642615,0.758594,0.800000,0.758594,0.800000,195,0,1615
2026/02/03/10:39:25,1182.642681,0.758594,0.800000,0.758594,0.800000,195,0,1615
2026/02/03/10:39:26,1183.642849,0.767031,0.809399,0.767031,0.809399,198,0,1615
2026/02/03/10:39:27,1184.643015,0.778469,0.820099,0.778469,0.820099,201,0,1615
2026/02/03/10:39:28,1185.643113,0.778469,0.820099,0.778469,0.820099,201,0,1615
2026/02/03/10:39:29,1186.643209,0.767031,0.809399,0.767031,0.809399,198,0,1618
2026/02/03/10:39:30,1187.643299,0.767031,0.809399,0.767031,0.809399,198,0,1618
2026/02/03/10:39:31,1188.643393,0.767031,0.809399,0.767031,0.809399,198,0,1618
2026/02/03/10:39:32,1189.643487,0.779344,0.818992,0.779344,0.818992,203,0,1618
2026/02/03/10:39:33,1190.643632,0.783406,0.817079,0.783406,0.817079,202,0,1621
2026/02/03/10:39:34,1191.643706,0.783406,0.817079,0.783406,0.817079,202,0,1621
2026/02/03/10:39:35,1192.643783,0.780000,0.815100,0.780000,0.815100,201,0,1622
2026/02/03/10:39:36,1193.643914,0.777281,0.820768,0.777281,0.820768,201,0,1624
2026/02/03/10:39:37,1194.643964,0.800969,0.859394,0.800969,0.859394,209,0,1625
2026/02/03/10:39:38,1195.644120,0.797875,0.856973,0.797875,0.856973,208,0,1626
2026/02/03/10:39:39,1196.644195,0.787312,0.852420,0.787312,0.852420,206,0,1628
2026/02/03/10:39:40,1197.644341,0.809562,0.857155,0.811531,0.868990,208,1,1631
2026/02/03/10:39:41,1198.644441,0.824625,0.871483,0.826594,0.883318,213,1,1635
2026/02/03/10:39:42,1199.644513,0.824625,0.871483,0.826594,0.883318,213,1,1635
2026/02/03/10:39:43,1200.644638,0.807719,0.853956,0.809688,0.865791,209,1,1639
2026/02/03/10:39:44,1201.644786,0.801906,0.848763,0.803875,0.860598,206,1,1642
2026/02/03/10:39:45,1202.644960,0.801906,0.848763,0.801906,0.848763,206,0,1642
2026/02/03/10:39:46,1203.645066,0.801906,0.848763,0.801906,0.848763,206,0,1642
2026/02/03/10:39:47,1204.645162,0.788094,0.832964,0.788094,0.832964,202,0,1646
2026/02/03/10:39:48,1205.645310,0.768594,0.825455,0.768594,0.825455,199,0,1649
2026/02/03/10:39:49,1206.645421,0.768594,0.825455,0.768594,0.825455,199,0,1649
2026/02/03/10:39:50,1207.646490,0.766500,0.818366,0.766500,0.818366,198,0,1650
2026/02/03/10:39:51,1208.646637,0.766500,0.818366,0.766500,0.818366,198,0,1650
2026/02/03/10:39:52,1209.646736,0.766500,0.818366,0.766500,0.818366,198,0,1650
2026/02/03/10:39:53,1210.646820,0.766500,0.818366,0.766500,0.818366,198,0,1650
2026/02/03/10:39:54,1211.646956,0.793562,0.840094,0.793562,0.840094,206,0,1650
2026/02/03/10:39:55,1212.647063,0.795094,0.840246,0.795094,0.840246,207,0,1651
2026/02/03/10:39:56,1213.648221,0.795344,0.848115,0.795344,0.848115,208,0,1652
2026/02/03/10:39:57,1214.648304,0.791594,0.841989,0.791594,0.841989,206,0,1654
2026/02/03/10:39:58,1215.648399,0.788031,0.838315,0.788031,0.838315,204,0,1656
2026/02/03/10:39:59,1216.648497,0.784031,0.827614,0.784031,0.827614,202,0,1658
2026/02/03/10:40:00,1217.648567,0.771687,0.820902,0.771687,0.820902,199,0,1661
2026/02/03/10:40:01,1218.648670,0.771687,0.820902,0.771687,0.820902,199,0,1661
2026/02/03/10:40:02,1219.648810,0.768437,0.810032,0.768437,0.810032,198,0,1662
2026/02/03/10:40:03,1220.648927,0.768437,0.810032,0.768437,0.810032,198,0,1662
2026/02/03/10:40:04,1221.649010,0.768437,0.810032,0.768437,0.810032,198,0,1662
2026/02/03/10:40:05,1222.649104,0.768437,0.810032,0.768437,0.810032,198,0,1662
2026/02/03/10:40:06,1223.649179,0.768437,0.810032,0.768437,0.810032,198,0,1662
2026/02/03/10:40:07,1224.649275,0.759375,0.805872,0.759375,0.805872,196,0,1664
2026/02/03/10:40:08,1225.649369,0.759375,0.805872,0.759375,0.805872,196,0,1664
2026/02/03/10:40:09,1226.649473,0.759375,0.805872,0.759375,0.805872,196,0,1664
2026/02/03/10:40:10,1227.649566,0.759375,0.805872,0.759375,0.805872,196,0,1664
2026/02/03/10:40:11,1228.649647,0.767437,0.816164,0.767437,0.816164,199,0,1664
2026/02/03/10:40:12,1229.649744,0.794406,0.833801,0.799562,0.874459,206,3,1664
2026/02/03/10:40:13,1230.649854,0.794406,0.833801,0.799562,0.874459,206,3,1664
2026/02/03/10:40:14,1231.649961,0.794406,0.833801,0.794406,0.833801,206,0,1664
2026/02/03/10:40:15,1232.650027,0.776719,0.809345,0.776719,0.809345,200,0,1670
2026/02/03/10:40:16,1233.650118,0.786937,0.817101,0.786937,0.817101,203,0,1670
2026/02/03/10:40:17,1234.650225,0.774750,0.808655,0.774750,0.808655,201,0,1672
2026/02/03/10:40:18,1235.650364,0.774750,0.808655,0.774750,0.808655,201,0,1672
2026/02/03/10:40:19,1236.650462,0.774750,0.808655,0.774750,0.808655,201,0,1672
2026/02/03/10:40:20,1237.650562,0.771281,0.807118,0.771281,0.807118,201,0,1675
2026/02/03/10:40:21,1238.650669,0.771281,0.807118,0.776625,0.815113,201,3,1675
2026/02/03/10:40:22,1239.650745,0.776625,0.815113,0.776625,0.815113,204,0,1675
2026/02/03/10:40:23,1240.650852,0.768219,0.805907,0.768219,0.805907,200,0,1679
2026/02/03/10:40:24,1241.650972,0.768219,0.805907,0.768219,0.805907,200,0,1679
2026/02/03/10:40:25,1242.651052,0.768219,0.805907,0.768219,0.805907,200,0,1679
2026/02/03/10:40:26,1243.651151,0.768219,0.805907,0.768219,0.805907,200,0,1679
2026/02/03/10:40:27,1244.651303,0.764062,0.802255,0.764062,0.802255,199,0,1680
2026/02/03/10:40:28,1245.651398,0.774531,0.816876,0.774531,0.816876,203,0,1680
2026/02/03/10:40:29,1246.651479,0.774531,0.816876,0.779031,0.845930,203,2,1680
2026/02/03/10:40:30,1247.651578,0.769375,0.803666,0.773875,0.832720,201,2,1682
2026/02/03/10:40:31,1248.651682,0.769375,0.803666,0.773875,0.832720,201,2,1682
2026/02/03/10:40:32,1249.651780,0.761500,0.818062,0.761500,0.818062,200,0,1685
2026/02/03/10:40:33,1250.651857,0.758188,0.816163,0.758188,0.816163,199,0,1686
2026/02/03/10:40:34,1251.651945,0.753687,0.787109,0.753687,0.787109,197,0,1688
2026/02/03/10:40:35,1252.652045,0.753687,0.787109,0.753687,0.787109,197,0,1688
2026/02/03/10:40:36,1253.652141,0.753687,0.787109,0.753687,0.787109,197,0,1688
2026/02/03/10:40:37,1254.652235,0.753687,0.787109,0.753687,0.787109,197,0,1688
2026/02/03/10:40:38,1255.652386,0.753687,0.787109,0.753687,0.787109,197,0,1688
2026/02/03/10:40:39,1256.652538,0.753687,0.787109,0.753687,0.787109,197,0,1688
2026/02/03/10:40:40,1257.652646,0.753687,0.787109,0.756062,0.789022,197,1,1688
2026/02/03/10:40:41,1258.652712,0.756062,0.789022,0.756062,0.789022,198,0,1688
2026/02/03/10:40:42,1259.652823,0.756062,0.789022,0.756062,0.789022,198,0,1688
2026/02/03/10:40:43,1260.652926,0.793469,0.836284,0.798438,0.873369,210,3,1688
2026/02/03/10:40:44,1261.653073,0.807656,0.840440,0.818500,0.890095,212,4,1689
2026/02/03/10:40:45,1262.653165,0.797531,0.835574,0.803406,0.848144,209,1,1692
2026/02/03/10:40:46,1263.653243,0.792312,0.832418,0.798188,0.844988,208,1,1693
2026/02/03/10:40:47,1264.653358,0.785750,0.828519,0.791625,0.841089,206,1,1695
2026/02/03/10:40:48,1265.653431,0.785750,0.828519,0.791625,0.841089,206,1,1695
2026/02/03/10:40:49,1266.653564,0.778719,0.820773,0.784594,0.833343,203,1,1698
2026/02/03/10:40:50,1267.653704,0.787281,0.824390,0.793156,0.836961,205,1,1698
2026/02/03/10:40:51,1268.653846,0.795000,0.845561,0.795000,0.845561,210,0,1699
2026/02/03/10:40:52,1269.654068,0.842938,0.866018,0.844906,0.867925,221,1,1699
2026/02/03/10:40:53,1270.654163,0.867250,0.883253,0.867250,0.883253,227,0,1701
2026/02/03/10:40:54,1271.654244,0.885437,0.903150,0.915813,0.923680,236,3,1701
2026/02/03/10:40:55,1272.654339,0.898250,0.925370,0.932250,0.956946,242,5,1705
2026/02/03/10:40:56,1273.654425,0.902531,0.926186,0.932906,0.946715,244,3,1709
2026/02/03/10:40:57,1274.654507,0.895031,0.923881,0.925406,0.944411,243,3,1713
2026/02/03/10:40:58,1275.654599,0.883594,0.914920,0.903844,0.928607,235,2,1722
2026/02/03/10:40:59,1276.654679,0.883594,0.914920,0.903844,0.928607,235,2,1722
2026/02/03/10:41:00,1277.654782,0.863938,0.900874,0.863938,0.900874,231,0,1727
2026/02/03/10:41:01,1278.654886,0.854781,0.889613,0.854781,0.889613,227,0,1731
2026/02/03/10:41:02,1279.654949,0.851281,0.880143,0.851281,0.880143,225,0,1733
2026/02/03/10:41:03,1280.655033,0.881406,0.906052,0.908969,0.950960,234,5,1733
2026/02/03/10:41:04,1281.655125,0.879094,0.902871,0.906656,0.947778,233,5,1734
2026/02/03/10:41:05,1282.655310,0.867812,0.891602,0.895375,0.936509,228,5,1739
2026/02/03/10:41:06,1283.655401,0.862406,0.884653,0.889969,0.929560,225,5,1742
2026/02/03/10:41:07,1284.655512,0.862406,0.884653,0.889969,0.929560,225,5,1742
2026/02/03/10:41:08,1285.655608,0.860125,0.856808,0.871469,0.859103,222,1,1746
2026/02/03/10:41:09,1286.655706,0.853844,0.848971,0.865187,0.851267,219,1,1749
2026/02/03/10:41:10,1287.655806,0.853844,0.848971,0.865187,0.851267,219,1,1749
2026/02/03/10:41:11,1288.655938,0.835438,0.843488,0.835438,0.843488,216,0,1753
2026/02/03/10:41:12,1289.656017,0.829156,0.838794,0.829156,0.838794,213,0,1756
2026/02/03/10:41:13,1290.656139,0.795125,0.831908,0.795125,0.831908,210,0,1759
2026/02/03/10:41:14,1291.656229,0.795125,0.831908,0.795125,0.831908,210,0,1759
2026/02/03/10:41:15,1292.656328,0.795125,0.831908,0.795125,0.831908,210,0,1759
2026/02/03/10:41:16,1293.656422,0.795125,0.831908,0.795125,0.831908,210,0,1759
2026/02/03/10:41:17,1294.656523,0.780406,0.806876,0.780406,0.806876,204,0,1765
2026/02/03/10:41:18,1295.656607,0.780438,0.824809,0.780438,0.824809,207,0,1767
2026/02/03/10:41:19,1296.656728,0.818625,0.867174,0.818625,0.867174,218,0,1767
2026/02/03/10:41:20,1297.656814,0.846500,0.902384,0.849781,0.912527,229,1,1767
2026/02/03/10:41:21,1298.656905,0.846625,0.898346,0.849906,0.908488,229,1,1772
2026/02/03/10:41:22,1299.656955,0.828906,0.874346,0.828906,0.874346,221,0,1780
2026/02/03/10:41:23,1300.657050,0.826875,0.872023,0.826875,0.872023,220,0,1781
2026/02/03/10:41:24,1301.657137,0.825250,0.869395,0.825250,0.869395,219,0,1782
2026/02/03/10:41:25,1302.657238,0.827438,0.882787,0.827438,0.882787,220,0,1782
2026/02/03/10:41:26,1303.657331,0.827438,0.882787,0.827438,0.882787,220,0,1782
2026/02/03/10:41:27,1304.657428,0.880062,0.914912,0.890375,0.944153,232,5,1782
2026/02/03/10:41:28,1305.657518,0.903781,0.929092,0.908750,0.951496,237,3,1789
2026/02/03/10:41:29,1306.657655,0.912000,0.935458,0.933562,0.980262,241,8,1791
2026/02/03/10:41:30,1307.657755,0.919312,0.941290,0.938000,0.991096,242,8,1797
2026/02/03/10:41:31,1308.657853,0.913281,0.937037,0.937375,0.992118,243,8,1803
2026/02/03/10:41:32,1309.657943,0.904813,0.925145,0.931469,0.958450,237,5,1813
2026/02/03/10:41:33,1310.658054,0.890125,0.919755,0.892188,0.927024,234,1,1820
2026/02/03/10:41:34,1311.658121,0.894312,0.921480,0.896375,0.928750,235,1,1820
2026/02/03/10:41:35,1312.658274,0.916781,0.934962,0.936219,0.965672,240,5,1821
2026/02/03/10:41:36,1313.658380,0.920781,0.925933,0.924969,0.939918,237,2,1828
2026/02/03/10:41:37,1314.658501,0.874156,0.898795,0.876219,0.906065,226,1,1840
2026/02/03/10:41:38,1315.658664,0.864656,0.887645,0.866719,0.894915,222,1,1844
2026/02/03/10:41:39,1316.658764,0.860531,0.873106,0.860531,0.873106,220,0,1846
2026/02/03/10:41:40,1317.658909,0.854375,0.853184,0.854375,0.853184,217,0,1849
2026/02/03/10:41:41,1318.658978,0.849875,0.845995,0.849875,0.845995,215,0,1851
2026/02/03/10:41:42,1319.659118,0.849875,0.845995,0.849875,0.845995,215,0,1851
2026/02/03/10:41:43,1320.659232,0.849875,0.845995,0.849875,0.845995,215,0,1851
2026/02/03/10:41:44,1321.659373,0.836187,0.832265,0.836187,0.832265,212,0,1854
2026/02/03/10:41:45,1322.659501,0.825969,0.825249,0.825969,0.825249,209,0,1857
2026/02/03/10:41:46,1323.659669,0.825969,0.825249,0.825969,0.825249,209,0,1857
2026/02/03/10:41:47,1324.659751,0.825969,0.825249,0.825969,0.825249,209,0,1857
2026/02/03/10:41:48,1325.659861,0.822156,0.819493,0.822156,0.819493,207,0,1859
2026/02/03/10:41:49,1326.659976,0.832875,0.851856,0.836063,0.856948,212,1,1859
2026/02/03/10:41:50,1327.660058,0.836063,0.856948,0.836063,0.856948,213,0,1859
2026/02/03/10:41:51,1328.660109,0.834156,0.854707,0.834156,0.854707,212,0,1860
2026/02/03/10:41:52,1329.660264,0.834156,0.854707,0.834156,0.854707,212,0,1860
2026/02/03/10:41:53,1330.660416,0.828625,0.831455,0.828625,0.831455,209,0,1863
2026/02/03/10:41:54,1331.660516,0.828625,0.831455,0.828625,0.831455,209,0,1863
2026/02/03/10:41:55,1332.660571,0.834812,0.837464,0.834812,0.837464,209,0,1865
2026/02/03/10:41:56,1333.660731,0.834812,0.837464,0.834812,0.837464,209,0,1865
2026/02/03/10:41:57,1334.660884,0.852594,0.851974,0.852594,0.851974,215,0,1865
2026/02/03/10:41:58,1335.660962,0.876031,0.880897,0.910719,0.900830,223,4,1867
2026/02/03/10:41:59,1336.661053,0.892625,0.911559,0.925813,0.926103,230,4,1869
2026/02/03/10:42:00,1337.661203,0.881219,0.895853,0.923719,0.939393,227,7,1875
2026/02/03/10:42:01,1338.661327,0.893875,0.910635,0.934750,0.952585,232,6,1876
2026/02/03/10:42:02,1339.661398,0.896594,0.911827,0.928094,0.923555,233,3,1878
2026/02/03/10:42:03,1340.661487,0.877750,0.891107,0.909250,0.902834,227,3,1886
2026/02/03/10:42:04,1341.661573,0.880344,0.894999,0.927312,0.927896,227,6,1888
2026/02/03/10:42:05,1342.661658,0.870406,0.888637,0.901906,0.900365,223,3,1895
2026/02/03/10:42:06,1343.661775,0.882344,0.903853,0.957406,0.925574,230,7,1895
2026/02/03/10:42:07,1344.661858,0.894406,0.917429,0.960125,0.945772,235,8,1897
2026/02/03/10:42:08,1345.662010,0.905500,0.926189,1.010281,0.970063,239,13,1898
2026/02/03/10:42:09,1346.662174,0.917594,0.937572,1.028656,0.989486,245,15,1899
2026/02/03/10:42:10,1347.662285,0.914375,0.929251,1.031156,0.968278,244,14,1903
2026/02/03/10:42:11,1348.662371,0.924344,0.913064,1.020094,0.942698,243,10,1912
2026/02/03/10:42:12,1349.662491,0.918969,0.911601,0.972500,0.925444,241,5,1917
2026/02/03/10:42:13,1350.662574,0.912719,0.894008,0.957844,0.906167,235,4,1924
2026/02/03/10:42:14,1351.662660,0.899875,0.882902,0.945000,0.895061,229,4,1930
2026/02/03/10:42:15,1352.662767,0.899875,0.882902,0.945000,0.895061,229,4,1930
2026/02/03/10:42:16,1353.662835,0.903625,0.901138,0.957000,0.911697,231,4,1934
2026/02/03/10:42:17,1354.662925,0.899375,0.896642,0.976094,0.922627,229,7,1937
2026/02/03/10:42:18,1355.663046,0.882563,0.893273,0.937719,0.912147,227,5,1939
2026/02/03/10:42:19,1356.663191,0.874219,0.886683,0.927594,0.897243,224,4,1942
2026/02/03/10:42:20,1357.663265,0.874938,0.886894,0.916969,0.895364,224,3,1943
2026/02/03/10:42:21,1358.663440,0.874938,0.886894,0.916969,0.895364,224,3,1943
2026/02/03/10:42:22,1359.663596,0.892625,0.892230,0.903969,0.894319,225,1,1947
2026/02/03/10:42:23,1360.663775,0.892625,0.892230,0.903969,0.894319,225,1,1947
2026/02/03/10:42:24,1361.663948,0.860281,0.853943,0.860281,0.853943,217,0,1956
2026/02/03/10:42:25,1362.664055,0.870250,0.874143,0.873531,0.876198,224,1,1960
2026/02/03/10:42:26,1363.664749,0.865469,0.877750,0.865469,0.877750,225,0,1965
2026/02/03/10:42:27,1364.664840,0.880750,0.888889,0.880750,0.888889,228,0,1970
2026/02/03/10:42:28,1365.664947,0.890750,0.907838,0.895781,0.924783,231,2,1974
2026/02/03/10:42:29,1366.665095,0.894000,0.905979,0.929531,0.948000,233,3,1980
2026/02/03/10:42:30,1367.665216,0.880812,0.875991,0.916344,0.918012,228,3,1986
2026/02/03/10:42:31,1368.665304,0.876750,0.865701,0.912281,0.907722,226,3,1988
2026/02/03/10:42:32,1369.665384,0.876750,0.865701,0.912281,0.907722,226,3,1988
2026/02/03/10:42:33,1370.665473,0.892344,0.888128,0.927875,0.930149,232,3,1990
2026/02/03/10:42:34,1371.665626,0.907156,0.898282,0.907156,0.898282,235,0,1990
2026/02/03/10:42:35,1372.665769,0.885437,0.886659,0.901000,0.889121,231,1,1994
2026/02/03/10:42:36,1373.665890,0.883281,0.885087,0.898844,0.887548,230,1,1995
2026/02/03/10:42:37,1374.665931,0.868469,0.874932,0.884031,0.877394,227,1,1998
2026/02/03/10:42:38,1375.666097,0.827844,0.849401,0.843406,0.851863,219,1,2006
2026/02/03/10:42:39,1376.666220,0.827844,0.849401,0.827844,0.849401,219,0,2006
2026/02/03/10:42:40,1377.666287,0.827844,0.849401,0.827844,0.849401,219,0,2006
2026/02/03/10:42:41,1378.666394,0.814438,0.839894,0.814438,0.839894,216,0,2009
2026/02/03/10:42:42,1379.666490,0.814438,0.839894,0.814438,0.839894,216,0,2009
2026/02/03/10:42:43,1380.666572,0.814438,0.839894,0.814438,0.839894,216,0,2009
2026/02/03/10:42:44,1381.666733,0.810312,0.838209,0.810312,0.838209,215,0,2010
2026/02/03/10:42:45,1382.666819,0.810312,0.838209,0.810312,0.838209,215,0,2010
2026/02/03/10:42:46,1383.666947,0.810312,0.838209,0.810312,0.838209,215,0,2010
2026/02/03/10:42:47,1384.667014,0.803406,0.831430,0.803406,0.831430,212,0,2013
2026/02/03/10:42:48,1385.667134,0.817719,0.840216,0.817719,0.840216,216,0,2013
2026/02/03/10:42:49,1386.667217,0.817719,0.840216,0.817719,0.840216,216,0,2013
2026/02/03/10:42:50,1387.667364,0.814125,0.835884,0.814125,0.835884,215,0,2014
2026/02/03/10:42:51,1388.667460,0.803562,0.832013,0.803562,0.832013,213,0,2016
2026/02/03/10:42:52,1389.667541,0.799813,0.827098,0.799813,0.827098,211,0,2018
2026/02/03/10:42:53,1390.667620,0.799813,0.827098,0.799813,0.827098,211,0,2018
2026/02/03/10:42:54,1391.667781,0.799813,0.827098,0.799813,0.827098,211,0,2018
2026/02/03/10:42:55,1392.667896,0.799813,0.827098,0.799813,0.827098,211,0,2018
2026/02/03/10:42:56,1393.667951,0.799813,0.827098,0.799813,0.827098,211,0,2018
2026/02/03/10:42:57,1394.668097,0.799813,0.827098,0.799813,0.827098,211,0,2018
2026/02/03/10:42:58,1395.668193,0.816562,0.847776,0.833125,0.857684,217,3,2018
2026/02/03/10:42:59,1396.668269,0.844875,0.877834,0.851625,0.891600,225,2,2018
2026/02/03/10:43:00,1397.668375,0.846000,0.875150,0.850500,0.887156,225,1,2020
2026/02/03/10:43:01,1398.668477,0.828625,0.860880,0.833125,0.872886,219,1,2026
2026/02/03/10:43:02,1399.668581,0.823250,0.856691,0.827750,0.868697,217,1,2028
2026/02/03/10:43:03,1400.668652,0.823250,0.856691,0.827750,0.868697,217,1,2028
2026/02/03/10:43:04,1401.668737,0.823250,0.856691,0.827750,0.868697,217,1,2028
2026/02/03/10:43:05,1402.668887,0.823250,0.856691,0.827750,0.868697,217,1,2028
2026/02/03/10:43:06,1403.668952,0.823250,0.856691,0.827750,0.868697,217,1,2028
2026/02/03/10:43:07,1404.669046,0.823250,0.856691,0.827750,0.868697,217,1,2028
2026/02/03/10:43:08,1405.669141,0.818063,0.847580,0.822562,0.859586,215,1,2030
2026/02/03/10:43:09,1406.669252,0.860906,0.876718,0.865406,0.888724,223,1,2030
2026/02/03/10:43:10,1407.669473,0.857906,0.874303,0.862406,0.886309,222,1,2031
2026/02/03/10:43:11,1408.669495,0.857906,0.874303,0.862406,0.886309,222,1,2031
2026/02/03/10:43:12,1409.669642,0.830750,0.862546,0.835250,0.874552,218,1,2035
2026/02/03/10:43:13,1410.669792,0.830750,0.862546,0.835250,0.874552,218,1,2035
2026/02/03/10:43:14,1411.669840,0.830750,0.862546,0.835250,0.874552,218,1,2035
2026/02/03/10:43:15,1412.669926,0.830750,0.862546,0.835250,0.874552,218,1,2035
2026/02/03/10:43:16,1413.670063,0.830750,0.862546,0.835250,0.874552,218,1,2035
2026/02/03/10:43:17,1414.670163,0.830750,0.862546,0.835250,0.874552,218,1,2035
2026/02/03/10:43:18,1415.670317,0.854313,0.881531,0.858812,0.893537,221,1,2038
2026/02/03/10:43:19,1416.670394,0.845719,0.878329,0.850219,0.890335,220,1,2039
2026/02/03/10:43:20,1417.670493,0.823219,0.859308,0.827719,0.871314,216,1,2043
2026/02/03/10:43:21,1418.670652,0.834250,0.868412,0.838750,0.880418,221,1,2043
2026/02/03/10:43:22,1419.670736,0.832156,0.865331,0.836656,0.877337,220,1,2044
2026/02/03/10:43:23,1420.670905,0.832156,0.865331,0.836656,0.877337,220,1,2044
2026/02/03/10:43:24,1421.670956,0.837344,0.877479,0.841844,0.889485,222,1,2044
2026/02/03/10:43:25,1422.671069,0.862594,0.898836,0.867094,0.910842,230,1,2045
2026/02/03/10:43:26,1423.671157,0.863406,0.897637,0.867906,0.909643,229,1,2048
2026/02/03/10:43:27,1424.671285,0.856781,0.890673,0.861281,0.902679,227,1,2050
2026/02/03/10:43:28,1425.671436,0.854688,0.888783,0.859187,0.900789,226,1,2051
2026/02/03/10:43:29,1426.671514,0.849500,0.876635,0.854000,0.888641,224,1,2053
2026/02/03/10:43:30,1427.671624,0.845906,0.879362,0.850406,0.891368,225,1,2058
2026/02/03/10:43:31,1428.671699,0.861938,0.905628,0.866437,0.917634,231,1,2062
2026/02/03/10:43:32,1429.671780,0.874938,0.911307,0.898563,0.928445,234,3,2064
2026/02/03/10:43:33,1430.671862,0.874938,0.911307,0.898563,0.928445,234,3,2064
2026/02/03/10:43:34,1431.671956,0.861563,0.904276,0.885188,0.921414,230,3,2068
2026/02/03/10:43:35,1432.672072,0.858187,0.895207,0.881812,0.912345,228,3,2070
2026/02/03/10:43:36,1433.672201,0.899563,0.916007,0.949406,0.949032,238,6,2071
2026/02/03/10:43:37,1434.672303,0.906281,0.920514,0.960313,0.955571,240,7,2071
2026/02/03/10:43:38,1435.672400,0.904312,0.928099,0.967156,0.991170,242,10,2073
2026/02/03/10:43:39,1436.672492,0.901500,0.927246,0.954594,0.985073,241,8,2075
2026/02/03/10:43:40,1437.672592,0.888781,0.914748,0.938625,0.947773,236,6,2080
2026/02/03/10:43:41,1438.672715,0.881406,0.905692,0.931250,0.938717,234,6,2082
2026/02/03/10:43:42,1439.672781,0.858688,0.880254,0.908531,0.913279,226,6,2090
2026/02/03/10:43:43,1440.672908,0.858688,0.880254,0.908531,0.913279,226,6,2090
2026/02/03/10:43:44,1441.672955,0.850063,0.877389,0.879000,0.906191,225,4,2092
2026/02/03/10:43:45,1442.673014,0.850063,0.877389,0.879000,0.906191,225,4,2092
2026/02/03/10:43:46,1443.673382,0.850063,0.877389,0.879000,0.906191,225,4,2092
2026/02/03/10:43:47,1444.673324,0.855469,0.881228,0.884406,0.910031,227,4,2093
2026/02/03/10:43:48,1445.673432,0.848812,0.885199,0.855062,0.910690,228,2,2094
2026/02/03/10:43:49,1446.673534,0.845625,0.881482,0.851875,0.906973,226,2,2096
2026/02/03/10:43:50,1447.673625,0.847031,0.886500,0.865875,0.940744,227,7,2097
2026/02/03/10:43:51,1448.673751,0.866688,0.917561,0.883781,0.969548,235,7,2100
2026/02/03/10:43:52,1449.673927,0.878938,0.931672,0.909250,0.997479,241,9,2100
2026/02/03/10:43:53,1450.673972,0.882250,0.938356,0.910469,0.996070,241,8,2106
2026/02/03/10:43:54,1451.674029,0.895344,0.948907,0.910937,1.001644,244,6,2110
2026/02/03/10:43:55,1452.674129,0.895344,0.948907,0.910937,1.001644,244,6,2110
2026/02/03/10:43:56,1453.674264,0.885563,0.944080,0.891813,0.969571,242,2,2114
2026/02/03/10:43:57,1454.674374,0.872250,0.935766,0.878500,0.961257,239,2,2117
2026/02/03/10:43:58,1455.674477,0.861500,0.917061,0.867750,0.942552,234,2,2122
2026/02/03/10:43:59,1456.674564,0.863250,0.918957,0.889750,0.970729,235,5,2122
2026/02/03/10:44:00,1457.674664,0.873563,0.934401,0.901844,0.991922,241,6,2122
2026/02/03/10:44:01,1458.674780,0.873563,0.934401,0.901844,0.991922,241,6,2122
2026/02/03/10:44:02,1459.674913,0.873563,0.934401,0.901844,0.991922,241,6,2122
2026/02/03/10:44:03,1460.675037,0.871812,0.932504,0.900094,0.990025,240,6,2123
2026/02/03/10:44:04,1461.675187,0.871812,0.932504,0.900094,0.990025,240,6,2123
2026/02/03/10:44:05,1462.675266,0.868375,0.928488,0.896656,0.986009,238,6,2125
2026/02/03/10:44:06,1463.675349,0.868375,0.928488,0.896656,0.986009,238,6,2125
2026/02/03/10:44:07,1464.675462,0.865187,0.912788,0.883188,0.942314,237,3,2129
2026/02/03/10:44:08,1465.675551,0.878313,0.928719,0.896312,0.958245,242,3,2129
2026/02/03/10:44:09,1466.675674,0.889437,0.935833,0.931031,0.985702,246,8,2131
2026/02/03/10:44:10,1467.675757,0.910906,0.950306,0.966187,1.022031,253,12,2132
2026/02/03/10:44:11,1468.675826,0.916875,0.955944,0.970562,1.028281,256,10,2136
2026/02/03/10:44:12,1469.675954,0.918438,0.958898,0.993437,1.055155,256,16,2140
2026/02/03/10:44:13,1470.676041,0.927312,0.962169,0.982750,1.037683,258,11,2144
2026/02/03/10:44:14,1471.676147,0.908563,0.949392,0.960656,1.021382,252,10,2153
2026/02/03/10:44:15,1472.676234,0.907250,0.946466,0.960000,1.051342,251,11,2155
2026/02/03/10:44:16,1473.676387,0.908062,0.944036,0.933500,1.040543,249,8,2159
2026/02/03/10:44:17,1474.676473,0.883656,0.933637,0.909094,1.030143,244,8,2164
2026/02/03/10:44:18,1475.676607,0.868687,0.922126,0.880656,0.993279,241,5,2168
2026/02/03/10:44:19,1476.676716,0.868687,0.922126,0.880656,0.993279,241,5,2168
2026/02/03/10:44:20,1477.676788,0.856187,0.897395,0.868156,0.968549,236,5,2173
2026/02/03/10:44:21,1478.676914,0.856187,0.897395,0.868156,0.968549,236,5,2173
2026/02/03/10:44:22,1479.676972,0.856187,0.897395,0.868156,0.968549,236,5,2173
2026/02/03/10:44:23,1480.677051,0.856187,0.897395,0.868156,0.968549,236,5,2173
2026/02/03/10:44:24,1481.677158,0.856187,0.897395,0.860187,0.925751,236,2,2173
2026/02/03/10:44:25,1482.677239,0.856187,0.897395,0.860187,0.925751,236,2,2173
2026/02/03/10:44:26,1483.677336,0.872656,0.916376,0.876656,0.944733,243,2,2174
2026/02/03/10:44:27,1484.677488,0.872656,0.916376,0.876656,0.944733,243,2,2174
2026/02/03/10:44:28,1485.677568,0.875656,0.917252,0.879656,0.945608,242,2,2176
2026/02/03/10:44:29,1486.677684,0.875656,0.917252,0.879656,0.945608,242,2,2176
2026/02/03/10:44:30,1487.677784,0.869406,0.912987,0.873406,0.941343,241,2,2177
2026/02/03/10:44:31,1488.677937,0.864156,0.901941,0.868156,0.930297,238,2,2180
2026/02/03/10:44:32,1489.678033,0.864156,0.901941,0.868156,0.930297,238,2,2180
2026/02/03/10:44:33,1490.678102,0.858812,0.896288,0.862812,0.924644,235,2,2183
2026/02/03/10:44:34,1491.678271,0.854688,0.889177,0.858688,0.917533,233,2,2185
2026/02/03/10:44:35,1492.678426,0.854688,0.889177,0.858688,0.917533,233,2,2185
2026/02/03/10:44:36,1493.678513,0.879938,0.916520,0.890625,0.970139,241,4,2185
2026/02/03/10:44:37,1494.678634,0.888094,0.924031,0.898781,0.977650,244,4,2185
2026/02/03/10:44:38,1495.678721,0.893531,0.929095,0.910281,0.998737,247,7,2185
2026/02/03/10:44:39,1496.678801,0.907719,0.943844,0.977594,1.029388,250,12,2190
2026/02/03/10:44:40,1497.678901,0.908563,0.940679,0.966938,1.021217,247,10,2198
2026/02/03/10:44:41,1498.678970,0.915844,0.951595,0.971219,1.025912,250,9,2201
2026/02/03/10:44:42,1499.679051,0.907406,0.942446,0.921344,1.009038,247,6,2204
2026/02/03/10:44:43,1500.679183,0.901594,0.934675,0.915531,1.001267,244,6,2207
2026/02/03/10:44:44,1501.679284,0.892219,0.927424,0.906156,0.994017,241,6,2210
2026/02/03/10:44:45,1502.679390,0.882344,0.928906,0.894656,0.989011,240,5,2212
2026/02/03/10:44:46,1503.679493,0.881812,0.932562,0.892500,0.986181,240,4,2213
2026/02/03/10:44:47,1504.679604,0.878563,0.919588,0.889250,0.973207,238,4,2215
2026/02/03/10:44:48,1505.679753,0.873250,0.908087,0.883938,0.961706,237,4,2218
2026/02/03/10:44:49,1506.679833,0.873250,0.908087,0.883938,0.961706,237,4,2218
2026/02/03/10:44:50,1507.679950,0.871375,0.905324,0.882062,0.958943,236,4,2219
2026/02/03/10:44:51,1508.680047,0.866125,0.904422,0.873469,0.945410,233,3,2223
2026/02/03/10:44:52,1509.680181,0.864281,0.907339,0.871625,0.948326,232,3,2227
2026/02/03/10:44:53,1510.680333,0.862469,0.902939,0.869812,0.943926,231,3,2228
2026/02/03/10:44:54,1511.680484,0.857156,0.897410,0.864500,0.938397,229,3,2230
2026/02/03/10:44:55,1512.680577,0.857156,0.897410,0.864500,0.938397,229,3,2230
2026/02/03/10:44:56,1513.680733,0.852062,0.888122,0.859406,0.929109,228,3,2231
2026/02/03/10:44:57,1514.680899,0.852062,0.888122,0.859406,0.929109,228,3,2231
2026/02/03/10:44:58,1515.680979,0.849844,0.882734,0.857187,0.923721,227,3,2232
2026/02/03/10:44:59,1516.681229,0.849844,0.882734,0.857187,0.923721,227,3,2232
2026/02/03/10:45:00,1517.681229,0.845562,0.878032,0.852906,0.919019,225,3,2234
2026/02/03/10:45:01,1518.681377,0.845562,0.878032,0.852906,0.919019,225,3,2234
2026/02/03/10:45:02,1519.681464,0.834469,0.861299,0.841812,0.902287,221,3,2238
2026/02/03/10:45:03,1520.681577,0.878406,0.886246,0.893375,0.929003,231,4,2238
2026/02/03/10:45:04,1521.681674,0.885531,0.899678,0.900500,0.942435,234,4,2238
2026/02/03/10:45:05,1522.681830,0.885531,0.899678,0.900500,0.942435,234,4,2238
2026/02/03/10:45:06,1523.681933,0.875781,0.873561,0.883125,0.914548,230,3,2243
2026/02/03/10:45:07,1524.682037,0.872125,0.868601,0.879469,0.909589,228,3,2245
2026/02/03/10:45:08,1525.682188,0.872125,0.868601,0.879469,0.909589,228,3,2245
2026/02/03/10:45:09,1526.682281,0.877563,0.873077,0.884906,0.914064,230,3,2247
2026/02/03/10:45:10,1527.682355,0.861344,0.868342,0.868687,0.909329,227,3,2250
2026/02/03/10:45:11,1528.682487,0.858531,0.864340,0.865875,0.905328,226,3,2251
2026/02/03/10:45:12,1529.682578,0.844812,0.837661,0.848812,0.866017,221,2,2256
2026/02/03/10:45:13,1530.682720,0.844812,0.837661,0.848812,0.866017,221,2,2256
2026/02/03/10:45:14,1531.682829,0.837375,0.832681,0.841375,0.861037,219,2,2258
2026/02/03/10:45:15,1532.682964,0.837375,0.832681,0.841375,0.861037,219,2,2258
2026/02/03/10:45:16,1533.683064,0.837375,0.832681,0.841375,0.861037,219,2,2258
2026/02/03/10:45:17,1534.683140,0.837375,0.832681,0.841375,0.861037,219,2,2258
2026/02/03/10:45:18,1535.683219,0.837375,0.832681,0.841375,0.861037,219,2,2258
2026/02/03/10:45:19,1536.683386,0.837375,0.832681,0.841375,0.861037,219,2,2258
2026/02/03/10:45:20,1537.683462,0.840688,0.837220,0.844688,0.865577,221,2,2258
2026/02/03/10:45:21,1538.683578,0.864812,0.856718,0.868812,0.885074,225,2,2258
2026/02/03/10:45:22,1539.683654,0.855875,0.847695,0.859875,0.876052,223,2,2260
2026/02/03/10:45:23,1540.683796,0.855875,0.847695,0.859875,0.876052,223,2,2260
2026/02/03/10:45:24,1541.683917,0.833656,0.833853,0.837656,0.862209,220,2,2263
2026/02/03/10:45:25,1542.683929,0.830688,0.832117,0.834688,0.860474,219,2,2264
2026/02/03/10:45:26,1543.684031,0.822469,0.820505,0.826469,0.848862,215,2,2268
2026/02/03/10:45:27,1544.684157,0.819156,0.815966,0.823156,0.844322,213,2,2270
2026/02/03/10:45:28,1545.684240,0.819156,0.815966,0.823156,0.844322,213,2,2270
2026/02/03/10:45:29,1546.684340,0.819156,0.815966,0.823156,0.844322,213,2,2270
2026/02/03/10:45:30,1547.684446,0.857719,0.842144,0.889750,0.887737,218,5,2270
2026/02/03/10:45:31,1548.684534,0.857719,0.842144,0.889750,0.887737,218,5,2270
2026/02/03/10:45:32,1549.684715,0.855812,0.836489,0.887844,0.882082,217,5,2271
2026/02/03/10:45:33,1550.684780,0.842281,0.836926,0.864969,0.876774,215,4,2274
2026/02/03/10:45:34,1551.684904,0.842281,0.836926,0.864969,0.876774,215,4,2274
2026/02/03/10:45:35,1552.684945,0.821500,0.840520,0.823500,0.854699,214,1,2280
2026/02/03/10:45:36,1553.685045,0.836094,0.871322,0.838094,0.885500,223,1,2281
2026/02/03/10:45:37,1554.685122,0.845969,0.880114,0.847969,0.894292,227,1,2281
2026/02/03/10:45:38,1555.685239,0.838812,0.868089,0.840812,0.882267,224,1,2284
2026/02/03/10:45:39,1556.685384,0.826937,0.857241,0.828937,0.871419,219,1,2289
2026/02/03/10:45:40,1557.685461,0.826937,0.857241,0.828937,0.871419,219,1,2289
2026/02/03/10:45:41,1558.685561,0.823781,0.855177,0.825781,0.869355,218,1,2290
2026/02/03/10:45:42,1559.685707,0.823781,0.855177,0.825781,0.869355,218,1,2290
2026/02/03/10:45:43,1560.685796,0.818688,0.850188,0.820688,0.864366,216,1,2292
2026/02/03/10:45:44,1561.685949,0.804750,0.840448,0.806750,0.854626,212,1,2296
2026/02/03/10:45:45,1562.686065,0.797063,0.823399,0.799063,0.837577,209,1,2299
2026/02/03/10:45:46,1563.686237,0.797063,0.823399,0.799063,0.837577,209,1,2299
2026/02/03/10:45:47,1564.686346,0.822719,0.826397,0.851969,0.863859,211,3,2300
2026/02/03/10:45:48,1565.686493,0.839406,0.853811,0.868656,0.891273,217,3,2300
2026/02/03/10:45:49,1566.686610,0.840562,0.853066,0.869812,0.890527,217,3,2301
2026/02/03/10:45:50,1567.686733,0.870250,0.881212,0.912156,0.944090,226,6,2301
2026/02/03/10:45:51,1568.686836,0.849938,0.878016,0.891844,0.940894,224,6,2303
2026/02/03/10:45:52,1569.686940,0.836250,0.871683,0.878156,0.934561,221,6,2306
2026/02/03/10:45:53,1570.687557,0.836250,0.871683,0.838250,0.885861,221,1,2306
2026/02/03/10:45:54,1571.687658,0.836250,0.871683,0.838250,0.885861,221,1,2306
2026/02/03/10:45:55,1572.687762,0.827875,0.867819,0.829875,0.881998,219,1,2308
2026/02/03/10:45:56,1573.687932,0.815187,0.854132,0.817187,0.868311,214,1,2313
2026/02/03/10:45:57,1574.688024,0.832906,0.850952,0.834906,0.865130,216,1,2316
2026/02/03/10:45:58,1575.688138,0.832906,0.850952,0.834906,0.865130,216,1,2316
2026/02/03/10:45:59,1576.688256,0.804875,0.833716,0.806875,0.847894,213,1,2319
2026/02/03/10:46:00,1577.688356,0.845688,0.847031,0.871000,0.912503,218,5,2321
2026/02/03/10:46:01,1578.688452,0.872250,0.871071,0.900219,0.940024,224,6,2321
2026/02/03/10:46:02,1579.688514,0.876406,0.866212,0.912375,0.936906,226,6,2324
2026/02/03/10:46:03,1580.688621,0.839594,0.851210,0.864906,0.916682,218,5,2333
2026/02/03/10:46:04,1581.688756,0.834281,0.851760,0.855375,0.901847,215,4,2337
2026/02/03/10:46:05,1582.688939,0.833719,0.851775,0.844156,0.896724,213,3,2340
2026/02/03/10:46:06,1583.689035,0.833719,0.851775,0.844156,0.896724,213,3,2340
2026/02/03/10:46:07,1584.689140,0.827656,0.840207,0.838094,0.885155,211,3,2342
2026/02/03/10:46:08,1585.689280,0.841375,0.854841,0.851812,0.899789,216,3,2342
2026/02/03/10:46:09,1586.689372,0.837187,0.852456,0.847625,0.897404,215,3,2343
2026/02/03/10:46:10,1587.689444,0.837187,0.852456,0.847625,0.897404,215,3,2343
2026/02/03/10:46:11,1588.689610,0.822125,0.845430,0.832562,0.890378,213,3,2345
2026/02/03/10:46:12,1589.689717,0.783344,0.842514,0.791781,0.873284,210,2,2349
2026/02/03/10:46:13,1590.689813,0.780031,0.833299,0.788469,0.864070,208,2,2351
2026/02/03/10:46:14,1591.689938,0.780031,0.833299,0.788469,0.864070,208,2,2351
2026/02/03/10:46:15,1592.690083,0.780031,0.833299,0.788469,0.864070,208,2,2351
2026/02/03/10:46:16,1593.690209,0.774031,0.829684,0.782469,0.860454,206,2,2353
2026/02/03/10:46:17,1594.690346,0.777219,0.831351,0.785656,0.862122,207,2,2353
2026/02/03/10:46:18,1595.690434,0.769344,0.826188,0.777781,0.856958,204,2,2356
2026/02/03/10:46:19,1596.690587,0.766469,0.824202,0.774906,0.854973,204,2,2357
2026/02/03/10:46:20,1597.690707,0.766469,0.824202,0.774906,0.854973,204,2,2357
2026/02/03/10:46:21,1598.690784,0.761781,0.813774,0.770219,0.844544,201,2,2360
2026/02/03/10:46:22,1599.690896,0.761781,0.813774,0.770219,0.844544,201,2,2360
2026/02/03/10:46:23,1600.691035,0.761781,0.813774,0.770219,0.844544,201,2,2360
2026/02/03/10:46:24,1601.691118,0.757563,0.798389,0.757563,0.798389,200,0,2361
2026/02/03/10:46:25,1602.691215,0.757563,0.798389,0.757563,0.798389,200,0,2361
2026/02/03/10:46:26,1603.691375,0.757563,0.798389,0.757563,0.798389,200,0,2361
2026/02/03/10:46:27,1604.691524,0.757563,0.798389,0.757563,0.798389,200,0,2361
2026/02/03/10:46:28,1605.691616,0.782469,0.812338,0.782469,0.812338,207,0,2361
2026/02/03/10:46:29,1606.691765,0.801094,0.834998,0.805469,0.842784,216,2,2361
2026/02/03/10:46:30,1607.691914,0.805469,0.842784,0.805469,0.842784,218,0,2361
2026/02/03/10:46:31,1608.691959,0.799750,0.837418,0.799750,0.837418,215,0,2364
2026/02/03/10:46:32,1609.692041,0.781625,0.812473,0.781625,0.812473,207,0,2372
2026/02/03/10:46:33,1610.692147,0.781625,0.812473,0.781625,0.812473,207,0,2372
2026/02/03/10:46:34,1611.692241,0.781625,0.812473,0.781625,0.812473,207,0,2372
2026/02/03/10:46:35,1612.692346,0.781625,0.812473,0.781625,0.812473,207,0,2372
2026/02/03/10:46:36,1613.692450,0.786250,0.827954,0.786250,0.827954,209,0,2372
2026/02/03/10:46:37,1614.692524,0.779875,0.821134,0.779875,0.821134,206,0,2375
2026/02/03/10:46:38,1615.692609,0.775094,0.810500,0.775094,0.810500,203,0,2378
2026/02/03/10:46:39,1616.692717,0.775094,0.810500,0.775094,0.810500,203,0,2378
2026/02/03/10:46:40,1617.692783,0.775094,0.810500,0.775094,0.810500,203,0,2378
2026/02/03/10:46:41,1618.692895,0.775094,0.810500,0.775094,0.810500,203,0,2378
2026/02/03/10:46:42,1619.692957,0.778687,0.814963,0.778687,0.814963,204,0,2378
2026/02/03/10:46:43,1620.693110,0.778687,0.814963,0.778687,0.814963,204,0,2378
2026/02/03/10:46:44,1621.693191,0.771719,0.807061,0.771719,0.807061,201,0,2381
2026/02/03/10:46:45,1622.693294,0.771719,0.807061,0.771719,0.807061,201,0,2381
2026/02/03/10:46:46,1623.693396,0.771719,0.807061,0.771719,0.807061,201,0,2381
2026/02/03/10:46:47,1624.693486,0.771719,0.807061,0.771719,0.807061,201,0,2381
2026/02/03/10:46:48,1625.693612,0.769062,0.803580,0.769062,0.803580,200,0,2382
2026/02/03/10:46:49,1626.693712,0.769062,0.803580,0.769062,0.803580,200,0,2382
2026/02/03/10:46:50,1627.693829,0.769062,0.803580,0.769062,0.803580,200,0,2382
2026/02/03/10:46:51,1628.693953,0.800562,0.851747,0.800562,0.851747,208,0,2382
2026/02/03/10:46:52,1629.694070,0.823031,0.880114,0.839719,0.885395,216,2,2382
2026/02/03/10:46:53,1630.694145,0.840781,0.889539,0.842531,0.891123,222,1,2385
2026/02/03/10:46:54,1631.694412,0.842531,0.891123,0.842531,0.891123,223,0,2385
2026/02/03/10:46:55,1632.694413,0.808125,0.865651,0.808125,0.865651,215,0,2393
2026/02/03/10:46:56,1633.694519,0.814562,0.877921,0.821063,0.891256,217,2,2395
2026/02/03/10:46:57,1634.694611,0.826375,0.886211,0.826375,0.886211,220,0,2399
2026/02/03/10:46:58,1635.694746,0.808063,0.861403,0.808063,0.861403,216,0,2403
2026/02/03/10:46:59,1636.694863,0.808063,0.861403,0.808063,0.861403,216,0,2403
2026/02/03/10:47:00,1637.694955,0.807187,0.858815,0.807187,0.858815,215,0,2405
2026/02/03/10:47:01,1638.695096,0.832219,0.887467,0.843063,0.889264,224,1,2405
2026/02/03/10:47:02,1639.695363,0.843031,0.895402,0.858313,0.914864,226,3,2410
2026/02/03/10:47:03,1640.695413,0.862906,0.910362,0.920031,0.942963,230,7,2410
2026/02/03/10:47:04,1641.695489,0.868719,0.920647,0.877406,0.951615,235,4,2415
2026/02/03/10:47:05,1642.695591,0.880406,0.936579,0.889094,0.967546,239,4,2421
2026/02/03/10:47:06,1643.695693,0.879062,0.928065,0.883312,0.941368,237,2,2424
2026/02/03/10:47:07,1644.695796,0.838750,0.913214,0.843000,0.926517,231,2,2430
2026/02/03/10:47:08,1645.695904,0.850719,0.920946,0.852844,0.927597,233,1,2432
2026/02/03/10:47:09,1646.695992,0.853125,0.924366,0.860969,0.965486,234,4,2434
2026/02/03/10:47:10,1647.696096,0.848812,0.922250,0.856656,0.963371,233,4,2435
2026/02/03/10:47:11,1648.696181,0.831063,0.908352,0.836750,0.935021,227,3,2441
2026/02/03/10:47:12,1649.696313,0.831063,0.908352,0.836750,0.935021,227,3,2441
2026/02/03/10:47:13,1650.696401,0.861719,0.931905,0.863844,0.938556,239,1,2444
2026/02/03/10:47:14,1651.696501,0.867906,0.934538,0.870031,0.941190,240,1,2444
2026/02/03/10:47:15,1652.696605,0.865125,0.932962,0.867250,0.939614,239,1,2445
2026/02/03/10:47:16,1653.696702,0.822844,0.914154,0.824969,0.920806,230,1,2454
2026/02/03/10:47:17,1654.696849,0.814625,0.903923,0.816750,0.910575,225,1,2459
2026/02/03/10:47:18,1655.696939,0.829531,0.905183,0.829531,0.905183,232,0,2462
2026/02/03/10:47:19,1656.697051,0.829531,0.905183,0.829531,0.905183,232,0,2462
2026/02/03/10:47:20,1657.697160,0.827594,0.898614,0.827594,0.898614,231,0,2463
2026/02/03/10:47:21,1658.697299,0.816219,0.888006,0.816219,0.888006,226,0,2468
2026/02/03/10:47:22,1659.697428,0.812813,0.879539,0.812813,0.879539,225,0,2469
2026/02/03/10:47:23,1660.697776,0.802594,0.870296,0.802594,0.870296,221,0,2473
2026/02/03/10:47:24,1661.697897,0.802594,0.870296,0.802594,0.870296,221,0,2473
2026/02/03/10:47:25,1662.697955,0.797344,0.865545,0.797344,0.865545,218,0,2476
2026/02/03/10:47:26,1663.698072,0.794156,0.861286,0.794156,0.861286,216,0,2478
2026/02/03/10:47:27,1664.698182,0.794156,0.861286,0.794156,0.861286,216,0,2478
2026/02/03/10:47:28,1665.698304,0.782875,0.846587,0.782875,0.846587,211,0,2483
2026/02/03/10:47:29,1666.698453,0.782875,0.846587,0.782875,0.846587,211,0,2483
2026/02/03/10:47:30,1667.698612,0.787906,0.860223,0.789875,0.870585,213,1,2483
2026/02/03/10:47:31,1668.698759,0.787906,0.860223,0.789875,0.870585,213,1,2483
2026/02/03/10:47:32,1669.698863,0.799375,0.875029,0.801344,0.885390,217,1,2483
2026/02/03/10:47:33,1670.698962,0.797406,0.864667,0.797406,0.864667,216,0,2484
2026/02/03/10:47:34,1671.699061,0.852125,0.893437,0.856625,0.904923,224,2,2486
2026/02/03/10:47:35,1672.699150,0.864500,0.911780,0.871250,0.931953,229,3,2487
2026/02/03/10:47:36,1673.699270,0.861594,0.909031,0.863969,0.915810,229,1,2490
2026/02/03/10:47:37,1674.699356,0.816094,0.892952,0.816094,0.892952,224,0,2495
2026/02/03/10:47:38,1675.699440,0.837375,0.906953,0.851156,0.970810,229,6,2495
2026/02/03/10:47:39,1676.699601,0.837375,0.906953,0.851156,0.970810,229,6,2495
2026/02/03/10:47:40,1677.699667,0.837375,0.906953,0.851156,0.970810,229,6,2495
2026/02/03/10:47:41,1678.699773,0.835094,0.904674,0.848875,0.968532,228,6,2496
2026/02/03/10:47:42,1679.699931,0.825812,0.899630,0.834156,0.950241,225,4,2501
2026/02/03/10:47:43,1680.700074,0.817500,0.897605,0.823125,0.941593,221,3,2506
2026/02/03/10:47:44,1681.700184,0.826781,0.906015,0.892125,1.028667,225,13,2506
2026/02/03/10:47:45,1682.700309,0.844781,0.922775,0.954281,1.076867,231,19,2506
2026/02/03/10:47:46,1683.700457,0.843219,0.930814,0.951063,1.079074,234,18,2508
2026/02/03/10:47:47,1684.700558,0.838500,0.926890,0.906188,1.058974,232,14,2511
2026/02/03/10:47:48,1685.700661,0.832156,0.913428,0.847969,0.974586,226,6,2519
2026/02/03/10:47:49,1686.700782,0.828750,0.910266,0.844562,0.971424,225,6,2520
2026/02/03/10:47:50,1687.700940,0.828750,0.910266,0.844562,0.971424,225,6,2520
2026/02/03/10:47:51,1688.701050,0.826781,0.907307,0.842594,0.968465,224,6,2521
2026/02/03/10:47:52,1689.701155,0.826781,0.907307,0.838781,0.947218,224,4,2521
2026/02/03/10:47:53,1690.701274,0.824750,0.904151,0.836750,0.944062,223,4,2522
2026/02/03/10:47:54,1691.701444,0.821625,0.904678,0.828688,0.938442,221,3,2525
2026/02/03/10:47:55,1692.701534,0.816281,0.897425,0.823344,0.931189,218,3,2528
2026/02/03/10:47:56,1693.701623,0.812094,0.890038,0.819156,0.923802,216,3,2530
2026/02/03/10:47:57,1694.701710,0.798312,0.887970,0.805375,0.921734,215,3,2531
2026/02/03/10:47:58,1695.701797,0.811594,0.895946,0.818656,0.929710,219,3,2531
2026/02/03/10:47:59,1696.701888,0.811594,0.895946,0.818656,0.929710,219,3,2531
2026/02/03/10:48:00,1697.701950,0.811594,0.895946,0.818656,0.929710,219,3,2531
2026/02/03/10:48:01,1698.702022,0.793125,0.892540,0.797562,0.916737,215,2,2536
2026/02/03/10:48:02,1699.702153,0.793125,0.892540,0.797562,0.916737,215,2,2536
2026/02/03/10:48:03,1700.702236,0.793125,0.892540,0.797562,0.916737,215,2,2536
2026/02/03/10:48:04,1701.702394,0.788000,0.889992,0.792438,0.914189,214,2,2537
2026/02/03/10:48:05,1702.702494,0.788000,0.889992,0.792438,0.914189,214,2,2537
2026/02/03/10:48:06,1703.702833,0.785937,0.886706,0.790375,0.910903,213,2,2538
2026/02/03/10:48:07,1704.702764,0.777781,0.881277,0.782219,0.905474,210,2,2541
2026/02/03/10:48:08,1705.702860,0.777781,0.881277,0.782219,0.905474,210,2,2541
2026/02/03/10:48:09,1706.702956,0.777781,0.881277,0.782219,0.905474,210,2,2541
2026/02/03/10:48:10,1707.703069,0.777781,0.881277,0.782219,0.905474,210,2,2541
2026/02/03/10:48:11,1708.703653,0.777781,0.881277,0.782219,0.905474,210,2,2541
2026/02/03/10:48:12,1709.703770,0.777781,0.881277,0.782219,0.905474,210,2,2541
2026/02/03/10:48:13,1710.703880,0.806344,0.914158,0.812406,0.944829,221,3,2541
2026/02/03/10:48:14,1711.703951,0.806344,0.914158,0.812406,0.944829,221,3,2541
2026/02/03/10:48:15,1712.704055,0.806344,0.914158,0.812406,0.944829,221,3,2541
2026/02/03/10:48:16,1713.704153,0.797500,0.899171,0.800125,0.908738,217,1,2546
2026/02/03/10:48:17,1714.704232,0.797500,0.899171,0.800125,0.908738,217,1,2546
2026/02/03/10:48:18,1715.704347,0.797500,0.899171,0.800125,0.908738,217,1,2546
2026/02/03/10:48:19,1716.704491,0.797500,0.899171,0.800125,0.908738,217,1,2546
2026/02/03/10:48:20,1717.704657,0.785031,0.892546,0.787656,0.902114,214,1,2549
2026/02/03/10:48:21,1718.704787,0.782406,0.882979,0.782406,0.882979,213,0,2550
2026/02/03/10:48:22,1719.704900,0.797875,0.898564,0.797875,0.898564,218,0,2550
2026/02/03/10:48:23,1720.705030,0.797875,0.898564,0.797875,0.898564,218,0,2550
2026/02/03/10:48:24,1721.705153,0.787844,0.890046,0.787844,0.890046,215,0,2553
2026/02/03/10:48:25,1722.705235,0.787844,0.890046,0.787844,0.890046,215,0,2553
2026/02/03/10:48:26,1723.705335,0.794063,0.898635,0.800281,0.907224,216,1,2553
2026/02/03/10:48:27,1724.705430,0.794063,0.898635,0.800281,0.907224,216,1,2553
2026/02/03/10:48:28,1725.705544,0.788625,0.891568,0.794844,0.900158,214,1,2555
2026/02/03/10:48:29,1726.705679,0.788625,0.891568,0.794844,0.900158,214,1,2555
2026/02/03/10:48:30,1727.705807,0.788625,0.891568,0.794844,0.900158,214,1,2555
2026/02/03/10:48:31,1728.705920,0.773125,0.877280,0.779344,0.885870,208,1,2561
2026/02/03/10:48:32,1729.705949,0.773125,0.877280,0.779344,0.885870,208,1,2561
2026/02/03/10:48:33,1730.706055,0.773125,0.877280,0.779344,0.885870,208,1,2561
2026/02/03/10:48:34,1731.706160,0.770250,0.869912,0.770250,0.869912,206,0,2564
2026/02/03/10:48:35,1732.706229,0.770250,0.869912,0.770250,0.869912,206,0,2564
2026/02/03/10:48:36,1733.706337,0.757812,0.852734,0.757812,0.852734,204,0,2566
2026/02/03/10:48:37,1734.706435,0.751375,0.822623,0.751375,0.822623,201,0,2569
2026/02/03/10:48:38,1735.706565,0.751375,0.822623,0.751375,0.822623,201,0,2569
2026/02/03/10:48:39,1736.706672,0.751375,0.822623,0.751375,0.822623,201,0,2569
2026/02/03/10:48:40,1737.706818,0.751375,0.822623,0.751375,0.822623,201,0,2569
2026/02/03/10:48:41,1738.706933,0.751375,0.822623,0.751375,0.822623,201,0,2569
2026/02/03/10:48:42,1739.707028,0.753500,0.825633,0.753500,0.825633,202,0,2569
2026/02/03/10:48:43,1740.707091,0.818875,0.854692,0.818875,0.854692,213,0,2569
2026/02/03/10:48:44,1741.707266,0.818875,0.854692,0.818875,0.854692,213,0,2569
2026/02/03/10:48:45,1742.707331,0.812875,0.851852,0.812875,0.851852,212,0,2570
2026/02/03/10:48:46,1743.707438,0.810781,0.846484,0.810781,0.846484,211,0,2571
2026/02/03/10:48:47,1744.707564,0.800813,0.841150,0.800813,0.841150,208,0,2574
2026/02/03/10:48:48,1745.707705,0.795188,0.838513,0.795188,0.838513,207,0,2575
2026/02/03/10:48:49,1746.707814,0.795188,0.838513,0.795188,0.838513,207,0,2575
2026/02/03/10:48:50,1747.707917,0.795188,0.838513,0.795188,0.838513,207,0,2575
2026/02/03/10:48:51,1748.708019,0.759094,0.831658,0.759094,0.831658,204,0,2578
2026/02/03/10:48:52,1749.708154,0.759094,0.831658,0.759094,0.831658,204,0,2578
2026/02/03/10:48:53,1750.708308,0.759094,0.831658,0.759094,0.831658,204,0,2578
2026/02/03/10:48:54,1751.708421,0.755719,0.829622,0.755719,0.829622,203,0,2579
2026/02/03/10:48:55,1752.708568,0.755719,0.829622,0.755719,0.829622,203,0,2579
2026/02/03/10:48:56,1753.708636,0.755719,0.829622,0.755719,0.829622,203,0,2579
2026/02/03/10:48:57,1754.708713,0.755719,0.829622,0.755719,0.829622,203,0,2579
2026/02/03/10:48:58,1755.708902,0.784000,0.846694,0.784000,0.846694,210,0,2579
2026/02/03/10:48:59,1756.708918,0.787312,0.849918,0.789031,0.864305,212,1,2579
2026/02/03/10:49:00,1757.709068,0.802687,0.853727,0.804406,0.868114,214,1,2579
2026/02/03/10:49:01,1758.709218,0.785188,0.837370,0.785188,0.837370,208,0,2586
2026/02/03/10:49:02,1759.709356,0.763625,0.830136,0.763625,0.830136,204,0,2590
2026/02/03/10:49:03,1760.709520,0.763625,0.830136,0.763625,0.830136,204,0,2590
2026/02/03/10:49:04,1761.709592,0.754687,0.826866,0.754687,0.826866,203,0,2591
2026/02/03/10:49:05,1762.709763,0.773188,0.839155,0.778344,0.876441,209,3,2591
2026/02/03/10:49:06,1763.709932,0.773188,0.839155,0.778344,0.876441,209,3,2591
2026/02/03/10:49:07,1764.710052,0.773188,0.839155,0.778344,0.876441,209,3,2591
2026/02/03/10:49:08,1765.710193,0.772719,0.843822,0.772719,0.843822,209,0,2592
2026/02/03/10:49:09,1766.710334,0.772719,0.843822,0.772719,0.843822,209,0,2592
2026/02/03/10:49:10,1767.710489,0.760531,0.837740,0.760531,0.837740,206,0,2595
2026/02/03/10:49:11,1768.710602,0.737594,0.825913,0.737594,0.825913,202,0,2599
2026/02/03/10:49:12,1769.710706,0.737594,0.825913,0.737594,0.825913,202,0,2599
2026/02/03/10:49:13,1770.710800,0.737594,0.825913,0.737594,0.825913,202,0,2599
2026/02/03/10:49:14,1771.710877,0.735469,0.822902,0.735469,0.822902,201,0,2600
2026/02/03/10:49:15,1772.710953,0.777937,0.878414,0.777937,0.878414,214,0,2600
2026/02/03/10:49:16,1773.711024,0.836531,0.899621,0.856062,0.922357,222,3,2600
2026/02/03/10:49:17,1774.711134,0.860031,0.902190,0.891781,0.912680,226,3,2603
2026/02/03/10:49:18,1775.711249,0.849313,0.887411,0.849313,0.887411,221,0,2609
2026/02/03/10:49:19,1776.711321,0.830469,0.864686,0.830469,0.864686,216,0,2614
2026/02/03/10:49:20,1777.711392,0.796625,0.842387,0.796625,0.842387,211,0,2619
2026/02/03/10:49:21,1778.711503,0.731281,0.808843,0.731281,0.808843,204,0,2626
2026/02/03/10:49:22,1779.711595,0.731281,0.808843,0.731281,0.808843,204,0,2626
2026/02/03/10:49:23,1780.711683,0.729656,0.804450,0.729656,0.804450,203,0,2627
2026/02/03/10:49:24,1781.711807,0.719281,0.794257,0.719281,0.794257,198,0,2632
2026/02/03/10:49:25,1782.711928,0.717625,0.792687,0.717625,0.792687,197,0,2633
2026/02/03/10:49:26,1783.712056,0.717625,0.792687,0.717625,0.792687,197,0,2633
2026/02/03/10:49:27,1784.712141,0.735812,0.818574,0.735812,0.818574,204,0,2633
2026/02/03/10:49:28,1785.712253,0.735812,0.818574,0.735812,0.818574,204,0,2633
2026/02/03/10:49:29,1786.712395,0.719781,0.798141,0.719781,0.798141,198,0,2639
2026/02/03/10:49:30,1787.712470,0.718031,0.795133,0.718031,0.795133,197,0,2640
2026/02/03/10:49:31,1788.712577,0.732437,0.801374,0.732437,0.801374,198,0,2641
2026/02/03/10:49:32,1789.712673,0.740406,0.819459,0.740406,0.819459,201,0,2641
2026/02/03/10:49:33,1790.712819,0.764687,0.845696,0.764687,0.845696,208,0,2641
2026/02/03/10:49:34,1791.712935,0.764687,0.845696,0.764687,0.845696,208,0,2641
2026/02/03/10:49:35,1792.713045,0.757000,0.835965,0.757000,0.835965,205,0,2644
2026/02/03/10:49:36,1793.713135,0.757000,0.835965,0.757000,0.835965,205,0,2644
2026/02/03/10:49:37,1794.713213,0.735187,0.820834,0.735187,0.820834,201,0,2648
2026/02/03/10:49:38,1795.713310,0.732844,0.808703,0.732844,0.808703,200,0,2649
2026/02/03/10:49:39,1796.713397,0.744281,0.816374,0.744281,0.816374,204,0,2649
2026/02/03/10:49:40,1797.713491,0.744281,0.816374,0.744281,0.816374,204,0,2649
2026/02/03/10:49:41,1798.713573,0.744281,0.816374,0.744281,0.816374,204,0,2649
2026/02/03/10:49:42,1799.713681,0.740969,0.812949,0.740969,0.812949,202,0,2651
2026/02/03/10:49:43,1800.713797,0.724313,0.794518,0.724313,0.794518,198,0,2655
2026/02/03/10:49:44,1801.713903,0.721719,0.792788,0.721719,0.792788,197,0,2656
2026/02/03/10:49:45,1802.714041,0.715250,0.785437,0.715250,0.785437,194,0,2659
2026/02/03/10:49:46,1803.714149,0.709750,0.781780,0.709750,0.781780,192,0,2661
2026/02/03/10:49:47,1804.714259,0.704219,0.779264,0.704219,0.779264,191,0,2662
2026/02/03/10:49:48,1805.714407,0.704219,0.779264,0.704219,0.779264,191,0,2662
2026/02/03/10:49:49,1806.714537,0.704219,0.779264,0.704219,0.779264,191,0,2662
2026/02/03/10:49:50,1807.714645,0.704219,0.779264,0.704219,0.779264,191,0,2662
2026/02/03/10:49:51,1808.714744,0.704219,0.779264,0.704219,0.779264,191,0,2662
2026/02/03/10:49:52,1809.714841,0.704219,0.779264,0.704219,0.779264,191,0,2662
2026/02/03/10:49:53,1810.714948,0.702500,0.764877,0.702500,0.764877,190,0,2663
2026/02/03/10:49:54,1811.715020,0.721375,0.793211,0.721375,0.793211,197,0,2663
2026/02/03/10:49:55,1812.715118,0.721375,0.793211,0.721375,0.793211,197,0,2663
2026/02/03/10:49:56,1813.715217,0.715969,0.789919,0.715969,0.789919,196,0,2664
2026/02/03/10:49:57,1814.715308,0.715969,0.789919,0.715969,0.789919,196,0,2664
2026/02/03/10:49:58,1815.715407,0.715969,0.789919,0.715969,0.789919,196,0,2664
2026/02/03/10:49:59,1816.715491,0.715969,0.789919,0.715969,0.789919,196,0,2664
2026/02/03/10:50:00,1817.715593,0.715969,0.789919,0.715969,0.789919,196,0,2664
2026/02/03/10:50:01,1818.715674,0.711031,0.782123,0.711031,0.782123,194,0,2666
2026/02/03/10:50:02,1819.715782,0.708969,0.780456,0.708969,0.780456,193,0,2667
2026/02/03/10:50:03,1820.715899,0.705469,0.772838,0.705469,0.772838,191,0,2669
2026/02/03/10:50:04,1821.715938,0.705469,0.772838,0.705469,0.772838,191,0,2669
2026/02/03/10:50:05,1822.716025,0.743938,0.814447,0.743938,0.814447,202,0,2669
2026/02/03/10:50:06,1823.716248,0.743938,0.814447,0.743938,0.814447,202,0,2669
2026/02/03/10:50:07,1824.716289,0.748250,0.817415,0.751719,0.819204,203,1,2672
2026/02/03/10:50:08,1825.716375,0.773500,0.826206,0.773500,0.826206,205,0,2674
2026/02/03/10:50:09,1826.716487,0.768687,0.816312,0.768687,0.816312,203,0,2676
2026/02/03/10:50:10,1827.716570,0.781531,0.835584,0.785469,0.839044,208,2,2680
2026/02/03/10:50:11,1828.716652,0.790438,0.839695,0.790438,0.839695,212,0,2682
2026/02/03/10:50:12,1829.716706,0.793094,0.850195,0.793094,0.850195,217,0,2687
2026/02/03/10:50:13,1830.716815,0.829906,0.866492,0.829906,0.866492,225,0,2689
2026/02/03/10:50:14,1831.716922,0.827500,0.872826,0.827500,0.872826,226,0,2692
2026/02/03/10:50:15,1832.716937,0.804562,0.843342,0.804562,0.843342,217,0,2701
2026/02/03/10:50:16,1833.717052,0.801094,0.835477,0.801094,0.835477,215,0,2703
2026/02/03/10:50:17,1834.717133,0.772594,0.825137,0.772594,0.825137,209,0,2709
2026/02/03/10:50:18,1835.717250,0.757687,0.818703,0.757687,0.818703,206,0,2712
2026/02/03/10:50:19,1836.717360,0.755844,0.816226,0.755844,0.816226,205,0,2713
2026/02/03/10:50:20,1837.717449,0.755844,0.816226,0.755844,0.816226,205,0,2713
2026/02/03/10:50:21,1838.717540,0.755844,0.816226,0.755844,0.816226,205,0,2713
2026/02/03/10:50:22,1839.717632,0.742156,0.803031,0.742156,0.803031,199,0,2719
2026/02/03/10:50:23,1840.717778,0.735969,0.799905,0.735969,0.799905,197,0,2721
2026/02/03/10:50:24,1841.717861,0.735969,0.799905,0.735969,0.799905,197,0,2721
2026/02/03/10:50:25,1842.718040,0.780781,0.830753,0.780781,0.830753,207,0,2722
2026/02/03/10:50:26,1843.718138,0.785219,0.834034,0.785219,0.834034,209,0,2722
2026/02/03/10:50:27,1844.718247,0.769281,0.818205,0.769281,0.818205,207,0,2724
2026/02/03/10:50:28,1845.718331,0.758781,0.809302,0.758781,0.809302,203,0,2728
2026/02/03/10:50:29,1846.718420,0.736469,0.797768,0.736469,0.797768,200,0,2731
2026/02/03/10:50:30,1847.718523,0.725125,0.792598,0.725125,0.792598,197,0,2734
2026/02/03/10:50:31,1848.718614,0.725125,0.792598,0.725125,0.792598,197,0,2734
2026/02/03/10:50:32,1849.718760,0.720250,0.785340,0.720250,0.785340,195,0,2736
2026/02/03/10:50:33,1850.718860,0.720250,0.785340,0.720250,0.785340,195,0,2736
2026/02/03/10:50:34,1851.718968,0.725125,0.791994,0.725125,0.791994,198,0,2736
2026/02/03/10:50:35,1852.719048,0.725125,0.791994,0.725125,0.791994,198,0,2736
2026/02/03/10:50:36,1853.719216,0.725125,0.791994,0.725125,0.791994,198,0,2736
2026/02/03/10:50:37,1854.719347,0.725125,0.791994,0.725125,0.791994,198,0,2736
2026/02/03/10:50:38,1855.719430,0.725125,0.791994,0.725125,0.791994,198,0,2736
2026/02/03/10:50:39,1856.719501,0.745219,0.812448,0.757219,0.825226,203,3,2740
2026/02/03/10:50:40,1857.719608,0.773281,0.835532,0.773281,0.835532,210,0,2740
2026/02/03/10:50:41,1858.719714,0.759188,0.825877,0.759188,0.825877,207,0,2743
2026/02/03/10:50:42,1859.719810,0.738062,0.814558,0.738062,0.814558,201,0,2749
2026/02/03/10:50:43,1860.719923,0.735281,0.804571,0.735281,0.804571,200,0,2750
2026/02/03/10:50:44,1861.719964,0.735281,0.804571,0.735281,0.804571,200,0,2750
2026/02/03/10:50:45,1862.720032,0.735281,0.804571,0.735281,0.804571,200,0,2750
2026/02/03/10:50:46,1863.720157,0.731437,0.795494,0.731437,0.795494,199,0,2751
2026/02/03/10:50:47,1864.720312,0.731437,0.795494,0.731437,0.795494,199,0,2751
2026/02/03/10:50:48,1865.720465,0.725625,0.791961,0.725625,0.791961,198,0,2752
2026/02/03/10:50:49,1866.720600,0.725625,0.791961,0.725625,0.791961,198,0,2752
2026/02/03/10:50:50,1867.720668,0.767750,0.806672,0.767750,0.806672,202,0,2752
2026/02/03/10:50:51,1868.720761,0.761844,0.793243,0.761844,0.793243,199,0,2758
2026/02/03/10:50:52,1869.720858,0.761375,0.841110,0.764125,0.855547,208,1,2760
2026/02/03/10:50:53,1870.720944,0.761375,0.841110,0.764125,0.855547,208,1,2760
2026/02/03/10:50:54,1871.721187,0.760594,0.829851,0.760594,0.829851,208,0,2765
2026/02/03/10:50:55,1872.721267,0.792687,0.840755,0.796469,0.843122,218,1,2766
2026/02/03/10:50:56,1873.721391,0.805781,0.846813,0.805781,0.846813,221,0,2767
2026/02/03/10:50:57,1874.721452,0.805781,0.846813,0.805781,0.846813,221,0,2767
2026/02/03/10:50:58,1875.721550,0.767813,0.830190,0.767813,0.830190,214,0,2776
2026/02/03/10:50:59,1876.721713,0.784625,0.838491,0.784625,0.838491,217,0,2776
2026/02/03/10:51:00,1877.721790,0.769813,0.828659,0.769813,0.828659,212,0,2781
2026/02/03/10:51:01,1878.721909,0.751812,0.806527,0.751812,0.806527,208,0,2785
2026/02/03/10:51:02,1879.721999,0.751812,0.806527,0.751812,0.806527,208,0,2785
2026/02/03/10:51:03,1880.722109,0.735875,0.773485,0.735875,0.773485,202,0,2791
2026/02/03/10:51:04,1881.722263,0.735875,0.773485,0.735875,0.773485,202,0,2791
2026/02/03/10:51:05,1882.722331,0.734875,0.784652,0.734875,0.784652,202,0,2793
2026/02/03/10:51:06,1883.722493,0.734875,0.784652,0.734875,0.784652,202,0,2793
2026/02/03/10:51:07,1884.722585,0.731563,0.756101,0.731563,0.756101,200,0,2795
2026/02/03/10:51:08,1885.722674,0.716344,0.745528,0.716344,0.745528,195,0,2800
2026/02/03/10:51:09,1886.722784,0.714187,0.743842,0.714187,0.743842,194,0,2801
2026/02/03/10:51:10,1887.722892,0.708000,0.738933,0.708000,0.738933,191,0,2804
2026/02/03/10:51:11,1888.723004,0.700594,0.733859,0.700594,0.733859,188,0,2807
2026/02/03/10:51:12,1889.723098,0.700594,0.733859,0.700594,0.733859,188,0,2807
2026/02/03/10:51:13,1890.723200,0.700594,0.733859,0.700594,0.733859,188,0,2807
2026/02/03/10:51:14,1891.723264,0.706531,0.741734,0.706531,0.741734,191,0,2807
2026/02/03/10:51:15,1892.723335,0.756594,0.777168,0.756594,0.777168,203,0,2807
2026/02/03/10:51:16,1893.723420,0.787031,0.795325,0.791344,0.798674,211,1,2807
2026/02/03/10:51:17,1894.723518,0.817125,0.835052,0.820719,0.849600,214,1,2813
2026/02/03/10:51:18,1895.723584,0.790375,0.825033,0.793969,0.839581,212,1,2818
2026/02/03/10:51:19,1896.723717,0.785312,0.819193,0.788906,0.833741,210,1,2820
2026/02/03/10:51:20,1897.723829,0.756781,0.798245,0.760375,0.812793,203,1,2827
2026/02/03/10:51:21,1898.723985,0.746250,0.773404,0.746250,0.773404,203,0,2830
2026/02/03/10:51:22,1899.724113,0.743656,0.771088,0.743656,0.771088,202,0,2831
2026/02/03/10:51:23,1900.724450,0.734563,0.762522,0.734563,0.762522,198,0,2835
2026/02/03/10:51:24,1901.724545,0.751344,0.788554,0.751344,0.788554,206,0,2837
2026/02/03/10:51:25,1902.724618,0.774656,0.812428,0.776813,0.824599,215,1,2838
2026/02/03/10:51:26,1903.724778,0.785937,0.825860,0.804469,0.902067,217,7,2840
2026/02/03/10:51:27,1904.724948,0.791781,0.823485,0.810187,0.850331,215,3,2847
2026/02/03/10:51:28,1905.725035,0.799656,0.838471,0.803969,0.862814,214,2,2852
2026/02/03/10:51:29,1906.725130,0.777125,0.832709,0.777125,0.832709,211,0,2857
2026/02/03/10:51:30,1907.725211,0.826906,0.857927,0.826906,0.857927,218,0,2859
2026/02/03/10:51:31,1908.726765,0.825156,0.853265,0.825156,0.853265,217,0,2860
2026/02/03/10:51:32,1909.726907,0.812656,0.842419,0.812656,0.842419,215,0,2862
2026/02/03/10:51:33,1910.726955,0.795281,0.821619,0.795281,0.821619,211,0,2866
2026/02/03/10:51:34,1911.727034,0.790312,0.819786,0.790312,0.819786,210,0,2867
2026/02/03/10:51:35,1912.727131,0.790312,0.819786,0.790312,0.819786,210,0,2867
2026/02/03/10:51:36,1913.727257,0.774625,0.786112,0.774625,0.786112,206,0,2871
2026/02/03/10:51:37,1914.727348,0.771687,0.784373,0.771687,0.784373,205,0,2872
2026/02/03/10:51:38,1915.727446,0.771687,0.784373,0.771687,0.784373,205,0,2872
2026/02/03/10:51:39,1916.727549,0.770000,0.782683,0.770000,0.782683,204,0,2873
2026/02/03/10:51:40,1917.727642,0.770000,0.782683,0.770000,0.782683,204,0,2873
2026/02/03/10:51:41,1918.727713,0.770000,0.782683,0.770000,0.782683,204,0,2873
2026/02/03/10:51:42,1919.727798,0.783500,0.812318,0.783500,0.812318,210,0,2873
2026/02/03/10:51:43,1920.727927,0.781781,0.809451,0.781781,0.809451,209,0,2874
2026/02/03/10:51:44,1921.728063,0.775969,0.801353,0.775969,0.801353,206,0,2877
2026/02/03/10:51:45,1922.728154,0.753719,0.795907,0.753719,0.795907,204,0,2879
2026/02/03/10:51:46,1923.728224,0.753719,0.795907,0.753719,0.795907,204,0,2879
2026/02/03/10:51:47,1924.728343,0.753719,0.795907,0.758719,0.797631,204,1,2879
2026/02/03/10:51:48,1925.728435,0.785813,0.822273,0.791844,0.832142,209,1,2879
2026/02/03/10:51:49,1926.728532,0.794375,0.829272,0.800406,0.839141,213,1,2879
2026/02/03/10:51:50,1927.728632,0.794375,0.829272,0.800406,0.839141,213,1,2879
2026/02/03/10:51:51,1928.728755,0.798500,0.839910,0.804531,0.849779,215,1,2879
2026/02/03/10:51:52,1929.728834,0.835219,0.864675,0.846125,0.911416,222,4,2879
2026/02/03/10:51:53,1930.728943,0.835219,0.864675,0.846125,0.911416,222,4,2879
2026/02/03/10:51:54,1931.729040,0.826063,0.851354,0.832094,0.861223,218,1,2883
2026/02/03/10:51:55,1932.729122,0.816937,0.838992,0.822969,0.848861,215,1,2886
2026/02/03/10:51:56,1933.729251,0.810656,0.834019,0.816688,0.843888,212,1,2889
2026/02/03/10:51:57,1934.729366,0.798594,0.814281,0.798594,0.814281,210,0,2891
2026/02/03/10:51:58,1935.729561,0.762906,0.792861,0.762906,0.792861,204,0,2897
2026/02/03/10:51:59,1936.729626,0.762906,0.792861,0.762906,0.792861,204,0,2897
2026/02/03/10:52:00,1937.729780,0.762906,0.792861,0.762906,0.792861,204,0,2897
2026/02/03/10:52:01,1938.729896,0.762906,0.792861,0.762906,0.792861,204,0,2897
2026/02/03/10:52:02,1939.729938,0.762906,0.792861,0.762906,0.792861,204,0,2897
2026/02/03/10:52:03,1940.730055,0.762906,0.792861,0.762906,0.792861,204,0,2897
2026/02/03/10:52:04,1941.730223,0.780594,0.818831,0.780594,0.818831,209,0,2897
2026/02/03/10:52:05,1942.730294,0.780594,0.818831,0.782219,0.821654,209,1,2897
2026/02/03/10:52:06,1943.730417,0.779125,0.821408,0.779125,0.821408,210,0,2900
2026/02/03/10:52:07,1944.730519,0.773687,0.816669,0.773687,0.816669,207,0,2903
2026/02/03/10:52:08,1945.730723,0.781500,0.824774,0.781500,0.824774,210,0,2904
2026/02/03/10:52:09,1946.730790,0.781500,0.824774,0.781500,0.824774,210,0,2904
2026/02/03/10:52:10,1947.730912,0.769781,0.815572,0.769781,0.815572,207,0,2907
2026/02/03/10:52:11,1948.730978,0.769781,0.815572,0.769781,0.815572,207,0,2907
2026/02/03/10:52:12,1949.731084,0.769781,0.815572,0.769781,0.815572,207,0,2907
2026/02/03/10:52:13,1950.731228,0.814500,0.839426,0.814500,0.839426,216,0,2907
2026/02/03/10:52:14,1951.731293,0.836187,0.848407,0.846187,0.881974,220,4,2908
2026/02/03/10:52:15,1952.731440,0.825969,0.858546,0.831344,0.879184,221,2,2911
2026/02/03/10:52:16,1953.731502,0.789781,0.851481,0.795156,0.872118,217,2,2915
2026/02/03/10:52:17,1954.731615,0.779906,0.849846,0.785281,0.870484,216,2,2916
2026/02/03/10:52:18,1955.731724,0.778062,0.842141,0.778062,0.842141,215,0,2918
2026/02/03/10:52:19,1956.731833,0.778062,0.842141,0.778062,0.842141,215,0,2918
2026/02/03/10:52:20,1957.731947,0.772563,0.838281,0.772563,0.838281,214,0,2919
2026/02/03/10:52:21,1958.732046,0.764250,0.830020,0.764250,0.830020,210,0,2923
2026/02/03/10:52:22,1959.732134,0.764250,0.830020,0.764250,0.830020,210,0,2923
2026/02/03/10:52:23,1960.732231,0.764250,0.830020,0.764250,0.830020,210,0,2923
2026/02/03/10:52:24,1961.732323,0.737125,0.804155,0.737125,0.804155,206,0,2927
2026/02/03/10:52:25,1962.732432,0.732156,0.802422,0.732156,0.802422,205,0,2928
2026/02/03/10:52:26,1963.732584,0.732156,0.802422,0.732156,0.802422,205,0,2928
2026/02/03/10:52:27,1964.732706,0.732156,0.802422,0.732156,0.802422,205,0,2928
2026/02/03/10:52:28,1965.732786,0.732156,0.802422,0.732156,0.802422,205,0,2928
2026/02/03/10:52:29,1966.732904,0.740844,0.803270,0.740844,0.803270,208,0,2930
2026/02/03/10:52:30,1967.733044,0.740844,0.803270,0.740844,0.803270,208,0,2930
2026/02/03/10:52:31,1968.733128,0.765656,0.835086,0.765656,0.835086,216,0,2930
2026/02/03/10:52:32,1969.733253,0.777687,0.857170,0.779344,0.870599,220,1,2932
2026/02/03/10:52:33,1970.733337,0.799000,0.883926,0.804344,0.908542,227,3,2932
2026/02/03/10:52:34,1971.733420,0.800937,0.886792,0.804344,0.908542,228,2,2932
2026/02/03/10:52:35,1972.733525,0.797375,0.879706,0.797375,0.879706,227,0,2936
2026/02/03/10:52:36,1973.733674,0.779438,0.858039,0.779438,0.858039,219,0,2944
2026/02/03/10:52:37,1974.733768,0.772594,0.847592,0.772594,0.847592,216,0,2947
2026/02/03/10:52:38,1975.733892,0.782281,0.859770,0.787062,0.870317,220,1,2947
2026/02/03/10:52:39,1976.733955,0.782281,0.859770,0.787062,0.870317,220,1,2947
2026/02/03/10:52:40,1977.734065,0.766281,0.845858,0.771062,0.856404,216,1,2951
2026/02/03/10:52:41,1978.734148,0.759531,0.842143,0.764312,0.852689,214,1,2953
2026/02/03/10:52:42,1979.734277,0.757656,0.838006,0.762437,0.848553,213,1,2954
2026/02/03/10:52:43,1980.734389,0.752781,0.829537,0.757563,0.840084,210,1,2957
2026/02/03/10:52:44,1981.734477,0.747812,0.824321,0.747812,0.824321,207,0,2960
2026/02/03/10:52:45,1982.734563,0.767062,0.840440,0.774375,0.853517,212,2,2962
2026/02/03/10:52:46,1983.734715,0.779344,0.836643,0.782094,0.847465,213,1,2964
2026/02/03/10:52:47,1984.734804,0.778281,0.838418,0.778281,0.838418,212,0,2966
2026/02/03/10:52:48,1985.734915,0.743219,0.817314,0.743219,0.817314,204,0,2974
2026/02/03/10:52:49,1986.734972,0.743219,0.817314,0.743219,0.817314,204,0,2974
2026/02/03/10:52:50,1987.735097,0.753750,0.826677,0.753750,0.826677,207,0,2975
2026/02/03/10:52:51,1988.735212,0.753750,0.826677,0.753750,0.826677,207,0,2975
2026/02/03/10:52:52,1989.735365,0.745844,0.822049,0.745844,0.822049,205,0,2977
2026/02/03/10:52:53,1990.735465,0.741344,0.809414,0.741344,0.809414,203,0,2979
2026/02/03/10:52:54,1991.735561,0.741344,0.809414,0.741344,0.809414,203,0,2979
2026/02/03/10:52:55,1992.735671,0.741344,0.809414,0.741344,0.809414,203,0,2979
2026/02/03/10:52:56,1993.735765,0.741344,0.809414,0.741344,0.809414,203,0,2979
2026/02/03/10:52:57,1994.735884,0.741344,0.809414,0.741344,0.809414,203,0,2979
2026/02/03/10:52:58,1995.735970,0.741344,0.809414,0.741344,0.809414,203,0,2979
2026/02/03/10:52:59,1996.736121,0.741344,0.809414,0.741344,0.809414,203,0,2979
2026/02/03/10:53:00,1997.736225,0.739281,0.804326,0.739281,0.804326,202,0,2980
2026/02/03/10:53:01,1998.736294,0.739281,0.804326,0.739281,0.804326,202,0,2980
2026/02/03/10:53:02,1999.736400,0.739281,0.804326,0.739281,0.804326,202,0,2980
2026/02/03/10:53:03,2000.736561,0.739281,0.804326,0.739281,0.804326,202,0,2980
2026/02/03/10:53:04,2001.736669,0.769125,0.816357,0.769125,0.816357,207,0,2980
2026/02/03/10:53:05,2002.736836,0.769125,0.816357,0.769125,0.816357,207,0,2980
2026/02/03/10:53:06,2003.736937,0.750062,0.809570,0.750062,0.809570,205,0,2982
2026/02/03/10:53:07,2004.737049,0.750062,0.809570,0.750062,0.809570,205,0,2982
2026/02/03/10:53:08,2005.737123,0.750062,0.809570,0.750062,0.809570,205,0,2982
2026/02/03/10:53:09,2006.737289,0.750062,0.809570,0.750062,0.809570,205,0,2982
2026/02/03/10:53:10,2007.737393,0.748469,0.803814,0.748469,0.803814,204,0,2983
2026/02/03/10:53:11,2008.737454,0.748469,0.803814,0.748469,0.803814,204,0,2983
2026/02/03/10:53:12,2009.737561,0.748469,0.803814,0.748469,0.803814,204,0,2983
2026/02/03/10:53:13,2010.737713,0.748469,0.803814,0.748469,0.803814,204,0,2983
2026/02/03/10:53:14,2011.737886,0.796063,0.853077,0.796063,0.853077,219,0,2983
2026/02/03/10:53:15,2012.737930,0.804625,0.867506,0.809844,0.874108,223,1,2983
2026/02/03/10:53:16,2013.738041,0.822875,0.876639,0.822875,0.876639,225,0,2989
2026/02/03/10:53:17,2014.738130,0.795281,0.843800,0.795281,0.843800,217,0,2997
2026/02/03/10:53:18,2015.738206,0.816156,0.863147,0.816156,0.863147,225,0,2997
2026/02/03/10:53:19,2016.738274,0.809187,0.856992,0.809187,0.856992,222,0,3000
2026/02/03/10:53:20,2017.738347,0.799250,0.846780,0.799250,0.846780,219,0,3003
2026/02/03/10:53:21,2018.738513,0.782188,0.839343,0.782188,0.839343,215,0,3007
2026/02/03/10:53:22,2019.738592,0.778813,0.836019,0.778813,0.836019,213,0,3009
2026/02/03/10:53:23,2020.738662,0.778813,0.836019,0.778813,0.836019,213,0,3009
2026/02/03/10:53:24,2021.738774,0.769125,0.824497,0.769125,0.824497,211,0,3011
2026/02/03/10:53:25,2022.738862,0.764312,0.818052,0.764312,0.818052,210,0,3012
2026/02/03/10:53:26,2023.738974,0.791406,0.859404,0.797125,0.894238,219,3,3012
2026/02/03/10:53:27,2024.739057,0.809688,0.877181,0.815406,0.912016,227,3,3012
2026/02/03/10:53:28,2025.739168,0.808688,0.875862,0.812500,0.899086,228,2,3015
2026/02/03/10:53:29,2026.739257,0.808688,0.875862,0.812500,0.899086,228,2,3015
2026/02/03/10:53:30,2027.739351,0.808688,0.875862,0.812500,0.899086,228,2,3015
2026/02/03/10:53:31,2028.739424,0.808688,0.875862,0.812500,0.899086,228,2,3015
2026/02/03/10:53:32,2029.739539,0.803750,0.872201,0.807562,0.895424,226,2,3017
2026/02/03/10:53:33,2030.739661,0.803750,0.872201,0.807562,0.895424,226,2,3017
2026/02/03/10:53:34,2031.739731,0.802125,0.869395,0.805937,0.892618,225,2,3018
2026/02/03/10:53:35,2032.739838,0.802125,0.869395,0.805937,0.892618,225,2,3018
2026/02/03/10:53:36,2033.739964,0.820688,0.888306,0.824500,0.911529,232,2,3018
2026/02/03/10:53:37,2034.740052,0.867344,0.899838,0.893594,0.953489,237,6,3021
2026/02/03/10:53:38,2035.740142,0.864531,0.899618,0.894281,0.978239,237,8,3023
2026/02/03/10:53:39,2036.740315,0.813688,0.890250,0.822469,0.921394,230,3,3031
2026/02/03/10:53:40,2037.740397,0.833031,0.905483,0.841812,0.936627,237,3,3031
2026/02/03/10:53:41,2038.740538,0.833031,0.905483,0.841812,0.936627,237,3,3031
2026/02/03/10:53:42,2039.740631,0.833031,0.905483,0.841812,0.936627,237,3,3031
2026/02/03/10:53:43,2040.740751,0.811281,0.892043,0.820063,0.923188,231,3,3037
2026/02/03/10:53:44,2041.740915,0.797219,0.875971,0.801031,0.899194,227,2,3041
2026/02/03/10:53:45,2042.740928,0.787750,0.865885,0.791562,0.889108,224,2,3044
2026/02/03/10:53:46,2043.741035,0.787750,0.865885,0.791562,0.889108,224,2,3044
2026/02/03/10:53:47,2044.741175,0.782781,0.860427,0.786594,0.883650,221,2,3047
2026/02/03/10:53:48,2045.741271,0.797781,0.869977,0.801594,0.893200,224,2,3047
2026/02/03/10:53:49,2046.741358,0.797781,0.869977,0.801594,0.893200,224,2,3047
2026/02/03/10:53:50,2047.741422,0.797781,0.869977,0.801594,0.893200,224,2,3047
2026/02/03/10:53:51,2048.741551,0.797781,0.869977,0.801594,0.893200,224,2,3047
2026/02/03/10:53:52,2049.741625,0.797781,0.869977,0.801594,0.893200,224,2,3047
2026/02/03/10:53:53,2050.741720,0.779531,0.853790,0.783344,0.877013,219,2,3052
2026/02/03/10:53:54,2051.741814,0.783156,0.857653,0.786969,0.880876,221,2,3052
2026/02/03/10:53:55,2052.741933,0.783156,0.857653,0.786969,0.880876,221,2,3052
2026/02/03/10:53:56,2053.742035,0.782312,0.853791,0.791937,0.894031,220,4,3055
2026/02/03/10:53:57,2054.742110,0.782312,0.853791,0.791937,0.894031,220,4,3055
2026/02/03/10:53:58,2055.742270,0.778687,0.849928,0.788312,0.890168,218,4,3057
2026/02/03/10:53:59,2056.742417,0.786188,0.855629,0.795813,0.895869,220,4,3057
2026/02/03/10:54:00,2057.742531,0.772500,0.850726,0.782125,0.890966,218,4,3059
2026/02/03/10:54:01,2058.742620,0.772500,0.850726,0.782125,0.890966,218,4,3059
2026/02/03/10:54:02,2059.742699,0.779969,0.865691,0.804312,0.927294,222,9,3061
2026/02/03/10:54:03,2060.742796,0.782594,0.885451,0.786406,0.908674,223,2,3067
2026/02/03/10:54:04,2061.742902,0.775781,0.871537,0.777687,0.883149,221,1,3070
2026/02/03/10:54:05,2062.743032,0.769750,0.869547,0.771656,0.881159,220,1,3071
2026/02/03/10:54:06,2063.743102,0.760656,0.861040,0.762563,0.872652,217,1,3074
2026/02/03/10:54:07,2064.743215,0.760656,0.861040,0.762563,0.872652,217,1,3074
2026/02/03/10:54:08,2065.743307,0.750938,0.854151,0.750938,0.854151,214,0,3078
2026/02/03/10:54:09,2066.743376,0.741688,0.847650,0.741688,0.847650,212,0,3080
2026/02/03/10:54:10,2067.743503,0.741688,0.847650,0.741688,0.847650,212,0,3080
2026/02/03/10:54:11,2068.743596,0.741688,0.847650,0.741688,0.847650,212,0,3080
2026/02/03/10:54:12,2069.743688,0.735969,0.812815,0.735969,0.812815,209,0,3083
2026/02/03/10:54:13,2070.743797,0.735969,0.812815,0.735969,0.812815,209,0,3083
2026/02/03/10:54:14,2071.743882,0.735969,0.812815,0.735969,0.812815,209,0,3083
2026/02/03/10:54:15,2072.743958,0.735969,0.812815,0.735969,0.812815,209,0,3083
2026/02/03/10:54:16,2073.744054,0.735969,0.812815,0.735969,0.812815,209,0,3083
2026/02/03/10:54:17,2074.744163,0.750656,0.820232,0.750656,0.820232,212,0,3083
2026/02/03/10:54:18,2075.744313,0.748969,0.818033,0.748969,0.818033,211,0,3084
2026/02/03/10:54:19,2076.744463,0.748969,0.818033,0.748969,0.818033,211,0,3084
2026/02/03/10:54:20,2077.744568,0.748969,0.818033,0.748969,0.818033,211,0,3084
2026/02/03/10:54:21,2078.744667,0.743156,0.810631,0.743156,0.810631,208,0,3087
2026/02/03/10:54:22,2079.744788,0.739031,0.801296,0.739031,0.801296,206,0,3089
2026/02/03/10:54:23,2080.744919,0.735656,0.797659,0.735656,0.797659,204,0,3091
2026/02/03/10:54:24,2081.744956,0.737938,0.799983,0.737938,0.799983,205,0,3091
2026/02/03/10:54:25,2082.745062,0.737938,0.799983,0.737938,0.799983,205,0,3091
2026/02/03/10:54:26,2083.745164,0.737938,0.799983,0.737938,0.799983,205,0,3091
2026/02/03/10:54:27,2084.745277,0.740156,0.801645,0.740156,0.801645,206,0,3091
2026/02/03/10:54:28,2085.745361,0.740156,0.801645,0.740156,0.801645,206,0,3091
2026/02/03/10:54:29,2086.745506,0.725437,0.794265,0.725437,0.794265,203,0,3094
2026/02/03/10:54:30,2087.745606,0.725437,0.794265,0.725437,0.794265,203,0,3094
2026/02/03/10:54:31,2088.745705,0.723250,0.792566,0.723250,0.792566,202,0,3095
2026/02/03/10:54:32,2089.745806,0.723594,0.787380,0.723594,0.787380,203,0,3096
2026/02/03/10:54:33,2090.745923,0.723594,0.787380,0.723594,0.787380,203,0,3096
2026/02/03/10:54:34,2091.745956,0.723594,0.787380,0.723594,0.787380,203,0,3096
2026/02/03/10:54:35,2092.746073,0.717156,0.781846,0.717156,0.781846,200,0,3099
2026/02/03/10:54:36,2093.746223,0.717156,0.781846,0.717156,0.781846,200,0,3099
2026/02/03/10:54:37,2094.746293,0.736563,0.787383,0.736563,0.787383,203,0,3099
2026/02/03/10:54:38,2095.746405,0.752031,0.794030,0.752031,0.794030,206,0,3099
2026/02/03/10:54:39,2096.746553,0.802875,0.847309,0.802875,0.847309,216,0,3100
2026/02/03/10:54:40,2097.746647,0.813906,0.872357,0.816219,0.882217,221,1,3103
2026/02/03/10:54:41,2098.746745,0.815344,0.878560,0.815344,0.878560,224,0,3107
2026/02/03/10:54:42,2099.746887,0.803594,0.834104,0.803594,0.834104,220,0,3113
2026/02/03/10:54:43,2100.747237,0.798500,0.829712,0.798500,0.829712,218,0,3115
2026/02/03/10:54:44,2101.747358,0.744250,0.800039,0.744250,0.800039,207,0,3127
2026/02/03/10:54:45,2102.747457,0.744250,0.800039,0.744250,0.800039,207,0,3127
2026/02/03/10:54:46,2103.747539,0.744250,0.800039,0.744250,0.800039,207,0,3127
2026/02/03/10:54:47,2104.747656,0.744250,0.800039,0.744250,0.800039,207,0,3127
2026/02/03/10:54:48,2105.747721,0.735938,0.798335,0.735938,0.798335,206,0,3128
2026/02/03/10:54:49,2106.747800,0.735938,0.798335,0.735938,0.798335,206,0,3128
2026/02/03/10:54:50,2107.747925,0.739844,0.799984,0.771500,0.844157,207,4,3128
2026/02/03/10:54:51,2108.748003,0.770062,0.838211,0.799469,0.882916,219,4,3131
2026/02/03/10:54:52,2109.748114,0.798813,0.855020,0.833781,0.899180,226,4,3131
2026/02/03/10:54:53,2110.748198,0.810250,0.862344,0.848437,0.909725,228,4,3134
2026/02/03/10:54:54,2111.748298,0.810625,0.871617,0.838375,0.914140,232,3,3142
2026/02/03/10:54:55,2112.748391,0.824281,0.879160,0.824281,0.879160,235,0,3144
2026/02/03/10:54:56,2113.748487,0.802813,0.875827,0.802813,0.875827,230,0,3150
2026/02/03/10:54:57,2114.748567,0.819469,0.881448,0.828438,0.912778,233,4,3151
2026/02/03/10:54:58,2115.748656,0.862531,0.904479,0.877219,0.941261,244,5,3151
2026/02/03/10:54:59,2116.748735,0.865062,0.910021,0.879750,0.946803,245,5,3154
2026/02/03/10:55:00,2117.748845,0.855750,0.903087,0.861469,0.908538,241,1,3158
2026/02/03/10:55:01,2118.748950,0.836656,0.883040,0.836656,0.883040,232,0,3168
2026/02/03/10:55:02,2119.749012,0.830937,0.877588,0.830937,0.877588,231,0,3169
2026/02/03/10:55:03,2120.749117,0.827313,0.875986,0.827313,0.875986,230,0,3170
2026/02/03/10:55:04,2121.749240,0.800250,0.851709,0.800250,0.851709,221,0,3179
2026/02/03/10:55:05,2122.749332,0.767625,0.842218,0.767625,0.842218,218,0,3182
2026/02/03/10:55:06,2123.749431,0.767625,0.842218,0.767625,0.842218,218,0,3182
2026/02/03/10:55:07,2124.749524,0.759500,0.823439,0.759500,0.823439,214,0,3186
2026/02/03/10:55:08,2125.749619,0.759500,0.823439,0.759500,0.823439,214,0,3186
2026/02/03/10:55:09,2126.749675,0.761781,0.825160,0.761781,0.825160,215,0,3186
2026/02/03/10:55:10,2127.749770,0.753969,0.808009,0.753969,0.808009,211,0,3190
2026/02/03/10:55:11,2128.749890,0.753969,0.808009,0.753969,0.808009,211,0,3190
2026/02/03/10:55:12,2129.749918,0.753969,0.808009,0.753969,0.808009,211,0,3190
2026/02/03/10:55:13,2130.750087,0.780844,0.822550,0.780844,0.822550,217,0,3190
2026/02/03/10:55:14,2131.750176,0.806969,0.842604,0.806969,0.842604,222,0,3190
2026/02/03/10:55:15,2132.750264,0.804688,0.840883,0.804688,0.840883,221,0,3191
2026/02/03/10:55:16,2133.750379,0.801687,0.834326,0.801687,0.834326,220,0,3192
2026/02/03/10:55:17,2134.750478,0.780687,0.824809,0.780687,0.824809,216,0,3196
2026/02/03/10:55:18,2135.750629,0.769875,0.810143,0.769875,0.810143,211,0,3201
2026/02/03/10:55:19,2136.750699,0.764000,0.805118,0.764000,0.805118,209,0,3203
2026/02/03/10:55:20,2137.750814,0.764000,0.805118,0.764000,0.805118,209,0,3203
2026/02/03/10:55:21,2138.751051,0.764000,0.805118,0.764000,0.805118,209,0,3203
2026/02/03/10:55:22,2139.751103,0.764000,0.805118,0.764000,0.805118,209,0,3203
2026/02/03/10:55:23,2140.751213,0.764000,0.805118,0.764000,0.805118,209,0,3203
2026/02/03/10:55:24,2141.751322,0.764000,0.805118,0.764000,0.805118,209,0,3203
2026/02/03/10:55:25,2142.751446,0.764000,0.805118,0.764000,0.805118,209,0,3203
2026/02/03/10:55:26,2143.751526,0.764000,0.805118,0.764000,0.805118,209,0,3203
2026/02/03/10:55:27,2144.751623,0.737875,0.790720,0.737875,0.790720,204,0,3208
2026/02/03/10:55:28,2145.751722,0.737875,0.790720,0.737875,0.790720,204,0,3208
2026/02/03/10:55:29,2146.751803,0.737875,0.790720,0.737875,0.790720,204,0,3208
2026/02/03/10:55:30,2147.751906,0.759469,0.803376,0.759469,0.803376,211,0,3208
2026/02/03/10:55:31,2148.752023,0.764188,0.807158,0.779438,0.809610,212,1,3211
2026/02/03/10:55:32,2149.752159,0.760750,0.803274,0.776000,0.805726,210,1,3213
2026/02/03/10:55:33,2150.752299,0.750687,0.800056,0.750687,0.800056,208,0,3215
2026/02/03/10:55:34,2151.752384,0.746000,0.796023,0.746000,0.796023,206,0,3217
2026/02/03/10:55:35,2152.752486,0.746000,0.796023,0.746000,0.796023,206,0,3217
2026/02/03/10:55:36,2153.752598,0.738531,0.790061,0.738531,0.790061,203,0,3220
2026/02/03/10:55:37,2154.752679,0.735812,0.788169,0.735812,0.788169,202,0,3221
2026/02/03/10:55:38,2155.752781,0.766188,0.822625,0.776250,0.850638,208,2,3224
2026/02/03/10:55:39,2156.752840,0.767031,0.826763,0.777094,0.854776,210,2,3228
2026/02/03/10:55:40,2157.752955,0.778500,0.850764,0.788563,0.878777,216,2,3228
2026/02/03/10:55:41,2158.753051,0.759094,0.826312,0.769156,0.854325,208,2,3236
2026/02/03/10:55:42,2159.753119,0.775375,0.857248,0.788094,0.891819,216,3,3236
2026/02/03/10:55:43,2160.753242,0.774500,0.879344,0.782000,0.901808,219,2,3239
2026/02/03/10:55:44,2161.753324,0.778188,0.889854,0.799250,0.951648,220,6,3241
2026/02/03/10:55:45,2162.753395,0.771437,0.876917,0.773719,0.888261,217,1,3245
2026/02/03/10:55:46,2163.753504,0.764719,0.871850,0.767000,0.883194,215,1,3247
2026/02/03/10:55:47,2164.753598,0.754781,0.852264,0.774875,0.898838,211,4,3252
2026/02/03/10:55:48,2165.753681,0.769375,0.874816,0.789469,0.921390,217,4,3252
2026/02/03/10:55:49,2166.753838,0.769375,0.874816,0.789469,0.921390,217,4,3252
2026/02/03/10:55:50,2167.753942,0.769375,0.874816,0.773531,0.895698,217,2,3252
2026/02/03/10:55:51,2168.754040,0.767219,0.877512,0.769500,0.888856,217,1,3255
2026/02/03/10:55:52,2169.754133,0.760469,0.867380,0.762750,0.878724,214,1,3258
2026/02/03/10:55:53,2170.754240,0.760469,0.867380,0.762750,0.878724,214,1,3258
2026/02/03/10:55:54,2171.754333,0.760469,0.867380,0.762750,0.878724,214,1,3258
2026/02/03/10:55:55,2172.754445,0.760469,0.867380,0.762750,0.878724,214,1,3258
2026/02/03/10:55:56,2173.754546,0.760469,0.867380,0.762750,0.878724,214,1,3258
2026/02/03/10:55:57,2174.754696,0.760469,0.867380,0.762750,0.878724,214,1,3258
2026/02/03/10:55:58,2175.754771,0.760469,0.867380,0.762750,0.878724,214,1,3258
2026/02/03/10:55:59,2176.754900,0.755500,0.860434,0.755500,0.860434,211,0,3262
2026/02/03/10:56:00,2177.755104,0.763687,0.877250,0.763687,0.877250,215,0,3262
2026/02/03/10:56:01,2178.755116,0.763687,0.877250,0.763687,0.877250,215,0,3262
2026/02/03/10:56:02,2179.755220,0.813688,0.900218,0.813688,0.900218,226,0,3264
2026/02/03/10:56:03,2180.755334,0.821531,0.903521,0.849844,0.908995,228,2,3264
2026/02/03/10:56:04,2181.755435,0.822719,0.908915,0.852656,0.926199,229,3,3266
2026/02/03/10:56:05,2182.755502,0.815594,0.901396,0.843906,0.906870,228,2,3268
2026/02/03/10:56:06,2183.755580,0.813969,0.889587,0.842281,0.895061,227,2,3269
2026/02/03/10:56:07,2184.755692,0.808031,0.880879,0.836344,0.886353,225,2,3271
2026/02/03/10:56:08,2185.755856,0.808031,0.880879,0.836344,0.886353,225,2,3271
2026/02/03/10:56:09,2186.755963,0.801906,0.877513,0.830219,0.882988,223,2,3273
2026/02/03/10:56:10,2187.756156,0.801906,0.877513,0.830219,0.882988,223,2,3273
2026/02/03/10:56:11,2188.756169,0.801906,0.877513,0.830219,0.882988,223,2,3273
2026/02/03/10:56:12,2189.756269,0.801906,0.877513,0.830219,0.882988,223,2,3273
2026/02/03/10:56:13,2190.756357,0.796031,0.874090,0.824344,0.879564,221,2,3275
2026/02/03/10:56:14,2191.756455,0.806750,0.864572,0.820906,0.867309,220,1,3277
2026/02/03/10:56:15,2192.756553,0.804250,0.862819,0.818406,0.865556,219,1,3278
2026/02/03/10:56:16,2193.756655,0.804250,0.862819,0.818406,0.865556,219,1,3278
2026/02/03/10:56:17,2194.756751,0.804250,0.862819,0.818406,0.865556,219,1,3278
2026/02/03/10:56:18,2195.756851,0.799562,0.854489,0.813719,0.857226,217,1,3280
2026/02/03/10:56:19,2196.757099,0.791594,0.835744,0.805750,0.838481,214,1,3283
2026/02/03/10:56:20,2197.757192,0.803562,0.851257,0.817719,0.853994,217,1,3283
2026/02/03/10:56:21,2198.757278,0.803562,0.851257,0.817719,0.853994,217,1,3283
2026/02/03/10:56:22,2199.757438,0.797219,0.849378,0.811375,0.852115,216,1,3284
2026/02/03/10:56:23,2200.757550,0.797219,0.849378,0.811375,0.852115,216,1,3284
2026/02/03/10:56:24,2201.757650,0.791594,0.835744,0.805750,0.838481,214,1,3286
2026/02/03/10:56:25,2202.757736,0.788094,0.829261,0.802250,0.831998,212,1,3288
2026/02/03/10:56:26,2203.757844,0.788094,0.829261,0.802250,0.831998,212,1,3288
2026/02/03/10:56:27,2204.757944,0.782813,0.826015,0.782813,0.826015,210,0,3291
2026/02/03/10:56:28,2205.758039,0.771563,0.819227,0.771563,0.819227,207,0,3294
2026/02/03/10:56:29,2206.758184,0.777438,0.828254,0.777438,0.828254,210,0,3294
2026/02/03/10:56:30,2207.758281,0.777438,0.828254,0.777438,0.828254,210,0,3294
2026/02/03/10:56:31,2208.758365,0.771563,0.819227,0.771563,0.819227,207,0,3297
2026/02/03/10:56:32,2209.758524,0.797188,0.846949,0.797188,0.846949,215,0,3297
2026/02/03/10:56:33,2210.758596,0.797188,0.846949,0.797188,0.846949,215,0,3297
2026/02/03/10:56:34,2211.758697,0.823875,0.886412,0.823875,0.886412,224,0,3297
2026/02/03/10:56:35,2212.758837,0.825750,0.892621,0.825750,0.892621,225,0,3297
2026/02/03/10:56:36,2213.758942,0.845219,0.879865,0.860375,0.881949,223,1,3307
2026/02/03/10:56:37,2214.759025,0.836375,0.867008,0.851531,0.869091,219,1,3311
2026/02/03/10:56:38,2215.759127,0.840313,0.871732,0.855469,0.873815,221,1,3311
2026/02/03/10:56:39,2216.759236,0.797344,0.855156,0.812500,0.857240,215,1,3317
2026/02/03/10:56:40,2217.759300,0.791531,0.833882,0.806688,0.835965,213,1,3319
2026/02/03/10:56:41,2218.759404,0.788719,0.829574,0.803875,0.831658,212,1,3320
2026/02/03/10:56:42,2219.759501,0.774125,0.812547,0.789281,0.814630,206,1,3326
2026/02/03/10:56:43,2220.759622,0.774125,0.812547,0.789281,0.814630,206,1,3326
2026/02/03/10:56:44,2221.759687,0.819562,0.839660,0.819562,0.839660,217,0,3326
2026/02/03/10:56:45,2222.759792,0.828187,0.858263,0.828187,0.858263,220,0,3327
2026/02/03/10:56:46,2223.759923,0.844000,0.865957,0.844000,0.865957,224,0,3327
2026/02/03/10:56:47,2224.759952,0.833063,0.861920,0.833063,0.861920,222,0,3329
2026/02/03/10:56:48,2225.760061,0.813125,0.833427,0.813125,0.833427,216,0,3335
2026/02/03/10:56:49,2226.760188,0.813125,0.833427,0.813125,0.833427,216,0,3335
2026/02/03/10:56:50,2227.760278,0.797312,0.825733,0.797312,0.825733,212,0,3339
2026/02/03/10:56:51,2228.760446,0.797312,0.825733,0.797312,0.825733,212,0,3339
2026/02/03/10:56:52,2229.760562,0.797312,0.825733,0.797312,0.825733,212,0,3339
2026/02/03/10:56:53,2230.760649,0.797312,0.825733,0.797312,0.825733,212,0,3339
2026/02/03/10:56:54,2231.760742,0.788937,0.820812,0.788937,0.820812,210,0,3341
2026/02/03/10:56:55,2232.760849,0.826187,0.850494,0.826187,0.850494,218,0,3341
2026/02/03/10:56:56,2233.760952,0.826187,0.850494,0.826187,0.850494,218,0,3341
2026/02/03/10:56:57,2234.761029,0.828281,0.853219,0.828281,0.853219,219,0,3341
2026/02/03/10:56:58,2235.761194,0.824406,0.846647,0.824406,0.846647,218,0,3344
2026/02/03/10:56:59,2236.761298,0.824406,0.846647,0.824406,0.846647,218,0,3344
2026/02/03/10:57:00,2237.761391,0.808531,0.841960,0.808531,0.841960,216,0,3346
2026/02/03/10:57:01,2238.761514,0.808531,0.841960,0.808531,0.841960,216,0,3346
2026/02/03/10:57:02,2239.761677,0.790219,0.835905,0.790219,0.835905,213,0,3349
2026/02/03/10:57:03,2240.761784,0.790219,0.835905,0.790219,0.835905,213,0,3349
2026/02/03/10:57:04,2241.761901,0.784969,0.820969,0.784969,0.820969,210,0,3352
2026/02/03/10:57:05,2242.761983,0.784969,0.820969,0.784969,0.820969,210,0,3352
2026/02/03/10:57:06,2243.762103,0.776781,0.805476,0.776781,0.805476,208,0,3354
2026/02/03/10:57:07,2244.762199,0.779531,0.815677,0.786719,0.843344,209,2,3354
2026/02/03/10:57:08,2245.762299,0.779531,0.815677,0.786719,0.843344,209,2,3354
2026/02/03/10:57:09,2246.762366,0.781875,0.819305,0.808625,0.894090,210,8,3354
2026/02/03/10:57:10,2247.762466,0.793625,0.839385,0.801438,0.866424,214,2,3354
2026/02/03/10:57:11,2248.762527,0.782719,0.828331,0.790531,0.855370,210,2,3358
2026/02/03/10:57:12,2249.762630,0.776469,0.811184,0.776469,0.811184,208,0,3360
2026/02/03/10:57:13,2250.762736,0.776469,0.811184,0.776469,0.811184,208,0,3360
2026/02/03/10:57:14,2251.762911,0.822031,0.847416,0.822031,0.847416,218,0,3360
2026/02/03/10:57:15,2252.762964,0.827844,0.849058,0.827844,0.849058,219,0,3360
2026/02/03/10:57:16,2253.763055,0.820250,0.843939,0.820250,0.843939,216,0,3363
2026/02/03/10:57:17,2254.763163,0.841063,0.884448,0.841063,0.884448,225,0,3366
2026/02/03/10:57:18,2255.763249,0.846781,0.893683,0.846781,0.893683,228,0,3366
2026/02/03/10:57:19,2256.763391,0.841250,0.883178,0.841250,0.883178,225,0,3369
2026/02/03/10:57:20,2257.763463,0.812875,0.864695,0.812875,0.864695,219,0,3375
2026/02/03/10:57:21,2258.763628,0.812875,0.864695,0.812875,0.864695,219,0,3375
2026/02/03/10:57:22,2259.763726,0.812875,0.864695,0.812875,0.864695,219,0,3375
2026/02/03/10:57:23,2260.763811,0.792719,0.859966,0.792719,0.859966,216,0,3378
2026/02/03/10:57:24,2261.763954,0.779156,0.840466,0.779156,0.840466,211,0,3383
2026/02/03/10:57:25,2262.764058,0.779156,0.840466,0.779156,0.840466,211,0,3383
2026/02/03/10:57:26,2263.764159,0.768156,0.824676,0.768156,0.824676,206,0,3388
2026/02/03/10:57:27,2264.764245,0.765125,0.823104,0.765125,0.823104,205,0,3389
2026/02/03/10:57:28,2265.764326,0.762250,0.809905,0.762250,0.809905,204,0,3392
2026/02/03/10:57:29,2266.764453,0.762250,0.809905,0.762250,0.809905,204,0,3392
2026/02/03/10:57:30,2267.764538,0.762250,0.809905,0.762250,0.809905,204,0,3392
2026/02/03/10:57:31,2268.764645,0.762250,0.809905,0.762250,0.809905,204,0,3392
2026/02/03/10:57:32,2269.764743,0.762250,0.809905,0.762250,0.809905,204,0,3392
2026/02/03/10:57:33,2270.764836,0.762250,0.809905,0.762250,0.809905,204,0,3392
2026/02/03/10:57:34,2271.764946,0.762250,0.809905,0.762250,0.809905,204,0,3392
2026/02/03/10:57:35,2272.765053,0.762250,0.809905,0.762250,0.809905,204,0,3392
2026/02/03/10:57:36,2273.765145,0.757687,0.791800,0.757687,0.791800,202,0,3394
2026/02/03/10:57:37,2274.765235,0.757687,0.791800,0.757687,0.791800,202,0,3394
2026/02/03/10:57:38,2275.765387,0.757687,0.791800,0.757687,0.791800,202,0,3394
2026/02/03/10:57:39,2276.765481,0.790281,0.814022,0.790281,0.814022,211,0,3394
2026/02/03/10:57:40,2277.765636,0.820844,0.845743,0.830406,0.847742,218,1,3394
2026/02/03/10:57:41,2278.765733,0.795562,0.835833,0.795562,0.835833,215,0,3398
2026/02/03/10:57:42,2279.765836,0.793250,0.833422,0.793250,0.833422,214,0,3399
2026/02/03/10:57:43,2280.765944,0.788000,0.809020,0.788000,0.809020,211,0,3402
2026/02/03/10:57:44,2281.766020,0.785156,0.806658,0.785156,0.806658,210,0,3403
2026/02/03/10:57:45,2282.766119,0.782813,0.804009,0.782813,0.804009,209,0,3404
2026/02/03/10:57:46,2283.766215,0.780469,0.801360,0.780469,0.801360,208,0,3405
2026/02/03/10:57:47,2284.766308,0.819031,0.836373,0.819031,0.836373,221,0,3407
2026/02/03/10:57:48,2285.766389,0.845500,0.893462,0.847938,0.895037,231,1,3407
2026/02/03/10:57:49,2286.766495,0.842719,0.883207,0.842719,0.883207,227,0,3416
2026/02/03/10:57:50,2287.766563,0.808000,0.855698,0.808000,0.855698,217,0,3427
2026/02/03/10:57:51,2288.766629,0.790438,0.813985,0.790438,0.813985,210,0,3434
2026/02/03/10:57:52,2289.766724,0.804656,0.809772,0.817344,0.811711,211,1,3437
2026/02/03/10:57:53,2290.766948,0.817531,0.824386,0.830219,0.826325,217,1,3437
2026/02/03/10:57:54,2291.766927,0.802719,0.820600,0.802719,0.820600,215,0,3439
2026/02/03/10:57:55,2292.767085,0.799687,0.817308,0.799687,0.817308,214,0,3440
2026/02/03/10:57:56,2293.767189,0.802188,0.822452,0.802188,0.822452,216,0,3443
2026/02/03/10:57:57,2294.767281,0.785219,0.815744,0.785219,0.815744,213,0,3446
2026/02/03/10:57:58,2295.767370,0.785219,0.815744,0.785219,0.815744,213,0,3446
2026/02/03/10:57:59,2296.767468,0.770625,0.798342,0.770625,0.798342,206,0,3453
2026/02/03/10:58:00,2297.767567,0.770625,0.798342,0.770625,0.798342,206,0,3453
2026/02/03/10:58:01,2298.767658,0.770625,0.798342,0.770625,0.798342,206,0,3453
2026/02/03/10:58:02,2299.767768,0.770625,0.798342,0.770625,0.798342,206,0,3453
2026/02/03/10:58:03,2300.767899,0.770625,0.798342,0.770625,0.798342,206,0,3453
2026/02/03/10:58:04,2301.767949,0.784375,0.812821,0.803750,0.835439,209,2,3453
2026/02/03/10:58:05,2302.768069,0.772938,0.804670,0.792312,0.827288,205,2,3457
2026/02/03/10:58:06,2303.768209,0.778062,0.813954,0.797438,0.836573,205,2,3459
2026/02/03/10:58:07,2304.768326,0.793438,0.848258,0.817250,0.893329,213,4,3460
2026/02/03/10:58:08,2305.768415,0.793438,0.848258,0.819906,0.904989,213,5,3460
2026/02/03/10:58:09,2306.768509,0.793438,0.848258,0.819906,0.904989,213,5,3460
2026/02/03/10:58:10,2307.768655,0.767687,0.833940,0.787062,0.856559,206,2,3468
2026/02/03/10:58:11,2308.768773,0.762813,0.811705,0.782188,0.834323,203,2,3471
2026/02/03/10:58:12,2309.768903,0.762813,0.811705,0.782188,0.834323,203,2,3471
2026/02/03/10:58:13,2310.768975,0.762813,0.811705,0.782188,0.834323,203,2,3471
2026/02/03/10:58:14,2311.769070,0.768437,0.819844,0.778125,0.831153,202,1,3473
2026/02/03/10:58:15,2312.769147,0.766656,0.809050,0.776344,0.820359,201,1,3474
2026/02/03/10:58:16,2313.769273,0.766656,0.809050,0.776344,0.820359,201,1,3474
2026/02/03/10:58:17,2314.769363,0.765062,0.807423,0.774750,0.818732,200,1,3475
2026/02/03/10:58:18,2315.769863,0.770969,0.827447,0.793344,0.898468,203,5,3475
2026/02/03/10:58:19,2316.769938,0.770969,0.827447,0.793344,0.898468,203,5,3475
2026/02/03/10:58:20,2317.770041,0.768500,0.813069,0.778188,0.824378,202,1,3476
2026/02/03/10:58:21,2318.770144,0.743375,0.773369,0.743375,0.773369,197,0,3481
2026/02/03/10:58:22,2319.770299,0.743375,0.773369,0.743375,0.773369,197,0,3481
2026/02/03/10:58:23,2320.770450,0.743375,0.773369,0.743375,0.773369,197,0,3481
2026/02/03/10:58:24,2321.770561,0.737750,0.767503,0.737750,0.767503,194,0,3484
2026/02/03/10:58:25,2322.770655,0.737750,0.767503,0.737750,0.767503,194,0,3484
2026/02/03/10:58:26,2323.770758,0.737750,0.767503,0.737750,0.767503,194,0,3484
2026/02/03/10:58:27,2324.770846,0.737750,0.767503,0.737750,0.767503,194,0,3484
2026/02/03/10:58:28,2325.770936,0.737750,0.767503,0.737750,0.767503,194,0,3484
2026/02/03/10:58:29,2326.771098,0.737750,0.767503,0.737750,0.767503,194,0,3484
2026/02/03/10:58:30,2327.771341,0.737750,0.767503,0.737750,0.767503,194,0,3484
2026/02/03/10:58:31,2328.771331,0.737750,0.767503,0.737750,0.767503,194,0,3484
2026/02/03/10:58:32,2329.771452,0.737750,0.767503,0.737750,0.767503,194,0,3484
2026/02/03/10:58:33,2330.771596,0.737750,0.767503,0.737750,0.767503,194,0,3484
2026/02/03/10:58:34,2331.771755,0.740375,0.772352,0.740375,0.772352,195,0,3484
2026/02/03/10:58:35,2332.771856,0.751906,0.785909,0.751906,0.785909,198,0,3485
2026/02/03/10:58:36,2333.771948,0.751906,0.785909,0.751906,0.785909,198,0,3485
2026/02/03/10:58:37,2334.772097,0.751906,0.785909,0.751906,0.785909,198,0,3485
2026/02/03/10:58:38,2335.772189,0.747125,0.774752,0.747125,0.774752,197,0,3486
2026/02/03/10:58:39,2336.772302,0.747125,0.774752,0.747125,0.774752,197,0,3486
2026/02/03/10:58:40,2337.772374,0.747125,0.774752,0.747125,0.774752,197,0,3486
2026/02/03/10:58:41,2338.772448,0.747125,0.774752,0.747125,0.774752,197,0,3486
2026/02/03/10:58:42,2339.772564,0.747125,0.774752,0.747125,0.774752,197,0,3486
2026/02/03/10:58:43,2340.772663,0.735406,0.774598,0.735406,0.774598,196,0,3489
2026/02/03/10:58:44,2341.772766,0.735406,0.774598,0.735406,0.774598,196,0,3489
2026/02/03/10:58:45,2342.772863,0.735406,0.774598,0.735406,0.774598,196,0,3489
2026/02/03/10:58:46,2343.772970,0.743500,0.780600,0.743500,0.780600,199,0,3489
2026/02/03/10:58:47,2344.773081,0.737125,0.775748,0.737125,0.775748,197,0,3491
2026/02/03/10:58:48,2345.773234,0.737125,0.775748,0.737125,0.775748,197,0,3491
2026/02/03/10:58:49,2346.773295,0.734500,0.770898,0.734500,0.770898,196,0,3492
2026/02/03/10:58:50,2347.773426,0.734500,0.770898,0.734500,0.770898,196,0,3492
2026/02/03/10:58:51,2348.773549,0.736938,0.782067,0.736938,0.782067,197,0,3492
2026/02/03/10:58:52,2349.773636,0.736938,0.782067,0.736938,0.782067,197,0,3492
2026/02/03/10:58:53,2350.773747,0.736938,0.782067,0.736938,0.782067,197,0,3492
2026/02/03/10:58:54,2351.773836,0.734969,0.780481,0.734969,0.780481,196,0,3493
2026/02/03/10:58:55,2352.773963,0.732531,0.769312,0.732531,0.769312,195,0,3494
2026/02/03/10:58:56,2353.774103,0.732531,0.769312,0.732531,0.769312,195,0,3494
2026/02/03/10:58:57,2354.774271,0.732531,0.769312,0.732531,0.769312,195,0,3494
2026/02/03/10:58:58,2355.774355,0.732531,0.769312,0.732531,0.769312,195,0,3494
2026/02/03/10:58:59,2356.774459,0.730688,0.767184,0.730688,0.767184,194,0,3495
2026/02/03/10:59:00,2357.774523,0.711719,0.756732,0.711719,0.756732,189,0,3500
2026/02/03/10:59:01,2358.774632,0.711719,0.756732,0.711719,0.756732,189,0,3500
2026/02/03/10:59:02,2359.774728,0.711719,0.756732,0.711719,0.756732,189,0,3500
2026/02/03/10:59:03,2360.774821,0.711719,0.756732,0.711719,0.756732,189,0,3500
2026/02/03/10:59:04,2361.775029,0.733625,0.787817,0.733625,0.787817,194,0,3501
2026/02/03/10:59:05,2362.775224,0.733625,0.787817,0.733625,0.787817,194,0,3501
2026/02/03/10:59:06,2363.775365,0.742125,0.798503,0.742125,0.798503,198,0,3501
2026/02/03/10:59:07,2364.775505,0.747594,0.777282,0.747594,0.777282,196,0,3506
2026/02/03/10:59:08,2365.775682,0.749188,0.762837,0.749188,0.762837,193,0,3511
2026/02/03/10:59:09,2366.775773,0.749188,0.762837,0.749188,0.762837,193,0,3511
2026/02/03/10:59:10,2367.775965,0.749188,0.762837,0.749188,0.762837,193,0,3511
2026/02/03/10:59:11,2368.775992,0.738313,0.756840,0.738313,0.756840,191,0,3513
2026/02/03/10:59:12,2369.776097,0.738313,0.756840,0.738313,0.756840,191,0,3513
2026/02/03/10:59:13,2370.776221,0.738313,0.756840,0.738313,0.756840,191,0,3513
2026/02/03/10:59:14,2371.776349,0.738313,0.756840,0.738313,0.756840,191,0,3513
2026/02/03/10:59:15,2372.776433,0.738313,0.756840,0.738313,0.756840,191,0,3513
2026/02/03/10:59:16,2373.776605,0.738313,0.756840,0.738313,0.756840,191,0,3513
2026/02/03/10:59:17,2374.776682,0.738313,0.756840,0.738313,0.756840,191,0,3513
2026/02/03/10:59:18,2375.776782,0.727125,0.755024,0.727125,0.755024,190,0,3514
2026/02/03/10:59:19,2376.776926,0.727125,0.755024,0.727125,0.755024,190,0,3514
2026/02/03/10:59:20,2377.776994,0.727125,0.755024,0.727125,0.755024,190,0,3514
2026/02/03/10:59:21,2378.777068,0.783156,0.807344,0.828344,0.821557,200,3,3514
2026/02/03/10:59:22,2379.777158,0.783156,0.807344,0.828344,0.821557,200,3,3514
2026/02/03/10:59:23,2380.777233,0.783156,0.807344,0.828344,0.821557,200,3,3514
2026/02/03/10:59:24,2381.777386,0.759219,0.795472,0.804406,0.809686,198,3,3516
2026/02/03/10:59:25,2382.777534,0.759219,0.795472,0.804406,0.809686,198,3,3516
2026/02/03/10:59:26,2383.777694,0.754469,0.796610,0.769531,0.802935,196,1,3519
2026/02/03/10:59:27,2384.777838,0.754469,0.796610,0.769531,0.802935,196,1,3519
2026/02/03/10:59:28,2385.777961,0.754469,0.796610,0.769531,0.802935,196,1,3519
2026/02/03/10:59:29,2386.778065,0.754469,0.796610,0.769531,0.802935,196,1,3519
2026/02/03/10:59:30,2387.778197,0.754469,0.796610,0.769531,0.802935,196,1,3519
2026/02/03/10:59:31,2388.778274,0.789500,0.852431,0.804562,0.858756,207,1,3519
2026/02/03/10:59:32,2389.778347,0.804312,0.862647,0.819375,0.868972,210,1,3519
2026/02/03/10:59:33,2390.778429,0.820812,0.856131,0.838875,0.864430,214,2,3522
2026/02/03/10:59:34,2391.778532,0.849781,0.867151,0.880531,0.878515,219,3,3525
2026/02/03/10:59:35,2392.778605,0.857500,0.866051,0.888250,0.877414,223,3,3527
2026/02/03/10:59:36,2393.778698,0.868406,0.884874,0.891875,0.895355,225,2,3531
2026/02/03/10:59:37,2394.778798,0.880094,0.888697,0.912344,0.900796,227,3,3531
2026/02/03/10:59:38,2395.778886,0.863875,0.844987,0.896125,0.857086,221,3,3537
2026/02/03/10:59:39,2396.778951,0.840313,0.837806,0.863781,0.848287,217,2,3541
2026/02/03/10:59:40,2397.779104,0.873188,0.871433,0.929125,0.897648,225,6,3544
2026/02/03/10:59:41,2398.779229,0.869031,0.872512,0.924969,0.898727,225,6,3545
2026/02/03/10:59:42,2399.779377,0.862844,0.859677,0.901875,0.879480,222,4,3550
2026/02/03/10:59:43,2400.779472,0.859938,0.857472,0.898969,0.877275,221,4,3551
2026/02/03/10:59:44,2401.779594,0.881531,0.868443,0.948937,0.893174,225,6,3554
2026/02/03/10:59:45,2402.779673,0.874406,0.852105,0.941813,0.876836,223,6,3556
2026/02/03/10:59:46,2403.779750,0.861625,0.839186,0.929031,0.863917,218,6,3561
2026/02/03/10:59:47,2404.779858,0.873594,0.852245,0.943750,0.879527,222,7,3561
2026/02/03/10:59:48,2405.780016,0.888906,0.883756,0.970094,0.910056,227,7,3561
2026/02/03/10:59:49,2406.780143,0.876969,0.875942,0.958156,0.902242,224,7,3564
2026/02/03/10:59:50,2407.780204,0.864156,0.865921,0.895406,0.881063,221,3,3569
2026/02/03/10:59:51,2408.780280,0.836938,0.857583,0.868188,0.872724,217,3,3573
2026/02/03/10:59:52,2409.780419,0.836938,0.857583,0.868188,0.872724,217,3,3573
2026/02/03/10:59:53,2410.780543,0.836938,0.857583,0.868188,0.872724,217,3,3573
2026/02/03/10:59:54,2411.780648,0.834969,0.853274,0.866219,0.868416,216,3,3574
2026/02/03/10:59:55,2412.780749,0.829906,0.828723,0.861156,0.843865,213,3,3577
2026/02/03/10:59:56,2413.780853,0.840625,0.833740,0.871875,0.848881,214,3,3580
2026/02/03/10:59:57,2414.780966,0.851500,0.821883,0.882750,0.837025,216,3,3582
2026/02/03/10:59:58,2415.781082,0.835000,0.811590,0.866250,0.826732,213,3,3585
2026/02/03/10:59:59,2416.781174,0.829438,0.805581,0.852906,0.816063,209,2,3590
2026/02/03/11:00:00,2417.781301,0.829438,0.805581,0.852906,0.816063,209,2,3590
2026/02/03/11:00:01,2418.781385,0.835688,0.808147,0.850750,0.814472,209,1,3591
2026/02/03/11:00:02,2419.781476,0.835688,0.808147,0.850750,0.814472,209,1,3591
2026/02/03/11:00:03,2420.781568,0.838375,0.809891,0.853437,0.816216,210,1,3591
2026/02/03/11:00:04,2421.781689,0.815844,0.799840,0.830906,0.806165,208,1,3596
2026/02/03/11:00:05,2422.781770,0.823531,0.807855,0.838594,0.814180,212,1,3596
2026/02/03/11:00:06,2423.781905,0.820844,0.806111,0.835906,0.812436,211,1,3597
2026/02/03/11:00:07,2424.782026,0.825438,0.812832,0.840500,0.819157,213,1,3597
2026/02/03/11:00:08,2425.782109,0.836219,0.827099,0.851281,0.833424,216,1,3597
2026/02/03/11:00:09,2426.782193,0.874031,0.860654,0.902344,0.868647,224,2,3603
2026/02/03/11:00:10,2427.782286,0.873437,0.874482,0.928250,0.885811,225,4,3608
2026/02/03/11:00:11,2428.782404,0.869437,0.862930,0.924250,0.874259,223,4,3610
2026/02/03/11:00:12,2429.782535,0.862688,0.858099,0.917500,0.869428,221,4,3612
2026/02/03/11:00:13,2430.782650,0.853187,0.853712,0.908000,0.865041,219,4,3614
2026/02/03/11:00:14,2431.782792,0.886312,0.884882,0.916438,0.902301,231,3,3617
2026/02/03/11:00:15,2432.782877,0.874812,0.880533,0.915250,0.924717,229,6,3619
2026/02/03/11:00:16,2433.782989,0.878563,0.891029,0.912312,0.922530,230,4,3623
2026/02/03/11:00:17,2434.783082,0.863094,0.876140,0.894469,0.882657,226,4,3628
2026/02/03/11:00:18,2435.783183,0.870594,0.911547,0.874469,0.932472,232,2,3634
2026/02/03/11:00:19,2436.783253,0.859719,0.905142,0.863594,0.926067,230,2,3636
2026/02/03/11:00:20,2437.783341,0.846656,0.893028,0.850531,0.913953,226,2,3643
2026/02/03/11:00:21,2438.783423,0.837094,0.892734,0.840969,0.913659,223,2,3651
2026/02/03/11:00:22,2439.783505,0.826719,0.876170,0.830594,0.897096,219,2,3655
2026/02/03/11:00:23,2440.783614,0.826719,0.876170,0.830594,0.897096,219,2,3655
2026/02/03/11:00:24,2441.783730,0.823125,0.871259,0.827000,0.892184,218,2,3656
2026/02/03/11:00:25,2442.783797,0.819125,0.869698,0.821063,0.880161,217,1,3658
2026/02/03/11:00:26,2443.783911,0.801219,0.858114,0.803156,0.868577,212,1,3663
2026/02/03/11:00:27,2444.784066,0.801219,0.858114,0.803156,0.868577,212,1,3663
2026/02/03/11:00:28,2445.784189,0.798719,0.853333,0.800656,0.863796,211,1,3664
2026/02/03/11:00:29,2446.784260,0.798719,0.853333,0.800656,0.863796,211,1,3664
2026/02/03/11:00:30,2447.784372,0.794844,0.860927,0.800188,0.867392,210,1,3667
2026/02/03/11:00:31,2448.784470,0.800188,0.867392,0.800188,0.867392,211,0,3667
2026/02/03/11:00:32,2449.784561,0.800188,0.867392,0.800188,0.867392,211,0,3667
2026/02/03/11:00:33,2450.784646,0.800188,0.867392,0.800188,0.867392,211,0,3667
2026/02/03/11:00:34,2451.784770,0.800188,0.867392,0.800188,0.867392,211,0,3667
2026/02/03/11:00:35,2452.784924,0.800188,0.867392,0.800188,0.867392,211,0,3667
2026/02/03/11:00:36,2453.785076,0.789500,0.854462,0.789500,0.854462,209,0,3669
2026/02/03/11:00:37,2454.785176,0.789500,0.854462,0.789500,0.854462,209,0,3669
2026/02/03/11:00:38,2455.785280,0.786062,0.842567,0.786062,0.842567,207,0,3671
2026/02/03/11:00:39,2456.785373,0.786062,0.842567,0.786062,0.842567,207,0,3671
2026/02/03/11:00:40,2457.785523,0.786062,0.842567,0.786062,0.842567,207,0,3671
2026/02/03/11:00:41,2458.785665,0.786062,0.842567,0.786062,0.842567,207,0,3671
2026/02/03/11:00:42,2459.785785,0.781375,0.837736,0.781375,0.837736,204,0,3674
2026/02/03/11:00:43,2460.785946,0.781375,0.837736,0.781375,0.837736,204,0,3674
2026/02/03/11:00:44,2461.786100,0.781375,0.837736,0.781375,0.837736,204,0,3674
2026/02/03/11:00:45,2462.786224,0.776813,0.835626,0.776813,0.835626,203,0,3675
2026/02/03/11:00:46,2463.786326,0.781125,0.838303,0.781125,0.838303,205,0,3676
2026/02/03/11:00:47,2464.786429,0.806906,0.848543,0.806906,0.848543,208,0,3676
2026/02/03/11:00:48,2465.786514,0.806906,0.848543,0.806906,0.848543,208,0,3676
2026/02/03/11:00:49,2466.786604,0.806906,0.848543,0.806906,0.848543,208,0,3676
2026/02/03/11:00:50,2467.786713,0.806906,0.848543,0.806906,0.848543,208,0,3676
2026/02/03/11:00:51,2468.786857,0.806906,0.848543,0.806906,0.848543,208,0,3676
2026/02/03/11:00:52,2469.786979,0.806906,0.848543,0.806906,0.848543,208,0,3676
2026/02/03/11:00:53,2470.787072,0.806906,0.848543,0.806906,0.848543,208,0,3676
2026/02/03/11:00:54,2471.787219,0.806906,0.848543,0.806906,0.848543,208,0,3676
2026/02/03/11:00:55,2472.787368,0.806906,0.848543,0.806906,0.848543,208,0,3676
2026/02/03/11:00:56,2473.787464,0.806906,0.848543,0.806906,0.848543,208,0,3676
2026/02/03/11:00:57,2474.787534,0.856469,0.885443,0.880719,0.889751,220,2,3676
2026/02/03/11:00:58,2475.787632,0.868406,0.890215,0.892656,0.894523,222,2,3676
2026/02/03/11:00:59,2476.787751,0.868406,0.890215,0.892656,0.894523,222,2,3676
2026/02/03/11:01:00,2477.787848,0.861750,0.881057,0.886000,0.885365,219,2,3679
2026/02/03/11:01:01,2478.787924,0.840812,0.871135,0.865062,0.875443,215,2,3683
2026/02/03/11:01:02,2479.788037,0.828812,0.827533,0.853062,0.831841,209,2,3689
2026/02/03/11:01:03,2480.788132,0.828812,0.827533,0.853062,0.831841,209,2,3689
2026/02/03/11:01:04,2481.788230,0.821438,0.816235,0.845688,0.820543,207,2,3691
2026/02/03/11:01:05,2482.788331,0.818875,0.812455,0.843125,0.816762,206,2,3692
2026/02/03/11:01:06,2483.788430,0.818875,0.812455,0.843125,0.816762,206,2,3692
2026/02/03/11:01:07,2484.788561,0.832344,0.821463,0.841063,0.823031,210,1,3693
2026/02/03/11:01:08,2485.788703,0.839187,0.832904,0.847906,0.834471,213,1,3693
2026/02/03/11:01:09,2486.788786,0.839187,0.832904,0.847906,0.834471,213,1,3693
2026/02/03/11:01:10,2487.788894,0.843562,0.840274,0.870875,0.845213,216,2,3695
2026/02/03/11:01:11,2488.789031,0.843562,0.840274,0.870875,0.845213,216,2,3695
2026/02/03/11:01:12,2489.789129,0.843562,0.840274,0.870875,0.845213,216,2,3695
2026/02/03/11:01:13,2490.789212,0.837781,0.827599,0.837781,0.827599,211,0,3702
2026/02/03/11:01:14,2491.789318,0.834281,0.822737,0.834281,0.822737,209,0,3704
2026/02/03/11:01:15,2492.789472,0.834281,0.822737,0.834281,0.822737,209,0,3704
2026/02/03/11:01:16,2493.789577,0.852500,0.838106,0.860906,0.840143,214,1,3704
2026/02/03/11:01:17,2494.789680,0.851875,0.835041,0.860281,0.837078,214,1,3705
2026/02/03/11:01:18,2495.789745,0.849469,0.833155,0.857875,0.835191,213,1,3706
2026/02/03/11:01:19,2496.789888,0.847187,0.829246,0.855594,0.831283,212,1,3707
2026/02/03/11:01:20,2497.790129,0.847187,0.829246,0.855594,0.831283,212,1,3707
2026/02/03/11:01:21,2498.790237,0.819000,0.815323,0.819000,0.815323,208,0,3712
2026/02/03/11:01:22,2499.790340,0.819000,0.815323,0.819000,0.815323,208,0,3712
2026/02/03/11:01:23,2500.790482,0.819000,0.815323,0.819000,0.815323,208,0,3712
2026/02/03/11:01:24,2501.790567,0.819000,0.815323,0.819000,0.815323,208,0,3712
2026/02/03/11:01:25,2502.790724,0.817063,0.813249,0.817063,0.813249,207,0,3713
2026/02/03/11:01:26,2503.790786,0.808656,0.811213,0.808656,0.811213,206,0,3714
2026/02/03/11:01:27,2504.790950,0.808656,0.811213,0.808656,0.811213,206,0,3714
2026/02/03/11:01:28,2505.791073,0.785531,0.824296,0.785531,0.824296,206,0,3716
2026/02/03/11:01:29,2506.791243,0.817875,0.849826,0.833000,0.861316,214,1,3716
2026/02/03/11:01:30,2507.791334,0.830031,0.858268,0.853938,0.875799,215,2,3719
2026/02/03/11:01:31,2508.791487,0.813594,0.830930,0.837500,0.848461,211,2,3723
2026/02/03/11:01:32,2509.791609,0.813594,0.830930,0.837500,0.848461,211,2,3723
2026/02/03/11:01:33,2510.791732,0.820406,0.835314,0.820406,0.835314,211,0,3724
2026/02/03/11:01:34,2511.791909,0.820406,0.835314,0.820406,0.835314,211,0,3724
2026/02/03/11:01:35,2512.791935,0.820406,0.835314,0.820406,0.835314,211,0,3724
2026/02/03/11:01:36,2513.792021,0.826094,0.841255,0.826094,0.841255,213,0,3724
2026/02/03/11:01:37,2514.792133,0.809031,0.823526,0.809031,0.823526,207,0,3730
2026/02/03/11:01:38,2515.792255,0.801406,0.819763,0.801406,0.819763,206,0,3731
2026/02/03/11:01:39,2516.792324,0.798969,0.814907,0.798969,0.814907,205,0,3732
2026/02/03/11:01:40,2517.792445,0.773813,0.787738,0.773813,0.787738,199,0,3738
2026/02/03/11:01:41,2518.792520,0.784125,0.788235,0.784125,0.788235,202,0,3741
2026/02/03/11:01:42,2519.792677,0.784125,0.788235,0.784125,0.788235,202,0,3741
2026/02/03/11:01:43,2520.792778,0.775500,0.784403,0.775500,0.784403,200,0,3743
2026/02/03/11:01:44,2521.792911,0.773906,0.781973,0.773906,0.781973,199,0,3744
2026/02/03/11:01:45,2522.793018,0.770656,0.777927,0.770656,0.777927,197,0,3746
2026/02/03/11:01:46,2523.793107,0.766406,0.774034,0.766406,0.774034,195,0,3748
2026/02/03/11:01:47,2524.793349,0.766406,0.774034,0.766406,0.774034,195,0,3748
2026/02/03/11:01:48,2525.793352,0.766406,0.774034,0.766406,0.774034,195,0,3748
2026/02/03/11:01:49,2526.793502,0.766406,0.774034,0.766406,0.774034,195,0,3748
2026/02/03/11:01:50,2527.793656,0.751250,0.762070,0.751250,0.762070,190,0,3753
2026/02/03/11:01:51,2528.793747,0.751250,0.762070,0.751250,0.762070,190,0,3753
2026/02/03/11:01:52,2529.793855,0.751250,0.762070,0.751250,0.762070,190,0,3753
2026/02/03/11:01:53,2530.793956,0.751250,0.762070,0.751250,0.762070,190,0,3753
2026/02/03/11:01:54,2531.794071,0.787906,0.792204,0.787906,0.792204,199,0,3753
2026/02/03/11:01:55,2532.794184,0.787906,0.792204,0.787906,0.792204,199,0,3753
2026/02/03/11:01:56,2533.794266,0.787906,0.792204,0.787906,0.792204,199,0,3753
2026/02/03/11:01:57,2534.794365,0.778750,0.782303,0.778750,0.782303,195,0,3757
2026/02/03/11:01:58,2535.794465,0.795531,0.783477,0.811344,0.799518,196,4,3758
2026/02/03/11:01:59,2536.794564,0.824719,0.820297,0.824719,0.820297,207,0,3759
2026/02/03/11:02:00,2537.794666,0.849469,0.852097,0.853156,0.879386,218,2,3759
2026/02/03/11:02:01,2538.794775,0.865281,0.859063,0.868969,0.886352,222,2,3762
2026/02/03/11:02:02,2539.794890,0.869344,0.853680,0.873031,0.880968,221,2,3767
2026/02/03/11:02:03,2540.794995,0.866469,0.853989,0.887656,0.888035,222,4,3770
2026/02/03/11:02:04,2541.795084,0.871781,0.844932,0.877594,0.875498,220,2,3774
2026/02/03/11:02:05,2542.795174,0.843656,0.830143,0.849469,0.860708,214,2,3780
2026/02/03/11:02:06,2543.795258,0.818250,0.822601,0.821156,0.837884,210,1,3785
2026/02/03/11:02:07,2544.795411,0.805438,0.814540,0.808344,0.829822,206,1,3789
2026/02/03/11:02:08,2545.795499,0.792000,0.804377,0.794906,0.819659,202,1,3793
2026/02/03/11:02:09,2546.795588,0.815469,0.826905,0.826812,0.844480,212,2,3793
2026/02/03/11:02:10,2547.795738,0.856594,0.866361,0.859500,0.881644,225,1,3793
2026/02/03/11:02:11,2548.795864,0.869938,0.864598,0.923125,0.903949,226,5,3796
2026/02/03/11:02:12,2549.795951,0.849219,0.850231,0.898344,0.896621,222,5,3801
2026/02/03/11:02:13,2550.796102,0.846406,0.838472,0.884563,0.860938,219,3,3805
2026/02/03/11:02:14,2551.796190,0.839875,0.835406,0.878031,0.857872,218,3,3806
2026/02/03/11:02:15,2552.796296,0.813094,0.827519,0.851250,0.849985,215,3,3809
2026/02/03/11:02:16,2553.796416,0.800719,0.819623,0.800719,0.819623,212,0,3813
2026/02/03/11:02:17,2554.796484,0.800719,0.819623,0.800719,0.819623,212,0,3813
2026/02/03/11:02:18,2555.796592,0.784875,0.804371,0.784875,0.804371,207,0,3818
2026/02/03/11:02:19,2556.796682,0.767000,0.790320,0.767000,0.790320,200,0,3825
2026/02/03/11:02:20,2557.796781,0.767000,0.790320,0.767000,0.790320,200,0,3825
2026/02/03/11:02:21,2558.796896,0.767000,0.790320,0.767000,0.790320,200,0,3825
2026/02/03/11:02:22,2559.797013,0.736187,0.762743,0.736187,0.762743,198,0,3827
2026/02/03/11:02:23,2560.797168,0.736187,0.762743,0.736187,0.762743,198,0,3827
2026/02/03/11:02:24,2561.797267,0.725906,0.742820,0.725906,0.742820,193,0,3832
2026/02/03/11:02:25,2562.797415,0.725906,0.742820,0.725906,0.742820,193,0,3832
2026/02/03/11:02:26,2563.797565,0.709469,0.733540,0.709469,0.733540,189,0,3836
2026/02/03/11:02:27,2564.797665,0.709469,0.733540,0.709469,0.733540,189,0,3836
2026/02/03/11:02:28,2565.797730,0.703562,0.725146,0.703562,0.725146,186,0,3839
2026/02/03/11:02:29,2566.797962,0.703562,0.725146,0.703562,0.725146,186,0,3839
2026/02/03/11:02:30,2567.798115,0.745125,0.807976,0.746844,0.810733,201,1,3839
2026/02/03/11:02:31,2568.798261,0.775500,0.830825,0.775500,0.830825,207,0,3839
2026/02/03/11:02:32,2569.798409,0.753281,0.811396,0.753281,0.811396,201,0,3845
2026/02/03/11:02:33,2570.798504,0.739250,0.805751,0.739250,0.805751,202,0,3847
2026/02/03/11:02:34,2571.798608,0.737656,0.803564,0.737656,0.803564,201,0,3848
2026/02/03/11:02:35,2572.798702,0.733500,0.793965,0.733500,0.793965,199,0,3850
2026/02/03/11:02:36,2573.798796,0.732156,0.792223,0.732156,0.792223,199,0,3851
2026/02/03/11:02:37,2574.798911,0.732156,0.792223,0.732156,0.792223,199,0,3851
2026/02/03/11:02:38,2575.798952,0.728781,0.787934,0.728781,0.787934,197,0,3853
2026/02/03/11:02:39,2576.799066,0.732250,0.791027,0.732250,0.791027,198,0,3853
2026/02/03/11:02:40,2577.799163,0.758156,0.821756,0.758156,0.821756,206,0,3853
2026/02/03/11:02:41,2578.799229,0.806875,0.867985,0.809312,0.870191,221,1,3853
2026/02/03/11:02:42,2579.799317,0.801031,0.865996,0.806969,0.902086,221,3,3855
2026/02/03/11:02:43,2580.799474,0.772656,0.842052,0.775031,0.852279,213,1,3863
2026/02/03/11:02:44,2581.799587,0.741875,0.803246,0.741875,0.803246,203,0,3873
2026/02/03/11:02:45,2582.799724,0.771906,0.811077,0.771906,0.811077,208,0,3877
2026/02/03/11:02:46,2583.799917,0.789562,0.804153,0.789562,0.804153,209,0,3879
2026/02/03/11:02:47,2584.799949,0.787125,0.801947,0.787125,0.801947,208,0,3880
2026/02/03/11:02:48,2585.800110,0.787125,0.801947,0.787125,0.801947,208,0,3880
2026/02/03/11:02:49,2586.800258,0.780188,0.795610,0.780188,0.795610,206,0,3882
2026/02/03/11:02:50,2587.801769,0.811469,0.825468,0.811469,0.825468,214,0,3884
2026/02/03/11:02:51,2588.801857,0.811469,0.825468,0.811469,0.825468,214,0,3884
2026/02/03/11:02:52,2589.801960,0.775781,0.783709,0.775781,0.783709,206,0,3892
2026/02/03/11:02:53,2590.802052,0.772687,0.781311,0.772687,0.781311,205,0,3893
2026/02/03/11:02:54,2591.802203,0.765375,0.776442,0.765375,0.776442,202,0,3896
2026/02/03/11:02:55,2592.802367,0.728812,0.760674,0.728812,0.760674,198,0,3900
2026/02/03/11:02:56,2593.802483,0.752062,0.787964,0.752062,0.787964,206,0,3901
2026/02/03/11:02:57,2594.802567,0.754938,0.792717,0.754938,0.792717,207,0,3901
2026/02/03/11:02:58,2595.802735,0.754938,0.792717,0.754938,0.792717,207,0,3901
2026/02/03/11:02:59,2596.802819,0.752062,0.787964,0.752062,0.787964,206,0,3902
2026/02/03/11:03:00,2597.802956,0.752062,0.787964,0.752062,0.787964,206,0,3902
2026/02/03/11:03:01,2598.803067,0.750313,0.785701,0.750313,0.785701,205,0,3903
2026/02/03/11:03:02,2599.803140,0.750313,0.785701,0.750313,0.785701,205,0,3903
2026/02/03/11:03:03,2600.803230,0.750313,0.785701,0.750313,0.785701,205,0,3903
2026/02/03/11:03:04,2601.803341,0.750313,0.785701,0.750313,0.785701,205,0,3903
2026/02/03/11:03:05,2602.803437,0.738594,0.771789,0.738594,0.771789,202,0,3906
2026/02/03/11:03:06,2603.803644,0.738594,0.771789,0.738594,0.771789,202,0,3906
2026/02/03/11:03:07,2604.803671,0.738594,0.771789,0.738594,0.771789,202,0,3906
2026/02/03/11:03:08,2605.803751,0.753125,0.784810,0.753125,0.784810,208,0,3906
2026/02/03/11:03:09,2606.803862,0.745344,0.778173,0.745344,0.778173,205,0,3909
2026/02/03/11:03:10,2607.803977,0.759125,0.818000,0.761531,0.820922,209,1,3915
2026/02/03/11:03:11,2608.804083,0.799906,0.832217,0.799906,0.832217,215,0,3915
2026/02/03/11:03:12,2609.804146,0.782094,0.817392,0.782094,0.817392,211,0,3921
2026/02/03/11:03:13,2610.804229,0.782094,0.817392,0.782094,0.817392,211,0,3921
2026/02/03/11:03:14,2611.804365,0.780469,0.814504,0.780469,0.814504,210,0,3922
2026/02/03/11:03:15,2612.804471,0.777156,0.800151,0.777156,0.800151,208,0,3924
2026/02/03/11:03:16,2613.804565,0.766750,0.790355,0.766750,0.790355,205,0,3927
2026/02/03/11:03:17,2614.805157,0.761875,0.785419,0.761875,0.785419,203,0,3929
2026/02/03/11:03:18,2615.805317,0.757812,0.767787,0.757812,0.767787,201,0,3931
2026/02/03/11:03:19,2616.805405,0.757812,0.767787,0.757812,0.767787,201,0,3931
2026/02/03/11:03:20,2617.805503,0.750938,0.762344,0.750938,0.762344,199,0,3933
2026/02/03/11:03:21,2618.805653,0.747563,0.755874,0.747563,0.755874,197,0,3935
2026/02/03/11:03:22,2619.805747,0.747563,0.755874,0.747563,0.755874,197,0,3935
2026/02/03/11:03:23,2620.805875,0.767625,0.772968,0.767625,0.772968,201,0,3936
2026/02/03/11:03:24,2621.806023,0.765969,0.767135,0.765969,0.767135,200,0,3937
2026/02/03/11:03:25,2622.806129,0.765969,0.767135,0.765969,0.767135,200,0,3937
2026/02/03/11:03:26,2623.806194,0.760281,0.765544,0.760281,0.765544,199,0,3938
2026/02/03/11:03:27,2624.806327,0.750281,0.752067,0.750281,0.752067,197,0,3940
2026/02/03/11:03:28,2625.806419,0.750281,0.752067,0.750281,0.752067,197,0,3940
2026/02/03/11:03:29,2626.806521,0.750281,0.752067,0.750281,0.752067,197,0,3940
2026/02/03/11:03:30,2627.806598,0.734313,0.740869,0.734313,0.740869,192,0,3945
2026/02/03/11:03:31,2628.806696,0.726187,0.739229,0.726187,0.739229,191,0,3946
2026/02/03/11:03:32,2629.806843,0.730625,0.751311,0.730625,0.751311,193,0,3946
2026/02/03/11:03:33,2630.806948,0.739156,0.757602,0.739156,0.757602,196,0,3946
2026/02/03/11:03:34,2631.807019,0.713594,0.744444,0.713594,0.744444,191,0,3953
2026/02/03/11:03:35,2632.807128,0.708812,0.738877,0.708812,0.738877,188,0,3956
2026/02/03/11:03:36,2633.807282,0.706031,0.737074,0.706031,0.737074,187,0,3957
2026/02/03/11:03:37,2634.807403,0.689562,0.725289,0.689562,0.725289,184,0,3960
2026/02/03/11:03:38,2635.807519,0.683500,0.721777,0.683500,0.721777,182,0,3962
2026/02/03/11:03:39,2636.807623,0.683500,0.721777,0.683500,0.721777,182,0,3962
2026/02/03/11:03:40,2637.807695,0.683500,0.721777,0.683500,0.721777,182,0,3962
2026/02/03/11:03:41,2638.807792,0.683500,0.721777,0.683500,0.721777,182,0,3962
2026/02/03/11:03:42,2639.807899,0.683500,0.721777,0.683500,0.721777,182,0,3962
2026/02/03/11:03:43,2640.808022,0.683500,0.721777,0.683500,0.721777,182,0,3962
2026/02/03/11:03:44,2641.808158,0.678813,0.708760,0.678813,0.708760,180,0,3964
2026/02/03/11:03:45,2642.808316,0.677188,0.702257,0.677188,0.702257,179,0,3965
2026/02/03/11:03:46,2643.808445,0.677188,0.702257,0.677188,0.702257,179,0,3965
2026/02/03/11:03:47,2644.808573,0.677188,0.702257,0.677188,0.702257,179,0,3965
2026/02/03/11:03:48,2645.808718,0.677188,0.702257,0.677188,0.702257,179,0,3965
2026/02/03/11:03:49,2646.808861,0.686406,0.708500,0.686406,0.708500,181,0,3965
2026/02/03/11:03:50,2647.808985,0.686406,0.708500,0.686406,0.708500,181,0,3965
2026/02/03/11:03:51,2648.809151,0.683875,0.707935,0.683875,0.707935,181,0,3966
2026/02/03/11:03:52,2649.809247,0.695438,0.718746,0.704688,0.725734,187,1,3966
2026/02/03/11:03:53,2650.809332,0.751969,0.776842,0.751969,0.776842,200,0,3966
2026/02/03/11:03:54,2651.809416,0.759188,0.790429,0.759188,0.790429,202,0,3966
2026/02/03/11:03:55,2652.809529,0.753500,0.789264,0.753500,0.789264,201,0,3969
2026/02/03/11:03:56,2653.809628,0.748250,0.783216,0.748250,0.783216,198,0,3972
2026/02/03/11:03:57,2654.809745,0.744812,0.761349,0.744812,0.761349,196,0,3974
2026/02/03/11:03:58,2655.809818,0.733969,0.753092,0.733969,0.753092,193,0,3977
2026/02/03/11:03:59,2656.809912,0.733969,0.753092,0.733969,0.753092,193,0,3977
2026/02/03/11:04:00,2657.810039,0.727781,0.749536,0.727781,0.749536,191,0,3979
2026/02/03/11:04:01,2658.810125,0.727781,0.749536,0.727781,0.749536,191,0,3979
2026/02/03/11:04:02,2659.810222,0.727781,0.749536,0.727781,0.749536,191,0,3979
2026/02/03/11:04:03,2660.810329,0.727781,0.749536,0.727781,0.749536,191,0,3979
2026/02/03/11:04:04,2661.810421,0.749594,0.763388,0.749594,0.763388,198,0,3985
2026/02/03/11:04:05,2662.810537,0.787500,0.794784,0.787500,0.794784,209,0,3985
2026/02/03/11:04:06,2663.810626,0.763188,0.775805,0.763188,0.775805,204,0,3994
2026/02/03/11:04:07,2664.810725,0.752812,0.780496,0.752812,0.780496,202,0,3998
2026/02/03/11:04:08,2665.810798,0.752812,0.780496,0.752812,0.780496,202,0,3998
2026/02/03/11:04:09,2666.810916,0.724969,0.767708,0.724969,0.767708,196,0,4004
2026/02/03/11:04:10,2667.811510,0.720781,0.751392,0.720781,0.751392,194,0,4006
2026/02/03/11:04:11,2668.811625,0.720781,0.751392,0.720781,0.751392,194,0,4006
2026/02/03/11:04:12,2669.811696,0.719187,0.748513,0.719187,0.748513,193,0,4007
2026/02/03/11:04:13,2670.811798,0.701562,0.743466,0.701562,0.743466,190,0,4010
2026/02/03/11:04:14,2671.811942,0.696594,0.731755,0.696594,0.731755,187,0,4013
2026/02/03/11:04:15,2672.812037,0.696594,0.731755,0.696594,0.731755,187,0,4013
2026/02/03/11:04:16,2673.812140,0.709750,0.735535,0.709750,0.735535,188,0,4013
2026/02/03/11:04:17,2674.812239,0.712938,0.739971,0.712938,0.739971,190,0,4013
2026/02/03/11:04:18,2675.812386,0.712938,0.739971,0.712938,0.739971,190,0,4013
2026/02/03/11:04:19,2676.812469,0.712938,0.739971,0.712938,0.739971,190,0,4013
2026/02/03/11:04:20,2677.812553,0.712938,0.739971,0.712938,0.739971,190,0,4013
2026/02/03/11:04:21,2678.812645,0.712938,0.739971,0.712938,0.739971,190,0,4013
2026/02/03/11:04:22,2679.812755,0.712938,0.739971,0.712938,0.739971,190,0,4013
2026/02/03/11:04:23,2680.812841,0.709750,0.735535,0.709750,0.735535,188,0,4015
2026/02/03/11:04:24,2681.812989,0.705781,0.733392,0.705781,0.733392,187,0,4016
2026/02/03/11:04:25,2682.813140,0.705781,0.733392,0.705781,0.733392,187,0,4016
2026/02/03/11:04:26,2683.813216,0.705781,0.733392,0.705781,0.733392,187,0,4016
2026/02/03/11:04:27,2684.813300,0.705781,0.733392,0.705781,0.733392,187,0,4016
2026/02/03/11:04:28,2685.813396,0.705781,0.733392,0.705781,0.733392,187,0,4016
2026/02/03/11:04:29,2686.813508,0.705781,0.733392,0.705781,0.733392,187,0,4016
2026/02/03/11:04:30,2687.813596,0.705781,0.733392,0.705781,0.733392,187,0,4016
2026/02/03/11:04:31,2688.813687,0.738875,0.747921,0.738875,0.747921,193,0,4016
2026/02/03/11:04:32,2689.813793,0.755719,0.773367,0.755719,0.773367,200,0,4016
2026/02/03/11:04:33,2690.813941,0.761094,0.780213,0.761094,0.780213,202,0,4016
2026/02/03/11:04:34,2691.814095,0.738875,0.760377,0.738875,0.760377,197,0,4021
2026/02/03/11:04:35,2692.814182,0.738875,0.760377,0.738875,0.760377,197,0,4021
2026/02/03/11:04:36,2693.814282,0.738875,0.760377,0.738875,0.760377,197,0,4021
2026/02/03/11:04:37,2694.814384,0.729062,0.745742,0.729062,0.745742,193,0,4025
2026/02/03/11:04:38,2695.814504,0.729062,0.745742,0.729062,0.745742,193,0,4025
2026/02/03/11:04:39,2696.814662,0.729062,0.745742,0.729062,0.745742,193,0,4025
2026/02/03/11:04:40,2697.814743,0.756594,0.758161,0.756594,0.758161,198,0,4026
2026/02/03/11:04:41,2698.814834,0.750219,0.754045,0.750219,0.754045,196,0,4028
2026/02/03/11:04:42,2699.814958,0.748031,0.752358,0.748031,0.752358,195,0,4029
2026/02/03/11:04:43,2700.815079,0.742719,0.748680,0.742719,0.748680,193,0,4031
2026/02/03/11:04:44,2701.815153,0.740219,0.746874,0.740219,0.746874,192,0,4032
2026/02/03/11:04:45,2702.815264,0.746437,0.760971,0.746437,0.760971,195,0,4032
2026/02/03/11:04:46,2703.815367,0.727062,0.756409,0.727062,0.756409,193,0,4034
2026/02/03/11:04:47,2704.815461,0.727062,0.756409,0.727062,0.756409,193,0,4034
2026/02/03/11:04:48,2705.815590,0.723500,0.752017,0.723500,0.752017,191,0,4036
2026/02/03/11:04:49,2706.815684,0.723500,0.752017,0.723500,0.752017,191,0,4036
2026/02/03/11:04:50,2707.815763,0.720844,0.742312,0.720844,0.742312,190,0,4037
2026/02/03/11:04:51,2708.815878,0.720844,0.742312,0.720844,0.742312,190,0,4037
2026/02/03/11:04:52,2709.815928,0.720844,0.742312,0.720844,0.742312,190,0,4037
2026/02/03/11:04:53,2710.816002,0.720844,0.742312,0.720844,0.742312,190,0,4037
2026/02/03/11:04:54,2711.816093,0.717812,0.737646,0.717812,0.737646,189,0,4038
2026/02/03/11:04:55,2712.816195,0.750906,0.763357,0.750906,0.763357,199,0,4038
2026/02/03/11:04:56,2713.816279,0.787875,0.787181,0.789719,0.800900,206,1,4038
2026/02/03/11:04:57,2714.816377,0.787875,0.787181,0.789719,0.800900,206,1,4038
2026/02/03/11:04:58,2715.816521,0.801438,0.822105,0.825656,0.834011,211,3,4042
2026/02/03/11:04:59,2716.816619,0.806531,0.822991,0.828906,0.832771,212,2,4045
2026/02/03/11:05:00,2717.816717,0.803031,0.816057,0.814219,0.820946,211,1,4047
2026/02/03/11:05:01,2718.816857,0.798656,0.811451,0.809844,0.816341,209,1,4049
2026/02/03/11:05:02,2719.816975,0.798656,0.811451,0.809844,0.816341,209,1,4049
2026/02/03/11:05:03,2720.817098,0.798656,0.811451,0.809844,0.816341,209,1,4049
2026/02/03/11:05:04,2721.817178,0.798656,0.811451,0.809844,0.816341,209,1,4049
2026/02/03/11:05:05,2722.817246,0.793312,0.780854,0.804500,0.785744,206,1,4052
2026/02/03/11:05:06,2723.817353,0.792031,0.779375,0.792031,0.779375,207,0,4055
2026/02/03/11:05:07,2724.817409,0.783844,0.767951,0.783844,0.767951,203,0,4059
2026/02/03/11:05:08,2725.817960,0.782156,0.765411,0.782156,0.765411,202,0,4060
2026/02/03/11:05:09,2726.818034,0.778781,0.760332,0.778781,0.760332,200,0,4062
2026/02/03/11:05:10,2727.818134,0.771875,0.762320,0.771875,0.762320,200,0,4066
2026/02/03/11:05:11,2728.818352,0.771875,0.762320,0.771875,0.762320,200,0,4066
2026/02/03/11:05:12,2729.818425,0.766375,0.759667,0.766375,0.759667,199,0,4067
2026/02/03/11:05:13,2730.818540,0.766375,0.759667,0.766375,0.759667,199,0,4067
2026/02/03/11:05:14,2731.818643,0.766375,0.759667,0.766375,0.759667,199,0,4067
2026/02/03/11:05:15,2732.818729,0.762938,0.784774,0.762938,0.784774,202,0,4068
2026/02/03/11:05:16,2733.818830,0.799875,0.819596,0.804438,0.828851,211,1,4068
2026/02/03/11:05:17,2734.818949,0.810469,0.827699,0.831906,0.866647,215,4,4068
2026/02/03/11:05:18,2735.819035,0.796250,0.810745,0.810906,0.827797,211,2,4073
2026/02/03/11:05:19,2736.819125,0.792813,0.807555,0.807469,0.824607,209,2,4075
2026/02/03/11:05:20,2737.819203,0.792813,0.807555,0.807469,0.824607,209,2,4075
2026/02/03/11:05:21,2738.819326,0.790594,0.794915,0.803031,0.799327,208,1,4076
2026/02/03/11:05:22,2739.819396,0.784813,0.784874,0.797250,0.789286,206,1,4078
2026/02/03/11:05:23,2740.819525,0.784813,0.784874,0.797250,0.789286,206,1,4078
2026/02/03/11:05:24,2741.819603,0.784813,0.784874,0.797250,0.789286,206,1,4078
2026/02/03/11:05:25,2742.819703,0.799781,0.794464,0.832281,0.802925,209,3,4078
2026/02/03/11:05:26,2743.819794,0.794219,0.789741,0.826719,0.798203,207,3,4080
2026/02/03/11:05:27,2744.819913,0.794219,0.789741,0.814281,0.793791,207,2,4080
2026/02/03/11:05:28,2745.819929,0.810031,0.810067,0.830094,0.814116,213,2,4080
2026/02/03/11:05:29,2746.820028,0.810031,0.810067,0.830094,0.814116,213,2,4080
2026/02/03/11:05:30,2747.820138,0.813531,0.798092,0.823562,0.800116,211,1,4083
2026/02/03/11:05:31,2748.820239,0.824438,0.802366,0.859000,0.817433,212,5,4085
2026/02/03/11:05:32,2749.820327,0.846906,0.824670,0.872906,0.829692,219,2,4087
2026/02/03/11:05:33,2750.820475,0.821094,0.815527,0.834094,0.818038,214,1,4093
2026/02/03/11:05:34,2751.820621,0.819094,0.813508,0.832094,0.816019,213,1,4094
2026/02/03/11:05:35,2752.820768,0.803281,0.809331,0.803281,0.809331,211,0,4096
2026/02/03/11:05:36,2753.820889,0.803281,0.809331,0.803281,0.809331,211,0,4096
2026/02/03/11:05:37,2754.820932,0.849844,0.846840,0.849844,0.846840,221,0,4099
2026/02/03/11:05:38,2755.821108,0.864094,0.871946,0.864094,0.871946,227,0,4100
2026/02/03/11:05:39,2756.821205,0.875625,0.896074,0.875625,0.896074,232,0,4105
2026/02/03/11:05:40,2757.821349,0.858094,0.874723,0.858094,0.874723,228,0,4115
2026/02/03/11:05:41,2758.821419,0.800656,0.843914,0.800656,0.843914,216,0,4127
2026/02/03/11:05:42,2759.821517,0.800656,0.843914,0.800656,0.843914,216,0,4127
2026/02/03/11:05:43,2760.821610,0.785750,0.825301,0.785750,0.825301,212,0,4131
2026/02/03/11:05:44,2761.821678,0.772437,0.800919,0.772437,0.800919,207,0,4136
2026/02/03/11:05:45,2762.821803,0.770156,0.795725,0.770156,0.795725,206,0,4137
2026/02/03/11:05:46,2763.821950,0.763500,0.790634,0.763500,0.790634,203,0,4140
2026/02/03/11:05:47,2764.822072,0.750656,0.783483,0.750656,0.783483,200,0,4143
2026/02/03/11:05:48,2765.822149,0.750656,0.783483,0.750656,0.783483,200,0,4143
2026/02/03/11:05:49,2766.822238,0.750656,0.783483,0.750656,0.783483,200,0,4143
2026/02/03/11:05:50,2767.822617,0.750656,0.783483,0.750656,0.783483,200,0,4143
2026/02/03/11:05:51,2768.822572,0.750656,0.783483,0.750656,0.783483,200,0,4143
2026/02/03/11:05:52,2769.822673,0.740344,0.749294,0.740344,0.749294,197,0,4146
2026/02/03/11:05:53,2770.822806,0.742625,0.750502,0.742625,0.750502,199,0,4149
2026/02/03/11:05:54,2771.822959,0.735000,0.746651,0.735000,0.746651,197,0,4151
2026/02/03/11:05:55,2772.823088,0.739313,0.766245,0.739313,0.766245,199,0,4151
2026/02/03/11:05:56,2773.823200,0.723313,0.755828,0.723313,0.755828,195,0,4155
2026/02/03/11:05:57,2774.823308,0.723313,0.755828,0.723313,0.755828,195,0,4155
2026/02/03/11:05:58,2775.823411,0.708781,0.747394,0.708781,0.747394,191,0,4159
2026/02/03/11:05:59,2776.823560,0.699125,0.721745,0.699125,0.721745,186,0,4164
2026/02/03/11:06:00,2777.823656,0.699125,0.721745,0.699125,0.721745,186,0,4164
2026/02/03/11:06:01,2778.823756,0.699125,0.721745,0.699125,0.721745,186,0,4164
2026/02/03/11:06:02,2779.823920,0.680375,0.716127,0.680375,0.716127,183,0,4167
2026/02/03/11:06:03,2780.824015,0.680375,0.716127,0.680375,0.716127,183,0,4167
2026/02/03/11:06:04,2781.824167,0.680375,0.716127,0.680375,0.716127,183,0,4167
2026/02/03/11:06:05,2782.824279,0.680375,0.716127,0.680375,0.716127,183,0,4167
2026/02/03/11:06:06,2783.824422,0.680375,0.716127,0.680375,0.716127,183,0,4167
2026/02/03/11:06:07,2784.825181,0.748656,0.746033,0.748656,0.746033,193,0,4167
2026/02/03/11:06:08,2785.825267,0.772844,0.760463,0.772844,0.760463,200,0,4168
2026/02/03/11:06:09,2786.825362,0.782625,0.776386,0.782625,0.776386,205,0,4172
2026/02/03/11:06:10,2787.825456,0.785625,0.776458,0.785625,0.776458,207,0,4173
2026/02/03/11:06:11,2788.826111,0.813844,0.801715,0.813844,0.801715,212,0,4175
2026/02/03/11:06:12,2789.826200,0.859656,0.826364,0.859656,0.826364,221,0,4178
2026/02/03/11:06:13,2790.826291,0.872062,0.824460,0.872062,0.824460,221,0,4186
2026/02/03/11:06:14,2791.826355,0.861531,0.838627,0.861531,0.838627,223,0,4190
2026/02/03/11:06:15,2792.826482,0.829156,0.808116,0.829156,0.808116,214,0,4199
2026/02/03/11:06:16,2793.826566,0.814719,0.811942,0.814719,0.811942,215,0,4203
2026/02/03/11:06:17,2794.826641,0.833125,0.815586,0.833125,0.815586,216,0,4205
2026/02/03/11:06:18,2795.826751,0.852437,0.829819,0.870375,0.834579,220,2,4207
2026/02/03/11:06:19,2796.826832,0.889219,0.848673,0.910469,0.862649,228,3,4207
2026/02/03/11:06:20,2797.826950,0.894969,0.867960,0.902094,0.900515,229,3,4217
2026/02/03/11:06:21,2798.827089,0.900813,0.877952,0.914562,0.935362,231,5,4218
2026/02/03/11:06:22,2799.827236,0.867969,0.856669,0.881719,0.914079,222,5,4227
2026/02/03/11:06:23,2800.827331,0.837812,0.860808,0.846812,0.896514,217,3,4234
2026/02/03/11:06:24,2801.827424,0.825250,0.833902,0.828250,0.845804,213,1,4240
2026/02/03/11:06:25,2802.827508,0.838281,0.840721,0.849969,0.856900,216,2,4244
2026/02/03/11:06:26,2803.827595,0.860125,0.854946,0.880375,0.873801,220,3,4248
2026/02/03/11:06:27,2804.827667,0.869375,0.860332,0.881062,0.876511,223,2,4252
2026/02/03/11:06:28,2805.827767,0.867531,0.856635,0.879219,0.872814,222,2,4253
2026/02/03/11:06:29,2806.827935,0.867531,0.856635,0.879219,0.872814,222,2,4253
2026/02/03/11:06:30,2807.828072,0.856812,0.842623,0.859812,0.854525,217,1,4259
2026/02/03/11:06:31,2808.828234,0.827219,0.826951,0.830219,0.838853,213,1,4263
2026/02/03/11:06:32,2809.828321,0.811187,0.821655,0.814187,0.833557,210,1,4266
2026/02/03/11:06:33,2810.828426,0.803562,0.818324,0.806562,0.830226,208,1,4268
2026/02/03/11:06:34,2811.828496,0.831719,0.827220,0.841187,0.829070,214,1,4271
2026/02/03/11:06:35,2812.828629,0.843125,0.821836,0.843125,0.821836,215,0,4279
2026/02/03/11:06:36,2813.828798,0.851281,0.827111,0.854656,0.849550,218,2,4279
2026/02/03/11:06:37,2814.828877,0.837469,0.827180,0.837469,0.827180,216,0,4283
2026/02/03/11:06:38,2815.828977,0.807406,0.809095,0.807406,0.809095,210,0,4289
2026/02/03/11:06:39,2816.829074,0.803750,0.804259,0.803750,0.804259,209,0,4290
2026/02/03/11:06:40,2817.829141,0.800375,0.781820,0.800375,0.781820,207,0,4292
2026/02/03/11:06:41,2818.829257,0.800375,0.781820,0.800375,0.781820,207,0,4292
2026/02/03/11:06:42,2819.829324,0.793719,0.775906,0.793719,0.775906,204,0,4295
2026/02/03/11:06:43,2820.829486,0.849250,0.800908,0.849250,0.800908,213,0,4295
2026/02/03/11:06:44,2821.829585,0.852219,0.803788,0.852219,0.803788,215,0,4296
2026/02/03/11:06:45,2822.829682,0.828937,0.791205,0.828937,0.791205,212,0,4299
2026/02/03/11:06:46,2823.829771,0.830875,0.794973,0.830875,0.794973,213,0,4300
2026/02/03/11:06:47,2824.829863,0.796906,0.786895,0.796906,0.786895,206,0,4309
2026/02/03/11:06:48,2825.829983,0.796906,0.786895,0.796906,0.786895,206,0,4309
2026/02/03/11:06:49,2826.830127,0.792469,0.780843,0.792469,0.780843,204,0,4311
2026/02/03/11:06:50,2827.830279,0.792469,0.780843,0.792469,0.780843,204,0,4311
2026/02/03/11:06:51,2828.830370,0.812594,0.795947,0.812594,0.795947,207,0,4311
2026/02/03/11:06:52,2829.830475,0.812594,0.795947,0.812594,0.795947,207,0,4311
2026/02/03/11:06:53,2830.830625,0.809187,0.794178,0.809187,0.794178,207,0,4314
2026/02/03/11:06:54,2831.830705,0.810844,0.795830,0.810844,0.795830,208,0,4314
2026/02/03/11:06:55,2832.830813,0.808906,0.794249,0.808906,0.794249,207,0,4315
2026/02/03/11:06:56,2833.830915,0.784375,0.776019,0.784375,0.776019,202,0,4320
2026/02/03/11:06:57,2834.830973,0.776781,0.759240,0.776781,0.759240,199,0,4323
2026/02/03/11:06:58,2835.831113,0.776781,0.759240,0.776781,0.759240,199,0,4323
2026/02/03/11:06:59,2836.831347,0.776781,0.759240,0.776781,0.759240,199,0,4323
2026/02/03/11:07:00,2837.831448,0.776781,0.759240,0.776781,0.759240,199,0,4323
2026/02/03/11:07:01,2838.831604,0.776781,0.759240,0.776781,0.759240,199,0,4323
2026/02/03/11:07:02,2839.831767,0.825500,0.789194,0.825500,0.789194,211,0,4323
2026/02/03/11:07:03,2840.831911,0.832344,0.799542,0.832344,0.799542,215,0,4323
2026/02/03/11:07:04,2841.832030,0.815969,0.787245,0.815969,0.787245,211,0,4327
2026/02/03/11:07:05,2842.832122,0.822781,0.796069,0.845281,0.809881,211,2,4332
2026/02/03/11:07:06,2843.832228,0.821031,0.794379,0.843531,0.808191,210,2,4333
2026/02/03/11:07:07,2844.832317,0.821031,0.794379,0.843531,0.808191,210,2,4333
2026/02/03/11:07:08,2845.832477,0.811406,0.791251,0.811406,0.791251,208,0,4335
2026/02/03/11:07:09,2846.832633,0.809000,0.788610,0.809000,0.788610,207,0,4336
2026/02/03/11:07:10,2847.832730,0.798250,0.775853,0.798250,0.775853,205,0,4338
2026/02/03/11:07:11,2848.832886,0.837656,0.811518,0.837656,0.811518,213,0,4339
2026/02/03/11:07:12,2849.833063,0.829156,0.808382,0.829156,0.808382,212,0,4340
2026/02/03/11:07:13,2850.833109,0.832375,0.810403,0.832375,0.810403,213,0,4340
2026/02/03/11:07:14,2851.833239,0.835875,0.813752,0.835875,0.813752,215,0,4340
2026/02/03/11:07:15,2852.833325,0.826125,0.802316,0.826125,0.802316,212,0,4343
2026/02/03/11:07:16,2853.833493,0.779188,0.775983,0.779188,0.775983,201,0,4354
2026/02/03/11:07:17,2854.833583,0.779188,0.775983,0.779188,0.775983,201,0,4354
2026/02/03/11:07:18,2855.833665,0.779188,0.775983,0.779188,0.775983,201,0,4354
2026/02/03/11:07:19,2856.833784,0.779188,0.775983,0.779188,0.775983,201,0,4354
2026/02/03/11:07:20,2857.833960,0.779188,0.775983,0.779188,0.775983,201,0,4354
2026/02/03/11:07:21,2858.834050,0.779188,0.775983,0.779188,0.775983,201,0,4354
2026/02/03/11:07:22,2859.834200,0.779188,0.775983,0.779188,0.775983,201,0,4354
2026/02/03/11:07:23,2860.834282,0.779188,0.775983,0.779188,0.775983,201,0,4354
2026/02/03/11:07:24,2861.834442,0.814187,0.801033,0.814187,0.801033,209,0,4354
2026/02/03/11:07:25,2862.834547,0.820187,0.809677,0.820187,0.809677,211,0,4355
2026/02/03/11:07:26,2863.834674,0.820187,0.809677,0.820187,0.809677,211,0,4355
2026/02/03/11:07:27,2864.834767,0.795438,0.794847,0.795438,0.794847,208,0,4358
2026/02/03/11:07:28,2865.834855,0.789250,0.789922,0.789250,0.789922,205,0,4361
2026/02/03/11:07:29,2866.834948,0.785750,0.786573,0.785750,0.786573,203,0,4363
2026/02/03/11:07:30,2867.835034,0.785750,0.786573,0.785750,0.786573,203,0,4363
2026/02/03/11:07:31,2868.835147,0.785750,0.786573,0.785750,0.786573,203,0,4363
2026/02/03/11:07:32,2869.835296,0.785750,0.786573,0.785750,0.786573,203,0,4363
2026/02/03/11:07:33,2870.835402,0.795438,0.806039,0.795438,0.806039,206,0,4363
2026/02/03/11:07:34,2871.835504,0.795438,0.806039,0.795438,0.806039,206,0,4363
2026/02/03/11:07:35,2872.835612,0.795438,0.806039,0.795438,0.806039,206,0,4363
2026/02/03/11:07:36,2873.835718,0.795438,0.806039,0.795438,0.806039,206,0,4363
2026/02/03/11:07:37,2874.836056,0.789438,0.796977,0.789438,0.796977,205,0,4364
2026/02/03/11:07:38,2875.836156,0.787406,0.789472,0.787406,0.789472,204,0,4365
2026/02/03/11:07:39,2876.836272,0.787406,0.789472,0.787406,0.789472,204,0,4365
2026/02/03/11:07:40,2877.836423,0.778156,0.775537,0.778156,0.775537,200,0,4369
2026/02/03/11:07:41,2878.836570,0.778156,0.775537,0.778156,0.775537,200,0,4369
2026/02/03/11:07:42,2879.836682,0.778156,0.775537,0.778156,0.775537,200,0,4369
2026/02/03/11:07:43,2880.836776,0.774937,0.773515,0.774937,0.773515,199,0,4370
2026/02/03/11:07:44,2881.836907,0.759875,0.756208,0.759875,0.756208,197,0,4372
2026/02/03/11:07:45,2882.836959,0.759875,0.756208,0.759875,0.756208,197,0,4372
2026/02/03/11:07:46,2883.837049,0.766906,0.770610,0.766906,0.770610,201,0,4374
2026/02/03/11:07:47,2884.837152,0.766906,0.770610,0.766906,0.770610,201,0,4374
2026/02/03/11:07:48,2885.837239,0.757188,0.760451,0.757188,0.760451,198,0,4377
2026/02/03/11:07:49,2886.837513,0.757188,0.760451,0.757188,0.760451,198,0,4377
2026/02/03/11:07:50,2887.837558,0.757188,0.760451,0.757188,0.760451,198,0,4377
2026/02/03/11:07:51,2888.837666,0.757188,0.760451,0.757188,0.760451,198,0,4377
2026/02/03/11:07:52,2889.837773,0.757188,0.760451,0.757188,0.760451,198,0,4377
2026/02/03/11:07:53,2890.837882,0.773219,0.787712,0.773219,0.787712,204,0,4377
2026/02/03/11:07:54,2891.838010,0.768719,0.783178,0.768719,0.783178,202,0,4379
2026/02/03/11:07:55,2892.838118,0.763281,0.776650,0.763281,0.776650,199,0,4382
2026/02/03/11:07:56,2893.838203,0.763281,0.776650,0.763281,0.776650,199,0,4382
2026/02/03/11:07:57,2894.838308,0.763281,0.776650,0.763281,0.776650,199,0,4382
2026/02/03/11:07:58,2895.838374,0.763281,0.776650,0.763281,0.776650,199,0,4382
2026/02/03/11:07:59,2896.838488,0.763281,0.776650,0.763281,0.776650,199,0,4382
2026/02/03/11:08:00,2897.838581,0.760156,0.773094,0.760156,0.773094,198,0,4383
2026/02/03/11:08:01,2898.838691,0.760156,0.773094,0.760156,0.773094,198,0,4383
2026/02/03/11:08:02,2899.838774,0.785500,0.811263,0.787094,0.824926,207,1,4384
2026/02/03/11:08:03,2900.838885,0.776500,0.804193,0.776500,0.804193,205,0,4387
2026/02/03/11:08:04,2901.839030,0.770875,0.790852,0.770875,0.790852,203,0,4389
2026/02/03/11:08:05,2902.839112,0.769031,0.789045,0.769031,0.789045,202,0,4390
2026/02/03/11:08:06,2903.839193,0.807719,0.801547,0.807719,0.801547,208,0,4390
2026/02/03/11:08:07,2904.839269,0.825750,0.822038,0.828344,0.833974,213,1,4390
2026/02/03/11:08:08,2905.839381,0.821187,0.818505,0.823781,0.830440,211,1,4392
2026/02/03/11:08:09,2906.839484,0.784813,0.804338,0.784813,0.804338,206,0,4398
2026/02/03/11:08:10,2907.839574,0.774906,0.778690,0.774906,0.778690,203,0,4401
2026/02/03/11:08:11,2908.839671,0.766969,0.775105,0.766969,0.775105,201,0,4403
2026/02/03/11:08:12,2909.839749,0.766969,0.775105,0.766969,0.775105,201,0,4403
2026/02/03/11:08:13,2910.839822,0.766969,0.775105,0.766969,0.775105,201,0,4403
2026/02/03/11:08:14,2911.839938,0.762906,0.769811,0.762906,0.769811,199,0,4405
2026/02/03/11:08:15,2912.840049,0.760563,0.768205,0.760563,0.768205,198,0,4406
2026/02/03/11:08:16,2913.840162,0.744250,0.743060,0.744250,0.743060,192,0,4412
2026/02/03/11:08:17,2914.840255,0.738875,0.737839,0.738875,0.737839,190,0,4414
2026/02/03/11:08:18,2915.840353,0.738875,0.737839,0.738875,0.737839,190,0,4414
2026/02/03/11:08:19,2916.840453,0.738875,0.737839,0.738875,0.737839,190,0,4414
2026/02/03/11:08:20,2917.840554,0.738875,0.737839,0.738875,0.737839,190,0,4414
2026/02/03/11:08:21,2918.840648,0.738875,0.737839,0.738875,0.737839,190,0,4414
2026/02/03/11:08:22,2919.840708,0.738875,0.737839,0.738875,0.737839,190,0,4414
2026/02/03/11:08:23,2920.840789,0.798031,0.804142,0.798031,0.804142,203,0,4414
2026/02/03/11:08:24,2921.840949,0.798031,0.804142,0.798031,0.804142,203,0,4414
2026/02/03/11:08:25,2922.841048,0.791906,0.797264,0.791906,0.797264,201,0,4416
2026/02/03/11:08:26,2923.841144,0.768000,0.788596,0.768000,0.788596,198,0,4419
2026/02/03/11:08:27,2924.841274,0.836469,0.821008,0.836469,0.821008,211,0,4419
2026/02/03/11:08:28,2925.841451,0.854625,0.838780,0.854625,0.838780,217,0,4419
2026/02/03/11:08:29,2926.841541,0.845531,0.837216,0.845531,0.837216,216,0,4420
2026/02/03/11:08:30,2927.841632,0.858875,0.837667,0.877125,0.860756,218,3,4425
2026/02/03/11:08:31,2928.841780,0.892219,0.856874,0.944688,0.892358,226,6,4425
2026/02/03/11:08:32,2929.841975,0.886188,0.852231,0.938656,0.887715,224,6,4429
2026/02/03/11:08:33,2930.842044,0.882406,0.851536,0.911281,0.856603,221,2,4434
2026/02/03/11:08:34,2931.842150,0.847469,0.835824,0.876344,0.840892,216,2,4439
2026/02/03/11:08:35,2932.842230,0.840313,0.828434,0.869188,0.833502,213,2,4442
2026/02/03/11:08:36,2933.842334,0.837750,0.823996,0.882812,0.856686,214,4,4446
2026/02/03/11:08:37,2934.842433,0.848469,0.829812,0.908875,0.877938,218,7,4448
2026/02/03/11:08:38,2935.842523,0.853031,0.820084,0.904969,0.863027,217,6,4452
2026/02/03/11:08:39,2936.842618,0.877437,0.857114,0.935000,0.921481,225,8,4452
2026/02/03/11:08:40,2937.842724,0.906188,0.875771,0.963750,0.940138,234,8,4452
2026/02/03/11:08:41,2938.842784,0.898062,0.867143,0.955625,0.931510,232,8,4454
2026/02/03/11:08:42,2939.842941,0.911969,0.888719,0.948187,0.947505,237,7,4459
2026/02/03/11:08:43,2940.843015,0.895344,0.878615,0.931562,0.937400,233,7,4463
2026/02/03/11:08:44,2941.843109,0.883406,0.863308,0.917469,0.908619,226,6,4470
2026/02/03/11:08:45,2942.843211,0.884125,0.862977,0.913281,0.886533,226,4,4471
2026/02/03/11:08:46,2943.843298,0.879062,0.843539,0.908219,0.867095,223,4,4474
2026/02/03/11:08:47,2944.843398,0.877375,0.850522,0.903719,0.863365,222,3,4476
2026/02/03/11:08:48,2945.843520,0.873313,0.844609,0.899656,0.857453,220,3,4478
2026/02/03/11:08:49,2946.843626,0.861875,0.840816,0.888219,0.853659,218,3,4480
2026/02/03/11:08:50,2947.843755,0.856250,0.831958,0.874125,0.839618,214,2,4485
2026/02/03/11:08:51,2948.843884,0.856250,0.831958,0.874125,0.839618,214,2,4485
2026/02/03/11:08:52,2949.843948,0.856250,0.831958,0.874125,0.839618,214,2,4485
2026/02/03/11:08:53,2950.844043,0.862781,0.839461,0.880656,0.847121,217,2,4485
2026/02/03/11:08:54,2951.844140,0.862781,0.839461,0.880656,0.847121,217,2,4485
2026/02/03/11:08:55,2952.844285,0.856156,0.828886,0.865563,0.831362,211,1,4492
2026/02/03/11:08:56,2953.844381,0.852500,0.797296,0.852500,0.797296,208,0,4496
2026/02/03/11:08:57,2954.844529,0.850094,0.795392,0.850094,0.795392,207,0,4497
2026/02/03/11:08:58,2955.844671,0.850094,0.795392,0.850094,0.795392,207,0,4497
2026/02/03/11:08:59,2956.844777,0.850094,0.795392,0.850094,0.795392,207,0,4497
2026/02/03/11:09:00,2957.844937,0.848156,0.793083,0.848156,0.793083,206,0,4498
2026/02/03/11:09:01,2958.845043,0.848156,0.793083,0.848156,0.793083,206,0,4498
2026/02/03/11:09:02,2959.845125,0.848156,0.793083,0.848156,0.793083,206,0,4498
2026/02/03/11:09:03,2960.845217,0.854250,0.800471,0.854250,0.800471,209,0,4498
2026/02/03/11:09:04,2961.845377,0.866313,0.824421,0.866313,0.824421,214,0,4498
2026/02/03/11:09:05,2962.845487,0.866313,0.824421,0.866313,0.824421,214,0,4498
2026/02/03/11:09:06,2963.845631,0.855062,0.816219,0.855062,0.816219,210,0,4502
2026/02/03/11:09:07,2964.845791,0.846906,0.809986,0.846906,0.809986,207,0,4505
2026/02/03/11:09:08,2965.845932,0.846906,0.809986,0.846906,0.809986,207,0,4505
2026/02/03/11:09:09,2966.846034,0.842281,0.806307,0.842281,0.806307,206,0,4506
2026/02/03/11:09:10,2967.846191,0.840562,0.802895,0.840562,0.802895,205,0,4507
2026/02/03/11:09:11,2968.846282,0.864062,0.814882,0.864062,0.814882,209,0,4507
2026/02/03/11:09:12,2969.846475,0.869781,0.829260,0.869781,0.829260,212,0,4507
2026/02/03/11:09:13,2970.846491,0.865844,0.812311,0.865844,0.812311,210,0,4509
2026/02/03/11:09:14,2971.846592,0.872906,0.818880,0.872906,0.818880,213,0,4509
2026/02/03/11:09:15,2972.846681,0.859437,0.796935,0.859437,0.796935,208,0,4514
2026/02/03/11:09:16,2973.846767,0.859437,0.796935,0.859437,0.796935,208,0,4514
2026/02/03/11:09:17,2974.846891,0.857125,0.795272,0.857125,0.795272,207,0,4515
2026/02/03/11:09:18,2975.846946,0.841375,0.790852,0.841375,0.790852,205,0,4517
2026/02/03/11:09:19,2976.847043,0.841375,0.790852,0.841375,0.790852,205,0,4517
2026/02/03/11:09:20,2977.847159,0.841375,0.790852,0.841375,0.790852,205,0,4517
2026/02/03/11:09:21,2978.847256,0.836531,0.789286,0.836531,0.789286,204,0,4518
2026/02/03/11:09:22,2979.847355,0.836531,0.789286,0.836531,0.789286,204,0,4518
2026/02/03/11:09:23,2980.847461,0.836531,0.789286,0.836531,0.789286,204,0,4518
2026/02/03/11:09:24,2981.847528,0.836531,0.789286,0.836531,0.789286,204,0,4518
2026/02/03/11:09:25,2982.847631,0.836531,0.789286,0.836531,0.789286,204,0,4518
2026/02/03/11:09:26,2983.847689,0.828594,0.780568,0.828594,0.780568,202,0,4520
2026/02/03/11:09:27,2984.847864,0.820438,0.768057,0.820438,0.768057,199,0,4523
2026/02/03/11:09:28,2985.847965,0.820438,0.768057,0.820438,0.768057,199,0,4523
2026/02/03/11:09:29,2986.848104,0.820438,0.768057,0.852906,0.783454,199,4,4523
2026/02/03/11:09:30,2987.848221,0.845156,0.783202,0.858563,0.788418,204,1,4523
2026/02/03/11:09:31,2988.848312,0.845156,0.783202,0.858563,0.788418,204,1,4523
2026/02/03/11:09:32,2989.848411,0.825313,0.772112,0.825313,0.772112,201,0,4526
2026/02/03/11:09:33,2990.848505,0.825313,0.772112,0.825313,0.772112,201,0,4526
2026/02/03/11:09:34,2991.848572,0.825313,0.772112,0.825313,0.772112,201,0,4526
2026/02/03/11:09:35,2992.848684,0.825313,0.772112,0.825313,0.772112,201,0,4526
2026/02/03/11:09:36,2993.848805,0.847812,0.797636,0.847812,0.797636,208,0,4526
2026/02/03/11:09:37,2994.848914,0.847812,0.797636,0.847812,0.797636,208,0,4526
2026/02/03/11:09:38,2995.849032,0.847812,0.797636,0.847812,0.797636,208,0,4526
2026/02/03/11:09:39,2996.849129,0.847812,0.797636,0.847812,0.797636,208,0,4526
2026/02/03/11:09:40,2997.849231,0.845594,0.789845,0.845594,0.789845,207,0,4527
2026/02/03/11:09:41,2998.849442,0.831219,0.779977,0.831219,0.779977,203,0,4531
2026/02/03/11:09:42,2999.849530,0.829562,0.778043,0.829562,0.778043,202,0,4532
2026/02/03/11:09:43,3000.849634,0.829562,0.778043,0.829562,0.778043,202,0,4532
2026/02/03/11:09:44,3001.849789,0.870812,0.822146,0.870812,0.822146,215,0,4532
2026/02/03/11:09:45,3002.849848,0.880000,0.835523,0.899687,0.845471,218,2,4532
2026/02/03/11:09:46,3003.849931,0.870188,0.829298,0.889875,0.839247,216,2,4534
2026/02/03/11:09:47,3004.850048,0.861187,0.809890,0.880875,0.819838,213,2,4537
2026/02/03/11:09:48,3005.850141,0.861187,0.809890,0.880875,0.819838,213,2,4537
2026/02/03/11:09:49,3006.850241,0.850187,0.800461,0.869875,0.810409,209,2,4541
2026/02/03/11:09:50,3007.850350,0.850187,0.800461,0.869875,0.810409,209,2,4541
2026/02/03/11:09:51,3008.850464,0.850187,0.800461,0.869875,0.810409,209,2,4541
2026/02/03/11:09:52,3009.850554,0.850187,0.800461,0.869875,0.810409,209,2,4541
2026/02/03/11:09:53,3010.850699,0.850187,0.800461,0.869875,0.810409,209,2,4541
2026/02/03/11:09:54,3011.850762,0.863031,0.812377,0.906250,0.839613,215,5,4541
2026/02/03/11:09:55,3012.850881,0.878469,0.825826,0.921687,0.853061,221,5,4541
2026/02/03/11:09:56,3013.850970,0.878469,0.825826,0.921687,0.853061,221,5,4541
2026/02/03/11:09:57,3014.851078,0.866375,0.818085,0.886062,0.828033,217,2,4545
2026/02/03/11:09:58,3015.851178,0.860313,0.812876,0.880000,0.822824,215,2,4547
2026/02/03/11:09:59,3016.851290,0.860313,0.812876,0.880000,0.822824,215,2,4547
2026/02/03/11:10:00,3017.851381,0.854906,0.812030,0.854906,0.812030,212,0,4552
2026/02/03/11:10:01,3018.851441,0.862531,0.823683,0.862531,0.823683,214,0,4560
2026/02/03/11:10:02,3019.851604,0.862531,0.823683,0.862531,0.823683,214,0,4560
2026/02/03/11:10:03,3020.851693,0.858594,0.815418,0.858594,0.815418,212,0,4562
2026/02/03/11:10:04,3021.851825,0.858594,0.815418,0.858594,0.815418,212,0,4562
2026/02/03/11:10:05,3022.851920,0.858375,0.810914,0.858375,0.810914,211,0,4565
2026/02/03/11:10:06,3023.852016,0.858375,0.810914,0.858375,0.810914,211,0,4565
2026/02/03/11:10:07,3024.852111,0.854938,0.807180,0.884938,0.828204,210,3,4568
2026/02/03/11:10:08,3025.852206,0.850500,0.798886,0.880500,0.819910,208,3,4570
2026/02/03/11:10:09,3026.852290,0.850500,0.798886,0.880500,0.819910,208,3,4570
2026/02/03/11:10:10,3027.852411,0.848594,0.794827,0.878594,0.815852,207,3,4571
2026/02/03/11:10:11,3028.852549,0.842812,0.784970,0.872812,0.805994,205,3,4573
2026/02/03/11:10:12,3029.852621,0.842812,0.784970,0.872812,0.805994,205,3,4573
2026/02/03/11:10:13,3030.852727,0.842812,0.784970,0.872812,0.805994,205,3,4573
2026/02/03/11:10:14,3031.852910,0.839219,0.779976,0.869219,0.801000,203,3,4575
2026/02/03/11:10:15,3032.852962,0.839219,0.779976,0.869219,0.801000,203,3,4575
2026/02/03/11:10:16,3033.853076,0.839219,0.779976,0.869219,0.801000,203,3,4575
2026/02/03/11:10:17,3034.853215,0.839219,0.779976,0.869219,0.801000,203,3,4575
2026/02/03/11:10:18,3035.853292,0.839219,0.779976,0.869219,0.801000,203,3,4575
2026/02/03/11:10:19,3036.853397,0.839219,0.779976,0.869219,0.801000,203,3,4575
2026/02/03/11:10:20,3037.853543,0.839219,0.779976,0.869219,0.801000,203,3,4575
2026/02/03/11:10:21,3038.853670,0.829156,0.770835,0.839156,0.777843,199,1,4581
2026/02/03/11:10:22,3039.853800,0.859313,0.816074,0.869313,0.823082,210,1,4581
2026/02/03/11:10:23,3040.853914,0.868125,0.824355,0.891563,0.834916,212,2,4581
2026/02/03/11:10:24,3041.853964,0.852094,0.801961,0.875531,0.812522,207,2,4586
2026/02/03/11:10:25,3042.854042,0.846094,0.789745,0.869531,0.800307,205,2,4588
2026/02/03/11:10:26,3043.854122,0.841781,0.785910,0.865219,0.796472,203,2,4590
2026/02/03/11:10:27,3044.854238,0.841781,0.785910,0.865219,0.796472,203,2,4590
2026/02/03/11:10:28,3045.854320,0.873250,0.816841,0.896687,0.827403,214,2,4590
2026/02/03/11:10:29,3046.854448,0.866719,0.810322,0.890156,0.820883,212,2,4593
2026/02/03/11:10:30,3047.854649,0.856781,0.794906,0.880219,0.805468,209,2,4596
2026/02/03/11:10:31,3048.854706,0.856781,0.794906,0.880219,0.805468,209,2,4596
2026/02/03/11:10:32,3049.854810,0.856781,0.794906,0.880219,0.805468,209,2,4596
2026/02/03/11:10:33,3050.854914,0.877687,0.800960,0.894281,0.823455,213,2,4599
2026/02/03/11:10:34,3051.855034,0.881375,0.803410,0.922594,0.847326,214,5,4599
2026/02/03/11:10:35,3052.855141,0.881375,0.803410,0.922594,0.847326,214,5,4599
2026/02/03/11:10:36,3053.855248,0.881375,0.803410,0.916000,0.831839,214,4,4599
2026/02/03/11:10:37,3054.855352,0.873500,0.803695,0.895563,0.821530,211,2,4604
2026/02/03/11:10:38,3055.855441,0.860437,0.793127,0.882500,0.810962,207,2,4608
2026/02/03/11:10:39,3056.855534,0.860437,0.793127,0.882500,0.810962,207,2,4608
2026/02/03/11:10:40,3057.855686,0.860437,0.793127,0.882500,0.810962,207,2,4608
2026/02/03/11:10:41,3058.855789,0.860437,0.793127,0.882500,0.810962,207,2,4608
2026/02/03/11:10:42,3059.855882,0.858750,0.786375,0.880812,0.804210,206,2,4609
2026/02/03/11:10:43,3060.855977,0.858750,0.786375,0.868750,0.793383,206,1,4609
2026/02/03/11:10:44,3061.856056,0.842531,0.767601,0.852531,0.774609,200,1,4615
2026/02/03/11:10:45,3062.856162,0.836906,0.765305,0.846906,0.772313,199,1,4616
2026/02/03/11:10:46,3063.856307,0.836906,0.765305,0.846906,0.772313,199,1,4616
2026/02/03/11:10:47,3064.856390,0.875563,0.810539,0.891625,0.829061,206,2,4616
2026/02/03/11:10:48,3065.856476,0.885437,0.828577,0.901500,0.847099,211,2,4616
2026/02/03/11:10:49,3066.856561,0.912250,0.858744,0.931937,0.879300,222,3,4617
2026/02/03/11:10:50,3067.856722,0.925500,0.897625,0.930906,0.901452,231,1,4620
2026/02/03/11:10:51,3068.856814,0.916937,0.893404,0.958969,0.909449,227,5,4626
2026/02/03/11:10:52,3069.856855,0.916875,0.886282,0.955344,0.905457,225,5,4630
2026/02/03/11:10:53,3070.857176,0.920813,0.899803,0.952031,0.908194,227,3,4633
2026/02/03/11:10:54,3071.857275,0.891375,0.862418,0.930438,0.884326,219,4,4642
2026/02/03/11:10:55,3072.857369,0.884813,0.849637,0.923875,0.871545,217,4,4644
2026/02/03/11:10:56,3073.857471,0.884813,0.849637,0.923875,0.871545,217,4,4644
2026/02/03/11:10:57,3074.857564,0.886750,0.855080,0.912563,0.859645,214,2,4649
2026/02/03/11:10:58,3075.857681,0.886750,0.855080,0.912563,0.859645,214,2,4649
2026/02/03/11:10:59,3076.857791,0.921219,0.887002,0.971688,0.896976,225,5,4649
2026/02/03/11:11:00,3077.857904,0.930250,0.896678,0.980125,0.919262,230,5,4650
2026/02/03/11:11:01,3078.857933,0.932063,0.899067,1.037937,0.933736,231,10,4650
2026/02/03/11:11:02,3079.858057,0.923000,0.890333,1.025094,0.924931,228,10,4658
2026/02/03/11:11:03,3080.858196,0.930187,0.888268,1.032000,0.925195,229,10,4659
2026/02/03/11:11:04,3081.858286,0.921875,0.878403,1.023688,0.915329,225,10,4663
2026/02/03/11:11:05,3082.858441,0.916781,0.850856,1.012750,0.883835,222,9,4667
2026/02/03/11:11:06,3083.858550,0.910656,0.849237,1.006625,0.882216,221,9,4668
2026/02/03/11:11:07,3084.858635,0.912781,0.862881,1.010500,0.883053,222,9,4669
2026/02/03/11:11:08,3085.858762,0.934594,0.901515,1.017219,0.924583,232,9,4669
2026/02/03/11:11:09,3086.858818,0.942156,0.905424,1.058312,0.962876,234,16,4669
2026/02/03/11:11:10,3087.858983,0.938250,0.903387,1.045031,0.956256,232,14,4675
2026/02/03/11:11:11,3088.859071,0.938656,0.903694,1.043156,0.953044,232,13,4676
2026/02/03/11:11:12,3089.859176,0.947031,0.903355,1.063344,0.973249,236,17,4678
2026/02/03/11:11:13,3090.859280,0.952906,0.913545,1.069781,0.977915,238,17,4679
2026/02/03/11:11:14,3091.859417,0.952906,0.913545,1.069781,0.977915,238,17,4679
2026/02/03/11:11:15,3092.859519,0.947000,0.906864,1.053406,0.964092,235,14,4683
2026/02/03/11:11:16,3093.859606,0.947000,0.906864,1.053406,0.964092,235,14,4683
2026/02/03/11:11:17,3094.860349,0.939625,0.900076,1.044125,0.949426,231,13,4688
2026/02/03/11:11:18,3095.860437,0.939625,0.900076,1.044125,0.949426,231,13,4688
2026/02/03/11:11:19,3096.860527,0.935906,0.898440,1.040406,0.947790,230,13,4689
2026/02/03/11:11:20,3097.860598,0.934625,0.900003,1.017219,0.936709,230,9,4690
2026/02/03/11:11:21,3098.860681,0.930187,0.900176,1.012781,0.956051,230,11,4691
2026/02/03/11:11:22,3099.860846,0.926063,0.898136,1.008656,0.954011,229,11,4692
2026/02/03/11:11:23,3100.860949,0.926063,0.898136,1.008656,0.954011,229,11,4692
2026/02/03/11:11:24,3101.861095,0.926063,0.898136,1.008656,0.954011,229,11,4692
2026/02/03/11:11:25,3102.861189,0.926063,0.898136,1.008656,0.954011,229,11,4692
2026/02/03/11:11:26,3103.861292,0.921281,0.888088,1.001750,0.947211,229,13,4694
2026/02/03/11:11:27,3104.861395,0.926438,0.899333,1.020750,0.961087,233,12,4696
2026/02/03/11:11:28,3105.861530,0.926438,0.899333,1.020750,0.961087,233,12,4696
2026/02/03/11:11:29,3106.861650,0.937406,0.907310,1.011688,0.948309,237,9,4697
2026/02/03/11:11:30,3107.861742,0.918531,0.890266,0.986500,0.904428,234,6,4703
2026/02/03/11:11:31,3108.861831,0.903937,0.883784,0.971906,0.897945,231,6,4706
2026/02/03/11:11:32,3109.861949,0.892625,0.863199,0.950688,0.875670,226,5,4711
2026/02/03/11:11:33,3110.862049,0.889031,0.859149,0.936156,0.869736,224,4,4714
2026/02/03/11:11:34,3111.862194,0.914562,0.882530,1.005281,0.906020,230,8,4716
2026/02/03/11:11:35,3112.862299,0.923844,0.893990,1.012031,0.912766,234,7,4716
2026/02/03/11:11:36,3113.862378,0.936781,0.905041,1.029469,0.929763,240,8,4716
2026/02/03/11:11:37,3114.862507,0.940125,0.909064,1.035750,0.938258,244,10,4720
2026/02/03/11:11:38,3115.862582,0.936281,0.905125,1.033438,0.935552,242,11,4725
2026/02/03/11:11:39,3116.862658,0.920656,0.887920,1.008844,0.906696,233,7,4738
2026/02/03/11:11:40,3117.862753,0.898406,0.875854,0.975656,0.892746,228,6,4743
2026/02/03/11:11:41,3118.862853,0.892312,0.868605,0.969562,0.885498,225,6,4746
2026/02/03/11:11:42,3119.862934,0.890563,0.867024,0.967812,0.883917,224,6,4747
2026/02/03/11:11:43,3120.863029,0.882188,0.845072,0.959438,0.861964,219,6,4752
2026/02/03/11:11:44,3121.863206,0.875437,0.838325,0.952688,0.855218,216,6,4755
2026/02/03/11:11:45,3122.863359,0.880750,0.822980,0.933875,0.834070,215,4,4758
2026/02/03/11:11:46,3123.863466,0.904406,0.846666,0.979656,0.865836,224,6,4758
2026/02/03/11:11:47,3124.863571,0.896969,0.838343,0.972219,0.857513,222,6,4760
2026/02/03/11:11:48,3125.863681,0.889094,0.830497,0.964344,0.849667,219,6,4763
2026/02/03/11:11:49,3126.863837,0.885906,0.825959,0.961156,0.845129,217,6,4765
2026/02/03/11:11:50,3127.863959,0.876719,0.819124,0.917781,0.827313,213,3,4772
2026/02/03/11:11:51,3128.864049,0.876719,0.819124,0.917781,0.827313,213,3,4772
2026/02/03/11:11:52,3129.864192,0.876719,0.819124,0.917781,0.827313,213,3,4772
2026/02/03/11:11:53,3130.864375,0.873531,0.813396,0.914594,0.821585,211,3,4774
2026/02/03/11:11:54,3131.864458,0.873531,0.813396,0.914594,0.821585,211,3,4774
2026/02/03/11:11:55,3132.864577,0.882250,0.814253,0.909625,0.819712,213,2,4776
2026/02/03/11:11:56,3133.864667,0.882250,0.814253,0.909625,0.819712,213,2,4776
2026/02/03/11:11:57,3134.864747,0.897500,0.815993,0.955375,0.824932,214,4,4776
2026/02/03/11:11:58,3135.864849,0.877812,0.806944,0.935688,0.815883,210,4,4780
2026/02/03/11:11:59,3136.865018,0.877812,0.806944,0.935688,0.815883,210,4,4780
2026/02/03/11:12:00,3137.865102,0.877812,0.806944,0.935688,0.815883,210,4,4780
2026/02/03/11:12:01,3138.865173,0.877812,0.806944,0.935688,0.815883,210,4,4780
2026/02/03/11:12:02,3139.865258,0.919031,0.827047,0.988406,0.837569,217,5,4781
2026/02/03/11:12:03,3140.865347,0.919031,0.827047,0.988406,0.837569,217,5,4781
2026/02/03/11:12:04,3141.865494,0.914156,0.823890,0.983531,0.834411,216,5,4782
2026/02/03/11:12:05,3142.865629,0.914156,0.823890,0.983531,0.834411,216,5,4782
2026/02/03/11:12:06,3143.865693,0.895594,0.812227,0.964969,0.822748,213,5,4785
2026/02/03/11:12:07,3144.865814,0.904656,0.831668,1.001781,0.847916,218,7,4786
2026/02/03/11:12:08,3145.865936,0.877281,0.811592,0.974406,0.827840,212,7,4792
2026/02/03/11:12:09,3146.866080,0.877281,0.811592,0.946656,0.822114,212,5,4792
2026/02/03/11:12:10,3147.866157,0.861469,0.796043,0.919344,0.804982,209,4,4795
2026/02/03/11:12:11,3148.866262,0.861469,0.796043,0.919344,0.804982,209,4,4795
2026/02/03/11:12:12,3149.866385,0.861469,0.796043,0.919344,0.804982,209,4,4795
2026/02/03/11:12:13,3150.866499,0.858844,0.793526,0.916719,0.802465,208,4,4796
2026/02/03/11:12:14,3151.866636,0.858844,0.793526,0.916719,0.802465,208,4,4796
2026/02/03/11:12:15,3152.866758,0.858844,0.793526,0.916719,0.802465,208,4,4796
2026/02/03/11:12:16,3153.866841,0.858844,0.793526,0.916719,0.802465,208,4,4796
2026/02/03/11:12:17,3154.866941,0.858844,0.793526,0.916719,0.802465,208,4,4796
2026/02/03/11:12:18,3155.867034,0.858844,0.793526,0.916719,0.802465,208,4,4796
2026/02/03/11:12:19,3156.867116,0.884062,0.833341,0.941937,0.842280,217,4,4796
2026/02/03/11:12:20,3157.867205,0.892563,0.845354,0.950438,0.854293,219,4,4799
2026/02/03/11:12:21,3158.867378,0.882906,0.835543,0.940781,0.844482,215,4,4803
2026/02/03/11:12:22,3159.867446,0.860906,0.827720,0.888281,0.833179,211,2,4807
2026/02/03/11:12:23,3160.867561,0.844594,0.793631,0.871969,0.799090,207,2,4811
2026/02/03/11:12:24,3161.867676,0.844594,0.793631,0.871969,0.799090,207,2,4811
2026/02/03/11:12:25,3162.867786,0.826219,0.785435,0.826219,0.785435,204,0,4814
2026/02/03/11:12:26,3163.867887,0.826219,0.785435,0.826219,0.785435,204,0,4814
2026/02/03/11:12:27,3164.867968,0.859563,0.810447,0.892687,0.816728,212,3,4814
2026/02/03/11:12:28,3165.868041,0.889125,0.831547,0.930937,0.849412,222,4,4814
2026/02/03/11:12:29,3166.868191,0.905000,0.857453,0.940562,0.868601,229,3,4816
2026/02/03/11:12:30,3167.868299,0.889875,0.844649,0.925438,0.855798,223,3,4822
2026/02/03/11:12:31,3168.868428,0.883125,0.828911,0.883125,0.828911,219,0,4827
2026/02/03/11:12:32,3169.868506,0.865812,0.790605,0.865812,0.790605,213,0,4833
2026/02/03/11:12:33,3170.868660,0.854844,0.788378,0.854844,0.788378,212,0,4834
2026/02/03/11:12:34,3171.868731,0.854844,0.788378,0.854844,0.788378,212,0,4834
2026/02/03/11:12:35,3172.868847,0.848906,0.782816,0.848906,0.782816,209,0,4837
2026/02/03/11:12:36,3173.868941,0.848906,0.782816,0.848906,0.782816,209,0,4837
2026/02/03/11:12:37,3174.869081,0.859938,0.795075,0.859938,0.795075,213,0,4837
2026/02/03/11:12:38,3175.869189,0.882062,0.806995,0.882062,0.806995,219,0,4837
2026/02/03/11:12:39,3176.869281,0.926969,0.842124,0.932375,0.843689,231,1,4837
2026/02/03/11:12:40,3177.869375,0.934875,0.878987,0.959313,0.905116,234,5,4841
2026/02/03/11:12:41,3178.869480,0.925406,0.867444,0.927750,0.877199,229,1,4848
2026/02/03/11:12:42,3179.869575,0.897125,0.835788,0.897125,0.835788,221,0,4856
2026/02/03/11:12:43,3180.869676,0.897125,0.835788,0.897125,0.835788,221,0,4856
2026/02/03/11:12:44,3181.869771,0.904531,0.838388,0.904531,0.838388,224,0,4857
2026/02/03/11:12:45,3182.869843,0.904531,0.838388,0.904531,0.838388,224,0,4857
2026/02/03/11:12:46,3183.869969,0.935281,0.869494,0.942469,0.871646,236,1,4858
2026/02/03/11:12:47,3184.870048,0.938094,0.869863,0.971063,0.911560,237,6,4859
2026/02/03/11:12:48,3185.870157,0.935688,0.870883,0.958625,0.904846,235,4,4863
2026/02/03/11:12:49,3186.870305,0.924500,0.855857,0.947438,0.889820,230,4,4868
2026/02/03/11:12:50,3187.870422,0.910375,0.839044,0.933312,0.873007,225,4,4873
2026/02/03/11:12:51,3188.870510,0.910375,0.839044,0.933312,0.873007,225,4,4873
2026/02/03/11:12:52,3189.870670,0.904250,0.829486,0.927188,0.863449,222,4,4876
2026/02/03/11:12:53,3190.870744,0.928750,0.851462,0.974031,0.881149,229,5,4879
2026/02/03/11:12:54,3191.870916,0.915969,0.866243,0.962812,0.905858,230,6,4884
2026/02/03/11:12:55,3192.870997,0.912281,0.861791,0.966437,0.912393,228,8,4887
2026/02/03/11:12:56,3193.871126,0.907937,0.873800,0.967156,0.895830,229,5,4891
2026/02/03/11:12:57,3194.871218,0.900125,0.869165,0.959344,0.891195,227,5,4893
2026/02/03/11:12:58,3195.871286,0.895719,0.866082,0.930500,0.874561,226,3,4894
2026/02/03/11:12:59,3196.871402,0.906312,0.880069,0.951344,0.910318,232,5,4894
2026/02/03/11:13:00,3197.871467,0.895062,0.842080,0.928500,0.869502,226,4,4901
2026/02/03/11:13:01,3198.871578,0.913531,0.858710,0.948906,0.888811,232,5,4902
2026/02/03/11:13:02,3199.871677,0.915469,0.861388,0.948906,0.888811,233,4,4902
2026/02/03/11:13:03,3200.871784,0.900719,0.849506,0.934156,0.876929,228,4,4907
2026/02/03/11:13:04,3201.871893,0.898969,0.844871,0.932406,0.872293,227,4,4908
2026/02/03/11:13:05,3202.871943,0.889312,0.835046,0.912500,0.840699,224,2,4911
2026/02/03/11:13:06,3203.872041,0.894594,0.833222,0.906188,0.836048,223,1,4913
2026/02/03/11:13:07,3204.872144,0.890500,0.828795,0.950344,0.849981,221,7,4916
2026/02/03/11:13:08,3205.872208,0.914219,0.856652,0.996000,0.883685,232,8,4918
2026/02/03/11:13:09,3206.872315,0.930562,0.853595,1.015219,0.896613,236,8,4922
2026/02/03/11:13:10,3207.872386,0.935375,0.851822,1.000125,0.876630,236,6,4926
2026/02/03/11:13:11,3208.872541,0.922906,0.831853,0.999594,0.861443,230,8,4932
2026/02/03/11:13:12,3209.872644,0.922500,0.833433,1.005437,0.861232,229,8,4939
2026/02/03/11:13:13,3210.872788,0.928469,0.834390,1.010969,0.863326,230,9,4941
2026/02/03/11:13:14,3211.872892,0.937469,0.850697,0.989594,0.866914,235,6,4941
2026/02/03/11:13:15,3212.872933,0.935750,0.848785,0.987875,0.865002,234,6,4942
2026/02/03/11:13:16,3213.873001,0.949844,0.870669,1.027313,0.896855,239,9,4945
2026/02/03/11:13:17,3214.873106,0.951281,0.870282,1.057969,0.926655,240,13,4946
2026/02/03/11:13:18,3215.873231,0.950281,0.871200,1.040031,0.917241,240,10,4947
2026/02/03/11:13:19,3216.873419,0.947719,0.862869,1.033094,0.906148,238,9,4950
2026/02/03/11:13:20,3217.873569,0.942937,0.840939,1.023094,0.882317,234,8,4955
2026/02/03/11:13:21,3218.873667,0.936969,0.838547,0.985906,0.872624,233,5,4956
2026/02/03/11:13:22,3219.873768,0.936969,0.838547,0.963969,0.846195,233,2,4956
2026/02/03/11:13:23,3220.873863,0.916406,0.818198,0.943406,0.825845,227,2,4962
2026/02/03/11:13:24,3221.873987,0.916406,0.818198,0.943406,0.825845,227,2,4962
2026/02/03/11:13:25,3222.874109,0.916406,0.818198,0.943406,0.825845,227,2,4962
2026/02/03/11:13:26,3223.874348,0.916406,0.818198,0.943406,0.825845,227,2,4962
2026/02/03/11:13:27,3224.874448,0.930469,0.848356,0.966969,0.873167,232,4,4962
2026/02/03/11:13:28,3225.874544,0.924094,0.841385,0.960594,0.866196,229,4,4965
2026/02/03/11:13:29,3226.874644,0.922031,0.839760,0.958531,0.864571,228,4,4966
2026/02/03/11:13:30,3227.874739,0.908844,0.839473,0.935844,0.847120,224,2,4972
2026/02/03/11:13:31,3228.874847,0.918594,0.846088,0.950562,0.857860,226,3,4972
2026/02/03/11:13:32,3229.874937,0.927188,0.865459,0.962531,0.880166,230,4,4973
2026/02/03/11:13:33,3230.875066,0.927188,0.865459,0.962531,0.880166,230,4,4973
2026/02/03/11:13:34,3231.875169,0.923188,0.843668,0.955156,0.855440,227,3,4977
2026/02/03/11:13:35,3232.875269,0.913250,0.837321,0.940250,0.844968,223,2,4982
2026/02/03/11:13:36,3233.875364,0.941125,0.873382,0.977469,0.903216,232,5,4982
2026/02/03/11:13:37,3234.875563,0.939844,0.878844,1.035719,0.937994,233,10,4986
2026/02/03/11:13:38,3235.875618,0.935063,0.861957,1.036563,0.931390,234,11,4990
2026/02/03/11:13:39,3236.875746,0.925156,0.870465,1.013719,0.902067,231,7,4997
2026/02/03/11:13:40,3237.875836,0.910781,0.847027,0.992344,0.875088,224,6,5005
2026/02/03/11:13:41,3238.875977,0.900844,0.838777,0.973688,0.864309,222,5,5007
2026/02/03/11:13:42,3239.876087,0.891563,0.829996,0.964406,0.855527,218,5,5011
2026/02/03/11:13:43,3240.876161,0.899687,0.837600,0.972531,0.863132,220,5,5011
2026/02/03/11:13:44,3241.876307,0.889469,0.820563,0.950719,0.843268,216,4,5016
2026/02/03/11:13:45,3242.876419,0.887750,0.817916,0.949000,0.840621,215,4,5017
2026/02/03/11:13:46,3243.876517,0.885344,0.807910,0.946594,0.830615,212,4,5021
2026/02/03/11:13:47,3244.876631,0.883406,0.805231,0.944656,0.827936,211,4,5022
2026/02/03/11:13:48,3245.876739,0.888625,0.807094,0.955094,0.831662,212,5,5022
2026/02/03/11:13:49,3246.876827,0.893844,0.808957,0.955094,0.831662,213,4,5022
2026/02/03/11:13:50,3247.876963,0.868156,0.794132,0.929406,0.816837,209,4,5026
2026/02/03/11:13:51,3248.877053,0.868156,0.794132,0.929406,0.816837,209,4,5026
2026/02/03/11:13:52,3249.877158,0.868156,0.794132,0.929406,0.816837,209,4,5026
2026/02/03/11:13:53,3250.877234,0.868156,0.794132,0.929406,0.816837,209,4,5026
2026/02/03/11:13:54,3251.877395,0.868156,0.794132,0.929406,0.816837,209,4,5026
2026/02/03/11:13:55,3252.877467,0.868156,0.794132,0.929406,0.816837,209,4,5026
2026/02/03/11:13:56,3253.877573,0.868156,0.794132,0.929406,0.816837,209,4,5026
2026/02/03/11:13:57,3254.877638,0.868156,0.794132,0.929406,0.816837,209,4,5026
2026/02/03/11:13:58,3255.877744,0.868156,0.794132,0.929406,0.816837,209,4,5026
2026/02/03/11:13:59,3256.877817,0.868156,0.794132,0.929406,0.816837,209,4,5026
2026/02/03/11:14:00,3257.877934,0.889188,0.810383,0.957625,0.834750,217,5,5026
2026/02/03/11:14:01,3258.878032,0.889188,0.810383,0.957625,0.834750,217,5,5026
2026/02/03/11:14:02,3259.878113,0.889094,0.803798,0.950344,0.826503,215,4,5029
2026/02/03/11:14:03,3260.878222,0.879188,0.798517,0.945344,0.824647,211,5,5034
2026/02/03/11:14:04,3261.878310,0.913906,0.854125,0.975156,0.876830,223,4,5034
2026/02/03/11:14:05,3262.878417,0.911406,0.852552,0.972656,0.875257,222,4,5035
2026/02/03/11:14:06,3263.878484,0.901656,0.836088,0.962906,0.858793,219,4,5038
2026/02/03/11:14:07,3264.878625,0.886281,0.809288,0.947531,0.831994,214,4,5043
2026/02/03/11:14:08,3265.878759,0.886281,0.809288,0.947531,0.831994,214,4,5043
2026/02/03/11:14:09,3266.878857,0.877125,0.783794,0.892531,0.788614,211,1,5046
2026/02/03/11:14:10,3267.878991,0.874062,0.780877,0.889469,0.785698,210,1,5047
2026/02/03/11:14:11,3268.879133,0.874062,0.780877,0.889469,0.785698,210,1,5047
2026/02/03/11:14:12,3269.879206,0.874062,0.780877,0.889469,0.785698,210,1,5047
2026/02/03/11:14:13,3270.879310,0.874062,0.780877,0.889469,0.785698,210,1,5047
2026/02/03/11:14:14,3271.879409,0.872469,0.779214,0.887875,0.784034,209,1,5048
2026/02/03/11:14:15,3272.879658,0.872469,0.779214,0.887875,0.784034,209,1,5048
2026/02/03/11:14:16,3273.879750,0.893719,0.811993,0.911563,0.819094,218,2,5048
2026/02/03/11:14:17,3274.879919,0.902500,0.824767,0.921813,0.837802,221,2,5048
2026/02/03/11:14:18,3275.880001,0.904844,0.830824,0.924156,0.843858,222,2,5048
2026/02/03/11:14:19,3276.880090,0.902469,0.824402,0.917875,0.829223,220,1,5051
2026/02/03/11:14:20,3277.880180,0.891375,0.815096,0.906781,0.819917,217,1,5054
2026/02/03/11:14:21,3278.880262,0.910312,0.859736,0.941594,0.871961,226,3,5055
2026/02/03/11:14:22,3279.880340,0.917469,0.867978,0.961000,0.883216,230,3,5055
2026/02/03/11:14:23,3280.880442,0.903250,0.830988,0.918656,0.835809,224,1,5061
2026/02/03/11:14:24,3281.880555,0.920156,0.838801,0.935562,0.843621,227,1,5064
2026/02/03/11:14:25,3282.880618,0.924687,0.845486,0.961562,0.866672,229,4,5068
2026/02/03/11:14:26,3283.880701,0.916656,0.834057,0.953531,0.855242,226,4,5071
2026/02/03/11:14:27,3284.880797,0.911406,0.821470,0.948281,0.842656,223,4,5074
2026/02/03/11:14:28,3285.880857,0.906531,0.816910,0.943406,0.838095,221,4,5076
2026/02/03/11:14:29,3286.880940,0.906531,0.816910,0.921937,0.821730,221,1,5076
2026/02/03/11:14:30,3287.881061,0.912500,0.826353,0.959969,0.837204,223,4,5076
2026/02/03/11:14:31,3288.881147,0.905312,0.824691,0.952781,0.835542,222,4,5077
2026/02/03/11:14:32,3289.881247,0.905312,0.824691,0.952781,0.835542,222,4,5077
2026/02/03/11:14:33,3290.881341,0.924250,0.844083,0.971719,0.854934,229,4,5077
2026/02/03/11:14:34,3291.881491,0.918281,0.834640,0.965750,0.845492,227,4,5079
2026/02/03/11:14:35,3292.881596,0.916687,0.832637,0.932094,0.837458,226,1,5080
2026/02/03/11:14:36,3293.881689,0.916687,0.832637,0.932094,0.837458,226,1,5080
2026/02/03/11:14:37,3294.881816,0.916687,0.832637,0.932094,0.837458,226,1,5080
2026/02/03/11:14:38,3295.881915,0.916687,0.832637,0.932094,0.837458,226,1,5080
2026/02/03/11:14:39,3296.881950,0.920125,0.831232,0.937594,0.837642,227,2,5081
2026/02/03/11:14:40,3297.882047,0.924250,0.834410,0.939656,0.839231,229,1,5081
2026/02/03/11:14:41,3298.882141,0.935156,0.860492,0.950562,0.865313,234,1,5082
2026/02/03/11:14:42,3299.882249,0.926125,0.851359,0.941531,0.856180,230,1,5086
2026/02/03/11:14:43,3300.882313,0.913031,0.822857,0.928438,0.827678,224,1,5092
2026/02/03/11:14:44,3301.882424,0.902937,0.810799,0.918344,0.815619,219,1,5097
2026/02/03/11:14:45,3302.882575,0.903031,0.829639,0.927312,0.850797,221,4,5099
2026/02/03/11:14:46,3303.882667,0.914125,0.850620,0.929531,0.855441,225,1,5099
2026/02/03/11:14:47,3304.882771,0.915687,0.852418,0.931094,0.857238,226,1,5099
2026/02/03/11:14:48,3305.882911,0.895031,0.806054,0.910438,0.810875,218,1,5107
2026/02/03/11:14:49,3306.882954,0.895031,0.806054,0.910438,0.810875,218,1,5107
2026/02/03/11:14:50,3307.883226,0.890250,0.786580,0.905656,0.791400,215,1,5110
2026/02/03/11:14:51,3308.883217,0.888687,0.784782,0.904094,0.789603,214,1,5111
2026/02/03/11:14:52,3309.883288,0.888687,0.784782,0.904094,0.789603,214,1,5111
2026/02/03/11:14:53,3310.883395,0.888687,0.784782,0.904094,0.789603,214,1,5111
2026/02/03/11:14:54,3311.883503,0.883938,0.783183,0.899344,0.788003,213,1,5112
2026/02/03/11:14:55,3312.883594,0.883938,0.783183,0.899344,0.788003,213,1,5112
2026/02/03/11:14:56,3313.883659,0.883938,0.783183,0.899344,0.788003,213,1,5112
2026/02/03/11:14:57,3314.883778,0.876125,0.766755,0.891531,0.771576,211,1,5114
2026/02/03/11:14:58,3315.883841,0.876125,0.766755,0.891531,0.771576,211,1,5114
2026/02/03/11:14:59,3316.883970,0.890875,0.780000,0.906281,0.784820,216,1,5114
2026/02/03/11:15:00,3317.884094,0.913531,0.806028,0.928937,0.810848,223,1,5114
2026/02/03/11:15:01,3318.884230,0.908844,0.800282,0.924250,0.805102,220,1,5117
2026/02/03/11:15:02,3319.884321,0.908844,0.800282,0.924250,0.805102,220,1,5117
2026/02/03/11:15:03,3320.884473,0.908844,0.800282,0.924250,0.805102,220,1,5117
2026/02/03/11:15:04,3321.884568,0.917469,0.795478,0.932875,0.800299,222,1,5118
2026/02/03/11:15:05,3322.884640,0.934781,0.829394,0.950187,0.834214,233,1,5119
2026/02/03/11:15:06,3323.884743,0.934781,0.829394,0.950187,0.834214,233,1,5119
2026/02/03/11:15:07,3324.884924,0.923531,0.819776,0.938937,0.824596,230,1,5122
2026/02/03/11:15:08,3325.884957,0.923531,0.819776,0.938937,0.824596,230,1,5122
2026/02/03/11:15:09,3326.885124,0.914438,0.813791,0.937312,0.820593,227,2,5125
2026/02/03/11:15:10,3327.885200,0.883375,0.803314,0.898781,0.808134,223,1,5130
2026/02/03/11:15:11,3328.885330,0.882062,0.793062,0.897469,0.797883,220,1,5138
2026/02/03/11:15:12,3329.885456,0.876719,0.793931,0.892125,0.798752,220,1,5139
2026/02/03/11:15:13,3330.885514,0.895813,0.825158,0.911219,0.829979,230,1,5140
2026/02/03/11:15:14,3331.885615,0.897094,0.826970,0.912500,0.831791,230,1,5144
2026/02/03/11:15:15,3332.885725,0.886656,0.812305,0.902062,0.817125,226,1,5148
2026/02/03/11:15:16,3333.885798,0.886656,0.812305,0.902062,0.817125,226,1,5148
2026/02/03/11:15:17,3334.885961,0.895563,0.815411,0.910969,0.820232,226,1,5151
2026/02/03/11:15:18,3335.886068,0.890312,0.810728,0.905719,0.815549,224,1,5153
2026/02/03/11:15:19,3336.886154,0.874219,0.799044,0.889625,0.803865,220,1,5157
2026/02/03/11:15:20,3337.886249,0.872313,0.792389,0.887719,0.797209,219,1,5158
2026/02/03/11:15:21,3338.886324,0.874719,0.794214,0.893312,0.803340,220,3,5158
2026/02/03/11:15:22,3339.886427,0.915312,0.822867,0.969250,0.836549,233,5,5158
2026/02/03/11:15:23,3340.886583,0.914469,0.820341,0.965313,0.831736,232,4,5160
2026/02/03/11:15:24,3341.886731,0.908469,0.814274,0.959313,0.825669,229,4,5163
2026/02/03/11:15:25,3342.886799,0.877469,0.794515,0.892875,0.799336,221,1,5171
2026/02/03/11:15:26,3343.886948,0.871281,0.789942,0.886687,0.794762,219,1,5173
2026/02/03/11:15:27,3344.887056,0.876594,0.796443,0.892000,0.801264,221,1,5173
2026/02/03/11:15:28,3345.887151,0.897531,0.834488,0.912937,0.839309,231,1,5175
2026/02/03/11:15:29,3346.887331,0.892219,0.827987,0.907625,0.832807,229,1,5177
2026/02/03/11:15:30,3347.887418,0.881906,0.815590,0.897312,0.820411,224,1,5182
2026/02/03/11:15:31,3348.887508,0.875344,0.799010,0.890750,0.803831,221,1,5185
2026/02/03/11:15:32,3349.887611,0.854500,0.775902,0.869906,0.780722,213,1,5193
2026/02/03/11:15:33,3350.887735,0.852281,0.771258,0.867687,0.776079,212,1,5194
2026/02/03/11:15:34,3351.887806,0.852281,0.771258,0.867687,0.776079,212,1,5194
2026/02/03/11:15:35,3352.887912,0.876531,0.798087,0.902750,0.813414,217,2,5194
2026/02/03/11:15:36,3353.887978,0.873031,0.786119,0.914562,0.807104,215,3,5196
2026/02/03/11:15:37,3354.888074,0.873031,0.786119,0.903750,0.796598,215,2,5196
2026/02/03/11:15:38,3355.888160,0.861531,0.783205,0.892250,0.793685,214,2,5197
2026/02/03/11:15:39,3356.888243,0.869062,0.791463,0.899781,0.801942,218,2,5201
2026/02/03/11:15:40,3357.888416,0.900469,0.823871,0.928875,0.834971,227,3,5201
2026/02/03/11:15:41,3358.888550,0.902813,0.834382,0.964156,0.852431,229,5,5203
2026/02/03/11:15:42,3359.888688,0.917469,0.848371,0.978812,0.866421,235,5,5206
2026/02/03/11:15:43,3360.888771,0.904656,0.832313,0.966000,0.850363,231,5,5210
2026/02/03/11:15:44,3361.888909,0.901094,0.824350,0.916500,0.829170,229,1,5212
2026/02/03/11:15:45,3362.888952,0.893563,0.809324,0.913750,0.846817,225,4,5216
2026/02/03/11:15:46,3363.889068,0.903281,0.852143,0.920281,0.867855,231,2,5220
2026/02/03/11:15:47,3364.889158,0.903281,0.852143,0.920281,0.867855,231,2,5220
2026/02/03/11:15:48,3365.889258,0.897844,0.839670,0.914844,0.855381,228,2,5223
2026/02/03/11:15:49,3366.889330,0.893781,0.837033,0.910781,0.852744,227,2,5224
2026/02/03/11:15:50,3367.889413,0.890031,0.831684,0.907031,0.847396,225,2,5226
2026/02/03/11:15:51,3368.889528,0.890031,0.831684,0.907031,0.847396,225,2,5226
2026/02/03/11:15:52,3369.889628,0.877531,0.821380,0.894531,0.837091,221,2,5230
2026/02/03/11:15:53,3370.889711,0.877531,0.821380,0.894531,0.837091,221,2,5230
2026/02/03/11:15:54,3371.889784,0.877531,0.821380,0.894531,0.837091,221,2,5230
2026/02/03/11:15:55,3372.889906,0.877531,0.821380,0.894531,0.837091,221,2,5230
2026/02/03/11:15:56,3373.889965,0.888250,0.828493,0.909844,0.853702,225,3,5230
2026/02/03/11:15:57,3374.890067,0.890500,0.831615,0.912094,0.856824,226,3,5230
2026/02/03/11:15:58,3375.890158,0.890500,0.831615,0.912094,0.856824,226,3,5230
2026/02/03/11:15:59,3376.890269,0.908375,0.846123,0.935000,0.889083,230,5,5231
2026/02/03/11:16:00,3377.890368,0.903188,0.844315,0.929813,0.887275,229,5,5232
2026/02/03/11:16:01,3378.890459,0.897437,0.836955,0.924063,0.879915,226,5,5235
2026/02/03/11:16:02,3379.890551,0.897437,0.836955,0.924063,0.879915,226,5,5235
2026/02/03/11:16:03,3380.890655,0.897437,0.836955,0.924063,0.879915,226,5,5235
2026/02/03/11:16:04,3381.890831,0.891906,0.831650,0.918531,0.874610,223,5,5238
2026/02/03/11:16:05,3382.890950,0.891906,0.831650,0.916438,0.865526,223,4,5238
2026/02/03/11:16:06,3383.891047,0.877469,0.825317,0.902000,0.859193,220,4,5241
2026/02/03/11:16:07,3384.891125,0.887312,0.838417,0.911844,0.872292,225,4,5241
2026/02/03/11:16:08,3385.891223,0.887312,0.838417,0.911844,0.872292,225,4,5241
2026/02/03/11:16:09,3386.891292,0.891656,0.834800,0.907062,0.839621,225,1,5243
2026/02/03/11:16:10,3387.891397,0.890062,0.825149,0.905469,0.829970,226,1,5250
2026/02/03/11:16:11,3388.891485,0.869687,0.812505,0.885094,0.817325,221,1,5255
2026/02/03/11:16:12,3389.892472,0.890938,0.810256,0.920969,0.826070,220,3,5260
2026/02/03/11:16:13,3390.892576,0.898875,0.829160,1.015813,0.887586,222,9,5263
2026/02/03/11:16:14,3391.892681,0.910531,0.830249,1.027469,0.888674,225,9,5267
2026/02/03/11:16:15,3392.892773,0.903406,0.825405,1.020344,0.883830,222,9,5270
2026/02/03/11:16:16,3393.892853,0.889406,0.815863,0.958906,0.846736,217,5,5276
2026/02/03/11:16:17,3394.892928,0.874781,0.804871,0.936969,0.830248,215,4,5278
2026/02/03/11:16:18,3395.893032,0.874781,0.804871,0.936969,0.830248,215,4,5278
2026/02/03/11:16:19,3396.893182,0.874781,0.804871,0.936969,0.830248,215,4,5278
2026/02/03/11:16:20,3397.893284,0.874781,0.804871,0.936969,0.830248,215,4,5278
2026/02/03/11:16:21,3398.893383,0.868313,0.796599,0.930500,0.821976,212,4,5281
2026/02/03/11:16:22,3399.893535,0.856750,0.793294,0.918937,0.818671,210,4,5283
2026/02/03/11:16:23,3400.893625,0.851219,0.787033,0.913406,0.812410,207,4,5286
2026/02/03/11:16:24,3401.893711,0.851219,0.787033,0.913406,0.812410,207,4,5286
2026/02/03/11:16:25,3402.893861,0.851219,0.787033,0.913406,0.812410,207,4,5286
2026/02/03/11:16:26,3403.894017,0.851219,0.787033,0.866625,0.791853,207,1,5286
2026/02/03/11:16:27,3404.894112,0.851219,0.787033,0.866625,0.791853,207,1,5286
2026/02/03/11:16:28,3405.894220,0.851219,0.787033,0.866625,0.791853,207,1,5286
2026/02/03/11:16:29,3406.894341,0.847969,0.783452,0.863375,0.788273,206,1,5287
2026/02/03/11:16:30,3407.894474,0.847625,0.778983,0.863031,0.783804,205,1,5290
2026/02/03/11:16:31,3408.894577,0.847625,0.778983,0.863031,0.783804,205,1,5290
2026/02/03/11:16:32,3409.894735,0.845500,0.776134,0.860906,0.780954,204,1,5291
2026/02/03/11:16:33,3410.894825,0.833594,0.770823,0.849000,0.775644,201,1,5294
2026/02/03/11:16:34,3411.894944,0.833594,0.770823,0.849000,0.775644,201,1,5294
2026/02/03/11:16:35,3412.895039,0.833594,0.770823,0.849000,0.775644,201,1,5294
2026/02/03/11:16:36,3413.895150,0.833594,0.770823,0.849000,0.775644,201,1,5294
2026/02/03/11:16:37,3414.895260,0.833594,0.770823,0.849000,0.775644,201,1,5294
2026/02/03/11:16:38,3415.895321,0.833594,0.770823,0.849000,0.775644,201,1,5294
2026/02/03/11:16:39,3416.895410,0.833594,0.770823,0.849000,0.775644,201,1,5294
2026/02/03/11:16:40,3417.895732,0.833594,0.770823,0.849000,0.775644,201,1,5294
2026/02/03/11:16:41,3418.895691,0.828156,0.762334,0.843562,0.767154,198,1,5297
2026/02/03/11:16:42,3419.895803,0.833844,0.770075,0.849250,0.774896,200,1,5297
2026/02/03/11:16:43,3420.895950,0.833844,0.770075,0.849250,0.774896,200,1,5297
2026/02/03/11:16:44,3421.896014,0.833844,0.770075,0.849250,0.774896,200,1,5297
2026/02/03/11:16:45,3422.896169,0.831063,0.763938,0.846469,0.768759,199,1,5298
2026/02/03/11:16:46,3423.896264,0.826125,0.757914,0.841531,0.762734,197,1,5300
2026/02/03/11:16:47,3424.896359,0.826125,0.757914,0.841531,0.762734,197,1,5300
2026/02/03/11:16:48,3425.896458,0.861406,0.787668,0.876812,0.792489,209,1,5300
2026/02/03/11:16:49,3426.896545,0.861406,0.787668,0.876812,0.792489,209,1,5300
2026/02/03/11:16:50,3427.896654,0.855250,0.775506,0.870656,0.780326,206,1,5303
2026/02/03/11:16:51,3428.896748,0.855250,0.775506,0.870656,0.780326,206,1,5303
2026/02/03/11:16:52,3429.896883,0.846375,0.771804,0.861781,0.776625,204,1,5305
2026/02/03/11:16:53,3430.896964,0.846375,0.771804,0.861781,0.776625,204,1,5305
2026/02/03/11:16:54,3431.897056,0.846375,0.771804,0.861781,0.776625,204,1,5305
2026/02/03/11:16:55,3432.897158,0.844063,0.770027,0.859469,0.774848,203,1,5306
2026/02/03/11:16:56,3433.897268,0.844063,0.770027,0.859469,0.774848,203,1,5306
2026/02/03/11:16:57,3434.897390,0.834281,0.758117,0.849688,0.762938,198,1,5311
2026/02/03/11:16:58,3435.897461,0.834281,0.758117,0.849688,0.762938,198,1,5311
2026/02/03/11:16:59,3436.897570,0.831656,0.756437,0.847063,0.761258,197,1,5312
2026/02/03/11:17:00,3437.897645,0.824937,0.754862,0.840344,0.759683,196,1,5313
2026/02/03/11:17:01,3438.897735,0.827094,0.746046,0.855469,0.752514,196,2,5316
2026/02/03/11:17:02,3439.897834,0.827094,0.746046,0.855469,0.752514,196,2,5316
2026/02/03/11:17:03,3440.897931,0.831531,0.737484,0.846938,0.742304,194,1,5319
2026/02/03/11:17:04,3441.898037,0.818562,0.735836,0.833969,0.740657,193,1,5320
2026/02/03/11:17:05,3442.898138,0.811063,0.730235,0.826469,0.735056,191,1,5322
2026/02/03/11:17:06,3443.898228,0.811063,0.730235,0.826469,0.735056,191,1,5322
2026/02/03/11:17:07,3444.898333,0.837906,0.767502,0.855094,0.775564,202,2,5322
2026/02/03/11:17:08,3445.898442,0.860844,0.800795,0.876250,0.805616,211,1,5322
2026/02/03/11:17:09,3446.898548,0.879250,0.820590,0.912281,0.846418,213,3,5326
2026/02/03/11:17:10,3447.898632,0.885844,0.823493,0.925063,0.846776,212,3,5332
2026/02/03/11:17:11,3448.898720,0.876125,0.831136,0.932094,0.867828,214,5,5338
2026/02/03/11:17:12,3449.898836,0.894719,0.859417,0.944281,0.891487,218,5,5343
2026/02/03/11:17:13,3450.898955,0.910531,0.864073,0.941375,0.880651,224,2,5344
2026/02/03/11:17:14,3451.899041,0.892844,0.852126,0.923687,0.868705,219,2,5349
2026/02/03/11:17:15,3452.899153,0.906781,0.857583,0.922188,0.862404,221,1,5349
2026/02/03/11:17:16,3453.899233,0.906781,0.857583,0.922188,0.862404,221,1,5349
2026/02/03/11:17:17,3454.899384,0.902250,0.853397,0.917656,0.858218,219,1,5351
2026/02/03/11:17:18,3455.899481,0.883031,0.841301,0.898438,0.846121,216,1,5354
2026/02/03/11:17:19,3456.899588,0.883031,0.841301,0.898438,0.846121,216,1,5354
2026/02/03/11:17:20,3457.899715,0.873188,0.819295,0.888594,0.824116,211,1,5359
2026/02/03/11:17:21,3458.899818,0.873188,0.819295,0.888594,0.824116,211,1,5359
2026/02/03/11:17:22,3459.899894,0.873188,0.819295,0.888594,0.824116,211,1,5359
2026/02/03/11:17:23,3460.899951,0.855437,0.810847,0.870844,0.815668,208,1,5362
2026/02/03/11:17:24,3461.900076,0.844812,0.817326,0.860219,0.822147,207,1,5366
2026/02/03/11:17:25,3462.900182,0.844812,0.817326,0.860219,0.822147,207,1,5366
2026/02/03/11:17:26,3463.900333,0.844812,0.817326,0.860219,0.822147,207,1,5366
2026/02/03/11:17:27,3464.900430,0.844812,0.817326,0.860219,0.822147,207,1,5366
2026/02/03/11:17:28,3465.900533,0.844812,0.817326,0.860219,0.822147,207,1,5366
2026/02/03/11:17:29,3466.900692,0.843031,0.813623,0.858437,0.818444,206,1,5368
2026/02/03/11:17:30,3467.900806,0.843031,0.813623,0.858437,0.818444,206,1,5368
2026/02/03/11:17:31,3468.900959,0.843031,0.813623,0.858437,0.818444,206,1,5368
2026/02/03/11:17:32,3469.901052,0.843031,0.813623,0.858437,0.818444,206,1,5368
2026/02/03/11:17:33,3470.901160,0.836469,0.792822,0.851875,0.797642,203,1,5371
2026/02/03/11:17:34,3471.901264,0.836469,0.792822,0.851875,0.797642,203,1,5371
2026/02/03/11:17:35,3472.901423,0.836469,0.792822,0.851875,0.797642,203,1,5371
2026/02/03/11:17:36,3473.901544,0.830750,0.787989,0.846156,0.792810,200,1,5374
2026/02/03/11:17:37,3474.901709,0.828969,0.785210,0.844375,0.790031,199,1,5375
2026/02/03/11:17:38,3475.901808,0.834781,0.790445,0.853406,0.808152,202,2,5375
2026/02/03/11:17:39,3476.901908,0.834781,0.790445,0.853406,0.808152,202,2,5375
2026/02/03/11:17:40,3477.901947,0.828969,0.785210,0.844375,0.790031,199,1,5378
2026/02/03/11:17:41,3478.902034,0.851281,0.804504,0.866688,0.809325,204,1,5378
2026/02/03/11:17:42,3479.902122,0.860719,0.818816,0.876125,0.823636,206,1,5380
2026/02/03/11:17:43,3480.902217,0.860719,0.818816,0.876125,0.823636,206,1,5380
2026/02/03/11:17:44,3481.902345,0.860719,0.818816,0.876125,0.823636,206,1,5380
2026/02/03/11:17:45,3482.902485,0.857688,0.816197,0.873094,0.821018,205,1,5381
2026/02/03/11:17:46,3483.902632,0.857688,0.816197,0.873094,0.821018,205,1,5381
2026/02/03/11:17:47,3484.902691,0.843313,0.808195,0.843313,0.808195,201,0,5385
2026/02/03/11:17:48,3485.902820,0.837969,0.802579,0.837969,0.802579,198,0,5388
2026/02/03/11:17:49,3486.902922,0.837969,0.802579,0.837969,0.802579,198,0,5388
2026/02/03/11:17:50,3487.903020,0.837969,0.802579,0.837969,0.802579,198,0,5388
2026/02/03/11:17:51,3488.903104,0.837969,0.802579,0.837969,0.802579,198,0,5388
2026/02/03/11:17:52,3489.903178,0.840250,0.799441,0.844219,0.801302,198,1,5389
2026/02/03/11:17:53,3490.903793,0.831844,0.797760,0.835531,0.804749,199,1,5392
2026/02/03/11:17:54,3491.903927,0.835781,0.804096,0.835781,0.804096,200,0,5394
2026/02/03/11:17:55,3492.904096,0.830344,0.795352,0.830344,0.795352,198,0,5396
2026/02/03/11:17:56,3493.904182,0.812719,0.773165,0.812719,0.773165,192,0,5402
2026/02/03/11:17:57,3494.904344,0.806406,0.763065,0.806406,0.763065,190,0,5404
2026/02/03/11:17:58,3495.904445,0.806406,0.763065,0.806406,0.763065,190,0,5404
2026/02/03/11:17:59,3496.904550,0.806406,0.763065,0.806406,0.763065,190,0,5404
2026/02/03/11:18:00,3497.904642,0.804656,0.747460,0.804656,0.747460,189,0,5405
2026/02/03/11:18:01,3498.904740,0.829875,0.753627,0.829875,0.753627,195,0,5407
2026/02/03/11:18:02,3499.905048,0.829875,0.753627,0.829875,0.753627,195,0,5407
2026/02/03/11:18:03,3500.905056,0.837688,0.757404,0.850437,0.759803,197,1,5409
2026/02/03/11:18:04,3501.905159,0.833125,0.750194,0.833125,0.750194,194,0,5413
2026/02/03/11:18:05,3502.905245,0.858938,0.760548,0.872000,0.762603,198,1,5416
2026/02/03/11:18:06,3503.905328,0.861844,0.746312,0.863500,0.750465,198,1,5420
2026/02/03/11:18:07,3504.905406,0.875719,0.770339,0.875719,0.770339,205,0,5420
2026/02/03/11:18:08,3505.905500,0.859437,0.762329,0.872719,0.764882,201,1,5424
2026/02/03/11:18:09,3506.905638,0.847812,0.741023,0.861094,0.743576,196,1,5429
2026/02/03/11:18:10,3507.905687,0.841156,0.736230,0.854437,0.738783,194,1,5431
2026/02/03/11:18:11,3508.905778,0.829125,0.729650,0.829125,0.729650,191,0,5435
2026/02/03/11:18:12,3509.905898,0.829125,0.729650,0.829125,0.729650,191,0,5435
2026/02/03/11:18:13,3510.905959,0.811094,0.715135,0.811094,0.715135,187,0,5439
2026/02/03/11:18:14,3511.906045,0.811094,0.715135,0.811094,0.715135,187,0,5439
2026/02/03/11:18:15,3512.906175,0.811094,0.715135,0.811094,0.715135,187,0,5439
2026/02/03/11:18:16,3513.906256,0.830531,0.727608,0.833031,0.729226,192,1,5439
2026/02/03/11:18:17,3514.906361,0.860563,0.755894,0.860563,0.755894,197,0,5439
2026/02/03/11:18:18,3515.906454,0.856875,0.750887,0.856875,0.750887,195,0,5441
2026/02/03/11:18:19,3516.906531,0.843313,0.746132,0.843313,0.746132,193,0,5443
2026/02/03/11:18:20,3517.906630,0.840812,0.744514,0.840812,0.744514,192,0,5444
2026/02/03/11:18:21,3518.906746,0.840812,0.744514,0.840812,0.744514,192,0,5444
2026/02/03/11:18:22,3519.906836,0.840812,0.744514,0.840812,0.744514,192,0,5444
2026/02/03/11:18:23,3520.906954,0.840812,0.744514,0.840812,0.744514,192,0,5444
2026/02/03/11:18:24,3521.907093,0.840812,0.744514,0.840812,0.744514,192,0,5444
2026/02/03/11:18:25,3522.907182,0.840812,0.744514,0.840812,0.744514,192,0,5444
2026/02/03/11:18:26,3523.907263,0.827531,0.741961,0.827531,0.741961,191,0,5445
2026/02/03/11:18:27,3524.907387,0.788531,0.703842,0.788531,0.703842,185,0,5451
2026/02/03/11:18:28,3525.907474,0.788531,0.703842,0.788531,0.703842,185,0,5451
2026/02/03/11:18:29,3526.907584,0.786094,0.702274,0.786094,0.702274,184,0,5452
2026/02/03/11:18:30,3527.907667,0.793469,0.692201,0.793469,0.692201,186,0,5454
2026/02/03/11:18:31,3528.907819,0.793469,0.692201,0.793469,0.692201,186,0,5454
2026/02/03/11:18:32,3529.907941,0.806469,0.709004,0.806469,0.709004,189,0,5455
2026/02/03/11:18:33,3530.908020,0.828906,0.748571,0.867844,0.783595,198,3,5455
2026/02/03/11:18:34,3531.908133,0.828906,0.748571,0.886719,0.798369,198,5,5455
2026/02/03/11:18:35,3532.908234,0.822406,0.739914,0.822406,0.739914,195,0,5458
2026/02/03/11:18:36,3533.908347,0.852406,0.766784,0.852406,0.766784,204,0,5459
2026/02/03/11:18:37,3534.908406,0.843406,0.753307,0.843406,0.753307,201,0,5462
2026/02/03/11:18:38,3535.908516,0.836187,0.734398,0.836187,0.734398,198,0,5465
2026/02/03/11:18:39,3536.908593,0.821250,0.729242,0.821250,0.729242,195,0,5468
2026/02/03/11:18:40,3537.908702,0.794844,0.718540,0.794844,0.718540,190,0,5473
2026/02/03/11:18:41,3538.908820,0.794844,0.718540,0.794844,0.718540,190,0,5473
2026/02/03/11:18:42,3539.908929,0.787156,0.707515,0.787156,0.707515,186,0,5477
2026/02/03/11:18:43,3540.909059,0.791000,0.710118,0.791000,0.710118,187,0,5477
2026/02/03/11:18:44,3541.909170,0.809219,0.727154,0.809219,0.727154,192,0,5479
2026/02/03/11:18:45,3542.909247,0.815875,0.720768,0.815875,0.720768,192,0,5485
2026/02/03/11:18:46,3543.909401,0.812250,0.716594,0.812250,0.716594,190,0,5487
2026/02/03/11:18:47,3544.909507,0.806469,0.711275,0.806469,0.711275,189,0,5488
2026/02/03/11:18:48,3545.909580,0.851063,0.759280,0.879844,0.769329,202,3,5488
2026/02/03/11:18:49,3546.909751,0.856500,0.764268,0.887500,0.778203,203,3,5491
2026/02/03/11:18:50,3547.909823,0.874906,0.781582,0.916125,0.801616,209,4,5491
2026/02/03/11:18:51,3548.909956,0.883906,0.792445,0.972844,0.826687,213,8,5491
2026/02/03/11:18:52,3549.910044,0.906062,0.816227,0.999406,0.856685,219,9,5492
2026/02/03/11:18:53,3550.910128,0.921312,0.845053,0.989656,0.880106,223,7,5492
2026/02/03/11:18:54,3551.910196,0.898875,0.818604,0.950313,0.844737,212,5,5504
2026/02/03/11:18:55,3552.910302,0.881812,0.795614,0.933250,0.821748,207,5,5509
2026/02/03/11:18:56,3553.910403,0.889062,0.786029,0.951875,0.819051,211,8,5512
2026/02/03/11:18:57,3554.910498,0.895031,0.796008,0.933594,0.813286,214,4,5515
2026/02/03/11:18:58,3555.910599,0.895031,0.796008,0.921781,0.806051,214,3,5515
2026/02/03/11:18:59,3556.910714,0.874750,0.787794,0.874750,0.787794,210,0,5519
2026/02/03/11:19:00,3557.910806,0.853969,0.763484,0.853969,0.763484,203,0,5526
2026/02/03/11:19:01,3558.910923,0.853969,0.763484,0.853969,0.763484,203,0,5526
2026/02/03/11:19:02,3559.911017,0.853969,0.763484,0.853969,0.763484,203,0,5526
2026/02/03/11:19:03,3560.911169,0.850031,0.760039,0.850031,0.760039,201,0,5528
2026/02/03/11:19:04,3561.911293,0.845594,0.750510,0.845594,0.750510,200,0,5529
2026/02/03/11:19:05,3562.911407,0.855406,0.773693,0.855406,0.773693,204,0,5529
2026/02/03/11:19:06,3563.911500,0.873563,0.803733,0.875437,0.805399,211,1,5531
2026/02/03/11:19:07,3564.911609,0.895563,0.815364,0.943937,0.827670,216,4,5531
2026/02/03/11:19:08,3565.911703,0.916156,0.828214,0.964531,0.840520,223,4,5534
2026/02/03/11:19:09,3566.911805,0.909125,0.804397,0.943594,0.817869,221,5,5543
2026/02/03/11:19:10,3567.911940,0.916875,0.805406,1.000875,0.826925,219,7,5551
2026/02/03/11:19:11,3568.912000,0.907219,0.799367,0.979500,0.817682,216,6,5554
2026/02/03/11:19:12,3569.912102,0.898125,0.791655,0.963594,0.808389,212,5,5559
2026/02/03/11:19:13,3570.912181,0.898125,0.791655,0.916813,0.800190,212,2,5559
2026/02/03/11:19:14,3571.912253,0.877687,0.786913,0.896375,0.795447,209,2,5562
2026/02/03/11:19:15,3572.912373,0.873625,0.776965,0.892312,0.785500,207,2,5564
2026/02/03/11:19:16,3573.912434,0.868469,0.768838,0.887156,0.777373,206,2,5565
2026/02/03/11:19:17,3574.912546,0.868469,0.768838,0.887156,0.777373,206,2,5565
2026/02/03/11:19:18,3575.912701,0.856906,0.763194,0.875594,0.771729,204,2,5567
2026/02/03/11:19:19,3576.912841,0.850219,0.757721,0.868906,0.766256,202,2,5569
2026/02/03/11:19:20,3577.912942,0.861656,0.769634,0.880344,0.778169,207,2,5569
2026/02/03/11:19:21,3578.913147,0.861656,0.769634,0.880344,0.778169,207,2,5569
2026/02/03/11:19:22,3579.913168,0.849844,0.759597,0.868531,0.768132,204,2,5572
2026/02/03/11:19:23,3580.913277,0.846344,0.755913,0.865031,0.764448,202,2,5574
2026/02/03/11:19:24,3581.913431,0.844156,0.754130,0.862844,0.762665,201,2,5575
2026/02/03/11:19:25,3582.913522,0.837719,0.743935,0.856406,0.752470,199,2,5577
2026/02/03/11:19:26,3583.913671,0.860500,0.743442,0.883031,0.770341,200,4,5579
2026/02/03/11:19:27,3584.913777,0.864344,0.760587,0.883031,0.769122,202,2,5580
2026/02/03/11:19:28,3585.913936,0.864344,0.760587,0.883031,0.769122,202,2,5580
2026/02/03/11:19:29,3586.914037,0.860531,0.745684,0.879219,0.754218,200,2,5582
2026/02/03/11:19:30,3587.914134,0.843500,0.735297,0.843500,0.735297,196,0,5586
2026/02/03/11:19:31,3588.914289,0.843500,0.735297,0.843500,0.735297,196,0,5586
2026/02/03/11:19:32,3589.914446,0.843500,0.735297,0.843500,0.735297,196,0,5586
2026/02/03/11:19:33,3590.914555,0.830313,0.721128,0.830313,0.721128,194,0,5588
2026/02/03/11:19:34,3591.914640,0.803781,0.715828,0.803781,0.715828,191,0,5591
2026/02/03/11:19:35,3592.914789,0.803781,0.715828,0.803781,0.715828,191,0,5591
2026/02/03/11:19:36,3593.914908,0.803781,0.715828,0.803781,0.715828,191,0,5591
2026/02/03/11:19:37,3594.915033,0.821125,0.723213,0.821125,0.723213,194,0,5591
2026/02/03/11:19:38,3595.915120,0.842313,0.750968,0.844844,0.753135,202,1,5591
2026/02/03/11:19:39,3596.915214,0.867250,0.762285,0.867250,0.762285,208,0,5591
2026/02/03/11:19:40,3597.915311,0.854156,0.750391,0.854156,0.750391,205,0,5595
2026/02/03/11:19:41,3598.915407,0.850031,0.745983,0.850031,0.745983,203,0,5597
2026/02/03/11:19:42,3599.915474,0.842437,0.739483,0.842437,0.739483,200,0,5600
2026/02/03/11:19:43,3600.915560,0.842437,0.739483,0.842437,0.739483,200,0,5600
2026/02/03/11:19:44,3601.915637,0.825656,0.724983,0.825656,0.724983,195,0,5605
2026/02/03/11:19:45,3602.915737,0.799312,0.713645,0.799312,0.713645,190,0,5610
2026/02/03/11:19:46,3603.915838,0.799312,0.713645,0.806094,0.717008,190,2,5610
2026/02/03/11:19:47,3604.917067,0.836812,0.736608,0.852344,0.740645,201,1,5610
2026/02/03/11:19:48,3605.917158,0.830219,0.729805,0.845750,0.733842,198,1,5613
2026/02/03/11:19:49,3606.917283,0.828187,0.722253,0.843719,0.726290,197,1,5614
2026/02/03/11:19:50,3607.917382,0.819375,0.718926,0.834906,0.722963,195,1,5616
2026/02/03/11:19:51,3608.917540,0.816656,0.716072,0.832187,0.720108,194,1,5617
2026/02/03/11:19:52,3609.917615,0.805969,0.712062,0.821500,0.716098,192,1,5619
2026/02/03/11:19:53,3610.917709,0.802844,0.708076,0.818375,0.712113,190,1,5621
2026/02/03/11:19:54,3611.917857,0.802844,0.708076,0.818375,0.712113,190,1,5621
2026/02/03/11:19:55,3612.917941,0.802844,0.708076,0.818375,0.712113,190,1,5621
2026/02/03/11:19:56,3613.918026,0.802844,0.708076,0.818375,0.712113,190,1,5621
2026/02/03/11:19:57,3614.918144,0.802844,0.708076,0.818375,0.712113,190,1,5621
2026/02/03/11:19:58,3615.918233,0.839187,0.738768,0.875781,0.764265,199,3,5621
2026/02/03/11:19:59,3616.918342,0.839187,0.738768,0.875781,0.764265,199,3,5621
2026/02/03/11:20:00,3617.918412,0.818156,0.726946,0.854750,0.752443,195,3,5625
2026/02/03/11:20:01,3618.918540,0.802719,0.718331,0.828781,0.733098,190,2,5631
2026/02/03/11:20:02,3619.918795,0.802719,0.718331,0.828781,0.733098,190,2,5631
2026/02/03/11:20:03,3620.918770,0.802719,0.718331,0.828781,0.733098,190,2,5631
2026/02/03/11:20:04,3621.918882,0.812219,0.721466,0.838281,0.736232,192,2,5631
2026/02/03/11:20:05,3622.918973,0.816063,0.727855,0.831594,0.731891,191,1,5633
2026/02/03/11:20:06,3623.919137,0.848437,0.742591,0.863969,0.746628,198,1,5633
2026/02/03/11:20:07,3624.919223,0.838938,0.739457,0.854469,0.743493,196,1,5635
2026/02/03/11:20:08,3625.919374,0.808531,0.722195,0.824063,0.726232,189,1,5642
2026/02/03/11:20:09,3626.919480,0.811156,0.723966,0.826688,0.728003,190,1,5642
2026/02/03/11:20:10,3627.919547,0.811156,0.723966,0.826688,0.728003,190,1,5642
2026/02/03/11:20:11,3628.919697,0.824875,0.725322,0.824875,0.725322,190,0,5643
2026/02/03/11:20:12,3629.919824,0.822250,0.723551,0.822250,0.723551,189,0,5644
2026/02/03/11:20:13,3630.919914,0.822250,0.723551,0.822250,0.723551,189,0,5644
2026/02/03/11:20:14,3631.920002,0.822250,0.723551,0.822250,0.723551,189,0,5644
2026/02/03/11:20:15,3632.920108,0.811094,0.716341,0.811094,0.716341,186,0,5647
2026/02/03/11:20:16,3633.920223,0.814531,0.721041,0.814531,0.721041,188,0,5647
2026/02/03/11:20:17,3634.920361,0.814531,0.721041,0.814531,0.721041,188,0,5647
2026/02/03/11:20:18,3635.920498,0.814531,0.721041,0.814531,0.721041,188,0,5647
2026/02/03/11:20:19,3636.920589,0.814531,0.721041,0.814531,0.721041,188,0,5647
2026/02/03/11:20:20,3637.920653,0.811094,0.716341,0.811094,0.716341,186,0,5649
2026/02/03/11:20:21,3638.920751,0.811094,0.716341,0.811094,0.716341,186,0,5649
2026/02/03/11:20:22,3639.920816,0.821688,0.723183,0.835219,0.724853,189,1,5649
2026/02/03/11:20:23,3640.920951,0.821688,0.723183,0.835219,0.724853,189,1,5649
2026/02/03/11:20:24,3641.921022,0.821688,0.723183,0.835219,0.724853,189,1,5649
2026/02/03/11:20:25,3642.921137,0.821688,0.723183,0.821688,0.723183,189,0,5649
2026/02/03/11:20:26,3643.921226,0.856437,0.763687,0.856437,0.763687,197,0,5649
2026/02/03/11:20:27,3644.921330,0.850750,0.760238,0.850750,0.760238,195,0,5651
2026/02/03/11:20:28,3645.921431,0.832094,0.733764,0.832094,0.733764,192,0,5654
2026/02/03/11:20:29,3646.921576,0.829344,0.732201,0.829344,0.732201,191,0,5655
2026/02/03/11:20:30,3647.921679,0.805813,0.721677,0.805813,0.721677,188,0,5658
2026/02/03/11:20:31,3648.921755,0.837719,0.751293,0.860156,0.755853,195,2,5659
2026/02/03/11:20:32,3649.921884,0.837719,0.751293,0.860156,0.755853,195,2,5659
2026/02/03/11:20:33,3650.921982,0.837719,0.751293,0.860156,0.755853,195,2,5659
2026/02/03/11:20:34,3651.922071,0.837719,0.751293,0.860156,0.755853,195,2,5659
2026/02/03/11:20:35,3652.922160,0.821406,0.739836,0.821406,0.739836,193,0,5661
2026/02/03/11:20:36,3653.922245,0.821406,0.739836,0.821406,0.739836,193,0,5661
2026/02/03/11:20:37,3654.922347,0.815219,0.731971,0.815219,0.731971,190,0,5664
2026/02/03/11:20:38,3655.922466,0.815219,0.731971,0.815219,0.731971,190,0,5664
2026/02/03/11:20:39,3656.922556,0.812469,0.728778,0.812469,0.728778,189,0,5665
2026/02/03/11:20:40,3657.922729,0.826063,0.756723,0.826063,0.756723,192,0,5665
2026/02/03/11:20:41,3658.922761,0.826063,0.756723,0.826063,0.756723,192,0,5665
2026/02/03/11:20:42,3659.922821,0.814063,0.743642,0.814063,0.743642,189,0,5668
2026/02/03/11:20:43,3660.922903,0.809156,0.740248,0.809156,0.740248,188,0,5669
2026/02/03/11:20:44,3661.923020,0.809156,0.740248,0.809156,0.740248,188,0,5669
2026/02/03/11:20:45,3662.923115,0.809156,0.740248,0.809156,0.740248,188,0,5669
2026/02/03/11:20:46,3663.923212,0.809156,0.740248,0.809156,0.740248,188,0,5669
2026/02/03/11:20:47,3664.923282,0.809156,0.740248,0.809156,0.740248,188,0,5669
2026/02/03/11:20:48,3665.923404,0.828000,0.774583,0.828000,0.774583,192,0,5669
2026/02/03/11:20:49,3666.923547,0.838219,0.782337,0.838219,0.782337,195,0,5669
2026/02/03/11:20:50,3667.923643,0.838219,0.782337,0.838219,0.782337,195,0,5669
2026/02/03/11:20:51,3668.923751,0.838219,0.782337,0.838219,0.782337,195,0,5669
2026/02/03/11:20:52,3669.923848,0.838219,0.782337,0.838219,0.782337,195,0,5669
2026/02/03/11:20:53,3670.923998,0.828000,0.774583,0.828000,0.774583,192,0,5672
2026/02/03/11:20:54,3671.924100,0.828000,0.774583,0.828000,0.774583,192,0,5672
2026/02/03/11:20:55,3672.924194,0.816063,0.753690,0.816063,0.753690,190,0,5674
2026/02/03/11:20:56,3673.924300,0.811312,0.750725,0.811312,0.750725,189,0,5675
2026/02/03/11:20:57,3674.924400,0.811312,0.750725,0.811312,0.750725,189,0,5675
2026/02/03/11:20:58,3675.924546,0.811312,0.750725,0.811312,0.750725,189,0,5675
2026/02/03/11:20:59,3676.924638,0.811312,0.750725,0.811312,0.750725,189,0,5675
2026/02/03/11:21:00,3677.924732,0.811312,0.750725,0.811312,0.750725,189,0,5675
2026/02/03/11:21:01,3678.924823,0.811312,0.750725,0.811312,0.750725,189,0,5675
2026/02/03/11:21:02,3679.924937,0.815656,0.755190,0.815656,0.755190,191,0,5675
2026/02/03/11:21:03,3680.925033,0.842094,0.774059,0.842094,0.774059,199,0,5675
2026/02/03/11:21:04,3681.925192,0.842094,0.774059,0.842094,0.774059,199,0,5675
2026/02/03/11:21:05,3682.925357,0.858750,0.782033,0.858750,0.782033,200,0,5679
2026/02/03/11:21:06,3683.925502,0.876594,0.809410,0.899844,0.826661,206,2,5683
2026/02/03/11:21:07,3684.925575,0.887469,0.825834,0.910719,0.843085,212,2,5683
2026/02/03/11:21:08,3685.925682,0.878844,0.817993,0.902094,0.835244,209,2,5686
2026/02/03/11:21:09,3686.925778,0.889844,0.827880,0.932344,0.861771,212,5,5687
2026/02/03/11:21:10,3687.925859,0.882656,0.816740,0.917063,0.847321,207,4,5693
2026/02/03/11:21:11,3688.925942,0.860812,0.796355,0.884062,0.813606,202,2,5700
2026/02/03/11:21:12,3689.926044,0.843625,0.768363,0.843625,0.768363,197,0,5707
2026/02/03/11:21:13,3690.926191,0.843625,0.768363,0.843625,0.768363,197,0,5707
2026/02/03/11:21:14,3691.926295,0.843625,0.768363,0.843625,0.768363,197,0,5707
2026/02/03/11:21:15,3692.926383,0.793656,0.742339,0.793656,0.742339,190,0,5714
2026/02/03/11:21:16,3693.926472,0.779875,0.738192,0.779875,0.738192,189,0,5715
2026/02/03/11:21:17,3694.926623,0.779875,0.738192,0.779875,0.738192,189,0,5715
2026/02/03/11:21:18,3695.926707,0.779875,0.738192,0.779875,0.738192,189,0,5715
2026/02/03/11:21:19,3696.926817,0.779875,0.738192,0.779875,0.738192,189,0,5715
2026/02/03/11:21:20,3697.926955,0.779875,0.738192,0.779875,0.738192,189,0,5715
2026/02/03/11:21:21,3698.927028,0.779875,0.738192,0.779875,0.738192,189,0,5715
2026/02/03/11:21:22,3699.927211,0.775937,0.733115,0.775937,0.733115,187,0,5717
2026/02/03/11:21:23,3700.927301,0.782687,0.733323,0.782687,0.733323,186,0,5719
2026/02/03/11:21:24,3701.927378,0.773219,0.720220,0.773219,0.720220,185,0,5720
2026/02/03/11:21:25,3702.927457,0.768437,0.724296,0.768437,0.724296,187,0,5721
2026/02/03/11:21:26,3703.927559,0.768437,0.724296,0.768437,0.724296,187,0,5721
2026/02/03/11:21:27,3704.927679,0.768437,0.724296,0.768437,0.724296,187,0,5721
2026/02/03/11:21:28,3705.927790,0.800375,0.763326,0.804406,0.766521,197,1,5721
2026/02/03/11:21:29,3706.927895,0.822094,0.783355,0.822094,0.783355,206,0,5721
2026/02/03/11:21:30,3707.927955,0.847719,0.796341,0.847719,0.796341,213,0,5723
2026/02/03/11:21:31,3708.928065,0.837250,0.788191,0.837250,0.788191,210,0,5726
2026/02/03/11:21:32,3709.928140,0.842063,0.788589,0.842063,0.788589,213,0,5728
2026/02/03/11:21:33,3710.928261,0.838938,0.785214,0.838938,0.785214,211,0,5730
2026/02/03/11:21:34,3711.928361,0.830000,0.775085,0.830000,0.775085,207,0,5734
2026/02/03/11:21:35,3712.928444,0.850594,0.791117,0.895906,0.809781,214,4,5734
2026/02/03/11:21:36,3713.928572,0.858594,0.793761,0.883469,0.802556,212,2,5738
2026/02/03/11:21:37,3714.928665,0.873406,0.818510,0.898281,0.827305,217,2,5738
2026/02/03/11:21:38,3715.928812,0.869062,0.816087,0.893938,0.824883,216,2,5743
2026/02/03/11:21:39,3716.928938,0.886719,0.830748,0.911594,0.839543,221,2,5745
2026/02/03/11:21:40,3717.929016,0.865625,0.796429,0.890500,0.805224,215,2,5751
2026/02/03/11:21:41,3718.929184,0.840031,0.777167,0.854688,0.781028,211,1,5755
2026/02/03/11:21:42,3719.929270,0.842406,0.766150,0.842406,0.766150,207,0,5760
2026/02/03/11:21:43,3720.929386,0.842406,0.766150,0.842406,0.766150,207,0,5760
2026/02/03/11:21:44,3721.929447,0.842406,0.766150,0.842406,0.766150,207,0,5760
2026/02/03/11:21:45,3722.929610,0.822750,0.746460,0.822750,0.746460,200,0,5768
2026/02/03/11:21:46,3723.929705,0.841437,0.779974,0.867750,0.783706,208,2,5771
2026/02/03/11:21:47,3724.929822,0.864906,0.814416,0.882469,0.828714,213,2,5774
2026/02/03/11:21:48,3725.929971,0.866594,0.826258,0.892969,0.865417,216,4,5776
2026/02/03/11:21:49,3726.930069,0.855406,0.822491,0.868625,0.859784,214,3,5781
2026/02/03/11:21:50,3727.930136,0.839187,0.807023,0.852406,0.844317,211,3,5784
2026/02/03/11:21:51,3728.930232,0.830812,0.797682,0.835219,0.810113,206,1,5791
2026/02/03/11:21:52,3729.930342,0.811125,0.763450,0.811125,0.763450,201,0,5796
2026/02/03/11:21:53,3730.930447,0.804562,0.747342,0.804562,0.747342,199,0,5798
2026/02/03/11:21:54,3731.930586,0.847250,0.799563,0.847250,0.799563,213,0,5798
2026/02/03/11:21:55,3732.930737,0.859375,0.814738,0.859375,0.814738,217,0,5798
2026/02/03/11:21:56,3733.930840,0.859938,0.825373,0.859938,0.825373,219,0,5802
2026/02/03/11:21:57,3734.930922,0.848844,0.805834,0.848844,0.805834,217,0,5809
2026/02/03/11:21:58,3735.931023,0.847125,0.803598,0.847125,0.803598,216,0,5810
2026/02/03/11:21:59,3736.931128,0.831969,0.785612,0.831969,0.785612,209,0,5817
2026/02/03/11:22:00,3737.931248,0.826625,0.780295,0.826625,0.780295,206,0,5820
2026/02/03/11:22:01,3738.931337,0.822656,0.775288,0.822656,0.775288,204,0,5822
2026/02/03/11:22:02,3739.931521,0.820781,0.772886,0.820781,0.772886,203,0,5823
2026/02/03/11:22:03,3740.931581,0.831688,0.777916,0.831688,0.777916,207,0,5824
2026/02/03/11:22:04,3741.931703,0.868969,0.841278,0.868969,0.841278,219,0,5824
2026/02/03/11:22:05,3742.931773,0.859406,0.836420,0.859406,0.836420,216,0,5827
2026/02/03/11:22:06,3743.931892,0.810969,0.758961,0.810969,0.758961,203,0,5840
2026/02/03/11:22:07,3744.932028,0.810281,0.744259,0.810281,0.744259,199,0,5845
2026/02/03/11:22:08,3745.932132,0.810281,0.744259,0.810281,0.744259,199,0,5845
2026/02/03/11:22:09,3746.932221,0.810281,0.744259,0.810281,0.744259,199,0,5845
2026/02/03/11:22:10,3747.932315,0.810281,0.744259,0.810281,0.744259,199,0,5845
2026/02/03/11:22:11,3748.932420,0.810281,0.744259,0.810281,0.744259,199,0,5845
2026/02/03/11:22:12,3749.932522,0.810281,0.744259,0.810281,0.744259,199,0,5845
2026/02/03/11:22:13,3750.932586,0.810281,0.744259,0.810281,0.744259,199,0,5845
2026/02/03/11:22:14,3751.932721,0.810281,0.744259,0.810281,0.744259,199,0,5845
2026/02/03/11:22:15,3752.932807,0.810281,0.744259,0.810281,0.744259,199,0,5845
2026/02/03/11:22:16,3753.932957,0.803906,0.728842,0.803906,0.728842,196,0,5848
2026/02/03/11:22:17,3754.933062,0.822688,0.735723,0.822688,0.735723,199,0,5850
2026/02/03/11:22:18,3755.933126,0.819656,0.733212,0.819656,0.733212,198,0,5851
2026/02/03/11:22:19,3756.933241,0.819656,0.733212,0.819656,0.733212,198,0,5851
2026/02/03/11:22:20,3757.933314,0.852000,0.743419,0.862563,0.746156,205,1,5854
2026/02/03/11:22:21,3758.933398,0.857250,0.754997,0.880938,0.759528,207,2,5856
2026/02/03/11:22:22,3759.933517,0.866187,0.749953,0.889875,0.754485,205,2,5860
2026/02/03/11:22:23,3760.933688,0.888594,0.769771,0.945000,0.783077,212,6,5860
2026/02/03/11:22:24,3761.933786,0.895656,0.774252,0.946625,0.784680,214,5,5860
2026/02/03/11:22:25,3762.933926,0.883250,0.764250,0.921094,0.772883,210,4,5864
2026/02/03/11:22:26,3763.933965,0.872375,0.758493,0.882938,0.761230,208,1,5866
2026/02/03/11:22:27,3764.934058,0.872375,0.758493,0.882938,0.761230,208,1,5866
2026/02/03/11:22:28,3765.934138,0.853906,0.743639,0.864469,0.746376,202,1,5872
2026/02/03/11:22:29,3766.934275,0.853906,0.743639,0.864469,0.746376,202,1,5872
2026/02/03/11:22:30,3767.934385,0.853906,0.743639,0.864469,0.746376,202,1,5872
2026/02/03/11:22:31,3768.934501,0.853906,0.743639,0.864469,0.746376,202,1,5872
2026/02/03/11:22:32,3769.934586,0.853906,0.743639,0.864469,0.746376,202,1,5872
2026/02/03/11:22:33,3770.934671,0.853906,0.743639,0.864469,0.746376,202,1,5872
2026/02/03/11:22:34,3771.934831,0.853906,0.743639,0.864469,0.746376,202,1,5872
2026/02/03/11:22:35,3772.934910,0.853906,0.743639,0.864469,0.746376,202,1,5872
2026/02/03/11:22:36,3773.935021,0.860781,0.754678,0.871344,0.757415,205,1,5872
2026/02/03/11:22:37,3774.935171,0.860781,0.754678,0.871344,0.757415,205,1,5872
2026/02/03/11:22:38,3775.935253,0.860781,0.754678,0.871344,0.757415,205,1,5872
2026/02/03/11:22:39,3776.935339,0.860781,0.754678,0.871344,0.757415,205,1,5872
2026/02/03/11:22:40,3777.935501,0.856719,0.746825,0.867281,0.749562,203,1,5874
2026/02/03/11:22:41,3778.935598,0.877469,0.783351,0.888031,0.786088,210,1,5875
2026/02/03/11:22:42,3779.935695,0.885813,0.788854,0.896375,0.791591,213,1,5875
2026/02/03/11:22:43,3780.935777,0.903937,0.807904,0.940500,0.815619,219,3,5876
2026/02/03/11:22:44,3781.935921,0.903188,0.798881,0.956875,0.814633,219,5,5878
2026/02/03/11:22:45,3782.935962,0.909062,0.800928,0.954187,0.812661,219,4,5879
2026/02/03/11:22:46,3783.936062,0.889687,0.780196,0.926250,0.787911,212,3,5887
2026/02/03/11:22:47,3784.936166,0.887656,0.778539,0.924219,0.786254,211,3,5888
2026/02/03/11:22:48,3785.936269,0.880719,0.770719,0.917281,0.778434,208,3,5891
2026/02/03/11:22:49,3786.936414,0.873469,0.766187,0.899469,0.771165,205,2,5895
2026/02/03/11:22:50,3787.936516,0.856344,0.758150,0.882344,0.763128,203,2,5897
2026/02/03/11:22:51,3788.936619,0.850562,0.755299,0.876563,0.760277,202,2,5898
2026/02/03/11:22:52,3789.936713,0.847313,0.750003,0.873313,0.754981,200,2,5900
2026/02/03/11:22:53,3790.936862,0.839344,0.744887,0.865344,0.749865,197,2,5903
2026/02/03/11:22:54,3791.936955,0.839344,0.744887,0.865344,0.749865,197,2,5903
2026/02/03/11:22:55,3792.937077,0.839344,0.744887,0.865344,0.749865,197,2,5903
2026/02/03/11:22:56,3793.937176,0.839344,0.744887,0.865344,0.749865,197,2,5903
2026/02/03/11:22:57,3794.937326,0.835094,0.740111,0.861094,0.745090,196,2,5904
2026/02/03/11:22:58,3795.937438,0.870719,0.769298,0.896719,0.774276,207,2,5904
2026/02/03/11:22:59,3796.937513,0.895156,0.799791,0.921156,0.804769,213,2,5904
2026/02/03/11:23:00,3797.937609,0.895156,0.799791,0.921156,0.804769,213,2,5904
2026/02/03/11:23:01,3798.937714,0.889656,0.796718,0.915656,0.801697,211,2,5907
2026/02/03/11:23:02,3799.937823,0.880281,0.793277,0.906281,0.798255,209,2,5909
2026/02/03/11:23:03,3800.937980,0.863625,0.768122,0.889625,0.773100,205,2,5913
2026/02/03/11:23:04,3801.938070,0.849625,0.766443,0.875625,0.771421,202,2,5917
2026/02/03/11:23:05,3802.938153,0.889156,0.827931,0.920344,0.863038,213,5,5917
2026/02/03/11:23:06,3803.938248,0.922000,0.857685,0.955844,0.892432,223,5,5917
2026/02/03/11:23:07,3804.938295,0.939750,0.872393,0.972437,0.918115,229,5,5918
2026/02/03/11:23:08,3805.938417,0.944219,0.873815,0.999156,0.932868,230,8,5924
2026/02/03/11:23:09,3806.938481,0.935031,0.870510,0.969313,0.887793,230,4,5933
2026/02/03/11:23:10,3807.938569,0.919312,0.861901,0.949313,0.874699,226,3,5938
2026/02/03/11:23:11,3808.938646,0.914062,0.854475,0.944063,0.867272,223,3,5941
2026/02/03/11:23:12,3809.938749,0.900906,0.855464,0.926906,0.860442,221,2,5944
2026/02/03/11:23:13,3810.938889,0.888062,0.842009,0.914062,0.846987,218,2,5947
2026/02/03/11:23:14,3811.938947,0.878844,0.830944,0.913906,0.860713,213,4,5952
2026/02/03/11:23:15,3812.939067,0.889906,0.837709,0.920438,0.855083,214,3,5953
2026/02/03/11:23:16,3813.939147,0.883031,0.831131,0.913563,0.848505,212,3,5955
2026/02/03/11:23:17,3814.939246,0.880812,0.815662,0.906813,0.820640,210,2,5958
2026/02/03/11:23:18,3815.939342,0.890000,0.814997,0.903000,0.817486,210,1,5959
2026/02/03/11:23:19,3816.939437,0.909531,0.841252,0.930156,0.845391,216,2,5962
2026/02/03/11:23:20,3817.939505,0.904781,0.838093,0.925406,0.842232,215,2,5963
2026/02/03/11:23:21,3818.939609,0.909406,0.837726,0.922406,0.840215,215,1,5964
2026/02/03/11:23:22,3819.939742,0.894156,0.834427,0.907156,0.836916,213,1,5966
2026/02/03/11:23:23,3820.939850,0.884781,0.832757,0.897781,0.835246,212,1,5967
2026/02/03/11:23:24,3821.939909,0.873906,0.816007,0.886906,0.818496,208,1,5971
2026/02/03/11:23:25,3822.940032,0.868406,0.810245,0.881406,0.812734,206,1,5973
2026/02/03/11:23:26,3823.940120,0.900062,0.840109,0.949625,0.862975,216,5,5973
2026/02/03/11:23:27,3824.940203,0.900062,0.840109,0.949625,0.862975,216,5,5973
2026/02/03/11:23:28,3825.940292,0.871469,0.780353,0.917844,0.791289,208,4,5981
2026/02/03/11:23:29,3826.940383,0.856594,0.771965,0.902969,0.782900,204,4,5985
2026/02/03/11:23:30,3827.940482,0.861688,0.770787,0.896594,0.778401,203,3,5987
2026/02/03/11:23:31,3828.940593,0.905062,0.853588,0.941656,0.874094,218,4,5987
2026/02/03/11:23:32,3829.940689,0.909125,0.860779,0.949094,0.907069,220,6,5987
2026/02/03/11:23:33,3830.940751,0.898531,0.839809,0.938500,0.886098,215,6,5992
2026/02/03/11:23:34,3831.940860,0.881563,0.807021,0.921531,0.853311,210,6,5997
2026/02/03/11:23:35,3832.940967,0.865875,0.781179,0.905844,0.827469,205,6,6002
2026/02/03/11:23:36,3833.941050,0.866563,0.790927,0.881250,0.806308,206,2,6004
2026/02/03/11:23:37,3834.941141,0.864156,0.771834,0.883813,0.784156,206,6,6008
2026/02/03/11:23:38,3835.941273,0.891563,0.798083,0.891563,0.798083,213,0,6010
2026/02/03/11:23:39,3836.941433,0.881125,0.796278,0.881125,0.796278,212,0,6011
2026/02/03/11:23:40,3837.941583,0.881125,0.796278,0.881125,0.796278,212,0,6011
2026/02/03/11:23:41,3838.941671,0.866500,0.786446,0.866500,0.786446,209,0,6014
2026/02/03/11:23:42,3839.941758,0.860125,0.781726,0.860125,0.781726,206,0,6017
2026/02/03/11:23:43,3840.941851,0.860125,0.781726,0.860125,0.781726,206,0,6017
2026/02/03/11:23:44,3841.941959,0.860125,0.781726,0.860125,0.781726,206,0,6017
2026/02/03/11:23:45,3842.942058,0.844938,0.762618,0.844938,0.762618,203,0,6020
2026/02/03/11:23:46,3843.942194,0.843219,0.759336,0.843219,0.759336,202,0,6021
2026/02/03/11:23:47,3844.942286,0.843219,0.759336,0.843219,0.759336,202,0,6021
2026/02/03/11:23:48,3845.942378,0.870687,0.799090,0.873531,0.803129,212,1,6021
2026/02/03/11:23:49,3846.942481,0.882344,0.812181,0.911906,0.823343,215,4,6023
2026/02/03/11:23:50,3847.942599,0.885406,0.808853,0.929469,0.832388,215,6,6025
2026/02/03/11:23:51,3848.942712,0.885406,0.808853,0.907156,0.827413,215,3,6025
2026/02/03/11:23:52,3849.942796,0.882687,0.804774,0.897188,0.817148,213,2,6028
2026/02/03/11:23:53,3850.942944,0.886125,0.809766,0.893375,0.815953,211,1,6033
2026/02/03/11:23:54,3851.943103,0.886125,0.809766,0.893375,0.815953,211,1,6033
2026/02/03/11:23:55,3852.943236,0.885656,0.806200,0.885656,0.806200,210,0,6035
2026/02/03/11:23:56,3853.943331,0.881625,0.792486,0.881625,0.792486,208,0,6037
2026/02/03/11:23:57,3854.943433,0.879031,0.790432,0.879031,0.790432,207,0,6038
2026/02/03/11:23:58,3855.943585,0.879031,0.790432,0.879031,0.790432,207,0,6038
2026/02/03/11:23:59,3856.943714,0.864000,0.780638,0.864000,0.780638,204,0,6041
2026/02/03/11:24:00,3857.943790,0.857125,0.777758,0.857125,0.777758,203,0,6042
2026/02/03/11:24:01,3858.943952,0.857125,0.777758,0.857125,0.777758,203,0,6042
2026/02/03/11:24:02,3859.944122,0.845750,0.764686,0.845750,0.764686,198,0,6047
2026/02/03/11:24:03,3860.944232,0.843156,0.763101,0.843156,0.763101,197,0,6048
2026/02/03/11:24:04,3861.944305,0.843156,0.763101,0.843156,0.763101,197,0,6048
2026/02/03/11:24:05,3862.944389,0.843156,0.763101,0.843156,0.763101,197,0,6048
2026/02/03/11:24:06,3863.944497,0.870469,0.808549,0.870469,0.808549,207,0,6048
2026/02/03/11:24:07,3864.944608,0.887312,0.822415,0.887312,0.822415,212,0,6048
2026/02/03/11:24:08,3865.944749,0.887312,0.822415,0.887312,0.822415,212,0,6048
2026/02/03/11:24:09,3866.944906,0.868313,0.807112,0.868313,0.807112,206,0,6054
2026/02/03/11:24:10,3867.944959,0.892062,0.813481,0.892062,0.813481,210,0,6056
2026/02/03/11:24:11,3868.945056,0.885250,0.807360,0.885250,0.807360,208,0,6058
2026/02/03/11:24:12,3869.945148,0.920312,0.846657,0.925094,0.849153,222,1,6058
2026/02/03/11:24:13,3870.945251,0.933656,0.858958,0.943219,0.863948,227,2,6058
2026/02/03/11:24:14,3871.945328,0.925281,0.843307,0.925281,0.843307,222,0,6065
2026/02/03/11:24:15,3872.945407,0.925281,0.843307,0.925281,0.843307,222,0,6065
2026/02/03/11:24:16,3873.945566,0.914937,0.839399,0.914937,0.839399,221,0,6069
2026/02/03/11:24:17,3874.945663,0.890563,0.829554,0.895437,0.832384,216,1,6074
2026/02/03/11:24:18,3875.945740,0.887969,0.824319,0.887969,0.824319,215,0,6076
2026/02/03/11:24:19,3876.945847,0.887969,0.824319,0.887969,0.824319,215,0,6076
2026/02/03/11:24:20,3877.945954,0.883094,0.821490,0.883094,0.821490,214,0,6077
2026/02/03/11:24:21,3878.946035,0.891094,0.828641,0.891094,0.828641,216,0,6080
2026/02/03/11:24:22,3879.946131,0.891094,0.828641,0.929906,0.833505,216,3,6080
2026/02/03/11:24:23,3880.946218,0.885719,0.824549,0.924531,0.829414,214,3,6082
2026/02/03/11:24:24,3881.946327,0.895719,0.828669,0.943937,0.835959,216,4,6085
2026/02/03/11:24:25,3882.946428,0.889188,0.826070,0.937406,0.833361,215,4,6086
2026/02/03/11:24:26,3883.946544,0.882750,0.822910,0.937750,0.832492,213,5,6088
2026/02/03/11:24:27,3884.946649,0.915469,0.847082,0.976906,0.858527,222,5,6088
2026/02/03/11:24:28,3885.946784,0.906750,0.839507,0.968187,0.850952,219,5,6091
2026/02/03/11:24:29,3886.946884,0.903375,0.836196,0.951594,0.843486,217,4,6093
2026/02/03/11:24:30,3887.947000,0.893188,0.832586,0.941406,0.839877,215,4,6095
2026/02/03/11:24:31,3888.947109,0.891344,0.830526,0.939562,0.837817,214,4,6096
2026/02/03/11:24:32,3889.947247,0.891344,0.830526,0.939562,0.837817,214,4,6096
2026/02/03/11:24:33,3890.947353,0.877781,0.825945,0.926000,0.833236,212,4,6098
2026/02/03/11:24:34,3891.947464,0.877781,0.825945,0.926000,0.833236,212,4,6098
2026/02/03/11:24:35,3892.947752,0.877781,0.825945,0.916594,0.830810,212,3,6098
2026/02/03/11:24:36,3893.947766,0.889406,0.842885,0.928219,0.847749,218,3,6098
2026/02/03/11:24:37,3894.947822,0.889406,0.842885,0.928219,0.847749,218,3,6098
2026/02/03/11:24:38,3895.947960,0.877875,0.828675,0.916687,0.833539,212,3,6104
2026/02/03/11:24:39,3896.948064,0.873812,0.820910,0.912625,0.825774,210,3,6106
2026/02/03/11:24:40,3897.948157,0.871969,0.818237,0.910781,0.823101,209,3,6107
2026/02/03/11:24:41,3898.948256,0.871969,0.818237,0.910781,0.823101,209,3,6107
2026/02/03/11:24:42,3899.948333,0.866750,0.813216,0.905563,0.818081,208,3,6108
2026/02/03/11:24:43,3900.948491,0.866750,0.813216,0.905563,0.818081,208,3,6108
2026/02/03/11:24:44,3901.948625,0.863000,0.811541,0.901813,0.816405,207,3,6109
2026/02/03/11:24:45,3902.948779,0.863000,0.811541,0.901813,0.816405,207,3,6109
2026/02/03/11:24:46,3903.948891,0.863000,0.811541,0.901813,0.816405,207,3,6109
2026/02/03/11:24:47,3904.949020,0.863000,0.811541,0.901813,0.816405,207,3,6109
2026/02/03/11:24:48,3905.949108,0.871250,0.821476,0.951594,0.834880,211,6,6109
2026/02/03/11:24:49,3906.949224,0.871250,0.821476,0.951594,0.834880,211,6,6109
2026/02/03/11:24:50,3907.949303,0.868125,0.817080,0.909656,0.825620,209,3,6111
2026/02/03/11:24:51,3908.949405,0.863000,0.811541,0.904531,0.820081,207,3,6113
2026/02/03/11:24:52,3909.949495,0.852094,0.775029,0.893625,0.783569,202,3,6118
2026/02/03/11:24:53,3910.949623,0.852094,0.775029,0.893625,0.783569,202,3,6118
2026/02/03/11:24:54,3911.949704,0.861437,0.769172,0.890719,0.777520,205,3,6121
2026/02/03/11:24:55,3912.949795,0.878406,0.810084,0.928438,0.822139,212,5,6121
2026/02/03/11:24:56,3913.949885,0.903969,0.825349,0.951469,0.834702,219,4,6121
2026/02/03/11:24:57,3914.950041,0.904312,0.825771,0.940156,0.832716,219,3,6122
2026/02/03/11:24:58,3915.950149,0.896844,0.807746,0.896844,0.807746,215,0,6126
2026/02/03/11:24:59,3916.950210,0.898750,0.811748,0.898750,0.811748,216,0,6126
2026/02/03/11:25:00,3917.950304,0.888125,0.801831,0.888125,0.801831,212,0,6130
2026/02/03/11:25:01,3918.951432,0.873437,0.793188,0.873437,0.793188,209,0,6133
2026/02/03/11:25:02,3919.951558,0.864031,0.794780,0.864031,0.794780,210,0,6134
2026/02/03/11:25:03,3920.951640,0.883156,0.815394,0.884875,0.818964,216,1,6134
2026/02/03/11:25:04,3921.951733,0.884875,0.818964,0.884875,0.818964,217,0,6134
2026/02/03/11:25:05,3922.951842,0.878219,0.801983,0.878219,0.801983,214,0,6137
2026/02/03/11:25:06,3923.951986,0.858656,0.788388,0.858656,0.788388,207,0,6144
2026/02/03/11:25:07,3924.952071,0.858656,0.788388,0.858656,0.788388,207,0,6144
2026/02/03/11:25:08,3925.952178,0.848344,0.772999,0.848344,0.772999,204,0,6147
2026/02/03/11:25:09,3926.952252,0.851969,0.779458,0.851969,0.779458,206,0,6147
2026/02/03/11:25:10,3927.952517,0.851969,0.779458,0.851969,0.779458,206,0,6147
2026/02/03/11:25:11,3928.952545,0.851969,0.779458,0.851969,0.779458,206,0,6147
2026/02/03/11:25:12,3929.952640,0.865719,0.788881,0.865719,0.788881,210,0,6147
2026/02/03/11:25:13,3930.952729,0.870125,0.797333,0.870125,0.797333,211,0,6148
2026/02/03/11:25:14,3931.952818,0.872750,0.799045,0.888625,0.815117,212,2,6148
2026/02/03/11:25:15,3932.952950,0.868188,0.778902,0.876125,0.786938,209,1,6152
2026/02/03/11:25:16,3933.953043,0.859375,0.773679,0.867313,0.781715,206,1,6155
2026/02/03/11:25:17,3934.953140,0.856750,0.771966,0.864688,0.780002,205,1,6156
2026/02/03/11:25:18,3935.953300,0.850938,0.767963,0.858875,0.775999,203,1,6158
2026/02/03/11:25:19,3936.953404,0.850938,0.767963,0.858875,0.775999,203,1,6158
2026/02/03/11:25:20,3937.953495,0.850938,0.767963,0.858875,0.775999,203,1,6158
2026/02/03/11:25:21,3938.953598,0.850938,0.767963,0.858875,0.775999,203,1,6158
2026/02/03/11:25:22,3939.953687,0.864125,0.781861,0.872062,0.789897,207,1,6158
2026/02/03/11:25:23,3940.953763,0.856125,0.774875,0.864062,0.782911,205,1,6160
2026/02/03/11:25:24,3941.953895,0.874437,0.783886,0.893813,0.793623,210,2,6160
2026/02/03/11:25:25,3942.953946,0.891281,0.809741,0.939719,0.829081,217,5,6160
2026/02/03/11:25:26,3943.954049,0.897594,0.810070,0.934594,0.827709,218,4,6161
2026/02/03/11:25:27,3944.954193,0.876031,0.801147,0.913031,0.818786,213,4,6166
2026/02/03/11:25:28,3945.954264,0.876687,0.801167,0.905750,0.810770,211,3,6169
2026/02/03/11:25:29,3946.954427,0.868094,0.787026,0.868094,0.787026,208,0,6172
2026/02/03/11:25:30,3947.954505,0.859531,0.782431,0.859531,0.782431,206,0,6174
2026/02/03/11:25:31,3948.954650,0.880875,0.791123,0.901687,0.794385,210,2,6174
2026/02/03/11:25:32,3949.954804,0.880875,0.791123,0.901687,0.794385,210,2,6174
2026/02/03/11:25:33,3950.954906,0.880875,0.791123,0.901687,0.794385,210,2,6174
2026/02/03/11:25:34,3951.955021,0.880875,0.791123,0.901687,0.794385,210,2,6174
2026/02/03/11:25:35,3952.955111,0.873188,0.779296,0.894000,0.782557,207,2,6177
2026/02/03/11:25:36,3953.955197,0.867500,0.777536,0.888312,0.780797,206,2,6178
2026/02/03/11:25:37,3954.955311,0.862563,0.771431,0.883375,0.774692,204,2,6180
2026/02/03/11:25:38,3955.955457,0.862563,0.771431,0.862563,0.771431,204,0,6180
2026/02/03/11:25:39,3956.955557,0.847906,0.767570,0.847906,0.767570,203,0,6181
2026/02/03/11:25:40,3957.955640,0.847906,0.767570,0.847906,0.767570,203,0,6181
2026/02/03/11:25:41,3958.955753,0.840406,0.759409,0.840406,0.759409,200,0,6184
2026/02/03/11:25:42,3959.955850,0.840406,0.759409,0.840406,0.759409,200,0,6184
2026/02/03/11:25:43,3960.955960,0.846156,0.770937,0.865469,0.786881,202,4,6184
2026/02/03/11:25:44,3961.956054,0.881656,0.804725,0.894094,0.828270,210,2,6184
2026/02/03/11:25:45,3962.956179,0.877656,0.797860,0.890094,0.821404,209,2,6185
2026/02/03/11:25:46,3963.956282,0.877656,0.797860,0.890094,0.821404,209,2,6185
2026/02/03/11:25:47,3964.956377,0.868656,0.790497,0.881094,0.814041,206,2,6188
2026/02/03/11:25:48,3965.956535,0.859125,0.784096,0.871563,0.807640,204,2,6190
2026/02/03/11:25:49,3966.956652,0.859125,0.784096,0.871563,0.807640,204,2,6190
2026/02/03/11:25:50,3967.956761,0.859125,0.784096,0.871563,0.807640,204,2,6190
2026/02/03/11:25:51,3968.956882,0.859125,0.784096,0.871563,0.807640,204,2,6190
2026/02/03/11:25:52,3969.957144,0.859125,0.784096,0.871563,0.807640,204,2,6190
2026/02/03/11:25:53,3970.957178,0.859125,0.784096,0.871563,0.807640,204,2,6190
2026/02/03/11:25:54,3971.957270,0.859125,0.784096,0.871563,0.807640,204,2,6190
2026/02/03/11:25:55,3972.957378,0.855500,0.777636,0.867938,0.801180,202,2,6192
2026/02/03/11:25:56,3973.957468,0.849938,0.770144,0.852062,0.785108,201,1,6194
2026/02/03/11:25:57,3974.957616,0.854906,0.775612,0.857031,0.790576,204,1,6194
2026/02/03/11:25:58,3975.957764,0.881000,0.806427,0.899813,0.843280,215,3,6194
2026/02/03/11:25:59,3976.957859,0.881000,0.806427,0.899813,0.843280,215,3,6194
2026/02/03/11:26:00,3977.958015,0.878625,0.803436,0.880750,0.818400,213,1,6197
2026/02/03/11:26:01,3978.958117,0.882344,0.836977,0.892781,0.874892,213,3,6203
2026/02/03/11:26:02,3979.958207,0.882656,0.838772,0.893094,0.876687,213,3,6205
2026/02/03/11:26:03,3980.958335,0.877094,0.837895,0.881531,0.867773,213,2,6206
2026/02/03/11:26:04,3981.958468,0.867219,0.822244,0.871656,0.852122,210,2,6209
2026/02/03/11:26:05,3982.958578,0.866406,0.818944,0.870844,0.848822,210,2,6210
2026/02/03/11:26:06,3983.958648,0.861406,0.813903,0.865844,0.843781,208,2,6212
2026/02/03/11:26:07,3984.958786,0.893875,0.848837,0.937594,0.887509,221,5,6212
2026/02/03/11:26:08,3985.958946,0.913781,0.879623,0.977250,0.924044,230,7,6212
2026/02/03/11:26:09,3986.959072,0.899563,0.862255,0.923750,0.897881,223,4,6223
2026/02/03/11:26:10,3987.959185,0.899563,0.862255,0.923750,0.897881,223,4,6223
2026/02/03/11:26:11,3988.959333,0.874188,0.825476,0.896250,0.846138,215,3,6232
2026/02/03/11:26:12,3989.959481,0.874188,0.825476,0.896250,0.846138,215,3,6232
2026/02/03/11:26:13,3990.959640,0.874188,0.825476,0.896250,0.846138,215,3,6232
2026/02/03/11:26:14,3991.959724,0.895625,0.836429,0.934187,0.860701,220,5,6233
2026/02/03/11:26:15,3992.959808,0.894625,0.838951,0.943438,0.889749,218,7,6238
2026/02/03/11:26:16,3993.959934,0.884437,0.834074,0.916750,0.881263,216,5,6240
2026/02/03/11:26:17,3994.960066,0.882844,0.829275,0.915156,0.876464,215,5,6241
2026/02/03/11:26:18,3995.960161,0.882844,0.829275,0.915156,0.876464,215,5,6241
2026/02/03/11:26:19,3996.960246,0.866250,0.819552,0.888312,0.840215,212,3,6244
2026/02/03/11:26:20,3997.960407,0.844094,0.792737,0.846406,0.807650,207,1,6249
2026/02/03/11:26:21,3998.960552,0.842031,0.791075,0.844344,0.805989,206,1,6250
2026/02/03/11:26:22,3999.960645,0.836313,0.783019,0.838625,0.797933,203,1,6253
2026/02/03/11:26:23,4000.960748,0.834125,0.779847,0.836437,0.794761,202,1,6254
2026/02/03/11:26:24,4001.960838,0.851031,0.797732,0.855062,0.814651,207,2,6254
2026/02/03/11:26:25,4002.960996,0.875844,0.806886,0.878156,0.821799,210,1,6257
2026/02/03/11:26:26,4003.961067,0.875844,0.806886,0.878156,0.821799,210,1,6257
2026/02/03/11:26:27,4004.961231,0.864875,0.801734,0.867188,0.816648,207,1,6260
2026/02/03/11:26:28,4005.961333,0.857656,0.793727,0.859969,0.808641,205,1,6262
2026/02/03/11:26:29,4006.961471,0.852938,0.788690,0.855250,0.803603,204,1,6263
2026/02/03/11:26:30,4007.961573,0.851375,0.785470,0.853688,0.800384,203,1,6264
2026/02/03/11:26:31,4008.961956,0.851375,0.785470,0.853688,0.800384,203,1,6264
2026/02/03/11:26:32,4009.961895,0.851375,0.785470,0.853688,0.800384,203,1,6264
2026/02/03/11:26:33,4010.961948,0.834438,0.782006,0.836750,0.796920,201,1,6266
2026/02/03/11:26:34,4011.962067,0.834438,0.782006,0.836750,0.796920,201,1,6266
2026/02/03/11:26:35,4012.962179,0.827125,0.779780,0.831438,0.800597,200,2,6267
2026/02/03/11:26:36,4013.962343,0.839625,0.809181,0.841938,0.824095,205,1,6267
2026/02/03/11:26:37,4014.962497,0.839625,0.809181,0.841938,0.824095,205,1,6267
2026/02/03/11:26:38,4015.962588,0.817312,0.782543,0.819625,0.797457,200,1,6272
2026/02/03/11:26:39,4016.962683,0.817312,0.782543,0.819625,0.797457,200,1,6272
2026/02/03/11:26:40,4017.962803,0.817312,0.782543,0.819625,0.797457,200,1,6272
2026/02/03/11:26:41,4018.962890,0.817312,0.782543,0.819625,0.797457,200,1,6272
2026/02/03/11:26:42,4019.962969,0.817312,0.782543,0.819625,0.797457,200,1,6272
2026/02/03/11:26:43,4020.963038,0.817312,0.782543,0.819625,0.797457,200,1,6272
2026/02/03/11:26:44,4021.963128,0.817312,0.782543,0.819625,0.797457,200,1,6272
2026/02/03/11:26:45,4022.963234,0.823875,0.790896,0.826187,0.805810,203,1,6272
2026/02/03/11:26:46,4023.963334,0.823875,0.790896,0.826187,0.805810,203,1,6272
2026/02/03/11:26:47,4024.963485,0.823875,0.790896,0.826187,0.805810,203,1,6272
2026/02/03/11:26:48,4025.963558,0.817375,0.779204,0.819688,0.794118,201,1,6274
2026/02/03/11:26:49,4026.963642,0.817375,0.779204,0.819688,0.794118,201,1,6274
2026/02/03/11:26:50,4027.963763,0.817375,0.779204,0.819688,0.794118,201,1,6274
2026/02/03/11:26:51,4028.963895,0.865000,0.807872,0.867313,0.822785,213,1,6274
2026/02/03/11:26:52,4029.964133,0.882656,0.829238,0.884969,0.844152,219,1,6274
2026/02/03/11:26:53,4030.964196,0.854563,0.822589,0.856875,0.837503,215,1,6278
2026/02/03/11:26:54,4031.964258,0.863000,0.840330,0.865313,0.855244,219,1,6278
2026/02/03/11:26:55,4032.964389,0.855406,0.843408,0.857719,0.858322,219,1,6280
2026/02/03/11:26:56,4033.964457,0.846187,0.834814,0.848500,0.849728,217,1,6282
2026/02/03/11:26:57,4034.964552,0.830594,0.806199,0.832906,0.821113,210,1,6289
2026/02/03/11:26:58,4035.964658,0.828031,0.801197,0.830344,0.816111,209,1,6292
2026/02/03/11:26:59,4036.964753,0.826219,0.797319,0.828531,0.812232,208,1,6293
2026/02/03/11:27:00,4037.964789,0.821281,0.782743,0.823594,0.797656,205,1,6296
2026/02/03/11:27:01,4038.964911,0.821281,0.782743,0.823594,0.797656,205,1,6296
2026/02/03/11:27:02,4039.964975,0.821281,0.782743,0.823594,0.797656,205,1,6296
2026/02/03/11:27:03,4040.965074,0.821281,0.782743,0.823594,0.797656,205,1,6296
2026/02/03/11:27:04,4041.965186,0.821281,0.782743,0.823594,0.797656,205,1,6296
2026/02/03/11:27:05,4042.965272,0.816406,0.777637,0.818719,0.792551,202,1,6299
2026/02/03/11:27:06,4043.965353,0.842938,0.816343,0.845250,0.831257,211,1,6302
2026/02/03/11:27:07,4044.965478,0.860500,0.842821,0.874750,0.883414,218,4,6302
2026/02/03/11:27:08,4045.965569,0.873687,0.849103,0.880188,0.870879,220,2,6304
2026/02/03/11:27:09,4046.965657,0.896406,0.857528,0.911188,0.882431,224,3,6304
2026/02/03/11:27:10,4047.965752,0.893281,0.850090,0.903875,0.868129,223,2,6306
2026/02/03/11:27:11,4048.965837,0.878062,0.838770,0.880375,0.853683,219,1,6311
2026/02/03/11:27:12,4049.965943,0.878062,0.838770,0.880375,0.853683,219,1,6311
2026/02/03/11:27:13,4050.966041,0.853125,0.818793,0.855437,0.833706,215,1,6315
2026/02/03/11:27:14,4051.966140,0.850594,0.816927,0.852906,0.831841,214,1,6316
2026/02/03/11:27:15,4052.966240,0.834562,0.807781,0.836875,0.822694,210,1,6320
2026/02/03/11:27:16,4053.966334,0.834562,0.807781,0.836875,0.822694,210,1,6320
2026/02/03/11:27:17,4054.966425,0.834562,0.807781,0.836875,0.822694,210,1,6320
2026/02/03/11:27:18,4055.966535,0.834562,0.807781,0.836875,0.822694,210,1,6320
2026/02/03/11:27:19,4056.966702,0.838250,0.813086,0.840562,0.828000,211,1,6320
2026/02/03/11:27:20,4057.966763,0.838250,0.813086,0.840562,0.828000,211,1,6320
2026/02/03/11:27:21,4058.966838,0.842375,0.816232,0.844688,0.831146,213,1,6320
2026/02/03/11:27:22,4059.966940,0.840750,0.814064,0.843063,0.828977,212,1,6321
2026/02/03/11:27:23,4060.967064,0.840750,0.814064,0.843063,0.828977,212,1,6321
2026/02/03/11:27:24,4061.967147,0.840750,0.814064,0.840750,0.814064,212,0,6321
2026/02/03/11:27:25,4062.967274,0.840750,0.814064,0.840750,0.814064,212,0,6321
2026/02/03/11:27:26,4063.967384,0.840750,0.814064,0.840750,0.814064,212,0,6321
2026/02/03/11:27:27,4064.967478,0.837969,0.811550,0.837969,0.811550,211,0,6322
2026/02/03/11:27:28,4065.967581,0.837969,0.811550,0.837969,0.811550,211,0,6322
2026/02/03/11:27:29,4066.967667,0.837969,0.811550,0.837969,0.811550,211,0,6322
2026/02/03/11:27:30,4067.967757,0.846000,0.821186,0.875344,0.849435,213,8,6324
2026/02/03/11:27:31,4068.967891,0.875344,0.849435,0.875344,0.849435,221,0,6324
2026/02/03/11:27:32,4069.967929,0.862406,0.844627,0.862406,0.844627,218,0,6327
2026/02/03/11:27:33,4070.968040,0.848344,0.821389,0.848344,0.821389,213,0,6332
2026/02/03/11:27:34,4071.968130,0.848344,0.821389,0.848344,0.821389,213,0,6332
2026/02/03/11:27:35,4072.968221,0.841219,0.817500,0.853812,0.823139,210,1,6336
2026/02/03/11:27:36,4073.968321,0.860812,0.844750,0.873406,0.850390,217,1,6336
2026/02/03/11:27:37,4074.968405,0.860812,0.844750,0.873406,0.850390,217,1,6336
2026/02/03/11:27:38,4075.968561,0.849250,0.820078,0.861844,0.825717,213,1,6344
2026/02/03/11:27:39,4076.968606,0.849250,0.820078,0.861844,0.825717,213,1,6344
2026/02/03/11:27:40,4077.968719,0.852812,0.842636,0.854781,0.853176,215,1,6344
2026/02/03/11:27:41,4078.968790,0.846562,0.840526,0.858000,0.859913,214,4,6345
2026/02/03/11:27:42,4079.968922,0.879531,0.872554,0.910531,0.876268,218,2,6350
2026/02/03/11:27:43,4080.968975,0.882750,0.878802,0.913750,0.882516,220,2,6353
2026/02/03/11:27:44,4081.969065,0.902875,0.877616,0.963406,0.901041,223,5,6354
2026/02/03/11:27:45,4082.969220,0.894250,0.899594,0.947844,0.932123,225,5,6358
2026/02/03/11:27:46,4083.969305,0.891656,0.892255,0.929750,0.922927,223,4,6361
2026/02/03/11:27:47,4084.969412,0.883844,0.884840,0.911531,0.911885,220,3,6364
2026/02/03/11:27:48,4085.969486,0.848437,0.859389,0.850375,0.870156,213,1,6371
2026/02/03/11:27:49,4086.969579,0.848437,0.859389,0.850375,0.870156,213,1,6371
2026/02/03/11:27:50,4087.969672,0.848437,0.859389,0.850375,0.870156,213,1,6371
2026/02/03/11:27:51,4088.969811,0.863500,0.865270,0.865906,0.867329,215,1,6375
2026/02/03/11:27:52,4089.969903,0.892563,0.890692,0.911344,0.896702,225,3,6375
2026/02/03/11:27:53,4090.970009,0.898312,0.889019,0.898312,0.889019,225,0,6378
2026/02/03/11:27:54,4091.970094,0.907281,0.891500,0.914250,0.893484,226,1,6381
2026/02/03/11:27:55,4092.970181,0.900656,0.872564,0.900656,0.872564,223,0,6385
2026/02/03/11:27:56,4093.970275,0.916594,0.892558,0.928344,0.932582,229,4,6385
2026/02/03/11:27:57,4094.970372,0.897437,0.878866,0.906438,0.912194,227,3,6388
2026/02/03/11:27:58,4095.970462,0.884938,0.859710,0.893938,0.893039,223,3,6393
2026/02/03/11:27:59,4096.970542,0.876281,0.849791,0.885281,0.883120,218,3,6398
2026/02/03/11:28:00,4097.970608,0.889813,0.876765,0.895813,0.898984,223,2,6402
2026/02/03/11:28:01,4098.970713,0.892375,0.869034,0.894844,0.875301,223,1,6405
2026/02/03/11:28:02,4099.970801,0.873156,0.827338,0.873156,0.827338,217,0,6412
2026/02/03/11:28:03,4100.970880,0.855281,0.812096,0.855281,0.812096,211,0,6418
2026/02/03/11:28:04,4101.971037,0.851219,0.798919,0.851219,0.798919,209,0,6420
2026/02/03/11:28:05,4102.971256,0.881469,0.832383,0.881469,0.832383,218,0,6422
2026/02/03/11:28:06,4103.971287,0.900844,0.861855,0.910656,0.870820,226,2,6423
2026/02/03/11:28:07,4104.971367,0.910563,0.876150,0.917406,0.895684,228,3,6424
2026/02/03/11:28:08,4105.971471,0.890625,0.855419,0.890625,0.855419,219,0,6436
2026/02/03/11:28:09,4106.971551,0.879656,0.835745,0.921562,0.856020,218,7,6439
2026/02/03/11:28:10,4107.971652,0.899375,0.852860,0.921562,0.856020,223,2,6439
2026/02/03/11:28:11,4108.971793,0.899375,0.852860,0.921562,0.856020,223,2,6439
2026/02/03/11:28:12,4109.971901,0.886156,0.841109,0.886156,0.841109,221,0,6441
2026/02/03/11:28:13,4110.971957,0.886156,0.841109,0.886156,0.841109,221,0,6441
2026/02/03/11:28:14,4111.972037,0.878563,0.835465,0.878563,0.835465,218,0,6444
2026/02/03/11:28:15,4112.972161,0.871281,0.826178,0.871281,0.826178,215,0,6447
2026/02/03/11:28:16,4113.972258,0.869625,0.824386,0.869625,0.824386,214,0,6448
2026/02/03/11:28:17,4114.972353,0.869625,0.824386,0.869625,0.824386,214,0,6448
2026/02/03/11:28:18,4115.972518,0.869625,0.824386,0.869625,0.824386,214,0,6448
2026/02/03/11:28:19,4116.972665,0.869625,0.824386,0.869625,0.824386,214,0,6448
2026/02/03/11:28:20,4117.972759,0.862062,0.817146,0.862062,0.817146,213,0,6449
2026/02/03/11:28:21,4118.972862,0.862062,0.817146,0.862062,0.817146,213,0,6449
2026/02/03/11:28:22,4119.972953,0.862062,0.817146,0.862062,0.817146,213,0,6449
2026/02/03/11:28:23,4120.973082,0.858906,0.815287,0.858906,0.815287,212,0,6450
2026/02/03/11:28:24,4121.973184,0.845156,0.803777,0.845156,0.803777,211,0,6456
2026/02/03/11:28:25,4122.973267,0.843469,0.801373,0.843469,0.801373,210,0,6457
2026/02/03/11:28:26,4123.973352,0.841063,0.799314,0.841063,0.799314,209,0,6458
2026/02/03/11:28:27,4124.973504,0.863812,0.805752,0.863812,0.805752,213,0,6458
2026/02/03/11:28:28,4125.973571,0.863812,0.805752,0.863812,0.805752,213,0,6458
2026/02/03/11:28:29,4126.973691,0.875125,0.826987,0.875125,0.826987,217,0,6458
2026/02/03/11:28:30,4127.973760,0.856313,0.823807,0.857969,0.834239,215,1,6462
2026/02/03/11:28:31,4128.973863,0.859969,0.837214,0.859969,0.837214,217,0,6462
2026/02/03/11:28:32,4129.973963,0.854531,0.829845,0.854531,0.829845,214,0,6465
2026/02/03/11:28:33,4130.974068,0.848938,0.816155,0.848938,0.816155,211,0,6468
2026/02/03/11:28:34,4131.974168,0.843125,0.806118,0.843125,0.806118,209,0,6470
2026/02/03/11:28:35,4132.974239,0.843125,0.806118,0.843125,0.806118,209,0,6470
2026/02/03/11:28:36,4133.974343,0.843125,0.806118,0.843125,0.806118,209,0,6470
2026/02/03/11:28:37,4134.974442,0.843125,0.806118,0.843125,0.806118,209,0,6470
2026/02/03/11:28:38,4135.974514,0.843125,0.806118,0.843125,0.806118,209,0,6470
2026/02/03/11:28:39,4136.974601,0.866906,0.846751,0.889969,0.888866,216,3,6473
2026/02/03/11:28:40,4137.974731,0.877031,0.858174,0.900094,0.900289,222,3,6473
2026/02/03/11:28:41,4138.974819,0.877031,0.858174,0.900094,0.900289,222,3,6473
2026/02/03/11:28:42,4139.974937,0.860250,0.830791,0.860250,0.830791,217,0,6479
2026/02/03/11:28:43,4140.975003,0.888687,0.854973,0.942406,0.893705,222,7,6480
2026/02/03/11:28:44,4141.975118,0.893094,0.864160,0.939594,0.892099,223,5,6481
2026/02/03/11:28:45,4142.975209,0.893375,0.859476,0.929250,0.878491,221,3,6485
2026/02/03/11:28:46,4143.975309,0.889719,0.857398,0.925594,0.876413,220,3,6486
2026/02/03/11:28:47,4144.975394,0.887375,0.855436,0.923250,0.874451,219,3,6487
2026/02/03/11:28:48,4145.975507,0.863250,0.839906,0.876437,0.849983,214,1,6492
2026/02/03/11:28:49,4146.975614,0.882906,0.842036,0.896094,0.852112,215,1,6493
2026/02/03/11:28:50,4147.975713,0.892156,0.856181,0.928375,0.878287,220,6,6493
2026/02/03/11:28:51,4148.975810,0.911438,0.875859,0.956219,0.900852,226,5,6495
2026/02/03/11:28:52,4149.975940,0.901969,0.882702,0.915156,0.892778,228,1,6497
2026/02/03/11:28:53,4150.976010,0.895250,0.853908,0.908438,0.863984,224,1,6501
2026/02/03/11:28:54,4151.976094,0.900281,0.860164,0.913469,0.870240,227,1,6503
2026/02/03/11:28:55,4152.976218,0.897094,0.856428,0.910281,0.866504,225,1,6505
2026/02/03/11:28:56,4153.976355,0.885969,0.846845,0.899156,0.856921,221,1,6509
2026/02/03/11:28:57,4154.976463,0.885969,0.846845,0.899156,0.856921,221,1,6509
2026/02/03/11:28:58,4155.976561,0.888219,0.849267,0.937969,0.877634,222,4,6509
2026/02/03/11:28:59,4156.976652,0.872281,0.835881,0.922031,0.864247,219,4,6512
2026/02/03/11:29:00,4157.976752,0.891031,0.862046,0.940781,0.890413,226,4,6512
2026/02/03/11:29:01,4158.976863,0.891031,0.862046,0.940781,0.890413,226,4,6512
2026/02/03/11:29:02,4159.976966,0.891031,0.862046,0.904219,0.872122,226,1,6512
2026/02/03/11:29:03,4160.977060,0.891031,0.862046,0.891031,0.862046,226,0,6512
2026/02/03/11:29:04,4161.977386,0.887656,0.857822,0.887656,0.857822,224,0,6514
2026/02/03/11:29:05,4162.977323,0.887656,0.857822,0.887656,0.857822,224,0,6514
2026/02/03/11:29:06,4163.977396,0.886469,0.854701,0.895531,0.859237,222,2,6517
2026/02/03/11:29:07,4164.977484,0.886625,0.854546,0.886625,0.854546,222,0,6519
2026/02/03/11:29:08,4165.977604,0.884938,0.852092,0.884938,0.852092,221,0,6520
2026/02/03/11:29:09,4166.977685,0.881625,0.847191,0.881625,0.847191,219,0,6522
2026/02/03/11:29:10,4167.977776,0.871094,0.839495,0.871094,0.839495,216,0,6525
2026/02/03/11:29:11,4168.977857,0.867531,0.837000,0.867531,0.837000,215,0,6526
2026/02/03/11:29:12,4169.977963,0.858938,0.830530,0.858938,0.830530,213,0,6528
2026/02/03/11:29:13,4170.978064,0.858938,0.830530,0.858938,0.830530,213,0,6528
2026/02/03/11:29:14,4171.978158,0.858938,0.830530,0.858938,0.830530,213,0,6528
2026/02/03/11:29:15,4172.978223,0.851875,0.820139,0.851875,0.820139,212,0,6529
2026/02/03/11:29:16,4173.978329,0.851875,0.820139,0.851875,0.820139,212,0,6529
2026/02/03/11:29:17,4174.978415,0.851875,0.820139,0.851875,0.820139,212,0,6529
2026/02/03/11:29:18,4175.978594,0.848187,0.804477,0.848187,0.804477,210,0,6531
2026/02/03/11:29:19,4176.978742,0.848187,0.804477,0.848187,0.804477,210,0,6531
2026/02/03/11:29:20,4177.978813,0.871344,0.811544,0.871344,0.811544,213,0,6531
2026/02/03/11:29:21,4178.978943,0.898719,0.833312,0.898719,0.833312,223,0,6531
2026/02/03/11:29:22,4179.979042,0.898719,0.833312,0.898719,0.833312,223,0,6531
2026/02/03/11:29:23,4180.979123,0.893312,0.827958,0.893312,0.827958,221,0,6533
2026/02/03/11:29:24,4181.979225,0.868000,0.822125,0.868000,0.822125,218,0,6536
2026/02/03/11:29:25,4182.979306,0.860938,0.817392,0.860938,0.817392,216,0,6538
2026/02/03/11:29:26,4183.979441,0.874344,0.830643,0.874344,0.830643,219,0,6540
2026/02/03/11:29:27,4184.979484,0.874344,0.830643,0.874344,0.830643,219,0,6540
2026/02/03/11:29:28,4185.979576,0.872437,0.828975,0.872437,0.828975,218,0,6541
2026/02/03/11:29:29,4186.979678,0.869437,0.833085,0.875656,0.856854,216,2,6547
2026/02/03/11:29:30,4187.979757,0.869437,0.833085,0.875656,0.856854,216,2,6547
2026/02/03/11:29:31,4188.979856,0.895250,0.886037,0.899687,0.904328,225,2,6548
2026/02/03/11:29:32,4189.979950,0.890594,0.865517,0.890594,0.865517,223,0,6551
2026/02/03/11:29:33,4190.980056,0.896375,0.863873,0.896375,0.863873,224,0,6552
2026/02/03/11:29:34,4191.980152,0.896375,0.863873,0.896375,0.863873,224,0,6552
2026/02/03/11:29:35,4192.980243,0.896375,0.863873,0.896375,0.863873,224,0,6552
2026/02/03/11:29:36,4193.980304,0.896375,0.863873,0.896375,0.863873,224,0,6552
2026/02/03/11:29:37,4194.980394,0.888969,0.848811,0.888969,0.848811,222,0,6557
2026/02/03/11:29:38,4195.980981,0.888969,0.848811,0.888969,0.848811,222,0,6557
2026/02/03/11:29:39,4196.981144,0.894875,0.857904,0.894875,0.857904,223,0,6558
2026/02/03/11:29:40,4197.981229,0.912156,0.867282,0.926656,0.880987,228,4,6558
2026/02/03/11:29:41,4198.981331,0.908094,0.862684,0.913594,0.864902,227,1,6562
2026/02/03/11:29:42,4199.981428,0.910563,0.873446,0.943469,0.910223,228,5,6562
2026/02/03/11:29:43,4200.981510,0.920781,0.890566,0.991219,0.959475,233,9,6562
2026/02/03/11:29:44,4201.981615,0.910062,0.884778,0.970875,0.947685,230,7,6566
2026/02/03/11:29:45,4202.981698,0.908500,0.881596,0.969313,0.944503,229,7,6567
2026/02/03/11:29:46,4203.981811,0.910156,0.883766,0.970969,0.946674,230,7,6567
2026/02/03/11:29:47,4204.981906,0.902656,0.878175,0.963469,0.941082,227,7,6570
2026/02/03/11:29:48,4205.981972,0.896563,0.864554,0.957375,0.927461,224,7,6573
2026/02/03/11:29:49,4206.982073,0.895813,0.857309,0.956625,0.920216,223,7,6575
2026/02/03/11:29:50,4207.982171,0.891687,0.853810,0.952500,0.916717,221,7,6577
2026/02/03/11:29:51,4208.982324,0.878031,0.845587,0.936375,0.897731,215,6,6584
2026/02/03/11:29:52,4209.982411,0.870281,0.844004,0.928625,0.896148,214,6,6585
2026/02/03/11:29:53,4210.982492,0.865344,0.822479,0.923687,0.874623,212,6,6587
2026/02/03/11:29:54,4211.982593,0.865344,0.822479,0.923687,0.874623,212,6,6587
2026/02/03/11:29:55,4212.982750,0.865344,0.822479,0.923687,0.874623,212,6,6587
2026/02/03/11:29:56,4213.982927,0.865344,0.822479,0.923687,0.874623,212,6,6587
2026/02/03/11:29:57,4214.982994,0.865344,0.822479,0.923687,0.874623,212,6,6587
2026/02/03/11:29:58,4215.983140,0.865344,0.822479,0.923687,0.874623,212,6,6587
2026/02/03/11:29:59,4216.983224,0.865344,0.822479,0.923687,0.874623,212,6,6587
2026/02/03/11:30:00,4217.983346,0.877094,0.848820,0.927469,0.887643,218,5,6587
2026/02/03/11:30:01,4218.983424,0.877094,0.848820,0.927469,0.887643,218,5,6587
2026/02/03/11:30:02,4219.983493,0.900344,0.843208,0.976719,0.900290,219,7,6592
2026/02/03/11:30:03,4220.983568,0.898687,0.841038,0.975063,0.898119,218,7,6593
2026/02/03/11:30:04,4221.983649,0.893875,0.833959,0.970250,0.891040,216,7,6595
2026/02/03/11:30:05,4222.983729,0.896656,0.830429,0.985531,0.892419,217,9,6597
2026/02/03/11:30:06,4223.983819,0.887125,0.829467,0.937500,0.868290,216,5,6600
2026/02/03/11:30:07,4224.983907,0.874625,0.824559,0.925000,0.863382,214,5,6602
2026/02/03/11:30:08,4225.984013,0.871844,0.822408,0.913906,0.853299,210,4,6607
2026/02/03/11:30:09,4226.984067,0.871844,0.822408,0.888469,0.838272,210,2,6607
2026/02/03/11:30:10,4227.984189,0.871844,0.822408,0.888469,0.838272,210,2,6607
2026/02/03/11:30:11,4228.984280,0.878156,0.841734,0.894781,0.857598,213,2,6608
2026/02/03/11:30:12,4229.984368,0.901219,0.858383,0.939406,0.878398,220,4,6608
2026/02/03/11:30:13,4230.984476,0.901219,0.858383,0.939406,0.878398,220,4,6608
2026/02/03/11:30:14,4231.984614,0.890437,0.856307,0.907062,0.872171,219,2,6609
2026/02/03/11:30:15,4232.984725,0.890437,0.856307,0.907062,0.872171,219,2,6609
2026/02/03/11:30:16,4233.984808,0.893719,0.858261,0.910344,0.874125,220,2,6610
2026/02/03/11:30:17,4234.984901,0.893719,0.858261,0.910344,0.874125,220,2,6610
2026/02/03/11:30:18,4235.985031,0.893719,0.858261,0.910344,0.874125,220,2,6610
2026/02/03/11:30:19,4236.985253,0.893719,0.858261,0.910344,0.874125,220,2,6610
2026/02/03/11:30:20,4237.985263,0.893719,0.858261,0.910344,0.874125,220,2,6610
2026/02/03/11:30:21,4238.985418,0.893719,0.858261,0.910344,0.874125,220,2,6610
2026/02/03/11:30:22,4239.985526,0.893719,0.858261,0.910344,0.874125,220,2,6610
2026/02/03/11:30:23,4240.985618,0.888594,0.854517,0.905219,0.870380,218,2,6612
2026/02/03/11:30:24,4241.985705,0.868062,0.836219,0.884687,0.852083,212,2,6618
2026/02/03/11:30:25,4242.985858,0.868062,0.836219,0.884687,0.852083,212,2,6618
2026/02/03/11:30:26,4243.986006,0.875531,0.843648,0.892156,0.859511,215,2,6618
2026/02/03/11:30:27,4244.986085,0.875531,0.843648,0.892156,0.859511,215,2,6618
2026/02/03/11:30:28,4245.986251,0.899125,0.859488,0.931344,0.879258,220,4,6620
2026/02/03/11:30:29,4246.986353,0.917687,0.870047,0.952094,0.892428,226,5,6621
2026/02/03/11:30:30,4247.986440,0.903906,0.856971,0.944312,0.891157,225,6,6627
2026/02/03/11:30:31,4248.986542,0.898125,0.848312,0.914750,0.864176,221,2,6633
2026/02/03/11:30:32,4249.986639,0.883687,0.847620,0.900312,0.863483,219,2,6637
2026/02/03/11:30:33,4250.986724,0.883687,0.847620,0.900312,0.863483,219,2,6637
2026/02/03/11:30:34,4251.986790,0.883094,0.840286,0.891406,0.848217,217,1,6640
2026/02/03/11:30:35,4252.986962,0.879719,0.837068,0.888031,0.844999,215,1,6642
2026/02/03/11:30:36,4253.987054,0.879719,0.837068,0.892594,0.855275,215,3,6642
2026/02/03/11:30:37,4254.987130,0.908719,0.881463,0.929219,0.905566,227,3,6642
2026/02/03/11:30:38,4255.987236,0.921500,0.902779,0.952531,0.941552,234,6,6642
2026/02/03/11:30:39,4256.987304,0.925125,0.913399,0.998750,0.995288,237,10,6648
2026/02/03/11:30:40,4257.987411,0.923125,0.909001,0.989688,0.962719,237,9,6652
2026/02/03/11:30:41,4258.987503,0.923906,0.909857,0.990469,0.963576,238,9,6653
2026/02/03/11:30:42,4259.987592,0.930344,0.904991,0.998531,0.970729,237,10,6658
2026/02/03/11:30:43,4260.987723,0.914937,0.883931,0.967562,0.949456,229,10,6667
2026/02/03/11:30:44,4261.987795,0.907937,0.882226,0.953562,0.946047,228,9,6668
2026/02/03/11:30:45,4262.987933,0.898656,0.869955,0.937312,0.931771,224,8,6672
2026/02/03/11:30:46,4263.988023,0.898656,0.869955,0.937312,0.931771,224,8,6672
2026/02/03/11:30:47,4264.988101,0.898656,0.869955,0.937312,0.931771,224,8,6672
2026/02/03/11:30:48,4265.988206,0.898656,0.869955,0.937312,0.931771,224,8,6672
2026/02/03/11:30:49,4266.988357,0.902937,0.874630,0.931969,0.927029,223,6,6675
2026/02/03/11:30:50,4267.988459,0.898813,0.875357,0.926219,0.915736,221,5,6678
2026/02/03/11:30:51,4268.988551,0.898813,0.875357,0.926219,0.915736,221,5,6678
2026/02/03/11:30:52,4269.988676,0.898813,0.875357,0.926219,0.915736,221,5,6678
2026/02/03/11:30:53,4270.988768,0.898813,0.875357,0.926219,0.915736,221,5,6678
2026/02/03/11:30:54,4271.988861,0.913125,0.894024,0.943469,0.937010,227,6,6678
2026/02/03/11:30:55,4272.988961,0.927781,0.906263,0.955187,0.946643,231,5,6678
2026/02/03/11:30:56,4273.989045,0.924469,0.902148,0.949063,0.930712,229,4,6680
2026/02/03/11:30:57,4274.989269,0.921531,0.899541,0.946125,0.928105,228,4,6681
2026/02/03/11:30:58,4275.989302,0.913000,0.895754,0.937594,0.924319,227,4,6684
2026/02/03/11:30:59,4276.989386,0.921750,0.900622,0.946344,0.929186,230,4,6684
2026/02/03/11:31:00,4277.989454,0.921750,0.900622,0.946344,0.929186,230,4,6684
2026/02/03/11:31:01,4278.989547,0.916063,0.897321,0.928469,0.909714,228,2,6686
2026/02/03/11:31:02,4279.989711,0.907469,0.890798,0.915781,0.898730,226,1,6689
2026/02/03/11:31:03,4280.989809,0.902312,0.885413,0.910625,0.893345,223,1,6692
2026/02/03/11:31:04,4281.989923,0.906188,0.893484,0.914500,0.901416,225,1,6692
2026/02/03/11:31:05,4282.990031,0.906188,0.893484,0.914500,0.901416,225,1,6692
2026/02/03/11:31:06,4283.990119,0.917156,0.900219,0.925469,0.908150,229,1,6692
2026/02/03/11:31:07,4284.990207,0.923625,0.906157,0.978875,0.925947,232,5,6692
2026/02/03/11:31:08,4285.990302,0.930531,0.912411,1.016594,0.977679,235,11,6692
2026/02/03/11:31:09,4286.990392,0.940438,0.922722,1.037844,0.994699,238,14,6695
2026/02/03/11:31:10,4287.990494,0.940688,0.922225,1.033031,0.990401,238,12,6698
2026/02/03/11:31:11,4288.990602,0.937500,0.917585,1.029844,0.985761,236,12,6700
2026/02/03/11:31:12,4289.990690,0.939656,0.911911,1.022063,0.965759,236,9,6703
2026/02/03/11:31:13,4290.990787,0.934937,0.910758,1.009125,0.954238,235,7,6705
2026/02/03/11:31:14,4291.990855,0.931969,0.908913,1.006156,0.952393,234,7,6706
2026/02/03/11:31:15,4292.990966,0.927781,0.905001,1.001969,0.948482,232,7,6708
2026/02/03/11:31:16,4293.991059,0.925875,0.902628,1.000063,0.946108,231,7,6709
2026/02/03/11:31:17,4294.991133,0.920250,0.892140,0.994437,0.935621,229,7,6711
2026/02/03/11:31:18,4295.991233,0.920250,0.892140,0.994437,0.935621,229,7,6711
2026/02/03/11:31:19,4296.991313,0.922063,0.895235,1.017625,0.968369,230,10,6711
2026/02/03/11:31:20,4297.991411,0.941719,0.923003,1.050469,1.004884,238,14,6711
2026/02/03/11:31:21,4298.991522,0.941719,0.923003,1.050469,1.004884,238,14,6711
2026/02/03/11:31:22,4299.991615,0.944000,0.924882,1.061063,1.011086,239,16,6711
2026/02/03/11:31:23,4300.991707,0.942438,0.927498,1.064312,1.038230,240,17,6713
2026/02/03/11:31:24,4301.991809,0.935469,0.896221,1.029406,0.961938,234,12,6722
2026/02/03/11:31:25,4302.991927,0.936937,0.889851,1.017375,0.934835,234,8,6725
2026/02/03/11:31:26,4303.993054,0.957156,0.904126,1.059000,0.999107,242,16,6727
2026/02/03/11:31:27,4304.993142,0.957156,0.904126,1.058656,1.006401,242,18,6727
2026/02/03/11:31:28,4305.993226,0.956344,0.905143,1.048469,0.992964,242,14,6730
2026/02/03/11:31:29,4306.993311,0.953906,0.903169,1.059719,0.997974,242,17,6732
2026/02/03/11:31:30,4307.993401,0.953594,0.907509,1.072094,1.010994,243,19,6735
2026/02/03/11:31:31,4308.993531,0.957156,0.912212,1.077438,1.018047,245,20,6735
2026/02/03/11:31:32,4309.993721,0.956875,0.907097,1.085719,1.013273,245,20,6738
2026/02/03/11:31:33,4310.993717,0.955187,0.904763,1.077750,1.007720,244,19,6739
2026/02/03/11:31:34,4311.993815,0.951812,0.899293,1.051000,0.987935,241,14,6745
2026/02/03/11:31:35,4312.993924,0.948187,0.895709,1.047375,0.984350,239,14,6747
2026/02/03/11:31:36,4313.994025,0.942844,0.888655,1.042031,0.977297,236,14,6750
2026/02/03/11:31:37,4314.994117,0.938781,0.893799,1.034906,0.970304,235,13,6752
2026/02/03/11:31:38,4315.994224,0.935562,0.887940,0.999969,0.922925,235,6,6755
2026/02/03/11:31:39,4316.994304,0.935562,0.887940,0.999969,0.922925,235,6,6755
2026/02/03/11:31:40,4317.994387,0.931500,0.885983,0.995906,0.920967,234,6,6756
2026/02/03/11:31:41,4318.994485,0.943625,0.901375,1.016938,0.938085,240,7,6758
2026/02/03/11:31:42,4319.994576,0.941875,0.911194,1.028719,0.966593,241,10,6762
2026/02/03/11:31:43,4320.994662,0.954063,0.919160,1.072906,0.985543,245,13,6762
2026/02/03/11:31:44,4321.994743,0.947875,0.922939,1.055656,0.977361,243,11,6765
2026/02/03/11:31:45,4322.994847,0.946156,0.920598,1.017500,0.932592,242,6,6766
2026/02/03/11:31:46,4323.995001,0.929781,0.911117,1.001125,0.923111,238,6,6770
2026/02/03/11:31:47,4324.995098,0.944344,0.912052,0.996812,0.919604,238,4,6772
2026/02/03/11:31:48,4325.995162,0.953156,0.931824,1.017313,0.956532,242,8,6774
2026/02/03/11:31:49,4326.995248,0.953156,0.931824,1.036188,0.959886,242,10,6774
2026/02/03/11:31:50,4327.995352,0.953156,0.931824,1.036188,0.959886,242,10,6774
2026/02/03/11:31:51,4328.995506,0.948844,0.928615,1.031875,0.956677,240,10,6776
2026/02/03/11:31:52,4329.995612,0.948844,0.928615,1.013000,0.953323,240,8,6776
2026/02/03/11:31:53,4330.995760,0.948844,0.928615,1.013000,0.953323,240,8,6776
2026/02/03/11:31:54,4331.995847,0.930531,0.930646,0.976375,0.942338,239,4,6780
2026/02/03/11:31:55,4332.995948,0.930531,0.930646,0.976375,0.942338,239,4,6780
2026/02/03/11:31:56,4333.996035,0.926781,0.925440,0.972625,0.937132,237,4,6782
2026/02/03/11:31:57,4334.996136,0.926781,0.925440,0.972625,0.937132,237,4,6782
2026/02/03/11:31:58,4335.996283,0.921719,0.916745,0.967562,0.928437,234,4,6785
2026/02/03/11:31:59,4336.996353,0.921719,0.916745,0.967562,0.928437,234,4,6785
2026/02/03/11:32:00,4337.996455,0.921719,0.916745,0.967562,0.928437,234,4,6785
2026/02/03/11:32:01,4338.996552,0.918594,0.913063,0.964437,0.924755,232,4,6787
2026/02/03/11:32:02,4339.996623,0.918594,0.913063,0.964437,0.924755,232,4,6787
2026/02/03/11:32:03,4340.996821,0.932969,0.918085,0.979250,0.938473,236,5,6789
2026/02/03/11:32:04,4341.996885,0.932969,0.918085,0.979250,0.938473,236,5,6789
2026/02/03/11:32:05,4342.997003,0.932844,0.917291,0.977500,0.930151,236,4,6790
2026/02/03/11:32:06,4343.997110,0.925094,0.910847,0.969750,0.923707,234,4,6792
2026/02/03/11:32:07,4344.997200,0.920031,0.905504,0.963063,0.910835,231,3,6796
2026/02/03/11:32:08,4345.997265,0.920031,0.905504,0.963063,0.910835,231,3,6796
2026/02/03/11:32:09,4346.997391,0.916781,0.890447,0.959812,0.895778,229,3,6798
2026/02/03/11:32:10,4347.997507,0.913219,0.888652,0.956250,0.893983,228,3,6799
2026/02/03/11:32:11,4348.997653,0.908219,0.885214,0.951250,0.890544,226,3,6801
2026/02/03/11:32:12,4349.997746,0.908219,0.885214,0.951250,0.890544,226,3,6801
2026/02/03/11:32:13,4350.997923,0.908219,0.885214,0.951250,0.890544,226,3,6801
2026/02/03/11:32:14,4351.998018,0.908219,0.885214,0.951250,0.890544,226,3,6801
2026/02/03/11:32:15,4352.998106,0.908219,0.885214,0.951250,0.890544,226,3,6801
2026/02/03/11:32:16,4353.998214,0.925719,0.902446,0.974875,0.912666,231,4,6801
2026/02/03/11:32:17,4354.998288,0.925719,0.902446,0.974875,0.912666,231,4,6801
2026/02/03/11:32:18,4355.998384,0.921750,0.920177,1.020594,0.989052,231,9,6805
2026/02/03/11:32:19,4356.998498,0.916500,0.912724,1.015344,0.981600,228,9,6808
2026/02/03/11:32:20,4357.998621,0.914687,0.906991,1.013531,0.975866,227,9,6809
2026/02/03/11:32:21,4358.998698,0.914687,0.906991,1.013531,0.975866,227,9,6809
2026/02/03/11:32:22,4359.998804,0.912250,0.905395,1.011094,0.974270,226,9,6810
2026/02/03/11:32:23,4360.998911,0.901750,0.893107,1.000594,0.961982,223,9,6813
2026/02/03/11:32:24,4361.998947,0.900188,0.897919,0.999031,0.966794,222,9,6815
2026/02/03/11:32:25,4362.999066,0.900469,0.898974,0.967531,0.939411,222,6,6816
2026/02/03/11:32:26,4363.999138,0.892156,0.903529,0.935187,0.908860,222,3,6817
2026/02/03/11:32:27,4364.999242,0.892156,0.903529,0.935187,0.908860,222,3,6817
2026/02/03/11:32:28,4365.999391,0.889687,0.888791,0.932719,0.894122,221,3,6818
2026/02/03/11:32:29,4366.999477,0.887219,0.874052,0.930250,0.879383,220,3,6819
2026/02/03/11:32:30,4367.999575,0.885344,0.863971,0.928375,0.869302,219,3,6820
2026/02/03/11:32:31,4368.999723,0.885344,0.863971,0.928375,0.869302,219,3,6820
2026/02/03/11:32:32,4369.999820,0.885344,0.863971,0.928375,0.869302,219,3,6820
2026/02/03/11:32:33,4370.999915,0.920969,0.884793,0.975969,0.892389,227,4,6822
2026/02/03/11:32:34,4372.000072,0.933531,0.895972,0.998406,0.910422,231,6,6824
2026/02/03/11:32:35,4373.000179,0.933406,0.882128,1.012656,0.911522,230,9,6826
2026/02/03/11:32:36,4374.000253,0.934813,0.882066,0.999687,0.896516,228,6,6831
2026/02/03/11:32:37,4375.000348,0.934250,0.880744,0.977281,0.886075,227,3,6834
2026/02/03/11:32:38,4376.000440,0.936000,0.880801,0.979031,0.886132,227,3,6835
2026/02/03/11:32:39,4377.000511,0.925375,0.877360,0.968406,0.882691,225,3,6837
2026/02/03/11:32:40,4378.000680,0.910563,0.867080,0.953594,0.872411,222,3,6840
2026/02/03/11:32:41,4379.000758,0.910563,0.867080,0.953594,0.872411,222,3,6840
2026/02/03/11:32:42,4380.000854,0.910563,0.867080,0.953594,0.872411,222,3,6840
2026/02/03/11:32:43,4381.000974,0.908969,0.865273,0.952000,0.870604,221,3,6841
2026/02/03/11:32:44,4382.001060,0.884312,0.843647,0.927344,0.848978,215,3,6847
2026/02/03/11:32:45,4383.001197,0.884312,0.843647,0.927344,0.848978,215,3,6847
2026/02/03/11:32:46,4384.001272,0.880563,0.832144,0.923594,0.837475,214,3,6848
2026/02/03/11:32:47,4385.001381,0.877000,0.830124,0.920031,0.835454,213,3,6849
2026/02/03/11:32:48,4386.001490,0.902125,0.865232,0.959844,0.872135,221,4,6849
2026/02/03/11:32:49,4387.001624,0.897531,0.863491,0.955250,0.870394,220,4,6850
2026/02/03/11:32:50,4388.001715,0.894375,0.861553,0.952094,0.868457,219,4,6851
2026/02/03/11:32:51,4389.001823,0.885250,0.835764,0.928281,0.841095,215,3,6855
2026/02/03/11:32:52,4390.001934,0.885250,0.835764,0.928281,0.841095,215,3,6855
2026/02/03/11:32:53,4391.002006,0.885250,0.835764,0.928281,0.841095,215,3,6855
2026/02/03/11:32:54,4392.002081,0.885250,0.835764,0.928281,0.841095,215,3,6855
2026/02/03/11:32:55,4393.002192,0.885250,0.835764,0.928281,0.841095,215,3,6855
2026/02/03/11:32:56,4394.002282,0.885250,0.835764,0.928281,0.841095,215,3,6855
2026/02/03/11:32:57,4395.002383,0.872406,0.828382,0.915438,0.833713,212,3,6858
2026/02/03/11:32:58,4396.002527,0.872406,0.828382,0.915438,0.833713,212,3,6858
2026/02/03/11:32:59,4397.002621,0.898969,0.857657,0.949781,0.868330,219,4,6858
2026/02/03/11:33:00,4398.002749,0.923031,0.882853,0.973844,0.893526,227,4,6858
2026/02/03/11:33:01,4399.002859,0.933187,0.892900,0.984000,0.903573,232,4,6858
2026/02/03/11:33:02,4400.002958,0.930281,0.904389,0.973313,0.909719,237,3,6862
2026/02/03/11:33:03,4401.003035,0.923375,0.892015,0.966406,0.897346,233,3,6866
2026/02/03/11:33:04,4402.003113,0.905906,0.886259,0.972375,0.903823,226,6,6879
2026/02/03/11:33:05,4403.003279,0.925937,0.887529,1.033156,0.909322,230,9,6881
2026/02/03/11:33:06,4404.003427,0.917375,0.877354,1.024594,0.899147,226,9,6886
2026/02/03/11:33:07,4405.003520,0.908094,0.871710,0.927219,0.875146,223,2,6889
2026/02/03/11:33:08,4406.003591,0.906156,0.868895,0.925281,0.872331,222,2,6890
2026/02/03/11:33:09,4407.003729,0.903375,0.865354,0.922500,0.868790,221,2,6891
2026/02/03/11:33:10,4408.003798,0.897031,0.845089,0.906594,0.846807,218,1,6895
2026/02/03/11:33:11,4409.003902,0.899406,0.830082,0.899406,0.830082,216,0,6898
2026/02/03/11:33:12,4410.003949,0.894969,0.825699,0.894969,0.825699,214,0,6900
2026/02/03/11:33:13,4411.004056,0.887000,0.820724,0.887000,0.820724,211,0,6903
2026/02/03/11:33:14,4412.004193,0.887000,0.820724,0.887000,0.820724,211,0,6903
2026/02/03/11:33:15,4413.004279,0.874406,0.841265,0.912375,0.869976,214,3,6907
2026/02/03/11:33:16,4414.004422,0.889500,0.863348,0.956750,0.910701,220,7,6907
2026/02/03/11:33:17,4415.004581,0.895000,0.867610,0.962250,0.914963,222,7,6907
2026/02/03/11:33:18,4416.004695,0.907000,0.886023,0.952531,0.896498,225,5,6911
2026/02/03/11:33:19,4417.004776,0.903750,0.880348,0.914656,0.893211,223,2,6914
2026/02/03/11:33:20,4418.004841,0.885500,0.876791,0.887281,0.887877,221,1,6916
2026/02/03/11:33:21,4419.004988,0.871219,0.860317,0.873000,0.871402,215,1,6922
2026/02/03/11:33:22,4420.005093,0.869437,0.849232,0.869437,0.849232,214,0,6923
2026/02/03/11:33:23,4421.005238,0.869437,0.849232,0.869437,0.849232,214,0,6923
2026/02/03/11:33:24,4422.005342,0.864375,0.845955,0.864375,0.845955,212,0,6925
2026/02/03/11:33:25,4423.005431,0.862531,0.841474,0.862531,0.841474,211,0,6926
2026/02/03/11:33:26,4424.005507,0.862531,0.841474,0.862531,0.841474,211,0,6926
2026/02/03/11:33:27,4425.005605,0.862531,0.841474,0.862531,0.841474,211,0,6926
2026/02/03/11:33:28,4426.005692,0.862531,0.841474,0.862531,0.841474,211,0,6926
2026/02/03/11:33:29,4427.005770,0.862531,0.841474,0.862531,0.841474,211,0,6926
2026/02/03/11:33:30,4428.005844,0.862531,0.841474,0.862531,0.841474,211,0,6926
2026/02/03/11:33:31,4429.005955,0.862531,0.841474,0.862531,0.841474,211,0,6926
2026/02/03/11:33:32,4430.006071,0.868156,0.847642,0.897531,0.877343,214,2,6926
2026/02/03/11:33:33,4431.006331,0.889750,0.870656,0.949875,0.906412,222,5,6926
2026/02/03/11:33:34,4432.006437,0.903031,0.895906,1.006844,0.958622,228,10,6926
2026/02/03/11:33:35,4433.006546,0.907656,0.902397,1.011469,0.965112,230,10,6926
2026/02/03/11:33:36,4434.006633,0.894844,0.872990,0.969281,0.906005,224,8,6932
2026/02/03/11:33:37,4435.006795,0.890594,0.860205,0.965031,0.893220,222,8,6934
2026/02/03/11:33:38,4436.006909,0.888281,0.855280,0.962719,0.888294,221,8,6935
2026/02/03/11:33:39,4437.007004,0.885625,0.852791,0.929312,0.879751,220,5,6936
2026/02/03/11:33:40,4438.007109,0.885625,0.852791,0.929312,0.879751,220,5,6936
2026/02/03/11:33:41,4439.007207,0.885000,0.853965,0.922438,0.873190,219,4,6938
2026/02/03/11:33:42,4440.007301,0.885000,0.853965,0.922438,0.873190,219,4,6938
2026/02/03/11:33:43,4441.007385,0.878125,0.849884,0.915562,0.869109,217,4,6940
2026/02/03/11:33:44,4442.007479,0.879188,0.846652,0.910375,0.858141,216,3,6942
2026/02/03/11:33:45,4443.007572,0.874313,0.834651,0.899250,0.838405,213,2,6946
2026/02/03/11:33:46,4444.007646,0.893500,0.871833,0.899219,0.880514,222,1,6947
2026/02/03/11:33:47,4445.007777,0.900937,0.883034,0.906656,0.891715,224,1,6947
2026/02/03/11:33:48,4446.007863,0.885719,0.860829,0.885719,0.860829,221,0,6951
2026/02/03/11:33:49,4447.007963,0.897312,0.854119,0.929656,0.862312,221,3,6954
2026/02/03/11:33:50,4448.008116,0.891687,0.847950,0.924031,0.856144,218,3,6957
2026/02/03/11:33:51,4449.008209,0.890031,0.845738,0.922375,0.853931,217,3,6958
2026/02/03/11:33:52,4450.008302,0.879844,0.841016,0.912188,0.849209,215,3,6960
2026/02/03/11:33:53,4451.008394,0.879844,0.841016,0.912188,0.849209,215,3,6960
2026/02/03/11:33:54,4452.008496,0.890719,0.847551,0.927188,0.858977,219,5,6960
2026/02/03/11:33:55,4453.008599,0.883406,0.833421,0.915750,0.841614,219,3,6962
2026/02/03/11:33:56,4454.008687,0.877875,0.825974,0.910219,0.834167,216,3,6965
2026/02/03/11:33:57,4455.008800,0.862875,0.816206,0.895219,0.824399,210,3,6971
2026/02/03/11:33:58,4456.008885,0.862875,0.816206,0.895219,0.824399,210,3,6971
2026/02/03/11:33:59,4457.008977,0.857062,0.806088,0.889406,0.814281,207,3,6974
2026/02/03/11:34:00,4458.009062,0.863844,0.797023,0.885406,0.802485,207,2,6975
2026/02/03/11:34:01,4459.009153,0.863844,0.797023,0.885406,0.802485,207,2,6975
2026/02/03/11:34:02,4460.009293,0.863844,0.797023,0.885406,0.802485,207,2,6975
2026/02/03/11:34:03,4461.009387,0.863844,0.797023,0.885406,0.802485,207,2,6975
2026/02/03/11:34:04,4462.009506,0.863844,0.797023,0.885406,0.802485,207,2,6975
2026/02/03/11:34:05,4463.009609,0.863844,0.797023,0.885406,0.802485,207,2,6975
2026/02/03/11:34:06,4464.009669,0.863844,0.797023,0.885406,0.802485,207,2,6975
2026/02/03/11:34:07,4465.009762,0.876969,0.841217,0.898531,0.846680,213,2,6975
2026/02/03/11:34:08,4466.009892,0.885312,0.849283,0.915844,0.860246,216,3,6975
2026/02/03/11:34:09,4467.009975,0.885312,0.849283,0.915844,0.860246,216,3,6975
2026/02/03/11:34:10,4468.010077,0.885312,0.849283,0.915844,0.860246,216,3,6975
2026/02/03/11:34:11,4469.010186,0.879219,0.829604,0.909750,0.840567,213,3,6978
2026/02/03/11:34:12,4470.010253,0.872406,0.819246,0.902937,0.830209,211,3,6980
2026/02/03/11:34:13,4471.010370,0.872406,0.819246,0.902937,0.830209,211,3,6980
2026/02/03/11:34:14,4472.010464,0.868531,0.811174,0.899062,0.822137,209,3,6982
2026/02/03/11:34:15,4473.010552,0.866969,0.797269,0.897500,0.808232,208,3,6983
2026/02/03/11:34:16,4474.010641,0.866969,0.797269,0.897500,0.808232,208,3,6983
2026/02/03/11:34:17,4475.010792,0.866969,0.797269,0.897500,0.808232,208,3,6983
2026/02/03/11:34:18,4476.010954,0.866969,0.797269,0.897500,0.808232,208,3,6983
2026/02/03/11:34:19,4477.011065,0.866969,0.797269,0.897500,0.808232,208,3,6983
2026/02/03/11:34:20,4478.011157,0.866969,0.797269,0.897500,0.808232,208,3,6983
2026/02/03/11:34:21,4479.011253,0.866969,0.797269,0.897500,0.808232,208,3,6983
2026/02/03/11:34:22,4480.011312,0.868906,0.799504,0.899438,0.810467,209,3,6983
2026/02/03/11:34:23,4481.011457,0.888375,0.825003,0.918906,0.835966,216,3,6983
2026/02/03/11:34:24,4482.011523,0.888375,0.825003,0.918906,0.835966,216,3,6983
2026/02/03/11:34:25,4483.011623,0.886437,0.822767,0.908000,0.828230,215,2,6984
2026/02/03/11:34:26,4484.011716,0.879656,0.819227,0.901219,0.824689,213,2,6986
2026/02/03/11:34:27,4485.011894,0.887000,0.834740,0.928250,0.855685,217,4,6986
2026/02/03/11:34:28,4486.012000,0.887000,0.834740,0.928250,0.855685,217,4,6986
2026/02/03/11:34:29,4487.012108,0.877812,0.829088,0.919063,0.850033,214,4,6989
2026/02/03/11:34:30,4488.012208,0.879125,0.833003,0.910531,0.846206,214,3,6990
2026/02/03/11:34:31,4489.012296,0.879125,0.833003,0.910531,0.846206,214,3,6990
2026/02/03/11:34:32,4490.012402,0.879125,0.833003,0.910531,0.846206,214,3,6990
2026/02/03/11:34:33,4491.012544,0.877875,0.822805,0.888656,0.825536,213,1,6992
2026/02/03/11:34:34,4492.012669,0.877875,0.822805,0.888656,0.825536,213,1,6992
2026/02/03/11:34:35,4493.012741,0.877875,0.822805,0.888656,0.825536,213,1,6992
2026/02/03/11:34:36,4494.012849,0.877875,0.822805,0.888656,0.825536,213,1,6992
2026/02/03/11:34:37,4495.012967,0.877875,0.822805,0.919594,0.854215,213,5,6992
2026/02/03/11:34:38,4496.013060,0.897469,0.843420,0.936281,0.873179,221,4,6992
2026/02/03/11:34:39,4497.013151,0.912375,0.875146,0.951187,0.904905,227,4,6993
2026/02/03/11:34:40,4498.013241,0.902531,0.863995,0.918562,0.875907,224,2,6996
2026/02/03/11:34:41,4499.013332,0.899344,0.841340,0.915375,0.853252,222,2,6998
2026/02/03/11:34:42,4500.013429,0.899344,0.841340,0.929719,0.867609,222,4,6998
2026/02/03/11:34:43,4501.013494,0.900656,0.846360,0.925781,0.863867,221,3,7000
2026/02/03/11:34:44,4502.013599,0.900656,0.846360,0.925781,0.863867,221,3,7000
2026/02/03/11:34:45,4503.013696,0.902062,0.848425,0.921937,0.856751,222,2,7002
2026/02/03/11:34:46,4504.013780,0.896062,0.845224,0.915937,0.853549,220,2,7004
2026/02/03/11:34:47,4505.013894,0.896062,0.845224,0.906844,0.847955,220,1,7004
2026/02/03/11:34:48,4506.013947,0.896062,0.845224,0.917500,0.854107,220,2,7004
2026/02/03/11:34:49,4507.014050,0.896062,0.845224,0.917500,0.854107,220,2,7004
2026/02/03/11:34:50,4508.014124,0.899188,0.849804,0.992406,0.881561,222,9,7004
2026/02/03/11:34:51,4509.014233,0.899188,0.849804,0.992406,0.881561,222,9,7004
2026/02/03/11:34:52,4510.014287,0.912781,0.869495,1.029781,0.902322,227,13,7004
2026/02/03/11:34:53,4511.014389,0.912781,0.869495,1.019125,0.896170,227,12,7004
2026/02/03/11:34:54,4512.014467,0.901406,0.851382,1.007750,0.878057,223,12,7008
2026/02/03/11:34:55,4513.014567,0.905188,0.836884,0.991219,0.854308,222,8,7010
2026/02/03/11:34:56,4514.014674,0.900813,0.833236,0.986844,0.850659,220,8,7012
2026/02/03/11:34:57,4515.014760,0.900813,0.833236,0.986844,0.850659,220,8,7012
2026/02/03/11:34:58,4516.014844,0.900813,0.833236,0.986844,0.850659,220,8,7012
2026/02/03/11:34:59,4517.014948,0.900813,0.833236,0.986844,0.850659,220,8,7012
2026/02/03/11:35:00,4518.015051,0.900813,0.833236,0.986844,0.850659,220,8,7012
2026/02/03/11:35:01,4519.015128,0.900813,0.833236,0.986844,0.850659,220,8,7012
2026/02/03/11:35:02,4520.015220,0.900813,0.833236,0.986844,0.850659,220,8,7012
2026/02/03/11:35:03,4521.015297,0.900813,0.833236,0.986844,0.850659,220,8,7012
2026/02/03/11:35:04,4522.015409,0.900813,0.833236,0.986844,0.850659,220,8,7012
2026/02/03/11:35:05,4523.015507,0.908687,0.851737,1.010469,0.878190,223,11,7012
2026/02/03/11:35:06,4524.015594,0.908687,0.851737,1.010469,0.878190,223,11,7012
2026/02/03/11:35:07,4525.015744,0.903312,0.845150,1.005094,0.871604,221,11,7014
2026/02/03/11:35:08,4526.015837,0.903312,0.838979,0.999844,0.862423,221,10,7015
2026/02/03/11:35:09,4527.015916,0.905937,0.826498,0.991969,0.843921,220,8,7018
2026/02/03/11:35:10,4528.016014,0.902813,0.821918,0.988844,0.839341,218,8,7020
2026/02/03/11:35:11,4529.016112,0.887062,0.812888,0.973094,0.830312,215,8,7023
2026/02/03/11:35:12,4530.016198,0.887062,0.812888,0.973094,0.830312,215,8,7023
2026/02/03/11:35:13,4531.016555,0.887062,0.812888,0.973094,0.830312,215,8,7023
2026/02/03/11:35:14,4532.016491,0.896969,0.821158,0.983000,0.838582,219,8,7023
2026/02/03/11:35:15,4533.016573,0.896969,0.821158,0.983000,0.838582,219,8,7023
2026/02/03/11:35:16,4534.016681,0.901844,0.840807,0.987875,0.858231,222,8,7023
2026/02/03/11:35:17,4535.016753,0.896906,0.838185,0.982938,0.855609,221,8,7024
2026/02/03/11:35:18,4536.016848,0.896906,0.838185,0.982938,0.855609,221,8,7024
2026/02/03/11:35:20,4537.016975,0.896906,0.838185,0.982938,0.855609,221,8,7024
2026/02/03/11:35:21,4538.017118,0.896906,0.838185,0.982938,0.855609,221,8,7024
2026/02/03/11:35:22,4539.017203,0.896906,0.838185,0.982938,0.855609,221,8,7024
2026/02/03/11:35:23,4540.017277,0.896906,0.838185,0.982938,0.855609,221,8,7024
2026/02/03/11:35:24,4541.017357,0.896906,0.838185,0.982938,0.855609,221,8,7024
2026/02/03/11:35:25,4542.017466,0.896906,0.838185,0.982938,0.855609,221,8,7024
2026/02/03/11:35:26,4543.017551,0.896906,0.838185,0.982938,0.855609,221,8,7024
2026/02/03/11:35:27,4544.017648,0.896906,0.838185,0.982938,0.855609,221,8,7024
2026/02/03/11:35:28,4545.017795,0.896906,0.838185,0.982938,0.855609,221,8,7024
2026/02/03/11:35:29,4546.017901,0.896906,0.838185,0.982938,0.855609,221,8,7024
2026/02/03/11:35:30,4547.017930,0.898937,0.834589,0.932688,0.843380,219,4,7027
2026/02/03/11:35:31,4548.018019,0.903156,0.839118,0.936906,0.847909,220,4,7027
2026/02/03/11:35:32,4549.018122,0.903156,0.839118,0.936906,0.847909,220,4,7027
2026/02/03/11:35:33,4550.018178,0.903156,0.839118,0.936906,0.847909,220,4,7027
2026/02/03/11:35:34,4551.018334,0.903156,0.839118,0.936906,0.847909,220,4,7027
2026/02/03/11:35:35,4552.018456,0.903156,0.839118,0.936906,0.847909,220,4,7027
2026/02/03/11:35:36,4553.018559,0.898281,0.819469,0.932031,0.828260,217,4,7030
2026/02/03/11:35:37,4554.018659,0.898281,0.819469,0.932031,0.828260,217,4,7030
2026/02/03/11:35:38,4555.018776,0.898281,0.819469,0.932031,0.828260,217,4,7030
2026/02/03/11:35:39,4556.018854,0.898281,0.819469,0.932031,0.828260,217,4,7030
2026/02/03/11:35:40,4557.018939,0.898281,0.819469,0.932031,0.828260,217,4,7030
2026/02/03/11:35:41,4558.019083,0.898281,0.819469,0.932031,0.828260,217,4,7030
2026/02/03/11:35:42,4559.019172,0.898281,0.819469,0.932031,0.828260,217,4,7030
2026/02/03/11:35:43,4560.019273,0.898844,0.819785,0.917469,0.824641,217,2,7031
2026/02/03/11:35:44,4561.019369,0.898844,0.819785,0.917469,0.824641,217,2,7031
2026/02/03/11:35:45,4562.019528,0.896625,0.818207,0.915250,0.823064,216,2,7032
2026/02/03/11:35:46,4563.019586,0.905000,0.827024,0.931500,0.833549,218,3,7034
2026/02/03/11:35:47,4564.019675,0.905000,0.827024,0.931500,0.833549,218,3,7034
2026/02/03/11:35:48,4565.019823,0.898469,0.821857,0.917094,0.826714,216,2,7036
2026/02/03/11:35:49,4566.019972,0.898469,0.821857,0.917094,0.826714,216,2,7036
2026/02/03/11:35:50,4567.020080,0.913312,0.845638,0.931937,0.850494,220,2,7036
2026/02/03/11:35:51,4568.020169,0.913312,0.845638,0.931937,0.850494,220,2,7036
2026/02/03/11:35:52,4569.020409,0.913312,0.845638,0.931937,0.850494,220,2,7036
2026/02/03/11:35:53,4570.020385,0.913469,0.841799,0.924250,0.844531,218,1,7039
2026/02/03/11:35:54,4571.020483,0.909281,0.833924,0.920063,0.836655,216,1,7041
2026/02/03/11:35:55,4572.020552,0.906219,0.830562,0.917000,0.833293,215,1,7042
2026/02/03/11:35:56,4573.020718,0.906219,0.830562,0.917000,0.833293,215,1,7042
2026/02/03/11:35:57,4574.020827,0.906219,0.830562,0.917000,0.833293,215,1,7042
2026/02/03/11:35:58,4575.020936,0.904594,0.818542,0.915375,0.821274,214,1,7043
2026/02/03/11:35:59,4576.020994,0.934625,0.851401,0.968750,0.860484,223,5,7043
2026/02/03/11:36:00,4577.021093,0.944750,0.866041,0.977000,0.873531,228,4,7043
2026/02/03/11:36:01,4578.021179,0.948937,0.871822,0.981187,0.879312,230,4,7043
2026/02/03/11:36:02,4579.021255,0.929156,0.852205,0.961406,0.859695,224,4,7049
2026/02/03/11:36:03,4580.021405,0.922656,0.843191,0.954906,0.850680,222,4,7051
2026/02/03/11:36:04,4581.021525,0.909813,0.832228,0.920594,0.834959,218,1,7055
2026/02/03/11:36:05,4582.021598,0.909813,0.832228,0.920594,0.834959,218,1,7055
2026/02/03/11:36:06,4583.021701,0.909813,0.832228,0.920594,0.834959,218,1,7055
2026/02/03/11:36:07,4584.021797,0.907937,0.830335,0.918719,0.833066,217,1,7056
2026/02/03/11:36:08,4585.021911,0.884406,0.823959,0.895188,0.826690,214,1,7059
2026/02/03/11:36:09,4586.022038,0.884406,0.823959,0.895188,0.826690,214,1,7059
2026/02/03/11:36:10,4587.022101,0.884406,0.823959,0.895188,0.826690,214,1,7059
2026/02/03/11:36:11,4588.022190,0.884406,0.823959,0.895188,0.826690,214,1,7059
2026/02/03/11:36:12,4589.022297,0.884406,0.823959,0.895188,0.826690,214,1,7059
2026/02/03/11:36:13,4590.022398,0.909875,0.878613,0.920656,0.881344,226,1,7060
2026/02/03/11:36:14,4591.022538,0.909875,0.878613,0.920656,0.881344,226,1,7060
2026/02/03/11:36:15,4592.022643,0.905250,0.864503,0.916031,0.867234,224,1,7062
2026/02/03/11:36:16,4593.022724,0.905250,0.864503,0.916031,0.867234,224,1,7062
2026/02/03/11:36:17,4594.022798,0.907375,0.857314,0.918156,0.860045,223,1,7065
2026/02/03/11:36:18,4595.022915,0.907375,0.857314,0.918156,0.860045,223,1,7065
2026/02/03/11:36:19,4596.023021,0.907375,0.857314,0.918156,0.860045,223,1,7065
2026/02/03/11:36:20,4597.023110,0.907375,0.857314,0.918156,0.860045,223,1,7065
2026/02/03/11:36:21,4598.023191,0.907375,0.857314,0.918156,0.860045,223,1,7065
2026/02/03/11:36:22,4599.023344,0.896969,0.840116,0.907750,0.842847,220,1,7068
2026/02/03/11:36:23,4600.023503,0.896969,0.840116,0.907750,0.842847,220,1,7068
2026/02/03/11:36:24,4601.023603,0.892969,0.830647,0.903750,0.833378,218,1,7070
2026/02/03/11:36:25,4602.023701,0.880844,0.811147,0.891625,0.813878,213,1,7075
2026/02/03/11:36:26,4603.023847,0.880844,0.811147,0.891625,0.813878,213,1,7075
2026/02/03/11:36:27,4604.023960,0.878500,0.802684,0.889281,0.805416,212,1,7076
2026/02/03/11:36:28,4605.024058,0.878500,0.802684,0.889281,0.805416,212,1,7076
2026/02/03/11:36:29,4606.024263,0.878500,0.802684,0.889281,0.805416,212,1,7076
2026/02/03/11:36:30,4607.024316,0.878500,0.802684,0.889281,0.805416,212,1,7076
2026/02/03/11:36:31,4608.024401,0.878500,0.802684,0.889281,0.805416,212,1,7076
2026/02/03/11:36:32,4609.024497,0.917625,0.853911,0.971156,0.864344,222,4,7076
2026/02/03/11:36:33,4610.024623,0.917625,0.853911,0.971156,0.864344,222,4,7076
2026/02/03/11:36:34,4611.024706,0.909000,0.841174,0.962531,0.851607,220,4,7078
2026/02/03/11:36:35,4612.024793,0.921375,0.853465,0.979531,0.874102,222,5,7080
2026/02/03/11:36:36,4613.024929,0.921375,0.853465,0.979531,0.874102,222,5,7080
2026/02/03/11:36:37,4614.025038,0.932469,0.872609,0.997188,0.898709,228,6,7083
2026/02/03/11:36:38,4615.025115,0.923750,0.851738,0.983844,0.867633,225,5,7087
2026/02/03/11:36:39,4616.025210,0.939219,0.876313,1.011406,0.893782,231,6,7087
2026/02/03/11:36:40,4617.025298,0.933719,0.870441,1.005906,0.887909,229,6,7089
2026/02/03/11:36:41,4618.025364,0.920656,0.848410,0.992844,0.865879,224,6,7094
2026/02/03/11:36:42,4619.025503,0.916469,0.843262,0.982094,0.855268,221,5,7098
2026/02/03/11:36:43,4620.025597,0.907219,0.822854,0.972844,0.834860,219,5,7100
2026/02/03/11:36:44,4621.025692,0.899219,0.807323,0.964844,0.819329,215,5,7104
2026/02/03/11:36:45,4622.025772,0.871281,0.790922,0.936906,0.802928,210,5,7109
2026/02/03/11:36:46,4623.025839,0.868469,0.789319,0.934094,0.801326,209,5,7110
2026/02/03/11:36:47,4624.025954,0.868469,0.789319,0.934094,0.801326,209,5,7110
2026/02/03/11:36:48,4625.026040,0.868469,0.789319,0.934094,0.801326,209,5,7110
2026/02/03/11:36:49,4626.026193,0.876531,0.798010,0.942156,0.810016,211,5,7110
2026/02/03/11:36:50,4627.026338,0.876531,0.798010,0.942156,0.810016,211,5,7110
2026/02/03/11:36:51,4628.026412,0.876531,0.798010,0.942156,0.810016,211,5,7110
2026/02/03/11:36:52,4629.026517,0.876531,0.798010,0.942156,0.810016,211,5,7110
2026/02/03/11:36:53,4630.026616,0.868469,0.789319,0.934094,0.801326,209,5,7112
2026/02/03/11:36:54,4631.026718,0.905500,0.838416,1.014969,0.863497,222,9,7112
2026/02/03/11:36:55,4632.026800,0.918250,0.863435,1.046594,0.894086,229,11,7112
2026/02/03/11:36:56,4633.026883,0.929438,0.883898,1.067375,0.971024,233,15,7113
2026/02/03/11:36:57,4634.026928,0.930844,0.877978,1.065000,0.954952,231,14,7118
2026/02/03/11:36:58,4635.027018,0.919656,0.856971,1.053813,0.933944,227,14,7122
2026/02/03/11:36:59,4636.027103,0.916219,0.851560,1.050375,0.928533,225,14,7124
2026/02/03/11:37:00,4637.027255,0.917625,0.857663,1.042906,0.915752,223,12,7128
2026/02/03/11:37:01,4638.027317,0.913438,0.826851,1.034844,0.854058,221,10,7130
2026/02/03/11:37:02,4639.027411,0.913438,0.826851,1.034844,0.854058,221,10,7130
2026/02/03/11:37:03,4640.027496,0.924500,0.870094,1.068969,0.912750,225,18,7131
2026/02/03/11:37:04,4641.027596,0.939500,0.892381,1.083187,0.935553,231,13,7134
2026/02/03/11:37:05,4642.027651,0.942438,0.897341,1.113656,0.988690,232,20,7134
2026/02/03/11:37:06,4643.027771,0.941719,0.901614,1.137250,1.050409,232,26,7139
2026/02/03/11:37:07,4644.027900,0.939594,0.911208,1.154375,1.063712,232,27,7144
2026/02/03/11:37:08,4645.027933,0.923531,0.884394,1.129438,1.023920,227,25,7149
2026/02/03/11:37:09,4646.027995,0.923656,0.857802,1.097938,0.966528,226,19,7154
2026/02/03/11:37:10,4647.028206,0.924219,0.857972,1.091875,0.949730,225,17,7157
2026/02/03/11:37:11,4648.028300,0.924219,0.857972,1.087344,0.936670,225,16,7157
2026/02/03/11:37:12,4649.028386,0.920281,0.852151,1.083406,0.930848,223,16,7159
2026/02/03/11:37:13,4650.028473,0.922719,0.855167,1.084125,0.937597,226,16,7161
2026/02/03/11:37:14,4651.028590,0.931156,0.875169,1.075000,0.932745,228,13,7161
2026/02/03/11:37:15,4652.028649,0.925969,0.864135,0.998875,0.885844,223,6,7168
2026/02/03/11:37:16,4653.028760,0.932813,0.869798,1.005719,0.891507,226,6,7168
2026/02/03/11:37:17,4654.028910,0.932813,0.869798,1.005719,0.891507,226,6,7168
2026/02/03/11:37:18,4655.028925,0.925531,0.860096,0.991156,0.872103,225,5,7169
2026/02/03/11:37:19,4656.029008,0.925531,0.860096,0.991156,0.872103,225,5,7169
2026/02/03/11:37:20,4657.029117,0.925531,0.860096,0.991156,0.872103,225,5,7169
2026/02/03/11:37:21,4658.029255,0.923469,0.855610,0.989094,0.867617,224,5,7170
2026/02/03/11:37:22,4659.029342,0.923469,0.855610,0.989094,0.867617,224,5,7170
2026/02/03/11:37:23,4660.029443,0.918781,0.849453,0.984406,0.861459,221,5,7173
2026/02/03/11:37:24,4661.029536,0.918781,0.849453,0.984406,0.861459,221,5,7173
2026/02/03/11:37:25,4662.029696,0.904594,0.845082,0.970219,0.857088,219,5,7175
2026/02/03/11:37:26,4663.029793,0.904594,0.845082,0.970219,0.857088,219,5,7175
2026/02/03/11:37:27,4664.029856,0.904594,0.845082,0.970219,0.857088,219,5,7175
2026/02/03/11:37:28,4665.029948,0.893906,0.836667,0.959531,0.848673,216,5,7178
2026/02/03/11:37:29,4666.030032,0.893906,0.836667,0.959531,0.848673,216,5,7178
2026/02/03/11:37:30,4667.030110,0.887062,0.831004,0.952688,0.843010,213,5,7181
2026/02/03/11:37:31,4668.030187,0.923375,0.864636,1.028500,0.898720,224,10,7181
2026/02/03/11:37:32,4669.030292,0.929813,0.866983,1.038687,0.900151,225,10,7184
2026/02/03/11:37:33,4670.030401,0.929813,0.866983,1.016125,0.884934,225,8,7184
2026/02/03/11:37:34,4671.030460,0.913000,0.830077,0.978625,0.842083,218,5,7192
2026/02/03/11:37:35,4672.030549,0.917500,0.846351,0.983125,0.858357,220,5,7192
2026/02/03/11:37:36,4673.030652,0.892469,0.836974,0.958094,0.848981,216,5,7196
2026/02/03/11:37:37,4674.030730,0.887594,0.833600,0.953219,0.845607,214,5,7198
2026/02/03/11:37:38,4675.030928,0.885969,0.831859,0.951594,0.843866,213,5,7199
2026/02/03/11:37:39,4676.030988,0.885969,0.831859,0.951594,0.843866,213,5,7199
2026/02/03/11:37:40,4677.031093,0.892656,0.839090,0.958281,0.851097,216,5,7199
2026/02/03/11:37:41,4678.031179,0.892656,0.839090,0.958281,0.851097,216,5,7199
2026/02/03/11:37:42,4679.031268,0.886312,0.824697,0.937688,0.834136,211,4,7205
2026/02/03/11:37:43,4680.031330,0.875656,0.799115,0.927031,0.808554,206,4,7210
2026/02/03/11:37:44,4681.031452,0.869938,0.790486,0.921312,0.799925,203,4,7213
2026/02/03/11:37:45,4682.031682,0.869938,0.790486,0.921312,0.799925,203,4,7213
2026/02/03/11:37:46,4683.031682,0.869938,0.790486,0.921312,0.799925,203,4,7213
2026/02/03/11:37:47,4684.031785,0.869938,0.790486,0.921312,0.799925,203,4,7213
2026/02/03/11:37:48,4685.031853,0.862563,0.772925,0.913937,0.782364,200,4,7216
2026/02/03/11:37:49,4686.031959,0.859094,0.773089,0.871188,0.774662,200,1,7217
2026/02/03/11:37:50,4687.032037,0.859094,0.773089,0.871188,0.774662,200,1,7217
2026/02/03/11:37:51,4688.032131,0.862344,0.780626,0.874437,0.782199,202,1,7217
2026/02/03/11:37:52,4689.032247,0.862344,0.780626,0.874437,0.782199,202,1,7217
2026/02/03/11:37:53,4690.032327,0.862344,0.780626,0.874437,0.782199,202,1,7217
2026/02/03/11:37:54,4691.032418,0.862344,0.780626,0.899062,0.789156,202,3,7217
2026/02/03/11:37:55,4692.032479,0.881687,0.795690,0.918406,0.804219,207,3,7217
2026/02/03/11:37:56,4693.032574,0.895813,0.802166,0.941562,0.812958,210,4,7217
2026/02/03/11:37:57,4694.032669,0.895844,0.798017,0.932562,0.806547,208,3,7220
2026/02/03/11:37:58,4695.032767,0.881531,0.793505,0.893625,0.795078,206,1,7222
2026/02/03/11:37:59,4696.032856,0.881531,0.793505,0.893625,0.795078,206,1,7222
2026/02/03/11:38:00,4697.032929,0.884062,0.796097,0.896156,0.797670,207,1,7222
2026/02/03/11:38:01,4698.033020,0.868094,0.785560,0.868094,0.785560,204,0,7226
2026/02/03/11:38:02,4699.033130,0.868094,0.785560,0.868094,0.785560,204,0,7226
2026/02/03/11:38:03,4700.033216,0.859656,0.775519,0.859656,0.775519,202,0,7228
2026/02/03/11:38:04,4701.033324,0.859656,0.775519,0.859656,0.775519,202,0,7228
2026/02/03/11:38:05,4702.033439,0.859656,0.775519,0.859656,0.775519,202,0,7228
2026/02/03/11:38:06,4703.033524,0.856156,0.772215,0.856156,0.772215,201,0,7229
2026/02/03/11:38:07,4704.033629,0.856156,0.772215,0.856156,0.772215,201,0,7229
2026/02/03/11:38:08,4705.033774,0.852219,0.751134,0.852219,0.751134,199,0,7231
2026/02/03/11:38:09,4706.033892,0.846844,0.736775,0.846844,0.736775,197,0,7235
2026/02/03/11:38:10,4707.033941,0.846844,0.736775,0.846844,0.736775,197,0,7235
2026/02/03/11:38:11,4708.034044,0.846187,0.746384,0.846187,0.746384,198,0,7238
2026/02/03/11:38:12,4709.034127,0.846187,0.746384,0.846187,0.746384,198,0,7238
2026/02/03/11:38:13,4710.034230,0.840281,0.733293,0.840281,0.733293,195,0,7241
2026/02/03/11:38:14,4711.034337,0.806031,0.720178,0.806031,0.720178,191,0,7245
2026/02/03/11:38:15,4712.034415,0.806031,0.720178,0.806031,0.720178,191,0,7245
2026/02/03/11:38:16,4713.034561,0.806031,0.720178,0.806031,0.720178,191,0,7245
2026/02/03/11:38:17,4714.034666,0.801156,0.718597,0.801156,0.718597,190,0,7246
2026/02/03/11:38:18,4715.034765,0.801156,0.718597,0.801156,0.718597,190,0,7246
2026/02/03/11:38:19,4716.034895,0.801156,0.718597,0.801156,0.718597,190,0,7246
2026/02/03/11:38:20,4717.034952,0.801156,0.718597,0.801156,0.718597,190,0,7246
2026/02/03/11:38:21,4718.035048,0.801156,0.718597,0.801156,0.718597,190,0,7246
2026/02/03/11:38:22,4719.035129,0.801156,0.718597,0.801156,0.718597,190,0,7246
2026/02/03/11:38:23,4720.035211,0.801156,0.718597,0.801156,0.718597,190,0,7246
2026/02/03/11:38:24,4721.035289,0.801156,0.718597,0.801156,0.718597,190,0,7246
2026/02/03/11:38:25,4722.035384,0.850781,0.760498,0.857219,0.763297,202,1,7246
2026/02/03/11:38:26,4723.035540,0.890781,0.798948,0.890781,0.798948,212,0,7246
2026/02/03/11:38:27,4724.035645,0.899719,0.806121,0.899719,0.806121,214,0,7247
2026/02/03/11:38:28,4725.035724,0.883344,0.810558,0.911406,0.817447,213,2,7252
2026/02/03/11:38:29,4726.035781,0.874031,0.808587,0.906875,0.818459,213,3,7254
2026/02/03/11:38:30,4727.035915,0.893500,0.827088,0.936875,0.836027,220,3,7257
2026/02/03/11:38:31,4728.035959,0.911031,0.843683,0.926344,0.845733,228,1,7258
2026/02/03/11:38:32,4729.036022,0.891656,0.839808,0.917813,0.844317,226,2,7266
2026/02/03/11:38:33,4730.036099,0.907906,0.851806,0.938969,0.857899,229,3,7270
2026/02/03/11:38:34,4731.036174,0.908969,0.848028,0.924281,0.850077,231,1,7271
2026/02/03/11:38:35,4732.036272,0.898219,0.837690,0.898219,0.837690,228,0,7274
2026/02/03/11:38:36,4733.036356,0.898219,0.837690,0.898219,0.837690,228,0,7274
2026/02/03/11:38:37,4734.036517,0.892906,0.830228,0.892906,0.830228,225,0,7277
2026/02/03/11:38:38,4735.036617,0.897531,0.828388,0.897531,0.828388,225,0,7280
2026/02/03/11:38:39,4736.036725,0.880375,0.793791,0.880375,0.793791,217,0,7288
2026/02/03/11:38:40,4737.036837,0.865375,0.782798,0.865375,0.782798,213,0,7292
2026/02/03/11:38:41,4738.036935,0.863656,0.779254,0.863656,0.779254,212,0,7293
2026/02/03/11:38:42,4739.037108,0.863656,0.779254,0.863656,0.779254,212,0,7293
2026/02/03/11:38:43,4740.037211,0.863656,0.779254,0.886031,0.783760,212,2,7293
2026/02/03/11:38:44,4741.037306,0.863656,0.779254,0.888969,0.794900,212,3,7293
2026/02/03/11:38:45,4742.037412,0.901062,0.817309,0.924281,0.823314,223,3,7293
2026/02/03/11:38:46,4743.037492,0.901062,0.817309,0.924281,0.823314,223,3,7293
2026/02/03/11:38:47,4744.037566,0.895719,0.810619,0.918937,0.816624,220,3,7296
2026/02/03/11:38:48,4745.037651,0.898781,0.797092,0.908625,0.799905,219,1,7299
2026/02/03/11:38:49,4746.037791,0.898781,0.797092,0.908625,0.799905,219,1,7299
2026/02/03/11:38:50,4747.037855,0.898781,0.797092,0.908625,0.799905,219,1,7299
2026/02/03/11:38:51,4748.037971,0.898781,0.797092,0.908625,0.799905,219,1,7299
2026/02/03/11:38:52,4749.038032,0.876031,0.790669,0.885875,0.793482,215,1,7303
2026/02/03/11:38:53,4750.038122,0.874500,0.786301,0.874500,0.786301,212,0,7307
2026/02/03/11:38:54,4751.038225,0.864938,0.780337,0.864938,0.780337,210,0,7309
2026/02/03/11:38:55,4752.038326,0.873469,0.786976,0.873469,0.786976,213,0,7309
2026/02/03/11:38:56,4753.038414,0.873469,0.786976,0.873469,0.786976,213,0,7309
2026/02/03/11:38:57,4754.038510,0.863844,0.778567,0.863844,0.778567,209,0,7313
2026/02/03/11:38:58,4755.038608,0.863844,0.778567,0.863844,0.778567,209,0,7313
2026/02/03/11:38:59,4756.038713,0.863844,0.778567,0.863844,0.778567,209,0,7313
2026/02/03/11:39:00,4757.038855,0.860219,0.774270,0.860219,0.774270,207,0,7315
2026/02/03/11:39:01,4758.038929,0.860219,0.774270,0.860219,0.774270,207,0,7315
2026/02/03/11:39:02,4759.039023,0.860219,0.774270,0.860219,0.774270,207,0,7315
2026/02/03/11:39:03,4760.039134,0.860219,0.774270,0.860219,0.774270,207,0,7315
2026/02/03/11:39:04,4761.039274,0.853187,0.769124,0.853187,0.769124,204,0,7318
2026/02/03/11:39:05,4762.039348,0.853187,0.769124,0.853187,0.769124,204,0,7318
2026/02/03/11:39:06,4763.039651,0.853187,0.769124,0.853187,0.769124,204,0,7318
2026/02/03/11:39:07,4764.039827,0.869500,0.799436,0.869500,0.799436,210,0,7318
2026/02/03/11:39:08,4765.039930,0.884719,0.845517,0.895813,0.856407,216,2,7318
2026/02/03/11:39:09,4766.040011,0.890719,0.844447,0.893469,0.853236,216,1,7319
2026/02/03/11:39:10,4767.040122,0.890719,0.844447,0.893469,0.853236,216,1,7319
2026/02/03/11:39:11,4768.040215,0.882969,0.846357,0.882969,0.846357,214,0,7322
2026/02/03/11:39:12,4769.040365,0.882969,0.846357,0.882969,0.846357,214,0,7322
2026/02/03/11:39:13,4770.040461,0.878969,0.825974,0.878969,0.825974,212,0,7324
2026/02/03/11:39:14,4771.040550,0.874719,0.808690,0.874719,0.808690,210,0,7326
2026/02/03/11:39:15,4772.040619,0.874719,0.808690,0.874719,0.808690,210,0,7326
2026/02/03/11:39:16,4773.040721,0.870188,0.805780,0.870188,0.805780,209,0,7327
2026/02/03/11:39:17,4774.040817,0.864375,0.782347,0.864375,0.782347,206,0,7330
2026/02/03/11:39:18,4775.040921,0.864375,0.782347,0.864375,0.782347,206,0,7330
2026/02/03/11:39:19,4776.041004,0.899312,0.835364,0.909937,0.840863,218,1,7330
2026/02/03/11:39:20,4777.041075,0.917312,0.851856,0.958000,0.875638,223,5,7330
2026/02/03/11:39:21,4778.041175,0.926625,0.853461,0.986812,0.878227,225,6,7333
2026/02/03/11:39:22,4779.041252,0.918156,0.843951,0.981031,0.866054,222,6,7338
2026/02/03/11:39:23,4780.041359,0.916875,0.835612,0.979750,0.857716,223,6,7341
2026/02/03/11:39:24,4781.041455,0.902250,0.819862,0.958562,0.839712,219,5,7346
2026/02/03/11:39:25,4782.041560,0.898937,0.816725,0.955250,0.836575,217,5,7348
2026/02/03/11:39:26,4783.041640,0.925562,0.829531,0.981875,0.849381,225,5,7350
2026/02/03/11:39:27,4784.041719,0.930625,0.828151,0.993156,0.850247,226,6,7353
2026/02/03/11:39:28,4785.041793,0.944469,0.835793,1.022250,0.876546,229,10,7356
2026/02/03/11:39:29,4786.041911,0.945688,0.838302,1.008312,0.871941,230,7,7358
2026/02/03/11:39:30,4787.041958,0.958812,0.852537,1.033875,0.926962,236,11,7358
2026/02/03/11:39:31,4788.042108,0.955250,0.856277,0.986281,0.895858,235,5,7360
2026/02/03/11:39:32,4789.042199,0.946625,0.844359,0.977656,0.883939,231,5,7364
2026/02/03/11:39:33,4790.042302,0.935344,0.828317,0.956594,0.839316,227,2,7371
2026/02/03/11:39:34,4791.042387,0.915875,0.818207,0.948562,0.838489,222,3,7376
2026/02/03/11:39:35,4792.042503,0.905844,0.807502,0.938531,0.827784,219,3,7379
2026/02/03/11:39:36,4793.042581,0.936937,0.839047,0.982000,0.865367,231,5,7379
2026/02/03/11:39:37,4794.042789,0.941031,0.846733,0.986094,0.873053,233,5,7379
2026/02/03/11:39:38,4795.042837,0.941469,0.844587,0.980344,0.867888,232,4,7381
2026/02/03/11:39:39,4796.042913,0.931438,0.830949,0.970313,0.854250,228,4,7385
2026/02/03/11:39:40,4797.043049,0.921344,0.816737,0.954031,0.837019,223,3,7391
2026/02/03/11:39:41,4798.043124,0.931969,0.822236,0.954031,0.837019,224,2,7391
2026/02/03/11:39:42,4799.043209,0.944281,0.839425,0.981313,0.888640,229,6,7391
2026/02/03/11:39:43,4800.043319,0.954031,0.852997,1.028531,0.910382,232,9,7394
2026/02/03/11:39:44,4801.043438,0.962281,0.861687,1.047500,0.937413,235,12,7396
2026/02/03/11:39:45,4802.043512,0.961031,0.856404,1.016000,0.932957,234,10,7404
2026/02/03/11:39:46,4803.043606,0.954219,0.850673,1.009187,0.927226,232,10,7406
2026/02/03/11:39:47,4804.043696,0.944156,0.838685,0.999125,0.915237,226,10,7412
2026/02/03/11:39:48,4805.043793,0.942500,0.842470,0.972344,0.871784,226,4,7415
2026/02/03/11:39:49,4806.043949,0.927781,0.831359,0.949844,0.846142,222,2,7421
2026/02/03/11:39:50,4807.044068,0.923969,0.831570,0.935406,0.840853,220,1,7424
2026/02/03/11:39:51,4808.044153,0.923969,0.831570,0.935406,0.840853,220,1,7424
2026/02/03/11:39:52,4809.044243,0.923969,0.831570,0.935406,0.840853,220,1,7424
2026/02/03/11:39:53,4810.044363,0.922063,0.828042,0.933500,0.837325,219,1,7425
2026/02/03/11:39:54,4811.044441,0.922063,0.828042,0.933500,0.837325,219,1,7425
2026/02/03/11:39:55,4812.044585,0.925156,0.835223,0.925156,0.835223,219,0,7426
2026/02/03/11:39:56,4813.044679,0.903906,0.824224,0.903906,0.824224,217,0,7428
2026/02/03/11:39:57,4814.044782,0.903906,0.824224,0.903906,0.824224,217,0,7428
2026/02/03/11:39:58,4815.044905,0.903906,0.824224,0.903906,0.824224,217,0,7428
2026/02/03/11:39:59,4816.044946,0.900875,0.822480,0.950000,0.854319,216,6,7429
2026/02/03/11:40:00,4817.045036,0.936063,0.860481,0.972812,0.886418,225,4,7429
2026/02/03/11:40:01,4818.045103,0.936063,0.860481,0.972812,0.886418,225,4,7429
2026/02/03/11:40:02,4819.045214,0.930719,0.854906,0.967469,0.880843,223,4,7431
2026/02/03/11:40:03,4820.045302,0.935750,0.858349,0.988344,0.890823,224,7,7432
2026/02/03/11:40:04,4821.045384,0.935750,0.858349,0.988344,0.890823,224,7,7432
2026/02/03/11:40:05,4822.045493,0.937094,0.859480,0.960688,0.881143,225,3,7433
2026/02/03/11:40:06,4823.045640,0.936813,0.855912,0.955125,0.875395,225,2,7434
2026/02/03/11:40:07,4824.045720,0.936813,0.855912,0.955125,0.875395,225,2,7434
2026/02/03/11:40:08,4825.045802,0.953156,0.873047,0.985094,0.900038,232,6,7434
2026/02/03/11:40:09,4826.045940,0.956281,0.876322,0.986656,0.901676,234,5,7434
2026/02/03/11:40:10,4827.046114,0.956281,0.876322,0.986656,0.901676,234,5,7434
2026/02/03/11:40:11,4828.046234,0.957594,0.876688,0.999281,0.912970,234,8,7435
2026/02/03/11:40:12,4829.046335,0.955750,0.876102,0.994031,0.910737,234,7,7436
2026/02/03/11:40:13,4830.046442,0.962562,0.893353,1.011937,0.930973,238,10,7436
2026/02/03/11:40:14,4831.046536,0.961625,0.893336,1.013906,0.941732,238,12,7437
2026/02/03/11:40:15,4832.046686,0.960125,0.881985,1.010469,0.928176,237,11,7439
2026/02/03/11:40:16,4833.046813,0.962094,0.881266,1.002312,0.917598,237,8,7442
2026/02/03/11:40:17,4834.046935,0.959344,0.877113,0.992594,0.907708,236,6,7444
2026/02/03/11:40:18,4835.047085,0.957500,0.872670,0.983062,0.897238,236,3,7447
2026/02/03/11:40:19,4836.047171,0.957500,0.872670,0.983062,0.897238,236,3,7447
2026/02/03/11:40:20,4837.047303,0.948719,0.852134,0.974281,0.876702,232,3,7451
2026/02/03/11:40:21,4838.047367,0.948719,0.852134,0.974281,0.876702,232,3,7451
2026/02/03/11:40:22,4839.047467,0.948719,0.852134,0.974281,0.876702,232,3,7451
2026/02/03/11:40:23,4840.047536,0.948719,0.852134,0.974281,0.876702,232,3,7451
2026/02/03/11:40:24,4841.047779,0.948719,0.852134,0.974281,0.876702,232,3,7451
2026/02/03/11:40:25,4842.047855,0.947594,0.870092,0.984437,0.904102,236,8,7454
2026/02/03/11:40:26,4843.047978,0.951500,0.875771,0.977062,0.900338,241,3,7456
2026/02/03/11:40:27,4844.048078,0.951500,0.875771,0.977062,0.900338,241,3,7456
2026/02/03/11:40:28,4845.048169,0.946562,0.867941,0.964875,0.887424,236,2,7462
2026/02/03/11:40:29,4846.048268,0.949250,0.870191,0.958406,0.879933,234,1,7465
2026/02/03/11:40:30,4847.048336,0.940875,0.854606,0.940875,0.854606,231,0,7469
2026/02/03/11:40:31,4848.048449,0.940875,0.854606,0.940875,0.854606,231,0,7469
2026/02/03/11:40:32,4849.048548,0.934250,0.847444,0.934250,0.847444,228,0,7472
2026/02/03/11:40:33,4850.048616,0.939281,0.852046,0.983156,0.892119,230,5,7472
2026/02/03/11:40:34,4851.048728,0.937562,0.850444,0.981437,0.890517,229,5,7473
2026/02/03/11:40:35,4852.048825,0.937562,0.850444,0.954250,0.859892,229,2,7473
2026/02/03/11:40:36,4853.048930,0.937562,0.850444,0.954250,0.859892,229,2,7473
2026/02/03/11:40:37,4854.049010,0.937562,0.850444,0.954250,0.859892,229,2,7473
2026/02/03/11:40:38,4855.049102,0.955219,0.878674,0.976562,0.891060,237,4,7473
2026/02/03/11:40:39,4856.049185,0.952750,0.876700,0.974094,0.889086,236,4,7474
2026/02/03/11:40:40,4857.049285,0.960750,0.883696,0.969437,0.887675,240,2,7477
2026/02/03/11:40:41,4858.049395,0.949688,0.877967,0.949688,0.877967,237,0,7481
2026/02/03/11:40:42,4859.049504,0.942813,0.862759,0.942813,0.862759,233,0,7485
2026/02/03/11:40:43,4860.049635,0.937344,0.851851,0.937344,0.851851,230,0,7488
2026/02/03/11:40:44,4861.049736,0.937344,0.851851,0.937344,0.851851,230,0,7488
2026/02/03/11:40:45,4862.049827,0.958094,0.876747,0.961187,0.878630,237,1,7489
2026/02/03/11:40:46,4863.049935,0.956094,0.874185,1.034500,0.907316,237,8,7493
2026/02/03/11:40:47,4864.050032,0.955906,0.893231,1.057000,0.932802,238,9,7501
2026/02/03/11:40:48,4865.050170,0.942281,0.873274,1.043375,0.912846,232,9,7507
2026/02/03/11:40:49,4866.050272,0.944375,0.876259,0.994750,0.894933,232,5,7508
2026/02/03/11:40:50,4867.050430,0.947219,0.875109,0.947219,0.875109,232,0,7509
2026/02/03/11:40:51,4868.050526,0.933813,0.867805,0.933813,0.867805,229,0,7512
2026/02/03/11:40:52,4869.050620,0.933813,0.867805,0.933813,0.867805,229,0,7512
2026/02/03/11:40:53,4870.050674,0.931312,0.866140,0.931312,0.866140,228,0,7513
2026/02/03/11:40:54,4871.050772,0.931312,0.866140,0.931312,0.866140,228,0,7513
2026/02/03/11:40:55,4872.050825,0.913750,0.857044,0.913750,0.857044,224,0,7517
2026/02/03/11:40:56,4873.050960,0.925625,0.884647,0.925625,0.884647,230,0,7517
2026/02/03/11:40:57,4874.051069,0.925625,0.884647,0.925625,0.884647,230,0,7517
2026/02/03/11:40:58,4875.051167,0.919750,0.878516,0.919750,0.878516,228,0,7519
2026/02/03/11:40:59,4876.051257,0.916375,0.874821,0.916375,0.874821,226,0,7521
2026/02/03/11:41:00,4877.051343,0.911750,0.867493,0.911750,0.867493,224,0,7523
2026/02/03/11:41:01,4878.051486,0.909375,0.863176,0.909375,0.863176,223,0,7524
2026/02/03/11:41:02,4879.051602,0.893875,0.852874,0.893875,0.852874,220,0,7527
2026/02/03/11:41:03,4880.051677,0.893875,0.852874,0.893875,0.852874,220,0,7527
2026/02/03/11:41:04,4881.051769,0.893875,0.852874,0.893875,0.852874,220,0,7527
2026/02/03/11:41:05,4882.051903,0.927469,0.867021,0.927469,0.867021,231,0,7530
2026/02/03/11:41:06,4883.051975,0.929406,0.869883,0.929406,0.869883,232,0,7530
2026/02/03/11:41:07,4884.052067,0.936562,0.871561,0.959000,0.904758,233,4,7531
2026/02/03/11:41:08,4885.052148,0.934875,0.869983,0.957313,0.903180,232,4,7532
2026/02/03/11:41:09,4886.052251,0.934875,0.869983,0.957313,0.903180,232,4,7532
2026/02/03/11:41:10,4887.052349,0.929063,0.863365,0.951500,0.896562,229,4,7535
2026/02/03/11:41:11,4888.052445,0.929063,0.863365,0.951500,0.896562,229,4,7535
2026/02/03/11:41:12,4889.052538,0.929063,0.863365,0.951500,0.896562,229,4,7535
2026/02/03/11:41:13,4890.052663,0.941187,0.875091,0.988906,0.917109,234,7,7535
2026/02/03/11:41:14,4891.052699,0.946906,0.877052,0.994625,0.919071,237,7,7536
2026/02/03/11:41:15,4892.052776,0.946313,0.878234,0.998812,0.925343,236,8,7538
2026/02/03/11:41:16,4893.052928,0.946313,0.878234,0.998812,0.925343,236,8,7538
2026/02/03/11:41:17,4894.052955,0.941063,0.876652,0.993563,0.923762,235,8,7539
2026/02/03/11:41:18,4895.053064,0.941063,0.876652,0.993563,0.923762,235,8,7539
2026/02/03/11:41:19,4896.053146,0.931875,0.884788,0.997875,0.924423,233,9,7545
2026/02/03/11:41:20,4897.053243,0.937625,0.885803,0.995094,0.922254,233,8,7546
2026/02/03/11:41:21,4898.053432,0.934438,0.877150,0.979281,0.908094,231,6,7548
2026/02/03/11:41:22,4899.053484,0.934438,0.877150,0.979281,0.908094,231,6,7548
2026/02/03/11:41:23,4900.053569,0.945937,0.891744,0.999906,0.926712,235,8,7551
2026/02/03/11:41:24,4901.053652,0.952219,0.895889,1.001594,0.926696,236,7,7554
2026/02/03/11:41:25,4902.053748,0.948406,0.886403,0.997781,0.917210,234,7,7556
2026/02/03/11:41:26,4903.053830,0.933844,0.871020,1.018094,0.909317,229,10,7561
2026/02/03/11:41:27,4904.053934,0.927937,0.865885,1.012188,0.904182,226,10,7564
2026/02/03/11:41:28,4905.054080,0.932031,0.865504,0.980781,0.895137,226,6,7565
2026/02/03/11:41:29,4906.054163,0.928156,0.857420,0.976906,0.887053,224,6,7567
2026/02/03/11:41:30,4907.054287,0.924594,0.843577,0.969781,0.859368,223,5,7568
2026/02/03/11:41:31,4908.054354,0.927375,0.830375,0.964906,0.843410,221,4,7571
2026/02/03/11:41:32,4909.054463,0.927375,0.830375,0.964906,0.843410,221,4,7571
2026/02/03/11:41:33,4910.054559,0.931312,0.834609,0.968844,0.847643,223,4,7571
2026/02/03/11:41:34,4911.054634,0.928531,0.837147,0.949719,0.843645,223,2,7573
2026/02/03/11:41:35,4912.054722,0.944813,0.856651,0.974437,0.878073,231,4,7573
2026/02/03/11:41:36,4913.054838,0.940875,0.852418,0.970500,0.873839,229,4,7575
2026/02/03/11:41:37,4914.054945,0.937969,0.845622,0.963375,0.859582,227,3,7578
2026/02/03/11:41:38,4915.055047,0.930219,0.847048,0.942875,0.850363,226,1,7581
2026/02/03/11:41:39,4916.055132,0.923031,0.842551,0.935688,0.845866,224,1,7583
2026/02/03/11:41:40,4917.055223,0.923031,0.842551,0.935688,0.845866,224,1,7583
2026/02/03/11:41:41,4918.055280,0.923031,0.842551,0.935688,0.845866,224,1,7583
2026/02/03/11:41:42,4919.055442,0.930156,0.855340,0.942813,0.858655,226,1,7586
2026/02/03/11:41:43,4920.055542,0.937813,0.867961,0.959281,0.878154,229,3,7586
2026/02/03/11:41:44,4921.055646,0.941781,0.866857,0.958844,0.873611,231,2,7588
2026/02/03/11:41:45,4922.055707,0.943531,0.865745,0.963750,0.876338,232,3,7591
2026/02/03/11:41:46,4923.055788,0.930438,0.855250,0.943094,0.858565,228,1,7599
2026/02/03/11:41:47,4924.055860,0.925375,0.844250,0.925375,0.844250,225,0,7602
2026/02/03/11:41:48,4925.055956,0.918250,0.835251,0.918250,0.835251,223,0,7604
2026/02/03/11:41:49,4926.056056,0.930625,0.852669,0.932656,0.856203,230,1,7609
2026/02/03/11:41:50,4927.056131,0.926469,0.849886,0.926469,0.849886,228,0,7612
2026/02/03/11:41:51,4928.056223,0.926469,0.849886,0.926469,0.849886,228,0,7612
2026/02/03/11:41:52,4929.056334,0.924687,0.845734,0.924687,0.845734,227,0,7613
2026/02/03/11:41:53,4930.056424,0.916250,0.840209,0.916250,0.840209,224,0,7616
2026/02/03/11:41:54,4931.056514,0.916250,0.840209,0.916250,0.840209,224,0,7616
2026/02/03/11:41:55,4932.056606,0.916250,0.840209,0.916250,0.840209,224,0,7616
2026/02/03/11:41:56,4933.056708,0.916250,0.840209,0.916250,0.840209,224,0,7616
2026/02/03/11:41:57,4934.056931,0.916250,0.840209,0.916250,0.840209,224,0,7616
2026/02/03/11:41:58,4935.057014,0.916250,0.840209,0.916250,0.840209,224,0,7616
2026/02/03/11:41:59,4936.057088,0.916250,0.840209,0.916250,0.840209,224,0,7616
2026/02/03/11:42:00,4937.057181,0.899188,0.833842,0.899188,0.833842,222,0,7618
2026/02/03/11:42:01,4938.057278,0.897531,0.826806,0.897531,0.826806,221,0,7619
2026/02/03/11:42:02,4939.057364,0.890000,0.812937,0.890000,0.812937,217,0,7623
2026/02/03/11:42:03,4940.057457,0.903531,0.820044,0.942813,0.839136,220,3,7623
2026/02/03/11:42:04,4941.057551,0.919625,0.825001,0.958906,0.844094,223,3,7624
2026/02/03/11:42:05,4942.057646,0.927969,0.845476,0.989969,0.919854,227,8,7625
2026/02/03/11:42:06,4943.057765,0.935063,0.853582,1.009906,0.935385,231,11,7626
2026/02/03/11:42:07,4944.057915,0.944937,0.860024,1.030938,0.936052,234,12,7628
2026/02/03/11:42:08,4945.057923,0.942969,0.846431,1.028969,0.922460,233,12,7629
2026/02/03/11:42:09,4946.058042,0.939469,0.843254,0.981219,0.887944,231,8,7631
2026/02/03/11:42:10,4947.058182,0.939469,0.843254,0.968938,0.864683,231,6,7631
2026/02/03/11:42:11,4948.058269,0.939469,0.843254,0.963250,0.862624,231,5,7631
2026/02/03/11:42:12,4949.058373,0.939469,0.843254,0.963250,0.862624,231,5,7631
2026/02/03/11:42:13,4950.058449,0.939469,0.843254,0.963250,0.862624,231,5,7631
2026/02/03/11:42:14,4951.058601,0.942312,0.852816,0.989000,0.879587,233,3,7635
2026/02/03/11:42:15,4952.058679,0.937844,0.850704,0.984531,0.877474,232,3,7638
2026/02/03/11:42:16,4953.058790,0.941406,0.854003,1.015250,0.889992,233,7,7638
2026/02/03/11:42:17,4954.058893,0.941469,0.849651,1.009375,0.883129,232,6,7640
2026/02/03/11:42:18,4955.058962,0.938469,0.847477,1.006375,0.880955,231,6,7641
2026/02/03/11:42:19,4956.059082,0.929406,0.840280,0.997313,0.873759,228,6,7644
2026/02/03/11:42:20,4957.059161,0.919094,0.831124,0.979844,0.862400,224,5,7648
2026/02/03/11:42:21,4958.059274,0.919094,0.831124,0.979844,0.862400,224,5,7648
2026/02/03/11:42:22,4959.059346,0.915969,0.828220,0.930031,0.832725,223,2,7649
2026/02/03/11:42:23,4960.059461,0.915969,0.828220,0.930031,0.832725,223,2,7649
2026/02/03/11:42:24,4961.059550,0.914625,0.825160,0.921656,0.827412,222,1,7651
2026/02/03/11:42:25,4962.059703,0.912375,0.820356,0.919406,0.822608,221,1,7652
2026/02/03/11:42:26,4963.059806,0.912375,0.820356,0.919406,0.822608,221,1,7652
2026/02/03/11:42:27,4964.059913,0.917937,0.827828,0.928094,0.829398,222,1,7655
2026/02/03/11:42:28,4965.059923,0.917937,0.827828,0.928094,0.829398,222,1,7655
2026/02/03/11:42:29,4966.060040,0.917937,0.827828,0.917937,0.827828,222,0,7655
2026/02/03/11:42:30,4967.060123,0.917937,0.827828,0.917937,0.827828,222,0,7655
2026/02/03/11:42:31,4968.060201,0.911281,0.821502,0.911281,0.821502,219,0,7658
2026/02/03/11:42:32,4969.060301,0.909438,0.818889,0.909438,0.818889,218,0,7659
2026/02/03/11:42:33,4970.060408,0.904156,0.813357,0.904156,0.813357,215,0,7662
2026/02/03/11:42:34,4971.060470,0.904156,0.813357,0.904156,0.813357,215,0,7662
2026/02/03/11:42:35,4972.060728,0.904156,0.813357,0.904156,0.813357,215,0,7662
2026/02/03/11:42:36,4973.060768,0.904156,0.813357,0.904156,0.813357,215,0,7662
2026/02/03/11:42:37,4974.060899,0.904156,0.813357,0.904156,0.813357,215,0,7662
2026/02/03/11:42:38,4975.060974,0.904156,0.813357,0.904156,0.813357,215,0,7662
2026/02/03/11:42:39,4976.061074,0.898062,0.802756,0.898062,0.802756,212,0,7665
2026/02/03/11:42:40,4977.061178,0.916594,0.826748,0.925719,0.828373,219,1,7665
2026/02/03/11:42:41,4978.061268,0.939500,0.863994,0.957156,0.895575,228,4,7665
2026/02/03/11:42:42,4979.061414,0.952688,0.874533,0.982469,0.910429,233,6,7665
2026/02/03/11:42:43,4980.061499,0.952625,0.873333,0.997250,0.908484,232,7,7671
2026/02/03/11:42:44,4981.061595,0.947344,0.847129,0.978313,0.859518,229,4,7676
2026/02/03/11:42:45,4982.061703,0.942656,0.845663,0.973625,0.858051,227,4,7679
2026/02/03/11:42:46,4983.061781,0.938875,0.851561,0.958562,0.854754,229,2,7686
2026/02/03/11:42:47,4984.061908,0.939562,0.853442,0.973969,0.871180,230,4,7687
2026/02/03/11:42:48,4985.061957,0.947906,0.880471,1.012031,0.909800,235,9,7687
2026/02/03/11:42:49,4986.062054,0.958438,0.891379,1.015406,0.914977,239,10,7687
2026/02/03/11:42:50,4987.062147,0.954719,0.884504,0.980969,0.896350,236,5,7691
2026/02/03/11:42:51,4988.062290,0.951219,0.879690,0.977469,0.891536,235,5,7692
2026/02/03/11:42:52,4989.062399,0.930281,0.860402,0.939406,0.862028,227,1,7700
2026/02/03/11:42:53,4990.062480,0.930281,0.860402,0.939406,0.862028,227,1,7700
2026/02/03/11:42:54,4991.062589,0.930281,0.860402,0.939406,0.862028,227,1,7700
2026/02/03/11:42:55,4992.062680,0.930281,0.860402,0.939406,0.862028,227,1,7700
2026/02/03/11:42:56,4993.062805,0.924344,0.856698,0.933469,0.858323,225,1,7702
2026/02/03/11:42:57,4994.062943,0.916937,0.852866,0.926063,0.854491,223,1,7704
2026/02/03/11:42:58,4995.063082,0.914969,0.848737,0.924094,0.850362,222,1,7705
2026/02/03/11:42:59,4996.063240,0.908656,0.845121,0.917781,0.846746,220,1,7707
2026/02/03/11:43:00,4997.063346,0.913000,0.822860,0.913000,0.822860,218,0,7710
2026/02/03/11:43:01,4998.063441,0.936750,0.848797,0.944969,0.851404,225,1,7710
2026/02/03/11:43:02,4999.063495,0.936750,0.848797,0.944969,0.851404,225,1,7710
2026/02/03/11:43:03,5000.063580,0.921438,0.829967,0.921438,0.829967,220,0,7715
2026/02/03/11:43:04,5001.063745,0.921438,0.829967,0.921438,0.829967,220,0,7715
2026/02/03/11:43:05,5002.063830,0.921438,0.829967,0.921438,0.829967,220,0,7715
2026/02/03/11:43:06,5003.063947,0.921438,0.829967,0.921438,0.829967,220,0,7715
2026/02/03/11:43:07,5004.064183,0.921438,0.829967,0.921438,0.829967,220,0,7715
2026/02/03/11:43:08,5005.064210,0.921438,0.829967,0.921438,0.829967,220,0,7715
2026/02/03/11:43:09,5006.064308,0.921438,0.829967,0.921438,0.829967,220,0,7715
2026/02/03/11:43:10,5007.064383,0.921438,0.829967,0.921438,0.829967,220,0,7715
2026/02/03/11:43:11,5008.064499,0.921438,0.829967,0.921438,0.829967,220,0,7715
2026/02/03/11:43:12,5009.064572,0.917844,0.827305,0.917844,0.827305,219,0,7716
2026/02/03/11:43:13,5010.064672,0.917844,0.827305,0.917844,0.827305,219,0,7716
2026/02/03/11:43:14,5011.064853,0.919031,0.825302,0.919031,0.825302,220,0,7719
2026/02/03/11:43:15,5012.064974,0.919031,0.825302,0.919031,0.825302,220,0,7719
2026/02/03/11:43:16,5013.065125,0.919031,0.825302,0.919031,0.825302,220,0,7719
2026/02/03/11:43:17,5014.065231,0.914531,0.820859,0.914531,0.820859,218,0,7721
2026/02/03/11:43:18,5015.065319,0.914531,0.820859,0.914531,0.820859,218,0,7721
2026/02/03/11:43:19,5016.065412,0.914531,0.820859,0.914531,0.820859,218,0,7721
2026/02/03/11:43:20,5017.065560,0.914531,0.820859,0.914531,0.820859,218,0,7721
2026/02/03/11:43:21,5018.065659,0.914531,0.820859,0.914531,0.820859,218,0,7721
2026/02/03/11:43:22,5019.065787,0.914531,0.820859,0.914531,0.820859,218,0,7721
2026/02/03/11:43:23,5020.065937,0.914531,0.820859,0.914531,0.820859,218,0,7721
2026/02/03/11:43:24,5021.065945,0.914531,0.820859,0.914531,0.820859,218,0,7721
2026/02/03/11:43:25,5022.066045,0.921281,0.826687,0.966500,0.855624,221,8,7722
2026/02/03/11:43:26,5023.066130,0.929531,0.861609,0.964688,0.870739,229,3,7724
2026/02/03/11:43:27,5024.066245,0.934094,0.869399,0.969250,0.878529,231,3,7724
2026/02/03/11:43:28,5025.066344,0.942719,0.876233,0.977875,0.885363,234,3,7728
2026/02/03/11:43:29,5026.066415,0.940344,0.868628,0.975500,0.877758,232,3,7731
2026/02/03/11:43:30,5027.066533,0.936156,0.876184,0.941719,0.880936,232,1,7734
2026/02/03/11:43:31,5028.066669,0.939344,0.879129,0.939344,0.879129,232,0,7735
2026/02/03/11:43:32,5029.066766,0.927875,0.859850,0.927875,0.859850,228,0,7739
2026/02/03/11:43:33,5030.066967,0.926250,0.855506,0.926250,0.855506,227,0,7740
2026/02/03/11:43:34,5031.067004,0.954719,0.878476,0.972656,0.887056,238,2,7742
2026/02/03/11:43:35,5032.067086,0.958094,0.888363,0.976031,0.896943,240,2,7742
2026/02/03/11:43:36,5033.067225,0.946187,0.882661,0.964125,0.891241,237,2,7745
2026/02/03/11:43:37,5034.067313,0.946187,0.882661,0.946187,0.882661,237,0,7745
2026/02/03/11:43:38,5035.067402,0.946187,0.882661,0.946187,0.882661,237,0,7745
2026/02/03/11:43:39,5036.067504,0.953844,0.891322,0.964500,0.912843,240,3,7748
2026/02/03/11:43:40,5037.067579,0.952031,0.898576,0.956063,0.905736,240,1,7750
2026/02/03/11:43:41,5038.067698,0.952031,0.898576,0.956063,0.905736,240,1,7750
2026/02/03/11:43:42,5039.067839,0.948937,0.889076,0.948937,0.889076,239,0,7751
2026/02/03/11:43:43,5040.067949,0.948937,0.889076,0.948937,0.889076,239,0,7751
2026/02/03/11:43:44,5041.068144,0.948937,0.889076,0.948937,0.889076,239,0,7751
2026/02/03/11:43:45,5042.068187,0.940531,0.879820,0.940531,0.879820,235,0,7755
2026/02/03/11:43:46,5043.068265,0.956187,0.898505,0.987375,0.927335,243,4,7755
2026/02/03/11:43:47,5044.068339,0.962469,0.907518,0.997344,0.947471,246,6,7756
2026/02/03/11:43:48,5045.068448,0.947219,0.905494,0.980250,0.939885,244,5,7759
2026/02/03/11:43:49,5046.068516,0.941844,0.894426,0.967844,0.912497,241,2,7764
2026/02/03/11:43:50,5047.069115,0.931438,0.877284,0.957438,0.895356,236,2,7769
2026/02/03/11:43:51,5048.069226,0.929156,0.864376,0.942156,0.873411,232,1,7774
2026/02/03/11:43:52,5049.069307,0.916156,0.855340,0.916156,0.855340,231,0,7775
2026/02/03/11:43:53,5050.069408,0.935781,0.870049,0.943531,0.875450,235,1,7775
2026/02/03/11:43:54,5051.069504,0.943187,0.882536,0.950937,0.887937,238,1,7775
2026/02/03/11:43:55,5052.069588,0.937750,0.877790,0.945500,0.883191,235,1,7778
2026/02/03/11:43:56,5053.069720,0.919063,0.857588,0.919063,0.857588,231,0,7782
2026/02/03/11:43:57,5054.069824,0.919063,0.857588,0.919063,0.857588,231,0,7782
2026/02/03/11:43:58,5055.069929,0.919063,0.857588,0.919063,0.857588,231,0,7782
2026/02/03/11:43:59,5056.070083,0.929156,0.850479,0.929156,0.850479,231,0,7784
2026/02/03/11:44:00,5057.070183,0.924094,0.835648,0.924094,0.835648,228,0,7787
2026/02/03/11:44:01,5058.070332,0.924094,0.835648,0.924094,0.835648,228,0,7787
2026/02/03/11:44:02,5059.070441,0.911563,0.833004,0.911563,0.833004,227,0,7788
2026/02/03/11:44:03,5060.070524,0.909031,0.829299,0.909031,0.829299,227,0,7791
2026/02/03/11:44:04,5061.070606,0.909031,0.829299,0.909031,0.829299,227,0,7791
2026/02/03/11:44:05,5062.070706,0.909031,0.829299,0.909031,0.829299,227,0,7791
2026/02/03/11:44:06,5063.070809,0.903531,0.826138,0.903531,0.826138,225,0,7793
2026/02/03/11:44:07,5064.070915,0.895750,0.820055,0.895750,0.820055,222,0,7796
2026/02/03/11:44:08,5065.070961,0.912656,0.834717,0.912656,0.834717,227,0,7796
2026/02/03/11:44:09,5066.071048,0.910219,0.831926,0.910219,0.831926,226,0,7797
2026/02/03/11:44:10,5067.071204,0.910219,0.831926,0.910219,0.831926,226,0,7797
2026/02/03/11:44:11,5068.071311,0.913563,0.833720,0.954906,0.841228,227,3,7797
2026/02/03/11:44:12,5069.071393,0.923625,0.856192,0.971250,0.867094,229,4,7800
2026/02/03/11:44:13,5070.071493,0.929719,0.864093,0.974906,0.881071,231,4,7800
2026/02/03/11:44:14,5071.071636,0.950281,0.901692,0.998594,0.932377,240,6,7800
2026/02/03/11:44:15,5072.071730,0.960875,0.910083,1.038344,0.990120,244,12,7803
2026/02/03/11:44:16,5073.071817,0.950500,0.901508,1.046750,0.992577,241,12,7808
2026/02/03/11:44:17,5074.071898,0.955438,0.905220,1.069375,1.052936,242,16,7811
2026/02/03/11:44:18,5075.071969,0.948250,0.894962,1.046781,0.958418,237,10,7825
2026/02/03/11:44:19,5076.072060,0.953344,0.905438,1.015531,0.956216,239,7,7830
2026/02/03/11:44:20,5077.072206,0.948906,0.892641,0.980500,0.928007,239,3,7835
2026/02/03/11:44:21,5078.072274,0.951000,0.895460,0.998250,0.940723,240,5,7837
2026/02/03/11:44:22,5079.072362,0.935125,0.869524,0.958719,0.883268,234,4,7846
2026/02/03/11:44:23,5080.072463,0.942031,0.877982,0.975250,0.924650,237,6,7847
2026/02/03/11:44:24,5081.072538,0.940219,0.874743,0.979250,0.948807,237,8,7852
2026/02/03/11:44:25,5082.072633,0.942281,0.878207,0.976406,0.957243,238,8,7853
2026/02/03/11:44:26,5083.072699,0.940375,0.881586,0.976156,0.970195,237,9,7855
2026/02/03/11:44:27,5084.072829,0.926500,0.869896,0.962281,0.958505,231,9,7861
2026/02/03/11:44:28,5085.072928,0.927531,0.868682,0.953906,0.945011,231,7,7862
2026/02/03/11:44:29,5086.073040,0.920406,0.876370,0.943469,0.933552,229,5,7866
2026/02/03/11:44:30,5087.073122,0.918250,0.873366,0.920344,0.887484,228,1,7867
2026/02/03/11:44:31,5088.073219,0.918250,0.873366,0.920344,0.887484,228,1,7867
2026/02/03/11:44:32,5089.073282,0.911625,0.871309,0.913719,0.885426,227,1,7868
2026/02/03/11:44:33,5090.073446,0.916594,0.879830,0.918687,0.893947,230,1,7868
2026/02/03/11:44:34,5091.073540,0.916594,0.879830,0.918687,0.893947,230,1,7868
2026/02/03/11:44:35,5092.073664,0.912375,0.875301,0.914469,0.889418,229,1,7869
2026/02/03/11:44:36,5093.073791,0.928625,0.892521,0.930719,0.906639,235,1,7869
2026/02/03/11:44:37,5094.073910,0.928625,0.892521,0.930719,0.906639,235,1,7869
2026/02/03/11:44:38,5095.073962,0.928625,0.892521,0.930719,0.906639,235,1,7869
2026/02/03/11:44:39,5096.074037,0.922438,0.885979,0.924531,0.900096,232,1,7872
2026/02/03/11:44:40,5097.074106,0.936000,0.898341,0.966219,0.938180,237,6,7872
2026/02/03/11:44:41,5098.074204,0.936000,0.898341,0.964125,0.924062,237,5,7872
2026/02/03/11:44:42,5099.074278,0.936000,0.898341,0.964125,0.924062,237,5,7872
2026/02/03/11:44:43,5100.074390,0.931031,0.889820,0.959156,0.915541,234,5,7875
2026/02/03/11:44:44,5101.074507,0.931031,0.889820,0.955031,0.906275,234,4,7875
2026/02/03/11:44:45,5102.074577,0.928875,0.889333,0.934906,0.894314,231,1,7881
2026/02/03/11:44:46,5103.074681,0.915719,0.846000,0.915719,0.846000,224,0,7889
2026/02/03/11:44:47,5104.074784,0.885781,0.825639,0.885781,0.825639,218,0,7895
2026/02/03/11:44:48,5105.074900,0.885781,0.825639,0.885781,0.825639,218,0,7895
2026/02/03/11:44:49,5106.075034,0.899875,0.817948,0.936531,0.825429,220,3,7897
2026/02/03/11:44:50,5107.075089,0.899875,0.817948,0.936531,0.825429,220,3,7897
2026/02/03/11:44:51,5108.075189,0.899875,0.817948,0.936531,0.825429,220,3,7897
2026/02/03/11:44:52,5109.075340,0.898844,0.816988,0.923281,0.821975,219,2,7899
2026/02/03/11:44:53,5110.075426,0.886625,0.814494,0.886625,0.814494,218,0,7900
2026/02/03/11:44:54,5111.075518,0.878469,0.809083,0.878469,0.809083,215,0,7903
2026/02/03/11:44:55,5112.075660,0.878469,0.809083,0.878469,0.809083,215,0,7903
2026/02/03/11:44:56,5113.075751,0.906344,0.824641,0.914594,0.833776,223,1,7906
2026/02/03/11:44:57,5114.075884,0.930125,0.864732,0.938375,0.873867,231,1,7906
2026/02/03/11:44:58,5115.075963,0.939156,0.868807,0.976688,0.889824,233,5,7910
2026/02/03/11:44:59,5116.076045,0.930312,0.853143,0.977812,0.873896,232,5,7915
2026/02/03/11:45:00,5117.076142,0.915781,0.843319,0.955031,0.854936,227,4,7920
2026/02/03/11:45:01,5118.076221,0.919875,0.838441,0.941500,0.843412,224,2,7925
2026/02/03/11:45:02,5119.076319,0.892094,0.825175,0.892094,0.825175,220,0,7930
2026/02/03/11:45:03,5120.076466,0.886656,0.821118,0.886656,0.821118,221,0,7933
2026/02/03/11:45:04,5121.076576,0.905594,0.846938,0.907469,0.849106,230,1,7934
2026/02/03/11:45:05,5122.076649,0.916969,0.866639,0.916969,0.866639,237,0,7936
2026/02/03/11:45:06,5123.076731,0.913031,0.862657,0.913031,0.862657,235,0,7938
2026/02/03/11:45:07,5124.076829,0.934625,0.909148,0.936844,0.911291,243,1,7943
2026/02/03/11:45:08,5125.076934,0.925937,0.896410,0.925937,0.896410,240,0,7950
2026/02/03/11:45:09,5126.077079,0.901563,0.877020,0.901563,0.877020,231,0,7959
2026/02/03/11:45:10,5127.077182,0.899687,0.870578,0.899687,0.870578,230,0,7960
2026/02/03/11:45:11,5128.077326,0.899687,0.870578,0.899687,0.870578,230,0,7960
2026/02/03/11:45:12,5129.077423,0.892750,0.862871,0.892750,0.862871,228,0,7962
2026/02/03/11:45:13,5130.077522,0.901438,0.869846,0.901438,0.869846,232,0,7962
2026/02/03/11:45:14,5131.077614,0.923281,0.885486,0.923281,0.885486,238,0,7962
2026/02/03/11:45:15,5132.077761,0.914375,0.875798,0.914375,0.875798,234,0,7967
2026/02/03/11:45:16,5133.077921,0.896813,0.863612,0.896813,0.863612,230,0,7971
2026/02/03/11:45:17,5134.078020,0.891281,0.831410,0.891281,0.831410,227,0,7974
2026/02/03/11:45:18,5135.078093,0.883531,0.823648,0.883531,0.823648,223,0,7978
2026/02/03/11:45:19,5136.078207,0.879344,0.819961,0.879344,0.819961,221,0,7980
2026/02/03/11:45:20,5137.078293,0.873750,0.814307,0.873750,0.814307,218,0,7983
2026/02/03/11:45:21,5138.078365,0.870000,0.806894,0.870000,0.806894,216,0,7985
2026/02/03/11:45:22,5139.078479,0.864625,0.803254,0.864625,0.803254,214,0,7987
2026/02/03/11:45:23,5140.078579,0.871719,0.811185,0.871719,0.811185,218,0,7987
2026/02/03/11:45:24,5141.078677,0.884344,0.827436,0.884344,0.827436,224,0,7987
2026/02/03/11:45:25,5142.078785,0.884344,0.827436,0.884344,0.827436,224,0,7987
2026/02/03/11:45:26,5143.078912,0.877844,0.817786,0.877844,0.817786,221,0,7990
2026/02/03/11:45:27,5144.079028,0.877844,0.817786,0.877844,0.817786,221,0,7990
2026/02/03/11:45:28,5145.079181,0.875531,0.815736,0.875531,0.815736,220,0,7991
2026/02/03/11:45:29,5146.079384,0.870469,0.809509,0.870469,0.809509,217,0,7994
2026/02/03/11:45:30,5147.079451,0.870469,0.809509,0.870469,0.809509,217,0,7994
2026/02/03/11:45:31,5148.079749,0.870469,0.809509,0.870469,0.809509,217,0,7994
2026/02/03/11:45:32,5149.079836,0.870469,0.809509,0.870469,0.809509,217,0,7994
2026/02/03/11:45:33,5150.080009,0.870469,0.809509,0.870469,0.809509,217,0,7994
2026/02/03/11:45:34,5151.080116,0.920813,0.850761,0.920813,0.850761,230,0,7994
2026/02/03/11:45:35,5152.080235,0.934375,0.864593,0.953313,0.870124,236,2,7994
2026/02/03/11:45:36,5153.080306,0.930094,0.852930,0.944937,0.856552,233,1,8000
2026/02/03/11:45:37,5154.080374,0.893375,0.830070,0.908219,0.833692,224,1,8009
2026/02/03/11:45:38,5155.080471,0.882719,0.821616,0.897563,0.825238,221,1,8014
2026/02/03/11:45:39,5156.080572,0.878938,0.812650,0.893781,0.816273,219,1,8016
2026/02/03/11:45:40,5157.080647,0.868875,0.804907,0.883719,0.808529,216,1,8020
2026/02/03/11:45:41,5158.080755,0.867094,0.802705,0.881938,0.806328,215,1,8021
2026/02/03/11:45:42,5159.080900,0.867094,0.802705,0.881938,0.806328,215,1,8021
2026/02/03/11:45:43,5160.080958,0.867094,0.802705,0.881938,0.806328,215,1,8021
2026/02/03/11:45:44,5161.081122,0.862531,0.799258,0.877375,0.802881,214,1,8022
2026/02/03/11:45:45,5162.081269,0.860563,0.793672,0.875406,0.797294,213,1,8023
2026/02/03/11:45:46,5163.081426,0.860563,0.793672,0.875406,0.797294,213,1,8023
2026/02/03/11:45:47,5164.081531,0.857812,0.792064,0.872656,0.795686,212,1,8024
2026/02/03/11:45:48,5165.081667,0.857812,0.792064,0.872656,0.795686,212,1,8024
2026/02/03/11:45:49,5166.081736,0.851437,0.784163,0.866281,0.787785,209,1,8027
2026/02/03/11:45:50,5167.081815,0.851437,0.784163,0.866281,0.787785,209,1,8027
2026/02/03/11:45:51,5168.081954,0.862719,0.782683,0.862719,0.782683,208,0,8029
2026/02/03/11:45:52,5169.082060,0.868531,0.787574,0.868531,0.787574,211,0,8029
2026/02/03/11:45:53,5170.082113,0.868531,0.787574,0.868531,0.787574,211,0,8029
2026/02/03/11:45:54,5171.082228,0.862719,0.782683,0.862719,0.782683,208,0,8032
2026/02/03/11:45:55,5172.082377,0.883062,0.821527,0.886469,0.826486,219,1,8033
2026/02/03/11:45:56,5173.082458,0.898625,0.834190,0.898625,0.834190,223,0,8034
2026/02/03/11:45:57,5174.082570,0.890312,0.817525,0.890312,0.817525,219,0,8038
2026/02/03/11:45:58,5175.082654,0.887813,0.815073,0.887813,0.815073,218,0,8039
2026/02/03/11:45:59,5176.082764,0.866281,0.806694,0.866281,0.806694,213,0,8046
2026/02/03/11:46:00,5177.082852,0.866281,0.806694,0.866281,0.806694,213,0,8046
2026/02/03/11:46:01,5178.083473,0.866281,0.806694,0.866281,0.806694,213,0,8046
2026/02/03/11:46:02,5179.083538,0.858281,0.804876,0.858281,0.804876,212,0,8047
2026/02/03/11:46:03,5180.083645,0.858281,0.804876,0.858281,0.804876,212,0,8047
2026/02/03/11:46:04,5181.083736,0.881781,0.815543,0.881781,0.815543,215,0,8048
2026/02/03/11:46:05,5182.083915,0.903969,0.840395,0.911188,0.844982,223,1,8049
2026/02/03/11:46:06,5183.084003,0.899781,0.834184,0.907000,0.838771,221,1,8051
2026/02/03/11:46:07,5184.084090,0.902469,0.831032,0.902469,0.831032,221,0,8054
2026/02/03/11:46:08,5185.084174,0.881188,0.821845,0.881188,0.821845,219,0,8058
2026/02/03/11:46:09,5186.084263,0.862187,0.810886,0.862187,0.810886,216,0,8061
2026/02/03/11:46:10,5187.084342,0.862187,0.810886,0.862187,0.810886,216,0,8061
2026/02/03/11:46:11,5188.084436,0.859875,0.805286,0.859875,0.805286,215,0,8062
2026/02/03/11:46:12,5189.084541,0.859875,0.805286,0.859875,0.805286,215,0,8062
2026/02/03/11:46:13,5190.084625,0.859875,0.805286,0.859875,0.805286,215,0,8062
2026/02/03/11:46:14,5191.084733,0.853594,0.797713,0.853594,0.797713,212,0,8065
2026/02/03/11:46:15,5192.084837,0.853594,0.797713,0.853594,0.797713,212,0,8065
2026/02/03/11:46:16,5193.084951,0.848250,0.790971,0.848250,0.790971,210,0,8067
2026/02/03/11:46:17,5194.085031,0.844812,0.787532,0.844812,0.787532,208,0,8069
2026/02/03/11:46:18,5195.085189,0.851500,0.792344,0.851500,0.792344,209,0,8069
2026/02/03/11:46:19,5196.085272,0.894844,0.837913,0.905438,0.839568,221,1,8069
2026/02/03/11:46:20,5197.085358,0.894844,0.837913,0.905438,0.839568,221,1,8069
2026/02/03/11:46:21,5198.085408,0.898750,0.834756,0.898750,0.834756,221,0,8070
2026/02/03/11:46:22,5199.085568,0.877563,0.831446,0.877563,0.831446,219,0,8072
2026/02/03/11:46:23,5200.085645,0.867625,0.815641,0.867625,0.815641,215,0,8076
2026/02/03/11:46:24,5201.085736,0.867625,0.815641,0.867625,0.815641,215,0,8076
2026/02/03/11:46:25,5202.085827,0.867625,0.815641,0.867625,0.815641,215,0,8076
2026/02/03/11:46:26,5203.085953,0.867625,0.815641,0.867625,0.815641,215,0,8076
2026/02/03/11:46:27,5204.086033,0.867625,0.815641,0.867625,0.815641,215,0,8076
2026/02/03/11:46:28,5205.086133,0.867625,0.815641,0.867625,0.815641,215,0,8076
2026/02/03/11:46:29,5206.086221,0.865781,0.813550,0.865781,0.813550,214,0,8077
2026/02/03/11:46:30,5207.086329,0.865781,0.813550,0.865781,0.813550,214,0,8077
2026/02/03/11:46:31,5208.086429,0.840375,0.797999,0.840375,0.797999,211,0,8080
2026/02/03/11:46:32,5209.086518,0.883500,0.832093,0.887437,0.833898,222,1,8083
2026/02/03/11:46:33,5210.086632,0.890469,0.835930,0.890469,0.835930,223,0,8085
2026/02/03/11:46:34,5211.086778,0.886469,0.814889,0.886469,0.814889,221,0,8087
2026/02/03/11:46:35,5212.086901,0.853281,0.797043,0.853281,0.797043,212,0,8096
2026/02/03/11:46:36,5213.086967,0.850906,0.795050,0.850906,0.795050,211,0,8097
2026/02/03/11:46:37,5214.087075,0.822375,0.777982,0.822375,0.777982,205,0,8103
2026/02/03/11:46:38,5215.087211,0.822375,0.777982,0.822375,0.777982,205,0,8103
2026/02/03/11:46:39,5216.087301,0.822375,0.777982,0.822375,0.777982,205,0,8103
2026/02/03/11:46:40,5217.087399,0.822375,0.777982,0.822375,0.777982,205,0,8103
2026/02/03/11:46:41,5218.087481,0.822375,0.777982,0.822375,0.777982,205,0,8103
2026/02/03/11:46:42,5219.087558,0.819531,0.774531,0.819531,0.774531,204,0,8104
2026/02/03/11:46:43,5220.087652,0.819531,0.774531,0.819531,0.774531,204,0,8104
2026/02/03/11:46:44,5221.087805,0.819531,0.774531,0.819531,0.774531,204,0,8104
2026/02/03/11:46:45,5222.087935,0.862375,0.815000,0.893188,0.830776,214,3,8104
2026/02/03/11:46:46,5223.088007,0.888062,0.853144,0.916250,0.873471,219,3,8104
2026/02/03/11:46:47,5224.088104,0.910469,0.874660,0.954375,0.931937,229,7,8104
2026/02/03/11:46:48,5225.088286,0.929188,0.878102,0.986219,0.927309,233,8,8110
2026/02/03/11:46:49,5226.088359,0.926719,0.873637,0.976375,0.918780,235,6,8116
2026/02/03/11:46:50,5227.088411,0.923469,0.871887,0.967781,0.907023,233,5,8119
2026/02/03/11:46:51,5228.088574,0.923375,0.871810,0.967688,0.906946,232,5,8122
2026/02/03/11:46:52,5229.088662,0.900250,0.864153,0.939219,0.889281,225,4,8130
2026/02/03/11:46:53,5230.088763,0.900250,0.864153,0.939219,0.889281,225,4,8130
2026/02/03/11:46:54,5231.088886,0.897000,0.860365,0.935969,0.885493,223,4,8132
2026/02/03/11:46:55,5232.088958,0.891437,0.849924,0.916281,0.858385,220,2,8137
2026/02/03/11:46:56,5233.089036,0.928250,0.897388,0.955031,0.915050,233,3,8137
2026/02/03/11:46:57,5234.089144,0.930656,0.899721,0.964187,0.928879,234,5,8137
2026/02/03/11:46:58,5235.089278,0.930656,0.899721,0.964187,0.928879,234,5,8137
2026/02/03/11:46:59,5236.089371,0.923781,0.897120,0.962000,0.937608,232,6,8141
2026/02/03/11:47:00,5237.089493,0.941156,0.895853,0.979094,0.920841,236,5,8148
2026/02/03/11:47:01,5238.089610,0.944531,0.901601,0.979094,0.920841,237,4,8148
2026/02/03/11:47:02,5239.089688,0.944531,0.901601,0.973406,0.918602,237,3,8148
2026/02/03/11:47:03,5240.089792,0.938844,0.899362,0.955187,0.912884,236,2,8149
2026/02/03/11:47:04,5241.089907,0.933406,0.864312,0.949750,0.877835,233,2,8152
2026/02/03/11:47:05,5242.089926,0.930625,0.870407,0.958281,0.888638,233,4,8156
2026/02/03/11:47:06,5243.090025,0.940156,0.887600,0.940156,0.887600,240,0,8158
2026/02/03/11:47:07,5244.090172,0.936719,0.882300,0.936719,0.882300,239,0,8159
2026/02/03/11:47:08,5245.090268,0.919844,0.869409,0.919844,0.869409,233,0,8165
2026/02/03/11:47:09,5246.090355,0.916469,0.867345,0.916469,0.867345,232,0,8166
2026/02/03/11:47:10,5247.090515,0.939813,0.893620,0.964187,0.917952,241,4,8166
2026/02/03/11:47:11,5248.090665,0.949313,0.899136,0.975719,0.925359,244,5,8166
2026/02/03/11:47:12,5249.090744,0.949313,0.899136,0.955469,0.902802,244,2,8166
2026/02/03/11:47:13,5250.090857,0.943031,0.889990,0.943031,0.889990,241,0,8170
2026/02/03/11:47:14,5251.090946,0.945375,0.887842,0.952937,0.895497,243,2,8171
2026/02/03/11:47:15,5252.091003,0.944031,0.887102,0.947812,0.890930,242,1,8173
2026/02/03/11:47:16,5253.091163,0.939156,0.883652,0.939156,0.883652,240,0,8176
2026/02/03/11:47:17,5254.091255,0.931406,0.873748,0.931406,0.873748,236,0,8180
2026/02/03/11:47:18,5255.091391,0.922656,0.864934,0.922656,0.864934,234,0,8182
2026/02/03/11:47:19,5256.091466,0.916969,0.860329,0.916969,0.860329,232,0,8184
2026/02/03/11:47:20,5257.091564,0.932344,0.895491,0.932344,0.895491,239,0,8185
2026/02/03/11:47:21,5258.091653,0.932344,0.895491,0.932344,0.895491,239,0,8185
2026/02/03/11:47:22,5259.091934,0.932312,0.890646,0.932312,0.890646,238,0,8191
2026/02/03/11:47:23,5260.091944,0.930156,0.887287,0.930156,0.887287,237,0,8192
2026/02/03/11:47:24,5261.092045,0.926687,0.881645,0.926687,0.881645,235,0,8194
2026/02/03/11:47:25,5262.092149,0.943344,0.902252,0.943344,0.902252,242,0,8194
2026/02/03/11:47:26,5263.092242,0.941469,0.900980,0.945469,0.913642,241,2,8196
2026/02/03/11:47:27,5264.092354,0.941469,0.900980,0.945469,0.913642,241,2,8196
2026/02/03/11:47:28,5265.092457,0.939312,0.895314,0.943312,0.907975,240,2,8197
2026/02/03/11:47:29,5266.092540,0.921406,0.861759,0.921406,0.861759,235,0,8202
2026/02/03/11:47:30,5267.092656,0.910469,0.851538,0.910469,0.851538,231,0,8206
2026/02/03/11:47:31,5268.092767,0.910469,0.851538,0.910469,0.851538,231,0,8206
2026/02/03/11:47:32,5269.092857,0.934937,0.875933,0.934937,0.875933,242,0,8206
2026/02/03/11:47:33,5270.092975,0.944844,0.896004,0.972656,0.933666,247,5,8208
2026/02/03/11:47:34,5271.093080,0.944781,0.899525,0.970750,0.935168,248,4,8211
2026/02/03/11:47:35,5272.093169,0.939063,0.891257,0.951625,0.923623,245,3,8214
2026/02/03/11:47:36,5273.093269,0.933531,0.885203,0.946094,0.917569,242,3,8217
2026/02/03/11:47:37,5274.093362,0.926406,0.880257,0.938969,0.912623,239,3,8220
2026/02/03/11:47:38,5275.093456,0.918219,0.871470,0.930781,0.903836,235,3,8224
2026/02/03/11:47:39,5276.093549,0.921344,0.865649,0.925156,0.896339,233,2,8227
2026/02/03/11:47:40,5277.093644,0.909281,0.856481,0.909281,0.856481,229,0,8231
2026/02/03/11:47:41,5278.093740,0.909281,0.856481,0.909281,0.856481,229,0,8231
2026/02/03/11:47:42,5279.093832,0.907312,0.854696,0.907312,0.854696,228,0,8232
2026/02/03/11:47:43,5280.093948,0.899094,0.835757,0.899094,0.835757,226,0,8234
2026/02/03/11:47:44,5281.094030,0.894188,0.832114,0.894188,0.832114,225,0,8235
2026/02/03/11:47:45,5282.094148,0.921156,0.854374,0.953469,0.861933,233,3,8237
2026/02/03/11:47:46,5283.094251,0.928125,0.857306,0.971625,0.881079,235,5,8240
2026/02/03/11:47:47,5284.094386,0.930656,0.867251,0.969844,0.881211,237,4,8244
2026/02/03/11:47:48,5285.094457,0.922156,0.856573,0.967969,0.876637,234,5,8250
2026/02/03/11:47:49,5286.094558,0.919937,0.849175,0.959125,0.863135,230,4,8255
2026/02/03/11:47:50,5287.094727,0.917875,0.847586,0.957063,0.861546,229,4,8256
2026/02/03/11:47:51,5288.094908,0.917875,0.847586,0.957063,0.861546,229,4,8256
2026/02/03/11:47:52,5289.094993,0.906156,0.839131,0.930656,0.844700,226,2,8259
2026/02/03/11:47:53,5290.095083,0.906156,0.839131,0.906156,0.839131,226,0,8259
2026/02/03/11:47:54,5291.095174,0.906156,0.839131,0.906156,0.839131,226,0,8259
2026/02/03/11:47:55,5292.095271,0.895844,0.825092,0.895844,0.825092,223,0,8262
2026/02/03/11:47:56,5293.095365,0.885781,0.812430,0.885781,0.812430,218,0,8267
2026/02/03/11:47:57,5294.095452,0.875781,0.800503,0.875781,0.800503,214,0,8271
2026/02/03/11:47:58,5295.095547,0.873844,0.797266,0.873844,0.797266,213,0,8272
2026/02/03/11:47:59,5296.095612,0.873844,0.797266,0.873844,0.797266,213,0,8272
2026/02/03/11:48:00,5297.095841,0.873844,0.797266,0.873844,0.797266,213,0,8272
2026/02/03/11:48:01,5298.095888,0.900687,0.822932,0.900687,0.822932,220,0,8273
2026/02/03/11:48:02,5299.095969,0.900687,0.822932,0.900687,0.822932,220,0,8273
2026/02/03/11:48:03,5300.096077,0.878313,0.809242,0.878313,0.809242,215,0,8278
2026/02/03/11:48:04,5301.096211,0.874375,0.807445,0.874375,0.807445,214,0,8279
2026/02/03/11:48:05,5302.096284,0.874375,0.807445,0.874375,0.807445,214,0,8279
2026/02/03/11:48:06,5303.096394,0.859844,0.777278,0.859844,0.777278,209,0,8284
2026/02/03/11:48:07,5304.096461,0.859844,0.777278,0.859844,0.777278,209,0,8284
2026/02/03/11:48:08,5305.096562,0.858156,0.773874,0.858156,0.773874,208,0,8285
2026/02/03/11:48:09,5306.096683,0.873000,0.789207,0.873000,0.789207,211,0,8287
2026/02/03/11:48:10,5307.096777,0.873000,0.789207,0.873000,0.789207,211,0,8287
2026/02/03/11:48:11,5308.096846,0.873000,0.789207,0.873000,0.789207,211,0,8287
2026/02/03/11:48:12,5309.096946,0.861719,0.775371,0.861719,0.775371,209,0,8289
2026/02/03/11:48:13,5310.097111,0.856906,0.769340,0.856906,0.769340,207,0,8291
2026/02/03/11:48:14,5311.097200,0.853781,0.766728,0.853781,0.766728,206,0,8292
2026/02/03/11:48:15,5312.097290,0.853781,0.766728,0.853781,0.766728,206,0,8292
2026/02/03/11:48:16,5313.097377,0.853781,0.766728,0.853781,0.766728,206,0,8292
2026/02/03/11:48:17,5314.097534,0.853781,0.766728,0.853781,0.766728,206,0,8292
2026/02/03/11:48:18,5315.097615,0.853781,0.766728,0.853781,0.766728,206,0,8292
2026/02/03/11:48:19,5316.097720,0.850406,0.758522,0.850406,0.758522,204,0,8294
2026/02/03/11:48:20,5317.097777,0.867188,0.780289,0.867188,0.780289,208,0,8297
2026/02/03/11:48:21,5318.097944,0.867188,0.780289,0.867188,0.780289,208,0,8297
2026/02/03/11:48:22,5319.098023,0.867188,0.780289,0.867188,0.780289,208,0,8297
2026/02/03/11:48:23,5320.098099,0.882188,0.795974,0.882188,0.795974,212,0,8300
2026/02/03/11:48:24,5321.098199,0.892469,0.809899,0.892469,0.809899,214,0,8302
2026/02/03/11:48:25,5322.098299,0.886406,0.805417,0.886406,0.805417,212,0,8304
2026/02/03/11:48:26,5323.098387,0.861563,0.771809,0.861563,0.771809,205,0,8311
2026/02/03/11:48:27,5324.098484,0.906750,0.790730,0.906750,0.790730,213,0,8313
2026/02/03/11:48:28,5325.098568,0.926219,0.807553,0.932500,0.809514,220,1,8313
2026/02/03/11:48:29,5326.098632,0.931688,0.827086,0.953969,0.842711,225,4,8315
2026/02/03/11:48:30,5327.098750,0.950156,0.841174,0.993938,0.852208,230,6,8319
2026/02/03/11:48:31,5328.098815,0.931875,0.823468,0.944406,0.828076,223,2,8334
2026/02/03/11:48:32,5329.098924,0.928250,0.802401,0.932438,0.804558,222,1,8342
2026/02/03/11:48:33,5330.099044,0.940969,0.826855,0.979781,0.863604,226,5,8346
2026/02/03/11:48:34,5331.099128,0.936969,0.844113,0.982031,0.904910,227,7,8350
2026/02/03/11:48:35,5332.099212,0.926312,0.832235,0.954250,0.876711,222,5,8356
2026/02/03/11:48:36,5333.099294,0.932312,0.843575,0.960250,0.888051,225,5,8359
2026/02/03/11:48:37,5334.099347,0.927875,0.848246,0.952688,0.880698,224,4,8363
2026/02/03/11:48:38,5335.099434,0.927844,0.850022,0.952656,0.882473,223,4,8366
2026/02/03/11:48:39,5336.099535,0.924656,0.841408,0.944344,0.846782,221,2,8369
2026/02/03/11:48:40,5337.099612,0.919656,0.837716,0.939344,0.843089,219,2,8371
2026/02/03/11:48:41,5338.099691,0.898563,0.820472,0.918250,0.825845,212,2,8378
2026/02/03/11:48:42,5339.099798,0.898563,0.820472,0.918250,0.825845,212,2,8378
2026/02/03/11:48:43,5340.099930,0.890094,0.803675,0.899937,0.806361,211,1,8380
2026/02/03/11:48:44,5341.100029,0.890094,0.803675,0.899937,0.806361,211,1,8380
2026/02/03/11:48:45,5342.100102,0.890094,0.803675,0.899937,0.806361,211,1,8380
2026/02/03/11:48:46,5343.100193,0.909687,0.821843,0.919531,0.824530,216,1,8380
2026/02/03/11:48:47,5344.100300,0.909687,0.821843,0.919531,0.824530,216,1,8380
2026/02/03/11:48:48,5345.100369,0.909687,0.821843,0.919531,0.824530,216,1,8380
2026/02/03/11:48:49,5346.100463,0.909687,0.821843,0.919531,0.824530,216,1,8380
2026/02/03/11:48:50,5347.100559,0.912375,0.829490,0.928594,0.839252,219,4,8381
2026/02/03/11:48:51,5348.100702,0.925312,0.843078,0.958688,0.852314,225,4,8381
2026/02/03/11:48:52,5349.100857,0.925312,0.843078,0.958688,0.852314,225,4,8381
2026/02/03/11:48:53,5350.100977,0.920625,0.835284,0.959156,0.847107,222,5,8384
2026/02/03/11:48:54,5351.101050,0.926438,0.840335,1.026188,0.865781,225,11,8384
2026/02/03/11:48:55,5352.101128,0.930719,0.838368,1.019625,0.859269,224,9,8387
2026/02/03/11:48:56,5353.101228,0.922250,0.832342,0.981938,0.844734,222,5,8390
2026/02/03/11:48:57,5354.101297,0.922250,0.832342,0.981938,0.844734,222,5,8390
2026/02/03/11:48:58,5355.101465,0.922250,0.832342,0.981938,0.844734,222,5,8390
2026/02/03/11:48:59,5356.101596,0.922250,0.832342,0.981938,0.844734,222,5,8390
2026/02/03/11:49:00,5357.101694,0.910875,0.828424,0.920719,0.831111,220,1,8392
2026/02/03/11:49:01,5358.101783,0.905062,0.823373,0.914906,0.826060,217,1,8395
2026/02/03/11:49:02,5359.101848,0.902844,0.814411,0.902844,0.814411,214,0,8399
2026/02/03/11:49:03,5360.102012,0.884000,0.808529,0.884000,0.808529,211,0,8402
2026/02/03/11:49:04,5361.102166,0.884000,0.808529,0.884000,0.808529,211,0,8402
2026/02/03/11:49:05,5362.102262,0.884000,0.808529,0.884000,0.808529,211,0,8402
2026/02/03/11:49:06,5363.102365,0.881875,0.806885,0.881875,0.806885,210,0,8403
2026/02/03/11:49:07,5364.102469,0.870594,0.765375,0.870594,0.765375,206,0,8407
2026/02/03/11:49:08,5365.102616,0.870594,0.765375,0.870594,0.765375,206,0,8407
2026/02/03/11:49:09,5366.102706,0.874406,0.767299,0.874406,0.767299,207,0,8407
2026/02/03/11:49:10,5367.102801,0.894281,0.780698,0.915219,0.793833,213,2,8407
2026/02/03/11:49:11,5368.102916,0.876437,0.770210,0.886906,0.776777,207,1,8414
2026/02/03/11:49:12,5369.102988,0.867375,0.764721,0.877844,0.771288,204,1,8417
2026/02/03/11:49:13,5370.103196,0.862250,0.762571,0.872719,0.769138,203,1,8418
2026/02/03/11:49:14,5371.103311,0.873156,0.760637,0.883625,0.767204,203,1,8421
2026/02/03/11:49:15,5372.103376,0.870906,0.758031,0.881375,0.764599,202,1,8422
2026/02/03/11:49:16,5373.103484,0.881844,0.773246,0.913344,0.785851,208,3,8425
2026/02/03/11:49:17,5374.103644,0.898375,0.806857,0.956937,0.825969,217,5,8425
2026/02/03/11:49:18,5375.103744,0.903594,0.813217,0.977594,0.838649,220,7,8425
2026/02/03/11:49:19,5376.103905,0.904406,0.811343,0.981125,0.840124,221,8,8432
2026/02/03/11:49:20,5377.103962,0.910250,0.830268,0.984750,0.857425,223,7,8435
2026/02/03/11:49:21,5378.104074,0.910312,0.827854,0.950812,0.845950,222,4,8438
2026/02/03/11:49:22,5379.104137,0.908094,0.824835,0.948594,0.842930,221,4,8439
2026/02/03/11:49:23,5380.104247,0.887437,0.805605,0.927937,0.823701,213,4,8447
2026/02/03/11:49:24,5381.104336,0.887437,0.805605,0.927937,0.823701,213,4,8447
2026/02/03/11:49:25,5382.104424,0.883312,0.797644,0.909781,0.813230,211,3,8449
2026/02/03/11:49:26,5383.104513,0.883312,0.797644,0.909781,0.813230,211,3,8449
2026/02/03/11:49:27,5384.104578,0.912406,0.842515,0.937281,0.861140,217,3,8454
2026/02/03/11:49:28,5385.104668,0.936156,0.872678,0.971625,0.896577,226,4,8457
2026/02/03/11:49:29,5386.104743,0.934438,0.867144,1.004813,0.909274,223,8,8465
2026/02/03/11:49:30,5387.104844,0.923219,0.861934,0.974562,0.884971,222,4,8474
2026/02/03/11:49:31,5388.104967,0.923219,0.861934,0.974562,0.884971,222,4,8474
2026/02/03/11:49:32,5389.105053,0.895844,0.839391,0.936719,0.855861,216,3,8481
2026/02/03/11:49:33,5390.105149,0.874906,0.826257,0.915781,0.842727,214,3,8483
2026/02/03/11:49:34,5391.105295,0.870875,0.824614,0.911750,0.841083,213,3,8484
2026/02/03/11:49:35,5392.105392,0.870875,0.824614,0.911750,0.841083,213,3,8484
2026/02/03/11:49:36,5393.105493,0.870875,0.824614,0.911750,0.841083,213,3,8484
2026/02/03/11:49:37,5394.105654,0.861719,0.797965,0.902594,0.814435,209,3,8488
2026/02/03/11:49:38,5395.105745,0.868313,0.795970,0.895563,0.806950,209,2,8489
2026/02/03/11:49:39,5396.105940,0.878781,0.823437,0.893656,0.828411,216,1,8490
2026/02/03/11:49:40,5397.106032,0.878781,0.823437,0.893656,0.828411,216,1,8490
2026/02/03/11:49:41,5398.106164,0.872875,0.815568,0.887750,0.820541,213,1,8493
2026/02/03/11:49:42,5399.106268,0.870750,0.809381,0.885625,0.814355,212,1,8494
2026/02/03/11:49:43,5400.106389,0.865594,0.804669,0.880469,0.809643,209,1,8497
2026/02/03/11:49:44,5401.106540,0.865594,0.804669,0.880469,0.809643,209,1,8497
2026/02/03/11:49:45,5402.106649,0.865594,0.804669,0.880469,0.809643,209,1,8497
2026/02/03/11:49:46,5403.106803,0.865594,0.804669,0.880469,0.809643,209,1,8497
2026/02/03/11:49:47,5404.106910,0.880313,0.825086,0.896844,0.834627,212,2,8500
2026/02/03/11:49:48,5405.106940,0.881969,0.829653,0.896844,0.834627,213,1,8500
2026/02/03/11:49:49,5406.107030,0.881969,0.829653,0.896844,0.834627,213,1,8500
2026/02/03/11:49:50,5407.107178,0.880313,0.825086,0.895188,0.830060,212,1,8501
2026/02/03/11:49:51,5408.107259,0.880313,0.825086,0.895188,0.830060,212,1,8501
2026/02/03/11:49:52,5409.107358,0.859344,0.803283,0.874219,0.808257,207,1,8506
2026/02/03/11:49:53,5410.107462,0.887219,0.848503,0.914281,0.861361,215,3,8506
2026/02/03/11:49:54,5411.107532,0.898094,0.853639,0.925156,0.866496,218,3,8506
2026/02/03/11:49:55,5412.107620,0.915719,0.885484,0.928281,0.908565,223,3,8509
2026/02/03/11:49:56,5413.107722,0.919844,0.887454,0.941125,0.912302,224,4,8509
2026/02/03/11:49:57,5414.107809,0.923188,0.883958,0.962094,0.921079,225,6,8513
2026/02/03/11:49:58,5415.107901,0.924656,0.884265,0.974500,0.942794,226,8,8515
2026/02/03/11:49:59,5416.107956,0.922406,0.890224,0.972250,0.948753,225,8,8519
2026/02/03/11:50:00,5417.108054,0.906844,0.869014,0.947969,0.925777,219,7,8526
2026/02/03/11:50:01,5418.109426,0.909813,0.870334,0.941031,0.900146,219,4,8529
2026/02/03/11:50:02,5419.109527,0.904969,0.863712,0.930719,0.882819,216,3,8533
2026/02/03/11:50:03,5420.109629,0.904969,0.863712,0.930719,0.882819,216,3,8533
2026/02/03/11:50:04,5421.109703,0.904969,0.863712,0.930719,0.882819,216,3,8533
2026/02/03/11:50:05,5422.109850,0.904969,0.863712,0.930719,0.882819,216,3,8533
2026/02/03/11:50:06,5423.109958,0.899625,0.858460,0.925375,0.877568,213,3,8536
2026/02/03/11:50:07,5424.110056,0.915250,0.881856,0.964531,0.917103,220,6,8536
2026/02/03/11:50:08,5425.110148,0.917344,0.883494,0.966625,0.918741,221,6,8536
2026/02/03/11:50:09,5426.110232,0.917344,0.883494,0.966625,0.918741,221,6,8536
2026/02/03/11:50:10,5427.110338,0.913219,0.871985,0.962500,0.907232,219,6,8538
2026/02/03/11:50:11,5428.110480,0.881188,0.817744,0.925000,0.842288,211,5,8546
2026/02/03/11:50:12,5429.110574,0.878500,0.814787,0.922312,0.839330,210,5,8547
2026/02/03/11:50:13,5430.110668,0.878500,0.814787,0.922312,0.839330,210,5,8547
2026/02/03/11:50:14,5431.110765,0.873437,0.799476,0.909406,0.818638,206,4,8552
2026/02/03/11:50:15,5432.110849,0.873437,0.799476,0.909406,0.818638,206,4,8552
2026/02/03/11:50:16,5433.110953,0.873656,0.806828,0.909625,0.825991,207,4,8553
2026/02/03/11:50:17,5434.111021,0.871750,0.802508,0.907719,0.821671,206,4,8554
2026/02/03/11:50:18,5435.111110,0.871750,0.802508,0.907719,0.821671,206,4,8554
2026/02/03/11:50:19,5436.111204,0.871750,0.802508,0.907719,0.821671,206,4,8554
2026/02/03/11:50:20,5437.111350,0.871750,0.802508,0.907719,0.821671,206,4,8554
2026/02/03/11:50:21,5438.111449,0.871750,0.802508,0.907719,0.821671,206,4,8554
2026/02/03/11:50:22,5439.111551,0.871750,0.802508,0.907719,0.821671,206,4,8554
2026/02/03/11:50:23,5440.111698,0.868125,0.793083,0.904094,0.812245,204,4,8556
2026/02/03/11:50:24,5441.111787,0.868125,0.793083,0.904094,0.812245,204,4,8556
2026/02/03/11:50:25,5442.111917,0.868938,0.781958,0.884906,0.794173,202,2,8560
2026/02/03/11:50:26,5443.111952,0.868938,0.781958,0.884906,0.794173,202,2,8560
2026/02/03/11:50:27,5444.112105,0.868938,0.781958,0.884906,0.794173,202,2,8560
2026/02/03/11:50:28,5445.112224,0.868938,0.781958,0.884906,0.794173,202,2,8560
2026/02/03/11:50:29,5446.112318,0.868938,0.781958,0.884906,0.794173,202,2,8560
2026/02/03/11:50:30,5447.112400,0.868938,0.781958,0.884906,0.794173,202,2,8560
2026/02/03/11:50:31,5448.112499,0.870531,0.783749,0.886500,0.795964,203,2,8560
2026/02/03/11:50:32,5449.112582,0.862187,0.792828,0.862187,0.792828,203,0,8562
2026/02/03/11:50:33,5450.112706,0.862187,0.792828,0.862187,0.792828,203,0,8562
2026/02/03/11:50:34,5451.112770,0.838656,0.776688,0.838656,0.776688,200,0,8565
2026/02/03/11:50:35,5452.112899,0.838656,0.776688,0.838656,0.776688,200,0,8565
2026/02/03/11:50:36,5453.113004,0.838656,0.776688,0.838656,0.776688,200,0,8565
2026/02/03/11:50:37,5454.113087,0.829656,0.768140,0.829656,0.768140,198,0,8567
2026/02/03/11:50:38,5455.113183,0.829656,0.768140,0.829656,0.768140,198,0,8567
2026/02/03/11:50:39,5456.113276,0.829656,0.768140,0.829656,0.768140,198,0,8567
2026/02/03/11:50:40,5457.113385,0.829656,0.768140,0.829656,0.768140,198,0,8567
2026/02/03/11:50:41,5458.113481,0.829656,0.768140,0.829656,0.768140,198,0,8567
2026/02/03/11:50:42,5459.113587,0.829656,0.768140,0.829656,0.768140,198,0,8567
2026/02/03/11:50:43,5460.113695,0.839250,0.777262,0.839250,0.777262,199,0,8567
2026/02/03/11:50:44,5461.113796,0.839250,0.777262,0.839250,0.777262,199,0,8567
2026/02/03/11:50:45,5462.113887,0.846219,0.797353,0.877062,0.808554,202,4,8568
2026/02/03/11:50:46,5463.114007,0.885750,0.843730,0.911188,0.847139,213,2,8568
2026/02/03/11:50:47,5464.114100,0.873375,0.839849,0.898813,0.843258,211,2,8570
2026/02/03/11:50:48,5465.114212,0.873406,0.836586,0.898844,0.839995,210,2,8573
2026/02/03/11:50:49,5466.114305,0.864344,0.808568,0.889781,0.811977,205,2,8578
2026/02/03/11:50:50,5467.114411,0.851125,0.784040,0.876563,0.787449,201,2,8582
2026/02/03/11:50:51,5468.114562,0.844156,0.774185,0.869594,0.777593,197,2,8586
2026/02/03/11:50:52,5469.114625,0.844156,0.774185,0.869594,0.777593,197,2,8586
2026/02/03/11:50:53,5470.114793,0.844156,0.774185,0.844156,0.774185,197,0,8586
2026/02/03/11:50:54,5471.114947,0.834562,0.765063,0.834562,0.765063,196,0,8587
2026/02/03/11:50:55,5472.115099,0.834562,0.765063,0.834562,0.765063,196,0,8587
2026/02/03/11:50:56,5473.115195,0.834562,0.765063,0.834562,0.765063,196,0,8587
2026/02/03/11:50:57,5474.115295,0.853719,0.783385,0.853719,0.783385,201,0,8587
2026/02/03/11:50:58,5475.115374,0.857219,0.787540,0.857219,0.787540,203,0,8587
2026/02/03/11:50:59,5476.115460,0.851812,0.781562,0.851812,0.781562,202,0,8588
2026/02/03/11:51:00,5477.115556,0.842156,0.775797,0.842156,0.775797,199,0,8591
2026/02/03/11:51:01,5478.115708,0.805406,0.740572,0.805406,0.740572,192,0,8598
2026/02/03/11:51:02,5479.115858,0.801937,0.737505,0.801937,0.737505,191,0,8599
2026/02/03/11:51:03,5480.115955,0.801937,0.737505,0.801937,0.737505,191,0,8599
2026/02/03/11:51:04,5481.116035,0.801937,0.737505,0.801937,0.737505,191,0,8599
2026/02/03/11:51:05,5482.116119,0.806094,0.750205,0.806094,0.750205,193,0,8600
2026/02/03/11:51:06,5483.116254,0.806094,0.750205,0.806094,0.750205,193,0,8600
2026/02/03/11:51:07,5484.116360,0.825750,0.777433,0.825750,0.777433,196,0,8600
2026/02/03/11:51:08,5485.116446,0.825750,0.777433,0.825750,0.777433,196,0,8600
2026/02/03/11:51:09,5486.116527,0.853812,0.789016,0.853812,0.789016,202,0,8600
2026/02/03/11:51:10,5487.116628,0.853812,0.789016,0.853812,0.789016,202,0,8600
2026/02/03/11:51:11,5488.116780,0.838063,0.767653,0.838063,0.767653,200,0,8602
2026/02/03/11:51:12,5489.116896,0.838250,0.778914,0.838250,0.778914,204,0,8605
2026/02/03/11:51:13,5490.116969,0.836625,0.776703,0.836625,0.776703,203,0,8606
2026/02/03/11:51:14,5491.117119,0.865156,0.805376,0.865156,0.805376,211,0,8607
2026/02/03/11:51:15,5492.117280,0.885094,0.824526,0.885094,0.824526,217,0,8609
2026/02/03/11:51:16,5493.117770,0.866812,0.804840,0.866812,0.804840,211,0,8615
2026/02/03/11:51:17,5494.117933,0.856031,0.789251,0.856031,0.789251,207,0,8619
2026/02/03/11:51:18,5495.118014,0.851344,0.778954,0.851344,0.778954,204,0,8622
2026/02/03/11:51:19,5496.118128,0.846063,0.774481,0.846063,0.774481,203,0,8623
2026/02/03/11:51:20,5497.118225,0.838406,0.764085,0.838406,0.764085,199,0,8627
2026/02/03/11:51:21,5498.118372,0.850969,0.770613,0.857594,0.774829,202,1,8627
2026/02/03/11:51:22,5499.118487,0.875469,0.787093,0.875469,0.787093,207,0,8627
2026/02/03/11:51:23,5500.118569,0.869687,0.778344,0.869687,0.778344,205,0,8629
2026/02/03/11:51:24,5501.118673,0.869687,0.778344,0.869687,0.778344,205,0,8629
2026/02/03/11:51:25,5502.118798,0.849812,0.765694,0.849812,0.765694,202,0,8632
2026/02/03/11:51:26,5503.118961,0.851969,0.767484,0.851969,0.767484,203,0,8632
2026/02/03/11:51:27,5504.119108,0.857094,0.769365,0.857094,0.769365,204,0,8632
2026/02/03/11:51:28,5505.119199,0.857094,0.769365,0.857094,0.769365,204,0,8632
2026/02/03/11:51:29,5506.119342,0.846406,0.765722,0.846406,0.765722,202,0,8634
2026/02/03/11:51:30,5507.119498,0.846406,0.765722,0.846406,0.765722,202,0,8634
2026/02/03/11:51:31,5508.119572,0.846406,0.765722,0.846406,0.765722,202,0,8634
2026/02/03/11:51:32,5509.119696,0.846406,0.765722,0.846406,0.765722,202,0,8634
2026/02/03/11:51:33,5510.119837,0.841281,0.763840,0.841281,0.763840,201,0,8635
2026/02/03/11:51:34,5511.119981,0.838906,0.761050,0.838906,0.761050,200,0,8636
2026/02/03/11:51:35,5512.120106,0.838906,0.761050,0.838906,0.761050,200,0,8636
2026/02/03/11:51:36,5513.120222,0.836250,0.758629,0.836250,0.758629,199,0,8637
2026/02/03/11:51:37,5514.120362,0.836250,0.758629,0.836250,0.758629,199,0,8637
2026/02/03/11:51:38,5515.120484,0.836250,0.758629,0.836250,0.758629,199,0,8637
2026/02/03/11:51:39,5516.120584,0.856250,0.775924,0.856250,0.775924,206,0,8637
2026/02/03/11:51:40,5517.120690,0.841094,0.770883,0.841094,0.770883,203,0,8640
2026/02/03/11:51:41,5518.120786,0.856625,0.792863,0.881563,0.800833,209,2,8645
2026/02/03/11:51:42,5519.120904,0.849938,0.789284,0.874875,0.797254,207,2,8647
2026/02/03/11:51:43,5520.120996,0.849938,0.789284,0.874875,0.797254,207,2,8647
2026/02/03/11:51:44,5521.121072,0.828063,0.774755,0.853000,0.782725,200,2,8655
2026/02/03/11:51:45,5522.121216,0.844719,0.769476,0.857187,0.773461,200,1,8659
2026/02/03/11:51:46,5523.121349,0.844719,0.769476,0.857187,0.773461,200,1,8659
2026/02/03/11:51:47,5524.121459,0.836688,0.761519,0.836688,0.761519,197,0,8663
2026/02/03/11:51:48,5525.121719,0.836688,0.761519,0.836688,0.761519,197,0,8663
2026/02/03/11:51:49,5526.121805,0.852062,0.766570,0.864406,0.768182,200,1,8663
2026/02/03/11:51:50,5527.121902,0.867313,0.800743,0.892000,0.803966,207,2,8664
2026/02/03/11:51:51,5528.122044,0.885188,0.824506,0.912188,0.829722,213,3,8664
2026/02/03/11:51:52,5529.122134,0.891594,0.828546,0.926813,0.849625,216,5,8666
2026/02/03/11:51:53,5530.122239,0.890281,0.812853,0.914969,0.816076,214,2,8672
2026/02/03/11:51:54,5531.122338,0.874906,0.807802,0.899594,0.811026,211,2,8675
2026/02/03/11:51:55,5532.122415,0.863625,0.792056,0.888312,0.795280,206,2,8680
2026/02/03/11:51:56,5533.122506,0.858938,0.787234,0.883625,0.790458,203,2,8683
2026/02/03/11:51:57,5534.122585,0.851250,0.772356,0.875938,0.775580,201,2,8685
2026/02/03/11:51:58,5535.122725,0.836719,0.758084,0.861406,0.761308,195,2,8691
2026/02/03/11:51:59,5536.122835,0.832094,0.754253,0.856781,0.757477,193,2,8693
2026/02/03/11:52:00,5537.122959,0.832094,0.754253,0.856781,0.757477,193,2,8693
2026/02/03/11:52:01,5538.123080,0.830281,0.752253,0.854969,0.755477,192,2,8694
2026/02/03/11:52:02,5539.123188,0.839844,0.757762,0.876250,0.772258,194,3,8694
2026/02/03/11:52:03,5540.123334,0.856125,0.780604,0.892531,0.795101,201,3,8694
2026/02/03/11:52:04,5541.123448,0.856125,0.780604,0.892531,0.795101,201,3,8694
2026/02/03/11:52:05,5542.123587,0.856125,0.780604,0.892531,0.795101,201,3,8694
2026/02/03/11:52:06,5543.123689,0.852875,0.777197,0.889281,0.791694,199,3,8696
2026/02/03/11:52:07,5544.123788,0.847875,0.767561,0.884281,0.782057,197,3,8698
2026/02/03/11:52:08,5545.123911,0.830094,0.752055,0.854781,0.755279,192,2,8703
2026/02/03/11:52:09,5546.123976,0.827875,0.745125,0.852563,0.748349,191,2,8704
2026/02/03/11:52:10,5547.124117,0.827875,0.745125,0.852563,0.748349,191,2,8704
2026/02/03/11:52:11,5548.124219,0.838500,0.776463,0.863187,0.779686,196,2,8704
2026/02/03/11:52:12,5549.124326,0.839938,0.776623,0.839938,0.776623,197,0,8706
2026/02/03/11:52:13,5550.124424,0.848531,0.784119,0.848531,0.784119,200,0,8706
2026/02/03/11:52:14,5551.124538,0.843094,0.759600,0.843094,0.759600,197,0,8709
2026/02/03/11:52:15,5552.124642,0.846281,0.766011,0.846281,0.766011,199,0,8709
2026/02/03/11:52:16,5553.124727,0.846281,0.766011,0.846281,0.766011,199,0,8709
2026/02/03/11:52:17,5554.124797,0.821594,0.762787,0.821594,0.762787,197,0,8711
2026/02/03/11:52:18,5555.124948,0.821594,0.762787,0.821594,0.762787,197,0,8711
2026/02/03/11:52:19,5556.125252,0.821594,0.762787,0.821594,0.762787,197,0,8711
2026/02/03/11:52:20,5557.125348,0.821594,0.762787,0.821594,0.762787,197,0,8711
2026/02/03/11:52:21,5558.125455,0.821594,0.762787,0.821594,0.762787,197,0,8711
2026/02/03/11:52:22,5559.125528,0.821594,0.762787,0.821594,0.762787,197,0,8711
2026/02/03/11:52:23,5560.125613,0.815219,0.751335,0.815219,0.751335,194,0,8714
2026/02/03/11:52:24,5561.125727,0.815219,0.751335,0.815219,0.751335,194,0,8714
2026/02/03/11:52:25,5562.125827,0.815219,0.751335,0.815219,0.751335,194,0,8714
2026/02/03/11:52:26,5563.125982,0.815219,0.751335,0.815219,0.751335,194,0,8714
2026/02/03/11:52:27,5564.126077,0.813531,0.746427,0.813531,0.746427,193,0,8715
2026/02/03/11:52:28,5565.126186,0.813531,0.746427,0.813531,0.746427,193,0,8715
2026/02/03/11:52:29,5566.126288,0.813531,0.746427,0.813531,0.746427,193,0,8715
2026/02/03/11:52:30,5567.126519,0.811625,0.738174,0.811625,0.738174,192,0,8716
2026/02/03/11:52:31,5568.126494,0.834313,0.756604,0.868062,0.780063,195,3,8716
2026/02/03/11:52:32,5569.126586,0.852031,0.767406,0.885781,0.790865,199,3,8716
2026/02/03/11:52:33,5570.126672,0.851844,0.764615,0.863094,0.772434,198,1,8719
2026/02/03/11:52:34,5571.126764,0.857500,0.769442,0.857500,0.769442,198,0,8720
2026/02/03/11:52:35,5572.126863,0.850094,0.762428,0.850094,0.762428,196,0,8722
2026/02/03/11:52:36,5573.126964,0.850094,0.762428,0.850094,0.762428,196,0,8722
2026/02/03/11:52:37,5574.127052,0.847375,0.760854,0.847375,0.760854,195,0,8723
2026/02/03/11:52:38,5575.127119,0.847375,0.760854,0.847375,0.760854,195,0,8723
2026/02/03/11:52:39,5576.127287,0.847375,0.760854,0.847375,0.760854,195,0,8723
2026/02/03/11:52:40,5577.127393,0.847375,0.760854,0.847375,0.760854,195,0,8723
2026/02/03/11:52:41,5578.127537,0.847375,0.760854,0.847375,0.760854,195,0,8723
2026/02/03/11:52:42,5579.127627,0.857688,0.764514,0.857688,0.764514,197,0,8723
2026/02/03/11:52:43,5580.127731,0.857688,0.764514,0.857688,0.764514,197,0,8723
2026/02/03/11:52:44,5581.127812,0.857688,0.764514,0.857688,0.764514,197,0,8723
2026/02/03/11:52:45,5582.127965,0.857688,0.764514,0.857688,0.764514,197,0,8723
2026/02/03/11:52:46,5583.128117,0.875750,0.773296,0.875750,0.773296,202,0,8723
2026/02/03/11:52:47,5584.128218,0.842000,0.749837,0.842000,0.749837,199,0,8726
2026/02/03/11:52:48,5585.128296,0.842000,0.749837,0.842000,0.749837,199,0,8726
2026/02/03/11:52:49,5586.128409,0.835187,0.752048,0.876812,0.759339,198,3,8729
2026/02/03/11:52:50,5587.128542,0.833031,0.750233,0.874656,0.757523,197,3,8730
2026/02/03/11:52:51,5588.128616,0.833031,0.750233,0.874656,0.757523,197,3,8730
2026/02/03/11:52:52,5589.128702,0.846844,0.758444,0.896875,0.789232,200,6,8730
2026/02/03/11:52:53,5590.128791,0.861187,0.785318,0.902813,0.792608,205,3,8730
2026/02/03/11:52:54,5591.128887,0.861187,0.785318,0.861187,0.785318,205,0,8730
2026/02/03/11:52:55,5592.129003,0.848594,0.771686,0.848594,0.771686,201,0,8734
2026/02/03/11:52:56,5593.129068,0.831594,0.761272,0.831594,0.761272,197,0,8738
2026/02/03/11:52:57,5594.129246,0.831594,0.761272,0.831594,0.761272,197,0,8738
2026/02/03/11:52:58,5595.129326,0.821281,0.757484,0.821281,0.757484,195,0,8740
2026/02/03/11:52:59,5596.129422,0.821281,0.757484,0.821281,0.757484,195,0,8740
2026/02/03/11:53:00,5597.129516,0.818813,0.744349,0.818813,0.744349,194,0,8741
2026/02/03/11:53:01,5598.129623,0.818813,0.744349,0.818813,0.744349,194,0,8741
2026/02/03/11:53:02,5599.129715,0.818813,0.744349,0.818813,0.744349,194,0,8741
2026/02/03/11:53:03,5600.129812,0.818813,0.744349,0.818813,0.744349,194,0,8741
2026/02/03/11:53:04,5601.129961,0.826969,0.752654,0.826969,0.752654,197,0,8741
2026/02/03/11:53:05,5602.130066,0.846094,0.759066,0.846094,0.759066,200,0,8741
2026/02/03/11:53:06,5603.130200,0.846094,0.759066,0.846094,0.759066,200,0,8741
2026/02/03/11:53:07,5604.130301,0.841719,0.772718,0.841719,0.772718,200,0,8742
2026/02/03/11:53:08,5605.130443,0.845063,0.776204,0.845063,0.776204,201,0,8742
2026/02/03/11:53:09,5606.130508,0.843125,0.774341,0.843125,0.774341,200,0,8743
2026/02/03/11:53:10,5607.130623,0.843125,0.774341,0.843125,0.774341,200,0,8743
2026/02/03/11:53:11,5608.130708,0.841406,0.770593,0.841406,0.770593,199,0,8744
2026/02/03/11:53:12,5609.131010,0.841406,0.770593,0.841406,0.770593,199,0,8744
2026/02/03/11:53:13,5610.130950,0.836500,0.768951,0.836500,0.768951,198,0,8745
2026/02/03/11:53:14,5611.131041,0.836500,0.768951,0.836500,0.768951,198,0,8745
2026/02/03/11:53:15,5612.131146,0.836500,0.768951,0.836500,0.768951,198,0,8745
2026/02/03/11:53:16,5613.131228,0.836500,0.768951,0.836500,0.768951,198,0,8745
2026/02/03/11:53:17,5614.131371,0.836500,0.768951,0.836500,0.768951,198,0,8745
2026/02/03/11:53:18,5615.131499,0.831500,0.753703,0.831500,0.753703,197,0,8746
2026/02/03/11:53:19,5616.131598,0.831500,0.753703,0.831500,0.753703,197,0,8746
2026/02/03/11:53:20,5617.131687,0.856625,0.767522,0.856625,0.767522,203,0,8746
2026/02/03/11:53:21,5618.131858,0.856625,0.767522,0.856625,0.767522,203,0,8746
2026/02/03/11:53:22,5619.131954,0.838313,0.763675,0.838313,0.763675,201,0,8748
2026/02/03/11:53:23,5620.132108,0.838313,0.763675,0.838313,0.763675,201,0,8748
2026/02/03/11:53:24,5621.132201,0.834937,0.758473,0.834937,0.758473,199,0,8750
2026/02/03/11:53:25,5622.132296,0.865000,0.809182,0.867219,0.811920,209,1,8750
2026/02/03/11:53:26,5623.132386,0.883750,0.845206,0.883750,0.845206,216,0,8753
2026/02/03/11:53:27,5624.132470,0.890875,0.850319,0.890875,0.850319,218,0,8753
2026/02/03/11:53:28,5625.132598,0.887437,0.845549,0.887437,0.845549,216,0,8755
2026/02/03/11:53:29,5626.132699,0.876000,0.832906,0.876000,0.832906,211,0,8760
2026/02/03/11:53:30,5627.132773,0.858406,0.801777,0.858406,0.801777,205,0,8766
2026/02/03/11:53:31,5628.132894,0.848094,0.798117,0.848094,0.798117,203,0,8768
2026/02/03/11:53:32,5629.132929,0.811750,0.753618,0.811750,0.753618,197,0,8774
2026/02/03/11:53:33,5630.133082,0.811750,0.753618,0.811750,0.753618,197,0,8774
2026/02/03/11:53:34,5631.133350,0.847219,0.822396,0.857313,0.825194,206,1,8774
2026/02/03/11:53:35,5632.133444,0.882625,0.839118,0.900719,0.844905,213,2,8776
2026/02/03/11:53:36,5633.133538,0.890281,0.861544,0.916937,0.870982,218,3,8779
2026/02/03/11:53:37,5634.133626,0.902656,0.866326,0.913969,0.889390,220,3,8780
2026/02/03/11:53:38,5635.133707,0.898750,0.859373,0.910062,0.882438,218,3,8782
2026/02/03/11:53:39,5636.133815,0.879344,0.857014,0.882656,0.877091,216,2,8785
2026/02/03/11:53:40,5637.133950,0.871875,0.848385,0.873531,0.858423,214,1,8788
2026/02/03/11:53:41,5638.134084,0.871875,0.848385,0.873531,0.858423,214,1,8788
2026/02/03/11:53:42,5639.134234,0.868375,0.846235,0.870031,0.856273,213,1,8789
2026/02/03/11:53:43,5640.134336,0.861219,0.819901,0.861219,0.819901,211,0,8792
2026/02/03/11:53:44,5641.134461,0.880531,0.822883,0.880531,0.822883,214,0,8798
2026/02/03/11:53:45,5642.134596,0.875563,0.816810,0.875563,0.816810,211,0,8801
2026/02/03/11:53:46,5643.134746,0.885094,0.809909,0.885094,0.809909,216,0,8803
2026/02/03/11:53:47,5644.134862,0.866906,0.799723,0.866906,0.799723,213,0,8806
2026/02/03/11:53:48,5645.135042,0.858344,0.796072,0.858344,0.796072,212,0,8807
2026/02/03/11:53:49,5646.135127,0.856781,0.793474,0.856781,0.793474,211,0,8808
2026/02/03/11:53:50,5647.135196,0.850344,0.783733,0.850344,0.783733,208,0,8811
2026/02/03/11:53:51,5648.135302,0.845094,0.764999,0.845094,0.764999,205,0,8814
2026/02/03/11:53:52,5649.135398,0.843406,0.757878,0.843406,0.757878,204,0,8815
2026/02/03/11:53:53,5650.135636,0.832063,0.744551,0.832063,0.744551,199,0,8820
2026/02/03/11:53:54,5651.135645,0.835031,0.756805,0.835031,0.756805,203,0,8821
2026/02/03/11:53:55,5652.135753,0.832812,0.754067,0.832812,0.754067,202,0,8822
2026/02/03/11:53:56,5653.135894,0.832812,0.754067,0.832812,0.754067,202,0,8822
2026/02/03/11:53:57,5654.135958,0.826000,0.744680,0.826000,0.744680,200,0,8824
2026/02/03/11:53:58,5655.136063,0.826000,0.744680,0.826000,0.744680,200,0,8824
2026/02/03/11:53:59,5656.136142,0.821875,0.741315,0.821875,0.741315,198,0,8826
2026/02/03/11:54:00,5657.136230,0.821875,0.741315,0.821875,0.741315,198,0,8826
2026/02/03/11:54:01,5658.136343,0.821875,0.741315,0.821875,0.741315,198,0,8826
2026/02/03/11:54:02,5659.136441,0.821875,0.741315,0.821875,0.741315,198,0,8826
2026/02/03/11:54:03,5660.136536,0.821875,0.741315,0.821875,0.741315,198,0,8826
2026/02/03/11:54:04,5661.136621,0.821344,0.744486,0.821344,0.744486,199,0,8829
2026/02/03/11:54:05,5662.136736,0.821344,0.744486,0.821344,0.744486,199,0,8829
2026/02/03/11:54:06,5663.136833,0.816469,0.736696,0.816469,0.736696,196,0,8832
2026/02/03/11:54:07,5664.136936,0.824156,0.738786,0.824156,0.738786,197,0,8833
2026/02/03/11:54:08,5665.137068,0.824156,0.738786,0.824156,0.738786,197,0,8833
2026/02/03/11:54:09,5666.137151,0.824156,0.738786,0.824156,0.738786,197,0,8833
2026/02/03/11:54:10,5667.137303,0.824156,0.738786,0.824156,0.738786,197,0,8833
2026/02/03/11:54:11,5668.137454,0.824156,0.738786,0.824156,0.738786,197,0,8833
2026/02/03/11:54:12,5669.137560,0.826156,0.740933,0.826156,0.740933,198,0,8834
2026/02/03/11:54:13,5670.137645,0.822812,0.737447,0.822812,0.737447,197,0,8835
2026/02/03/11:54:14,5671.137747,0.822812,0.737447,0.822812,0.737447,197,0,8835
2026/02/03/11:54:15,5672.137924,0.822812,0.737447,0.822812,0.737447,197,0,8835
2026/02/03/11:54:16,5673.138015,0.822812,0.737447,0.822812,0.737447,197,0,8835
2026/02/03/11:54:17,5674.138112,0.822812,0.737447,0.822812,0.737447,197,0,8835
2026/02/03/11:54:18,5675.138258,0.822812,0.737447,0.822812,0.737447,197,0,8835
2026/02/03/11:54:19,5676.138353,0.822812,0.737447,0.822812,0.737447,197,0,8835
2026/02/03/11:54:20,5677.138552,0.822812,0.737447,0.822812,0.737447,197,0,8835
2026/02/03/11:54:21,5678.138704,0.813250,0.726812,0.813250,0.726812,193,0,8839
2026/02/03/11:54:22,5679.138795,0.837313,0.752677,0.837313,0.752677,199,0,8839
2026/02/03/11:54:23,5680.138902,0.842187,0.759734,0.842187,0.759734,202,0,8839
2026/02/03/11:54:24,5681.139038,0.842187,0.759734,0.842187,0.759734,202,0,8839
2026/02/03/11:54:25,5682.139146,0.839969,0.753009,0.839969,0.753009,203,0,8842
2026/02/03/11:54:26,5683.139259,0.839969,0.753009,0.839969,0.753009,203,0,8842
2026/02/03/11:54:27,5684.139328,0.839969,0.753009,0.839969,0.753009,203,0,8842
2026/02/03/11:54:28,5685.139490,0.839969,0.753009,0.839969,0.753009,203,0,8842
2026/02/03/11:54:29,5686.139611,0.839969,0.753009,0.839969,0.753009,203,0,8842
2026/02/03/11:54:30,5687.139750,0.834594,0.742621,0.834594,0.742621,201,0,8844
2026/02/03/11:54:31,5688.139846,0.826281,0.734696,0.826281,0.734696,199,0,8846
2026/02/03/11:54:32,5689.139986,0.816281,0.731172,0.816281,0.731172,197,0,8848
2026/02/03/11:54:33,5690.140079,0.816281,0.731172,0.816281,0.731172,197,0,8848
2026/02/03/11:54:34,5691.140176,0.848562,0.761488,0.886813,0.770650,209,3,8848
2026/02/03/11:54:35,5692.140249,0.845375,0.755078,0.883625,0.764240,207,3,8850
2026/02/03/11:54:36,5693.140357,0.843469,0.749626,0.881719,0.758788,205,3,8854
2026/02/03/11:54:37,5694.140507,0.837375,0.744325,0.875625,0.753488,202,3,8857
2026/02/03/11:54:38,5695.140598,0.837375,0.744325,0.875625,0.753488,202,3,8857
2026/02/03/11:54:39,5696.140714,0.837375,0.744325,0.875625,0.753488,202,3,8857
2026/02/03/11:54:40,5697.140824,0.837375,0.744325,0.875625,0.753488,202,3,8857
2026/02/03/11:54:41,5698.140945,0.832625,0.740948,0.870875,0.750110,200,3,8859
2026/02/03/11:54:42,5699.141018,0.829125,0.736097,0.867375,0.745259,198,3,8861
2026/02/03/11:54:43,5700.141115,0.842781,0.749102,0.868281,0.755210,203,2,8864
2026/02/03/11:54:44,5701.141224,0.851594,0.758918,0.877094,0.765026,207,2,8864
2026/02/03/11:54:45,5702.141288,0.851594,0.758918,0.877094,0.765026,207,2,8864
2026/02/03/11:54:46,5703.141399,0.851594,0.758918,0.877094,0.765026,207,2,8864
2026/02/03/11:54:47,5704.141493,0.855156,0.774099,0.880656,0.780207,208,2,8867
2026/02/03/11:54:48,5705.141594,0.853531,0.772531,0.879031,0.778640,207,2,8868
2026/02/03/11:54:49,5706.141734,0.843406,0.758069,0.868906,0.764177,203,2,8872
2026/02/03/11:54:50,5707.141809,0.843406,0.758069,0.868906,0.764177,203,2,8872
2026/02/03/11:54:51,5708.142227,0.838906,0.753979,0.864406,0.760087,201,2,8874
2026/02/03/11:54:52,5709.142330,0.854313,0.778299,0.897625,0.787682,206,4,8876
2026/02/03/11:54:53,5710.142434,0.863844,0.787138,0.907156,0.796521,209,4,8876
2026/02/03/11:54:54,5711.142540,0.863844,0.787138,0.907156,0.796521,209,4,8876
2026/02/03/11:54:55,5712.142641,0.881437,0.794826,0.914969,0.804540,213,3,8878
2026/02/03/11:54:56,5713.142789,0.887813,0.796972,0.927000,0.808968,214,4,8881
2026/02/03/11:54:57,5714.142894,0.887031,0.813536,0.920562,0.823251,210,3,8891
2026/02/03/11:54:58,5715.142951,0.882625,0.813966,0.908125,0.820074,209,2,8893
2026/02/03/11:54:59,5716.143082,0.870156,0.804828,0.895656,0.810936,204,2,8898
2026/02/03/11:55:00,5717.143136,0.861250,0.754606,0.886750,0.760714,199,2,8903
2026/02/03/11:55:01,5718.143258,0.861250,0.754606,0.886750,0.760714,199,2,8903
2026/02/03/11:55:02,5719.143327,0.861250,0.754606,0.886750,0.760714,199,2,8903
2026/02/03/11:55:03,5720.143419,0.861250,0.754606,0.886750,0.760714,199,2,8903
2026/02/03/11:55:04,5721.143512,0.857938,0.750447,0.870687,0.753501,198,1,8905
2026/02/03/11:55:05,5722.143611,0.857938,0.750447,0.870687,0.753501,198,1,8905
2026/02/03/11:55:06,5723.143710,0.857938,0.750447,0.870687,0.753501,198,1,8905
2026/02/03/11:55:07,5724.143807,0.857938,0.750447,0.870687,0.753501,198,1,8905
2026/02/03/11:55:08,5725.143875,0.856250,0.745644,0.869000,0.748698,197,1,8906
2026/02/03/11:55:09,5726.143963,0.858563,0.741882,0.858563,0.741882,196,0,8908
2026/02/03/11:55:10,5727.144052,0.858563,0.741882,0.858563,0.741882,196,0,8908
2026/02/03/11:55:11,5728.144154,0.858563,0.741882,0.858563,0.741882,196,0,8908
2026/02/03/11:55:12,5729.144310,0.883500,0.757161,0.883500,0.757161,204,0,8908
2026/02/03/11:55:13,5730.144553,0.883500,0.757161,0.883500,0.757161,204,0,8908
2026/02/03/11:55:14,5731.144639,0.866531,0.750316,0.866531,0.750316,201,0,8911
2026/02/03/11:55:15,5732.144703,0.860625,0.743178,0.860625,0.743178,198,0,8914
2026/02/03/11:55:16,5733.144859,0.860625,0.743178,0.860625,0.743178,198,0,8914
2026/02/03/11:55:17,5734.144973,0.860625,0.743178,0.860625,0.743178,198,0,8914
2026/02/03/11:55:18,5735.145115,0.860625,0.743178,0.860625,0.743178,198,0,8914
2026/02/03/11:55:19,5736.145195,0.822375,0.734016,0.822375,0.734016,195,0,8917
2026/02/03/11:55:20,5737.145350,0.822375,0.734016,0.822375,0.734016,195,0,8917
2026/02/03/11:55:21,5738.145421,0.832125,0.739899,0.832125,0.739899,196,0,8920
2026/02/03/11:55:22,5739.145583,0.825187,0.736719,0.825187,0.736719,194,0,8922
2026/02/03/11:55:23,5740.145677,0.825187,0.736719,0.825187,0.736719,194,0,8922
2026/02/03/11:55:24,5741.145788,0.825187,0.736719,0.825187,0.736719,194,0,8922
2026/02/03/11:55:25,5742.145900,0.823250,0.734612,0.823250,0.734612,193,0,8923
2026/02/03/11:55:26,5743.145946,0.823250,0.734612,0.823250,0.734612,193,0,8923
2026/02/03/11:55:27,5744.146040,0.823250,0.734612,0.823250,0.734612,193,0,8923
2026/02/03/11:55:28,5745.146147,0.808562,0.728486,0.808562,0.728486,191,0,8925
2026/02/03/11:55:29,5746.146290,0.808562,0.728486,0.808562,0.728486,191,0,8925
2026/02/03/11:55:30,5747.146397,0.847437,0.744498,0.859938,0.746498,196,1,8925
2026/02/03/11:55:31,5748.146473,0.847437,0.744498,0.859938,0.746498,196,1,8925
2026/02/03/11:55:32,5749.146632,0.850938,0.739201,0.850938,0.739201,196,0,8926
2026/02/03/11:55:33,5750.146753,0.872875,0.751110,0.872875,0.751110,202,0,8926
2026/02/03/11:55:34,5751.146848,0.872875,0.751110,0.872875,0.751110,202,0,8926
2026/02/03/11:55:35,5752.146967,0.872875,0.751110,0.872875,0.751110,202,0,8926
2026/02/03/11:55:36,5753.147073,0.868031,0.747935,0.868031,0.747935,201,0,8927
2026/02/03/11:55:37,5754.147160,0.868031,0.747935,0.868031,0.747935,201,0,8927
2026/02/03/11:55:38,5755.147260,0.854812,0.742986,0.854812,0.742986,198,0,8930
2026/02/03/11:55:39,5756.147412,0.854812,0.742986,0.854812,0.742986,198,0,8930
2026/02/03/11:55:40,5757.147505,0.854812,0.742986,0.854812,0.742986,198,0,8930
2026/02/03/11:55:41,5758.147654,0.849938,0.738270,0.860906,0.739843,196,1,8932
2026/02/03/11:55:42,5759.147778,0.879062,0.762595,0.920781,0.773784,204,3,8932
2026/02/03/11:55:43,5760.147941,0.889594,0.775789,0.931312,0.786978,209,3,8932
2026/02/03/11:55:44,5761.148026,0.896437,0.782141,0.938156,0.793330,211,3,8932
2026/02/03/11:55:45,5762.148121,0.879375,0.757956,0.921094,0.769145,203,3,8940
2026/02/03/11:55:46,5763.148216,0.852844,0.753529,0.852844,0.753529,201,0,8943
2026/02/03/11:55:47,5764.148305,0.850875,0.750252,0.850875,0.750252,200,0,8944
2026/02/03/11:55:48,5765.148461,0.850875,0.750252,0.850875,0.750252,200,0,8944
2026/02/03/11:55:49,5766.148579,0.850875,0.750252,0.850875,0.750252,200,0,8944
2026/02/03/11:55:50,5767.148729,0.823500,0.730453,0.823500,0.730453,196,0,8948
2026/02/03/11:55:51,5768.148830,0.823500,0.730453,0.823500,0.730453,196,0,8948
2026/02/03/11:55:52,5769.148931,0.816688,0.726661,0.816688,0.726661,194,0,8950
2026/02/03/11:55:53,5770.149038,0.811813,0.723586,0.811813,0.723586,193,0,8951
2026/02/03/11:55:54,5771.149109,0.811813,0.723586,0.811813,0.723586,193,0,8951
2026/02/03/11:55:55,5772.149234,0.809781,0.724754,0.809781,0.724754,194,0,8952
2026/02/03/11:55:56,5773.149387,0.834719,0.728918,0.834719,0.728918,196,0,8952
2026/02/03/11:55:57,5774.149591,0.834719,0.728918,0.834719,0.728918,196,0,8952
2026/02/03/11:55:58,5775.149623,0.834719,0.728918,0.834719,0.728918,196,0,8952
2026/02/03/11:55:59,5776.149737,0.809781,0.724754,0.809781,0.724754,194,0,8954
2026/02/03/11:56:00,5777.149834,0.809781,0.724754,0.809781,0.724754,194,0,8954
2026/02/03/11:56:01,5778.149970,0.812406,0.726620,0.812406,0.726620,195,0,8954
2026/02/03/11:56:02,5779.150053,0.845187,0.760558,0.856969,0.764337,204,1,8954
2026/02/03/11:56:03,5780.150154,0.852500,0.766512,0.864281,0.770292,206,1,8956
2026/02/03/11:56:04,5781.150239,0.850000,0.764948,0.861781,0.768727,205,1,8957
2026/02/03/11:56:05,5782.150335,0.841594,0.755384,0.841594,0.755384,203,0,8959
2026/02/03/11:56:06,5783.150435,0.833688,0.763638,0.833688,0.763638,201,0,8964
2026/02/03/11:56:07,5784.150524,0.829844,0.749500,0.829844,0.749500,200,0,8965
2026/02/03/11:56:08,5785.150619,0.829844,0.749500,0.829844,0.749500,200,0,8965
2026/02/03/11:56:09,5786.150708,0.828250,0.746889,0.828250,0.746889,199,0,8966
2026/02/03/11:56:10,5787.150803,0.813969,0.735967,0.813969,0.735967,194,0,8971
2026/02/03/11:56:11,5788.150916,0.850719,0.747515,0.850719,0.747515,198,0,8971
2026/02/03/11:56:12,5789.150924,0.892250,0.791667,0.894312,0.793525,209,1,8971
2026/02/03/11:56:13,5790.151020,0.904937,0.800445,0.904937,0.800445,212,0,8972
2026/02/03/11:56:14,5791.151148,0.879594,0.783147,0.879594,0.783147,205,0,8979
2026/02/03/11:56:15,5792.151227,0.906937,0.838115,0.929125,0.849609,217,2,8980
2026/02/03/11:56:16,5793.151348,0.893031,0.820074,0.915219,0.831568,214,2,8984
2026/02/03/11:56:17,5794.151455,0.893031,0.820074,0.915219,0.831568,214,2,8984
2026/02/03/11:56:18,5795.151549,0.884031,0.812569,0.906219,0.824062,211,2,8987
2026/02/03/11:56:19,5796.151644,0.860969,0.794756,0.860969,0.794756,206,0,8994
2026/02/03/11:56:20,5797.151733,0.860969,0.794756,0.860969,0.794756,206,0,8994
2026/02/03/11:56:21,5798.151916,0.860969,0.794756,0.860969,0.794756,206,0,8994
2026/02/03/11:56:22,5799.151951,0.838781,0.783262,0.838781,0.783262,204,0,8996
2026/02/03/11:56:23,5800.152098,0.835875,0.773672,0.835875,0.773672,203,0,8997
2026/02/03/11:56:24,5801.152190,0.835875,0.773672,0.835875,0.773672,203,0,8997
2026/02/03/11:56:25,5802.152292,0.830250,0.768947,0.830250,0.768947,202,0,8998
2026/02/03/11:56:26,5803.152375,0.830250,0.768947,0.830250,0.768947,202,0,8998
2026/02/03/11:56:27,5804.152527,0.830250,0.768947,0.830250,0.768947,202,0,8998
2026/02/03/11:56:28,5805.152687,0.825000,0.761970,0.825000,0.761970,199,0,9001
2026/02/03/11:56:29,5806.152779,0.896156,0.811085,0.896156,0.811085,217,0,9001
2026/02/03/11:56:30,5807.152910,0.892969,0.808825,0.892969,0.808825,216,0,9002
2026/02/03/11:56:31,5808.152969,0.859125,0.795466,0.859125,0.795466,209,0,9009
2026/02/03/11:56:32,5809.153135,0.830719,0.769950,0.830719,0.769950,203,0,9015
2026/02/03/11:56:33,5810.153340,0.830719,0.769950,0.830719,0.769950,203,0,9015
2026/02/03/11:56:34,5811.153362,0.849531,0.789483,0.849531,0.789483,207,0,9015
2026/02/03/11:56:35,5812.153457,0.849531,0.789483,0.849531,0.789483,207,0,9015
2026/02/03/11:56:36,5813.153568,0.830719,0.769950,0.830719,0.769950,203,0,9019
2026/02/03/11:56:37,5814.153646,0.861187,0.799056,0.861187,0.799056,212,0,9019
2026/02/03/11:56:38,5815.153755,0.876625,0.805331,0.876625,0.805331,214,0,9022
2026/02/03/11:56:39,5816.153807,0.902281,0.827537,0.913625,0.837688,220,3,9022
2026/02/03/11:56:40,5817.153894,0.901656,0.849448,0.904719,0.852103,224,1,9029
2026/02/03/11:56:41,5818.153975,0.925031,0.868838,0.931063,0.882678,230,1,9030
2026/02/03/11:56:42,5819.154088,0.898719,0.840152,0.904750,0.853992,221,1,9040
2026/02/03/11:56:43,5820.154153,0.888250,0.829697,0.894281,0.843537,218,1,9043
2026/02/03/11:56:44,5821.154313,0.855594,0.789948,0.861625,0.803789,210,1,9051
2026/02/03/11:56:45,5822.154413,0.853969,0.784240,0.853969,0.784240,209,0,9052
2026/02/03/11:56:46,5823.154493,0.860219,0.797038,0.860219,0.797038,211,0,9052
2026/02/03/11:56:47,5824.154593,0.843656,0.772458,0.843656,0.772458,205,0,9058
2026/02/03/11:56:48,5825.154686,0.838906,0.770877,0.838906,0.770877,204,0,9059
2026/02/03/11:56:49,5826.154751,0.835656,0.757262,0.835656,0.757262,202,0,9061
2026/02/03/11:56:50,5827.154836,0.835656,0.757262,0.835656,0.757262,202,0,9061
2026/02/03/11:56:51,5828.154942,0.835656,0.757262,0.835656,0.757262,202,0,9061
2026/02/03/11:56:52,5829.155089,0.835656,0.757262,0.835656,0.757262,202,0,9061
2026/02/03/11:56:53,5830.155178,0.835656,0.757262,0.835656,0.757262,202,0,9061
2026/02/03/11:56:54,5831.155253,0.835656,0.757262,0.835656,0.757262,202,0,9061
2026/02/03/11:56:55,5832.155356,0.835656,0.757262,0.835656,0.757262,202,0,9061
2026/02/03/11:56:56,5833.155433,0.835656,0.757262,0.835656,0.757262,202,0,9061
2026/02/03/11:56:57,5834.155585,0.835656,0.757262,0.835656,0.757262,202,0,9061
2026/02/03/11:56:58,5835.155734,0.835656,0.757262,0.835656,0.757262,202,0,9061
2026/02/03/11:56:59,5836.155828,0.841094,0.772751,0.841094,0.772751,205,0,9061
2026/02/03/11:57:00,5837.155938,0.847875,0.780119,0.861437,0.799950,208,6,9061
2026/02/03/11:57:01,5838.156043,0.868188,0.819104,0.868188,0.819104,217,0,9061
2026/02/03/11:57:02,5839.156148,0.863250,0.815627,0.863250,0.815627,215,0,9063
2026/02/03/11:57:03,5840.156250,0.859437,0.809665,0.859437,0.809665,213,0,9065
2026/02/03/11:57:04,5841.156329,0.849531,0.777222,0.849531,0.777222,208,0,9071
2026/02/03/11:57:05,5842.156443,0.843469,0.771133,0.843469,0.771133,206,0,9073
2026/02/03/11:57:06,5843.156530,0.876625,0.798806,0.897500,0.803245,214,2,9075
2026/02/03/11:57:07,5844.156604,0.892906,0.815809,0.913781,0.820247,219,2,9076
2026/02/03/11:57:08,5845.156725,0.901906,0.825016,0.912344,0.827235,222,1,9077
2026/02/03/11:57:09,5846.156806,0.900188,0.821738,0.910625,0.823958,221,1,9078
2026/02/03/11:57:10,5847.156878,0.900188,0.821738,0.910625,0.823958,221,1,9078
2026/02/03/11:57:11,5848.156924,0.894125,0.817871,0.904563,0.820090,219,1,9080
2026/02/03/11:57:12,5849.156999,0.882469,0.797340,0.921531,0.803751,215,3,9085
2026/02/03/11:57:13,5850.157188,0.888938,0.804208,0.928000,0.810619,218,3,9085
2026/02/03/11:57:14,5851.157330,0.880219,0.791807,0.919281,0.798218,214,3,9089
2026/02/03/11:57:15,5852.157600,0.871906,0.783316,0.910969,0.789727,210,3,9093
2026/02/03/11:57:16,5853.157612,0.896656,0.817810,0.935719,0.824220,218,3,9093
2026/02/03/11:57:17,5854.157688,0.907750,0.835092,0.946812,0.841503,222,3,9093
2026/02/03/11:57:18,5855.157847,0.907750,0.835092,0.946812,0.841503,222,3,9093
2026/02/03/11:57:19,5856.157967,0.897437,0.824545,0.936500,0.830956,219,3,9096
2026/02/03/11:57:20,5857.158051,0.897437,0.824545,0.936500,0.830956,219,3,9096
2026/02/03/11:57:21,5858.158137,0.890875,0.822203,0.905188,0.824299,218,1,9098
2026/02/03/11:57:22,5859.158277,0.890875,0.822203,0.905188,0.824299,218,1,9098
2026/02/03/11:57:23,5860.158424,0.900563,0.819227,0.900563,0.819227,217,0,9100
2026/02/03/11:57:24,5861.158585,0.898781,0.816702,0.898781,0.816702,216,0,9101
2026/02/03/11:57:25,5862.158665,0.898781,0.816702,0.898781,0.816702,216,0,9101
2026/02/03/11:57:26,5863.158774,0.898781,0.816702,0.898781,0.816702,216,0,9101
2026/02/03/11:57:27,5864.158952,0.898781,0.816702,0.898781,0.816702,216,0,9101
2026/02/03/11:57:28,5865.159085,0.898781,0.816702,0.898781,0.816702,216,0,9101
2026/02/03/11:57:29,5866.159193,0.898781,0.816702,0.898781,0.816702,216,0,9101
2026/02/03/11:57:30,5867.159286,0.898781,0.816702,0.898781,0.816702,216,0,9101
2026/02/03/11:57:31,5868.159410,0.898781,0.816702,0.898781,0.816702,216,0,9101
2026/02/03/11:57:32,5869.159551,0.895156,0.813319,0.895156,0.813319,214,0,9103
2026/02/03/11:57:33,5870.159681,0.899438,0.813483,0.899438,0.813483,216,0,9104
2026/02/03/11:57:34,5871.159785,0.907125,0.820001,0.907125,0.820001,218,0,9104
2026/02/03/11:57:35,5872.159905,0.920906,0.835635,0.920906,0.835635,224,0,9104
2026/02/03/11:57:36,5873.160031,0.905531,0.812107,0.905531,0.812107,218,0,9110
2026/02/03/11:57:37,5874.160108,0.894250,0.803982,0.894250,0.803982,215,0,9113
2026/02/03/11:57:38,5875.160203,0.894094,0.812179,0.924969,0.815818,215,2,9115
2026/02/03/11:57:39,5876.160306,0.894094,0.812179,0.924969,0.815818,215,2,9115
2026/02/03/11:57:40,5877.160410,0.889062,0.808903,0.919937,0.812541,214,2,9116
2026/02/03/11:57:41,5878.160496,0.879062,0.782863,0.909937,0.786501,210,2,9120
2026/02/03/11:57:42,5879.160657,0.879062,0.782863,0.879062,0.782863,210,0,9120
2026/02/03/11:57:43,5880.160762,0.879062,0.782863,0.879062,0.782863,210,0,9120
2026/02/03/11:57:44,5881.160856,0.882563,0.787282,0.882563,0.787282,212,0,9120
2026/02/03/11:57:45,5882.160948,0.867500,0.780292,0.867500,0.780292,210,0,9122
2026/02/03/11:57:46,5883.161048,0.865406,0.777297,0.865406,0.777297,209,0,9123
2026/02/03/11:57:47,5884.161118,0.861219,0.771309,0.861219,0.771309,207,0,9125
2026/02/03/11:57:48,5885.161231,0.861219,0.771309,0.861219,0.771309,207,0,9125
2026/02/03/11:57:49,5886.161305,0.885531,0.786919,0.894500,0.788808,215,1,9125
2026/02/03/11:57:50,5887.161469,0.911031,0.818947,0.920000,0.820835,225,1,9125
2026/02/03/11:57:51,5888.161574,0.922344,0.837654,0.944531,0.841411,231,2,9125
2026/02/03/11:57:52,5889.161713,0.913250,0.832039,0.939688,0.835777,228,2,9128
2026/02/03/11:57:53,5890.161913,0.911500,0.829734,0.937937,0.833471,227,2,9129
2026/02/03/11:57:54,5891.161982,0.906250,0.820301,0.932688,0.824038,224,2,9132
2026/02/03/11:57:55,5892.162136,0.904062,0.819846,0.904062,0.819846,224,0,9134
2026/02/03/11:57:56,5893.162256,0.899625,0.810019,0.899625,0.810019,221,0,9141
2026/02/03/11:57:57,5894.162379,0.909219,0.820808,0.909219,0.820808,223,0,9142
2026/02/03/11:57:58,5895.162474,0.901281,0.808185,0.901281,0.808185,220,0,9145
2026/02/03/11:57:59,5896.162567,0.899500,0.803806,0.899500,0.803806,219,0,9146
2026/02/03/11:58:00,5897.162669,0.873062,0.800069,0.873062,0.800069,217,0,9148
2026/02/03/11:58:01,5898.162842,0.873062,0.800069,0.873062,0.800069,217,0,9148
2026/02/03/11:58:02,5899.162931,0.864625,0.795354,0.864625,0.795354,214,0,9151
2026/02/03/11:58:03,5900.163016,0.858469,0.786877,0.858469,0.786877,211,0,9154
2026/02/03/11:58:04,5901.163124,0.853156,0.784642,0.853156,0.784642,210,0,9155
2026/02/03/11:58:05,5902.163270,0.851156,0.782931,0.851156,0.782931,209,0,9156
2026/02/03/11:58:06,5903.163366,0.851156,0.782931,0.851156,0.782931,209,0,9156
2026/02/03/11:58:07,5904.163508,0.856313,0.793951,0.871469,0.796980,212,1,9156
2026/02/03/11:58:08,5905.163583,0.851313,0.790204,0.866469,0.793234,210,1,9158
2026/02/03/11:58:09,5906.163696,0.851313,0.790204,0.851313,0.790204,210,0,9158
2026/02/03/11:58:10,5907.163789,0.845594,0.775126,0.845594,0.775126,207,0,9161
2026/02/03/11:58:11,5908.163918,0.845594,0.775126,0.845594,0.775126,207,0,9161
2026/02/03/11:58:12,5909.163996,0.842125,0.773336,0.842125,0.773336,206,0,9162
2026/02/03/11:58:13,5910.164086,0.842125,0.773336,0.842125,0.773336,206,0,9162
2026/02/03/11:58:14,5911.164182,0.851250,0.778929,0.851250,0.778929,208,0,9162
2026/02/03/11:58:15,5912.164288,0.874281,0.804520,0.874281,0.804520,218,0,9162
2026/02/03/11:58:16,5913.164351,0.884281,0.820658,0.884281,0.820658,223,0,9162
2026/02/03/11:58:17,5914.164478,0.871250,0.803988,0.871250,0.803988,220,0,9165
2026/02/03/11:58:18,5915.164544,0.897938,0.837836,0.897938,0.837836,231,0,9165
2026/02/03/11:58:19,5916.164647,0.916500,0.842848,0.916500,0.842848,233,0,9169
2026/02/03/11:58:20,5917.164750,0.912937,0.834420,0.919250,0.839037,231,1,9171
2026/02/03/11:58:21,5918.164824,0.908781,0.828622,0.908781,0.828622,228,0,9175
2026/02/03/11:58:22,5919.164945,0.894125,0.814242,0.894125,0.814242,223,0,9180
2026/02/03/11:58:23,5920.165045,0.892219,0.810141,0.892219,0.810141,222,0,9181
2026/02/03/11:58:24,5921.165191,0.888781,0.806895,0.888781,0.806895,220,0,9183
2026/02/03/11:58:25,5922.165295,0.883156,0.797650,0.883156,0.797650,218,0,9185
2026/02/03/11:58:26,5923.165596,0.883156,0.797650,0.883156,0.797650,218,0,9185
2026/02/03/11:58:27,5924.165549,0.883156,0.797650,0.883156,0.797650,218,0,9185
2026/02/03/11:58:28,5925.165708,0.868625,0.779792,0.868625,0.779792,211,0,9192
2026/02/03/11:58:29,5926.165800,0.868625,0.779792,0.868625,0.779792,211,0,9192
2026/02/03/11:58:30,5927.165959,0.868625,0.779792,0.868625,0.779792,211,0,9192
2026/02/03/11:58:31,5928.166094,0.868625,0.779792,0.868625,0.779792,211,0,9192
2026/02/03/11:58:32,5929.166243,0.861406,0.776380,0.864969,0.784698,210,1,9193
2026/02/03/11:58:33,5930.166340,0.864969,0.784698,0.864969,0.784698,211,0,9193
2026/02/03/11:58:34,5931.166435,0.864969,0.784698,0.864969,0.784698,211,0,9193
2026/02/03/11:58:35,5932.166523,0.848781,0.767147,0.848781,0.767147,208,0,9196
2026/02/03/11:58:36,5933.166660,0.850688,0.770306,0.850688,0.770306,209,0,9196
2026/02/03/11:58:37,5934.166744,0.855500,0.777769,0.879750,0.791685,211,2,9196
2026/02/03/11:58:38,5935.166894,0.880812,0.823228,0.915250,0.859274,223,4,9196
2026/02/03/11:58:39,5936.166950,0.875281,0.824174,0.904625,0.849155,220,3,9200
2026/02/03/11:58:40,5937.167121,0.869844,0.815828,0.874938,0.826893,217,1,9203
2026/02/03/11:58:41,5938.167207,0.898188,0.830240,0.911844,0.843947,222,2,9203
2026/02/03/11:58:42,5939.167358,0.892281,0.816053,0.905937,0.829759,219,2,9206
2026/02/03/11:58:43,5940.167451,0.873531,0.807915,0.878625,0.818980,216,1,9209
2026/02/03/11:58:44,5941.167560,0.864125,0.794707,0.864125,0.794707,214,0,9211
2026/02/03/11:58:45,5942.167643,0.855125,0.785075,0.855125,0.785075,211,0,9214
2026/02/03/11:58:46,5943.167721,0.850531,0.782948,0.850531,0.782948,210,0,9215
2026/02/03/11:58:47,5944.167841,0.850531,0.782948,0.850531,0.782948,210,0,9215
2026/02/03/11:58:48,5945.167979,0.850531,0.782948,0.850531,0.782948,210,0,9215
2026/02/03/11:58:49,5946.168071,0.850531,0.782948,0.850531,0.782948,210,0,9215
2026/02/03/11:58:50,5947.168180,0.860750,0.797911,0.860750,0.797911,215,0,9215
2026/02/03/11:58:51,5948.168279,0.860750,0.797911,0.860750,0.797911,215,0,9215
2026/02/03/11:58:52,5949.168375,0.860750,0.797911,0.860750,0.797911,215,0,9215
2026/02/03/11:58:53,5950.168528,0.849594,0.776333,0.849594,0.776333,210,0,9220
2026/02/03/11:58:54,5951.168597,0.859156,0.789538,0.859156,0.789538,215,0,9220
2026/02/03/11:58:55,5952.168706,0.877781,0.817440,0.877781,0.817440,220,0,9220
2026/02/03/11:58:56,5953.168770,0.869781,0.809537,0.869781,0.809537,216,0,9224
2026/02/03/11:58:57,5954.168893,0.859750,0.794178,0.859750,0.794178,212,0,9228
2026/02/03/11:58:58,5955.168929,0.857750,0.778063,0.857750,0.778063,211,0,9230
2026/02/03/11:58:59,5956.169033,0.857750,0.778063,0.857750,0.778063,211,0,9230
2026/02/03/11:59:00,5957.169131,0.874875,0.808968,0.874875,0.808968,219,0,9231
2026/02/03/11:59:01,5958.169220,0.891813,0.826301,0.891813,0.826301,226,0,9233
2026/02/03/11:59:02,5959.169368,0.911469,0.854534,0.929094,0.858928,231,2,9237
2026/02/03/11:59:03,5960.169522,0.921562,0.863475,0.939187,0.867870,236,2,9238
2026/02/03/11:59:04,5961.169624,0.905375,0.839985,0.943625,0.858588,228,5,9246
2026/02/03/11:59:05,5962.169693,0.901375,0.834548,0.939625,0.853151,226,5,9248
2026/02/03/11:59:06,5963.169922,0.896188,0.825924,0.934438,0.844527,224,5,9250
2026/02/03/11:59:07,5964.169978,0.908156,0.843572,0.925781,0.847967,228,2,9250
2026/02/03/11:59:08,5965.170076,0.908156,0.843572,0.925781,0.847967,228,2,9250
2026/02/03/11:59:09,5966.170168,0.889000,0.808156,0.906625,0.812550,219,2,9259
2026/02/03/11:59:10,5967.170260,0.891219,0.808073,0.908844,0.812467,219,2,9262
2026/02/03/11:59:11,5968.170373,0.890000,0.806711,0.907625,0.811105,219,2,9263
2026/02/03/11:59:12,5969.170437,0.894250,0.803469,0.903062,0.805666,218,1,9265
2026/02/03/11:59:13,5970.170564,0.894250,0.803469,0.903062,0.805666,218,1,9265
2026/02/03/11:59:14,5971.170626,0.894344,0.803899,0.894344,0.803899,218,0,9266
2026/02/03/11:59:15,5972.170717,0.889219,0.802266,0.889219,0.802266,217,0,9267
2026/02/03/11:59:16,5973.170815,0.915125,0.821025,0.929188,0.829353,225,2,9268
2026/02/03/11:59:17,5974.170903,0.921406,0.827124,0.935469,0.835452,227,2,9268
2026/02/03/11:59:18,5975.171082,0.903156,0.814085,0.910188,0.818249,222,1,9274
2026/02/03/11:59:19,5976.171167,0.891563,0.804259,0.898594,0.808423,218,1,9278
2026/02/03/11:59:20,5977.171267,0.891563,0.804259,0.898594,0.808423,218,1,9278
2026/02/03/11:59:21,5978.171329,0.893375,0.798562,0.893375,0.798562,216,0,9281
2026/02/03/11:59:22,5979.171441,0.883125,0.788739,0.883125,0.788739,211,0,9286
2026/02/03/11:59:23,5980.171536,0.864750,0.780243,0.864750,0.780243,207,0,9290
2026/02/03/11:59:24,5981.171678,0.864750,0.780243,0.864750,0.780243,207,0,9290
2026/02/03/11:59:25,5982.171775,0.864750,0.780243,0.864750,0.780243,207,0,9290
2026/02/03/11:59:26,5983.171846,0.864750,0.780243,0.864750,0.780243,207,0,9290
2026/02/03/11:59:27,5984.171958,0.864750,0.780243,0.864750,0.780243,207,0,9290
2026/02/03/11:59:28,5985.172034,0.905062,0.810105,0.907281,0.813956,218,1,9290
2026/02/03/11:59:29,5986.206314,0.926312,0.849319,0.934813,0.859841,227,2,9290
2026/02/03/11:59:30,5987.206394,0.934000,0.858385,0.944344,0.864331,230,1,9296
2026/02/03/11:59:31,5988.206503,0.902281,0.837746,0.912625,0.843692,224,1,9303
2026/02/03/11:59:32,5989.206589,0.880500,0.817929,0.890844,0.823875,218,1,9309
2026/02/03/11:59:33,5990.206683,0.876188,0.811118,0.876188,0.811118,216,0,9311
2026/02/03/11:59:34,5991.206780,0.871313,0.803334,0.871313,0.803334,213,0,9314
2026/02/03/11:59:35,5992.206940,0.871313,0.803334,0.871313,0.803334,213,0,9314
2026/02/03/11:59:36,5993.207004,0.867125,0.796603,0.867125,0.796603,211,0,9316
2026/02/03/11:59:37,5994.207162,0.867125,0.796603,0.867125,0.796603,211,0,9316
2026/02/03/11:59:38,5995.207318,0.867125,0.796603,0.867125,0.796603,211,0,9316
2026/02/03/11:59:39,5996.207421,0.867125,0.796603,0.867125,0.796603,211,0,9316
2026/02/03/11:59:40,5997.207561,0.861500,0.788501,0.861500,0.788501,209,0,9318
2026/02/03/11:59:41,5998.207667,0.887844,0.794384,0.887844,0.794384,212,0,9318
2026/02/03/11:59:42,5999.207774,0.884062,0.797379,0.884062,0.797379,213,0,9320
2026/02/03/11:59:43,6000.207912,0.925531,0.841307,0.970156,0.854203,223,6,9321
2026/02/03/11:59:44,6001.207946,0.924906,0.838254,0.991563,0.859839,224,9,9323
2026/02/03/11:59:45,6002.208049,0.922375,0.854236,0.981219,0.876695,225,8,9327
2026/02/03/11:59:46,6003.208156,0.914625,0.823219,0.932562,0.826869,221,2,9334
2026/02/03/11:59:47,6004.208229,0.899375,0.801940,0.926281,0.807158,216,3,9342
2026/02/03/11:59:48,6005.208317,0.891781,0.786361,0.918687,0.791580,213,3,9346
2026/02/03/11:59:49,6006.208415,0.888750,0.784656,0.888750,0.784656,212,0,9347
2026/02/03/11:59:50,6007.208511,0.885969,0.781250,0.885969,0.781250,211,0,9348
2026/02/03/11:59:51,6008.208606,0.884156,0.778914,0.884156,0.778914,210,0,9349
2026/02/03/11:59:52,6009.208720,0.871188,0.770468,0.871188,0.770468,207,0,9352
2026/02/03/11:59:53,6010.208791,0.871188,0.770468,0.871188,0.770468,207,0,9352
2026/02/03/11:59:54,6011.208956,0.866750,0.765126,0.866750,0.765126,205,0,9354
2026/02/03/11:59:55,6012.209054,0.862812,0.754977,0.862812,0.754977,203,0,9356
2026/02/03/11:59:56,6013.209153,0.862812,0.754977,0.862812,0.754977,203,0,9356
2026/02/03/11:59:57,6014.209248,0.856719,0.748900,0.856719,0.748900,200,0,9359
2026/02/03/11:59:58,6015.209402,0.829812,0.743426,0.829812,0.743426,197,0,9362
2026/02/03/11:59:59,6016.209502,0.829812,0.743426,0.829812,0.743426,197,0,9362
2026/02/03/12:00:00,6017.209642,0.829812,0.743426,0.829812,0.743426,197,0,9362
2026/02/03/12:00:01,6018.209802,0.869812,0.779807,0.869812,0.779807,206,0,9362
2026/02/03/12:00:02,6019.209947,0.886969,0.797986,0.886969,0.797986,211,0,9362
2026/02/03/12:00:03,6020.210056,0.898844,0.812092,0.904500,0.815608,215,1,9362
2026/02/03/12:00:04,6021.210189,0.909344,0.823719,0.921063,0.827063,218,2,9367
2026/02/03/12:00:05,6022.210253,0.901500,0.837069,0.901500,0.837069,223,0,9372
2026/02/03/12:00:06,6023.210411,0.919250,0.853216,0.926031,0.862296,227,2,9375
2026/02/03/12:00:07,6024.210497,0.936656,0.864447,0.959562,0.886938,233,5,9375
2026/02/03/12:00:08,6025.210603,0.940000,0.861937,0.944688,0.865268,231,1,9382
2026/02/03/12:00:09,6026.210711,0.938688,0.862745,0.956406,0.880367,230,3,9385
2026/02/03/12:00:10,6027.210780,0.951750,0.867227,0.960031,0.874482,232,1,9391
2026/02/03/12:00:11,6028.212286,0.932406,0.859492,0.940688,0.866747,229,1,9394
2026/02/03/12:00:12,6029.212379,0.920500,0.842189,0.928781,0.849444,227,1,9396
2026/02/03/12:00:13,6030.212535,0.911656,0.834270,0.911656,0.834270,223,0,9401
2026/02/03/12:00:14,6031.212675,0.911656,0.834270,0.911656,0.834270,223,0,9401
2026/02/03/12:00:15,6032.212801,0.899844,0.811620,0.899844,0.811620,218,0,9406
2026/02/03/12:00:16,6033.212993,0.913156,0.823929,0.913156,0.823929,223,0,9406
2026/02/03/12:00:17,6034.213067,0.910906,0.820643,0.910906,0.820643,222,0,9407
2026/02/03/12:00:18,6035.213176,0.908156,0.817523,0.908156,0.817523,221,0,9408
2026/02/03/12:00:19,6036.213272,0.899875,0.810267,0.899875,0.810267,220,0,9409
2026/02/03/12:00:20,6037.213399,0.896625,0.803543,0.896625,0.803543,218,0,9411
2026/02/03/12:00:21,6038.213478,0.893156,0.798713,0.893156,0.798713,217,0,9412
2026/02/03/12:00:22,6039.213571,0.881406,0.793303,0.881406,0.793303,214,0,9415
2026/02/03/12:00:23,6040.213673,0.881406,0.793303,0.881406,0.793303,214,0,9415
2026/02/03/12:00:24,6041.213790,0.896125,0.806298,0.896125,0.806298,219,0,9416
2026/02/03/12:00:25,6042.213892,0.892188,0.799288,0.892188,0.799288,217,0,9418
2026/02/03/12:00:26,6043.213963,0.876656,0.786884,0.876656,0.786884,213,0,9422
2026/02/03/12:00:27,6044.214055,0.872687,0.781871,0.872687,0.781871,212,0,9423
2026/02/03/12:00:28,6045.214355,0.864719,0.774341,0.864719,0.774341,209,0,9426
2026/02/03/12:00:29,6046.214440,0.864719,0.774341,0.864719,0.774341,209,0,9426
2026/02/03/12:00:30,6047.214565,0.864719,0.774341,0.864719,0.774341,209,0,9426
2026/02/03/12:00:31,6048.214712,0.864719,0.774341,0.864719,0.774341,209,0,9426
2026/02/03/12:00:32,6049.214797,0.890563,0.794299,0.900594,0.796088,220,1,9426
2026/02/03/12:00:33,6050.214957,0.915500,0.828338,0.945594,0.833705,230,3,9426
2026/02/03/12:00:34,6051.215058,0.903438,0.808071,0.933531,0.813438,224,3,9432
2026/02/03/12:00:35,6052.215157,0.891844,0.795494,0.921937,0.800861,220,3,9436
2026/02/03/12:00:36,6053.215256,0.885250,0.784438,0.915344,0.789805,218,3,9438
2026/02/03/12:00:37,6054.215367,0.874781,0.777433,0.874781,0.777433,214,0,9442
2026/02/03/12:00:38,6055.215463,0.874781,0.777433,0.874781,0.777433,214,0,9442
2026/02/03/12:00:39,6056.215567,0.874781,0.777433,0.874781,0.777433,214,0,9442
2026/02/03/12:00:40,6057.215656,0.872906,0.770630,0.878844,0.775918,212,1,9447
2026/02/03/12:00:41,6058.215756,0.875719,0.771030,0.875719,0.771030,211,0,9449
2026/02/03/12:00:42,6059.215837,0.905062,0.807591,0.916750,0.818641,222,2,9449
2026/02/03/12:00:43,6060.215941,0.914937,0.814874,0.926625,0.825924,226,2,9449
2026/02/03/12:00:44,6061.216089,0.911594,0.817177,0.917438,0.822702,225,1,9451
2026/02/03/12:00:45,6062.216242,0.894031,0.799361,0.894031,0.799361,218,0,9459
2026/02/03/12:00:46,6063.216321,0.874344,0.779588,0.874344,0.779588,214,0,9463
2026/02/03/12:00:47,6064.216465,0.874344,0.779588,0.874344,0.779588,214,0,9463
2026/02/03/12:00:48,6065.216630,0.863313,0.788462,0.863313,0.788462,212,0,9470
2026/02/03/12:00:49,6066.216742,0.850219,0.778506,0.850219,0.778506,207,0,9475
2026/02/03/12:00:50,6067.216816,0.862781,0.783321,0.862781,0.783321,210,0,9475
2026/02/03/12:00:51,6068.217002,0.862781,0.783321,0.862781,0.783321,210,0,9475
2026/02/03/12:00:52,6069.217285,0.862781,0.783321,0.862781,0.783321,210,0,9475
2026/02/03/12:00:53,6070.217244,0.862781,0.783321,0.862781,0.783321,210,0,9475
2026/02/03/12:00:54,6071.217341,0.862781,0.783321,0.862781,0.783321,210,0,9475
2026/02/03/12:00:55,6072.217546,0.862781,0.783321,0.862781,0.783321,210,0,9475
2026/02/03/12:00:56,6073.217643,0.850219,0.778506,0.850219,0.778506,207,0,9478
2026/02/03/12:00:57,6074.217765,0.863469,0.830732,0.863469,0.830732,212,0,9478
2026/02/03/12:00:58,6075.217826,0.863469,0.830732,0.863469,0.830732,212,0,9478
2026/02/03/12:00:59,6076.217934,0.878781,0.845471,0.878781,0.845471,219,0,9478
2026/02/03/12:01:00,6077.218029,0.887156,0.842557,0.887156,0.842557,222,0,9480
2026/02/03/12:01:01,6078.218116,0.882406,0.839769,0.882406,0.839769,221,0,9481
2026/02/03/12:01:02,6079.218221,0.870500,0.817633,0.870500,0.817633,216,0,9486
2026/02/03/12:01:03,6080.218306,0.870500,0.817633,0.870500,0.817633,216,0,9486
2026/02/03/12:01:04,6081.218412,0.870500,0.817633,0.870500,0.817633,216,0,9486
2026/02/03/12:01:05,6082.218508,0.860125,0.807538,0.860125,0.807538,211,0,9491
2026/02/03/12:01:06,6083.218622,0.860125,0.807538,0.860125,0.807538,211,0,9491
2026/02/03/12:01:07,6084.218702,0.854500,0.801402,0.854500,0.801402,208,0,9494
2026/02/03/12:01:08,6085.218800,0.875125,0.812319,0.875125,0.812319,212,0,9494
2026/02/03/12:01:09,6086.218937,0.875125,0.812319,0.875125,0.812319,212,0,9494
2026/02/03/12:01:10,6087.219018,0.876156,0.768602,0.884656,0.775480,210,1,9498
2026/02/03/12:01:11,6088.219120,0.866938,0.767146,0.866938,0.767146,208,0,9501
2026/02/03/12:01:12,6089.219191,0.866938,0.767146,0.866938,0.767146,208,0,9501
2026/02/03/12:01:13,6090.219304,0.866938,0.767146,0.866938,0.767146,208,0,9501
2026/02/03/12:01:14,6091.219400,0.866938,0.767146,0.866938,0.767146,208,0,9501
2026/02/03/12:01:15,6092.219479,0.866938,0.767146,0.866938,0.767146,208,0,9501
2026/02/03/12:01:16,6093.219580,0.847750,0.753930,0.847750,0.753930,202,0,9507
2026/02/03/12:01:17,6094.219671,0.839250,0.747052,0.839250,0.747052,201,0,9508
2026/02/03/12:01:18,6095.219775,0.839250,0.747052,0.839250,0.747052,201,0,9508
2026/02/03/12:01:19,6096.219838,0.861062,0.763250,0.861062,0.763250,205,0,9508
2026/02/03/12:01:20,6097.219966,0.866469,0.779678,0.866469,0.779678,207,0,9508
2026/02/03/12:01:21,6098.220053,0.875500,0.794150,0.875500,0.794150,210,0,9508
2026/02/03/12:01:22,6099.220146,0.878000,0.797985,0.878000,0.797985,211,0,9508
2026/02/03/12:01:23,6100.220223,0.875406,0.796173,0.875406,0.796173,210,0,9509
2026/02/03/12:01:24,6101.220345,0.873469,0.793786,0.873469,0.793786,209,0,9510
2026/02/03/12:01:25,6102.220435,0.870969,0.789952,0.870969,0.789952,208,0,9511
2026/02/03/12:01:26,6103.220527,0.864406,0.770891,0.864406,0.770891,206,0,9513
2026/02/03/12:01:27,6104.220631,0.850344,0.760897,0.850344,0.760897,203,0,9516
2026/02/03/12:01:28,6105.220718,0.850344,0.760897,0.850344,0.760897,203,0,9516
2026/02/03/12:01:29,6106.220785,0.850344,0.760897,0.850344,0.760897,203,0,9516
2026/02/03/12:01:30,6107.220889,0.850344,0.760897,0.850344,0.760897,203,0,9516
2026/02/03/12:01:31,6108.220924,0.822906,0.737794,0.822906,0.737794,198,0,9521
2026/02/03/12:01:32,6109.221193,0.822906,0.737794,0.822906,0.737794,198,0,9521
2026/02/03/12:01:33,6110.221212,0.838750,0.747460,0.838750,0.747460,201,0,9521
2026/02/03/12:01:34,6111.221321,0.854156,0.777282,0.890531,0.794771,205,8,9521
2026/02/03/12:01:35,6112.221414,0.883062,0.804925,0.902687,0.808130,215,2,9522
2026/02/03/12:01:36,6113.221478,0.882125,0.805108,0.902250,0.808841,218,2,9525
2026/02/03/12:01:37,6114.221599,0.875250,0.794190,0.885062,0.795793,214,1,9529
2026/02/03/12:01:38,6115.221685,0.875250,0.794190,0.885062,0.795793,214,1,9529
2026/02/03/12:01:39,6116.221782,0.858469,0.776600,0.868281,0.778202,208,1,9535
2026/02/03/12:01:40,6117.221889,0.855219,0.752100,0.865031,0.753702,206,1,9537
2026/02/03/12:01:41,6118.221956,0.855219,0.752100,0.865031,0.753702,206,1,9537
2026/02/03/12:01:42,6119.222061,0.855219,0.752100,0.865031,0.753702,206,1,9537
2026/02/03/12:01:43,6120.222134,0.880062,0.766935,0.889875,0.768537,214,1,9537
2026/02/03/12:01:44,6121.222240,0.901188,0.784738,0.916063,0.788510,222,2,9537
2026/02/03/12:01:45,6122.222347,0.900219,0.797662,0.910031,0.799264,221,1,9540
2026/02/03/12:01:46,6123.222406,0.884375,0.787996,0.894188,0.789599,218,1,9543
2026/02/03/12:01:47,6124.222527,0.873406,0.761303,0.883219,0.762905,214,1,9547
2026/02/03/12:01:48,6125.222697,0.866219,0.757844,0.876031,0.759446,212,1,9549
2026/02/03/12:01:49,6126.222811,0.875687,0.753525,0.875687,0.753525,212,0,9554
2026/02/03/12:01:50,6127.222935,0.875687,0.753525,0.875687,0.753525,212,0,9554
2026/02/03/12:01:51,6128.223086,0.875687,0.753525,0.875687,0.753525,212,0,9554
2026/02/03/12:01:52,6129.223195,0.873219,0.750408,0.873219,0.750408,211,0,9555
2026/02/03/12:01:53,6130.223344,0.859437,0.745415,0.859437,0.745415,208,0,9558
2026/02/03/12:01:54,6131.223451,0.859437,0.745415,0.859437,0.745415,208,0,9558
2026/02/03/12:01:55,6132.223577,0.859437,0.745415,0.859437,0.745415,208,0,9558
2026/02/03/12:01:56,6133.224395,0.859437,0.745415,0.859437,0.745415,208,0,9558
2026/02/03/12:01:57,6134.224467,0.858187,0.743008,0.858187,0.743008,207,0,9560
2026/02/03/12:01:58,6135.224583,0.850781,0.735627,0.850781,0.735627,204,0,9563
2026/02/03/12:01:59,6136.224743,0.850781,0.735627,0.850781,0.735627,204,0,9563
2026/02/03/12:02:00,6137.224843,0.850781,0.735627,0.850781,0.735627,204,0,9563
2026/02/03/12:02:01,6138.224950,0.850781,0.735627,0.850781,0.735627,204,0,9563
2026/02/03/12:02:02,6139.225087,0.838344,0.727439,0.838344,0.727439,200,0,9567
2026/02/03/12:02:03,6140.225176,0.838344,0.727439,0.838344,0.727439,200,0,9567
2026/02/03/12:02:04,6141.225281,0.838344,0.727439,0.838344,0.727439,200,0,9567
2026/02/03/12:02:05,6142.225389,0.857437,0.740009,0.865625,0.741572,207,1,9567
2026/02/03/12:02:06,6143.225484,0.886156,0.776045,0.900094,0.785216,216,2,9567
2026/02/03/12:02:07,6144.225634,0.886156,0.776045,0.900094,0.785216,216,2,9567
2026/02/03/12:02:08,6145.225721,0.902750,0.793003,0.910937,0.794566,221,1,9571
2026/02/03/12:02:09,6146.225902,0.920344,0.809692,0.954750,0.829464,228,4,9571
2026/02/03/12:02:10,6147.225952,0.912906,0.813316,0.942656,0.830530,226,3,9577
2026/02/03/12:02:11,6148.226056,0.899563,0.805422,0.929312,0.822636,222,3,9581
2026/02/03/12:02:12,6149.226169,0.897875,0.800672,0.927625,0.817885,221,3,9582
2026/02/03/12:02:13,6150.226265,0.897875,0.800672,0.927625,0.817885,221,3,9582
2026/02/03/12:02:14,6151.226362,0.894000,0.794839,0.923750,0.812052,219,3,9584
2026/02/03/12:02:15,6152.226447,0.889219,0.791591,0.918969,0.808805,218,3,9585
2026/02/03/12:02:16,6153.226566,0.887062,0.789590,0.916813,0.806804,217,3,9586
2026/02/03/12:02:17,6154.226653,0.889625,0.786813,0.911188,0.802463,216,2,9588
2026/02/03/12:02:18,6155.226812,0.889625,0.786813,0.911188,0.802463,216,2,9588
2026/02/03/12:02:19,6156.226917,0.872375,0.763992,0.893938,0.779642,213,2,9591
2026/02/03/12:02:20,6157.226962,0.872375,0.763992,0.893938,0.779642,213,2,9591
2026/02/03/12:02:21,6158.227048,0.872375,0.763992,0.903031,0.781359,213,3,9591
2026/02/03/12:02:22,6159.227141,0.885406,0.769002,0.906969,0.784652,216,2,9591
2026/02/03/12:02:23,6160.227231,0.887375,0.770882,0.908937,0.786533,217,2,9591
2026/02/03/12:02:24,6161.227327,0.878281,0.769165,0.901563,0.788268,216,3,9592
2026/02/03/12:02:25,6162.227423,0.889781,0.786522,0.941719,0.814030,221,5,9592
2026/02/03/12:02:26,6163.227503,0.910094,0.804483,0.974781,0.832944,227,6,9595
2026/02/03/12:02:27,6164.227600,0.915656,0.798799,0.986437,0.840572,228,8,9596
2026/02/03/12:02:28,6165.227677,0.915656,0.798799,0.986437,0.840572,228,8,9596
2026/02/03/12:02:29,6166.227787,0.918344,0.798785,0.975437,0.825441,228,5,9597
2026/02/03/12:02:30,6167.227955,0.917844,0.799895,0.974938,0.826550,229,5,9598
2026/02/03/12:02:31,6168.228118,0.898469,0.784401,0.906062,0.786207,222,1,9605
2026/02/03/12:02:32,6169.228223,0.883750,0.772004,0.883750,0.772004,217,0,9610
2026/02/03/12:02:33,6170.228315,0.883750,0.772004,0.883750,0.772004,217,0,9610
2026/02/03/12:02:34,6171.228402,0.883750,0.772004,0.883750,0.772004,217,0,9610
2026/02/03/12:02:35,6172.228483,0.878781,0.760663,0.878781,0.760663,214,0,9613
2026/02/03/12:02:36,6173.228638,0.878781,0.760663,0.878781,0.760663,214,0,9613
2026/02/03/12:02:37,6174.228734,0.896156,0.775253,0.910937,0.777416,222,1,9615
2026/02/03/12:02:38,6175.228806,0.896156,0.775253,0.910937,0.777416,222,1,9615
2026/02/03/12:02:39,6176.228913,0.930344,0.818122,0.954125,0.828490,235,3,9615
2026/02/03/12:02:40,6177.228944,0.930625,0.817924,0.950719,0.823011,233,2,9619
2026/02/03/12:02:41,6178.229072,0.905937,0.785483,0.920719,0.787647,224,1,9628
2026/02/03/12:02:42,6179.229177,0.910344,0.787138,0.925125,0.789301,224,1,9630
2026/02/03/12:02:43,6180.229276,0.915125,0.800038,0.929906,0.802202,225,1,9631
2026/02/03/12:02:44,6181.229361,0.904656,0.783724,0.919438,0.785888,221,1,9635
2026/02/03/12:02:45,6182.229465,0.898281,0.768774,0.913062,0.770938,219,1,9637
2026/02/03/12:02:46,6183.229551,0.898281,0.768774,0.913062,0.770938,219,1,9637
2026/02/03/12:02:47,6184.229627,0.898281,0.768774,0.913062,0.770938,219,1,9637
2026/02/03/12:02:48,6185.229691,0.884750,0.763949,0.899531,0.766112,216,1,9640
2026/02/03/12:02:49,6186.229830,0.876781,0.751557,0.891563,0.753720,213,1,9643
2026/02/03/12:02:50,6187.229961,0.880469,0.771033,0.895250,0.773197,215,1,9643
2026/02/03/12:02:51,6188.230067,0.875844,0.769443,0.890625,0.771607,214,1,9644
2026/02/03/12:02:52,6189.230163,0.870531,0.765111,0.885312,0.767274,212,1,9646
2026/02/03/12:02:53,6190.230255,0.870531,0.765111,0.870531,0.765111,212,0,9646
2026/02/03/12:02:54,6191.230343,0.870531,0.765111,0.870531,0.765111,212,0,9646
2026/02/03/12:02:55,6192.230435,0.862469,0.760204,0.862469,0.760204,209,0,9649
2026/02/03/12:02:56,6193.230556,0.862469,0.760204,0.862469,0.760204,209,0,9649
2026/02/03/12:02:57,6194.230676,0.887156,0.779949,0.906188,0.824294,216,3,9649
2026/02/03/12:02:58,6195.230750,0.875188,0.779731,0.887875,0.809294,215,2,9651
2026/02/03/12:02:59,6196.230847,0.875188,0.779731,0.887875,0.809294,215,2,9651
2026/02/03/12:03:00,6197.230963,0.865938,0.772021,0.878625,0.801585,213,2,9653
2026/02/03/12:03:01,6198.231053,0.882938,0.788975,0.895625,0.818539,218,2,9653
2026/02/03/12:03:02,6199.231174,0.876594,0.774193,0.876594,0.774193,217,0,9654
2026/02/03/12:03:03,6200.231238,0.869406,0.769014,0.869406,0.769014,215,0,9656
2026/02/03/12:03:04,6201.231326,0.877625,0.772383,0.877625,0.772383,218,0,9658
2026/02/03/12:03:05,6202.231428,0.858125,0.756587,0.858125,0.756587,212,0,9664
2026/02/03/12:03:06,6203.231593,0.858125,0.756587,0.858125,0.756587,212,0,9664
2026/02/03/12:03:07,6204.231732,0.886531,0.796212,0.898000,0.798056,223,1,9666
2026/02/03/12:03:08,6205.231812,0.879656,0.773605,0.891125,0.775449,219,1,9671
2026/02/03/12:03:09,6206.231936,0.881719,0.760374,0.937906,0.787452,218,6,9673
2026/02/03/12:03:10,6207.232022,0.881094,0.757204,0.937281,0.784282,217,6,9675
2026/02/03/12:03:11,6208.232099,0.881094,0.757204,0.921250,0.770333,217,5,9675
2026/02/03/12:03:12,6209.232191,0.909188,0.799302,0.945500,0.809524,231,4,9676
2026/02/03/12:03:13,6210.232331,0.932562,0.831927,0.960594,0.839356,240,3,9677
2026/02/03/12:03:14,6211.232434,0.919375,0.820915,0.919375,0.820915,234,0,9688
2026/02/03/12:03:15,6212.232513,0.923844,0.835408,0.952031,0.857356,238,2,9693
2026/02/03/12:03:16,6213.232605,0.922344,0.844721,0.950531,0.866669,240,2,9700
2026/02/03/12:03:17,6214.232702,0.901219,0.815690,0.929406,0.837638,231,2,9714
2026/02/03/12:03:18,6215.232801,0.872625,0.778808,0.900813,0.800756,223,2,9725
2026/02/03/12:03:19,6216.232916,0.856719,0.773495,0.884906,0.795443,220,2,9728
2026/02/03/12:03:20,6217.232994,0.856719,0.773495,0.856719,0.773495,220,0,9728
2026/02/03/12:03:21,6218.233093,0.856719,0.773495,0.856719,0.773495,220,0,9728
2026/02/03/12:03:22,6219.233199,0.843094,0.758845,0.843094,0.758845,214,0,9734
2026/02/03/12:03:23,6220.233354,0.840781,0.756872,0.840781,0.756872,213,0,9735
2026/02/03/12:03:24,6221.233443,0.836719,0.751957,0.836719,0.751957,211,0,9737
2026/02/03/12:03:25,6222.233552,0.835000,0.748596,0.835000,0.748596,210,0,9738
2026/02/03/12:03:26,6223.233644,0.835000,0.748596,0.835000,0.748596,210,0,9738
2026/02/03/12:03:27,6224.233729,0.832750,0.745015,0.832750,0.745015,209,0,9739
2026/02/03/12:03:28,6225.233836,0.832750,0.745015,0.832750,0.745015,209,0,9739
2026/02/03/12:03:29,6226.233937,0.824781,0.738703,0.824781,0.738703,206,0,9742
2026/02/03/12:03:30,6227.234050,0.839313,0.756721,0.839313,0.756721,211,0,9742
2026/02/03/12:03:31,6228.234143,0.839313,0.756721,0.839313,0.756721,211,0,9742
2026/02/03/12:03:32,6229.234245,0.839313,0.756721,0.839313,0.756721,211,0,9742
2026/02/03/12:03:33,6230.234328,0.839313,0.756721,0.839313,0.756721,211,0,9742
2026/02/03/12:03:34,6231.234417,0.832063,0.742034,0.832063,0.742034,209,0,9744
2026/02/03/12:03:35,6232.234512,0.832063,0.742034,0.832063,0.742034,209,0,9744
2026/02/03/12:03:36,6233.234608,0.832063,0.742034,0.832063,0.742034,209,0,9744
2026/02/03/12:03:37,6234.234709,0.832063,0.742034,0.832063,0.742034,209,0,9744
2026/02/03/12:03:38,6235.234856,0.832063,0.742034,0.832063,0.742034,209,0,9744
2026/02/03/12:03:39,6236.234922,0.832063,0.742034,0.832063,0.742034,209,0,9744
2026/02/03/12:03:40,6237.235030,0.832063,0.742034,0.832063,0.742034,209,0,9744
2026/02/03/12:03:41,6238.235118,0.818656,0.729286,0.818656,0.729286,204,0,9749
2026/02/03/12:03:42,6239.235219,0.826031,0.734519,0.826031,0.734519,206,0,9749
2026/02/03/12:03:43,6240.235307,0.863062,0.790606,0.865844,0.792620,215,1,9749
2026/02/03/12:03:44,6241.235398,0.867906,0.792587,0.867906,0.792587,217,0,9751
2026/02/03/12:03:45,6242.235499,0.856625,0.783253,0.856625,0.783253,214,0,9754
2026/02/03/12:03:46,6243.235601,0.856625,0.783253,0.856625,0.783253,214,0,9754
2026/02/03/12:03:47,6244.235697,0.841531,0.750034,0.841531,0.750034,210,0,9758
2026/02/03/12:03:48,6245.235787,0.841531,0.750034,0.841531,0.750034,210,0,9758
2026/02/03/12:03:49,6246.235914,0.833187,0.743993,0.833187,0.743993,207,0,9761
2026/02/03/12:03:50,6247.235996,0.833187,0.743993,0.833187,0.743993,207,0,9761
2026/02/03/12:03:51,6248.236102,0.833187,0.743993,0.833187,0.743993,207,0,9761
2026/02/03/12:03:52,6249.236191,0.833187,0.743993,0.833187,0.743993,207,0,9761
2026/02/03/12:03:53,6250.236333,0.833187,0.743993,0.833187,0.743993,207,0,9761
2026/02/03/12:03:54,6251.236438,0.831281,0.742307,0.831281,0.742307,206,0,9762
2026/02/03/12:03:55,6252.236507,0.848313,0.780327,0.848313,0.780327,214,0,9762
2026/02/03/12:03:56,6253.236603,0.846719,0.776412,0.846719,0.776412,213,0,9763
2026/02/03/12:03:57,6254.236775,0.836031,0.773533,0.836031,0.773533,213,0,9766
2026/02/03/12:03:58,6255.236903,0.833625,0.771889,0.833625,0.771889,212,0,9767
2026/02/03/12:03:59,6256.237003,0.826500,0.767146,0.826500,0.767146,209,0,9770
2026/02/03/12:04:00,6257.237081,0.819094,0.761429,0.819094,0.761429,206,0,9773
2026/02/03/12:04:01,6258.237187,0.819094,0.761429,0.819094,0.761429,206,0,9773
2026/02/03/12:04:02,6259.237275,0.819094,0.761429,0.819094,0.761429,206,0,9773
2026/02/03/12:04:03,6260.237352,0.813500,0.740784,0.813500,0.740784,203,0,9776
2026/02/03/12:04:04,6261.237452,0.813500,0.740784,0.813500,0.740784,203,0,9776
2026/02/03/12:04:05,6262.237550,0.813500,0.740784,0.813500,0.740784,203,0,9776
2026/02/03/12:04:06,6263.237655,0.784062,0.735978,0.784062,0.735978,200,0,9779
2026/02/03/12:04:07,6264.237748,0.784062,0.735978,0.784062,0.735978,200,0,9779
2026/02/03/12:04:08,6265.237840,0.784062,0.735978,0.784062,0.735978,200,0,9779
2026/02/03/12:04:09,6266.237950,0.784062,0.735978,0.784062,0.735978,200,0,9779
2026/02/03/12:04:10,6267.238024,0.784062,0.735978,0.784062,0.735978,200,0,9779
2026/02/03/12:04:11,6268.238141,0.784062,0.735978,0.792094,0.746935,200,5,9779
2026/02/03/12:04:12,6269.238259,0.795281,0.750137,0.795281,0.750137,207,0,9779
2026/02/03/12:04:13,6270.238363,0.795281,0.750137,0.795281,0.750137,207,0,9779
2026/02/03/12:04:14,6271.238497,0.832594,0.770625,0.832594,0.770625,212,0,9782
2026/02/03/12:04:15,6272.238584,0.839750,0.761569,0.839750,0.761569,213,0,9785
2026/02/03/12:04:16,6273.238739,0.831000,0.751486,0.831000,0.751486,210,0,9788
2026/02/03/12:04:17,6274.238834,0.835812,0.770579,0.835812,0.770579,211,0,9791
2026/02/03/12:04:18,6275.238947,0.844125,0.784184,0.844125,0.784184,216,0,9791
2026/02/03/12:04:19,6276.239064,0.868406,0.804027,0.868406,0.804027,223,0,9791
2026/02/03/12:04:20,6277.239157,0.858656,0.795141,0.858656,0.795141,219,0,9795
2026/02/03/12:04:21,6278.239240,0.856437,0.788000,0.856437,0.788000,218,0,9796
2026/02/03/12:04:22,6279.239334,0.846000,0.783711,0.846000,0.783711,216,0,9798
2026/02/03/12:04:23,6280.239433,0.839375,0.771690,0.839375,0.771690,212,0,9802
2026/02/03/12:04:24,6281.239533,0.837688,0.770105,0.837688,0.770105,211,0,9803
2026/02/03/12:04:25,6282.239625,0.866625,0.804266,0.866625,0.804266,219,0,9803
2026/02/03/12:04:26,6283.239698,0.859219,0.796630,0.859219,0.796630,216,0,9806
2026/02/03/12:04:27,6284.239795,0.859219,0.796630,0.859219,0.796630,216,0,9806
2026/02/03/12:04:28,6285.239912,0.826438,0.778389,0.826438,0.778389,211,0,9811
2026/02/03/12:04:29,6286.240013,0.834344,0.791427,0.834344,0.791427,214,0,9811
2026/02/03/12:04:30,6287.240114,0.831094,0.787779,0.831094,0.787779,212,0,9813
2026/02/03/12:04:31,6288.240216,0.826219,0.782504,0.826219,0.782504,209,0,9816
2026/02/03/12:04:32,6289.240344,0.826219,0.782504,0.826219,0.782504,209,0,9816
2026/02/03/12:04:33,6290.240417,0.819781,0.774586,0.819781,0.774586,207,0,9818
2026/02/03/12:04:34,6291.240521,0.819781,0.774586,0.819781,0.774586,207,0,9818
2026/02/03/12:04:35,6292.240627,0.815625,0.772063,0.815625,0.772063,206,0,9819
2026/02/03/12:04:36,6293.240720,0.815625,0.772063,0.815625,0.772063,206,0,9819
2026/02/03/12:04:37,6294.240814,0.808406,0.769969,0.808406,0.769969,205,0,9820
2026/02/03/12:04:38,6295.240909,0.808406,0.769969,0.808406,0.769969,205,0,9820
2026/02/03/12:04:39,6296.241204,0.808406,0.769969,0.808406,0.769969,205,0,9820
2026/02/03/12:04:40,6297.241184,0.826812,0.797656,0.826812,0.797656,211,0,9822
2026/02/03/12:04:41,6298.241321,0.863594,0.842215,0.863594,0.842215,219,0,9823
2026/02/03/12:04:42,6299.241382,0.851437,0.818880,0.851437,0.818880,215,0,9827
2026/02/03/12:04:43,6300.241473,0.839125,0.810483,0.839125,0.810483,212,0,9830
2026/02/03/12:04:44,6301.241581,0.839125,0.810483,0.839125,0.810483,212,0,9830
2026/02/03/12:04:45,6302.241680,0.832187,0.802700,0.832187,0.802700,209,0,9833
2026/02/03/12:04:46,6303.241784,0.812281,0.776227,0.812281,0.776227,206,0,9836
2026/02/03/12:04:47,6304.241890,0.812281,0.776227,0.812281,0.776227,206,0,9836
2026/02/03/12:04:48,6305.241980,0.817906,0.782987,0.820812,0.787836,208,1,9836
2026/02/03/12:04:49,6306.242078,0.820812,0.787836,0.820812,0.787836,209,0,9836
2026/02/03/12:04:50,6307.242149,0.838000,0.808657,0.892000,0.852432,213,6,9836
2026/02/03/12:04:51,6308.242246,0.834969,0.806591,0.888969,0.850367,212,6,9837
2026/02/03/12:04:52,6309.242331,0.834969,0.806591,0.888969,0.850367,212,6,9837
2026/02/03/12:04:53,6310.242424,0.824656,0.799198,0.834781,0.837817,208,3,9841
2026/02/03/12:04:54,6311.242579,0.815469,0.790044,0.825594,0.828664,206,3,9843
2026/02/03/12:04:55,6312.242682,0.812031,0.786547,0.822156,0.825166,205,3,9844
2026/02/03/12:04:56,6313.242760,0.807531,0.783235,0.817656,0.821854,204,3,9845
2026/02/03/12:04:57,6314.242855,0.807531,0.783235,0.817656,0.821854,204,3,9845
2026/02/03/12:04:58,6315.242954,0.816250,0.791647,0.826375,0.830266,207,3,9845
2026/02/03/12:04:59,6316.243057,0.804813,0.783254,0.804813,0.783254,205,0,9847
2026/02/03/12:05:00,6317.243146,0.780188,0.735651,0.780188,0.735651,197,0,9855
2026/02/03/12:05:01,6318.243242,0.780188,0.735651,0.780188,0.735651,197,0,9855
2026/02/03/12:05:02,6319.243330,0.772875,0.729939,0.772875,0.729939,194,0,9858
2026/02/03/12:05:03,6320.243447,0.772875,0.729939,0.772875,0.729939,194,0,9858
2026/02/03/12:05:04,6321.243536,0.772875,0.729939,0.772875,0.729939,194,0,9858
2026/02/03/12:05:05,6322.243615,0.769969,0.725090,0.769969,0.725090,193,0,9859
2026/02/03/12:05:06,6323.243716,0.769969,0.725090,0.769969,0.725090,193,0,9859
2026/02/03/12:05:07,6324.243788,0.769969,0.725090,0.769969,0.725090,193,0,9859
2026/02/03/12:05:08,6325.243895,0.769969,0.725090,0.769969,0.725090,193,0,9859
2026/02/03/12:05:09,6326.243981,0.769969,0.725090,0.769969,0.725090,193,0,9859
2026/02/03/12:05:10,6327.245645,0.769969,0.725090,0.769969,0.725090,193,0,9859
2026/02/03/12:05:11,6328.245752,0.777563,0.743586,0.777563,0.743586,197,0,9859
2026/02/03/12:05:12,6329.245837,0.777563,0.743586,0.777563,0.743586,197,0,9859
2026/02/03/12:05:13,6330.245992,0.772219,0.737496,0.772219,0.737496,194,0,9862
2026/02/03/12:05:14,6331.246086,0.785750,0.758952,0.785750,0.758952,201,0,9862
2026/02/03/12:05:15,6332.246248,0.785750,0.758952,0.785750,0.758952,201,0,9862
2026/02/03/12:05:16,6333.246399,0.798094,0.793614,0.798094,0.793614,206,0,9862
2026/02/03/12:05:17,6334.246502,0.798094,0.793614,0.798094,0.793614,206,0,9862
2026/02/03/12:05:18,6335.246592,0.792750,0.787072,0.792750,0.787072,203,0,9865
2026/02/03/12:05:19,6336.246684,0.784781,0.761318,0.784781,0.761318,200,0,9868
2026/02/03/12:05:20,6337.246766,0.782531,0.748912,0.782531,0.748912,199,0,9869
2026/02/03/12:05:21,6338.246898,0.782531,0.748912,0.782531,0.748912,199,0,9869
2026/02/03/12:05:22,6339.246972,0.782531,0.748912,0.782531,0.748912,199,0,9869
2026/02/03/12:05:23,6340.247065,0.782531,0.748912,0.782531,0.748912,199,0,9869
2026/02/03/12:05:24,6341.247163,0.775687,0.733233,0.775687,0.733233,196,0,9872
2026/02/03/12:05:25,6342.247264,0.775687,0.733233,0.775687,0.733233,196,0,9872
2026/02/03/12:05:26,6343.247367,0.775687,0.733233,0.775687,0.733233,196,0,9872
2026/02/03/12:05:27,6344.247465,0.775687,0.733233,0.775687,0.733233,196,0,9872
2026/02/03/12:05:28,6345.247554,0.775687,0.733233,0.775687,0.733233,196,0,9872
2026/02/03/12:05:29,6346.247665,0.796687,0.737721,0.796687,0.737721,200,0,9874
2026/02/03/12:05:30,6347.247758,0.796687,0.737721,0.796687,0.737721,200,0,9874
2026/02/03/12:05:31,6348.247852,0.774687,0.729501,0.774687,0.729501,196,0,9878
2026/02/03/12:05:32,6349.247979,0.771188,0.726327,0.771188,0.726327,194,0,9880
2026/02/03/12:05:33,6350.248144,0.774531,0.729764,0.774531,0.729764,195,0,9880
2026/02/03/12:05:34,6351.248246,0.767906,0.725364,0.767906,0.725364,193,0,9882
2026/02/03/12:05:35,6352.248345,0.763656,0.721420,0.763656,0.721420,191,0,9884
2026/02/03/12:05:36,6353.248439,0.760312,0.717983,0.760312,0.717983,190,0,9885
2026/02/03/12:05:37,6354.248530,0.760312,0.717983,0.760312,0.717983,190,0,9885
2026/02/03/12:05:38,6355.248629,0.760312,0.717983,0.760312,0.717983,190,0,9885
2026/02/03/12:05:39,6356.248718,0.760312,0.717983,0.760312,0.717983,190,0,9885
2026/02/03/12:05:40,6357.248818,0.760312,0.717983,0.760312,0.717983,190,0,9885
2026/02/03/12:05:41,6358.248972,0.749250,0.706215,0.749250,0.706215,187,0,9888
2026/02/03/12:05:42,6359.249085,0.749250,0.706215,0.749250,0.706215,187,0,9888
2026/02/03/12:05:43,6360.249176,0.790312,0.730275,0.790312,0.730275,195,0,9888
2026/02/03/12:05:44,6361.249275,0.801125,0.736600,0.801125,0.736600,197,0,9888
2026/02/03/12:05:45,6362.249370,0.793750,0.728408,0.793750,0.728408,195,0,9890
2026/02/03/12:05:46,6363.249464,0.808250,0.731607,0.808250,0.731607,197,0,9890
2026/02/03/12:05:47,6364.249564,0.778406,0.719441,0.778406,0.719441,193,0,9894
2026/02/03/12:05:48,6365.249657,0.840156,0.783217,0.840156,0.783217,204,0,9894
2026/02/03/12:05:49,6366.249751,0.842219,0.778381,0.842219,0.778381,203,0,9897
2026/02/03/12:05:50,6367.250165,0.833031,0.792811,0.833031,0.792811,204,0,9904
2026/02/03/12:05:51,6368.250245,0.815031,0.750674,0.815031,0.750674,200,0,9908
2026/02/03/12:05:52,6369.250351,0.799781,0.724989,0.799781,0.724989,193,0,9915
2026/02/03/12:05:53,6370.250447,0.774969,0.714740,0.774969,0.714740,191,0,9917
2026/02/03/12:05:54,6371.250530,0.763969,0.718789,0.763969,0.718789,191,0,9919
2026/02/03/12:05:55,6372.250631,0.753344,0.715517,0.753344,0.715517,189,0,9921
2026/02/03/12:05:56,6373.250725,0.753344,0.715517,0.753344,0.715517,189,0,9921
2026/02/03/12:05:57,6374.250810,0.753344,0.715517,0.753344,0.715517,189,0,9921
2026/02/03/12:05:58,6375.250938,0.745375,0.707339,0.745375,0.707339,186,0,9924
2026/02/03/12:05:59,6376.251006,0.741875,0.700092,0.741875,0.700092,184,0,9926
2026/02/03/12:06:00,6377.251088,0.780687,0.739721,0.780687,0.739721,196,0,9927
2026/02/03/12:06:01,6378.251191,0.786687,0.741816,0.786687,0.741816,197,0,9927
2026/02/03/12:06:02,6379.251277,0.791344,0.737423,0.791344,0.737423,198,0,9929
2026/02/03/12:06:03,6380.251382,0.799656,0.738054,0.799656,0.738054,198,0,9931
2026/02/03/12:06:04,6381.251472,0.799656,0.738054,0.799656,0.738054,198,0,9931
2026/02/03/12:06:05,6382.251560,0.786188,0.726965,0.786188,0.726965,193,0,9936
2026/02/03/12:06:06,6383.251651,0.778969,0.721572,0.778969,0.721572,190,0,9939
2026/02/03/12:06:07,6384.251784,0.778969,0.721572,0.778969,0.721572,190,0,9939
2026/02/03/12:06:08,6385.251903,0.775219,0.719559,0.775219,0.719559,189,0,9940
2026/02/03/12:06:09,6386.251942,0.767500,0.717250,0.767500,0.717250,188,0,9941
2026/02/03/12:06:10,6387.252058,0.754812,0.708953,0.754812,0.708953,186,0,9943
2026/02/03/12:06:11,6388.252132,0.784344,0.778574,0.784344,0.778574,196,0,9944
2026/02/03/12:06:12,6389.252279,0.800094,0.783700,0.800094,0.783700,199,0,9945
2026/02/03/12:06:13,6390.252373,0.791063,0.723972,0.791063,0.723972,194,0,9950
2026/02/03/12:06:14,6391.252476,0.803094,0.736991,0.803094,0.736991,200,0,9951
2026/02/03/12:06:15,6392.252523,0.831094,0.754832,0.831094,0.754832,208,0,9953
2026/02/03/12:06:16,6393.252616,0.834719,0.751143,0.834719,0.751143,208,0,9955
2026/02/03/12:06:17,6394.252721,0.825187,0.739772,0.825187,0.739772,204,0,9959
2026/02/03/12:06:18,6395.252815,0.819750,0.733450,0.819750,0.733450,201,0,9962
2026/02/03/12:06:19,6396.252933,0.819750,0.733450,0.819750,0.733450,201,0,9962
2026/02/03/12:06:20,6397.253035,0.814375,0.724698,0.814375,0.724698,199,0,9964
2026/02/03/12:06:21,6398.253105,0.803781,0.719873,0.803781,0.719873,196,0,9967
2026/02/03/12:06:22,6399.253247,0.803781,0.719873,0.803781,0.719873,196,0,9967
2026/02/03/12:06:23,6400.253337,0.801969,0.710971,0.801969,0.710971,195,0,9968
2026/02/03/12:06:24,6401.253455,0.801969,0.710971,0.801969,0.710971,195,0,9968
2026/02/03/12:06:25,6402.253546,0.797000,0.705280,0.797000,0.705280,192,0,9971
2026/02/03/12:06:26,6403.253695,0.793500,0.696925,0.793500,0.696925,191,0,9972
2026/02/03/12:06:27,6404.253776,0.785813,0.688398,0.785813,0.688398,187,0,9976
2026/02/03/12:06:28,6405.253896,0.804969,0.693539,0.804969,0.693539,188,0,9977
2026/02/03/12:06:29,6406.253957,0.807156,0.695528,0.807156,0.695528,189,0,9977
2026/02/03/12:06:30,6407.254054,0.807156,0.695528,0.807156,0.695528,189,0,9977
2026/02/03/12:06:31,6408.254143,0.807156,0.695528,0.807156,0.695528,189,0,9977
2026/02/03/12:06:32,6409.254242,0.790094,0.689203,0.790094,0.689203,187,0,9979
2026/02/03/12:06:33,6410.254333,0.790094,0.689203,0.790094,0.689203,187,0,9979
2026/02/03/12:06:34,6411.254493,0.790094,0.689203,0.790094,0.689203,187,0,9979
2026/02/03/12:06:35,6412.254746,0.790094,0.689203,0.790094,0.689203,187,0,9979
2026/02/03/12:06:36,6413.254718,0.790094,0.689203,0.790094,0.689203,187,0,9979
2026/02/03/12:06:37,6414.254818,0.785719,0.684834,0.785719,0.684834,185,0,9981
2026/02/03/12:06:38,6415.254919,0.785719,0.684834,0.785719,0.684834,185,0,9981
2026/02/03/12:06:39,6416.255029,0.785719,0.684834,0.785719,0.684834,185,0,9981
2026/02/03/12:06:40,6417.255119,0.785719,0.684834,0.785719,0.684834,185,0,9981
2026/02/03/12:06:41,6418.255204,0.774906,0.682596,0.774906,0.682596,184,0,9982
2026/02/03/12:06:42,6419.255313,0.772719,0.680607,0.772719,0.680607,183,0,9983
2026/02/03/12:06:43,6420.255462,0.772719,0.680607,0.772719,0.680607,183,0,9983
2026/02/03/12:06:44,6421.255551,0.772719,0.680607,0.772719,0.680607,183,0,9983
2026/02/03/12:06:45,6422.255652,0.824344,0.713124,0.824344,0.713124,192,0,9984
2026/02/03/12:06:46,6423.255782,0.853750,0.752238,0.853750,0.752238,200,0,9985
2026/02/03/12:06:47,6424.255900,0.847844,0.741156,0.847844,0.741156,197,0,9988
2026/02/03/12:06:48,6425.255919,0.835469,0.734054,0.862594,0.738707,195,2,9990
2026/02/03/12:06:49,6426.256036,0.818375,0.712382,0.831937,0.714708,190,1,9996
2026/02/03/12:06:50,6427.256189,0.800375,0.695719,0.813937,0.698045,187,1,9999
2026/02/03/12:06:51,6428.256349,0.800375,0.695719,0.813937,0.698045,187,1,9999
2026/02/03/12:06:52,6429.256502,0.795625,0.687180,0.809187,0.689506,185,1,10001
2026/02/03/12:06:53,6430.256601,0.795625,0.687180,0.809187,0.689506,185,1,10001
2026/02/03/12:06:54,6431.256695,0.795625,0.687180,0.809187,0.689506,185,1,10001
2026/02/03/12:06:55,6432.256791,0.782062,0.684853,0.782062,0.684853,184,0,10002
2026/02/03/12:06:56,6433.256902,0.770875,0.678236,0.770875,0.678236,182,0,10004
2026/02/03/12:06:57,6434.256947,0.807906,0.690672,0.807906,0.690672,188,0,10004
2026/02/03/12:06:58,6435.257041,0.836906,0.709513,0.836906,0.709513,196,0,10005
2026/02/03/12:06:59,6436.257106,0.814781,0.704158,0.814781,0.704158,193,0,10008
2026/02/03/12:07:00,6437.257211,0.799875,0.697077,0.799875,0.697077,190,0,10011
2026/02/03/12:07:01,6438.257361,0.778312,0.676819,0.778312,0.676819,184,0,10017
2026/02/03/12:07:02,6439.257476,0.803406,0.697192,0.803406,0.697192,193,0,10017
2026/02/03/12:07:03,6440.257567,0.827281,0.713721,0.827281,0.713721,200,0,10017
2026/02/03/12:07:04,6441.257659,0.827281,0.713721,0.827281,0.713721,200,0,10017
2026/02/03/12:07:05,6442.257766,0.852875,0.761206,0.877313,0.769083,207,3,10020
2026/02/03/12:07:06,6443.257856,0.854563,0.765508,0.877313,0.769083,208,2,10020
2026/02/03/12:07:07,6444.258004,0.867625,0.767728,0.867625,0.767728,211,0,10022
2026/02/03/12:07:08,6445.258153,0.859437,0.760455,0.859437,0.760455,207,0,10026
2026/02/03/12:07:09,6446.258225,0.865969,0.763568,0.865969,0.763568,208,0,10026
2026/02/03/12:07:10,6447.258337,0.866969,0.763919,0.866969,0.763919,208,0,10029
2026/02/03/12:07:11,6448.258421,0.861156,0.750719,0.870656,0.770908,205,4,10032
2026/02/03/12:07:12,6449.258525,0.836562,0.733412,0.836562,0.733412,202,0,10042
2026/02/03/12:07:13,6450.258583,0.826313,0.723205,0.826313,0.723205,199,0,10045
2026/02/03/12:07:14,6451.258718,0.815781,0.708924,0.815781,0.708924,194,0,10050
2026/02/03/12:07:15,6452.258812,0.809781,0.706374,0.809781,0.706374,193,0,10051
2026/02/03/12:07:16,6453.259032,0.809781,0.706374,0.809781,0.706374,193,0,10051
2026/02/03/12:07:17,6454.259093,0.809781,0.706374,0.809781,0.706374,193,0,10051
2026/02/03/12:07:18,6455.259195,0.799500,0.699909,0.799500,0.699909,191,0,10053
2026/02/03/12:07:19,6456.259278,0.797625,0.698136,0.797625,0.698136,190,0,10054
2026/02/03/12:07:20,6457.259368,0.810781,0.711863,0.813031,0.714063,196,1,10055
2026/02/03/12:07:21,6458.259469,0.843938,0.737293,0.843938,0.737293,203,0,10055
2026/02/03/12:07:22,6459.259565,0.843938,0.737293,0.843938,0.737293,203,0,10055
2026/02/03/12:07:23,6460.259636,0.828344,0.725317,0.828344,0.725317,198,0,10060
2026/02/03/12:07:24,6461.259724,0.825469,0.713532,0.825469,0.713532,197,0,10061
2026/02/03/12:07:25,6462.259839,0.820969,0.709133,0.820969,0.709133,195,0,10063
2026/02/03/12:07:26,6463.259956,0.820969,0.709133,0.820969,0.709133,195,0,10063
2026/02/03/12:07:27,6464.260066,0.820969,0.709133,0.820969,0.709133,195,0,10063
2026/02/03/12:07:28,6465.260267,0.806438,0.703771,0.806438,0.703771,192,0,10066
2026/02/03/12:07:29,6466.260375,0.806438,0.703771,0.806438,0.703771,192,0,10066
2026/02/03/12:07:30,6467.260474,0.806438,0.703771,0.806438,0.703771,192,0,10066
2026/02/03/12:07:31,6468.260580,0.806438,0.703771,0.806438,0.703771,192,0,10066
2026/02/03/12:07:32,6469.260645,0.806438,0.703771,0.806438,0.703771,192,0,10066
2026/02/03/12:07:33,6470.260736,0.826000,0.725293,0.826000,0.725293,197,0,10066
2026/02/03/12:07:34,6471.260853,0.826000,0.725293,0.826000,0.725293,197,0,10066
2026/02/03/12:07:35,6472.260941,0.812406,0.713663,0.812406,0.713663,195,0,10068
2026/02/03/12:07:36,6473.262195,0.812406,0.713663,0.812406,0.713663,195,0,10068
2026/02/03/12:07:37,6474.262284,0.807469,0.708807,0.807469,0.708807,193,0,10070
2026/02/03/12:07:38,6475.262390,0.807469,0.708807,0.807469,0.708807,193,0,10070
2026/02/03/12:07:39,6476.262462,0.807469,0.708807,0.807469,0.708807,193,0,10070
2026/02/03/12:07:40,6477.262544,0.807469,0.708807,0.807469,0.708807,193,0,10070
2026/02/03/12:07:41,6478.262631,0.807469,0.708807,0.807469,0.708807,193,0,10070
2026/02/03/12:07:42,6479.262743,0.807469,0.708807,0.807469,0.708807,193,0,10070
2026/02/03/12:07:43,6480.262903,0.803406,0.704258,0.803406,0.704258,191,0,10072
2026/02/03/12:07:44,6481.262963,0.829500,0.750113,0.829500,0.750113,203,0,10072
2026/02/03/12:07:45,6482.263063,0.829500,0.750113,0.829500,0.750113,203,0,10072
2026/02/03/12:07:46,6483.263155,0.849313,0.778074,0.849313,0.778074,213,0,10072
2026/02/03/12:07:47,6484.263275,0.849313,0.778074,0.849313,0.778074,213,0,10072
2026/02/03/12:07:48,6485.263392,0.839938,0.759850,0.839938,0.759850,208,0,10077
2026/02/03/12:07:49,6486.263486,0.839938,0.759850,0.839938,0.759850,208,0,10077
2026/02/03/12:07:50,6487.263579,0.831375,0.749843,0.831375,0.749843,203,0,10082
2026/02/03/12:07:51,6488.263670,0.827000,0.742290,0.827000,0.742290,201,0,10084
2026/02/03/12:07:52,6489.263764,0.822219,0.728097,0.822219,0.728097,198,0,10087
2026/02/03/12:07:53,6490.263889,0.822219,0.728097,0.822219,0.728097,198,0,10087
2026/02/03/12:07:54,6491.263945,0.822219,0.728097,0.822219,0.728097,198,0,10087
2026/02/03/12:07:55,6492.264060,0.822219,0.728097,0.837156,0.739242,198,4,10087
2026/02/03/12:07:56,6493.264147,0.876469,0.792469,0.898312,0.800210,214,2,10087
2026/02/03/12:07:57,6494.264259,0.892844,0.790985,0.921813,0.842661,216,5,10090
2026/02/03/12:07:58,6495.264344,0.894906,0.794691,0.902031,0.838626,216,3,10091
2026/02/03/12:07:59,6496.264474,0.876906,0.775733,0.879281,0.790378,209,1,10100
2026/02/03/12:08:00,6497.264547,0.876906,0.775733,0.879281,0.790378,209,1,10100
2026/02/03/12:08:01,6498.264697,0.866781,0.764150,0.869156,0.778795,206,1,10103
2026/02/03/12:08:02,6499.264781,0.861531,0.759676,0.863906,0.774321,205,1,10104
2026/02/03/12:08:03,6500.264898,0.853250,0.754186,0.855625,0.768830,204,1,10105
2026/02/03/12:08:04,6501.264958,0.848156,0.751205,0.850531,0.765850,203,1,10106
2026/02/03/12:08:05,6502.265044,0.848156,0.751205,0.850531,0.765850,203,1,10106
2026/02/03/12:08:06,6503.265103,0.864406,0.776261,0.864406,0.776261,210,0,10108
2026/02/03/12:08:07,6504.265208,0.872812,0.787304,0.885062,0.792774,214,1,10108
2026/02/03/12:08:08,6505.265307,0.872812,0.787304,0.885062,0.792774,214,1,10108
2026/02/03/12:08:09,6506.265372,0.854469,0.779846,0.866719,0.785316,211,1,10111
2026/02/03/12:08:10,6507.265499,0.843938,0.767482,0.843938,0.767482,205,0,10117
2026/02/03/12:08:11,6508.265576,0.836812,0.723547,0.836812,0.723547,202,0,10120
2026/02/03/12:08:12,6509.265727,0.836812,0.723547,0.836812,0.723547,202,0,10120
2026/02/03/12:08:13,6510.265818,0.836812,0.723547,0.836812,0.723547,202,0,10120
2026/02/03/12:08:14,6511.265946,0.836812,0.723547,0.836812,0.723547,202,0,10120
2026/02/03/12:08:15,6512.266040,0.856875,0.744268,0.856875,0.744268,208,0,10120
2026/02/03/12:08:16,6513.266198,0.853500,0.738961,0.853500,0.738961,206,0,10122
2026/02/03/12:08:17,6514.266339,0.858750,0.743719,0.858750,0.743719,207,0,10122
2026/02/03/12:08:18,6515.266452,0.860656,0.743497,0.860656,0.743497,206,0,10124
2026/02/03/12:08:19,6516.266537,0.853750,0.748164,0.853750,0.748164,207,0,10127
2026/02/03/12:08:20,6517.266654,0.853750,0.748164,0.853750,0.748164,207,0,10127
2026/02/03/12:08:21,6518.266741,0.869313,0.780964,0.869313,0.780964,214,0,10127
2026/02/03/12:08:22,6519.266825,0.846031,0.772209,0.846031,0.772209,211,0,10130
2026/02/03/12:08:23,6520.266934,0.840812,0.765896,0.840812,0.765896,210,0,10131
2026/02/03/12:08:24,6521.267023,0.848125,0.765063,0.848125,0.765063,210,0,10134
2026/02/03/12:08:25,6522.267121,0.848125,0.765063,0.848125,0.765063,210,0,10134
2026/02/03/12:08:26,6523.267209,0.840531,0.754253,0.840531,0.754253,207,0,10137
2026/02/03/12:08:27,6524.267298,0.841500,0.776876,0.841500,0.776876,210,0,10139
2026/02/03/12:08:28,6525.267407,0.841500,0.776876,0.841500,0.776876,210,0,10139
2026/02/03/12:08:29,6526.267503,0.855625,0.800450,0.855625,0.800450,213,0,10141
2026/02/03/12:08:30,6527.267593,0.855625,0.800450,0.855625,0.800450,213,0,10141
2026/02/03/12:08:31,6528.267667,0.850844,0.780445,0.850844,0.780445,210,0,10144
2026/02/03/12:08:32,6529.267755,0.845031,0.776924,0.845031,0.776924,208,0,10146
2026/02/03/12:08:33,6530.267857,0.845031,0.776924,0.845031,0.776924,208,0,10146
2026/02/03/12:08:34,6531.268013,0.873781,0.810469,0.873781,0.810469,215,0,10146
2026/02/03/12:08:35,6532.268105,0.858031,0.783432,0.858031,0.783432,212,0,10149
2026/02/03/12:08:36,6533.268205,0.858031,0.783432,0.858031,0.783432,212,0,10149
2026/02/03/12:08:37,6534.268415,0.839562,0.769099,0.839562,0.769099,209,0,10152
2026/02/03/12:08:38,6535.268553,0.838781,0.775503,0.838781,0.775503,208,0,10155
2026/02/03/12:08:39,6536.268635,0.834625,0.769514,0.834625,0.769514,207,0,10156
2026/02/03/12:08:40,6537.268717,0.836469,0.778155,0.844688,0.790374,208,4,10156
2026/02/03/12:08:41,6538.268825,0.862187,0.812152,0.886312,0.816262,217,2,10156
2026/02/03/12:08:42,6539.268932,0.860531,0.806687,0.884656,0.810797,216,2,10157
2026/02/03/12:08:43,6540.269032,0.842625,0.794253,0.866750,0.798363,211,2,10162
2026/02/03/12:08:44,6541.269123,0.855719,0.818988,0.873406,0.858969,217,4,10163
2026/02/03/12:08:45,6542.269212,0.879906,0.832158,0.885531,0.870084,222,3,10163
2026/02/03/12:08:46,6543.269299,0.895563,0.841637,0.903719,0.890481,225,4,10166
2026/02/03/12:08:47,6544.269395,0.883594,0.851868,0.888000,0.875427,223,2,10170
2026/02/03/12:08:48,6545.269501,0.870531,0.836164,0.870531,0.836164,220,0,10174
2026/02/03/12:08:49,6546.269571,0.854281,0.828213,0.854281,0.828213,216,0,10178
2026/02/03/12:08:50,6547.269686,0.848656,0.790287,0.848656,0.790287,213,0,10181
2026/02/03/12:08:51,6548.271474,0.846375,0.788251,0.846375,0.788251,212,0,10182
2026/02/03/12:08:52,6549.271561,0.846375,0.788251,0.846375,0.788251,212,0,10182
2026/02/03/12:08:53,6550.271663,0.873094,0.806998,0.873094,0.806998,219,0,10183
2026/02/03/12:08:54,6551.271758,0.875594,0.807721,0.875594,0.807721,220,0,10185
2026/02/03/12:08:55,6552.271856,0.870719,0.800921,0.870719,0.800921,218,0,10187
2026/02/03/12:08:56,6553.271955,0.868375,0.793964,0.868375,0.793964,217,0,10188
2026/02/03/12:08:57,6554.272051,0.870406,0.797925,0.870406,0.797925,218,0,10188
2026/02/03/12:08:58,6555.272152,0.870406,0.797925,0.870406,0.797925,218,0,10188
2026/02/03/12:08:59,6556.272233,0.856906,0.791841,0.856906,0.791841,216,0,10190
2026/02/03/12:09:00,6557.272333,0.856906,0.791841,0.856906,0.791841,216,0,10190
2026/02/03/12:09:01,6558.272489,0.856906,0.791841,0.856906,0.791841,216,0,10190
2026/02/03/12:09:02,6559.272584,0.879406,0.812731,0.879406,0.812731,220,0,10191
2026/02/03/12:09:03,6560.272678,0.879406,0.812731,0.879406,0.812731,220,0,10191
2026/02/03/12:09:04,6561.272746,0.871281,0.795876,0.871281,0.795876,216,0,10195
2026/02/03/12:09:05,6562.272851,0.871281,0.795876,0.871281,0.795876,216,0,10195
2026/02/03/12:09:06,6563.272979,0.871281,0.795876,0.871281,0.795876,216,0,10195
2026/02/03/12:09:07,6564.273092,0.871281,0.795876,0.871281,0.795876,216,0,10195
2026/02/03/12:09:08,6565.273168,0.871281,0.795876,0.871281,0.795876,216,0,10195
2026/02/03/12:09:09,6566.273293,0.871281,0.795876,0.871281,0.795876,216,0,10195
2026/02/03/12:09:10,6567.273378,0.871281,0.795876,0.871281,0.795876,216,0,10195
2026/02/03/12:09:11,6568.273471,0.899000,0.808208,0.931750,0.820462,219,4,10197
2026/02/03/12:09:12,6569.273616,0.918188,0.825956,0.950937,0.838210,226,4,10198
2026/02/03/12:09:13,6570.273729,0.924000,0.833587,0.956750,0.845841,229,4,10198
2026/02/03/12:09:14,6571.273887,0.909531,0.823318,0.929594,0.830243,226,2,10203
2026/02/03/12:09:15,6572.273990,0.904781,0.814263,0.904781,0.814263,224,0,10205
2026/02/03/12:09:16,6573.274079,0.894750,0.801997,0.894750,0.801997,219,0,10210
2026/02/03/12:09:17,6574.274168,0.929813,0.844702,0.946250,0.858236,230,2,10211
2026/02/03/12:09:18,6575.274394,0.936187,0.853300,0.984500,0.880498,233,6,10214
2026/02/03/12:09:19,6576.274392,0.943250,0.848792,0.976469,0.887467,233,6,10221
2026/02/03/12:09:20,6577.274490,0.939063,0.847815,0.960000,0.876416,232,4,10224
2026/02/03/12:09:21,6578.274559,0.937063,0.858911,0.940750,0.869268,231,1,10227
2026/02/03/12:09:22,6579.275036,0.915969,0.845519,0.919656,0.855876,228,1,10230
2026/02/03/12:09:23,6580.275136,0.911719,0.839374,0.915406,0.849731,226,1,10232
2026/02/03/12:09:24,6581.275285,0.938844,0.859115,0.956625,0.875054,234,2,10233
2026/02/03/12:09:25,6582.275395,0.918625,0.836113,0.932719,0.841694,228,1,10240
2026/02/03/12:09:26,6583.275465,0.911500,0.830936,0.925594,0.836517,225,1,10243
2026/02/03/12:09:27,6584.275565,0.901563,0.824035,0.915656,0.829616,223,1,10245
2026/02/03/12:09:28,6585.275661,0.897000,0.813504,0.911094,0.819085,221,1,10247
2026/02/03/12:09:29,6586.275761,0.912750,0.829449,0.943031,0.841422,227,3,10247
2026/02/03/12:09:30,6587.275850,0.914562,0.831895,0.944844,0.843868,228,3,10247
2026/02/03/12:09:31,6588.275935,0.907531,0.823842,0.937813,0.835814,225,3,10250
2026/02/03/12:09:32,6589.276045,0.905125,0.820655,0.927312,0.829432,224,2,10253
2026/02/03/12:09:33,6590.276146,0.933312,0.847011,0.955500,0.855788,231,2,10254
2026/02/03/12:09:34,6591.276249,0.928969,0.843139,0.951156,0.851916,230,2,10255
2026/02/03/12:09:35,6592.276400,0.928969,0.843139,0.951156,0.851916,230,2,10255
2026/02/03/12:09:36,6593.276439,0.920188,0.841429,0.934281,0.847010,230,1,10259
2026/02/03/12:09:37,6594.276540,0.886906,0.811168,0.901000,0.816749,223,1,10267
2026/02/03/12:09:38,6595.276659,0.886906,0.811168,0.901000,0.816749,223,1,10267
2026/02/03/12:09:39,6596.276807,0.873313,0.796940,0.887406,0.802521,217,1,10273
2026/02/03/12:09:40,6597.276979,0.873313,0.796940,0.887406,0.802521,217,1,10273
2026/02/03/12:09:41,6598.277075,0.858219,0.780475,0.872313,0.786056,212,1,10278
2026/02/03/12:09:42,6599.277220,0.851906,0.767470,0.866000,0.773051,209,1,10281
2026/02/03/12:09:43,6600.277373,0.837469,0.757884,0.851562,0.763465,206,1,10284
2026/02/03/12:09:44,6601.277441,0.837469,0.757884,0.851562,0.763465,206,1,10284
2026/02/03/12:09:45,6602.277550,0.841688,0.761296,0.855781,0.766877,207,1,10284
2026/02/03/12:09:46,6603.277649,0.841688,0.761296,0.855781,0.766877,207,1,10284
2026/02/03/12:09:47,6604.277753,0.841688,0.761296,0.855781,0.766877,207,1,10284
2026/02/03/12:09:48,6605.277859,0.841688,0.761296,0.855781,0.766877,207,1,10284
2026/02/03/12:09:49,6606.277994,0.841688,0.761296,0.855781,0.766877,207,1,10284
2026/02/03/12:09:50,6607.278096,0.841688,0.761296,0.855781,0.766877,207,1,10284
2026/02/03/12:09:51,6608.278220,0.825063,0.756116,0.839156,0.761697,204,1,10287
2026/02/03/12:09:52,6609.278552,0.825063,0.756116,0.839156,0.761697,204,1,10287
2026/02/03/12:09:53,6610.278502,0.825063,0.756116,0.839156,0.761697,204,1,10287
2026/02/03/12:09:54,6611.278595,0.823281,0.754442,0.837375,0.760023,203,1,10288
2026/02/03/12:09:55,6612.278691,0.817000,0.747444,0.831094,0.753025,201,1,10290
2026/02/03/12:09:56,6613.278768,0.817000,0.747444,0.831094,0.753025,201,1,10290
2026/02/03/12:09:57,6614.278862,0.818469,0.748817,0.818469,0.748817,200,0,10292
2026/02/03/12:09:58,6615.278931,0.816781,0.745130,0.816781,0.745130,199,0,10293
2026/02/03/12:09:59,6616.279015,0.860375,0.775369,0.865781,0.783058,208,3,10293
2026/02/03/12:10:00,6617.279107,0.865781,0.783058,0.870906,0.785339,211,1,10293
2026/02/03/12:10:01,6618.279204,0.879844,0.799961,0.895156,0.802748,217,1,10293
2026/02/03/12:10:02,6619.279302,0.894750,0.804872,0.910062,0.807660,219,1,10296
2026/02/03/12:10:03,6620.279378,0.855875,0.782365,0.871188,0.785152,213,1,10302
2026/02/03/12:10:04,6621.279479,0.834781,0.745772,0.834781,0.745772,207,0,10308
2026/02/03/12:10:05,6622.279586,0.828500,0.735191,0.828500,0.735191,204,0,10311
2026/02/03/12:10:06,6623.279648,0.818375,0.727166,0.818375,0.727166,202,0,10313
2026/02/03/12:10:07,6624.279752,0.816375,0.722401,0.816375,0.722401,201,0,10314
2026/02/03/12:10:08,6625.305943,0.849844,0.750141,0.852906,0.752458,208,1,10314
2026/02/03/12:10:09,6626.306044,0.847750,0.745365,0.847750,0.745365,206,0,10317
2026/02/03/12:10:10,6627.306146,0.839750,0.742829,0.839750,0.742829,205,0,10318
2026/02/03/12:10:11,6628.306285,0.834875,0.737098,0.834875,0.737098,203,0,10320
2026/02/03/12:10:12,6629.306386,0.824344,0.723102,0.824344,0.723102,202,0,10321
2026/02/03/12:10:13,6630.306475,0.824344,0.723102,0.824344,0.723102,202,0,10321
2026/02/03/12:10:14,6631.306669,0.810250,0.717521,0.810250,0.717521,201,0,10322
2026/02/03/12:10:15,6632.306739,0.814625,0.723366,0.819000,0.731926,203,2,10322
2026/02/03/12:10:16,6633.306816,0.825562,0.739217,0.825562,0.739217,208,0,10322
2026/02/03/12:10:17,6634.306937,0.825562,0.739217,0.825562,0.739217,208,0,10322
2026/02/03/12:10:18,6635.307028,0.836156,0.742029,0.836156,0.742029,208,0,10324
2026/02/03/12:10:19,6636.307123,0.836156,0.742029,0.836156,0.742029,208,0,10324
2026/02/03/12:10:20,6637.307202,0.829594,0.734739,0.829594,0.734739,205,0,10327
2026/02/03/12:10:21,6638.307302,0.829594,0.734739,0.829594,0.734739,205,0,10327
2026/02/03/12:10:22,6639.307389,0.836625,0.755979,0.836625,0.755979,209,0,10327
2026/02/03/12:10:23,6640.307471,0.815750,0.744285,0.815750,0.744285,205,0,10331
2026/02/03/12:10:24,6641.307580,0.815750,0.744285,0.815750,0.744285,205,0,10331
2026/02/03/12:10:25,6642.307671,0.815750,0.744285,0.815750,0.744285,205,0,10331
2026/02/03/12:10:26,6643.307797,0.813500,0.737687,0.813500,0.737687,204,0,10332
2026/02/03/12:10:27,6644.307927,0.813500,0.737687,0.813500,0.737687,204,0,10332
2026/02/03/12:10:28,6645.307982,0.813500,0.737687,0.813500,0.737687,204,0,10332
2026/02/03/12:10:29,6646.308073,0.811719,0.734698,0.811719,0.734698,203,0,10333
2026/02/03/12:10:30,6647.308180,0.811719,0.734698,0.811719,0.734698,203,0,10333
2026/02/03/12:10:31,6648.308270,0.864281,0.766653,0.894625,0.775714,217,3,10333
2026/02/03/12:10:32,6649.308403,0.869031,0.770381,0.932594,0.791626,219,6,10333
2026/02/03/12:10:33,6650.308492,0.865469,0.745997,0.883375,0.749953,213,2,10342
2026/02/03/12:10:34,6651.308588,0.874188,0.764096,0.905219,0.769679,218,3,10345
2026/02/03/12:10:35,6652.308681,0.872500,0.765163,0.903531,0.770746,217,3,10348
2026/02/03/12:10:36,6653.308771,0.882594,0.760090,0.882594,0.760090,215,0,10353
2026/02/03/12:10:37,6654.308847,0.897719,0.787720,0.908875,0.796509,221,3,10355
2026/02/03/12:10:38,6655.308931,0.920719,0.792688,0.928750,0.794312,222,1,10363
2026/02/03/12:10:39,6656.309032,0.926469,0.817427,0.968187,0.840208,228,3,10365
2026/02/03/12:10:40,6657.309118,0.916063,0.802686,0.916063,0.802686,224,0,10370
2026/02/03/12:10:41,6658.309213,0.911125,0.794486,0.911125,0.794486,222,0,10372
2026/02/03/12:10:42,6659.309307,0.910375,0.779231,0.923719,0.793515,221,1,10377
2026/02/03/12:10:43,6660.309393,0.900563,0.774974,0.913906,0.789258,219,1,10379
2026/02/03/12:10:44,6661.309484,0.900563,0.774974,0.913906,0.789258,219,1,10379
2026/02/03/12:10:45,6662.309572,0.900563,0.774974,0.913906,0.789258,219,1,10379
2026/02/03/12:10:46,6663.309670,0.900563,0.774974,0.913906,0.789258,219,1,10379
2026/02/03/12:10:47,6664.309744,0.894188,0.767312,0.907531,0.781596,216,1,10382
2026/02/03/12:10:48,6665.309844,0.902438,0.820949,0.915781,0.835233,224,1,10385
2026/02/03/12:10:49,6666.309929,0.920156,0.837808,0.963750,0.856516,228,3,10387
2026/02/03/12:10:50,6667.310027,0.921406,0.853208,0.971500,0.901732,231,7,10389
2026/02/03/12:10:51,6668.310114,0.926500,0.856505,0.974250,0.911314,232,7,10389
2026/02/03/12:10:52,6669.310186,0.917438,0.851014,0.956937,0.877078,230,4,10391
2026/02/03/12:10:53,6670.310296,0.912781,0.844837,0.947656,0.860081,227,3,10395
2026/02/03/12:10:54,6671.310384,0.895375,0.834560,0.930250,0.849805,222,3,10400
2026/02/03/12:10:55,6672.310482,0.895375,0.834560,0.930250,0.849805,222,3,10400
2026/02/03/12:10:56,6673.310573,0.895375,0.834560,0.930250,0.849805,222,3,10400
2026/02/03/12:10:57,6674.310653,0.884219,0.825402,0.914469,0.829827,220,2,10403
2026/02/03/12:10:58,6675.310814,0.884219,0.825402,0.884219,0.825402,220,0,10403
2026/02/03/12:10:59,6676.310928,0.884219,0.825402,0.884219,0.825402,220,0,10403
2026/02/03/12:11:00,6677.311036,0.876531,0.796291,0.876531,0.796291,217,0,10406
2026/02/03/12:11:01,6678.311119,0.900719,0.827903,0.900719,0.827903,225,0,10406
2026/02/03/12:11:02,6679.311225,0.900719,0.827903,0.900719,0.827903,225,0,10406
2026/02/03/12:11:03,6680.311306,0.919625,0.846645,0.937063,0.852918,230,2,10409
2026/02/03/12:11:04,6681.311416,0.943844,0.877994,1.002656,0.888204,240,4,10409
2026/02/03/12:11:05,6682.311521,0.926000,0.875853,0.969844,0.883728,239,3,10417
2026/02/03/12:11:06,6683.311601,0.936813,0.892242,0.950719,0.895448,242,1,10424
2026/02/03/12:11:07,6684.311687,0.927125,0.855554,0.939875,0.859308,240,1,10434
2026/02/03/12:11:08,6685.311778,0.924281,0.859530,0.937031,0.863284,239,1,10443
2026/02/03/12:11:09,6686.311956,0.911312,0.836366,0.931531,0.846998,233,3,10454
2026/02/03/12:11:10,6687.312028,0.924281,0.845943,0.937281,0.852188,236,2,10456
2026/02/03/12:11:11,6688.312121,0.929312,0.849288,0.945250,0.858385,237,3,10457
2026/02/03/12:11:12,6689.312226,0.922312,0.824251,0.938250,0.833348,235,3,10459
2026/02/03/12:11:13,6690.312312,0.931125,0.830060,0.931125,0.830060,237,0,10460
2026/02/03/12:11:14,6691.312433,0.923000,0.826179,0.923000,0.826179,235,0,10462
2026/02/03/12:11:15,6692.312523,0.923000,0.826179,0.923000,0.826179,235,0,10462
2026/02/03/12:11:16,6693.312623,0.918031,0.819763,0.918031,0.819763,232,0,10465
2026/02/03/12:11:17,6694.312716,0.926438,0.820550,0.926438,0.820550,233,0,10467
2026/02/03/12:11:18,6695.312807,0.916344,0.801897,0.916344,0.801897,228,0,10472
2026/02/03/12:11:19,6696.312922,0.916344,0.801897,0.916344,0.801897,228,0,10472
2026/02/03/12:11:20,6697.312949,0.906031,0.790056,0.906031,0.790056,224,0,10476
2026/02/03/12:11:21,6698.313054,0.909469,0.811312,0.909469,0.811312,226,0,10480
2026/02/03/12:11:22,6699.313142,0.919312,0.821342,0.940000,0.828285,229,2,10480
2026/02/03/12:11:23,6700.313249,0.901687,0.812473,0.922375,0.819416,226,2,10483
2026/02/03/12:11:24,6701.313330,0.919875,0.840787,0.962344,0.852646,234,4,10484
2026/02/03/12:11:25,6702.313448,0.927719,0.848156,0.949500,0.853073,237,2,10488
2026/02/03/12:11:26,6703.313535,0.920438,0.840266,0.949219,0.866912,235,5,10492
2026/02/03/12:11:27,6704.313625,0.923656,0.854414,0.974781,0.871329,236,6,10498
2026/02/03/12:11:28,6705.313719,0.926125,0.856268,0.977250,0.873183,237,6,10498
2026/02/03/12:11:29,6706.313805,0.917438,0.842784,1.002406,0.872728,233,9,10502
2026/02/03/12:11:30,6707.313916,0.931031,0.844401,1.013469,0.867140,238,8,10503
2026/02/03/12:11:31,6708.313940,0.933312,0.839219,1.023438,0.864425,239,9,10505
2026/02/03/12:11:32,6709.314032,0.905406,0.803392,0.988000,0.826177,229,8,10515
2026/02/03/12:11:33,6710.314129,0.892813,0.794922,0.919625,0.799715,224,3,10520
2026/02/03/12:11:34,6711.314225,0.895125,0.792477,0.904062,0.794075,223,1,10523
2026/02/03/12:11:35,6712.314322,0.882969,0.780279,0.891906,0.781877,220,1,10526
2026/02/03/12:11:36,6713.314392,0.871219,0.776308,0.880156,0.777906,218,1,10528
2026/02/03/12:11:37,6714.314494,0.853344,0.773112,0.853344,0.773112,216,0,10530
2026/02/03/12:11:38,6715.314590,0.853344,0.773112,0.853344,0.773112,216,0,10530
2026/02/03/12:11:39,6716.314668,0.853344,0.773112,0.853344,0.773112,216,0,10530
2026/02/03/12:11:40,6717.314774,0.853344,0.773112,0.853344,0.773112,216,0,10530
2026/02/03/12:11:41,6718.314883,0.846313,0.760361,0.846313,0.760361,213,0,10534
2026/02/03/12:11:42,6719.315008,0.846313,0.760361,0.846313,0.760361,213,0,10534
2026/02/03/12:11:43,6720.315070,0.846313,0.760361,0.846313,0.760361,213,0,10534
2026/02/03/12:11:44,6721.315154,0.846313,0.760361,0.846313,0.760361,213,0,10534
2026/02/03/12:11:45,6722.315245,0.840688,0.756548,0.840688,0.756548,211,0,10536
2026/02/03/12:11:46,6723.315321,0.840688,0.756548,0.840688,0.756548,211,0,10536
2026/02/03/12:11:47,6724.315446,0.840688,0.756548,0.840688,0.756548,211,0,10536
2026/02/03/12:11:48,6725.315548,0.866656,0.829659,0.872000,0.837075,222,2,10536
2026/02/03/12:11:49,6726.315654,0.896188,0.868532,0.921438,0.895580,233,4,10536
2026/02/03/12:11:50,6727.315744,0.907375,0.869876,0.927656,0.907427,236,5,10541
2026/02/03/12:11:51,6728.315819,0.891031,0.855549,0.898375,0.885503,232,2,10551
2026/02/03/12:11:52,6729.315945,0.887469,0.830515,0.899344,0.862091,230,3,10553
2026/02/03/12:11:53,6730.316051,0.905594,0.829677,0.968375,0.891428,233,8,10557
2026/02/03/12:11:54,6731.316137,0.927125,0.849870,0.962781,0.875135,242,5,10557
2026/02/03/12:11:55,6732.316308,0.927125,0.849870,0.962781,0.875135,242,5,10557
2026/02/03/12:11:56,6733.316424,0.921625,0.842554,0.942344,0.864529,239,3,10561
2026/02/03/12:11:57,6734.316545,0.935125,0.847252,0.961750,0.872204,241,4,10565
2026/02/03/12:11:58,6735.316642,0.930875,0.848488,0.951594,0.870463,241,3,10567
2026/02/03/12:11:59,6736.316730,0.916125,0.837256,0.929125,0.856577,235,2,10574
2026/02/03/12:12:00,6737.316823,0.902937,0.829617,0.915937,0.848939,231,2,10578
2026/02/03/12:12:01,6738.316935,0.894344,0.822317,0.907344,0.841639,228,2,10581
2026/02/03/12:12:02,6739.317022,0.889563,0.810377,0.902563,0.829698,225,2,10584
2026/02/03/12:12:03,6740.317122,0.887969,0.806455,0.900969,0.825777,224,2,10585
2026/02/03/12:12:04,6741.317212,0.885156,0.800228,0.898156,0.819550,221,2,10590
2026/02/03/12:12:05,6742.317278,0.885156,0.800228,0.898156,0.819550,221,2,10590
2026/02/03/12:12:06,6743.317402,0.866125,0.792233,0.879125,0.811555,218,2,10593
2026/02/03/12:12:07,6744.317469,0.866125,0.792233,0.879125,0.811555,218,2,10593
2026/02/03/12:12:08,6745.317580,0.862437,0.794840,0.875437,0.814162,217,2,10596
2026/02/03/12:12:09,6746.317735,0.862437,0.794840,0.875437,0.814162,217,2,10596
2026/02/03/12:12:10,6747.317825,0.875031,0.816429,0.906094,0.841737,223,4,10596
2026/02/03/12:12:11,6748.317931,0.877594,0.819963,0.899625,0.842278,223,3,10598
2026/02/03/12:12:12,6749.318007,0.878875,0.820690,0.881563,0.836291,223,1,10599
2026/02/03/12:12:13,6750.318139,0.872031,0.804536,0.874719,0.820137,220,1,10602
2026/02/03/12:12:14,6751.318229,0.868656,0.800835,0.871344,0.816436,218,1,10604
2026/02/03/12:12:15,6752.318396,0.868656,0.800835,0.871344,0.816436,218,1,10604
2026/02/03/12:12:16,6753.318471,0.873656,0.813773,0.886000,0.816426,220,1,10605
2026/02/03/12:12:17,6754.318587,0.876250,0.813443,0.946531,0.831248,220,6,10607
2026/02/03/12:12:18,6755.318677,0.880219,0.816190,0.946531,0.831248,221,5,10607
2026/02/03/12:12:19,6756.318742,0.890781,0.825362,0.957094,0.840420,226,5,10610
2026/02/03/12:12:20,6757.318847,0.882844,0.819867,0.949156,0.834925,224,5,10612
2026/02/03/12:12:21,6758.318947,0.864500,0.798931,0.930813,0.813989,219,5,10617
2026/02/03/12:12:22,6759.319066,0.873656,0.792629,0.927625,0.805034,218,4,10619
2026/02/03/12:12:23,6760.319153,0.868969,0.782421,0.922937,0.794827,215,4,10622
2026/02/03/12:12:24,6761.319244,0.868969,0.782421,0.881313,0.785074,215,1,10622
2026/02/03/12:12:25,6762.319343,0.867062,0.780488,0.879406,0.783141,214,1,10623
2026/02/03/12:12:26,6763.319428,0.860594,0.768464,0.872938,0.771116,211,1,10626
2026/02/03/12:12:27,6764.319507,0.848250,0.765811,0.848250,0.765811,210,0,10627
2026/02/03/12:12:28,6765.319633,0.837938,0.762090,0.837938,0.762090,209,0,10628
2026/02/03/12:12:29,6766.319748,0.837938,0.762090,0.837938,0.762090,209,0,10628
2026/02/03/12:12:30,6767.319807,0.830187,0.758117,0.830187,0.758117,207,0,10630
2026/02/03/12:12:31,6768.319945,0.830187,0.758117,0.830187,0.758117,207,0,10630
2026/02/03/12:12:32,6769.320027,0.840156,0.787511,0.840156,0.787511,211,0,10630
2026/02/03/12:12:33,6770.320128,0.840156,0.787511,0.840156,0.787511,211,0,10630
2026/02/03/12:12:34,6771.320223,0.837688,0.784451,0.837688,0.784451,210,0,10631
2026/02/03/12:12:35,6772.320317,0.832344,0.780193,0.832344,0.780193,209,0,10632
2026/02/03/12:12:36,6773.320474,0.832344,0.780193,0.832344,0.780193,209,0,10632
2026/02/03/12:12:37,6774.320567,0.824844,0.753859,0.824844,0.753859,206,0,10635
2026/02/03/12:12:38,6775.320635,0.833250,0.758478,0.833250,0.758478,208,0,10635
2026/02/03/12:12:39,6776.320740,0.833250,0.758478,0.833250,0.758478,208,0,10635
2026/02/03/12:12:40,6777.320812,0.841437,0.765968,0.841437,0.765968,212,0,10636
2026/02/03/12:12:41,6778.320924,0.841437,0.765968,0.841437,0.765968,212,0,10636
2026/02/03/12:12:42,6779.321044,0.836781,0.762247,0.836781,0.762247,211,0,10637
2026/02/03/12:12:43,6780.321135,0.836781,0.762247,0.836781,0.762247,211,0,10637
2026/02/03/12:12:44,6781.321221,0.836781,0.762247,0.836781,0.762247,211,0,10637
2026/02/03/12:12:45,6782.321319,0.836781,0.762247,0.836781,0.762247,211,0,10637
2026/02/03/12:12:46,6783.321351,0.830969,0.756639,0.830969,0.756639,209,0,10639
2026/02/03/12:12:47,6784.321465,0.830969,0.756639,0.830969,0.756639,209,0,10639
2026/02/03/12:12:48,6785.321626,0.819875,0.753476,0.819875,0.753476,207,0,10643
2026/02/03/12:12:49,6786.321714,0.817250,0.750607,0.817250,0.750607,206,0,10644
2026/02/03/12:12:50,6787.321793,0.815063,0.748441,0.815063,0.748441,205,0,10645
2026/02/03/12:12:51,6788.321932,0.815594,0.744289,0.815594,0.744289,204,0,10648
2026/02/03/12:12:52,6789.321999,0.811219,0.742310,0.811219,0.742310,203,0,10649
2026/02/03/12:12:53,6790.322101,0.819469,0.747879,0.819469,0.747879,205,0,10649
2026/02/03/12:12:54,6791.322192,0.819469,0.747879,0.819469,0.747879,205,0,10649
2026/02/03/12:12:55,6792.322287,0.819469,0.747879,0.819469,0.747879,205,0,10649
2026/02/03/12:12:56,6793.322432,0.834594,0.776013,0.834594,0.776013,209,0,10649
2026/02/03/12:12:57,6794.322529,0.834594,0.776013,0.834594,0.776013,209,0,10649
2026/02/03/12:12:58,6795.322606,0.834594,0.776013,0.834594,0.776013,209,0,10649
2026/02/03/12:12:59,6796.322735,0.820438,0.767468,0.820438,0.767468,206,0,10652
2026/02/03/12:13:00,6797.322856,0.816250,0.759647,0.816250,0.759647,204,0,10654
2026/02/03/12:13:01,6798.322954,0.803625,0.751425,0.803625,0.751425,200,0,10658
2026/02/03/12:13:02,6799.323107,0.803625,0.751425,0.803625,0.751425,200,0,10658
2026/02/03/12:13:03,6800.323312,0.803625,0.751425,0.803625,0.751425,200,0,10658
2026/02/03/12:13:04,6801.323338,0.803625,0.751425,0.803625,0.751425,200,0,10658
2026/02/03/12:13:05,6802.323528,0.803625,0.751425,0.803625,0.751425,200,0,10658
2026/02/03/12:13:06,6803.323617,0.798125,0.737476,0.798125,0.737476,200,0,10660
2026/02/03/12:13:07,6804.323709,0.798125,0.737476,0.798125,0.737476,200,0,10660
2026/02/03/12:13:08,6805.323807,0.798125,0.737476,0.798125,0.737476,200,0,10660
2026/02/03/12:13:09,6806.323880,0.798125,0.737476,0.798125,0.737476,200,0,10660
2026/02/03/12:13:10,6807.323983,0.792687,0.731113,0.792687,0.731113,198,0,10662
2026/02/03/12:13:11,6808.324050,0.812219,0.752097,0.839406,0.758622,202,2,10664
2026/02/03/12:13:12,6809.324157,0.815844,0.755824,0.843031,0.762349,203,2,10664
2026/02/03/12:13:13,6810.324232,0.815844,0.755824,0.843031,0.762349,203,2,10664
2026/02/03/12:13:14,6811.324394,0.802250,0.752561,0.802250,0.752561,202,0,10665
2026/02/03/12:13:15,6812.324546,0.802250,0.752561,0.802250,0.752561,202,0,10665
2026/02/03/12:13:16,6813.324640,0.835594,0.771580,0.850562,0.784256,208,1,10665
2026/02/03/12:13:17,6814.325810,0.860125,0.796365,0.906687,0.814752,214,4,10665
2026/02/03/12:13:18,6815.325897,0.879031,0.806947,0.925594,0.825334,220,4,10667
2026/02/03/12:13:19,6816.325926,0.903188,0.828722,0.924250,0.832530,224,2,10671
2026/02/03/12:13:20,6817.326032,0.897875,0.818285,0.918937,0.822092,222,2,10673
2026/02/03/12:13:21,6818.326115,0.869062,0.791419,0.890125,0.795226,215,2,10680
2026/02/03/12:13:22,6819.326208,0.864344,0.784741,0.885406,0.788549,213,2,10682
2026/02/03/12:13:23,6820.326289,0.864344,0.781073,0.874875,0.782977,211,1,10685
2026/02/03/12:13:24,6821.326391,0.852688,0.769410,0.863219,0.771314,209,1,10687
2026/02/03/12:13:25,6822.326471,0.842125,0.760331,0.852656,0.762234,205,1,10691
2026/02/03/12:13:26,6823.326544,0.821063,0.756523,0.821063,0.756523,203,0,10693
2026/02/03/12:13:27,6824.326663,0.821063,0.756523,0.821063,0.756523,203,0,10693
2026/02/03/12:13:28,6825.326747,0.791156,0.741891,0.791156,0.741891,199,0,10697
2026/02/03/12:13:29,6826.326811,0.791156,0.741891,0.791156,0.741891,199,0,10697
2026/02/03/12:13:30,6827.328085,0.791156,0.741891,0.791156,0.741891,199,0,10697
2026/02/03/12:13:31,6828.328173,0.791156,0.741891,0.791156,0.741891,199,0,10697
2026/02/03/12:13:32,6829.328268,0.827000,0.789673,0.827000,0.789673,209,0,10697
2026/02/03/12:13:33,6830.328417,0.849156,0.806822,0.849156,0.806822,215,0,10698
2026/02/03/12:13:34,6831.328526,0.849156,0.806822,0.849156,0.806822,215,0,10698
2026/02/03/12:13:35,6832.328639,0.831000,0.781727,0.831000,0.781727,210,0,10703
2026/02/03/12:13:36,6833.328726,0.831000,0.781727,0.831000,0.781727,210,0,10703
2026/02/03/12:13:37,6834.328818,0.841156,0.803117,0.841156,0.803117,215,0,10703
2026/02/03/12:13:38,6835.328967,0.841156,0.803117,0.841156,0.803117,215,0,10703
2026/02/03/12:13:39,6836.329065,0.838063,0.796647,0.838063,0.796647,214,0,10704
2026/02/03/12:13:40,6837.329172,0.865313,0.802868,0.865313,0.802868,222,0,10708
2026/02/03/12:13:41,6838.329276,0.858250,0.786957,0.858250,0.786957,218,0,10712
2026/02/03/12:13:42,6839.329363,0.860031,0.777230,0.860031,0.777230,218,0,10717
2026/02/03/12:13:43,6840.329450,0.853437,0.774789,0.853437,0.774789,217,0,10718
2026/02/03/12:13:44,6841.329552,0.865000,0.783355,0.865000,0.783355,219,0,10720
2026/02/03/12:13:45,6842.329646,0.856719,0.778376,0.856719,0.778376,216,0,10723
2026/02/03/12:13:46,6843.329730,0.842656,0.770048,0.842656,0.770048,214,0,10725
2026/02/03/12:13:47,6844.329829,0.842656,0.770048,0.842656,0.770048,214,0,10725
2026/02/03/12:13:48,6845.329952,0.831969,0.753652,0.831969,0.753652,211,0,10728
2026/02/03/12:13:49,6846.330033,0.828750,0.751123,0.828750,0.751123,210,0,10729
2026/02/03/12:13:50,6847.330139,0.826656,0.748430,0.826656,0.748430,209,0,10730
2026/02/03/12:13:51,6848.330225,0.821719,0.744939,0.821719,0.744939,207,0,10732
2026/02/03/12:13:52,6849.330312,0.818281,0.740642,0.818281,0.740642,205,0,10734
2026/02/03/12:13:53,6850.330416,0.846219,0.764753,0.862406,0.770164,215,2,10734
2026/02/03/12:13:54,6851.330499,0.846219,0.764753,0.870500,0.772869,215,3,10734
2026/02/03/12:13:55,6852.330600,0.850156,0.760148,0.858250,0.762853,214,1,10737
2026/02/03/12:13:56,6853.330674,0.831812,0.751582,0.831812,0.751582,211,0,10740
2026/02/03/12:13:57,6854.330750,0.822063,0.746276,0.822063,0.746276,208,0,10743
2026/02/03/12:13:58,6855.330848,0.822063,0.746276,0.822063,0.746276,208,0,10743
2026/02/03/12:13:59,6856.330951,0.822063,0.746276,0.822063,0.746276,208,0,10743
2026/02/03/12:14:00,6857.331074,0.822063,0.746276,0.822063,0.746276,208,0,10743
2026/02/03/12:14:01,6858.331162,0.822063,0.746276,0.822063,0.746276,208,0,10743
2026/02/03/12:14:02,6859.331234,0.817937,0.742287,0.817937,0.742287,206,0,10745
2026/02/03/12:14:03,6860.331354,0.817937,0.742287,0.817937,0.742287,206,0,10745
2026/02/03/12:14:04,6861.331445,0.817937,0.742287,0.817937,0.742287,206,0,10745
2026/02/03/12:14:05,6862.331595,0.836156,0.778363,0.838187,0.779950,214,1,10748
2026/02/03/12:14:06,6863.331696,0.838187,0.779950,0.838187,0.779950,215,0,10748
2026/02/03/12:14:07,6864.331778,0.838187,0.779950,0.838187,0.779950,215,0,10748
2026/02/03/12:14:08,6865.331909,0.830031,0.768697,0.830031,0.768697,212,0,10751
2026/02/03/12:14:09,6866.331980,0.828375,0.767002,0.828375,0.767002,211,0,10752
2026/02/03/12:14:10,6867.332083,0.834125,0.768151,0.845281,0.770629,213,1,10753
2026/02/03/12:14:11,6868.332181,0.834125,0.768151,0.845281,0.770629,213,1,10753
2026/02/03/12:14:12,6869.332256,0.832094,0.766565,0.843250,0.769042,212,1,10754
2026/02/03/12:14:13,6870.332348,0.832094,0.766565,0.832094,0.766565,212,0,10754
2026/02/03/12:14:14,6871.332422,0.836969,0.784750,0.846719,0.821120,214,4,10754
2026/02/03/12:14:15,6872.332527,0.849281,0.802499,0.854469,0.833203,220,2,10755
2026/02/03/12:14:16,6873.332664,0.839187,0.782277,0.839187,0.782277,216,0,10759
2026/02/03/12:14:17,6874.332746,0.832906,0.771968,0.832906,0.771968,213,0,10762
2026/02/03/12:14:18,6875.332845,0.826063,0.763469,0.826063,0.763469,210,0,10765
2026/02/03/12:14:19,6876.332960,0.824031,0.759121,0.824031,0.759121,209,0,10766
2026/02/03/12:14:20,6877.333088,0.824031,0.759121,0.824031,0.759121,209,0,10766
2026/02/03/12:14:21,6878.333180,0.824031,0.759121,0.824031,0.759121,209,0,10766
2026/02/03/12:14:22,6879.333281,0.824031,0.759121,0.824031,0.759121,209,0,10766
2026/02/03/12:14:23,6880.333377,0.819969,0.744131,0.819969,0.744131,207,0,10768
2026/02/03/12:14:24,6881.333444,0.815469,0.727089,0.815469,0.727089,205,0,10770
2026/02/03/12:14:25,6882.333531,0.810344,0.723884,0.810344,0.723884,203,0,10772
2026/02/03/12:14:26,6883.333639,0.810344,0.723884,0.810344,0.723884,203,0,10772
2026/02/03/12:14:27,6884.333733,0.810344,0.723884,0.810344,0.723884,203,0,10772
2026/02/03/12:14:28,6885.333834,0.816063,0.731440,0.816063,0.731440,206,0,10772
2026/02/03/12:14:29,6886.333921,0.816063,0.731440,0.816063,0.731440,206,0,10772
2026/02/03/12:14:30,6887.333999,0.816063,0.731440,0.816063,0.731440,206,0,10772
2026/02/03/12:14:31,6888.334098,0.829281,0.767748,0.829281,0.767748,211,0,10773
2026/02/03/12:14:32,6889.334196,0.829281,0.767748,0.829281,0.767748,211,0,10773
2026/02/03/12:14:33,6890.334270,0.816000,0.753585,0.816000,0.753585,204,0,10780
2026/02/03/12:14:34,6891.334376,0.816000,0.753585,0.816000,0.753585,204,0,10780
2026/02/03/12:14:35,6892.334476,0.857531,0.773263,0.857531,0.773263,210,0,10780
2026/02/03/12:14:36,6893.334558,0.855531,0.761552,0.855531,0.761552,209,0,10781
2026/02/03/12:14:37,6894.334651,0.863000,0.774532,0.863000,0.774532,211,0,10781
2026/02/03/12:14:38,6895.334724,0.842656,0.761294,0.842656,0.761294,208,0,10784
2026/02/03/12:14:39,6896.334955,0.868437,0.785218,0.868437,0.785218,216,0,10785
2026/02/03/12:14:40,6897.335038,0.862906,0.793778,0.862906,0.793778,217,0,10789
2026/02/03/12:14:41,6898.335159,0.890281,0.840750,0.892594,0.844219,225,1,10791
2026/02/03/12:14:42,6899.335243,0.915687,0.863014,0.933406,0.891298,231,4,10792
2026/02/03/12:14:43,6900.335325,0.894750,0.844672,0.896813,0.856462,225,1,10799
2026/02/03/12:14:44,6901.335437,0.877563,0.830492,0.877563,0.830492,220,0,10805
2026/02/03/12:14:45,6902.335555,0.886625,0.817397,0.886625,0.817397,221,0,10808
2026/02/03/12:14:46,6903.335625,0.886625,0.817397,0.886625,0.817397,221,0,10808
2026/02/03/12:14:47,6904.335782,0.882625,0.815369,0.882625,0.815369,220,0,10809
2026/02/03/12:14:48,6905.335900,0.900406,0.833305,0.912531,0.858597,225,2,10814
2026/02/03/12:14:49,6906.335920,0.902750,0.830578,0.914875,0.855870,225,2,10817
2026/02/03/12:14:50,6907.336012,0.891000,0.837016,0.897062,0.849662,223,1,10820
2026/02/03/12:14:51,6908.336105,0.890531,0.827929,0.890531,0.827929,220,0,10824
2026/02/03/12:14:52,6909.336173,0.888969,0.819544,0.888969,0.819544,219,0,10825
2026/02/03/12:14:53,6910.336281,0.918875,0.848062,0.926625,0.850933,226,1,10826
2026/02/03/12:14:54,6911.336391,0.924969,0.865310,0.938281,0.875644,229,2,10826
2026/02/03/12:14:55,6912.336478,0.924969,0.865310,0.938281,0.875644,229,2,10826
2026/02/03/12:14:56,6913.336568,0.924719,0.849017,0.932469,0.851889,227,1,10829
2026/02/03/12:14:57,6914.336668,0.907375,0.822399,0.915125,0.825270,221,1,10835
2026/02/03/12:14:58,6915.336764,0.917063,0.837204,0.963313,0.873827,227,7,10837
2026/02/03/12:14:59,6916.336854,0.917125,0.839221,0.952688,0.871321,229,5,10838
2026/02/03/12:15:00,6917.336948,0.926031,0.846270,0.961594,0.878371,232,5,10838
2026/02/03/12:15:01,6918.337054,0.918188,0.849600,0.944250,0.878592,233,4,10841
2026/02/03/12:15:02,6919.337146,0.909281,0.842551,0.935344,0.871543,230,4,10844
2026/02/03/12:15:03,6920.337236,0.899781,0.839442,0.906844,0.862215,229,2,10845
2026/02/03/12:15:04,6921.337326,0.897125,0.845386,0.900656,0.856773,228,1,10847
2026/02/03/12:15:05,6922.337429,0.897125,0.845386,0.900656,0.856773,228,1,10847
2026/02/03/12:15:06,6923.337511,0.897125,0.845386,0.900656,0.856773,228,1,10847
2026/02/03/12:15:07,6924.337622,0.897125,0.845386,0.900656,0.856773,228,1,10847
2026/02/03/12:15:08,6925.337693,0.891594,0.839488,0.895125,0.850874,225,1,10850
2026/02/03/12:15:09,6926.337802,0.874781,0.810239,0.874781,0.810239,219,0,10856
2026/02/03/12:15:10,6927.337945,0.874781,0.810239,0.874781,0.810239,219,0,10856
2026/02/03/12:15:11,6928.338056,0.887500,0.841831,0.887500,0.841831,225,0,10856
2026/02/03/12:15:12,6929.338133,0.887500,0.841831,0.887500,0.841831,225,0,10856
2026/02/03/12:15:13,6930.338229,0.878250,0.838135,0.878250,0.838135,223,0,10858
2026/02/03/12:15:14,6931.338326,0.872594,0.826484,0.872594,0.826484,221,0,10860
2026/02/03/12:15:15,6932.338408,0.863656,0.824494,0.863656,0.824494,220,0,10861
2026/02/03/12:15:16,6933.338506,0.863656,0.824494,0.863656,0.824494,220,0,10861
2026/02/03/12:15:17,6934.338604,0.888906,0.850168,0.888906,0.850168,230,0,10861
2026/02/03/12:15:18,6935.338749,0.888906,0.850168,0.888906,0.850168,230,0,10861
2026/02/03/12:15:19,6936.338842,0.888906,0.850168,0.888906,0.850168,230,0,10861
2026/02/03/12:15:20,6937.338952,0.884719,0.845047,0.884719,0.845047,228,0,10863
2026/02/03/12:15:21,6938.339045,0.904844,0.855988,0.925719,0.872703,234,3,10866
2026/02/03/12:15:22,6939.339138,0.920156,0.875848,0.967750,0.911949,239,7,10866
2026/02/03/12:15:23,6940.339223,0.912438,0.872794,0.946469,0.894611,237,5,10869
2026/02/03/12:15:24,6941.339327,0.901844,0.844698,0.919531,0.850072,230,2,10878
2026/02/03/12:15:25,6942.339412,0.883875,0.831332,0.892719,0.834019,224,1,10885
2026/02/03/12:15:26,6943.339502,0.892719,0.834019,0.892719,0.834019,225,0,10885
2026/02/03/12:15:27,6944.339565,0.889250,0.831577,0.889250,0.831577,224,0,10886
2026/02/03/12:15:28,6945.339705,0.887156,0.829588,0.887156,0.829588,223,0,10887
2026/02/03/12:15:29,6946.339788,0.901469,0.842572,0.901469,0.842572,224,0,10890
2026/02/03/12:15:30,6947.339859,0.901469,0.842572,0.901469,0.842572,224,0,10890
2026/02/03/12:15:31,6948.339998,0.892094,0.826537,0.892094,0.826537,221,0,10893
2026/02/03/12:15:32,6949.340100,0.892094,0.826537,0.892094,0.826537,221,0,10893
2026/02/03/12:15:33,6950.340194,0.924094,0.878233,0.924094,0.878233,235,0,10893
2026/02/03/12:15:34,6951.340300,0.922031,0.876567,0.922031,0.876567,234,0,10894
2026/02/03/12:15:35,6952.340388,0.922031,0.876567,0.922031,0.876567,234,0,10894
2026/02/03/12:15:36,6953.340484,0.900031,0.869379,0.900031,0.869379,230,0,10898
2026/02/03/12:15:37,6954.340558,0.880469,0.862011,0.880469,0.862011,227,0,10901
2026/02/03/12:15:38,6955.340662,0.878563,0.858547,0.878563,0.858547,226,0,10902
2026/02/03/12:15:39,6956.340755,0.876625,0.856704,0.876625,0.856704,225,0,10903
2026/02/03/12:15:40,6957.340852,0.876625,0.856704,0.876625,0.856704,225,0,10903
2026/02/03/12:15:41,6958.340950,0.876625,0.856704,0.876625,0.856704,225,0,10903
2026/02/03/12:15:42,6959.341032,0.869594,0.852008,0.869594,0.852008,222,0,10906
2026/02/03/12:15:43,6960.341174,0.869594,0.852008,0.869594,0.852008,222,0,10906
2026/02/03/12:15:44,6961.341260,0.869594,0.852008,0.869594,0.852008,222,0,10906
2026/02/03/12:15:45,6962.341360,0.902438,0.863272,0.909281,0.865471,227,1,10906
2026/02/03/12:15:46,6963.341444,0.896188,0.859915,0.903031,0.862113,225,1,10908
2026/02/03/12:15:47,6964.341533,0.901844,0.866248,0.908687,0.868446,229,1,10909
2026/02/03/12:15:48,6965.341635,0.888156,0.861851,0.888156,0.861851,227,0,10911
2026/02/03/12:15:49,6966.341704,0.888156,0.861851,0.888156,0.861851,227,0,10911
2026/02/03/12:15:50,6967.341890,0.877437,0.852378,0.877437,0.852378,222,0,10916
2026/02/03/12:15:51,6968.341944,0.877437,0.852378,0.877437,0.852378,222,0,10916
2026/02/03/12:15:52,6969.342018,0.873469,0.849100,0.873469,0.849100,220,0,10918
2026/02/03/12:15:53,6970.342124,0.868156,0.825651,0.868156,0.825651,217,0,10921
2026/02/03/12:15:54,6971.342217,0.864531,0.813591,0.864531,0.813591,215,0,10923
2026/02/03/12:15:55,6972.342314,0.864531,0.813591,0.864531,0.813591,215,0,10923
2026/02/03/12:15:56,6973.342450,0.864531,0.813591,0.864531,0.813591,215,0,10923
2026/02/03/12:15:57,6974.342599,0.858219,0.809671,0.858219,0.809671,214,0,10924
2026/02/03/12:15:58,6975.342689,0.888406,0.841033,0.888406,0.841033,222,0,10924
2026/02/03/12:15:59,6976.342762,0.894750,0.845055,0.909813,0.852664,224,2,10924
2026/02/03/12:16:00,6977.342850,0.906906,0.870064,0.934875,0.890538,228,4,10930
2026/02/03/12:16:01,6978.342977,0.920000,0.882512,0.946969,0.925748,233,5,10930
2026/02/03/12:16:02,6979.343074,0.928000,0.876586,0.993125,0.916442,234,9,10935
2026/02/03/12:16:03,6980.343178,0.916875,0.863491,0.945688,0.884682,232,4,10939
2026/02/03/12:16:04,6981.343262,0.923687,0.879358,0.957375,0.908709,236,5,10940
2026/02/03/12:16:05,6982.343346,0.913750,0.858702,0.939656,0.885791,230,4,10947
2026/02/03/12:16:06,6983.343442,0.913781,0.870497,0.934219,0.883181,230,3,10948
2026/02/03/12:16:07,6984.343517,0.897594,0.859149,0.913156,0.863673,226,2,10952
2026/02/03/12:16:08,6985.343598,0.904563,0.850775,0.904563,0.850775,225,0,10955
2026/02/03/12:16:09,6986.343681,0.907656,0.853422,0.932625,0.889214,225,5,10958
2026/02/03/12:16:10,6987.343780,0.926781,0.875390,0.952438,0.924505,234,5,10958
2026/02/03/12:16:11,6988.343967,0.930281,0.876057,0.962938,0.931098,235,5,10961
2026/02/03/12:16:12,6989.344064,0.935187,0.885267,0.998188,0.957262,237,8,10964
2026/02/03/12:16:13,6990.344159,0.924000,0.868559,0.987000,0.940554,232,8,10969
2026/02/03/12:16:14,6991.344251,0.910969,0.858672,0.916906,0.884100,229,2,10972
2026/02/03/12:16:15,6992.344316,0.905281,0.853199,0.911219,0.878627,227,2,10974
2026/02/03/12:16:16,6993.344421,0.922937,0.884180,0.925906,0.896894,235,1,10979
2026/02/03/12:16:17,6994.344512,0.929094,0.893666,0.967656,0.914291,237,5,10981
2026/02/03/12:16:18,6995.344627,0.927469,0.884174,0.966031,0.904799,233,5,10988
2026/02/03/12:16:19,6996.344698,0.915875,0.870690,0.954438,0.891314,228,5,10993
2026/02/03/12:16:20,6997.344800,0.912594,0.861988,0.944937,0.880790,226,4,10996
2026/02/03/12:16:21,6998.344962,0.907906,0.850849,0.940250,0.869651,224,4,10998
2026/02/03/12:16:22,6999.345055,0.903406,0.846764,0.935750,0.865566,222,4,11000
2026/02/03/12:16:23,7000.345153,0.897687,0.842682,0.913594,0.857793,220,2,11003
2026/02/03/12:16:24,7001.345231,0.897687,0.842682,0.913594,0.857793,220,2,11003
2026/02/03/12:16:25,7002.345322,0.897687,0.842682,0.913594,0.857793,220,2,11003
2026/02/03/12:16:26,7003.345414,0.909094,0.848773,0.925000,0.863884,222,2,11003
2026/02/03/12:16:27,7004.345500,0.931312,0.878106,0.975844,0.906801,230,6,11003
2026/02/03/12:16:28,7005.345625,0.931312,0.878106,0.975844,0.906801,230,6,11003
2026/02/03/12:16:29,7006.345732,0.930656,0.872524,0.969375,0.894913,229,5,11005
2026/02/03/12:16:30,7007.345821,0.930656,0.872524,0.946562,0.887636,229,2,11005
2026/02/03/12:16:31,7008.345905,0.924562,0.863379,0.940469,0.878490,226,2,11008
2026/02/03/12:16:32,7009.346010,0.914062,0.856573,0.929969,0.871685,223,2,11011
2026/02/03/12:16:33,7010.346087,0.914062,0.856573,0.929969,0.871685,223,2,11011
2026/02/03/12:16:34,7011.346187,0.895906,0.846411,0.911813,0.861522,218,2,11016
2026/02/03/12:16:35,7012.346311,0.895906,0.846411,0.911813,0.861522,218,2,11016
2026/02/03/12:16:36,7013.346438,0.890062,0.842720,0.905969,0.857832,217,2,11017
2026/02/03/12:16:37,7014.346516,0.890062,0.842720,0.905969,0.857832,217,2,11017
2026/02/03/12:16:38,7015.346620,0.890062,0.842720,0.905969,0.857832,217,2,11017
2026/02/03/12:16:39,7016.346940,0.887094,0.830007,0.900031,0.832404,216,1,11018
2026/02/03/12:16:40,7017.346908,0.887094,0.830007,0.900031,0.832404,216,1,11018
2026/02/03/12:16:41,7018.346964,0.887094,0.830007,0.900031,0.832404,216,1,11018
2026/02/03/12:16:42,7019.347055,0.887094,0.830007,0.900031,0.832404,216,1,11018
2026/02/03/12:16:43,7020.347142,0.912719,0.865922,0.927906,0.883288,224,2,11018
2026/02/03/12:16:44,7021.347226,0.914500,0.863944,0.966437,0.887809,226,5,11020
2026/02/03/12:16:45,7022.347328,0.928687,0.874532,0.980625,0.898397,230,5,11020
2026/02/03/12:16:46,7023.347420,0.928687,0.874532,0.980625,0.898397,230,5,11020
2026/02/03/12:16:47,7024.347583,0.918250,0.870169,0.967938,0.879065,228,4,11022
2026/02/03/12:16:48,7025.347669,0.913906,0.862592,0.963594,0.871488,227,4,11023
2026/02/03/12:16:49,7026.347767,0.903469,0.843641,0.916406,0.846038,223,1,11027
2026/02/03/12:16:50,7027.347885,0.903469,0.843641,0.916406,0.846038,223,1,11027
2026/02/03/12:16:51,7028.347970,0.903469,0.843641,0.916406,0.846038,223,1,11027
2026/02/03/12:16:52,7029.348062,0.895406,0.834109,0.908344,0.836507,221,1,11029
2026/02/03/12:16:53,7030.348160,0.895406,0.834109,0.908344,0.836507,221,1,11029
2026/02/03/12:16:54,7031.348252,0.908813,0.855306,0.941906,0.877330,227,4,11029
2026/02/03/12:16:55,7032.348344,0.912250,0.863295,0.945344,0.885319,229,4,11029
2026/02/03/12:16:56,7033.348442,0.924719,0.872556,0.957812,0.894580,234,4,11032
2026/02/03/12:16:57,7034.348522,0.913312,0.855963,0.926250,0.858360,229,1,11037
2026/02/03/12:16:58,7035.349072,0.927344,0.869759,0.958125,0.876100,232,3,11039
2026/02/03/12:16:59,7036.349178,0.905062,0.858150,0.931094,0.862792,228,2,11044
2026/02/03/12:17:00,7037.349244,0.896125,0.844509,0.922156,0.849151,224,2,11048
2026/02/03/12:17:01,7038.349345,0.890500,0.839679,0.916531,0.844321,221,2,11051
2026/02/03/12:17:02,7039.349421,0.907031,0.857301,0.933063,0.861943,227,2,11051
2026/02/03/12:17:03,7040.349511,0.920281,0.867273,0.951469,0.886501,231,3,11051
2026/02/03/12:17:04,7041.349614,0.916281,0.857132,0.947469,0.876359,229,3,11053
2026/02/03/12:17:05,7042.349703,0.906875,0.849320,0.938063,0.868547,226,3,11056
2026/02/03/12:17:06,7043.349800,0.886938,0.832095,0.918125,0.851323,221,3,11061
2026/02/03/12:17:07,7044.349886,0.874469,0.831593,0.892563,0.848577,220,2,11065
2026/02/03/12:17:08,7045.349952,0.874469,0.831593,0.892563,0.848577,220,2,11065
2026/02/03/12:17:09,7046.350039,0.871656,0.828854,0.889750,0.845838,219,2,11066
2026/02/03/12:17:10,7047.350144,0.869781,0.825542,0.887875,0.842526,218,2,11067
2026/02/03/12:17:11,7048.350233,0.858594,0.820224,0.876687,0.837207,215,2,11070
2026/02/03/12:17:12,7049.350299,0.853656,0.815644,0.871750,0.832627,213,2,11072
2026/02/03/12:17:13,7050.350385,0.853656,0.815644,0.871750,0.832627,213,2,11072
2026/02/03/12:17:14,7051.350510,0.849719,0.809569,0.862656,0.811967,211,1,11075
2026/02/03/12:17:15,7052.350594,0.849719,0.809569,0.862656,0.811967,211,1,11075
2026/02/03/12:17:16,7053.350686,0.854250,0.809432,0.885500,0.824435,210,3,11077
2026/02/03/12:17:17,7054.350795,0.854250,0.809432,0.885500,0.824435,210,3,11077
2026/02/03/12:17:18,7055.351049,0.854250,0.809432,0.885500,0.824435,210,3,11077
2026/02/03/12:17:19,7056.351109,0.856344,0.813216,0.878437,0.821916,210,2,11078
2026/02/03/12:17:20,7057.351204,0.856344,0.813216,0.878437,0.821916,210,2,11078
2026/02/03/12:17:21,7058.351295,0.856344,0.813216,0.878437,0.821916,210,2,11078
2026/02/03/12:17:22,7059.351393,0.856344,0.813216,0.878437,0.821916,210,2,11078
2026/02/03/12:17:23,7060.351483,0.854313,0.811302,0.876406,0.820002,209,2,11079
2026/02/03/12:17:24,7061.351560,0.854313,0.811302,0.876406,0.820002,209,2,11079
2026/02/03/12:17:25,7062.351666,0.854313,0.811302,0.876406,0.820002,209,2,11079
2026/02/03/12:17:26,7063.351725,0.854313,0.811302,0.876406,0.820002,209,2,11079
2026/02/03/12:17:27,7064.351827,0.854313,0.811302,0.876406,0.820002,209,2,11079
2026/02/03/12:17:28,7065.351930,0.854313,0.811302,0.876406,0.820002,209,2,11079
2026/02/03/12:17:29,7066.352011,0.854313,0.811302,0.876406,0.820002,209,2,11079
2026/02/03/12:17:30,7067.352116,0.870844,0.825376,0.892938,0.834076,214,2,11079
2026/02/03/12:17:31,7068.352213,0.870844,0.825376,0.892938,0.834076,214,2,11079
2026/02/03/12:17:32,7069.352275,0.865750,0.826579,0.878687,0.828977,212,1,11082
2026/02/03/12:17:33,7070.352383,0.862187,0.822898,0.880313,0.829764,211,3,11083
2026/02/03/12:17:34,7071.352475,0.856594,0.820253,0.869531,0.822651,211,1,11085
2026/02/03/12:17:35,7072.352548,0.855531,0.793640,0.855531,0.793640,209,0,11088
2026/02/03/12:17:36,7073.352666,0.855531,0.793640,0.855531,0.793640,209,0,11088
2026/02/03/12:17:37,7074.352749,0.855531,0.793640,0.855531,0.793640,209,0,11088
2026/02/03/12:17:38,7075.352862,0.855531,0.793640,0.855531,0.793640,209,0,11088
2026/02/03/12:17:39,7076.352922,0.859750,0.795535,0.859750,0.795535,210,0,11088
2026/02/03/12:17:40,7077.353014,0.852375,0.789146,0.852375,0.789146,207,0,11091
2026/02/03/12:17:41,7078.353087,0.852375,0.789146,0.852375,0.789146,207,0,11091
2026/02/03/12:17:42,7079.353198,0.852375,0.789146,0.852375,0.789146,207,0,11091
2026/02/03/12:17:43,7080.353289,0.852375,0.789146,0.852375,0.789146,207,0,11091
2026/02/03/12:17:44,7081.353367,0.843000,0.772665,0.843000,0.772665,205,0,11093
2026/02/03/12:17:45,7082.353481,0.874844,0.823608,0.898844,0.829536,213,2,11093
2026/02/03/12:17:46,7083.353536,0.872469,0.821874,0.896469,0.827801,212,2,11094
2026/02/03/12:17:47,7084.353644,0.889625,0.831881,0.921438,0.841553,216,3,11094
2026/02/03/12:17:48,7085.353732,0.907594,0.854145,0.985531,0.883519,223,8,11094
2026/02/03/12:17:49,7086.353828,0.918375,0.877777,1.043094,0.934753,228,13,11096
2026/02/03/12:17:50,7087.353936,0.911031,0.876040,1.024844,0.941191,226,12,11100
2026/02/03/12:17:51,7088.354038,0.918562,0.885273,1.015813,0.943830,227,10,11102
2026/02/03/12:17:52,7089.354121,0.924094,0.891439,1.005125,0.926220,229,10,11104
2026/02/03/12:17:53,7090.354196,0.924000,0.860451,0.966781,0.869481,231,4,11110
2026/02/03/12:17:54,7091.354261,0.920531,0.855890,0.963313,0.864920,229,4,11112
2026/02/03/12:17:55,7092.354400,0.918625,0.849107,0.961406,0.858137,228,4,11113
2026/02/03/12:17:56,7093.354532,0.901937,0.825455,0.944719,0.834485,221,4,11120
2026/02/03/12:17:57,7094.354615,0.896094,0.805831,0.896094,0.805831,218,0,11124
2026/02/03/12:17:58,7095.354716,0.871531,0.797183,0.871531,0.797183,215,0,11127
2026/02/03/12:17:59,7096.354825,0.871531,0.797183,0.871531,0.797183,215,0,11127
2026/02/03/12:18:00,7097.354911,0.868031,0.793527,0.868031,0.793527,214,0,11128
2026/02/03/12:18:01,7098.355056,0.859875,0.791507,0.859875,0.791507,213,0,11129
2026/02/03/12:18:02,7099.355157,0.859875,0.791507,0.859875,0.791507,213,0,11129
2026/02/03/12:18:03,7100.355230,0.859875,0.791507,0.859875,0.791507,213,0,11129
2026/02/03/12:18:04,7101.355352,0.893594,0.811742,0.893594,0.811742,220,0,11129
2026/02/03/12:18:05,7102.355427,0.912000,0.824157,0.912000,0.824157,225,0,11129
2026/02/03/12:18:06,7103.355539,0.906375,0.817707,0.906375,0.817707,223,0,11131
2026/02/03/12:18:07,7104.355693,0.910500,0.824047,0.910500,0.824047,225,0,11134
2026/02/03/12:18:08,7105.355788,0.910500,0.824047,0.910500,0.824047,225,0,11134
2026/02/03/12:18:09,7106.355895,0.913156,0.827542,0.913156,0.827542,226,0,11134
2026/02/03/12:18:10,7107.355960,0.910687,0.822752,0.910687,0.822752,225,0,11135
2026/02/03/12:18:11,7108.356060,0.908125,0.820524,0.908125,0.820524,224,0,11136
2026/02/03/12:18:12,7109.356153,0.902094,0.816471,0.902094,0.816471,222,0,11138
2026/02/03/12:18:13,7110.356218,0.902094,0.816471,0.902094,0.816471,222,0,11138
2026/02/03/12:18:14,7111.356339,0.902094,0.816471,0.902094,0.816471,222,0,11138
2026/02/03/12:18:15,7112.356424,0.894344,0.806054,0.894344,0.806054,219,0,11141
2026/02/03/12:18:16,7113.356525,0.894344,0.806054,0.894344,0.806054,219,0,11141
2026/02/03/12:18:17,7114.356608,0.894344,0.806054,0.894344,0.806054,219,0,11141
2026/02/03/12:18:18,7115.356689,0.894344,0.806054,0.894344,0.806054,219,0,11141
2026/02/03/12:18:19,7116.356804,0.878469,0.795963,0.878469,0.795963,216,0,11144
2026/02/03/12:18:20,7117.356863,0.878469,0.795963,0.878469,0.795963,216,0,11144
2026/02/03/12:18:21,7118.356934,0.878469,0.795963,0.878469,0.795963,216,0,11144
2026/02/03/12:18:22,7119.357038,0.878469,0.795963,0.878469,0.795963,216,0,11144
2026/02/03/12:18:23,7120.357138,0.882531,0.797550,0.902844,0.809491,217,2,11144
2026/02/03/12:18:24,7121.357232,0.898250,0.810648,0.918562,0.822590,222,2,11144
2026/02/03/12:18:25,7122.357329,0.898250,0.810648,0.918562,0.822590,222,2,11144
2026/02/03/12:18:26,7123.357414,0.909125,0.829946,0.909125,0.829946,228,0,11144
2026/02/03/12:18:27,7124.357505,0.909125,0.829946,0.909125,0.829946,228,0,11144
2026/02/03/12:18:28,7125.357642,0.891375,0.814035,0.891375,0.814035,221,0,11151
2026/02/03/12:18:29,7126.357728,0.891375,0.814035,0.891375,0.814035,221,0,11151
2026/02/03/12:18:30,7127.357825,0.891188,0.823422,0.891188,0.823422,222,0,11152
2026/02/03/12:18:31,7128.357925,0.903188,0.833142,0.929625,0.837904,227,2,11154
2026/02/03/12:18:32,7129.358020,0.903188,0.833142,0.929625,0.837904,227,2,11154
2026/02/03/12:18:33,7130.358108,0.919156,0.846417,0.958719,0.854745,234,4,11154
2026/02/03/12:18:34,7131.358206,0.908469,0.830492,0.915031,0.832275,230,1,11159
2026/02/03/12:18:35,7132.358294,0.897219,0.818851,0.903781,0.820634,224,1,11165
2026/02/03/12:18:36,7133.358398,0.897219,0.818851,0.903781,0.820634,224,1,11165
2026/02/03/12:18:37,7134.358482,0.894531,0.813974,0.894531,0.813974,221,0,11169
2026/02/03/12:18:38,7135.358562,0.894531,0.813974,0.894531,0.813974,221,0,11169
2026/02/03/12:18:39,7136.358659,0.881406,0.810409,0.881406,0.810409,219,0,11171
2026/02/03/12:18:40,7137.358762,0.876281,0.805598,0.876281,0.805598,217,0,11173
2026/02/03/12:18:41,7138.358862,0.910406,0.828850,0.940594,0.844700,224,4,11173
2026/02/03/12:18:42,7139.358950,0.921687,0.840745,0.951281,0.859731,228,4,11174
2026/02/03/12:18:43,7140.359046,0.921687,0.840745,0.951281,0.859731,228,4,11174
2026/02/03/12:18:44,7141.359134,0.893156,0.816434,0.911031,0.821153,221,2,11181
2026/02/03/12:18:45,7142.359232,0.889656,0.812038,0.907531,0.816756,220,2,11182
2026/02/03/12:18:46,7143.359302,0.886969,0.810136,0.904844,0.814854,219,2,11183
2026/02/03/12:18:47,7144.359407,0.888531,0.815919,0.906406,0.820637,218,2,11185
2026/02/03/12:18:48,7145.359512,0.886938,0.814114,0.904813,0.818833,217,2,11186
2026/02/03/12:18:49,7146.359605,0.886938,0.814114,0.904813,0.818833,217,2,11186
2026/02/03/12:18:50,7147.359723,0.878000,0.811755,0.878000,0.811755,216,0,11187
2026/02/03/12:18:51,7148.359806,0.871625,0.802897,0.871625,0.802897,213,0,11190
2026/02/03/12:18:52,7149.359920,0.871625,0.802897,0.871625,0.802897,213,0,11190
2026/02/03/12:18:53,7150.359947,0.867156,0.798941,0.867156,0.798941,212,0,11191
2026/02/03/12:18:54,7151.360043,0.862219,0.789956,0.862219,0.789956,211,0,11192
2026/02/03/12:18:55,7152.360155,0.862219,0.789956,0.862219,0.789956,211,0,11192
2026/02/03/12:18:56,7153.360250,0.858656,0.782678,0.858656,0.782678,209,0,11194
2026/02/03/12:18:57,7154.360339,0.854781,0.779437,0.854781,0.779437,207,0,11196
2026/02/03/12:18:58,7155.360499,0.849531,0.771777,0.849531,0.771777,204,0,11199
2026/02/03/12:18:59,7156.360617,0.830531,0.763866,0.830531,0.763866,202,0,11201
2026/02/03/12:19:00,7157.360698,0.856969,0.812569,0.925344,0.842692,210,6,11203
2026/02/03/12:19:01,7158.360792,0.873563,0.833289,0.958313,0.870457,216,8,11203
2026/02/03/12:19:02,7159.360899,0.885875,0.839872,1.026844,0.876991,221,11,11205
2026/02/03/12:19:03,7160.360947,0.883875,0.834978,0.993844,0.860952,221,9,11207
2026/02/03/12:19:04,7161.361031,0.862781,0.796065,0.972750,0.822039,211,9,11217
2026/02/03/12:19:05,7162.361154,0.848656,0.782066,0.919813,0.802957,207,6,11221
2026/02/03/12:19:06,7163.361237,0.853812,0.784021,0.924969,0.804913,206,6,11223
2026/02/03/12:19:07,7164.361387,0.853812,0.784021,0.924969,0.804913,206,6,11223
2026/02/03/12:19:08,7165.361437,0.866125,0.779435,0.915406,0.796072,205,4,11226
2026/02/03/12:19:09,7166.361481,0.864375,0.776246,0.913656,0.792883,204,4,11227
2026/02/03/12:19:10,7167.361573,0.855594,0.770718,0.904875,0.787355,203,4,11228
2026/02/03/12:19:11,7168.361653,0.857437,0.766970,0.895781,0.781480,201,3,11231
2026/02/03/12:19:12,7169.361744,0.852938,0.756327,0.891281,0.770837,199,3,11233
2026/02/03/12:19:13,7170.361815,0.850656,0.753571,0.889000,0.768080,198,3,11234
2026/02/03/12:19:14,7171.361933,0.850656,0.753571,0.889000,0.768080,198,3,11234
2026/02/03/12:19:15,7172.361980,0.862844,0.761745,0.901188,0.776255,202,3,11234
2026/02/03/12:19:16,7173.362115,0.871250,0.765612,0.909594,0.780122,207,3,11236
2026/02/03/12:19:17,7174.362187,0.871250,0.765612,0.909594,0.780122,207,3,11236
2026/02/03/12:19:18,7175.362289,0.855594,0.755020,0.893938,0.769530,202,3,11241
2026/02/03/12:19:19,7176.362384,0.850719,0.749242,0.889062,0.763752,199,3,11244
2026/02/03/12:19:20,7177.362456,0.845750,0.746181,0.845750,0.746181,198,0,11245
2026/02/03/12:19:21,7178.362515,0.844000,0.744541,0.844000,0.744541,197,0,11246
2026/02/03/12:19:22,7179.362608,0.844000,0.744541,0.844000,0.744541,197,0,11246
2026/02/03/12:19:23,7180.362698,0.853563,0.757560,0.884625,0.760744,199,2,11246
2026/02/03/12:19:24,7181.362810,0.853563,0.757560,0.884625,0.760744,199,2,11246
2026/02/03/12:19:25,7182.362978,0.870656,0.765397,0.901719,0.768581,208,2,11248
2026/02/03/12:19:26,7183.363072,0.880969,0.768920,0.912031,0.772105,210,2,11248
2026/02/03/12:19:27,7184.363152,0.880969,0.768920,0.912031,0.772105,210,2,11248
2026/02/03/12:19:28,7185.363235,0.876094,0.765549,0.907156,0.768733,208,2,11250
2026/02/03/12:19:29,7186.363339,0.872000,0.762597,0.903062,0.765781,207,2,11251
2026/02/03/12:19:30,7187.363429,0.866938,0.758842,0.898000,0.762027,205,2,11253
2026/02/03/12:19:31,7188.363495,0.850531,0.750404,0.881594,0.753588,200,2,11258
2026/02/03/12:19:32,7189.363588,0.850531,0.750404,0.881594,0.753588,200,2,11258
2026/02/03/12:19:33,7190.363654,0.850531,0.750404,0.881594,0.753588,200,2,11258
2026/02/03/12:19:34,7191.363749,0.850531,0.750404,0.881594,0.753588,200,2,11258
2026/02/03/12:19:35,7192.363849,0.842000,0.744906,0.873062,0.748090,197,2,11261
2026/02/03/12:19:36,7193.363948,0.842000,0.744906,0.873062,0.748090,197,2,11261
2026/02/03/12:19:37,7194.364073,0.842000,0.744906,0.873062,0.748090,197,2,11261
2026/02/03/12:19:38,7195.364179,0.842000,0.744906,0.842000,0.744906,197,0,11261
2026/02/03/12:19:39,7196.364249,0.842000,0.744906,0.842000,0.744906,197,0,11261
2026/02/03/12:19:40,7197.364365,0.842000,0.744906,0.842000,0.744906,197,0,11261
2026/02/03/12:19:41,7198.364609,0.848812,0.748690,0.848812,0.748690,198,0,11262
2026/02/03/12:19:42,7199.364667,0.871406,0.765195,0.871406,0.765195,205,0,11263
2026/02/03/12:19:43,7200.364772,0.876281,0.769106,0.876281,0.769106,207,0,11263
2026/02/03/12:19:44,7201.364860,0.872000,0.762876,0.872000,0.762876,206,0,11264
2026/02/03/12:19:45,7202.365043,0.853031,0.748321,0.853031,0.748321,200,0,11270
2026/02/03/12:19:46,7203.365250,0.853031,0.748321,0.853031,0.748321,200,0,11270
2026/02/03/12:19:47,7204.365257,0.851219,0.746646,0.851219,0.746646,199,0,11271
2026/02/03/12:19:48,7205.365327,0.851219,0.746646,0.851219,0.746646,199,0,11271
