timestamp,event,pod_name,pod_uid,priority,time_s
2026/02/05/10:12:08,apply-time,rs-000055-hkfbz,e875c29c-58b4-4eaf-b34c-70bd88a351b8,1,12.036335
2026/02/05/10:12:08,running-time,rs-000055-hkfbz,e875c29c-58b4-4eaf-b34c-70bd88a351b8,1,12.036335
2026/02/05/10:12:08,apply-time,rs-000056-9rbl9,966969cf-1471-447e-b387-c94ada9b2346,1,13.036335
2026/02/05/10:12:08,running-time,rs-000056-9rbl9,966969cf-1471-447e-b387-c94ada9b2346,1,13.036335
2026/02/05/10:12:08,apply-time,rs-000058-cckrj,d6bfeb80-0344-4730-9dd8-7e3545abfe27,3,13.036335
2026/02/05/10:12:08,running-time,rs-000058-cckrj,d6bfeb80-0344-4730-9dd8-7e3545abfe27,3,13.036335
2026/02/05/10:12:08,apply-time,rs-000059-djtfh,d22b36ee-80ca-408f-870f-e6321f8c4809,1,13.036335
2026/02/05/10:12:09,apply-time,rs-000055-hjqbj,f98c6624-d886-4fba-9b7d-bfa88144bc5c,1,13.036335
2026/02/05/10:12:09,running-time,rs-000055-hjqbj,f98c6624-d886-4fba-9b7d-bfa88144bc5c,1,13.036335
2026/02/05/10:12:09,apply-time,rs-000056-g27lz,7238df28-e373-4496-ac07-67492a45dcb9,1,13.036335
2026/02/05/10:12:09,running-time,rs-000056-g27lz,7238df28-e373-4496-ac07-67492a45dcb9,1,13.036335
2026/02/05/10:12:09,apply-time,rs-000057-wwq4p,a8af9879-a37e-40ff-957b-777849f28df2,1,13.036335
2026/02/05/10:12:09,running-time,rs-000057-wwq4p,a8af9879-a37e-40ff-957b-777849f28df2,1,13.036335
2026/02/05/10:12:09,running-time,rs-000059-djtfh,d22b36ee-80ca-408f-870f-e6321f8c4809,1,13.036335
2026/02/05/10:12:09,apply-time,rs-000059-rfdjc,b75201d8-c7ef-4421-8825-dd02064ef82f,1,13.036335
2026/02/05/10:12:09,running-time,rs-000059-rfdjc,b75201d8-c7ef-4421-8825-dd02064ef82f,1,13.036335
2026/02/05/10:12:10,apply-time,rs-000060-mn6hv,db7aec63-7174-42a8-b97e-60f935dc061d,1,14.036335
2026/02/05/10:12:10,running-time,rs-000060-mn6hv,db7aec63-7174-42a8-b97e-60f935dc061d,1,14.036335
2026/02/05/10:12:23,apply-time,rs-000061-v8ltt,0e8d84f2-0293-4ced-9f80-cbb57dfed999,1,27.036335
2026/02/05/10:12:23,running-time,rs-000061-v8ltt,0e8d84f2-0293-4ced-9f80-cbb57dfed999,1,27.036335
2026/02/05/10:12:39,apply-time,rs-000061-nbd49,8550cf6d-a61f-43a4-8f38-4f7e9962523f,1,44.036335
2026/02/05/10:13:14,apply-time,rs-000062-46h2n,c87f899e-3298-41fb-be6b-8300e52382c8,1,78.036335
2026/02/05/10:13:14,apply-time,rs-000063-47ffc,68240019-4771-4c94-8760-6d7fdbf59d1a,2,78.036335
2026/02/05/10:13:14,running-time,rs-000063-47ffc,68240019-4771-4c94-8760-6d7fdbf59d1a,2,78.036335
2026/02/05/10:13:14,apply-time,rs-000064-9b887,acedd237-1db6-4805-bc69-61b264dc5dde,4,79.036335
2026/02/05/10:13:14,apply-time,rs-000064-dmjs9,8203ea9b-3fec-46a2-b460-b0ab288c1c64,4,79.036335
2026/02/05/10:13:14,running-time,rs-000064-dmjs9,8203ea9b-3fec-46a2-b460-b0ab288c1c64,4,79.036335
2026/02/05/10:13:14,apply-time,rs-000065-8bfv9,98a24953-0264-4631-a103-25884ad175c8,1,79.036335
2026/02/05/10:13:14,apply-time,rs-000065-8vzxv,1ef7d744-eeb1-4113-9aa6-0487d50f8249,1,79.036335
2026/02/05/10:13:14,apply-time,rs-000065-txzcr,ded1c639-f2e4-47c7-9922-2026fbb24ece,1,79.036335
2026/02/05/10:13:15,running-time,rs-000064-9b887,acedd237-1db6-4805-bc69-61b264dc5dde,4,79.036335
2026/02/05/10:13:15,running-time,rs-000065-8bfv9,98a24953-0264-4631-a103-25884ad175c8,1,79.036335
2026/02/05/10:13:15,running-time,rs-000065-8vzxv,1ef7d744-eeb1-4113-9aa6-0487d50f8249,1,79.036335
2026/02/05/10:13:15,running-time,rs-000065-txzcr,ded1c639-f2e4-47c7-9922-2026fbb24ece,1,79.036335
2026/02/05/10:14:04,apply-time,rs-000066-px5r8,f3d8a76e-64d2-4e0f-a5d2-c1f79b1a1e65,2,128.036335
2026/02/05/10:14:04,running-time,rs-000066-px5r8,f3d8a76e-64d2-4e0f-a5d2-c1f79b1a1e65,2,128.036335
2026/02/05/10:14:05,apply-time,rs-000067-hg6pf,25475441-eb93-4b28-8d5d-04bcd0dbc847,2,129.036335
2026/02/05/10:14:05,running-time,rs-000067-hg6pf,25475441-eb93-4b28-8d5d-04bcd0dbc847,2,129.036335
2026/02/05/10:14:05,apply-time,rs-000067-n8wkn,fedd418f-7e51-4ceb-aea5-020fcf15f276,2,129.036335
2026/02/05/10:14:05,running-time,rs-000067-n8wkn,fedd418f-7e51-4ceb-aea5-020fcf15f276,2,129.036335
2026/02/05/10:14:05,apply-time,rs-000067-r4f4w,4d7e71f6-51f0-4fcc-a291-6cd60a57eb7e,2,129.036335
2026/02/05/10:14:05,running-time,rs-000067-r4f4w,4d7e71f6-51f0-4fcc-a291-6cd60a57eb7e,2,129.036335
2026/02/05/10:14:06,apply-time,rs-000068-g4dvd,a39bab3b-6c1f-44be-9843-a3123dc35ee8,1,130.036335
2026/02/05/10:14:06,running-time,rs-000068-g4dvd,a39bab3b-6c1f-44be-9843-a3123dc35ee8,1,130.036335
2026/02/05/10:14:06,apply-time,rs-000068-tfgp5,cbd8516e-1cfd-407f-af15-79c6f651be6d,1,130.036335
2026/02/05/10:14:06,running-time,rs-000068-tfgp5,cbd8516e-1cfd-407f-af15-79c6f651be6d,1,130.036335
2026/02/05/10:14:06,apply-time,rs-000069-bzsgt,ac182982-5a48-4cd4-b804-d1ecff38d4b1,2,130.036335
2026/02/05/10:14:06,apply-time,rs-000070-pkjxj,945eb49b-a98e-4add-97c0-5578fbb77b34,2,130.036335
2026/02/05/10:14:06,running-time,rs-000070-pkjxj,945eb49b-a98e-4add-97c0-5578fbb77b34,2,130.036335
2026/02/05/10:16:15,apply-time,rs-000071-9vqnr,3de055f7-b600-4913-b4d7-45dab98d98c4,1,260.036335
2026/02/05/10:16:15,apply-time,rs-000071-qgjbb,8a015c82-2044-4109-87a1-27eb84e75a77,1,260.036335
2026/02/05/10:16:15,running-time,rs-000071-qgjbb,8a015c82-2044-4109-87a1-27eb84e75a77,1,260.036335
2026/02/05/10:16:16,running-time,rs-000071-9vqnr,3de055f7-b600-4913-b4d7-45dab98d98c4,1,260.036335
2026/02/05/10:18:46,apply-time,rs-000072-wfnls,e4b6445e-6763-4157-a634-1a90e4390738,2,410.036335
2026/02/05/10:18:46,apply-time,rs-000072-xlbjh,6690f728-d78d-463d-ac66-a8bc41df2012,2,410.036335
2026/02/05/10:18:46,running-time,rs-000072-xlbjh,6690f728-d78d-463d-ac66-a8bc41df2012,2,410.036335
2026/02/05/10:18:46,apply-time,rs-000073-9kwrj,59c58f89-d14b-4f92-9034-5335f59fc8ba,4,410.036335
2026/02/05/10:18:46,running-time,rs-000073-9kwrj,59c58f89-d14b-4f92-9034-5335f59fc8ba,4,410.036335
2026/02/05/10:18:46,apply-time,rs-000073-z8kqb,cd708fd1-ce90-40ca-b92c-e9730c921d25,4,410.036335
2026/02/05/10:18:46,running-time,rs-000073-z8kqb,cd708fd1-ce90-40ca-b92c-e9730c921d25,4,410.036335
2026/02/05/10:18:46,apply-time,rs-000074-cjnf4,d5361c47-e897-453e-8fe1-0511a3af82a4,3,410.036335
2026/02/05/10:18:46,running-time,rs-000074-cjnf4,d5361c47-e897-453e-8fe1-0511a3af82a4,3,410.036335
2026/02/05/10:18:46,apply-time,rs-000074-g4rlt,d6caebe9-08b3-40eb-8620-9e92a36b53e1,3,410.036335
2026/02/05/10:18:46,running-time,rs-000074-g4rlt,d6caebe9-08b3-40eb-8620-9e92a36b53e1,3,410.036335
2026/02/05/10:18:46,apply-time,rs-000074-sc8qp,475ca017-dcd4-4eee-a11d-79ff307eb1f4,3,410.036335
2026/02/05/10:18:46,running-time,rs-000074-sc8qp,475ca017-dcd4-4eee-a11d-79ff307eb1f4,3,410.036335
2026/02/05/10:18:46,apply-time,rs-000075-qqdmx,8f2736cb-5f1d-4426-a245-fb43a3022c96,3,411.036335
2026/02/05/10:18:46,apply-time,rs-000076-gvpht,5e1c04a4-0bf2-4122-8fe3-a23f33303654,4,411.036335
2026/02/05/10:18:46,running-time,rs-000076-gvpht,5e1c04a4-0bf2-4122-8fe3-a23f33303654,4,411.036335
2026/02/05/10:18:46,apply-time,rs-000077-m779w,3c10013d-bfce-438f-826c-2d0e3850e614,2,411.036335
2026/02/05/10:18:46,running-time,rs-000077-m779w,3c10013d-bfce-438f-826c-2d0e3850e614,2,411.036335
2026/02/05/10:18:46,apply-time,rs-000077-tq9n9,69b6b938-16c7-4f2d-a875-71894412cfbe,2,411.036335
2026/02/05/10:18:46,running-time,rs-000077-tq9n9,69b6b938-16c7-4f2d-a875-71894412cfbe,2,411.036335
2026/02/05/10:18:46,apply-time,rs-000078-4h6xd,b708e55a-51a5-40ec-8022-3b011f8f3f04,1,411.036335
2026/02/05/10:18:46,running-time,rs-000078-4h6xd,b708e55a-51a5-40ec-8022-3b011f8f3f04,1,411.036335
2026/02/05/10:18:46,apply-time,rs-000078-67g6d,db601ce1-cafb-458d-97f8-ae2fcdb9c0a8,1,411.036335
2026/02/05/10:18:46,running-time,rs-000078-67g6d,db601ce1-cafb-458d-97f8-ae2fcdb9c0a8,1,411.036335
2026/02/05/10:18:46,apply-time,rs-000078-r6xjp,69d42e91-760f-45bb-b5b3-5ca6ba68f80b,1,411.036335
2026/02/05/10:18:46,running-time,rs-000078-r6xjp,69d42e91-760f-45bb-b5b3-5ca6ba68f80b,1,411.036335
2026/02/05/10:18:46,apply-time,rs-000079-zwn98,a574b986-58a4-4b70-902f-f15a828a8eba,3,411.036335
2026/02/05/10:18:46,running-time,rs-000079-zwn98,a574b986-58a4-4b70-902f-f15a828a8eba,3,411.036335
2026/02/05/10:18:47,apply-time,rs-000080-f4vqt,73a4f660-d075-41c3-a71e-a548bfe22725,3,411.036335
2026/02/05/10:18:50,running-time,rs-000080-f4vqt,73a4f660-d075-41c3-a71e-a548bfe22725,3,415.036335
2026/02/05/10:19:52,running-time,rs-000072-wfnls,e4b6445e-6763-4157-a634-1a90e4390738,2,477.036335
2026/02/05/10:21:54,apply-time,rs-000081-dzxpj,df9756eb-040e-4d8f-93f8-6df15b4d4297,1,599.036335
2026/02/05/10:21:54,running-time,rs-000081-dzxpj,df9756eb-040e-4d8f-93f8-6df15b4d4297,1,599.036335
2026/02/05/10:21:54,apply-time,rs-000081-z548h,581f5ef3-440b-48b0-83f5-bfdac509da30,1,599.036335
2026/02/05/10:21:54,running-time,rs-000081-z548h,581f5ef3-440b-48b0-83f5-bfdac509da30,1,599.036335
2026/02/05/10:21:54,apply-time,rs-000082-kqrrq,6ae6a06a-68d4-4f08-bf76-60ebdf9d48c1,4,599.036335
2026/02/05/10:21:54,running-time,rs-000082-kqrrq,6ae6a06a-68d4-4f08-bf76-60ebdf9d48c1,4,599.036335
2026/02/05/10:21:54,apply-time,rs-000083-p2swh,da714614-8b4f-4781-9db1-a617378acb30,2,599.036335
2026/02/05/10:21:54,running-time,rs-000083-p2swh,da714614-8b4f-4781-9db1-a617378acb30,2,599.036335
2026/02/05/10:23:31,apply-time,rs-000084-68kjh,864458f8-dea9-4144-8b5d-37b04ca2bb10,4,696.036335
2026/02/05/10:23:31,running-time,rs-000084-68kjh,864458f8-dea9-4144-8b5d-37b04ca2bb10,4,696.036335
2026/02/05/10:23:31,apply-time,rs-000084-lncvl,f5590e97-5c21-4152-8a2d-20b2bccead97,4,696.036335
2026/02/05/10:23:31,running-time,rs-000084-lncvl,f5590e97-5c21-4152-8a2d-20b2bccead97,4,696.036335
2026/02/05/10:23:31,apply-time,rs-000085-rqz7p,5343ffb1-c0d6-42ff-8e37-5d0d92f96f82,3,696.036335
2026/02/05/10:23:31,apply-time,rs-000086-n5rbj,066f44ce-3c2f-4adc-bcae-b35c881b2c00,4,696.036335
2026/02/05/10:23:32,running-time,rs-000085-rqz7p,5343ffb1-c0d6-42ff-8e37-5d0d92f96f82,3,696.036335
2026/02/05/10:23:32,running-time,rs-000086-n5rbj,066f44ce-3c2f-4adc-bcae-b35c881b2c00,4,696.036335
2026/02/05/10:23:32,apply-time,rs-000087-42m6l,592845ae-cd56-48e0-9d36-4d8e29aba978,2,696.036335
2026/02/05/10:23:32,running-time,rs-000087-42m6l,592845ae-cd56-48e0-9d36-4d8e29aba978,2,696.036335
2026/02/05/10:23:32,apply-time,rs-000087-p7rfj,be267245-dd6d-4ac6-8ead-095d7dd8c488,2,696.036335
2026/02/05/10:23:32,running-time,rs-000087-p7rfj,be267245-dd6d-4ac6-8ead-095d7dd8c488,2,696.036335
2026/02/05/10:23:32,apply-time,rs-000087-wt9s4,bc45da24-47d4-49c6-8dc2-ae1908dde320,2,696.036335
2026/02/05/10:23:32,running-time,rs-000087-wt9s4,bc45da24-47d4-49c6-8dc2-ae1908dde320,2,696.036335
2026/02/05/10:27:19,apply-time,rs-000088-g64vw,882c422a-c0e4-4afb-95ed-af497c99e417,2,924.036335
2026/02/05/10:27:19,running-time,rs-000088-g64vw,882c422a-c0e4-4afb-95ed-af497c99e417,2,924.036335
2026/02/05/10:27:19,apply-time,rs-000088-tj8xf,51227af4-1a86-4c27-8ca7-bd2327210869,2,924.036335
2026/02/05/10:27:19,running-time,rs-000088-tj8xf,51227af4-1a86-4c27-8ca7-bd2327210869,2,924.036335
2026/02/05/10:27:20,apply-time,rs-000089-2srmc,69613a38-f3b3-456f-bfbf-30613366019c,2,924.036335
2026/02/05/10:27:20,running-time,rs-000089-2srmc,69613a38-f3b3-456f-bfbf-30613366019c,2,924.036335
2026/02/05/10:27:20,apply-time,rs-000089-m4zhq,06a120db-9395-42b4-9ea8-dfb0943d0b28,2,924.036335
2026/02/05/10:27:20,running-time,rs-000089-m4zhq,06a120db-9395-42b4-9ea8-dfb0943d0b28,2,924.036335
2026/02/05/10:27:20,apply-time,rs-000089-p4jsm,439d10ee-65d2-454c-872c-ebd80c248245,2,924.036335
2026/02/05/10:27:20,running-time,rs-000089-p4jsm,439d10ee-65d2-454c-872c-ebd80c248245,2,924.036335
2026/02/05/10:27:20,apply-time,rs-000090-8ls66,06ec8652-80d1-4c20-9679-6bdac54aa6ed,1,924.036335
2026/02/05/10:27:20,running-time,rs-000090-8ls66,06ec8652-80d1-4c20-9679-6bdac54aa6ed,1,924.036335
2026/02/05/10:27:20,apply-time,rs-000090-zfjbk,c1cfc9cd-bdda-4725-9686-bbfbed1b6518,1,924.036335
2026/02/05/10:27:20,running-time,rs-000090-zfjbk,c1cfc9cd-bdda-4725-9686-bbfbed1b6518,1,924.036335
2026/02/05/10:27:20,apply-time,rs-000091-4fmzm,9f9ad3dc-ecad-4eb7-9bc9-c2ee1b9eaff0,3,924.036335
2026/02/05/10:27:20,running-time,rs-000091-4fmzm,9f9ad3dc-ecad-4eb7-9bc9-c2ee1b9eaff0,3,924.036335
2026/02/05/10:27:20,apply-time,rs-000091-8srt2,2336de64-4d66-4700-9351-695989054aeb,3,924.036335
2026/02/05/10:27:20,running-time,rs-000091-8srt2,2336de64-4d66-4700-9351-695989054aeb,3,924.036335
2026/02/05/10:27:20,apply-time,rs-000091-jjwpz,01357cd1-b18a-49df-b60e-34784e6872c6,3,924.036335
2026/02/05/10:27:20,running-time,rs-000091-jjwpz,01357cd1-b18a-49df-b60e-34784e6872c6,3,924.036335
2026/02/05/10:28:29,apply-time,rs-000092-92g6z,58ede18b-ff6d-41f8-ace9-ba188340d070,4,994.036335
2026/02/05/10:28:29,running-time,rs-000092-92g6z,58ede18b-ff6d-41f8-ace9-ba188340d070,4,994.036335
2026/02/05/10:28:29,apply-time,rs-000092-n2ctk,915158d1-4619-41f5-beb2-3e61d294fddc,4,994.036335
2026/02/05/10:28:29,running-time,rs-000092-n2ctk,915158d1-4619-41f5-beb2-3e61d294fddc,4,994.036335
2026/02/05/10:28:29,apply-time,rs-000093-hhw2g,8d5a601b-4ed5-44b7-8ac9-e5f189edf7b9,3,994.036335
2026/02/05/10:28:29,running-time,rs-000093-hhw2g,8d5a601b-4ed5-44b7-8ac9-e5f189edf7b9,3,994.036335
2026/02/05/10:28:29,apply-time,rs-000094-g2mz7,37ef0165-9caf-4139-a632-cc8f597c8968,4,994.036335
2026/02/05/10:28:29,apply-time,rs-000094-gzzdh,67b6aca7-6b5f-4e85-b3d0-e658260c1d4e,4,994.036335
2026/02/05/10:28:29,running-time,rs-000094-gzzdh,67b6aca7-6b5f-4e85-b3d0-e658260c1d4e,4,994.036335
2026/02/05/10:28:29,apply-time,rs-000094-mzf9f,779b0349-0c8c-403f-9b73-0491b28563d7,4,994.036335
2026/02/05/10:28:38,apply-time,rs-000095-wcmc6,d530704b-0046-4be2-b229-6de9e19b7e50,1,1002.036335
2026/02/05/10:28:38,running-time,rs-000095-wcmc6,d530704b-0046-4be2-b229-6de9e19b7e50,1,1002.036335
2026/02/05/10:28:38,apply-time,rs-000096-9f5rd,783e31a8-d27f-457f-87f6-54ca3f178951,1,1002.036335
2026/02/05/10:28:38,running-time,rs-000096-9f5rd,783e31a8-d27f-457f-87f6-54ca3f178951,1,1002.036335
2026/02/05/10:28:39,apply-time,rs-000097-s657x,8e32f25d-d6b4-4268-bf31-ab8d1d29d7f7,4,1004.036335
2026/02/05/10:28:39,running-time,rs-000097-s657x,8e32f25d-d6b4-4268-bf31-ab8d1d29d7f7,4,1004.036335
2026/02/05/10:28:39,apply-time,rs-000098-28bbv,c7efda40-9241-46f3-9926-f73e80f819a3,2,1004.036335
2026/02/05/10:28:39,running-time,rs-000098-28bbv,c7efda40-9241-46f3-9926-f73e80f819a3,2,1004.036335
2026/02/05/10:28:39,apply-time,rs-000098-c4vwx,70eb5d50-ff4f-4966-99fb-2f29a674b68b,2,1004.036335
2026/02/05/10:28:39,apply-time,rs-000098-k8qxr,7487d83c-c235-47ce-a487-8bcfc3eb41af,2,1004.036335
2026/02/05/10:28:39,apply-time,rs-000099-6wftx,3ccdb688-17d6-4715-b471-f60da304589f,2,1004.036335
2026/02/05/10:28:39,apply-time,rs-000099-n5qhg,804f4907-60ae-4623-ade7-94322f43cbc2,2,1004.036335
2026/02/05/10:28:39,running-time,rs-000099-n5qhg,804f4907-60ae-4623-ade7-94322f43cbc2,2,1004.036335
2026/02/05/10:28:39,apply-time,rs-000100-svlh9,e9a059e1-6b41-41cb-a2aa-86639a2d3ac2,2,1004.036335
2026/02/05/10:28:39,running-time,rs-000100-svlh9,e9a059e1-6b41-41cb-a2aa-86639a2d3ac2,2,1004.036335
2026/02/05/10:28:40,running-time,rs-000099-6wftx,3ccdb688-17d6-4715-b471-f60da304589f,2,1004.036335
2026/02/05/10:28:40,apply-time,rs-000101-9prl7,cfa04c98-555b-4eab-a732-2c7c7d3219d9,1,1004.036335
2026/02/05/10:28:40,running-time,rs-000101-9prl7,cfa04c98-555b-4eab-a732-2c7c7d3219d9,1,1004.036335
2026/02/05/10:28:40,apply-time,rs-000101-kt46t,b4601f12-a83b-435a-8b96-866b5a3e3746,1,1004.036335
2026/02/05/10:28:40,running-time,rs-000101-kt46t,b4601f12-a83b-435a-8b96-866b5a3e3746,1,1004.036335
2026/02/05/10:28:40,apply-time,rs-000102-g5fpl,daa7aac0-982b-4f62-ac27-5c865c2b5535,1,1004.036335
2026/02/05/10:28:40,running-time,rs-000102-g5fpl,daa7aac0-982b-4f62-ac27-5c865c2b5535,1,1004.036335
2026/02/05/10:28:40,apply-time,rs-000102-xdbk5,59a4c528-746a-4e3b-bf21-d62f5f5f654a,1,1004.036335
2026/02/05/10:28:40,running-time,rs-000102-xdbk5,59a4c528-746a-4e3b-bf21-d62f5f5f654a,1,1004.036335
2026/02/05/10:28:40,apply-time,rs-000103-49qc8,84331a50-8899-4965-981f-67a22e275176,1,1004.036335
2026/02/05/10:28:40,running-time,rs-000103-49qc8,84331a50-8899-4965-981f-67a22e275176,1,1004.036335
2026/02/05/10:28:40,apply-time,rs-000103-4rs7f,d36c09da-6be0-4878-9bd8-a688d67479f4,1,1005.036335
2026/02/05/10:28:40,apply-time,rs-000103-hrq97,579c5b7b-9292-468d-ba6f-93ef73a31a3c,1,1005.036335
2026/02/05/10:28:40,running-time,rs-000103-hrq97,579c5b7b-9292-468d-ba6f-93ef73a31a3c,1,1005.036335
2026/02/05/10:28:41,running-time,rs-000103-4rs7f,d36c09da-6be0-4878-9bd8-a688d67479f4,1,1005.036335
2026/02/05/10:28:41,apply-time,rs-000104-c78rj,2c38b7da-5fcd-40e3-b7b7-3bd006cae6f6,1,1005.036335
2026/02/05/10:28:41,apply-time,rs-000104-hgrvp,a01868f4-b872-4d78-a356-7edaeecd66f0,1,1005.036335
2026/02/05/10:28:41,apply-time,rs-000104-rzq7h,17465d24-0ab3-44f6-b7d9-760d0edd8db9,1,1005.036335
2026/02/05/10:28:41,apply-time,rs-000105-cbl46,142ecf98-8620-4a97-9795-3e18c8015110,1,1005.036335
2026/02/05/10:28:41,running-time,rs-000105-cbl46,142ecf98-8620-4a97-9795-3e18c8015110,1,1005.036335
2026/02/05/10:28:41,apply-time,rs-000105-dr9kv,9ad702a2-0924-43de-be72-1e2265307814,1,1005.036335
2026/02/05/10:28:41,running-time,rs-000105-dr9kv,9ad702a2-0924-43de-be72-1e2265307814,1,1005.036335
2026/02/05/10:28:41,apply-time,rs-000105-mdjv9,5bee8c53-6bb4-40dd-86eb-e9d51b63e8e3,1,1006.036335
2026/02/05/10:28:41,apply-time,rs-000106-6jqp5,00276f89-dfe9-46d6-ac8b-40291a5f47a6,3,1006.036335
2026/02/05/10:28:41,apply-time,rs-000106-q5plp,a5e75a3e-cd99-4742-ba3f-b5c928cb643b,3,1005.036335
2026/02/05/10:28:41,apply-time,rs-000107-6fqjb,a628f6e8-756c-4916-8c1e-134bf3cd88b1,3,1006.036335
2026/02/05/10:28:41,running-time,rs-000107-6fqjb,a628f6e8-756c-4916-8c1e-134bf3cd88b1,3,1006.036335
2026/02/05/10:28:41,apply-time,rs-000107-7wxgw,3e98aa59-4900-4ace-8777-d7158bbedec6,3,1006.036335
2026/02/05/10:28:41,running-time,rs-000107-7wxgw,3e98aa59-4900-4ace-8777-d7158bbedec6,3,1006.036335
2026/02/05/10:28:41,apply-time,rs-000107-f8db4,4c0c2e67-1839-47f9-8415-a76c149398cb,3,1005.036335
2026/02/05/10:28:41,running-time,rs-000107-f8db4,4c0c2e67-1839-47f9-8415-a76c149398cb,3,1005.036335
2026/02/05/10:28:42,running-time,rs-000105-mdjv9,5bee8c53-6bb4-40dd-86eb-e9d51b63e8e3,1,1007.036335
2026/02/05/10:28:45,running-time,rs-000104-hgrvp,a01868f4-b872-4d78-a356-7edaeecd66f0,1,1009.036335
2026/02/05/10:28:52,running-time,rs-000104-rzq7h,17465d24-0ab3-44f6-b7d9-760d0edd8db9,1,1016.036335
2026/02/05/10:29:32,running-time,rs-000106-q5plp,a5e75a3e-cd99-4742-ba3f-b5c928cb643b,3,1057.036335
2026/02/05/10:29:58,apply-time,rs-000108-m5vzd,23f1bb04-ffed-4956-bac1-2030f406a000,2,1083.036335
2026/02/05/10:29:58,running-time,rs-000108-m5vzd,23f1bb04-ffed-4956-bac1-2030f406a000,2,1083.036335
2026/02/05/10:29:58,apply-time,rs-000109-dj64n,b3ba3574-7577-41a4-9cf3-4f56055431e0,2,1083.036335
2026/02/05/10:29:58,running-time,rs-000109-dj64n,b3ba3574-7577-41a4-9cf3-4f56055431e0,2,1083.036335
2026/02/05/10:29:58,apply-time,rs-000110-b6hxc,3eacd34e-3b28-48f6-996f-48dceee74963,3,1083.036335
2026/02/05/10:29:58,running-time,rs-000110-b6hxc,3eacd34e-3b28-48f6-996f-48dceee74963,3,1083.036335
2026/02/05/10:29:58,apply-time,rs-000110-t8frr,64730265-b10f-48fc-a995-657a9ee13f93,3,1083.036335
2026/02/05/10:29:58,running-time,rs-000110-t8frr,64730265-b10f-48fc-a995-657a9ee13f93,3,1083.036335
2026/02/05/10:29:58,apply-time,rs-000111-7mvnb,646f4e7d-8532-40b0-b03e-535ed43cdc63,1,1083.036335
2026/02/05/10:29:58,running-time,rs-000111-7mvnb,646f4e7d-8532-40b0-b03e-535ed43cdc63,1,1083.036335
2026/02/05/10:29:58,apply-time,rs-000111-gkb7r,af0ccf1b-8a8e-413a-9c2d-6c0d7c89618d,1,1083.036335
2026/02/05/10:29:58,running-time,rs-000111-gkb7r,af0ccf1b-8a8e-413a-9c2d-6c0d7c89618d,1,1083.036335
2026/02/05/10:29:58,apply-time,rs-000111-kp46x,25e7fec9-6d78-40d6-8495-b9802a3c571e,1,1083.036335
2026/02/05/10:29:58,running-time,rs-000111-kp46x,25e7fec9-6d78-40d6-8495-b9802a3c571e,1,1083.036335
2026/02/05/10:30:06,apply-time,rs-000112-2xt7l,9f929c61-501a-496b-94ff-5616a68f76d5,3,1090.036335
2026/02/05/10:30:06,running-time,rs-000112-2xt7l,9f929c61-501a-496b-94ff-5616a68f76d5,3,1090.036335
2026/02/05/10:30:06,apply-time,rs-000112-vcmxh,009f995a-92d4-456d-b6bc-ee354096b907,3,1090.036335
2026/02/05/10:30:06,running-time,rs-000112-vcmxh,009f995a-92d4-456d-b6bc-ee354096b907,3,1090.036335
2026/02/05/10:30:06,apply-time,rs-000112-vr997,64883050-e402-4e34-9083-27325c8ad810,3,1090.036335
2026/02/05/10:30:06,running-time,rs-000112-vr997,64883050-e402-4e34-9083-27325c8ad810,3,1090.036335
2026/02/05/10:30:06,apply-time,rs-000113-kthb6,11a76832-04bf-4e56-be33-8b24485ee14c,3,1090.036335
2026/02/05/10:30:06,running-time,rs-000113-kthb6,11a76832-04bf-4e56-be33-8b24485ee14c,3,1090.036335
2026/02/05/10:30:06,apply-time,rs-000113-wxvnb,29eedb65-252a-4b23-a84d-833c3a60b623,3,1090.036335
2026/02/05/10:30:06,apply-time,rs-000114-psphb,49452cd3-544c-4343-891b-3348aa70b197,2,1090.036335
2026/02/05/10:30:06,running-time,rs-000114-psphb,49452cd3-544c-4343-891b-3348aa70b197,2,1090.036335
2026/02/05/10:30:07,apply-time,rs-000115-8bxnt,61c03121-fc3e-4f76-a671-caf3218b144b,3,1092.036335
2026/02/05/10:30:07,apply-time,rs-000115-99xkc,c35ce055-54dd-4bf0-98e2-01f45057bae4,3,1092.036335
2026/02/05/10:30:07,apply-time,rs-000115-sbz8k,50cf87eb-2094-4bc8-9083-3d5bbb9be272,3,1092.036335
2026/02/05/10:30:07,apply-time,rs-000116-9bpf5,f7eccfe5-56cd-4cc7-9336-49cd61fd58f3,1,1092.036335
2026/02/05/10:30:07,running-time,rs-000116-9bpf5,f7eccfe5-56cd-4cc7-9336-49cd61fd58f3,1,1092.036335
2026/02/05/10:30:07,apply-time,rs-000116-gmrv4,47d47786-183b-4720-82e0-de7566dc1000,1,1092.036335
2026/02/05/10:30:07,running-time,rs-000116-gmrv4,47d47786-183b-4720-82e0-de7566dc1000,1,1092.036335
2026/02/05/10:30:07,apply-time,rs-000117-5bpvq,74f9257c-766d-415c-8d96-0c41fe8ed9c4,3,1092.036335
2026/02/05/10:30:07,running-time,rs-000117-5bpvq,74f9257c-766d-415c-8d96-0c41fe8ed9c4,3,1092.036335
2026/02/05/10:30:07,apply-time,rs-000117-w6q95,f9bb2118-20d5-4c12-be17-d0e6032cfc86,3,1092.036335
2026/02/05/10:30:07,running-time,rs-000117-w6q95,f9bb2118-20d5-4c12-be17-d0e6032cfc86,3,1092.036335
2026/02/05/10:30:07,apply-time,rs-000118-2s7w9,19250ceb-9f18-4867-99bc-cb2569202ebe,2,1092.036335
2026/02/05/10:30:07,apply-time,rs-000118-l28sj,85e6864f-31d7-45f6-b257-3893889cdb47,2,1092.036335
2026/02/05/10:30:07,apply-time,rs-000119-ns2nb,fe8981b0-0cea-4e52-8ad2-49ed87469247,4,1092.036335
2026/02/05/10:30:07,apply-time,rs-000119-t6f86,5e9d618b-2f4d-4964-91bb-af94cb330ada,4,1092.036335
2026/02/05/10:30:08,running-time,rs-000113-wxvnb,29eedb65-252a-4b23-a84d-833c3a60b623,3,1092.036335
2026/02/05/10:30:08,running-time,rs-000118-2s7w9,19250ceb-9f18-4867-99bc-cb2569202ebe,2,1092.036335
2026/02/05/10:30:08,running-time,rs-000118-l28sj,85e6864f-31d7-45f6-b257-3893889cdb47,2,1092.036335
2026/02/05/10:30:08,running-time,rs-000119-ns2nb,fe8981b0-0cea-4e52-8ad2-49ed87469247,4,1092.036335
2026/02/05/10:30:08,running-time,rs-000119-t6f86,5e9d618b-2f4d-4964-91bb-af94cb330ada,4,1092.036335
2026/02/05/10:30:49,running-time,rs-000106-6jqp5,00276f89-dfe9-46d6-ac8b-40291a5f47a6,3,1133.036335
2026/02/05/10:31:00,apply-time,rs-000120-4r6hz,5a4765c7-378f-47b6-9a80-ffb5d4713a78,3,1144.036335
2026/02/05/10:31:00,running-time,rs-000120-4r6hz,5a4765c7-378f-47b6-9a80-ffb5d4713a78,3,1144.036335
2026/02/05/10:31:00,apply-time,rs-000120-wg856,2b77deac-71b7-421e-b95e-7f3098a081ac,3,1144.036335
2026/02/05/10:31:00,running-time,rs-000120-wg856,2b77deac-71b7-421e-b95e-7f3098a081ac,3,1144.036335
2026/02/05/10:31:19,apply-time,rs-000121-4cgqd,abca3829-2d66-481c-ac30-2cecf41898eb,2,1163.036335
2026/02/05/10:31:19,running-time,rs-000121-4cgqd,abca3829-2d66-481c-ac30-2cecf41898eb,2,1163.036335
2026/02/05/10:31:19,apply-time,rs-000122-8xddb,77a14146-84b5-4f8b-a634-fbea8ddf4afb,2,1163.036335
2026/02/05/10:31:19,running-time,rs-000122-8xddb,77a14146-84b5-4f8b-a634-fbea8ddf4afb,2,1163.036335
2026/02/05/10:31:19,apply-time,rs-000122-bw8jq,48b47e67-9842-429d-a76d-0e577351f36b,2,1163.036335
2026/02/05/10:31:19,running-time,rs-000122-bw8jq,48b47e67-9842-429d-a76d-0e577351f36b,2,1163.036335
2026/02/05/10:31:19,apply-time,rs-000122-md5hg,0ddc3820-e42a-4fff-a041-d857f91bed88,2,1163.036335
2026/02/05/10:31:19,running-time,rs-000122-md5hg,0ddc3820-e42a-4fff-a041-d857f91bed88,2,1163.036335
2026/02/05/10:31:19,apply-time,rs-000123-lzqhq,0fba08ae-cce1-49c7-912f-46f9335cc45e,2,1163.036335
2026/02/05/10:31:19,running-time,rs-000123-lzqhq,0fba08ae-cce1-49c7-912f-46f9335cc45e,2,1163.036335
2026/02/05/10:31:19,apply-time,rs-000123-wzf55,2b434c69-6c8a-44d9-9109-20ed70be7666,2,1163.036335
2026/02/05/10:31:19,running-time,rs-000123-wzf55,2b434c69-6c8a-44d9-9109-20ed70be7666,2,1163.036335
2026/02/05/10:31:31,apply-time,rs-000124-4xzkn,3e4a84a9-54ec-4f02-a924-b23831b0a257,2,1176.036335
2026/02/05/10:31:31,running-time,rs-000124-4xzkn,3e4a84a9-54ec-4f02-a924-b23831b0a257,2,1176.036335
2026/02/05/10:31:32,apply-time,rs-000125-dj2wm,55fdaaef-a3cd-45d0-b1e0-6bb9b6678e69,3,1176.036335
2026/02/05/10:31:32,running-time,rs-000125-dj2wm,55fdaaef-a3cd-45d0-b1e0-6bb9b6678e69,3,1176.036335
2026/02/05/10:31:32,apply-time,rs-000125-drkmj,301eff5a-c0d1-49de-a6d9-5c35c9388f80,3,1176.036335
2026/02/05/10:31:32,running-time,rs-000125-drkmj,301eff5a-c0d1-49de-a6d9-5c35c9388f80,3,1176.036335
2026/02/05/10:31:34,apply-time,rs-000126-92sc4,18e4d6e6-54c0-4327-a8fd-c840ce96ed75,1,1178.036335
2026/02/05/10:31:34,running-time,rs-000126-92sc4,18e4d6e6-54c0-4327-a8fd-c840ce96ed75,1,1178.036335
2026/02/05/10:31:34,apply-time,rs-000126-wt5nc,57076f64-0bd7-4b6a-94b1-98df01e2d829,1,1178.036335
2026/02/05/10:31:34,running-time,rs-000126-wt5nc,57076f64-0bd7-4b6a-94b1-98df01e2d829,1,1178.036335
2026/02/05/10:31:34,apply-time,rs-000126-x4kkc,41c57513-0762-4b19-b815-0354afe6603f,1,1178.036335
2026/02/05/10:31:34,running-time,rs-000126-x4kkc,41c57513-0762-4b19-b815-0354afe6603f,1,1178.036335
2026/02/05/10:31:34,apply-time,rs-000127-6tqdr,ddabf876-8c14-420a-a80f-fffe951009b9,3,1178.036335
2026/02/05/10:31:34,running-time,rs-000127-6tqdr,ddabf876-8c14-420a-a80f-fffe951009b9,3,1178.036335
2026/02/05/10:31:34,apply-time,rs-000127-g6f7n,c7dc4b72-4c1c-4eda-979d-6cba7b66c20f,3,1178.036335
2026/02/05/10:31:34,running-time,rs-000127-g6f7n,c7dc4b72-4c1c-4eda-979d-6cba7b66c20f,3,1178.036335
2026/02/05/10:31:34,apply-time,rs-000127-gw6lt,1b8134a0-fda7-43ed-9e3e-aeecf4c307f7,3,1178.036335
2026/02/05/10:31:34,running-time,rs-000127-gw6lt,1b8134a0-fda7-43ed-9e3e-aeecf4c307f7,3,1178.036335
2026/02/05/10:31:34,apply-time,rs-000128-7tddt,809f85ff-6ae1-4619-92f9-7863d5863378,1,1178.036335
2026/02/05/10:31:34,running-time,rs-000128-7tddt,809f85ff-6ae1-4619-92f9-7863d5863378,1,1178.036335
2026/02/05/10:31:34,apply-time,rs-000128-bqtcv,bbff38a8-842f-489b-9083-d688cdcbb9d9,1,1178.036335
2026/02/05/10:31:34,running-time,rs-000128-bqtcv,bbff38a8-842f-489b-9083-d688cdcbb9d9,1,1178.036335
2026/02/05/10:31:34,apply-time,rs-000128-pbxfj,73d745b5-15f0-4a4b-8c0d-521f3acf6867,1,1178.036335
2026/02/05/10:31:34,running-time,rs-000128-pbxfj,73d745b5-15f0-4a4b-8c0d-521f3acf6867,1,1178.036335
2026/02/05/10:31:39,apply-time,rs-000129-d9ztn,431bb2e7-ef85-445c-907e-3bb7bb080758,3,1183.036335
2026/02/05/10:31:39,running-time,rs-000129-d9ztn,431bb2e7-ef85-445c-907e-3bb7bb080758,3,1183.036335
2026/02/05/10:31:39,apply-time,rs-000129-vpq6d,7e232131-4d90-42b8-97f2-2798a663f074,3,1183.036335
2026/02/05/10:31:39,apply-time,rs-000130-t46gs,73b0912a-8a60-4a54-abdc-9daadf51de69,4,1183.036335
2026/02/05/10:31:39,running-time,rs-000130-t46gs,73b0912a-8a60-4a54-abdc-9daadf51de69,4,1183.036335
2026/02/05/10:31:42,running-time,rs-000129-vpq6d,7e232131-4d90-42b8-97f2-2798a663f074,3,1187.036335
2026/02/05/10:35:46,apply-time,rs-000131-jnv4h,717cedd0-d82d-4e8e-9992-c3923a6f9669,1,1430.036335
2026/02/05/10:35:46,running-time,rs-000131-jnv4h,717cedd0-d82d-4e8e-9992-c3923a6f9669,1,1430.036335
2026/02/05/10:35:46,apply-time,rs-000132-69k4l,3265b581-681b-4c2b-837d-92e228b119a9,1,1431.036335
2026/02/05/10:35:46,running-time,rs-000132-69k4l,3265b581-681b-4c2b-837d-92e228b119a9,1,1431.036335
2026/02/05/10:35:46,apply-time,rs-000132-ghftt,c7c99669-d6a7-4c03-9c07-488255e0a1f9,1,1431.036335
2026/02/05/10:35:46,running-time,rs-000132-ghftt,c7c99669-d6a7-4c03-9c07-488255e0a1f9,1,1431.036335
2026/02/05/10:35:46,apply-time,rs-000132-scf27,bde850f2-a767-4dfc-86b8-f10e36065a51,1,1431.036335
2026/02/05/10:35:46,running-time,rs-000132-scf27,bde850f2-a767-4dfc-86b8-f10e36065a51,1,1431.036335
2026/02/05/10:35:48,apply-time,rs-000133-jppfr,54b27dba-b088-4440-9c21-3acb2e76d858,4,1432.036335
2026/02/05/10:35:48,running-time,rs-000133-jppfr,54b27dba-b088-4440-9c21-3acb2e76d858,4,1432.036335
2026/02/05/10:35:48,apply-time,rs-000133-nrqxl,d69d8d4e-8074-4324-8b92-97d08e5a2c9d,4,1432.036335
2026/02/05/10:35:48,running-time,rs-000133-nrqxl,d69d8d4e-8074-4324-8b92-97d08e5a2c9d,4,1432.036335
2026/02/05/10:35:48,apply-time,rs-000134-8m2q5,3e95ffcc-968a-445f-9055-8fc017a41e16,1,1432.036335
2026/02/05/10:35:48,running-time,rs-000134-8m2q5,3e95ffcc-968a-445f-9055-8fc017a41e16,1,1432.036335
2026/02/05/10:35:51,apply-time,rs-000135-7j8mr,8f7d9d54-af57-48bf-a7d3-f0701d87e17c,1,1435.036335
2026/02/05/10:35:51,running-time,rs-000135-7j8mr,8f7d9d54-af57-48bf-a7d3-f0701d87e17c,1,1435.036335
2026/02/05/10:35:51,apply-time,rs-000135-l5v4t,0785af53-11e1-42ae-9182-90052c859e74,1,1435.036335
2026/02/05/10:35:51,running-time,rs-000135-l5v4t,0785af53-11e1-42ae-9182-90052c859e74,1,1435.036335
2026/02/05/10:36:09,apply-time,rs-000136-ftkrw,bed4a4e5-4974-4ed4-b24e-acb1434b52f3,3,1453.036335
2026/02/05/10:36:09,running-time,rs-000136-ftkrw,bed4a4e5-4974-4ed4-b24e-acb1434b52f3,3,1453.036335
2026/02/05/10:36:09,apply-time,rs-000136-tc65t,b7d06856-1685-43b6-a828-bd8baf3b9a1a,3,1453.036335
2026/02/05/10:36:09,running-time,rs-000136-tc65t,b7d06856-1685-43b6-a828-bd8baf3b9a1a,3,1453.036335
2026/02/05/10:36:09,apply-time,rs-000137-clx6j,ca2e26f2-192c-4344-a5c3-c988d22222aa,2,1453.036335
2026/02/05/10:36:09,running-time,rs-000137-clx6j,ca2e26f2-192c-4344-a5c3-c988d22222aa,2,1453.036335
2026/02/05/10:36:51,apply-time,rs-000138-xjlsl,95caf338-1e99-443b-a232-b21757e01436,2,1496.036335
2026/02/05/10:36:51,running-time,rs-000138-xjlsl,95caf338-1e99-443b-a232-b21757e01436,2,1496.036335
2026/02/05/10:36:51,apply-time,rs-000139-b7wms,12708556-90db-4fa5-9795-57f3a9a561a8,1,1496.036335
2026/02/05/10:36:51,running-time,rs-000139-b7wms,12708556-90db-4fa5-9795-57f3a9a561a8,1,1496.036335
2026/02/05/10:36:51,apply-time,rs-000139-nww7w,97aa792f-0323-4624-b8db-4334310c9880,1,1496.036335
2026/02/05/10:36:51,running-time,rs-000139-nww7w,97aa792f-0323-4624-b8db-4334310c9880,1,1496.036335
2026/02/05/10:36:51,apply-time,rs-000140-299qv,2d5e359a-56c8-437d-a54c-4a24a56e33c6,4,1496.036335
2026/02/05/10:36:51,running-time,rs-000140-299qv,2d5e359a-56c8-437d-a54c-4a24a56e33c6,4,1496.036335
2026/02/05/10:36:51,apply-time,rs-000140-ggwzc,14691df2-a23a-4cd1-979e-5839f70ba3ff,4,1496.036335
2026/02/05/10:36:51,running-time,rs-000140-ggwzc,14691df2-a23a-4cd1-979e-5839f70ba3ff,4,1496.036335
2026/02/05/10:36:51,apply-time,rs-000140-khfcw,10fc83d6-d4e4-4444-980a-5daf3e531da5,4,1496.036335
2026/02/05/10:36:51,running-time,rs-000140-khfcw,10fc83d6-d4e4-4444-980a-5daf3e531da5,4,1496.036335
2026/02/05/10:36:51,apply-time,rs-000141-mvv94,cb3433a7-dead-44e8-9504-eca910424073,1,1496.036335
2026/02/05/10:36:51,running-time,rs-000141-mvv94,cb3433a7-dead-44e8-9504-eca910424073,1,1496.036335
2026/02/05/10:36:51,apply-time,rs-000141-pwzzk,35f0bf52-77d7-450c-9daa-9193c768732e,1,1496.036335
2026/02/05/10:36:51,running-time,rs-000141-pwzzk,35f0bf52-77d7-450c-9daa-9193c768732e,1,1496.036335
2026/02/05/10:36:56,apply-time,rs-000142-dkn9q,ed5367ba-b1db-487a-8c62-a9cb5e1cda77,2,1501.036335
2026/02/05/10:36:56,running-time,rs-000142-dkn9q,ed5367ba-b1db-487a-8c62-a9cb5e1cda77,2,1501.036335
2026/02/05/10:36:56,apply-time,rs-000142-qq2s9,bcc2a6fb-f62a-4f27-890b-c2fd9527eecb,2,1501.036335
2026/02/05/10:36:56,running-time,rs-000142-qq2s9,bcc2a6fb-f62a-4f27-890b-c2fd9527eecb,2,1501.036335
2026/02/05/10:36:59,apply-time,rs-000143-8bdjd,0b1393ef-3882-448b-add9-f301517dbbda,3,1504.036335
2026/02/05/10:36:59,running-time,rs-000143-8bdjd,0b1393ef-3882-448b-add9-f301517dbbda,3,1504.036335
2026/02/05/10:36:59,apply-time,rs-000143-hpqh5,4e75ea50-ab02-45f5-b6fa-df73792be740,3,1504.036335
2026/02/05/10:36:59,running-time,rs-000143-hpqh5,4e75ea50-ab02-45f5-b6fa-df73792be740,3,1504.036335
2026/02/05/10:37:00,apply-time,rs-000144-z4b57,9105d1b8-41ac-4fc6-aa9e-eeabc923ffe6,4,1505.036335
2026/02/05/10:37:00,running-time,rs-000144-z4b57,9105d1b8-41ac-4fc6-aa9e-eeabc923ffe6,4,1505.036335
2026/02/05/10:37:00,apply-time,rs-000145-4jpdq,47bc0786-cfb1-4bad-9776-d099f3a72cf3,2,1505.036335
2026/02/05/10:37:00,running-time,rs-000145-4jpdq,47bc0786-cfb1-4bad-9776-d099f3a72cf3,2,1505.036335
2026/02/05/10:37:00,apply-time,rs-000145-fqh9v,afdd8593-05cb-4f02-8d8d-e16ed29359a9,2,1505.036335
2026/02/05/10:37:00,running-time,rs-000145-fqh9v,afdd8593-05cb-4f02-8d8d-e16ed29359a9,2,1505.036335
2026/02/05/10:37:18,apply-time,rs-000146-s5wp2,a9a26537-e79d-4c1c-8012-98920470ab8e,2,1523.036335
2026/02/05/10:37:19,running-time,rs-000146-s5wp2,a9a26537-e79d-4c1c-8012-98920470ab8e,2,1523.036335
2026/02/05/10:37:19,apply-time,rs-000147-8z77b,7ed11c7b-3c81-4fca-a71a-925363ed4f2d,4,1523.036335
2026/02/05/10:37:19,running-time,rs-000147-8z77b,7ed11c7b-3c81-4fca-a71a-925363ed4f2d,4,1523.036335
2026/02/05/10:38:43,apply-time,rs-000148-7mzzk,b93058c0-7d52-468a-95ac-795f0b82c63a,2,1608.036335
2026/02/05/10:38:43,running-time,rs-000148-7mzzk,b93058c0-7d52-468a-95ac-795f0b82c63a,2,1608.036335
2026/02/05/10:38:43,apply-time,rs-000148-qtjqn,c1ef15ce-7ba1-4485-8cb8-ce0409064269,2,1608.036335
2026/02/05/10:38:43,running-time,rs-000148-qtjqn,c1ef15ce-7ba1-4485-8cb8-ce0409064269,2,1608.036335
2026/02/05/10:38:43,apply-time,rs-000148-v8n5x,11b52a97-0f6f-40ac-9b5f-ec9509ab1ef7,2,1608.036335
2026/02/05/10:38:43,running-time,rs-000148-v8n5x,11b52a97-0f6f-40ac-9b5f-ec9509ab1ef7,2,1608.036335
2026/02/05/10:38:43,apply-time,rs-000149-dgns5,e0c1fc24-de15-4b49-9eb7-8aa7d3700048,4,1608.036335
2026/02/05/10:38:43,running-time,rs-000149-dgns5,e0c1fc24-de15-4b49-9eb7-8aa7d3700048,4,1608.036335
2026/02/05/10:38:43,apply-time,rs-000149-kv4wv,1fc17c77-8f69-44ea-819f-425c81a15b35,4,1608.036335
2026/02/05/10:38:43,running-time,rs-000149-kv4wv,1fc17c77-8f69-44ea-819f-425c81a15b35,4,1608.036335
2026/02/05/10:38:44,apply-time,rs-000150-k66mw,ae26a3a8-4f27-42e8-81ee-991a3e0669a3,2,1608.036335
2026/02/05/10:38:44,running-time,rs-000150-k66mw,ae26a3a8-4f27-42e8-81ee-991a3e0669a3,2,1608.036335
2026/02/05/10:38:44,apply-time,rs-000151-tjw64,58bddc00-e7dd-4e50-b4c0-ee430f225b10,1,1608.036335
2026/02/05/10:38:44,running-time,rs-000151-tjw64,58bddc00-e7dd-4e50-b4c0-ee430f225b10,1,1608.036335
2026/02/05/10:38:44,apply-time,rs-000151-zq8dv,77123508-6791-4135-8b3d-f8f50a076ea5,1,1608.036335
2026/02/05/10:38:44,running-time,rs-000151-zq8dv,77123508-6791-4135-8b3d-f8f50a076ea5,1,1608.036335
2026/02/05/10:38:44,apply-time,rs-000152-gv9g5,64203d31-bc8b-410f-aa5b-61e648894c7e,1,1608.036335
2026/02/05/10:38:44,running-time,rs-000152-gv9g5,64203d31-bc8b-410f-aa5b-61e648894c7e,1,1608.036335
2026/02/05/10:38:52,apply-time,rs-000153-c6wg5,f1ef7d8b-b438-4b16-ab08-7aa2542fb412,1,1617.036335
2026/02/05/10:38:52,running-time,rs-000153-c6wg5,f1ef7d8b-b438-4b16-ab08-7aa2542fb412,1,1617.036335
2026/02/05/10:38:52,apply-time,rs-000153-cksjl,12b97c72-1403-4125-9ff5-ff0444fca2d8,1,1617.036335
2026/02/05/10:38:52,running-time,rs-000153-cksjl,12b97c72-1403-4125-9ff5-ff0444fca2d8,1,1617.036335
2026/02/05/10:38:52,apply-time,rs-000153-ltd5f,ad6c9e19-5ff9-4a28-9f3d-15b90b70939f,1,1617.036335
2026/02/05/10:38:52,running-time,rs-000153-ltd5f,ad6c9e19-5ff9-4a28-9f3d-15b90b70939f,1,1617.036335
2026/02/05/10:38:53,apply-time,rs-000154-ms2fr,ac4a9477-96fd-45bf-9d1e-366f0a3453de,4,1618.036335
2026/02/05/10:38:53,running-time,rs-000154-ms2fr,ac4a9477-96fd-45bf-9d1e-366f0a3453de,4,1618.036335
2026/02/05/10:38:53,apply-time,rs-000154-pqbhg,49e4859e-cc5e-4d33-ba64-7a55796d91c3,4,1618.036335
2026/02/05/10:38:53,running-time,rs-000154-pqbhg,49e4859e-cc5e-4d33-ba64-7a55796d91c3,4,1618.036335
2026/02/05/10:39:10,apply-time,rs-000155-7bdfv,2d93c7d4-8c3b-4af1-a9ff-5997fa71c504,1,1635.036335
2026/02/05/10:39:10,running-time,rs-000155-7bdfv,2d93c7d4-8c3b-4af1-a9ff-5997fa71c504,1,1635.036335
2026/02/05/10:39:16,apply-time,rs-000156-9rxfq,60491d54-3bad-4e8d-9246-92f2be81bc5b,3,1640.036335
2026/02/05/10:39:16,running-time,rs-000156-9rxfq,60491d54-3bad-4e8d-9246-92f2be81bc5b,3,1641.036335
2026/02/05/10:39:16,apply-time,rs-000156-ffbdz,581aecba-dbbc-4b08-b0a5-fe3549f5ac5e,3,1641.036335
2026/02/05/10:39:16,running-time,rs-000156-ffbdz,581aecba-dbbc-4b08-b0a5-fe3549f5ac5e,3,1641.036335
2026/02/05/10:39:16,apply-time,rs-000156-gztn4,e9179e29-a3d1-4e7e-b6c2-e53aafccf138,3,1641.036335
2026/02/05/10:39:16,running-time,rs-000156-gztn4,e9179e29-a3d1-4e7e-b6c2-e53aafccf138,3,1641.036335
2026/02/05/10:39:35,apply-time,rs-000157-5cs5z,53fbb50f-b8e5-4ce4-8604-0c567f6273d9,2,1660.036335
2026/02/05/10:39:35,running-time,rs-000157-5cs5z,53fbb50f-b8e5-4ce4-8604-0c567f6273d9,2,1660.036335
2026/02/05/10:39:35,apply-time,rs-000157-bb6h9,ad5ea901-06af-4269-80a3-1c3630f52459,2,1660.036335
2026/02/05/10:39:35,running-time,rs-000157-bb6h9,ad5ea901-06af-4269-80a3-1c3630f52459,2,1660.036335
2026/02/05/10:39:35,apply-time,rs-000158-4wd7h,4e2fd541-616a-44be-a32b-19b924e4b719,2,1660.036335
2026/02/05/10:39:35,apply-time,rs-000158-jjz6s,faba3c0e-4c1a-4e46-9307-fbc5bbaece37,2,1660.036335
2026/02/05/10:39:38,apply-time,rs-000159-nhqsw,43336544-0a2e-4a69-acb9-0e5fcdceb98a,1,1663.036335
2026/02/05/10:39:42,apply-time,rs-000160-4szpx,1287e00e-ac70-4ddf-9353-747e8ceb3c6c,3,1666.036335
2026/02/05/10:39:42,running-time,rs-000160-4szpx,1287e00e-ac70-4ddf-9353-747e8ceb3c6c,3,1666.036335
2026/02/05/10:40:10,apply-time,rs-000139-q7jv7,4bda4d9d-0f22-4687-bdaf-a1bff8fcaae0,1,1695.036335
2026/02/05/10:40:10,running-time,rs-000139-q7jv7,4bda4d9d-0f22-4687-bdaf-a1bff8fcaae0,1,1695.036335
2026/02/05/10:40:10,running-time,rs-000158-4wd7h,4e2fd541-616a-44be-a32b-19b924e4b719,2,1695.036335
2026/02/05/10:40:10,running-time,rs-000158-jjz6s,faba3c0e-4c1a-4e46-9307-fbc5bbaece37,2,1695.036335
2026/02/05/10:40:58,apply-time,rs-000161-92zqs,6a6363f4-e32b-4e18-904a-e8c346269c1a,3,1743.036335
2026/02/05/10:40:58,running-time,rs-000161-92zqs,6a6363f4-e32b-4e18-904a-e8c346269c1a,3,1743.036335
2026/02/05/10:41:09,apply-time,rs-000162-b5b2w,1fb133f8-cb18-4e28-9b7e-e6666e857e6d,3,1754.036335
2026/02/05/10:41:09,running-time,rs-000162-b5b2w,1fb133f8-cb18-4e28-9b7e-e6666e857e6d,3,1754.036335
2026/02/05/10:41:09,apply-time,rs-000162-nqdfk,61f8c6c9-a9e3-44c8-9042-6d6302147b2b,3,1754.036335
2026/02/05/10:41:09,running-time,rs-000162-nqdfk,61f8c6c9-a9e3-44c8-9042-6d6302147b2b,3,1754.036335
2026/02/05/10:41:09,apply-time,rs-000163-b74cq,800ff25e-d160-4b93-b3b1-b78be37b786e,1,1754.036335
2026/02/05/10:41:09,running-time,rs-000163-b74cq,800ff25e-d160-4b93-b3b1-b78be37b786e,1,1754.036335
2026/02/05/10:41:09,apply-time,rs-000163-pqx7m,5e2fac4d-c4aa-4b98-8079-d0c0841851b7,1,1754.036335
2026/02/05/10:41:09,running-time,rs-000163-pqx7m,5e2fac4d-c4aa-4b98-8079-d0c0841851b7,1,1754.036335
2026/02/05/10:41:09,apply-time,rs-000164-hq76v,756ba55b-8069-4f15-8b50-8db2951def67,3,1754.036335
2026/02/05/10:41:09,running-time,rs-000164-hq76v,756ba55b-8069-4f15-8b50-8db2951def67,3,1754.036335
2026/02/05/10:41:09,apply-time,rs-000164-qpqnz,39a8f788-a995-4d1e-a07b-94de28239adf,3,1754.036335
2026/02/05/10:41:09,apply-time,rs-000164-x7gsc,53c9d84d-462c-4ba0-9380-2c092af8e89b,3,1754.036335
2026/02/05/10:41:32,apply-time,rs-000165-dw7lv,8444835f-63a4-4887-9422-56df9465593a,2,1777.036335
2026/02/05/10:41:32,running-time,rs-000165-dw7lv,8444835f-63a4-4887-9422-56df9465593a,2,1777.036335
2026/02/05/10:41:32,apply-time,rs-000166-89x4s,61a3179d-125a-4799-a29f-37235da66875,1,1777.036335
2026/02/05/10:41:32,apply-time,rs-000166-bmdnb,c5da92fb-a0fe-44e8-b125-c90bc6ebb030,1,1777.036335
2026/02/05/10:41:32,apply-time,rs-000166-vjjh2,a90de798-5602-443b-8563-0f1f43395c82,1,1777.036335
2026/02/05/10:41:32,running-time,rs-000166-vjjh2,a90de798-5602-443b-8563-0f1f43395c82,1,1777.036335
2026/02/05/10:41:32,apply-time,rs-000167-5lbzr,015fa385-fa48-4eae-a7b7-3908e2a68058,1,1777.036335
2026/02/05/10:41:39,running-time,rs-000164-x7gsc,53c9d84d-462c-4ba0-9380-2c092af8e89b,3,1784.036335
2026/02/05/10:41:39,running-time,rs-000166-89x4s,61a3179d-125a-4799-a29f-37235da66875,1,1784.036335
2026/02/05/10:41:39,running-time,rs-000166-bmdnb,c5da92fb-a0fe-44e8-b125-c90bc6ebb030,1,1784.036335
2026/02/05/10:41:42,running-time,rs-000164-qpqnz,39a8f788-a995-4d1e-a07b-94de28239adf,3,1787.036335
2026/02/05/10:43:28,apply-time,rs-000168-9bzhp,6ab2cb73-0d0a-4c06-b29c-10349e3c582f,1,1893.036335
2026/02/05/10:43:28,apply-time,rs-000168-m9b5b,841b6fc4-8060-4182-9b55-fc716e2bc064,1,1893.036335
2026/02/05/10:43:28,apply-time,rs-000169-72jgx,7352ddc8-75ce-4891-b50a-cde944c8f5d9,2,1893.036335
2026/02/05/10:43:28,running-time,rs-000169-72jgx,7352ddc8-75ce-4891-b50a-cde944c8f5d9,2,1893.036335
2026/02/05/10:43:28,apply-time,rs-000169-wb6x5,e091dc33-bbc5-42e0-b6c7-44c5c08138f4,2,1893.036335
2026/02/05/10:43:28,running-time,rs-000169-wb6x5,e091dc33-bbc5-42e0-b6c7-44c5c08138f4,2,1894.036335
2026/02/05/10:43:28,apply-time,rs-000170-hz44z,c42ffa16-d3ed-42ba-8b93-1ed53de6710f,1,1894.036335
2026/02/05/10:43:28,running-time,rs-000170-hz44z,c42ffa16-d3ed-42ba-8b93-1ed53de6710f,1,1894.036335
2026/02/05/10:43:28,apply-time,rs-000170-t4tl7,0948b368-ee5e-4b1d-9e0c-0ad73f987049,1,1894.036335
2026/02/05/10:43:28,running-time,rs-000170-t4tl7,0948b368-ee5e-4b1d-9e0c-0ad73f987049,1,1894.036335
2026/02/05/10:43:35,apply-time,rs-000171-cx7mx,2cfb0773-cf8a-44a7-b05c-34e195574aff,4,1900.036335
2026/02/05/10:43:35,apply-time,rs-000171-m6tfb,836afdb8-5e8e-4baf-b29e-f8483de13b43,4,1900.036335
2026/02/05/10:43:35,apply-time,rs-000171-v55nh,0df15ead-d1f1-4d96-914d-39df1bacb4ad,4,1900.036335
2026/02/05/10:43:39,apply-time,rs-000172-ks5d6,ab2943d3-707f-4ab3-b233-2d7fdc03f2b8,3,1904.036335
2026/02/05/10:43:39,running-time,rs-000172-ks5d6,ab2943d3-707f-4ab3-b233-2d7fdc03f2b8,3,1904.036335
2026/02/05/10:43:39,apply-time,rs-000172-vslf4,1bf08aa4-b979-44fd-b2a9-66aab39011a8,3,1904.036335
2026/02/05/10:43:39,running-time,rs-000172-vslf4,1bf08aa4-b979-44fd-b2a9-66aab39011a8,3,1904.036335
2026/02/05/10:43:42,apply-time,rs-000173-ns7m5,cbb3ede7-2f3c-47c3-8335-313204adf2dc,4,1907.036335
2026/02/05/10:43:42,running-time,rs-000173-ns7m5,cbb3ede7-2f3c-47c3-8335-313204adf2dc,4,1907.036335
2026/02/05/10:43:42,apply-time,rs-000174-j4w6k,d164a392-5c9f-4fdf-b0eb-56bedef85ecf,1,1907.036335
2026/02/05/10:43:42,apply-time,rs-000174-lv8dj,9fe3640a-3090-49d3-beab-b598c6031b38,1,1907.036335
2026/02/05/10:44:35,running-time,rs-000171-cx7mx,2cfb0773-cf8a-44a7-b05c-34e195574aff,4,1959.036335
2026/02/05/10:44:35,running-time,rs-000171-m6tfb,836afdb8-5e8e-4baf-b29e-f8483de13b43,4,1959.036335
2026/02/05/10:44:35,running-time,rs-000171-v55nh,0df15ead-d1f1-4d96-914d-39df1bacb4ad,4,1959.036335
2026/02/05/10:44:56,apply-time,rs-000175-9k24h,664abb0d-b0f8-4229-a0d5-17fc261294eb,4,1980.036335
2026/02/05/10:44:56,apply-time,rs-000175-gjgjb,439feefe-d8f7-4724-937d-d20a44b7ab2f,4,1980.036335
2026/02/05/10:44:56,running-time,rs-000175-gjgjb,439feefe-d8f7-4724-937d-d20a44b7ab2f,4,1980.036335
2026/02/05/10:44:56,apply-time,rs-000175-jzjp9,d14f5966-c44b-4239-9c66-4b1cee016f52,4,1980.036335
2026/02/05/10:44:56,running-time,rs-000175-jzjp9,d14f5966-c44b-4239-9c66-4b1cee016f52,4,1980.036335
2026/02/05/10:45:19,apply-time,rs-000176-955tz,d793c96d-509b-402f-8692-270087e0b9e7,2,2003.036335
2026/02/05/10:45:19,apply-time,rs-000176-wjhqg,2e976472-dcb2-420d-bcf2-568f4fa46309,2,2003.036335
2026/02/05/10:45:19,apply-time,rs-000177-dtpxm,8757691e-4290-4311-8b9d-6f28cae93c85,2,2003.036335
2026/02/05/10:45:19,running-time,rs-000177-dtpxm,8757691e-4290-4311-8b9d-6f28cae93c85,2,2003.036335
2026/02/05/10:45:19,apply-time,rs-000178-lj5jh,f1bee52d-b40f-4141-a072-cd901a4f6f95,2,2003.036335
2026/02/05/10:45:19,apply-time,rs-000179-tv2v4,4930fa03-dfb2-45cb-b7c0-2d1b120c64ff,3,2003.036335
2026/02/05/10:45:19,running-time,rs-000179-tv2v4,4930fa03-dfb2-45cb-b7c0-2d1b120c64ff,3,2003.036335
2026/02/05/10:45:19,apply-time,rs-000180-j79l8,cd35c626-bc05-4783-a3ed-a90736c99831,4,2003.036335
2026/02/05/10:45:19,running-time,rs-000180-j79l8,cd35c626-bc05-4783-a3ed-a90736c99831,4,2003.036335
2026/02/05/10:48:17,apply-time,rs-000181-vrwj6,3bd763af-da27-4c49-a4f8-9fc245ca12c5,3,2181.036335
2026/02/05/10:48:17,running-time,rs-000181-vrwj6,3bd763af-da27-4c49-a4f8-9fc245ca12c5,3,2181.036335
2026/02/05/10:48:17,apply-time,rs-000182-5vdlx,4f5a5195-7f9f-4d17-ba5d-e923d3074846,3,2181.036335
2026/02/05/10:48:17,running-time,rs-000182-5vdlx,4f5a5195-7f9f-4d17-ba5d-e923d3074846,3,2181.036335
2026/02/05/10:48:17,apply-time,rs-000182-l68tg,bf40d663-f8e6-4575-af0e-026c12416646,3,2181.036335
2026/02/05/10:48:17,running-time,rs-000182-l68tg,bf40d663-f8e6-4575-af0e-026c12416646,3,2181.036335
2026/02/05/10:48:17,apply-time,rs-000182-q66bz,1daaa6a0-0ebf-4c83-850b-4567b2f6d020,3,2181.036335
2026/02/05/10:48:17,running-time,rs-000182-q66bz,1daaa6a0-0ebf-4c83-850b-4567b2f6d020,3,2181.036335
2026/02/05/10:48:32,apply-time,rs-000183-n2hjs,a4ce6408-094f-4d3c-a796-5638924be233,2,2197.036335
2026/02/05/10:48:32,running-time,rs-000183-n2hjs,a4ce6408-094f-4d3c-a796-5638924be233,2,2197.036335
2026/02/05/10:48:32,apply-time,rs-000184-74pmc,9662951d-8827-43b3-bd6e-e0a9ab91a12b,3,2197.036335
2026/02/05/10:48:32,running-time,rs-000184-74pmc,9662951d-8827-43b3-bd6e-e0a9ab91a12b,3,2197.036335
2026/02/05/10:48:32,apply-time,rs-000185-kkjbw,ee353ecc-a98a-4e50-ac7d-8a220fbc91ce,2,2197.036335
2026/02/05/10:48:32,running-time,rs-000185-kkjbw,ee353ecc-a98a-4e50-ac7d-8a220fbc91ce,2,2197.036335
2026/02/05/10:48:32,apply-time,rs-000185-l9p27,98cf7e46-0287-4d0d-98d5-ce129e30410f,2,2197.036335
2026/02/05/10:48:32,running-time,rs-000185-l9p27,98cf7e46-0287-4d0d-98d5-ce129e30410f,2,2197.036335
2026/02/05/10:50:29,apply-time,rs-000186-6lbp5,2bf5d514-5049-418b-8f1b-f77ce505ae84,2,2313.036335
2026/02/05/10:50:29,running-time,rs-000186-6lbp5,2bf5d514-5049-418b-8f1b-f77ce505ae84,2,2314.036335
2026/02/05/10:50:35,apply-time,rs-000187-xklvc,9f880634-297b-4996-8bf3-42040a0df3c0,1,2319.036335
2026/02/05/10:50:35,running-time,rs-000187-xklvc,9f880634-297b-4996-8bf3-42040a0df3c0,1,2319.036335
2026/02/05/10:50:35,apply-time,rs-000188-6jjl5,cbf1ef9a-ac5b-478e-8b75-5a261f1cf36f,1,2319.036335
2026/02/05/10:50:35,running-time,rs-000188-6jjl5,cbf1ef9a-ac5b-478e-8b75-5a261f1cf36f,1,2319.036335
2026/02/05/10:50:35,apply-time,rs-000189-7nk4s,32c2fb28-9f9c-4698-ab6f-413095fd3ff8,2,2319.036335
2026/02/05/10:50:35,running-time,rs-000189-7nk4s,32c2fb28-9f9c-4698-ab6f-413095fd3ff8,2,2319.036335
2026/02/05/10:50:35,apply-time,rs-000189-t2lr6,64c35b56-8179-4248-b752-daa72cb626ab,2,2319.036335
2026/02/05/10:50:35,running-time,rs-000189-t2lr6,64c35b56-8179-4248-b752-daa72cb626ab,2,2319.036335
2026/02/05/10:50:36,apply-time,rs-000190-9blnw,b880107b-73a2-47a2-ae59-4be5c25f61c6,1,2321.036335
2026/02/05/10:50:36,running-time,rs-000190-9blnw,b880107b-73a2-47a2-ae59-4be5c25f61c6,1,2321.036335
2026/02/05/10:50:36,apply-time,rs-000190-k6vrz,8332610e-49c3-4440-9d09-7c1456436b6c,1,2321.036335
2026/02/05/10:50:36,running-time,rs-000190-k6vrz,8332610e-49c3-4440-9d09-7c1456436b6c,1,2321.036335
2026/02/05/10:54:23,apply-time,rs-000191-hbx9q,c316e917-d95c-4545-b421-7481d5ad5c98,1,2548.036335
2026/02/05/10:54:23,running-time,rs-000191-hbx9q,c316e917-d95c-4545-b421-7481d5ad5c98,1,2548.036335
2026/02/05/10:54:23,apply-time,rs-000192-br2n5,6ff20ab1-19e8-48ed-8245-2093453eb3bd,4,2548.036335
2026/02/05/10:54:23,running-time,rs-000192-br2n5,6ff20ab1-19e8-48ed-8245-2093453eb3bd,4,2548.036335
2026/02/05/10:54:24,apply-time,rs-000193-flpfg,77819db5-504e-451d-bb2e-68f7f98ec955,1,2548.036335
2026/02/05/10:54:24,running-time,rs-000193-flpfg,77819db5-504e-451d-bb2e-68f7f98ec955,1,2548.036335
2026/02/05/10:54:24,apply-time,rs-000193-z9vsm,4a6dd0e5-1e13-43db-8699-312dd0a7dcaf,1,2548.036335
2026/02/05/10:54:24,running-time,rs-000193-z9vsm,4a6dd0e5-1e13-43db-8699-312dd0a7dcaf,1,2548.036335
2026/02/05/10:54:47,apply-time,rs-000194-8jr4w,98f40bb0-1e22-4783-9690-f5fe75dc329b,3,2571.036335
2026/02/05/10:54:47,running-time,rs-000194-8jr4w,98f40bb0-1e22-4783-9690-f5fe75dc329b,3,2571.036335
2026/02/05/10:54:47,apply-time,rs-000194-ngmfp,ba113dc3-5d93-4895-93a7-5fdf54b7bc82,3,2571.036335
2026/02/05/10:54:47,running-time,rs-000194-ngmfp,ba113dc3-5d93-4895-93a7-5fdf54b7bc82,3,2571.036335
2026/02/05/10:54:47,apply-time,rs-000194-rtsw2,ae7429b8-5217-488a-a623-7da4bad2f884,3,2571.036335
2026/02/05/10:54:47,running-time,rs-000194-rtsw2,ae7429b8-5217-488a-a623-7da4bad2f884,3,2571.036335
2026/02/05/10:54:47,apply-time,rs-000195-btrc4,c0c15705-4aed-494c-907a-d34e6358530d,3,2571.036335
2026/02/05/10:54:47,running-time,rs-000195-btrc4,c0c15705-4aed-494c-907a-d34e6358530d,3,2571.036335
2026/02/05/10:54:47,apply-time,rs-000195-lttxh,5e7bf40a-8e63-4e18-8eff-cbef76ee8e58,3,2571.036335
2026/02/05/10:54:47,running-time,rs-000195-lttxh,5e7bf40a-8e63-4e18-8eff-cbef76ee8e58,3,2571.036335
2026/02/05/10:55:39,apply-time,rs-000196-9gtnr,7399f69d-3070-4d6b-83b5-2634a51ce17a,3,2624.036335
2026/02/05/10:55:39,apply-time,rs-000197-n4rdc,b9882be7-dd0f-4fe9-9570-77debd2c765d,2,2624.036335
2026/02/05/10:55:39,running-time,rs-000197-n4rdc,b9882be7-dd0f-4fe9-9570-77debd2c765d,2,2624.036335
2026/02/05/10:55:39,apply-time,rs-000197-q9rck,3d1d3869-6e46-45f9-96f2-70a2f6a16988,2,2624.036335
2026/02/05/10:55:39,running-time,rs-000197-q9rck,3d1d3869-6e46-45f9-96f2-70a2f6a16988,2,2624.036335
2026/02/05/10:55:41,apply-time,rs-000198-25kjx,edc53821-6c3d-4e9a-9de4-92a5732afc74,2,2626.036335
2026/02/05/10:55:41,running-time,rs-000198-25kjx,edc53821-6c3d-4e9a-9de4-92a5732afc74,2,2626.036335
2026/02/05/10:55:41,apply-time,rs-000199-kdkv5,5f3ac12b-77df-4d2d-9f12-59ec578b142d,2,2626.036335
2026/02/05/10:55:41,running-time,rs-000199-kdkv5,5f3ac12b-77df-4d2d-9f12-59ec578b142d,2,2626.036335
2026/02/05/10:55:41,apply-time,rs-000199-xgx9l,339c2cad-cf83-448b-a3bd-9079963e4527,2,2626.036335
2026/02/05/10:55:41,running-time,rs-000199-xgx9l,339c2cad-cf83-448b-a3bd-9079963e4527,2,2626.036335
2026/02/05/10:55:41,apply-time,rs-000200-8gfr6,aa4d7033-07bd-4856-b51a-39094aed413e,3,2626.036335
2026/02/05/10:55:41,apply-time,rs-000201-ftpfx,a00f1489-1ce9-4ea4-b49f-012a50ff491d,3,2626.036335
2026/02/05/10:55:41,running-time,rs-000201-ftpfx,a00f1489-1ce9-4ea4-b49f-012a50ff491d,3,2626.036335
2026/02/05/10:55:48,running-time,rs-000200-8gfr6,aa4d7033-07bd-4856-b51a-39094aed413e,3,2633.036335
2026/02/05/10:56:12,apply-time,rs-000202-6srq6,28150cef-0865-40ce-bfbc-89a99dcfc2e8,4,2656.036335
2026/02/05/10:56:12,running-time,rs-000202-6srq6,28150cef-0865-40ce-bfbc-89a99dcfc2e8,4,2656.036335
2026/02/05/10:56:12,apply-time,rs-000202-ln8tv,28ecbe2c-ef1d-4001-844d-0b9ed7181cca,4,2656.036335
2026/02/05/10:56:12,running-time,rs-000202-ln8tv,28ecbe2c-ef1d-4001-844d-0b9ed7181cca,4,2656.036335
2026/02/05/10:56:12,apply-time,rs-000203-587wg,79c8668b-16ec-4a04-8ef1-a2a0822a8869,2,2656.036335
2026/02/05/10:56:12,running-time,rs-000203-587wg,79c8668b-16ec-4a04-8ef1-a2a0822a8869,2,2656.036335
2026/02/05/10:56:12,apply-time,rs-000204-cc2gt,4f5e637c-9f50-4599-b075-580f525adbd8,2,2656.036335
2026/02/05/10:56:12,running-time,rs-000204-cc2gt,4f5e637c-9f50-4599-b075-580f525adbd8,2,2656.036335
2026/02/05/10:56:12,apply-time,rs-000204-hc5l7,b9b9cba7-9744-4702-a1ab-04f3a729def0,2,2656.036335
2026/02/05/10:56:12,running-time,rs-000204-hc5l7,b9b9cba7-9744-4702-a1ab-04f3a729def0,2,2656.036335
2026/02/05/10:56:35,apply-time,rs-000205-qst2j,8541ebde-0bb3-44a2-a7e4-5a1dc8dae5a9,4,2680.036335
2026/02/05/10:56:35,apply-time,rs-000205-vzw5d,5abd1d8f-47ff-4077-93c8-da604d443d22,4,2680.036335
2026/02/05/10:56:35,apply-time,rs-000206-4rlqm,532fba43-e55f-4f57-ac2f-54778e791ea1,3,2680.036335
2026/02/05/10:56:35,apply-time,rs-000206-px6dx,2f3913fa-f88d-44eb-9b65-dabde3db219f,3,2680.036335
2026/02/05/10:56:35,apply-time,rs-000207-rb2w7,d8334e71-a398-4ced-a2ca-b327c111b5d4,2,2680.036335
2026/02/05/10:56:35,running-time,rs-000207-rb2w7,d8334e71-a398-4ced-a2ca-b327c111b5d4,2,2680.036335
2026/02/05/10:56:37,apply-time,rs-000208-gvq5c,4dcf04ae-7f68-46b0-8dcf-d2b2cbd7e04d,2,2681.036335
2026/02/05/10:56:37,running-time,rs-000208-gvq5c,4dcf04ae-7f68-46b0-8dcf-d2b2cbd7e04d,2,2681.036335
2026/02/05/10:56:37,apply-time,rs-000209-ktd7f,36b15972-c780-4263-b248-01a59c2b0c1e,3,2681.036335
2026/02/05/10:56:37,running-time,rs-000209-ktd7f,36b15972-c780-4263-b248-01a59c2b0c1e,3,2681.036335
2026/02/05/10:56:37,apply-time,rs-000209-p54hj,3bac4ee7-ab9d-4900-93a9-2b36b18a9851,3,2681.036335
2026/02/05/10:56:37,running-time,rs-000209-p54hj,3bac4ee7-ab9d-4900-93a9-2b36b18a9851,3,2681.036335
2026/02/05/10:56:42,running-time,rs-000205-vzw5d,5abd1d8f-47ff-4077-93c8-da604d443d22,4,2687.036335
2026/02/05/10:56:46,apply-time,rs-000210-bs8wp,05926733-790c-48fb-ac55-cbbb82dcc334,2,2691.036335
2026/02/05/10:56:46,running-time,rs-000210-bs8wp,05926733-790c-48fb-ac55-cbbb82dcc334,2,2691.036335
2026/02/05/10:56:46,apply-time,rs-000210-svqk5,276995c2-4e6c-4d9f-b166-ca07353ca0dd,2,2691.036335
2026/02/05/10:56:46,running-time,rs-000210-svqk5,276995c2-4e6c-4d9f-b166-ca07353ca0dd,2,2691.036335
2026/02/05/10:57:41,running-time,rs-000205-qst2j,8541ebde-0bb3-44a2-a7e4-5a1dc8dae5a9,4,2746.036335
2026/02/05/10:57:41,running-time,rs-000206-4rlqm,532fba43-e55f-4f57-ac2f-54778e791ea1,3,2746.036335
2026/02/05/10:57:41,running-time,rs-000206-px6dx,2f3913fa-f88d-44eb-9b65-dabde3db219f,3,2746.036335
2026/02/05/10:59:12,apply-time,rs-000211-6scgr,11a43008-c759-4bd3-98c0-8723bc6adba3,1,2837.036335
2026/02/05/10:59:12,running-time,rs-000211-6scgr,11a43008-c759-4bd3-98c0-8723bc6adba3,1,2837.036335
2026/02/05/10:59:12,apply-time,rs-000211-jpv8n,77e7b298-82c2-43e4-b4b0-99682754168c,1,2837.036335
2026/02/05/10:59:12,running-time,rs-000211-jpv8n,77e7b298-82c2-43e4-b4b0-99682754168c,1,2837.036335
2026/02/05/10:59:12,apply-time,rs-000211-zld7h,371ba0b8-4fe8-4fa8-9dea-0dfd7dbdc85e,1,2837.036335
2026/02/05/10:59:12,running-time,rs-000211-zld7h,371ba0b8-4fe8-4fa8-9dea-0dfd7dbdc85e,1,2837.036335
2026/02/05/10:59:12,apply-time,rs-000212-4lscl,f9b0a1c2-8c3f-41c7-b57c-a5057effbfb6,3,2837.036335
2026/02/05/11:01:01,apply-time,rs-000213-9dffd,d75ec0ed-62a2-4f56-97be-e53d7705f59c,4,2945.036335
2026/02/05/11:01:01,running-time,rs-000213-9dffd,d75ec0ed-62a2-4f56-97be-e53d7705f59c,4,2945.036335
2026/02/05/11:01:49,apply-time,rs-000214-79sqq,7664052e-c8c6-4da3-a8ff-e8d9d3968612,1,2993.036335
2026/02/05/11:01:49,running-time,rs-000214-79sqq,7664052e-c8c6-4da3-a8ff-e8d9d3968612,1,2993.036335
2026/02/05/11:01:49,apply-time,rs-000214-9st44,fe1926dd-7b68-4d0f-8e66-ffb76c818396,1,2993.036335
2026/02/05/11:01:49,running-time,rs-000214-9st44,fe1926dd-7b68-4d0f-8e66-ffb76c818396,1,2993.036335
2026/02/05/11:01:49,apply-time,rs-000214-ch6jp,079c1310-d8ff-4bae-87ca-b427e35b0e9d,1,2993.036335
2026/02/05/11:01:49,running-time,rs-000214-ch6jp,079c1310-d8ff-4bae-87ca-b427e35b0e9d,1,2993.036335
2026/02/05/11:01:49,apply-time,rs-000215-6hthq,8970de73-d2c1-4e8e-ab97-c9a99f7b8456,3,2993.036335
2026/02/05/11:01:49,running-time,rs-000215-6hthq,8970de73-d2c1-4e8e-ab97-c9a99f7b8456,3,2993.036335
2026/02/05/11:01:49,apply-time,rs-000216-6jbp8,3db6877d-e80f-4259-a7eb-02c3c6daa2f7,1,2993.036335
2026/02/05/11:01:49,running-time,rs-000216-6jbp8,3db6877d-e80f-4259-a7eb-02c3c6daa2f7,1,2993.036335
2026/02/05/11:01:49,apply-time,rs-000216-fpxsx,87ecaa3d-a54f-4539-986c-2e8cc9f2306b,1,2993.036335
2026/02/05/11:01:49,running-time,rs-000216-fpxsx,87ecaa3d-a54f-4539-986c-2e8cc9f2306b,1,2993.036335
2026/02/05/11:01:49,apply-time,rs-000216-zlncq,5a7eb321-10d6-4a0c-996d-21b30e7374da,1,2993.036335
2026/02/05/11:01:49,running-time,rs-000216-zlncq,5a7eb321-10d6-4a0c-996d-21b30e7374da,1,2993.036335
2026/02/05/11:01:49,apply-time,rs-000217-fqf8d,8f24275c-6892-424e-8b0d-a676339c1464,1,2993.036335
2026/02/05/11:01:49,running-time,rs-000217-fqf8d,8f24275c-6892-424e-8b0d-a676339c1464,1,2993.036335
2026/02/05/11:01:56,apply-time,rs-000218-t9p4p,c23532b3-a939-4db6-9e7e-50d44511ce11,2,3000.036335
2026/02/05/11:01:56,running-time,rs-000218-t9p4p,c23532b3-a939-4db6-9e7e-50d44511ce11,2,3000.036335
2026/02/05/11:01:56,apply-time,rs-000219-6gh72,81928c4e-738a-4769-b75e-878772538528,4,3000.036335
2026/02/05/11:01:56,apply-time,rs-000219-s54fj,e2e3f4de-0d2b-4da7-8ee3-de3c9e853ff8,4,3000.036335
2026/02/05/11:01:56,apply-time,rs-000220-kmb27,1f85220d-f152-43c0-a732-987b573342f5,1,3000.036335
2026/02/05/11:01:56,running-time,rs-000220-kmb27,1f85220d-f152-43c0-a732-987b573342f5,1,3000.036335
2026/02/05/11:01:56,apply-time,rs-000220-lgwqh,89c3767a-d42a-44bc-9cc1-1d123aa38b6e,1,3000.036335
2026/02/05/11:01:56,running-time,rs-000220-lgwqh,89c3767a-d42a-44bc-9cc1-1d123aa38b6e,1,3000.036335
2026/02/05/11:01:57,running-time,rs-000219-6gh72,81928c4e-738a-4769-b75e-878772538528,4,3001.036335
2026/02/05/11:02:00,apply-time,rs-000221-5tlzp,544015f5-acbb-4d6d-a84b-0238c71a41dd,3,3004.036335
2026/02/05/11:02:00,apply-time,rs-000221-754ml,bc5518bb-9370-4e77-96fa-0e47961ee7a3,3,3004.036335
2026/02/05/11:02:00,apply-time,rs-000221-nckcg,6384b838-c494-4cb4-a161-472444477070,3,3004.036335
2026/02/05/11:02:00,apply-time,rs-000222-nkkh2,72ce7477-5d45-4510-b651-2ec7d3eba7b7,3,3004.036335
2026/02/05/11:02:00,running-time,rs-000222-nkkh2,72ce7477-5d45-4510-b651-2ec7d3eba7b7,3,3004.036335
2026/02/05/11:02:00,apply-time,rs-000223-jf4q8,51d7649b-dfb4-4cdd-a820-73f64daed8c9,2,3004.036335
2026/02/05/11:02:00,apply-time,rs-000224-nfsbq,0b671eee-7338-4280-b9a8-d6dcad158a7c,3,3004.036335
2026/02/05/11:02:00,running-time,rs-000224-nfsbq,0b671eee-7338-4280-b9a8-d6dcad158a7c,3,3004.036335
2026/02/05/11:02:00,apply-time,rs-000225-vv74k,2691af7e-4a4b-4b08-b16e-f7f162283ecc,1,3004.036335
2026/02/05/11:02:00,running-time,rs-000225-vv74k,2691af7e-4a4b-4b08-b16e-f7f162283ecc,1,3004.036335
2026/02/05/11:02:00,apply-time,rs-000225-zdj7w,93d2b854-37aa-4cbe-a2d1-7c6940b6e953,1,3004.036335
2026/02/05/11:02:00,running-time,rs-000225-zdj7w,93d2b854-37aa-4cbe-a2d1-7c6940b6e953,1,3004.036335
2026/02/05/11:02:00,apply-time,rs-000226-g67dn,2df4dcba-b6b5-494c-b2e7-d8a8759bb530,2,3004.036335
2026/02/05/11:02:00,apply-time,rs-000227-9d8kl,08d138b1-0b2e-4a2a-bd93-61cebca2bb9d,4,3005.036335
2026/02/05/11:02:00,running-time,rs-000227-9d8kl,08d138b1-0b2e-4a2a-bd93-61cebca2bb9d,4,3005.036335
2026/02/05/11:02:00,apply-time,rs-000227-brmxl,e4aa615e-3c27-4816-a8f7-7bbdff8c9795,4,3005.036335
2026/02/05/11:02:00,running-time,rs-000227-brmxl,e4aa615e-3c27-4816-a8f7-7bbdff8c9795,4,3005.036335
2026/02/05/11:02:00,apply-time,rs-000227-fl9w5,ea2bb6d7-03ae-403f-b2fe-b8b5a9af3db4,4,3005.036335
2026/02/05/11:02:00,running-time,rs-000227-fl9w5,ea2bb6d7-03ae-403f-b2fe-b8b5a9af3db4,4,3005.036335
2026/02/05/11:02:39,running-time,rs-000219-s54fj,e2e3f4de-0d2b-4da7-8ee3-de3c9e853ff8,4,3044.036335
2026/02/05/11:04:04,apply-time,rs-000228-h6l7g,0d5faf42-0f72-41fe-9afe-52a01591e894,2,3130.036335
2026/02/05/11:04:04,running-time,rs-000228-h6l7g,0d5faf42-0f72-41fe-9afe-52a01591e894,2,3130.036335
2026/02/05/11:04:04,apply-time,rs-000229-spz7b,655f0a2e-d52e-4a47-9a0f-46440a7a8903,4,3130.036335
2026/02/05/11:04:04,running-time,rs-000229-spz7b,655f0a2e-d52e-4a47-9a0f-46440a7a8903,4,3130.036335
2026/02/05/11:04:04,apply-time,rs-000229-w28zz,d1c99dd4-c6dd-4a0e-b46e-3da71e7b8195,4,3130.036335
2026/02/05/11:04:04,apply-time,rs-000230-ltqcl,501f79a9-9483-4390-b953-095d531efe14,1,3130.036335
2026/02/05/11:04:04,running-time,rs-000230-ltqcl,501f79a9-9483-4390-b953-095d531efe14,1,3130.036335
2026/02/05/11:04:04,apply-time,rs-000230-mcg6k,aa39497c-4ad4-46b0-a262-a6ee6d6cfb58,1,3130.036335
2026/02/05/11:04:04,running-time,rs-000230-mcg6k,aa39497c-4ad4-46b0-a262-a6ee6d6cfb58,1,3130.036335
2026/02/05/11:04:04,apply-time,rs-000231-fn8xk,a50b8757-994c-4f3b-94fc-9ce3cafbb66e,1,3130.036335
2026/02/05/11:04:04,running-time,rs-000231-fn8xk,a50b8757-994c-4f3b-94fc-9ce3cafbb66e,1,3130.036335
2026/02/05/11:04:04,apply-time,rs-000232-hjgtx,cea349fc-c725-4e31-a45e-0b7237efae8a,2,3130.036335
2026/02/05/11:04:04,apply-time,rs-000232-qqxjs,91a263df-76bd-4504-8143-2496de104ea4,2,3130.036335
2026/02/05/11:04:04,apply-time,rs-000232-qzhxx,80ca9dfd-35c8-4dda-83b1-4264320eed90,2,3130.036335
2026/02/05/11:04:06,running-time,rs-000232-qzhxx,80ca9dfd-35c8-4dda-83b1-4264320eed90,2,3131.036335
2026/02/05/11:04:13,running-time,rs-000232-hjgtx,cea349fc-c725-4e31-a45e-0b7237efae8a,2,3137.036335
2026/02/05/11:04:13,running-time,rs-000232-qqxjs,91a263df-76bd-4504-8143-2496de104ea4,2,3137.036335
2026/02/05/11:04:18,apply-time,rs-000233-d6fw7,50f45e4f-d3e9-43d1-83ee-cb14ad9a4233,1,3142.036335
2026/02/05/11:04:18,running-time,rs-000233-d6fw7,50f45e4f-d3e9-43d1-83ee-cb14ad9a4233,1,3142.036335
2026/02/05/11:04:19,apply-time,rs-000234-8vqmq,2327c48d-d6d8-4929-b04c-2464dbc30240,4,3143.036335
2026/02/05/11:04:19,running-time,rs-000234-8vqmq,2327c48d-d6d8-4929-b04c-2464dbc30240,4,3143.036335
2026/02/05/11:05:55,apply-time,rs-000235-498cm,8dfc7f51-93d7-4d16-846f-4e7792867401,2,3239.036335
2026/02/05/11:05:55,running-time,rs-000235-498cm,8dfc7f51-93d7-4d16-846f-4e7792867401,2,3239.036335
2026/02/05/11:06:00,apply-time,rs-000236-jhwgm,266ba93b-04ea-41a3-af57-ec6e1cc9d649,3,3245.036335
2026/02/05/11:06:00,running-time,rs-000236-jhwgm,266ba93b-04ea-41a3-af57-ec6e1cc9d649,3,3245.036335
2026/02/05/11:06:04,apply-time,rs-000237-w4j4q,137fc0b0-6449-4199-aa94-4206cc23f8b0,2,3249.036335
2026/02/05/11:06:04,running-time,rs-000237-w4j4q,137fc0b0-6449-4199-aa94-4206cc23f8b0,2,3249.036335
2026/02/05/11:06:04,apply-time,rs-000238-6sfkl,f1b3b109-12a7-4198-8653-5fd2922a44ed,1,3249.036335
2026/02/05/11:06:04,running-time,rs-000238-6sfkl,f1b3b109-12a7-4198-8653-5fd2922a44ed,1,3249.036335
2026/02/05/11:06:04,apply-time,rs-000238-b77tm,4537fbbf-5d5b-4498-b0cc-86f79c010a46,1,3249.036335
2026/02/05/11:06:04,apply-time,rs-000239-q54bq,27fb2344-51be-4bbf-80f2-b5d0d3cd65a5,1,3249.036335
2026/02/05/11:06:04,running-time,rs-000239-q54bq,27fb2344-51be-4bbf-80f2-b5d0d3cd65a5,1,3249.036335
2026/02/05/11:06:04,apply-time,rs-000240-7r4jw,d003fd77-d300-4acf-a581-a049c2d0a20d,1,3249.036335
2026/02/05/11:06:04,apply-time,rs-000240-sdgph,6e7dec8d-4b3d-49dd-9ff4-6711a91d7be7,1,3249.036335
2026/02/05/11:06:04,running-time,rs-000240-sdgph,6e7dec8d-4b3d-49dd-9ff4-6711a91d7be7,1,3249.036335
2026/02/05/11:06:04,apply-time,rs-000241-8jj87,2bf30bbb-12d0-417c-8786-11bb6bc18677,1,3249.036335
2026/02/05/11:06:04,running-time,rs-000241-8jj87,2bf30bbb-12d0-417c-8786-11bb6bc18677,1,3249.036335
2026/02/05/11:06:04,apply-time,rs-000241-cwldj,92f8b539-9f0f-4233-bb31-4656a6166230,1,3249.036335
2026/02/05/11:06:04,running-time,rs-000241-cwldj,92f8b539-9f0f-4233-bb31-4656a6166230,1,3249.036335
2026/02/05/11:06:04,apply-time,rs-000241-fvspw,d7940c0b-5f58-4752-b1ae-ca672ae52523,1,3249.036335
2026/02/05/11:06:04,running-time,rs-000241-fvspw,d7940c0b-5f58-4752-b1ae-ca672ae52523,1,3249.036335
2026/02/05/11:06:04,apply-time,rs-000242-l8kl4,60db91fd-2c24-445b-90ac-bc085193d531,1,3249.036335
2026/02/05/11:06:04,apply-time,rs-000242-nnq9n,07c7a70d-6afd-427c-bb05-25d4ffd570a1,1,3249.036335
2026/02/05/11:06:04,apply-time,rs-000242-pwn9w,0f97fe8b-b564-4bfe-bed2-e444815ec20d,1,3249.036335
2026/02/05/11:06:05,apply-time,rs-000243-4dr76,807e6ea2-c60a-450f-b86c-ed911654409b,1,3249.036335
2026/02/05/11:06:05,running-time,rs-000243-4dr76,807e6ea2-c60a-450f-b86c-ed911654409b,1,3249.036335
2026/02/05/11:06:05,apply-time,rs-000243-rgtb2,97674d6f-2d97-4603-8c1e-4966912b13a8,1,3249.036335
2026/02/05/11:06:05,running-time,rs-000243-rgtb2,97674d6f-2d97-4603-8c1e-4966912b13a8,1,3249.036335
2026/02/05/11:06:05,apply-time,rs-000243-zl8m7,6e18bdb0-4707-43d2-a457-902da836b6de,1,3249.036335
2026/02/05/11:06:05,running-time,rs-000243-zl8m7,6e18bdb0-4707-43d2-a457-902da836b6de,1,3249.036335
2026/02/05/11:06:06,apply-time,rs-000244-4947b,5f30aea6-7397-460a-917f-233f42022de5,2,3251.036335
2026/02/05/11:06:06,running-time,rs-000244-4947b,5f30aea6-7397-460a-917f-233f42022de5,2,3251.036335
2026/02/05/11:06:06,apply-time,rs-000244-nf6xq,922d2cc4-f2d7-4a62-862b-06f1a3544089,2,3251.036335
2026/02/05/11:06:06,running-time,rs-000244-nf6xq,922d2cc4-f2d7-4a62-862b-06f1a3544089,2,3251.036335
2026/02/05/11:06:11,apply-time,rs-000245-vk4db,abffd4b8-0c0c-4e54-ac7e-2d4e97a1e97e,1,3255.036335
2026/02/05/11:06:11,running-time,rs-000245-vk4db,abffd4b8-0c0c-4e54-ac7e-2d4e97a1e97e,1,3256.036335
2026/02/05/11:06:18,apply-time,rs-000246-2x667,e2c02da1-8f50-4775-8091-866fe3b60dfb,4,3262.036335
2026/02/05/11:06:18,apply-time,rs-000246-9vb7j,d21da71a-bfde-4e9b-8dd8-29c04718b437,4,3262.036335
2026/02/05/11:06:18,apply-time,rs-000246-tssn6,ef8520d2-d1e4-42e0-b71e-2e33658c63bc,4,3262.036335
2026/02/05/11:06:18,apply-time,rs-000247-5l5t5,46a77834-5e43-41a9-a091-8e306d82a55b,3,3262.036335
2026/02/05/11:06:18,running-time,rs-000247-5l5t5,46a77834-5e43-41a9-a091-8e306d82a55b,3,3262.036335
2026/02/05/11:06:18,apply-time,rs-000247-8jlmk,6c1c3e01-c87b-49ff-bee4-e76c978c9815,3,3262.036335
2026/02/05/11:06:18,running-time,rs-000247-8jlmk,6c1c3e01-c87b-49ff-bee4-e76c978c9815,3,3262.036335
2026/02/05/11:06:18,apply-time,rs-000247-grf6g,d92c3a98-4a5b-4087-a144-7373356abb54,3,3262.036335
2026/02/05/11:06:18,running-time,rs-000247-grf6g,d92c3a98-4a5b-4087-a144-7373356abb54,3,3262.036335
2026/02/05/11:06:18,apply-time,rs-000248-4jm5q,11f1c5e2-eb27-4416-98a5-59139560fa6e,1,3263.036335
2026/02/05/11:06:19,apply-time,rs-000249-qrqkd,e6f6ecdd-b49e-4fc7-81be-d9fcf53ee372,4,3264.036335
2026/02/05/11:06:19,apply-time,rs-000249-vvwnf,7a43b742-1a32-4b83-a506-3f3b7600c7f4,4,3264.036335
2026/02/05/11:06:19,apply-time,rs-000250-vghft,b49694ae-e603-4436-b78f-67e4819ddf04,1,3264.036335
2026/02/05/11:06:19,running-time,rs-000250-vghft,b49694ae-e603-4436-b78f-67e4819ddf04,1,3264.036335
2026/02/05/11:06:20,running-time,rs-000242-l8kl4,60db91fd-2c24-445b-90ac-bc085193d531,1,3265.036335
2026/02/05/11:06:22,running-time,rs-000249-qrqkd,e6f6ecdd-b49e-4fc7-81be-d9fcf53ee372,4,3267.036335
2026/02/05/11:06:22,running-time,rs-000249-vvwnf,7a43b742-1a32-4b83-a506-3f3b7600c7f4,4,3267.036335
2026/02/05/11:06:22,apply-time,rs-000251-4bdqv,24bbd5e1-d08e-4fc9-b032-1efd3fe074f7,1,3267.036335
2026/02/05/11:06:22,running-time,rs-000251-4bdqv,24bbd5e1-d08e-4fc9-b032-1efd3fe074f7,1,3267.036335
2026/02/05/11:06:23,apply-time,rs-000252-59zq2,8c443d72-df3d-4b4d-bf88-c526b584dd35,3,3267.036335
2026/02/05/11:06:23,apply-time,rs-000252-6qr5p,7e1421c8-a87f-40e9-acbe-12d307985823,3,3267.036335
2026/02/05/11:06:23,running-time,rs-000252-6qr5p,7e1421c8-a87f-40e9-acbe-12d307985823,3,3268.036335
2026/02/05/11:06:23,apply-time,rs-000252-jrrnq,a359ec17-0ea2-45bc-9923-f13fb7c9dee0,3,3267.036335
2026/02/05/11:06:38,running-time,rs-000248-4jm5q,11f1c5e2-eb27-4416-98a5-59139560fa6e,1,3283.036335
2026/02/05/11:06:50,running-time,rs-000242-pwn9w,0f97fe8b-b564-4bfe-bed2-e444815ec20d,1,3295.036335
2026/02/05/11:06:52,running-time,rs-000242-nnq9n,07c7a70d-6afd-427c-bb05-25d4ffd570a1,1,3296.036335
2026/02/05/11:07:07,running-time,rs-000252-jrrnq,a359ec17-0ea2-45bc-9923-f13fb7c9dee0,3,3312.036335
2026/02/05/11:07:10,apply-time,rs-000253-2w42l,d6ee8731-bf28-437d-8a6d-7f1c4f104436,3,3315.036335
2026/02/05/11:07:10,apply-time,rs-000253-bg5wf,951dbf5d-8ebc-461f-81b1-14d98eda33ea,3,3315.036335
2026/02/05/11:07:10,running-time,rs-000253-bg5wf,951dbf5d-8ebc-461f-81b1-14d98eda33ea,3,3315.036335
2026/02/05/11:07:10,apply-time,rs-000253-g2j47,123ed747-863f-4f34-8690-2e5f1a0e2ffc,3,3315.036335
2026/02/05/11:07:10,apply-time,rs-000254-tvzhm,9474c093-2db3-4110-bc09-aebb139321c0,2,3315.036335
2026/02/05/11:07:10,apply-time,rs-000254-vmsvk,1b250905-757a-4fec-9a4e-f60af651233c,2,3315.036335
2026/02/05/11:07:10,apply-time,rs-000255-7s4qh,2dda4fce-f81e-4d40-90fd-d39caa6945cd,4,3315.036335
2026/02/05/11:07:10,apply-time,rs-000255-fddg7,29682575-3160-4557-93b8-826a224ecfe8,4,3315.036335
2026/02/05/11:07:10,apply-time,rs-000255-t69gm,71f351f4-63ce-4c3b-9132-6905a066f514,4,3315.036335
2026/02/05/11:07:10,running-time,rs-000255-t69gm,71f351f4-63ce-4c3b-9132-6905a066f514,4,3315.036335
2026/02/05/11:07:10,apply-time,rs-000256-4bm4k,ae186bf2-16ec-4c8b-9f4c-9325d3a866ef,1,3315.036335
2026/02/05/11:07:10,apply-time,rs-000256-4jrcv,5c23c903-61de-4dc9-8168-eab1320b3ee7,1,3315.036335
2026/02/05/11:07:10,apply-time,rs-000256-6gg85,0272bc81-17a9-4c4c-b705-cf227333de3f,1,3315.036335
2026/02/05/11:07:17,apply-time,rs-000257-6b4h7,f0cc0886-0ed4-4c56-b663-31ed931b57bf,1,3321.036335
2026/02/05/11:07:17,apply-time,rs-000257-kblrl,44150bb3-13b4-4265-9045-30f6778e0ef1,1,3321.036335
2026/02/05/11:07:17,apply-time,rs-000257-q6lfp,4724eb5c-b631-4988-bf7d-9fd3f391ad30,1,3321.036335
2026/02/05/11:07:17,apply-time,rs-000258-dgsl4,17fe14b7-963f-4ec3-bd12-9fc6dc7d7528,2,3321.036335
2026/02/05/11:07:17,apply-time,rs-000258-dr5g2,e5bc2c70-1c01-4fb6-b788-28119c65e5b4,2,3321.036335
2026/02/05/11:07:17,running-time,rs-000258-dr5g2,e5bc2c70-1c01-4fb6-b788-28119c65e5b4,2,3321.036335
2026/02/05/11:07:17,apply-time,rs-000258-mrwgs,897c1384-be02-4cd3-a933-0d34c952bed4,2,3321.036335
2026/02/05/11:07:17,apply-time,rs-000259-fnz2c,1c9bab70-6eee-44b1-9a76-81a09b21d46c,2,3322.036335
2026/02/05/11:07:17,apply-time,rs-000259-fq9ct,6cb98f42-5af6-4497-91f6-bb9455e9e517,2,3322.036335
2026/02/05/11:07:17,running-time,rs-000259-fq9ct,6cb98f42-5af6-4497-91f6-bb9455e9e517,2,3322.036335
2026/02/05/11:07:17,apply-time,rs-000260-h66xb,e159cc04-b396-4534-9ae9-ffd122ff1b2b,1,3322.036335
2026/02/05/11:07:18,apply-time,rs-000261-k2bzx,474f42d0-adfd-4701-b241-bdfd2e9ed06d,4,3323.036335
2026/02/05/11:07:19,apply-time,rs-000262-r5828,016eaf06-044c-464c-b041-8f8dc346c7a4,3,3323.036335
2026/02/05/11:07:21,apply-time,rs-000263-rr84j,73031414-6fa0-4517-ab6f-54a8d20a3563,3,3325.036335
2026/02/05/11:07:26,running-time,rs-000263-rr84j,73031414-6fa0-4517-ab6f-54a8d20a3563,3,3331.036335
2026/02/05/11:07:27,running-time,rs-000258-dgsl4,17fe14b7-963f-4ec3-bd12-9fc6dc7d7528,2,3332.036335
2026/02/05/11:07:32,running-time,rs-000238-b77tm,4537fbbf-5d5b-4498-b0cc-86f79c010a46,1,3337.036335
2026/02/05/11:07:32,running-time,rs-000258-mrwgs,897c1384-be02-4cd3-a933-0d34c952bed4,2,3337.036335
2026/02/05/11:07:32,running-time,rs-000259-fnz2c,1c9bab70-6eee-44b1-9a76-81a09b21d46c,2,3337.036335
2026/02/05/11:07:35,apply-time,rs-000264-hlx6l,e4bc29db-f1f3-4423-b63f-1346edd99734,1,3340.036335
2026/02/05/11:07:35,apply-time,rs-000265-cg2xz,fefe62c7-9fe1-4829-ae9e-194313ffd931,3,3340.036335
2026/02/05/11:07:35,apply-time,rs-000265-fbfjf,fe0afd44-b2d0-492a-a0b8-4addd391df1f,3,3340.036335
2026/02/05/11:07:35,apply-time,rs-000265-rl6xt,b5ce2efa-4908-42c5-a9fc-79e6c1b028d5,3,3340.036335
2026/02/05/11:07:35,apply-time,rs-000266-7j4rl,1bd06fce-9f65-4105-89af-7cf4f34385e4,1,3340.036335
2026/02/05/11:07:35,apply-time,rs-000266-ws5d5,b44a4a72-b81a-403a-9c9c-33be5f7cd4e2,1,3340.036335
2026/02/05/11:07:43,apply-time,rs-000267-55xk6,7e44418e-dfc0-4336-94fe-29b26a832899,2,3347.036335
2026/02/05/11:07:43,running-time,rs-000267-55xk6,7e44418e-dfc0-4336-94fe-29b26a832899,2,3347.036335
2026/02/05/11:07:43,apply-time,rs-000267-h7jcp,6c1d587e-1876-4a75-a91f-9ff4d789a204,2,3347.036335
2026/02/05/11:07:43,apply-time,rs-000267-zfl9x,6946f98b-4234-4d1a-8cff-a6cfa1e61794,2,3347.036335
2026/02/05/11:07:43,apply-time,rs-000268-r7lxr,09087e2f-6c51-4809-8c2e-095b9ee23015,3,3347.036335
2026/02/05/11:08:09,running-time,rs-000264-hlx6l,e4bc29db-f1f3-4423-b63f-1346edd99734,1,3374.036335
2026/02/05/11:08:19,apply-time,rs-000269-577jk,a6dcd800-f1c2-469f-acf4-27baf1e287d7,4,3384.036335
2026/02/05/11:08:19,running-time,rs-000269-577jk,a6dcd800-f1c2-469f-acf4-27baf1e287d7,4,3384.036335
2026/02/05/11:08:19,apply-time,rs-000269-qjrhv,52687341-2847-46dc-adc1-52d8e9e5578a,4,3384.036335
2026/02/05/11:08:19,apply-time,rs-000269-qpd66,f94491e0-7ae2-4ba7-91de-1d310c837085,4,3384.036335
2026/02/05/11:09:27,running-time,rs-000223-jf4q8,51d7649b-dfb4-4cdd-a820-73f64daed8c9,2,3453.036335
2026/02/05/11:09:55,apply-time,rs-000270-rmnm4,74885ea4-fabe-4b07-b251-d100ddf68316,3,3480.036335
2026/02/05/11:09:55,running-time,rs-000270-rmnm4,74885ea4-fabe-4b07-b251-d100ddf68316,3,3480.036335
2026/02/05/11:09:56,apply-time,rs-000271-5rn74,cc22c1f6-e478-4727-ac28-abe440d1376d,4,3480.036335
2026/02/05/11:09:56,running-time,rs-000271-5rn74,cc22c1f6-e478-4727-ac28-abe440d1376d,4,3481.036335
2026/02/05/11:09:56,apply-time,rs-000271-hsg5x,33be3333-b308-4333-bc27-351f0e6936d8,4,3480.036335
2026/02/05/11:09:56,running-time,rs-000271-hsg5x,33be3333-b308-4333-bc27-351f0e6936d8,4,3481.036335
2026/02/05/11:09:56,apply-time,rs-000271-pzrwl,a96989fb-b1fd-4086-bf9a-0629eda51bf8,4,3480.036335
2026/02/05/11:09:56,running-time,rs-000271-pzrwl,a96989fb-b1fd-4086-bf9a-0629eda51bf8,4,3481.036335
2026/02/05/11:10:43,running-time,rs-000246-9vb7j,d21da71a-bfde-4e9b-8dd8-29c04718b437,4,3530.036335
2026/02/05/11:10:54,apply-time,rs-000272-l4dbr,4aff62db-e0ed-4b2a-93de-be30a216fecc,1,3539.036335
2026/02/05/11:10:54,running-time,rs-000272-l4dbr,4aff62db-e0ed-4b2a-93de-be30a216fecc,1,3539.036335
2026/02/05/11:10:54,apply-time,rs-000272-mmckz,ce86f015-62e0-4e58-9e7e-0a37ab05247f,1,3539.036335
2026/02/05/11:10:54,running-time,rs-000272-mmckz,ce86f015-62e0-4e58-9e7e-0a37ab05247f,1,3539.036335
2026/02/05/11:10:54,apply-time,rs-000272-psvwl,467661a9-6add-4418-a0bc-c0ee0f929eae,1,3539.036335
2026/02/05/11:10:54,running-time,rs-000272-psvwl,467661a9-6add-4418-a0bc-c0ee0f929eae,1,3539.036335
2026/02/05/11:10:54,apply-time,rs-000273-2klts,dcd51ae9-4a2e-4aa4-8329-c2ef43cb98bf,1,3539.036335
2026/02/05/11:10:54,running-time,rs-000273-2klts,dcd51ae9-4a2e-4aa4-8329-c2ef43cb98bf,1,3539.036335
2026/02/05/11:10:54,apply-time,rs-000274-crzrp,41229e91-c91a-4e2d-9589-7f891864b199,1,3539.036335
2026/02/05/11:10:54,running-time,rs-000274-crzrp,41229e91-c91a-4e2d-9589-7f891864b199,1,3539.036335
2026/02/05/11:10:54,apply-time,rs-000274-vqktg,eb45fab1-bac0-4dce-81cc-f35c4adec6d9,1,3539.036335
2026/02/05/11:10:54,running-time,rs-000274-vqktg,eb45fab1-bac0-4dce-81cc-f35c4adec6d9,1,3539.036335
2026/02/05/11:10:54,apply-time,rs-000275-6zbd5,171ad41b-4d31-4ec8-8b6e-f46a8e17b902,3,3539.036335
2026/02/05/11:10:54,apply-time,rs-000275-k2nfd,f0f935b1-0107-40ab-abd0-66ddfd3ad842,3,3539.036335
2026/02/05/11:10:55,running-time,rs-000275-6zbd5,171ad41b-4d31-4ec8-8b6e-f46a8e17b902,3,3539.036335
2026/02/05/11:10:55,running-time,rs-000275-k2nfd,f0f935b1-0107-40ab-abd0-66ddfd3ad842,3,3539.036335
2026/02/05/11:11:36,apply-time,rs-000276-cxlrn,27e3183d-2722-4408-a387-651fe1e30b46,4,3580.036335
2026/02/05/11:11:36,running-time,rs-000276-cxlrn,27e3183d-2722-4408-a387-651fe1e30b46,4,3580.036335
2026/02/05/11:11:36,apply-time,rs-000277-w2zg4,abdba9eb-bf66-47bb-a926-c5dd48fcc014,4,3580.036335
2026/02/05/11:11:36,running-time,rs-000277-w2zg4,abdba9eb-bf66-47bb-a926-c5dd48fcc014,4,3580.036335
2026/02/05/11:12:26,running-time,rs-000246-2x667,e2c02da1-8f50-4775-8091-866fe3b60dfb,4,3631.036335
2026/02/05/11:12:26,running-time,rs-000246-tssn6,ef8520d2-d1e4-42e0-b71e-2e33658c63bc,4,3631.036335
2026/02/05/11:13:30,apply-time,rs-000278-cflt2,c91f0c12-7a6d-4ae7-9fcb-9db7524c8483,1,3695.036335
2026/02/05/11:13:30,running-time,rs-000278-cflt2,c91f0c12-7a6d-4ae7-9fcb-9db7524c8483,1,3695.036335
2026/02/05/11:13:30,apply-time,rs-000278-rb6z2,e8ccb4f5-8486-4adf-9cb0-99ecaf0862e2,1,3695.036335
2026/02/05/11:13:30,running-time,rs-000278-rb6z2,e8ccb4f5-8486-4adf-9cb0-99ecaf0862e2,1,3695.036335
2026/02/05/11:13:30,apply-time,rs-000278-v686n,288e9b14-4520-40a4-9d00-4a092e85b381,1,3695.036335
2026/02/05/11:13:30,running-time,rs-000278-v686n,288e9b14-4520-40a4-9d00-4a092e85b381,1,3695.036335
2026/02/05/11:14:24,apply-time,rs-000279-7bx5f,6be5250b-5da0-479e-ac81-65870b6484a6,4,3749.036335
2026/02/05/11:14:24,running-time,rs-000279-7bx5f,6be5250b-5da0-479e-ac81-65870b6484a6,4,3749.036335
2026/02/05/11:14:24,apply-time,rs-000279-ct7d9,42b43cad-ecfe-4d36-b30e-16f4adc49369,4,3749.036335
2026/02/05/11:14:24,apply-time,rs-000279-vc5xc,928ef8d5-c455-4b12-bfba-be51b954f2bd,4,3749.036335
2026/02/05/11:14:24,running-time,rs-000279-vc5xc,928ef8d5-c455-4b12-bfba-be51b954f2bd,4,3749.036335
2026/02/05/11:14:24,apply-time,rs-000280-lz8cp,3fe21f8c-7a0a-4bd5-88b4-15117d8ee15d,3,3749.036335
2026/02/05/11:14:24,apply-time,rs-000280-vwcgj,329e0803-b5e7-4561-a95c-d1fedef466a8,3,3749.036335
2026/02/05/11:14:24,apply-time,rs-000280-vwpgt,1004ea98-e2a5-49e0-affc-fa7fbcdf5ac2,3,3749.036335
2026/02/05/11:14:24,apply-time,rs-000281-7hqv5,e26617a1-00d8-48c8-b495-689083cd51e0,2,3749.036335
2026/02/05/11:14:24,apply-time,rs-000282-b64bj,014ef132-6dc9-4be3-8432-c779c62bba25,2,3749.036335
2026/02/05/11:14:24,running-time,rs-000282-b64bj,014ef132-6dc9-4be3-8432-c779c62bba25,2,3749.036335
2026/02/05/11:14:24,apply-time,rs-000282-nphst,9d8e01e0-15fa-40f3-b5af-0ef50940d452,2,3749.036335
2026/02/05/11:14:24,running-time,rs-000282-nphst,9d8e01e0-15fa-40f3-b5af-0ef50940d452,2,3749.036335
2026/02/05/11:14:29,apply-time,rs-000283-7gs4z,faeb551a-4a83-43d0-b2d9-27c3d1756605,2,3754.036335
2026/02/05/11:14:29,apply-time,rs-000283-tdx6m,ec86f0c8-9e5c-4486-ba35-189b1f5680ac,2,3754.036335
2026/02/05/11:14:29,apply-time,rs-000284-rclxc,5a188c68-54b6-4bf7-9c5d-66602d56c58a,1,3754.036335
2026/02/05/11:14:29,running-time,rs-000284-rclxc,5a188c68-54b6-4bf7-9c5d-66602d56c58a,1,3754.036335
2026/02/05/11:14:29,apply-time,rs-000284-xv8lr,4c6c93d3-45df-404f-bfb8-16aebc9f65bb,1,3754.036335
2026/02/05/11:14:29,apply-time,rs-000285-nj625,e7082e20-74a7-4c12-9c81-e8d5fa9ae2e3,2,3754.036335
2026/02/05/11:14:30,running-time,rs-000285-nj625,e7082e20-74a7-4c12-9c81-e8d5fa9ae2e3,2,3754.036335
2026/02/05/11:15:15,running-time,rs-000279-ct7d9,42b43cad-ecfe-4d36-b30e-16f4adc49369,4,3800.036335
2026/02/05/11:17:36,apply-time,rs-000286-nwbtg,8e6beefc-6f19-455b-a4fb-027daa1750de,4,3941.036335
2026/02/05/11:17:36,apply-time,rs-000287-b46h8,857fade2-b9c2-4b9e-b17f-26e3e515e683,1,3941.036335
2026/02/05/11:17:36,running-time,rs-000287-b46h8,857fade2-b9c2-4b9e-b17f-26e3e515e683,1,3941.036335
2026/02/05/11:17:36,apply-time,rs-000287-kd2fn,ac873cf8-f21f-4763-a6fe-87ad13f0a553,1,3941.036335
2026/02/05/11:17:36,apply-time,rs-000288-g7mt4,6c4f45b1-d0ed-4242-858d-dd4784626786,2,3941.036335
2026/02/05/11:17:36,running-time,rs-000288-g7mt4,6c4f45b1-d0ed-4242-858d-dd4784626786,2,3941.036335
2026/02/05/11:17:36,apply-time,rs-000288-kccjs,bea91ce2-83cc-4b8e-b589-82cc22e48a46,2,3941.036335
2026/02/05/11:17:36,running-time,rs-000288-kccjs,bea91ce2-83cc-4b8e-b589-82cc22e48a46,2,3941.036335
2026/02/05/11:17:36,apply-time,rs-000289-d5n6n,41587bad-017e-440f-a0d0-a9d6936c98a4,4,3941.036335
2026/02/05/11:17:36,apply-time,rs-000289-hn5d9,6489af4c-a52c-4fe4-a614-6d1473761ad5,4,3941.036335
2026/02/05/11:17:36,apply-time,rs-000290-f5c28,344c0d7a-c4cb-40cb-a855-5748e7a74357,2,3941.036335
2026/02/05/11:17:37,apply-time,rs-000291-2zxqv,7f2134c1-f46a-4cc0-8181-c25adfbb3223,4,3943.036335
2026/02/05/11:17:37,apply-time,rs-000291-5xgkw,a24c8224-713f-4163-a982-56ddd091aaea,4,3943.036335
2026/02/05/11:17:37,running-time,rs-000291-5xgkw,a24c8224-713f-4163-a982-56ddd091aaea,4,3943.036335
2026/02/05/11:17:37,apply-time,rs-000291-lwlmv,542733ec-0c25-4ef7-916c-a6270e079b5b,4,3943.036335
2026/02/05/11:17:37,apply-time,rs-000292-92bdj,75d31973-977f-40ce-b859-4da94b4b5bf2,1,3943.036335
2026/02/05/11:17:38,running-time,rs-000292-92bdj,75d31973-977f-40ce-b859-4da94b4b5bf2,1,3943.036335
2026/02/05/11:17:38,apply-time,rs-000293-47qcq,70c9391a-4c31-4500-a54a-0a437d730697,3,3943.036335
2026/02/05/11:17:38,apply-time,rs-000293-bm9nm,41031677-a529-4fd9-a7f6-a2915b002261,3,3943.036335
2026/02/05/11:17:38,running-time,rs-000293-bm9nm,41031677-a529-4fd9-a7f6-a2915b002261,3,3943.036335
2026/02/05/11:17:38,apply-time,rs-000293-zhpqw,87249b1e-8ee2-45a0-93b5-66070c80c836,3,3943.036335
2026/02/05/11:17:39,apply-time,rs-000294-tlwjd,4c737d61-09d5-4820-b43f-e77defe7b89d,2,3944.036335
2026/02/05/11:17:39,apply-time,rs-000294-tsbjj,30e83cad-ab56-4574-af2a-6042a3d1882a,2,3944.036335
2026/02/05/11:17:48,apply-time,rs-000295-4ddl6,a446b511-cd3c-4550-b9c9-ad6441b4b601,1,3953.036335
2026/02/05/11:17:56,running-time,rs-000294-tsbjj,30e83cad-ab56-4574-af2a-6042a3d1882a,2,3961.036335
2026/02/05/11:18:00,running-time,rs-000294-tlwjd,4c737d61-09d5-4820-b43f-e77defe7b89d,2,3964.036335
2026/02/05/11:18:31,running-time,rs-000290-f5c28,344c0d7a-c4cb-40cb-a855-5748e7a74357,2,3995.036335
2026/02/05/11:19:05,apply-time,rs-000296-4j6g2,40afef4b-f0cc-4641-a477-8e54989a8aa9,2,4029.036335
2026/02/05/11:19:05,apply-time,rs-000296-gc8nn,8f696da7-e9c7-4818-a6f8-0ad645777c22,2,4029.036335
2026/02/05/11:19:05,apply-time,rs-000296-jqwxf,7ce4f12b-91fa-4b74-adec-7c9cb16d595f,2,4029.036335
2026/02/05/11:19:05,apply-time,rs-000297-jnq88,b4901eff-f562-4e54-9c80-610a9d682a31,3,4029.036335
2026/02/05/11:19:05,running-time,rs-000297-jnq88,b4901eff-f562-4e54-9c80-610a9d682a31,3,4029.036335
2026/02/05/11:19:05,apply-time,rs-000297-wxvng,8c4a8df0-bbb9-4452-9bb5-c5ac0df34966,3,4029.036335
2026/02/05/11:19:05,running-time,rs-000297-wxvng,8c4a8df0-bbb9-4452-9bb5-c5ac0df34966,3,4029.036335
2026/02/05/11:19:15,apply-time,rs-000278-x9mwc,d5281f8c-2a25-4f5e-95a3-6e43ee145e36,1,4040.036335
2026/02/05/11:19:15,running-time,rs-000278-x9mwc,d5281f8c-2a25-4f5e-95a3-6e43ee145e36,1,4040.036335
2026/02/05/11:19:15,running-time,rs-000289-d5n6n,41587bad-017e-440f-a0d0-a9d6936c98a4,4,4040.036335
2026/02/05/11:19:15,running-time,rs-000289-hn5d9,6489af4c-a52c-4fe4-a614-6d1473761ad5,4,4040.036335
2026/02/05/11:19:19,apply-time,rs-000298-clnzl,868d8a4a-e0b3-4506-91ee-10124df21dc2,2,4043.036335
2026/02/05/11:19:19,apply-time,rs-000299-hkkj9,040899f2-51a4-4d3c-ad04-cadc82229cc3,4,4043.036335
2026/02/05/11:19:19,apply-time,rs-000300-9kvk4,72093bd8-5b3c-45b6-b2bc-479b902a92e1,3,4043.036335
2026/02/05/11:19:19,apply-time,rs-000300-bcc8d,c8d76716-7739-419d-90d6-0d615f74a4c1,3,4043.036335
2026/02/05/11:19:30,running-time,rs-000298-clnzl,868d8a4a-e0b3-4506-91ee-10124df21dc2,2,4055.036335
2026/02/05/11:20:25,apply-time,rs-000273-fbnbj,a2f2d668-02ff-4405-ba10-556579fea506,1,4109.036335
2026/02/05/11:20:25,running-time,rs-000273-fbnbj,a2f2d668-02ff-4405-ba10-556579fea506,1,4109.036335
2026/02/05/11:20:25,running-time,rs-000299-hkkj9,040899f2-51a4-4d3c-ad04-cadc82229cc3,4,4109.036335
2026/02/05/11:20:27,apply-time,rs-000301-5z5zc,83f12b7e-bab4-4c70-a5ba-c29b26850dd6,4,4111.036335
2026/02/05/11:20:27,apply-time,rs-000301-tpggj,4353a5d3-9bce-42d9-8a76-948e42f10b1b,4,4111.036335
2026/02/05/11:20:27,apply-time,rs-000301-zcqh7,0b482169-4195-4198-ace7-93fb6d77a6ef,4,4111.036335
2026/02/05/11:20:27,apply-time,rs-000302-vggr2,9661b2fc-3a95-4376-995f-f8e8ba48014e,4,4111.036335
2026/02/05/11:20:27,apply-time,rs-000303-94gnj,2c0ab6b4-84cf-4f5e-94f6-b76538225359,2,4111.036335
2026/02/05/11:20:27,apply-time,rs-000303-bfzrf,4a268162-8169-4d16-b34b-467a5090fb57,2,4111.036335
2026/02/05/11:20:31,running-time,rs-000302-vggr2,9661b2fc-3a95-4376-995f-f8e8ba48014e,4,4115.036335
2026/02/05/11:21:59,apply-time,rs-000304-5j6nc,4f9e69c6-5e65-4820-a9a6-6c84d2424c62,1,4203.036335
2026/02/05/11:21:59,apply-time,rs-000304-79s8t,202ea30d-9e8b-4c5c-84dc-2b47d5aec886,1,4203.036335
2026/02/05/11:21:59,apply-time,rs-000304-pf5mc,e02693cc-5b77-449f-983c-12597d7b4130,1,4203.036335
2026/02/05/11:22:02,apply-time,rs-000305-6bj94,002b11f7-6078-4a9f-b315-e25b1ec30840,3,4207.036335
2026/02/05/11:22:02,apply-time,rs-000305-stxns,d771cdf0-6332-4a42-b8a0-507df9dc629c,3,4207.036335
2026/02/05/11:22:02,apply-time,rs-000306-gvcxh,7c399fea-4e74-414d-a9c3-9aa8b9a058b7,3,4207.036335
2026/02/05/11:22:02,running-time,rs-000306-gvcxh,7c399fea-4e74-414d-a9c3-9aa8b9a058b7,3,4207.036335
2026/02/05/11:22:02,apply-time,rs-000307-brbq9,e83f7be0-ef72-4431-ad2a-77032270eb31,3,4207.036335
2026/02/05/11:22:02,apply-time,rs-000307-w96bk,ae7b8bf9-f1be-441b-83b0-550b5e6b04dd,3,4207.036335
2026/02/05/11:23:44,apply-time,rs-000308-9sdrr,86d3263d-423a-4e1a-8d4f-b9e564cd8c95,1,4309.036335
2026/02/05/11:23:44,apply-time,rs-000308-bzfls,293143a0-7cd8-4ddc-b4da-b570c7dc1bc2,1,4309.036335
2026/02/05/11:23:44,apply-time,rs-000308-vncnp,6fd81ad9-715c-4173-8e3c-2680089cb6ac,1,4309.036335
2026/02/05/11:23:44,apply-time,rs-000309-2fxf7,d32d2f48-5dee-4a0d-96fb-09849272a802,1,4309.036335
2026/02/05/11:23:44,running-time,rs-000309-2fxf7,d32d2f48-5dee-4a0d-96fb-09849272a802,1,4309.036335
2026/02/05/11:23:44,apply-time,rs-000309-bkjsk,e0f75fb5-63b3-4d80-afe6-6ceebcb064c6,1,4309.036335
2026/02/05/11:23:44,running-time,rs-000309-bkjsk,e0f75fb5-63b3-4d80-afe6-6ceebcb064c6,1,4309.036335
2026/02/05/11:23:44,apply-time,rs-000309-p22nr,a9af41c8-83bd-4661-ba85-67356866e840,1,4309.036335
2026/02/05/11:23:44,running-time,rs-000309-p22nr,a9af41c8-83bd-4661-ba85-67356866e840,1,4309.036335
2026/02/05/11:23:44,apply-time,rs-000310-j97pb,86cb2f4e-5fa0-4909-a590-8b4aac7917b5,1,4309.036335
2026/02/05/11:23:44,running-time,rs-000310-j97pb,86cb2f4e-5fa0-4909-a590-8b4aac7917b5,1,4309.036335
2026/02/05/11:23:44,apply-time,rs-000311-7p8c2,c1397067-2d9c-4c34-b608-6a33b7f8809d,4,4309.036335
2026/02/05/11:23:44,running-time,rs-000311-7p8c2,c1397067-2d9c-4c34-b608-6a33b7f8809d,4,4309.036335
2026/02/05/11:23:44,apply-time,rs-000311-9zsw4,8de795e7-55dc-4c76-b3cf-ff0da591630c,4,4309.036335
2026/02/05/11:23:44,running-time,rs-000311-9zsw4,8de795e7-55dc-4c76-b3cf-ff0da591630c,4,4309.036335
2026/02/05/11:23:44,apply-time,rs-000311-kxgxs,f33f2978-e675-4c5a-90e7-aeddd149b914,4,4309.036335
2026/02/05/11:23:44,running-time,rs-000311-kxgxs,f33f2978-e675-4c5a-90e7-aeddd149b914,4,4309.036335
2026/02/05/11:23:44,apply-time,rs-000312-qsgjf,43dea41f-db0d-4359-a60c-93785338b342,3,4309.036335
2026/02/05/11:23:45,apply-time,rs-000312-lqxxp,3f44bcbd-18e4-4a9d-975a-d082ae6a2acf,3,4309.036335
2026/02/05/11:23:45,apply-time,rs-000312-s994c,ec169f9c-4476-4e38-91a7-9d16fab74a1a,3,4309.036335
2026/02/05/11:23:47,running-time,rs-000308-bzfls,293143a0-7cd8-4ddc-b4da-b570c7dc1bc2,1,4312.036335
2026/02/05/11:23:47,running-time,rs-000312-lqxxp,3f44bcbd-18e4-4a9d-975a-d082ae6a2acf,3,4312.036335
2026/02/05/11:23:47,running-time,rs-000312-qsgjf,43dea41f-db0d-4359-a60c-93785338b342,3,4312.036335
2026/02/05/11:23:48,running-time,rs-000312-s994c,ec169f9c-4476-4e38-91a7-9d16fab74a1a,3,4312.036335
2026/02/05/11:25:15,apply-time,rs-000313-j8k9c,5e6cb3af-d244-4244-b3ed-b4dbdc0bb878,1,4399.036335
2026/02/05/11:25:15,running-time,rs-000313-j8k9c,5e6cb3af-d244-4244-b3ed-b4dbdc0bb878,1,4399.036335
2026/02/05/11:25:15,apply-time,rs-000313-vjl2p,70b39c0d-d23b-4852-9679-5042b4535ee3,1,4399.036335
2026/02/05/11:25:15,running-time,rs-000313-vjl2p,70b39c0d-d23b-4852-9679-5042b4535ee3,1,4399.036335
2026/02/05/11:25:15,apply-time,rs-000313-xv94r,96e9191d-386f-41ea-a9a0-02656f9f06c9,1,4399.036335
2026/02/05/11:25:15,running-time,rs-000313-xv94r,96e9191d-386f-41ea-a9a0-02656f9f06c9,1,4399.036335
2026/02/05/11:25:17,apply-time,rs-000314-x9gs9,9a5c6afc-51a4-47be-99ca-03b5a832463f,4,4401.036335
2026/02/05/11:25:17,running-time,rs-000314-x9gs9,9a5c6afc-51a4-47be-99ca-03b5a832463f,4,4401.036335
2026/02/05/11:25:17,apply-time,rs-000315-45bcj,9220106a-9293-447c-9be2-50334357bd22,2,4401.036335
2026/02/05/11:25:17,running-time,rs-000315-45bcj,9220106a-9293-447c-9be2-50334357bd22,2,4401.036335
2026/02/05/11:25:17,apply-time,rs-000315-6gr59,fa07df1c-84f4-48be-aa13-062e6e7977d4,2,4401.036335
2026/02/05/11:25:17,running-time,rs-000315-6gr59,fa07df1c-84f4-48be-aa13-062e6e7977d4,2,4401.036335
2026/02/05/11:25:17,apply-time,rs-000315-cgxrr,3fd350db-73e1-4575-8acf-faf5b3f18986,2,4401.036335
2026/02/05/11:25:17,running-time,rs-000315-cgxrr,3fd350db-73e1-4575-8acf-faf5b3f18986,2,4401.036335
2026/02/05/11:25:20,apply-time,rs-000316-rxl97,75c81de8-05c8-405d-b07b-f5022148c092,1,4404.036335
2026/02/05/11:25:20,running-time,rs-000316-rxl97,75c81de8-05c8-405d-b07b-f5022148c092,1,4404.036335
2026/02/05/11:25:20,apply-time,rs-000317-hhjjx,195c8e2f-06d3-4bce-87cc-cd2df51fd9c3,3,4404.036335
2026/02/05/11:25:20,apply-time,rs-000317-jkn2v,9ee27865-04bb-45a3-8399-aea15a6b1f42,3,4404.036335
2026/02/05/11:25:20,running-time,rs-000317-jkn2v,9ee27865-04bb-45a3-8399-aea15a6b1f42,3,4404.036335
2026/02/05/11:25:20,apply-time,rs-000318-m8zc4,454ef630-a5fc-4fae-bcbc-c02883457c43,2,4404.036335
2026/02/05/11:25:20,running-time,rs-000318-m8zc4,454ef630-a5fc-4fae-bcbc-c02883457c43,2,4404.036335
2026/02/05/11:25:20,apply-time,rs-000318-r7ctt,d522aa70-c9cc-42ee-a85c-092503189fa6,2,4404.036335
2026/02/05/11:25:20,running-time,rs-000318-r7ctt,d522aa70-c9cc-42ee-a85c-092503189fa6,2,4404.036335
2026/02/05/11:25:24,running-time,rs-000317-hhjjx,195c8e2f-06d3-4bce-87cc-cd2df51fd9c3,3,4409.036335
2026/02/05/11:28:58,apply-time,rs-000319-2mvjx,4a12f16e-49af-4ea0-8ad3-0bb200b0918d,2,4623.036335
2026/02/05/11:28:58,running-time,rs-000319-2mvjx,4a12f16e-49af-4ea0-8ad3-0bb200b0918d,2,4623.036335
2026/02/05/11:28:58,apply-time,rs-000319-l5jf6,a862eab2-c511-4838-836f-930fcb251dd2,2,4623.036335
2026/02/05/11:28:58,running-time,rs-000319-l5jf6,a862eab2-c511-4838-836f-930fcb251dd2,2,4623.036335
2026/02/05/11:28:58,apply-time,rs-000319-x9zvq,f36d3a10-1120-42fa-9c82-97fdeff7e4c9,2,4623.036335
2026/02/05/11:28:58,running-time,rs-000319-x9zvq,f36d3a10-1120-42fa-9c82-97fdeff7e4c9,2,4623.036335
2026/02/05/11:28:58,apply-time,rs-000320-b9wnn,5c5552ad-fabd-47b3-b8cf-198c45b8ffda,2,4623.036335
2026/02/05/11:28:58,running-time,rs-000320-b9wnn,5c5552ad-fabd-47b3-b8cf-198c45b8ffda,2,4623.036335
2026/02/05/11:28:58,apply-time,rs-000320-pp77g,e93d39e4-7579-4c68-8e81-3986aee228ea,2,4623.036335
2026/02/05/11:28:58,running-time,rs-000320-pp77g,e93d39e4-7579-4c68-8e81-3986aee228ea,2,4623.036335
2026/02/05/11:29:05,apply-time,rs-000321-7hz2d,efe6cf99-ecf4-43a7-8d68-a34960ef6f63,4,4629.036335
2026/02/05/11:29:38,running-time,rs-000321-7hz2d,efe6cf99-ecf4-43a7-8d68-a34960ef6f63,4,4663.036335
2026/02/05/11:30:18,apply-time,rs-000322-fm7br,a80edc9d-d103-44bb-9354-dfcdde0e837f,2,4703.036335
2026/02/05/11:30:18,running-time,rs-000322-fm7br,a80edc9d-d103-44bb-9354-dfcdde0e837f,2,4703.036335
2026/02/05/11:30:18,apply-time,rs-000323-bdg4d,37fe5ded-d874-42f0-b38d-771a2a3ef84c,3,4703.036335
2026/02/05/11:30:18,running-time,rs-000323-bdg4d,37fe5ded-d874-42f0-b38d-771a2a3ef84c,3,4703.036335
2026/02/05/11:30:18,apply-time,rs-000323-tgrz4,d274373d-321d-4fb8-bdb3-02289b08957b,3,4703.036335
2026/02/05/11:30:18,running-time,rs-000323-tgrz4,d274373d-321d-4fb8-bdb3-02289b08957b,3,4703.036335
2026/02/05/11:30:18,apply-time,rs-000323-xztqf,17b1bece-23d2-4d42-bf6f-de03f9cc43f6,3,4703.036335
2026/02/05/11:30:18,running-time,rs-000323-xztqf,17b1bece-23d2-4d42-bf6f-de03f9cc43f6,3,4703.036335
2026/02/05/11:31:37,apply-time,rs-000324-h8gc5,f5b8c0df-b103-42af-b22e-db2082e777bf,1,4782.036335
2026/02/05/11:31:37,running-time,rs-000324-h8gc5,f5b8c0df-b103-42af-b22e-db2082e777bf,1,4782.036335
2026/02/05/11:31:37,apply-time,rs-000324-nttbp,ad9bc8d0-a832-4fb6-b147-a6f0442798a1,1,4782.036335
2026/02/05/11:31:37,running-time,rs-000324-nttbp,ad9bc8d0-a832-4fb6-b147-a6f0442798a1,1,4782.036335
2026/02/05/11:31:44,apply-time,rs-000325-kgx84,5c3ebac2-a2c2-4776-a762-e45f31d35132,1,4789.036335
2026/02/05/11:31:44,running-time,rs-000325-kgx84,5c3ebac2-a2c2-4776-a762-e45f31d35132,1,4789.036335
2026/02/05/11:31:44,apply-time,rs-000325-tdwsv,773b868e-afd6-454d-bd4b-a980804ebd59,1,4789.036335
2026/02/05/11:31:44,running-time,rs-000325-tdwsv,773b868e-afd6-454d-bd4b-a980804ebd59,1,4789.036335
2026/02/05/11:31:44,apply-time,rs-000326-h75x5,7997c19f-9904-4862-862b-060d0ee4f22a,3,4789.036335
2026/02/05/11:31:44,running-time,rs-000326-h75x5,7997c19f-9904-4862-862b-060d0ee4f22a,3,4789.036335
2026/02/05/11:31:52,apply-time,rs-000327-vdgrv,ae08e737-305d-4d4b-8ba8-dbb7f08ad5b7,2,4797.036335
2026/02/05/11:31:52,running-time,rs-000327-vdgrv,ae08e737-305d-4d4b-8ba8-dbb7f08ad5b7,2,4797.036335
2026/02/05/11:32:14,apply-time,rs-000328-ppcc2,fe175e3d-10ed-4d9f-bad7-0e90aeeabf6a,2,4819.036335
2026/02/05/11:32:14,running-time,rs-000328-ppcc2,fe175e3d-10ed-4d9f-bad7-0e90aeeabf6a,2,4819.036335
2026/02/05/11:32:14,apply-time,rs-000328-qj5t4,5304079e-aa5d-4df2-b36e-bfa3635fdf7a,2,4819.036335
2026/02/05/11:32:14,running-time,rs-000328-qj5t4,5304079e-aa5d-4df2-b36e-bfa3635fdf7a,2,4819.036335
2026/02/05/11:35:04,apply-time,rs-000329-9hjj5,72b85289-0906-4472-975e-111bf36d27e8,1,4988.036335
2026/02/05/11:35:04,running-time,rs-000329-9hjj5,72b85289-0906-4472-975e-111bf36d27e8,1,4988.036335
2026/02/05/11:35:04,apply-time,rs-000329-dws9d,41df6d25-c9b4-4c44-90be-bc01b37f4a25,1,4988.036335
2026/02/05/11:35:04,running-time,rs-000329-dws9d,41df6d25-c9b4-4c44-90be-bc01b37f4a25,1,4988.036335
2026/02/05/11:35:04,apply-time,rs-000329-fvwmq,b88f3ea7-70f6-4435-ba27-20f009475182,1,4988.036335
2026/02/05/11:35:04,running-time,rs-000329-fvwmq,b88f3ea7-70f6-4435-ba27-20f009475182,1,4988.036335
2026/02/05/11:35:04,apply-time,rs-000330-jbgn4,bdd4d433-2580-43f7-b03e-3db548efb66f,1,4988.036335
2026/02/05/11:35:05,apply-time,rs-000331-47v44,4bbba508-e08d-48bc-8a87-9d121e4b5148,1,4989.036335
2026/02/05/11:35:05,apply-time,rs-000331-48rfd,52e17e5f-33ba-4e57-ab32-9bf902004ac4,1,4989.036335
2026/02/05/11:35:05,apply-time,rs-000331-d5j77,bdca49a0-a5b2-4971-b93a-2153944c8305,1,4989.036335
2026/02/05/11:35:05,running-time,rs-000331-d5j77,bdca49a0-a5b2-4971-b93a-2153944c8305,1,4989.036335
2026/02/05/11:35:05,apply-time,rs-000332-f9m4l,bb6fa065-1923-475f-92cd-55c445598ea6,3,4989.036335
2026/02/05/11:35:05,running-time,rs-000332-f9m4l,bb6fa065-1923-475f-92cd-55c445598ea6,3,4989.036335
2026/02/05/11:35:13,apply-time,rs-000333-x5dr6,f4d7a9f9-0964-476f-9b5d-5f9f3a4eb94e,1,4998.036335
2026/02/05/11:35:13,running-time,rs-000333-x5dr6,f4d7a9f9-0964-476f-9b5d-5f9f3a4eb94e,1,4998.036335
2026/02/05/11:35:13,apply-time,rs-000334-cgklw,74ff95a1-46f8-4334-9eca-c526a424f5a4,3,4998.036335
2026/02/05/11:35:13,running-time,rs-000334-cgklw,74ff95a1-46f8-4334-9eca-c526a424f5a4,3,4998.036335
2026/02/05/11:35:13,apply-time,rs-000335-5chdd,6855718c-d3ca-485f-aca6-ce5672633c11,2,4998.036335
2026/02/05/11:35:13,running-time,rs-000335-5chdd,6855718c-d3ca-485f-aca6-ce5672633c11,2,4998.036335
2026/02/05/11:35:13,apply-time,rs-000335-fpt4r,5a9e08d4-2df4-43bb-9c43-a47529eeac39,2,4998.036335
2026/02/05/11:35:13,running-time,rs-000335-fpt4r,5a9e08d4-2df4-43bb-9c43-a47529eeac39,2,4998.036335
2026/02/05/11:35:13,apply-time,rs-000336-8bf94,14c12031-fec1-4bcd-8c77-18e92380c05f,1,4998.036335
2026/02/05/11:35:13,running-time,rs-000336-8bf94,14c12031-fec1-4bcd-8c77-18e92380c05f,1,4998.036335
2026/02/05/11:35:13,apply-time,rs-000336-ch874,cd92b2a9-d1b0-475c-bec5-5c815c2735ad,1,4998.036335
2026/02/05/11:35:13,running-time,rs-000336-ch874,cd92b2a9-d1b0-475c-bec5-5c815c2735ad,1,4998.036335
2026/02/05/11:35:37,running-time,rs-000330-jbgn4,bdd4d433-2580-43f7-b03e-3db548efb66f,1,5022.036335
2026/02/05/11:35:54,apply-time,rs-000337-qxnhq,b69111d2-8d26-412e-bbf8-1be32026f109,2,5039.036335
2026/02/05/11:35:54,apply-time,rs-000337-shn7w,26681e89-97c0-4dd2-b6b7-96bb291e5c3c,2,5039.036335
2026/02/05/11:35:54,apply-time,rs-000337-xbp4k,5d84f28a-767d-4534-8fea-26a6d844ade2,2,5039.036335
2026/02/05/11:35:54,apply-time,rs-000338-jtflx,bb7b1258-6f65-4341-914b-09f7fa111c52,1,5039.036335
2026/02/05/11:35:55,running-time,rs-000337-qxnhq,b69111d2-8d26-412e-bbf8-1be32026f109,2,5039.036335
2026/02/05/11:35:55,running-time,rs-000337-shn7w,26681e89-97c0-4dd2-b6b7-96bb291e5c3c,2,5039.036335
2026/02/05/11:35:55,running-time,rs-000337-xbp4k,5d84f28a-767d-4534-8fea-26a6d844ade2,2,5039.036335
2026/02/05/11:36:09,apply-time,rs-000339-rp95j,2d51543c-9944-49a2-b837-436f1721d1b9,3,5054.036335
2026/02/05/11:36:09,running-time,rs-000339-rp95j,2d51543c-9944-49a2-b837-436f1721d1b9,3,5054.036335
2026/02/05/11:36:28,running-time,rs-000338-jtflx,bb7b1258-6f65-4341-914b-09f7fa111c52,1,5072.036335
2026/02/05/11:36:36,apply-time,rs-000340-8lqzt,f486160c-ef17-4458-b209-4f6cab9aa982,2,5080.036335
2026/02/05/11:36:36,running-time,rs-000340-8lqzt,f486160c-ef17-4458-b209-4f6cab9aa982,2,5080.036335
2026/02/05/11:36:36,apply-time,rs-000340-xvpkn,b11c3719-633f-4879-8c04-87a13753f2df,2,5080.036335
2026/02/05/11:36:36,running-time,rs-000340-xvpkn,b11c3719-633f-4879-8c04-87a13753f2df,2,5080.036335
2026/02/05/11:36:36,apply-time,rs-000340-z4kkt,835a330e-c41f-4248-9a0c-4d5032224554,2,5080.036335
2026/02/05/11:36:36,running-time,rs-000340-z4kkt,835a330e-c41f-4248-9a0c-4d5032224554,2,5080.036335
2026/02/05/11:36:36,apply-time,rs-000341-8m45q,d50137c1-4d28-4dfc-9d91-e5f59155e670,4,5080.036335
2026/02/05/11:36:36,running-time,rs-000341-8m45q,d50137c1-4d28-4dfc-9d91-e5f59155e670,4,5080.036335
2026/02/05/11:36:36,apply-time,rs-000341-bgzj6,777548c3-83c2-4b09-b662-895255fa213e,4,5080.036335
2026/02/05/11:36:39,running-time,rs-000341-bgzj6,777548c3-83c2-4b09-b662-895255fa213e,4,5084.036335
2026/02/05/11:37:50,apply-time,rs-000342-d87rz,b465478c-b5df-4cfb-bdf9-3c0857c45e9b,4,5154.036335
2026/02/05/11:37:50,running-time,rs-000342-d87rz,b465478c-b5df-4cfb-bdf9-3c0857c45e9b,4,5154.036335
2026/02/05/11:37:50,apply-time,rs-000343-7k8j8,4fe1e0f4-6509-4787-b7a8-8b2713d7b892,1,5154.036335
2026/02/05/11:37:50,running-time,rs-000343-7k8j8,4fe1e0f4-6509-4787-b7a8-8b2713d7b892,1,5154.036335
2026/02/05/11:37:50,apply-time,rs-000343-bh9v7,2b76a3be-62de-4292-bca4-44fa810b480a,1,5154.036335
2026/02/05/11:37:50,running-time,rs-000343-bh9v7,2b76a3be-62de-4292-bca4-44fa810b480a,1,5154.036335
2026/02/05/11:37:50,apply-time,rs-000343-vkh5c,1afc918a-e97a-4ba6-af93-114b9f6cf0e6,1,5154.036335
2026/02/05/11:37:50,running-time,rs-000343-vkh5c,1afc918a-e97a-4ba6-af93-114b9f6cf0e6,1,5154.036335
2026/02/05/11:37:51,apply-time,rs-000344-464bb,2d1799c0-b1ce-4857-b3cf-bd33c82ace81,1,5155.036335
2026/02/05/11:37:51,running-time,rs-000344-464bb,2d1799c0-b1ce-4857-b3cf-bd33c82ace81,1,5155.036335
2026/02/05/11:37:51,apply-time,rs-000344-5swf9,59207301-3fcb-4395-b395-bbec401509a0,1,5155.036335
2026/02/05/11:37:51,running-time,rs-000344-5swf9,59207301-3fcb-4395-b395-bbec401509a0,1,5155.036335
2026/02/05/11:37:51,apply-time,rs-000345-8d2hz,93dfc6aa-31e8-4f38-8faa-3d862289c9fe,4,5155.036335
2026/02/05/11:37:51,running-time,rs-000345-8d2hz,93dfc6aa-31e8-4f38-8faa-3d862289c9fe,4,5155.036335
2026/02/05/11:37:51,apply-time,rs-000346-ghp29,9afb74bd-af27-4de9-9837-96d1dd226055,2,5155.036335
2026/02/05/11:37:51,running-time,rs-000346-ghp29,9afb74bd-af27-4de9-9837-96d1dd226055,2,5155.036335
2026/02/05/11:37:51,apply-time,rs-000346-jm86b,2198a5fb-19bd-4684-b7c4-6eb61360e3a3,2,5155.036335
2026/02/05/11:37:51,running-time,rs-000346-jm86b,2198a5fb-19bd-4684-b7c4-6eb61360e3a3,2,5155.036335
2026/02/05/11:37:52,apply-time,rs-000347-jzpsm,69f92b72-4b27-4754-b150-0730294859a8,3,5156.036335
2026/02/05/11:37:52,apply-time,rs-000347-tdcls,8a1208b5-bf85-45fa-a2a9-52a14badd261,3,5156.036335
2026/02/05/11:37:52,running-time,rs-000347-tdcls,8a1208b5-bf85-45fa-a2a9-52a14badd261,3,5156.036335
2026/02/05/11:37:52,apply-time,rs-000347-z8bml,c6f87621-c33e-4658-9aba-7168b6d68c2c,3,5156.036335
2026/02/05/11:37:52,running-time,rs-000347-z8bml,c6f87621-c33e-4658-9aba-7168b6d68c2c,3,5156.036335
2026/02/05/11:37:52,apply-time,rs-000348-kb4j5,07e2cf5b-35b7-43b5-8407-fe9ed56ac150,2,5156.036335
2026/02/05/11:37:52,running-time,rs-000348-kb4j5,07e2cf5b-35b7-43b5-8407-fe9ed56ac150,2,5156.036335
2026/02/05/11:37:52,apply-time,rs-000348-lhkfh,2de272ed-0aa0-4859-9c22-7b101de47a90,2,5156.036335
2026/02/05/11:37:52,running-time,rs-000348-lhkfh,2de272ed-0aa0-4859-9c22-7b101de47a90,2,5156.036335
2026/02/05/11:37:52,apply-time,rs-000349-qtfx7,c61b1fc4-0dc5-4c95-8901-b745ea7f349a,1,5156.036335
2026/02/05/11:37:52,running-time,rs-000349-qtfx7,c61b1fc4-0dc5-4c95-8901-b745ea7f349a,1,5156.036335
2026/02/05/11:37:54,running-time,rs-000347-jzpsm,69f92b72-4b27-4754-b150-0730294859a8,3,5158.036335
2026/02/05/11:37:54,apply-time,rs-000350-6vs9g,b119cd16-1bcb-421d-9fad-435fe83da719,2,5158.036335
2026/02/05/11:37:54,running-time,rs-000350-6vs9g,b119cd16-1bcb-421d-9fad-435fe83da719,2,5158.036335
2026/02/05/11:37:54,apply-time,rs-000350-8xqm8,ce6d87cd-e38d-4157-834d-3fe023f4cba2,2,5158.036335
2026/02/05/11:37:54,running-time,rs-000350-8xqm8,ce6d87cd-e38d-4157-834d-3fe023f4cba2,2,5158.036335
2026/02/05/11:37:54,apply-time,rs-000350-d4brf,1737b218-a515-4598-805e-7fb26a368b77,2,5158.036335
2026/02/05/11:37:54,running-time,rs-000350-d4brf,1737b218-a515-4598-805e-7fb26a368b77,2,5158.036335
2026/02/05/11:37:54,apply-time,rs-000351-pn7zr,2114be2b-e36c-4e0f-bab1-e2a5aca5c1c9,2,5158.036335
2026/02/05/11:37:54,apply-time,rs-000352-55mc7,190c6198-531c-415a-a125-f776046a4a6b,1,5158.036335
2026/02/05/11:37:54,apply-time,rs-000352-m65jz,473a06ba-074d-4e8e-88de-3efec6cf5a72,1,5158.036335
2026/02/05/11:37:54,apply-time,rs-000352-p4kkj,a0a44761-6768-4b21-9e5b-3858be551f80,1,5158.036335
2026/02/05/11:37:54,apply-time,rs-000353-h8rl6,a6510a51-0721-42aa-86b8-71905cc3c72b,1,5158.036335
2026/02/05/11:37:54,apply-time,rs-000354-sz6bl,e7dcb4af-daf2-48b8-bb44-4b78ddac3049,4,5158.036335
2026/02/05/11:37:54,apply-time,rs-000355-bf5zn,81b818c6-f3f6-4322-84f8-9815242a7d67,1,5158.036335
2026/02/05/11:37:54,apply-time,rs-000355-h42kq,917d75d6-a26d-435a-adb0-c5b57fc09b71,1,5158.036335
2026/02/05/11:37:54,apply-time,rs-000356-mplxx,e8e528b5-92fe-4710-8e25-447c4aadb480,4,5159.036335
2026/02/05/11:37:54,apply-time,rs-000356-sfkpq,36dc8b7d-f951-4068-be4e-8291e1dc8514,4,5159.036335
2026/02/05/11:37:54,running-time,rs-000356-sfkpq,36dc8b7d-f951-4068-be4e-8291e1dc8514,4,5159.036335
2026/02/05/11:37:54,apply-time,rs-000356-vvqgk,928a89e6-a2db-4223-b198-5109e39f46c1,4,5158.036335
2026/02/05/11:37:54,running-time,rs-000356-vvqgk,928a89e6-a2db-4223-b198-5109e39f46c1,4,5158.036335
2026/02/05/11:37:54,apply-time,rs-000357-fpc5r,1f5f3e33-6e51-4f31-af26-687f8f18436f,2,5158.036335
2026/02/05/11:37:54,running-time,rs-000357-fpc5r,1f5f3e33-6e51-4f31-af26-687f8f18436f,2,5158.036335
2026/02/05/11:37:54,apply-time,rs-000357-sdbws,eacf6de9-06e5-44fe-a076-ab720e2d8b31,2,5159.036335
2026/02/05/11:37:54,running-time,rs-000357-sdbws,eacf6de9-06e5-44fe-a076-ab720e2d8b31,2,5159.036335
2026/02/05/11:37:55,apply-time,rs-000358-8n5ql,43e13856-2416-4ed8-84fd-83ca2a40f65d,2,5159.036335
2026/02/05/11:37:55,running-time,rs-000358-8n5ql,43e13856-2416-4ed8-84fd-83ca2a40f65d,2,5159.036335
2026/02/05/11:37:55,apply-time,rs-000358-b77lg,ce7a3ff3-6e43-45dc-8ff9-bfa99b4f4471,2,5159.036335
2026/02/05/11:37:55,running-time,rs-000358-b77lg,ce7a3ff3-6e43-45dc-8ff9-bfa99b4f4471,2,5159.036335
2026/02/05/11:37:55,apply-time,rs-000359-95m9h,5fbe592d-9491-4f43-94cf-ec9042901fc7,1,5159.036335
2026/02/05/11:37:55,apply-time,rs-000359-cdtx6,122d00ed-bf4e-4738-acf0-70aa55c218b0,1,5159.036335
2026/02/05/11:37:55,apply-time,rs-000359-w92bj,2fb3b13a-32fd-4839-9e8a-02c6e5628de4,1,5159.036335
2026/02/05/11:38:01,running-time,rs-000356-mplxx,e8e528b5-92fe-4710-8e25-447c4aadb480,4,5166.036335
2026/02/05/11:39:30,running-time,rs-000359-cdtx6,122d00ed-bf4e-4738-acf0-70aa55c218b0,1,5255.036335
2026/02/05/11:39:44,apply-time,rs-000360-tzrpm,3d4b5367-b680-4452-bc9e-3725d075ebb0,3,5269.036335
2026/02/05/11:39:44,apply-time,rs-000360-wdskd,504a48c3-77d9-467c-a93c-074dae2a3edc,3,5269.036335
2026/02/05/11:39:44,apply-time,rs-000361-d487j,4b3ba844-e250-4abc-8c14-d7b03fc78402,3,5269.036335
2026/02/05/11:39:44,apply-time,rs-000361-w2k7f,70812bb2-0524-4e42-9454-ac3b7fa7f2bd,3,5269.036335
2026/02/05/11:39:44,apply-time,rs-000362-d8gjk,796aa72f-9f01-48e2-a173-e78dceeedcff,2,5269.036335
2026/02/05/11:39:44,apply-time,rs-000363-jtnrn,8ec0e973-5739-4c38-bf3b-118a826c9e4f,3,5269.036335
2026/02/05/11:39:44,apply-time,rs-000364-qqvpd,38aae2e4-6d76-418d-a7bd-210fdc3f32d6,2,5269.036335
2026/02/05/11:39:44,apply-time,rs-000365-8vlps,0577bd63-6bd6-462a-adc5-49a17ce5ddc5,4,5269.036335
2026/02/05/11:39:45,running-time,rs-000363-jtnrn,8ec0e973-5739-4c38-bf3b-118a826c9e4f,3,5269.036335
2026/02/05/11:39:45,apply-time,rs-000364-5qfww,046eea25-f53a-4ed3-9ce9-fdaea5b78989,2,5269.036335
2026/02/05/11:39:45,apply-time,rs-000364-fkjnq,646579eb-e31a-4403-9155-0ffd9a5f16a8,2,5269.036335
2026/02/05/11:39:45,apply-time,rs-000365-h8xz8,3b38f7cc-1e32-4e43-b5eb-1133cd0a729b,4,5269.036335
2026/02/05/11:39:45,apply-time,rs-000365-hj6xf,1d9435e0-d0ba-482e-b820-5001e199a903,4,5269.036335
2026/02/05/11:39:45,apply-time,rs-000366-2xgsq,65a36e88-f0d5-4666-aae4-5b645d978363,2,5269.036335
2026/02/05/11:39:46,apply-time,rs-000367-8tbjb,6d228894-0bc4-4e46-bdef-af0d943f7dfb,4,5270.036335
2026/02/05/11:39:46,running-time,rs-000367-8tbjb,6d228894-0bc4-4e46-bdef-af0d943f7dfb,4,5270.036335
2026/02/05/11:39:46,apply-time,rs-000367-njxt8,63b7c3e9-e748-4d94-88df-162cd9ed3898,4,5270.036335
2026/02/05/11:39:46,running-time,rs-000367-njxt8,63b7c3e9-e748-4d94-88df-162cd9ed3898,4,5270.036335
2026/02/05/11:39:46,apply-time,rs-000367-w7hrs,a3eb6699-ddb9-40a6-87a8-076b0e3934eb,4,5270.036335
2026/02/05/11:39:46,running-time,rs-000367-w7hrs,a3eb6699-ddb9-40a6-87a8-076b0e3934eb,4,5270.036335
2026/02/05/11:40:05,running-time,rs-000361-w2k7f,70812bb2-0524-4e42-9454-ac3b7fa7f2bd,3,5290.036335
2026/02/05/11:41:11,apply-time,rs-000242-sqsk4,bcda9839-2f94-4f01-8733-d17defdc201b,1,5356.036335
2026/02/05/11:41:11,running-time,rs-000242-sqsk4,bcda9839-2f94-4f01-8733-d17defdc201b,1,5356.036335
2026/02/05/11:41:11,running-time,rs-000352-55mc7,190c6198-531c-415a-a125-f776046a4a6b,1,5356.036335
2026/02/05/11:41:11,running-time,rs-000352-m65jz,473a06ba-074d-4e8e-88de-3efec6cf5a72,1,5356.036335
2026/02/05/11:41:11,running-time,rs-000352-p4kkj,a0a44761-6768-4b21-9e5b-3858be551f80,1,5356.036335
2026/02/05/11:41:11,running-time,rs-000361-d487j,4b3ba844-e250-4abc-8c14-d7b03fc78402,3,5356.036335
2026/02/05/11:41:11,running-time,rs-000366-2xgsq,65a36e88-f0d5-4666-aae4-5b645d978363,2,5356.036335
2026/02/05/11:41:33,apply-time,rs-000368-27lt8,8115c8cc-7264-41b5-bec0-9adaf6a4f3a6,3,5378.036335
2026/02/05/11:41:33,running-time,rs-000368-27lt8,8115c8cc-7264-41b5-bec0-9adaf6a4f3a6,3,5378.036335
2026/02/05/11:41:33,apply-time,rs-000368-6l6rt,f1665740-8f16-4de5-89a0-2d8517d8f71c,3,5378.036335
2026/02/05/11:41:33,running-time,rs-000368-6l6rt,f1665740-8f16-4de5-89a0-2d8517d8f71c,3,5378.036335
2026/02/05/11:41:33,apply-time,rs-000369-npphl,e4ca0356-9105-4cc1-9214-b8b9fb97f858,3,5378.036335
2026/02/05/11:41:33,running-time,rs-000369-npphl,e4ca0356-9105-4cc1-9214-b8b9fb97f858,3,5378.036335
2026/02/05/11:41:33,apply-time,rs-000369-s5zzx,57444a02-a469-4710-a464-72710b8f7fdb,3,5378.036335
2026/02/05/11:41:33,running-time,rs-000369-s5zzx,57444a02-a469-4710-a464-72710b8f7fdb,3,5378.036335
2026/02/05/11:44:07,apply-time,rs-000370-xp722,94cf28a5-f5e3-44f6-a31f-1d82c7c97671,4,5531.036335
2026/02/05/11:44:07,running-time,rs-000370-xp722,94cf28a5-f5e3-44f6-a31f-1d82c7c97671,4,5531.036335
2026/02/05/11:44:07,apply-time,rs-000371-2pvhf,a12b96cf-1414-43a0-bbbe-ecce84300efb,3,5531.036335
2026/02/05/11:44:07,running-time,rs-000371-2pvhf,a12b96cf-1414-43a0-bbbe-ecce84300efb,3,5531.036335
2026/02/05/11:44:07,apply-time,rs-000371-6qrbl,3049f939-c5eb-4f84-9316-90473bb2fe77,3,5531.036335
2026/02/05/11:44:07,running-time,rs-000371-6qrbl,3049f939-c5eb-4f84-9316-90473bb2fe77,3,5531.036335
2026/02/05/11:44:07,apply-time,rs-000371-hq7gt,ad0f8247-668c-49b0-a089-14bfc4203940,3,5531.036335
2026/02/05/11:44:07,running-time,rs-000371-hq7gt,ad0f8247-668c-49b0-a089-14bfc4203940,3,5531.036335
2026/02/05/11:44:26,apply-time,rs-000372-rvqxc,15206ada-c80b-4a0f-b96b-9837700d6785,2,5550.036335
2026/02/05/11:44:26,running-time,rs-000372-rvqxc,15206ada-c80b-4a0f-b96b-9837700d6785,2,5550.036335
2026/02/05/11:44:26,apply-time,rs-000373-5f8pp,c032e7ba-d23f-412c-bfef-971f37d76e22,2,5550.036335
2026/02/05/11:44:26,running-time,rs-000373-5f8pp,c032e7ba-d23f-412c-bfef-971f37d76e22,2,5550.036335
2026/02/05/11:44:26,apply-time,rs-000373-7zt97,21a2cd31-777d-4734-b112-d3a62fa140ad,2,5550.036335
2026/02/05/11:44:26,running-time,rs-000373-7zt97,21a2cd31-777d-4734-b112-d3a62fa140ad,2,5550.036335
2026/02/05/11:44:26,apply-time,rs-000374-bzhz4,3dc40c2f-d981-4703-9dcd-08baf89a69b4,4,5550.036335
2026/02/05/11:44:26,running-time,rs-000374-bzhz4,3dc40c2f-d981-4703-9dcd-08baf89a69b4,4,5550.036335
2026/02/05/11:44:26,apply-time,rs-000374-g4s9f,bf00c2a7-0325-4b04-9073-1146b18da0eb,4,5550.036335
2026/02/05/11:44:26,running-time,rs-000374-g4s9f,bf00c2a7-0325-4b04-9073-1146b18da0eb,4,5550.036335
2026/02/05/11:44:29,apply-time,rs-000375-n9pww,98f41a7f-7e35-4ac6-aa66-ddccf65a8663,1,5553.036335
2026/02/05/11:44:29,running-time,rs-000375-n9pww,98f41a7f-7e35-4ac6-aa66-ddccf65a8663,1,5553.036335
2026/02/05/11:44:29,apply-time,rs-000375-qrxv5,7817c099-801e-4ef7-a23e-a04b93e1e9d4,1,5553.036335
2026/02/05/11:44:30,running-time,rs-000375-qrxv5,7817c099-801e-4ef7-a23e-a04b93e1e9d4,1,5554.036335
2026/02/05/11:44:30,apply-time,rs-000376-kw9sq,bcba335c-897e-4305-8ff7-b06b34b3dfa3,3,5554.036335
2026/02/05/11:44:30,running-time,rs-000376-kw9sq,bcba335c-897e-4305-8ff7-b06b34b3dfa3,3,5554.036335
2026/02/05/11:44:30,apply-time,rs-000377-5955v,73cc2c22-ceb3-41de-af79-add8f1ad98c5,3,5554.036335
2026/02/05/11:44:30,running-time,rs-000377-5955v,73cc2c22-ceb3-41de-af79-add8f1ad98c5,3,5554.036335
2026/02/05/11:44:30,apply-time,rs-000377-fcrl2,ce91712e-1dc9-4aa3-aae4-e1de6516925f,3,5554.036335
2026/02/05/11:44:30,running-time,rs-000377-fcrl2,ce91712e-1dc9-4aa3-aae4-e1de6516925f,3,5554.036335
2026/02/05/11:44:30,apply-time,rs-000377-w6lkx,16703044-2b5f-4bd5-b83a-65b06f19c93b,3,5554.036335
2026/02/05/11:44:30,running-time,rs-000377-w6lkx,16703044-2b5f-4bd5-b83a-65b06f19c93b,3,5554.036335
2026/02/05/11:44:30,apply-time,rs-000378-j4fhp,eb8d1bf9-dfa2-4272-abde-a5962e06b0bd,1,5554.036335
2026/02/05/11:44:30,running-time,rs-000378-j4fhp,eb8d1bf9-dfa2-4272-abde-a5962e06b0bd,1,5554.036335
2026/02/05/11:44:30,apply-time,rs-000378-p5fhr,8e075d81-c6a1-4c3a-84f4-b340e755a21b,1,5554.036335
2026/02/05/11:44:30,running-time,rs-000378-p5fhr,8e075d81-c6a1-4c3a-84f4-b340e755a21b,1,5554.036335
2026/02/05/11:44:30,apply-time,rs-000378-znxbf,57937c5e-c9b3-41f0-a77f-21436c9cb37f,1,5554.036335
2026/02/05/11:44:30,running-time,rs-000378-znxbf,57937c5e-c9b3-41f0-a77f-21436c9cb37f,1,5554.036335
2026/02/05/11:44:30,apply-time,rs-000379-dvjt5,fbb81136-3581-4900-a8d5-34301e9efbb5,4,5554.036335
2026/02/05/11:44:30,running-time,rs-000379-dvjt5,fbb81136-3581-4900-a8d5-34301e9efbb5,4,5554.036335
2026/02/05/11:44:30,apply-time,rs-000380-2h56v,9632a43e-49a6-4839-8a78-9982e53ee62b,3,5554.036335
2026/02/05/11:44:30,running-time,rs-000380-2h56v,9632a43e-49a6-4839-8a78-9982e53ee62b,3,5554.036335
2026/02/05/11:44:30,apply-time,rs-000380-n6rx7,54b056eb-ef1c-4f2f-afb8-d7fb11be38b5,3,5554.036335
2026/02/05/11:44:30,running-time,rs-000380-n6rx7,54b056eb-ef1c-4f2f-afb8-d7fb11be38b5,3,5554.036335
2026/02/05/11:44:49,apply-time,rs-000381-b7qrh,c5cef625-d67a-48f4-afe6-196d258ee9fa,1,5573.036335
2026/02/05/11:44:49,running-time,rs-000381-b7qrh,c5cef625-d67a-48f4-afe6-196d258ee9fa,1,5573.036335
2026/02/05/11:44:49,apply-time,rs-000381-frhdp,b9021cbd-9feb-408e-9a7c-1aad90e5ffa0,1,5573.036335
2026/02/05/11:44:49,running-time,rs-000381-frhdp,b9021cbd-9feb-408e-9a7c-1aad90e5ffa0,1,5573.036335
2026/02/05/11:44:49,apply-time,rs-000381-xcl2f,7bf7c6fd-c8c6-4a99-94a7-034bd5bc0639,1,5573.036335
2026/02/05/11:44:49,running-time,rs-000381-xcl2f,7bf7c6fd-c8c6-4a99-94a7-034bd5bc0639,1,5573.036335
2026/02/05/11:44:59,apply-time,rs-000382-x6gph,68f4a143-59ca-4526-aed8-d3b2973f9980,4,5584.036335
2026/02/05/11:44:59,running-time,rs-000382-x6gph,68f4a143-59ca-4526-aed8-d3b2973f9980,4,5584.036335
2026/02/05/11:44:59,apply-time,rs-000383-7xc2q,41be9575-2ac9-4474-ab22-d0ac5fa4f940,2,5584.036335
2026/02/05/11:44:59,apply-time,rs-000383-cb8s7,a7da834d-a4aa-4eee-af15-2b95eb62a252,2,5584.036335
2026/02/05/11:44:59,apply-time,rs-000383-vzpp6,7940f554-897b-451b-bea0-ae5cda7c052a,2,5584.036335
2026/02/05/11:44:59,apply-time,rs-000384-285fg,33a5f74a-b858-47a7-ba48-1103595eb432,1,5584.036335
2026/02/05/11:44:59,apply-time,rs-000384-2npg9,48019204-b3ab-4702-bfeb-7a9a4e9b51bf,1,5584.036335
2026/02/05/11:44:59,apply-time,rs-000385-9fsmq,f69a8575-dceb-43fd-b9d7-de187baeda95,4,5584.036335
2026/02/05/11:44:59,apply-time,rs-000385-ms8nf,d5b93d7e-4742-446f-ac39-390fe6636ea2,4,5584.036335
2026/02/05/11:45:12,running-time,rs-000385-9fsmq,f69a8575-dceb-43fd-b9d7-de187baeda95,4,5596.036335
2026/02/05/11:45:18,running-time,rs-000385-ms8nf,d5b93d7e-4742-446f-ac39-390fe6636ea2,4,5602.036335
2026/02/05/11:45:30,apply-time,rs-000386-t54v7,a2720118-3274-4fe3-8adf-c6611de0f1f4,1,5614.036335
2026/02/05/11:45:30,running-time,rs-000386-t54v7,a2720118-3274-4fe3-8adf-c6611de0f1f4,1,5614.036335
2026/02/05/11:45:30,apply-time,rs-000387-gc8k7,4548c545-79e7-4aa7-860f-74cd3514df82,1,5614.036335
2026/02/05/11:45:30,apply-time,rs-000387-ql7hm,333cedfe-a92c-4e87-a5ef-7a3a1d97fc89,1,5614.036335
2026/02/05/11:45:30,apply-time,rs-000387-vs8sz,7b26fcdd-7cbd-4c22-89ca-056938d54390,1,5614.036335
2026/02/05/11:45:30,apply-time,rs-000388-vwj5r,4b9526ee-bdc3-496b-9f87-217d662248f6,3,5614.036335
2026/02/05/11:45:30,running-time,rs-000388-vwj5r,4b9526ee-bdc3-496b-9f87-217d662248f6,3,5614.036335
2026/02/05/11:45:30,apply-time,rs-000388-xbczt,c60deb2e-37ac-4b40-8d22-4027ce6c0201,3,5614.036335
2026/02/05/11:45:30,running-time,rs-000388-xbczt,c60deb2e-37ac-4b40-8d22-4027ce6c0201,3,5614.036335
2026/02/05/11:45:31,apply-time,rs-000389-9t5x8,5fcf980a-d251-4a73-bb57-a1954fd6b3fd,3,5615.036335
2026/02/05/11:45:31,running-time,rs-000389-9t5x8,5fcf980a-d251-4a73-bb57-a1954fd6b3fd,3,5615.036335
2026/02/05/11:45:31,apply-time,rs-000389-mhqt2,d5b911ad-7110-4880-9e38-03db9d289ce9,3,5615.036335
2026/02/05/11:45:31,running-time,rs-000389-mhqt2,d5b911ad-7110-4880-9e38-03db9d289ce9,3,5615.036335
2026/02/05/11:46:06,apply-time,rs-000390-czrmw,5877f457-bb7a-4fa7-b5eb-9e580e110f4d,4,5650.036335
2026/02/05/11:46:06,running-time,rs-000390-czrmw,5877f457-bb7a-4fa7-b5eb-9e580e110f4d,4,5650.036335
2026/02/05/11:46:06,apply-time,rs-000390-k8mgd,1ba3343f-c29f-4eca-8fbc-db4c2653bfed,4,5650.036335
2026/02/05/11:46:06,running-time,rs-000390-k8mgd,1ba3343f-c29f-4eca-8fbc-db4c2653bfed,4,5650.036335
2026/02/05/11:46:10,apply-time,rs-000391-76bnf,d1d9f83b-4953-46fe-aa65-4dfea2cb2149,1,5654.036335
2026/02/05/11:46:10,running-time,rs-000391-76bnf,d1d9f83b-4953-46fe-aa65-4dfea2cb2149,1,5654.036335
2026/02/05/11:46:29,apply-time,rs-000392-vghgw,4c7ef31d-c92d-4509-96bb-702d62bf6dfe,3,5673.036335
2026/02/05/11:46:29,running-time,rs-000392-vghgw,4c7ef31d-c92d-4509-96bb-702d62bf6dfe,3,5673.036335
2026/02/05/11:46:29,apply-time,rs-000393-g8bk6,cb841f8b-63de-44b4-8dc2-7af9a9a9d9cb,2,5674.036335
2026/02/05/11:46:29,running-time,rs-000393-g8bk6,cb841f8b-63de-44b4-8dc2-7af9a9a9d9cb,2,5674.036335
2026/02/05/11:46:29,apply-time,rs-000393-nttv7,c627e832-0940-48c7-99e9-b3f42b841e6e,2,5673.036335
2026/02/05/11:46:29,running-time,rs-000393-nttv7,c627e832-0940-48c7-99e9-b3f42b841e6e,2,5674.036335
2026/02/05/11:46:29,apply-time,rs-000394-t4wfp,9a9037d1-9a7d-4a76-8473-8e571e326bb6,3,5674.036335
2026/02/05/11:46:29,running-time,rs-000394-t4wfp,9a9037d1-9a7d-4a76-8473-8e571e326bb6,3,5674.036335
2026/02/05/11:46:29,apply-time,rs-000395-d5dd2,5dd7ad76-70c5-4921-96b7-927744c28c29,1,5674.036335
2026/02/05/11:46:29,running-time,rs-000395-d5dd2,5dd7ad76-70c5-4921-96b7-927744c28c29,1,5674.036335
2026/02/05/11:46:29,apply-time,rs-000396-fwnhc,424677dc-66cb-4d47-a105-b1a9e67f56f4,4,5674.036335
2026/02/05/11:46:29,running-time,rs-000396-fwnhc,424677dc-66cb-4d47-a105-b1a9e67f56f4,4,5674.036335
2026/02/05/11:46:29,apply-time,rs-000396-kj2s2,b6342165-6cfc-4187-a421-749ef8e217c2,4,5674.036335
2026/02/05/11:46:29,running-time,rs-000396-kj2s2,b6342165-6cfc-4187-a421-749ef8e217c2,4,5674.036335
2026/02/05/11:46:29,apply-time,rs-000396-xftms,02457c80-50aa-488e-b9a9-f7f32a377afc,4,5674.036335
2026/02/05/11:46:29,running-time,rs-000396-xftms,02457c80-50aa-488e-b9a9-f7f32a377afc,4,5674.036335
2026/02/05/11:46:29,apply-time,rs-000397-4zh4f,f3600eea-ad43-429f-8ef7-37088362fbe5,4,5674.036335
2026/02/05/11:46:30,running-time,rs-000397-4zh4f,f3600eea-ad43-429f-8ef7-37088362fbe5,4,5674.036335
2026/02/05/11:46:30,apply-time,rs-000398-5rrcr,84ff54e8-def9-4079-9445-7c41f31c9dbb,4,5674.036335
2026/02/05/11:46:30,running-time,rs-000398-5rrcr,84ff54e8-def9-4079-9445-7c41f31c9dbb,4,5674.036335
2026/02/05/11:46:30,apply-time,rs-000399-2c82t,dff8a8f5-e0c3-428c-9b62-34cfcbe578b1,2,5675.036335
2026/02/05/11:46:30,apply-time,rs-000399-5w7tz,4b37f8af-bbd3-4467-8c15-af4fdf7a5d83,2,5674.036335
2026/02/05/11:46:30,running-time,rs-000399-5w7tz,4b37f8af-bbd3-4467-8c15-af4fdf7a5d83,2,5674.036335
2026/02/05/11:46:30,apply-time,rs-000399-wz9rc,b10fa355-35ab-4e98-a3c7-305a8d210a71,2,5675.036335
2026/02/05/11:46:30,apply-time,rs-000400-j8hgj,699129ec-e315-4a9f-8728-1d35f41404fb,2,5674.036335
2026/02/05/11:46:30,running-time,rs-000400-j8hgj,699129ec-e315-4a9f-8728-1d35f41404fb,2,5674.036335
2026/02/05/11:46:30,apply-time,rs-000401-hqz9b,9a89a3d2-f37c-4b8c-a49c-3d8211ad0c35,4,5675.036335
2026/02/05/11:46:30,running-time,rs-000401-hqz9b,9a89a3d2-f37c-4b8c-a49c-3d8211ad0c35,4,5675.036335
2026/02/05/11:46:30,apply-time,rs-000401-nd6l6,289d82a1-f508-4c68-8d9d-ad7aad01929d,4,5674.036335
2026/02/05/11:46:30,running-time,rs-000401-nd6l6,289d82a1-f508-4c68-8d9d-ad7aad01929d,4,5674.036335
2026/02/05/11:46:30,apply-time,rs-000401-vn4xg,c2ffa0ca-87ad-4327-9c6f-2461432b9cb2,4,5675.036335
2026/02/05/11:46:30,apply-time,rs-000402-mbbtm,3c37e23d-85ac-40e2-901c-ac60c55940ed,1,5674.036335
2026/02/05/11:46:30,running-time,rs-000402-mbbtm,3c37e23d-85ac-40e2-901c-ac60c55940ed,1,5674.036335
2026/02/05/11:46:30,apply-time,rs-000403-2ckzq,1ae71afe-327f-4c37-b8d3-63f4706b38f9,1,5675.036335
2026/02/05/11:46:31,apply-time,rs-000400-8vt8g,5101cb36-3313-42d2-9569-1296de77451c,2,5675.036335
2026/02/05/11:46:31,apply-time,rs-000402-psdwm,365ee006-4abf-4c18-b50e-da5abbf3b676,1,5675.036335
2026/02/05/11:46:32,running-time,rs-000401-vn4xg,c2ffa0ca-87ad-4327-9c6f-2461432b9cb2,4,5676.036335
2026/02/05/11:46:34,running-time,rs-000399-2c82t,dff8a8f5-e0c3-428c-9b62-34cfcbe578b1,2,5678.036335
2026/02/05/11:46:34,running-time,rs-000399-wz9rc,b10fa355-35ab-4e98-a3c7-305a8d210a71,2,5679.036335
2026/02/05/11:47:35,apply-time,rs-000404-n9r9x,ce028aa6-409c-4a8d-a3fe-d4199aefa2ca,3,5740.036335
2026/02/05/11:47:36,running-time,rs-000404-n9r9x,ce028aa6-409c-4a8d-a3fe-d4199aefa2ca,3,5740.036335
2026/02/05/11:48:28,apply-time,rs-000405-csnpv,e456bc1b-b5f3-4dd4-aead-250b663f89be,3,5793.036335
2026/02/05/11:48:28,running-time,rs-000405-csnpv,e456bc1b-b5f3-4dd4-aead-250b663f89be,3,5793.036335
2026/02/05/11:48:28,apply-time,rs-000405-tr9fq,cdd64cdf-a2bb-46a1-96cc-a42f82d517ba,3,5793.036335
2026/02/05/11:48:28,running-time,rs-000405-tr9fq,cdd64cdf-a2bb-46a1-96cc-a42f82d517ba,3,5793.036335
2026/02/05/11:48:28,apply-time,rs-000405-xrxkn,d375b816-a863-471e-b448-0d8c98272d49,3,5793.036335
2026/02/05/11:48:28,running-time,rs-000405-xrxkn,d375b816-a863-471e-b448-0d8c98272d49,3,5793.036335
2026/02/05/11:48:28,apply-time,rs-000406-hzdf2,3906cfd5-4244-4954-a586-2eee5b2a8e7a,2,5793.036335
2026/02/05/11:48:28,running-time,rs-000406-hzdf2,3906cfd5-4244-4954-a586-2eee5b2a8e7a,2,5793.036335
2026/02/05/11:48:28,apply-time,rs-000406-jslq4,b80c1baa-30f3-4e36-af7b-b742188cc56e,2,5793.036335
2026/02/05/11:48:28,running-time,rs-000406-jslq4,b80c1baa-30f3-4e36-af7b-b742188cc56e,2,5793.036335
2026/02/05/11:48:28,apply-time,rs-000406-w9rhd,139d9d9e-c702-4a0a-90c9-565231e300f6,2,5793.036335
2026/02/05/11:48:28,running-time,rs-000406-w9rhd,139d9d9e-c702-4a0a-90c9-565231e300f6,2,5793.036335
2026/02/05/11:48:28,apply-time,rs-000407-b4kch,3ac6d53f-6111-4c5b-8178-52d20345d716,2,5793.036335
2026/02/05/11:48:28,apply-time,rs-000407-wbsvm,77ece120-0afc-4f02-95b0-0f0f367f3987,2,5793.036335
2026/02/05/11:48:28,apply-time,rs-000407-wvsln,b72d550c-e35b-4076-b051-4389e7938b90,2,5793.036335
2026/02/05/11:48:29,apply-time,rs-000408-dxpm7,bfefb112-ac00-41da-9e93-6031c055abe2,2,5793.036335
2026/02/05/11:48:29,running-time,rs-000408-dxpm7,bfefb112-ac00-41da-9e93-6031c055abe2,2,5793.036335
2026/02/05/11:48:29,apply-time,rs-000408-m9vld,c0246949-8bd2-4c81-9a9f-3560fdb6a87f,2,5793.036335
2026/02/05/11:48:29,running-time,rs-000408-m9vld,c0246949-8bd2-4c81-9a9f-3560fdb6a87f,2,5793.036335
2026/02/05/11:48:29,apply-time,rs-000408-mhwkh,6b8a994c-384c-4f07-b591-edf6b6027aa5,2,5793.036335
2026/02/05/11:48:29,running-time,rs-000408-mhwkh,6b8a994c-384c-4f07-b591-edf6b6027aa5,2,5793.036335
2026/02/05/11:48:29,apply-time,rs-000409-l7fhs,19ed4c24-2913-4c43-8373-f599a603f4b4,1,5793.036335
2026/02/05/11:48:29,running-time,rs-000409-l7fhs,19ed4c24-2913-4c43-8373-f599a603f4b4,1,5793.036335
2026/02/05/11:48:29,apply-time,rs-000410-99jgl,a74c2a60-2e17-45de-9d44-7b02c60e9788,1,5793.036335
2026/02/05/11:48:31,running-time,rs-000410-99jgl,a74c2a60-2e17-45de-9d44-7b02c60e9788,1,5796.036335
2026/02/05/11:48:34,running-time,rs-000407-wvsln,b72d550c-e35b-4076-b051-4389e7938b90,2,5799.036335
2026/02/05/11:48:46,apply-time,rs-000411-ld4tw,130b5441-39af-4203-8adb-6c7db7ad5c53,2,5810.036335
2026/02/05/11:48:46,running-time,rs-000411-ld4tw,130b5441-39af-4203-8adb-6c7db7ad5c53,2,5810.036335
2026/02/05/11:48:46,apply-time,rs-000411-z4945,da61895c-fb9f-4c0d-a65f-59d5db9c13bf,2,5810.036335
2026/02/05/11:48:46,running-time,rs-000411-z4945,da61895c-fb9f-4c0d-a65f-59d5db9c13bf,2,5810.036335
2026/02/05/11:48:46,apply-time,rs-000412-jrsl6,80a51c6c-690a-42b5-bc30-b008bc20bb98,3,5810.036335
2026/02/05/11:48:46,running-time,rs-000412-jrsl6,80a51c6c-690a-42b5-bc30-b008bc20bb98,3,5810.036335
2026/02/05/11:48:46,apply-time,rs-000412-jt46f,1c2ab2ae-c877-4291-91bf-c51ed1d52e52,3,5810.036335
2026/02/05/11:48:46,running-time,rs-000412-jt46f,1c2ab2ae-c877-4291-91bf-c51ed1d52e52,3,5810.036335
2026/02/05/11:48:46,apply-time,rs-000412-lnsgm,2cbdd575-5fe3-4c14-a480-d04194b2f333,3,5810.036335
2026/02/05/11:48:46,running-time,rs-000412-lnsgm,2cbdd575-5fe3-4c14-a480-d04194b2f333,3,5810.036335
2026/02/05/11:48:47,apply-time,rs-000413-2fbbj,78fdbf5e-d5df-4215-9a2d-e8be75a2e449,1,5811.036335
2026/02/05/11:48:47,apply-time,rs-000413-t849d,49d3a8bd-f6c7-4718-a4ac-3d07a0f0b0c7,1,5811.036335
2026/02/05/11:48:47,running-time,rs-000413-t849d,49d3a8bd-f6c7-4718-a4ac-3d07a0f0b0c7,1,5811.036335
2026/02/05/11:48:48,apply-time,rs-000414-8hx5q,e56f247a-51b1-457e-bb03-d327cdef6379,3,5812.036335
2026/02/05/11:48:48,running-time,rs-000414-8hx5q,e56f247a-51b1-457e-bb03-d327cdef6379,3,5812.036335
2026/02/05/11:48:49,running-time,rs-000413-2fbbj,78fdbf5e-d5df-4215-9a2d-e8be75a2e449,1,5813.036335
2026/02/05/11:51:08,apply-time,rs-000415-97tgp,64b39288-7fe3-4a34-ae59-5d17180b75cc,1,5953.036335
2026/02/05/11:51:08,running-time,rs-000415-97tgp,64b39288-7fe3-4a34-ae59-5d17180b75cc,1,5953.036335
2026/02/05/11:51:08,apply-time,rs-000415-j6ddw,2caabab1-e9d0-4ef0-b812-bea7e2493dcf,1,5953.036335
2026/02/05/11:51:08,running-time,rs-000415-j6ddw,2caabab1-e9d0-4ef0-b812-bea7e2493dcf,1,5953.036335
2026/02/05/11:51:08,apply-time,rs-000416-4w9qp,2c546467-d249-4ddf-9f84-5c38927eb71e,3,5953.036335
2026/02/05/11:51:08,running-time,rs-000416-4w9qp,2c546467-d249-4ddf-9f84-5c38927eb71e,3,5953.036335
2026/02/05/11:51:08,apply-time,rs-000416-gbbgb,b91468fd-4a1c-4c42-9324-1c6cef883695,3,5953.036335
2026/02/05/11:51:08,running-time,rs-000416-gbbgb,b91468fd-4a1c-4c42-9324-1c6cef883695,3,5953.036335
2026/02/05/11:51:08,apply-time,rs-000416-mmnqw,52ee7cd0-021f-4603-8f9b-1d1d47074a54,3,5953.036335
2026/02/05/11:51:08,running-time,rs-000416-mmnqw,52ee7cd0-021f-4603-8f9b-1d1d47074a54,3,5953.036335
2026/02/05/11:51:41,apply-time,rs-000417-kmtnn,6eb89768-04f6-4ef0-a1ac-5a53c50784f8,3,5986.036335
2026/02/05/11:51:41,running-time,rs-000417-kmtnn,6eb89768-04f6-4ef0-a1ac-5a53c50784f8,3,5986.036335
2026/02/05/11:51:41,apply-time,rs-000417-mmwpf,fa429af5-5a88-46ee-ba1b-bdb59b24f3e2,3,5986.036335
2026/02/05/11:51:41,running-time,rs-000417-mmwpf,fa429af5-5a88-46ee-ba1b-bdb59b24f3e2,3,5986.036335
2026/02/05/11:51:41,apply-time,rs-000418-dxnzb,02292656-0372-4570-9c88-685ce4cb7b9f,1,5986.036335
2026/02/05/11:51:41,running-time,rs-000418-dxnzb,02292656-0372-4570-9c88-685ce4cb7b9f,1,5986.036335
2026/02/05/11:51:41,apply-time,rs-000419-mg7m8,d1c89801-2610-4c95-8e64-eac8e44f9610,3,5986.036335
2026/02/05/11:51:41,running-time,rs-000419-mg7m8,d1c89801-2610-4c95-8e64-eac8e44f9610,3,5986.036335
2026/02/05/11:51:41,apply-time,rs-000419-rm8bw,441279ef-b0fa-4e82-80e2-70dbdfdd1d1e,3,5986.036335
2026/02/05/11:51:41,running-time,rs-000419-rm8bw,441279ef-b0fa-4e82-80e2-70dbdfdd1d1e,3,5986.036335
2026/02/05/11:51:41,apply-time,rs-000419-xbsqk,66703bda-ce8f-4aa4-bbd8-7c6f72efa736,3,5986.036335
2026/02/05/11:51:41,running-time,rs-000419-xbsqk,66703bda-ce8f-4aa4-bbd8-7c6f72efa736,3,5986.036335
2026/02/05/11:53:48,apply-time,rs-000420-jm8ms,fa7e2426-ea82-49bb-bd3d-4a0116fe8a6c,3,6113.036335
2026/02/05/11:53:48,running-time,rs-000420-jm8ms,fa7e2426-ea82-49bb-bd3d-4a0116fe8a6c,3,6113.036335
2026/02/05/11:53:48,apply-time,rs-000420-nlsxk,4c68f512-b918-4063-b5ae-0ffa6a948305,3,6113.036335
2026/02/05/11:53:48,running-time,rs-000420-nlsxk,4c68f512-b918-4063-b5ae-0ffa6a948305,3,6113.036335
2026/02/05/11:53:48,apply-time,rs-000420-pncwq,30ac5e3e-107e-4d75-b69f-c0e92a761c58,3,6113.036335
2026/02/05/11:53:48,running-time,rs-000420-pncwq,30ac5e3e-107e-4d75-b69f-c0e92a761c58,3,6113.036335
2026/02/05/11:53:49,apply-time,rs-000421-rr7sm,d4457d44-193e-4183-9b8c-8e3d08dfb2fa,4,6113.036335
2026/02/05/11:53:49,running-time,rs-000421-rr7sm,d4457d44-193e-4183-9b8c-8e3d08dfb2fa,4,6113.036335
2026/02/05/11:53:56,apply-time,rs-000422-p8z7v,ccfeb094-018d-4645-96fe-438ae592cdb8,3,6120.036335
2026/02/05/11:53:56,running-time,rs-000422-p8z7v,ccfeb094-018d-4645-96fe-438ae592cdb8,3,6120.036335
2026/02/05/11:53:56,apply-time,rs-000422-tg58q,42e4a4b6-f7d2-4c08-b839-2c3fe66a4065,3,6120.036335
2026/02/05/11:53:56,running-time,rs-000422-tg58q,42e4a4b6-f7d2-4c08-b839-2c3fe66a4065,3,6120.036335
2026/02/05/11:53:56,apply-time,rs-000423-87855,516535a9-c1ea-4287-86bc-c55d7cdd7f6c,4,6120.036335
2026/02/05/11:53:56,running-time,rs-000423-87855,516535a9-c1ea-4287-86bc-c55d7cdd7f6c,4,6120.036335
2026/02/05/11:53:56,apply-time,rs-000423-sxrk6,7333955b-d402-4b3e-bde9-71b6e5811c5f,4,6120.036335
2026/02/05/11:53:56,running-time,rs-000423-sxrk6,7333955b-d402-4b3e-bde9-71b6e5811c5f,4,6120.036335
2026/02/05/11:54:38,apply-time,rs-000424-9b8sf,540da86c-6e12-4c81-8bf4-c15128922ca9,3,6163.036335
2026/02/05/11:54:38,running-time,rs-000424-9b8sf,540da86c-6e12-4c81-8bf4-c15128922ca9,3,6163.036335
2026/02/05/11:54:38,apply-time,rs-000424-tvbhz,3e036228-3065-4637-bea6-ff7dd1f908b5,3,6163.036335
2026/02/05/11:54:38,running-time,rs-000424-tvbhz,3e036228-3065-4637-bea6-ff7dd1f908b5,3,6163.036335
2026/02/05/11:54:38,apply-time,rs-000425-rx287,103ce4d8-1de7-4435-a458-5dbd08a0fb77,1,6163.036335
2026/02/05/11:54:44,running-time,rs-000425-rx287,103ce4d8-1de7-4435-a458-5dbd08a0fb77,1,6169.036335
2026/02/05/11:54:48,apply-time,rs-000426-f4mm6,2cda8acf-7714-440e-a35d-8ea8a13d92ec,2,6173.036335
2026/02/05/11:54:48,apply-time,rs-000426-p87kw,10cf313c-40a7-4f4a-a944-88735f13e32b,2,6173.036335
2026/02/05/11:54:48,apply-time,rs-000426-scsd9,c571e6cc-7dca-44b1-83b3-51a5539d9f5a,2,6173.036335
2026/02/05/11:54:49,apply-time,rs-000427-rjhz9,11825027-f86a-4ba3-a37b-a117ef82ad66,1,6174.036335
2026/02/05/11:54:49,running-time,rs-000427-rjhz9,11825027-f86a-4ba3-a37b-a117ef82ad66,1,6174.036335
2026/02/05/11:54:49,apply-time,rs-000428-kbncs,c7326a4c-7dd1-4d69-9fc4-4bb712b126e7,2,6174.036335
2026/02/05/11:54:49,apply-time,rs-000428-wqbsk,ec801bf5-16e3-48af-898b-84f0ee2d24d4,2,6174.036335
2026/02/05/11:54:49,running-time,rs-000428-wqbsk,ec801bf5-16e3-48af-898b-84f0ee2d24d4,2,6174.036335
2026/02/05/11:54:49,apply-time,rs-000429-nvjg6,3fe04707-f7c9-408c-9ac2-c9ad86b82415,4,6174.036335
2026/02/05/11:54:49,running-time,rs-000429-nvjg6,3fe04707-f7c9-408c-9ac2-c9ad86b82415,4,6174.036335
2026/02/05/11:54:49,apply-time,rs-000430-t7dh8,bd183847-5bbb-40f7-8680-05ed806bf29f,3,6174.036335
2026/02/05/11:54:58,apply-time,rs-000431-bqfjf,95cea8a9-ec98-4ca6-be15-0818249dc1bf,4,6183.036335
2026/02/05/11:54:58,running-time,rs-000431-bqfjf,95cea8a9-ec98-4ca6-be15-0818249dc1bf,4,6183.036335
2026/02/05/11:54:58,apply-time,rs-000432-rrg7x,e96b9799-c4b3-4981-b1ad-6d733329bb96,4,6183.036335
2026/02/05/11:54:58,running-time,rs-000432-rrg7x,e96b9799-c4b3-4981-b1ad-6d733329bb96,4,6183.036335
2026/02/05/11:54:58,apply-time,rs-000433-5pn8r,854ca128-406f-4d75-89f3-8d46b905a0a6,1,6183.036335
2026/02/05/11:54:58,running-time,rs-000433-5pn8r,854ca128-406f-4d75-89f3-8d46b905a0a6,1,6183.036335
2026/02/05/11:54:58,apply-time,rs-000433-b9fjv,99d4c28d-f896-4b89-9935-adc29beda3da,1,6183.036335
2026/02/05/11:54:58,running-time,rs-000433-b9fjv,99d4c28d-f896-4b89-9935-adc29beda3da,1,6183.036335
2026/02/05/11:54:58,apply-time,rs-000433-jl6z2,e9d17222-2f9e-4396-a502-d37ffd4f22ee,1,6183.036335
2026/02/05/11:54:58,running-time,rs-000433-jl6z2,e9d17222-2f9e-4396-a502-d37ffd4f22ee,1,6183.036335
2026/02/05/11:54:58,apply-time,rs-000434-pngsq,70e93040-1dce-435f-a706-6bb4f82ae622,2,6183.036335
2026/02/05/11:54:58,running-time,rs-000434-pngsq,70e93040-1dce-435f-a706-6bb4f82ae622,2,6183.036335
2026/02/05/11:54:58,apply-time,rs-000434-st8hz,75216e90-4728-4b0d-9f0f-1472934934f0,2,6183.036335
2026/02/05/11:54:58,running-time,rs-000434-st8hz,75216e90-4728-4b0d-9f0f-1472934934f0,2,6183.036335
2026/02/05/11:54:58,apply-time,rs-000435-7x64b,f57ed3d0-62a3-4911-8b11-9e9265575df8,1,6183.036335
2026/02/05/11:54:58,running-time,rs-000435-7x64b,f57ed3d0-62a3-4911-8b11-9e9265575df8,1,6183.036335
2026/02/05/11:54:58,apply-time,rs-000435-xmsl8,174ffe24-5fe9-4807-aba3-f563dd661749,1,6183.036335
2026/02/05/11:54:58,running-time,rs-000435-xmsl8,174ffe24-5fe9-4807-aba3-f563dd661749,1,6183.036335
2026/02/05/11:54:58,apply-time,rs-000436-dkrnb,76d70daa-c9a0-4618-805b-0fd068298453,1,6183.036335
2026/02/05/11:55:08,apply-time,rs-000437-9zsm4,5063dfb3-ce8a-4dba-8177-0d1003a07cd5,3,6193.036335
2026/02/05/11:55:08,running-time,rs-000437-9zsm4,5063dfb3-ce8a-4dba-8177-0d1003a07cd5,3,6193.036335
2026/02/05/11:55:08,apply-time,rs-000437-krf4h,c0103a65-2087-4589-8e8f-dbff8eba3e18,3,6193.036335
2026/02/05/11:55:08,running-time,rs-000437-krf4h,c0103a65-2087-4589-8e8f-dbff8eba3e18,3,6193.036335
2026/02/05/11:55:08,apply-time,rs-000438-dkhs5,62c5c9e1-c2e9-43a4-99b0-fc3b60a96e91,2,6193.036335
2026/02/05/11:55:08,running-time,rs-000438-dkhs5,62c5c9e1-c2e9-43a4-99b0-fc3b60a96e91,2,6193.036335
2026/02/05/11:55:08,apply-time,rs-000438-k9snm,76779160-9724-40aa-a57d-c867a5b8e73d,2,6193.036335
2026/02/05/11:55:08,running-time,rs-000438-k9snm,76779160-9724-40aa-a57d-c867a5b8e73d,2,6193.036335
2026/02/05/11:55:08,apply-time,rs-000439-jhssf,a7fc83b0-a5f9-4a63-bd6d-ba6cf29492f2,1,6193.036335
2026/02/05/11:55:08,running-time,rs-000439-jhssf,a7fc83b0-a5f9-4a63-bd6d-ba6cf29492f2,1,6193.036335
2026/02/05/11:55:08,apply-time,rs-000439-jr9sw,77e6a619-0ff9-4145-a5e7-50625918040c,1,6193.036335
2026/02/05/11:55:08,running-time,rs-000439-jr9sw,77e6a619-0ff9-4145-a5e7-50625918040c,1,6193.036335
2026/02/05/11:55:08,apply-time,rs-000439-tpf92,33c38329-6eb2-4d05-a4ae-64b1c1929aa6,1,6193.036335
2026/02/05/11:55:08,running-time,rs-000439-tpf92,33c38329-6eb2-4d05-a4ae-64b1c1929aa6,1,6193.036335
2026/02/05/11:55:08,apply-time,rs-000440-grns6,7aca2df1-4555-4912-8a01-ac66821a4793,2,6193.036335
2026/02/05/11:55:08,apply-time,rs-000440-jhvrh,dbee985e-6616-4d27-8b1c-89da2b322199,2,6193.036335
2026/02/05/11:55:08,apply-time,rs-000440-tsmhm,1ff7beac-c9dc-4a1c-8036-546125af8248,2,6193.036335
2026/02/05/11:55:09,running-time,rs-000436-dkrnb,76d70daa-c9a0-4618-805b-0fd068298453,1,6194.036335
2026/02/05/11:55:10,apply-time,rs-000441-qtttb,d236a084-5331-41ac-9c5f-08a955b65e7b,1,6194.036335
2026/02/05/11:55:10,running-time,rs-000441-qtttb,d236a084-5331-41ac-9c5f-08a955b65e7b,1,6194.036335
2026/02/05/11:55:10,apply-time,rs-000442-2bfc7,46c65ede-2bfd-4916-8b10-164af7cc7306,2,6195.036335
2026/02/05/11:55:10,running-time,rs-000442-2bfc7,46c65ede-2bfd-4916-8b10-164af7cc7306,2,6195.036335
2026/02/05/11:55:10,apply-time,rs-000442-cvn5x,2a7451e6-318f-456f-8698-9c2b709b4a85,2,6194.036335
2026/02/05/11:55:10,running-time,rs-000442-cvn5x,2a7451e6-318f-456f-8698-9c2b709b4a85,2,6195.036335
2026/02/05/11:55:10,apply-time,rs-000443-q588l,e6a8a55d-bce0-4d52-bb96-88fe0a2fc8ab,3,6194.036335
2026/02/05/11:55:10,apply-time,rs-000443-vz862,80dbe1ae-db2d-48a0-ab02-1c3c8d2ffcbf,3,6194.036335
2026/02/05/11:55:10,running-time,rs-000443-vz862,80dbe1ae-db2d-48a0-ab02-1c3c8d2ffcbf,3,6194.036335
2026/02/05/11:55:10,apply-time,rs-000444-q48tf,e8cbbf57-2889-414e-aa44-b5fea0cc7046,1,6194.036335
2026/02/05/11:55:10,running-time,rs-000444-q48tf,e8cbbf57-2889-414e-aa44-b5fea0cc7046,1,6195.036335
2026/02/05/11:55:13,running-time,rs-000440-jhvrh,dbee985e-6616-4d27-8b1c-89da2b322199,2,6198.036335
2026/02/05/11:55:22,running-time,rs-000440-grns6,7aca2df1-4555-4912-8a01-ac66821a4793,2,6207.036335
2026/02/05/11:56:15,apply-time,rs-000445-mv7n8,fcdbf718-31d9-45bc-b181-8678b01aa9a3,4,6260.036335
2026/02/05/11:56:15,running-time,rs-000445-mv7n8,fcdbf718-31d9-45bc-b181-8678b01aa9a3,4,6260.036335
2026/02/05/11:56:15,apply-time,rs-000445-zcl85,02ccbd4c-0030-41c7-b9c9-a7b0444fb40c,4,6260.036335
2026/02/05/11:56:15,running-time,rs-000445-zcl85,02ccbd4c-0030-41c7-b9c9-a7b0444fb40c,4,6260.036335
2026/02/05/11:56:15,apply-time,rs-000446-kqw44,3db284b4-f5d8-4648-931e-94b330ce0b78,1,6260.036335
2026/02/05/11:56:15,running-time,rs-000446-kqw44,3db284b4-f5d8-4648-931e-94b330ce0b78,1,6260.036335
2026/02/05/11:56:15,apply-time,rs-000447-9fkgv,d1f61ab3-5f7f-4453-bd6d-406243d6d358,2,6260.036335
2026/02/05/11:56:15,running-time,rs-000447-9fkgv,d1f61ab3-5f7f-4453-bd6d-406243d6d358,2,6260.036335
2026/02/05/11:56:15,apply-time,rs-000447-wc86k,ca9d0691-892d-40f0-bfb2-69c17f6b99ad,2,6260.036335
2026/02/05/11:56:15,apply-time,rs-000447-zf5z9,ef680231-98e9-4474-a5f2-0b14c0d0bd41,2,6260.036335
2026/02/05/11:56:15,running-time,rs-000447-zf5z9,ef680231-98e9-4474-a5f2-0b14c0d0bd41,2,6260.036335
2026/02/05/11:56:15,apply-time,rs-000448-58ms7,d6bf6f56-2c65-4a7e-a540-c59165d97caa,1,6260.036335
2026/02/05/11:56:47,apply-time,rs-000449-cb2cg,bc1de674-13a1-4098-8692-a5a276ff3a0a,3,6292.036335
2026/02/05/11:56:47,running-time,rs-000449-cb2cg,bc1de674-13a1-4098-8692-a5a276ff3a0a,3,6292.036335
2026/02/05/11:56:47,apply-time,rs-000450-d4dh2,c76f32f3-8a43-4822-996b-ff7b9a026143,4,6292.036335
2026/02/05/11:56:47,running-time,rs-000450-d4dh2,c76f32f3-8a43-4822-996b-ff7b9a026143,4,6292.036335
2026/02/05/11:56:47,apply-time,rs-000451-5rxkh,8d55c8ab-6cc5-4989-8685-80a246b2c87d,4,6292.036335
2026/02/05/11:56:47,apply-time,rs-000451-wdmk2,6e77097d-7d39-4dd0-b421-4bc830aad284,4,6292.036335
2026/02/05/11:56:47,apply-time,rs-000452-8586f,31d2b3b8-b57a-4203-99ba-1531e1ab75cf,1,6292.036335
2026/02/05/11:56:47,running-time,rs-000452-8586f,31d2b3b8-b57a-4203-99ba-1531e1ab75cf,1,6292.036335
2026/02/05/11:56:47,apply-time,rs-000452-nt7lm,fdb1d2ba-b225-4efa-b900-870c5218e615,1,6292.036335
2026/02/05/11:56:47,running-time,rs-000452-nt7lm,fdb1d2ba-b225-4efa-b900-870c5218e615,1,6292.036335
2026/02/05/11:56:47,apply-time,rs-000452-r6hp7,4e8c73f9-2500-43b1-8bc7-1841871413db,1,6292.036335
2026/02/05/11:56:47,running-time,rs-000452-r6hp7,4e8c73f9-2500-43b1-8bc7-1841871413db,1,6292.036335
2026/02/05/11:56:47,apply-time,rs-000453-dxmzl,052c5b84-c384-4c50-9dd8-209e915e2e12,2,6292.036335
2026/02/05/11:56:47,running-time,rs-000453-dxmzl,052c5b84-c384-4c50-9dd8-209e915e2e12,2,6292.036335
2026/02/05/11:56:49,apply-time,rs-000454-v2rn4,116642df-4697-4123-af8b-b65373dd5f3d,1,6294.036335
2026/02/05/11:56:49,running-time,rs-000454-v2rn4,116642df-4697-4123-af8b-b65373dd5f3d,1,6294.036335
2026/02/05/11:56:49,apply-time,rs-000455-hx5ld,f56cd33d-6e6b-4191-8282-4ebf7f93c0c9,4,6294.036335
2026/02/05/11:56:49,apply-time,rs-000455-mtzjb,53e9e37f-0832-446b-b715-cb786266bb71,4,6294.036335
2026/02/05/11:56:49,running-time,rs-000455-mtzjb,53e9e37f-0832-446b-b715-cb786266bb71,4,6294.036335
2026/02/05/11:56:49,apply-time,rs-000455-t8ldn,d0db2d9b-2b55-4e9b-9360-c3788c50b933,4,6294.036335
2026/02/05/11:56:49,apply-time,rs-000456-25nfd,e3846956-241f-48ea-9056-73fefbb61c89,1,6294.036335
2026/02/05/11:56:49,running-time,rs-000456-25nfd,e3846956-241f-48ea-9056-73fefbb61c89,1,6294.036335
2026/02/05/11:56:49,apply-time,rs-000456-47wxj,06b0aa0d-e14e-413e-bc85-ea7b29b57c34,1,6294.036335
2026/02/05/11:56:49,running-time,rs-000456-47wxj,06b0aa0d-e14e-413e-bc85-ea7b29b57c34,1,6294.036335
2026/02/05/11:56:49,apply-time,rs-000457-26m97,ab0ec557-ae8e-4b6e-b4ef-43dba4971f7d,3,6294.036335
2026/02/05/11:56:49,apply-time,rs-000458-qnbrc,ca95d85f-c021-465c-ac5c-99ec9acb26f1,1,6294.036335
2026/02/05/11:56:49,apply-time,rs-000458-tgvkh,de07e70a-a6e7-4b1b-a248-f3bad9a636ec,1,6294.036335
2026/02/05/11:56:49,apply-time,rs-000459-l7vp8,53e073a3-7447-4576-947f-6b7201f1ac9c,1,6294.036335
2026/02/05/11:56:49,apply-time,rs-000459-z2gbs,03fbf6a8-5d30-4085-a66a-ad8eb636b3e5,1,6294.036335
2026/02/05/11:56:49,apply-time,rs-000460-7wrck,8c35f194-8428-4dde-90c4-7e7c034021ae,4,6295.036335
2026/02/05/11:56:49,running-time,rs-000460-7wrck,8c35f194-8428-4dde-90c4-7e7c034021ae,4,6295.036335
2026/02/05/11:56:49,apply-time,rs-000460-g5xgw,a6483494-1e12-4a48-8289-105ca273b5df,4,6294.036335
2026/02/05/11:56:49,running-time,rs-000460-g5xgw,a6483494-1e12-4a48-8289-105ca273b5df,4,6294.036335
2026/02/05/11:56:50,apply-time,rs-000461-48qd7,33d244a8-74c2-474f-b963-85e7fffc21ec,1,6295.036335
2026/02/05/11:56:50,apply-time,rs-000461-qb9bh,2b299ee4-523c-4a6e-b65a-1a670a2f3742,1,6295.036335
2026/02/05/11:56:51,running-time,rs-000455-hx5ld,f56cd33d-6e6b-4191-8282-4ebf7f93c0c9,4,6296.036335
2026/02/05/11:56:52,running-time,rs-000455-t8ldn,d0db2d9b-2b55-4e9b-9360-c3788c50b933,4,6297.036335
2026/02/05/11:56:56,running-time,rs-000457-26m97,ab0ec557-ae8e-4b6e-b4ef-43dba4971f7d,3,6301.036335
2026/02/05/11:57:01,apply-time,rs-000462-r87mn,3c4c2c9f-c3ba-494f-887f-6e182bd9c102,4,6306.036335
2026/02/05/11:57:01,running-time,rs-000462-r87mn,3c4c2c9f-c3ba-494f-887f-6e182bd9c102,4,6306.036335
2026/02/05/11:57:01,apply-time,rs-000462-wdl28,6a965d85-7952-47b8-bb92-d820f63a7e70,4,6306.036335
2026/02/05/11:57:01,apply-time,rs-000463-qhf65,23de49c1-a2be-410c-877b-c8f6761a06d4,2,6306.036335
2026/02/05/11:57:01,running-time,rs-000463-qhf65,23de49c1-a2be-410c-877b-c8f6761a06d4,2,6306.036335
2026/02/05/11:57:01,apply-time,rs-000464-m2s74,9e5c8930-74ab-42ca-afdf-ae4414f41143,4,6306.036335
2026/02/05/11:57:01,apply-time,rs-000464-rc7vv,f15d3b5d-7d5f-4da7-a450-a33375c01d8e,4,6306.036335
2026/02/05/11:57:01,apply-time,rs-000464-svtqq,dc07e3db-65ce-44f4-a56b-e752e6e962b9,4,6306.036335
2026/02/05/11:57:03,running-time,rs-000464-m2s74,9e5c8930-74ab-42ca-afdf-ae4414f41143,4,6308.036335
2026/02/05/11:57:05,running-time,rs-000462-wdl28,6a965d85-7952-47b8-bb92-d820f63a7e70,4,6310.036335
2026/02/05/11:57:14,running-time,rs-000464-rc7vv,f15d3b5d-7d5f-4da7-a450-a33375c01d8e,4,6319.036335
2026/02/05/11:57:46,apply-time,rs-000465-4wcrd,90dddd0c-5f32-4d2a-9f15-e78e70e83afc,3,6351.036335
2026/02/05/11:57:46,apply-time,rs-000465-66jct,440a6c5f-e167-40c3-af4f-d462b0fcf0c4,3,6351.036335
2026/02/05/11:57:46,running-time,rs-000465-66jct,440a6c5f-e167-40c3-af4f-d462b0fcf0c4,3,6351.036335
2026/02/05/11:57:46,apply-time,rs-000465-d7hxp,ea65155e-6b60-4b3a-a716-4bcab09c6398,3,6351.036335
2026/02/05/11:57:46,apply-time,rs-000466-mmkwv,938e76e5-7b7d-40cf-9a47-c91684ad451f,4,6351.036335
2026/02/05/11:57:46,running-time,rs-000466-mmkwv,938e76e5-7b7d-40cf-9a47-c91684ad451f,4,6351.036335
2026/02/05/11:58:44,apply-time,rs-000467-99stn,73ef9ce1-d7f2-4335-989d-bb9693728986,3,6409.036335
2026/02/05/11:58:44,running-time,rs-000467-99stn,73ef9ce1-d7f2-4335-989d-bb9693728986,3,6409.036335
2026/02/05/11:58:44,apply-time,rs-000467-dxl7p,a08bd8c7-ac44-456e-8324-59bd035ec0f5,3,6409.036335
2026/02/05/11:58:44,running-time,rs-000467-dxl7p,a08bd8c7-ac44-456e-8324-59bd035ec0f5,3,6409.036335
2026/02/05/11:58:44,apply-time,rs-000467-vxzlq,02dcc6f9-64fe-4510-9f0a-3ddfbe21713e,3,6409.036335
2026/02/05/11:58:44,running-time,rs-000467-vxzlq,02dcc6f9-64fe-4510-9f0a-3ddfbe21713e,3,6409.036335
2026/02/05/11:58:44,apply-time,rs-000468-7sgzr,87d71093-cf07-44ef-a420-7affe27eaed1,2,6409.036335
2026/02/05/11:58:44,apply-time,rs-000468-v4kwn,9f6d7b4e-3357-4aec-99ca-53c02ef226a8,2,6409.036335
2026/02/05/11:58:44,apply-time,rs-000469-5rc7k,2137aefe-e89a-452a-b189-c89eb876dc8c,3,6409.036335
2026/02/05/11:58:44,running-time,rs-000469-5rc7k,2137aefe-e89a-452a-b189-c89eb876dc8c,3,6409.036335
2026/02/05/11:58:44,apply-time,rs-000469-cjkbf,b2cb22de-2e2a-48e4-911e-5f4525f24079,3,6409.036335
2026/02/05/11:58:49,apply-time,rs-000470-7zpmh,913f5bbc-6736-4926-a6df-1e9f33883b4d,3,6414.036335
2026/02/05/11:58:49,apply-time,rs-000471-k5pvx,06c5314b-2d6f-4e24-9c8c-4bd170996917,2,6414.036335
2026/02/05/11:58:49,running-time,rs-000471-k5pvx,06c5314b-2d6f-4e24-9c8c-4bd170996917,2,6414.036335
2026/02/05/11:58:49,apply-time,rs-000472-9c88p,a1f9e1ca-4729-41fa-a5d6-15eaff0ed90b,3,6414.036335
2026/02/05/11:58:49,apply-time,rs-000472-f4d5n,3098d407-9522-47af-bf67-211170d5089b,3,6414.036335
2026/02/05/11:58:49,apply-time,rs-000472-qvw4j,dc61474c-8fce-4b65-8dca-cb99bdee7619,3,6414.036335
2026/02/05/11:59:00,running-time,rs-000469-cjkbf,b2cb22de-2e2a-48e4-911e-5f4525f24079,3,6425.036335
2026/02/05/11:59:13,apply-time,rs-000473-2glt2,764ce40a-622e-465f-a86b-f8a8ee2b1e67,4,6438.036335
2026/02/05/11:59:13,running-time,rs-000473-2glt2,764ce40a-622e-465f-a86b-f8a8ee2b1e67,4,6438.036335
2026/02/05/11:59:13,apply-time,rs-000473-hr5cr,c5d3cd4f-8e7c-4cde-8814-012dccc52431,4,6438.036335
2026/02/05/11:59:13,running-time,rs-000473-hr5cr,c5d3cd4f-8e7c-4cde-8814-012dccc52431,4,6438.036335
2026/02/05/11:59:13,apply-time,rs-000474-jfbzp,a660b14e-2e45-4423-86c2-6b9b150733c4,2,6438.036335
2026/02/05/11:59:13,running-time,rs-000474-jfbzp,a660b14e-2e45-4423-86c2-6b9b150733c4,2,6438.036335
2026/02/05/11:59:13,apply-time,rs-000474-q447f,de5523f9-0935-4d5d-a8dd-0c82a08c4c16,2,6438.036335
2026/02/05/11:59:13,running-time,rs-000474-q447f,de5523f9-0935-4d5d-a8dd-0c82a08c4c16,2,6438.036335
2026/02/05/11:59:13,apply-time,rs-000474-t6vns,9f1c9c84-8a7b-4323-8dc7-4a4bc54ea04e,2,6438.036335
2026/02/05/11:59:13,apply-time,rs-000475-8xqfm,8460cdca-803d-4ca0-875d-4859516cfbd8,1,6438.036335
2026/02/05/11:59:13,running-time,rs-000475-8xqfm,8460cdca-803d-4ca0-875d-4859516cfbd8,1,6438.036335
2026/02/05/11:59:13,apply-time,rs-000475-mw8gw,62de2990-f13d-494b-ba3f-41c2090782ab,1,6438.036335
2026/02/05/11:59:13,running-time,rs-000475-mw8gw,62de2990-f13d-494b-ba3f-41c2090782ab,1,6438.036335
2026/02/05/11:59:13,apply-time,rs-000475-qtb9l,0b9693a0-c5f1-444d-9748-2beb85b731bb,1,6438.036335
2026/02/05/11:59:18,apply-time,rs-000476-tjftp,c703aa09-5c47-49df-88cc-9e58799d7909,4,6443.036335
2026/02/05/11:59:18,running-time,rs-000476-tjftp,c703aa09-5c47-49df-88cc-9e58799d7909,4,6443.036335
2026/02/05/11:59:18,apply-time,rs-000477-hgwrw,57027c96-5b93-494c-b95f-c9b369f3c630,2,6443.036335
2026/02/05/11:59:18,running-time,rs-000477-hgwrw,57027c96-5b93-494c-b95f-c9b369f3c630,2,6443.036335
2026/02/05/11:59:33,running-time,rs-000475-qtb9l,0b9693a0-c5f1-444d-9748-2beb85b731bb,1,6457.036335
2026/02/05/12:00:04,apply-time,rs-000478-8lcgh,8012a61e-7e7d-47ae-afce-fe7fc9eeba09,4,6488.036335
2026/02/05/12:00:04,running-time,rs-000478-8lcgh,8012a61e-7e7d-47ae-afce-fe7fc9eeba09,4,6488.036335
2026/02/05/12:00:04,apply-time,rs-000478-ngjwh,ea945479-882e-4750-a0f8-6f14c10b659d,4,6488.036335
2026/02/05/12:00:04,running-time,rs-000478-ngjwh,ea945479-882e-4750-a0f8-6f14c10b659d,4,6488.036335
2026/02/05/12:00:04,apply-time,rs-000478-qh5rc,25971d26-e3a2-4342-bf7d-4e18d2a3d39e,4,6488.036335
2026/02/05/12:00:04,running-time,rs-000478-qh5rc,25971d26-e3a2-4342-bf7d-4e18d2a3d39e,4,6488.036335
2026/02/05/12:00:11,apply-time,rs-000479-27bss,adef567e-079c-4a9e-adc0-3e0f6e156fab,2,6495.036335
2026/02/05/12:00:11,running-time,rs-000479-27bss,adef567e-079c-4a9e-adc0-3e0f6e156fab,2,6496.036335
2026/02/05/12:00:11,apply-time,rs-000479-f4kgw,b93ed06f-1517-4aaf-a477-babd7e74d609,2,6495.036335
2026/02/05/12:00:11,running-time,rs-000479-f4kgw,b93ed06f-1517-4aaf-a477-babd7e74d609,2,6495.036335
2026/02/05/12:00:11,apply-time,rs-000479-z9w9g,d723516d-d146-44e7-b4de-cf6479957c7e,2,6495.036335
2026/02/05/12:00:11,running-time,rs-000479-z9w9g,d723516d-d146-44e7-b4de-cf6479957c7e,2,6495.036335
2026/02/05/12:00:26,apply-time,rs-000480-bj6jm,920180ac-6484-40ef-b641-95564b6ec1b1,3,6510.036335
2026/02/05/12:00:26,running-time,rs-000480-bj6jm,920180ac-6484-40ef-b641-95564b6ec1b1,3,6510.036335
2026/02/05/12:00:26,apply-time,rs-000481-t56zq,c53c7012-8a53-42dc-a5b8-dbd54a2aa28d,2,6510.036335
2026/02/05/12:01:00,apply-time,rs-000452-84n7d,cd1b1ac2-37d1-4635-b335-b6aeb4344ab1,1,6544.036335
2026/02/05/12:01:00,running-time,rs-000452-84n7d,cd1b1ac2-37d1-4635-b335-b6aeb4344ab1,1,6544.036335
2026/02/05/12:01:00,running-time,rs-000481-t56zq,c53c7012-8a53-42dc-a5b8-dbd54a2aa28d,2,6544.036335
2026/02/05/12:01:20,apply-time,rs-000482-bdbtc,6942de6f-ddbd-4fcd-abdd-f437da5f16f5,1,6565.036335
2026/02/05/12:01:20,running-time,rs-000482-bdbtc,6942de6f-ddbd-4fcd-abdd-f437da5f16f5,1,6565.036335
2026/02/05/12:01:20,apply-time,rs-000482-t8ktg,f48b9a0a-b33d-40b4-b9e3-d42f3f963772,1,6565.036335
2026/02/05/12:01:20,running-time,rs-000482-t8ktg,f48b9a0a-b33d-40b4-b9e3-d42f3f963772,1,6565.036335
2026/02/05/12:01:20,apply-time,rs-000483-7dgdv,bd18caae-79ca-4e5f-b47c-49c7a63fc6de,2,6565.036335
2026/02/05/12:01:20,running-time,rs-000483-7dgdv,bd18caae-79ca-4e5f-b47c-49c7a63fc6de,2,6565.036335
2026/02/05/12:01:20,apply-time,rs-000483-h7xbb,5481bf4b-4eda-41d7-bf57-5874bf0cada8,2,6565.036335
2026/02/05/12:01:21,apply-time,rs-000484-nbxx7,da67c9e2-e1d1-442d-a549-00caf8e708d0,3,6565.036335
2026/02/05/12:01:21,apply-time,rs-000484-njtpn,82d5ec8e-f41b-4078-941b-751f7817ded3,3,6565.036335
2026/02/05/12:01:21,apply-time,rs-000485-ldjvz,cdcc0221-b166-4c73-a431-5f3c1a205081,3,6565.036335
2026/02/05/12:01:21,running-time,rs-000485-ldjvz,cdcc0221-b166-4c73-a431-5f3c1a205081,3,6565.036335
2026/02/05/12:01:21,apply-time,rs-000485-nhpbh,20b2ff9b-f720-448b-b26e-c91fda5b76a6,3,6565.036335
2026/02/05/12:01:21,running-time,rs-000485-nhpbh,20b2ff9b-f720-448b-b26e-c91fda5b76a6,3,6565.036335
2026/02/05/12:01:27,apply-time,rs-000486-2w7nt,64ba7c16-2a47-450b-a259-cd0921f896c7,3,6572.036335
2026/02/05/12:01:28,running-time,rs-000486-2w7nt,64ba7c16-2a47-450b-a259-cd0921f896c7,3,6572.036335
2026/02/05/12:01:38,running-time,rs-000483-h7xbb,5481bf4b-4eda-41d7-bf57-5874bf0cada8,2,6582.036335
2026/02/05/12:01:39,apply-time,rs-000487-6mfps,0072d10b-5f48-4173-8920-340a6fa41ddf,1,6583.036335
2026/02/05/12:01:39,apply-time,rs-000488-fr8pn,12107763-b2bf-4600-b5f2-bbf5f32bf18d,2,6583.036335
2026/02/05/12:01:39,running-time,rs-000488-fr8pn,12107763-b2bf-4600-b5f2-bbf5f32bf18d,2,6583.036335
2026/02/05/12:01:39,apply-time,rs-000488-x65h6,14221290-c04d-42d7-8924-22db0bf2f727,2,6583.036335
2026/02/05/12:01:39,running-time,rs-000488-x65h6,14221290-c04d-42d7-8924-22db0bf2f727,2,6583.036335
2026/02/05/12:02:06,running-time,rs-000484-nbxx7,da67c9e2-e1d1-442d-a549-00caf8e708d0,3,6610.036335
2026/02/05/12:02:58,apply-time,rs-000452-4mnhw,fc0704a8-22de-47bd-a944-322e37d9f9ac,1,6663.036335
2026/02/05/12:02:58,running-time,rs-000452-4mnhw,fc0704a8-22de-47bd-a944-322e37d9f9ac,1,6663.036335
2026/02/05/12:02:58,apply-time,rs-000475-zv69l,be9ea502-12f7-4a0c-8696-604a240d905e,1,6663.036335
2026/02/05/12:02:58,running-time,rs-000475-zv69l,be9ea502-12f7-4a0c-8696-604a240d905e,1,6663.036335
2026/02/05/12:02:58,running-time,rs-000484-njtpn,82d5ec8e-f41b-4078-941b-751f7817ded3,3,6663.036335
2026/02/05/12:03:16,apply-time,rs-000489-mvsb5,4a61f7aa-7dc0-4b0b-bea3-55041f7c3431,2,6680.036335
2026/02/05/12:03:16,apply-time,rs-000490-bdmw7,b25d4924-ffc2-4e4c-ad1c-2978bf31d891,3,6680.036335
2026/02/05/12:03:16,apply-time,rs-000491-89758,0a8495a5-bf48-4306-ac74-48e5f7a55337,3,6680.036335
2026/02/05/12:03:16,apply-time,rs-000491-jfbfc,c0ee8f7a-9f48-44df-a6a0-ef0164ce1060,3,6680.036335
2026/02/05/12:03:16,apply-time,rs-000491-t7tbz,3959b8c8-369f-4c58-a91c-55cde21c914f,3,6680.036335
2026/02/05/12:03:16,apply-time,rs-000492-dhvjh,5c056201-04a1-40fd-a7cd-5a9d0f212483,4,6681.036335
2026/02/05/12:03:16,apply-time,rs-000493-j7cml,f777061d-0f2b-4a63-a235-3ddca5261849,4,6681.036335
2026/02/05/12:03:16,running-time,rs-000493-j7cml,f777061d-0f2b-4a63-a235-3ddca5261849,4,6681.036335
2026/02/05/12:03:16,apply-time,rs-000493-tl4ss,dd1edaef-1c16-42d4-b6cf-29bba4387d67,4,6681.036335
2026/02/05/12:03:16,running-time,rs-000493-tl4ss,dd1edaef-1c16-42d4-b6cf-29bba4387d67,4,6681.036335
2026/02/05/12:03:16,apply-time,rs-000494-hkcw5,c06ee6a5-1aad-4548-bbe1-e622029341f6,1,6681.036335
2026/02/05/12:03:16,running-time,rs-000494-hkcw5,c06ee6a5-1aad-4548-bbe1-e622029341f6,1,6681.036335
2026/02/05/12:03:16,apply-time,rs-000494-l466t,4ff0e3ed-e3e4-45f0-afdf-ff1726d3a5b5,1,6681.036335
2026/02/05/12:03:16,running-time,rs-000494-l466t,4ff0e3ed-e3e4-45f0-afdf-ff1726d3a5b5,1,6681.036335
2026/02/05/12:03:16,apply-time,rs-000494-lk9zf,baa03b9f-cd32-4d39-8ca8-e56df90e2cac,1,6681.036335
2026/02/05/12:03:16,apply-time,rs-000495-f75mj,189c7517-5366-4f97-a700-e49069da79bd,1,6681.036335
2026/02/05/12:03:16,running-time,rs-000495-f75mj,189c7517-5366-4f97-a700-e49069da79bd,1,6681.036335
2026/02/05/12:03:16,apply-time,rs-000495-j92jr,acc2a54e-c263-42fd-9974-47c4505464b4,1,6681.036335
2026/02/05/12:03:16,running-time,rs-000495-j92jr,acc2a54e-c263-42fd-9974-47c4505464b4,1,6681.036335
2026/02/05/12:03:16,apply-time,rs-000495-pbqcm,ff705072-6905-472f-b20b-7eb9c5a787e5,1,6681.036335
2026/02/05/12:03:16,running-time,rs-000495-pbqcm,ff705072-6905-472f-b20b-7eb9c5a787e5,1,6681.036335
2026/02/05/12:03:19,running-time,rs-000494-lk9zf,baa03b9f-cd32-4d39-8ca8-e56df90e2cac,1,6683.036335
2026/02/05/12:03:20,running-time,rs-000490-bdmw7,b25d4924-ffc2-4e4c-ad1c-2978bf31d891,3,6684.036335
2026/02/05/12:03:20,running-time,rs-000491-89758,0a8495a5-bf48-4306-ac74-48e5f7a55337,3,6684.036335
2026/02/05/12:03:20,running-time,rs-000491-jfbfc,c0ee8f7a-9f48-44df-a6a0-ef0164ce1060,3,6684.036335
2026/02/05/12:03:20,running-time,rs-000491-t7tbz,3959b8c8-369f-4c58-a91c-55cde21c914f,3,6684.036335
2026/02/05/12:03:35,running-time,rs-000489-mvsb5,4a61f7aa-7dc0-4b0b-bea3-55041f7c3431,2,6700.036335
2026/02/05/12:06:25,apply-time,rs-000496-5cd5m,e39a1ba9-f4d6-4bc0-b36f-e6b6d170f8e2,2,6870.036335
2026/02/05/12:06:25,running-time,rs-000496-5cd5m,e39a1ba9-f4d6-4bc0-b36f-e6b6d170f8e2,2,6870.036335
2026/02/05/12:06:25,apply-time,rs-000497-kcpng,abcba3d9-56da-4b11-8c48-275799ad78e3,1,6870.036335
2026/02/05/12:06:25,apply-time,rs-000498-2qcd9,50832cc9-7f52-46c4-a40d-29cd27ba1b1a,3,6870.036335
2026/02/05/12:06:25,running-time,rs-000498-2qcd9,50832cc9-7f52-46c4-a40d-29cd27ba1b1a,3,6870.036335
2026/02/05/12:06:25,apply-time,rs-000498-85gtl,d9473cf2-c5f3-4563-88a8-a52c9495d99d,3,6870.036335
2026/02/05/12:06:25,running-time,rs-000498-85gtl,d9473cf2-c5f3-4563-88a8-a52c9495d99d,3,6870.036335
2026/02/05/12:06:25,apply-time,rs-000498-fhk9j,f1f1d76a-7a01-48e3-a071-241d4c4800c0,3,6870.036335
2026/02/05/12:06:25,running-time,rs-000498-fhk9j,f1f1d76a-7a01-48e3-a071-241d4c4800c0,3,6870.036335
2026/02/05/12:06:25,apply-time,rs-000499-g4j6b,878f86a4-aa9b-4e0e-9e6b-14c0d979a890,2,6870.036335
2026/02/05/12:06:25,running-time,rs-000499-g4j6b,878f86a4-aa9b-4e0e-9e6b-14c0d979a890,2,6870.036335
2026/02/05/12:06:25,apply-time,rs-000499-hx9sb,6c6d2720-e5cc-4716-8f33-898dd6713144,2,6870.036335
2026/02/05/12:06:25,running-time,rs-000499-hx9sb,6c6d2720-e5cc-4716-8f33-898dd6713144,2,6870.036335
2026/02/05/12:06:36,apply-time,rs-000500-rbkgh,ce89b680-4604-4d5c-bcbc-85f85a57efb8,1,6881.036335
2026/02/05/12:06:36,running-time,rs-000500-rbkgh,ce89b680-4604-4d5c-bcbc-85f85a57efb8,1,6881.036335
2026/02/05/12:06:36,apply-time,rs-000501-gbl6v,412309ca-ba12-4ef7-bdbc-12d83646601b,2,6881.036335
2026/02/05/12:06:36,running-time,rs-000501-gbl6v,412309ca-ba12-4ef7-bdbc-12d83646601b,2,6881.036335
2026/02/05/12:06:36,apply-time,rs-000502-92lgn,08684e4f-fcdb-4c4f-98a0-8e4b3140a091,4,6881.036335
2026/02/05/12:08:28,apply-time,rs-000503-7z4hm,d62c7c4f-d1a7-49e5-8467-6888f3693678,1,6993.036335
2026/02/05/12:08:28,running-time,rs-000503-7z4hm,d62c7c4f-d1a7-49e5-8467-6888f3693678,1,6993.036335
2026/02/05/12:08:29,apply-time,rs-000504-hrchb,076c17fe-9537-4a14-9f70-5e7433f02256,1,6993.036335
2026/02/05/12:08:29,apply-time,rs-000504-q9khx,15bb7101-4da5-484f-a100-0a0f2acae02a,1,6993.036335
2026/02/05/12:08:32,apply-time,rs-000505-x8449,f6f21df2-9d7a-48e2-bdb8-da33baf74662,3,6997.036335
2026/02/05/12:08:32,running-time,rs-000505-x8449,f6f21df2-9d7a-48e2-bdb8-da33baf74662,3,6997.036335
2026/02/05/12:08:34,apply-time,rs-000506-gvl5h,db3ce698-92e9-4087-a7ab-a6c68554e9e1,2,6999.036335
2026/02/05/12:08:34,apply-time,rs-000506-w2cft,aaaa5e9f-7770-4b97-8931-e8a5876eb810,2,6999.036335
2026/02/05/12:08:34,apply-time,rs-000506-xfdwr,8c1b2c31-2030-499a-91e0-68a883eb6f91,2,6999.036335
2026/02/05/12:08:34,apply-time,rs-000507-ntr76,fd06ed29-25c2-4c3d-9b57-bd786a97b9a2,3,6999.036335
2026/02/05/12:08:34,running-time,rs-000507-ntr76,fd06ed29-25c2-4c3d-9b57-bd786a97b9a2,3,6999.036335
2026/02/05/12:08:35,running-time,rs-000506-xfdwr,8c1b2c31-2030-499a-91e0-68a883eb6f91,2,7000.036335
2026/02/05/12:08:42,running-time,rs-000506-w2cft,aaaa5e9f-7770-4b97-8931-e8a5876eb810,2,7007.036335
