timestamp,time_s,cpu_run_util,mem_run_util,cpu_req_util,mem_req_util,running_p1,unsched_p1,deletions_cum_p1
2026/02/04/00:14:28,4.726173,0.268937,0.184528,0.268937,0.184528,54,0,0
2026/02/04/00:14:29,5.726292,0.305094,0.206931,0.307063,0.209988,66,1,0
2026/02/04/00:14:30,6.726364,0.316406,0.223855,0.316406,0.223855,72,0,2
2026/02/04/00:14:31,7.726458,0.345531,0.255345,0.349813,0.257234,82,1,2
2026/02/04/00:14:32,8.726569,0.375875,0.285115,0.377563,0.287180,92,1,2
2026/02/04/00:14:33,9.726657,0.402719,0.316332,0.407594,0.329381,102,1,2
2026/02/04/00:14:34,10.726723,0.445250,0.367103,0.445250,0.367103,114,0,2
2026/02/04/00:14:35,11.726812,0.506687,0.435660,0.506687,0.435660,124,0,2
2026/02/04/00:14:36,12.726888,0.539500,0.468535,0.539500,0.468535,134,0,2
2026/02/04/00:14:37,13.726992,0.572937,0.511480,0.572937,0.511480,144,0,2
2026/02/04/00:14:38,14.727083,0.616313,0.560827,0.616313,0.560827,155,0,2
2026/02/04/00:14:39,15.727251,0.675750,0.618505,0.679188,0.620363,165,1,2
2026/02/04/00:14:40,16.727358,0.713437,0.661110,0.713437,0.661110,175,0,4
2026/02/04/00:14:41,17.727466,0.726156,0.683652,0.733313,0.689684,181,1,7
2026/02/04/00:14:42,18.727525,0.788156,0.720800,0.800188,0.723920,190,1,7
2026/02/04/00:14:43,19.727682,0.824094,0.760129,0.848156,0.766369,199,2,7
2026/02/04/00:14:44,20.727781,0.827281,0.768659,0.851344,0.774900,201,2,7
2026/02/04/00:14:45,21.727926,0.827281,0.768659,0.851344,0.774900,201,2,7
2026/02/04/00:14:46,22.728115,0.827281,0.768659,0.851344,0.774900,201,2,7
2026/02/04/00:14:47,23.728282,0.827281,0.768659,0.851344,0.774900,201,2,7
2026/02/04/00:14:48,24.728369,0.827281,0.768659,0.851344,0.774900,201,2,7
2026/02/04/00:14:49,25.728543,0.827281,0.768659,0.851344,0.774900,201,2,7
2026/02/04/00:14:50,26.728665,0.827281,0.768659,0.851344,0.774900,201,2,7
2026/02/04/00:14:51,27.728814,0.827281,0.768659,0.851344,0.774900,201,2,7
2026/02/04/00:14:52,28.728911,0.827281,0.768659,0.851344,0.774900,201,2,7
2026/02/04/00:14:53,29.728988,0.827281,0.768659,0.851344,0.774900,201,2,7
2026/02/04/00:14:54,30.729154,0.827281,0.768659,0.851344,0.774900,201,2,7
2026/02/04/00:14:55,31.729240,0.827281,0.768659,0.851344,0.774900,201,2,7
2026/02/04/00:14:56,32.729340,0.827281,0.768659,0.851344,0.774900,201,2,7
2026/02/04/00:14:57,33.729440,0.827281,0.768659,0.851344,0.774900,201,2,7
2026/02/04/00:14:58,34.729526,0.827281,0.768659,0.851344,0.774900,201,2,7
2026/02/04/00:14:59,35.729632,0.827281,0.768659,0.851344,0.774900,201,2,7
2026/02/04/00:15:00,36.729729,0.827281,0.768659,0.851344,0.774900,201,2,7
2026/02/04/00:15:01,37.729880,0.827281,0.768659,0.851344,0.774900,201,2,7
2026/02/04/00:15:02,38.729998,0.819406,0.751139,0.843469,0.757380,198,2,10
2026/02/04/00:15:03,39.730091,0.819406,0.751139,0.843469,0.757380,198,2,10
2026/02/04/00:15:04,40.730191,0.819406,0.751139,0.843469,0.757380,198,2,10
2026/02/04/00:15:05,41.730317,0.819406,0.751139,0.843469,0.757380,198,2,10
2026/02/04/00:15:06,42.730418,0.819406,0.751139,0.843469,0.757380,198,2,10
2026/02/04/00:15:07,43.730502,0.815813,0.749129,0.839875,0.755370,197,2,11
2026/02/04/00:15:08,44.730654,0.815813,0.749129,0.839875,0.755370,197,2,11
2026/02/04/00:15:09,45.730744,0.815813,0.749129,0.839875,0.755370,197,2,11
2026/02/04/00:15:10,46.730898,0.815813,0.749129,0.839875,0.755370,197,2,11
2026/02/04/00:15:11,47.730992,0.815813,0.749129,0.839875,0.755370,197,2,11
2026/02/04/00:15:12,48.731089,0.815813,0.749129,0.839875,0.755370,197,2,11
2026/02/04/00:15:13,49.731186,0.815813,0.749129,0.839875,0.755370,197,2,11
2026/02/04/00:15:14,50.731301,0.815813,0.749129,0.839875,0.755370,197,2,11
2026/02/04/00:15:15,51.731407,0.815813,0.749129,0.839875,0.755370,197,2,11
2026/02/04/00:15:16,52.731671,0.815813,0.749129,0.839875,0.755370,197,2,11
2026/02/04/00:15:17,53.731668,0.815813,0.749129,0.839875,0.755370,197,2,11
2026/02/04/00:15:18,54.731839,0.815813,0.749129,0.839875,0.755370,197,2,11
2026/02/04/00:15:19,55.731934,0.815813,0.749129,0.839875,0.755370,197,2,11
2026/02/04/00:15:20,56.732038,0.815813,0.749129,0.839875,0.755370,197,2,11
2026/02/04/00:15:21,57.732131,0.844781,0.790501,0.886156,0.813415,207,4,11
2026/02/04/00:15:22,58.732242,0.844781,0.790501,0.886156,0.813415,207,4,11
2026/02/04/00:15:23,59.732338,0.835969,0.775109,0.877344,0.798022,204,4,14
2026/02/04/00:15:24,60.732443,0.838406,0.777072,0.868125,0.788980,205,4,14
2026/02/04/00:15:25,61.732528,0.844063,0.782740,0.868125,0.788980,207,2,14
2026/02/04/00:15:26,62.732689,0.844063,0.782740,0.868125,0.788980,207,2,14
2026/02/04/00:15:27,63.732789,0.847812,0.787346,0.871875,0.793587,208,2,14
2026/02/04/00:15:28,64.732941,0.848500,0.791023,0.872563,0.797263,208,2,16
2026/02/04/00:15:29,65.733044,0.848500,0.791023,0.872563,0.797263,208,2,16
2026/02/04/00:15:30,66.733200,0.848688,0.798996,0.884312,0.807236,209,3,17
2026/02/04/00:15:31,67.733354,0.848688,0.798996,0.884312,0.807236,209,3,17
2026/02/04/00:15:32,68.733466,0.848688,0.798996,0.884312,0.807236,209,3,17
2026/02/04/00:15:33,69.733651,0.845219,0.795190,0.880844,0.803430,208,3,18
2026/02/04/00:15:34,70.733730,0.843719,0.784207,0.879344,0.792447,207,3,20
2026/02/04/00:15:35,71.733831,0.891469,0.829928,0.939094,0.854879,220,5,20
2026/02/04/00:15:36,72.733933,0.897469,0.834731,0.942094,0.857281,222,4,20
2026/02/04/00:15:37,73.734026,0.889969,0.825876,0.934594,0.848425,218,4,24
2026/02/04/00:15:38,74.734104,0.893906,0.826508,0.938531,0.849057,220,4,25
2026/02/04/00:15:39,75.734306,0.892094,0.824486,0.936719,0.847035,219,4,26
2026/02/04/00:15:40,76.734348,0.892094,0.824486,0.936719,0.847035,219,4,26
2026/02/04/00:15:41,77.734478,0.894219,0.827334,0.938844,0.849884,220,4,26
2026/02/04/00:15:42,78.734591,0.894219,0.827334,0.938844,0.849884,220,4,26
2026/02/04/00:15:43,79.734743,0.888906,0.819833,0.933531,0.842383,218,4,28
2026/02/04/00:15:44,80.734902,0.882250,0.813967,0.926875,0.836516,215,4,31
2026/02/04/00:15:45,81.735051,0.880250,0.812213,0.924875,0.834763,214,4,32
2026/02/04/00:15:46,82.735152,0.880250,0.812213,0.924875,0.834763,214,4,32
2026/02/04/00:15:47,83.735321,0.875375,0.805606,0.920000,0.828156,211,4,35
2026/02/04/00:15:48,84.735482,0.901250,0.829000,0.945875,0.851550,220,4,35
2026/02/04/00:15:49,85.735570,0.913094,0.840150,0.974125,0.868594,225,7,35
2026/02/04/00:15:50,86.735669,0.908781,0.823202,0.964344,0.849681,222,6,39
2026/02/04/00:15:51,87.735763,0.906125,0.821918,0.950750,0.844467,221,4,42
2026/02/04/00:15:52,88.735918,0.903250,0.819930,0.947875,0.842480,220,4,43
2026/02/04/00:15:53,89.735999,0.891375,0.813183,0.936000,0.835733,218,4,45
2026/02/04/00:15:54,90.736110,0.889125,0.809513,0.938063,0.860393,216,6,48
2026/02/04/00:15:55,91.736192,0.876188,0.810595,0.925125,0.861475,216,6,51
2026/02/04/00:15:56,92.736293,0.876188,0.810595,0.925125,0.861475,216,6,51
2026/02/04/00:15:57,93.736419,0.873656,0.808703,0.918281,0.831253,215,4,52
2026/02/04/00:15:58,94.736481,0.873656,0.808703,0.918281,0.831253,215,4,52
2026/02/04/00:15:59,95.736589,0.873656,0.808703,0.918281,0.831253,215,4,52
2026/02/04/00:16:00,96.736747,0.873656,0.808703,0.918281,0.831253,215,4,52
2026/02/04/00:16:01,97.736868,0.867750,0.792844,0.912375,0.815394,212,4,55
2026/02/04/00:16:02,98.736999,0.867750,0.792844,0.912375,0.815394,212,4,55
2026/02/04/00:16:03,99.737087,0.851437,0.786860,0.896062,0.809410,210,4,57
2026/02/04/00:16:04,100.737160,0.851437,0.786860,0.896062,0.809410,210,4,57
2026/02/04/00:16:05,101.737288,0.851437,0.786860,0.896062,0.809410,210,4,57
2026/02/04/00:16:06,102.737375,0.851437,0.786860,0.896062,0.809410,210,4,57
2026/02/04/00:16:07,103.737463,0.851437,0.786860,0.896062,0.809410,210,4,57
2026/02/04/00:16:08,104.737561,0.851437,0.786860,0.896062,0.809410,210,4,57
2026/02/04/00:16:09,105.737632,0.845313,0.785132,0.889938,0.807682,209,4,58
2026/02/04/00:16:10,106.737816,0.840000,0.773984,0.884625,0.796534,207,4,60
2026/02/04/00:16:11,107.737916,0.837344,0.768410,0.881969,0.790960,206,4,61
2026/02/04/00:16:12,108.738024,0.837344,0.768410,0.881969,0.790960,206,4,61
2026/02/04/00:16:13,109.738171,0.833438,0.766802,0.878062,0.789352,205,4,62
2026/02/04/00:16:14,110.738291,0.833438,0.766802,0.878062,0.789352,205,4,62
2026/02/04/00:16:15,111.738438,0.833438,0.766802,0.878062,0.789352,205,4,62
2026/02/04/00:16:16,112.738592,0.837531,0.762255,0.870125,0.781684,203,3,65
2026/02/04/00:16:17,113.738660,0.845219,0.758524,0.866250,0.775954,202,2,67
2026/02/04/00:16:18,114.738771,0.845219,0.758524,0.866250,0.775954,202,2,67
2026/02/04/00:16:19,115.738872,0.845219,0.758524,0.866250,0.775954,202,2,67
2026/02/04/00:16:20,116.739026,0.845219,0.758524,0.866250,0.775954,202,2,67
2026/02/04/00:16:21,117.739187,0.845219,0.758524,0.866250,0.775954,202,2,67
2026/02/04/00:16:22,118.739355,0.845219,0.758524,0.866250,0.775954,202,2,67
2026/02/04/00:16:23,119.739500,0.845219,0.758524,0.866250,0.775954,202,2,67
2026/02/04/00:16:24,120.739625,0.845219,0.758524,0.866250,0.775954,202,2,67
2026/02/04/00:16:25,121.739806,0.852906,0.763935,0.873938,0.781365,205,2,67
2026/02/04/00:16:26,122.739894,0.860844,0.768883,0.881875,0.786313,207,2,67
2026/02/04/00:16:27,123.740000,0.860844,0.768883,0.881875,0.786313,207,2,67
2026/02/04/00:16:28,124.740105,0.860844,0.768883,0.881875,0.786313,207,2,67
2026/02/04/00:16:29,125.740204,0.852906,0.763935,0.873938,0.781365,205,2,69
2026/02/04/00:16:30,126.740315,0.852906,0.763935,0.873938,0.781365,205,2,69
2026/02/04/00:16:31,127.740402,0.852906,0.763935,0.873938,0.781365,205,2,69
2026/02/04/00:16:32,128.740508,0.852906,0.763935,0.873938,0.781365,205,2,69
2026/02/04/00:16:33,129.740600,0.852906,0.763935,0.873938,0.781365,205,2,69
2026/02/04/00:16:34,130.740692,0.852906,0.763935,0.873938,0.781365,205,2,69
2026/02/04/00:16:35,131.740843,0.847844,0.756381,0.868875,0.773811,202,2,72
2026/02/04/00:16:36,132.741117,0.847844,0.756381,0.868875,0.773811,202,2,72
2026/02/04/00:16:37,133.741093,0.847844,0.756381,0.868875,0.773811,202,2,72
2026/02/04/00:16:38,134.741262,0.847844,0.756381,0.868875,0.773811,202,2,72
2026/02/04/00:16:39,135.741362,0.847844,0.756381,0.868875,0.773811,202,2,72
2026/02/04/00:16:40,136.741450,0.847844,0.756381,0.868875,0.773811,202,2,72
2026/02/04/00:16:41,137.741540,0.847844,0.756381,0.868875,0.773811,202,2,72
2026/02/04/00:16:42,138.741710,0.849750,0.758274,0.870781,0.775704,203,2,72
2026/02/04/00:16:43,139.741807,0.849750,0.758274,0.870781,0.775704,203,2,72
2026/02/04/00:16:44,140.741895,0.847844,0.756381,0.868875,0.773811,202,2,73
2026/02/04/00:16:45,141.742001,0.847844,0.756381,0.868875,0.773811,202,2,73
2026/02/04/00:16:46,142.742072,0.847844,0.756381,0.868875,0.773811,202,2,73
2026/02/04/00:16:47,143.742179,0.847844,0.756381,0.868875,0.773811,202,2,73
2026/02/04/00:16:48,144.742286,0.847844,0.756381,0.868875,0.773811,202,2,73
2026/02/04/00:16:49,145.742345,0.846187,0.751605,0.867219,0.769035,201,2,74
2026/02/04/00:16:50,146.742421,0.842437,0.747769,0.863469,0.765199,200,2,75
2026/02/04/00:16:51,147.742530,0.842437,0.747769,0.863469,0.765199,200,2,75
2026/02/04/00:16:52,148.742617,0.842437,0.747769,0.863469,0.765199,200,2,75
2026/02/04/00:16:53,149.742780,0.842437,0.747769,0.863469,0.765199,200,2,75
2026/02/04/00:16:54,150.742877,0.842437,0.747769,0.863469,0.765199,200,2,75
2026/02/04/00:16:55,151.742971,0.842437,0.747769,0.863469,0.765199,200,2,75
2026/02/04/00:16:56,152.743065,0.851875,0.751244,0.872906,0.768674,202,2,75
2026/02/04/00:16:57,153.743158,0.851875,0.751244,0.872906,0.768674,202,2,75
2026/02/04/00:16:58,154.743361,0.851875,0.751244,0.872906,0.768674,202,2,75
2026/02/04/00:16:59,155.743452,0.851875,0.751244,0.872906,0.768674,202,2,75
2026/02/04/00:17:00,156.743531,0.842437,0.747769,0.863469,0.765199,200,2,77
2026/02/04/00:17:01,157.743636,0.842437,0.747769,0.863469,0.765199,200,2,77
2026/02/04/00:17:02,158.743738,0.842437,0.747769,0.863469,0.765199,200,2,77
2026/02/04/00:17:03,159.743901,0.842437,0.747769,0.863469,0.765199,200,2,77
2026/02/04/00:17:04,160.743996,0.842437,0.747769,0.863469,0.765199,200,2,77
2026/02/04/00:17:05,161.744080,0.842437,0.747769,0.863469,0.765199,200,2,77
2026/02/04/00:17:06,162.744235,0.842437,0.747769,0.863469,0.765199,200,2,77
2026/02/04/00:17:07,163.744357,0.842437,0.747769,0.863469,0.765199,200,2,77
2026/02/04/00:17:08,164.744469,0.842437,0.747769,0.863469,0.765199,200,2,77
2026/02/04/00:17:09,165.744621,0.842437,0.747769,0.863469,0.765199,200,2,77
2026/02/04/00:17:10,166.744697,0.842437,0.747769,0.863469,0.765199,200,2,77
2026/02/04/00:17:11,167.744780,0.842437,0.747769,0.863469,0.765199,200,2,77
2026/02/04/00:17:12,168.744905,0.842437,0.747769,0.863469,0.765199,200,2,77
2026/02/04/00:17:13,169.745004,0.842437,0.747769,0.863469,0.765199,200,2,77
2026/02/04/00:17:14,170.745082,0.842437,0.747769,0.863469,0.765199,200,2,77
2026/02/04/00:17:15,171.745193,0.842437,0.747769,0.863469,0.765199,200,2,77
2026/02/04/00:17:16,172.745357,0.842437,0.747769,0.863469,0.765199,200,2,77
2026/02/04/00:17:17,173.745456,0.842437,0.747769,0.863469,0.765199,200,2,77
2026/02/04/00:17:18,174.745541,0.842437,0.747769,0.863469,0.765199,200,2,77
2026/02/04/00:17:19,175.745642,0.842437,0.747769,0.863469,0.765199,200,2,77
2026/02/04/00:17:20,176.745792,0.842437,0.747769,0.863469,0.765199,200,2,77
2026/02/04/00:17:21,177.745890,0.842437,0.747769,0.863469,0.765199,200,2,77
2026/02/04/00:17:22,178.746243,0.842437,0.747769,0.863469,0.765199,200,2,77
2026/02/04/00:17:23,179.746238,0.842437,0.747769,0.863469,0.765199,200,2,77
2026/02/04/00:17:24,180.746326,0.842437,0.747769,0.863469,0.765199,200,2,77
2026/02/04/00:17:25,181.746489,0.842437,0.747769,0.863469,0.765199,200,2,77
2026/02/04/00:17:26,182.746632,0.842437,0.747769,0.863469,0.765199,200,2,77
2026/02/04/00:17:27,183.746726,0.842437,0.747769,0.863469,0.765199,200,2,77
2026/02/04/00:17:28,184.746820,0.842437,0.747769,0.863469,0.765199,200,2,77
2026/02/04/00:17:29,185.746917,0.842437,0.747769,0.863469,0.765199,200,2,77
2026/02/04/00:17:30,186.747030,0.842437,0.747769,0.863469,0.765199,200,2,77
2026/02/04/00:17:31,187.747098,0.842437,0.747769,0.863469,0.765199,200,2,77
2026/02/04/00:17:32,188.747192,0.842437,0.747769,0.863469,0.765199,200,2,77
2026/02/04/00:17:33,189.747274,0.836187,0.741080,0.857219,0.758510,199,2,78
2026/02/04/00:17:34,190.747354,0.836187,0.741080,0.857219,0.758510,199,2,78
2026/02/04/00:17:35,191.778564,0.836187,0.741080,0.857219,0.758510,199,2,78
2026/02/04/00:17:36,192.778678,0.836187,0.741080,0.857219,0.758510,199,2,78
2026/02/04/00:17:37,193.778769,0.836187,0.741080,0.857219,0.758510,199,2,78
2026/02/04/00:17:38,194.778846,0.836187,0.741080,0.857219,0.758510,199,2,78
2026/02/04/00:17:40,196.808276,0.836187,0.741080,0.857219,0.758510,199,2,78
2026/02/04/00:17:41,197.808339,0.857219,0.758510,0.857219,0.758510,201,0,80
2026/02/04/00:17:42,198.808508,0.857219,0.758510,0.857219,0.758510,201,0,80
2026/02/04/00:17:43,199.808611,0.874500,0.770509,0.883219,0.772334,206,1,80
2026/02/04/00:17:44,200.808871,0.919375,0.803230,0.931125,0.807130,221,2,80
2026/02/04/00:17:45,201.808967,0.932906,0.826371,0.948156,0.851211,227,3,80
2026/02/04/00:17:46,202.809054,0.919844,0.820085,0.925219,0.849584,223,2,85
2026/02/04/00:17:47,203.809126,0.934531,0.837882,0.934531,0.837882,229,0,85
2026/02/04/00:17:48,204.809201,0.922344,0.830840,0.922344,0.830840,226,0,88
2026/02/04/00:17:49,205.809295,0.916188,0.820891,0.916188,0.820891,224,0,90
2026/02/04/00:17:50,206.809326,0.901500,0.803094,0.901500,0.803094,218,0,96
2026/02/04/00:17:51,207.809410,0.899188,0.795028,0.899188,0.795028,217,0,97
2026/02/04/00:17:52,208.809504,0.896156,0.793185,0.896156,0.793185,216,0,98
2026/02/04/00:17:53,209.809604,0.896156,0.793185,0.896156,0.793185,216,0,98
2026/02/04/00:17:54,210.809762,0.892719,0.788896,0.892719,0.788896,215,0,99
2026/02/04/00:17:55,211.809903,0.892719,0.788896,0.892719,0.788896,215,0,99
2026/02/04/00:17:56,212.809990,0.892719,0.788896,0.892719,0.788896,215,0,99
2026/02/04/00:17:57,213.810086,0.892719,0.788896,0.892719,0.788896,215,0,99
2026/02/04/00:17:58,214.810192,0.888656,0.785358,0.888656,0.785358,213,0,101
2026/02/04/00:17:59,215.810287,0.888656,0.785358,0.888656,0.785358,213,0,101
2026/02/04/00:18:00,216.810363,0.888656,0.785358,0.888656,0.785358,213,0,101
2026/02/04/00:18:01,217.810484,0.874781,0.774159,0.874781,0.774159,207,0,107
2026/02/04/00:18:02,218.810596,0.874781,0.774159,0.874781,0.774159,207,0,107
2026/02/04/00:18:03,219.810682,0.874781,0.774159,0.874781,0.774159,207,0,107
2026/02/04/00:18:04,220.810745,0.874781,0.774159,0.874781,0.774159,207,0,107
2026/02/04/00:18:05,221.810849,0.874781,0.774159,0.874781,0.774159,207,0,107
2026/02/04/00:18:06,222.811053,0.874781,0.774159,0.874781,0.774159,207,0,107
2026/02/04/00:18:07,223.811080,0.870531,0.746074,0.870531,0.746074,205,0,109
2026/02/04/00:18:08,224.811162,0.872563,0.748309,0.872563,0.748309,206,0,109
2026/02/04/00:18:09,225.811260,0.890813,0.774106,0.914281,0.781643,213,2,109
2026/02/04/00:18:10,226.811376,0.890813,0.774106,0.914281,0.781643,213,2,109
2026/02/04/00:18:11,227.811463,0.888781,0.771871,0.912250,0.779408,212,2,110
2026/02/04/00:18:12,228.811558,0.888781,0.771871,0.912250,0.779408,212,2,110
2026/02/04/00:18:13,229.811654,0.892312,0.781564,0.915781,0.789101,213,2,110
2026/02/04/00:18:14,230.811741,0.892312,0.781564,0.915781,0.789101,213,2,110
2026/02/04/00:18:15,231.811845,0.892312,0.781564,0.904937,0.785067,213,1,110
2026/02/04/00:18:16,232.811950,0.892312,0.781564,0.904937,0.785067,213,1,110
2026/02/04/00:18:17,233.812054,0.892312,0.781564,0.904937,0.785067,213,1,110
2026/02/04/00:18:18,234.812126,0.892312,0.781564,0.904937,0.785067,213,1,110
2026/02/04/00:18:19,235.812228,0.889813,0.779518,0.902438,0.783021,212,1,111
2026/02/04/00:18:20,236.812345,0.889813,0.779518,0.923656,0.796839,212,6,111
2026/02/04/00:18:21,237.812443,0.907719,0.787128,0.920344,0.790630,215,1,113
2026/02/04/00:18:22,238.812578,0.904656,0.784500,0.917281,0.788003,214,1,114
2026/02/04/00:18:23,239.812677,0.904656,0.784500,0.917281,0.788003,214,1,114
2026/02/04/00:18:24,240.812783,0.886563,0.778093,0.899188,0.781596,211,1,117
2026/02/04/00:18:25,241.812852,0.886563,0.778093,0.899188,0.781596,211,1,117
2026/02/04/00:18:26,242.812954,0.878437,0.767546,0.891062,0.771049,207,1,121
2026/02/04/00:18:27,243.813043,0.878437,0.767546,0.891062,0.771049,207,1,121
2026/02/04/00:18:28,244.813179,0.878437,0.767546,0.891062,0.771049,207,1,121
2026/02/04/00:18:29,245.813314,0.878437,0.767546,0.891062,0.771049,207,1,121
2026/02/04/00:18:30,246.813330,0.878437,0.767546,0.891062,0.771049,207,1,121
2026/02/04/00:18:31,247.813442,0.878437,0.767546,0.891062,0.771049,207,1,121
2026/02/04/00:18:32,248.813529,0.878437,0.767546,0.891062,0.771049,207,1,121
2026/02/04/00:18:33,249.813634,0.878437,0.767546,0.891062,0.771049,207,1,121
2026/02/04/00:18:34,250.813711,0.878437,0.767546,0.891062,0.771049,207,1,121
2026/02/04/00:18:35,251.813833,0.878437,0.767546,0.891062,0.771049,207,1,121
2026/02/04/00:18:36,252.813936,0.878437,0.767546,0.891062,0.771049,207,1,121
2026/02/04/00:18:37,253.814023,0.878437,0.767546,0.891062,0.771049,207,1,121
2026/02/04/00:18:38,254.814132,0.878437,0.767546,0.891062,0.771049,207,1,121
2026/02/04/00:18:39,255.814263,0.878437,0.767546,0.891062,0.771049,207,1,121
2026/02/04/00:18:40,256.814379,0.878437,0.767546,0.891062,0.771049,207,1,121
2026/02/04/00:18:41,257.814472,0.878437,0.767546,0.891062,0.771049,207,1,121
2026/02/04/00:18:42,258.814556,0.878437,0.767546,0.891062,0.771049,207,1,121
2026/02/04/00:18:43,259.814648,0.878437,0.767546,0.891062,0.771049,207,1,121
2026/02/04/00:18:44,260.814801,0.878437,0.767546,0.891062,0.771049,207,1,121
2026/02/04/00:18:45,261.814909,0.878437,0.767546,0.891062,0.771049,207,1,121
2026/02/04/00:18:46,262.815006,0.878437,0.767546,0.891062,0.771049,207,1,121
2026/02/04/00:18:47,263.815080,0.878437,0.767546,0.891062,0.771049,207,1,121
2026/02/04/00:18:48,264.815181,0.878437,0.767546,0.891062,0.771049,207,1,121
2026/02/04/00:18:49,265.815322,0.878437,0.767546,0.891062,0.771049,207,1,121
2026/02/04/00:18:50,266.815384,0.882031,0.769530,0.894656,0.773033,208,1,121
2026/02/04/00:18:51,267.815476,0.882031,0.769530,0.894656,0.773033,208,1,121
2026/02/04/00:18:52,268.815571,0.882031,0.769530,0.894656,0.773033,208,1,121
2026/02/04/00:18:53,269.815706,0.882031,0.769530,0.894656,0.773033,208,1,121
2026/02/04/00:18:54,270.815718,0.878437,0.767546,0.891062,0.771049,207,1,122
2026/02/04/00:18:55,271.815822,0.878437,0.767546,0.891062,0.771049,207,1,122
2026/02/04/00:18:56,272.815913,0.878437,0.767546,0.891062,0.771049,207,1,122
2026/02/04/00:18:57,273.816004,0.878437,0.767546,0.891062,0.771049,207,1,122
2026/02/04/00:18:58,274.816154,0.878437,0.767546,0.891062,0.771049,207,1,122
2026/02/04/00:18:59,275.816354,0.878437,0.767546,0.891062,0.771049,207,1,122
2026/02/04/00:19:00,276.816431,0.878437,0.767546,0.891062,0.771049,207,1,122
2026/02/04/00:19:01,277.816579,0.878437,0.767546,0.891062,0.771049,207,1,122
2026/02/04/00:19:02,278.816727,0.878437,0.767546,0.891062,0.771049,207,1,122
2026/02/04/00:19:03,279.816831,0.878437,0.767546,0.891062,0.771049,207,1,122
2026/02/04/00:19:04,280.816923,0.878437,0.767546,0.891062,0.771049,207,1,122
2026/02/04/00:19:05,281.817068,0.878437,0.767546,0.891062,0.771049,207,1,122
2026/02/04/00:19:06,282.817150,0.873563,0.762728,0.886188,0.766231,206,1,123
2026/02/04/00:19:07,283.817194,0.882125,0.780416,0.894750,0.783919,208,1,123
2026/02/04/00:19:08,284.817311,0.918937,0.841358,0.931562,0.844861,219,1,123
2026/02/04/00:19:09,285.817439,0.940813,0.873210,0.957063,0.889158,228,3,123
2026/02/04/00:19:10,286.817525,0.944125,0.873535,0.979750,0.881051,231,3,126
2026/02/04/00:19:11,287.817612,0.932406,0.854130,0.945031,0.857633,225,1,132
2026/02/04/00:19:12,288.817695,0.932406,0.854130,0.945031,0.857633,225,1,132
2026/02/04/00:19:13,289.817798,0.932406,0.854130,0.945031,0.857633,225,1,132
2026/02/04/00:19:14,290.817889,0.932406,0.854130,0.945031,0.857633,225,1,132
2026/02/04/00:19:15,291.817993,0.926969,0.835461,0.939594,0.838964,222,1,135
2026/02/04/00:19:16,292.818098,0.920094,0.820411,0.932719,0.823914,220,1,137
2026/02/04/00:19:17,293.818187,0.916531,0.818788,0.929156,0.822291,219,1,138
2026/02/04/00:19:18,294.818349,0.916531,0.818788,0.929156,0.822291,219,1,138
2026/02/04/00:19:19,295.818459,0.910500,0.790367,0.923125,0.793869,216,1,141
2026/02/04/00:19:20,296.818544,0.910500,0.790367,0.923125,0.793869,216,1,141
2026/02/04/00:19:21,297.818629,0.910500,0.790367,0.923125,0.793869,216,1,141
2026/02/04/00:19:22,298.818717,0.910500,0.790367,0.923125,0.793869,216,1,141
2026/02/04/00:19:23,299.818814,0.910500,0.790367,0.923125,0.793869,216,1,141
2026/02/04/00:19:24,300.818900,0.910500,0.790367,0.923125,0.793869,216,1,141
2026/02/04/00:19:25,301.818988,0.910500,0.790367,0.923125,0.793869,216,1,141
2026/02/04/00:19:26,302.819090,0.910500,0.790367,0.923125,0.793869,216,1,141
2026/02/04/00:19:27,303.819217,0.910500,0.790367,0.923125,0.793869,216,1,141
2026/02/04/00:19:28,304.819378,0.910500,0.790367,0.923125,0.793869,216,1,141
2026/02/04/00:19:29,305.819635,0.910500,0.790367,0.923125,0.793869,216,1,141
2026/02/04/00:19:30,306.819662,0.910500,0.790367,0.923125,0.793869,216,1,141
2026/02/04/00:19:31,307.819750,0.910500,0.790367,0.923125,0.793869,216,1,141
2026/02/04/00:19:32,308.819815,0.910500,0.790367,0.923125,0.793869,216,1,141
2026/02/04/00:19:33,309.819924,0.910500,0.790367,0.923125,0.793869,216,1,141
2026/02/04/00:19:34,310.820006,0.908156,0.779561,0.920781,0.783064,215,1,142
2026/02/04/00:19:35,311.820115,0.908156,0.779561,0.920781,0.783064,215,1,142
2026/02/04/00:19:36,312.820204,0.908156,0.779561,0.920781,0.783064,215,1,142
2026/02/04/00:19:37,313.820311,0.908156,0.779561,0.920781,0.783064,215,1,142
2026/02/04/00:19:38,314.820394,0.908156,0.779561,0.920781,0.783064,215,1,142
2026/02/04/00:19:39,315.820456,0.908156,0.779561,0.920781,0.783064,215,1,142
2026/02/04/00:19:40,316.820560,0.908156,0.779561,0.920781,0.783064,215,1,142
2026/02/04/00:19:41,317.820628,0.927750,0.793364,0.965125,0.810811,218,5,144
2026/02/04/00:19:42,318.820713,0.927750,0.793364,0.965125,0.810811,218,5,144
2026/02/04/00:19:43,319.820794,0.927750,0.793364,0.965125,0.810811,218,5,144
2026/02/04/00:19:44,320.820884,0.924438,0.786108,0.961812,0.803555,217,5,145
2026/02/04/00:19:45,321.821031,0.924438,0.786108,0.961812,0.803555,217,5,145
2026/02/04/00:19:46,322.821122,0.922156,0.784297,0.959531,0.801744,216,5,146
2026/02/04/00:19:47,323.821241,0.922156,0.784297,0.959531,0.801744,216,5,146
2026/02/04/00:19:48,324.821330,0.922156,0.784297,0.959531,0.801744,216,5,146
2026/02/04/00:19:49,325.821451,0.922156,0.784297,0.959531,0.801744,216,5,146
2026/02/04/00:19:50,326.821528,0.922156,0.784297,0.959531,0.801744,216,5,146
2026/02/04/00:19:51,327.821646,0.922156,0.784297,0.959531,0.801744,216,5,146
2026/02/04/00:19:52,328.821750,0.925125,0.784653,0.957094,0.799414,216,4,147
2026/02/04/00:19:53,329.821815,0.919969,0.781562,0.946781,0.793232,215,3,148
2026/02/04/00:19:54,330.821920,0.919969,0.781562,0.946781,0.793232,215,3,148
2026/02/04/00:19:55,331.822007,0.919969,0.781562,0.946781,0.793232,215,3,148
2026/02/04/00:19:56,332.822159,0.919969,0.781562,0.946781,0.793232,215,3,148
2026/02/04/00:19:57,333.822248,0.919969,0.781562,0.946781,0.793232,215,3,148
2026/02/04/00:19:58,334.822398,0.923406,0.786296,0.950219,0.797966,217,3,148
2026/02/04/00:19:59,335.822489,0.927063,0.791850,0.953875,0.803520,219,3,148
2026/02/04/00:20:00,336.822573,0.927063,0.791850,0.953875,0.803520,219,3,148
2026/02/04/00:20:01,337.822678,0.927063,0.791850,0.953875,0.803520,219,3,148
2026/02/04/00:20:02,338.822759,0.927063,0.791850,0.953875,0.803520,219,3,148
2026/02/04/00:20:03,339.822829,0.923625,0.787116,0.955875,0.806170,217,6,150
2026/02/04/00:20:04,340.822988,0.929063,0.794500,0.955875,0.806170,220,3,150
2026/02/04/00:20:05,341.823078,0.923063,0.790941,0.949875,0.802611,218,3,152
2026/02/04/00:20:06,342.823166,0.923063,0.790941,0.949875,0.802611,218,3,152
2026/02/04/00:20:07,343.823262,0.927438,0.793352,0.964812,0.812173,219,5,152
2026/02/04/00:20:08,344.823416,0.927188,0.795130,0.954000,0.806800,219,3,154
2026/02/04/00:20:09,345.823496,0.929594,0.796759,0.974844,0.812729,220,5,154
2026/02/04/00:20:10,346.823712,0.929594,0.796759,0.974844,0.812729,220,5,154
2026/02/04/00:20:11,347.823723,0.929594,0.796759,0.974844,0.812729,220,5,154
2026/02/04/00:20:12,348.823828,0.929594,0.796759,0.974844,0.812729,220,5,154
2026/02/04/00:20:13,349.824552,0.904000,0.756718,0.949250,0.772688,213,5,161
2026/02/04/00:20:14,350.824651,0.901781,0.758991,0.932844,0.766794,212,3,164
2026/02/04/00:20:15,351.824763,0.901781,0.758991,0.914406,0.762494,212,1,164
2026/02/04/00:20:16,352.824839,0.901781,0.758991,0.914406,0.762494,212,1,164
2026/02/04/00:20:17,353.824935,0.905000,0.763483,0.917625,0.766986,213,1,170
2026/02/04/00:20:18,354.825047,0.905000,0.763483,0.917625,0.766986,213,1,170
2026/02/04/00:20:19,355.825120,0.913969,0.769900,0.951344,0.805885,215,7,171
2026/02/04/00:20:20,356.825214,0.916125,0.781915,0.948937,0.804256,216,5,172
2026/02/04/00:20:21,357.825317,0.916125,0.781915,0.948937,0.804256,216,5,172
2026/02/04/00:20:22,358.825391,0.916125,0.781915,0.938500,0.791620,216,3,172
2026/02/04/00:20:23,359.825484,0.915125,0.769385,0.927750,0.772888,213,1,177
2026/02/04/00:20:24,360.825628,0.893312,0.755092,0.905937,0.758595,208,1,182
2026/02/04/00:20:25,361.825722,0.905344,0.775409,0.935688,0.790636,214,4,182
2026/02/04/00:20:26,362.825796,0.909531,0.783903,0.948469,0.800743,216,5,182
2026/02/04/00:20:27,363.825954,0.907563,0.778475,0.946500,0.795314,215,5,183
2026/02/04/00:20:28,364.826032,0.902875,0.770237,0.941813,0.787077,213,5,185
2026/02/04/00:20:29,365.826102,0.897500,0.764264,0.918719,0.769380,210,2,188
2026/02/04/00:20:30,366.826195,0.895687,0.757600,0.916906,0.762716,209,2,189
2026/02/04/00:20:31,367.826318,0.895687,0.757600,0.916906,0.762716,209,2,189
2026/02/04/00:20:32,368.826336,0.891375,0.752895,0.912594,0.758011,207,2,191
2026/02/04/00:20:33,369.826453,0.887813,0.744357,0.909031,0.749473,205,2,193
2026/02/04/00:20:34,370.826536,0.887813,0.744357,0.909031,0.749473,205,2,193
2026/02/04/00:20:35,371.826630,0.887813,0.744357,0.909031,0.749473,205,2,193
2026/02/04/00:20:36,372.826743,0.886094,0.741000,0.907312,0.746116,204,2,194
2026/02/04/00:20:37,373.826845,0.886094,0.741000,0.907312,0.746116,204,2,194
2026/02/04/00:20:38,374.826930,0.886094,0.741000,0.907312,0.746116,204,2,194
2026/02/04/00:20:39,375.827038,0.886094,0.741000,0.907312,0.746116,204,2,194
2026/02/04/00:20:40,376.827114,0.888781,0.740804,0.901406,0.744307,204,1,195
2026/02/04/00:20:41,377.827206,0.882344,0.736584,0.894969,0.740086,202,1,197
2026/02/04/00:20:42,378.827318,0.882344,0.736584,0.894969,0.740086,202,1,197
2026/02/04/00:20:43,379.827351,0.882344,0.736584,0.894969,0.740086,202,1,197
2026/02/04/00:20:44,380.827437,0.882344,0.736584,0.894969,0.740086,202,1,197
2026/02/04/00:20:45,381.827529,0.880000,0.731890,0.892625,0.735393,201,1,198
2026/02/04/00:20:46,382.827631,0.880000,0.731890,0.892625,0.735393,201,1,198
2026/02/04/00:20:47,383.827744,0.880000,0.731890,0.892625,0.735393,201,1,198
2026/02/04/00:20:48,384.827802,0.880000,0.731890,0.892625,0.735393,201,1,198
2026/02/04/00:20:49,385.827891,0.871406,0.730277,0.884031,0.733780,200,1,199
2026/02/04/00:20:50,386.828010,0.871406,0.730277,0.884031,0.733780,200,1,199
2026/02/04/00:20:51,387.828110,0.871406,0.730277,0.884031,0.733780,200,1,199
2026/02/04/00:20:52,388.828198,0.871406,0.730277,0.884031,0.733780,200,1,199
2026/02/04/00:20:53,389.828454,0.871406,0.730277,0.884031,0.733780,200,1,199
2026/02/04/00:20:54,390.828487,0.871406,0.730277,0.884031,0.733780,200,1,199
2026/02/04/00:20:55,391.828581,0.871406,0.730277,0.884031,0.733780,200,1,199
2026/02/04/00:20:56,392.828695,0.871406,0.730277,0.884031,0.733780,200,1,199
2026/02/04/00:20:57,393.828783,0.871406,0.730277,0.884031,0.733780,200,1,199
2026/02/04/00:20:58,394.828881,0.871406,0.730277,0.884031,0.733780,200,1,199
2026/02/04/00:20:59,395.828975,0.871406,0.730277,0.884031,0.733780,200,1,199
2026/02/04/00:21:00,396.829065,0.871406,0.730277,0.884031,0.733780,200,1,199
2026/02/04/00:21:01,397.829167,0.871406,0.730277,0.884031,0.733780,200,1,199
2026/02/04/00:21:02,398.829247,0.867938,0.728229,0.880563,0.731731,199,1,200
2026/02/04/00:21:03,399.829364,0.867938,0.728229,0.880563,0.731731,199,1,200
2026/02/04/00:21:04,400.829417,0.867938,0.728229,0.880563,0.731731,199,1,200
2026/02/04/00:21:05,401.829544,0.867938,0.728229,0.880563,0.731731,199,1,200
2026/02/04/00:21:06,402.829633,0.855875,0.724473,0.868500,0.727976,197,1,202
2026/02/04/00:21:07,403.829790,0.855875,0.724473,0.868500,0.727976,197,1,202
2026/02/04/00:21:08,404.829901,0.855875,0.724473,0.868500,0.727976,197,1,202
2026/02/04/00:21:09,405.830003,0.866969,0.730303,0.890500,0.738244,199,2,202
2026/02/04/00:21:10,406.830084,0.866969,0.730303,0.890500,0.738244,199,2,202
2026/02/04/00:21:11,407.830169,0.866969,0.730303,0.890500,0.738244,199,2,202
2026/02/04/00:21:12,408.830292,0.872875,0.733148,0.885500,0.736651,199,1,203
2026/02/04/00:21:13,409.830401,0.872875,0.733148,0.885500,0.736651,199,1,203
2026/02/04/00:21:14,410.830494,0.861969,0.728710,0.874594,0.732213,198,1,204
2026/02/04/00:21:15,411.830575,0.870062,0.735658,0.882687,0.739160,201,1,204
2026/02/04/00:21:16,412.830672,0.870062,0.735658,0.882687,0.739160,201,1,204
2026/02/04/00:21:17,413.830761,0.897250,0.784393,0.909875,0.787896,211,1,204
2026/02/04/00:21:18,414.830852,0.897250,0.784393,0.909875,0.787896,211,1,204
2026/02/04/00:21:19,415.830947,0.902438,0.787734,0.915063,0.791237,212,1,205
2026/02/04/00:21:20,416.831007,0.902438,0.787734,0.915063,0.791237,212,1,205
2026/02/04/00:21:21,417.831107,0.893813,0.782824,0.906438,0.786327,210,1,207
2026/02/04/00:21:22,418.831213,0.893813,0.782824,0.906438,0.786327,210,1,207
2026/02/04/00:21:23,419.831279,0.886781,0.772805,0.899406,0.776308,207,1,210
2026/02/04/00:21:24,420.831397,0.886781,0.772805,0.899406,0.776308,207,1,210
2026/02/04/00:21:25,421.831506,0.881469,0.767602,0.894094,0.771105,205,1,212
2026/02/04/00:21:26,422.831587,0.881469,0.767602,0.894094,0.771105,205,1,212
2026/02/04/00:21:27,423.831679,0.881469,0.767602,0.894094,0.771105,205,1,212
2026/02/04/00:21:28,424.831774,0.881469,0.767602,0.894094,0.771105,205,1,212
2026/02/04/00:21:29,425.831834,0.874531,0.762288,0.874531,0.762288,204,0,214
2026/02/04/00:21:30,426.831934,0.870031,0.751446,0.870031,0.751446,203,0,215
2026/02/04/00:21:31,427.832034,0.870031,0.751446,0.870031,0.751446,203,0,215
2026/02/04/00:21:32,428.832134,0.870031,0.751446,0.870031,0.751446,203,0,215
2026/02/04/00:21:33,429.832222,0.870031,0.751446,0.870031,0.751446,203,0,215
2026/02/04/00:21:34,430.832394,0.870031,0.751446,0.870031,0.751446,203,0,215
2026/02/04/00:21:35,431.832465,0.870031,0.751446,0.870031,0.751446,203,0,215
2026/02/04/00:21:36,432.832548,0.870031,0.751446,0.870031,0.751446,203,0,215
2026/02/04/00:21:37,433.832642,0.857062,0.730624,0.857062,0.730624,198,0,220
2026/02/04/00:21:38,434.832751,0.857062,0.730624,0.857062,0.730624,198,0,220
2026/02/04/00:21:39,435.832793,0.857062,0.730624,0.857062,0.730624,198,0,220
2026/02/04/00:21:40,436.832868,0.857062,0.730624,0.857062,0.730624,198,0,220
2026/02/04/00:21:41,437.833025,0.857062,0.730624,0.857062,0.730624,198,0,220
2026/02/04/00:21:42,438.833115,0.857062,0.730624,0.857062,0.730624,198,0,220
2026/02/04/00:21:43,439.833211,0.857062,0.730624,0.857062,0.730624,198,0,220
2026/02/04/00:21:44,440.833292,0.854281,0.727571,0.854281,0.727571,197,0,221
2026/02/04/00:21:45,441.833401,0.854281,0.727571,0.854281,0.727571,197,0,221
2026/02/04/00:21:46,442.833495,0.854281,0.727571,0.854281,0.727571,197,0,221
2026/02/04/00:21:47,443.833571,0.854281,0.727571,0.854281,0.727571,197,0,221
2026/02/04/00:21:48,444.833699,0.854281,0.727571,0.854281,0.727571,197,0,221
2026/02/04/00:21:49,445.833755,0.854281,0.727571,0.854281,0.727571,197,0,221
2026/02/04/00:21:50,446.833909,0.854281,0.727571,0.854281,0.727571,197,0,221
2026/02/04/00:21:51,447.834007,0.854281,0.727571,0.854281,0.727571,197,0,221
2026/02/04/00:21:52,448.834109,0.841656,0.724069,0.841656,0.724069,196,0,222
2026/02/04/00:21:53,449.834201,0.841656,0.724069,0.841656,0.724069,196,0,222
2026/02/04/00:21:54,450.834330,0.841656,0.724069,0.841656,0.724069,196,0,222
2026/02/04/00:21:55,451.834423,0.841656,0.724069,0.841656,0.724069,196,0,222
2026/02/04/00:21:56,452.834509,0.841656,0.724069,0.841656,0.724069,196,0,222
2026/02/04/00:21:57,453.834596,0.841656,0.724069,0.841656,0.724069,196,0,222
2026/02/04/00:21:58,454.834682,0.865812,0.734731,0.865812,0.734731,201,0,222
2026/02/04/00:21:59,455.834801,0.869000,0.740114,0.869000,0.740114,203,0,222
2026/02/04/00:22:00,456.834877,0.869000,0.740114,0.869000,0.740114,203,0,222
2026/02/04/00:22:01,457.834980,0.869000,0.740114,0.869000,0.740114,203,0,222
2026/02/04/00:22:02,458.835069,0.849594,0.733511,0.849594,0.733511,200,0,225
2026/02/04/00:22:03,459.835150,0.847344,0.731717,0.847344,0.731717,199,0,226
2026/02/04/00:22:04,460.835243,0.847344,0.731717,0.847344,0.731717,199,0,226
2026/02/04/00:22:05,461.835348,0.847344,0.731717,0.847344,0.731717,199,0,226
2026/02/04/00:22:06,462.835487,0.847344,0.731717,0.847344,0.731717,199,0,226
2026/02/04/00:22:07,463.835620,0.847344,0.731717,0.847344,0.731717,199,0,226
2026/02/04/00:22:08,464.835708,0.842594,0.727657,0.842594,0.727657,197,0,228
2026/02/04/00:22:09,465.835804,0.842594,0.727657,0.842594,0.727657,197,0,228
2026/02/04/00:22:10,466.835874,0.842594,0.727657,0.842594,0.727657,197,0,228
2026/02/04/00:22:11,467.835983,0.842594,0.727657,0.842594,0.727657,197,0,228
2026/02/04/00:22:12,468.836072,0.842594,0.727657,0.842594,0.727657,197,0,228
2026/02/04/00:22:13,469.836141,0.842594,0.727657,0.842594,0.727657,197,0,228
2026/02/04/00:22:14,470.836243,0.842594,0.727657,0.842594,0.727657,197,0,228
2026/02/04/00:22:15,471.836337,0.842594,0.727657,0.842594,0.727657,197,0,228
2026/02/04/00:22:16,472.836432,0.842594,0.727657,0.842594,0.727657,197,0,228
2026/02/04/00:22:17,473.836529,0.842594,0.727657,0.842594,0.727657,197,0,228
2026/02/04/00:22:18,474.836692,0.842594,0.727657,0.842594,0.727657,197,0,228
2026/02/04/00:22:19,475.836760,0.842594,0.727657,0.842594,0.727657,197,0,228
2026/02/04/00:22:20,476.836900,0.842594,0.727657,0.842594,0.727657,197,0,228
2026/02/04/00:22:21,477.836983,0.842594,0.727657,0.842594,0.727657,197,0,228
2026/02/04/00:22:22,478.837048,0.842594,0.727657,0.842594,0.727657,197,0,228
2026/02/04/00:22:23,479.837122,0.842594,0.727657,0.842594,0.727657,197,0,228
2026/02/04/00:22:24,480.837223,0.842594,0.727657,0.842594,0.727657,197,0,228
2026/02/04/00:22:25,481.837297,0.842594,0.727657,0.842594,0.727657,197,0,228
2026/02/04/00:22:26,482.837371,0.842594,0.727657,0.842594,0.727657,197,0,228
2026/02/04/00:22:27,483.837466,0.842594,0.727657,0.842594,0.727657,197,0,228
2026/02/04/00:22:28,484.837616,0.842594,0.727657,0.842594,0.727657,197,0,228
2026/02/04/00:22:29,485.837733,0.851688,0.748455,0.851688,0.748455,201,0,228
2026/02/04/00:22:30,486.837783,0.851688,0.748455,0.851688,0.748455,201,0,228
2026/02/04/00:22:31,487.837892,0.851688,0.748455,0.851688,0.748455,201,0,228
2026/02/04/00:22:32,488.837990,0.854094,0.750514,0.854094,0.750514,202,0,228
2026/02/04/00:22:33,489.838123,0.854094,0.750514,0.854094,0.750514,202,0,228
2026/02/04/00:22:34,490.838221,0.854094,0.750514,0.854094,0.750514,202,0,228
2026/02/04/00:22:35,491.838339,0.854094,0.750514,0.854094,0.750514,202,0,228
2026/02/04/00:22:36,492.838434,0.854094,0.750514,0.854094,0.750514,202,0,228
2026/02/04/00:22:37,493.838544,0.846594,0.731805,0.846594,0.731805,199,0,231
2026/02/04/00:22:38,494.838643,0.846594,0.731805,0.846594,0.731805,199,0,231
2026/02/04/00:22:39,495.838742,0.846594,0.731805,0.846594,0.731805,199,0,231
2026/02/04/00:22:40,496.838866,0.846594,0.731805,0.846594,0.731805,199,0,231
2026/02/04/00:22:41,497.839020,0.846594,0.731805,0.846594,0.731805,199,0,231
2026/02/04/00:22:42,498.839109,0.846594,0.731805,0.846594,0.731805,199,0,231
2026/02/04/00:22:43,499.839200,0.846594,0.731805,0.846594,0.731805,199,0,231
2026/02/04/00:22:44,500.839339,0.846594,0.731805,0.846594,0.731805,199,0,231
2026/02/04/00:22:45,501.839468,0.846594,0.731805,0.846594,0.731805,199,0,231
2026/02/04/00:22:46,502.839545,0.846594,0.731805,0.846594,0.731805,199,0,231
2026/02/04/00:22:47,503.839633,0.846594,0.731805,0.846594,0.731805,199,0,231
2026/02/04/00:22:48,504.839701,0.846594,0.731805,0.846594,0.731805,199,0,231
2026/02/04/00:22:49,505.839798,0.846594,0.731805,0.846594,0.731805,199,0,231
2026/02/04/00:22:50,506.839876,0.844187,0.729747,0.844187,0.729747,198,0,232
2026/02/04/00:22:51,507.839963,0.844187,0.729747,0.844187,0.729747,198,0,232
2026/02/04/00:22:52,508.840059,0.844187,0.729747,0.844187,0.729747,198,0,232
2026/02/04/00:22:53,509.840163,0.844187,0.729747,0.844187,0.729747,198,0,232
2026/02/04/00:22:54,510.840241,0.844187,0.729747,0.844187,0.729747,198,0,232
2026/02/04/00:22:55,511.840335,0.844187,0.729747,0.844187,0.729747,198,0,232
2026/02/04/00:22:56,512.840441,0.844187,0.729747,0.844187,0.729747,198,0,232
2026/02/04/00:22:57,513.840521,0.844187,0.729747,0.844187,0.729747,198,0,232
2026/02/04/00:22:58,514.840650,0.844187,0.729747,0.844187,0.729747,198,0,232
2026/02/04/00:22:59,515.840686,0.844187,0.729747,0.844187,0.729747,198,0,232
2026/02/04/00:23:00,516.840781,0.844187,0.729747,0.844187,0.729747,198,0,232
2026/02/04/00:23:01,517.840882,0.844187,0.729747,0.844187,0.729747,198,0,232
2026/02/04/00:23:02,518.841138,0.844187,0.729747,0.844187,0.729747,198,0,232
2026/02/04/00:23:03,519.841167,0.835844,0.723446,0.835844,0.723446,195,0,235
2026/02/04/00:23:04,520.841257,0.835844,0.723446,0.835844,0.723446,195,0,235
2026/02/04/00:23:05,521.841378,0.835844,0.723446,0.835844,0.723446,195,0,235
2026/02/04/00:23:06,522.841484,0.835844,0.723446,0.835844,0.723446,195,0,235
2026/02/04/00:23:07,523.841570,0.835844,0.723446,0.835844,0.723446,195,0,235
2026/02/04/00:23:08,524.841676,0.835844,0.723446,0.835844,0.723446,195,0,235
2026/02/04/00:23:09,525.841762,0.835844,0.723446,0.835844,0.723446,195,0,235
2026/02/04/00:23:10,526.841833,0.835844,0.723446,0.835844,0.723446,195,0,235
2026/02/04/00:23:11,527.841918,0.835844,0.723446,0.835844,0.723446,195,0,235
2026/02/04/00:23:12,528.841980,0.835844,0.723446,0.835844,0.723446,195,0,235
2026/02/04/00:23:13,529.842088,0.834250,0.721356,0.834250,0.721356,194,0,236
2026/02/04/00:23:14,530.842182,0.822063,0.712857,0.822063,0.712857,191,0,239
2026/02/04/00:23:15,531.842247,0.822063,0.712857,0.822063,0.712857,191,0,239
2026/02/04/00:23:16,532.842338,0.822063,0.712857,0.822063,0.712857,191,0,239
2026/02/04/00:23:17,533.842432,0.822063,0.712857,0.822063,0.712857,191,0,239
2026/02/04/00:23:18,534.842577,0.812031,0.666030,0.812031,0.666030,188,0,242
2026/02/04/00:23:19,535.842658,0.812031,0.666030,0.812031,0.666030,188,0,242
2026/02/04/00:23:20,536.842766,0.812031,0.666030,0.812031,0.666030,188,0,242
2026/02/04/00:23:21,537.842928,0.812031,0.666030,0.812031,0.666030,188,0,242
2026/02/04/00:23:22,538.843024,0.812031,0.666030,0.812031,0.666030,188,0,242
2026/02/04/00:23:23,539.843122,0.812031,0.666030,0.812031,0.666030,188,0,242
2026/02/04/00:23:24,540.843218,0.812031,0.666030,0.812031,0.666030,188,0,242
2026/02/04/00:23:25,541.843375,0.812031,0.666030,0.812031,0.666030,188,0,242
2026/02/04/00:23:26,542.843443,0.834156,0.671495,0.834156,0.671495,191,0,242
2026/02/04/00:23:27,543.843556,0.859187,0.687070,0.859187,0.687070,196,0,242
2026/02/04/00:23:28,544.843634,0.859187,0.687070,0.859187,0.687070,196,0,242
2026/02/04/00:23:29,545.843730,0.859187,0.687070,0.859187,0.687070,196,0,242
2026/02/04/00:23:30,546.843814,0.859187,0.687070,0.859187,0.687070,196,0,242
2026/02/04/00:23:31,547.843898,0.859187,0.687070,0.859187,0.687070,196,0,242
2026/02/04/00:23:32,548.843995,0.848406,0.658303,0.848406,0.658303,193,0,245
2026/02/04/00:23:33,549.844083,0.848406,0.658303,0.848406,0.658303,193,0,245
2026/02/04/00:23:34,550.844176,0.848406,0.658303,0.848406,0.658303,193,0,245
2026/02/04/00:23:35,551.844258,0.848406,0.658303,0.848406,0.658303,193,0,245
2026/02/04/00:23:36,552.844352,0.845219,0.656194,0.845219,0.656194,192,0,246
2026/02/04/00:23:37,553.844537,0.845219,0.656194,0.845219,0.656194,192,0,246
2026/02/04/00:23:38,554.844677,0.845219,0.656194,0.845219,0.656194,192,0,246
2026/02/04/00:23:39,555.844825,0.845219,0.656194,0.845219,0.656194,192,0,246
2026/02/04/00:23:40,556.844917,0.845219,0.656194,0.845219,0.656194,192,0,246
2026/02/04/00:23:41,557.844999,0.845219,0.656194,0.845219,0.656194,192,0,246
2026/02/04/00:23:42,558.845075,0.823937,0.646466,0.823937,0.646466,189,0,249
2026/02/04/00:23:43,559.845170,0.823937,0.646466,0.823937,0.646466,189,0,249
2026/02/04/00:23:44,560.845256,0.823937,0.646466,0.823937,0.646466,189,0,249
2026/02/04/00:23:45,561.845479,0.823937,0.646466,0.823937,0.646466,189,0,249
2026/02/04/00:23:46,562.845480,0.823937,0.646466,0.823937,0.646466,189,0,249
2026/02/04/00:23:47,563.845564,0.823937,0.646466,0.823937,0.646466,189,0,249
2026/02/04/00:23:48,564.845765,0.823937,0.646466,0.823937,0.646466,189,0,249
2026/02/04/00:23:49,565.845831,0.822031,0.642797,0.822031,0.642797,188,0,250
2026/02/04/00:23:50,566.845983,0.822031,0.642797,0.822031,0.642797,188,0,250
2026/02/04/00:23:51,567.846099,0.822031,0.642797,0.822031,0.642797,188,0,250
2026/02/04/00:23:52,568.846184,0.822031,0.642797,0.822031,0.642797,188,0,250
2026/02/04/00:23:53,569.846314,0.820187,0.640620,0.820187,0.640620,187,0,251
2026/02/04/00:23:54,570.846338,0.820187,0.640620,0.820187,0.640620,187,0,251
2026/02/04/00:23:55,571.846430,0.820187,0.640620,0.820187,0.640620,187,0,251
2026/02/04/00:23:56,572.846519,0.820187,0.640620,0.820187,0.640620,187,0,251
2026/02/04/00:23:57,573.846613,0.820187,0.640620,0.820187,0.640620,187,0,251
2026/02/04/00:23:58,574.846714,0.820187,0.640620,0.820187,0.640620,187,0,251
2026/02/04/00:23:59,575.846812,0.820187,0.640620,0.820187,0.640620,187,0,251
2026/02/04/00:24:00,576.846884,0.820187,0.640620,0.820187,0.640620,187,0,251
2026/02/04/00:24:01,577.847025,0.820187,0.640620,0.820187,0.640620,187,0,251
2026/02/04/00:24:02,578.847088,0.820187,0.640620,0.820187,0.640620,187,0,251
2026/02/04/00:24:03,579.847172,0.820187,0.640620,0.820187,0.640620,187,0,251
2026/02/04/00:24:04,580.847257,0.820187,0.640620,0.820187,0.640620,187,0,251
2026/02/04/00:24:05,581.847335,0.820187,0.640620,0.820187,0.640620,187,0,251
2026/02/04/00:24:06,582.847431,0.820187,0.640620,0.820187,0.640620,187,0,251
2026/02/04/00:24:07,583.847526,0.820187,0.640620,0.820187,0.640620,187,0,251
2026/02/04/00:24:08,584.847594,0.820187,0.640620,0.820187,0.640620,187,0,251
2026/02/04/00:24:09,585.847706,0.820187,0.640620,0.820187,0.640620,187,0,251
2026/02/04/00:24:10,586.847788,0.801250,0.637263,0.801250,0.637263,185,0,253
2026/02/04/00:24:11,587.847883,0.801250,0.637263,0.801250,0.637263,185,0,253
2026/02/04/00:24:12,588.847942,0.801250,0.637263,0.801250,0.637263,185,0,253
2026/02/04/00:24:13,589.848042,0.801250,0.637263,0.801250,0.637263,185,0,253
2026/02/04/00:24:14,590.848112,0.801250,0.637263,0.801250,0.637263,185,0,253
2026/02/04/00:24:15,591.848224,0.792500,0.630832,0.792500,0.630832,183,0,255
2026/02/04/00:24:16,592.848342,0.792500,0.630832,0.792500,0.630832,183,0,255
2026/02/04/00:24:17,593.848442,0.792500,0.630832,0.792500,0.630832,183,0,255
2026/02/04/00:24:18,594.848515,0.792500,0.630832,0.792500,0.630832,183,0,255
2026/02/04/00:24:19,595.848608,0.792500,0.630832,0.792500,0.630832,183,0,255
2026/02/04/00:24:20,596.848699,0.792500,0.630832,0.792500,0.630832,183,0,255
2026/02/04/00:24:21,597.848730,0.792500,0.630832,0.792500,0.630832,183,0,255
2026/02/04/00:24:22,598.848817,0.792500,0.630832,0.792500,0.630832,183,0,255
2026/02/04/00:24:23,599.848884,0.792500,0.630832,0.792500,0.630832,183,0,255
2026/02/04/00:24:24,600.849042,0.792500,0.630832,0.792500,0.630832,183,0,255
2026/02/04/00:24:25,601.849141,0.818625,0.661633,0.818625,0.661633,190,0,255
2026/02/04/00:24:26,602.849241,0.818625,0.661633,0.818625,0.661633,190,0,255
2026/02/04/00:24:27,603.849328,0.842156,0.686840,0.842156,0.686840,198,0,255
2026/02/04/00:24:28,604.849427,0.826219,0.680037,0.826219,0.680037,195,0,258
2026/02/04/00:24:29,605.849519,0.833250,0.688078,0.833250,0.688078,198,0,258
2026/02/04/00:24:30,606.849764,0.844500,0.699838,0.844500,0.699838,203,0,258
2026/02/04/00:24:31,607.849829,0.840063,0.695820,0.840063,0.695820,201,0,260
2026/02/04/00:24:32,608.849972,0.840063,0.695820,0.840063,0.695820,201,0,260
2026/02/04/00:24:33,609.850045,0.833031,0.674693,0.833031,0.674693,198,0,263
2026/02/04/00:24:34,610.850195,0.826844,0.666177,0.826844,0.666177,195,0,266
2026/02/04/00:24:35,611.850274,0.821781,0.662933,0.821781,0.662933,193,0,268
2026/02/04/00:24:36,612.850317,0.821781,0.662933,0.821781,0.662933,193,0,268
2026/02/04/00:24:37,613.850413,0.821781,0.662933,0.821781,0.662933,193,0,268
2026/02/04/00:24:38,614.850483,0.827781,0.669351,0.827781,0.669351,196,0,268
2026/02/04/00:24:39,615.850577,0.827781,0.669351,0.827781,0.669351,196,0,268
2026/02/04/00:24:40,616.850656,0.827781,0.669351,0.827781,0.669351,196,0,268
2026/02/04/00:24:41,617.850815,0.827781,0.669351,0.827781,0.669351,196,0,268
2026/02/04/00:24:42,618.850877,0.827781,0.669351,0.827781,0.669351,196,0,268
2026/02/04/00:24:43,619.850973,0.827781,0.669351,0.827781,0.669351,196,0,268
2026/02/04/00:24:44,620.851074,0.827781,0.669351,0.827781,0.669351,196,0,268
2026/02/04/00:24:45,621.851161,0.827781,0.669351,0.827781,0.669351,196,0,268
2026/02/04/00:24:46,622.851252,0.827781,0.669351,0.827781,0.669351,196,0,268
2026/02/04/00:24:47,623.851343,0.827781,0.669351,0.827781,0.669351,196,0,268
2026/02/04/00:24:48,624.851439,0.827781,0.669351,0.827781,0.669351,196,0,268
2026/02/04/00:24:49,625.851525,0.821781,0.662933,0.821781,0.662933,193,0,271
2026/02/04/00:24:50,626.851626,0.821781,0.662933,0.821781,0.662933,193,0,271
2026/02/04/00:24:51,627.851712,0.821781,0.662933,0.821781,0.662933,193,0,271
2026/02/04/00:24:52,628.851800,0.821781,0.662933,0.821781,0.662933,193,0,271
2026/02/04/00:24:53,629.851894,0.821781,0.662933,0.821781,0.662933,193,0,271
2026/02/04/00:24:54,630.851998,0.821781,0.662933,0.821781,0.662933,193,0,271
2026/02/04/00:24:55,631.852170,0.821781,0.662933,0.821781,0.662933,193,0,271
2026/02/04/00:24:56,632.852261,0.821781,0.662933,0.821781,0.662933,193,0,271
2026/02/04/00:24:57,633.852347,0.821781,0.662933,0.821781,0.662933,193,0,271
2026/02/04/00:24:58,634.852451,0.821781,0.662933,0.821781,0.662933,193,0,271
2026/02/04/00:24:59,635.852543,0.821781,0.662933,0.821781,0.662933,193,0,271
2026/02/04/00:25:00,636.852627,0.821781,0.662933,0.821781,0.662933,193,0,271
2026/02/04/00:25:01,637.852725,0.821781,0.662933,0.821781,0.662933,193,0,271
2026/02/04/00:25:02,638.852848,0.821781,0.662933,0.821781,0.662933,193,0,271
2026/02/04/00:25:03,639.852928,0.821781,0.662933,0.821781,0.662933,193,0,271
2026/02/04/00:25:04,640.853003,0.821781,0.662933,0.821781,0.662933,193,0,271
2026/02/04/00:25:05,641.853124,0.821781,0.662933,0.821781,0.662933,193,0,271
2026/02/04/00:25:06,642.853240,0.821781,0.662933,0.821781,0.662933,193,0,271
2026/02/04/00:25:07,643.853376,0.821781,0.662933,0.821781,0.662933,193,0,271
2026/02/04/00:25:08,644.853455,0.821781,0.662933,0.821781,0.662933,193,0,271
2026/02/04/00:25:09,645.853553,0.821781,0.662933,0.821781,0.662933,193,0,271
2026/02/04/00:25:10,646.853647,0.821781,0.662933,0.821781,0.662933,193,0,271
2026/02/04/00:25:11,647.854226,0.821781,0.662933,0.821781,0.662933,193,0,271
2026/02/04/00:25:12,648.854357,0.821781,0.662933,0.821781,0.662933,193,0,271
2026/02/04/00:25:13,649.854505,0.821781,0.662933,0.821781,0.662933,193,0,271
2026/02/04/00:25:14,650.854606,0.821781,0.662933,0.821781,0.662933,193,0,271
2026/02/04/00:25:15,651.854681,0.821781,0.662933,0.821781,0.662933,193,0,271
2026/02/04/00:25:16,652.854859,0.821781,0.662933,0.821781,0.662933,193,0,271
2026/02/04/00:25:17,653.854903,0.821781,0.662933,0.821781,0.662933,193,0,271
2026/02/04/00:25:18,654.855072,0.821781,0.662933,0.821781,0.662933,193,0,271
2026/02/04/00:25:19,655.855192,0.821781,0.662933,0.821781,0.662933,193,0,271
2026/02/04/00:25:20,656.855259,0.821781,0.662933,0.821781,0.662933,193,0,271
2026/02/04/00:25:21,657.855358,0.821781,0.662933,0.821781,0.662933,193,0,271
2026/02/04/00:25:22,658.855494,0.821781,0.662933,0.821781,0.662933,193,0,271
2026/02/04/00:25:23,659.855655,0.821781,0.662933,0.821781,0.662933,193,0,271
2026/02/04/00:25:24,660.855761,0.821781,0.662933,0.821781,0.662933,193,0,271
2026/02/04/00:25:25,661.855833,0.821781,0.662933,0.821781,0.662933,193,0,271
2026/02/04/00:25:26,662.855908,0.821781,0.662933,0.821781,0.662933,193,0,271
2026/02/04/00:25:27,663.855991,0.821781,0.662933,0.821781,0.662933,193,0,271
2026/02/04/00:25:28,664.856087,0.821781,0.662933,0.821781,0.662933,193,0,271
2026/02/04/00:25:29,665.856184,0.821781,0.662933,0.821781,0.662933,193,0,271
2026/02/04/00:25:30,666.856318,0.821781,0.662933,0.821781,0.662933,193,0,271
2026/02/04/00:25:31,667.856335,0.821781,0.662933,0.821781,0.662933,193,0,271
2026/02/04/00:25:32,668.856427,0.825469,0.674557,0.843750,0.711276,194,3,271
2026/02/04/00:25:33,669.856531,0.867531,0.721168,0.878437,0.734639,203,1,271
2026/02/04/00:25:34,670.856605,0.867531,0.721168,0.878437,0.734639,203,1,271
2026/02/04/00:25:35,671.856690,0.860031,0.713949,0.870938,0.727420,200,1,274
2026/02/04/00:25:36,672.856805,0.860031,0.713949,0.870938,0.727420,200,1,274
2026/02/04/00:25:37,673.856906,0.838281,0.707135,0.849187,0.720606,197,1,277
2026/02/04/00:25:38,674.856979,0.838281,0.707135,0.849187,0.720606,197,1,277
2026/02/04/00:25:39,675.857064,0.838281,0.707135,0.849187,0.720606,197,1,277
2026/02/04/00:25:40,676.857169,0.838281,0.707135,0.849187,0.720606,197,1,277
2026/02/04/00:25:41,677.857288,0.838281,0.707135,0.849187,0.720606,197,1,277
2026/02/04/00:25:42,678.857338,0.838281,0.707135,0.849187,0.720606,197,1,277
2026/02/04/00:25:43,679.857461,0.838281,0.707135,0.849187,0.720606,197,1,277
2026/02/04/00:25:44,680.857544,0.838281,0.707135,0.849187,0.720606,197,1,277
2026/02/04/00:25:45,681.857605,0.838125,0.685734,0.838125,0.685734,195,0,280
2026/02/04/00:25:46,682.857692,0.838125,0.685734,0.838125,0.685734,195,0,280
2026/02/04/00:25:47,683.857830,0.838125,0.685734,0.838125,0.685734,195,0,280
2026/02/04/00:25:48,684.857918,0.838125,0.685734,0.838125,0.685734,195,0,280
2026/02/04/00:25:49,685.857993,0.838125,0.685734,0.838125,0.685734,195,0,280
2026/02/04/00:25:50,686.858078,0.847313,0.706625,0.847313,0.706625,200,0,280
2026/02/04/00:25:51,687.858191,0.851688,0.705400,0.851688,0.705400,199,0,283
2026/02/04/00:25:52,688.858289,0.851688,0.705400,0.851688,0.705400,199,0,283
2026/02/04/00:25:53,689.858345,0.851688,0.705400,0.851688,0.705400,199,0,283
2026/02/04/00:25:54,690.858444,0.846437,0.691026,0.846437,0.691026,196,0,286
2026/02/04/00:25:55,691.858531,0.846437,0.691026,0.846437,0.691026,196,0,286
2026/02/04/00:25:56,692.858608,0.846437,0.691026,0.846437,0.691026,196,0,286
2026/02/04/00:25:57,693.858714,0.846437,0.691026,0.846437,0.691026,196,0,286
2026/02/04/00:25:58,694.858905,0.842500,0.684510,0.842500,0.684510,194,0,288
2026/02/04/00:25:59,695.858963,0.831594,0.671039,0.831594,0.671039,193,0,289
2026/02/04/00:26:00,696.859020,0.831594,0.671039,0.831594,0.671039,193,0,289
2026/02/04/00:26:01,697.859163,0.831594,0.671039,0.831594,0.671039,193,0,289
2026/02/04/00:26:02,698.859295,0.831594,0.671039,0.831594,0.671039,193,0,289
2026/02/04/00:26:03,699.859321,0.831594,0.671039,0.831594,0.671039,193,0,289
2026/02/04/00:26:04,700.859423,0.831594,0.671039,0.831594,0.671039,193,0,289
2026/02/04/00:26:05,701.859510,0.831594,0.671039,0.831594,0.671039,193,0,289
2026/02/04/00:26:06,702.859598,0.831594,0.671039,0.831594,0.671039,193,0,289
2026/02/04/00:26:07,703.859705,0.854062,0.702988,0.854062,0.702988,202,0,289
2026/02/04/00:26:08,704.859786,0.891094,0.758173,0.891094,0.758173,211,0,289
2026/02/04/00:26:09,705.859890,0.893563,0.760234,0.893563,0.760234,212,0,289
2026/02/04/00:26:10,706.859979,0.879531,0.737258,0.879531,0.737258,208,0,293
2026/02/04/00:26:11,707.860046,0.879531,0.737258,0.879531,0.737258,208,0,293
2026/02/04/00:26:12,708.860132,0.879531,0.737258,0.879531,0.737258,208,0,293
2026/02/04/00:26:13,709.860231,0.852875,0.726204,0.852875,0.726204,203,0,299
2026/02/04/00:26:14,710.860337,0.851125,0.724067,0.851125,0.724067,202,0,300
2026/02/04/00:26:15,711.860432,0.851125,0.724067,0.851125,0.724067,202,0,300
2026/02/04/00:26:16,712.860518,0.844938,0.707653,0.844938,0.707653,200,0,302
2026/02/04/00:26:17,713.860607,0.844938,0.707653,0.844938,0.707653,200,0,302
2026/02/04/00:26:18,714.861111,0.844938,0.707653,0.844938,0.707653,200,0,302
2026/02/04/00:26:19,715.861219,0.844938,0.707653,0.844938,0.707653,200,0,302
2026/02/04/00:26:20,716.861289,0.844938,0.707653,0.844938,0.707653,200,0,302
2026/02/04/00:26:21,717.861332,0.844938,0.707653,0.844938,0.707653,200,0,302
2026/02/04/00:26:22,718.861428,0.844938,0.707653,0.844938,0.707653,200,0,302
2026/02/04/00:26:23,719.861515,0.851031,0.713055,0.851031,0.713055,203,0,302
2026/02/04/00:26:24,720.861645,0.848531,0.710690,0.848531,0.710690,202,0,303
2026/02/04/00:26:25,721.861734,0.842437,0.705288,0.842437,0.705288,199,0,306
2026/02/04/00:26:26,722.861819,0.842437,0.705288,0.842437,0.705288,199,0,306
2026/02/04/00:26:27,723.861899,0.845688,0.708433,0.845688,0.708433,200,0,306
2026/02/04/00:26:28,724.861995,0.845688,0.708433,0.845688,0.708433,200,0,306
2026/02/04/00:26:29,725.862078,0.869812,0.743118,0.869812,0.743118,208,0,306
2026/02/04/00:26:30,726.862161,0.869812,0.743118,0.869812,0.743118,208,0,306
2026/02/04/00:26:31,727.862231,0.869812,0.743118,0.869812,0.743118,208,0,306
2026/02/04/00:26:32,728.862326,0.869812,0.743118,0.869812,0.743118,208,0,306
2026/02/04/00:26:33,729.862409,0.869563,0.748792,0.869563,0.748792,208,0,307
2026/02/04/00:26:34,730.862523,0.869563,0.748792,0.869563,0.748792,208,0,307
2026/02/04/00:26:35,731.862607,0.867625,0.740156,0.867625,0.740156,207,0,308
2026/02/04/00:26:36,732.862710,0.867625,0.740156,0.867625,0.740156,207,0,308
2026/02/04/00:26:37,733.862822,0.864375,0.737011,0.864375,0.737011,206,0,309
2026/02/04/00:26:38,734.862970,0.850812,0.726528,0.850812,0.726528,202,0,313
2026/02/04/00:26:39,735.863060,0.850812,0.726528,0.850812,0.726528,202,0,313
2026/02/04/00:26:40,736.863130,0.850812,0.726528,0.850812,0.726528,202,0,313
2026/02/04/00:26:41,737.863216,0.850812,0.726528,0.850812,0.726528,202,0,313
2026/02/04/00:26:42,738.863367,0.848344,0.724468,0.848344,0.724468,201,0,314
2026/02/04/00:26:43,739.863446,0.845750,0.720444,0.845750,0.720444,200,0,315
2026/02/04/00:26:44,740.863551,0.845750,0.720444,0.845750,0.720444,200,0,315
2026/02/04/00:26:45,741.863644,0.851437,0.728267,0.851437,0.728267,201,0,315
2026/02/04/00:26:46,742.863726,0.851437,0.728267,0.851437,0.728267,201,0,315
2026/02/04/00:26:47,743.863822,0.845750,0.720444,0.845750,0.720444,200,0,316
2026/02/04/00:26:48,744.863909,0.845750,0.720444,0.845750,0.720444,200,0,316
2026/02/04/00:26:49,745.864050,0.845750,0.720444,0.845750,0.720444,200,0,316
2026/02/04/00:26:50,746.864121,0.845750,0.720444,0.886719,0.726533,200,3,316
2026/02/04/00:26:51,747.864200,0.854469,0.727268,0.895437,0.733356,203,3,316
2026/02/04/00:26:52,748.864307,0.863969,0.747665,0.904937,0.753753,206,3,316
2026/02/04/00:26:53,749.864412,0.861031,0.745541,0.902000,0.751629,205,3,317
2026/02/04/00:26:54,750.864468,0.861031,0.745541,0.902000,0.751629,205,3,317
2026/02/04/00:26:55,751.864541,0.861031,0.745541,0.902000,0.751629,205,3,317
2026/02/04/00:26:56,752.864591,0.861031,0.745541,0.902000,0.751629,205,3,317
2026/02/04/00:26:57,753.864676,0.849531,0.730534,0.890500,0.736622,201,3,321
2026/02/04/00:26:58,754.864784,0.866594,0.743229,0.916094,0.755665,203,4,321
2026/02/04/00:26:59,755.864888,0.872687,0.747686,0.913656,0.753774,203,3,322
2026/02/04/00:27:00,756.864968,0.847094,0.728644,0.888062,0.734732,200,3,325
2026/02/04/00:27:01,757.865117,0.841938,0.712627,0.882906,0.718715,197,3,328
2026/02/04/00:27:02,758.865305,0.841938,0.712627,0.882906,0.718715,197,3,328
2026/02/04/00:27:03,759.865330,0.841938,0.712627,0.882906,0.718715,197,3,328
2026/02/04/00:27:04,760.865430,0.841938,0.712627,0.882906,0.718715,197,3,328
2026/02/04/00:27:05,761.865520,0.841938,0.712627,0.882906,0.718715,197,3,328
2026/02/04/00:27:06,762.865616,0.841938,0.712627,0.882906,0.718715,197,3,328
2026/02/04/00:27:07,763.865730,0.841938,0.712627,0.882906,0.718715,197,3,328
2026/02/04/00:27:08,764.865833,0.840250,0.703417,0.881219,0.709506,196,3,329
2026/02/04/00:27:09,765.865937,0.840250,0.703417,0.881219,0.709506,196,3,329
2026/02/04/00:27:10,766.866033,0.840250,0.703417,0.881219,0.709506,196,3,329
2026/02/04/00:27:11,767.866123,0.844719,0.713258,0.899062,0.721302,199,4,330
2026/02/04/00:27:12,768.866212,0.844719,0.713258,0.899062,0.721302,199,4,330
2026/02/04/00:27:13,769.866318,0.840156,0.705029,0.894500,0.713073,197,4,332
2026/02/04/00:27:14,770.866408,0.840156,0.705029,0.894500,0.713073,197,4,332
2026/02/04/00:27:15,771.866501,0.840156,0.705029,0.894500,0.713073,197,4,332
2026/02/04/00:27:16,772.866598,0.836906,0.700609,0.891250,0.708653,195,4,334
2026/02/04/00:27:17,773.866663,0.836906,0.700609,0.891250,0.708653,195,4,334
2026/02/04/00:27:18,774.866722,0.836906,0.700609,0.891250,0.708653,195,4,334
2026/02/04/00:27:19,775.866808,0.836906,0.700609,0.891250,0.708653,195,4,334
2026/02/04/00:27:20,776.866892,0.836906,0.700609,0.891250,0.708653,195,4,334
2026/02/04/00:27:21,777.866994,0.836906,0.700609,0.891250,0.708653,195,4,334
2026/02/04/00:27:22,778.867082,0.836906,0.700609,0.891250,0.708653,195,4,334
2026/02/04/00:27:23,779.867146,0.836906,0.700609,0.891250,0.708653,195,4,334
2026/02/04/00:27:24,780.867252,0.843219,0.714460,0.897563,0.722504,197,4,334
2026/02/04/00:27:25,781.867344,0.843219,0.714460,0.897563,0.722504,197,4,334
2026/02/04/00:27:26,782.867573,0.843219,0.714460,0.897563,0.722504,197,4,334
2026/02/04/00:27:27,783.867549,0.843219,0.714460,0.897563,0.722504,197,4,334
2026/02/04/00:27:28,784.867662,0.843219,0.714460,0.897563,0.722504,197,4,334
2026/02/04/00:27:29,785.867715,0.843219,0.714460,0.897563,0.722504,197,4,334
2026/02/04/00:27:30,786.867818,0.843219,0.714460,0.897563,0.722504,197,4,334
2026/02/04/00:27:31,787.867900,0.843219,0.714460,0.897563,0.722504,197,4,334
2026/02/04/00:27:32,788.867996,0.843219,0.714460,0.897563,0.722504,197,4,334
2026/02/04/00:27:33,789.868069,0.849812,0.729640,0.919156,0.742893,200,6,334
2026/02/04/00:27:34,790.868237,0.864812,0.734849,0.919156,0.742893,202,4,334
2026/02/04/00:27:35,791.868326,0.864812,0.734849,0.919156,0.742893,202,4,334
2026/02/04/00:27:36,792.868413,0.864812,0.734849,0.919156,0.742893,202,4,334
2026/02/04/00:27:37,793.868488,0.864812,0.734849,0.919156,0.742893,202,4,334
2026/02/04/00:27:38,794.868602,0.860125,0.706480,0.914469,0.714524,199,4,337
2026/02/04/00:27:39,795.868684,0.860125,0.706480,0.914469,0.714524,199,4,337
2026/02/04/00:27:40,796.868816,0.860125,0.706480,0.914469,0.714524,199,4,337
2026/02/04/00:27:41,797.868870,0.860125,0.706480,0.914469,0.714524,199,4,337
2026/02/04/00:27:42,798.868994,0.860125,0.706480,0.914469,0.714524,199,4,337
2026/02/04/00:27:43,799.869069,0.825187,0.696854,0.879531,0.704898,195,4,341
2026/02/04/00:27:44,800.869161,0.818875,0.683003,0.873219,0.691047,193,4,343
2026/02/04/00:27:45,801.869262,0.818875,0.683003,0.873219,0.691047,193,4,343
2026/02/04/00:27:46,802.869334,0.814500,0.672312,0.868844,0.680356,191,4,345
2026/02/04/00:27:47,803.869422,0.814500,0.672312,0.868844,0.680356,191,4,345
2026/02/04/00:27:48,804.869573,0.814500,0.672312,0.868844,0.680356,191,4,345
2026/02/04/00:27:49,805.869652,0.814500,0.672312,0.868844,0.680356,191,4,345
2026/02/04/00:27:50,806.869746,0.814500,0.672312,0.868844,0.680356,191,4,345
2026/02/04/00:27:51,807.869844,0.812281,0.667823,0.866625,0.675867,190,4,346
2026/02/04/00:27:52,808.869958,0.812281,0.667823,0.866625,0.675867,190,4,346
2026/02/04/00:27:53,809.870047,0.812281,0.667823,0.866625,0.675867,190,4,346
2026/02/04/00:27:54,810.870112,0.812281,0.667823,0.866625,0.675867,190,4,346
2026/02/04/00:27:55,811.870215,0.812281,0.667823,0.866625,0.675867,190,4,346
2026/02/04/00:27:56,812.870298,0.812281,0.667823,0.866625,0.675867,190,4,346
2026/02/04/00:27:57,813.870444,0.812281,0.667823,0.866625,0.675867,190,4,346
2026/02/04/00:27:58,814.870564,0.812281,0.667823,0.866625,0.675867,190,4,346
2026/02/04/00:27:59,815.870647,0.812281,0.667823,0.866625,0.675867,190,4,346
2026/02/04/00:28:00,816.870795,0.812281,0.667823,0.866625,0.675867,190,4,346
2026/02/04/00:28:01,817.870884,0.812281,0.667823,0.866625,0.675867,190,4,346
2026/02/04/00:28:02,818.871049,0.812281,0.667823,0.866625,0.675867,190,4,346
2026/02/04/00:28:03,819.871149,0.812281,0.667823,0.866625,0.675867,190,4,346
2026/02/04/00:28:04,820.871214,0.812281,0.667823,0.866625,0.675867,190,4,346
2026/02/04/00:28:05,821.871323,0.812281,0.667823,0.866625,0.675867,190,4,346
2026/02/04/00:28:06,822.871428,0.812281,0.667823,0.866625,0.675867,190,4,346
2026/02/04/00:28:07,823.871623,0.812281,0.667823,0.866625,0.675867,190,4,346
2026/02/04/00:28:08,824.871641,0.812281,0.667823,0.866625,0.675867,190,4,346
2026/02/04/00:28:09,825.871736,0.812281,0.667823,0.866625,0.675867,190,4,346
2026/02/04/00:28:10,826.871886,0.812281,0.667823,0.866625,0.675867,190,4,346
2026/02/04/00:28:11,827.871951,0.812281,0.667823,0.866625,0.675867,190,4,346
2026/02/04/00:28:12,828.872061,0.812281,0.667823,0.866625,0.675867,190,4,346
2026/02/04/00:28:13,829.872145,0.812281,0.667823,0.866625,0.675867,190,4,346
2026/02/04/00:28:14,830.872228,0.812281,0.667823,0.866625,0.675867,190,4,346
2026/02/04/00:28:15,831.872339,0.812281,0.667823,0.866625,0.675867,190,4,346
2026/02/04/00:28:16,832.872436,0.812281,0.667823,0.866625,0.675867,190,4,346
2026/02/04/00:28:17,833.872535,0.812281,0.667823,0.866625,0.675867,190,4,346
2026/02/04/00:28:18,834.878457,0.812281,0.667823,0.866625,0.675867,190,4,346
2026/02/04/00:28:22,838.701283,0.812281,0.667823,0.866625,0.675867,190,4,346
2026/02/04/00:28:23,839.701328,0.882594,0.687452,0.882594,0.687452,197,0,350
2026/02/04/00:28:24,840.701424,0.910813,0.713868,0.913250,0.718335,204,1,350
2026/02/04/00:28:25,841.701521,0.915562,0.720815,0.915562,0.720815,206,0,350
2026/02/04/00:28:26,842.701593,0.898937,0.708668,0.898937,0.708668,202,0,354
2026/02/04/00:28:27,843.701668,0.898937,0.708668,0.898937,0.708668,202,0,354
2026/02/04/00:28:28,844.701769,0.895125,0.701739,0.895125,0.701739,201,0,355
2026/02/04/00:28:29,845.701867,0.895125,0.701739,0.895125,0.701739,201,0,355
2026/02/04/00:28:30,846.701944,0.887719,0.687984,0.887719,0.687984,198,0,358
2026/02/04/00:28:31,847.702037,0.887719,0.687984,0.887719,0.687984,198,0,358
2026/02/04/00:28:32,848.702115,0.887719,0.687984,0.887719,0.687984,198,0,358
2026/02/04/00:28:33,849.702211,0.883094,0.683023,0.883094,0.683023,196,0,360
2026/02/04/00:28:34,850.702372,0.883094,0.683023,0.883094,0.683023,196,0,360
2026/02/04/00:28:35,851.702473,0.883094,0.683023,0.883094,0.683023,196,0,360
2026/02/04/00:28:36,852.702557,0.883094,0.683023,0.883094,0.683023,196,0,360
2026/02/04/00:28:37,853.702644,0.883094,0.683023,0.883094,0.683023,196,0,360
2026/02/04/00:28:38,854.702729,0.883094,0.683023,0.883094,0.683023,196,0,360
2026/02/04/00:28:39,855.702829,0.883094,0.683023,0.883094,0.683023,196,0,360
2026/02/04/00:28:40,856.702918,0.883094,0.683023,0.883094,0.683023,196,0,360
2026/02/04/00:28:41,857.703010,0.883094,0.683023,0.883094,0.683023,196,0,360
2026/02/04/00:28:42,858.703096,0.883094,0.683023,0.883094,0.683023,196,0,360
2026/02/04/00:28:43,859.703179,0.883094,0.683023,0.883094,0.683023,196,0,360
2026/02/04/00:28:44,860.703316,0.883094,0.683023,0.883094,0.683023,196,0,360
2026/02/04/00:28:45,861.703353,0.883094,0.683023,0.883094,0.683023,196,0,360
2026/02/04/00:28:46,862.703453,0.883094,0.683023,0.883094,0.683023,196,0,360
2026/02/04/00:28:47,863.703542,0.878625,0.679815,0.878625,0.679815,195,0,361
2026/02/04/00:28:48,864.703640,0.878625,0.679815,0.878625,0.679815,195,0,361
2026/02/04/00:28:49,865.703783,0.878625,0.679815,0.878625,0.679815,195,0,361
2026/02/04/00:28:50,866.703882,0.878625,0.679815,0.878625,0.679815,195,0,361
2026/02/04/00:28:51,867.703979,0.878625,0.679815,0.878625,0.679815,195,0,361
2026/02/04/00:28:52,868.704060,0.878625,0.679815,0.878625,0.679815,195,0,361
2026/02/04/00:28:53,869.704236,0.878625,0.679815,0.878625,0.679815,195,0,361
2026/02/04/00:28:54,870.704367,0.878625,0.679815,0.878625,0.679815,195,0,361
2026/02/04/00:28:55,871.704502,0.878625,0.679815,0.878625,0.679815,195,0,361
2026/02/04/00:28:56,872.704685,0.878625,0.679815,0.878625,0.679815,195,0,361
2026/02/04/00:28:57,873.704693,0.878625,0.679815,0.878625,0.679815,195,0,361
2026/02/04/00:28:58,874.704818,0.863437,0.670484,0.863437,0.670484,192,0,364
2026/02/04/00:28:59,875.704890,0.863437,0.670484,0.863437,0.670484,192,0,364
2026/02/04/00:29:00,876.705036,0.863437,0.670484,0.863437,0.670484,192,0,364
2026/02/04/00:29:01,877.705108,0.863437,0.670484,0.863437,0.670484,192,0,364
2026/02/04/00:29:02,878.705196,0.863437,0.670484,0.863437,0.670484,192,0,364
2026/02/04/00:29:03,879.705321,0.863437,0.670484,0.863437,0.670484,192,0,364
2026/02/04/00:29:04,880.705349,0.863437,0.670484,0.863437,0.670484,192,0,364
2026/02/04/00:29:05,881.705439,0.863437,0.670484,0.863437,0.670484,192,0,364
2026/02/04/00:29:06,882.705536,0.863437,0.670484,0.863437,0.670484,192,0,364
2026/02/04/00:29:07,883.705607,0.863437,0.670484,0.863437,0.670484,192,0,364
2026/02/04/00:29:08,884.705712,0.860313,0.668920,0.860313,0.668920,191,0,365
2026/02/04/00:29:09,885.705809,0.857187,0.667356,0.857187,0.667356,190,0,366
2026/02/04/00:29:10,886.705916,0.857187,0.667356,0.857187,0.667356,190,0,366
2026/02/04/00:29:11,887.705980,0.857187,0.667356,0.857187,0.667356,190,0,366
2026/02/04/00:29:12,888.706051,0.857187,0.667356,0.857187,0.667356,190,0,366
2026/02/04/00:29:13,889.706140,0.857187,0.667356,0.857187,0.667356,190,0,366
2026/02/04/00:29:14,890.706249,0.857187,0.667356,0.857187,0.667356,190,0,366
2026/02/04/00:29:15,891.706315,0.870625,0.686722,0.870625,0.686722,197,0,366
2026/02/04/00:29:16,892.706427,0.870625,0.686722,0.870625,0.686722,197,0,366
2026/02/04/00:29:17,893.706510,0.870625,0.686722,0.870625,0.686722,197,0,366
2026/02/04/00:29:18,894.706606,0.870625,0.686722,0.870625,0.686722,197,0,366
2026/02/04/00:29:19,895.706695,0.870625,0.686722,0.870625,0.686722,197,0,366
2026/02/04/00:29:20,896.706815,0.866437,0.676651,0.866437,0.676651,195,0,368
2026/02/04/00:29:21,897.706863,0.879219,0.682485,0.892594,0.691170,197,2,370
2026/02/04/00:29:22,898.706971,0.879219,0.682485,0.892594,0.691170,197,2,370
2026/02/04/00:29:23,899.707074,0.882750,0.686222,0.882750,0.686222,196,0,373
2026/02/04/00:29:24,900.707175,0.882750,0.686222,0.882750,0.686222,196,0,373
2026/02/04/00:29:25,901.707256,0.882750,0.686222,0.882750,0.686222,196,0,373
2026/02/04/00:29:26,902.707342,0.893906,0.715138,0.893906,0.715138,202,0,373
2026/02/04/00:29:27,903.707413,0.860563,0.719531,0.860563,0.719531,201,0,376
2026/02/04/00:29:28,904.707519,0.860563,0.719531,0.860563,0.719531,201,0,376
2026/02/04/00:29:29,905.707587,0.860563,0.719531,0.860563,0.719531,201,0,376
2026/02/04/00:29:30,906.707684,0.860563,0.719531,0.860563,0.719531,201,0,376
2026/02/04/00:29:31,907.707795,0.860563,0.719531,0.860563,0.719531,201,0,376
2026/02/04/00:29:32,908.707854,0.836250,0.701778,0.836250,0.701778,196,0,381
2026/02/04/00:29:33,909.707945,0.828625,0.691296,0.828625,0.691296,194,0,383
2026/02/04/00:29:34,910.708040,0.857625,0.719609,0.860875,0.721891,201,1,383
2026/02/04/00:29:35,911.708131,0.880656,0.753615,0.885594,0.767334,210,1,383
2026/02/04/00:29:36,912.708220,0.899687,0.779425,0.924250,0.808845,219,3,383
2026/02/04/00:29:37,913.708384,0.912219,0.768869,0.956281,0.774818,222,3,387
2026/02/04/00:29:38,914.708477,0.895188,0.762239,0.895188,0.762239,218,0,396
2026/02/04/00:29:39,915.708556,0.888813,0.755455,0.888813,0.755455,216,0,398
2026/02/04/00:29:40,916.708657,0.878750,0.747117,0.878750,0.747117,213,0,401
2026/02/04/00:29:41,917.708750,0.878750,0.747117,0.878750,0.747117,213,0,401
2026/02/04/00:29:42,918.708820,0.878750,0.747117,0.878750,0.747117,213,0,401
2026/02/04/00:29:43,919.708905,0.878750,0.747117,0.878750,0.747117,213,0,401
2026/02/04/00:29:44,920.708994,0.878750,0.747117,0.878750,0.747117,213,0,401
2026/02/04/00:29:45,921.709089,0.878750,0.747117,0.878750,0.747117,213,0,401
2026/02/04/00:29:46,922.709162,0.878750,0.747117,0.878750,0.747117,213,0,401
2026/02/04/00:29:47,923.709289,0.876250,0.743431,0.876250,0.743431,212,0,402
2026/02/04/00:29:48,924.709361,0.876250,0.743431,0.876250,0.743431,212,0,402
2026/02/04/00:29:49,925.709444,0.871375,0.738527,0.871375,0.738527,209,0,405
2026/02/04/00:29:50,926.709534,0.871375,0.738527,0.871375,0.738527,209,0,405
2026/02/04/00:29:51,927.709631,0.871375,0.738527,0.871375,0.738527,209,0,405
2026/02/04/00:29:52,928.709725,0.871375,0.738527,0.871375,0.738527,209,0,405
2026/02/04/00:29:53,929.709795,0.865938,0.727344,0.865938,0.727344,206,0,408
2026/02/04/00:29:54,930.709916,0.863531,0.724567,0.863531,0.724567,205,0,409
2026/02/04/00:29:55,931.710074,0.863531,0.724567,0.863531,0.724567,205,0,409
2026/02/04/00:29:56,932.710154,0.863531,0.724567,0.863531,0.724567,205,0,409
2026/02/04/00:29:57,933.710245,0.863531,0.724567,0.863531,0.724567,205,0,409
2026/02/04/00:29:58,934.710358,0.863531,0.724567,0.863531,0.724567,205,0,409
2026/02/04/00:29:59,935.710450,0.863531,0.724567,0.863531,0.724567,205,0,409
2026/02/04/00:30:00,936.710565,0.863531,0.724567,0.863531,0.724567,205,0,409
2026/02/04/00:30:01,937.710653,0.863531,0.724567,0.863531,0.724567,205,0,409
2026/02/04/00:30:02,938.710726,0.863531,0.724567,0.863531,0.724567,205,0,409
2026/02/04/00:30:03,939.710811,0.863531,0.724567,0.863531,0.724567,205,0,409
2026/02/04/00:30:04,940.710912,0.863531,0.724567,0.863531,0.724567,205,0,409
2026/02/04/00:30:05,941.711008,0.863531,0.724567,0.863531,0.724567,205,0,409
2026/02/04/00:30:06,942.711097,0.863531,0.724567,0.863531,0.724567,205,0,409
2026/02/04/00:30:07,943.711200,0.863531,0.724567,0.863531,0.724567,205,0,409
2026/02/04/00:30:08,944.711247,0.863531,0.724567,0.863531,0.724567,205,0,409
2026/02/04/00:30:09,945.711346,0.856156,0.711489,0.856156,0.711489,203,0,411
2026/02/04/00:30:10,946.711439,0.856156,0.711489,0.856156,0.711489,203,0,411
2026/02/04/00:30:11,947.711530,0.856156,0.711489,0.856156,0.711489,203,0,411
2026/02/04/00:30:12,948.711635,0.856156,0.711489,0.856156,0.711489,203,0,411
2026/02/04/00:30:13,949.711733,0.856156,0.711489,0.856156,0.711489,203,0,411
2026/02/04/00:30:14,950.711816,0.856156,0.711489,0.856156,0.711489,203,0,411
2026/02/04/00:30:15,951.711982,0.832094,0.705248,0.832094,0.705248,201,0,413
2026/02/04/00:30:16,952.712069,0.832094,0.705248,0.832094,0.705248,201,0,413
2026/02/04/00:30:17,953.712218,0.828094,0.699402,0.828094,0.699402,199,0,415
2026/02/04/00:30:18,954.712301,0.852750,0.725008,0.856187,0.731735,206,2,415
2026/02/04/00:30:19,955.712350,0.881437,0.748444,0.899000,0.752204,214,2,415
2026/02/04/00:30:20,956.712466,0.896000,0.765159,0.923469,0.771347,219,3,415
2026/02/04/00:30:21,957.712529,0.887656,0.751465,0.915125,0.757654,216,3,420
2026/02/04/00:30:22,958.712624,0.880219,0.735035,0.890125,0.737463,211,1,427
2026/02/04/00:30:23,959.712728,0.880219,0.735035,0.890125,0.737463,211,1,427
2026/02/04/00:30:24,960.712827,0.880219,0.735035,0.890125,0.737463,211,1,427
2026/02/04/00:30:25,961.712921,0.883375,0.730676,0.883375,0.730676,209,0,430
2026/02/04/00:30:26,962.713007,0.883375,0.730676,0.883375,0.730676,209,0,430
2026/02/04/00:30:27,963.713087,0.873469,0.728248,0.873469,0.728248,208,0,431
2026/02/04/00:30:28,964.713258,0.873469,0.728248,0.873469,0.728248,208,0,431
2026/02/04/00:30:29,965.713350,0.873469,0.728248,0.873469,0.728248,208,0,431
2026/02/04/00:30:30,966.713413,0.866344,0.718818,0.866344,0.718818,206,0,433
2026/02/04/00:30:31,967.713515,0.866344,0.718818,0.866344,0.718818,206,0,433
2026/02/04/00:30:32,968.713588,0.860062,0.694807,0.860062,0.694807,203,0,436
2026/02/04/00:30:33,969.713738,0.860062,0.694807,0.860062,0.694807,203,0,436
2026/02/04/00:30:34,970.713825,0.860062,0.694807,0.860062,0.694807,203,0,436
2026/02/04/00:30:35,971.713939,0.860062,0.694807,0.860062,0.694807,203,0,436
2026/02/04/00:30:36,972.714013,0.860062,0.694807,0.860062,0.694807,203,0,436
2026/02/04/00:30:37,973.714141,0.860062,0.694807,0.860062,0.694807,203,0,436
2026/02/04/00:30:38,974.714241,0.860062,0.694807,0.860062,0.694807,203,0,436
2026/02/04/00:30:39,975.714343,0.860062,0.694807,0.860062,0.694807,203,0,436
2026/02/04/00:30:40,976.714444,0.852500,0.682999,0.852500,0.682999,199,0,440
2026/02/04/00:30:41,977.714537,0.849063,0.676272,0.849063,0.676272,197,0,442
2026/02/04/00:30:42,978.714647,0.867750,0.717232,0.867750,0.717232,203,0,442
2026/02/04/00:30:43,979.714717,0.867750,0.717232,0.867750,0.717232,203,0,442
2026/02/04/00:30:44,980.714818,0.867750,0.717232,0.867750,0.717232,203,0,442
2026/02/04/00:30:45,981.714904,0.867750,0.717232,0.867750,0.717232,203,0,442
2026/02/04/00:30:46,982.714988,0.867750,0.717232,0.867750,0.717232,203,0,442
2026/02/04/00:30:47,983.715081,0.853875,0.688001,0.853875,0.688001,200,0,445
2026/02/04/00:30:48,984.715173,0.853875,0.688001,0.853875,0.688001,200,0,445
2026/02/04/00:30:49,985.715276,0.850750,0.684469,0.850750,0.684469,198,0,447
2026/02/04/00:30:50,986.715343,0.842500,0.682570,0.842500,0.682570,197,0,448
2026/02/04/00:30:51,987.715445,0.886969,0.717116,0.900906,0.719675,208,1,448
2026/02/04/00:30:52,988.715538,0.912188,0.739461,0.938875,0.745463,214,3,448
2026/02/04/00:30:53,989.715611,0.911000,0.740344,0.911000,0.740344,215,0,449
2026/02/04/00:30:54,990.715699,0.901000,0.733346,0.901000,0.733346,213,0,451
2026/02/04/00:30:55,991.715798,0.901000,0.733346,0.901000,0.733346,213,0,451
2026/02/04/00:30:56,992.715885,0.901000,0.733346,0.901000,0.733346,213,0,451
2026/02/04/00:30:57,993.715988,0.901000,0.733346,0.901000,0.733346,213,0,451
2026/02/04/00:30:58,994.716097,0.901000,0.733346,0.901000,0.733346,213,0,451
2026/02/04/00:30:59,995.716181,0.901000,0.733346,0.901000,0.733346,213,0,451
2026/02/04/00:31:00,996.716296,0.897750,0.727865,0.897750,0.727865,211,0,453
2026/02/04/00:31:01,997.716355,0.897750,0.727865,0.897750,0.727865,211,0,453
2026/02/04/00:31:02,998.716530,0.897750,0.727865,0.897750,0.727865,211,0,453
2026/02/04/00:31:03,999.716540,0.884938,0.724727,0.884938,0.724727,209,0,455
2026/02/04/00:31:04,1000.716655,0.864125,0.711364,0.864125,0.711364,205,0,459
2026/02/04/00:31:05,1001.716743,0.864125,0.711364,0.864125,0.711364,205,0,459
2026/02/04/00:31:06,1002.716820,0.864125,0.711364,0.864125,0.711364,205,0,459
2026/02/04/00:31:07,1003.716913,0.864125,0.711364,0.864125,0.711364,205,0,459
2026/02/04/00:31:08,1004.717021,0.864125,0.711364,0.864125,0.711364,205,0,459
2026/02/04/00:31:09,1005.717132,0.864125,0.711364,0.864125,0.711364,205,0,459
2026/02/04/00:31:10,1006.717192,0.864125,0.711364,0.864125,0.711364,205,0,459
2026/02/04/00:31:11,1007.717308,0.857563,0.704651,0.857563,0.704651,202,0,462
2026/02/04/00:31:12,1008.717359,0.857563,0.704651,0.857563,0.704651,202,0,462
2026/02/04/00:31:13,1009.717455,0.857563,0.704651,0.857563,0.704651,202,0,462
2026/02/04/00:31:14,1010.717539,0.869250,0.706650,0.869250,0.706650,203,0,462
2026/02/04/00:31:15,1011.717638,0.869250,0.706650,0.869250,0.706650,203,0,462
2026/02/04/00:31:16,1012.717793,0.869250,0.706650,0.869250,0.706650,203,0,462
2026/02/04/00:31:17,1013.717825,0.869250,0.706650,0.869250,0.706650,203,0,462
2026/02/04/00:31:18,1014.717941,0.872812,0.709775,0.872812,0.709775,205,0,462
2026/02/04/00:31:19,1015.718018,0.872812,0.709775,0.872812,0.709775,205,0,462
2026/02/04/00:31:20,1016.718120,0.857563,0.704651,0.857563,0.704651,202,0,465
2026/02/04/00:31:21,1017.718208,0.857563,0.704651,0.857563,0.704651,202,0,465
2026/02/04/00:31:22,1018.718307,0.857563,0.704651,0.857563,0.704651,202,0,465
2026/02/04/00:31:23,1019.718353,0.857563,0.704651,0.857563,0.704651,202,0,465
2026/02/04/00:31:24,1020.718464,0.857563,0.704651,0.857563,0.704651,202,0,465
2026/02/04/00:31:25,1021.718549,0.851750,0.698096,0.851750,0.698096,200,0,468
2026/02/04/00:31:26,1022.718651,0.851750,0.698096,0.851750,0.698096,200,0,468
2026/02/04/00:31:27,1023.718726,0.853375,0.701661,0.853375,0.701661,201,0,468
2026/02/04/00:31:28,1024.718839,0.853375,0.701661,0.853375,0.701661,201,0,468
2026/02/04/00:31:29,1025.718897,0.853375,0.701661,0.853375,0.701661,201,0,468
2026/02/04/00:31:30,1026.719035,0.853375,0.701661,0.853375,0.701661,201,0,468
2026/02/04/00:31:31,1027.719109,0.853375,0.701661,0.853375,0.701661,201,0,468
2026/02/04/00:31:32,1028.719216,0.853375,0.701661,0.853375,0.701661,201,0,468
2026/02/04/00:31:33,1029.719292,0.853375,0.701661,0.853375,0.701661,201,0,468
2026/02/04/00:31:34,1030.719390,0.853375,0.701661,0.853375,0.701661,201,0,468
2026/02/04/00:31:35,1031.719488,0.853375,0.701661,0.853375,0.701661,201,0,468
2026/02/04/00:31:36,1032.719559,0.853375,0.701661,0.853375,0.701661,201,0,468
2026/02/04/00:31:37,1033.719645,0.853375,0.701661,0.853375,0.701661,201,0,468
2026/02/04/00:31:38,1034.719729,0.851750,0.698096,0.851750,0.698096,200,0,469
2026/02/04/00:31:39,1035.719832,0.851750,0.698096,0.851750,0.698096,200,0,469
2026/02/04/00:31:40,1036.719935,0.851750,0.698096,0.851750,0.698096,200,0,469
2026/02/04/00:31:41,1037.720017,0.851750,0.698096,0.851750,0.698096,200,0,469
2026/02/04/00:31:42,1038.720123,0.851750,0.698096,0.851750,0.698096,200,0,469
2026/02/04/00:31:43,1039.720191,0.851750,0.698096,0.851750,0.698096,200,0,469
2026/02/04/00:31:44,1040.720399,0.851750,0.698096,0.851750,0.698096,200,0,469
2026/02/04/00:31:45,1041.720421,0.851750,0.698096,0.851750,0.698096,200,0,469
2026/02/04/00:31:46,1042.720533,0.851750,0.698096,0.851750,0.698096,200,0,469
2026/02/04/00:31:47,1043.720592,0.851750,0.698096,0.851750,0.698096,200,0,469
2026/02/04/00:31:48,1044.720719,0.851750,0.698096,0.851750,0.698096,200,0,469
2026/02/04/00:31:49,1045.720807,0.851750,0.698096,0.851750,0.698096,200,0,469
2026/02/04/00:31:50,1046.720898,0.858875,0.703774,0.858875,0.703774,203,0,469
2026/02/04/00:31:51,1047.720987,0.858875,0.703774,0.858875,0.703774,203,0,469
2026/02/04/00:31:52,1048.721078,0.858875,0.703774,0.858875,0.703774,203,0,469
2026/02/04/00:31:53,1049.721232,0.858875,0.703774,0.858875,0.703774,203,0,469
2026/02/04/00:31:54,1050.721355,0.858875,0.703774,0.858875,0.703774,203,0,469
2026/02/04/00:31:55,1051.721443,0.858875,0.703774,0.858875,0.703774,203,0,469
2026/02/04/00:31:56,1052.721551,0.851750,0.698096,0.851750,0.698096,200,0,472
2026/02/04/00:31:57,1053.721610,0.851750,0.698096,0.851750,0.698096,200,0,472
2026/02/04/00:31:58,1054.721724,0.851750,0.698096,0.851750,0.698096,200,0,472
2026/02/04/00:31:59,1055.721871,0.851750,0.698096,0.851750,0.698096,200,0,472
2026/02/04/00:32:00,1056.721947,0.851750,0.698096,0.851750,0.698096,200,0,472
2026/02/04/00:32:01,1057.722052,0.851750,0.698096,0.851750,0.698096,200,0,472
2026/02/04/00:32:02,1058.722131,0.851750,0.698096,0.851750,0.698096,200,0,472
2026/02/04/00:32:03,1059.722199,0.850000,0.695262,0.850000,0.695262,199,0,473
2026/02/04/00:32:04,1060.722299,0.850000,0.695262,0.850000,0.695262,199,0,473
2026/02/04/00:32:05,1061.722330,0.850000,0.695262,0.850000,0.695262,199,0,473
2026/02/04/00:32:06,1062.722429,0.850000,0.695262,0.850000,0.695262,199,0,473
2026/02/04/00:32:07,1063.722510,0.850000,0.695262,0.850000,0.695262,199,0,473
2026/02/04/00:32:08,1064.722621,0.850000,0.695262,0.850000,0.695262,199,0,473
2026/02/04/00:32:09,1065.722732,0.850000,0.695262,0.850000,0.695262,199,0,473
2026/02/04/00:32:10,1066.722826,0.850000,0.695262,0.850000,0.695262,199,0,473
2026/02/04/00:32:11,1067.722925,0.850000,0.695262,0.850000,0.695262,199,0,473
2026/02/04/00:32:12,1068.723016,0.850000,0.695262,0.850000,0.695262,199,0,473
2026/02/04/00:32:13,1069.723092,0.850000,0.695262,0.850000,0.695262,199,0,473
2026/02/04/00:32:14,1070.723197,0.850000,0.695262,0.850000,0.695262,199,0,473
2026/02/04/00:32:15,1071.723350,0.850000,0.695262,0.850000,0.695262,199,0,473
2026/02/04/00:32:16,1072.723464,0.850000,0.695262,0.850000,0.695262,199,0,473
2026/02/04/00:32:17,1073.723541,0.850000,0.695262,0.850000,0.695262,199,0,473
2026/02/04/00:32:18,1074.723625,0.850000,0.695262,0.850000,0.695262,199,0,473
2026/02/04/00:32:19,1075.723724,0.835094,0.681671,0.835094,0.681671,195,0,477
2026/02/04/00:32:20,1076.723853,0.835094,0.681671,0.835094,0.681671,195,0,477
2026/02/04/00:32:21,1077.723913,0.835094,0.681671,0.835094,0.681671,195,0,477
2026/02/04/00:32:22,1078.724011,0.835094,0.681671,0.835094,0.681671,195,0,477
2026/02/04/00:32:23,1079.724094,0.835094,0.681671,0.835094,0.681671,195,0,477
2026/02/04/00:32:24,1080.724312,0.835094,0.681671,0.835094,0.681671,195,0,477
2026/02/04/00:32:25,1081.724334,0.835094,0.681671,0.835094,0.681671,195,0,477
2026/02/04/00:32:26,1082.724418,0.835094,0.681671,0.835094,0.681671,195,0,477
2026/02/04/00:32:27,1083.724512,0.835094,0.681671,0.835094,0.681671,195,0,477
2026/02/04/00:32:28,1084.724576,0.846344,0.688098,0.846344,0.688098,198,0,477
2026/02/04/00:32:29,1085.724678,0.853719,0.691599,0.853719,0.691599,200,0,477
2026/02/04/00:32:30,1086.724773,0.853719,0.691599,0.853719,0.691599,200,0,477
2026/02/04/00:32:31,1087.724862,0.853719,0.691599,0.853719,0.691599,200,0,477
2026/02/04/00:32:32,1088.724931,0.853719,0.691599,0.853719,0.691599,200,0,477
2026/02/04/00:32:33,1089.725032,0.846344,0.688098,0.846344,0.688098,198,0,479
2026/02/04/00:32:34,1090.725142,0.846344,0.688098,0.846344,0.688098,198,0,479
2026/02/04/00:32:35,1091.725239,0.868906,0.718047,0.868906,0.718047,206,0,479
2026/02/04/00:32:36,1092.725341,0.865469,0.714843,0.865469,0.714843,204,0,481
2026/02/04/00:32:37,1093.725430,0.865469,0.714843,0.865469,0.714843,204,0,481
2026/02/04/00:32:38,1094.725521,0.855469,0.711678,0.855469,0.711678,202,0,483
2026/02/04/00:32:39,1095.725610,0.848156,0.704324,0.848156,0.704324,199,0,486
2026/02/04/00:32:40,1096.725770,0.848156,0.704324,0.848156,0.704324,199,0,486
2026/02/04/00:32:41,1097.725860,0.848156,0.704324,0.848156,0.704324,199,0,486
2026/02/04/00:32:42,1098.725959,0.848156,0.704324,0.848156,0.704324,199,0,486
2026/02/04/00:32:43,1099.726074,0.848156,0.704324,0.848156,0.704324,199,0,486
2026/02/04/00:32:44,1100.726160,0.848156,0.704324,0.848156,0.704324,199,0,486
2026/02/04/00:32:45,1101.726319,0.848156,0.704324,0.848156,0.704324,199,0,486
2026/02/04/00:32:46,1102.726398,0.848156,0.704324,0.848156,0.704324,199,0,486
2026/02/04/00:32:47,1103.726483,0.848156,0.704324,0.848156,0.704324,199,0,486
2026/02/04/00:32:48,1104.726573,0.848156,0.704324,0.848156,0.704324,199,0,486
2026/02/04/00:32:49,1105.726668,0.848156,0.704324,0.848156,0.704324,199,0,486
2026/02/04/00:32:50,1106.726816,0.848156,0.704324,0.848156,0.704324,199,0,486
2026/02/04/00:32:51,1107.726918,0.848156,0.704324,0.848156,0.704324,199,0,486
2026/02/04/00:32:52,1108.726998,0.848156,0.704324,0.848156,0.704324,199,0,486
2026/02/04/00:32:53,1109.727120,0.848156,0.704324,0.848156,0.704324,199,0,486
2026/02/04/00:32:54,1110.727177,0.848156,0.704324,0.848156,0.704324,199,0,486
2026/02/04/00:32:55,1111.727259,0.873719,0.724556,0.873719,0.724556,206,0,486
2026/02/04/00:32:56,1112.727324,0.877594,0.737534,0.901781,0.750957,208,3,486
2026/02/04/00:32:57,1113.727418,0.875469,0.746859,0.897906,0.751528,210,2,488
2026/02/04/00:32:58,1114.727515,0.875469,0.746859,0.897906,0.751528,210,2,488
2026/02/04/00:32:59,1115.727617,0.875469,0.746859,0.897906,0.751528,210,2,488
2026/02/04/00:33:00,1116.727774,0.869750,0.739804,0.892188,0.744472,207,2,491
2026/02/04/00:33:01,1117.727869,0.867469,0.736100,0.889906,0.740769,206,2,492
2026/02/04/00:33:02,1118.727942,0.864281,0.732794,0.886719,0.737462,204,2,494
2026/02/04/00:33:03,1119.728014,0.864281,0.732794,0.886719,0.737462,204,2,494
2026/02/04/00:33:04,1120.728119,0.864281,0.732794,0.886719,0.737462,204,2,494
2026/02/04/00:33:05,1121.728224,0.864281,0.732794,0.886719,0.737462,204,2,494
2026/02/04/00:33:06,1122.728302,0.864281,0.732794,0.886719,0.737462,204,2,494
2026/02/04/00:33:07,1123.728395,0.874281,0.741230,0.896719,0.745898,209,2,494
2026/02/04/00:33:08,1124.728550,0.870781,0.723722,0.893219,0.728390,207,2,496
2026/02/04/00:33:09,1125.728735,0.870781,0.723722,0.893219,0.728390,207,2,496
2026/02/04/00:33:10,1126.728763,0.865344,0.718706,0.887781,0.723375,204,2,499
2026/02/04/00:33:11,1127.728850,0.883594,0.733021,0.906031,0.737690,212,2,499
2026/02/04/00:33:12,1128.728975,0.883594,0.733021,0.906031,0.737690,212,2,499
2026/02/04/00:33:13,1129.729059,0.892563,0.755212,0.915000,0.759880,214,2,503
2026/02/04/00:33:14,1130.729140,0.892563,0.755212,0.915000,0.759880,214,2,503
2026/02/04/00:33:15,1131.729237,0.892563,0.755212,0.915000,0.759880,214,2,503
2026/02/04/00:33:16,1132.729343,0.887188,0.751388,0.909625,0.756056,213,2,504
2026/02/04/00:33:17,1133.729429,0.882313,0.748085,0.904750,0.752754,211,2,506
2026/02/04/00:33:18,1134.729534,0.882313,0.748085,0.904750,0.752754,211,2,506
2026/02/04/00:33:19,1135.729627,0.882313,0.748085,0.904750,0.752754,211,2,506
2026/02/04/00:33:20,1136.729693,0.882313,0.748085,0.904750,0.752754,211,2,506
2026/02/04/00:33:21,1137.729797,0.882313,0.748085,0.904750,0.752754,211,2,506
2026/02/04/00:33:22,1138.729893,0.876062,0.744641,0.898500,0.749310,209,2,508
2026/02/04/00:33:23,1139.729964,0.876062,0.744641,0.898500,0.749310,209,2,508
2026/02/04/00:33:24,1140.730076,0.876062,0.744641,0.898500,0.749310,209,2,508
2026/02/04/00:33:25,1141.730170,0.876062,0.744641,0.898500,0.749310,209,2,508
2026/02/04/00:33:26,1142.730256,0.876062,0.744641,0.898500,0.749310,209,2,508
2026/02/04/00:33:27,1143.730355,0.876062,0.744641,0.898500,0.749310,209,2,508
2026/02/04/00:33:28,1144.730448,0.876062,0.744641,0.898500,0.749310,209,2,508
2026/02/04/00:33:29,1145.730550,0.869563,0.737928,0.892000,0.742597,207,2,510
2026/02/04/00:33:30,1146.730653,0.866406,0.735122,0.888844,0.739791,206,2,511
2026/02/04/00:33:31,1147.730715,0.866406,0.735122,0.888844,0.739791,206,2,511
2026/02/04/00:33:32,1148.730901,0.866406,0.735122,0.888844,0.739791,206,2,511
2026/02/04/00:33:33,1149.730979,0.866406,0.735122,0.888844,0.739791,206,2,511
2026/02/04/00:33:34,1150.731073,0.866406,0.735122,0.888844,0.739791,206,2,511
2026/02/04/00:33:35,1151.731159,0.866406,0.735122,0.888844,0.739791,206,2,511
2026/02/04/00:33:36,1152.731242,0.866406,0.735122,0.888844,0.739791,206,2,511
2026/02/04/00:33:37,1153.731360,0.866406,0.735122,0.888844,0.739791,206,2,511
2026/02/04/00:33:38,1154.731444,0.866406,0.735122,0.888844,0.739791,206,2,511
2026/02/04/00:33:39,1155.731532,0.866406,0.735122,0.888844,0.739791,206,2,511
2026/02/04/00:33:40,1156.731654,0.866406,0.735122,0.888844,0.739791,206,2,511
2026/02/04/00:33:41,1157.731740,0.871938,0.733187,0.883156,0.735522,206,1,512
2026/02/04/00:33:42,1158.731809,0.871938,0.733187,0.883156,0.735522,206,1,512
2026/02/04/00:33:43,1159.731901,0.879281,0.731651,0.879281,0.731651,205,0,514
2026/02/04/00:33:44,1160.731997,0.879281,0.731651,0.879281,0.731651,205,0,514
2026/02/04/00:33:45,1161.732074,0.879281,0.731651,0.879281,0.731651,205,0,514
2026/02/04/00:33:46,1162.732178,0.879281,0.731651,0.879281,0.731651,205,0,514
2026/02/04/00:33:47,1163.732258,0.879281,0.731651,0.879281,0.731651,205,0,514
2026/02/04/00:33:48,1164.732370,0.879281,0.731651,0.879281,0.731651,205,0,514
2026/02/04/00:33:49,1165.732463,0.879281,0.731651,0.879281,0.731651,205,0,514
2026/02/04/00:33:50,1166.732528,0.879281,0.731651,0.879281,0.731651,205,0,514
2026/02/04/00:33:51,1167.732652,0.871344,0.727289,0.871344,0.727289,203,0,516
2026/02/04/00:33:52,1168.732735,0.871344,0.727289,0.871344,0.727289,203,0,516
2026/02/04/00:33:53,1169.732830,0.871344,0.727289,0.871344,0.727289,203,0,516
2026/02/04/00:33:54,1170.732919,0.871344,0.727289,0.871344,0.727289,203,0,516
2026/02/04/00:33:55,1171.733075,0.871344,0.727289,0.871344,0.727289,203,0,516
2026/02/04/00:33:56,1172.733179,0.871344,0.727289,0.871344,0.727289,203,0,516
2026/02/04/00:33:57,1173.733287,0.871344,0.727289,0.871344,0.727289,203,0,516
2026/02/04/00:33:58,1174.733364,0.871344,0.727289,0.871344,0.727289,203,0,516
2026/02/04/00:33:59,1175.733473,0.871344,0.727289,0.871344,0.727289,203,0,516
2026/02/04/00:34:00,1176.733627,0.871344,0.727289,0.871344,0.727289,203,0,516
2026/02/04/00:34:01,1177.733728,0.871344,0.727289,0.871344,0.727289,203,0,516
2026/02/04/00:34:02,1178.733818,0.871344,0.727289,0.871344,0.727289,203,0,516
2026/02/04/00:34:03,1179.733913,0.882750,0.754731,0.882750,0.754731,206,0,516
2026/02/04/00:34:04,1180.734030,0.882750,0.754731,0.882750,0.754731,206,0,516
2026/02/04/00:34:05,1181.734120,0.874500,0.734859,0.874500,0.734859,204,0,518
2026/02/04/00:34:06,1182.734195,0.874500,0.734859,0.874500,0.734859,204,0,518
2026/02/04/00:34:07,1183.734293,0.874500,0.734859,0.874500,0.734859,204,0,518
2026/02/04/00:34:08,1184.734442,0.874500,0.734859,0.874500,0.734859,204,0,518
2026/02/04/00:34:09,1185.734526,0.874500,0.734859,0.874500,0.734859,204,0,518
2026/02/04/00:34:10,1186.734632,0.871344,0.727289,0.871344,0.727289,203,0,519
2026/02/04/00:34:11,1187.734724,0.860094,0.720861,0.860094,0.720861,200,0,522
2026/02/04/00:34:12,1188.734831,0.860094,0.720861,0.860094,0.720861,200,0,522
2026/02/04/00:34:13,1189.734917,0.860094,0.720861,0.860094,0.720861,200,0,522
2026/02/04/00:34:14,1190.734969,0.860094,0.720861,0.860094,0.720861,200,0,522
2026/02/04/00:34:15,1191.735092,0.860094,0.720861,0.860094,0.720861,200,0,522
2026/02/04/00:34:16,1192.735155,0.860094,0.720861,0.860094,0.720861,200,0,522
2026/02/04/00:34:17,1193.735226,0.860094,0.720861,0.860094,0.720861,200,0,522
2026/02/04/00:34:18,1194.735339,0.860094,0.720861,0.860094,0.720861,200,0,522
2026/02/04/00:34:19,1195.735430,0.860094,0.720861,0.860094,0.720861,200,0,522
2026/02/04/00:34:20,1196.735521,0.860094,0.720861,0.860094,0.720861,200,0,522
2026/02/04/00:34:21,1197.735607,0.860094,0.720861,0.860094,0.720861,200,0,522
2026/02/04/00:34:22,1198.735716,0.860094,0.720861,0.860094,0.720861,200,0,522
2026/02/04/00:34:23,1199.735862,0.860094,0.720861,0.860094,0.720861,200,0,522
2026/02/04/00:34:24,1200.735902,0.860094,0.720861,0.860094,0.720861,200,0,522
2026/02/04/00:34:25,1201.736010,0.860094,0.720861,0.860094,0.720861,200,0,522
2026/02/04/00:34:26,1202.736124,0.860094,0.720861,0.860094,0.720861,200,0,522
2026/02/04/00:34:27,1203.736208,0.860094,0.720861,0.860094,0.720861,200,0,522
2026/02/04/00:34:28,1204.736370,0.860094,0.720861,0.860094,0.720861,200,0,522
2026/02/04/00:34:29,1205.736559,0.860094,0.720861,0.860094,0.720861,200,0,522
2026/02/04/00:34:30,1206.736575,0.860094,0.720861,0.860094,0.720861,200,0,522
2026/02/04/00:34:31,1207.736685,0.860094,0.720861,0.860094,0.720861,200,0,522
2026/02/04/00:34:32,1208.736773,0.860094,0.720861,0.860094,0.720861,200,0,522
2026/02/04/00:34:33,1209.736867,0.860094,0.720861,0.860094,0.720861,200,0,522
2026/02/04/00:34:34,1210.736945,0.860094,0.720861,0.860094,0.720861,200,0,522
2026/02/04/00:34:35,1211.737015,0.854844,0.717336,0.854844,0.717336,198,0,524
2026/02/04/00:34:36,1212.737138,0.854844,0.717336,0.854844,0.717336,198,0,524
2026/02/04/00:34:37,1213.737221,0.854844,0.717336,0.854844,0.717336,198,0,524
2026/02/04/00:34:38,1214.737331,0.854844,0.717336,0.854844,0.717336,198,0,524
2026/02/04/00:34:39,1215.737430,0.854844,0.717336,0.854844,0.717336,198,0,524
2026/02/04/00:34:40,1216.737516,0.854844,0.717336,0.854844,0.717336,198,0,524
2026/02/04/00:34:41,1217.737612,0.854844,0.717336,0.854844,0.717336,198,0,524
2026/02/04/00:34:42,1218.737706,0.854844,0.717336,0.854844,0.717336,198,0,524
2026/02/04/00:34:43,1219.737817,0.854844,0.717336,0.854844,0.717336,198,0,524
2026/02/04/00:34:44,1220.737879,0.854844,0.717336,0.854844,0.717336,198,0,524
2026/02/04/00:34:45,1221.737998,0.854844,0.717336,0.854844,0.717336,198,0,524
2026/02/04/00:34:46,1222.738095,0.854844,0.717336,0.854844,0.717336,198,0,524
2026/02/04/00:34:47,1223.738186,0.854844,0.717336,0.854844,0.717336,198,0,524
2026/02/04/00:34:48,1224.738302,0.854844,0.717336,0.854844,0.717336,198,0,524
2026/02/04/00:34:49,1225.738360,0.854844,0.717336,0.854844,0.717336,198,0,524
2026/02/04/00:34:50,1226.738455,0.854844,0.717336,0.854844,0.717336,198,0,524
2026/02/04/00:34:51,1227.738541,0.854844,0.717336,0.854844,0.717336,198,0,524
2026/02/04/00:34:52,1228.738631,0.854844,0.717336,0.854844,0.717336,198,0,524
2026/02/04/00:34:53,1229.738693,0.854844,0.717336,0.854844,0.717336,198,0,524
2026/02/04/00:34:54,1230.738793,0.854844,0.717336,0.854844,0.717336,198,0,524
2026/02/04/00:34:55,1231.738880,0.873844,0.734556,0.873844,0.734556,201,0,525
2026/02/04/00:34:56,1232.738967,0.873844,0.734556,0.873844,0.734556,201,0,525
2026/02/04/00:34:57,1233.739071,0.873844,0.734556,0.873844,0.734556,201,0,525
2026/02/04/00:34:58,1234.739184,0.871094,0.732327,0.871094,0.732327,200,0,526
2026/02/04/00:34:59,1235.739299,0.869469,0.729964,0.869469,0.729964,199,0,527
2026/02/04/00:35:00,1236.739357,0.901344,0.782823,0.912344,0.792825,210,1,527
2026/02/04/00:35:01,1237.739446,0.901344,0.782823,0.912344,0.792825,210,1,527
2026/02/04/00:35:02,1238.739530,0.893656,0.775369,0.904656,0.785371,206,1,531
2026/02/04/00:35:03,1239.739630,0.893656,0.775369,0.904656,0.785371,206,1,531
2026/02/04/00:35:04,1240.739719,0.893656,0.775369,0.904656,0.785371,206,1,531
2026/02/04/00:35:05,1241.739791,0.887250,0.773593,0.898250,0.783595,205,1,532
2026/02/04/00:35:06,1242.739896,0.887250,0.773593,0.898250,0.783595,205,1,532
2026/02/04/00:35:07,1243.739983,0.884437,0.771942,0.895437,0.781944,204,1,533
2026/02/04/00:35:08,1244.740071,0.884437,0.771942,0.895437,0.781944,204,1,533
2026/02/04/00:35:09,1245.740179,0.884437,0.771942,0.895437,0.781944,204,1,533
2026/02/04/00:35:10,1246.740292,0.884437,0.771942,0.895437,0.781944,204,1,533
2026/02/04/00:35:11,1247.740440,0.884437,0.771942,0.895437,0.781944,204,1,533
2026/02/04/00:35:12,1248.740468,0.884437,0.771942,0.895437,0.781944,204,1,533
2026/02/04/00:35:13,1249.740569,0.884437,0.771942,0.895437,0.781944,204,1,533
2026/02/04/00:35:14,1250.740658,0.884437,0.771942,0.895437,0.781944,204,1,533
2026/02/04/00:35:15,1251.740744,0.884437,0.771942,0.895437,0.781944,204,1,533
2026/02/04/00:35:16,1252.740809,0.872313,0.769943,0.883312,0.779945,203,1,534
2026/02/04/00:35:17,1253.740906,0.872313,0.769943,0.883312,0.779945,203,1,534
2026/02/04/00:35:18,1254.741057,0.872313,0.769943,0.883312,0.779945,203,1,534
2026/02/04/00:35:19,1255.741148,0.872313,0.769943,0.883312,0.779945,203,1,534
2026/02/04/00:35:20,1256.741229,0.872313,0.769943,0.883312,0.779945,203,1,534
2026/02/04/00:35:21,1257.741336,0.872313,0.769943,0.883312,0.779945,203,1,534
2026/02/04/00:35:22,1258.741423,0.872313,0.769943,0.883312,0.779945,203,1,534
2026/02/04/00:35:23,1259.741531,0.872313,0.769943,0.883312,0.779945,203,1,534
2026/02/04/00:35:24,1260.741600,0.872313,0.769943,0.883312,0.779945,203,1,534
2026/02/04/00:35:25,1261.741707,0.872313,0.769943,0.883312,0.779945,203,1,534
2026/02/04/00:35:26,1262.741802,0.872313,0.769943,0.883312,0.779945,203,1,534
2026/02/04/00:35:27,1263.741889,0.872313,0.769943,0.883312,0.779945,203,1,534
2026/02/04/00:35:28,1264.741983,0.872313,0.769943,0.883312,0.779945,203,1,534
2026/02/04/00:35:29,1265.742073,0.872313,0.769943,0.883312,0.779945,203,1,534
2026/02/04/00:35:30,1266.742161,0.872313,0.769943,0.883312,0.779945,203,1,534
2026/02/04/00:35:31,1267.742249,0.872313,0.769943,0.883312,0.779945,203,1,534
2026/02/04/00:35:32,1268.742368,0.872313,0.769943,0.883312,0.779945,203,1,534
2026/02/04/00:35:33,1269.742487,0.872313,0.769943,0.883312,0.779945,203,1,534
2026/02/04/00:35:34,1270.742566,0.872313,0.769943,0.883312,0.779945,203,1,534
2026/02/04/00:35:35,1271.742733,0.872313,0.769943,0.883312,0.779945,203,1,534
2026/02/04/00:35:36,1272.742823,0.872313,0.769943,0.883312,0.779945,203,1,534
2026/02/04/00:35:37,1273.742913,0.872313,0.769943,0.883312,0.779945,203,1,534
2026/02/04/00:35:38,1274.743010,0.872313,0.769943,0.883312,0.779945,203,1,534
2026/02/04/00:35:39,1275.743100,0.872313,0.769943,0.883312,0.779945,203,1,534
2026/02/04/00:35:40,1276.743255,0.872313,0.769943,0.883312,0.779945,203,1,534
2026/02/04/00:35:41,1277.743347,0.872313,0.769943,0.883312,0.779945,203,1,534
2026/02/04/00:35:42,1278.743466,0.872313,0.769943,0.883312,0.779945,203,1,534
2026/02/04/00:35:43,1279.743535,0.872313,0.769943,0.883312,0.779945,203,1,534
2026/02/04/00:35:44,1280.743635,0.872313,0.769943,0.883312,0.779945,203,1,534
2026/02/04/00:35:45,1281.743726,0.872313,0.769943,0.883312,0.779945,203,1,534
2026/02/04/00:35:46,1282.743828,0.872313,0.769943,0.883312,0.779945,203,1,534
2026/02/04/00:35:47,1283.743913,0.872313,0.769943,0.883312,0.779945,203,1,534
2026/02/04/00:35:48,1284.743982,0.872313,0.769943,0.883312,0.779945,203,1,534
2026/02/04/00:35:49,1285.744084,0.860750,0.752035,0.871750,0.762037,201,1,536
2026/02/04/00:35:50,1286.744178,0.860750,0.752035,0.871750,0.762037,201,1,536
2026/02/04/00:35:51,1287.744245,0.860750,0.752035,0.871750,0.762037,201,1,536
2026/02/04/00:35:52,1288.744343,0.860750,0.752035,0.871750,0.762037,201,1,536
2026/02/04/00:35:53,1289.744463,0.860750,0.752035,0.871750,0.762037,201,1,536
2026/02/04/00:35:54,1290.744703,0.860750,0.752035,0.871750,0.762037,201,1,536
2026/02/04/00:35:55,1291.744697,0.860750,0.752035,0.871750,0.762037,201,1,536
2026/02/04/00:35:56,1292.744771,0.896594,0.777553,0.907594,0.787555,211,1,536
2026/02/04/00:35:57,1293.744879,0.904969,0.799103,0.925656,0.825907,217,3,537
2026/02/04/00:35:58,1294.744943,0.908156,0.814337,0.928844,0.841141,219,3,537
2026/02/04/00:35:59,1295.745070,0.910875,0.821580,0.921875,0.831582,218,1,543
2026/02/04/00:36:00,1296.745168,0.910875,0.821580,0.921875,0.831582,218,1,543
2026/02/04/00:36:01,1297.745260,0.901188,0.804778,0.912188,0.814780,216,1,545
2026/02/04/00:36:02,1298.745343,0.901188,0.804778,0.912188,0.814780,216,1,545
2026/02/04/00:36:03,1299.745441,0.894938,0.799108,0.905937,0.809110,214,1,547
2026/02/04/00:36:04,1300.745533,0.894938,0.799108,0.905937,0.809110,214,1,547
2026/02/04/00:36:05,1301.745602,0.891781,0.797013,0.902781,0.807014,213,1,548
2026/02/04/00:36:06,1302.745707,0.880938,0.785549,0.891938,0.795551,209,1,552
2026/02/04/00:36:07,1303.745802,0.880938,0.785549,0.891938,0.795551,209,1,552
2026/02/04/00:36:08,1304.745885,0.880938,0.785549,0.891938,0.795551,209,1,552
2026/02/04/00:36:09,1305.746011,0.876156,0.771447,0.887156,0.781449,206,1,555
2026/02/04/00:36:10,1306.746048,0.874594,0.767877,0.885594,0.777878,205,1,556
2026/02/04/00:36:11,1307.746229,0.864969,0.763577,0.875969,0.773578,203,1,558
2026/02/04/00:36:12,1308.746349,0.864969,0.763577,0.875969,0.773578,203,1,558
2026/02/04/00:36:13,1309.746427,0.864969,0.763577,0.875969,0.773578,203,1,558
2026/02/04/00:36:14,1310.746521,0.864969,0.763577,0.875969,0.773578,203,1,558
2026/02/04/00:36:15,1311.746676,0.864969,0.763577,0.875969,0.773578,203,1,558
2026/02/04/00:36:16,1312.746763,0.864969,0.763577,0.875969,0.773578,203,1,558
2026/02/04/00:36:17,1313.746885,0.864969,0.763577,0.875969,0.773578,203,1,558
2026/02/04/00:36:18,1314.746956,0.863219,0.761660,0.874219,0.771662,202,1,559
2026/02/04/00:36:19,1315.747083,0.863219,0.761660,0.874219,0.771662,202,1,559
2026/02/04/00:36:20,1316.747160,0.863219,0.761660,0.874219,0.771662,202,1,559
2026/02/04/00:36:21,1317.747338,0.863219,0.761660,0.874219,0.771662,202,1,559
2026/02/04/00:36:22,1318.747421,0.893406,0.802395,0.904406,0.812396,213,1,559
2026/02/04/00:36:23,1319.747494,0.893406,0.802395,0.893406,0.802395,213,0,559
2026/02/04/00:36:24,1320.747571,0.893406,0.802395,0.893406,0.802395,213,0,559
2026/02/04/00:36:25,1321.747744,0.885312,0.794373,0.885312,0.794373,211,0,561
2026/02/04/00:36:26,1322.747827,0.871406,0.783730,0.871406,0.783730,206,0,566
2026/02/04/00:36:27,1323.747928,0.871406,0.783730,0.871406,0.783730,206,0,566
2026/02/04/00:36:28,1324.748014,0.871406,0.783730,0.871406,0.783730,206,0,566
2026/02/04/00:36:29,1325.748089,0.871406,0.783730,0.871406,0.783730,206,0,566
2026/02/04/00:36:30,1326.748281,0.871406,0.783730,0.871406,0.783730,206,0,566
2026/02/04/00:36:31,1327.748349,0.871406,0.783730,0.871406,0.783730,206,0,566
2026/02/04/00:36:32,1328.748434,0.871406,0.783730,0.871406,0.783730,206,0,566
2026/02/04/00:36:33,1329.748610,0.871406,0.783730,0.871406,0.783730,206,0,566
2026/02/04/00:36:34,1330.748637,0.871406,0.783730,0.871406,0.783730,206,0,566
2026/02/04/00:36:35,1331.748729,0.871406,0.783730,0.871406,0.783730,206,0,566
2026/02/04/00:36:36,1332.748818,0.871406,0.783730,0.871406,0.783730,206,0,566
2026/02/04/00:36:37,1333.748898,0.871406,0.783730,0.871406,0.783730,206,0,566
2026/02/04/00:36:38,1334.748994,0.871406,0.783730,0.871406,0.783730,206,0,566
2026/02/04/00:36:39,1335.749084,0.871406,0.783730,0.871406,0.783730,206,0,566
2026/02/04/00:36:40,1336.749182,0.871406,0.783730,0.871406,0.783730,206,0,566
2026/02/04/00:36:41,1337.749356,0.871406,0.783730,0.871406,0.783730,206,0,566
2026/02/04/00:36:42,1338.749515,0.871406,0.783730,0.871406,0.783730,206,0,566
2026/02/04/00:36:43,1339.749606,0.871406,0.783730,0.871406,0.783730,206,0,566
2026/02/04/00:36:44,1340.749696,0.871406,0.783730,0.871406,0.783730,206,0,566
2026/02/04/00:36:45,1341.749782,0.871406,0.783730,0.871406,0.783730,206,0,566
2026/02/04/00:36:46,1342.749882,0.871406,0.783730,0.871406,0.783730,206,0,566
2026/02/04/00:36:47,1343.749989,0.869281,0.781112,0.869281,0.781112,205,0,567
2026/02/04/00:36:48,1344.750066,0.864031,0.761682,0.864031,0.761682,202,0,570
2026/02/04/00:36:49,1345.750165,0.864031,0.761682,0.864031,0.761682,202,0,570
2026/02/04/00:36:50,1346.750335,0.864031,0.761682,0.864031,0.761682,202,0,570
2026/02/04/00:36:51,1347.750480,0.864031,0.761682,0.864031,0.761682,202,0,570
2026/02/04/00:36:52,1348.750642,0.864031,0.761682,0.864031,0.761682,202,0,570
2026/02/04/00:36:53,1349.750731,0.864031,0.761682,0.864031,0.761682,202,0,570
2026/02/04/00:36:54,1350.750829,0.864031,0.761682,0.864031,0.761682,202,0,570
2026/02/04/00:36:55,1351.750937,0.864031,0.761682,0.864031,0.761682,202,0,570
2026/02/04/00:36:56,1352.751041,0.864031,0.761682,0.864031,0.761682,202,0,570
2026/02/04/00:36:57,1353.751143,0.864031,0.761682,0.864031,0.761682,202,0,570
2026/02/04/00:36:58,1354.751209,0.861906,0.757457,0.861906,0.757457,201,0,571
2026/02/04/00:36:59,1355.751342,0.861906,0.757457,0.861906,0.757457,201,0,571
2026/02/04/00:37:00,1356.751487,0.861906,0.757457,0.861906,0.757457,201,0,571
2026/02/04/00:37:01,1357.751614,0.861906,0.757457,0.861906,0.757457,201,0,571
2026/02/04/00:37:02,1358.751750,0.858844,0.749470,0.858844,0.749470,200,0,572
2026/02/04/00:37:03,1359.751837,0.858844,0.749470,0.858844,0.749470,200,0,572
2026/02/04/00:37:04,1360.751921,0.858844,0.749470,0.858844,0.749470,200,0,572
2026/02/04/00:37:05,1361.752087,0.858844,0.749470,0.858844,0.749470,200,0,572
2026/02/04/00:37:06,1362.752182,0.861031,0.760736,0.861031,0.760736,201,0,572
2026/02/04/00:37:07,1363.752252,0.861031,0.760736,0.861031,0.760736,201,0,572
2026/02/04/00:37:08,1364.752363,0.861031,0.760736,0.861031,0.760736,201,0,572
2026/02/04/00:37:09,1365.752464,0.858844,0.749470,0.871969,0.751572,200,1,573
2026/02/04/00:37:10,1366.752543,0.860750,0.751761,0.873875,0.753863,201,1,573
2026/02/04/00:37:11,1367.752703,0.860750,0.751761,0.873875,0.753863,201,1,573
2026/02/04/00:37:12,1368.752793,0.860750,0.751761,0.873875,0.753863,201,1,573
2026/02/04/00:37:13,1369.752920,0.858844,0.749470,0.871969,0.751572,200,1,574
2026/02/04/00:37:14,1370.753003,0.863719,0.751123,0.876844,0.753225,201,1,574
2026/02/04/00:37:15,1371.753086,0.872375,0.752697,0.885500,0.754799,202,1,574
2026/02/04/00:37:16,1372.753178,0.879219,0.762963,0.892344,0.765065,205,1,574
2026/02/04/00:37:17,1373.753367,0.879219,0.762963,0.892344,0.765065,205,1,574
2026/02/04/00:37:18,1374.753349,0.872375,0.752697,0.872375,0.752697,202,0,577
2026/02/04/00:37:19,1375.753432,0.872375,0.752697,0.872375,0.752697,202,0,577
2026/02/04/00:37:20,1376.753542,0.872375,0.752697,0.872375,0.752697,202,0,577
2026/02/04/00:37:21,1377.753632,0.872375,0.752697,0.872375,0.752697,202,0,577
2026/02/04/00:37:22,1378.753718,0.863719,0.751123,0.863719,0.751123,201,0,578
2026/02/04/00:37:23,1379.753793,0.863719,0.751123,0.863719,0.751123,201,0,578
2026/02/04/00:37:24,1380.753851,0.863719,0.751123,0.863719,0.751123,201,0,578
2026/02/04/00:37:25,1381.753937,0.863719,0.751123,0.863719,0.751123,201,0,578
2026/02/04/00:37:26,1382.754036,0.863719,0.751123,0.863719,0.751123,201,0,578
2026/02/04/00:37:27,1383.754113,0.863719,0.751123,0.863719,0.751123,201,0,578
2026/02/04/00:37:28,1384.754196,0.863719,0.751123,0.863719,0.751123,201,0,578
2026/02/04/00:37:29,1385.754321,0.863719,0.751123,0.863719,0.751123,201,0,578
2026/02/04/00:37:30,1386.754348,0.863719,0.751123,0.863719,0.751123,201,0,578
2026/02/04/00:37:31,1387.754444,0.863719,0.751123,0.863719,0.751123,201,0,578
2026/02/04/00:37:32,1388.754537,0.863719,0.751123,0.863719,0.751123,201,0,578
2026/02/04/00:37:33,1389.754624,0.863719,0.751123,0.863719,0.751123,201,0,578
2026/02/04/00:37:34,1390.754696,0.863719,0.751123,0.863719,0.751123,201,0,578
2026/02/04/00:37:35,1391.754853,0.863719,0.751123,0.863719,0.751123,201,0,578
2026/02/04/00:37:36,1392.754949,0.863719,0.751123,0.863719,0.751123,201,0,578
2026/02/04/00:37:37,1393.755091,0.859344,0.746068,0.859344,0.746068,199,0,580
2026/02/04/00:37:38,1394.755171,0.859344,0.746068,0.859344,0.746068,199,0,580
2026/02/04/00:37:39,1395.755258,0.859344,0.746068,0.859344,0.746068,199,0,580
2026/02/04/00:37:40,1396.755339,0.859344,0.746068,0.859344,0.746068,199,0,580
2026/02/04/00:37:41,1397.755446,0.859344,0.746068,0.859344,0.746068,199,0,580
2026/02/04/00:37:42,1398.755531,0.859344,0.746068,0.859344,0.746068,199,0,580
2026/02/04/00:37:43,1399.755639,0.859344,0.746068,0.859344,0.746068,199,0,580
2026/02/04/00:37:44,1400.755721,0.859344,0.746068,0.859344,0.746068,199,0,580
2026/02/04/00:37:45,1401.755821,0.859344,0.746068,0.859344,0.746068,199,0,580
2026/02/04/00:37:46,1402.755889,0.856688,0.744385,0.856688,0.744385,198,0,581
2026/02/04/00:37:47,1403.756015,0.856688,0.744385,0.856688,0.744385,198,0,581
2026/02/04/00:37:48,1404.756106,0.856688,0.744385,0.856688,0.744385,198,0,581
2026/02/04/00:37:49,1405.756253,0.856688,0.744385,0.856688,0.744385,198,0,581
2026/02/04/00:37:50,1406.756356,0.856688,0.744385,0.856688,0.744385,198,0,581
2026/02/04/00:37:51,1407.756421,0.856688,0.744385,0.856688,0.744385,198,0,581
2026/02/04/00:37:52,1408.756504,0.856688,0.744385,0.856688,0.744385,198,0,581
2026/02/04/00:37:53,1409.756622,0.856688,0.744385,0.856688,0.744385,198,0,581
2026/02/04/00:37:54,1410.756701,0.856688,0.744385,0.856688,0.744385,198,0,581
2026/02/04/00:37:55,1411.756812,0.856688,0.744385,0.856688,0.744385,198,0,581
2026/02/04/00:37:56,1412.756890,0.856688,0.744385,0.856688,0.744385,198,0,581
2026/02/04/00:37:57,1413.756986,0.856688,0.744385,0.856688,0.744385,198,0,581
2026/02/04/00:37:58,1414.757136,0.856688,0.744385,0.856688,0.744385,198,0,581
2026/02/04/00:37:59,1415.757221,0.856688,0.744385,0.856688,0.744385,198,0,581
2026/02/04/00:38:00,1416.757330,0.856688,0.744385,0.856688,0.744385,198,0,581
2026/02/04/00:38:01,1417.757515,0.856688,0.744385,0.856688,0.744385,198,0,581
2026/02/04/00:38:02,1418.757529,0.856688,0.744385,0.856688,0.744385,198,0,581
2026/02/04/00:38:03,1419.757640,0.856688,0.744385,0.856688,0.744385,198,0,581
2026/02/04/00:38:04,1420.757756,0.856688,0.744385,0.856688,0.744385,198,0,581
2026/02/04/00:38:05,1421.757820,0.856688,0.744385,0.856688,0.744385,198,0,581
2026/02/04/00:38:06,1422.757979,0.856688,0.744385,0.856688,0.744385,198,0,581
2026/02/04/00:38:07,1423.758071,0.856688,0.744385,0.856688,0.744385,198,0,581
2026/02/04/00:38:08,1424.758117,0.856688,0.744385,0.856688,0.744385,198,0,581
2026/02/04/00:38:09,1425.758216,0.856688,0.744385,0.856688,0.744385,198,0,581
2026/02/04/00:38:10,1426.758337,0.856688,0.744385,0.856688,0.744385,198,0,581
2026/02/04/00:38:11,1427.758430,0.853313,0.740281,0.853313,0.740281,197,0,582
2026/02/04/00:38:12,1428.758516,0.853313,0.740281,0.853313,0.740281,197,0,582
2026/02/04/00:38:13,1429.758633,0.853313,0.740281,0.853313,0.740281,197,0,582
2026/02/04/00:38:14,1430.758789,0.853313,0.740281,0.853313,0.740281,197,0,582
2026/02/04/00:38:15,1431.758876,0.853313,0.740281,0.853313,0.740281,197,0,582
2026/02/04/00:38:16,1432.758970,0.853313,0.740281,0.853313,0.740281,197,0,582
2026/02/04/00:38:17,1433.759096,0.853313,0.740281,0.853313,0.740281,197,0,582
2026/02/04/00:38:18,1434.759207,0.870500,0.756219,0.883469,0.761796,205,1,582
2026/02/04/00:38:19,1435.759321,0.874563,0.759417,0.900500,0.770570,207,2,582
2026/02/04/00:38:20,1436.759417,0.874563,0.759417,0.900500,0.770570,207,2,582
2026/02/04/00:38:21,1437.759499,0.869406,0.753721,0.895344,0.764874,204,2,585
2026/02/04/00:38:22,1438.759597,0.863313,0.748924,0.889250,0.760077,201,2,588
2026/02/04/00:38:23,1439.759697,0.863313,0.748924,0.889250,0.760077,201,2,588
2026/02/04/00:38:24,1440.759787,0.863313,0.748924,0.889250,0.760077,201,2,588
2026/02/04/00:38:25,1441.759894,0.859250,0.745117,0.885188,0.756270,199,2,590
2026/02/04/00:38:26,1442.759988,0.859250,0.745117,0.885188,0.756270,199,2,590
2026/02/04/00:38:27,1443.760076,0.859250,0.745117,0.885188,0.756270,199,2,590
2026/02/04/00:38:28,1444.760226,0.859250,0.745117,0.885188,0.756270,199,2,590
2026/02/04/00:38:29,1445.760357,0.853313,0.740281,0.879250,0.751434,197,2,592
2026/02/04/00:38:30,1446.760456,0.853313,0.740281,0.879250,0.751434,197,2,592
2026/02/04/00:38:31,1447.760571,0.853313,0.740281,0.879250,0.751434,197,2,592
2026/02/04/00:38:32,1448.760714,0.853313,0.740281,0.879250,0.751434,197,2,592
2026/02/04/00:38:33,1449.760822,0.853313,0.740281,0.879250,0.751434,197,2,592
2026/02/04/00:38:34,1450.760885,0.853313,0.740281,0.879250,0.751434,197,2,592
2026/02/04/00:38:35,1451.760984,0.853313,0.740281,0.879250,0.751434,197,2,592
2026/02/04/00:38:36,1452.761077,0.857281,0.731548,0.870250,0.737124,197,1,593
2026/02/04/00:38:37,1453.761161,0.857281,0.731548,0.870250,0.737124,197,1,593
2026/02/04/00:38:38,1454.761301,0.857281,0.731548,0.870250,0.737124,197,1,593
2026/02/04/00:38:39,1455.761353,0.857281,0.731548,0.870250,0.737124,197,1,593
2026/02/04/00:38:40,1456.761411,0.857281,0.731548,0.870250,0.737124,197,1,593
2026/02/04/00:38:41,1457.761534,0.857281,0.731548,0.870250,0.737124,197,1,593
2026/02/04/00:38:42,1458.761626,0.857281,0.731548,0.870250,0.737124,197,1,593
2026/02/04/00:38:43,1459.761779,0.857281,0.731548,0.870250,0.737124,197,1,593
2026/02/04/00:38:44,1460.761803,0.857281,0.731548,0.870250,0.737124,197,1,593
2026/02/04/00:38:45,1461.761870,0.857281,0.731548,0.870250,0.737124,197,1,593
2026/02/04/00:38:46,1462.761977,0.857281,0.731548,0.870250,0.737124,197,1,593
2026/02/04/00:38:47,1463.762078,0.857281,0.731548,0.870250,0.737124,197,1,593
2026/02/04/00:38:48,1464.762131,0.857281,0.731548,0.870250,0.737124,197,1,593
2026/02/04/00:38:49,1465.762239,0.857281,0.731548,0.870250,0.737124,197,1,593
2026/02/04/00:38:50,1466.762353,0.857281,0.731548,0.870250,0.737124,197,1,593
2026/02/04/00:38:51,1467.762451,0.857281,0.731548,0.870250,0.737124,197,1,593
2026/02/04/00:38:52,1468.762510,0.857281,0.731548,0.870250,0.737124,197,1,593
2026/02/04/00:38:53,1469.762596,0.857281,0.731548,0.870250,0.737124,197,1,593
2026/02/04/00:38:54,1470.762703,0.857281,0.731548,0.870250,0.737124,197,1,593
2026/02/04/00:38:55,1471.762802,0.857281,0.731548,0.870250,0.737124,197,1,593
2026/02/04/00:38:56,1472.762954,0.857281,0.731548,0.870250,0.737124,197,1,593
2026/02/04/00:38:57,1473.763045,0.852437,0.733635,0.852437,0.733635,196,0,597
2026/02/04/00:38:58,1474.763137,0.852437,0.733635,0.852437,0.733635,196,0,597
2026/02/04/00:38:59,1475.763238,0.852437,0.733635,0.852437,0.733635,196,0,597
2026/02/04/00:39:00,1476.763340,0.852437,0.733635,0.852437,0.733635,196,0,597
2026/02/04/00:39:01,1477.763433,0.852437,0.733635,0.852437,0.733635,196,0,597
2026/02/04/00:39:02,1478.763519,0.865812,0.742269,0.865812,0.742269,201,0,597
2026/02/04/00:39:03,1479.763622,0.891312,0.771625,0.918906,0.788081,210,3,597
2026/02/04/00:39:04,1480.763709,0.909281,0.785877,0.967094,0.814885,215,6,597
2026/02/04/00:39:05,1481.763813,0.901781,0.781072,0.959594,0.810081,212,6,600
2026/02/04/00:39:06,1482.763901,0.905781,0.793513,0.952656,0.806889,212,4,602
2026/02/04/00:39:07,1483.764057,0.894719,0.778722,0.904563,0.784362,210,1,604
2026/02/04/00:39:08,1484.764117,0.893156,0.774402,0.893156,0.774402,209,0,605
2026/02/04/00:39:09,1485.764187,0.893156,0.774402,0.893156,0.774402,209,0,605
2026/02/04/00:39:10,1486.764313,0.888844,0.770773,0.888844,0.770773,208,0,606
2026/02/04/00:39:11,1487.764353,0.888844,0.770773,0.888844,0.770773,208,0,606
2026/02/04/00:39:12,1488.764451,0.888844,0.770773,0.888844,0.770773,208,0,606
2026/02/04/00:39:13,1489.764549,0.888844,0.770773,0.888844,0.770773,208,0,606
2026/02/04/00:39:14,1490.764621,0.884969,0.765442,0.884969,0.765442,206,0,608
2026/02/04/00:39:15,1491.764741,0.884969,0.765442,0.884969,0.765442,206,0,608
2026/02/04/00:39:16,1492.764804,0.884969,0.765442,0.884969,0.765442,206,0,608
2026/02/04/00:39:17,1493.764903,0.884969,0.765442,0.884969,0.765442,206,0,608
2026/02/04/00:39:18,1494.765062,0.884969,0.765442,0.884969,0.765442,206,0,608
2026/02/04/00:39:19,1495.765150,0.884969,0.765442,0.884969,0.765442,206,0,608
2026/02/04/00:39:20,1496.765213,0.884969,0.765442,0.884969,0.765442,206,0,608
2026/02/04/00:39:21,1497.765349,0.884969,0.765442,0.884969,0.765442,206,0,608
2026/02/04/00:39:22,1498.765411,0.884969,0.765442,0.884969,0.765442,206,0,608
2026/02/04/00:39:23,1499.765574,0.875656,0.750461,0.875656,0.750461,204,0,610
2026/02/04/00:39:24,1500.765664,0.870938,0.748262,0.870938,0.748262,203,0,611
2026/02/04/00:39:25,1501.765830,0.870938,0.748262,0.870938,0.748262,203,0,611
2026/02/04/00:39:26,1502.765858,0.870938,0.748262,0.870938,0.748262,203,0,611
2026/02/04/00:39:27,1503.765976,0.870938,0.748262,0.870938,0.748262,203,0,611
2026/02/04/00:39:28,1504.766045,0.870938,0.748262,0.870938,0.748262,203,0,611
2026/02/04/00:39:29,1505.766158,0.870938,0.748262,0.870938,0.748262,203,0,611
2026/02/04/00:39:30,1506.766219,0.870938,0.748262,0.870938,0.748262,203,0,611
2026/02/04/00:39:31,1507.766355,0.870938,0.748262,0.870938,0.748262,203,0,611
2026/02/04/00:39:32,1508.766441,0.870938,0.748262,0.870938,0.748262,203,0,611
2026/02/04/00:39:33,1509.766559,0.870938,0.748262,0.870938,0.748262,203,0,611
2026/02/04/00:39:34,1510.766627,0.870938,0.748262,0.870938,0.748262,203,0,611
2026/02/04/00:39:35,1511.766731,0.870938,0.748262,0.870938,0.748262,203,0,611
2026/02/04/00:39:36,1512.766825,0.870938,0.748262,0.870938,0.748262,203,0,611
2026/02/04/00:39:37,1513.766915,0.870938,0.748262,0.870938,0.748262,203,0,611
2026/02/04/00:39:38,1514.767054,0.870938,0.748262,0.870938,0.748262,203,0,611
2026/02/04/00:39:39,1515.767131,0.870938,0.748262,0.870938,0.748262,203,0,611
2026/02/04/00:39:40,1516.767225,0.870938,0.748262,0.870938,0.748262,203,0,611
2026/02/04/00:39:41,1517.767389,0.870938,0.748262,0.870938,0.748262,203,0,611
2026/02/04/00:39:42,1518.767495,0.870938,0.748262,0.870938,0.748262,203,0,611
2026/02/04/00:39:43,1519.767578,0.870938,0.748262,0.870938,0.748262,203,0,611
2026/02/04/00:39:44,1520.767693,0.870938,0.748262,0.870938,0.748262,203,0,611
2026/02/04/00:39:45,1521.767771,0.870938,0.748262,0.870938,0.748262,203,0,611
2026/02/04/00:39:46,1522.767934,0.870938,0.748262,0.870938,0.748262,203,0,611
2026/02/04/00:39:47,1523.768078,0.870938,0.748262,0.870938,0.748262,203,0,611
2026/02/04/00:39:48,1524.768226,0.870938,0.748262,0.870938,0.748262,203,0,611
2026/02/04/00:39:49,1525.768343,0.870938,0.748262,0.870938,0.748262,203,0,611
2026/02/04/00:39:50,1526.768430,0.870938,0.748262,0.870938,0.748262,203,0,611
2026/02/04/00:39:51,1527.768526,0.845000,0.737109,0.845000,0.737109,201,0,613
2026/02/04/00:39:52,1528.768631,0.845000,0.737109,0.845000,0.737109,201,0,613
2026/02/04/00:39:53,1529.768723,0.845000,0.737109,0.845000,0.737109,201,0,613
2026/02/04/00:39:54,1530.768872,0.850750,0.744456,0.850750,0.744456,204,0,613
2026/02/04/00:39:55,1531.769035,0.879156,0.793683,0.879156,0.793683,217,0,613
2026/02/04/00:39:56,1532.769185,0.881000,0.795840,0.881000,0.795840,218,0,613
2026/02/04/00:39:57,1533.769366,0.874844,0.779004,0.874844,0.779004,216,0,615
2026/02/04/00:39:58,1534.769460,0.865406,0.767343,0.865406,0.767343,211,0,620
2026/02/04/00:39:59,1535.769546,0.865406,0.767343,0.865406,0.767343,211,0,620
2026/02/04/00:40:00,1536.769634,0.855406,0.750128,0.855406,0.750128,206,0,625
2026/02/04/00:40:01,1537.769731,0.852094,0.743380,0.852094,0.743380,204,0,627
2026/02/04/00:40:02,1538.769837,0.852094,0.743380,0.852094,0.743380,204,0,627
2026/02/04/00:40:03,1539.769932,0.852094,0.743380,0.852094,0.743380,204,0,627
2026/02/04/00:40:04,1540.770026,0.852094,0.743380,0.852094,0.743380,204,0,627
2026/02/04/00:40:05,1541.770122,0.857469,0.749135,0.857469,0.749135,206,0,627
2026/02/04/00:40:06,1542.770338,0.857469,0.749135,0.857469,0.749135,206,0,627
2026/02/04/00:40:07,1543.770339,0.870531,0.781222,0.876969,0.810980,212,2,627
2026/02/04/00:40:08,1544.770429,0.865156,0.775467,0.871594,0.805226,210,2,629
2026/02/04/00:40:09,1545.770523,0.865156,0.775467,0.871594,0.805226,210,2,629
2026/02/04/00:40:10,1546.770611,0.865156,0.775467,0.871594,0.805226,210,2,629
2026/02/04/00:40:11,1547.770765,0.861938,0.760588,0.861938,0.760588,209,0,630
2026/02/04/00:40:12,1548.770864,0.861938,0.760588,0.861938,0.760588,209,0,630
2026/02/04/00:40:13,1549.770944,0.861938,0.760588,0.861938,0.760588,209,0,630
2026/02/04/00:40:14,1550.771039,0.861938,0.760588,0.861938,0.760588,209,0,630
2026/02/04/00:40:15,1551.771130,0.856313,0.754949,0.856313,0.754949,206,0,633
2026/02/04/00:40:16,1552.771192,0.856313,0.754949,0.856313,0.754949,206,0,633
2026/02/04/00:40:17,1553.771355,0.851531,0.747897,0.851531,0.747897,203,0,636
2026/02/04/00:40:18,1554.771436,0.851531,0.747897,0.851531,0.747897,203,0,636
2026/02/04/00:40:19,1555.771516,0.851531,0.747897,0.851531,0.747897,203,0,636
2026/02/04/00:40:20,1556.771611,0.851531,0.747897,0.851531,0.747897,203,0,636
2026/02/04/00:40:21,1557.771705,0.851531,0.747897,0.851531,0.747897,203,0,636
2026/02/04/00:40:22,1558.771803,0.851531,0.747897,0.851531,0.747897,203,0,636
2026/02/04/00:40:23,1559.771909,0.851531,0.747897,0.851531,0.747897,203,0,636
2026/02/04/00:40:24,1560.772003,0.851531,0.747897,0.851531,0.747897,203,0,636
2026/02/04/00:40:25,1561.772095,0.848719,0.744471,0.848719,0.744471,202,0,637
2026/02/04/00:40:26,1562.772160,0.848719,0.744471,0.848719,0.744471,202,0,637
2026/02/04/00:40:27,1563.772306,0.848719,0.744471,0.848719,0.744471,202,0,637
2026/02/04/00:40:28,1564.772368,0.848719,0.744471,0.848719,0.744471,202,0,637
2026/02/04/00:40:29,1565.772461,0.848719,0.744471,0.848719,0.744471,202,0,637
2026/02/04/00:40:30,1566.772571,0.848719,0.744471,0.848719,0.744471,202,0,637
2026/02/04/00:40:31,1567.772658,0.848719,0.744471,0.848719,0.744471,202,0,637
2026/02/04/00:40:32,1568.772799,0.848719,0.744471,0.848719,0.744471,202,0,637
2026/02/04/00:40:33,1569.772949,0.858031,0.759523,0.886031,0.776648,207,2,637
2026/02/04/00:40:34,1570.773037,0.897250,0.791018,0.925250,0.808143,214,2,637
2026/02/04/00:40:35,1571.773129,0.897250,0.791018,0.925250,0.808143,214,2,637
2026/02/04/00:40:36,1572.773244,0.893750,0.784939,0.921750,0.802065,212,2,639
2026/02/04/00:40:37,1573.773345,0.876500,0.775267,0.904500,0.792392,209,2,642
2026/02/04/00:40:38,1574.773452,0.876500,0.775267,0.904500,0.792392,209,2,642
2026/02/04/00:40:39,1575.773542,0.876500,0.775267,0.904500,0.792392,209,2,642
2026/02/04/00:40:40,1576.773626,0.856812,0.765601,0.884813,0.782726,206,2,645
2026/02/04/00:40:41,1577.773713,0.856812,0.765601,0.884813,0.782726,206,2,645
2026/02/04/00:40:42,1578.773806,0.856812,0.765601,0.884813,0.782726,206,2,645
2026/02/04/00:40:43,1579.773961,0.856812,0.765601,0.884813,0.782726,206,2,645
2026/02/04/00:40:44,1580.774058,0.856812,0.765601,0.884813,0.782726,206,2,645
2026/02/04/00:40:45,1581.774148,0.856812,0.765601,0.884813,0.782726,206,2,645
2026/02/04/00:40:46,1582.774241,0.856812,0.765601,0.884813,0.782726,206,2,645
2026/02/04/00:40:47,1583.774376,0.860281,0.767709,0.895969,0.788086,207,4,645
2026/02/04/00:40:48,1584.774452,0.867969,0.770960,0.895969,0.788086,209,2,645
2026/02/04/00:40:49,1585.774538,0.882188,0.782347,0.910188,0.799473,214,2,645
2026/02/04/00:40:50,1586.774700,0.874500,0.779096,0.902500,0.796221,212,2,647
2026/02/04/00:40:51,1587.774732,0.867781,0.763648,0.895781,0.780773,209,2,650
2026/02/04/00:40:52,1588.774833,0.867781,0.763648,0.895781,0.780773,209,2,650
2026/02/04/00:40:53,1589.774883,0.867781,0.763648,0.895781,0.780773,209,2,650
2026/02/04/00:40:54,1590.774975,0.863250,0.762024,0.891250,0.779149,208,2,651
2026/02/04/00:40:55,1591.775078,0.850812,0.748328,0.878812,0.765454,206,2,653
2026/02/04/00:40:56,1592.775188,0.850812,0.748328,0.878812,0.765454,206,2,653
2026/02/04/00:40:57,1593.775287,0.850812,0.748328,0.878812,0.765454,206,2,653
2026/02/04/00:40:58,1594.775320,0.850812,0.748328,0.878812,0.765454,206,2,653
2026/02/04/00:40:59,1595.775420,0.850812,0.748328,0.878812,0.765454,206,2,653
2026/02/04/00:41:00,1596.775494,0.850812,0.748328,0.878812,0.765454,206,2,653
2026/02/04/00:41:01,1597.775583,0.850812,0.748328,0.878812,0.765454,206,2,653
2026/02/04/00:41:02,1598.775687,0.850812,0.748328,0.878812,0.765454,206,2,653
2026/02/04/00:41:03,1599.775790,0.859000,0.747918,0.873000,0.756481,204,1,656
2026/02/04/00:41:04,1600.775868,0.859000,0.747918,0.873000,0.756481,204,1,656
2026/02/04/00:41:05,1601.775977,0.859000,0.747918,0.873000,0.756481,204,1,656
2026/02/04/00:41:06,1602.776070,0.859000,0.747918,0.873000,0.756481,204,1,656
2026/02/04/00:41:07,1603.776222,0.859000,0.747918,0.873000,0.756481,204,1,656
2026/02/04/00:41:08,1604.776318,0.859000,0.747918,0.873000,0.756481,204,1,656
2026/02/04/00:41:09,1605.776485,0.853125,0.744088,0.867125,0.752651,202,1,658
2026/02/04/00:41:10,1606.776571,0.853125,0.744088,0.867125,0.752651,202,1,658
2026/02/04/00:41:11,1607.776662,0.853125,0.744088,0.867125,0.752651,202,1,658
2026/02/04/00:41:12,1608.776730,0.853125,0.744088,0.867125,0.752651,202,1,658
2026/02/04/00:41:13,1609.776812,0.853125,0.744088,0.867125,0.752651,202,1,658
2026/02/04/00:41:14,1610.776913,0.853125,0.744088,0.867125,0.752651,202,1,658
2026/02/04/00:41:15,1611.776990,0.853125,0.744088,0.867125,0.752651,202,1,658
2026/02/04/00:41:16,1612.777079,0.853125,0.744088,0.867125,0.752651,202,1,658
2026/02/04/00:41:17,1613.777177,0.853125,0.744088,0.867125,0.752651,202,1,658
2026/02/04/00:41:18,1614.777305,0.853125,0.744088,0.867125,0.752651,202,1,658
2026/02/04/00:41:19,1615.777348,0.853125,0.744088,0.867125,0.752651,202,1,658
2026/02/04/00:41:20,1616.777436,0.853125,0.744088,0.867125,0.752651,202,1,658
2026/02/04/00:41:21,1617.777542,0.853125,0.744088,0.867125,0.752651,202,1,658
2026/02/04/00:41:22,1618.777633,0.853125,0.744088,0.867125,0.752651,202,1,658
2026/02/04/00:41:23,1619.777742,0.838625,0.738057,0.852625,0.746619,200,1,660
2026/02/04/00:41:24,1620.777827,0.838625,0.738057,0.852625,0.746619,200,1,660
2026/02/04/00:41:25,1621.777982,0.838625,0.738057,0.852625,0.746619,200,1,660
2026/02/04/00:41:26,1622.778088,0.838625,0.738057,0.852625,0.746619,200,1,660
2026/02/04/00:41:27,1623.778186,0.838625,0.738057,0.852625,0.746619,200,1,660
2026/02/04/00:41:28,1624.778345,0.838625,0.738057,0.852625,0.746619,200,1,660
2026/02/04/00:41:29,1625.778437,0.838625,0.738057,0.852625,0.746619,200,1,660
2026/02/04/00:41:30,1626.778533,0.838625,0.738057,0.852625,0.746619,200,1,660
2026/02/04/00:41:31,1627.778702,0.838625,0.738057,0.852625,0.746619,200,1,660
2026/02/04/00:41:32,1628.778738,0.838625,0.738057,0.852625,0.746619,200,1,660
2026/02/04/00:41:33,1629.778825,0.847375,0.740148,0.847375,0.740148,199,0,662
2026/02/04/00:41:34,1630.778928,0.842406,0.733208,0.842406,0.733208,196,0,665
2026/02/04/00:41:35,1631.779035,0.876750,0.806597,0.880313,0.818450,208,1,665
2026/02/04/00:41:36,1632.779101,0.884188,0.816217,0.891312,0.839923,210,2,665
2026/02/04/00:41:37,1633.779182,0.870250,0.784875,0.870250,0.784875,206,0,669
2026/02/04/00:41:38,1634.779263,0.870250,0.784875,0.870250,0.784875,206,0,669
2026/02/04/00:41:39,1635.779427,0.868656,0.782331,0.868656,0.782331,205,0,670
2026/02/04/00:41:40,1636.779520,0.868656,0.782331,0.868656,0.782331,205,0,670
2026/02/04/00:41:41,1637.779610,0.868656,0.782331,0.868656,0.782331,205,0,670
2026/02/04/00:41:42,1638.779719,0.868656,0.782331,0.868656,0.782331,205,0,670
2026/02/04/00:41:43,1639.779808,0.864094,0.779148,0.864094,0.779148,204,0,671
2026/02/04/00:41:44,1640.779912,0.864094,0.779148,0.864094,0.779148,204,0,671
2026/02/04/00:41:45,1641.780001,0.862344,0.775918,0.862344,0.775918,203,0,672
2026/02/04/00:41:46,1642.780098,0.862344,0.775918,0.862344,0.775918,203,0,672
2026/02/04/00:41:47,1643.780187,0.862344,0.775918,0.862344,0.775918,203,0,672
2026/02/04/00:41:48,1644.780302,0.862344,0.775918,0.862344,0.775918,203,0,672
2026/02/04/00:41:49,1645.780343,0.862344,0.775918,0.862344,0.775918,203,0,672
2026/02/04/00:41:50,1646.780453,0.862344,0.775918,0.862344,0.775918,203,0,672
2026/02/04/00:41:51,1647.780541,0.862344,0.775918,0.862344,0.775918,203,0,672
2026/02/04/00:41:52,1648.780647,0.862344,0.775918,0.862344,0.775918,203,0,672
2026/02/04/00:41:53,1649.780710,0.862344,0.775918,0.862344,0.775918,203,0,672
2026/02/04/00:41:54,1650.780818,0.862344,0.775918,0.862344,0.775918,203,0,672
2026/02/04/00:41:55,1651.780969,0.892156,0.791823,0.892156,0.791823,210,0,672
2026/02/04/00:41:56,1652.781056,0.893406,0.784933,0.921594,0.798228,209,4,674
2026/02/04/00:41:57,1653.781125,0.914906,0.826609,0.952781,0.840495,216,4,678
2026/02/04/00:41:58,1654.781243,0.911969,0.821147,0.943406,0.832407,214,3,681
2026/02/04/00:41:59,1655.781302,0.911969,0.821147,0.943406,0.832407,214,3,681
2026/02/04/00:42:00,1656.781405,0.911969,0.821147,0.943406,0.832407,214,3,681
2026/02/04/00:42:01,1657.781497,0.906750,0.811079,0.928937,0.819890,212,2,684
2026/02/04/00:42:02,1658.781568,0.906750,0.811079,0.916000,0.813530,212,1,684
2026/02/04/00:42:03,1659.781677,0.906750,0.811079,0.916000,0.813530,212,1,684
2026/02/04/00:42:04,1660.781763,0.905250,0.804938,0.905250,0.804938,211,0,686
2026/02/04/00:42:05,1661.781912,0.905250,0.804938,0.905250,0.804938,211,0,686
2026/02/04/00:42:06,1662.782007,0.886750,0.800037,0.886750,0.800037,209,0,688
2026/02/04/00:42:07,1663.782111,0.886750,0.800037,0.886750,0.800037,209,0,688
2026/02/04/00:42:08,1664.782173,0.886750,0.800037,0.886750,0.800037,209,0,688
2026/02/04/00:42:09,1665.782261,0.886750,0.800037,0.886750,0.800037,209,0,688
2026/02/04/00:42:10,1666.782400,0.914750,0.823202,0.914750,0.823202,218,0,688
2026/02/04/00:42:11,1667.782483,0.912188,0.820086,0.912188,0.820086,217,0,689
2026/02/04/00:42:12,1668.782556,0.900438,0.811180,0.900438,0.811180,213,0,693
2026/02/04/00:42:13,1669.782651,0.900438,0.811180,0.900438,0.811180,213,0,693
2026/02/04/00:42:14,1670.782763,0.894250,0.804541,0.894250,0.804541,211,0,695
2026/02/04/00:42:15,1671.782811,0.891219,0.802387,0.891219,0.802387,210,0,696
2026/02/04/00:42:16,1672.782902,0.922969,0.826855,0.922969,0.826855,218,0,696
2026/02/04/00:42:17,1673.782983,0.922969,0.826855,0.922969,0.826855,218,0,696
2026/02/04/00:42:18,1674.783086,0.923562,0.831400,0.923562,0.831400,219,0,698
2026/02/04/00:42:19,1675.783171,0.919438,0.828965,0.931562,0.835380,218,2,699
2026/02/04/00:42:20,1676.783237,0.919438,0.828965,0.931562,0.835380,218,2,699
2026/02/04/00:42:21,1677.783341,0.916844,0.807421,0.922906,0.810629,215,1,703
2026/02/04/00:42:22,1678.783404,0.916844,0.807421,0.922906,0.810629,215,1,703
2026/02/04/00:42:23,1679.783529,0.916844,0.807421,0.922906,0.810629,215,1,703
2026/02/04/00:42:24,1680.783630,0.916844,0.807421,0.922906,0.810629,215,1,703
2026/02/04/00:42:25,1681.783752,0.913844,0.806919,0.913844,0.806919,214,0,705
2026/02/04/00:42:26,1682.783838,0.901719,0.800504,0.901719,0.800504,212,0,707
2026/02/04/00:42:27,1683.783928,0.897219,0.794585,0.897219,0.794585,210,0,709
2026/02/04/00:42:28,1684.784032,0.897219,0.794585,0.897219,0.794585,210,0,709
2026/02/04/00:42:29,1685.784115,0.897219,0.794585,0.897219,0.794585,210,0,709
2026/02/04/00:42:30,1686.784190,0.897219,0.794585,0.897219,0.794585,210,0,709
2026/02/04/00:42:31,1687.784305,0.897219,0.794585,0.897219,0.794585,210,0,709
2026/02/04/00:42:32,1688.784334,0.897219,0.794585,0.897219,0.794585,210,0,709
2026/02/04/00:42:33,1689.784495,0.897219,0.794585,0.897219,0.794585,210,0,709
2026/02/04/00:42:34,1690.784601,0.897219,0.794585,0.897219,0.794585,210,0,709
2026/02/04/00:42:35,1691.784683,0.897219,0.794585,0.897219,0.794585,210,0,709
2026/02/04/00:42:36,1692.784776,0.897219,0.794585,0.897219,0.794585,210,0,709
2026/02/04/00:42:37,1693.784865,0.897219,0.794585,0.897219,0.794585,210,0,709
2026/02/04/00:42:38,1694.784956,0.892156,0.790885,0.892156,0.790885,208,0,711
2026/02/04/00:42:39,1695.785032,0.892156,0.790885,0.892156,0.790885,208,0,711
2026/02/04/00:42:40,1696.785132,0.892156,0.790885,0.892156,0.790885,208,0,711
2026/02/04/00:42:41,1697.785204,0.892156,0.790885,0.892156,0.790885,208,0,711
2026/02/04/00:42:42,1698.785343,0.892156,0.790885,0.892156,0.790885,208,0,711
2026/02/04/00:42:43,1699.785462,0.892156,0.790885,0.892156,0.790885,208,0,711
2026/02/04/00:42:44,1700.785552,0.892156,0.790885,0.892156,0.790885,208,0,711
2026/02/04/00:42:45,1701.785642,0.902563,0.808438,0.953375,0.839911,212,4,711
2026/02/04/00:42:46,1702.785744,0.902563,0.808438,0.953375,0.839911,212,4,711
2026/02/04/00:42:47,1703.785841,0.902563,0.808438,0.946812,0.825787,212,3,711
2026/02/04/00:42:48,1704.785922,0.902563,0.808438,0.946812,0.825787,212,3,711
2026/02/04/00:42:49,1705.786011,0.891125,0.794536,0.891125,0.794536,210,0,713
2026/02/04/00:42:50,1706.786180,0.891125,0.794536,0.891125,0.794536,210,0,713
2026/02/04/00:42:51,1707.786280,0.888375,0.792019,0.888375,0.792019,209,0,714
2026/02/04/00:42:52,1708.786350,0.888375,0.792019,0.888375,0.792019,209,0,714
2026/02/04/00:42:53,1709.786501,0.888375,0.792019,0.888375,0.792019,209,0,714
2026/02/04/00:42:54,1710.786585,0.888375,0.792019,0.888375,0.792019,209,0,714
2026/02/04/00:42:55,1711.786686,0.888375,0.792019,0.888375,0.792019,209,0,714
2026/02/04/00:42:56,1712.786841,0.888375,0.792019,0.888375,0.792019,209,0,714
2026/02/04/00:42:57,1713.786943,0.896344,0.801716,0.896344,0.801716,212,0,714
2026/02/04/00:42:58,1714.787014,0.896344,0.801716,0.896344,0.801716,212,0,714
2026/02/04/00:42:59,1715.787104,0.896344,0.801716,0.896344,0.801716,212,0,714
2026/02/04/00:43:00,1716.787206,0.892375,0.799772,0.892375,0.799772,211,0,715
2026/02/04/00:43:01,1717.787295,0.892375,0.799772,0.892375,0.799772,211,0,715
2026/02/04/00:43:02,1718.787348,0.892375,0.799772,0.892375,0.799772,211,0,715
2026/02/04/00:43:03,1719.787498,0.890156,0.796973,0.890156,0.796973,210,0,716
2026/02/04/00:43:04,1720.787607,0.920719,0.843291,0.920719,0.843291,220,0,716
2026/02/04/00:43:05,1721.787680,0.920719,0.843291,0.923344,0.854367,220,1,716
2026/02/04/00:43:06,1722.787766,0.915469,0.839172,0.918094,0.850247,218,1,718
2026/02/04/00:43:07,1723.787868,0.883344,0.805236,0.883344,0.805236,211,0,725
2026/02/04/00:43:08,1724.787962,0.873219,0.782098,0.873219,0.782098,208,0,728
2026/02/04/00:43:09,1725.788108,0.873219,0.782098,0.873219,0.782098,208,0,728
2026/02/04/00:43:10,1726.788194,0.873219,0.782098,0.873219,0.782098,208,0,728
2026/02/04/00:43:11,1727.788294,0.873219,0.782098,0.873219,0.782098,208,0,728
2026/02/04/00:43:12,1728.788350,0.869906,0.780472,0.869906,0.780472,207,0,729
2026/02/04/00:43:13,1729.788458,0.869906,0.780472,0.869906,0.780472,207,0,729
2026/02/04/00:43:14,1730.788523,0.869906,0.780472,0.869906,0.780472,207,0,729
2026/02/04/00:43:15,1731.788632,0.869906,0.780472,0.869906,0.780472,207,0,729
2026/02/04/00:43:16,1732.788728,0.869906,0.780472,0.869906,0.780472,207,0,729
2026/02/04/00:43:17,1733.788793,0.900781,0.828280,0.902469,0.830046,218,1,729
2026/02/04/00:43:18,1734.788891,0.914438,0.842234,0.914438,0.842234,224,0,729
2026/02/04/00:43:19,1735.788995,0.904594,0.821349,0.904594,0.821349,221,0,732
2026/02/04/00:43:20,1736.789096,0.899906,0.812566,0.899906,0.812566,219,0,734
2026/02/04/00:43:21,1737.789162,0.896531,0.809033,0.896531,0.809033,217,0,736
2026/02/04/00:43:22,1738.789278,0.886188,0.798882,0.928188,0.812754,213,3,740
2026/02/04/00:43:23,1739.789346,0.886188,0.798882,0.928188,0.812754,213,3,740
2026/02/04/00:43:24,1740.789468,0.886188,0.798882,0.928188,0.812754,213,3,740
2026/02/04/00:43:25,1741.789546,0.865437,0.779089,0.907438,0.792961,206,3,747
2026/02/04/00:43:26,1742.789649,0.865437,0.779089,0.907438,0.792961,206,3,747
2026/02/04/00:43:27,1743.789748,0.865437,0.779089,0.907438,0.792961,206,3,747
2026/02/04/00:43:28,1744.789845,0.856250,0.764579,0.898250,0.778452,203,3,750
2026/02/04/00:43:29,1745.789945,0.856250,0.764579,0.898250,0.778452,203,3,750
2026/02/04/00:43:30,1746.790030,0.856250,0.764579,0.898250,0.778452,203,3,750
2026/02/04/00:43:31,1747.790122,0.868469,0.791755,0.910469,0.805627,209,3,750
2026/02/04/00:43:32,1748.790201,0.862969,0.788090,0.862969,0.788090,207,0,752
2026/02/04/00:43:33,1749.790328,0.878656,0.818729,0.890969,0.834908,212,2,752
2026/02/04/00:43:34,1750.790458,0.880437,0.822756,0.886594,0.830846,211,1,754
2026/02/04/00:43:35,1751.790500,0.878750,0.807733,0.878750,0.807733,208,0,758
2026/02/04/00:43:36,1752.790649,0.872750,0.785276,0.872750,0.785276,205,0,761
2026/02/04/00:43:37,1753.790724,0.872750,0.785276,0.872750,0.785276,205,0,761
2026/02/04/00:43:38,1754.790828,0.872750,0.785276,0.872750,0.785276,205,0,761
2026/02/04/00:43:39,1755.790898,0.872750,0.785276,0.872750,0.785276,205,0,761
2026/02/04/00:43:40,1756.791008,0.872750,0.785276,0.872750,0.785276,205,0,761
2026/02/04/00:43:41,1757.791098,0.872750,0.785276,0.872750,0.785276,205,0,761
2026/02/04/00:43:42,1758.791192,0.872750,0.785276,0.872750,0.785276,205,0,761
2026/02/04/00:43:43,1759.791306,0.872750,0.785276,0.872750,0.785276,205,0,761
2026/02/04/00:43:44,1760.791357,0.872750,0.785276,0.872750,0.785276,205,0,761
2026/02/04/00:43:45,1761.791444,0.872750,0.785276,0.872750,0.785276,205,0,761
2026/02/04/00:43:46,1762.791558,0.872750,0.785276,0.872750,0.785276,205,0,761
2026/02/04/00:43:47,1763.791636,0.872750,0.785276,0.872750,0.785276,205,0,761
2026/02/04/00:43:48,1764.791726,0.872750,0.785276,0.872750,0.785276,205,0,761
2026/02/04/00:43:49,1765.791818,0.872750,0.785276,0.872750,0.785276,205,0,761
2026/02/04/00:43:50,1766.791924,0.872750,0.785276,0.872750,0.785276,205,0,761
2026/02/04/00:43:51,1767.792001,0.858062,0.767412,0.858062,0.767412,202,0,764
2026/02/04/00:43:52,1768.792073,0.858062,0.767412,0.858062,0.767412,202,0,764
2026/02/04/00:43:53,1769.792183,0.858062,0.767412,0.858062,0.767412,202,0,764
2026/02/04/00:43:54,1770.792366,0.858062,0.767412,0.858062,0.767412,202,0,764
2026/02/04/00:43:55,1771.792466,0.858062,0.767412,0.858062,0.767412,202,0,764
2026/02/04/00:43:56,1772.792572,0.858062,0.767412,0.858062,0.767412,202,0,764
2026/02/04/00:43:57,1773.792631,0.858062,0.767412,0.858062,0.767412,202,0,764
2026/02/04/00:43:58,1774.792744,0.858062,0.767412,0.858062,0.767412,202,0,764
2026/02/04/00:43:59,1775.792835,0.858062,0.767412,0.858062,0.767412,202,0,764
2026/02/04/00:44:00,1776.792931,0.858062,0.767412,0.858062,0.767412,202,0,764
2026/02/04/00:44:01,1777.793020,0.858062,0.767412,0.858062,0.767412,202,0,764
2026/02/04/00:44:02,1778.793171,0.858062,0.767412,0.858062,0.767412,202,0,764
2026/02/04/00:44:03,1779.793287,0.858062,0.767412,0.858062,0.767412,202,0,764
2026/02/04/00:44:04,1780.793350,0.858062,0.767412,0.858062,0.767412,202,0,764
2026/02/04/00:44:05,1781.793503,0.858062,0.767412,0.858062,0.767412,202,0,764
2026/02/04/00:44:06,1782.793592,0.858062,0.767412,0.858062,0.767412,202,0,764
2026/02/04/00:44:07,1783.793672,0.858062,0.767412,0.858062,0.767412,202,0,764
2026/02/04/00:44:08,1784.793740,0.858062,0.767412,0.858062,0.767412,202,0,764
2026/02/04/00:44:09,1785.793848,0.858062,0.767412,0.858062,0.767412,202,0,764
2026/02/04/00:44:10,1786.793952,0.858062,0.767412,0.858062,0.767412,202,0,764
2026/02/04/00:44:11,1787.794043,0.858062,0.767412,0.858062,0.767412,202,0,764
2026/02/04/00:44:12,1788.794144,0.858062,0.767412,0.858062,0.767412,202,0,764
2026/02/04/00:44:13,1789.794242,0.858062,0.767412,0.858062,0.767412,202,0,764
2026/02/04/00:44:14,1790.794322,0.865281,0.775002,0.865281,0.775002,205,0,764
2026/02/04/00:44:15,1791.794419,0.865281,0.775002,0.865281,0.775002,205,0,764
2026/02/04/00:44:16,1792.794522,0.865281,0.775002,0.865281,0.775002,205,0,764
2026/02/04/00:44:17,1793.794674,0.865281,0.775002,0.865281,0.775002,205,0,764
2026/02/04/00:44:18,1794.794761,0.865281,0.775002,0.865281,0.775002,205,0,764
2026/02/04/00:44:19,1795.794917,0.865281,0.775002,0.865281,0.775002,205,0,764
2026/02/04/00:44:20,1796.794946,0.863375,0.773317,0.863375,0.773317,204,0,765
2026/02/04/00:44:21,1797.795043,0.863375,0.773317,0.863375,0.773317,204,0,765
2026/02/04/00:44:22,1798.795139,0.863375,0.773317,0.863375,0.773317,204,0,765
2026/02/04/00:44:23,1799.795217,0.863375,0.773317,0.863375,0.773317,204,0,765
2026/02/04/00:44:24,1800.795349,0.863375,0.773317,0.863375,0.773317,204,0,765
2026/02/04/00:44:25,1801.795444,0.863375,0.773317,0.863375,0.773317,204,0,765
2026/02/04/00:44:26,1802.795538,0.861781,0.771715,0.861781,0.771715,203,0,766
2026/02/04/00:44:27,1803.795622,0.861781,0.771715,0.861781,0.771715,203,0,766
2026/02/04/00:44:28,1804.795732,0.861781,0.771715,0.861781,0.771715,203,0,766
2026/02/04/00:44:29,1805.795807,0.861781,0.771715,0.861781,0.771715,203,0,766
2026/02/04/00:44:30,1806.795912,0.861781,0.771715,0.861781,0.771715,203,0,766
2026/02/04/00:44:31,1807.796032,0.861781,0.771715,0.861781,0.771715,203,0,766
2026/02/04/00:44:32,1808.796111,0.861781,0.771715,0.861781,0.771715,203,0,766
2026/02/04/00:44:33,1809.796210,0.861781,0.771715,0.861781,0.771715,203,0,766
2026/02/04/00:44:34,1810.796363,0.861781,0.771715,0.861781,0.771715,203,0,766
2026/02/04/00:44:35,1811.796474,0.861781,0.771715,0.861781,0.771715,203,0,766
2026/02/04/00:44:36,1812.796542,0.861781,0.771715,0.861781,0.771715,203,0,766
2026/02/04/00:44:37,1813.796667,0.861781,0.771715,0.861781,0.771715,203,0,766
2026/02/04/00:44:38,1814.796754,0.861781,0.771715,0.861781,0.771715,203,0,766
2026/02/04/00:44:39,1815.796854,0.861781,0.771715,0.861781,0.771715,203,0,766
2026/02/04/00:44:40,1816.796966,0.860094,0.764366,0.860094,0.764366,202,0,767
2026/02/04/00:44:41,1817.797045,0.860094,0.764366,0.860094,0.764366,202,0,767
2026/02/04/00:44:42,1818.797122,0.895938,0.792271,0.899281,0.797899,215,1,767
2026/02/04/00:44:43,1819.797231,0.899281,0.797899,0.899281,0.797899,216,0,767
2026/02/04/00:44:44,1820.797369,0.889625,0.793684,0.889625,0.793684,214,0,769
2026/02/04/00:44:45,1821.797442,0.883906,0.786914,0.883906,0.786914,211,0,772
2026/02/04/00:44:46,1822.797552,0.883906,0.786914,0.883906,0.786914,211,0,772
2026/02/04/00:44:47,1823.797650,0.875844,0.782035,0.875844,0.782035,209,0,774
2026/02/04/00:44:48,1824.797748,0.867125,0.776383,0.867125,0.776383,206,0,777
2026/02/04/00:44:49,1825.797846,0.860844,0.771405,0.860844,0.771405,203,0,780
2026/02/04/00:44:50,1826.797942,0.860844,0.771405,0.860844,0.771405,203,0,780
2026/02/04/00:44:51,1827.798016,0.867313,0.772466,0.867313,0.772466,204,0,781
2026/02/04/00:44:52,1828.798129,0.867313,0.772466,0.867313,0.772466,204,0,781
2026/02/04/00:44:53,1829.798313,0.867313,0.772466,0.867313,0.772466,204,0,781
2026/02/04/00:44:54,1830.798363,0.867313,0.772466,0.867313,0.772466,204,0,781
2026/02/04/00:44:55,1831.798448,0.863969,0.766838,0.863969,0.766838,203,0,782
2026/02/04/00:44:56,1832.798556,0.863969,0.766838,0.863969,0.766838,203,0,782
2026/02/04/00:44:57,1833.798655,0.854781,0.762123,0.854781,0.762123,201,0,784
2026/02/04/00:44:58,1834.798716,0.854781,0.762123,0.854781,0.762123,201,0,784
2026/02/04/00:44:59,1835.798851,0.854781,0.762123,0.854781,0.762123,201,0,784
2026/02/04/00:45:00,1836.798957,0.854781,0.762123,0.854781,0.762123,201,0,784
2026/02/04/00:45:01,1837.799052,0.854781,0.762123,0.854781,0.762123,201,0,784
2026/02/04/00:45:02,1838.799178,0.854781,0.762123,0.854781,0.762123,201,0,784
2026/02/04/00:45:03,1839.799262,0.854781,0.762123,0.854781,0.762123,201,0,784
2026/02/04/00:45:04,1840.799369,0.854781,0.762123,0.854781,0.762123,201,0,784
2026/02/04/00:45:05,1841.799456,0.848781,0.749700,0.848781,0.749700,199,0,786
2026/02/04/00:45:06,1842.799532,0.848781,0.749700,0.848781,0.749700,199,0,786
2026/02/04/00:45:07,1843.799684,0.848781,0.749700,0.848781,0.749700,199,0,786
2026/02/04/00:45:08,1844.799756,0.848781,0.749700,0.848781,0.749700,199,0,786
2026/02/04/00:45:09,1845.799857,0.848781,0.749700,0.848781,0.749700,199,0,786
2026/02/04/00:45:10,1846.799949,0.848781,0.749700,0.848781,0.749700,199,0,786
2026/02/04/00:45:11,1847.800030,0.848781,0.749700,0.848781,0.749700,199,0,786
2026/02/04/00:45:12,1848.800139,0.848781,0.749700,0.848781,0.749700,199,0,786
2026/02/04/00:45:13,1849.800229,0.848781,0.749700,0.848781,0.749700,199,0,786
2026/02/04/00:45:14,1850.800388,0.848781,0.749700,0.848781,0.749700,199,0,786
2026/02/04/00:45:15,1851.800486,0.848781,0.749700,0.848781,0.749700,199,0,786
2026/02/04/00:45:16,1852.800549,0.848781,0.749700,0.848781,0.749700,199,0,786
2026/02/04/00:45:17,1853.800655,0.848781,0.749700,0.848781,0.749700,199,0,786
2026/02/04/00:45:18,1854.800765,0.848781,0.749700,0.848781,0.749700,199,0,786
2026/02/04/00:45:19,1855.800836,0.845063,0.741784,0.845063,0.741784,198,0,787
2026/02/04/00:45:20,1856.800892,0.845063,0.741784,0.845063,0.741784,198,0,787
2026/02/04/00:45:21,1857.801004,0.845063,0.741784,0.845063,0.741784,198,0,787
2026/02/04/00:45:22,1858.801061,0.845063,0.741784,0.845063,0.741784,198,0,787
2026/02/04/00:45:23,1859.801172,0.845063,0.741784,0.845063,0.741784,198,0,787
2026/02/04/00:45:24,1860.801258,0.845063,0.741784,0.845063,0.741784,198,0,787
2026/02/04/00:45:25,1861.801370,0.845063,0.741784,0.845063,0.741784,198,0,787
2026/02/04/00:45:26,1862.801463,0.865563,0.752593,0.865563,0.752593,200,0,787
2026/02/04/00:45:27,1863.801545,0.865563,0.752593,0.865563,0.752593,200,0,787
2026/02/04/00:45:28,1864.801640,0.865563,0.752593,0.865563,0.752593,200,0,787
2026/02/04/00:45:29,1865.801729,0.865563,0.752593,0.865563,0.752593,200,0,787
2026/02/04/00:45:30,1866.801790,0.872531,0.756815,0.872531,0.756815,201,0,787
2026/02/04/00:45:31,1867.801951,0.872531,0.756815,0.872531,0.756815,201,0,787
2026/02/04/00:45:32,1868.801994,0.852031,0.746006,0.852031,0.746006,199,0,789
2026/02/04/00:45:33,1869.802110,0.866156,0.769297,0.866156,0.769297,205,0,790
2026/02/04/00:45:34,1870.802202,0.866156,0.769297,0.866156,0.769297,205,0,790
2026/02/04/00:45:35,1871.802315,0.866156,0.769297,0.866156,0.769297,205,0,790
2026/02/04/00:45:36,1872.802399,0.860531,0.763130,0.860531,0.763130,203,0,792
2026/02/04/00:45:37,1873.802513,0.844281,0.750200,0.844281,0.750200,199,0,796
2026/02/04/00:45:38,1874.802590,0.844281,0.750200,0.844281,0.750200,199,0,796
2026/02/04/00:45:39,1875.802711,0.844281,0.750200,0.844281,0.750200,199,0,796
2026/02/04/00:45:40,1876.802844,0.844281,0.750200,0.844281,0.750200,199,0,796
2026/02/04/00:45:41,1877.803023,0.844281,0.750200,0.844281,0.750200,199,0,796
2026/02/04/00:45:42,1878.803046,0.844281,0.750200,0.844281,0.750200,199,0,796
2026/02/04/00:45:43,1879.803160,0.844281,0.750200,0.844281,0.750200,199,0,796
2026/02/04/00:45:44,1880.803249,0.844281,0.750200,0.844281,0.750200,199,0,796
2026/02/04/00:45:45,1881.803347,0.844281,0.750200,0.844281,0.750200,199,0,796
2026/02/04/00:45:46,1882.803416,0.840156,0.746451,0.840156,0.746451,197,0,798
2026/02/04/00:45:47,1883.803529,0.840156,0.746451,0.840156,0.746451,197,0,798
2026/02/04/00:45:48,1884.803615,0.840156,0.746451,0.840156,0.746451,197,0,798
2026/02/04/00:45:49,1885.803716,0.842125,0.748399,0.842125,0.748399,198,0,798
2026/02/04/00:45:50,1886.803806,0.842125,0.748399,0.842125,0.748399,198,0,798
2026/02/04/00:45:51,1887.803898,0.842125,0.748399,0.842125,0.748399,198,0,798
2026/02/04/00:45:52,1888.803999,0.842125,0.748399,0.842125,0.748399,198,0,798
2026/02/04/00:45:53,1889.804084,0.842125,0.748399,0.842125,0.748399,198,0,798
2026/02/04/00:45:54,1890.804185,0.840156,0.746451,0.840156,0.746451,197,0,799
2026/02/04/00:45:55,1891.804359,0.840156,0.746451,0.840156,0.746451,197,0,799
2026/02/04/00:45:56,1892.804442,0.840156,0.746451,0.840156,0.746451,197,0,799
2026/02/04/00:45:57,1893.804549,0.840156,0.746451,0.840156,0.746451,197,0,799
2026/02/04/00:45:58,1894.804636,0.844531,0.750924,0.844531,0.750924,199,0,799
2026/02/04/00:45:59,1895.804731,0.844531,0.750924,0.844531,0.750924,199,0,799
2026/02/04/00:46:00,1896.804797,0.844531,0.750924,0.844531,0.750924,199,0,799
2026/02/04/00:46:01,1897.804902,0.844531,0.750924,0.844531,0.750924,199,0,799
2026/02/04/00:46:02,1898.805006,0.834531,0.741622,0.834531,0.741622,195,0,803
2026/02/04/00:46:03,1899.805115,0.830156,0.737149,0.830156,0.737149,193,0,805
2026/02/04/00:46:04,1900.805226,0.830156,0.737149,0.830156,0.737149,193,0,805
2026/02/04/00:46:05,1901.805305,0.830156,0.737149,0.830156,0.737149,193,0,805
2026/02/04/00:46:06,1902.805411,0.830156,0.737149,0.830156,0.737149,193,0,805
2026/02/04/00:46:07,1903.805575,0.826656,0.721304,0.826656,0.721304,191,0,807
2026/02/04/00:46:08,1904.805668,0.826656,0.721304,0.826656,0.721304,191,0,807
2026/02/04/00:46:09,1905.805759,0.826656,0.721304,0.826656,0.721304,191,0,807
2026/02/04/00:46:10,1906.805867,0.821344,0.715399,0.821344,0.715399,189,0,809
2026/02/04/00:46:11,1907.805961,0.821344,0.715399,0.821344,0.715399,189,0,809
2026/02/04/00:46:12,1908.806026,0.821344,0.715399,0.821344,0.715399,189,0,809
2026/02/04/00:46:13,1909.806201,0.821344,0.715399,0.821344,0.715399,189,0,809
2026/02/04/00:46:14,1910.806311,0.821344,0.715399,0.821344,0.715399,189,0,809
2026/02/04/00:46:15,1911.806313,0.821344,0.715399,0.821344,0.715399,189,0,809
2026/02/04/00:46:16,1912.806422,0.821344,0.715399,0.821344,0.715399,189,0,809
2026/02/04/00:46:17,1913.806498,0.793344,0.698273,0.793344,0.698273,187,0,811
2026/02/04/00:46:18,1914.806600,0.793344,0.698273,0.793344,0.698273,187,0,811
2026/02/04/00:46:19,1915.806681,0.793344,0.698273,0.793344,0.698273,187,0,811
2026/02/04/00:46:20,1916.806799,0.793344,0.698273,0.793344,0.698273,187,0,811
2026/02/04/00:46:21,1917.806894,0.793344,0.698273,0.793344,0.698273,187,0,811
2026/02/04/00:46:22,1918.807050,0.793344,0.698273,0.793344,0.698273,187,0,811
2026/02/04/00:46:23,1919.807200,0.793344,0.698273,0.793344,0.698273,187,0,811
2026/02/04/00:46:24,1920.807304,0.793344,0.698273,0.793344,0.698273,187,0,811
2026/02/04/00:46:25,1921.807397,0.793344,0.698273,0.793344,0.698273,187,0,811
2026/02/04/00:46:26,1922.807481,0.793344,0.698273,0.793344,0.698273,187,0,811
2026/02/04/00:46:27,1923.807644,0.793344,0.698273,0.793344,0.698273,187,0,811
2026/02/04/00:46:28,1924.807673,0.793344,0.698273,0.793344,0.698273,187,0,811
2026/02/04/00:46:29,1925.807842,0.793344,0.698273,0.793344,0.698273,187,0,811
2026/02/04/00:46:30,1926.807933,0.793344,0.698273,0.793344,0.698273,187,0,811
2026/02/04/00:46:31,1927.808083,0.793344,0.698273,0.793344,0.698273,187,0,811
2026/02/04/00:46:32,1928.808151,0.793344,0.698273,0.793344,0.698273,187,0,811
2026/02/04/00:46:33,1929.808333,0.793344,0.698273,0.793344,0.698273,187,0,811
2026/02/04/00:46:34,1930.808425,0.793344,0.698273,0.793344,0.698273,187,0,811
2026/02/04/00:46:35,1931.808512,0.810438,0.707291,0.810438,0.707291,191,0,811
2026/02/04/00:46:36,1932.808606,0.829500,0.723469,0.844781,0.725183,198,1,811
2026/02/04/00:46:37,1933.808695,0.857875,0.779200,0.873156,0.780914,210,1,811
2026/02/04/00:46:38,1934.808799,0.883031,0.816342,0.898312,0.818056,220,1,811
2026/02/04/00:46:39,1935.808885,0.886563,0.821132,0.927344,0.827144,221,3,816
2026/02/04/00:46:40,1936.808961,0.904656,0.832044,0.966844,0.853819,227,7,819
2026/02/04/00:46:41,1937.809056,0.922813,0.852346,0.980344,0.870715,232,6,822
2026/02/04/00:46:42,1938.809189,0.927125,0.855581,0.975688,0.896496,234,7,822
2026/02/04/00:46:43,1939.809239,0.918625,0.850014,0.962938,0.888145,232,6,824
2026/02/04/00:46:44,1940.809334,0.914594,0.843327,0.958906,0.881458,231,6,825
2026/02/04/00:46:45,1941.809425,0.912344,0.840751,0.950344,0.854622,230,4,826
2026/02/04/00:46:46,1942.809520,0.912344,0.840751,0.950344,0.854622,230,4,826
2026/02/04/00:46:47,1943.809627,0.904844,0.818323,0.930344,0.822621,225,2,833
2026/02/04/00:46:48,1944.809724,0.904844,0.818323,0.930344,0.822621,225,2,833
2026/02/04/00:46:49,1945.809811,0.899312,0.806542,0.924813,0.810840,222,2,836
2026/02/04/00:46:50,1946.809964,0.888031,0.798228,0.913531,0.802526,218,2,840
2026/02/04/00:46:51,1947.810043,0.904312,0.807301,0.946781,0.816308,220,4,841
2026/02/04/00:46:52,1948.810135,0.904312,0.807301,0.946781,0.816308,220,4,841
2026/02/04/00:46:53,1949.810197,0.904312,0.807301,0.946781,0.816308,220,4,841
2026/02/04/00:46:54,1950.810334,0.900125,0.800150,0.942594,0.809157,219,4,842
2026/02/04/00:46:55,1951.810430,0.898000,0.797548,0.940469,0.806555,218,4,843
2026/02/04/00:46:56,1952.810521,0.898000,0.797548,0.940469,0.806555,218,4,843
2026/02/04/00:46:57,1953.810675,0.898000,0.797548,0.940469,0.806555,218,4,843
2026/02/04/00:46:58,1954.810770,0.898000,0.797548,0.940469,0.806555,218,4,843
2026/02/04/00:46:59,1955.810863,0.895906,0.791322,0.938375,0.800329,217,4,844
2026/02/04/00:47:00,1956.810925,0.899219,0.795588,0.941688,0.804595,219,4,844
2026/02/04/00:47:01,1957.811043,0.899219,0.795588,0.941688,0.804595,219,4,844
2026/02/04/00:47:02,1958.811127,0.899219,0.795588,0.941688,0.804595,219,4,844
2026/02/04/00:47:03,1959.811225,0.905469,0.799918,0.947937,0.808925,221,4,845
2026/02/04/00:47:04,1960.811339,0.903219,0.802941,0.945688,0.811948,220,4,847
2026/02/04/00:47:05,1961.811428,0.896062,0.798654,0.938531,0.807660,221,4,849
2026/02/04/00:47:06,1962.811525,0.891312,0.792420,0.923875,0.799141,220,3,851
2026/02/04/00:47:07,1963.811632,0.891312,0.792420,0.923875,0.799141,220,3,851
2026/02/04/00:47:08,1964.811723,0.906438,0.806322,0.939000,0.813043,225,3,851
2026/02/04/00:47:09,1965.811855,0.927156,0.825176,0.959719,0.831897,231,3,851
2026/02/04/00:47:10,1966.811931,0.921813,0.819890,0.954375,0.826611,228,3,854
2026/02/04/00:47:11,1967.812061,0.906969,0.797769,0.939531,0.804490,223,3,859
2026/02/04/00:47:12,1968.812116,0.906969,0.797769,0.939531,0.804490,223,3,859
2026/02/04/00:47:13,1969.812258,0.906969,0.797769,0.939531,0.804490,223,3,859
2026/02/04/00:47:14,1970.812398,0.906969,0.797769,0.939531,0.804490,223,3,859
2026/02/04/00:47:15,1971.812484,0.893844,0.791911,0.926406,0.798631,220,3,862
2026/02/04/00:47:16,1972.812579,0.890719,0.783229,0.923281,0.789950,219,3,863
2026/02/04/00:47:17,1973.812690,0.890719,0.783229,0.923281,0.789950,219,3,863
2026/02/04/00:47:18,1974.812794,0.890719,0.783229,0.923281,0.789950,219,3,863
2026/02/04/00:47:19,1975.812897,0.890719,0.783229,0.923281,0.789950,219,3,863
2026/02/04/00:47:20,1976.813021,0.890719,0.783229,0.923281,0.789950,219,3,863
2026/02/04/00:47:21,1977.813124,0.890719,0.783229,0.923281,0.789950,219,3,863
2026/02/04/00:47:22,1978.813198,0.890719,0.783229,0.923281,0.789950,219,3,863
2026/02/04/00:47:23,1979.813354,0.898844,0.783119,0.921500,0.787554,219,2,864
2026/02/04/00:47:24,1980.813490,0.898844,0.783119,0.921500,0.787554,219,2,864
2026/02/04/00:47:25,1981.813573,0.898844,0.783119,0.921500,0.787554,219,2,864
2026/02/04/00:47:26,1982.813624,0.898844,0.783119,0.921500,0.787554,219,2,864
2026/02/04/00:47:27,1983.813733,0.898844,0.783119,0.921500,0.787554,219,2,864
2026/02/04/00:47:28,1984.813907,0.898844,0.783119,0.921500,0.787554,219,2,864
2026/02/04/00:47:29,1985.814049,0.898844,0.783119,0.921500,0.787554,219,2,864
2026/02/04/00:47:30,1986.814195,0.898844,0.783119,0.921500,0.787554,219,2,864
2026/02/04/00:47:31,1987.814315,0.898844,0.783119,0.921500,0.787554,219,2,864
2026/02/04/00:47:32,1988.814446,0.893687,0.776570,0.916344,0.781004,216,2,867
2026/02/04/00:47:33,1989.814553,0.893687,0.776570,0.916344,0.781004,216,2,867
2026/02/04/00:47:34,1990.814651,0.882719,0.771073,0.905375,0.775508,213,2,870
2026/02/04/00:47:35,1991.814809,0.882719,0.771073,0.905375,0.775508,213,2,870
2026/02/04/00:47:36,1992.814901,0.882719,0.771073,0.905375,0.775508,213,2,870
2026/02/04/00:47:37,1993.815007,0.882719,0.771073,0.905375,0.775508,213,2,870
2026/02/04/00:47:38,1994.815106,0.882719,0.771073,0.905375,0.775508,213,2,870
2026/02/04/00:47:39,1995.815248,0.879031,0.766146,0.901687,0.770581,211,2,872
2026/02/04/00:47:40,1996.815363,0.879031,0.766146,0.901687,0.770581,211,2,872
2026/02/04/00:47:41,1997.815448,0.879031,0.766146,0.901687,0.770581,211,2,872
2026/02/04/00:47:42,1998.815563,0.879031,0.766146,0.901687,0.770581,211,2,872
2026/02/04/00:47:43,1999.815655,0.884375,0.772804,0.907031,0.777239,213,2,872
2026/02/04/00:47:44,2000.815803,0.897188,0.783767,0.919844,0.788202,217,2,872
2026/02/04/00:47:45,2001.815959,0.897188,0.783767,0.919844,0.788202,217,2,872
2026/02/04/00:47:46,2002.816053,0.891844,0.777110,0.914500,0.781544,215,2,874
2026/02/04/00:47:47,2003.816152,0.891844,0.777110,0.914500,0.781544,215,2,874
2026/02/04/00:47:48,2004.816298,0.891844,0.777110,0.914500,0.781544,215,2,874
2026/02/04/00:47:49,2005.816361,0.891844,0.777110,0.914500,0.781544,215,2,874
2026/02/04/00:47:50,2006.816446,0.891844,0.777110,0.914500,0.781544,215,2,874
2026/02/04/00:47:51,2007.816553,0.891844,0.777110,0.914500,0.781544,215,2,874
2026/02/04/00:47:52,2008.816642,0.891844,0.777110,0.914500,0.781544,215,2,874
2026/02/04/00:47:53,2009.816727,0.891844,0.777110,0.914500,0.781544,215,2,874
2026/02/04/00:47:54,2010.816890,0.891844,0.777110,0.914500,0.781544,215,2,874
2026/02/04/00:47:55,2011.817042,0.891844,0.777110,0.914500,0.781544,215,2,874
2026/02/04/00:47:56,2012.817133,0.891844,0.777110,0.914500,0.781544,215,2,874
2026/02/04/00:47:57,2013.817199,0.881281,0.764662,0.903937,0.769096,211,2,878
2026/02/04/00:47:58,2014.817320,0.881281,0.764662,0.903937,0.769096,211,2,878
2026/02/04/00:47:59,2015.817410,0.881281,0.764662,0.903937,0.769096,211,2,878
2026/02/04/00:48:00,2016.817502,0.881281,0.764662,0.903937,0.769096,211,2,878
2026/02/04/00:48:01,2017.817597,0.881281,0.764662,0.903937,0.769096,211,2,878
2026/02/04/00:48:02,2018.817703,0.881281,0.764662,0.903937,0.769096,211,2,878
2026/02/04/00:48:03,2019.817789,0.881281,0.764662,0.903937,0.769096,211,2,878
2026/02/04/00:48:04,2020.817894,0.881281,0.764662,0.903937,0.769096,211,2,878
2026/02/04/00:48:05,2021.817968,0.878437,0.764799,0.878437,0.764799,211,0,879
2026/02/04/00:48:06,2022.818027,0.878437,0.764799,0.878437,0.764799,211,0,879
2026/02/04/00:48:07,2023.818145,0.878437,0.764799,0.878437,0.764799,211,0,879
2026/02/04/00:48:08,2024.818229,0.878437,0.764799,0.878437,0.764799,211,0,879
2026/02/04/00:48:09,2025.818331,0.878437,0.764799,0.878437,0.764799,211,0,879
2026/02/04/00:48:10,2026.818444,0.878437,0.764799,0.878437,0.764799,211,0,879
2026/02/04/00:48:11,2027.818528,0.878437,0.764799,0.878437,0.764799,211,0,879
2026/02/04/00:48:12,2028.818634,0.878437,0.764799,0.878437,0.764799,211,0,879
2026/02/04/00:48:13,2029.818777,0.878437,0.764799,0.878437,0.764799,211,0,879
2026/02/04/00:48:14,2030.818883,0.878437,0.764799,0.878437,0.764799,211,0,879
2026/02/04/00:48:15,2031.818977,0.878437,0.764799,0.878437,0.764799,211,0,879
2026/02/04/00:48:16,2032.819099,0.897844,0.783343,0.897844,0.783343,216,0,879
2026/02/04/00:48:17,2033.819238,0.902281,0.794086,0.902281,0.794086,217,0,879
2026/02/04/00:48:18,2034.819335,0.900500,0.792160,0.900500,0.792160,216,0,880
2026/02/04/00:48:19,2035.819498,0.900500,0.792160,0.900500,0.792160,216,0,880
2026/02/04/00:48:20,2036.819592,0.900500,0.792160,0.900500,0.792160,216,0,880
2026/02/04/00:48:21,2037.819686,0.900500,0.792160,0.900500,0.792160,216,0,880
2026/02/04/00:48:22,2038.819780,0.900500,0.792160,0.900500,0.792160,216,0,880
2026/02/04/00:48:23,2039.819867,0.900500,0.792160,0.900500,0.792160,216,0,880
2026/02/04/00:48:24,2040.820035,0.900500,0.792160,0.900500,0.792160,216,0,880
2026/02/04/00:48:25,2041.820113,0.900500,0.792160,0.900500,0.792160,216,0,880
2026/02/04/00:48:26,2042.820220,0.889062,0.779592,0.889062,0.779592,213,0,883
2026/02/04/00:48:27,2043.820396,0.882875,0.775543,0.882875,0.775543,212,0,884
2026/02/04/00:48:28,2044.820426,0.882875,0.775543,0.882875,0.775543,212,0,884
2026/02/04/00:48:29,2045.820517,0.882875,0.775543,0.882875,0.775543,212,0,884
2026/02/04/00:48:30,2046.820626,0.882875,0.775543,0.882875,0.775543,212,0,884
2026/02/04/00:48:31,2047.820693,0.879875,0.771986,0.879875,0.771986,211,0,885
2026/02/04/00:48:32,2048.820791,0.879875,0.771986,0.879875,0.771986,211,0,885
2026/02/04/00:48:33,2049.820952,0.879875,0.771986,0.879875,0.771986,211,0,885
2026/02/04/00:48:34,2050.821096,0.879875,0.771986,0.879875,0.771986,211,0,885
2026/02/04/00:48:35,2051.821250,0.879875,0.771986,0.879875,0.771986,211,0,885
2026/02/04/00:48:36,2052.821347,0.879875,0.771986,0.879875,0.771986,211,0,885
2026/02/04/00:48:37,2053.821438,0.879875,0.771986,0.879875,0.771986,211,0,885
2026/02/04/00:48:38,2054.821546,0.879875,0.771986,0.879875,0.771986,211,0,885
2026/02/04/00:48:39,2055.821647,0.879875,0.771986,0.879875,0.771986,211,0,885
2026/02/04/00:48:40,2056.821745,0.879875,0.771986,0.879875,0.771986,211,0,885
2026/02/04/00:48:41,2057.821839,0.879875,0.771986,0.879875,0.771986,211,0,885
2026/02/04/00:48:42,2058.821954,0.879875,0.771986,0.879875,0.771986,211,0,885
2026/02/04/00:48:43,2059.822065,0.879875,0.771986,0.879875,0.771986,211,0,885
2026/02/04/00:48:44,2060.822141,0.879875,0.771986,0.879875,0.771986,211,0,885
2026/02/04/00:48:45,2061.822239,0.873594,0.755445,0.873594,0.755445,209,0,887
2026/02/04/00:48:46,2062.822356,0.873594,0.755445,0.873594,0.755445,209,0,887
2026/02/04/00:48:47,2063.822440,0.873594,0.755445,0.873594,0.755445,209,0,887
2026/02/04/00:48:48,2064.822527,0.873594,0.755445,0.873594,0.755445,209,0,887
2026/02/04/00:48:49,2065.822608,0.873594,0.755445,0.873594,0.755445,209,0,887
2026/02/04/00:48:50,2066.822715,0.873594,0.755445,0.873594,0.755445,209,0,887
2026/02/04/00:48:51,2067.822772,0.873594,0.755445,0.873594,0.755445,209,0,887
2026/02/04/00:48:52,2068.822858,0.873594,0.755445,0.873594,0.755445,209,0,887
2026/02/04/00:48:53,2069.822924,0.873594,0.755445,0.873594,0.755445,209,0,887
2026/02/04/00:48:54,2070.823045,0.873594,0.755445,0.873594,0.755445,209,0,887
2026/02/04/00:48:55,2071.823138,0.873594,0.755445,0.873594,0.755445,209,0,887
2026/02/04/00:48:56,2072.823222,0.873594,0.755445,0.873594,0.755445,209,0,887
2026/02/04/00:48:57,2073.823315,0.873594,0.755445,0.873594,0.755445,209,0,887
2026/02/04/00:48:58,2074.823490,0.873594,0.755445,0.873594,0.755445,209,0,887
2026/02/04/00:48:59,2075.823556,0.866156,0.751945,0.866156,0.751945,207,0,889
2026/02/04/00:49:00,2076.823659,0.866156,0.751945,0.866156,0.751945,207,0,889
2026/02/04/00:49:01,2077.823726,0.866156,0.751945,0.866156,0.751945,207,0,889
2026/02/04/00:49:02,2078.823836,0.866156,0.751945,0.866156,0.751945,207,0,889
2026/02/04/00:49:03,2079.823919,0.866156,0.751945,0.866156,0.751945,207,0,889
2026/02/04/00:49:04,2080.824013,0.866156,0.751945,0.866156,0.751945,207,0,889
2026/02/04/00:49:05,2081.824104,0.866156,0.751945,0.866156,0.751945,207,0,889
2026/02/04/00:49:06,2082.824201,0.866156,0.751945,0.866156,0.751945,207,0,889
2026/02/04/00:49:07,2083.824311,0.866156,0.751945,0.866156,0.751945,207,0,889
2026/02/04/00:49:08,2084.824421,0.866156,0.751945,0.866156,0.751945,207,0,889
2026/02/04/00:49:09,2085.824514,0.866156,0.751945,0.866156,0.751945,207,0,889
2026/02/04/00:49:10,2086.824609,0.878719,0.773027,0.918937,0.784258,211,4,889
2026/02/04/00:49:11,2087.824715,0.885844,0.782105,0.947781,0.796277,214,6,889
2026/02/04/00:49:12,2088.824810,0.879125,0.780395,0.941063,0.794567,213,6,890
2026/02/04/00:49:13,2089.824877,0.879125,0.780395,0.941063,0.794567,213,6,890
2026/02/04/00:49:14,2090.824985,0.879125,0.780395,0.916687,0.788016,213,3,890
2026/02/04/00:49:15,2091.825081,0.879125,0.780395,0.889750,0.782173,213,1,890
2026/02/04/00:49:16,2092.825237,0.879125,0.780395,0.889750,0.782173,213,1,890
2026/02/04/00:49:17,2093.825349,0.879125,0.780395,0.889750,0.782173,213,1,890
2026/02/04/00:49:18,2094.825451,0.879125,0.780395,0.889750,0.782173,213,1,890
2026/02/04/00:49:19,2095.825536,0.875188,0.774145,0.885813,0.775922,211,1,892
2026/02/04/00:49:20,2096.825654,0.873375,0.772287,0.884000,0.774064,210,1,893
2026/02/04/00:49:21,2097.825758,0.873375,0.772287,0.884000,0.774064,210,1,893
2026/02/04/00:49:22,2098.825844,0.873375,0.772287,0.884000,0.774064,210,1,893
2026/02/04/00:49:23,2099.825961,0.891875,0.797082,0.917750,0.803300,214,3,893
2026/02/04/00:49:24,2100.826039,0.923438,0.852185,0.949313,0.858403,224,3,893
2026/02/04/00:49:25,2101.826127,0.929937,0.839356,0.973969,0.849336,225,5,895
2026/02/04/00:49:26,2102.826216,0.929937,0.839356,0.973969,0.849336,225,5,895
2026/02/04/00:49:27,2103.826459,0.926906,0.830805,0.951031,0.834779,223,2,898
2026/02/04/00:49:28,2104.826521,0.926906,0.830805,0.937531,0.832582,223,1,898
2026/02/04/00:49:29,2105.826638,0.912656,0.826327,0.923281,0.828105,221,1,900
2026/02/04/00:49:30,2106.826729,0.919625,0.823226,0.951625,0.830750,224,3,904
2026/02/04/00:49:31,2107.826825,0.919625,0.823226,0.951625,0.830750,224,3,904
2026/02/04/00:49:32,2108.826930,0.910312,0.820097,0.942312,0.827622,222,3,906
2026/02/04/00:49:33,2109.827019,0.903469,0.797604,0.935469,0.805129,218,3,910
2026/02/04/00:49:34,2110.827112,0.882406,0.776538,0.914406,0.784062,212,3,916
2026/02/04/00:49:35,2111.827213,0.882406,0.776538,0.914406,0.784062,212,3,916
2026/02/04/00:49:36,2112.827320,0.882406,0.776538,0.893031,0.778315,212,1,916
2026/02/04/00:49:37,2113.827402,0.882406,0.776538,0.893031,0.778315,212,1,916
2026/02/04/00:49:38,2114.827605,0.882406,0.776538,0.893031,0.778315,212,1,916
2026/02/04/00:49:39,2115.827694,0.882406,0.776538,0.893031,0.778315,212,1,916
2026/02/04/00:49:40,2116.827793,0.882406,0.776538,0.893031,0.778315,212,1,916
2026/02/04/00:49:41,2117.827884,0.877719,0.774505,0.888344,0.776283,211,1,917
2026/02/04/00:49:42,2118.828001,0.877719,0.774505,0.888344,0.776283,211,1,917
2026/02/04/00:49:43,2119.828120,0.877719,0.774505,0.888344,0.776283,211,1,917
2026/02/04/00:49:44,2120.828197,0.877719,0.774505,0.877719,0.774505,211,0,917
2026/02/04/00:49:45,2121.828316,0.877719,0.774505,0.877719,0.774505,211,0,917
2026/02/04/00:49:46,2122.828390,0.877719,0.774505,0.877719,0.774505,211,0,917
2026/02/04/00:49:47,2123.828478,0.877719,0.774505,0.877719,0.774505,211,0,917
2026/02/04/00:49:48,2124.828558,0.883250,0.804431,0.883250,0.804431,214,0,917
2026/02/04/00:49:49,2125.828654,0.890062,0.810776,0.890062,0.810776,217,0,917
2026/02/04/00:49:50,2126.828748,0.899375,0.819215,0.899375,0.819215,221,0,917
2026/02/04/00:49:51,2127.828850,0.899375,0.819215,0.899375,0.819215,221,0,917
2026/02/04/00:49:52,2128.828954,0.899375,0.819215,0.899375,0.819215,221,0,917
2026/02/04/00:49:53,2129.829062,0.899375,0.819215,0.899375,0.819215,221,0,917
2026/02/04/00:49:54,2130.829142,0.899375,0.819215,0.899375,0.819215,221,0,917
2026/02/04/00:49:55,2131.829225,0.899375,0.819215,0.899375,0.819215,221,0,917
2026/02/04/00:49:56,2132.829327,0.899375,0.819215,0.899375,0.819215,221,0,917
2026/02/04/00:49:57,2133.829432,0.899375,0.819215,0.899375,0.819215,221,0,917
2026/02/04/00:49:58,2134.829527,0.885906,0.783141,0.885906,0.783141,215,0,923
2026/02/04/00:49:59,2135.829619,0.885906,0.783141,0.885906,0.783141,215,0,923
2026/02/04/00:50:00,2136.829719,0.885906,0.783141,0.885906,0.783141,215,0,923
2026/02/04/00:50:01,2137.829810,0.885906,0.783141,0.885906,0.783141,215,0,923
2026/02/04/00:50:02,2138.829892,0.885906,0.783141,0.885906,0.783141,215,0,923
2026/02/04/00:50:03,2139.830000,0.885906,0.783141,0.885906,0.783141,215,0,923
2026/02/04/00:50:04,2140.830086,0.885906,0.783141,0.885906,0.783141,215,0,923
2026/02/04/00:50:05,2141.830205,0.885906,0.783141,0.885906,0.783141,215,0,923
2026/02/04/00:50:06,2142.830334,0.885906,0.783141,0.885906,0.783141,215,0,923
2026/02/04/00:50:07,2143.830349,0.885906,0.783141,0.885906,0.783141,215,0,923
2026/02/04/00:50:08,2144.830446,0.885906,0.783141,0.885906,0.783141,215,0,923
2026/02/04/00:50:09,2145.830562,0.885906,0.783141,0.885906,0.783141,215,0,923
2026/02/04/00:50:10,2146.830640,0.885906,0.783141,0.885906,0.783141,215,0,923
2026/02/04/00:50:11,2147.830720,0.885906,0.783141,0.885906,0.783141,215,0,923
2026/02/04/00:50:12,2148.830808,0.885906,0.783141,0.885906,0.783141,215,0,923
2026/02/04/00:50:13,2149.830910,0.885906,0.783141,0.885906,0.783141,215,0,923
2026/02/04/00:50:14,2150.830998,0.885906,0.783141,0.885906,0.783141,215,0,923
2026/02/04/00:50:15,2151.831099,0.885906,0.783141,0.885906,0.783141,215,0,923
2026/02/04/00:50:16,2152.831209,0.885906,0.783141,0.885906,0.783141,215,0,923
2026/02/04/00:50:17,2153.831360,0.885906,0.783141,0.885906,0.783141,215,0,923
2026/02/04/00:50:18,2154.831516,0.885906,0.783141,0.885906,0.783141,215,0,923
2026/02/04/00:50:19,2155.831582,0.885906,0.783141,0.885906,0.783141,215,0,923
2026/02/04/00:50:20,2156.831710,0.885906,0.783141,0.885906,0.783141,215,0,923
2026/02/04/00:50:21,2157.831796,0.885906,0.783141,0.885906,0.783141,215,0,923
2026/02/04/00:50:22,2158.831887,0.885906,0.783141,0.885906,0.783141,215,0,923
2026/02/04/00:50:23,2159.831979,0.885906,0.783141,0.885906,0.783141,215,0,923
2026/02/04/00:50:24,2160.832158,0.885906,0.783141,0.885906,0.783141,215,0,923
2026/02/04/00:50:25,2161.832158,0.885906,0.783141,0.885906,0.783141,215,0,923
2026/02/04/00:50:26,2162.832286,0.885906,0.783141,0.885906,0.783141,215,0,923
2026/02/04/00:50:27,2163.832377,0.885906,0.783141,0.885906,0.783141,215,0,923
2026/02/04/00:50:28,2164.832533,0.888656,0.785405,0.909656,0.788724,216,2,923
2026/02/04/00:50:29,2165.832614,0.888656,0.785405,0.909656,0.788724,216,2,923
2026/02/04/00:50:30,2166.832705,0.888656,0.785405,0.909656,0.788724,216,2,923
2026/02/04/00:50:31,2167.832800,0.883344,0.778186,0.904344,0.781505,214,2,925
2026/02/04/00:50:32,2168.832901,0.883344,0.778186,0.904344,0.781505,214,2,925
2026/02/04/00:50:33,2169.832967,0.883344,0.778186,0.904344,0.781505,214,2,925
2026/02/04/00:50:34,2170.833084,0.891781,0.784870,0.912781,0.788189,217,2,925
2026/02/04/00:50:35,2171.833211,0.889031,0.782606,0.910031,0.785925,216,2,926
2026/02/04/00:50:36,2172.833338,0.891344,0.784891,0.957187,0.808044,217,7,926
2026/02/04/00:50:37,2173.833354,0.891344,0.784891,0.957187,0.808044,217,7,926
2026/02/04/00:50:38,2174.833435,0.888281,0.781782,0.954125,0.804935,216,7,927
2026/02/04/00:50:39,2175.833560,0.879406,0.773293,0.929375,0.785182,212,5,931
2026/02/04/00:50:40,2176.833694,0.879406,0.773293,0.929375,0.785182,212,5,931
2026/02/04/00:50:41,2177.833816,0.879406,0.773293,0.929375,0.785182,212,5,931
2026/02/04/00:50:42,2178.833873,0.879406,0.773293,0.929375,0.785182,212,5,931
2026/02/04/00:50:43,2179.833976,0.877812,0.771634,0.927781,0.783523,211,5,932
2026/02/04/00:50:44,2180.834090,0.877812,0.771634,0.927781,0.783523,211,5,932
2026/02/04/00:50:45,2181.834168,0.874687,0.767155,0.903656,0.775725,209,3,934
2026/02/04/00:50:46,2182.834278,0.874687,0.767155,0.903656,0.775725,209,3,934
2026/02/04/00:50:47,2183.834343,0.874687,0.767155,0.903656,0.775725,209,3,934
2026/02/04/00:50:48,2184.834432,0.874687,0.767155,0.903656,0.775725,209,3,934
2026/02/04/00:50:49,2185.834530,0.874687,0.767155,0.903656,0.775725,209,3,934
2026/02/04/00:50:50,2186.834631,0.874687,0.767155,0.903656,0.775725,209,3,934
2026/02/04/00:50:51,2187.834701,0.874687,0.767155,0.874687,0.767155,209,0,934
2026/02/04/00:50:52,2188.834803,0.874687,0.767155,0.874687,0.767155,209,0,934
2026/02/04/00:50:53,2189.834920,0.899719,0.790413,0.899719,0.790413,218,0,935
2026/02/04/00:50:54,2190.835005,0.899719,0.790413,0.899719,0.790413,218,0,935
2026/02/04/00:50:55,2191.835111,0.899719,0.790413,0.899719,0.790413,218,0,935
2026/02/04/00:50:56,2192.835207,0.899719,0.790413,0.899719,0.790413,218,0,935
2026/02/04/00:50:57,2193.835318,0.894656,0.785500,0.894656,0.785500,215,0,938
2026/02/04/00:50:58,2194.835414,0.894656,0.785500,0.894656,0.785500,215,0,938
2026/02/04/00:50:59,2195.835483,0.896781,0.787278,0.898531,0.797775,216,1,938
2026/02/04/00:51:00,2196.835557,0.898531,0.797775,0.898531,0.797775,217,0,938
2026/02/04/00:51:01,2197.835656,0.889094,0.794120,0.889094,0.794120,215,0,940
2026/02/04/00:51:02,2198.835744,0.887344,0.788938,0.887344,0.788938,214,0,941
2026/02/04/00:51:03,2199.835835,0.887344,0.788938,0.887344,0.788938,214,0,941
2026/02/04/00:51:04,2200.835927,0.885219,0.787159,0.885219,0.787159,213,0,942
2026/02/04/00:51:05,2201.836014,0.885219,0.787159,0.885219,0.787159,213,0,942
2026/02/04/00:51:06,2202.836105,0.877969,0.780072,0.877969,0.780072,211,0,944
2026/02/04/00:51:07,2203.836184,0.877969,0.780072,0.877969,0.780072,211,0,944
2026/02/04/00:51:08,2204.836410,0.877969,0.780072,0.877969,0.780072,211,0,944
2026/02/04/00:51:09,2205.836447,0.877969,0.780072,0.877969,0.780072,211,0,944
2026/02/04/00:51:10,2206.836548,0.877969,0.780072,0.877969,0.780072,211,0,944
2026/02/04/00:51:11,2207.836630,0.903563,0.806620,0.919500,0.822640,217,2,944
2026/02/04/00:51:12,2208.836722,0.913844,0.827914,0.953531,0.848186,221,4,944
2026/02/04/00:51:13,2209.836818,0.908563,0.824009,0.948250,0.844280,221,4,947
2026/02/04/00:51:14,2210.836904,0.906031,0.814086,0.945719,0.834358,220,4,948
2026/02/04/00:51:15,2211.836992,0.903281,0.797196,0.942969,0.817467,218,4,951
2026/02/04/00:51:16,2212.837093,0.903281,0.797196,0.942969,0.817467,218,4,951
2026/02/04/00:51:17,2213.837185,0.903281,0.797196,0.919219,0.813215,218,2,951
2026/02/04/00:51:18,2214.837306,0.912969,0.818639,0.934562,0.836339,223,3,951
2026/02/04/00:51:19,2215.837348,0.910813,0.816223,0.943187,0.835652,222,4,952
2026/02/04/00:51:20,2216.837422,0.910500,0.814046,0.921281,0.815775,221,1,954
2026/02/04/00:51:21,2217.837503,0.904844,0.812367,0.915625,0.814095,220,1,955
2026/02/04/00:51:22,2218.837603,0.900500,0.810148,0.911281,0.811876,219,1,956
2026/02/04/00:51:23,2219.837697,0.900500,0.810148,0.911281,0.811876,219,1,956
2026/02/04/00:51:24,2220.837828,0.902531,0.815901,0.913312,0.817630,220,1,956
2026/02/04/00:51:25,2221.837948,0.906250,0.824321,0.943937,0.837411,222,4,956
2026/02/04/00:51:26,2222.838015,0.906250,0.824321,0.943937,0.837411,222,4,956
2026/02/04/00:51:27,2223.838105,0.906250,0.824321,0.943937,0.837411,222,4,956
2026/02/04/00:51:28,2224.838251,0.906281,0.809991,0.974531,0.843590,219,6,960
2026/02/04/00:51:29,2225.838341,0.906281,0.809991,0.974531,0.843590,219,6,960
2026/02/04/00:51:30,2226.838436,0.906281,0.809991,0.906281,0.809991,219,0,960
2026/02/04/00:51:31,2227.838544,0.902125,0.798112,0.902125,0.798112,217,0,962
2026/02/04/00:51:32,2228.838708,0.900312,0.805023,0.916000,0.820867,218,3,963
2026/02/04/00:51:33,2229.838796,0.900312,0.805023,0.916000,0.820867,218,3,963
2026/02/04/00:51:34,2230.838877,0.898000,0.802738,0.908813,0.814887,217,2,964
2026/02/04/00:51:35,2231.838961,0.898531,0.799746,0.903937,0.805821,216,1,966
2026/02/04/00:51:36,2232.839050,0.898531,0.799746,0.903937,0.805821,216,1,966
2026/02/04/00:51:37,2233.839172,0.898531,0.799746,0.903937,0.805821,216,1,966
2026/02/04/00:51:38,2234.839287,0.899500,0.801636,0.899500,0.801636,216,0,967
2026/02/04/00:51:39,2235.839350,0.899500,0.801636,0.899500,0.801636,216,0,967
2026/02/04/00:51:40,2236.839437,0.899500,0.801636,0.899500,0.801636,216,0,967
2026/02/04/00:51:41,2237.839533,0.899500,0.801636,0.899500,0.801636,216,0,967
2026/02/04/00:51:42,2238.839670,0.899500,0.801636,0.899500,0.801636,216,0,967
2026/02/04/00:51:43,2239.839758,0.899500,0.801636,0.899500,0.801636,216,0,967
2026/02/04/00:51:44,2240.839849,0.899500,0.801636,0.899500,0.801636,216,0,967
2026/02/04/00:51:45,2241.839953,0.899500,0.801636,0.899500,0.801636,216,0,967
2026/02/04/00:51:46,2242.840042,0.899500,0.801636,0.899500,0.801636,216,0,967
2026/02/04/00:51:47,2243.840193,0.899500,0.801636,0.899500,0.801636,216,0,967
2026/02/04/00:51:48,2244.840349,0.899500,0.801636,0.899500,0.801636,216,0,967
2026/02/04/00:51:49,2245.840343,0.899500,0.801636,0.899500,0.801636,216,0,967
2026/02/04/00:51:50,2246.840441,0.899500,0.801636,0.899500,0.801636,216,0,967
2026/02/04/00:51:51,2247.840536,0.899500,0.801636,0.899500,0.801636,216,0,967
2026/02/04/00:51:52,2248.840602,0.896625,0.799789,0.896625,0.799789,215,0,968
2026/02/04/00:51:53,2249.840700,0.896625,0.799789,0.896625,0.799789,215,0,968
2026/02/04/00:51:54,2250.840800,0.896625,0.799789,0.896625,0.799789,215,0,968
2026/02/04/00:51:55,2251.840895,0.896625,0.799789,0.896625,0.799789,215,0,968
2026/02/04/00:51:56,2252.840977,0.896625,0.799789,0.896625,0.799789,215,0,968
2026/02/04/00:51:57,2253.841075,0.896625,0.799789,0.896625,0.799789,215,0,968
2026/02/04/00:51:58,2254.841178,0.896625,0.799789,0.896625,0.799789,215,0,968
2026/02/04/00:51:59,2255.841280,0.896625,0.799789,0.896625,0.799789,215,0,968
2026/02/04/00:52:00,2256.841421,0.896625,0.799789,0.896625,0.799789,215,0,968
2026/02/04/00:52:01,2257.841484,0.896625,0.799789,0.896625,0.799789,215,0,968
2026/02/04/00:52:02,2258.841608,0.896625,0.799789,0.896625,0.799789,215,0,968
2026/02/04/00:52:03,2259.841697,0.896625,0.799789,0.896625,0.799789,215,0,968
2026/02/04/00:52:04,2260.841771,0.896625,0.799789,0.896625,0.799789,215,0,968
2026/02/04/00:52:05,2261.841888,0.896625,0.799789,0.896625,0.799789,215,0,968
2026/02/04/00:52:06,2262.841980,0.900687,0.804220,0.907687,0.813047,217,1,968
2026/02/04/00:52:07,2263.842065,0.900687,0.804220,0.907687,0.813047,217,1,968
2026/02/04/00:52:08,2264.842156,0.896625,0.799789,0.903625,0.808616,215,1,970
2026/02/04/00:52:09,2265.842249,0.896625,0.799789,0.903625,0.808616,215,1,970
2026/02/04/00:52:10,2266.842396,0.896625,0.799789,0.903625,0.808616,215,1,970
2026/02/04/00:52:11,2267.842564,0.896625,0.799789,0.903625,0.808616,215,1,970
2026/02/04/00:52:12,2268.842670,0.896625,0.799789,0.903625,0.808616,215,1,970
2026/02/04/00:52:13,2269.842808,0.896625,0.799789,0.903625,0.808616,215,1,970
2026/02/04/00:52:14,2270.842886,0.896625,0.799789,0.903625,0.808616,215,1,970
2026/02/04/00:52:15,2271.843007,0.896625,0.799789,0.903625,0.808616,215,1,970
2026/02/04/00:52:16,2272.843124,0.896625,0.799789,0.903625,0.808616,215,1,970
2026/02/04/00:52:17,2273.843195,0.885813,0.787639,0.892813,0.796467,213,1,972
2026/02/04/00:52:18,2274.843307,0.885813,0.787639,0.892813,0.796467,213,1,972
2026/02/04/00:52:19,2275.843312,0.885813,0.787639,0.892813,0.796467,213,1,972
2026/02/04/00:52:20,2276.843380,0.885813,0.787639,0.892813,0.796467,213,1,972
2026/02/04/00:52:21,2277.843479,0.885813,0.787639,0.892813,0.796467,213,1,972
2026/02/04/00:52:22,2278.843569,0.885813,0.787639,0.892813,0.796467,213,1,972
2026/02/04/00:52:23,2279.843728,0.885813,0.787639,0.892813,0.796467,213,1,972
2026/02/04/00:52:24,2280.843838,0.885813,0.787639,0.892813,0.796467,213,1,972
2026/02/04/00:52:25,2281.843930,0.885813,0.787639,0.892813,0.796467,213,1,972
2026/02/04/00:52:26,2282.844083,0.885813,0.787639,0.892813,0.796467,213,1,972
2026/02/04/00:52:27,2283.844137,0.885813,0.787639,0.892813,0.796467,213,1,972
2026/02/04/00:52:28,2284.844341,0.880062,0.789800,0.880062,0.789800,211,0,975
2026/02/04/00:52:29,2285.844479,0.880062,0.789800,0.880062,0.789800,211,0,975
2026/02/04/00:52:30,2286.844639,0.878000,0.784257,0.878000,0.784257,210,0,976
2026/02/04/00:52:31,2287.844757,0.878000,0.784257,0.878000,0.784257,210,0,976
2026/02/04/00:52:32,2288.844834,0.878000,0.784257,0.878000,0.784257,210,0,976
2026/02/04/00:52:33,2289.844945,0.878000,0.784257,0.878000,0.784257,210,0,976
2026/02/04/00:52:34,2290.845031,0.878000,0.784257,0.878000,0.784257,210,0,976
2026/02/04/00:52:35,2291.845133,0.878000,0.784257,0.878000,0.784257,210,0,976
2026/02/04/00:52:36,2292.845204,0.878000,0.784257,0.878000,0.784257,210,0,976
2026/02/04/00:52:37,2293.845310,0.878000,0.784257,0.878000,0.784257,210,0,976
2026/02/04/00:52:38,2294.845406,0.878000,0.784257,0.878000,0.784257,210,0,976
2026/02/04/00:52:39,2295.845569,0.878000,0.784257,0.878000,0.784257,210,0,976
2026/02/04/00:52:40,2296.845665,0.878000,0.784257,0.878000,0.784257,210,0,976
2026/02/04/00:52:41,2297.845742,0.878000,0.784257,0.878000,0.784257,210,0,976
2026/02/04/00:52:42,2298.845894,0.878000,0.784257,0.878000,0.784257,210,0,976
2026/02/04/00:52:43,2299.845998,0.878000,0.784257,0.878000,0.784257,210,0,976
2026/02/04/00:52:44,2300.846096,0.878000,0.784257,0.878000,0.784257,210,0,976
2026/02/04/00:52:45,2301.846248,0.878000,0.784257,0.878000,0.784257,210,0,976
2026/02/04/00:52:46,2302.846331,0.878000,0.784257,0.878000,0.784257,210,0,976
2026/02/04/00:52:47,2303.846424,0.878000,0.784257,0.878000,0.784257,210,0,976
2026/02/04/00:52:48,2304.846579,0.878000,0.784257,0.878000,0.784257,210,0,976
2026/02/04/00:52:49,2305.846677,0.878000,0.784257,0.878000,0.784257,210,0,976
2026/02/04/00:52:50,2306.846758,0.878000,0.784257,0.878000,0.784257,210,0,976
2026/02/04/00:52:51,2307.846878,0.878000,0.784257,0.878000,0.784257,210,0,976
2026/02/04/00:52:52,2308.846955,0.878000,0.784257,0.878000,0.784257,210,0,976
2026/02/04/00:52:53,2309.847045,0.878000,0.784257,0.878000,0.784257,210,0,976
2026/02/04/00:52:54,2310.847136,0.878000,0.784257,0.878000,0.784257,210,0,976
2026/02/04/00:52:55,2311.847234,0.878000,0.784257,0.878000,0.784257,210,0,976
2026/02/04/00:52:56,2312.847343,0.878000,0.784257,0.878000,0.784257,210,0,976
2026/02/04/00:52:57,2313.847422,0.878000,0.784257,0.878000,0.784257,210,0,976
2026/02/04/00:52:58,2314.847533,0.878000,0.784257,0.878000,0.784257,210,0,976
2026/02/04/00:52:59,2315.847679,0.878000,0.784257,0.878000,0.784257,210,0,976
2026/02/04/00:53:00,2316.847776,0.875437,0.782548,0.875437,0.782548,209,0,977
2026/02/04/00:53:01,2317.847930,0.875437,0.782548,0.875437,0.782548,209,0,977
2026/02/04/00:53:02,2318.848014,0.875437,0.782548,0.875437,0.782548,209,0,977
2026/02/04/00:53:03,2319.848122,0.875437,0.782548,0.875437,0.782548,209,0,977
2026/02/04/00:53:04,2320.848205,0.875437,0.782548,0.875437,0.782548,209,0,977
2026/02/04/00:53:05,2321.848335,0.875437,0.782548,0.875437,0.782548,209,0,977
2026/02/04/00:53:06,2322.848508,0.875437,0.782548,0.875437,0.782548,209,0,977
2026/02/04/00:53:07,2323.848608,0.873875,0.779984,0.873875,0.779984,208,0,978
2026/02/04/00:53:08,2324.848715,0.880719,0.789870,0.891719,0.791444,211,1,978
2026/02/04/00:53:09,2325.848786,0.880719,0.789870,0.891719,0.791444,211,1,978
2026/02/04/00:53:10,2326.848875,0.880719,0.789870,0.891719,0.791444,211,1,978
2026/02/04/00:53:11,2327.849011,0.880719,0.789870,0.891719,0.791444,211,1,978
2026/02/04/00:53:12,2328.849103,0.880719,0.789870,0.880719,0.789870,211,0,978
2026/02/04/00:53:13,2329.849189,0.873875,0.779984,0.873875,0.779984,208,0,981
2026/02/04/00:53:14,2330.849278,0.853000,0.765614,0.853000,0.765614,204,0,985
2026/02/04/00:53:15,2331.849338,0.853000,0.765614,0.853000,0.765614,204,0,985
2026/02/04/00:53:16,2332.849430,0.851094,0.752492,0.851094,0.752492,203,0,986
2026/02/04/00:53:17,2333.849523,0.851094,0.752492,0.851094,0.752492,203,0,986
2026/02/04/00:53:18,2334.849606,0.851094,0.752492,0.851094,0.752492,203,0,986
2026/02/04/00:53:19,2335.849760,0.851094,0.752492,0.851094,0.752492,203,0,986
2026/02/04/00:53:20,2336.849852,0.848125,0.748517,0.848125,0.748517,202,0,987
2026/02/04/00:53:21,2337.849922,0.848125,0.748517,0.848125,0.748517,202,0,987
2026/02/04/00:53:22,2338.850016,0.848125,0.748517,0.848125,0.748517,202,0,987
2026/02/04/00:53:23,2339.850149,0.848125,0.748517,0.848125,0.748517,202,0,987
2026/02/04/00:53:24,2340.850244,0.848125,0.748517,0.848125,0.748517,202,0,987
2026/02/04/00:53:25,2341.850352,0.848125,0.748517,0.848125,0.748517,202,0,987
2026/02/04/00:53:26,2342.850462,0.848125,0.748517,0.848125,0.748517,202,0,987
2026/02/04/00:53:27,2343.850548,0.848125,0.748517,0.848125,0.748517,202,0,987
2026/02/04/00:53:28,2344.850698,0.848125,0.748517,0.848125,0.748517,202,0,987
2026/02/04/00:53:29,2345.850845,0.848125,0.748517,0.848125,0.748517,202,0,987
2026/02/04/00:53:30,2346.851015,0.848125,0.748517,0.848125,0.748517,202,0,987
2026/02/04/00:53:31,2347.851113,0.846313,0.746768,0.846313,0.746768,201,0,988
2026/02/04/00:53:32,2348.851206,0.846313,0.746768,0.846313,0.746768,201,0,988
2026/02/04/00:53:33,2349.851316,0.846313,0.746768,0.846313,0.746768,201,0,988
2026/02/04/00:53:34,2350.851346,0.846313,0.746768,0.846313,0.746768,201,0,988
2026/02/04/00:53:35,2351.851440,0.846313,0.746768,0.846313,0.746768,201,0,988
2026/02/04/00:53:36,2352.851596,0.846313,0.746768,0.846313,0.746768,201,0,988
2026/02/04/00:53:37,2353.851694,0.846313,0.746768,0.846313,0.746768,201,0,988
2026/02/04/00:53:38,2354.851763,0.846313,0.746768,0.846313,0.746768,201,0,988
2026/02/04/00:53:39,2355.851861,0.846313,0.746768,0.846313,0.746768,201,0,988
2026/02/04/00:53:40,2356.851955,0.846313,0.746768,0.846313,0.746768,201,0,988
2026/02/04/00:53:41,2357.852107,0.846313,0.746768,0.846313,0.746768,201,0,988
2026/02/04/00:53:42,2358.852294,0.846313,0.746768,0.846313,0.746768,201,0,988
2026/02/04/00:53:43,2359.852329,0.846313,0.746768,0.846313,0.746768,201,0,988
2026/02/04/00:53:44,2360.852489,0.846313,0.746768,0.846313,0.746768,201,0,988
2026/02/04/00:53:45,2361.852578,0.846313,0.746768,0.846313,0.746768,201,0,988
2026/02/04/00:53:46,2362.852697,0.846313,0.746768,0.846313,0.746768,201,0,988
2026/02/04/00:53:47,2363.852844,0.846313,0.746768,0.846313,0.746768,201,0,988
2026/02/04/00:53:48,2364.853054,0.846313,0.746768,0.846313,0.746768,201,0,988
2026/02/04/00:53:49,2365.853208,0.846313,0.746768,0.846313,0.746768,201,0,988
2026/02/04/00:53:50,2366.853240,0.846313,0.746768,0.846313,0.746768,201,0,988
2026/02/04/00:53:51,2367.853351,0.846313,0.746768,0.846313,0.746768,201,0,988
2026/02/04/00:53:52,2368.853447,0.846313,0.746768,0.846313,0.746768,201,0,988
2026/02/04/00:53:53,2369.853540,0.846313,0.746768,0.846313,0.746768,201,0,988
2026/02/04/00:53:54,2370.853630,0.846313,0.746768,0.846313,0.746768,201,0,988
2026/02/04/00:53:55,2371.853724,0.846313,0.746768,0.846313,0.746768,201,0,988
2026/02/04/00:53:56,2372.853871,0.846313,0.746768,0.846313,0.746768,201,0,988
2026/02/04/00:53:57,2373.853966,0.846313,0.746768,0.846313,0.746768,201,0,988
2026/02/04/00:53:58,2374.854112,0.877500,0.787739,0.894563,0.803218,210,2,988
2026/02/04/00:53:59,2375.854219,0.877500,0.787739,0.894563,0.803218,210,2,988
2026/02/04/00:54:00,2376.854331,0.877500,0.787739,0.894563,0.803218,210,2,988
2026/02/04/00:54:01,2377.854428,0.877500,0.787739,0.894563,0.803218,210,2,988
2026/02/04/00:54:02,2378.854527,0.871875,0.780953,0.888938,0.796432,209,2,989
2026/02/04/00:54:03,2379.854670,0.868375,0.773517,0.885437,0.788996,207,2,991
2026/02/04/00:54:04,2380.854745,0.866469,0.771454,0.883531,0.786933,206,2,992
2026/02/04/00:54:05,2381.854911,0.866469,0.771454,0.883531,0.786933,206,2,992
2026/02/04/00:54:06,2382.855007,0.866469,0.771454,0.883531,0.786933,206,2,992
2026/02/04/00:54:07,2383.855114,0.866469,0.771454,0.883531,0.786933,206,2,992
2026/02/04/00:54:08,2384.855162,0.866469,0.771454,0.883531,0.786933,206,2,992
2026/02/04/00:54:09,2385.855298,0.866469,0.771454,0.883531,0.786933,206,2,992
2026/02/04/00:54:10,2386.855386,0.866469,0.771454,0.883531,0.786933,206,2,992
2026/02/04/00:54:11,2387.855494,0.866469,0.771454,0.883531,0.786933,206,2,992
2026/02/04/00:54:12,2388.855565,0.866469,0.771454,0.883531,0.786933,206,2,992
2026/02/04/00:54:13,2389.855729,0.866469,0.771454,0.883531,0.786933,206,2,992
2026/02/04/00:54:14,2390.855821,0.866469,0.771454,0.883531,0.786933,206,2,992
2026/02/04/00:54:15,2391.855912,0.866469,0.771454,0.883531,0.786933,206,2,992
2026/02/04/00:54:16,2392.855982,0.866469,0.771454,0.883531,0.786933,206,2,992
2026/02/04/00:54:17,2393.856079,0.866469,0.771454,0.883531,0.786933,206,2,992
2026/02/04/00:54:18,2394.856229,0.866469,0.771454,0.883531,0.786933,206,2,992
2026/02/04/00:54:19,2395.856293,0.866469,0.771454,0.883531,0.786933,206,2,992
2026/02/04/00:54:20,2396.856381,0.866469,0.771454,0.883531,0.786933,206,2,992
2026/02/04/00:54:21,2397.856480,0.866469,0.771454,0.883531,0.786933,206,2,992
2026/02/04/00:54:22,2398.856569,0.866469,0.771454,0.883531,0.786933,206,2,992
2026/02/04/00:54:23,2399.856691,0.866469,0.771454,0.883531,0.786933,206,2,992
2026/02/04/00:54:24,2400.856749,0.853812,0.780075,0.853812,0.780075,205,0,995
2026/02/04/00:54:25,2401.856817,0.853812,0.780075,0.853812,0.780075,205,0,995
2026/02/04/00:54:26,2402.856912,0.853812,0.780075,0.853812,0.780075,205,0,995
2026/02/04/00:54:27,2403.856986,0.853812,0.780075,0.853812,0.780075,205,0,995
2026/02/04/00:54:28,2404.857096,0.853812,0.780075,0.853812,0.780075,205,0,995
2026/02/04/00:54:29,2405.857221,0.853812,0.780075,0.853812,0.780075,205,0,995
2026/02/04/00:54:30,2406.857310,0.856719,0.782228,0.856719,0.782228,206,0,995
2026/02/04/00:54:31,2407.857345,0.873313,0.802025,0.887844,0.807312,213,1,995
2026/02/04/00:54:32,2408.857426,0.876875,0.807637,0.891406,0.812924,214,1,995
2026/02/04/00:54:33,2409.857518,0.869719,0.802001,0.884250,0.807289,211,1,998
2026/02/04/00:54:34,2410.857606,0.869719,0.802001,0.884250,0.807289,211,1,998
2026/02/04/00:54:35,2411.857702,0.860938,0.791299,0.875469,0.796587,207,1,1002
2026/02/04/00:54:36,2412.857800,0.860938,0.791299,0.875469,0.796587,207,1,1002
2026/02/04/00:54:37,2413.857943,0.860938,0.791299,0.875469,0.796587,207,1,1002
2026/02/04/00:54:38,2414.858038,0.860938,0.791299,0.875469,0.796587,207,1,1002
2026/02/04/00:54:39,2415.858195,0.860938,0.791299,0.875469,0.796587,207,1,1002
2026/02/04/00:54:40,2416.858357,0.860938,0.791299,0.875469,0.796587,207,1,1002
2026/02/04/00:54:41,2417.858454,0.860938,0.791299,0.875469,0.796587,207,1,1002
2026/02/04/00:54:42,2418.858549,0.860938,0.791299,0.875469,0.796587,207,1,1002
2026/02/04/00:54:43,2419.858646,0.860938,0.791299,0.875469,0.796587,207,1,1002
2026/02/04/00:54:44,2420.858737,0.860938,0.791299,0.875469,0.796587,207,1,1002
2026/02/04/00:54:45,2421.858864,0.860938,0.791299,0.875469,0.796587,207,1,1002
2026/02/04/00:54:46,2422.858923,0.860938,0.791299,0.875469,0.796587,207,1,1002
2026/02/04/00:54:47,2423.859003,0.860938,0.791299,0.875469,0.796587,207,1,1002
2026/02/04/00:54:48,2424.859104,0.860938,0.791299,0.875469,0.796587,207,1,1002
2026/02/04/00:54:49,2425.859201,0.860938,0.791299,0.875469,0.796587,207,1,1002
2026/02/04/00:54:50,2426.859329,0.860938,0.791299,0.875469,0.796587,207,1,1002
2026/02/04/00:54:51,2427.859419,0.860938,0.791299,0.875469,0.796587,207,1,1002
2026/02/04/00:54:52,2428.859554,0.860938,0.791299,0.875469,0.796587,207,1,1002
2026/02/04/00:54:53,2429.859708,0.860938,0.791299,0.875469,0.796587,207,1,1002
2026/02/04/00:54:54,2430.859814,0.860938,0.791299,0.875469,0.796587,207,1,1002
2026/02/04/00:54:55,2431.859961,0.860938,0.791299,0.875469,0.796587,207,1,1002
2026/02/04/00:54:56,2432.860032,0.860938,0.791299,0.875469,0.796587,207,1,1002
2026/02/04/00:54:57,2433.860106,0.860938,0.791299,0.875469,0.796587,207,1,1002
2026/02/04/00:54:58,2434.860214,0.860938,0.791299,0.875469,0.796587,207,1,1002
2026/02/04/00:54:59,2435.860359,0.859187,0.780802,0.873719,0.786090,206,1,1003
2026/02/04/00:55:00,2436.860456,0.859187,0.780802,0.873719,0.786090,206,1,1003
2026/02/04/00:55:01,2437.860606,0.859187,0.780802,0.873719,0.786090,206,1,1003
2026/02/04/00:55:02,2438.860783,0.859187,0.780802,0.873719,0.786090,206,1,1003
2026/02/04/00:55:03,2439.860890,0.859187,0.780802,0.873719,0.786090,206,1,1003
2026/02/04/00:55:04,2440.860969,0.859187,0.780802,0.873719,0.786090,206,1,1003
2026/02/04/00:55:05,2441.861129,0.859187,0.780802,0.873719,0.786090,206,1,1003
2026/02/04/00:55:06,2442.861210,0.859187,0.780802,0.873719,0.786090,206,1,1003
2026/02/04/00:55:07,2443.861332,0.859187,0.780802,0.873719,0.786090,206,1,1003
2026/02/04/00:55:08,2444.861435,0.859187,0.780802,0.873719,0.786090,206,1,1003
2026/02/04/00:55:09,2445.861578,0.859187,0.780802,0.873719,0.786090,206,1,1003
2026/02/04/00:55:10,2446.861732,0.859187,0.780802,0.873719,0.786090,206,1,1003
2026/02/04/00:55:11,2447.861819,0.859187,0.780802,0.873719,0.786090,206,1,1003
2026/02/04/00:55:12,2448.861936,0.859187,0.780802,0.873719,0.786090,206,1,1003
2026/02/04/00:55:13,2449.862085,0.859187,0.780802,0.873719,0.786090,206,1,1003
2026/02/04/00:55:14,2450.862120,0.859187,0.780802,0.873719,0.786090,206,1,1003
2026/02/04/00:55:15,2451.862192,0.859187,0.780802,0.873719,0.786090,206,1,1003
2026/02/04/00:55:16,2452.862346,0.859187,0.780802,0.873719,0.786090,206,1,1003
2026/02/04/00:55:17,2453.862440,0.859187,0.780802,0.873719,0.786090,206,1,1003
2026/02/04/00:55:18,2454.862529,0.859187,0.780802,0.873719,0.786090,206,1,1003
2026/02/04/00:55:19,2455.862622,0.859187,0.780802,0.873719,0.786090,206,1,1003
2026/02/04/00:55:20,2456.862686,0.859187,0.780802,0.873719,0.786090,206,1,1003
2026/02/04/00:55:21,2457.862788,0.896781,0.838201,0.928594,0.867699,215,4,1003
2026/02/04/00:55:22,2458.862868,0.905312,0.860265,0.943438,0.934083,219,7,1003
2026/02/04/00:55:23,2459.862940,0.897813,0.868022,0.926281,0.938617,222,6,1005
2026/02/04/00:55:24,2460.863042,0.907469,0.896357,0.934250,0.951335,227,5,1005
2026/02/04/00:55:25,2461.863184,0.901156,0.875616,0.917375,0.896522,224,2,1008
2026/02/04/00:55:26,2462.863322,0.896594,0.867767,0.912813,0.888673,222,2,1010
2026/02/04/00:55:27,2463.863451,0.896594,0.867767,0.912813,0.888673,222,2,1010
2026/02/04/00:55:28,2464.863523,0.894906,0.865682,0.911125,0.886587,221,2,1011
2026/02/04/00:55:29,2465.863673,0.888437,0.853982,0.904656,0.874888,217,2,1015
2026/02/04/00:55:30,2466.863744,0.902781,0.881689,0.919000,0.902595,222,2,1015
2026/02/04/00:55:31,2467.863907,0.906844,0.885300,0.927531,0.919391,224,3,1015
2026/02/04/00:55:32,2468.864008,0.908656,0.887913,0.929344,0.922005,225,3,1015
2026/02/04/00:55:33,2469.864106,0.908656,0.887913,0.929344,0.922005,225,3,1015
2026/02/04/00:55:34,2470.864172,0.906906,0.877392,0.927594,0.911483,224,3,1016
2026/02/04/00:55:35,2471.864286,0.906906,0.877392,0.927594,0.911483,224,3,1016
2026/02/04/00:55:36,2472.864359,0.906906,0.877392,0.927594,0.911483,224,3,1016
2026/02/04/00:55:37,2473.864445,0.906906,0.877392,0.927594,0.911483,224,3,1016
2026/02/04/00:55:38,2474.864558,0.895906,0.871414,0.916594,0.905505,222,3,1018
2026/02/04/00:55:39,2475.864655,0.895906,0.871414,0.912125,0.892319,222,2,1018
2026/02/04/00:55:40,2476.864802,0.895906,0.871414,0.912125,0.892319,222,2,1018
2026/02/04/00:55:41,2477.864899,0.895906,0.871414,0.912125,0.892319,222,2,1018
2026/02/04/00:55:42,2478.865055,0.887875,0.865317,0.904094,0.886223,219,2,1021
2026/02/04/00:55:43,2479.865202,0.887875,0.865317,0.904094,0.886223,219,2,1021
2026/02/04/00:55:44,2480.865311,0.894625,0.871100,0.937562,0.921522,221,5,1021
2026/02/04/00:55:45,2481.865339,0.901094,0.876183,0.944031,0.926604,224,5,1021
2026/02/04/00:55:46,2482.865428,0.897062,0.873559,0.940000,0.923981,223,5,1022
2026/02/04/00:55:47,2483.865520,0.890094,0.863076,0.906312,0.883982,221,2,1024
2026/02/04/00:55:48,2484.865615,0.888437,0.861189,0.904656,0.882095,220,2,1025
2026/02/04/00:55:49,2485.865782,0.883625,0.857993,0.899844,0.878899,218,2,1027
2026/02/04/00:55:50,2486.865863,0.883625,0.857993,0.899844,0.878899,218,2,1027
2026/02/04/00:55:51,2487.865957,0.883625,0.857993,0.899844,0.878899,218,2,1027
2026/02/04/00:55:52,2488.866121,0.883625,0.857993,0.899844,0.878899,218,2,1027
2026/02/04/00:55:53,2489.866161,0.883625,0.857993,0.899844,0.878899,218,2,1027
2026/02/04/00:55:54,2490.866306,0.879000,0.854084,0.895219,0.874989,216,2,1029
2026/02/04/00:55:55,2491.866345,0.879000,0.854084,0.895219,0.874989,216,2,1029
2026/02/04/00:55:56,2492.866502,0.879000,0.854084,0.895219,0.874989,216,2,1029
2026/02/04/00:55:57,2493.866580,0.888469,0.855688,0.904687,0.876594,217,2,1029
2026/02/04/00:55:58,2494.866675,0.899844,0.882230,0.920094,0.904809,221,3,1029
2026/02/04/00:55:59,2495.866758,0.898438,0.881782,0.914656,0.902687,221,2,1030
2026/02/04/00:56:00,2496.866851,0.898438,0.881782,0.914656,0.902687,221,2,1030
2026/02/04/00:56:01,2497.866936,0.898438,0.881782,0.914656,0.902687,221,2,1030
2026/02/04/00:56:02,2498.867047,0.896719,0.879983,0.912937,0.900889,220,2,1031
2026/02/04/00:56:03,2499.867135,0.896719,0.879983,0.912937,0.900889,220,2,1031
2026/02/04/00:56:04,2500.867225,0.896719,0.879983,0.912937,0.900889,220,2,1031
2026/02/04/00:56:05,2501.867386,0.896719,0.879983,0.912937,0.900889,220,2,1031
2026/02/04/00:56:06,2502.867539,0.887062,0.855240,0.903281,0.876145,217,2,1034
2026/02/04/00:56:07,2503.867618,0.887062,0.855240,0.903281,0.876145,217,2,1034
2026/02/04/00:56:08,2504.867773,0.887062,0.855240,0.903281,0.876145,217,2,1034
2026/02/04/00:56:09,2505.867860,0.887062,0.855240,0.903281,0.876145,217,2,1034
2026/02/04/00:56:10,2506.867954,0.887062,0.855240,0.903281,0.876145,217,2,1034
2026/02/04/00:56:11,2507.868063,0.883687,0.824004,0.898219,0.829292,215,1,1036
2026/02/04/00:56:12,2508.868153,0.883687,0.824004,0.898219,0.829292,215,1,1036
2026/02/04/00:56:13,2509.868259,0.883687,0.824004,0.898219,0.829292,215,1,1036
2026/02/04/00:56:14,2510.868326,0.883687,0.824004,0.898219,0.829292,215,1,1036
2026/02/04/00:56:15,2511.868478,0.901969,0.828780,0.927312,0.836442,218,2,1036
2026/02/04/00:56:16,2512.868571,0.901969,0.828780,0.927312,0.836442,218,2,1036
2026/02/04/00:56:17,2513.868720,0.901969,0.828780,0.927312,0.836442,218,2,1036
2026/02/04/00:56:18,2514.868831,0.901969,0.828780,0.927312,0.836442,218,2,1036
2026/02/04/00:56:19,2515.868897,0.896125,0.825117,0.921469,0.832778,217,2,1037
2026/02/04/00:56:20,2516.868995,0.896125,0.825117,0.921469,0.832778,217,2,1037
2026/02/04/00:56:21,2517.877635,0.877844,0.820341,0.903188,0.828002,214,2,1040
2026/02/04/00:56:22,2518.877791,0.877844,0.820341,0.903188,0.828002,214,2,1040
2026/02/04/00:56:23,2519.877889,0.871563,0.809733,0.896906,0.817394,211,2,1043
2026/02/04/00:56:24,2520.877988,0.871563,0.809733,0.896906,0.817394,211,2,1043
2026/02/04/00:56:25,2521.878134,0.871563,0.809733,0.896906,0.817394,211,2,1043
2026/02/04/00:56:26,2522.878230,0.871563,0.809733,0.896906,0.817394,211,2,1043
2026/02/04/00:56:27,2523.878366,0.871563,0.809733,0.896906,0.817394,211,2,1043
2026/02/04/00:56:28,2524.878473,0.871563,0.809733,0.896906,0.817394,211,2,1043
2026/02/04/00:56:29,2525.878544,0.871563,0.809733,0.896906,0.817394,211,2,1043
2026/02/04/00:56:30,2526.878770,0.871563,0.809733,0.896906,0.817394,211,2,1043
2026/02/04/00:56:31,2527.878783,0.871563,0.809733,0.896906,0.817394,211,2,1043
2026/02/04/00:56:32,2528.878882,0.871563,0.809733,0.896906,0.817394,211,2,1043
2026/02/04/00:56:33,2529.878994,0.871563,0.809733,0.896906,0.817394,211,2,1043
2026/02/04/00:56:34,2530.879074,0.871563,0.809733,0.896906,0.817394,211,2,1043
2026/02/04/00:56:35,2531.879165,0.871563,0.809733,0.896906,0.817394,211,2,1043
2026/02/04/00:56:36,2532.879263,0.871563,0.809733,0.896906,0.817394,211,2,1043
2026/02/04/00:56:37,2533.879365,0.871563,0.809733,0.896906,0.817394,211,2,1043
2026/02/04/00:56:38,2534.879457,0.871563,0.809733,0.896906,0.817394,211,2,1043
2026/02/04/00:56:39,2535.879552,0.869750,0.807119,0.884281,0.812407,210,1,1044
2026/02/04/00:56:40,2536.879625,0.894188,0.826568,0.919531,0.837150,218,2,1044
2026/02/04/00:56:41,2537.879719,0.897375,0.833586,0.952063,0.859632,220,6,1044
2026/02/04/00:56:42,2538.879884,0.907656,0.852857,0.962344,0.878902,224,6,1044
2026/02/04/00:56:43,2539.879977,0.901000,0.846118,0.955688,0.872164,221,6,1047
2026/02/04/00:56:44,2540.880128,0.901000,0.846118,0.955688,0.872164,221,6,1047
2026/02/04/00:56:45,2541.880220,0.900406,0.835308,0.950906,0.854486,219,5,1050
2026/02/04/00:56:46,2542.880369,0.900406,0.835308,0.950906,0.854486,219,5,1050
2026/02/04/00:56:47,2543.880462,0.900406,0.835308,0.932594,0.849072,219,3,1050
2026/02/04/00:56:48,2544.880552,0.900406,0.835308,0.932594,0.849072,219,3,1050
2026/02/04/00:56:49,2545.880640,0.900406,0.835308,0.932594,0.849072,219,3,1050
2026/02/04/00:56:50,2546.880730,0.900406,0.835308,0.932594,0.849072,219,3,1050
2026/02/04/00:56:51,2547.880883,0.900406,0.835308,0.932594,0.849072,219,3,1050
2026/02/04/00:56:52,2548.881032,0.900406,0.835308,0.932594,0.849072,219,3,1050
2026/02/04/00:56:53,2549.881136,0.900406,0.835308,0.921781,0.843778,219,2,1050
2026/02/04/00:56:54,2550.881220,0.902719,0.836770,0.917250,0.842057,219,1,1051
2026/02/04/00:56:55,2551.881326,0.902719,0.836770,0.917250,0.842057,219,1,1051
2026/02/04/00:56:56,2552.881428,0.902719,0.836770,0.917250,0.842057,219,1,1051
2026/02/04/00:56:57,2553.881526,0.902719,0.836770,0.917250,0.842057,219,1,1051
2026/02/04/00:56:58,2554.881609,0.902719,0.836770,0.917250,0.842057,219,1,1051
2026/02/04/00:56:59,2555.881719,0.902719,0.836770,0.917250,0.842057,219,1,1051
2026/02/04/00:57:00,2556.881835,0.902719,0.836770,0.917250,0.842057,219,1,1051
2026/02/04/00:57:01,2557.881989,0.902719,0.836770,0.917250,0.842057,219,1,1051
2026/02/04/00:57:02,2558.882074,0.902719,0.836770,0.917250,0.842057,219,1,1051
2026/02/04/00:57:03,2559.882171,0.902719,0.836770,0.917250,0.842057,219,1,1051
2026/02/04/00:57:04,2560.882344,0.902719,0.836770,0.917250,0.842057,219,1,1051
2026/02/04/00:57:05,2561.882436,0.902719,0.836770,0.917250,0.842057,219,1,1051
2026/02/04/00:57:06,2562.882534,0.902719,0.836770,0.917250,0.842057,219,1,1051
2026/02/04/00:57:07,2563.882681,0.902719,0.836770,0.917250,0.842057,219,1,1051
2026/02/04/00:57:08,2564.882771,0.899031,0.815128,0.913563,0.820416,217,1,1053
2026/02/04/00:57:09,2565.882854,0.899031,0.815128,0.913563,0.820416,217,1,1053
2026/02/04/00:57:10,2566.883007,0.899031,0.815128,0.913563,0.820416,217,1,1053
2026/02/04/00:57:11,2567.883170,0.894844,0.808260,0.909375,0.813547,216,1,1054
2026/02/04/00:57:12,2568.883390,0.894844,0.808260,0.909375,0.813547,216,1,1054
2026/02/04/00:57:13,2569.883408,0.894844,0.808260,0.909375,0.813547,216,1,1054
2026/02/04/00:57:14,2570.883584,0.894844,0.808260,0.909375,0.813547,216,1,1054
2026/02/04/00:57:15,2571.883647,0.894844,0.808260,0.909375,0.813547,216,1,1054
2026/02/04/00:57:16,2572.883747,0.894844,0.808260,0.909375,0.813547,216,1,1054
2026/02/04/00:57:17,2573.883829,0.889312,0.803532,0.903844,0.808820,213,1,1057
2026/02/04/00:57:18,2574.884002,0.889312,0.803532,0.903844,0.808820,213,1,1057
2026/02/04/00:57:19,2575.884095,0.889312,0.803532,0.903844,0.808820,213,1,1057
2026/02/04/00:57:20,2576.884196,0.889312,0.803532,0.903844,0.808820,213,1,1057
2026/02/04/00:57:21,2577.884292,0.889312,0.803532,0.903844,0.808820,213,1,1057
2026/02/04/00:57:22,2578.884335,0.889312,0.803532,0.903844,0.808820,213,1,1057
2026/02/04/00:57:23,2579.884435,0.889312,0.803532,0.903844,0.808820,213,1,1057
2026/02/04/00:57:24,2580.884536,0.889312,0.803532,0.903844,0.808820,213,1,1057
2026/02/04/00:57:25,2581.884642,0.889312,0.803532,0.903844,0.808820,213,1,1057
2026/02/04/00:57:26,2582.884732,0.889312,0.803532,0.903844,0.808820,213,1,1057
2026/02/04/00:57:27,2583.884839,0.889312,0.803532,0.903844,0.808820,213,1,1057
2026/02/04/00:57:28,2584.884908,0.889312,0.803532,0.903844,0.808820,213,1,1057
2026/02/04/00:57:29,2585.885011,0.889312,0.803532,0.903844,0.808820,213,1,1057
2026/02/04/00:57:30,2586.885115,0.889312,0.803532,0.903844,0.808820,213,1,1057
2026/02/04/00:57:31,2587.885285,0.889312,0.803532,0.903844,0.808820,213,1,1057
2026/02/04/00:57:32,2588.885351,0.889312,0.803532,0.903844,0.808820,213,1,1057
2026/02/04/00:57:33,2589.885423,0.894469,0.810040,0.909000,0.815328,216,1,1057
2026/02/04/00:57:34,2590.885529,0.894469,0.810040,0.909000,0.815328,216,1,1057
2026/02/04/00:57:35,2591.885592,0.894469,0.810040,0.932125,0.837403,216,5,1057
2026/02/04/00:57:36,2592.885698,0.894469,0.810040,0.932125,0.837403,216,5,1057
2026/02/04/00:57:37,2593.885789,0.897594,0.816031,0.935250,0.843394,218,5,1057
2026/02/04/00:57:38,2594.885875,0.905750,0.819753,0.926250,0.829636,220,2,1057
2026/02/04/00:57:39,2595.885939,0.902625,0.813763,0.917156,0.819050,218,1,1059
2026/02/04/00:57:40,2596.886045,0.902625,0.813763,0.917156,0.819050,218,1,1059
2026/02/04/00:57:41,2597.886129,0.904875,0.820149,0.919406,0.825436,219,1,1059
2026/02/04/00:57:42,2598.886227,0.904875,0.820149,0.919406,0.825436,219,1,1059
2026/02/04/00:57:43,2599.886340,0.899000,0.818404,0.913531,0.823692,218,1,1060
2026/02/04/00:57:44,2600.886444,0.899000,0.818404,0.913531,0.823692,218,1,1060
2026/02/04/00:57:45,2601.886537,0.899000,0.818404,0.913531,0.823692,218,1,1060
2026/02/04/00:57:46,2602.886629,0.899000,0.818404,0.913531,0.823692,218,1,1060
2026/02/04/00:57:47,2603.886740,0.899000,0.818404,0.913531,0.823692,218,1,1060
2026/02/04/00:57:48,2604.886827,0.915500,0.867222,0.934750,0.877328,226,2,1060
2026/02/04/00:57:49,2605.886920,0.917344,0.868887,0.936594,0.878994,227,2,1060
2026/02/04/00:57:50,2606.887009,0.917344,0.868887,0.936594,0.878994,227,2,1060
2026/02/04/00:57:51,2607.887099,0.919813,0.867320,0.934344,0.872607,227,1,1061
2026/02/04/00:57:52,2608.887209,0.915094,0.862500,0.929625,0.867788,226,1,1062
2026/02/04/00:57:53,2609.887321,0.911406,0.859170,0.925937,0.864458,224,1,1064
2026/02/04/00:57:54,2610.887413,0.909062,0.856192,0.923594,0.861480,223,1,1065
2026/02/04/00:57:55,2611.887500,0.909062,0.856192,0.923594,0.861480,223,1,1065
2026/02/04/00:57:56,2612.887597,0.909062,0.856192,0.923594,0.861480,223,1,1065
2026/02/04/00:57:57,2613.887748,0.909062,0.856192,0.923594,0.861480,223,1,1065
2026/02/04/00:57:58,2614.887856,0.909062,0.856192,0.923594,0.861480,223,1,1065
2026/02/04/00:57:59,2615.887944,0.909062,0.856192,0.923594,0.861480,223,1,1065
2026/02/04/00:58:00,2616.888092,0.909062,0.856192,0.923594,0.861480,223,1,1065
2026/02/04/00:58:01,2617.888183,0.909062,0.856192,0.923594,0.861480,223,1,1065
2026/02/04/00:58:02,2618.888254,0.909062,0.856192,0.923594,0.861480,223,1,1065
2026/02/04/00:58:03,2619.888351,0.909062,0.856192,0.923594,0.861480,223,1,1065
2026/02/04/00:58:04,2620.888477,0.909062,0.856192,0.923594,0.861480,223,1,1065
2026/02/04/00:58:05,2621.888600,0.909062,0.856192,0.923594,0.861480,223,1,1065
2026/02/04/00:58:06,2622.888664,0.909062,0.856192,0.923594,0.861480,223,1,1065
2026/02/04/00:58:07,2623.888757,0.909062,0.856192,0.923594,0.861480,223,1,1065
2026/02/04/00:58:08,2624.888842,0.909062,0.856192,0.923594,0.861480,223,1,1065
2026/02/04/00:58:09,2625.889360,0.909062,0.856192,0.923594,0.861480,223,1,1065
2026/02/04/00:58:12,2628.520048,0.909062,0.856192,0.923594,0.861480,223,1,1065
2026/02/04/00:58:13,2629.891045,0.909062,0.856192,0.923594,0.861480,223,1,1065
2026/02/04/00:58:15,2631.536464,0.909062,0.856192,0.923594,0.861480,223,1,1065
2026/02/04/00:58:16,2632.536616,0.920281,0.854683,0.920281,0.854683,222,0,1069
2026/02/04/00:58:17,2633.536685,0.920281,0.854683,0.920281,0.854683,222,0,1069
2026/02/04/00:58:18,2634.536831,0.920281,0.854683,0.920281,0.854683,222,0,1069
2026/02/04/00:58:19,2635.536881,0.920281,0.854683,0.920281,0.854683,222,0,1069
2026/02/04/00:58:20,2636.536965,0.920281,0.854683,0.920281,0.854683,222,0,1069
2026/02/04/00:58:21,2637.537056,0.918031,0.849312,0.918031,0.849312,221,0,1070
2026/02/04/00:58:22,2638.537204,0.918031,0.849312,0.918031,0.849312,221,0,1070
2026/02/04/00:58:23,2639.537243,0.918031,0.849312,0.918031,0.849312,221,0,1070
2026/02/04/00:58:24,2640.537381,0.918031,0.849312,0.918031,0.849312,221,0,1070
2026/02/04/00:58:25,2641.537469,0.918031,0.849312,0.918031,0.849312,221,0,1070
2026/02/04/00:58:26,2642.537555,0.918031,0.849312,0.918031,0.849312,221,0,1070
2026/02/04/00:58:27,2643.537639,0.918031,0.849312,0.918031,0.849312,221,0,1070
2026/02/04/00:58:28,2644.537820,0.918031,0.849312,0.918031,0.849312,221,0,1070
2026/02/04/00:58:29,2645.537907,0.918031,0.849312,0.918031,0.849312,221,0,1070
2026/02/04/00:58:30,2646.537999,0.918031,0.849312,0.918031,0.849312,221,0,1070
2026/02/04/00:58:31,2647.538069,0.918031,0.849312,0.918031,0.849312,221,0,1070
2026/02/04/00:58:32,2648.538155,0.918031,0.849312,0.918031,0.849312,221,0,1070
2026/02/04/00:58:33,2649.538263,0.920969,0.851234,0.920969,0.851234,222,0,1070
2026/02/04/00:58:34,2650.538343,0.924594,0.861476,0.949719,0.871741,224,2,1070
2026/02/04/00:58:35,2651.538404,0.924594,0.861476,0.949719,0.871741,224,2,1070
2026/02/04/00:58:36,2652.538502,0.922594,0.856582,0.947719,0.866847,223,2,1071
2026/02/04/00:58:37,2653.538599,0.920312,0.854604,0.945438,0.864869,222,2,1072
2026/02/04/00:58:38,2654.538670,0.920312,0.854604,0.945438,0.864869,222,2,1072
2026/02/04/00:58:39,2655.538753,0.920312,0.854604,0.945438,0.864869,222,2,1072
2026/02/04/00:58:40,2656.538847,0.920312,0.854604,0.945438,0.864869,222,2,1072
2026/02/04/00:58:41,2657.538937,0.920312,0.854604,0.945438,0.864869,222,2,1072
2026/02/04/00:58:42,2658.539017,0.920312,0.854604,0.945438,0.864869,222,2,1072
2026/02/04/00:58:43,2659.539104,0.920312,0.854604,0.945438,0.864869,222,2,1072
2026/02/04/00:58:44,2660.539198,0.920312,0.854604,0.945438,0.864869,222,2,1072
2026/02/04/00:58:45,2661.539312,0.920312,0.854604,0.945438,0.864869,222,2,1072
2026/02/04/00:58:46,2662.539372,0.920312,0.854604,0.945438,0.864869,222,2,1072
2026/02/04/00:58:47,2663.539465,0.920312,0.854604,0.945438,0.864869,222,2,1072
2026/02/04/00:58:48,2664.539555,0.920312,0.854604,0.945438,0.864869,222,2,1072
2026/02/04/00:58:49,2665.539655,0.920312,0.854604,0.945438,0.864869,222,2,1072
2026/02/04/00:58:50,2666.539750,0.920312,0.854604,0.945438,0.864869,222,2,1072
2026/02/04/00:58:51,2667.539837,0.920312,0.854604,0.945438,0.864869,222,2,1072
2026/02/04/00:58:52,2668.539966,0.920312,0.854604,0.945438,0.864869,222,2,1072
2026/02/04/00:58:53,2669.540027,0.920312,0.854604,0.945438,0.864869,222,2,1072
2026/02/04/00:58:54,2670.540137,0.920312,0.854604,0.945438,0.864869,222,2,1072
2026/02/04/00:58:55,2671.540258,0.920312,0.854604,0.945438,0.864869,222,2,1072
2026/02/04/00:58:56,2672.540350,0.920312,0.854604,0.945438,0.864869,222,2,1072
2026/02/04/00:58:57,2673.540451,0.920312,0.854604,0.945438,0.864869,222,2,1072
2026/02/04/00:58:58,2674.540544,0.920312,0.854604,0.945438,0.864869,222,2,1072
2026/02/04/00:58:59,2675.540646,0.920312,0.854604,0.945438,0.864869,222,2,1072
2026/02/04/00:59:00,2676.540792,0.920312,0.854604,0.945438,0.864869,222,2,1072
2026/02/04/00:59:01,2677.540879,0.920312,0.854604,0.945438,0.864869,222,2,1072
2026/02/04/00:59:02,2678.540964,0.920312,0.854604,0.945438,0.864869,222,2,1072
2026/02/04/00:59:03,2679.541062,0.920312,0.854604,0.945438,0.864869,222,2,1072
2026/02/04/00:59:04,2680.541165,0.920312,0.854604,0.945438,0.864869,222,2,1072
2026/02/04/00:59:05,2681.541246,0.920312,0.854604,0.945438,0.864869,222,2,1072
2026/02/04/00:59:06,2682.541335,0.920312,0.854604,0.945438,0.864869,222,2,1072
2026/02/04/00:59:07,2683.541487,0.920312,0.854604,0.945438,0.864869,222,2,1072
2026/02/04/00:59:08,2684.541584,0.920312,0.854604,0.945438,0.864869,222,2,1072
2026/02/04/00:59:09,2685.541668,0.920312,0.854604,0.945438,0.864869,222,2,1072
2026/02/04/00:59:10,2686.541739,0.920312,0.854604,0.945438,0.864869,222,2,1072
2026/02/04/00:59:11,2687.541854,0.920312,0.854604,0.945438,0.864869,222,2,1072
2026/02/04/00:59:12,2688.541953,0.933063,0.865829,1.008656,0.893955,227,9,1072
2026/02/04/00:59:13,2689.542034,0.933063,0.865829,1.008656,0.893955,227,9,1072
2026/02/04/00:59:14,2690.542138,0.933063,0.865829,0.992281,0.886428,227,7,1072
2026/02/04/00:59:15,2691.542189,0.933063,0.865829,0.986938,0.884639,227,6,1072
2026/02/04/00:59:16,2692.542312,0.933063,0.865829,0.963125,0.878643,227,3,1072
2026/02/04/00:59:17,2693.542361,0.933063,0.865829,0.963125,0.878643,227,3,1072
2026/02/04/00:59:18,2694.542453,0.933063,0.865829,0.963125,0.878643,227,3,1072
2026/02/04/00:59:19,2695.542546,0.931156,0.862641,0.961219,0.875456,226,3,1073
2026/02/04/00:59:20,2696.542618,0.931156,0.862641,0.961219,0.875456,226,3,1073
2026/02/04/00:59:21,2697.542732,0.931156,0.862641,0.961219,0.875456,226,3,1073
2026/02/04/00:59:22,2698.542798,0.931156,0.862641,0.961219,0.875456,226,3,1073
2026/02/04/00:59:23,2699.542893,0.931156,0.862641,0.961219,0.875456,226,3,1073
2026/02/04/00:59:24,2700.543005,0.931156,0.862641,0.961219,0.875456,226,3,1073
2026/02/04/00:59:25,2701.543086,0.925250,0.857153,0.955313,0.869968,223,3,1076
2026/02/04/00:59:26,2702.543182,0.925250,0.857153,0.955313,0.869968,223,3,1076
2026/02/04/00:59:27,2703.543277,0.925250,0.857153,0.955313,0.869968,223,3,1076
2026/02/04/00:59:28,2704.543433,0.925250,0.857153,0.955313,0.869968,223,3,1076
2026/02/04/00:59:29,2705.543482,0.925250,0.857153,0.955313,0.869968,223,3,1076
2026/02/04/00:59:30,2706.543641,0.916813,0.857747,0.941937,0.868012,223,2,1077
2026/02/04/00:59:31,2707.543721,0.916813,0.857747,0.941937,0.868012,223,2,1077
2026/02/04/00:59:32,2708.543821,0.916813,0.857747,0.941937,0.868012,223,2,1077
2026/02/04/00:59:33,2709.543960,0.916813,0.857747,0.941937,0.868012,223,2,1077
2026/02/04/00:59:34,2710.544080,0.929063,0.864138,0.962000,0.882535,227,3,1077
2026/02/04/00:59:35,2711.544162,0.940312,0.874344,0.983500,0.894626,231,4,1077
2026/02/04/00:59:36,2712.544244,0.948750,0.885972,1.007406,0.930723,235,8,1077
2026/02/04/00:59:37,2713.544342,0.950750,0.887764,1.021031,0.945629,236,10,1077
2026/02/04/00:59:38,2714.544434,0.944719,0.884285,1.011156,0.940531,235,9,1079
2026/02/04/00:59:39,2715.544527,0.942719,0.882493,1.001344,0.930607,234,8,1080
2026/02/04/00:59:40,2716.544616,0.942719,0.882493,1.001344,0.930607,234,8,1080
2026/02/04/00:59:41,2717.544682,0.942719,0.882493,0.989719,0.917492,234,6,1080
2026/02/04/00:59:42,2718.544791,0.938875,0.880873,0.985875,0.915873,233,6,1081
2026/02/04/00:59:43,2719.544863,0.938875,0.880873,0.985875,0.915873,233,6,1081
2026/02/04/00:59:44,2720.544940,0.938875,0.880873,0.985875,0.915873,233,6,1081
2026/02/04/00:59:45,2721.545031,0.935813,0.879632,0.975063,0.899398,233,4,1083
2026/02/04/00:59:46,2722.545132,0.935813,0.879632,0.975063,0.899398,233,4,1083
2026/02/04/00:59:47,2723.545320,0.931344,0.877386,0.966719,0.889537,231,3,1086
2026/02/04/00:59:48,2724.545336,0.931344,0.877386,0.966719,0.889537,231,3,1086
2026/02/04/00:59:49,2725.545448,0.931344,0.877386,0.956469,0.887651,231,2,1086
2026/02/04/00:59:50,2726.545558,0.931344,0.877386,0.956469,0.887651,231,2,1086
2026/02/04/00:59:51,2727.545616,0.924969,0.870488,0.950094,0.880753,229,2,1088
2026/02/04/00:59:52,2728.545717,0.920937,0.868816,0.946063,0.879080,228,2,1089
2026/02/04/00:59:53,2729.545819,0.922500,0.871232,0.947625,0.881497,229,2,1089
2026/02/04/00:59:54,2730.545905,0.926031,0.884793,0.977313,0.905695,231,5,1090
2026/02/04/00:59:55,2731.545988,0.926031,0.884793,0.977313,0.905695,231,5,1090
2026/02/04/00:59:56,2732.546088,0.924469,0.882377,0.949594,0.892641,230,2,1091
2026/02/04/00:59:57,2733.546180,0.919312,0.863939,0.944438,0.874204,227,2,1094
2026/02/04/00:59:58,2734.546340,0.919312,0.863939,0.944438,0.874204,227,2,1094
2026/02/04/00:59:59,2735.546447,0.919312,0.863939,0.944438,0.874204,227,2,1094
2026/02/04/01:00:00,2736.546503,0.919312,0.863939,0.944438,0.874204,227,2,1094
2026/02/04/01:00:01,2737.546601,0.919312,0.863939,0.944438,0.874204,227,2,1094
2026/02/04/01:00:02,2738.546704,0.919312,0.863939,0.944438,0.874204,227,2,1094
2026/02/04/01:00:03,2739.546808,0.919312,0.863939,0.944438,0.874204,227,2,1094
2026/02/04/01:00:04,2740.546889,0.927438,0.871980,0.952562,0.882245,231,2,1094
2026/02/04/01:00:05,2741.546973,0.927438,0.871980,0.952562,0.882245,231,2,1094
2026/02/04/01:00:06,2742.547058,0.927438,0.871980,0.952562,0.882245,231,2,1094
2026/02/04/01:00:07,2743.547161,0.920687,0.839974,0.945812,0.850239,228,2,1097
2026/02/04/01:00:08,2744.547333,0.920687,0.839974,0.945812,0.850239,228,2,1097
2026/02/04/01:00:09,2745.547404,0.909500,0.824487,0.934625,0.834752,224,2,1101
2026/02/04/01:00:10,2746.547496,0.909500,0.824487,0.934625,0.834752,224,2,1101
2026/02/04/01:00:11,2747.547583,0.909500,0.824487,0.934625,0.834752,224,2,1101
2026/02/04/01:00:12,2748.547638,0.909500,0.824487,0.934625,0.834752,224,2,1101
2026/02/04/01:00:13,2749.547744,0.909500,0.824487,0.934625,0.834752,224,2,1101
2026/02/04/01:00:14,2750.547832,0.909500,0.824487,0.934625,0.834752,224,2,1101
2026/02/04/01:00:15,2751.547941,0.909500,0.824487,0.934625,0.834752,224,2,1101
2026/02/04/01:00:16,2752.548042,0.922031,0.831738,0.979219,0.863558,228,5,1101
2026/02/04/01:00:17,2753.548115,0.922031,0.831738,0.979219,0.863558,228,5,1101
2026/02/04/01:00:18,2754.578334,0.922031,0.831738,0.979219,0.863558,228,5,1101
2026/02/04/01:00:22,2759.011864,0.914438,0.824130,0.971625,0.855949,225,5,1104
2026/02/04/01:00:23,2760.011987,0.930750,0.828967,0.962812,0.850522,224,3,1110
2026/02/04/01:00:24,2761.012172,0.926188,0.823124,0.958250,0.844679,222,3,1112
2026/02/04/01:00:25,2762.012305,0.926188,0.823124,0.958250,0.844679,222,3,1112
2026/02/04/01:00:26,2763.012346,0.926188,0.823124,0.958250,0.844679,222,3,1112
2026/02/04/01:00:27,2764.012457,0.916063,0.818378,0.948125,0.839932,219,3,1115
2026/02/04/01:00:28,2765.012559,0.916063,0.818378,0.948125,0.839932,219,3,1115
2026/02/04/01:00:29,2766.012640,0.916063,0.818378,0.948125,0.839932,219,3,1115
2026/02/04/01:00:30,2767.012783,0.916063,0.818378,0.948125,0.839932,219,3,1115
2026/02/04/01:00:31,2768.012877,0.916063,0.818378,0.948125,0.839932,219,3,1115
2026/02/04/01:00:32,2769.012973,0.916063,0.818378,0.948125,0.839932,219,3,1115
2026/02/04/01:00:33,2770.013181,0.916063,0.818378,0.948125,0.839932,219,3,1115
2026/02/04/01:00:34,2771.013307,0.916063,0.818378,0.948125,0.839932,219,3,1115
2026/02/04/01:00:35,2772.013358,0.916063,0.818378,0.948125,0.839932,219,3,1115
2026/02/04/01:00:36,2773.013458,0.912312,0.822482,0.923000,0.829667,219,1,1117
2026/02/04/01:00:37,2774.013618,0.921844,0.835038,0.932531,0.842223,223,1,1117
2026/02/04/01:00:38,2775.013707,0.937219,0.854163,0.951937,0.868209,229,2,1117
2026/02/04/01:00:39,2776.013775,0.937219,0.854163,0.951937,0.868209,229,2,1117
2026/02/04/01:00:40,2777.013881,0.928594,0.837953,0.939281,0.845137,224,1,1123
2026/02/04/01:00:41,2778.013966,0.926562,0.834157,0.937250,0.841342,223,1,1124
2026/02/04/01:00:42,2779.014056,0.926562,0.834157,0.937250,0.841342,223,1,1124
2026/02/04/01:00:43,2780.014142,0.937531,0.842762,0.954812,0.866532,227,3,1128
2026/02/04/01:00:44,2781.014237,0.939906,0.845097,0.954812,0.866532,228,2,1128
2026/02/04/01:00:45,2782.014310,0.934625,0.842456,0.949531,0.863890,227,2,1129
2026/02/04/01:00:46,2783.014404,0.922937,0.829266,0.933625,0.836450,223,1,1133
2026/02/04/01:00:47,2784.014514,0.919625,0.825000,0.930312,0.832184,221,1,1135
2026/02/04/01:00:48,2785.014616,0.919625,0.825000,0.930312,0.832184,221,1,1135
2026/02/04/01:00:49,2786.014693,0.919625,0.825000,0.930312,0.832184,221,1,1135
2026/02/04/01:00:50,2787.014784,0.919625,0.825000,0.930312,0.832184,221,1,1135
2026/02/04/01:00:51,2788.014888,0.919625,0.825000,0.930312,0.832184,221,1,1135
2026/02/04/01:00:52,2789.014993,0.919625,0.825000,0.930312,0.832184,221,1,1135
2026/02/04/01:00:53,2790.015134,0.919625,0.825000,0.930312,0.832184,221,1,1135
2026/02/04/01:00:54,2791.015218,0.919625,0.825000,0.930312,0.832184,221,1,1135
2026/02/04/01:00:55,2792.015342,0.898250,0.810630,0.898250,0.810630,219,0,1137
2026/02/04/01:00:56,2793.015489,0.898250,0.810630,0.898250,0.810630,219,0,1137
2026/02/04/01:00:57,2794.015653,0.898250,0.810630,0.898250,0.810630,219,0,1137
2026/02/04/01:00:58,2795.015739,0.898250,0.810630,0.898250,0.810630,219,0,1137
2026/02/04/01:00:59,2796.015866,0.898250,0.810630,0.898250,0.810630,219,0,1137
2026/02/04/01:01:00,2797.015986,0.898250,0.810630,0.898250,0.810630,219,0,1137
2026/02/04/01:01:01,2798.016086,0.898250,0.810630,0.898250,0.810630,219,0,1137
2026/02/04/01:01:02,2799.016192,0.898250,0.810630,0.898250,0.810630,219,0,1137
2026/02/04/01:01:03,2800.016294,0.898250,0.810630,0.898250,0.810630,219,0,1137
2026/02/04/01:01:04,2801.016343,0.898250,0.810630,0.898250,0.810630,219,0,1137
2026/02/04/01:01:05,2802.016436,0.898250,0.810630,0.898250,0.810630,219,0,1137
2026/02/04/01:01:06,2803.016591,0.924344,0.832892,0.943656,0.867465,226,4,1137
2026/02/04/01:01:07,2804.016699,0.924344,0.832892,0.951438,0.874323,226,7,1137
2026/02/04/01:01:08,2805.016818,0.942281,0.852357,1.006875,0.927380,232,7,1139
2026/02/04/01:01:09,2806.016955,0.937406,0.863165,1.002000,0.938188,232,7,1141
2026/02/04/01:01:10,2807.017036,0.931937,0.861094,0.981719,0.932744,231,5,1142
2026/02/04/01:01:11,2808.017148,0.926438,0.859502,0.976219,0.931152,230,5,1143
2026/02/04/01:01:12,2809.017218,0.933500,0.865511,0.983281,0.937161,232,5,1143
2026/02/04/01:01:13,2810.017349,0.927875,0.856543,0.977656,0.928193,231,5,1144
2026/02/04/01:01:14,2811.017426,0.927875,0.856543,0.932375,0.887742,231,2,1144
2026/02/04/01:01:15,2812.017518,0.921500,0.834319,0.926000,0.865519,228,2,1147
2026/02/04/01:01:16,2813.017676,0.921500,0.834319,0.926000,0.865519,228,2,1147
2026/02/04/01:01:17,2814.017821,0.921500,0.834319,0.926000,0.865519,228,2,1147
2026/02/04/01:01:18,2815.017962,0.921500,0.834319,0.926000,0.865519,228,2,1147
2026/02/04/01:01:19,2816.018059,0.919000,0.830577,0.923500,0.861776,227,2,1148
2026/02/04/01:01:20,2817.018148,0.919000,0.830577,0.923500,0.861776,227,2,1148
2026/02/04/01:01:21,2818.018253,0.911937,0.824567,0.916438,0.855767,225,2,1150
2026/02/04/01:01:22,2819.018405,0.911937,0.824567,0.916438,0.855767,225,2,1150
2026/02/04/01:01:23,2820.018496,0.935531,0.864669,0.940031,0.895868,235,2,1150
2026/02/04/01:01:24,2821.018632,0.938906,0.870618,0.943406,0.901818,237,2,1150
2026/02/04/01:01:25,2822.018721,0.938906,0.870618,0.943406,0.901818,237,2,1150
2026/02/04/01:01:26,2823.018807,0.938906,0.870618,0.943406,0.901818,237,2,1150
2026/02/04/01:01:27,2824.018906,0.932719,0.861005,0.937219,0.892204,235,2,1152
2026/02/04/01:01:28,2825.019028,0.929531,0.853987,0.934031,0.885186,233,2,1154
2026/02/04/01:01:29,2826.019111,0.913312,0.842139,0.917813,0.873339,227,2,1160
2026/02/04/01:01:30,2827.019215,0.909594,0.837154,0.914094,0.868353,226,2,1161
2026/02/04/01:01:31,2828.019313,0.909594,0.837154,0.914094,0.868353,226,2,1161
2026/02/04/01:01:32,2829.019419,0.922813,0.846445,0.927312,0.877645,230,2,1161
2026/02/04/01:01:33,2830.019549,0.917969,0.843045,0.922469,0.874244,229,2,1162
2026/02/04/01:01:34,2831.019695,0.910656,0.840925,0.915156,0.872124,228,2,1163
2026/02/04/01:01:35,2832.019860,0.910656,0.840925,0.915156,0.872124,228,2,1163
2026/02/04/01:01:36,2833.019963,0.913719,0.844507,0.918219,0.875707,229,2,1163
2026/02/04/01:01:37,2834.020098,0.923625,0.854322,0.942375,0.890918,232,4,1163
2026/02/04/01:01:38,2835.020205,0.924406,0.852146,0.939000,0.884968,231,3,1165
2026/02/04/01:01:39,2836.020299,0.924406,0.852146,0.939000,0.884968,231,3,1165
2026/02/04/01:01:40,2837.020347,0.911937,0.840825,0.926531,0.873647,228,3,1168
2026/02/04/01:01:41,2838.020435,0.911937,0.840825,0.916438,0.872024,228,2,1168
2026/02/04/01:01:42,2839.020556,0.910344,0.838558,0.914844,0.869757,227,2,1169
2026/02/04/01:01:43,2840.020653,0.910344,0.838558,0.914844,0.869757,227,2,1169
2026/02/04/01:01:44,2841.020764,0.910344,0.838558,0.910344,0.838558,227,0,1169
2026/02/04/01:01:45,2842.020862,0.910344,0.838558,0.910344,0.838558,227,0,1169
2026/02/04/01:01:46,2843.020956,0.910344,0.838558,0.910344,0.838558,227,0,1169
2026/02/04/01:01:47,2844.021048,0.904719,0.828004,0.904719,0.828004,224,0,1172
2026/02/04/01:01:48,2845.021137,0.904719,0.828004,0.904719,0.828004,224,0,1172
2026/02/04/01:01:49,2846.021315,0.904719,0.828004,0.904719,0.828004,224,0,1172
2026/02/04/01:01:50,2847.021400,0.904719,0.828004,0.904719,0.828004,224,0,1172
2026/02/04/01:01:51,2848.021490,0.904719,0.828004,0.904719,0.828004,224,0,1172
2026/02/04/01:01:52,2849.021577,0.904719,0.828004,0.904719,0.828004,224,0,1172
2026/02/04/01:01:53,2850.021664,0.904719,0.828004,0.904719,0.828004,224,0,1172
2026/02/04/01:01:54,2851.021767,0.904719,0.828004,0.904719,0.828004,224,0,1172
2026/02/04/01:01:55,2852.021859,0.904719,0.828004,0.904719,0.828004,224,0,1172
2026/02/04/01:01:56,2853.021967,0.904719,0.828004,0.904719,0.828004,224,0,1172
2026/02/04/01:01:57,2854.022049,0.904719,0.828004,0.904719,0.828004,224,0,1172
2026/02/04/01:01:58,2855.022141,0.904719,0.828004,0.904719,0.828004,224,0,1172
2026/02/04/01:01:59,2856.022239,0.904719,0.828004,0.904719,0.828004,224,0,1172
2026/02/04/01:02:00,2857.022408,0.904719,0.828004,0.904719,0.828004,224,0,1172
2026/02/04/01:02:01,2858.022499,0.901781,0.826082,0.901781,0.826082,223,0,1173
2026/02/04/01:02:02,2859.022578,0.917844,0.861522,0.945094,0.876466,229,3,1173
2026/02/04/01:02:03,2860.022674,0.917844,0.861522,0.945094,0.876466,229,3,1173
2026/02/04/01:02:04,2861.022784,0.917844,0.861522,0.945094,0.876466,229,3,1173
2026/02/04/01:02:05,2862.022860,0.911219,0.854353,0.936781,0.861297,226,2,1177
2026/02/04/01:02:06,2863.022950,0.911219,0.854353,0.936781,0.861297,226,2,1177
2026/02/04/01:02:07,2864.023117,0.911219,0.854353,0.936781,0.861297,226,2,1177
2026/02/04/01:02:08,2865.023231,0.911219,0.854353,0.911219,0.854353,226,0,1177
2026/02/04/01:02:09,2866.023324,0.907844,0.838353,0.907844,0.838353,224,0,1179
2026/02/04/01:02:10,2867.023486,0.907844,0.838353,0.907844,0.838353,224,0,1179
2026/02/04/01:02:11,2868.023596,0.907844,0.838353,0.907844,0.838353,224,0,1179
2026/02/04/01:02:12,2869.023666,0.907844,0.838353,0.907844,0.838353,224,0,1179
2026/02/04/01:02:13,2870.023824,0.907844,0.838353,0.907844,0.838353,224,0,1179
2026/02/04/01:02:14,2871.023919,0.907844,0.838353,0.907844,0.838353,224,0,1179
2026/02/04/01:02:15,2872.024016,0.907844,0.838353,0.907844,0.838353,224,0,1179
2026/02/04/01:02:16,2873.024097,0.907844,0.838353,0.907844,0.838353,224,0,1179
2026/02/04/01:02:17,2874.024193,0.899844,0.823763,0.899844,0.823763,222,0,1181
2026/02/04/01:02:18,2875.024343,0.899844,0.823763,0.899844,0.823763,222,0,1181
2026/02/04/01:02:19,2876.024462,0.899844,0.823763,0.899844,0.823763,222,0,1181
2026/02/04/01:02:20,2877.024602,0.899844,0.823763,0.899844,0.823763,222,0,1181
2026/02/04/01:02:21,2878.024704,0.899844,0.823763,0.899844,0.823763,222,0,1181
2026/02/04/01:02:22,2879.024789,0.899844,0.823763,0.899844,0.823763,222,0,1181
2026/02/04/01:02:23,2880.024931,0.874250,0.800544,0.874250,0.800544,219,0,1184
2026/02/04/01:02:24,2881.025019,0.874250,0.800544,0.874250,0.800544,219,0,1184
2026/02/04/01:02:25,2882.025088,0.874250,0.800544,0.874250,0.800544,219,0,1184
2026/02/04/01:02:26,2883.025246,0.874250,0.800544,0.874250,0.800544,219,0,1184
2026/02/04/01:02:27,2884.025337,0.874250,0.800544,0.874250,0.800544,219,0,1184
2026/02/04/01:02:28,2885.025450,0.874250,0.800544,0.874250,0.800544,219,0,1184
2026/02/04/01:02:29,2886.025609,0.874250,0.800544,0.874250,0.800544,219,0,1184
2026/02/04/01:02:30,2887.025636,0.874250,0.800544,0.874250,0.800544,219,0,1184
2026/02/04/01:02:31,2888.025729,0.874250,0.800544,0.874250,0.800544,219,0,1184
2026/02/04/01:02:32,2889.025803,0.874250,0.800544,0.874250,0.800544,219,0,1184
2026/02/04/01:02:33,2890.025903,0.874250,0.800544,0.874250,0.800544,219,0,1184
2026/02/04/01:02:34,2891.026031,0.874250,0.800544,0.874250,0.800544,219,0,1184
2026/02/04/01:02:35,2892.026134,0.864031,0.795362,0.864031,0.795362,216,0,1187
2026/02/04/01:02:36,2893.026233,0.862062,0.793584,0.862062,0.793584,215,0,1188
2026/02/04/01:02:37,2894.026386,0.862062,0.793584,0.862062,0.793584,215,0,1188
2026/02/04/01:02:38,2895.026552,0.862062,0.793584,0.862062,0.793584,215,0,1188
2026/02/04/01:02:39,2896.026691,0.878812,0.827888,0.884500,0.851513,224,2,1188
2026/02/04/01:02:40,2897.026780,0.878812,0.827888,0.884500,0.851513,224,2,1188
2026/02/04/01:02:41,2898.026870,0.879188,0.829018,0.882031,0.840830,224,1,1189
2026/02/04/01:02:42,2899.027026,0.879188,0.829018,0.882031,0.840830,224,1,1189
2026/02/04/01:02:43,2900.027115,0.867750,0.817209,0.867750,0.817209,217,0,1197
2026/02/04/01:02:44,2901.027259,0.867750,0.817209,0.867750,0.817209,217,0,1197
2026/02/04/01:02:45,2902.027372,0.867750,0.817209,0.867750,0.817209,217,0,1197
2026/02/04/01:02:46,2903.027439,0.867750,0.817209,0.867750,0.817209,217,0,1197
2026/02/04/01:02:47,2904.027529,0.874313,0.823239,0.874313,0.823239,219,0,1197
2026/02/04/01:02:48,2905.027617,0.879750,0.828670,0.879750,0.828670,222,0,1197
2026/02/04/01:02:49,2906.027793,0.879750,0.828670,0.879750,0.828670,222,0,1197
2026/02/04/01:02:50,2907.027941,0.879750,0.828670,0.879750,0.828670,222,0,1197
2026/02/04/01:02:51,2908.028026,0.879750,0.828670,0.879750,0.828670,222,0,1197
2026/02/04/01:02:52,2909.028188,0.879750,0.828670,0.879750,0.828670,222,0,1197
2026/02/04/01:02:53,2910.028289,0.874938,0.824124,0.874938,0.824124,220,0,1199
2026/02/04/01:02:54,2911.028322,0.874938,0.824124,0.874938,0.824124,220,0,1199
2026/02/04/01:02:55,2912.028506,0.874938,0.824124,0.874938,0.824124,220,0,1199
2026/02/04/01:02:56,2913.028564,0.878313,0.826183,0.878313,0.826183,221,0,1199
2026/02/04/01:02:57,2914.028656,0.878313,0.826183,0.878313,0.826183,221,0,1199
2026/02/04/01:02:58,2915.028755,0.878313,0.826183,0.878313,0.826183,221,0,1199
2026/02/04/01:02:59,2916.028891,0.897469,0.862021,0.908500,0.866313,230,1,1199
2026/02/04/01:03:00,2917.028955,0.897469,0.862021,0.908500,0.866313,230,1,1199
2026/02/04/01:03:01,2918.029030,0.887938,0.848655,0.898969,0.852947,225,1,1204
2026/02/04/01:03:02,2919.029132,0.887938,0.848655,0.898969,0.852947,225,1,1204
2026/02/04/01:03:03,2920.029212,0.887938,0.848655,0.898969,0.852947,225,1,1204
2026/02/04/01:03:04,2921.029373,0.883437,0.842380,0.894469,0.846672,223,1,1206
2026/02/04/01:03:05,2922.029479,0.883437,0.842380,0.894469,0.846672,223,1,1206
2026/02/04/01:03:06,2923.029557,0.883437,0.842380,0.894469,0.846672,223,1,1206
2026/02/04/01:03:07,2924.029656,0.883437,0.842380,0.894469,0.846672,223,1,1206
2026/02/04/01:03:08,2925.029802,0.879875,0.827759,0.890906,0.832050,221,1,1208
2026/02/04/01:03:09,2926.029890,0.879875,0.827759,0.890906,0.832050,221,1,1208
2026/02/04/01:03:10,2927.030007,0.880344,0.833023,0.922562,0.842374,221,3,1209
2026/02/04/01:03:11,2928.030070,0.874906,0.827592,0.917125,0.836943,218,3,1212
2026/02/04/01:03:12,2929.030235,0.866094,0.818373,0.908312,0.827725,214,3,1216
2026/02/04/01:03:13,2930.030328,0.862719,0.816315,0.904937,0.825666,213,3,1217
2026/02/04/01:03:14,2931.030424,0.862719,0.816315,0.904937,0.825666,213,3,1217
2026/02/04/01:03:15,2932.030500,0.862719,0.816315,0.904937,0.825666,213,3,1217
2026/02/04/01:03:16,2933.030584,0.862719,0.816315,0.904937,0.825666,213,3,1217
2026/02/04/01:03:17,2934.030679,0.862719,0.816315,0.904937,0.825666,213,3,1217
2026/02/04/01:03:18,2935.030776,0.862719,0.816315,0.904937,0.825666,213,3,1217
2026/02/04/01:03:19,2936.030847,0.862719,0.816315,0.904937,0.825666,213,3,1217
2026/02/04/01:03:20,2937.030946,0.862719,0.816315,0.904937,0.825666,213,3,1217
2026/02/04/01:03:21,2938.031020,0.862719,0.816315,0.904937,0.825666,213,3,1217
2026/02/04/01:03:22,2939.031103,0.862719,0.816315,0.904937,0.825666,213,3,1217
2026/02/04/01:03:23,2940.031217,0.862719,0.816315,0.904937,0.825666,213,3,1217
2026/02/04/01:03:24,2941.031333,0.862719,0.816315,0.904937,0.825666,213,3,1217
2026/02/04/01:03:25,2942.031492,0.862719,0.816315,0.904937,0.825666,213,3,1217
2026/02/04/01:03:26,2943.031588,0.862125,0.797757,0.893312,0.802816,211,2,1220
2026/02/04/01:03:27,2944.031666,0.862125,0.797757,0.893312,0.802816,211,2,1220
2026/02/04/01:03:28,2945.031751,0.862125,0.797757,0.893312,0.802816,211,2,1220
2026/02/04/01:03:29,2946.031859,0.862125,0.797757,0.893312,0.802816,211,2,1220
2026/02/04/01:03:30,2947.032018,0.862125,0.797757,0.893312,0.802816,211,2,1220
2026/02/04/01:03:31,2948.032101,0.862125,0.797757,0.893312,0.802816,211,2,1220
2026/02/04/01:03:32,2949.032217,0.862125,0.797757,0.893312,0.802816,211,2,1220
2026/02/04/01:03:33,2950.032377,0.862125,0.797757,0.893312,0.802816,211,2,1220
2026/02/04/01:03:34,2951.032527,0.862125,0.797757,0.893312,0.802816,211,2,1220
2026/02/04/01:03:35,2952.032614,0.862125,0.797757,0.893312,0.802816,211,2,1220
2026/02/04/01:03:36,2953.032701,0.862125,0.797757,0.893312,0.802816,211,2,1220
2026/02/04/01:03:37,2954.032799,0.862125,0.797757,0.893312,0.802816,211,2,1220
2026/02/04/01:03:38,2955.032897,0.862125,0.797757,0.893312,0.802816,211,2,1220
2026/02/04/01:03:39,2956.032997,0.862125,0.797757,0.893312,0.802816,211,2,1220
2026/02/04/01:03:40,2957.033102,0.862125,0.797757,0.893312,0.802816,211,2,1220
2026/02/04/01:03:41,2958.033168,0.862125,0.797757,0.893312,0.802816,211,2,1220
2026/02/04/01:03:42,2959.033334,0.862125,0.797757,0.893312,0.802816,211,2,1220
2026/02/04/01:03:43,2960.033403,0.862125,0.797757,0.893312,0.802816,211,2,1220
2026/02/04/01:03:44,2961.033522,0.862125,0.797757,0.893312,0.802816,211,2,1220
2026/02/04/01:03:45,2962.033609,0.862125,0.797757,0.893312,0.802816,211,2,1220
2026/02/04/01:03:46,2963.033696,0.862125,0.797757,0.893312,0.802816,211,2,1220
2026/02/04/01:03:47,2964.033792,0.862125,0.797757,0.893312,0.802816,211,2,1220
2026/02/04/01:03:48,2965.033891,0.862125,0.797757,0.893312,0.802816,211,2,1220
2026/02/04/01:03:49,2966.034055,0.862125,0.797757,0.893312,0.802816,211,2,1220
2026/02/04/01:03:50,2967.034091,0.862125,0.797757,0.893312,0.802816,211,2,1220
2026/02/04/01:03:51,2968.034258,0.862125,0.797757,0.893312,0.802816,211,2,1220
2026/02/04/01:03:52,2969.034351,0.862125,0.797757,0.893312,0.802816,211,2,1220
2026/02/04/01:03:53,2970.034447,0.874656,0.830796,0.905844,0.835856,216,2,1220
2026/02/04/01:03:54,2971.034542,0.903281,0.862512,0.938406,0.878213,226,3,1220
2026/02/04/01:03:55,2972.034624,0.906031,0.851630,0.937219,0.856690,227,2,1225
2026/02/04/01:03:56,2973.034716,0.906031,0.851630,0.937219,0.856690,227,2,1225
2026/02/04/01:03:57,2974.034783,0.904438,0.848402,0.935625,0.853462,226,2,1227
2026/02/04/01:03:58,2975.034859,0.898750,0.824778,0.929937,0.829837,224,2,1229
2026/02/04/01:03:59,2976.034964,0.901531,0.831763,0.932719,0.836823,226,2,1230
2026/02/04/01:04:00,2977.035056,0.890500,0.827472,0.921687,0.832532,225,2,1231
2026/02/04/01:04:01,2978.035120,0.901062,0.833437,0.932250,0.838497,228,2,1231
2026/02/04/01:04:02,2979.035219,0.892344,0.813150,0.892344,0.813150,224,0,1235
2026/02/04/01:04:03,2980.035330,0.885500,0.809968,0.885500,0.809968,223,0,1236
2026/02/04/01:04:04,2981.035422,0.885500,0.809968,0.885500,0.809968,223,0,1236
2026/02/04/01:04:05,2982.035527,0.877437,0.795824,0.877437,0.795824,221,0,1238
2026/02/04/01:04:06,2983.035617,0.877437,0.795824,0.877437,0.795824,221,0,1238
2026/02/04/01:04:07,2984.035770,0.872125,0.791463,0.872125,0.791463,219,0,1240
2026/02/04/01:04:08,2985.035862,0.872125,0.791463,0.872125,0.791463,219,0,1240
2026/02/04/01:04:09,2986.035933,0.873812,0.792270,0.873812,0.792270,220,0,1242
2026/02/04/01:04:10,2987.036032,0.871406,0.798411,0.871406,0.798411,221,0,1244
2026/02/04/01:04:11,2988.036125,0.866469,0.791200,0.866469,0.791200,218,0,1247
2026/02/04/01:04:12,2989.036184,0.866469,0.791200,0.866469,0.791200,218,0,1247
2026/02/04/01:04:13,2990.036308,0.861313,0.785833,0.861313,0.785833,215,0,1250
2026/02/04/01:04:14,2991.036388,0.861313,0.785833,0.861313,0.785833,215,0,1250
2026/02/04/01:04:15,2992.036556,0.861313,0.785833,0.861313,0.785833,215,0,1250
2026/02/04/01:04:16,2993.036638,0.861313,0.785833,0.861313,0.785833,215,0,1250
2026/02/04/01:04:17,2994.036706,0.861313,0.785833,0.861313,0.785833,215,0,1250
2026/02/04/01:04:18,2995.036793,0.861313,0.785833,0.861313,0.785833,215,0,1250
2026/02/04/01:04:19,2996.036879,0.861313,0.785833,0.861313,0.785833,215,0,1250
2026/02/04/01:04:20,2997.037034,0.880094,0.795355,0.880094,0.795355,219,0,1250
2026/02/04/01:04:21,2998.037124,0.880094,0.795355,0.880094,0.795355,219,0,1250
2026/02/04/01:04:22,2999.037214,0.880094,0.795355,0.880094,0.795355,219,0,1250
2026/02/04/01:04:23,3000.037318,0.880094,0.795355,0.880094,0.795355,219,0,1250
2026/02/04/01:04:24,3001.037473,0.880094,0.795355,0.880094,0.795355,219,0,1250
2026/02/04/01:04:25,3002.037549,0.880094,0.795355,0.880094,0.795355,219,0,1250
2026/02/04/01:04:26,3003.037639,0.863125,0.787943,0.863125,0.787943,216,0,1253
2026/02/04/01:04:27,3004.037735,0.863125,0.787943,0.863125,0.787943,216,0,1253
2026/02/04/01:04:28,3005.037896,0.863125,0.787943,0.863125,0.787943,216,0,1253
2026/02/04/01:04:29,3006.038110,0.863125,0.787943,0.863125,0.787943,216,0,1253
2026/02/04/01:04:30,3007.038139,0.863125,0.787943,0.863125,0.787943,216,0,1253
2026/02/04/01:04:31,3008.038254,0.863125,0.787943,0.863125,0.787943,216,0,1253
2026/02/04/01:04:32,3009.038408,0.863125,0.787943,0.863125,0.787943,216,0,1253
2026/02/04/01:04:33,3010.038517,0.863125,0.787943,0.863125,0.787943,216,0,1253
2026/02/04/01:04:34,3011.038681,0.863125,0.787943,0.863125,0.787943,216,0,1253
2026/02/04/01:04:35,3012.038765,0.863125,0.787943,0.863125,0.787943,216,0,1253
2026/02/04/01:04:36,3013.038865,0.866688,0.794240,0.866688,0.794240,218,0,1253
2026/02/04/01:04:37,3014.038990,0.866688,0.794240,0.866688,0.794240,218,0,1253
2026/02/04/01:04:38,3015.039045,0.866688,0.794240,0.866688,0.794240,218,0,1253
2026/02/04/01:04:39,3016.039135,0.866688,0.794240,0.866688,0.794240,218,0,1253
2026/02/04/01:04:40,3017.039226,0.866688,0.794240,0.866688,0.794240,218,0,1253
2026/02/04/01:04:41,3018.039388,0.857625,0.792532,0.857625,0.792532,217,0,1254
2026/02/04/01:04:42,3019.039519,0.854062,0.786234,0.854062,0.786234,215,0,1256
2026/02/04/01:04:43,3020.039664,0.854062,0.786234,0.854062,0.786234,215,0,1256
2026/02/04/01:04:44,3021.039820,0.854062,0.786234,0.854062,0.786234,215,0,1256
2026/02/04/01:04:45,3022.039906,0.854062,0.786234,0.854062,0.786234,215,0,1256
2026/02/04/01:04:46,3023.040060,0.856094,0.795826,0.856094,0.795826,215,0,1259
2026/02/04/01:04:47,3024.040161,0.856094,0.795826,0.856094,0.795826,215,0,1259
2026/02/04/01:04:48,3025.040236,0.856094,0.795826,0.856094,0.795826,215,0,1259
2026/02/04/01:04:49,3026.040418,0.856094,0.795826,0.856094,0.795826,215,0,1259
2026/02/04/01:04:50,3027.040561,0.856094,0.795826,0.856094,0.795826,215,0,1259
2026/02/04/01:04:51,3028.040661,0.856094,0.795826,0.856094,0.795826,215,0,1259
2026/02/04/01:04:52,3029.040756,0.850469,0.786758,0.850469,0.786758,213,0,1261
2026/02/04/01:04:53,3030.040850,0.850469,0.786758,0.850469,0.786758,213,0,1261
2026/02/04/01:04:54,3031.040964,0.850469,0.786758,0.850469,0.786758,213,0,1261
2026/02/04/01:04:55,3032.041101,0.850469,0.786758,0.850469,0.786758,213,0,1261
2026/02/04/01:04:56,3033.041198,0.850469,0.786758,0.850469,0.786758,213,0,1261
2026/02/04/01:04:57,3034.041283,0.850469,0.786758,0.850469,0.786758,213,0,1261
2026/02/04/01:04:58,3035.041360,0.850469,0.786758,0.850469,0.786758,213,0,1261
2026/02/04/01:04:59,3036.041443,0.850469,0.786758,0.850469,0.786758,213,0,1261
2026/02/04/01:05:00,3037.041535,0.850469,0.786758,0.850469,0.786758,213,0,1261
2026/02/04/01:05:01,3038.041620,0.850469,0.786758,0.850469,0.786758,213,0,1261
2026/02/04/01:05:02,3039.041729,0.848406,0.784154,0.848406,0.784154,212,0,1262
2026/02/04/01:05:03,3040.041812,0.848406,0.784154,0.848406,0.784154,212,0,1262
2026/02/04/01:05:04,3041.041903,0.848406,0.784154,0.848406,0.784154,212,0,1262
2026/02/04/01:05:05,3042.042000,0.848406,0.784154,0.848406,0.784154,212,0,1262
2026/02/04/01:05:06,3043.042094,0.848406,0.784154,0.848406,0.784154,212,0,1262
2026/02/04/01:05:07,3044.042191,0.848406,0.784154,0.848406,0.784154,212,0,1262
2026/02/04/01:05:08,3045.042315,0.846469,0.778270,0.846469,0.778270,211,0,1263
2026/02/04/01:05:09,3046.042445,0.846469,0.778270,0.846469,0.778270,211,0,1263
2026/02/04/01:05:10,3047.042545,0.846469,0.778270,0.846469,0.778270,211,0,1263
2026/02/04/01:05:11,3048.042614,0.846469,0.778270,0.846469,0.778270,211,0,1263
2026/02/04/01:05:12,3049.042715,0.846469,0.778270,0.846469,0.778270,211,0,1263
2026/02/04/01:05:13,3050.042799,0.846469,0.778270,0.846469,0.778270,211,0,1263
2026/02/04/01:05:14,3051.042869,0.846469,0.778270,0.846469,0.778270,211,0,1263
2026/02/04/01:05:15,3052.042983,0.846469,0.778270,0.846469,0.778270,211,0,1263
2026/02/04/01:05:16,3053.043063,0.846469,0.778270,0.846469,0.778270,211,0,1263
2026/02/04/01:05:17,3054.043160,0.846469,0.778270,0.846469,0.778270,211,0,1263
2026/02/04/01:05:18,3055.043323,0.846469,0.778270,0.846469,0.778270,211,0,1263
2026/02/04/01:05:19,3056.043412,0.846469,0.778270,0.846469,0.778270,211,0,1263
2026/02/04/01:05:20,3057.043492,0.846469,0.778270,0.846469,0.778270,211,0,1263
2026/02/04/01:05:21,3058.043595,0.846469,0.778270,0.846469,0.778270,211,0,1263
2026/02/04/01:05:22,3059.043671,0.846469,0.778270,0.846469,0.778270,211,0,1263
2026/02/04/01:05:23,3060.043838,0.846469,0.778270,0.846469,0.778270,211,0,1263
2026/02/04/01:05:24,3061.043927,0.846469,0.778270,0.846469,0.778270,211,0,1263
2026/02/04/01:05:25,3062.044029,0.844656,0.776160,0.844656,0.776160,210,0,1264
2026/02/04/01:05:26,3063.044115,0.844656,0.776160,0.844656,0.776160,210,0,1264
2026/02/04/01:05:27,3064.044216,0.844656,0.776160,0.844656,0.776160,210,0,1264
2026/02/04/01:05:28,3065.044389,0.844656,0.776160,0.844656,0.776160,210,0,1264
2026/02/04/01:05:29,3066.044498,0.844656,0.776160,0.844656,0.776160,210,0,1264
2026/02/04/01:05:30,3067.044590,0.844656,0.776160,0.844656,0.776160,210,0,1264
2026/02/04/01:05:31,3068.044690,0.844656,0.776160,0.844656,0.776160,210,0,1264
2026/02/04/01:05:32,3069.044776,0.844656,0.776160,0.844656,0.776160,210,0,1264
2026/02/04/01:05:33,3070.044876,0.844656,0.776160,0.844656,0.776160,210,0,1264
2026/02/04/01:05:34,3071.045031,0.844656,0.776160,0.844656,0.776160,210,0,1264
2026/02/04/01:05:35,3072.045132,0.844656,0.776160,0.844656,0.776160,210,0,1264
2026/02/04/01:05:36,3073.045212,0.844656,0.776160,0.844656,0.776160,210,0,1264
2026/02/04/01:05:37,3074.045323,0.844656,0.776160,0.844656,0.776160,210,0,1264
2026/02/04/01:05:38,3075.045387,0.846625,0.777792,0.846625,0.777792,211,0,1264
2026/02/04/01:05:39,3076.045470,0.846625,0.777792,0.846625,0.777792,211,0,1264
2026/02/04/01:05:40,3077.045572,0.859844,0.785086,0.859844,0.785086,214,0,1264
2026/02/04/01:05:41,3078.045682,0.859844,0.785086,0.859844,0.785086,214,0,1264
2026/02/04/01:05:42,3079.045755,0.851969,0.776283,0.851969,0.776283,210,0,1268
2026/02/04/01:05:43,3080.045862,0.860031,0.781935,0.860031,0.781935,213,0,1268
2026/02/04/01:05:44,3081.045948,0.880531,0.799630,0.880531,0.799630,220,0,1268
2026/02/04/01:05:45,3082.046040,0.880531,0.799630,0.880531,0.799630,220,0,1268
2026/02/04/01:05:46,3083.046129,0.880531,0.799630,0.880531,0.799630,220,0,1268
2026/02/04/01:05:47,3084.046215,0.869031,0.787508,0.869031,0.787508,216,0,1272
2026/02/04/01:05:48,3085.046332,0.869031,0.787508,0.869031,0.787508,216,0,1272
2026/02/04/01:05:49,3086.046395,0.869031,0.787508,0.869031,0.787508,216,0,1272
2026/02/04/01:05:50,3087.046565,0.869031,0.787508,0.869031,0.787508,216,0,1272
2026/02/04/01:05:51,3088.046605,0.869031,0.787508,0.869031,0.787508,216,0,1272
2026/02/04/01:05:52,3089.046689,0.869031,0.787508,0.869031,0.787508,216,0,1272
2026/02/04/01:05:53,3090.046804,0.869031,0.787508,0.869031,0.787508,216,0,1272
2026/02/04/01:05:54,3091.046947,0.869031,0.787508,0.869031,0.787508,216,0,1272
2026/02/04/01:05:55,3092.047035,0.869031,0.787508,0.869031,0.787508,216,0,1272
2026/02/04/01:05:56,3093.047180,0.869031,0.787508,0.869031,0.787508,216,0,1272
2026/02/04/01:05:57,3094.047346,0.869031,0.787508,0.869031,0.787508,216,0,1272
2026/02/04/01:05:58,3095.047495,0.869031,0.787508,0.869031,0.787508,216,0,1272
2026/02/04/01:05:59,3096.047599,0.869031,0.787508,0.869031,0.787508,216,0,1272
2026/02/04/01:06:00,3097.047690,0.860969,0.781856,0.860969,0.781856,213,0,1275
2026/02/04/01:06:01,3098.047781,0.860969,0.781856,0.860969,0.781856,213,0,1275
2026/02/04/01:06:02,3099.047877,0.860969,0.781856,0.860969,0.781856,213,0,1275
2026/02/04/01:06:03,3100.047977,0.860969,0.781856,0.860969,0.781856,213,0,1275
2026/02/04/01:06:04,3101.048082,0.860969,0.781856,0.860969,0.781856,213,0,1275
2026/02/04/01:06:05,3102.048171,0.860969,0.781856,0.860969,0.781856,213,0,1275
2026/02/04/01:06:06,3103.048262,0.860969,0.781856,0.860969,0.781856,213,0,1275
2026/02/04/01:06:07,3104.048355,0.860969,0.781856,0.860969,0.781856,213,0,1275
2026/02/04/01:06:08,3105.048423,0.860969,0.781856,0.860969,0.781856,213,0,1275
2026/02/04/01:06:09,3106.048581,0.860969,0.781856,0.860969,0.781856,213,0,1275
2026/02/04/01:06:10,3107.048656,0.860969,0.781856,0.860969,0.781856,213,0,1275
2026/02/04/01:06:11,3108.048746,0.860969,0.781856,0.860969,0.781856,213,0,1275
2026/02/04/01:06:12,3109.048825,0.860969,0.781856,0.860969,0.781856,213,0,1275
2026/02/04/01:06:13,3110.048960,0.860969,0.781856,0.860969,0.781856,213,0,1275
2026/02/04/01:06:14,3111.049109,0.860969,0.781856,0.860969,0.781856,213,0,1275
2026/02/04/01:06:15,3112.049183,0.851219,0.778434,0.851219,0.778434,211,0,1277
2026/02/04/01:06:16,3113.049333,0.851219,0.778434,0.851219,0.778434,211,0,1277
2026/02/04/01:06:17,3114.049412,0.875969,0.842056,0.875969,0.842056,224,0,1277
2026/02/04/01:06:18,3115.049498,0.883031,0.857626,0.883031,0.857626,227,0,1277
2026/02/04/01:06:19,3116.049613,0.883281,0.855989,0.883281,0.855989,227,0,1278
2026/02/04/01:06:20,3117.049689,0.873406,0.820041,0.873406,0.820041,222,0,1283
2026/02/04/01:06:21,3118.049790,0.873406,0.820041,0.873406,0.820041,222,0,1283
2026/02/04/01:06:22,3119.049881,0.873406,0.820041,0.873406,0.820041,222,0,1283
2026/02/04/01:06:23,3120.049966,0.870406,0.811315,0.870406,0.811315,221,0,1284
2026/02/04/01:06:24,3121.050060,0.873906,0.815186,0.873906,0.815186,223,0,1284
2026/02/04/01:06:25,3122.050147,0.873906,0.815186,0.873906,0.815186,223,0,1284
2026/02/04/01:06:26,3123.050239,0.873906,0.815186,0.873906,0.815186,223,0,1284
2026/02/04/01:06:27,3124.050361,0.873906,0.815186,0.873906,0.815186,223,0,1284
2026/02/04/01:06:28,3125.050467,0.870406,0.811315,0.870406,0.811315,221,0,1286
2026/02/04/01:06:29,3126.050533,0.870406,0.811315,0.870406,0.811315,221,0,1286
2026/02/04/01:06:30,3127.050632,0.870406,0.811315,0.870406,0.811315,221,0,1286
2026/02/04/01:06:31,3128.050804,0.870406,0.811315,0.870406,0.811315,221,0,1286
2026/02/04/01:06:32,3129.050835,0.870406,0.811315,0.870406,0.811315,221,0,1286
2026/02/04/01:06:33,3130.050935,0.870406,0.811315,0.870406,0.811315,221,0,1286
2026/02/04/01:06:34,3131.051022,0.870406,0.811315,0.870406,0.811315,221,0,1286
2026/02/04/01:06:35,3132.051139,0.866094,0.806108,0.866094,0.806108,219,0,1288
2026/02/04/01:06:36,3133.051243,0.866094,0.806108,0.866094,0.806108,219,0,1288
2026/02/04/01:06:37,3134.051325,0.866094,0.806108,0.866094,0.806108,219,0,1288
2026/02/04/01:06:38,3135.051438,0.859812,0.791013,0.859812,0.791013,216,0,1291
2026/02/04/01:06:39,3136.051541,0.859812,0.791013,0.859812,0.791013,216,0,1291
2026/02/04/01:06:40,3137.051687,0.859812,0.791013,0.859812,0.791013,216,0,1291
2026/02/04/01:06:41,3138.051831,0.859812,0.791013,0.859812,0.791013,216,0,1291
2026/02/04/01:06:42,3139.051927,0.859812,0.791013,0.859812,0.791013,216,0,1291
2026/02/04/01:06:43,3140.052024,0.859812,0.791013,0.859812,0.791013,216,0,1291
2026/02/04/01:06:44,3141.052184,0.859812,0.791013,0.859812,0.791013,216,0,1291
2026/02/04/01:06:45,3142.052289,0.859812,0.791013,0.859812,0.791013,216,0,1291
2026/02/04/01:06:46,3143.052386,0.859812,0.791013,0.859812,0.791013,216,0,1291
2026/02/04/01:06:47,3144.052531,0.859812,0.791013,0.859812,0.791013,216,0,1291
2026/02/04/01:06:48,3145.052641,0.859812,0.791013,0.859812,0.791013,216,0,1291
2026/02/04/01:06:49,3146.052747,0.859812,0.791013,0.859812,0.791013,216,0,1291
2026/02/04/01:06:50,3147.052898,0.859812,0.791013,0.859812,0.791013,216,0,1291
2026/02/04/01:06:51,3148.052985,0.854938,0.789359,0.854938,0.789359,215,0,1292
2026/02/04/01:06:52,3149.053078,0.854938,0.789359,0.854938,0.789359,215,0,1292
2026/02/04/01:06:53,3150.053177,0.854938,0.789359,0.854938,0.789359,215,0,1292
2026/02/04/01:06:54,3151.053280,0.854938,0.789359,0.854938,0.789359,215,0,1292
2026/02/04/01:06:55,3152.053359,0.854938,0.789359,0.854938,0.789359,215,0,1292
2026/02/04/01:06:56,3153.053449,0.854938,0.789359,0.854938,0.789359,215,0,1292
2026/02/04/01:06:57,3154.053545,0.854938,0.789359,0.854938,0.789359,215,0,1292
2026/02/04/01:06:58,3155.053606,0.854938,0.789359,0.854938,0.789359,215,0,1292
2026/02/04/01:06:59,3156.053702,0.854938,0.789359,0.854938,0.789359,215,0,1292
2026/02/04/01:07:00,3157.053809,0.854938,0.789359,0.854938,0.789359,215,0,1292
2026/02/04/01:07:01,3158.053886,0.854938,0.789359,0.854938,0.789359,215,0,1292
2026/02/04/01:07:02,3159.054047,0.854938,0.789359,0.854938,0.789359,215,0,1292
2026/02/04/01:07:03,3160.054149,0.854938,0.789359,0.854938,0.789359,215,0,1292
2026/02/04/01:07:04,3161.054232,0.854938,0.789359,0.854938,0.789359,215,0,1292
2026/02/04/01:07:05,3162.054353,0.849500,0.780029,0.849500,0.780029,214,0,1293
2026/02/04/01:07:06,3163.054439,0.849500,0.780029,0.849500,0.780029,214,0,1293
2026/02/04/01:07:07,3164.054557,0.849500,0.780029,0.849500,0.780029,214,0,1293
2026/02/04/01:07:08,3165.054656,0.874625,0.804095,0.874625,0.804095,220,0,1293
2026/02/04/01:07:09,3166.054745,0.874625,0.804095,0.874625,0.804095,220,0,1293
2026/02/04/01:07:10,3167.054902,0.874625,0.804095,0.874625,0.804095,220,0,1293
2026/02/04/01:07:11,3168.054920,0.866563,0.796971,0.866563,0.796971,218,0,1295
2026/02/04/01:07:12,3169.055015,0.864938,0.791624,0.864938,0.791624,217,0,1296
2026/02/04/01:07:13,3170.055106,0.864938,0.791624,0.864938,0.791624,217,0,1296
2026/02/04/01:07:14,3171.055194,0.864938,0.791624,0.864938,0.791624,217,0,1296
2026/02/04/01:07:15,3172.055226,0.864938,0.791624,0.864938,0.791624,217,0,1296
2026/02/04/01:07:16,3173.055341,0.864938,0.791624,0.864938,0.791624,217,0,1296
2026/02/04/01:07:17,3174.055503,0.864938,0.791624,0.864938,0.791624,217,0,1296
2026/02/04/01:07:18,3175.055543,0.864938,0.791624,0.864938,0.791624,217,0,1296
2026/02/04/01:07:19,3176.055664,0.864938,0.791624,0.864938,0.791624,217,0,1296
2026/02/04/01:07:20,3177.055818,0.860938,0.789135,0.860938,0.789135,216,0,1297
2026/02/04/01:07:21,3178.055901,0.860938,0.789135,0.860938,0.789135,216,0,1297
2026/02/04/01:07:22,3179.056055,0.860938,0.789135,0.860938,0.789135,216,0,1297
2026/02/04/01:07:23,3180.056147,0.851938,0.783562,0.851938,0.783562,213,0,1300
2026/02/04/01:07:24,3181.056212,0.851938,0.783562,0.851938,0.783562,213,0,1300
2026/02/04/01:07:25,3182.056321,0.851938,0.783562,0.851938,0.783562,213,0,1300
2026/02/04/01:07:26,3183.056474,0.851938,0.783562,0.851938,0.783562,213,0,1300
2026/02/04/01:07:27,3184.056591,0.851938,0.783562,0.851938,0.783562,213,0,1300
2026/02/04/01:07:28,3185.056664,0.851938,0.783562,0.851938,0.783562,213,0,1300
2026/02/04/01:07:29,3186.056745,0.851938,0.783562,0.851938,0.783562,213,0,1300
2026/02/04/01:07:30,3187.056848,0.851938,0.783562,0.851938,0.783562,213,0,1300
2026/02/04/01:07:31,3188.056943,0.851938,0.783562,0.851938,0.783562,213,0,1300
2026/02/04/01:07:32,3189.057039,0.851938,0.783562,0.851938,0.783562,213,0,1300
2026/02/04/01:07:33,3190.057193,0.851938,0.783562,0.851938,0.783562,213,0,1300
2026/02/04/01:07:34,3191.057304,0.851938,0.783562,0.851938,0.783562,213,0,1300
2026/02/04/01:07:35,3192.057336,0.851938,0.783562,0.851938,0.783562,213,0,1300
2026/02/04/01:07:36,3193.057454,0.851938,0.783562,0.851938,0.783562,213,0,1300
2026/02/04/01:07:37,3194.057535,0.851938,0.783562,0.851938,0.783562,213,0,1300
2026/02/04/01:07:38,3195.057693,0.851938,0.783562,0.851938,0.783562,213,0,1300
2026/02/04/01:07:39,3196.057774,0.851938,0.783562,0.851938,0.783562,213,0,1300
2026/02/04/01:07:40,3197.057867,0.851938,0.783562,0.851938,0.783562,213,0,1300
2026/02/04/01:07:41,3198.058019,0.851938,0.783562,0.851938,0.783562,213,0,1300
2026/02/04/01:07:42,3199.058130,0.851938,0.783562,0.851938,0.783562,213,0,1300
2026/02/04/01:07:43,3200.058255,0.851938,0.783562,0.851938,0.783562,213,0,1300
2026/02/04/01:07:44,3201.058358,0.851938,0.783562,0.851938,0.783562,213,0,1300
2026/02/04/01:07:45,3202.058446,0.851938,0.783562,0.851938,0.783562,213,0,1300
2026/02/04/01:07:46,3203.058585,0.851938,0.783562,0.851938,0.783562,213,0,1300
2026/02/04/01:07:47,3204.058802,0.851938,0.783562,0.851938,0.783562,213,0,1300
2026/02/04/01:07:48,3205.058840,0.851938,0.783562,0.851938,0.783562,213,0,1300
2026/02/04/01:07:49,3206.058905,0.851938,0.783562,0.851938,0.783562,213,0,1300
2026/02/04/01:07:50,3207.059004,0.851938,0.783562,0.851938,0.783562,213,0,1300
2026/02/04/01:07:51,3208.059150,0.851938,0.783562,0.851938,0.783562,213,0,1300
2026/02/04/01:07:52,3209.059316,0.851938,0.783562,0.851938,0.783562,213,0,1300
2026/02/04/01:07:53,3210.059411,0.864250,0.795704,0.897750,0.840619,218,5,1300
2026/02/04/01:07:54,3211.059499,0.875812,0.804984,0.909312,0.849899,222,5,1300
2026/02/04/01:07:55,3212.059590,0.868687,0.798884,0.902188,0.843799,219,5,1303
2026/02/04/01:07:56,3213.059687,0.870406,0.808614,0.903906,0.853529,220,5,1303
2026/02/04/01:07:57,3214.059778,0.868406,0.805026,0.901906,0.849941,219,5,1304
2026/02/04/01:07:58,3215.059858,0.875062,0.808235,0.907906,0.814593,220,3,1304
2026/02/04/01:07:59,3216.059956,0.872156,0.805752,0.898344,0.808901,218,2,1307
2026/02/04/01:08:00,3217.060016,0.872156,0.805752,0.898344,0.808901,218,2,1307
2026/02/04/01:08:01,3218.060121,0.872156,0.805752,0.898344,0.808901,218,2,1307
2026/02/04/01:08:02,3219.060226,0.872156,0.805752,0.898344,0.808901,218,2,1307
2026/02/04/01:08:03,3220.060303,0.858844,0.799333,0.885031,0.802482,216,2,1309
2026/02/04/01:08:04,3221.060377,0.858844,0.799333,0.885031,0.802482,216,2,1309
2026/02/04/01:08:05,3222.061481,0.858844,0.799333,0.885031,0.802482,216,2,1309
2026/02/04/01:08:06,3223.061583,0.858844,0.799333,0.885031,0.802482,216,2,1309
2026/02/04/01:08:07,3224.061658,0.858844,0.799333,0.885031,0.802482,216,2,1309
2026/02/04/01:08:08,3225.061805,0.858844,0.799333,0.885031,0.802482,216,2,1309
2026/02/04/01:08:09,3226.061913,0.858844,0.799333,0.885031,0.802482,216,2,1309
2026/02/04/01:08:10,3227.062006,0.858844,0.799333,0.885031,0.802482,216,2,1309
2026/02/04/01:08:11,3228.062113,0.858844,0.799333,0.885031,0.802482,216,2,1309
2026/02/04/01:08:12,3229.062205,0.858844,0.799333,0.885031,0.802482,216,2,1309
2026/02/04/01:08:13,3230.062352,0.857125,0.789604,0.883312,0.792753,215,2,1310
2026/02/04/01:08:14,3231.062500,0.857125,0.789604,0.883312,0.792753,215,2,1310
2026/02/04/01:08:15,3232.062593,0.857125,0.789604,0.883312,0.792753,215,2,1310
2026/02/04/01:08:16,3233.062683,0.857125,0.789604,0.883312,0.792753,215,2,1310
2026/02/04/01:08:17,3234.062760,0.863906,0.782251,0.877000,0.783825,215,1,1311
2026/02/04/01:08:18,3235.062915,0.863906,0.782251,0.877000,0.783825,215,1,1311
2026/02/04/01:08:19,3236.062988,0.863906,0.782251,0.877000,0.783825,215,1,1311
2026/02/04/01:08:20,3237.063098,0.863906,0.782251,0.877000,0.783825,215,1,1311
2026/02/04/01:08:21,3238.063197,0.850812,0.780676,0.850812,0.780676,214,0,1312
2026/02/04/01:08:22,3239.063344,0.845625,0.774634,0.845625,0.774634,212,0,1314
2026/02/04/01:08:23,3240.063454,0.845625,0.774634,0.845625,0.774634,212,0,1314
2026/02/04/01:08:24,3241.063512,0.845625,0.774634,0.845625,0.774634,212,0,1314
2026/02/04/01:08:25,3242.063611,0.845625,0.774634,0.845625,0.774634,212,0,1314
2026/02/04/01:08:26,3243.063699,0.845625,0.774634,0.845625,0.774634,212,0,1314
2026/02/04/01:08:27,3244.063809,0.845625,0.774634,0.845625,0.774634,212,0,1314
2026/02/04/01:08:28,3245.063970,0.845625,0.774634,0.845625,0.774634,212,0,1314
2026/02/04/01:08:29,3246.063987,0.845625,0.774634,0.845625,0.774634,212,0,1314
2026/02/04/01:08:30,3247.064142,0.845625,0.774634,0.845625,0.774634,212,0,1314
2026/02/04/01:08:31,3248.064235,0.845625,0.774634,0.845625,0.774634,212,0,1314
2026/02/04/01:08:32,3249.064293,0.845625,0.774634,0.845625,0.774634,212,0,1314
2026/02/04/01:08:33,3250.064368,0.845625,0.774634,0.845625,0.774634,212,0,1314
2026/02/04/01:08:34,3251.064422,0.845625,0.774634,0.845625,0.774634,212,0,1314
2026/02/04/01:08:35,3252.064521,0.845625,0.774634,0.845625,0.774634,212,0,1314
2026/02/04/01:08:36,3253.064616,0.845625,0.774634,0.845625,0.774634,212,0,1314
2026/02/04/01:08:37,3254.064702,0.845625,0.774634,0.845625,0.774634,212,0,1314
2026/02/04/01:08:38,3255.064800,0.845625,0.774634,0.845625,0.774634,212,0,1314
2026/02/04/01:08:39,3256.064893,0.845625,0.774634,0.845625,0.774634,212,0,1314
2026/02/04/01:08:40,3257.064966,0.845625,0.774634,0.845625,0.774634,212,0,1314
2026/02/04/01:08:41,3258.065049,0.845625,0.774634,0.845625,0.774634,212,0,1314
2026/02/04/01:08:42,3259.065210,0.845625,0.774634,0.845625,0.774634,212,0,1314
2026/02/04/01:08:43,3260.065355,0.845625,0.774634,0.845625,0.774634,212,0,1314
2026/02/04/01:08:44,3261.065511,0.845625,0.774634,0.845625,0.774634,212,0,1314
2026/02/04/01:08:45,3262.065600,0.845625,0.774634,0.845625,0.774634,212,0,1314
2026/02/04/01:08:46,3263.065705,0.845625,0.774634,0.845625,0.774634,212,0,1314
2026/02/04/01:08:47,3264.065856,0.855500,0.782115,0.855500,0.782115,216,0,1314
2026/02/04/01:08:48,3265.065938,0.855500,0.782115,0.855500,0.782115,216,0,1314
2026/02/04/01:08:49,3266.066007,0.848281,0.777076,0.848281,0.777076,213,0,1317
2026/02/04/01:08:50,3267.066166,0.848281,0.777076,0.848281,0.777076,213,0,1317
2026/02/04/01:08:51,3268.066256,0.848281,0.777076,0.848281,0.777076,213,0,1317
2026/02/04/01:08:52,3269.066422,0.848281,0.777076,0.848281,0.777076,213,0,1317
2026/02/04/01:08:53,3270.066529,0.840281,0.767018,0.840281,0.767018,209,0,1321
2026/02/04/01:08:54,3271.066644,0.840281,0.767018,0.840281,0.767018,209,0,1321
2026/02/04/01:08:55,3272.066746,0.840281,0.767018,0.840281,0.767018,209,0,1321
2026/02/04/01:08:56,3273.066873,0.840281,0.767018,0.840281,0.767018,209,0,1321
2026/02/04/01:08:57,3274.066977,0.840281,0.767018,0.840281,0.767018,209,0,1321
2026/02/04/01:08:58,3275.067058,0.840281,0.767018,0.840281,0.767018,209,0,1321
2026/02/04/01:08:59,3276.067215,0.840281,0.767018,0.840281,0.767018,209,0,1321
2026/02/04/01:09:00,3277.067359,0.840281,0.767018,0.840281,0.767018,209,0,1321
2026/02/04/01:09:01,3278.067509,0.840281,0.767018,0.840281,0.767018,209,0,1321
2026/02/04/01:09:02,3279.067608,0.840281,0.767018,0.840281,0.767018,209,0,1321
2026/02/04/01:09:03,3280.067686,0.840281,0.767018,0.840281,0.767018,209,0,1321
2026/02/04/01:09:04,3281.067838,0.840281,0.767018,0.840281,0.767018,209,0,1321
2026/02/04/01:09:05,3282.067937,0.840281,0.767018,0.840281,0.767018,209,0,1321
2026/02/04/01:09:06,3283.068037,0.840281,0.767018,0.840281,0.767018,209,0,1321
2026/02/04/01:09:07,3284.068192,0.840281,0.767018,0.840281,0.767018,209,0,1321
2026/02/04/01:09:08,3285.068301,0.867094,0.799837,0.867094,0.799837,219,0,1321
2026/02/04/01:09:09,3286.068434,0.870281,0.803607,0.870281,0.803607,221,0,1321
2026/02/04/01:09:10,3287.068528,0.866906,0.797020,0.866906,0.797020,219,0,1323
2026/02/04/01:09:11,3288.068696,0.866906,0.797020,0.866906,0.797020,219,0,1323
2026/02/04/01:09:12,3289.068705,0.849781,0.777001,0.849781,0.777001,214,0,1328
2026/02/04/01:09:13,3290.068814,0.849781,0.777001,0.849781,0.777001,214,0,1328
2026/02/04/01:09:14,3291.068925,0.849781,0.777001,0.849781,0.777001,214,0,1328
2026/02/04/01:09:15,3292.069008,0.849781,0.777001,0.849781,0.777001,214,0,1328
2026/02/04/01:09:16,3293.069161,0.849781,0.777001,0.849781,0.777001,214,0,1328
2026/02/04/01:09:17,3294.069326,0.864187,0.809913,0.878625,0.812134,218,1,1328
2026/02/04/01:09:18,3295.069419,0.859187,0.807916,0.873625,0.810137,217,1,1330
2026/02/04/01:09:19,3296.069515,0.868844,0.815795,0.883281,0.818016,219,1,1333
2026/02/04/01:09:20,3297.069629,0.866750,0.814040,0.881188,0.816261,218,1,1334
2026/02/04/01:09:21,3298.069746,0.853375,0.794284,0.867812,0.796505,214,1,1338
2026/02/04/01:09:22,3299.069881,0.849750,0.773249,0.864187,0.775470,212,1,1340
2026/02/04/01:09:23,3300.069990,0.847187,0.770745,0.861625,0.772966,211,1,1341
2026/02/04/01:09:24,3301.070061,0.847187,0.770745,0.861625,0.772966,211,1,1341
2026/02/04/01:09:25,3302.070214,0.847187,0.770745,0.861625,0.772966,211,1,1341
2026/02/04/01:09:26,3303.070305,0.847187,0.770745,0.861625,0.772966,211,1,1341
2026/02/04/01:09:27,3304.070409,0.847187,0.770745,0.861625,0.772966,211,1,1341
2026/02/04/01:09:28,3305.070574,0.847187,0.770745,0.861625,0.772966,211,1,1341
2026/02/04/01:09:29,3306.070729,0.847187,0.770745,0.861625,0.772966,211,1,1341
2026/02/04/01:09:30,3307.070812,0.840156,0.767544,0.854594,0.769765,210,1,1342
2026/02/04/01:09:31,3308.070899,0.840156,0.767544,0.854594,0.769765,210,1,1342
2026/02/04/01:09:32,3309.070955,0.840156,0.767544,0.854594,0.769765,210,1,1342
2026/02/04/01:09:33,3310.071106,0.840156,0.767544,0.854594,0.769765,210,1,1342
2026/02/04/01:09:34,3311.071257,0.840156,0.767544,0.854594,0.769765,210,1,1342
2026/02/04/01:09:35,3312.071412,0.840156,0.767544,0.854594,0.769765,210,1,1342
2026/02/04/01:09:36,3313.071495,0.840156,0.767544,0.854594,0.769765,210,1,1342
2026/02/04/01:09:37,3314.071644,0.840156,0.767544,0.854594,0.769765,210,1,1342
2026/02/04/01:09:38,3315.071797,0.836906,0.756160,0.851344,0.758382,208,1,1344
2026/02/04/01:09:39,3316.071891,0.836906,0.756160,0.851344,0.758382,208,1,1344
2026/02/04/01:09:40,3317.071977,0.836906,0.756160,0.851344,0.758382,208,1,1344
2026/02/04/01:09:41,3318.072127,0.836906,0.756160,0.851344,0.758382,208,1,1344
2026/02/04/01:09:42,3319.072296,0.836906,0.756160,0.851344,0.758382,208,1,1344
2026/02/04/01:09:43,3320.072318,0.836906,0.756160,0.851344,0.758382,208,1,1344
2026/02/04/01:09:44,3321.072428,0.836906,0.756160,0.851344,0.758382,208,1,1344
2026/02/04/01:09:45,3322.072575,0.831656,0.752379,0.846094,0.754600,206,1,1346
2026/02/04/01:09:46,3323.072644,0.831656,0.752379,0.846094,0.754600,206,1,1346
2026/02/04/01:09:47,3324.072745,0.831656,0.752379,0.846094,0.754600,206,1,1346
2026/02/04/01:09:48,3325.072833,0.831656,0.752379,0.846094,0.754600,206,1,1346
2026/02/04/01:09:49,3326.072933,0.831656,0.752379,0.846094,0.754600,206,1,1346
2026/02/04/01:09:50,3327.073001,0.831656,0.752379,0.846094,0.754600,206,1,1346
2026/02/04/01:09:51,3328.073174,0.831656,0.752379,0.846094,0.754600,206,1,1346
2026/02/04/01:09:52,3329.073173,0.831656,0.752379,0.846094,0.754600,206,1,1346
2026/02/04/01:09:53,3330.073284,0.831656,0.752379,0.846094,0.754600,206,1,1346
2026/02/04/01:09:54,3331.073383,0.831656,0.752379,0.846094,0.754600,206,1,1346
2026/02/04/01:09:55,3332.073448,0.831656,0.752379,0.846094,0.754600,206,1,1346
2026/02/04/01:09:56,3333.073550,0.831656,0.752379,0.846094,0.754600,206,1,1346
2026/02/04/01:09:57,3334.073624,0.858437,0.789717,0.878313,0.831734,213,4,1346
2026/02/04/01:09:58,3335.073714,0.858437,0.789717,0.878313,0.831734,213,4,1346
2026/02/04/01:09:59,3336.073815,0.855594,0.785840,0.875469,0.827857,212,4,1347
2026/02/04/01:10:00,3337.073908,0.855594,0.785840,0.875469,0.827857,212,4,1347
2026/02/04/01:10:01,3338.074054,0.851031,0.763742,0.865469,0.765963,210,1,1349
2026/02/04/01:10:02,3339.074149,0.842344,0.760325,0.856781,0.762547,209,1,1350
2026/02/04/01:10:03,3340.074238,0.842344,0.760325,0.856781,0.762547,209,1,1350
2026/02/04/01:10:04,3341.074382,0.842344,0.760325,0.856781,0.762547,209,1,1350
2026/02/04/01:10:05,3342.074501,0.842344,0.760325,0.856781,0.762547,209,1,1350
2026/02/04/01:10:06,3343.074591,0.842344,0.760325,0.856781,0.762547,209,1,1350
2026/02/04/01:10:07,3344.074743,0.842344,0.760325,0.856781,0.762547,209,1,1350
2026/02/04/01:10:08,3345.074807,0.842344,0.760325,0.856781,0.762547,209,1,1350
2026/02/04/01:10:09,3346.074913,0.831656,0.752379,0.846094,0.754600,206,1,1353
2026/02/04/01:10:10,3347.075052,0.831656,0.752379,0.846094,0.754600,206,1,1353
2026/02/04/01:10:11,3348.075177,0.831656,0.752379,0.846094,0.754600,206,1,1353
2026/02/04/01:10:12,3349.075340,0.831656,0.752379,0.846094,0.754600,206,1,1353
2026/02/04/01:10:13,3350.075462,0.831656,0.752379,0.846094,0.754600,206,1,1353
2026/02/04/01:10:14,3351.075536,0.856969,0.764527,0.871406,0.766749,209,1,1353
2026/02/04/01:10:15,3352.075629,0.856969,0.764527,0.871406,0.766749,209,1,1353
2026/02/04/01:10:16,3353.075729,0.856969,0.764527,0.871406,0.766749,209,1,1353
2026/02/04/01:10:17,3354.075829,0.851031,0.761056,0.865469,0.763277,208,1,1354
2026/02/04/01:10:18,3355.075938,0.851031,0.761056,0.865469,0.763277,208,1,1354
2026/02/04/01:10:19,3356.076020,0.851031,0.761056,0.865469,0.763277,208,1,1354
2026/02/04/01:10:20,3357.076105,0.851031,0.761056,0.865469,0.763277,208,1,1354
2026/02/04/01:10:21,3358.076198,0.851031,0.761056,0.865469,0.763277,208,1,1354
2026/02/04/01:10:22,3359.076344,0.851031,0.761056,0.865469,0.763277,208,1,1354
2026/02/04/01:10:23,3360.076450,0.851031,0.761056,0.865469,0.763277,208,1,1354
2026/02/04/01:10:24,3361.076562,0.851031,0.761056,0.865469,0.763277,208,1,1354
2026/02/04/01:10:25,3362.076708,0.851031,0.761056,0.865469,0.763277,208,1,1354
2026/02/04/01:10:26,3363.076858,0.851031,0.761056,0.865469,0.763277,208,1,1354
2026/02/04/01:10:27,3364.077010,0.865094,0.777155,0.879531,0.779376,211,1,1354
2026/02/04/01:10:28,3365.077120,0.867437,0.787635,0.881875,0.789857,212,1,1356
2026/02/04/01:10:29,3366.077194,0.867437,0.787635,0.881875,0.789857,212,1,1356
2026/02/04/01:10:30,3367.077301,0.865531,0.785976,0.879969,0.788198,211,1,1357
2026/02/04/01:10:31,3368.077416,0.861281,0.777937,0.875719,0.780158,209,1,1359
2026/02/04/01:10:32,3369.077488,0.867656,0.783113,0.882094,0.785334,212,1,1359
2026/02/04/01:10:33,3370.077585,0.867656,0.783113,0.882094,0.785334,212,1,1359
2026/02/04/01:10:34,3371.077731,0.867656,0.783113,0.882094,0.785334,212,1,1359
2026/02/04/01:10:35,3372.077826,0.867656,0.783113,0.882094,0.785334,212,1,1359
2026/02/04/01:10:36,3373.077914,0.867656,0.783113,0.882094,0.785334,212,1,1359
2026/02/04/01:10:37,3374.078006,0.867656,0.783113,0.882094,0.785334,212,1,1359
2026/02/04/01:10:38,3375.078082,0.863969,0.769329,0.878406,0.771551,210,1,1361
2026/02/04/01:10:39,3376.078226,0.863969,0.769329,0.878406,0.771551,210,1,1361
2026/02/04/01:10:40,3377.078355,0.863969,0.769329,0.878406,0.771551,210,1,1361
2026/02/04/01:10:41,3378.078440,0.863969,0.769329,0.878406,0.771551,210,1,1361
2026/02/04/01:10:42,3379.078593,0.863969,0.769329,0.878406,0.771551,210,1,1361
2026/02/04/01:10:43,3380.078695,0.883406,0.792099,0.923031,0.820796,216,4,1361
2026/02/04/01:10:44,3381.078775,0.883406,0.792099,0.923031,0.820796,216,4,1361
2026/02/04/01:10:45,3382.078874,0.883406,0.792099,0.908594,0.818574,216,3,1361
2026/02/04/01:10:46,3383.079136,0.873656,0.787404,0.898844,0.813880,213,3,1364
2026/02/04/01:10:47,3384.079225,0.873656,0.787404,0.898844,0.813880,213,3,1364
2026/02/04/01:10:48,3385.079335,0.873656,0.787404,0.898844,0.813880,213,3,1364
2026/02/04/01:10:49,3386.079441,0.873656,0.787404,0.898844,0.813880,213,3,1364
2026/02/04/01:10:50,3387.079519,0.883687,0.801286,0.908875,0.827762,218,3,1364
2026/02/04/01:10:51,3388.079684,0.883687,0.801286,0.908875,0.827762,218,3,1364
2026/02/04/01:10:52,3389.079834,0.881781,0.799296,0.906969,0.825772,217,3,1365
2026/02/04/01:10:53,3390.079930,0.877969,0.793410,0.903156,0.819886,215,3,1367
2026/02/04/01:10:54,3391.080044,0.871594,0.788234,0.896781,0.814710,212,3,1370
2026/02/04/01:10:55,3392.080190,0.871594,0.788234,0.896781,0.814710,212,3,1370
2026/02/04/01:10:56,3393.080325,0.871594,0.788234,0.896781,0.814710,212,3,1370
2026/02/04/01:10:57,3394.080416,0.871594,0.788234,0.896781,0.814710,212,3,1370
2026/02/04/01:10:58,3395.080505,0.871594,0.788234,0.896781,0.814710,212,3,1370
2026/02/04/01:10:59,3396.080602,0.871594,0.788234,0.896781,0.814710,212,3,1370
2026/02/04/01:11:00,3397.080752,0.876219,0.800404,0.901406,0.826880,214,3,1370
2026/02/04/01:11:01,3398.080834,0.876219,0.800404,0.901406,0.826880,214,3,1370
2026/02/04/01:11:02,3399.080922,0.871812,0.797857,0.897000,0.824333,213,3,1371
2026/02/04/01:11:03,3400.081006,0.867188,0.785687,0.892375,0.812162,211,3,1373
2026/02/04/01:11:04,3401.081081,0.867188,0.785687,0.892375,0.812162,211,3,1373
2026/02/04/01:11:05,3402.081229,0.862875,0.779680,0.888062,0.806156,209,3,1375
2026/02/04/01:11:06,3403.081314,0.862875,0.779680,0.888062,0.806156,209,3,1375
2026/02/04/01:11:07,3404.081342,0.862875,0.779680,0.888062,0.806156,209,3,1375
2026/02/04/01:11:08,3405.081420,0.862875,0.779680,0.888062,0.806156,209,3,1375
2026/02/04/01:11:09,3406.081623,0.862875,0.779680,0.888062,0.806156,209,3,1375
2026/02/04/01:11:10,3407.081639,0.862875,0.779680,0.888062,0.806156,209,3,1375
2026/02/04/01:11:11,3408.081784,0.862875,0.779680,0.888062,0.806156,209,3,1375
2026/02/04/01:11:12,3409.081856,0.862875,0.779680,0.888062,0.806156,209,3,1375
2026/02/04/01:11:13,3410.081936,0.868031,0.790710,0.893219,0.817185,212,3,1375
2026/02/04/01:11:14,3411.082028,0.868031,0.790710,0.893219,0.817185,212,3,1375
2026/02/04/01:11:15,3412.082134,0.868031,0.790710,0.893219,0.817185,212,3,1375
2026/02/04/01:11:16,3413.082297,0.868031,0.790710,0.893219,0.817185,212,3,1375
2026/02/04/01:11:17,3414.082375,0.868031,0.790710,0.893219,0.817185,212,3,1375
2026/02/04/01:11:18,3415.082529,0.868031,0.790710,0.893219,0.817185,212,3,1375
2026/02/04/01:11:19,3416.082631,0.868031,0.790710,0.893219,0.817185,212,3,1375
2026/02/04/01:11:20,3417.082770,0.868031,0.790710,0.893219,0.817185,212,3,1375
2026/02/04/01:11:21,3418.082870,0.903219,0.811334,0.928406,0.837810,222,3,1375
2026/02/04/01:11:22,3419.082966,0.917438,0.838461,0.959406,0.892190,228,7,1377
2026/02/04/01:11:23,3420.083057,0.925469,0.851023,0.972094,0.915999,233,8,1377
2026/02/04/01:11:24,3421.083148,0.920656,0.849368,0.967281,0.914344,232,8,1378
2026/02/04/01:11:25,3422.083243,0.920656,0.849368,0.967281,0.914344,232,8,1378
2026/02/04/01:11:26,3423.083332,0.905031,0.843139,0.943906,0.903844,227,7,1384
2026/02/04/01:11:27,3424.083434,0.905031,0.843139,0.943906,0.903844,227,7,1384
2026/02/04/01:11:28,3425.083524,0.904875,0.846540,0.938531,0.897823,226,6,1386
2026/02/04/01:11:29,3426.083701,0.905375,0.845340,0.936125,0.880490,228,5,1387
2026/02/04/01:11:30,3427.083788,0.905375,0.845340,0.936125,0.880490,228,5,1387
2026/02/04/01:11:31,3428.083885,0.900687,0.835032,0.931438,0.870183,225,5,1390
2026/02/04/01:11:32,3429.084040,0.897437,0.831830,0.928188,0.866980,223,5,1392
2026/02/04/01:11:33,3430.084127,0.897437,0.831830,0.920656,0.864270,223,4,1392
2026/02/04/01:11:34,3431.084243,0.897437,0.831830,0.920656,0.864270,223,4,1392
2026/02/04/01:11:35,3432.084336,0.897437,0.831830,0.920656,0.864270,223,4,1392
2026/02/04/01:11:36,3433.084485,0.897437,0.831830,0.920656,0.864270,223,4,1392
2026/02/04/01:11:37,3434.084574,0.897437,0.831830,0.920656,0.864270,223,4,1392
2026/02/04/01:11:38,3435.084665,0.900031,0.825071,0.915500,0.853241,221,3,1395
2026/02/04/01:11:39,3436.084748,0.900031,0.825071,0.915500,0.853241,221,3,1395
2026/02/04/01:11:40,3437.084845,0.900031,0.825071,0.915500,0.853241,221,3,1395
2026/02/04/01:11:41,3438.084932,0.900031,0.825071,0.915500,0.853241,221,3,1395
2026/02/04/01:11:42,3439.085052,0.900031,0.825071,0.915500,0.853241,221,3,1395
2026/02/04/01:11:43,3440.085123,0.900031,0.825071,0.915500,0.853241,221,3,1395
2026/02/04/01:11:44,3441.085238,0.894312,0.816850,0.909781,0.845019,218,3,1398
2026/02/04/01:11:45,3442.085347,0.894312,0.816850,0.909781,0.845019,218,3,1398
2026/02/04/01:11:46,3443.085497,0.894312,0.816850,0.909781,0.845019,218,3,1398
2026/02/04/01:11:47,3444.085545,0.894312,0.816850,0.909781,0.845019,218,3,1398
2026/02/04/01:11:48,3445.085668,0.894312,0.816850,0.909781,0.845019,218,3,1398
2026/02/04/01:11:49,3446.085738,0.894312,0.816850,0.909781,0.845019,218,3,1398
2026/02/04/01:11:50,3447.085844,0.894312,0.816850,0.909781,0.845019,218,3,1398
2026/02/04/01:11:51,3448.085937,0.894312,0.816850,0.909781,0.845019,218,3,1398
2026/02/04/01:11:52,3449.086031,0.894312,0.816850,0.909781,0.845019,218,3,1398
2026/02/04/01:11:53,3450.086128,0.898813,0.817437,0.906531,0.841335,218,2,1399
2026/02/04/01:11:54,3451.086293,0.898813,0.817437,0.906531,0.841335,218,2,1399
2026/02/04/01:11:55,3452.086393,0.898813,0.817437,0.906531,0.841335,218,2,1399
2026/02/04/01:11:56,3453.086472,0.898813,0.817437,0.906531,0.841335,218,2,1399
2026/02/04/01:11:57,3454.086553,0.898813,0.817437,0.906531,0.841335,218,2,1399
2026/02/04/01:11:58,3455.086715,0.898813,0.817437,0.906531,0.841335,218,2,1399
2026/02/04/01:11:59,3456.086830,0.898813,0.817437,0.906531,0.841335,218,2,1399
2026/02/04/01:12:00,3457.086916,0.898813,0.817437,0.906531,0.841335,218,2,1399
2026/02/04/01:12:01,3458.087003,0.898813,0.817437,0.906531,0.841335,218,2,1399
2026/02/04/01:12:02,3459.087096,0.898813,0.817437,0.906531,0.841335,218,2,1399
2026/02/04/01:12:03,3460.087198,0.917250,0.839143,0.938094,0.876322,223,3,1399
2026/02/04/01:12:04,3461.087343,0.917250,0.839143,0.938094,0.876322,223,3,1399
2026/02/04/01:12:05,3462.087447,0.909312,0.827026,0.930156,0.864205,220,3,1402
2026/02/04/01:12:06,3463.087533,0.909312,0.827026,0.930156,0.864205,220,3,1402
2026/02/04/01:12:07,3464.087640,0.909312,0.827026,0.930156,0.864205,220,3,1402
2026/02/04/01:12:08,3465.087799,0.909312,0.827026,0.930156,0.864205,220,3,1402
2026/02/04/01:12:09,3466.087888,0.909312,0.827026,0.930156,0.864205,220,3,1402
2026/02/04/01:12:10,3467.087991,0.909312,0.827026,0.930156,0.864205,220,3,1402
2026/02/04/01:12:11,3468.088094,0.909312,0.827026,0.930156,0.864205,220,3,1402
2026/02/04/01:12:12,3469.088196,0.909312,0.827026,0.930156,0.864205,220,3,1402
2026/02/04/01:12:13,3470.088348,0.909312,0.827026,0.930156,0.864205,220,3,1402
2026/02/04/01:12:14,3471.088471,0.909312,0.827026,0.930156,0.864205,220,3,1402
2026/02/04/01:12:15,3472.088622,0.909312,0.827026,0.930156,0.864205,220,3,1402
2026/02/04/01:12:16,3473.088705,0.909312,0.827026,0.930156,0.864205,220,3,1402
2026/02/04/01:12:17,3474.088856,0.909312,0.827026,0.930156,0.864205,220,3,1402
2026/02/04/01:12:18,3475.088945,0.909312,0.827026,0.930156,0.864205,220,3,1402
2026/02/04/01:12:19,3476.089043,0.911031,0.830324,0.931875,0.867503,221,3,1402
2026/02/04/01:12:20,3477.089191,0.911031,0.830324,0.931875,0.867503,221,3,1402
2026/02/04/01:12:21,3478.089245,0.897031,0.816046,0.917875,0.853225,217,3,1406
2026/02/04/01:12:22,3479.089419,0.897031,0.816046,0.917875,0.853225,217,3,1406
2026/02/04/01:12:23,3480.089451,0.897031,0.816046,0.913219,0.841978,217,2,1406
2026/02/04/01:12:24,3481.089517,0.897031,0.816046,0.913219,0.841978,217,2,1406
2026/02/04/01:12:25,3482.089623,0.897031,0.816046,0.913219,0.841978,217,2,1406
2026/02/04/01:12:26,3483.089720,0.897031,0.816046,0.913219,0.841978,217,2,1406
2026/02/04/01:12:27,3484.089815,0.897031,0.816046,0.913219,0.841978,217,2,1406
2026/02/04/01:12:28,3485.089907,0.897031,0.816046,0.913219,0.841978,217,2,1406
2026/02/04/01:12:29,3486.090059,0.897031,0.816046,0.913219,0.841978,217,2,1406
2026/02/04/01:12:30,3487.090153,0.893969,0.803394,0.907094,0.816675,216,1,1407
2026/02/04/01:12:31,3488.090255,0.893969,0.803394,0.907094,0.816675,216,1,1407
2026/02/04/01:12:32,3489.090348,0.893969,0.803394,0.907094,0.816675,216,1,1407
2026/02/04/01:12:33,3490.090443,0.893969,0.803394,0.907094,0.816675,216,1,1407
2026/02/04/01:12:34,3491.090536,0.893969,0.803394,0.907094,0.816675,216,1,1407
2026/02/04/01:12:35,3492.090630,0.897281,0.808615,0.897281,0.808615,216,0,1408
2026/02/04/01:12:36,3493.090719,0.897281,0.808615,0.897281,0.808615,216,0,1408
2026/02/04/01:12:37,3494.090868,0.897281,0.808615,0.897281,0.808615,216,0,1408
2026/02/04/01:12:38,3495.090961,0.897281,0.808615,0.897281,0.808615,216,0,1408
2026/02/04/01:12:39,3496.091053,0.897281,0.808615,0.897281,0.808615,216,0,1408
2026/02/04/01:12:40,3497.091146,0.895594,0.806870,0.895594,0.806870,215,0,1409
2026/02/04/01:12:41,3498.091259,0.893875,0.803572,0.893875,0.803572,214,0,1410
2026/02/04/01:12:42,3499.091346,0.893875,0.803572,0.893875,0.803572,214,0,1410
2026/02/04/01:12:43,3500.091497,0.893875,0.803572,0.893875,0.803572,214,0,1410
2026/02/04/01:12:44,3501.091580,0.932250,0.830038,0.936500,0.833275,226,2,1410
2026/02/04/01:12:45,3502.091676,0.952250,0.848033,0.952250,0.848033,234,0,1410
2026/02/04/01:12:46,3503.092217,0.952250,0.848033,0.952250,0.848033,234,0,1410
2026/02/04/01:12:47,3504.092304,0.944125,0.839802,0.985688,0.861282,231,5,1415
2026/02/04/01:12:48,3505.092353,0.944125,0.839802,0.985688,0.861282,231,5,1415
2026/02/04/01:12:49,3506.092445,0.942281,0.837890,0.983844,0.859369,230,5,1416
2026/02/04/01:12:50,3507.092527,0.930844,0.836071,0.962656,0.858679,226,5,1423
2026/02/04/01:12:51,3508.092614,0.941156,0.846958,0.962656,0.858679,229,2,1423
2026/02/04/01:12:52,3509.092767,0.950281,0.855253,0.971781,0.866975,232,2,1423
2026/02/04/01:12:53,3510.092859,0.943906,0.843745,0.965406,0.855466,229,2,1426
2026/02/04/01:12:54,3511.092967,0.925719,0.838661,0.947219,0.850383,226,2,1429
2026/02/04/01:12:55,3512.093115,0.925719,0.838661,0.947219,0.850383,226,2,1429
2026/02/04/01:12:56,3513.093212,0.922031,0.833466,0.943531,0.845187,225,2,1430
2026/02/04/01:12:57,3514.093330,0.922031,0.833466,0.943531,0.845187,225,2,1430
2026/02/04/01:12:58,3515.093476,0.922031,0.833466,0.943531,0.845187,225,2,1430
2026/02/04/01:12:59,3516.093565,0.922031,0.833466,0.943531,0.845187,225,2,1430
2026/02/04/01:13:00,3517.093714,0.915406,0.827775,0.936906,0.839496,223,2,1432
2026/02/04/01:13:01,3518.093822,0.915406,0.827775,0.936906,0.839496,223,2,1432
2026/02/04/01:13:02,3519.093957,0.915406,0.827775,0.936906,0.839496,223,2,1432
2026/02/04/01:13:03,3520.094076,0.915406,0.827775,0.936906,0.839496,223,2,1432
2026/02/04/01:13:04,3521.094230,0.913813,0.825993,0.935312,0.837714,222,2,1433
2026/02/04/01:13:05,3522.094333,0.913813,0.825993,0.935312,0.837714,222,2,1433
2026/02/04/01:13:06,3523.094472,0.912188,0.821089,0.933688,0.832811,221,2,1434
2026/02/04/01:13:07,3524.094612,0.912188,0.821089,0.933688,0.832811,221,2,1434
2026/02/04/01:13:08,3525.094753,0.912188,0.821089,0.933688,0.832811,221,2,1434
2026/02/04/01:13:09,3526.094912,0.916969,0.822719,0.967156,0.847220,222,6,1434
2026/02/04/01:13:10,3527.094989,0.922844,0.817708,0.993656,0.861528,220,9,1440
2026/02/04/01:13:11,3528.095088,0.929594,0.834082,1.005906,0.902314,223,11,1440
2026/02/04/01:13:12,3529.095153,0.929594,0.834082,1.005906,0.902314,223,11,1440
2026/02/04/01:13:13,3530.095258,0.924813,0.832452,0.980500,0.881365,222,8,1441
2026/02/04/01:13:14,3531.095405,0.924813,0.832452,0.980500,0.881365,222,8,1441
2026/02/04/01:13:15,3532.095532,0.924813,0.832452,0.966125,0.876484,222,6,1441
2026/02/04/01:13:16,3533.095653,0.922406,0.830093,0.963719,0.874125,221,6,1442
2026/02/04/01:13:17,3534.095750,0.910906,0.828982,0.956844,0.863047,221,6,1443
2026/02/04/01:13:18,3535.095905,0.917156,0.831186,0.942531,0.855148,222,3,1443
2026/02/04/01:13:19,3536.095987,0.917156,0.831186,0.942531,0.855148,222,3,1443
2026/02/04/01:13:20,3537.096083,0.928531,0.824947,0.939281,0.830808,222,1,1445
2026/02/04/01:13:21,3538.096139,0.928531,0.824947,0.939281,0.830808,222,1,1445
2026/02/04/01:13:22,3539.096262,0.928531,0.824947,0.939281,0.830808,222,1,1445
2026/02/04/01:13:23,3540.096344,0.924656,0.812706,0.935406,0.818566,221,1,1446
2026/02/04/01:13:24,3541.096494,0.924656,0.812706,0.935406,0.818566,221,1,1446
2026/02/04/01:13:25,3542.096582,0.921344,0.807729,0.932094,0.813589,219,1,1448
2026/02/04/01:13:26,3543.096674,0.907344,0.797114,0.907344,0.797114,216,0,1451
2026/02/04/01:13:27,3544.096918,0.905687,0.787342,0.905687,0.787342,215,0,1452
2026/02/04/01:13:28,3545.096987,0.899438,0.785139,0.899438,0.785139,214,0,1453
2026/02/04/01:13:29,3546.097131,0.899438,0.785139,0.899438,0.785139,214,0,1453
2026/02/04/01:13:30,3547.097218,0.899438,0.785139,0.899438,0.785139,214,0,1453
2026/02/04/01:13:31,3548.097323,0.899438,0.785139,0.899438,0.785139,214,0,1453
2026/02/04/01:13:32,3549.097413,0.899438,0.785139,0.899438,0.785139,214,0,1453
2026/02/04/01:13:33,3550.097575,0.899438,0.785139,0.899438,0.785139,214,0,1453
2026/02/04/01:13:34,3551.097719,0.899438,0.785139,0.899438,0.785139,214,0,1453
2026/02/04/01:13:35,3552.097829,0.899438,0.785139,0.899438,0.785139,214,0,1453
2026/02/04/01:13:36,3553.097979,0.899438,0.785139,0.899438,0.785139,214,0,1453
2026/02/04/01:13:37,3554.098077,0.899438,0.785139,0.899438,0.785139,214,0,1453
2026/02/04/01:13:38,3555.098176,0.899438,0.785139,0.899438,0.785139,214,0,1453
2026/02/04/01:13:39,3556.098287,0.899438,0.785139,0.899438,0.785139,214,0,1453
2026/02/04/01:13:40,3557.098345,0.899438,0.785139,0.899438,0.785139,214,0,1453
2026/02/04/01:13:41,3558.098445,0.899438,0.785139,0.899438,0.785139,214,0,1453
2026/02/04/01:13:42,3559.098549,0.899438,0.785139,0.899438,0.785139,214,0,1453
2026/02/04/01:13:43,3560.098770,0.899438,0.785139,0.899438,0.785139,214,0,1453
2026/02/04/01:13:44,3561.098804,0.901687,0.786937,0.906188,0.790534,215,2,1453
2026/02/04/01:13:45,3562.098869,0.913500,0.800672,0.913500,0.800672,220,0,1453
2026/02/04/01:13:46,3563.098969,0.913500,0.800672,0.913500,0.800672,220,0,1453
2026/02/04/01:13:47,3564.099120,0.910219,0.795834,0.934156,0.801309,217,2,1459
2026/02/04/01:13:48,3565.099233,0.910219,0.795834,0.934156,0.801309,217,2,1459
2026/02/04/01:13:49,3566.099304,0.911719,0.791189,0.923687,0.793926,215,1,1463
2026/02/04/01:13:50,3567.099407,0.899750,0.788452,0.899750,0.788452,214,0,1464
2026/02/04/01:13:51,3568.099494,0.899750,0.788452,0.899750,0.788452,214,0,1464
2026/02/04/01:13:52,3569.099595,0.899750,0.788452,0.899750,0.788452,214,0,1464
2026/02/04/01:13:53,3570.099686,0.899750,0.788452,0.899750,0.788452,214,0,1464
2026/02/04/01:13:54,3571.099757,0.899750,0.788452,0.899750,0.788452,214,0,1464
2026/02/04/01:13:55,3572.099872,0.889938,0.785382,0.889938,0.785382,213,0,1465
2026/02/04/01:13:56,3573.100016,0.889938,0.785382,0.889938,0.785382,213,0,1465
2026/02/04/01:13:57,3574.100113,0.889938,0.785382,0.889938,0.785382,213,0,1465
2026/02/04/01:13:58,3575.100299,0.889938,0.785382,0.889938,0.785382,213,0,1465
2026/02/04/01:13:59,3576.100366,0.889938,0.785382,0.889938,0.785382,213,0,1465
2026/02/04/01:14:00,3577.100455,0.889938,0.785382,0.889938,0.785382,213,0,1465
2026/02/04/01:14:01,3578.100597,0.889938,0.785382,0.889938,0.785382,213,0,1465
2026/02/04/01:14:02,3579.100669,0.889938,0.785382,0.889938,0.785382,213,0,1465
2026/02/04/01:14:03,3580.100772,0.889938,0.785382,0.889938,0.785382,213,0,1465
2026/02/04/01:14:04,3581.100861,0.889938,0.785382,0.889938,0.785382,213,0,1465
2026/02/04/01:14:05,3582.100962,0.889938,0.785382,0.889938,0.785382,213,0,1465
2026/02/04/01:14:06,3583.101061,0.889938,0.785382,0.889938,0.785382,213,0,1465
2026/02/04/01:14:07,3584.101221,0.889938,0.785382,0.889938,0.785382,213,0,1465
2026/02/04/01:14:08,3585.101331,0.889938,0.785382,0.889938,0.785382,213,0,1465
2026/02/04/01:14:09,3586.101428,0.889938,0.785382,0.889938,0.785382,213,0,1465
2026/02/04/01:14:10,3587.101575,0.889938,0.785382,0.889938,0.785382,213,0,1465
2026/02/04/01:14:11,3588.101670,0.889938,0.785382,0.889938,0.785382,213,0,1465
2026/02/04/01:14:12,3589.101763,0.889938,0.785382,0.889938,0.785382,213,0,1465
2026/02/04/01:14:13,3590.101852,0.889938,0.785382,0.889938,0.785382,213,0,1465
2026/02/04/01:14:14,3591.101950,0.889938,0.785382,0.889938,0.785382,213,0,1465
2026/02/04/01:14:15,3592.102094,0.889938,0.785382,0.889938,0.785382,213,0,1465
2026/02/04/01:14:16,3593.102193,0.918844,0.819840,0.918844,0.819840,220,0,1465
2026/02/04/01:14:17,3594.102285,0.927188,0.841376,0.945281,0.845313,224,2,1465
2026/02/04/01:14:18,3595.102338,0.939406,0.848532,0.979750,0.930585,227,10,1465
2026/02/04/01:14:19,3596.102426,0.943156,0.851397,0.985969,0.935040,228,10,1466
2026/02/04/01:14:20,3597.102520,0.945750,0.841389,0.992344,0.927676,228,11,1470
2026/02/04/01:14:21,3598.102622,0.943719,0.837281,0.985250,0.878924,227,8,1471
2026/02/04/01:14:22,3599.102760,0.943719,0.837281,0.985250,0.878924,227,8,1471
2026/02/04/01:14:23,3600.102848,0.945812,0.837210,0.971688,0.872757,228,5,1473
2026/02/04/01:14:24,3601.102948,0.940750,0.835588,0.955375,0.865864,227,3,1475
2026/02/04/01:14:25,3602.103075,0.940750,0.835588,0.955375,0.865864,227,3,1475
2026/02/04/01:14:26,3603.103181,0.937656,0.830226,0.952281,0.860503,226,3,1476
2026/02/04/01:14:27,3604.103304,0.937656,0.830226,0.952281,0.860503,226,3,1476
2026/02/04/01:14:28,3605.103436,0.937656,0.830226,0.952281,0.860503,226,3,1476
2026/02/04/01:14:29,3606.103540,0.937656,0.830226,0.952281,0.860503,226,3,1476
2026/02/04/01:14:30,3607.103640,0.937656,0.830226,0.952281,0.860503,226,3,1476
2026/02/04/01:14:31,3608.103750,0.937656,0.830226,0.952281,0.860503,226,3,1476
2026/02/04/01:14:32,3609.103855,0.927750,0.815374,0.942375,0.845650,223,3,1479
2026/02/04/01:14:33,3610.103943,0.920469,0.818107,0.933281,0.834387,221,2,1482
2026/02/04/01:14:34,3611.104050,0.916844,0.790115,0.927844,0.792399,219,1,1484
2026/02/04/01:14:35,3612.104188,0.916844,0.790115,0.927844,0.792399,219,1,1484
2026/02/04/01:14:36,3613.104358,0.916844,0.790115,0.927844,0.792399,219,1,1484
2026/02/04/01:14:37,3614.104432,0.911469,0.786381,0.922469,0.788665,217,1,1486
2026/02/04/01:14:38,3615.104596,0.911469,0.786381,0.922469,0.788665,217,1,1486
2026/02/04/01:14:39,3616.104735,0.911469,0.786381,0.922469,0.788665,217,1,1486
2026/02/04/01:14:40,3617.104806,0.940000,0.825390,0.959625,0.830164,229,2,1486
2026/02/04/01:14:41,3618.104976,0.941844,0.828153,0.961469,0.832927,230,2,1486
2026/02/04/01:14:42,3619.105072,0.932406,0.811311,0.932406,0.811311,227,0,1491
2026/02/04/01:14:43,3620.105159,0.925375,0.801236,0.925375,0.801236,224,0,1494
2026/02/04/01:14:44,3621.105242,0.917844,0.785573,0.917844,0.785573,220,0,1498
2026/02/04/01:14:45,3622.105304,0.924562,0.798016,0.994094,0.833055,224,7,1499
2026/02/04/01:14:46,3623.105477,0.924562,0.798016,0.994094,0.833055,224,7,1499
2026/02/04/01:14:47,3624.105549,0.916125,0.795249,0.968781,0.824755,223,5,1500
2026/02/04/01:14:48,3625.105648,0.916125,0.795249,0.968781,0.824755,223,5,1500
2026/02/04/01:14:49,3626.105739,0.914094,0.793686,0.966750,0.823192,222,5,1501
2026/02/04/01:14:50,3627.105819,0.910188,0.788407,0.962844,0.817913,221,5,1502
2026/02/04/01:14:51,3628.105910,0.910188,0.788407,0.962844,0.817913,221,5,1502
2026/02/04/01:14:52,3629.105999,0.910188,0.788407,0.962844,0.817913,221,5,1502
2026/02/04/01:14:53,3630.106116,0.910188,0.788407,0.962844,0.817913,221,5,1502
2026/02/04/01:14:54,3631.106212,0.910188,0.788407,0.962844,0.817913,221,5,1502
2026/02/04/01:14:55,3632.106319,0.910188,0.788407,0.956125,0.804161,221,4,1502
2026/02/04/01:14:56,3633.106430,0.910188,0.788407,0.956125,0.804161,221,4,1502
2026/02/04/01:14:57,3634.106510,0.910188,0.788407,0.956125,0.804161,221,4,1502
2026/02/04/01:14:58,3635.106619,0.910188,0.788407,0.956125,0.804161,221,4,1502
2026/02/04/01:14:59,3636.106757,0.909344,0.790704,0.951156,0.796713,219,3,1505
2026/02/04/01:15:00,3637.106874,0.909344,0.790704,0.951156,0.796713,219,3,1505
2026/02/04/01:15:01,3638.107067,0.909344,0.790704,0.951156,0.796713,219,3,1505
2026/02/04/01:15:02,3639.107220,0.909344,0.790704,0.951156,0.796713,219,3,1505
2026/02/04/01:15:03,3640.107342,0.909344,0.790704,0.951156,0.796713,219,3,1505
2026/02/04/01:15:04,3641.107502,0.909344,0.790704,0.951156,0.796713,219,3,1505
2026/02/04/01:15:05,3642.107592,0.909344,0.790704,0.951156,0.796713,219,3,1505
2026/02/04/01:15:06,3643.107692,0.909344,0.790704,0.909344,0.790704,219,0,1505
2026/02/04/01:15:07,3644.107851,0.909344,0.790704,0.909344,0.790704,219,0,1505
2026/02/04/01:15:08,3645.107953,0.909344,0.790704,0.909344,0.790704,219,0,1505
2026/02/04/01:15:09,3646.108059,0.909344,0.790704,0.909344,0.790704,219,0,1505
2026/02/04/01:15:10,3647.108210,0.905219,0.780959,0.905219,0.780959,218,0,1506
2026/02/04/01:15:11,3648.108365,0.905219,0.780959,0.905219,0.780959,218,0,1506
2026/02/04/01:15:12,3649.108519,0.905219,0.780959,0.905219,0.780959,218,0,1506
2026/02/04/01:15:13,3650.108605,0.905219,0.780959,0.905219,0.780959,218,0,1506
2026/02/04/01:15:14,3651.108703,0.900344,0.770355,0.900344,0.770355,215,0,1509
2026/02/04/01:15:15,3652.108811,0.897719,0.767782,0.897719,0.767782,214,0,1510
2026/02/04/01:15:16,3653.108968,0.897719,0.767782,0.923656,0.771396,214,2,1510
2026/02/04/01:15:17,3654.109122,0.897719,0.767782,0.923656,0.771396,214,2,1510
2026/02/04/01:15:18,3655.109219,0.897719,0.767782,0.923656,0.771396,214,2,1510
2026/02/04/01:15:19,3656.109375,0.897719,0.767782,0.923656,0.771396,214,2,1510
2026/02/04/01:15:20,3657.109466,0.897719,0.767782,0.923656,0.771396,214,2,1510
2026/02/04/01:15:21,3658.109623,0.890781,0.764475,0.916719,0.768089,212,2,1512
2026/02/04/01:15:22,3659.109727,0.890781,0.764475,0.916719,0.768089,212,2,1512
2026/02/04/01:15:23,3660.109830,0.879437,0.756544,0.905375,0.760158,209,2,1515
2026/02/04/01:15:24,3661.109939,0.879437,0.756544,0.905375,0.760158,209,2,1515
2026/02/04/01:15:25,3662.110084,0.879437,0.756544,0.905375,0.760158,209,2,1515
2026/02/04/01:15:26,3663.110190,0.879437,0.756544,0.905375,0.760158,209,2,1515
2026/02/04/01:15:27,3664.110323,0.879437,0.756544,0.905375,0.760158,209,2,1515
2026/02/04/01:15:28,3665.110455,0.879437,0.756544,0.905375,0.760158,209,2,1515
2026/02/04/01:15:29,3666.110542,0.879437,0.756544,0.905375,0.760158,209,2,1515
2026/02/04/01:15:30,3667.110702,0.879437,0.756544,0.905375,0.760158,209,2,1515
2026/02/04/01:15:31,3668.110852,0.879437,0.756544,0.905375,0.760158,209,2,1515
2026/02/04/01:15:32,3669.110947,0.868437,0.754259,0.894375,0.757873,208,2,1516
2026/02/04/01:15:33,3670.111105,0.868437,0.754259,0.894375,0.757873,208,2,1516
2026/02/04/01:15:34,3671.111201,0.868437,0.754259,0.894375,0.757873,208,2,1516
2026/02/04/01:15:35,3672.111344,0.868437,0.754259,0.894375,0.757873,208,2,1516
2026/02/04/01:15:36,3673.111502,0.868437,0.754259,0.894375,0.757873,208,2,1516
2026/02/04/01:15:37,3674.111600,0.868437,0.754259,0.894375,0.757873,208,2,1516
2026/02/04/01:15:38,3675.111759,0.868437,0.754259,0.894375,0.757873,208,2,1516
2026/02/04/01:15:39,3676.111888,0.868437,0.754259,0.894375,0.757873,208,2,1516
2026/02/04/01:15:40,3677.112041,0.868437,0.754259,0.894375,0.757873,208,2,1516
2026/02/04/01:15:41,3678.112077,0.868437,0.754259,0.894375,0.757873,208,2,1516
2026/02/04/01:15:42,3679.112171,0.868437,0.754259,0.894375,0.757873,208,2,1516
2026/02/04/01:15:43,3680.112327,0.868437,0.754259,0.894375,0.757873,208,2,1516
2026/02/04/01:15:44,3681.112416,0.868437,0.754259,0.894375,0.757873,208,2,1516
2026/02/04/01:15:45,3682.112520,0.868437,0.754259,0.896031,0.759721,208,3,1516
2026/02/04/01:15:46,3683.112603,0.870094,0.756107,0.896031,0.759721,209,2,1516
2026/02/04/01:15:47,3684.112691,0.870094,0.756107,0.896031,0.759721,209,2,1516
2026/02/04/01:15:48,3685.112830,0.870094,0.756107,0.896031,0.759721,209,2,1516
2026/02/04/01:15:49,3686.112923,0.870094,0.756107,0.896031,0.759721,209,2,1516
2026/02/04/01:15:50,3687.113000,0.865969,0.750277,0.891906,0.753891,207,2,1518
2026/02/04/01:15:51,3688.113142,0.865969,0.750277,0.891906,0.753891,207,2,1518
2026/02/04/01:15:52,3689.113241,0.865969,0.750277,0.891906,0.753891,207,2,1518
2026/02/04/01:15:53,3690.113367,0.865969,0.750277,0.891906,0.753891,207,2,1518
2026/02/04/01:15:54,3691.113461,0.890312,0.763870,0.916250,0.767485,210,2,1518
2026/02/04/01:15:55,3692.113551,0.890312,0.763870,0.916250,0.767485,210,2,1518
2026/02/04/01:15:56,3693.113637,0.890312,0.763870,0.916250,0.767485,210,2,1518
2026/02/04/01:15:57,3694.113727,0.890312,0.763870,0.916250,0.767485,210,2,1518
2026/02/04/01:15:58,3695.113814,0.890312,0.763870,0.916250,0.767485,210,2,1518
2026/02/04/01:15:59,3696.113896,0.890312,0.763870,0.916250,0.767485,210,2,1518
2026/02/04/01:16:00,3697.113990,0.897500,0.772414,0.923438,0.776028,214,2,1518
2026/02/04/01:16:01,3698.114073,0.897500,0.772414,0.923438,0.776028,214,2,1518
2026/02/04/01:16:02,3699.114172,0.903188,0.782201,0.929125,0.785815,216,2,1518
2026/02/04/01:16:03,3700.114287,0.901531,0.780526,0.927469,0.784140,215,2,1519
2026/02/04/01:16:04,3701.114356,0.901531,0.780526,0.927469,0.784140,215,2,1519
2026/02/04/01:16:05,3702.114450,0.901531,0.780526,0.927469,0.784140,215,2,1519
2026/02/04/01:16:06,3703.114592,0.879031,0.771802,0.879031,0.771802,213,0,1521
2026/02/04/01:16:07,3704.114704,0.877188,0.766932,0.877188,0.766932,212,0,1522
2026/02/04/01:16:08,3705.114856,0.877188,0.766932,0.877188,0.766932,212,0,1522
2026/02/04/01:16:09,3706.115004,0.860219,0.758985,0.860219,0.758985,209,0,1525
2026/02/04/01:16:10,3707.115114,0.860219,0.758985,0.860219,0.758985,209,0,1525
2026/02/04/01:16:11,3708.115254,0.860219,0.758985,0.860219,0.758985,209,0,1525
2026/02/04/01:16:12,3709.115418,0.853656,0.749111,0.853656,0.749111,207,0,1527
2026/02/04/01:16:13,3710.115501,0.853656,0.749111,0.853656,0.749111,207,0,1527
2026/02/04/01:16:14,3711.115598,0.853656,0.749111,0.853656,0.749111,207,0,1527
2026/02/04/01:16:15,3712.115757,0.853656,0.749111,0.853656,0.749111,207,0,1527
2026/02/04/01:16:16,3713.115898,0.853656,0.749111,0.853656,0.749111,207,0,1527
2026/02/04/01:16:17,3714.115989,0.853656,0.749111,0.853656,0.749111,207,0,1527
2026/02/04/01:16:18,3715.116150,0.853656,0.749111,0.853656,0.749111,207,0,1527
2026/02/04/01:16:19,3716.116233,0.853656,0.749111,0.853656,0.749111,207,0,1527
2026/02/04/01:16:20,3717.116338,0.853656,0.749111,0.853656,0.749111,207,0,1527
2026/02/04/01:16:21,3718.116483,0.873281,0.772758,0.873281,0.772758,211,0,1528
2026/02/04/01:16:22,3719.116643,0.873281,0.772758,0.873281,0.772758,211,0,1528
2026/02/04/01:16:23,3720.116679,0.856875,0.755641,0.856875,0.755641,208,0,1531
2026/02/04/01:16:24,3721.116775,0.856875,0.755641,0.856875,0.755641,208,0,1531
2026/02/04/01:16:25,3722.116866,0.852938,0.750417,0.852938,0.750417,206,0,1533
2026/02/04/01:16:26,3723.116985,0.852938,0.750417,0.852938,0.750417,206,0,1533
2026/02/04/01:16:27,3724.117080,0.852938,0.750417,0.852938,0.750417,206,0,1533
2026/02/04/01:16:28,3725.117166,0.855094,0.754763,0.857250,0.759109,207,1,1533
2026/02/04/01:16:29,3726.117326,0.857250,0.759109,0.857250,0.759109,208,0,1533
2026/02/04/01:16:30,3727.117417,0.857250,0.759109,0.857250,0.759109,208,0,1533
2026/02/04/01:16:31,3728.117519,0.857250,0.759109,0.857250,0.759109,208,0,1533
2026/02/04/01:16:32,3729.117607,0.890875,0.768075,0.890875,0.768075,212,0,1533
2026/02/04/01:16:33,3730.117683,0.890875,0.768075,0.890875,0.768075,212,0,1533
2026/02/04/01:16:34,3731.117843,0.888938,0.762314,0.888938,0.762314,211,0,1534
2026/02/04/01:16:35,3732.117900,0.888938,0.762314,0.888938,0.762314,211,0,1534
2026/02/04/01:16:36,3733.118007,0.864625,0.763863,0.864625,0.763863,209,0,1537
2026/02/04/01:16:37,3734.118077,0.875781,0.788635,0.875781,0.788635,214,0,1537
2026/02/04/01:16:38,3735.118182,0.875781,0.788635,0.875781,0.788635,214,0,1537
2026/02/04/01:16:39,3736.118300,0.875781,0.788635,0.875781,0.788635,214,0,1537
2026/02/04/01:16:40,3737.118376,0.895875,0.811467,0.924625,0.846604,218,4,1537
2026/02/04/01:16:41,3738.118443,0.899188,0.812066,0.927937,0.847203,218,4,1538
2026/02/04/01:16:42,3739.118617,0.887469,0.792808,0.916219,0.827945,215,4,1541
2026/02/04/01:16:43,3740.118709,0.880156,0.789805,0.908906,0.824942,214,4,1542
2026/02/04/01:16:44,3741.118858,0.867000,0.774077,0.895750,0.809214,210,4,1546
2026/02/04/01:16:45,3742.118919,0.867000,0.774077,0.895750,0.809214,210,4,1546
2026/02/04/01:16:46,3743.119034,0.861031,0.772243,0.864781,0.802709,209,2,1547
2026/02/04/01:16:47,3744.119111,0.861031,0.772243,0.864781,0.802709,209,2,1547
2026/02/04/01:16:48,3745.119230,0.861031,0.772243,0.864781,0.802709,209,2,1547
2026/02/04/01:16:49,3746.119351,0.861031,0.772243,0.864781,0.802709,209,2,1547
2026/02/04/01:16:50,3747.119463,0.861031,0.772243,0.861031,0.772243,209,0,1547
2026/02/04/01:16:51,3748.119578,0.861031,0.772243,0.861031,0.772243,209,0,1547
2026/02/04/01:16:52,3749.119733,0.861031,0.772243,0.861031,0.772243,209,0,1547
2026/02/04/01:16:53,3750.119844,0.861031,0.772243,0.861031,0.772243,209,0,1547
2026/02/04/01:16:54,3751.120000,0.892625,0.799894,0.894563,0.811751,218,1,1547
2026/02/04/01:16:55,3752.120078,0.892625,0.799894,0.894563,0.811751,218,1,1547
2026/02/04/01:16:56,3753.120170,0.892625,0.799894,0.894563,0.811751,218,1,1547
2026/02/04/01:16:57,3754.120298,0.892625,0.799894,0.894563,0.811751,218,1,1547
2026/02/04/01:16:58,3755.120390,0.892625,0.799894,0.894563,0.811751,218,1,1547
2026/02/04/01:16:59,3756.120485,0.895750,0.806243,0.897687,0.818099,220,1,1547
2026/02/04/01:17:00,3757.120604,0.898469,0.809180,0.900406,0.821036,221,1,1547
2026/02/04/01:17:01,3758.120651,0.898469,0.809180,0.900406,0.821036,221,1,1547
2026/02/04/01:17:02,3759.120774,0.892781,0.799392,0.894719,0.811249,219,1,1549
2026/02/04/01:17:03,3760.120905,0.892781,0.799392,0.894719,0.811249,219,1,1549
2026/02/04/01:17:04,3761.121057,0.890844,0.787536,0.890844,0.787536,218,0,1550
2026/02/04/01:17:05,3762.121224,0.888125,0.784599,0.888125,0.784599,217,0,1551
2026/02/04/01:17:06,3763.121361,0.888125,0.784599,0.888125,0.784599,217,0,1551
2026/02/04/01:17:07,3764.121513,0.885000,0.778250,0.885000,0.778250,215,0,1553
2026/02/04/01:17:08,3765.121599,0.890250,0.798830,0.890250,0.798830,217,0,1553
2026/02/04/01:17:09,3766.121669,0.872906,0.791480,0.872906,0.791480,214,0,1556
2026/02/04/01:17:10,3767.121776,0.872906,0.791480,0.872906,0.791480,214,0,1556
2026/02/04/01:17:11,3768.121881,0.872906,0.791480,0.875563,0.799515,214,1,1556
2026/02/04/01:17:12,3769.121961,0.921125,0.860191,0.921125,0.860191,227,0,1556
2026/02/04/01:17:13,3770.122059,0.925937,0.862912,0.925937,0.862912,228,0,1556
2026/02/04/01:17:14,3771.122145,0.922188,0.859351,0.922188,0.859351,226,0,1558
2026/02/04/01:17:15,3772.122233,0.919937,0.857561,0.919937,0.857561,225,0,1559
2026/02/04/01:17:16,3773.122338,0.919937,0.857561,0.919937,0.857561,225,0,1559
2026/02/04/01:17:17,3774.122411,0.902656,0.834786,0.902656,0.834786,222,0,1563
2026/02/04/01:17:18,3775.122511,0.907281,0.853350,0.907281,0.853350,224,0,1563
2026/02/04/01:17:19,3776.122602,0.931031,0.890541,0.954781,0.899823,233,2,1564
2026/02/04/01:17:20,3777.122695,0.936656,0.891606,0.984469,0.915655,234,5,1565
2026/02/04/01:17:21,3778.122777,0.945562,0.906714,1.027187,0.948684,237,9,1567
2026/02/04/01:17:22,3779.122871,0.947594,0.909316,1.029219,0.951286,238,9,1569
2026/02/04/01:17:23,3780.122959,0.953688,0.895634,1.053187,0.940859,238,11,1574
2026/02/04/01:17:24,3781.123038,0.939937,0.891285,1.021562,0.933255,236,9,1576
2026/02/04/01:17:25,3782.123199,0.934969,0.886331,1.016594,0.928301,233,9,1579
2026/02/04/01:17:26,3783.123295,0.934969,0.886331,1.016594,0.928301,233,9,1579
2026/02/04/01:17:27,3784.123421,0.929406,0.880045,1.011031,0.922014,231,9,1581
2026/02/04/01:17:28,3785.123519,0.929406,0.880045,1.000406,0.918472,231,9,1581
2026/02/04/01:17:29,3786.123608,0.929406,0.880045,1.000406,0.918472,231,9,1581
2026/02/04/01:17:30,3787.123730,0.932656,0.855243,0.991531,0.879415,229,7,1584
2026/02/04/01:17:31,3788.123852,0.932469,0.854796,0.984031,0.874470,227,6,1587
2026/02/04/01:17:32,3789.123952,0.931406,0.851363,0.963406,0.864436,227,4,1588
2026/02/04/01:17:33,3790.124041,0.924344,0.824045,0.956344,0.837118,224,4,1591
2026/02/04/01:17:34,3791.124150,0.924344,0.824045,0.956344,0.837118,224,4,1591
2026/02/04/01:17:35,3792.124241,0.924344,0.824045,0.956344,0.837118,224,4,1591
2026/02/04/01:17:36,3793.124384,0.921906,0.821553,0.953906,0.834626,223,4,1592
2026/02/04/01:17:37,3794.124548,0.921906,0.821553,0.953906,0.834626,223,4,1592
2026/02/04/01:17:38,3795.124637,0.914594,0.817054,0.931969,0.821130,222,2,1593
2026/02/04/01:17:39,3796.124798,0.915719,0.816145,0.915719,0.816145,222,0,1594
2026/02/04/01:17:40,3797.124898,0.915719,0.816145,0.915719,0.816145,222,0,1594
2026/02/04/01:17:41,3798.125103,0.924562,0.835808,0.924562,0.835808,226,0,1594
2026/02/04/01:17:42,3799.125206,0.924562,0.835808,0.924562,0.835808,226,0,1594
2026/02/04/01:17:43,3800.125306,0.923750,0.829849,0.923750,0.829849,226,0,1595
2026/02/04/01:17:44,3801.125344,0.923750,0.829849,0.923750,0.829849,226,0,1595
2026/02/04/01:17:45,3802.125463,0.916813,0.813367,0.916813,0.813367,223,0,1598
2026/02/04/01:17:46,3803.125564,0.916813,0.813367,0.916813,0.813367,223,0,1598
2026/02/04/01:17:47,3804.125658,0.916813,0.813367,0.916813,0.813367,223,0,1598
2026/02/04/01:17:48,3805.125747,0.916813,0.813367,0.916813,0.813367,223,0,1598
2026/02/04/01:17:49,3806.125836,0.916813,0.813367,0.916813,0.813367,223,0,1598
2026/02/04/01:17:50,3807.125936,0.916813,0.813367,0.916813,0.813367,223,0,1598
2026/02/04/01:17:51,3808.126027,0.916813,0.813367,0.916813,0.813367,223,0,1598
2026/02/04/01:17:52,3809.126120,0.916813,0.813367,0.916813,0.813367,223,0,1598
2026/02/04/01:17:53,3810.126213,0.916813,0.813367,0.916813,0.813367,223,0,1598
2026/02/04/01:17:54,3811.126289,0.914094,0.806416,0.914094,0.806416,222,0,1599
2026/02/04/01:17:55,3812.126394,0.914094,0.806416,0.914094,0.806416,222,0,1599
2026/02/04/01:17:56,3813.126467,0.914094,0.806416,0.914094,0.806416,222,0,1599
2026/02/04/01:17:57,3814.126586,0.914094,0.806416,0.914094,0.806416,222,0,1599
2026/02/04/01:17:58,3815.126689,0.914094,0.806416,0.914094,0.806416,222,0,1599
2026/02/04/01:17:59,3816.126778,0.914094,0.806416,0.914094,0.806416,222,0,1599
2026/02/04/01:18:00,3817.126875,0.914094,0.806416,0.914094,0.806416,222,0,1599
2026/02/04/01:18:01,3818.126952,0.914094,0.806416,0.914094,0.806416,222,0,1599
2026/02/04/01:18:02,3819.127041,0.914094,0.806416,0.914094,0.806416,222,0,1599
2026/02/04/01:18:03,3820.127112,0.914094,0.806416,0.914094,0.806416,222,0,1599
2026/02/04/01:18:04,3821.127206,0.914094,0.806416,0.914094,0.806416,222,0,1599
2026/02/04/01:18:05,3822.127358,0.914094,0.806416,0.914094,0.806416,222,0,1599
2026/02/04/01:18:06,3823.127504,0.914094,0.806416,0.914094,0.806416,222,0,1599
2026/02/04/01:18:07,3824.127599,0.914094,0.806416,0.914094,0.806416,222,0,1599
2026/02/04/01:18:08,3825.127743,0.914094,0.806416,0.914094,0.806416,222,0,1599
2026/02/04/01:18:09,3826.127863,0.914094,0.806416,0.914094,0.806416,222,0,1599
2026/02/04/01:18:10,3827.127944,0.914094,0.806416,0.914094,0.806416,222,0,1599
2026/02/04/01:18:11,3828.128108,0.914094,0.806416,0.914094,0.806416,222,0,1599
2026/02/04/01:18:12,3829.128251,0.914094,0.806416,0.914094,0.806416,222,0,1599
2026/02/04/01:18:13,3830.128309,0.914094,0.806416,0.914094,0.806416,222,0,1599
2026/02/04/01:18:14,3831.128413,0.914094,0.806416,0.914094,0.806416,222,0,1599
2026/02/04/01:18:15,3832.128502,0.914094,0.806416,0.914094,0.806416,222,0,1599
2026/02/04/01:18:16,3833.128595,0.914094,0.806416,0.914094,0.806416,222,0,1599
2026/02/04/01:18:17,3834.128716,0.914094,0.806416,0.914094,0.806416,222,0,1599
2026/02/04/01:18:18,3835.128826,0.901438,0.794447,0.901438,0.794447,219,0,1602
2026/02/04/01:18:19,3836.128907,0.901438,0.794447,0.901438,0.794447,219,0,1602
2026/02/04/01:18:20,3837.129001,0.901438,0.794447,0.901438,0.794447,219,0,1602
2026/02/04/01:18:21,3838.129159,0.901438,0.794447,0.901438,0.794447,219,0,1602
2026/02/04/01:18:22,3839.129245,0.901438,0.794447,0.901438,0.794447,219,0,1602
2026/02/04/01:18:23,3840.129340,0.901438,0.794447,0.901438,0.794447,219,0,1602
2026/02/04/01:18:24,3841.129446,0.901438,0.794447,0.901438,0.794447,219,0,1602
2026/02/04/01:18:25,3842.129546,0.901438,0.794447,0.901438,0.794447,219,0,1602
2026/02/04/01:18:26,3843.129717,0.901438,0.794447,0.901438,0.794447,219,0,1602
2026/02/04/01:18:27,3844.129800,0.901438,0.794447,0.901438,0.794447,219,0,1602
2026/02/04/01:18:28,3845.129873,0.901438,0.794447,0.901438,0.794447,219,0,1602
2026/02/04/01:18:29,3846.129977,0.896563,0.786068,0.896563,0.786068,217,0,1604
2026/02/04/01:18:30,3847.130061,0.896563,0.786068,0.896563,0.786068,217,0,1604
2026/02/04/01:18:31,3848.130213,0.896563,0.786068,0.896563,0.786068,217,0,1604
2026/02/04/01:18:32,3849.130325,0.896563,0.786068,0.896563,0.786068,217,0,1604
2026/02/04/01:18:33,3850.130473,0.896563,0.786068,0.896563,0.786068,217,0,1604
2026/02/04/01:18:34,3851.130565,0.896563,0.786068,0.896563,0.786068,217,0,1604
2026/02/04/01:18:35,3852.130663,0.896563,0.786068,0.896563,0.786068,217,0,1604
2026/02/04/01:18:36,3853.130753,0.896563,0.786068,0.896563,0.786068,217,0,1604
2026/02/04/01:18:37,3854.130848,0.896563,0.786068,0.896563,0.786068,217,0,1604
2026/02/04/01:18:38,3855.130996,0.889062,0.782676,0.889062,0.782676,215,0,1606
2026/02/04/01:18:39,3856.131094,0.889062,0.782676,0.889062,0.782676,215,0,1606
2026/02/04/01:18:40,3857.131252,0.889062,0.782676,0.889062,0.782676,215,0,1606
2026/02/04/01:18:41,3858.131397,0.889062,0.782676,0.889062,0.782676,215,0,1606
2026/02/04/01:18:42,3859.131505,0.899625,0.794436,0.899625,0.794436,218,0,1606
2026/02/04/01:18:43,3860.131599,0.899625,0.794436,0.899625,0.794436,218,0,1606
2026/02/04/01:18:44,3861.131727,0.899625,0.794436,0.899625,0.794436,218,0,1606
2026/02/04/01:18:45,3862.131810,0.890750,0.790850,0.890750,0.790850,216,0,1608
2026/02/04/01:18:46,3863.131900,0.890750,0.790850,0.890750,0.790850,216,0,1608
2026/02/04/01:18:47,3864.131998,0.890750,0.790850,0.890750,0.790850,216,0,1608
2026/02/04/01:18:48,3865.132152,0.890750,0.790850,0.890750,0.790850,216,0,1608
2026/02/04/01:18:49,3866.132331,0.890750,0.790850,0.890750,0.790850,216,0,1608
2026/02/04/01:18:50,3867.132431,0.890750,0.790850,0.890750,0.790850,216,0,1608
2026/02/04/01:18:51,3868.132526,0.890750,0.790850,0.890750,0.790850,216,0,1608
2026/02/04/01:18:52,3869.132685,0.890750,0.790850,0.890750,0.790850,216,0,1608
2026/02/04/01:18:53,3870.132835,0.890750,0.790850,0.890750,0.790850,216,0,1608
2026/02/04/01:18:54,3871.132953,0.890750,0.790850,0.890750,0.790850,216,0,1608
2026/02/04/01:18:55,3872.133182,0.890750,0.790850,0.890750,0.790850,216,0,1608
2026/02/04/01:18:56,3873.133216,0.890750,0.790850,0.890750,0.790850,216,0,1608
2026/02/04/01:18:57,3874.133339,0.890750,0.790850,0.890750,0.790850,216,0,1608
2026/02/04/01:18:58,3875.133436,0.890750,0.790850,0.890750,0.790850,216,0,1608
2026/02/04/01:18:59,3876.133602,0.890750,0.790850,0.890750,0.790850,216,0,1608
2026/02/04/01:19:00,3877.133690,0.877531,0.772488,0.877531,0.772488,213,0,1611
2026/02/04/01:19:01,3878.133784,0.877531,0.772488,0.877531,0.772488,213,0,1611
2026/02/04/01:19:02,3879.133951,0.877531,0.772488,0.877531,0.772488,213,0,1611
2026/02/04/01:19:03,3880.134012,0.877531,0.772488,0.877531,0.772488,213,0,1611
2026/02/04/01:19:04,3881.134110,0.877531,0.772488,0.877531,0.772488,213,0,1611
2026/02/04/01:19:05,3882.134201,0.877531,0.772488,0.877531,0.772488,213,0,1611
2026/02/04/01:19:06,3883.134315,0.877531,0.772488,0.877531,0.772488,213,0,1611
2026/02/04/01:19:07,3884.134418,0.877531,0.772488,0.877531,0.772488,213,0,1611
2026/02/04/01:19:08,3885.134500,0.893531,0.791736,0.893531,0.791736,217,0,1611
2026/02/04/01:19:09,3886.134594,0.893531,0.791736,0.893531,0.791736,217,0,1611
2026/02/04/01:19:10,3887.134687,0.893531,0.791736,0.893531,0.791736,217,0,1611
2026/02/04/01:19:11,3888.134785,0.893531,0.791736,0.893531,0.791736,217,0,1611
2026/02/04/01:19:12,3889.134865,0.893531,0.791736,0.893531,0.791736,217,0,1611
2026/02/04/01:19:13,3890.134985,0.893531,0.791736,0.893531,0.791736,217,0,1611
2026/02/04/01:19:14,3891.135139,0.893531,0.791736,0.893531,0.791736,217,0,1611
2026/02/04/01:19:15,3892.135239,0.893531,0.791736,0.893531,0.791736,217,0,1611
2026/02/04/01:19:16,3893.135367,0.893531,0.791736,0.893531,0.791736,217,0,1611
2026/02/04/01:19:17,3894.135482,0.893531,0.791736,0.893531,0.791736,217,0,1611
2026/02/04/01:19:18,3895.135560,0.893531,0.791736,0.893531,0.791736,217,0,1611
2026/02/04/01:19:19,3896.135651,0.893531,0.791736,0.893531,0.791736,217,0,1611
2026/02/04/01:19:20,3897.135751,0.893531,0.791736,0.893531,0.791736,217,0,1611
2026/02/04/01:19:21,3898.135843,0.893531,0.791736,0.893531,0.791736,217,0,1611
2026/02/04/01:19:22,3899.135939,0.893531,0.791736,0.893531,0.791736,217,0,1611
2026/02/04/01:19:23,3900.136041,0.893531,0.791736,0.893531,0.791736,217,0,1611
2026/02/04/01:19:24,3901.136131,0.893531,0.791736,0.893531,0.791736,217,0,1611
2026/02/04/01:19:25,3902.136223,0.893531,0.791736,0.893531,0.791736,217,0,1611
2026/02/04/01:19:26,3903.136305,0.893531,0.791736,0.893531,0.791736,217,0,1611
2026/02/04/01:19:27,3904.136408,0.893531,0.791736,0.893531,0.791736,217,0,1611
2026/02/04/01:19:28,3905.136539,0.893531,0.791736,0.893531,0.791736,217,0,1611
2026/02/04/01:19:29,3906.136683,0.893531,0.791736,0.893531,0.791736,217,0,1611
2026/02/04/01:19:30,3907.136821,0.893531,0.791736,0.893531,0.791736,217,0,1611
2026/02/04/01:19:31,3908.136925,0.893531,0.791736,0.893531,0.791736,217,0,1611
2026/02/04/01:19:32,3909.137014,0.893531,0.791736,0.893531,0.791736,217,0,1611
2026/02/04/01:19:33,3910.137121,0.893531,0.791736,0.893531,0.791736,217,0,1611
2026/02/04/01:19:34,3911.137300,0.893531,0.791736,0.893531,0.791736,217,0,1611
2026/02/04/01:19:35,3912.137354,0.893531,0.791736,0.893531,0.791736,217,0,1611
2026/02/04/01:19:36,3913.137586,0.893531,0.791736,0.893531,0.791736,217,0,1611
2026/02/04/01:19:37,3914.137650,0.893531,0.791736,0.893531,0.791736,217,0,1611
2026/02/04/01:19:38,3915.137736,0.893531,0.791736,0.893531,0.791736,217,0,1611
2026/02/04/01:19:39,3916.137872,0.891844,0.783562,0.891844,0.783562,216,0,1612
2026/02/04/01:19:40,3917.138017,0.891844,0.783562,0.891844,0.783562,216,0,1612
2026/02/04/01:19:41,3918.138127,0.891844,0.783562,0.891844,0.783562,216,0,1612
2026/02/04/01:19:42,3919.138298,0.891844,0.783562,0.891844,0.783562,216,0,1612
2026/02/04/01:19:43,3920.138374,0.891844,0.783562,0.891844,0.783562,216,0,1612
2026/02/04/01:19:44,3921.138478,0.891844,0.783562,0.891844,0.783562,216,0,1612
2026/02/04/01:19:45,3922.138632,0.891844,0.783562,0.891844,0.783562,216,0,1612
2026/02/04/01:19:46,3923.138705,0.891844,0.783562,0.891844,0.783562,216,0,1612
2026/02/04/01:19:47,3924.138877,0.891844,0.783562,0.891844,0.783562,216,0,1612
2026/02/04/01:19:48,3925.138963,0.891844,0.783562,0.891844,0.783562,216,0,1612
2026/02/04/01:19:49,3926.139120,0.891844,0.783562,0.891844,0.783562,216,0,1612
2026/02/04/01:19:50,3927.139216,0.891844,0.783562,0.891844,0.783562,216,0,1612
2026/02/04/01:19:51,3928.139351,0.891844,0.783562,0.891844,0.783562,216,0,1612
2026/02/04/01:19:52,3929.139433,0.891844,0.783562,0.891844,0.783562,216,0,1612
2026/02/04/01:19:53,3930.139548,0.891844,0.783562,0.891844,0.783562,216,0,1612
2026/02/04/01:19:54,3931.139666,0.891844,0.783562,0.891844,0.783562,216,0,1612
2026/02/04/01:19:55,3932.139816,0.891844,0.783562,0.891844,0.783562,216,0,1612
2026/02/04/01:19:56,3933.139902,0.891844,0.783562,0.891844,0.783562,216,0,1612
2026/02/04/01:19:57,3934.140013,0.891844,0.783562,0.891844,0.783562,216,0,1612
2026/02/04/01:19:58,3935.140100,0.891844,0.783562,0.891844,0.783562,216,0,1612
2026/02/04/01:19:59,3936.140191,0.899438,0.793115,0.899438,0.793115,219,0,1612
2026/02/04/01:20:00,3937.140278,0.890437,0.777150,0.911813,0.798378,217,2,1614
2026/02/04/01:20:01,3938.140350,0.905781,0.795497,0.936656,0.818958,222,3,1614
2026/02/04/01:20:02,3939.140432,0.898188,0.785944,0.929063,0.809405,219,3,1617
2026/02/04/01:20:03,3940.140513,0.907219,0.802903,0.944906,0.852926,222,5,1617
2026/02/04/01:20:04,3941.140626,0.907219,0.802903,0.923531,0.831699,222,3,1617
2026/02/04/01:20:05,3942.140715,0.912969,0.807528,0.929281,0.836323,224,3,1617
2026/02/04/01:20:06,3943.140804,0.912969,0.807528,0.929281,0.836323,224,3,1617
2026/02/04/01:20:07,3944.140912,0.907344,0.803850,0.923656,0.832645,222,3,1619
2026/02/04/01:20:08,3945.140993,0.907344,0.803850,0.914156,0.830413,222,2,1619
2026/02/04/01:20:09,3946.141091,0.907344,0.803850,0.914156,0.830413,222,2,1619
2026/02/04/01:20:10,3947.141247,0.907344,0.803850,0.914156,0.830413,222,2,1619
2026/02/04/01:20:11,3948.141406,0.907344,0.803850,0.914156,0.830413,222,2,1619
2026/02/04/01:20:12,3949.141501,0.901844,0.790291,0.908656,0.816853,220,2,1621
2026/02/04/01:20:13,3950.141659,0.901844,0.790291,0.908656,0.816853,220,2,1621
2026/02/04/01:20:14,3951.141738,0.892000,0.785503,0.898813,0.812066,217,2,1624
2026/02/04/01:20:15,3952.141834,0.892000,0.785503,0.898813,0.812066,217,2,1624
2026/02/04/01:20:16,3953.141990,0.892000,0.785503,0.898813,0.812066,217,2,1624
2026/02/04/01:20:17,3954.142148,0.892000,0.785503,0.898813,0.812066,217,2,1624
2026/02/04/01:20:18,3955.142179,0.892000,0.785503,0.898813,0.812066,217,2,1624
2026/02/04/01:20:19,3956.142301,0.892000,0.785503,0.898813,0.812066,217,2,1624
2026/02/04/01:20:20,3957.142338,0.892000,0.785503,0.898813,0.812066,217,2,1624
2026/02/04/01:20:21,3958.142447,0.892000,0.785503,0.898813,0.812066,217,2,1624
2026/02/04/01:20:22,3959.142539,0.892000,0.785503,0.898813,0.812066,217,2,1624
2026/02/04/01:20:23,3960.142645,0.892000,0.785503,0.898813,0.812066,217,2,1624
2026/02/04/01:20:24,3961.142763,0.892000,0.785503,0.898813,0.812066,217,2,1624
2026/02/04/01:20:25,3962.142848,0.892000,0.785503,0.898813,0.812066,217,2,1624
2026/02/04/01:20:26,3963.142939,0.892000,0.785503,0.898813,0.812066,217,2,1624
2026/02/04/01:20:27,3964.143038,0.892000,0.785503,0.898813,0.812066,217,2,1624
2026/02/04/01:20:28,3965.143122,0.892000,0.785503,0.898813,0.812066,217,2,1624
2026/02/04/01:20:29,3966.143230,0.892000,0.785503,0.898813,0.812066,217,2,1624
2026/02/04/01:20:30,3967.143348,0.892000,0.785503,0.898813,0.812066,217,2,1624
2026/02/04/01:20:31,3968.143461,0.892000,0.785503,0.898813,0.812066,217,2,1624
2026/02/04/01:20:32,3969.143542,0.892000,0.785503,0.898813,0.812066,217,2,1624
2026/02/04/01:20:33,3970.143630,0.892000,0.785503,0.898813,0.812066,217,2,1624
2026/02/04/01:20:34,3971.143745,0.892000,0.785503,0.898813,0.812066,217,2,1624
2026/02/04/01:20:35,3972.143836,0.892000,0.785503,0.898813,0.812066,217,2,1624
2026/02/04/01:20:36,3973.143943,0.892000,0.785503,0.898813,0.812066,217,2,1624
2026/02/04/01:20:37,3974.144044,0.892000,0.785503,0.898813,0.812066,217,2,1624
2026/02/04/01:20:38,3975.144153,0.892000,0.785503,0.898813,0.812066,217,2,1624
2026/02/04/01:20:39,3976.144289,0.892000,0.785503,0.898813,0.812066,217,2,1624
2026/02/04/01:20:40,3977.144433,0.892000,0.785503,0.898813,0.812066,217,2,1624
2026/02/04/01:20:41,3978.144574,0.892000,0.785503,0.898813,0.812066,217,2,1624
2026/02/04/01:20:42,3979.144723,0.886250,0.780879,0.893062,0.807441,215,2,1626
2026/02/04/01:20:43,3980.144901,0.886250,0.780879,0.893062,0.807441,215,2,1626
2026/02/04/01:20:44,3981.144981,0.886250,0.780879,0.893062,0.807441,215,2,1626
2026/02/04/01:20:45,3982.145143,0.881500,0.769514,0.888312,0.796076,213,2,1628
2026/02/04/01:20:46,3983.145303,0.881500,0.769514,0.888312,0.796076,213,2,1628
2026/02/04/01:20:47,3984.145365,0.887500,0.775538,0.894312,0.802101,215,2,1628
2026/02/04/01:20:48,3985.145424,0.887500,0.775538,0.894312,0.802101,215,2,1628
2026/02/04/01:20:49,3986.145607,0.895188,0.792000,0.902000,0.818563,217,2,1628
2026/02/04/01:20:50,3987.145710,0.895188,0.792000,0.902000,0.818563,217,2,1628
2026/02/04/01:20:51,3988.145790,0.895188,0.792000,0.902000,0.818563,217,2,1628
2026/02/04/01:20:52,3989.145879,0.895188,0.792000,0.902000,0.818563,217,2,1628
2026/02/04/01:20:53,3990.146051,0.889188,0.785976,0.896000,0.812538,215,2,1630
2026/02/04/01:20:54,3991.146215,0.889188,0.785976,0.896000,0.812538,215,2,1630
2026/02/04/01:20:55,3992.146483,0.889188,0.785976,0.896000,0.812538,215,2,1630
2026/02/04/01:20:56,3993.146557,0.889188,0.785976,0.896000,0.812538,215,2,1630
2026/02/04/01:20:57,3994.146703,0.918438,0.822508,0.948031,0.863408,225,5,1630
2026/02/04/01:20:58,3995.146810,0.937406,0.850065,0.991437,0.915965,233,8,1630
2026/02/04/01:20:59,3996.146925,0.934094,0.847993,0.993188,0.933256,231,10,1633
2026/02/04/01:21:00,3997.147010,0.921406,0.820276,0.955125,0.877302,227,6,1637
2026/02/04/01:21:01,3998.147112,0.909875,0.799805,0.943594,0.856831,222,6,1642
2026/02/04/01:21:02,3999.147213,0.903000,0.789113,0.973469,0.854690,220,9,1644
2026/02/04/01:21:03,4000.147315,0.907344,0.793636,0.964469,0.847726,220,7,1646
2026/02/04/01:21:04,4001.147422,0.907344,0.793636,0.964469,0.847726,220,7,1646
2026/02/04/01:21:05,4002.147501,0.907344,0.793636,0.964469,0.847726,220,7,1646
2026/02/04/01:21:06,4003.147593,0.903781,0.791839,0.960906,0.845929,219,7,1647
2026/02/04/01:21:07,4004.147746,0.903781,0.791839,0.960906,0.845929,219,7,1647
2026/02/04/01:21:08,4005.147838,0.897000,0.782350,0.940562,0.817464,218,5,1648
2026/02/04/01:21:09,4006.147932,0.897000,0.782350,0.940562,0.817464,218,5,1648
2026/02/04/01:21:10,4007.148016,0.893125,0.775377,0.936688,0.810490,216,5,1650
2026/02/04/01:21:11,4008.148125,0.893125,0.775377,0.936688,0.810490,216,5,1650
2026/02/04/01:21:12,4009.148224,0.893125,0.775377,0.936688,0.810490,216,5,1650
2026/02/04/01:21:13,4010.148327,0.893125,0.775377,0.936688,0.810490,216,5,1650
2026/02/04/01:21:14,4011.148484,0.893125,0.775377,0.936688,0.810490,216,5,1650
2026/02/04/01:21:15,4012.148588,0.893125,0.775377,0.936688,0.810490,216,5,1650
2026/02/04/01:21:16,4013.148747,0.893125,0.775377,0.936688,0.810490,216,5,1650
2026/02/04/01:21:17,4014.148893,0.893125,0.775377,0.936688,0.810490,216,5,1650
2026/02/04/01:21:18,4015.149058,0.893125,0.775377,0.936688,0.810490,216,5,1650
2026/02/04/01:21:19,4016.149204,0.893125,0.775377,0.936688,0.810490,216,5,1650
2026/02/04/01:21:20,4017.149368,0.893125,0.775377,0.936688,0.810490,216,5,1650
2026/02/04/01:21:21,4018.149472,0.893125,0.775377,0.899937,0.801939,216,2,1650
2026/02/04/01:21:22,4019.149550,0.893125,0.775377,0.899937,0.801939,216,2,1650
2026/02/04/01:21:23,4020.149617,0.893125,0.775377,0.899937,0.801939,216,2,1650
2026/02/04/01:21:24,4021.149722,0.893125,0.775377,0.899937,0.801939,216,2,1650
2026/02/04/01:21:25,4022.149813,0.893125,0.775377,0.899937,0.801939,216,2,1650
2026/02/04/01:21:26,4023.149915,0.893125,0.775377,0.899937,0.801939,216,2,1650
2026/02/04/01:21:27,4024.150004,0.903031,0.786463,0.909844,0.813025,220,2,1650
2026/02/04/01:21:28,4025.150096,0.903031,0.786463,0.909844,0.813025,220,2,1650
2026/02/04/01:21:29,4026.150199,0.903031,0.786463,0.909844,0.813025,220,2,1650
2026/02/04/01:21:30,4027.150306,0.903031,0.786463,0.909844,0.813025,220,2,1650
2026/02/04/01:21:31,4028.150342,0.908531,0.794902,0.944219,0.829686,222,4,1650
2026/02/04/01:21:32,4029.150424,0.908531,0.794902,0.944219,0.829686,222,4,1650
2026/02/04/01:21:33,4030.150577,0.908531,0.794902,0.944219,0.829686,222,4,1650
2026/02/04/01:21:34,4031.150652,0.908531,0.794902,0.944219,0.829686,222,4,1650
2026/02/04/01:21:35,4032.150737,0.920937,0.817878,0.993938,0.867591,227,7,1650
2026/02/04/01:21:36,4033.150850,0.920937,0.817878,0.993938,0.867591,227,7,1650
2026/02/04/01:21:37,4034.150931,0.921219,0.820052,0.994219,0.869766,228,7,1651
2026/02/04/01:21:38,4035.151023,0.913156,0.816514,0.986156,0.866228,226,7,1653
2026/02/04/01:21:39,4036.151112,0.905906,0.809970,0.978906,0.859683,223,7,1656
2026/02/04/01:21:40,4037.151216,0.905906,0.809970,0.978906,0.859683,223,7,1656
2026/02/04/01:21:41,4038.151338,0.898594,0.800091,0.971594,0.849805,220,7,1659
2026/02/04/01:21:42,4039.151422,0.898594,0.800091,0.971594,0.849805,220,7,1659
2026/02/04/01:21:43,4040.151519,0.898594,0.800091,0.971594,0.849805,220,7,1659
2026/02/04/01:21:44,4041.151661,0.898594,0.800091,0.971594,0.849805,220,7,1659
2026/02/04/01:21:45,4042.151750,0.897000,0.798448,0.939688,0.844139,219,5,1660
2026/02/04/01:21:46,4043.151863,0.897125,0.805264,0.932813,0.840048,218,4,1662
2026/02/04/01:21:47,4044.151959,0.897125,0.805264,0.932813,0.840048,218,4,1662
2026/02/04/01:21:48,4045.152060,0.897125,0.805264,0.932813,0.840048,218,4,1662
2026/02/04/01:21:49,4046.152208,0.895094,0.798710,0.930781,0.833494,217,4,1663
2026/02/04/01:21:50,4047.152304,0.895094,0.798710,0.930781,0.833494,217,4,1663
2026/02/04/01:21:51,4048.152347,0.895094,0.798710,0.930781,0.833494,217,4,1663
2026/02/04/01:21:52,4049.152440,0.895094,0.798710,0.930781,0.833494,217,4,1663
2026/02/04/01:21:53,4050.152541,0.895094,0.798710,0.930781,0.833494,217,4,1663
2026/02/04/01:21:54,4051.152615,0.895094,0.798710,0.930781,0.833494,217,4,1663
2026/02/04/01:21:55,4052.152791,0.895094,0.798710,0.930781,0.833494,217,4,1663
2026/02/04/01:21:56,4053.152942,0.895094,0.798710,0.930781,0.833494,217,4,1663
2026/02/04/01:21:57,4054.153052,0.895094,0.798710,0.930781,0.833494,217,4,1663
2026/02/04/01:21:58,4055.153123,0.895094,0.798710,0.930781,0.833494,217,4,1663
2026/02/04/01:21:59,4056.153222,0.895094,0.798710,0.930781,0.833494,217,4,1663
2026/02/04/01:22:00,4057.153316,0.895094,0.798710,0.930781,0.833494,217,4,1663
2026/02/04/01:22:01,4058.153403,0.895094,0.798710,0.930781,0.833494,217,4,1663
2026/02/04/01:22:02,4059.153569,0.895094,0.798710,0.930781,0.833494,217,4,1663
2026/02/04/01:22:03,4060.153711,0.895094,0.798710,0.930781,0.833494,217,4,1663
2026/02/04/01:22:04,4061.153819,0.895094,0.798710,0.930781,0.833494,217,4,1663
2026/02/04/01:22:05,4062.153965,0.895094,0.798710,0.930781,0.833494,217,4,1663
2026/02/04/01:22:06,4063.154062,0.903906,0.800701,0.957219,0.839466,218,6,1663
2026/02/04/01:22:07,4064.154157,0.903906,0.800701,0.957219,0.839466,218,6,1663
2026/02/04/01:22:08,4065.154296,0.903906,0.800701,0.957219,0.839466,218,6,1663
2026/02/04/01:22:09,4066.154408,0.903906,0.800701,0.957219,0.839466,218,6,1663
2026/02/04/01:22:10,4067.154567,0.903906,0.800701,0.957219,0.839466,218,6,1663
2026/02/04/01:22:11,4068.154653,0.903906,0.800701,0.957219,0.839466,218,6,1663
2026/02/04/01:22:12,4069.154756,0.895094,0.798710,0.930781,0.833494,217,4,1664
2026/02/04/01:22:13,4070.154855,0.895094,0.798710,0.930781,0.833494,217,4,1664
2026/02/04/01:22:14,4071.155005,0.895094,0.798710,0.930781,0.833494,217,4,1664
2026/02/04/01:22:15,4072.155048,0.895094,0.798710,0.930781,0.833494,217,4,1664
2026/02/04/01:22:16,4073.155134,0.891250,0.795314,0.926937,0.830097,216,4,1665
2026/02/04/01:22:17,4074.155303,0.894656,0.808595,0.926937,0.830097,217,3,1665
2026/02/04/01:22:18,4075.155341,0.894656,0.808595,0.926937,0.830097,217,3,1665
2026/02/04/01:22:19,4076.155451,0.894656,0.808595,0.926937,0.830097,217,3,1665
2026/02/04/01:22:20,4077.155559,0.894656,0.808595,0.926937,0.830097,217,3,1665
2026/02/04/01:22:21,4078.155645,0.894656,0.808595,0.926937,0.830097,217,3,1665
2026/02/04/01:22:22,4079.155794,0.894656,0.808595,0.898062,0.821876,217,1,1665
2026/02/04/01:22:23,4080.155893,0.894656,0.808595,0.898062,0.821876,217,1,1665
2026/02/04/01:22:24,4081.155984,0.894656,0.808595,0.898062,0.821876,217,1,1665
2026/02/04/01:22:25,4082.156139,0.894656,0.808595,0.898062,0.821876,217,1,1665
2026/02/04/01:22:26,4083.156232,0.894656,0.808595,0.898062,0.821876,217,1,1665
2026/02/04/01:22:27,4084.156334,0.894656,0.808595,0.898062,0.821876,217,1,1665
2026/02/04/01:22:28,4085.156481,0.894656,0.808595,0.898062,0.821876,217,1,1665
2026/02/04/01:22:29,4086.156575,0.894656,0.808595,0.898062,0.821876,217,1,1665
2026/02/04/01:22:30,4087.156665,0.894656,0.808595,0.898062,0.821876,217,1,1665
2026/02/04/01:22:31,4088.156779,0.894656,0.808595,0.898062,0.821876,217,1,1665
2026/02/04/01:22:32,4089.156860,0.894656,0.808595,0.898062,0.821876,217,1,1665
2026/02/04/01:22:33,4090.157014,0.889437,0.802818,0.892844,0.816099,216,1,1666
2026/02/04/01:22:34,4091.157170,0.889437,0.802818,0.892844,0.816099,216,1,1666
2026/02/04/01:22:35,4092.157359,0.889437,0.802818,0.892844,0.816099,216,1,1666
2026/02/04/01:22:36,4093.157454,0.889437,0.802818,0.892844,0.816099,216,1,1666
2026/02/04/01:22:37,4094.157550,0.889437,0.802818,0.892844,0.816099,216,1,1666
2026/02/04/01:22:38,4095.157725,0.889437,0.802818,0.892844,0.816099,216,1,1666
2026/02/04/01:22:39,4096.157822,0.889437,0.802818,0.892844,0.816099,216,1,1666
2026/02/04/01:22:40,4097.157910,0.889437,0.802818,0.892844,0.816099,216,1,1666
2026/02/04/01:22:41,4098.158054,0.889437,0.802818,0.892844,0.816099,216,1,1666
2026/02/04/01:22:42,4099.158157,0.889437,0.802818,0.892844,0.816099,216,1,1666
2026/02/04/01:22:43,4100.158239,0.889437,0.802818,0.892844,0.816099,216,1,1666
2026/02/04/01:22:44,4101.158380,0.889437,0.802818,0.892844,0.816099,216,1,1666
2026/02/04/01:22:45,4102.158478,0.889437,0.802818,0.892844,0.816099,216,1,1666
2026/02/04/01:22:46,4103.158568,0.889437,0.802818,0.892844,0.816099,216,1,1666
2026/02/04/01:22:47,4104.158711,0.889437,0.802818,0.892844,0.816099,216,1,1666
2026/02/04/01:22:48,4105.158820,0.889437,0.802818,0.892844,0.816099,216,1,1666
2026/02/04/01:22:49,4106.158928,0.889437,0.802818,0.892844,0.816099,216,1,1666
2026/02/04/01:22:50,4107.158999,0.889437,0.802818,0.892844,0.816099,216,1,1666
2026/02/04/01:22:51,4108.159064,0.889437,0.802818,0.892844,0.816099,216,1,1666
2026/02/04/01:22:52,4109.159161,0.889437,0.802818,0.892844,0.816099,216,1,1666
2026/02/04/01:22:53,4110.159336,0.889437,0.802818,0.892844,0.816099,216,1,1666
2026/02/04/01:22:54,4111.159356,0.889437,0.802818,0.892844,0.816099,216,1,1666
2026/02/04/01:22:55,4112.159458,0.889437,0.802818,0.892844,0.816099,216,1,1666
2026/02/04/01:22:56,4113.159597,0.889437,0.802818,0.892844,0.816099,216,1,1666
2026/02/04/01:22:57,4114.159718,0.889437,0.802818,0.892844,0.816099,216,1,1666
2026/02/04/01:22:58,4115.159863,0.889437,0.802818,0.892844,0.816099,216,1,1666
2026/02/04/01:22:59,4116.160015,0.889437,0.802818,0.892844,0.816099,216,1,1666
2026/02/04/01:23:00,4117.160089,0.889437,0.802818,0.892844,0.816099,216,1,1666
2026/02/04/01:23:01,4118.160189,0.889437,0.802818,0.892844,0.816099,216,1,1666
2026/02/04/01:23:02,4119.160278,0.889437,0.802818,0.892844,0.816099,216,1,1666
2026/02/04/01:23:03,4120.160425,0.889437,0.802818,0.892844,0.816099,216,1,1666
2026/02/04/01:23:04,4121.160520,0.889437,0.802818,0.892844,0.816099,216,1,1666
2026/02/04/01:23:05,4122.160668,0.889437,0.802818,0.903438,0.818346,216,2,1666
2026/02/04/01:23:06,4123.160755,0.889437,0.802818,0.903438,0.818346,216,2,1666
2026/02/04/01:23:07,4124.160856,0.900813,0.822515,0.934219,0.844062,221,5,1666
2026/02/04/01:23:08,4125.160964,0.900813,0.822515,0.934219,0.844062,221,5,1666
2026/02/04/01:23:09,4126.161113,0.894437,0.809066,0.897844,0.822348,218,1,1669
2026/02/04/01:23:10,4127.161209,0.894437,0.809066,0.897844,0.822348,218,1,1669
2026/02/04/01:23:11,4128.161330,0.892625,0.806984,0.896031,0.820265,217,1,1670
2026/02/04/01:23:12,4129.161435,0.885813,0.780422,0.885813,0.780422,215,0,1672
2026/02/04/01:23:13,4130.161528,0.885813,0.780422,0.885813,0.780422,215,0,1672
2026/02/04/01:23:14,4131.161676,0.885813,0.780422,0.885813,0.780422,215,0,1672
2026/02/04/01:23:15,4132.161763,0.885813,0.780422,0.885813,0.780422,215,0,1672
2026/02/04/01:23:16,4133.161932,0.882625,0.776255,0.882625,0.776255,214,0,1673
2026/02/04/01:23:17,4134.162023,0.882625,0.776255,0.882625,0.776255,214,0,1673
2026/02/04/01:23:18,4135.162113,0.882625,0.776255,0.882625,0.776255,214,0,1673
2026/02/04/01:23:19,4136.162199,0.882625,0.776255,0.882625,0.776255,214,0,1673
2026/02/04/01:23:20,4137.162302,0.878781,0.773159,0.878781,0.773159,213,0,1674
2026/02/04/01:23:21,4138.162353,0.878781,0.773159,0.878781,0.773159,213,0,1674
2026/02/04/01:23:22,4139.162498,0.878781,0.773159,0.878781,0.773159,213,0,1674
2026/02/04/01:23:23,4140.162665,0.903031,0.810342,0.945250,0.837281,223,5,1674
2026/02/04/01:23:24,4141.162805,0.903031,0.810342,0.945250,0.837281,223,5,1674
2026/02/04/01:23:25,4142.162890,0.899594,0.792866,0.934875,0.818049,219,4,1679
2026/02/04/01:23:26,4143.162973,0.899594,0.792866,0.924594,0.803433,219,3,1679
2026/02/04/01:23:27,4144.163083,0.917281,0.807815,0.970594,0.827293,225,5,1679
2026/02/04/01:23:28,4145.163153,0.944656,0.844660,1.016781,0.881098,236,7,1679
2026/02/04/01:23:29,4146.163239,0.933969,0.836736,1.006094,0.873175,233,7,1682
2026/02/04/01:23:30,4147.163346,0.929937,0.834389,1.002063,0.870827,232,7,1683
2026/02/04/01:23:31,4148.163513,0.929937,0.834389,0.973750,0.861917,232,5,1683
2026/02/04/01:23:32,4149.163595,0.915781,0.812629,0.934594,0.829590,228,2,1687
2026/02/04/01:23:33,4150.163665,0.923937,0.821366,0.968344,0.846403,232,5,1687
2026/02/04/01:23:34,4151.163768,0.925531,0.824436,0.968344,0.846403,233,4,1687
2026/02/04/01:23:35,4152.163844,0.946906,0.855773,1.024156,0.884599,242,8,1687
2026/02/04/01:23:36,4153.163941,0.947219,0.854137,1.030687,0.885094,242,9,1689
2026/02/04/01:23:37,4154.164019,0.942344,0.844309,1.025813,0.875266,239,9,1692
2026/02/04/01:23:38,4155.164122,0.928281,0.828320,0.992938,0.842315,233,7,1698
2026/02/04/01:23:39,4156.164205,0.928281,0.828320,0.992938,0.842315,233,7,1698
2026/02/04/01:23:40,4157.164329,0.928281,0.828320,0.992938,0.842315,233,7,1698
2026/02/04/01:23:41,4158.164422,0.928281,0.828320,0.971125,0.838853,233,5,1698
2026/02/04/01:23:42,4159.164516,0.914719,0.812399,0.951250,0.821233,225,4,1707
2026/02/04/01:23:43,4160.164618,0.914719,0.812399,0.951250,0.821233,225,4,1707
2026/02/04/01:23:44,4161.164708,0.914719,0.812399,0.951250,0.821233,225,4,1707
2026/02/04/01:23:45,4162.164897,0.912406,0.810468,0.948937,0.819303,224,4,1708
2026/02/04/01:23:46,4163.164998,0.910750,0.800239,0.934750,0.805245,223,2,1711
2026/02/04/01:23:47,4164.165089,0.910750,0.800239,0.934750,0.805245,223,2,1711
2026/02/04/01:23:48,4165.165182,0.910750,0.800239,0.934750,0.805245,223,2,1711
2026/02/04/01:23:49,4166.165301,0.910750,0.800239,0.934750,0.805245,223,2,1711
2026/02/04/01:23:50,4167.165357,0.908813,0.793206,0.932813,0.798212,222,2,1712
2026/02/04/01:23:51,4168.165444,0.908813,0.793206,0.932813,0.798212,222,2,1712
2026/02/04/01:23:52,4169.165530,0.908813,0.793206,0.932813,0.798212,222,2,1712
2026/02/04/01:23:53,4170.165638,0.908813,0.793206,0.932813,0.798212,222,2,1712
2026/02/04/01:23:54,4171.165734,0.908813,0.793206,0.932813,0.798212,222,2,1712
2026/02/04/01:23:55,4172.165827,0.908813,0.793206,0.932813,0.798212,222,2,1712
2026/02/04/01:23:56,4173.165921,0.908813,0.793206,0.932813,0.798212,222,2,1712
2026/02/04/01:23:57,4174.166101,0.908813,0.793206,0.932813,0.798212,222,2,1712
2026/02/04/01:23:58,4175.166205,0.908813,0.793206,0.932813,0.798212,222,2,1712
2026/02/04/01:23:59,4176.166311,0.908813,0.793206,0.932813,0.798212,222,2,1712
2026/02/04/01:24:00,4177.166393,0.908813,0.793206,0.932813,0.798212,222,2,1712
2026/02/04/01:24:01,4178.166483,0.902594,0.791075,0.926594,0.796081,221,2,1713
2026/02/04/01:24:02,4179.166639,0.902594,0.791075,0.926594,0.796081,221,2,1713
2026/02/04/01:24:03,4180.166754,0.889969,0.787678,0.913969,0.792684,219,2,1715
2026/02/04/01:24:04,4181.166913,0.889969,0.787678,0.913969,0.792684,219,2,1715
2026/02/04/01:24:05,4182.167018,0.889969,0.787678,0.913969,0.792684,219,2,1715
2026/02/04/01:24:06,4183.167114,0.889969,0.787678,0.913969,0.792684,219,2,1715
2026/02/04/01:24:07,4184.167306,0.884344,0.776018,0.908344,0.781024,217,2,1717
2026/02/04/01:24:08,4185.167397,0.884344,0.776018,0.908344,0.781024,217,2,1717
2026/02/04/01:24:09,4186.167496,0.884344,0.776018,0.908344,0.781024,217,2,1717
2026/02/04/01:24:10,4187.167642,0.884344,0.776018,0.908344,0.781024,217,2,1717
2026/02/04/01:24:11,4188.167675,0.884344,0.776018,0.908344,0.781024,217,2,1717
2026/02/04/01:24:12,4189.167776,0.884344,0.776018,0.908344,0.781024,217,2,1717
2026/02/04/01:24:13,4190.167924,0.884344,0.776018,0.908344,0.781024,217,2,1717
2026/02/04/01:24:14,4191.168006,0.884344,0.776018,0.908344,0.781024,217,2,1717
2026/02/04/01:24:15,4192.168113,0.884344,0.776018,0.908344,0.781024,217,2,1717
2026/02/04/01:24:16,4193.168200,0.884344,0.776018,0.908344,0.781024,217,2,1717
2026/02/04/01:24:17,4194.168323,0.884344,0.776018,0.908344,0.781024,217,2,1717
2026/02/04/01:24:18,4195.168336,0.884344,0.776018,0.908344,0.781024,217,2,1717
2026/02/04/01:24:19,4196.168428,0.884344,0.776018,0.908344,0.781024,217,2,1717
2026/02/04/01:24:20,4197.168518,0.884344,0.776018,0.908344,0.781024,217,2,1717
2026/02/04/01:24:21,4198.168628,0.903062,0.794433,0.927063,0.799439,224,2,1717
2026/02/04/01:24:22,4199.168725,0.903062,0.794433,0.927063,0.799439,224,2,1717
2026/02/04/01:24:23,4200.168826,0.897906,0.785486,0.921906,0.790492,221,2,1720
2026/02/04/01:24:24,4201.168917,0.894281,0.777781,0.918281,0.782787,219,2,1722
2026/02/04/01:24:25,4202.169034,0.894281,0.777781,0.918281,0.782787,219,2,1722
2026/02/04/01:24:26,4203.169187,0.894281,0.777781,0.918281,0.782787,219,2,1722
2026/02/04/01:24:27,4204.169262,0.894281,0.777781,0.918281,0.782787,219,2,1722
2026/02/04/01:24:28,4205.169374,0.894281,0.777781,0.918281,0.782787,219,2,1722
2026/02/04/01:24:29,4206.169521,0.894281,0.777781,0.918281,0.782787,219,2,1722
2026/02/04/01:24:30,4207.169666,0.894281,0.777781,0.918281,0.782787,219,2,1722
2026/02/04/01:24:31,4208.169756,0.894281,0.777781,0.918281,0.782787,219,2,1722
2026/02/04/01:24:32,4209.169820,0.894281,0.777781,0.918281,0.782787,219,2,1722
2026/02/04/01:24:33,4210.169919,0.888188,0.764611,0.912188,0.769616,216,2,1725
2026/02/04/01:24:34,4211.170018,0.876656,0.758260,0.900656,0.763265,213,2,1728
2026/02/04/01:24:35,4212.170162,0.876656,0.758260,0.900656,0.763265,213,2,1728
2026/02/04/01:24:36,4213.170264,0.876656,0.758260,0.900656,0.763265,213,2,1728
2026/02/04/01:24:37,4214.170360,0.879563,0.750683,0.891563,0.753185,211,1,1731
2026/02/04/01:24:38,4215.170449,0.879563,0.750683,0.891563,0.753185,211,1,1731
2026/02/04/01:24:39,4216.170522,0.879563,0.750683,0.891563,0.753185,211,1,1731
2026/02/04/01:24:40,4217.170625,0.879563,0.750683,0.891563,0.753185,211,1,1731
2026/02/04/01:24:41,4218.170740,0.879563,0.750683,0.891563,0.753185,211,1,1731
2026/02/04/01:24:42,4219.170810,0.879563,0.750683,0.891563,0.753185,211,1,1731
2026/02/04/01:24:43,4220.170906,0.879563,0.750683,0.891563,0.753185,211,1,1731
2026/02/04/01:24:44,4221.170994,0.874875,0.745374,0.886875,0.747876,208,1,1734
2026/02/04/01:24:45,4222.171094,0.874875,0.745374,0.886875,0.747876,208,1,1734
2026/02/04/01:24:46,4223.171181,0.874875,0.745374,0.886875,0.747876,208,1,1734
2026/02/04/01:24:47,4224.171291,0.874875,0.745374,0.886875,0.747876,208,1,1734
2026/02/04/01:24:48,4225.171318,0.874875,0.745374,0.886875,0.747876,208,1,1734
2026/02/04/01:24:49,4226.171426,0.874875,0.745374,0.886875,0.747876,208,1,1734
2026/02/04/01:24:50,4227.171579,0.874875,0.745374,0.886875,0.747876,208,1,1734
2026/02/04/01:24:51,4228.171618,0.874875,0.745374,0.886875,0.747876,208,1,1734
2026/02/04/01:24:52,4229.171701,0.874875,0.745374,0.886875,0.747876,208,1,1734
2026/02/04/01:24:53,4230.171807,0.874875,0.745374,0.886875,0.747876,208,1,1734
2026/02/04/01:24:54,4231.171887,0.874875,0.745374,0.886875,0.747876,208,1,1734
2026/02/04/01:24:55,4232.171979,0.874875,0.745374,0.886875,0.747876,208,1,1734
2026/02/04/01:24:56,4233.172074,0.874875,0.745374,0.886875,0.747876,208,1,1734
2026/02/04/01:24:57,4234.172159,0.874875,0.745374,0.886875,0.747876,208,1,1734
2026/02/04/01:24:58,4235.172290,0.874875,0.745374,0.886875,0.747876,208,1,1734
2026/02/04/01:24:59,4236.172339,0.874875,0.745374,0.886875,0.747876,208,1,1734
2026/02/04/01:25:00,4237.172463,0.874875,0.745374,0.886875,0.747876,208,1,1734
2026/02/04/01:25:01,4238.172539,0.874875,0.745374,0.886875,0.747876,208,1,1734
2026/02/04/01:25:02,4239.172637,0.896750,0.778571,0.930500,0.792807,216,3,1734
2026/02/04/01:25:03,4240.172731,0.896750,0.778571,0.930500,0.792807,216,3,1734
2026/02/04/01:25:04,4241.172817,0.896750,0.778571,0.930500,0.792807,216,3,1734
2026/02/04/01:25:05,4242.172927,0.890344,0.772984,0.912062,0.777397,214,2,1736
2026/02/04/01:25:06,4243.173087,0.890344,0.772984,0.912062,0.777397,214,2,1736
2026/02/04/01:25:07,4244.173164,0.890344,0.772984,0.912062,0.777397,214,2,1736
2026/02/04/01:25:08,4245.173255,0.890344,0.772984,0.912062,0.777397,214,2,1736
2026/02/04/01:25:09,4246.173420,0.890344,0.772984,0.912062,0.777397,214,2,1736
2026/02/04/01:25:10,4247.173504,0.890344,0.772984,0.902344,0.775487,214,1,1736
2026/02/04/01:25:11,4248.173612,0.890344,0.772984,0.902344,0.775487,214,1,1736
2026/02/04/01:25:12,4249.173706,0.890344,0.772984,0.902344,0.775487,214,1,1736
2026/02/04/01:25:13,4250.173781,0.890344,0.772984,0.921906,0.782050,214,3,1736
2026/02/04/01:25:14,4251.173945,0.884906,0.766636,0.916469,0.775703,211,3,1739
2026/02/04/01:25:15,4252.174022,0.895281,0.782342,0.926344,0.833039,215,5,1739
2026/02/04/01:25:16,4253.174115,0.895281,0.782342,0.926344,0.833039,215,5,1739
2026/02/04/01:25:17,4254.174262,0.895281,0.782342,0.926344,0.833039,215,5,1739
2026/02/04/01:25:18,4255.174319,0.895281,0.782342,0.926344,0.833039,215,5,1739
2026/02/04/01:25:19,4256.174417,0.895281,0.782342,0.926344,0.833039,215,5,1739
2026/02/04/01:25:20,4257.174535,0.891031,0.774951,0.914875,0.779068,213,2,1741
2026/02/04/01:25:21,4258.174609,0.887156,0.771443,0.911000,0.775560,212,2,1742
2026/02/04/01:25:22,4259.174715,0.887156,0.771443,0.911000,0.775560,212,2,1742
2026/02/04/01:25:23,4260.174882,0.887156,0.771443,0.911000,0.775560,212,2,1742
2026/02/04/01:25:24,4261.174960,0.877406,0.762369,0.901250,0.766486,209,2,1745
2026/02/04/01:25:25,4262.175031,0.877406,0.762369,0.901250,0.766486,209,2,1745
2026/02/04/01:25:26,4263.175125,0.877406,0.762369,0.901250,0.766486,209,2,1745
2026/02/04/01:25:27,4264.175221,0.877406,0.762369,0.901250,0.766486,209,2,1745
2026/02/04/01:25:28,4265.175382,0.877406,0.762369,0.901250,0.766486,209,2,1745
2026/02/04/01:25:29,4266.175498,0.871687,0.743832,0.895531,0.747949,206,2,1748
2026/02/04/01:25:30,4267.175576,0.875219,0.742234,0.887219,0.744736,205,1,1750
2026/02/04/01:25:31,4268.175668,0.875219,0.742234,0.887219,0.744736,205,1,1750
2026/02/04/01:25:32,4269.175762,0.875219,0.742234,0.887219,0.744736,205,1,1750
2026/02/04/01:25:33,4270.175846,0.875219,0.742234,0.887219,0.744736,205,1,1750
2026/02/04/01:25:34,4271.176003,0.875219,0.742234,0.887219,0.744736,205,1,1750
2026/02/04/01:25:35,4272.176089,0.875219,0.742234,0.887219,0.744736,205,1,1750
2026/02/04/01:25:36,4273.176184,0.875219,0.742234,0.887219,0.744736,205,1,1750
2026/02/04/01:25:37,4274.176286,0.875219,0.742234,0.887219,0.744736,205,1,1750
2026/02/04/01:25:38,4275.176340,0.875219,0.742234,0.887219,0.744736,205,1,1750
2026/02/04/01:25:39,4276.176445,0.875219,0.742234,0.887219,0.744736,205,1,1750
2026/02/04/01:25:40,4277.176586,0.875219,0.742234,0.887219,0.744736,205,1,1750
2026/02/04/01:25:41,4278.176691,0.875219,0.742234,0.887219,0.744736,205,1,1750
2026/02/04/01:25:42,4279.176765,0.875219,0.742234,0.887219,0.744736,205,1,1750
2026/02/04/01:25:43,4280.176882,0.869687,0.736760,0.881687,0.739262,204,1,1751
2026/02/04/01:25:44,4281.176979,0.861219,0.734992,0.873219,0.737495,203,1,1752
2026/02/04/01:25:45,4282.177072,0.861219,0.734992,0.873219,0.737495,203,1,1752
2026/02/04/01:25:46,4283.177158,0.861219,0.734992,0.873219,0.737495,203,1,1752
2026/02/04/01:25:47,4284.177328,0.861219,0.734992,0.873219,0.737495,203,1,1752
2026/02/04/01:25:48,4285.177416,0.861219,0.734992,0.873219,0.737495,203,1,1752
2026/02/04/01:25:49,4286.177516,0.861219,0.734992,0.873219,0.737495,203,1,1752
2026/02/04/01:25:50,4287.177609,0.861219,0.734992,0.873219,0.737495,203,1,1752
2026/02/04/01:25:51,4288.177763,0.861219,0.734992,0.873219,0.737495,203,1,1752
2026/02/04/01:25:52,4289.177868,0.861219,0.734992,0.873219,0.737495,203,1,1752
2026/02/04/01:25:53,4290.211780,0.861219,0.734992,0.873219,0.737495,203,1,1752
2026/02/04/01:25:54,4291.211890,0.873219,0.737495,0.873219,0.737495,204,0,1753
2026/02/04/01:25:55,4292.212034,0.873219,0.737495,0.873219,0.737495,204,0,1753
2026/02/04/01:25:56,4293.212193,0.873219,0.737495,0.873219,0.737495,204,0,1753
2026/02/04/01:25:57,4294.212357,0.873219,0.737495,0.873219,0.737495,204,0,1753
2026/02/04/01:25:58,4295.212514,0.873219,0.737495,0.873219,0.737495,204,0,1753
2026/02/04/01:25:59,4296.212620,0.869406,0.733512,0.869406,0.733512,202,0,1755
2026/02/04/01:26:00,4297.212737,0.869406,0.733512,0.869406,0.733512,202,0,1755
2026/02/04/01:26:01,4298.212812,0.869406,0.733512,0.869406,0.733512,202,0,1755
2026/02/04/01:26:02,4299.212892,0.869406,0.733512,0.869406,0.733512,202,0,1755
2026/02/04/01:26:03,4300.213057,0.869406,0.733512,0.869406,0.733512,202,0,1755
2026/02/04/01:26:04,4301.213210,0.869406,0.733512,0.869406,0.733512,202,0,1755
2026/02/04/01:26:05,4302.213364,0.869406,0.733512,0.869406,0.733512,202,0,1755
2026/02/04/01:26:06,4303.213486,0.869406,0.733512,0.869406,0.733512,202,0,1755
2026/02/04/01:26:07,4304.213593,0.869406,0.733512,0.869406,0.733512,202,0,1755
2026/02/04/01:26:08,4305.213670,0.869406,0.733512,0.869406,0.733512,202,0,1755
2026/02/04/01:26:09,4306.213838,0.869406,0.733512,0.869406,0.733512,202,0,1755
2026/02/04/01:26:10,4307.213926,0.883938,0.744484,0.883938,0.744484,205,0,1755
2026/02/04/01:26:11,4308.214041,0.883938,0.744484,0.883938,0.744484,205,0,1755
2026/02/04/01:26:12,4309.214105,0.887563,0.746575,0.887563,0.746575,206,0,1755
2026/02/04/01:26:13,4310.214183,0.887563,0.746575,0.887563,0.746575,206,0,1755
2026/02/04/01:26:14,4311.214322,0.878844,0.753193,0.878844,0.753193,206,0,1758
2026/02/04/01:26:15,4312.214354,0.878844,0.753193,0.878844,0.753193,206,0,1758
2026/02/04/01:26:16,4313.214519,0.881969,0.782541,0.881969,0.782541,208,0,1758
2026/02/04/01:26:17,4314.214603,0.879000,0.780455,0.879000,0.780455,207,0,1759
2026/02/04/01:26:18,4315.214689,0.866250,0.771636,0.866250,0.771636,205,0,1761
2026/02/04/01:26:19,4316.214838,0.866250,0.771636,0.866250,0.771636,205,0,1761
2026/02/04/01:26:20,4317.214942,0.863125,0.742288,0.863125,0.742288,203,0,1763
2026/02/04/01:26:21,4318.215026,0.863125,0.742288,0.863125,0.742288,203,0,1763
2026/02/04/01:26:22,4319.215110,0.863125,0.742288,0.863125,0.742288,203,0,1763
2026/02/04/01:26:23,4320.215213,0.863125,0.742288,0.863125,0.742288,203,0,1763
2026/02/04/01:26:24,4321.215359,0.847187,0.730659,0.847187,0.730659,201,0,1765
2026/02/04/01:26:25,4322.215442,0.847187,0.730659,0.847187,0.730659,201,0,1765
2026/02/04/01:26:26,4323.215593,0.847187,0.730659,0.847187,0.730659,201,0,1765
2026/02/04/01:26:27,4324.215745,0.847187,0.730659,0.847187,0.730659,201,0,1765
2026/02/04/01:26:28,4325.215853,0.847187,0.730659,0.847187,0.730659,201,0,1765
2026/02/04/01:26:29,4326.215933,0.847187,0.730659,0.847187,0.730659,201,0,1765
2026/02/04/01:26:30,4327.216040,0.845406,0.728507,0.845406,0.728507,200,0,1766
2026/02/04/01:26:31,4328.216119,0.845406,0.728507,0.845406,0.728507,200,0,1766
2026/02/04/01:26:32,4329.216213,0.845406,0.728507,0.845406,0.728507,200,0,1766
2026/02/04/01:26:33,4330.216403,0.845406,0.728507,0.845406,0.728507,200,0,1766
2026/02/04/01:26:34,4331.216491,0.845406,0.728507,0.845406,0.728507,200,0,1766
2026/02/04/01:26:35,4332.216588,0.845406,0.728507,0.845406,0.728507,200,0,1766
2026/02/04/01:26:36,4333.216680,0.845406,0.728507,0.845406,0.728507,200,0,1766
2026/02/04/01:26:37,4334.216772,0.845406,0.728507,0.845406,0.728507,200,0,1766
2026/02/04/01:26:38,4335.216841,0.845406,0.728507,0.845406,0.728507,200,0,1766
2026/02/04/01:26:39,4336.216957,0.845406,0.728507,0.845406,0.728507,200,0,1766
2026/02/04/01:26:40,4337.217049,0.845406,0.728507,0.845406,0.728507,200,0,1766
2026/02/04/01:26:41,4338.217149,0.845406,0.728507,0.845406,0.728507,200,0,1766
2026/02/04/01:26:42,4339.217303,0.847156,0.731778,0.847156,0.731778,201,0,1766
2026/02/04/01:26:43,4340.217353,0.847156,0.731778,0.847156,0.731778,201,0,1766
2026/02/04/01:26:44,4341.217445,0.847156,0.731778,0.847156,0.731778,201,0,1766
2026/02/04/01:26:45,4342.217561,0.847156,0.731778,0.847156,0.731778,201,0,1766
2026/02/04/01:26:46,4343.217631,0.847156,0.731778,0.847156,0.731778,201,0,1766
2026/02/04/01:26:47,4344.217733,0.847156,0.731778,0.847156,0.731778,201,0,1766
2026/02/04/01:26:48,4345.217816,0.847156,0.731778,0.847156,0.731778,201,0,1766
2026/02/04/01:26:49,4346.217883,0.847156,0.731778,0.847156,0.731778,201,0,1766
2026/02/04/01:26:50,4347.218044,0.847156,0.731778,0.847156,0.731778,201,0,1766
2026/02/04/01:26:51,4348.218203,0.847156,0.731778,0.847156,0.731778,201,0,1766
2026/02/04/01:26:52,4349.218240,0.847156,0.731778,0.847156,0.731778,201,0,1766
2026/02/04/01:26:53,4350.218385,0.847156,0.731778,0.847156,0.731778,201,0,1766
2026/02/04/01:26:54,4351.218485,0.847156,0.731778,0.847156,0.731778,201,0,1766
2026/02/04/01:26:55,4352.218581,0.847156,0.731778,0.847156,0.731778,201,0,1766
2026/02/04/01:26:56,4353.218668,0.847156,0.731778,0.847156,0.731778,201,0,1766
2026/02/04/01:26:57,4354.218823,0.847156,0.731778,0.847156,0.731778,201,0,1766
2026/02/04/01:26:58,4355.218987,0.847156,0.731778,0.847156,0.731778,201,0,1766
2026/02/04/01:26:59,4356.219082,0.847156,0.731778,0.847156,0.731778,201,0,1766
2026/02/04/01:27:00,4357.219173,0.847156,0.731778,0.847156,0.731778,201,0,1766
2026/02/04/01:27:01,4358.219263,0.847156,0.731778,0.847156,0.731778,201,0,1766
2026/02/04/01:27:02,4359.219344,0.847156,0.731778,0.847156,0.731778,201,0,1766
2026/02/04/01:27:03,4360.219433,0.847156,0.731778,0.847156,0.731778,201,0,1766
2026/02/04/01:27:04,4361.219545,0.847156,0.731778,0.847156,0.731778,201,0,1766
2026/02/04/01:27:05,4362.219663,0.847156,0.731778,0.847156,0.731778,201,0,1766
2026/02/04/01:27:06,4363.219745,0.847156,0.731778,0.847156,0.731778,201,0,1766
2026/02/04/01:27:07,4364.219810,0.847156,0.731778,0.847156,0.731778,201,0,1766
2026/02/04/01:27:08,4365.219958,0.847156,0.731778,0.847156,0.731778,201,0,1766
2026/02/04/01:27:09,4366.220046,0.847156,0.731778,0.847156,0.731778,201,0,1766
2026/02/04/01:27:10,4367.220146,0.847156,0.731778,0.847156,0.731778,201,0,1766
2026/02/04/01:27:11,4368.220316,0.847156,0.731778,0.847156,0.731778,201,0,1766
2026/02/04/01:27:12,4369.220353,0.847156,0.731778,0.847156,0.731778,201,0,1766
2026/02/04/01:27:13,4370.220505,0.847156,0.731778,0.847156,0.731778,201,0,1766
2026/02/04/01:27:14,4371.220567,0.847156,0.731778,0.847156,0.731778,201,0,1766
2026/02/04/01:27:15,4372.220661,0.847156,0.731778,0.847156,0.731778,201,0,1766
2026/02/04/01:27:16,4373.220752,0.847156,0.731778,0.847156,0.731778,201,0,1766
2026/02/04/01:27:17,4374.220856,0.847156,0.731778,0.847156,0.731778,201,0,1766
2026/02/04/01:27:18,4375.221025,0.847156,0.731778,0.847156,0.731778,201,0,1766
2026/02/04/01:27:19,4376.221109,0.847156,0.731778,0.847156,0.731778,201,0,1766
2026/02/04/01:27:20,4377.221281,0.850594,0.735844,0.850594,0.735844,203,0,1766
2026/02/04/01:27:21,4378.221362,0.850594,0.735844,0.850594,0.735844,203,0,1766
2026/02/04/01:27:22,4379.221425,0.850594,0.735844,0.850594,0.735844,203,0,1766
2026/02/04/01:27:23,4380.221532,0.850594,0.735844,0.850594,0.735844,203,0,1766
2026/02/04/01:27:24,4381.221616,0.850594,0.735844,0.850594,0.735844,203,0,1766
2026/02/04/01:27:25,4382.221703,0.850594,0.735844,0.850594,0.735844,203,0,1766
2026/02/04/01:27:26,4383.221797,0.850594,0.735844,0.850594,0.735844,203,0,1766
2026/02/04/01:27:27,4384.221902,0.850594,0.735844,0.850594,0.735844,203,0,1766
2026/02/04/01:27:28,4385.222039,0.850594,0.735844,0.850594,0.735844,203,0,1766
2026/02/04/01:27:29,4386.222200,0.850594,0.735844,0.850594,0.735844,203,0,1766
2026/02/04/01:27:30,4387.222296,0.850594,0.735844,0.850594,0.735844,203,0,1766
2026/02/04/01:27:31,4388.222323,0.850594,0.735844,0.850594,0.735844,203,0,1766
2026/02/04/01:27:32,4389.222501,0.850594,0.735844,0.850594,0.735844,203,0,1766
2026/02/04/01:27:33,4390.222555,0.845906,0.730585,0.845906,0.730585,200,0,1769
2026/02/04/01:27:34,4391.222610,0.845906,0.730585,0.845906,0.730585,200,0,1769
2026/02/04/01:27:35,4392.222702,0.842469,0.726519,0.842469,0.726519,198,0,1771
2026/02/04/01:27:36,4393.222854,0.842469,0.726519,0.842469,0.726519,198,0,1771
2026/02/04/01:27:37,4394.222995,0.842469,0.726519,0.842469,0.726519,198,0,1771
2026/02/04/01:27:38,4395.223146,0.842469,0.726519,0.842469,0.726519,198,0,1771
2026/02/04/01:27:39,4396.223326,0.842469,0.726519,0.842469,0.726519,198,0,1771
2026/02/04/01:27:40,4397.223435,0.842469,0.726519,0.842469,0.726519,198,0,1771
2026/02/04/01:27:41,4398.223573,0.842469,0.726519,0.842469,0.726519,198,0,1771
2026/02/04/01:27:42,4399.223656,0.842469,0.726519,0.842469,0.726519,198,0,1771
2026/02/04/01:27:43,4400.223814,0.842469,0.726519,0.842469,0.726519,198,0,1771
2026/02/04/01:27:44,4401.223899,0.842469,0.726519,0.842469,0.726519,198,0,1771
2026/02/04/01:27:45,4402.223996,0.842469,0.726519,0.842469,0.726519,198,0,1771
2026/02/04/01:27:46,4403.224065,0.837219,0.718654,0.837219,0.718654,196,0,1773
2026/02/04/01:27:47,4404.224158,0.837219,0.718654,0.837219,0.718654,196,0,1773
2026/02/04/01:27:48,4405.224252,0.837219,0.718654,0.837219,0.718654,196,0,1773
2026/02/04/01:27:49,4406.224369,0.837219,0.718654,0.837219,0.718654,196,0,1773
2026/02/04/01:27:50,4407.224516,0.837219,0.718654,0.837219,0.718654,196,0,1773
2026/02/04/01:27:51,4408.224590,0.837219,0.718654,0.837219,0.718654,196,0,1773
2026/02/04/01:27:52,4409.224692,0.837219,0.718654,0.837219,0.718654,196,0,1773
2026/02/04/01:27:53,4410.224851,0.837219,0.718654,0.837219,0.718654,196,0,1773
2026/02/04/01:27:54,4411.224948,0.837219,0.718654,0.837219,0.718654,196,0,1773
2026/02/04/01:27:55,4412.225037,0.837219,0.718654,0.837219,0.718654,196,0,1773
2026/02/04/01:27:56,4413.225126,0.837219,0.718654,0.837219,0.718654,196,0,1773
2026/02/04/01:27:57,4414.225277,0.832469,0.713373,0.832469,0.713373,194,0,1775
2026/02/04/01:27:58,4415.225354,0.830219,0.708567,0.830219,0.708567,193,0,1776
2026/02/04/01:27:59,4416.225459,0.830219,0.708567,0.830219,0.708567,193,0,1776
2026/02/04/01:28:00,4417.225539,0.830219,0.708567,0.830219,0.708567,193,0,1776
2026/02/04/01:28:01,4418.225626,0.830219,0.708567,0.830219,0.708567,193,0,1776
2026/02/04/01:28:02,4419.225730,0.830219,0.708567,0.830219,0.708567,193,0,1776
2026/02/04/01:28:03,4420.225828,0.830219,0.708567,0.830219,0.708567,193,0,1776
2026/02/04/01:28:04,4421.225918,0.830219,0.708567,0.830219,0.708567,193,0,1776
2026/02/04/01:28:05,4422.226004,0.830219,0.708567,0.830219,0.708567,193,0,1776
2026/02/04/01:28:06,4423.226128,0.830219,0.708567,0.830219,0.708567,193,0,1776
2026/02/04/01:28:07,4424.226300,0.830219,0.708567,0.830219,0.708567,193,0,1776
2026/02/04/01:28:08,4425.226370,0.830219,0.708567,0.830219,0.708567,193,0,1776
2026/02/04/01:28:09,4426.226420,0.830219,0.708567,0.830219,0.708567,193,0,1776
2026/02/04/01:28:10,4427.226532,0.830219,0.708567,0.830219,0.708567,193,0,1776
2026/02/04/01:28:11,4428.226625,0.873344,0.767418,0.873344,0.767418,209,0,1776
2026/02/04/01:28:12,4429.226788,0.873344,0.767418,0.873344,0.767418,209,0,1776
2026/02/04/01:28:13,4430.226820,0.867313,0.763008,0.867313,0.763008,207,0,1778
2026/02/04/01:28:14,4431.226925,0.867313,0.763008,0.867313,0.763008,207,0,1778
2026/02/04/01:28:15,4432.227007,0.864344,0.761121,0.864344,0.761121,206,0,1779
2026/02/04/01:28:16,4433.227094,0.864344,0.761121,0.864344,0.761121,206,0,1779
2026/02/04/01:28:17,4434.227223,0.864344,0.761121,0.864344,0.761121,206,0,1779
2026/02/04/01:28:18,4435.227320,0.864344,0.761121,0.864344,0.761121,206,0,1779
2026/02/04/01:28:19,4436.227440,0.864344,0.761121,0.864344,0.761121,206,0,1779
2026/02/04/01:28:20,4437.227528,0.864344,0.761121,0.864344,0.761121,206,0,1779
2026/02/04/01:28:21,4438.227605,0.864344,0.761121,0.864344,0.761121,206,0,1779
2026/02/04/01:28:22,4439.227699,0.864344,0.761121,0.864344,0.761121,206,0,1779
2026/02/04/01:28:23,4440.227801,0.878500,0.792062,0.878500,0.792062,213,0,1779
2026/02/04/01:28:24,4441.227895,0.878500,0.792062,0.878500,0.792062,213,0,1779
2026/02/04/01:28:25,4442.227981,0.872344,0.778734,0.886469,0.781173,210,1,1783
2026/02/04/01:28:26,4443.228132,0.872344,0.778734,0.886469,0.781173,210,1,1783
2026/02/04/01:28:27,4444.228224,0.874156,0.788656,0.888281,0.791096,211,1,1783
2026/02/04/01:28:28,4445.228343,0.874156,0.788656,0.888281,0.791096,211,1,1783
2026/02/04/01:28:29,4446.228433,0.874156,0.788656,0.888281,0.791096,211,1,1783
2026/02/04/01:28:30,4447.228585,0.874156,0.788656,0.874156,0.788656,211,0,1783
2026/02/04/01:28:31,4448.228674,0.885531,0.812101,0.885531,0.812101,216,0,1783
2026/02/04/01:28:32,4449.228768,0.885531,0.812101,0.885531,0.812101,216,0,1783
2026/02/04/01:28:33,4450.228857,0.889312,0.813736,0.889312,0.813736,218,0,1784
2026/02/04/01:28:34,4451.229000,0.885062,0.803207,0.895563,0.823131,216,2,1786
2026/02/04/01:28:35,4452.229091,0.885062,0.803207,0.895563,0.823131,216,2,1786
2026/02/04/01:28:36,4453.229175,0.885062,0.803207,0.895563,0.823131,216,2,1786
2026/02/04/01:28:37,4454.229343,0.885062,0.803207,0.895563,0.823131,216,2,1786
2026/02/04/01:28:38,4455.229441,0.885062,0.803207,0.895563,0.823131,216,2,1786
2026/02/04/01:28:39,4456.229530,0.885062,0.803207,0.895563,0.823131,216,2,1786
2026/02/04/01:28:40,4457.229642,0.879156,0.796307,0.889656,0.816231,213,2,1789
2026/02/04/01:28:41,4458.229759,0.872875,0.781993,0.883375,0.801917,210,2,1792
2026/02/04/01:28:42,4459.229863,0.872875,0.781993,0.883375,0.801917,210,2,1792
2026/02/04/01:28:43,4460.229958,0.872875,0.781993,0.872875,0.781993,210,0,1792
2026/02/04/01:28:44,4461.230103,0.872875,0.781993,0.872875,0.781993,210,0,1792
2026/02/04/01:28:45,4462.230188,0.871125,0.778722,0.871125,0.778722,209,0,1793
2026/02/04/01:28:46,4463.230308,0.871125,0.778722,0.871125,0.778722,209,0,1793
2026/02/04/01:28:47,4464.230319,0.871125,0.778722,0.871125,0.778722,209,0,1793
2026/02/04/01:28:48,4465.230418,0.871125,0.778722,0.871125,0.778722,209,0,1793
2026/02/04/01:28:49,4466.230503,0.871125,0.778722,0.871125,0.778722,209,0,1793
2026/02/04/01:28:50,4467.230620,0.882875,0.784642,0.882875,0.784642,211,0,1793
2026/02/04/01:28:51,4468.230691,0.877938,0.781182,0.877938,0.781182,209,0,1795
2026/02/04/01:28:52,4469.230780,0.877938,0.781182,0.877938,0.781182,209,0,1795
2026/02/04/01:28:53,4470.230863,0.874594,0.772502,0.874594,0.772502,208,0,1796
2026/02/04/01:28:54,4471.231023,0.874594,0.772502,0.874594,0.772502,208,0,1796
2026/02/04/01:28:55,4472.231058,0.874594,0.772502,0.874594,0.772502,208,0,1796
2026/02/04/01:28:56,4473.231234,0.874594,0.772502,0.874594,0.772502,208,0,1796
2026/02/04/01:28:57,4474.231325,0.872625,0.768645,0.872625,0.768645,207,0,1797
2026/02/04/01:28:58,4475.231475,0.872625,0.768645,0.872625,0.768645,207,0,1797
2026/02/04/01:28:59,4476.231565,0.872625,0.768645,0.872625,0.768645,207,0,1797
2026/02/04/01:29:00,4477.231727,0.872625,0.768645,0.872625,0.768645,207,0,1797
2026/02/04/01:29:01,4478.231815,0.872625,0.768645,0.872625,0.768645,207,0,1797
2026/02/04/01:29:02,4479.231963,0.872625,0.768645,0.872625,0.768645,207,0,1797
2026/02/04/01:29:03,4480.232062,0.872625,0.768645,0.872625,0.768645,207,0,1797
2026/02/04/01:29:04,4481.232214,0.872625,0.768645,0.872625,0.768645,207,0,1797
2026/02/04/01:29:05,4482.232368,0.872625,0.768645,0.872625,0.768645,207,0,1797
2026/02/04/01:29:06,4483.232515,0.872625,0.768645,0.872625,0.768645,207,0,1797
2026/02/04/01:29:07,4484.232663,0.870812,0.758722,0.870812,0.758722,206,0,1798
2026/02/04/01:29:08,4485.232817,0.870812,0.758722,0.870812,0.758722,206,0,1798
2026/02/04/01:29:09,4486.232975,0.870812,0.758722,0.870812,0.758722,206,0,1798
2026/02/04/01:29:10,4487.233071,0.861031,0.756660,0.861031,0.756660,205,0,1799
2026/02/04/01:29:11,4488.233144,0.861031,0.756660,0.861031,0.756660,205,0,1799
2026/02/04/01:29:12,4489.233248,0.861031,0.756660,0.861031,0.756660,205,0,1799
2026/02/04/01:29:13,4490.233397,0.861031,0.756660,0.861031,0.756660,205,0,1799
2026/02/04/01:29:14,4491.233505,0.861031,0.756660,0.861031,0.756660,205,0,1799
2026/02/04/01:29:15,4492.233665,0.861031,0.756660,0.861031,0.756660,205,0,1799
2026/02/04/01:29:16,4493.233764,0.861031,0.756660,0.861031,0.756660,205,0,1799
2026/02/04/01:29:17,4494.233916,0.859313,0.753361,0.859313,0.753361,204,0,1800
2026/02/04/01:29:18,4495.234028,0.859313,0.753361,0.859313,0.753361,204,0,1800
2026/02/04/01:29:19,4496.234109,0.859313,0.753361,0.859313,0.753361,204,0,1800
2026/02/04/01:29:20,4497.234259,0.859313,0.753361,0.859313,0.753361,204,0,1800
2026/02/04/01:29:21,4498.234346,0.859313,0.753361,0.859313,0.753361,204,0,1800
2026/02/04/01:29:22,4499.234458,0.859313,0.753361,0.859313,0.753361,204,0,1800
2026/02/04/01:29:23,4500.234543,0.859313,0.753361,0.859313,0.753361,204,0,1800
2026/02/04/01:29:24,4501.234644,0.859313,0.753361,0.859313,0.753361,204,0,1800
2026/02/04/01:29:25,4502.234732,0.855375,0.748285,0.855375,0.748285,202,0,1802
2026/02/04/01:29:26,4503.234822,0.855375,0.748285,0.855375,0.748285,202,0,1802
2026/02/04/01:29:27,4504.234935,0.855375,0.748285,0.855375,0.748285,202,0,1802
2026/02/04/01:29:28,4505.235034,0.855375,0.748285,0.855375,0.748285,202,0,1802
2026/02/04/01:29:29,4506.235141,0.855375,0.748285,0.855375,0.748285,202,0,1802
2026/02/04/01:29:30,4507.235222,0.855375,0.748285,0.855375,0.748285,202,0,1802
2026/02/04/01:29:31,4508.235319,0.855375,0.748285,0.855375,0.748285,202,0,1802
2026/02/04/01:29:32,4509.235425,0.851562,0.743733,0.851562,0.743733,200,0,1804
2026/02/04/01:29:33,4510.235509,0.851562,0.743733,0.851562,0.743733,200,0,1804
2026/02/04/01:29:34,4511.235660,0.865437,0.748965,0.865437,0.748965,203,0,1804
2026/02/04/01:29:35,4512.235797,0.865437,0.748965,0.865437,0.748965,203,0,1804
2026/02/04/01:29:36,4513.235890,0.865437,0.748965,0.865437,0.748965,203,0,1804
2026/02/04/01:29:37,4514.236006,0.865437,0.748965,0.865437,0.748965,203,0,1804
2026/02/04/01:29:38,4515.236110,0.865437,0.748965,0.865437,0.748965,203,0,1804
2026/02/04/01:29:39,4516.236258,0.865437,0.748965,0.865437,0.748965,203,0,1804
2026/02/04/01:29:40,4517.236341,0.865437,0.748965,0.865437,0.748965,203,0,1804
2026/02/04/01:29:41,4518.236435,0.865437,0.748965,0.865437,0.748965,203,0,1804
2026/02/04/01:29:42,4519.236551,0.865437,0.748965,0.865437,0.748965,203,0,1804
2026/02/04/01:29:43,4520.236674,0.865437,0.748965,0.865437,0.748965,203,0,1804
2026/02/04/01:29:44,4521.236787,0.865437,0.748965,0.877094,0.752431,203,1,1804
2026/02/04/01:29:45,4522.236874,0.865437,0.748965,0.877094,0.752431,203,1,1804
2026/02/04/01:29:46,4523.236963,0.865437,0.748965,0.881969,0.758750,203,4,1804
2026/02/04/01:29:47,4524.237084,0.879344,0.749422,0.892844,0.755365,208,1,1806
2026/02/04/01:29:48,4525.237172,0.879344,0.749422,0.892844,0.755365,208,1,1806
2026/02/04/01:29:49,4526.237247,0.872781,0.747424,0.886281,0.753367,207,1,1807
2026/02/04/01:29:50,4527.237365,0.865719,0.745716,0.879219,0.751659,206,1,1808
2026/02/04/01:29:51,4528.237445,0.855688,0.740395,0.869188,0.746337,203,1,1811
2026/02/04/01:29:52,4529.237616,0.855688,0.740395,0.869188,0.746337,203,1,1811
2026/02/04/01:29:53,4530.237743,0.861812,0.744468,0.875313,0.750411,205,1,1811
2026/02/04/01:29:54,4531.237858,0.870188,0.750110,0.883687,0.756053,207,1,1811
2026/02/04/01:29:55,4532.237939,0.870188,0.750110,0.883687,0.756053,207,1,1811
2026/02/04/01:29:56,4533.238085,0.866906,0.748535,0.880406,0.754477,206,1,1812
2026/02/04/01:29:57,4534.238244,0.852406,0.738819,0.865906,0.744762,202,1,1816
2026/02/04/01:29:58,4535.238390,0.852406,0.738819,0.865906,0.744762,202,1,1816
2026/02/04/01:29:59,4536.238540,0.852406,0.738819,0.865906,0.744762,202,1,1816
2026/02/04/01:30:00,4537.238637,0.852406,0.738819,0.865906,0.744762,202,1,1816
2026/02/04/01:30:01,4538.238733,0.865219,0.777697,0.878719,0.783640,207,1,1816
2026/02/04/01:30:02,4539.238830,0.865219,0.777697,0.878719,0.783640,207,1,1816
2026/02/04/01:30:03,4540.238980,0.865219,0.777697,0.878719,0.783640,207,1,1816
2026/02/04/01:30:04,4541.239091,0.871219,0.794901,0.884719,0.800844,210,1,1816
2026/02/04/01:30:05,4542.239240,0.880250,0.819483,0.893750,0.825425,215,1,1818
2026/02/04/01:30:06,4543.239337,0.874250,0.802279,0.887750,0.808221,212,1,1821
2026/02/04/01:30:07,4544.239426,0.872594,0.800712,0.886094,0.806654,211,1,1822
2026/02/04/01:30:08,4545.239490,0.872594,0.800712,0.886094,0.806654,211,1,1822
2026/02/04/01:30:09,4546.239616,0.863156,0.773178,0.876656,0.779121,207,1,1826
2026/02/04/01:30:10,4547.239720,0.863156,0.773178,0.876656,0.779121,207,1,1826
2026/02/04/01:30:11,4548.239872,0.863156,0.773178,0.876656,0.779121,207,1,1826
2026/02/04/01:30:12,4549.239916,0.863156,0.773178,0.876656,0.779121,207,1,1826
2026/02/04/01:30:13,4550.240065,0.863156,0.773178,0.876656,0.779121,207,1,1826
2026/02/04/01:30:14,4551.240160,0.863156,0.773178,0.876656,0.779121,207,1,1826
2026/02/04/01:30:15,4552.240257,0.863156,0.773178,0.876656,0.779121,207,1,1826
2026/02/04/01:30:16,4553.240355,0.863156,0.773178,0.876656,0.779121,207,1,1826
2026/02/04/01:30:17,4554.240446,0.863156,0.773178,0.876656,0.779121,207,1,1826
2026/02/04/01:30:18,4555.240544,0.863156,0.773178,0.876656,0.779121,207,1,1826
2026/02/04/01:30:19,4556.240695,0.863156,0.773178,0.876656,0.779121,207,1,1826
2026/02/04/01:30:20,4557.240847,0.863156,0.773178,0.876656,0.779121,207,1,1826
2026/02/04/01:30:21,4558.241001,0.863156,0.773178,0.876656,0.779121,207,1,1826
2026/02/04/01:30:22,4559.241157,0.863156,0.773178,0.876656,0.779121,207,1,1826
2026/02/04/01:30:23,4560.241249,0.863156,0.773178,0.876656,0.779121,207,1,1826
2026/02/04/01:30:24,4561.241416,0.863156,0.773178,0.876656,0.779121,207,1,1826
2026/02/04/01:30:25,4562.241561,0.863156,0.773178,0.876656,0.779121,207,1,1826
2026/02/04/01:30:26,4563.241708,0.863156,0.773178,0.876656,0.779121,207,1,1826
2026/02/04/01:30:27,4564.241858,0.863156,0.773178,0.876656,0.779121,207,1,1826
2026/02/04/01:30:28,4565.241960,0.863156,0.773178,0.876656,0.779121,207,1,1826
2026/02/04/01:30:29,4566.242115,0.863156,0.773178,0.876656,0.779121,207,1,1826
2026/02/04/01:30:30,4567.242309,0.863156,0.773178,0.876656,0.779121,207,1,1826
2026/02/04/01:30:31,4568.242352,0.863156,0.773178,0.876656,0.779121,207,1,1826
2026/02/04/01:30:32,4569.242444,0.869687,0.792815,0.883188,0.798758,210,1,1826
2026/02/04/01:30:33,4570.242588,0.869687,0.792815,0.883188,0.798758,210,1,1826
2026/02/04/01:30:34,4571.242680,0.882844,0.820282,0.896344,0.826224,216,1,1826
2026/02/04/01:30:35,4572.242768,0.882844,0.820282,0.896344,0.826224,216,1,1826
2026/02/04/01:30:36,4573.242832,0.885687,0.818894,0.899188,0.824836,217,1,1827
2026/02/04/01:30:37,4574.242931,0.885687,0.818894,0.899188,0.824836,217,1,1827
2026/02/04/01:30:38,4575.243038,0.882250,0.802571,0.895750,0.808514,215,1,1829
2026/02/04/01:30:39,4576.243134,0.880188,0.794668,0.893687,0.800611,214,1,1830
2026/02/04/01:30:40,4577.243226,0.875687,0.776743,0.875687,0.776743,212,0,1832
2026/02/04/01:30:41,4578.243325,0.875687,0.776743,0.875687,0.776743,212,0,1832
2026/02/04/01:30:42,4579.243494,0.875687,0.776743,0.875687,0.776743,212,0,1832
2026/02/04/01:30:43,4580.243567,0.875687,0.776743,0.875687,0.776743,212,0,1832
2026/02/04/01:30:44,4581.243672,0.878094,0.780837,0.889188,0.782433,213,1,1832
2026/02/04/01:30:45,4582.243767,0.882531,0.790214,0.893625,0.791810,215,1,1832
2026/02/04/01:30:46,4583.243872,0.882531,0.790214,0.893625,0.791810,215,1,1832
2026/02/04/01:30:47,4584.243971,0.877656,0.783896,0.888750,0.785492,212,1,1835
2026/02/04/01:30:48,4585.244094,0.877656,0.783896,0.877656,0.783896,212,0,1835
2026/02/04/01:30:49,4586.244177,0.890531,0.820886,0.913594,0.825212,217,2,1835
2026/02/04/01:30:50,4587.244399,0.889875,0.818577,0.912937,0.822903,217,2,1836
2026/02/04/01:30:51,4588.244431,0.889875,0.818577,0.912937,0.822903,217,2,1836
2026/02/04/01:30:52,4589.244576,0.889875,0.818577,0.912937,0.822903,217,2,1836
2026/02/04/01:30:53,4590.244686,0.889875,0.818577,0.912937,0.822903,217,2,1836
2026/02/04/01:30:54,4591.244819,0.885125,0.807764,0.908188,0.812089,215,2,1838
2026/02/04/01:30:55,4592.244910,0.885125,0.807764,0.908188,0.812089,215,2,1838
2026/02/04/01:30:56,4593.245077,0.876125,0.788310,0.899188,0.792635,212,2,1841
2026/02/04/01:30:57,4594.245218,0.876125,0.788310,0.899188,0.792635,212,2,1841
2026/02/04/01:30:58,4595.245373,0.872000,0.784769,0.895062,0.789095,210,2,1843
2026/02/04/01:30:59,4596.245462,0.885344,0.797577,0.929781,0.830635,214,5,1844
2026/02/04/01:31:00,4597.245521,0.885344,0.797577,0.929781,0.830635,214,5,1844
2026/02/04/01:31:01,4598.245667,0.881750,0.795339,0.926188,0.828397,213,5,1845
2026/02/04/01:31:02,4599.245752,0.881750,0.795339,0.926188,0.828397,213,5,1845
2026/02/04/01:31:03,4600.245901,0.881750,0.795339,0.926188,0.828397,213,5,1845
2026/02/04/01:31:04,4601.246050,0.881750,0.795339,0.903125,0.824071,213,3,1845
2026/02/04/01:31:05,4602.246140,0.881750,0.795339,0.903125,0.824071,213,3,1845
2026/02/04/01:31:06,4603.246233,0.881750,0.795339,0.903125,0.824071,213,3,1845
2026/02/04/01:31:07,4604.246325,0.881750,0.795339,0.903125,0.824071,213,3,1845
2026/02/04/01:31:08,4605.246415,0.880719,0.794909,0.894969,0.814064,211,2,1848
2026/02/04/01:31:09,4606.246531,0.880719,0.794909,0.894969,0.814064,211,2,1848
2026/02/04/01:31:10,4607.246694,0.880719,0.794909,0.894969,0.814064,211,2,1848
2026/02/04/01:31:11,4608.246761,0.880719,0.794909,0.894969,0.814064,211,2,1848
2026/02/04/01:31:12,4609.246920,0.876781,0.777860,0.891031,0.797015,209,2,1850
2026/02/04/01:31:13,4610.247009,0.876781,0.777860,0.891031,0.797015,209,2,1850
2026/02/04/01:31:14,4611.247094,0.876781,0.777860,0.891031,0.797015,209,2,1850
2026/02/04/01:31:15,4612.247260,0.879469,0.778060,0.886594,0.787638,208,1,1852
2026/02/04/01:31:16,4613.247429,0.881656,0.783784,0.881656,0.783784,207,0,1854
2026/02/04/01:31:17,4614.247575,0.881656,0.783784,0.881656,0.783784,207,0,1854
2026/02/04/01:31:18,4615.247662,0.881656,0.783784,0.881656,0.783784,207,0,1854
2026/02/04/01:31:19,4616.247756,0.881656,0.783784,0.881656,0.783784,207,0,1854
2026/02/04/01:31:20,4617.247838,0.881656,0.783784,0.881656,0.783784,207,0,1854
2026/02/04/01:31:21,4618.247910,0.881656,0.783784,0.881656,0.783784,207,0,1854
2026/02/04/01:31:22,4619.248071,0.881656,0.783784,0.881656,0.783784,207,0,1854
2026/02/04/01:31:23,4620.248175,0.881656,0.783784,0.881656,0.783784,207,0,1854
2026/02/04/01:31:24,4621.248259,0.881656,0.783784,0.881656,0.783784,207,0,1854
2026/02/04/01:31:25,4622.248357,0.881656,0.783784,0.881656,0.783784,207,0,1854
2026/02/04/01:31:26,4623.248446,0.881656,0.783784,0.881656,0.783784,207,0,1854
2026/02/04/01:31:27,4624.248556,0.860281,0.755052,0.860281,0.755052,204,0,1857
2026/02/04/01:31:28,4625.248651,0.860281,0.755052,0.860281,0.755052,204,0,1857
2026/02/04/01:31:29,4626.248804,0.860281,0.755052,0.860281,0.755052,204,0,1857
2026/02/04/01:31:30,4627.248832,0.860281,0.755052,0.860281,0.755052,204,0,1857
2026/02/04/01:31:31,4628.248991,0.860281,0.755052,0.860281,0.755052,204,0,1857
2026/02/04/01:31:32,4629.249096,0.872188,0.774218,0.872188,0.774218,210,0,1857
2026/02/04/01:31:33,4630.249181,0.894813,0.797794,0.931562,0.809614,218,3,1857
2026/02/04/01:31:34,4631.249334,0.894813,0.797794,0.931562,0.809614,218,3,1857
2026/02/04/01:31:35,4632.249428,0.882156,0.773232,0.918906,0.785052,215,3,1860
2026/02/04/01:31:36,4633.249576,0.883188,0.776218,0.919937,0.788038,215,3,1863
2026/02/04/01:31:37,4634.249726,0.891625,0.790735,0.972063,0.823921,219,8,1865
2026/02/04/01:31:38,4635.249821,0.896094,0.788829,1.023688,0.829654,219,11,1868
2026/02/04/01:31:39,4636.249926,0.896594,0.787322,1.015375,0.821115,218,10,1870
2026/02/04/01:31:40,4637.249993,0.892156,0.782455,1.010938,0.816248,217,10,1871
2026/02/04/01:31:41,4638.250097,0.892156,0.782455,1.010938,0.816248,217,10,1871
2026/02/04/01:31:42,4639.250159,0.888750,0.776495,0.966844,0.793136,213,6,1876
2026/02/04/01:31:43,4640.250280,0.888750,0.776495,0.966844,0.793136,213,6,1876
2026/02/04/01:31:44,4641.250402,0.888750,0.776495,0.966844,0.793136,213,6,1876
2026/02/04/01:31:45,4642.250475,0.887156,0.770430,0.965250,0.787070,212,6,1877
2026/02/04/01:31:46,4643.250581,0.877344,0.762683,0.955438,0.779324,208,6,1881
2026/02/04/01:31:47,4644.250690,0.877344,0.762683,0.955438,0.779324,208,6,1881
2026/02/04/01:31:48,4645.250817,0.877344,0.762683,0.955438,0.779324,208,6,1881
2026/02/04/01:31:49,4646.250900,0.871344,0.758969,0.949438,0.775610,206,6,1883
2026/02/04/01:31:50,4647.251046,0.871344,0.758969,0.949438,0.775610,206,6,1883
2026/02/04/01:31:51,4648.251194,0.871344,0.758969,0.949438,0.775610,206,6,1883
2026/02/04/01:31:52,4649.251303,0.867469,0.741433,0.945562,0.758073,204,6,1885
2026/02/04/01:31:53,4650.251336,0.867469,0.741433,0.945562,0.758073,204,6,1885
2026/02/04/01:31:54,4651.251436,0.867469,0.741433,0.945562,0.758073,204,6,1885
2026/02/04/01:31:55,4652.251531,0.862500,0.729011,0.927937,0.744010,203,5,1887
2026/02/04/01:31:56,4653.251625,0.862500,0.729011,0.927937,0.744010,203,5,1887
2026/02/04/01:31:57,4654.251718,0.862500,0.729011,0.927937,0.744010,203,5,1887
2026/02/04/01:31:58,4655.251867,0.862500,0.729011,0.927937,0.744010,203,5,1887
2026/02/04/01:31:59,4656.251974,0.871125,0.751149,0.936562,0.766148,206,5,1887
2026/02/04/01:32:00,4657.252143,0.871125,0.751149,0.936562,0.766148,206,5,1887
2026/02/04/01:32:01,4658.252230,0.871125,0.751149,0.936562,0.766148,206,5,1887
2026/02/04/01:32:02,4659.252340,0.862500,0.729011,0.933469,0.760648,203,7,1890
2026/02/04/01:32:03,4660.252428,0.868031,0.745649,0.933469,0.760648,205,5,1890
2026/02/04/01:32:04,4661.252509,0.868031,0.745649,0.933469,0.760648,205,5,1890
2026/02/04/01:32:05,4662.252616,0.865625,0.735524,0.931063,0.750523,204,5,1891
2026/02/04/01:32:06,4663.252775,0.862500,0.729011,0.927937,0.744010,203,5,1892
2026/02/04/01:32:07,4664.252938,0.862500,0.729011,0.927937,0.744010,203,5,1892
2026/02/04/01:32:08,4665.252949,0.862500,0.729011,0.927937,0.744010,203,5,1892
2026/02/04/01:32:09,4666.253083,0.873125,0.731659,0.914062,0.738778,202,3,1895
2026/02/04/01:32:10,4667.253233,0.873125,0.731659,0.914062,0.738778,202,3,1895
2026/02/04/01:32:11,4668.253340,0.873125,0.731659,0.914062,0.738778,202,3,1895
2026/02/04/01:32:12,4669.253449,0.873125,0.731659,0.914062,0.738778,202,3,1895
2026/02/04/01:32:13,4670.253527,0.873125,0.731659,0.914062,0.738778,202,3,1895
2026/02/04/01:32:14,4671.253626,0.873125,0.731659,0.914062,0.738778,202,3,1895
2026/02/04/01:32:15,4672.253709,0.873125,0.731659,0.914062,0.738778,202,3,1895
2026/02/04/01:32:16,4673.253808,0.873125,0.731659,0.914062,0.738778,202,3,1895
2026/02/04/01:32:17,4674.253957,0.848625,0.723779,0.877313,0.726958,200,2,1897
2026/02/04/01:32:18,4675.254018,0.848625,0.723779,0.877313,0.726958,200,2,1897
2026/02/04/01:32:19,4676.254203,0.848625,0.723779,0.877313,0.726958,200,2,1897
2026/02/04/01:32:20,4677.254279,0.848625,0.723779,0.877313,0.726958,200,2,1897
2026/02/04/01:32:21,4678.254420,0.848625,0.723779,0.877313,0.726958,200,2,1897
2026/02/04/01:32:22,4679.254489,0.848625,0.723779,0.877313,0.726958,200,2,1897
2026/02/04/01:32:23,4680.254579,0.848625,0.723779,0.877313,0.726958,200,2,1897
2026/02/04/01:32:24,4681.254712,0.848625,0.723779,0.877313,0.726958,200,2,1897
2026/02/04/01:32:25,4682.254797,0.859625,0.723022,0.873969,0.724611,200,1,1898
2026/02/04/01:32:26,4683.254877,0.859625,0.723022,0.873969,0.724611,200,1,1898
2026/02/04/01:32:27,4684.255030,0.859625,0.723022,0.873969,0.724611,200,1,1898
2026/02/04/01:32:28,4685.255145,0.859625,0.723022,0.873969,0.724611,200,1,1898
2026/02/04/01:32:29,4686.255234,0.859625,0.723022,0.873969,0.724611,200,1,1898
2026/02/04/01:32:30,4687.255357,0.859625,0.723022,0.873969,0.724611,200,1,1898
2026/02/04/01:32:31,4688.255499,0.859625,0.723022,0.873969,0.724611,200,1,1898
2026/02/04/01:32:32,4689.255600,0.845281,0.721432,0.845281,0.721432,199,0,1899
2026/02/04/01:32:33,4690.255755,0.845281,0.721432,0.845281,0.721432,199,0,1899
2026/02/04/01:32:34,4691.255853,0.845281,0.721432,0.845281,0.721432,199,0,1899
2026/02/04/01:32:35,4692.255919,0.845281,0.721432,0.845281,0.721432,199,0,1899
2026/02/04/01:32:36,4693.256037,0.845281,0.721432,0.845281,0.721432,199,0,1899
2026/02/04/01:32:37,4694.256121,0.845281,0.721432,0.845281,0.721432,199,0,1899
2026/02/04/01:32:38,4695.256206,0.845281,0.721432,0.845281,0.721432,199,0,1899
2026/02/04/01:32:39,4696.256320,0.845281,0.721432,0.845281,0.721432,199,0,1899
2026/02/04/01:32:40,4697.256450,0.845281,0.721432,0.845281,0.721432,199,0,1899
2026/02/04/01:32:41,4698.256545,0.845281,0.721432,0.845281,0.721432,199,0,1899
2026/02/04/01:32:42,4699.256648,0.845281,0.721432,0.845281,0.721432,199,0,1899
2026/02/04/01:32:43,4700.256745,0.845281,0.721432,0.845281,0.721432,199,0,1899
2026/02/04/01:32:44,4701.256836,0.845281,0.721432,0.845281,0.721432,199,0,1899
2026/02/04/01:32:45,4702.256940,0.845281,0.721432,0.845281,0.721432,199,0,1899
2026/02/04/01:32:46,4703.257031,0.845281,0.721432,0.845281,0.721432,199,0,1899
2026/02/04/01:32:47,4704.257184,0.845281,0.721432,0.845281,0.721432,199,0,1899
2026/02/04/01:32:48,4705.257290,0.845281,0.721432,0.845281,0.721432,199,0,1899
2026/02/04/01:32:49,4706.257383,0.845281,0.721432,0.845281,0.721432,199,0,1899
2026/02/04/01:32:50,4707.257472,0.845281,0.721432,0.845281,0.721432,199,0,1899
2026/02/04/01:32:51,4708.257632,0.845281,0.721432,0.845281,0.721432,199,0,1899
2026/02/04/01:32:52,4709.257663,0.845281,0.721432,0.845281,0.721432,199,0,1899
2026/02/04/01:32:53,4710.257766,0.845281,0.721432,0.845281,0.721432,199,0,1899
2026/02/04/01:32:54,4711.257922,0.845281,0.721432,0.845281,0.721432,199,0,1899
2026/02/04/01:32:55,4712.258010,0.845281,0.721432,0.845281,0.721432,199,0,1899
2026/02/04/01:32:56,4713.258098,0.845281,0.721432,0.845281,0.721432,199,0,1899
2026/02/04/01:32:57,4714.258183,0.845281,0.721432,0.845281,0.721432,199,0,1899
2026/02/04/01:32:58,4715.258291,0.845281,0.721432,0.845281,0.721432,199,0,1899
2026/02/04/01:32:59,4716.258328,0.871219,0.746644,0.871219,0.746644,208,0,1899
2026/02/04/01:33:00,4717.258438,0.871219,0.746644,0.871219,0.746644,208,0,1899
2026/02/04/01:33:01,4718.258527,0.871219,0.746644,0.871219,0.746644,208,0,1899
2026/02/04/01:33:02,4719.258617,0.871219,0.746644,0.871219,0.746644,208,0,1899
2026/02/04/01:33:03,4720.258720,0.871219,0.746644,0.871219,0.746644,208,0,1899
2026/02/04/01:33:04,4721.258806,0.865125,0.732228,0.865125,0.732228,205,0,1902
2026/02/04/01:33:05,4722.258910,0.865125,0.732228,0.865125,0.732228,205,0,1902
2026/02/04/01:33:06,4723.259062,0.865125,0.732228,0.865125,0.732228,205,0,1902
2026/02/04/01:33:07,4724.259177,0.858500,0.727453,0.858500,0.727453,203,0,1904
2026/02/04/01:33:08,4725.259287,0.900563,0.770547,0.900563,0.770547,211,0,1904
2026/02/04/01:33:09,4726.259376,0.904750,0.786045,0.911875,0.788298,213,1,1906
2026/02/04/01:33:10,4727.259456,0.904750,0.786045,0.911875,0.788298,213,1,1906
2026/02/04/01:33:11,4728.259578,0.904750,0.786045,0.911875,0.788298,213,1,1906
2026/02/04/01:33:12,4729.259714,0.913500,0.790165,0.920625,0.792417,217,1,1910
2026/02/04/01:33:13,4730.259822,0.913500,0.790165,0.913500,0.790165,217,0,1910
2026/02/04/01:33:14,4731.259918,0.913500,0.790165,0.913500,0.790165,217,0,1910
2026/02/04/01:33:15,4732.260070,0.911438,0.788471,0.911438,0.788471,216,0,1911
2026/02/04/01:33:16,4733.260154,0.911438,0.788471,0.911438,0.788471,216,0,1911
2026/02/04/01:33:17,4734.260327,0.891406,0.771345,0.891406,0.771345,212,0,1915
2026/02/04/01:33:18,4735.260420,0.884469,0.766266,0.884469,0.766266,209,0,1918
2026/02/04/01:33:19,4736.260592,0.878781,0.760359,0.878781,0.760359,207,0,1920
2026/02/04/01:33:20,4737.260674,0.873594,0.751185,0.873594,0.751185,205,0,1922
2026/02/04/01:33:21,4738.260834,0.873594,0.751185,0.873594,0.751185,205,0,1922
2026/02/04/01:33:22,4739.260938,0.873594,0.751185,0.873594,0.751185,205,0,1922
2026/02/04/01:33:23,4740.261008,0.873594,0.751185,0.873594,0.751185,205,0,1922
2026/02/04/01:33:24,4741.261172,0.873594,0.751185,0.873594,0.751185,205,0,1922
2026/02/04/01:33:25,4742.261292,0.873594,0.751185,0.873594,0.751185,205,0,1922
2026/02/04/01:33:26,4743.261383,0.873594,0.751185,0.873594,0.751185,205,0,1922
2026/02/04/01:33:27,4744.261454,0.873594,0.751185,0.873594,0.751185,205,0,1922
2026/02/04/01:33:28,4745.261583,0.873594,0.751185,0.873594,0.751185,205,0,1922
2026/02/04/01:33:29,4746.261685,0.873594,0.751185,0.873594,0.751185,205,0,1922
2026/02/04/01:33:30,4747.261787,0.873594,0.751185,0.873594,0.751185,205,0,1922
2026/02/04/01:33:31,4748.261890,0.873594,0.751185,0.873594,0.751185,205,0,1922
2026/02/04/01:33:32,4749.261986,0.863844,0.725087,0.863844,0.725087,203,0,1924
2026/02/04/01:33:33,4750.262294,0.863844,0.725087,0.863844,0.725087,203,0,1924
2026/02/04/01:33:34,4751.262330,0.863844,0.725087,0.863844,0.725087,203,0,1924
2026/02/04/01:33:35,4752.262422,0.863844,0.725087,0.863844,0.725087,203,0,1924
2026/02/04/01:33:36,4753.262531,0.863844,0.725087,0.863844,0.725087,203,0,1924
2026/02/04/01:33:37,4754.262619,0.863844,0.725087,0.863844,0.725087,203,0,1924
2026/02/04/01:33:38,4755.262703,0.863844,0.725087,0.863844,0.725087,203,0,1924
2026/02/04/01:33:39,4756.262826,0.863844,0.725087,0.863844,0.725087,203,0,1924
2026/02/04/01:33:40,4757.262899,0.863844,0.725087,0.863844,0.725087,203,0,1924
2026/02/04/01:33:41,4758.263016,0.858219,0.718635,0.858219,0.718635,200,0,1927
2026/02/04/01:33:42,4759.263126,0.858219,0.718635,0.858219,0.718635,200,0,1927
2026/02/04/01:33:43,4760.263213,0.852969,0.715125,0.852969,0.715125,198,0,1929
2026/02/04/01:33:44,4761.263362,0.852969,0.715125,0.852969,0.715125,198,0,1929
2026/02/04/01:33:45,4762.263510,0.852969,0.715125,0.852969,0.715125,198,0,1929
2026/02/04/01:33:46,4763.263606,0.852969,0.715125,0.852969,0.715125,198,0,1929
2026/02/04/01:33:47,4764.263724,0.852969,0.715125,0.852969,0.715125,198,0,1929
2026/02/04/01:33:48,4765.263820,0.852969,0.715125,0.852969,0.715125,198,0,1929
2026/02/04/01:33:49,4766.263909,0.852969,0.715125,0.852969,0.715125,198,0,1929
2026/02/04/01:33:50,4767.264024,0.852969,0.715125,0.852969,0.715125,198,0,1929
2026/02/04/01:33:51,4768.264101,0.852969,0.715125,0.852969,0.715125,198,0,1929
2026/02/04/01:33:52,4769.264198,0.852969,0.715125,0.852969,0.715125,198,0,1929
2026/02/04/01:33:53,4770.264306,0.852969,0.715125,0.852969,0.715125,198,0,1929
2026/02/04/01:33:54,4771.264341,0.852969,0.715125,0.852969,0.715125,198,0,1929
2026/02/04/01:33:55,4772.264432,0.852969,0.715125,0.852969,0.715125,198,0,1929
2026/02/04/01:33:56,4773.264586,0.852969,0.715125,0.852969,0.715125,198,0,1929
2026/02/04/01:33:57,4774.264729,0.852969,0.715125,0.852969,0.715125,198,0,1929
2026/02/04/01:33:58,4775.264821,0.852969,0.715125,0.852969,0.715125,198,0,1929
2026/02/04/01:33:59,4776.264900,0.852969,0.715125,0.852969,0.715125,198,0,1929
2026/02/04/01:34:00,4777.265001,0.852969,0.715125,0.852969,0.715125,198,0,1929
2026/02/04/01:34:01,4778.265100,0.852969,0.715125,0.852969,0.715125,198,0,1929
2026/02/04/01:34:02,4779.265205,0.852969,0.715125,0.852969,0.715125,198,0,1929
2026/02/04/01:34:03,4780.265308,0.847906,0.697230,0.847906,0.697230,195,0,1932
2026/02/04/01:34:04,4781.265386,0.847906,0.697230,0.847906,0.697230,195,0,1932
2026/02/04/01:34:05,4782.265480,0.863750,0.721995,0.863750,0.721995,201,0,1932
2026/02/04/01:34:06,4783.265548,0.875906,0.723632,0.920281,0.742121,202,5,1932
2026/02/04/01:34:07,4784.265643,0.877781,0.733658,0.920281,0.742121,203,4,1932
2026/02/04/01:34:08,4785.265735,0.877781,0.733658,0.902094,0.736930,203,2,1932
2026/02/04/01:34:09,4786.265821,0.865594,0.714524,0.889906,0.717797,199,2,1936
2026/02/04/01:34:10,4787.265922,0.865594,0.714524,0.889906,0.717797,199,2,1936
2026/02/04/01:34:11,4788.266000,0.853437,0.712888,0.853437,0.712888,198,0,1937
2026/02/04/01:34:12,4789.266107,0.853437,0.712888,0.853437,0.712888,198,0,1937
2026/02/04/01:34:13,4790.266329,0.853437,0.712888,0.853437,0.712888,198,0,1937
2026/02/04/01:34:14,4791.266434,0.853437,0.712888,0.853437,0.712888,198,0,1937
2026/02/04/01:34:15,4792.266522,0.853437,0.712888,0.853437,0.712888,198,0,1937
2026/02/04/01:34:16,4793.266619,0.853437,0.712888,0.853437,0.712888,198,0,1937
2026/02/04/01:34:17,4794.266719,0.853437,0.712888,0.853437,0.712888,198,0,1937
2026/02/04/01:34:18,4795.266795,0.851562,0.708919,0.851562,0.708919,197,0,1938
2026/02/04/01:34:19,4796.266881,0.849688,0.698893,0.849688,0.698893,196,0,1939
2026/02/04/01:34:20,4797.266981,0.849688,0.698893,0.849688,0.698893,196,0,1939
2026/02/04/01:34:21,4798.267081,0.849688,0.698893,0.849688,0.698893,196,0,1939
2026/02/04/01:34:22,4799.267153,0.849688,0.698893,0.849688,0.698893,196,0,1939
2026/02/04/01:34:23,4800.267231,0.849688,0.698893,0.849688,0.698893,196,0,1939
2026/02/04/01:34:24,4801.267413,0.849688,0.698893,0.849688,0.698893,196,0,1939
2026/02/04/01:34:25,4802.267506,0.849688,0.698893,0.849688,0.698893,196,0,1939
2026/02/04/01:34:26,4803.267683,0.849688,0.698893,0.849688,0.698893,196,0,1939
2026/02/04/01:34:27,4804.267790,0.849688,0.698893,0.849688,0.698893,196,0,1939
2026/02/04/01:34:28,4805.267886,0.849688,0.698893,0.849688,0.698893,196,0,1939
2026/02/04/01:34:29,4806.267972,0.849688,0.698893,0.849688,0.698893,196,0,1939
2026/02/04/01:34:30,4807.268078,0.849688,0.698893,0.849688,0.698893,196,0,1939
2026/02/04/01:34:31,4808.268165,0.849688,0.698893,0.849688,0.698893,196,0,1939
2026/02/04/01:34:32,4809.268341,0.849688,0.698893,0.849688,0.698893,196,0,1939
2026/02/04/01:34:33,4810.268417,0.849688,0.698893,0.849688,0.698893,196,0,1939
2026/02/04/01:34:34,4811.268587,0.849688,0.698893,0.849688,0.698893,196,0,1939
2026/02/04/01:34:35,4812.268671,0.849688,0.698893,0.849688,0.698893,196,0,1939
2026/02/04/01:34:36,4813.268762,0.849688,0.698893,0.849688,0.698893,196,0,1939
2026/02/04/01:34:37,4814.268873,0.849688,0.698893,0.849688,0.698893,196,0,1939
2026/02/04/01:34:38,4815.268974,0.849688,0.698893,0.849688,0.698893,196,0,1939
2026/02/04/01:34:39,4816.269082,0.849688,0.698893,0.849688,0.698893,196,0,1939
2026/02/04/01:34:40,4817.269159,0.876437,0.721042,0.901375,0.729599,204,2,1939
2026/02/04/01:34:41,4818.269289,0.891344,0.747291,0.918844,0.757828,209,3,1940
2026/02/04/01:34:42,4819.269350,0.904875,0.785694,0.915906,0.798342,214,2,1943
2026/02/04/01:34:43,4820.269449,0.904875,0.785694,0.920531,0.808711,214,3,1943
2026/02/04/01:34:44,4821.269519,0.904875,0.785694,0.920531,0.808711,214,3,1943
2026/02/04/01:34:45,4822.269625,0.904875,0.785694,0.911281,0.787972,214,1,1943
2026/02/04/01:34:46,4823.269722,0.904875,0.785694,0.911281,0.787972,214,1,1943
2026/02/04/01:34:47,4824.269808,0.904875,0.785694,0.911281,0.787972,214,1,1943
2026/02/04/01:34:48,4825.269901,0.902625,0.784511,0.902625,0.784511,214,0,1944
2026/02/04/01:34:49,4826.270011,0.902625,0.784511,0.902625,0.784511,214,0,1944
2026/02/04/01:34:50,4827.270102,0.902625,0.784511,0.902625,0.784511,214,0,1944
2026/02/04/01:34:51,4828.270200,0.902625,0.784511,0.902625,0.784511,214,0,1944
2026/02/04/01:34:52,4829.270407,0.902625,0.784511,0.902625,0.784511,214,0,1944
2026/02/04/01:34:53,4830.270422,0.902625,0.784511,0.902625,0.784511,214,0,1944
2026/02/04/01:34:54,4831.270512,0.893813,0.767771,0.893813,0.767771,211,0,1947
2026/02/04/01:34:55,4832.270601,0.893813,0.767771,0.893813,0.767771,211,0,1947
2026/02/04/01:34:56,4833.270691,0.893813,0.767771,0.893813,0.767771,211,0,1947
2026/02/04/01:34:57,4834.270834,0.893813,0.767771,0.893813,0.767771,211,0,1947
2026/02/04/01:34:58,4835.270923,0.889719,0.765547,0.889719,0.765547,210,0,1948
2026/02/04/01:34:59,4836.271014,0.879656,0.753490,0.879656,0.753490,207,0,1951
2026/02/04/01:35:00,4837.271084,0.876500,0.747140,0.876500,0.747140,206,0,1952
2026/02/04/01:35:01,4838.271178,0.876500,0.747140,0.876500,0.747140,206,0,1952
2026/02/04/01:35:02,4839.271306,0.876500,0.747140,0.876500,0.747140,206,0,1952
2026/02/04/01:35:03,4840.271345,0.876500,0.747140,0.876500,0.747140,206,0,1952
2026/02/04/01:35:04,4841.271448,0.876500,0.747140,0.876500,0.747140,206,0,1952
2026/02/04/01:35:05,4842.271526,0.897750,0.803406,0.897750,0.803406,213,0,1952
2026/02/04/01:35:06,4843.271618,0.897750,0.803406,0.897750,0.803406,213,0,1952
2026/02/04/01:35:07,4844.271715,0.897750,0.803406,0.897750,0.803406,213,0,1952
2026/02/04/01:35:08,4845.271827,0.894250,0.789797,0.894250,0.789797,211,0,1954
2026/02/04/01:35:09,4846.271905,0.915844,0.810259,0.926719,0.813255,217,1,1954
2026/02/04/01:35:10,4847.271995,0.915844,0.810259,0.926719,0.813255,217,1,1954
2026/02/04/01:35:11,4848.272098,0.915844,0.810259,0.926719,0.813255,217,1,1954
2026/02/04/01:35:12,4849.272207,0.923406,0.827205,0.954344,0.838197,221,4,1954
2026/02/04/01:35:13,4850.272352,0.923406,0.827205,0.954344,0.838197,221,4,1954
2026/02/04/01:35:14,4851.272470,0.917781,0.821213,0.948719,0.832204,218,4,1957
2026/02/04/01:35:15,4852.272558,0.913469,0.808204,0.944406,0.819195,216,4,1959
2026/02/04/01:35:16,4853.272706,0.916312,0.809783,0.947250,0.820774,217,4,1959
2026/02/04/01:35:17,4854.272815,0.916312,0.809783,0.947250,0.820774,217,4,1959
2026/02/04/01:35:18,4855.272966,0.916312,0.809783,0.947250,0.820774,217,4,1959
2026/02/04/01:35:19,4856.273115,0.913469,0.808204,0.944406,0.819195,216,4,1960
2026/02/04/01:35:20,4857.273285,0.913469,0.808204,0.944406,0.819195,216,4,1960
2026/02/04/01:35:21,4858.273418,0.918781,0.822477,0.929656,0.825473,219,1,1960
2026/02/04/01:35:22,4859.273518,0.918781,0.822477,0.929656,0.825473,219,1,1960
2026/02/04/01:35:23,4860.273605,0.915687,0.820901,0.926562,0.823896,218,1,1961
2026/02/04/01:35:24,4861.273756,0.915687,0.820901,0.926562,0.823896,218,1,1961
2026/02/04/01:35:25,4862.273914,0.915687,0.820901,0.926562,0.823896,218,1,1961
2026/02/04/01:35:26,4863.274070,0.915687,0.820901,0.926562,0.823896,218,1,1961
2026/02/04/01:35:27,4864.274230,0.915687,0.820901,0.926562,0.823896,218,1,1961
2026/02/04/01:35:28,4865.274352,0.915687,0.820901,0.926562,0.823896,218,1,1961
2026/02/04/01:35:29,4866.274431,0.901531,0.807246,0.901531,0.807246,215,0,1964
2026/02/04/01:35:30,4867.274534,0.894969,0.801104,0.894969,0.801104,212,0,1967
2026/02/04/01:35:31,4868.274596,0.894969,0.801104,0.894969,0.801104,212,0,1967
2026/02/04/01:35:32,4869.274693,0.894969,0.801104,0.894969,0.801104,212,0,1967
2026/02/04/01:35:33,4870.274781,0.894969,0.801104,0.894969,0.801104,212,0,1967
2026/02/04/01:35:34,4871.274900,0.894969,0.801104,0.894969,0.801104,212,0,1967
2026/02/04/01:35:35,4872.274986,0.894969,0.801104,0.894969,0.801104,212,0,1967
2026/02/04/01:35:36,4873.275148,0.889844,0.797143,0.889844,0.797143,210,0,1969
2026/02/04/01:35:37,4874.275321,0.889844,0.797143,0.889844,0.797143,210,0,1969
2026/02/04/01:35:38,4875.275345,0.889844,0.797143,0.889844,0.797143,210,0,1969
2026/02/04/01:35:39,4876.275493,0.889844,0.797143,0.889844,0.797143,210,0,1969
2026/02/04/01:35:40,4877.275583,0.889844,0.797143,0.889844,0.797143,210,0,1969
2026/02/04/01:35:41,4878.275671,0.889844,0.797143,0.889844,0.797143,210,0,1969
2026/02/04/01:35:42,4879.275837,0.889844,0.797143,0.889844,0.797143,210,0,1969
2026/02/04/01:35:43,4880.275935,0.891625,0.799397,0.893281,0.814955,211,1,1969
2026/02/04/01:35:44,4881.276031,0.894219,0.802619,0.895875,0.818178,212,1,1969
2026/02/04/01:35:45,4882.276127,0.894219,0.802619,0.895875,0.818178,212,1,1969
2026/02/04/01:35:46,4883.276229,0.905094,0.818830,0.906750,0.834388,217,1,1969
2026/02/04/01:35:47,4884.276341,0.905094,0.818830,0.906750,0.834388,217,1,1969
2026/02/04/01:35:48,4885.276453,0.899750,0.810193,0.901406,0.825752,214,1,1972
2026/02/04/01:35:49,4886.276533,0.899750,0.810193,0.901406,0.825752,214,1,1972
2026/02/04/01:35:50,4887.276643,0.899750,0.810193,0.901406,0.825752,214,1,1972
2026/02/04/01:35:51,4888.276725,0.899750,0.810193,0.901406,0.825752,214,1,1972
2026/02/04/01:35:52,4889.276827,0.888281,0.796525,0.889938,0.812083,211,1,1975
2026/02/04/01:35:53,4890.276926,0.888281,0.796525,0.889938,0.812083,211,1,1975
2026/02/04/01:35:54,4891.277013,0.888281,0.796525,0.889938,0.812083,211,1,1975
2026/02/04/01:35:55,4892.277119,0.888281,0.796525,0.889938,0.812083,211,1,1975
2026/02/04/01:35:56,4893.277195,0.888281,0.796525,0.889938,0.812083,211,1,1975
2026/02/04/01:35:57,4894.277291,0.888281,0.796525,0.889938,0.812083,211,1,1975
2026/02/04/01:35:58,4895.277385,0.884750,0.799204,0.884750,0.799204,210,0,1977
2026/02/04/01:35:59,4896.277488,0.882687,0.788880,0.882687,0.788880,209,0,1978
2026/02/04/01:36:00,4897.277637,0.880656,0.786099,0.880656,0.786099,208,0,1979
2026/02/04/01:36:01,4898.277725,0.880656,0.786099,0.880656,0.786099,208,0,1979
2026/02/04/01:36:02,4899.277826,0.880656,0.786099,0.880656,0.786099,208,0,1979
2026/02/04/01:36:03,4900.277907,0.880656,0.786099,0.880656,0.786099,208,0,1979
2026/02/04/01:36:04,4901.278007,0.880656,0.786099,0.880656,0.786099,208,0,1979
2026/02/04/01:36:05,4902.278107,0.880656,0.786099,0.880656,0.786099,208,0,1979
2026/02/04/01:36:06,4903.278188,0.900844,0.804358,0.920281,0.811409,215,2,1979
2026/02/04/01:36:07,4904.278308,0.902844,0.809694,0.922281,0.816745,216,2,1979
2026/02/04/01:36:08,4905.278362,0.900312,0.805470,0.919750,0.812521,215,2,1980
2026/02/04/01:36:09,4906.278532,0.894500,0.801619,0.913937,0.808670,213,2,1982
2026/02/04/01:36:10,4907.278555,0.894500,0.801619,0.913937,0.808670,213,2,1982
2026/02/04/01:36:11,4908.278656,0.892500,0.796282,0.911937,0.803333,212,2,1983
2026/02/04/01:36:12,4909.278743,0.892500,0.796282,0.911937,0.803333,212,2,1983
2026/02/04/01:36:13,4910.278821,0.889781,0.793190,0.889781,0.793190,211,0,1984
2026/02/04/01:36:14,4911.278928,0.889781,0.793190,0.889781,0.793190,211,0,1984
2026/02/04/01:36:15,4912.278983,0.889781,0.793190,0.889781,0.793190,211,0,1984
2026/02/04/01:36:16,4913.279149,0.889781,0.793190,0.889781,0.793190,211,0,1984
2026/02/04/01:36:17,4914.279247,0.885000,0.791172,0.885000,0.791172,210,0,1985
2026/02/04/01:36:18,4915.279332,0.885000,0.791172,0.885000,0.791172,210,0,1985
2026/02/04/01:36:19,4916.279418,0.881375,0.763440,0.881375,0.763440,208,0,1987
2026/02/04/01:36:20,4917.279513,0.881375,0.763440,0.881375,0.763440,208,0,1987
2026/02/04/01:36:21,4918.279600,0.881375,0.763440,0.881375,0.763440,208,0,1987
2026/02/04/01:36:22,4919.279692,0.881375,0.763440,0.881375,0.763440,208,0,1987
2026/02/04/01:36:23,4920.279845,0.881375,0.763440,0.881375,0.763440,208,0,1987
2026/02/04/01:36:24,4921.280011,0.881375,0.763440,0.881375,0.763440,208,0,1987
2026/02/04/01:36:25,4922.280118,0.881375,0.763440,0.881375,0.763440,208,0,1987
2026/02/04/01:36:26,4923.280211,0.881375,0.763440,0.881375,0.763440,208,0,1987
2026/02/04/01:36:27,4924.280362,0.881375,0.763440,0.881375,0.763440,208,0,1987
2026/02/04/01:36:28,4925.280477,0.881375,0.763440,0.881375,0.763440,208,0,1987
2026/02/04/01:36:29,4926.280558,0.881375,0.763440,0.881375,0.763440,208,0,1987
2026/02/04/01:36:30,4927.280655,0.881375,0.763440,0.881375,0.763440,208,0,1987
2026/02/04/01:36:31,4928.280803,0.881375,0.763440,0.881375,0.763440,208,0,1987
2026/02/04/01:36:32,4929.280910,0.881375,0.763440,0.881375,0.763440,208,0,1987
2026/02/04/01:36:33,4930.281011,0.881375,0.763440,0.881375,0.763440,208,0,1987
2026/02/04/01:36:34,4931.281095,0.881375,0.763440,0.881375,0.763440,208,0,1987
2026/02/04/01:36:35,4932.281254,0.881375,0.763440,0.881375,0.763440,208,0,1987
2026/02/04/01:36:36,4933.281369,0.879719,0.747881,0.879719,0.747881,207,0,1988
2026/02/04/01:36:37,4934.281452,0.879719,0.747881,0.879719,0.747881,207,0,1988
2026/02/04/01:36:38,4935.281568,0.879719,0.747881,0.879719,0.747881,207,0,1988
2026/02/04/01:36:39,4936.281668,0.879719,0.747881,0.879719,0.747881,207,0,1988
2026/02/04/01:36:40,4937.281765,0.879719,0.747881,0.879719,0.747881,207,0,1988
2026/02/04/01:36:41,4938.281854,0.879719,0.747881,0.879719,0.747881,207,0,1988
2026/02/04/01:36:42,4939.281939,0.879719,0.747881,0.879719,0.747881,207,0,1988
2026/02/04/01:36:43,4940.282027,0.879719,0.747881,0.879719,0.747881,207,0,1988
2026/02/04/01:36:44,4941.282141,0.879719,0.747881,0.879719,0.747881,207,0,1988
2026/02/04/01:36:45,4942.282223,0.879719,0.747881,0.879719,0.747881,207,0,1988
2026/02/04/01:36:46,4943.282326,0.879719,0.747881,0.879719,0.747881,207,0,1988
2026/02/04/01:36:47,4944.282438,0.879719,0.747881,0.879719,0.747881,207,0,1988
2026/02/04/01:36:48,4945.282507,0.879719,0.747881,0.879719,0.747881,207,0,1988
2026/02/04/01:36:49,4946.282660,0.879719,0.747881,0.879719,0.747881,207,0,1988
2026/02/04/01:36:50,4947.282763,0.879719,0.747881,0.879719,0.747881,207,0,1988
2026/02/04/01:36:51,4948.282866,0.879719,0.747881,0.879719,0.747881,207,0,1988
2026/02/04/01:36:52,4949.283023,0.879719,0.747881,0.879719,0.747881,207,0,1988
2026/02/04/01:36:53,4950.283110,0.879719,0.747881,0.879719,0.747881,207,0,1988
2026/02/04/01:36:54,4951.283203,0.879719,0.747881,0.879719,0.747881,207,0,1988
2026/02/04/01:36:55,4952.283321,0.879719,0.747881,0.884281,0.749580,207,1,1988
2026/02/04/01:36:56,4953.283459,0.905969,0.763958,0.905969,0.763958,213,0,1988
2026/02/04/01:36:57,4954.283540,0.905969,0.763958,0.905969,0.763958,213,0,1988
2026/02/04/01:36:58,4955.283649,0.892281,0.758862,0.892281,0.758862,210,0,1991
2026/02/04/01:36:59,4956.283717,0.892281,0.758862,0.892281,0.758862,210,0,1991
2026/02/04/01:37:00,4957.283839,0.892281,0.758862,0.892281,0.758862,210,0,1991
2026/02/04/01:37:01,4958.283988,0.892281,0.758862,0.892281,0.758862,210,0,1991
2026/02/04/01:37:02,4959.284077,0.892281,0.758862,0.892281,0.758862,210,0,1991
2026/02/04/01:37:03,4960.284163,0.892281,0.758862,0.892281,0.758862,210,0,1991
2026/02/04/01:37:04,4961.284263,0.892281,0.758862,0.892281,0.758862,210,0,1991
2026/02/04/01:37:05,4962.284370,0.892281,0.758862,0.892281,0.758862,210,0,1991
2026/02/04/01:37:06,4963.284464,0.892281,0.758862,0.892281,0.758862,210,0,1991
2026/02/04/01:37:07,4964.284563,0.892281,0.758862,0.892281,0.758862,210,0,1991
2026/02/04/01:37:08,4965.284658,0.887281,0.751212,0.887281,0.751212,208,0,1993
2026/02/04/01:37:09,4966.284750,0.887281,0.751212,0.887281,0.751212,208,0,1993
2026/02/04/01:37:10,4967.284832,0.887281,0.751212,0.887281,0.751212,208,0,1993
2026/02/04/01:37:11,4968.284901,0.887281,0.751212,0.887281,0.751212,208,0,1993
2026/02/04/01:37:12,4969.285015,0.887281,0.751212,0.887281,0.751212,208,0,1993
2026/02/04/01:37:13,4970.285124,0.895344,0.754694,0.940469,0.768622,210,4,1993
2026/02/04/01:37:14,4971.285261,0.895344,0.754694,0.940469,0.768622,210,4,1993
2026/02/04/01:37:15,4972.285363,0.895344,0.754694,0.909719,0.758084,210,2,1993
2026/02/04/01:37:16,4973.285460,0.895344,0.754694,0.909719,0.758084,210,2,1993
2026/02/04/01:37:17,4974.285554,0.895344,0.754694,0.909719,0.758084,210,2,1993
2026/02/04/01:37:18,4975.285657,0.895344,0.754694,0.909719,0.758084,210,2,1993
2026/02/04/01:37:19,4976.285743,0.895344,0.754694,0.909719,0.758084,210,2,1993
2026/02/04/01:37:20,4977.285829,0.895344,0.754694,0.909719,0.758084,210,2,1993
2026/02/04/01:37:21,4978.285919,0.883031,0.750880,0.883031,0.750880,208,0,1997
2026/02/04/01:37:22,4979.286008,0.883031,0.750880,0.883031,0.750880,208,0,1997
2026/02/04/01:37:23,4980.286170,0.873219,0.741485,0.873219,0.741485,206,0,1999
2026/02/04/01:37:24,4981.286330,0.873219,0.741485,0.873219,0.741485,206,0,1999
2026/02/04/01:37:25,4982.286413,0.873219,0.741485,0.873219,0.741485,206,0,1999
2026/02/04/01:37:26,4983.286517,0.858844,0.738095,0.858844,0.738095,204,0,2001
2026/02/04/01:37:27,4984.286680,0.852437,0.735817,0.852437,0.735817,203,0,2002
2026/02/04/01:37:28,4985.286742,0.852437,0.735817,0.852437,0.735817,203,0,2002
2026/02/04/01:37:29,4986.286830,0.852437,0.735817,0.852437,0.735817,203,0,2002
2026/02/04/01:37:30,4987.286927,0.852437,0.735817,0.852437,0.735817,203,0,2002
2026/02/04/01:37:31,4988.287025,0.849625,0.733952,0.849625,0.733952,202,0,2003
2026/02/04/01:37:32,4989.287101,0.849625,0.733952,0.849625,0.733952,202,0,2003
2026/02/04/01:37:33,4990.287204,0.849625,0.733952,0.849625,0.733952,202,0,2003
2026/02/04/01:37:34,4991.287362,0.849625,0.733952,0.849625,0.733952,202,0,2003
2026/02/04/01:37:35,4992.287437,0.849625,0.733952,0.849625,0.733952,202,0,2003
2026/02/04/01:37:36,4993.287519,0.847844,0.732289,0.847844,0.732289,201,0,2004
2026/02/04/01:37:37,4994.287614,0.846250,0.721676,0.846250,0.721676,200,0,2005
2026/02/04/01:37:38,4995.287757,0.846250,0.721676,0.846250,0.721676,200,0,2005
2026/02/04/01:37:39,4996.287867,0.846250,0.721676,0.846250,0.721676,200,0,2005
2026/02/04/01:37:40,4997.288010,0.846250,0.721676,0.846250,0.721676,200,0,2005
2026/02/04/01:37:41,4998.288132,0.846250,0.721676,0.846250,0.721676,200,0,2005
2026/02/04/01:37:42,4999.288228,0.846250,0.721676,0.846250,0.721676,200,0,2005
2026/02/04/01:37:43,5000.288379,0.846250,0.721676,0.846250,0.721676,200,0,2005
2026/02/04/01:37:44,5001.288467,0.846250,0.721676,0.846250,0.721676,200,0,2005
2026/02/04/01:37:45,5002.288565,0.846250,0.721676,0.846250,0.721676,200,0,2005
2026/02/04/01:37:46,5003.288686,0.846250,0.721676,0.846250,0.721676,200,0,2005
2026/02/04/01:37:47,5004.288827,0.846250,0.721676,0.846250,0.721676,200,0,2005
2026/02/04/01:37:48,5005.288904,0.846250,0.721676,0.846250,0.721676,200,0,2005
2026/02/04/01:37:49,5006.289010,0.846250,0.721676,0.846250,0.721676,200,0,2005
2026/02/04/01:37:50,5007.289168,0.846250,0.721676,0.846250,0.721676,200,0,2005
2026/02/04/01:37:51,5008.289286,0.846250,0.721676,0.846250,0.721676,200,0,2005
2026/02/04/01:37:52,5009.289408,0.846250,0.721676,0.846250,0.721676,200,0,2005
2026/02/04/01:37:53,5010.289568,0.846250,0.721676,0.846250,0.721676,200,0,2005
2026/02/04/01:37:54,5011.289666,0.846250,0.721676,0.846250,0.721676,200,0,2005
2026/02/04/01:37:55,5012.289761,0.846250,0.721676,0.846250,0.721676,200,0,2005
2026/02/04/01:37:56,5013.289909,0.854375,0.763144,0.854375,0.763144,204,0,2005
2026/02/04/01:37:57,5014.289996,0.854375,0.763144,0.854375,0.763144,204,0,2005
2026/02/04/01:37:58,5015.290083,0.854375,0.763144,0.854375,0.763144,204,0,2005
2026/02/04/01:37:59,5016.290208,0.858250,0.770923,0.858250,0.770923,206,0,2005
2026/02/04/01:38:00,5017.290328,0.858250,0.770923,0.858250,0.770923,206,0,2005
2026/02/04/01:38:01,5018.290421,0.858250,0.770923,0.858250,0.770923,206,0,2005
2026/02/04/01:38:02,5019.290511,0.858250,0.770923,0.858250,0.770923,206,0,2005
2026/02/04/01:38:03,5020.290609,0.858250,0.770923,0.858250,0.770923,206,0,2005
2026/02/04/01:38:04,5021.290681,0.858250,0.770923,0.858250,0.770923,206,0,2005
2026/02/04/01:38:05,5022.290757,0.858250,0.770923,0.858250,0.770923,206,0,2005
2026/02/04/01:38:06,5023.290942,0.858250,0.770923,0.858250,0.770923,206,0,2005
2026/02/04/01:38:07,5024.291015,0.858250,0.770923,0.858250,0.770923,206,0,2005
2026/02/04/01:38:08,5025.291162,0.853187,0.731064,0.853187,0.731064,203,0,2008
2026/02/04/01:38:09,5026.291263,0.853187,0.731064,0.853187,0.731064,203,0,2008
2026/02/04/01:38:10,5027.291413,0.853187,0.731064,0.853187,0.731064,203,0,2008
2026/02/04/01:38:11,5028.291443,0.853187,0.731064,0.853187,0.731064,203,0,2008
2026/02/04/01:38:12,5029.291531,0.853187,0.731064,0.853187,0.731064,203,0,2008
2026/02/04/01:38:13,5030.291617,0.863781,0.735888,0.863781,0.735888,206,0,2008
2026/02/04/01:38:14,5031.291704,0.863781,0.735888,0.863781,0.735888,206,0,2008
2026/02/04/01:38:15,5032.291796,0.863781,0.735888,0.863781,0.735888,206,0,2008
2026/02/04/01:38:16,5033.291901,0.885094,0.754184,0.885094,0.754184,211,0,2008
2026/02/04/01:38:17,5034.291984,0.885094,0.754184,0.885094,0.754184,211,0,2008
2026/02/04/01:38:18,5035.292084,0.880844,0.748757,0.910531,0.754463,209,2,2010
2026/02/04/01:38:19,5036.292143,0.880844,0.748757,0.910531,0.754463,209,2,2010
2026/02/04/01:38:20,5037.292253,0.865000,0.727827,0.865000,0.727827,206,0,2013
2026/02/04/01:38:21,5038.292353,0.865000,0.727827,0.865000,0.727827,206,0,2013
2026/02/04/01:38:22,5039.292455,0.847938,0.714957,0.847938,0.714957,203,0,2016
2026/02/04/01:38:23,5040.292557,0.847938,0.714957,0.847938,0.714957,203,0,2016
2026/02/04/01:38:24,5041.292623,0.862219,0.726893,0.865125,0.739381,208,1,2016
2026/02/04/01:38:25,5042.292728,0.865125,0.739381,0.865125,0.739381,209,0,2016
2026/02/04/01:38:26,5043.292835,0.860313,0.736182,0.860313,0.736182,207,0,2018
2026/02/04/01:38:27,5044.292899,0.844875,0.713348,0.844875,0.713348,202,0,2023
2026/02/04/01:38:28,5045.293019,0.851063,0.722495,0.851063,0.722495,205,0,2023
2026/02/04/01:38:29,5046.293119,0.858031,0.728901,0.858031,0.728901,206,0,2023
2026/02/04/01:38:30,5047.293199,0.858031,0.728901,0.858031,0.728901,206,0,2023
2026/02/04/01:38:31,5048.293328,0.858031,0.728901,0.858031,0.728901,206,0,2023
2026/02/04/01:38:32,5049.293418,0.858031,0.728901,0.858031,0.728901,206,0,2023
2026/02/04/01:38:33,5050.293511,0.858031,0.728901,0.858031,0.728901,206,0,2023
2026/02/04/01:38:34,5051.293610,0.858031,0.728901,0.858031,0.728901,206,0,2023
2026/02/04/01:38:35,5052.293700,0.875719,0.751836,0.875719,0.751836,214,0,2023
2026/02/04/01:38:36,5053.293802,0.875719,0.751836,0.875719,0.751836,214,0,2023
2026/02/04/01:38:37,5054.293952,0.868750,0.745430,0.868750,0.745430,213,0,2024
2026/02/04/01:38:38,5055.294050,0.865000,0.738743,0.865000,0.738743,211,0,2026
2026/02/04/01:38:39,5056.294203,0.865000,0.738743,0.865000,0.738743,211,0,2026
2026/02/04/01:38:40,5057.294318,0.865000,0.738743,0.865000,0.738743,211,0,2026
2026/02/04/01:38:41,5058.294421,0.865000,0.738743,0.865000,0.738743,211,0,2026
2026/02/04/01:38:42,5059.294518,0.865000,0.738743,0.865000,0.738743,211,0,2026
2026/02/04/01:38:43,5060.294615,0.865000,0.738743,0.865000,0.738743,211,0,2026
2026/02/04/01:38:44,5061.294699,0.865000,0.738743,0.865000,0.738743,211,0,2026
2026/02/04/01:38:45,5062.294852,0.865000,0.738743,0.865000,0.738743,211,0,2026
2026/02/04/01:38:46,5063.294932,0.865000,0.738743,0.865000,0.738743,211,0,2026
2026/02/04/01:38:47,5064.295036,0.865000,0.738743,0.865000,0.738743,211,0,2026
2026/02/04/01:38:48,5065.295249,0.865000,0.738743,0.865000,0.738743,211,0,2026
2026/02/04/01:38:49,5066.295299,0.865000,0.738743,0.865000,0.738743,211,0,2026
2026/02/04/01:38:50,5067.295342,0.865000,0.738743,0.865000,0.738743,211,0,2026
2026/02/04/01:38:51,5068.295492,0.881313,0.742212,0.881313,0.742212,213,0,2026
2026/02/04/01:38:52,5069.295593,0.881313,0.742212,0.881313,0.742212,213,0,2026
2026/02/04/01:38:53,5070.295681,0.881313,0.742212,0.881313,0.742212,213,0,2026
2026/02/04/01:38:54,5071.295779,0.875969,0.739908,0.875969,0.739908,212,0,2027
2026/02/04/01:38:55,5072.295865,0.875969,0.739908,0.875969,0.739908,212,0,2027
2026/02/04/01:38:56,5073.295959,0.875969,0.739908,0.875969,0.739908,212,0,2027
2026/02/04/01:38:57,5074.296049,0.875969,0.739908,0.875969,0.739908,212,0,2027
2026/02/04/01:38:58,5075.296142,0.871281,0.734259,0.871281,0.734259,209,0,2030
2026/02/04/01:38:59,5076.296230,0.871281,0.734259,0.871281,0.734259,209,0,2030
2026/02/04/01:39:00,5077.296397,0.871281,0.734259,0.871281,0.734259,209,0,2030
2026/02/04/01:39:01,5078.296520,0.871281,0.734259,0.871281,0.734259,209,0,2030
2026/02/04/01:39:02,5079.296581,0.871281,0.734259,0.871281,0.734259,209,0,2030
2026/02/04/01:39:03,5080.296690,0.854969,0.730789,0.854969,0.730789,207,0,2032
2026/02/04/01:39:04,5081.296831,0.854969,0.730789,0.854969,0.730789,207,0,2032
2026/02/04/01:39:05,5082.296986,0.854969,0.730789,0.854969,0.730789,207,0,2032
2026/02/04/01:39:06,5083.297072,0.854969,0.730789,0.854969,0.730789,207,0,2032
2026/02/04/01:39:07,5084.297163,0.854969,0.730789,0.854969,0.730789,207,0,2032
2026/02/04/01:39:08,5085.297335,0.854969,0.730789,0.854969,0.730789,207,0,2032
2026/02/04/01:39:09,5086.297431,0.854969,0.730789,0.854969,0.730789,207,0,2032
2026/02/04/01:39:10,5087.297587,0.854969,0.730789,0.854969,0.730789,207,0,2032
2026/02/04/01:39:11,5088.297673,0.854969,0.730789,0.854969,0.730789,207,0,2032
2026/02/04/01:39:12,5089.297822,0.854969,0.730789,0.854969,0.730789,207,0,2032
2026/02/04/01:39:13,5090.297916,0.854969,0.730789,0.854969,0.730789,207,0,2032
2026/02/04/01:39:14,5091.298073,0.854969,0.730789,0.854969,0.730789,207,0,2032
2026/02/04/01:39:15,5092.298221,0.854969,0.730789,0.854969,0.730789,207,0,2032
2026/02/04/01:39:16,5093.298349,0.854969,0.730789,0.854969,0.730789,207,0,2032
2026/02/04/01:39:17,5094.298455,0.854969,0.730789,0.854969,0.730789,207,0,2032
2026/02/04/01:39:18,5095.298511,0.854969,0.730789,0.854969,0.730789,207,0,2032
2026/02/04/01:39:19,5096.298599,0.861531,0.734741,0.861531,0.734741,209,0,2032
2026/02/04/01:39:20,5097.298684,0.861531,0.734741,0.861531,0.734741,209,0,2032
2026/02/04/01:39:21,5098.298840,0.854969,0.730789,0.854969,0.730789,207,0,2034
2026/02/04/01:39:22,5099.298922,0.854969,0.730789,0.854969,0.730789,207,0,2034
2026/02/04/01:39:23,5100.299015,0.854969,0.730789,0.854969,0.730789,207,0,2034
2026/02/04/01:39:24,5101.299080,0.854969,0.730789,0.854969,0.730789,207,0,2034
2026/02/04/01:39:25,5102.299247,0.854969,0.730789,0.854969,0.730789,207,0,2034
2026/02/04/01:39:26,5103.299344,0.854969,0.730789,0.854969,0.730789,207,0,2034
2026/02/04/01:39:27,5104.299427,0.854969,0.730789,0.854969,0.730789,207,0,2034
2026/02/04/01:39:28,5105.299518,0.854969,0.730789,0.854969,0.730789,207,0,2034
2026/02/04/01:39:29,5106.299675,0.854969,0.730789,0.854969,0.730789,207,0,2034
2026/02/04/01:39:30,5107.299842,0.854969,0.730789,0.854969,0.730789,207,0,2034
2026/02/04/01:39:31,5108.299863,0.854969,0.730789,0.854969,0.730789,207,0,2034
2026/02/04/01:39:32,5109.300008,0.854969,0.730789,0.854969,0.730789,207,0,2034
2026/02/04/01:39:33,5110.300107,0.854969,0.730789,0.854969,0.730789,207,0,2034
2026/02/04/01:39:34,5111.300256,0.855344,0.722949,0.855344,0.722949,207,0,2036
2026/02/04/01:39:35,5112.300408,0.851469,0.715171,0.851469,0.715171,205,0,2038
2026/02/04/01:39:36,5113.300499,0.848750,0.712641,0.848750,0.712641,204,0,2039
2026/02/04/01:39:37,5114.300595,0.848750,0.712641,0.848750,0.712641,204,0,2039
2026/02/04/01:39:38,5115.300709,0.848750,0.712641,0.848750,0.712641,204,0,2039
2026/02/04/01:39:39,5116.300797,0.848750,0.712641,0.848750,0.712641,204,0,2039
2026/02/04/01:39:40,5117.300882,0.848750,0.712641,0.848750,0.712641,204,0,2039
2026/02/04/01:39:41,5118.300975,0.858938,0.724938,0.858938,0.724938,206,0,2039
2026/02/04/01:39:42,5119.301067,0.858938,0.724938,0.858938,0.724938,206,0,2039
2026/02/04/01:39:43,5120.301177,0.858938,0.724938,0.858938,0.724938,206,0,2039
2026/02/04/01:39:44,5121.301261,0.848750,0.712641,0.848750,0.712641,204,0,2041
2026/02/04/01:39:45,5122.301408,0.848750,0.712641,0.848750,0.712641,204,0,2041
2026/02/04/01:39:46,5123.301567,0.848750,0.712641,0.848750,0.712641,204,0,2041
2026/02/04/01:39:47,5124.301686,0.848750,0.712641,0.848750,0.712641,204,0,2041
2026/02/04/01:39:48,5125.301768,0.848750,0.712641,0.848750,0.712641,204,0,2041
2026/02/04/01:39:49,5126.301863,0.848750,0.712641,0.848750,0.712641,204,0,2041
2026/02/04/01:39:50,5127.302009,0.848750,0.712641,0.848750,0.712641,204,0,2041
2026/02/04/01:39:51,5128.302100,0.848750,0.712641,0.848750,0.712641,204,0,2041
2026/02/04/01:39:52,5129.302243,0.848750,0.712641,0.848750,0.712641,204,0,2041
2026/02/04/01:39:53,5130.302407,0.861625,0.729793,0.861625,0.729793,206,0,2041
2026/02/04/01:39:54,5131.302494,0.861625,0.729793,0.861625,0.729793,206,0,2041
2026/02/04/01:39:55,5132.302654,0.861625,0.729793,0.861625,0.729793,206,0,2041
2026/02/04/01:39:56,5133.302798,0.861625,0.729793,0.861625,0.729793,206,0,2041
2026/02/04/01:39:57,5134.302885,0.850375,0.722658,0.850375,0.722658,205,0,2042
2026/02/04/01:39:58,5135.303040,0.848750,0.712641,0.848750,0.712641,204,0,2043
2026/02/04/01:39:59,5136.303184,0.848750,0.712641,0.848750,0.712641,204,0,2043
2026/02/04/01:40:00,5137.303284,0.848750,0.712641,0.848750,0.712641,204,0,2043
2026/02/04/01:40:01,5138.303342,0.848750,0.712641,0.848750,0.712641,204,0,2043
2026/02/04/01:40:02,5139.303461,0.848750,0.712641,0.848750,0.712641,204,0,2043
2026/02/04/01:40:03,5140.303537,0.854531,0.718387,0.854531,0.718387,207,0,2043
2026/02/04/01:40:04,5141.303639,0.854531,0.718387,0.854531,0.718387,207,0,2043
2026/02/04/01:40:05,5142.303787,0.854531,0.718387,0.854531,0.718387,207,0,2043
2026/02/04/01:40:06,5143.303856,0.854531,0.718387,0.854531,0.718387,207,0,2043
2026/02/04/01:40:07,5144.304022,0.854531,0.718387,0.854531,0.718387,207,0,2043
2026/02/04/01:40:08,5145.304170,0.850656,0.714442,0.850656,0.714442,205,0,2045
2026/02/04/01:40:09,5146.304348,0.850656,0.714442,0.850656,0.714442,205,0,2045
2026/02/04/01:40:10,5147.304465,0.850656,0.714442,0.850656,0.714442,205,0,2045
2026/02/04/01:40:11,5148.304546,0.848469,0.712367,0.848469,0.712367,204,0,2046
2026/02/04/01:40:12,5149.304705,0.848469,0.712367,0.848469,0.712367,204,0,2046
2026/02/04/01:40:13,5150.304760,0.848469,0.712367,0.848469,0.712367,204,0,2046
2026/02/04/01:40:14,5151.304904,0.848469,0.712367,0.848469,0.712367,204,0,2046
2026/02/04/01:40:15,5152.304992,0.848469,0.712367,0.848469,0.712367,204,0,2046
2026/02/04/01:40:16,5153.305078,0.848469,0.712367,0.848469,0.712367,204,0,2046
2026/02/04/01:40:17,5154.305170,0.848469,0.712367,0.848469,0.712367,204,0,2046
2026/02/04/01:40:18,5155.305262,0.848469,0.712367,0.848469,0.712367,204,0,2046
2026/02/04/01:40:19,5156.305332,0.848469,0.712367,0.848469,0.712367,204,0,2046
2026/02/04/01:40:20,5157.305428,0.848469,0.712367,0.848469,0.712367,204,0,2046
2026/02/04/01:40:21,5158.305532,0.848469,0.712367,0.848469,0.712367,204,0,2046
2026/02/04/01:40:22,5159.305679,0.848469,0.712367,0.848469,0.712367,204,0,2046
2026/02/04/01:40:23,5160.305763,0.848469,0.712367,0.848469,0.712367,204,0,2046
2026/02/04/01:40:24,5161.305847,0.857156,0.722144,0.879719,0.741936,208,2,2046
2026/02/04/01:40:25,5162.305957,0.864875,0.733854,0.887437,0.753646,210,2,2046
2026/02/04/01:40:26,5163.306050,0.870313,0.740023,0.892875,0.759815,213,2,2046
2026/02/04/01:40:27,5164.306139,0.887875,0.756712,0.910438,0.776504,218,2,2048
2026/02/04/01:40:28,5165.306229,0.879031,0.741877,0.901594,0.761669,214,2,2052
2026/02/04/01:40:29,5166.306307,0.879031,0.741877,0.901594,0.761669,214,2,2052
2026/02/04/01:40:30,5167.306345,0.877313,0.735180,0.899875,0.754972,213,2,2053
2026/02/04/01:40:31,5168.306440,0.877313,0.735180,0.899875,0.754972,213,2,2053
2026/02/04/01:40:32,5169.306557,0.872250,0.733562,0.894813,0.753354,212,2,2054
2026/02/04/01:40:33,5170.306649,0.872250,0.733562,0.894813,0.753354,212,2,2054
2026/02/04/01:40:34,5171.306763,0.872250,0.733562,0.894813,0.753354,212,2,2054
2026/02/04/01:40:35,5172.306845,0.872250,0.733562,0.894813,0.753354,212,2,2054
2026/02/04/01:40:36,5173.306937,0.872250,0.733562,0.894813,0.753354,212,2,2054
2026/02/04/01:40:37,5174.307041,0.872250,0.733562,0.894813,0.753354,212,2,2054
2026/02/04/01:40:38,5175.307195,0.872250,0.733562,0.894813,0.753354,212,2,2054
2026/02/04/01:40:39,5176.307274,0.872250,0.733562,0.894813,0.753354,212,2,2054
2026/02/04/01:40:40,5177.307382,0.872250,0.733562,0.894813,0.753354,212,2,2054
2026/02/04/01:40:41,5178.307475,0.872250,0.733562,0.894813,0.753354,212,2,2054
2026/02/04/01:40:42,5179.307623,0.869469,0.731070,0.892031,0.750862,211,2,2055
2026/02/04/01:40:43,5180.307712,0.867563,0.729269,0.890125,0.749061,210,2,2056
2026/02/04/01:40:44,5181.307812,0.867563,0.729269,0.890125,0.749061,210,2,2056
2026/02/04/01:40:45,5182.307907,0.864062,0.724163,0.886625,0.743955,208,2,2058
2026/02/04/01:40:46,5183.308034,0.864062,0.724163,0.886625,0.743955,208,2,2058
2026/02/04/01:40:47,5184.308176,0.864062,0.724163,0.886625,0.743955,208,2,2058
2026/02/04/01:40:48,5185.308257,0.864062,0.724163,0.886625,0.743955,208,2,2058
2026/02/04/01:40:49,5186.308412,0.864062,0.724163,0.886625,0.743955,208,2,2058
2026/02/04/01:40:50,5187.308502,0.864062,0.724163,0.886625,0.743955,208,2,2058
2026/02/04/01:40:51,5188.308622,0.864062,0.724163,0.886625,0.743955,208,2,2058
2026/02/04/01:40:52,5189.308711,0.864062,0.724163,0.886625,0.743955,208,2,2058
2026/02/04/01:40:53,5190.309003,0.864062,0.724163,0.886625,0.743955,208,2,2058
2026/02/04/01:40:54,5191.308975,0.864062,0.724163,0.886625,0.743955,208,2,2058
2026/02/04/01:40:55,5192.309074,0.864062,0.724163,0.886625,0.743955,208,2,2058
2026/02/04/01:40:56,5193.309162,0.864062,0.724163,0.886625,0.743955,208,2,2058
2026/02/04/01:40:57,5194.309259,0.864062,0.724163,0.886625,0.743955,208,2,2058
2026/02/04/01:40:58,5195.309371,0.864062,0.724163,0.886625,0.743955,208,2,2058
2026/02/04/01:40:59,5196.309469,0.864062,0.724163,0.886625,0.743955,208,2,2058
2026/02/04/01:41:00,5197.309572,0.864062,0.724163,0.886625,0.743955,208,2,2058
2026/02/04/01:41:01,5198.309673,0.864062,0.724163,0.886625,0.743955,208,2,2058
2026/02/04/01:41:02,5199.309782,0.864062,0.724163,0.886625,0.743955,208,2,2058
2026/02/04/01:41:03,5200.309889,0.865313,0.722996,0.876594,0.732892,206,1,2061
2026/02/04/01:41:04,5201.310051,0.865313,0.722996,0.876594,0.732892,206,1,2061
2026/02/04/01:41:05,5202.310143,0.865313,0.722996,0.876594,0.732892,206,1,2061
2026/02/04/01:41:06,5203.310315,0.865313,0.722996,0.876594,0.732892,206,1,2061
2026/02/04/01:41:07,5204.310354,0.865313,0.722996,0.876594,0.732892,206,1,2061
2026/02/04/01:41:08,5205.310455,0.865313,0.722996,0.876594,0.732892,206,1,2061
2026/02/04/01:41:09,5206.310541,0.886094,0.752823,0.897375,0.762720,213,1,2061
2026/02/04/01:41:10,5207.310615,0.886094,0.752823,0.897375,0.762720,213,1,2061
2026/02/04/01:41:11,5208.310715,0.900937,0.783567,0.912219,0.793463,217,1,2061
2026/02/04/01:41:12,5209.310863,0.896875,0.770961,0.908156,0.780857,215,1,2063
2026/02/04/01:41:13,5210.310952,0.892938,0.761296,0.904219,0.771193,214,1,2064
2026/02/04/01:41:14,5211.311104,0.892938,0.761296,0.904219,0.771193,214,1,2064
2026/02/04/01:41:15,5212.311247,0.892938,0.761296,0.904219,0.771193,214,1,2064
2026/02/04/01:41:16,5213.311417,0.892938,0.761296,0.904219,0.771193,214,1,2064
2026/02/04/01:41:17,5214.311519,0.892938,0.761296,0.904219,0.771193,214,1,2064
2026/02/04/01:41:18,5215.311656,0.892938,0.761296,0.904219,0.771193,214,1,2064
2026/02/04/01:41:19,5216.311824,0.892938,0.761296,0.904219,0.771193,214,1,2064
2026/02/04/01:41:20,5217.311948,0.892938,0.761296,0.904219,0.771193,214,1,2064
2026/02/04/01:41:21,5218.312027,0.880375,0.750316,0.891656,0.760212,211,1,2067
2026/02/04/01:41:22,5219.312115,0.880375,0.750316,0.891656,0.760212,211,1,2067
2026/02/04/01:41:23,5220.312192,0.880375,0.750316,0.891656,0.760212,211,1,2067
2026/02/04/01:41:24,5221.312299,0.907969,0.782116,0.919250,0.792012,219,1,2067
2026/02/04/01:41:25,5222.312412,0.907969,0.782116,0.919250,0.792012,219,1,2067
2026/02/04/01:41:26,5223.312509,0.896719,0.778336,0.908000,0.788232,217,1,2069
2026/02/04/01:41:27,5224.312653,0.896719,0.778336,0.908000,0.788232,217,1,2069
2026/02/04/01:41:28,5225.312809,0.896719,0.778336,0.908000,0.788232,217,1,2069
2026/02/04/01:41:29,5226.312896,0.893375,0.776503,0.904656,0.786399,216,1,2070
2026/02/04/01:41:30,5227.312977,0.893375,0.776503,0.904656,0.786399,216,1,2070
2026/02/04/01:41:31,5228.313128,0.886156,0.783232,0.886156,0.783232,215,0,2072
2026/02/04/01:41:32,5229.313219,0.886156,0.783232,0.886156,0.783232,215,0,2072
2026/02/04/01:41:33,5230.313415,0.886156,0.783232,0.886156,0.783232,215,0,2072
2026/02/04/01:41:34,5231.313517,0.886156,0.783232,0.886156,0.783232,215,0,2072
2026/02/04/01:41:35,5232.313629,0.883594,0.781036,0.883594,0.781036,214,0,2073
2026/02/04/01:41:36,5233.313797,0.883594,0.781036,0.883594,0.781036,214,0,2073
2026/02/04/01:41:37,5234.313960,0.883594,0.781036,0.883594,0.781036,214,0,2073
2026/02/04/01:41:38,5235.314032,0.883594,0.781036,0.883594,0.781036,214,0,2073
2026/02/04/01:41:39,5236.314179,0.883594,0.781036,0.883594,0.781036,214,0,2073
2026/02/04/01:41:40,5237.314289,0.883594,0.781036,0.883594,0.781036,214,0,2073
2026/02/04/01:41:41,5238.314417,0.883594,0.781036,0.883594,0.781036,214,0,2073
2026/02/04/01:41:42,5239.314521,0.923875,0.803049,0.923875,0.803049,224,0,2073
2026/02/04/01:41:43,5240.314604,0.933156,0.812750,0.948313,0.817858,227,1,2073
2026/02/04/01:41:44,5241.314756,0.933156,0.812750,0.933156,0.812750,227,0,2073
2026/02/04/01:41:45,5242.314908,0.917406,0.797722,0.917406,0.797722,221,0,2079
2026/02/04/01:41:46,5243.315007,0.915656,0.794040,0.915656,0.794040,220,0,2080
2026/02/04/01:41:47,5244.315109,0.915656,0.794040,0.915656,0.794040,220,0,2080
2026/02/04/01:41:48,5245.315261,0.907875,0.783968,0.907875,0.783968,216,0,2084
2026/02/04/01:41:49,5246.315328,0.903000,0.778672,0.903000,0.778672,214,0,2086
2026/02/04/01:41:50,5247.315431,0.903000,0.778672,0.903000,0.778672,214,0,2086
2026/02/04/01:41:51,5248.315526,0.911125,0.782288,0.955812,0.790702,216,4,2086
2026/02/04/01:41:52,5249.315581,0.911125,0.782288,0.955812,0.790702,216,4,2086
2026/02/04/01:41:53,5250.315719,0.911125,0.782288,0.962125,0.794413,216,5,2086
2026/02/04/01:41:54,5251.315810,0.917312,0.787835,0.968313,0.799959,218,5,2086
2026/02/04/01:41:55,5252.315930,0.917312,0.787835,0.968313,0.799959,218,5,2086
2026/02/04/01:41:56,5253.316031,0.917312,0.787835,0.968313,0.799959,218,5,2086
2026/02/04/01:41:57,5254.316202,0.911125,0.782288,0.962125,0.794413,216,5,2088
2026/02/04/01:41:58,5255.316314,0.909406,0.780391,0.960406,0.792516,215,5,2089
2026/02/04/01:41:59,5256.316354,0.909406,0.780391,0.960406,0.792516,215,5,2089
2026/02/04/01:42:00,5257.316506,0.909406,0.780391,0.960406,0.792516,215,5,2089
2026/02/04/01:42:01,5258.316663,0.909406,0.780391,0.938219,0.789049,215,3,2089
2026/02/04/01:42:02,5259.316820,0.911406,0.780169,0.933906,0.785116,215,2,2090
2026/02/04/01:42:03,5260.316919,0.911406,0.780169,0.933906,0.785116,215,2,2090
2026/02/04/01:42:04,5261.317055,0.911406,0.780169,0.933906,0.785116,215,2,2090
2026/02/04/01:42:05,5262.317209,0.911406,0.780169,0.933906,0.785116,215,2,2090
2026/02/04/01:42:06,5263.317365,0.911406,0.780169,0.933906,0.785116,215,2,2090
2026/02/04/01:42:07,5264.317454,0.916188,0.795978,0.940969,0.803643,217,3,2090
2026/02/04/01:42:08,5265.317557,0.925094,0.807248,0.947594,0.812195,220,2,2090
2026/02/04/01:42:09,5266.317651,0.925094,0.807248,0.947594,0.812195,220,2,2090
2026/02/04/01:42:10,5267.317737,0.923219,0.798389,0.945719,0.803336,219,2,2091
2026/02/04/01:42:11,5268.317887,0.920312,0.791439,0.942813,0.796386,218,2,2092
2026/02/04/01:42:12,5269.317987,0.917000,0.773426,0.939500,0.778372,216,2,2094
2026/02/04/01:42:13,5270.318134,0.917000,0.773426,0.939500,0.778372,216,2,2094
2026/02/04/01:42:14,5271.318178,0.917000,0.773426,0.939500,0.778372,216,2,2094
2026/02/04/01:42:15,5272.318283,0.924344,0.790104,0.973281,0.802017,219,5,2094
2026/02/04/01:42:16,5273.318375,0.920813,0.783690,0.969750,0.795603,218,5,2095
2026/02/04/01:42:17,5274.318440,0.914281,0.767104,0.936781,0.772050,215,2,2098
2026/02/04/01:42:18,5275.318549,0.914281,0.767104,0.936781,0.772050,215,2,2098
2026/02/04/01:42:19,5276.318691,0.914281,0.767104,0.936781,0.772050,215,2,2098
2026/02/04/01:42:20,5277.318786,0.914281,0.767104,0.936781,0.772050,215,2,2098
2026/02/04/01:42:21,5278.318876,0.914281,0.767104,0.936781,0.772050,215,2,2098
2026/02/04/01:42:22,5279.318966,0.914281,0.767104,0.936781,0.772050,215,2,2098
2026/02/04/01:42:23,5280.319090,0.914281,0.767104,0.936781,0.772050,215,2,2098
2026/02/04/01:42:24,5281.319188,0.914281,0.767104,0.936781,0.772050,215,2,2098
2026/02/04/01:42:25,5282.319350,0.914281,0.767104,0.936781,0.772050,215,2,2098
2026/02/04/01:42:26,5283.319437,0.914281,0.767104,0.936781,0.772050,215,2,2098
2026/02/04/01:42:27,5284.319551,0.914281,0.767104,0.936781,0.772050,215,2,2098
2026/02/04/01:42:28,5285.319624,0.912500,0.764298,0.935000,0.769244,214,2,2099
2026/02/04/01:42:29,5286.319696,0.912500,0.764298,0.935000,0.769244,214,2,2099
2026/02/04/01:42:30,5287.319835,0.912500,0.764298,0.935000,0.769244,214,2,2099
2026/02/04/01:42:31,5288.319936,0.912500,0.764298,0.935000,0.769244,214,2,2099
2026/02/04/01:42:32,5289.320040,0.903188,0.763386,0.914438,0.765859,213,1,2101
2026/02/04/01:42:33,5290.320190,0.903188,0.763386,0.914438,0.765859,213,1,2101
2026/02/04/01:42:34,5291.320293,0.898438,0.757003,0.909687,0.759476,211,1,2103
2026/02/04/01:42:35,5292.320352,0.898438,0.757003,0.909687,0.759476,211,1,2103
2026/02/04/01:42:36,5293.320443,0.898438,0.757003,0.909687,0.759476,211,1,2103
2026/02/04/01:42:37,5294.320534,0.898438,0.757003,0.909687,0.759476,211,1,2103
2026/02/04/01:42:38,5295.320646,0.898438,0.757003,0.909687,0.759476,211,1,2103
2026/02/04/01:42:39,5296.320731,0.898438,0.757003,0.909687,0.759476,211,1,2103
2026/02/04/01:42:40,5297.320816,0.898438,0.757003,0.909687,0.759476,211,1,2103
2026/02/04/01:42:41,5298.320975,0.887188,0.754530,0.887188,0.754530,210,0,2104
2026/02/04/01:42:42,5299.321129,0.887188,0.754530,0.887188,0.754530,210,0,2104
2026/02/04/01:42:43,5300.321226,0.887188,0.754530,0.887188,0.754530,210,0,2104
2026/02/04/01:42:44,5301.321371,0.887188,0.754530,0.887188,0.754530,210,0,2104
2026/02/04/01:42:45,5302.321471,0.887188,0.754530,0.887188,0.754530,210,0,2104
2026/02/04/01:42:46,5303.321600,0.887188,0.754530,0.887188,0.754530,210,0,2104
2026/02/04/01:42:47,5304.321692,0.887188,0.754530,0.887188,0.754530,210,0,2104
2026/02/04/01:42:48,5305.321781,0.889938,0.757106,0.889938,0.757106,211,0,2104
2026/02/04/01:42:49,5306.321954,0.889938,0.757106,0.889938,0.757106,211,0,2104
2026/02/04/01:42:50,5307.322040,0.909219,0.773799,0.909219,0.773799,215,0,2105
2026/02/04/01:42:51,5308.322191,0.909219,0.773799,0.909219,0.773799,215,0,2105
2026/02/04/01:42:52,5309.322243,0.909219,0.773799,0.909219,0.773799,215,0,2105
2026/02/04/01:42:53,5310.322339,0.918687,0.777262,0.918687,0.777262,215,0,2108
2026/02/04/01:42:54,5311.322443,0.918687,0.777262,0.918687,0.777262,215,0,2108
2026/02/04/01:42:55,5312.322521,0.918687,0.777262,0.918687,0.777262,215,0,2108
2026/02/04/01:42:56,5313.322606,0.918687,0.777262,0.918687,0.777262,215,0,2108
2026/02/04/01:42:57,5314.322689,0.910188,0.771864,0.910188,0.771864,214,0,2109
2026/02/04/01:42:58,5315.322782,0.910188,0.771864,0.910188,0.771864,214,0,2109
2026/02/04/01:42:59,5316.322882,0.910188,0.771864,0.910188,0.771864,214,0,2109
2026/02/04/01:43:00,5317.322963,0.910188,0.771864,0.910188,0.771864,214,0,2109
2026/02/04/01:43:01,5318.323065,0.910188,0.771864,0.910188,0.771864,214,0,2109
2026/02/04/01:43:02,5319.323216,0.910188,0.771864,0.910188,0.771864,214,0,2109
2026/02/04/01:43:03,5320.323359,0.910188,0.771864,0.910188,0.771864,214,0,2109
2026/02/04/01:43:04,5321.323513,0.910188,0.771864,0.910188,0.771864,214,0,2109
2026/02/04/01:43:05,5322.323611,0.910188,0.771864,0.910188,0.771864,214,0,2109
2026/02/04/01:43:06,5323.323686,0.910188,0.771864,0.910188,0.771864,214,0,2109
2026/02/04/01:43:07,5324.323805,0.910188,0.771864,0.910188,0.771864,214,0,2109
2026/02/04/01:43:08,5325.323944,0.910188,0.771864,0.910188,0.771864,214,0,2109
2026/02/04/01:43:09,5326.324030,0.910188,0.771864,0.910188,0.771864,214,0,2109
2026/02/04/01:43:10,5327.324149,0.910188,0.771864,0.910188,0.771864,214,0,2109
2026/02/04/01:43:11,5328.324249,0.908156,0.768420,0.908156,0.768420,213,0,2110
2026/02/04/01:43:12,5329.324382,0.908156,0.768420,0.908156,0.768420,213,0,2110
2026/02/04/01:43:13,5330.324538,0.908156,0.768420,0.908156,0.768420,213,0,2110
2026/02/04/01:43:14,5331.324659,0.908156,0.768420,0.908156,0.768420,213,0,2110
2026/02/04/01:43:15,5332.324775,0.908156,0.768420,0.908156,0.768420,213,0,2110
2026/02/04/01:43:16,5333.324919,0.908156,0.768420,0.908156,0.768420,213,0,2110
2026/02/04/01:43:17,5334.325091,0.908156,0.768420,0.908156,0.768420,213,0,2110
2026/02/04/01:43:18,5335.325180,0.908156,0.768420,0.908156,0.768420,213,0,2110
2026/02/04/01:43:19,5336.325345,0.908156,0.768420,0.908156,0.768420,213,0,2110
2026/02/04/01:43:20,5337.325508,0.908156,0.768420,0.908156,0.768420,213,0,2110
2026/02/04/01:43:21,5338.325597,0.908156,0.768420,0.908156,0.768420,213,0,2110
2026/02/04/01:43:22,5339.325744,0.908156,0.768420,0.908156,0.768420,213,0,2110
2026/02/04/01:43:23,5340.325833,0.908156,0.768420,0.908156,0.768420,213,0,2110
2026/02/04/01:43:24,5341.325937,0.908156,0.768420,0.908156,0.768420,213,0,2110
2026/02/04/01:43:25,5342.326094,0.908156,0.768420,0.908156,0.768420,213,0,2110
2026/02/04/01:43:26,5343.326184,0.908156,0.768420,0.908156,0.768420,213,0,2110
2026/02/04/01:43:27,5344.326315,0.908156,0.768420,0.908156,0.768420,213,0,2110
2026/02/04/01:43:28,5345.326398,0.908156,0.768420,0.908156,0.768420,213,0,2110
2026/02/04/01:43:29,5346.326552,0.908156,0.768420,0.908156,0.768420,213,0,2110
2026/02/04/01:43:30,5347.326622,0.908156,0.768420,0.908156,0.768420,213,0,2110
2026/02/04/01:43:31,5348.326790,0.908156,0.768420,0.908156,0.768420,213,0,2110
2026/02/04/01:43:32,5349.326955,0.915844,0.775790,0.915844,0.775790,216,0,2110
2026/02/04/01:43:33,5350.327043,0.915844,0.775790,0.915844,0.775790,216,0,2110
2026/02/04/01:43:34,5351.327205,0.915844,0.775790,0.915844,0.775790,216,0,2110
2026/02/04/01:43:35,5352.327351,0.913625,0.773598,0.913625,0.773598,215,0,2111
2026/02/04/01:43:36,5353.327439,0.913625,0.773598,0.913625,0.773598,215,0,2111
2026/02/04/01:43:37,5354.327584,0.913625,0.773598,0.913625,0.773598,215,0,2111
2026/02/04/01:43:38,5355.327740,0.913625,0.773598,0.913625,0.773598,215,0,2111
2026/02/04/01:43:39,5356.327842,0.913625,0.773598,0.913625,0.773598,215,0,2111
2026/02/04/01:43:40,5357.327992,0.913625,0.773598,0.913625,0.773598,215,0,2111
2026/02/04/01:43:41,5358.328096,0.913625,0.773598,0.913625,0.773598,215,0,2111
2026/02/04/01:43:42,5359.328249,0.913625,0.773598,0.913625,0.773598,215,0,2111
2026/02/04/01:43:43,5360.328349,0.910531,0.770787,0.910531,0.770787,214,0,2112
2026/02/04/01:43:44,5361.328495,0.910531,0.770787,0.910531,0.770787,214,0,2112
2026/02/04/01:43:45,5362.328604,0.910531,0.770787,0.910531,0.770787,214,0,2112
2026/02/04/01:43:46,5363.328749,0.902844,0.763417,0.902844,0.763417,211,0,2115
2026/02/04/01:43:47,5364.328899,0.902844,0.763417,0.902844,0.763417,211,0,2115
2026/02/04/01:43:48,5365.329011,0.894094,0.756774,0.894094,0.756774,210,0,2116
2026/02/04/01:43:49,5366.329104,0.894094,0.756774,0.894094,0.756774,210,0,2116
2026/02/04/01:43:50,5367.329195,0.894094,0.756774,0.894094,0.756774,210,0,2116
2026/02/04/01:43:51,5368.329324,0.894094,0.756774,0.894094,0.756774,210,0,2116
2026/02/04/01:43:52,5369.329391,0.894094,0.756774,0.894094,0.756774,210,0,2116
2026/02/04/01:43:53,5370.329494,0.894094,0.756774,0.894094,0.756774,210,0,2116
2026/02/04/01:43:54,5371.329591,0.894094,0.756774,0.894094,0.756774,210,0,2116
2026/02/04/01:43:55,5372.329685,0.894094,0.756774,0.894094,0.756774,210,0,2116
2026/02/04/01:43:56,5373.329810,0.894094,0.756774,0.894094,0.756774,210,0,2116
2026/02/04/01:43:57,5374.329912,0.894094,0.756774,0.894094,0.756774,210,0,2116
2026/02/04/01:43:58,5375.330024,0.894094,0.756774,0.894094,0.756774,210,0,2116
2026/02/04/01:43:59,5376.330176,0.894094,0.756774,0.894094,0.756774,210,0,2116
2026/02/04/01:44:00,5377.330304,0.894094,0.756774,0.894094,0.756774,210,0,2116
2026/02/04/01:44:01,5378.330354,0.894094,0.756774,0.894094,0.756774,210,0,2116
2026/02/04/01:44:02,5379.330458,0.894094,0.756774,0.894094,0.756774,210,0,2116
2026/02/04/01:44:03,5380.330556,0.894094,0.756774,0.894094,0.756774,210,0,2116
2026/02/04/01:44:04,5381.330721,0.894094,0.756774,0.894094,0.756774,210,0,2116
2026/02/04/01:44:05,5382.330823,0.888219,0.754229,0.888219,0.754229,209,0,2117
2026/02/04/01:44:06,5383.330907,0.888219,0.754229,0.888219,0.754229,209,0,2117
2026/02/04/01:44:07,5384.331015,0.888219,0.754229,0.888219,0.754229,209,0,2117
2026/02/04/01:44:08,5385.331163,0.888219,0.754229,0.888219,0.754229,209,0,2117
2026/02/04/01:44:09,5386.331205,0.888219,0.754229,0.888219,0.754229,209,0,2117
2026/02/04/01:44:10,5387.331314,0.888219,0.754229,0.888219,0.754229,209,0,2117
2026/02/04/01:44:11,5388.331352,0.888219,0.754229,0.888219,0.754229,209,0,2117
2026/02/04/01:44:12,5389.331457,0.888219,0.754229,0.888219,0.754229,209,0,2117
2026/02/04/01:44:13,5390.331543,0.888219,0.754229,0.888219,0.754229,209,0,2117
2026/02/04/01:44:14,5391.331636,0.888219,0.754229,0.888219,0.754229,209,0,2117
2026/02/04/01:44:15,5392.331779,0.888219,0.754229,0.888219,0.754229,209,0,2117
2026/02/04/01:44:16,5393.331867,0.888219,0.754229,0.888219,0.754229,209,0,2117
2026/02/04/01:44:17,5394.331977,0.888219,0.754229,0.888219,0.754229,209,0,2117
2026/02/04/01:44:18,5395.332107,0.888219,0.754229,0.888219,0.754229,209,0,2117
2026/02/04/01:44:19,5396.332205,0.888219,0.754229,0.888219,0.754229,209,0,2117
2026/02/04/01:44:20,5397.332334,0.888219,0.754229,0.888219,0.754229,209,0,2117
2026/02/04/01:44:21,5398.332425,0.910937,0.777790,0.921438,0.787722,215,2,2118
2026/02/04/01:44:22,5399.332500,0.910937,0.777790,0.921438,0.787722,215,2,2118
2026/02/04/01:44:23,5400.332657,0.902625,0.764888,0.902625,0.764888,213,0,2120
2026/02/04/01:44:24,5401.332745,0.902625,0.764888,0.902625,0.764888,213,0,2120
2026/02/04/01:44:25,5402.332846,0.902625,0.764888,0.902625,0.764888,213,0,2120
2026/02/04/01:44:26,5403.332942,0.902625,0.764888,0.902625,0.764888,213,0,2120
2026/02/04/01:44:27,5404.333099,0.902625,0.764888,0.902625,0.764888,213,0,2120
2026/02/04/01:44:28,5405.333194,0.902625,0.764888,0.902625,0.764888,213,0,2120
2026/02/04/01:44:29,5406.333299,0.902625,0.764888,0.902625,0.764888,213,0,2120
2026/02/04/01:44:30,5407.333343,0.902625,0.764888,0.902625,0.764888,213,0,2120
2026/02/04/01:44:31,5408.333428,0.893312,0.759894,0.893312,0.759894,211,0,2122
2026/02/04/01:44:32,5409.333580,0.893312,0.759894,0.893312,0.759894,211,0,2122
2026/02/04/01:44:33,5410.333670,0.893312,0.759894,0.893312,0.759894,211,0,2122
2026/02/04/01:44:34,5411.333767,0.893312,0.759894,0.893312,0.759894,211,0,2122
2026/02/04/01:44:35,5412.333860,0.893312,0.759894,0.893312,0.759894,211,0,2122
2026/02/04/01:44:36,5413.333945,0.881469,0.758280,0.881469,0.758280,210,0,2123
2026/02/04/01:44:37,5414.334052,0.881469,0.758280,0.881469,0.758280,210,0,2123
2026/02/04/01:44:38,5415.334209,0.881469,0.758280,0.881469,0.758280,210,0,2123
2026/02/04/01:44:39,5416.334318,0.881469,0.758280,0.881469,0.758280,210,0,2123
2026/02/04/01:44:40,5417.334347,0.861062,0.744672,0.861062,0.744672,205,0,2128
2026/02/04/01:44:41,5418.334424,0.861062,0.744672,0.861062,0.744672,205,0,2128
2026/02/04/01:44:42,5419.334531,0.861062,0.744672,0.861062,0.744672,205,0,2128
2026/02/04/01:44:43,5420.334690,0.861062,0.744672,0.861062,0.744672,205,0,2128
2026/02/04/01:44:44,5421.334779,0.861062,0.744672,0.861062,0.744672,205,0,2128
2026/02/04/01:44:45,5422.334855,0.861062,0.744672,0.861062,0.744672,205,0,2128
2026/02/04/01:44:46,5423.334968,0.861062,0.744672,0.861062,0.744672,205,0,2128
2026/02/04/01:44:47,5424.335055,0.861062,0.744672,0.861062,0.744672,205,0,2128
2026/02/04/01:44:48,5425.335161,0.861062,0.744672,0.861062,0.744672,205,0,2128
2026/02/04/01:44:49,5426.335330,0.861062,0.744672,0.861062,0.744672,205,0,2128
2026/02/04/01:44:50,5427.335359,0.861062,0.744672,0.861062,0.744672,205,0,2128
2026/02/04/01:44:51,5428.335453,0.861062,0.744672,0.861062,0.744672,205,0,2128
2026/02/04/01:44:52,5429.335555,0.861062,0.744672,0.861062,0.744672,205,0,2128
2026/02/04/01:44:53,5430.335623,0.861062,0.744672,0.861062,0.744672,205,0,2128
2026/02/04/01:44:54,5431.335703,0.861062,0.744672,0.861062,0.744672,205,0,2128
2026/02/04/01:44:55,5432.335799,0.861062,0.744672,0.861062,0.744672,205,0,2128
2026/02/04/01:44:56,5433.335896,0.861062,0.744672,0.861062,0.744672,205,0,2128
2026/02/04/01:44:57,5434.335985,0.861062,0.744672,0.861062,0.744672,205,0,2128
2026/02/04/01:44:58,5435.336103,0.861062,0.744672,0.861062,0.744672,205,0,2128
2026/02/04/01:44:59,5436.336259,0.861062,0.744672,0.861062,0.744672,205,0,2128
2026/02/04/01:45:00,5437.336361,0.861062,0.744672,0.861062,0.744672,205,0,2128
2026/02/04/01:45:01,5438.336454,0.861062,0.744672,0.861062,0.744672,205,0,2128
2026/02/04/01:45:02,5439.336570,0.861062,0.744672,0.861062,0.744672,205,0,2128
2026/02/04/01:45:03,5440.336665,0.861062,0.744672,0.861062,0.744672,205,0,2128
2026/02/04/01:45:04,5441.336823,0.861062,0.744672,0.861062,0.744672,205,0,2128
2026/02/04/01:45:05,5442.337004,0.861062,0.744672,0.861062,0.744672,205,0,2128
2026/02/04/01:45:06,5443.337172,0.861062,0.744672,0.861062,0.744672,205,0,2128
2026/02/04/01:45:07,5444.337250,0.861062,0.744672,0.861062,0.744672,205,0,2128
2026/02/04/01:45:08,5445.337365,0.851875,0.765578,0.851875,0.765578,205,0,2131
2026/02/04/01:45:09,5446.337423,0.851875,0.765578,0.851875,0.765578,205,0,2131
2026/02/04/01:45:10,5447.337525,0.851875,0.765578,0.851875,0.765578,205,0,2131
2026/02/04/01:45:11,5448.337619,0.829313,0.745786,0.829313,0.745786,203,0,2133
2026/02/04/01:45:12,5449.337779,0.829313,0.745786,0.829313,0.745786,203,0,2133
2026/02/04/01:45:13,5450.337872,0.829313,0.745786,0.829313,0.745786,203,0,2133
2026/02/04/01:45:14,5451.337952,0.852812,0.760916,0.852812,0.760916,207,0,2133
2026/02/04/01:45:15,5452.338053,0.852812,0.760916,0.852812,0.760916,207,0,2133
2026/02/04/01:45:16,5453.338200,0.852812,0.760916,0.852812,0.760916,207,0,2133
2026/02/04/01:45:17,5454.338348,0.832187,0.720768,0.832187,0.720768,203,0,2137
2026/02/04/01:45:18,5455.338431,0.825875,0.716776,0.825875,0.716776,201,0,2139
2026/02/04/01:45:19,5456.338523,0.825875,0.716776,0.825875,0.716776,201,0,2139
2026/02/04/01:45:20,5457.338588,0.825875,0.716776,0.825875,0.716776,201,0,2139
2026/02/04/01:45:21,5458.338684,0.825875,0.716776,0.825875,0.716776,201,0,2139
2026/02/04/01:45:22,5459.338773,0.878094,0.750302,0.918375,0.760241,212,3,2139
2026/02/04/01:45:23,5460.338863,0.880500,0.753498,0.920781,0.763437,213,3,2139
2026/02/04/01:45:24,5461.339004,0.880563,0.746208,0.905844,0.753498,211,2,2142
2026/02/04/01:45:25,5462.339180,0.866531,0.739706,0.866531,0.739706,208,0,2146
2026/02/04/01:45:26,5463.339258,0.866531,0.739706,0.866531,0.739706,208,0,2146
2026/02/04/01:45:27,5464.339408,0.866531,0.739706,0.866531,0.739706,208,0,2146
2026/02/04/01:45:28,5465.339540,0.861031,0.735978,0.861031,0.735978,206,0,2148
2026/02/04/01:45:29,5466.339646,0.861031,0.735978,0.861031,0.735978,206,0,2148
2026/02/04/01:45:30,5467.339791,0.856719,0.730700,0.856719,0.730700,204,0,2150
2026/02/04/01:45:31,5468.339871,0.856719,0.730700,0.856719,0.730700,204,0,2150
2026/02/04/01:45:32,5469.339966,0.856719,0.730700,0.856719,0.730700,204,0,2150
2026/02/04/01:45:33,5470.340053,0.856719,0.730700,0.856719,0.730700,204,0,2150
2026/02/04/01:45:34,5471.340171,0.855094,0.728113,0.855094,0.728113,203,0,2151
2026/02/04/01:45:35,5472.340248,0.855094,0.728113,0.855094,0.728113,203,0,2151
2026/02/04/01:45:36,5473.340342,0.855094,0.728113,0.855094,0.728113,203,0,2151
2026/02/04/01:45:37,5474.340440,0.855094,0.728113,0.855094,0.728113,203,0,2151
2026/02/04/01:45:38,5475.340592,0.855094,0.728113,0.855094,0.728113,203,0,2151
2026/02/04/01:45:39,5476.340708,0.855094,0.728113,0.855094,0.728113,203,0,2151
2026/02/04/01:45:40,5477.340782,0.855094,0.728113,0.855094,0.728113,203,0,2151
2026/02/04/01:45:41,5478.340929,0.855094,0.728113,0.855094,0.728113,203,0,2151
2026/02/04/01:45:42,5479.341031,0.855094,0.728113,0.855094,0.728113,203,0,2151
2026/02/04/01:45:43,5480.341116,0.862500,0.733582,0.862500,0.733582,206,0,2151
2026/02/04/01:45:44,5481.341205,0.862500,0.733582,0.862500,0.733582,206,0,2151
2026/02/04/01:45:45,5482.341326,0.862500,0.733582,0.862500,0.733582,206,0,2151
2026/02/04/01:45:46,5483.341453,0.862500,0.733582,0.862500,0.733582,206,0,2151
2026/02/04/01:45:47,5484.341608,0.862500,0.733582,0.862500,0.733582,206,0,2151
2026/02/04/01:45:48,5485.341702,0.862500,0.733582,0.862500,0.733582,206,0,2151
2026/02/04/01:45:49,5486.341798,0.862500,0.733582,0.862500,0.733582,206,0,2151
2026/02/04/01:45:50,5487.341870,0.862500,0.733582,0.862500,0.733582,206,0,2151
2026/02/04/01:45:51,5488.342043,0.862500,0.733582,0.862500,0.733582,206,0,2151
2026/02/04/01:45:52,5489.342154,0.862500,0.733582,0.862500,0.733582,206,0,2151
2026/02/04/01:45:53,5490.342240,0.862500,0.733582,0.862500,0.733582,206,0,2151
2026/02/04/01:45:54,5491.342349,0.862500,0.733582,0.862500,0.733582,206,0,2151
2026/02/04/01:45:55,5492.342507,0.862500,0.733582,0.862500,0.733582,206,0,2151
2026/02/04/01:45:56,5493.342599,0.862500,0.733582,0.862500,0.733582,206,0,2151
2026/02/04/01:45:57,5494.342760,0.893094,0.782614,0.940813,0.806602,216,5,2151
2026/02/04/01:45:58,5495.342908,0.896781,0.785809,0.942656,0.808200,218,4,2151
2026/02/04/01:45:59,5496.342989,0.895094,0.784090,0.940969,0.806481,217,4,2152
2026/02/04/01:46:00,5497.343083,0.888094,0.777004,0.921000,0.785171,213,3,2156
2026/02/04/01:46:01,5498.343176,0.879969,0.766281,0.912875,0.774447,211,3,2158
2026/02/04/01:46:02,5499.343252,0.879969,0.766281,0.912875,0.774447,211,3,2158
2026/02/04/01:46:03,5500.343409,0.879969,0.766281,0.912875,0.774447,211,3,2158
2026/02/04/01:46:04,5501.343477,0.879969,0.766281,0.912875,0.774447,211,3,2158
2026/02/04/01:46:05,5502.343589,0.881594,0.768369,0.914500,0.776535,212,3,2158
2026/02/04/01:46:06,5503.343665,0.869313,0.736012,0.869313,0.736012,207,0,2163
2026/02/04/01:46:07,5504.343754,0.869313,0.736012,0.869313,0.736012,207,0,2163
2026/02/04/01:46:08,5505.343860,0.890594,0.758911,0.899031,0.768291,213,1,2163
2026/02/04/01:46:09,5506.344009,0.890594,0.758911,0.899031,0.768291,213,1,2163
2026/02/04/01:46:10,5507.344041,0.882156,0.749530,0.882156,0.749530,212,0,2164
2026/02/04/01:46:11,5508.344122,0.882156,0.749530,0.882156,0.749530,212,0,2164
2026/02/04/01:46:12,5509.344224,0.880531,0.747442,0.880531,0.747442,211,0,2165
2026/02/04/01:46:13,5510.344339,0.880531,0.747442,0.880531,0.747442,211,0,2165
2026/02/04/01:46:14,5511.344446,0.900281,0.766466,0.901969,0.768587,217,1,2165
2026/02/04/01:46:15,5512.344554,0.905844,0.773220,0.905844,0.773220,220,0,2167
2026/02/04/01:46:16,5513.344641,0.908875,0.779719,0.908875,0.779719,221,0,2167
2026/02/04/01:46:17,5514.344715,0.906219,0.778037,0.906219,0.778037,220,0,2168
2026/02/04/01:46:18,5515.344832,0.906219,0.778037,0.906219,0.778037,220,0,2168
2026/02/04/01:46:19,5516.344946,0.906219,0.778037,0.906219,0.778037,220,0,2168
2026/02/04/01:46:20,5517.345052,0.910781,0.787730,0.910781,0.787730,222,0,2168
2026/02/04/01:46:21,5518.345137,0.910781,0.787730,0.910781,0.787730,222,0,2168
2026/02/04/01:46:22,5519.345321,0.910781,0.787730,0.910781,0.787730,222,0,2168
2026/02/04/01:46:23,5520.345394,0.910781,0.787730,0.910781,0.787730,222,0,2168
2026/02/04/01:46:24,5521.345482,0.896156,0.780497,0.896156,0.780497,218,0,2172
2026/02/04/01:46:25,5522.345650,0.896156,0.780497,0.896156,0.780497,218,0,2172
2026/02/04/01:46:26,5523.345802,0.896156,0.780497,0.896156,0.780497,218,0,2172
2026/02/04/01:46:27,5524.345897,0.933406,0.817523,0.938906,0.819723,232,1,2172
2026/02/04/01:46:28,5525.345988,0.933406,0.817523,0.988156,0.836919,232,9,2172
2026/02/04/01:46:29,5526.346081,0.933406,0.817523,0.988156,0.836919,232,9,2172
2026/02/04/01:46:30,5527.346171,0.941594,0.833682,0.996344,0.853079,236,9,2172
2026/02/04/01:46:31,5528.346260,0.941438,0.830752,0.988000,0.846324,235,7,2175
2026/02/04/01:46:32,5529.346417,0.941438,0.830752,0.988000,0.846324,235,7,2175
2026/02/04/01:46:33,5530.346495,0.943406,0.830533,0.993875,0.848089,236,8,2176
2026/02/04/01:46:34,5531.346585,0.934094,0.816175,0.984563,0.833730,232,8,2180
2026/02/04/01:46:35,5532.346680,0.941438,0.821546,0.982125,0.835091,234,6,2180
2026/02/04/01:46:36,5533.346832,0.941438,0.821546,0.982125,0.835091,234,6,2180
2026/02/04/01:46:37,5534.346950,0.944937,0.828978,1.012281,0.862870,238,9,2181
2026/02/04/01:46:38,5535.347010,0.946719,0.841427,1.011437,0.878628,239,9,2184
2026/02/04/01:46:39,5536.347100,0.949375,0.841718,1.003062,0.874320,239,7,2186
2026/02/04/01:46:40,5537.347281,0.942406,0.848694,0.993188,0.875589,238,6,2190
2026/02/04/01:46:41,5538.347403,0.937344,0.842328,0.981094,0.866130,235,5,2193
2026/02/04/01:46:42,5539.347473,0.927875,0.834209,0.954688,0.841246,233,3,2196
2026/02/04/01:46:43,5540.347633,0.926156,0.830587,0.952969,0.837624,232,3,2197
2026/02/04/01:46:44,5541.347768,0.929562,0.832587,0.956375,0.839624,234,3,2198
2026/02/04/01:46:45,5542.347863,0.929562,0.832587,0.956375,0.839624,234,3,2198
2026/02/04/01:46:46,5543.347964,0.926344,0.820485,0.953156,0.827522,233,3,2199
2026/02/04/01:46:47,5544.348093,0.937969,0.838819,0.964781,0.845856,238,3,2200
2026/02/04/01:46:48,5545.348166,0.933094,0.833105,0.959906,0.840142,235,3,2203
2026/02/04/01:46:49,5546.348258,0.922031,0.828307,0.948844,0.835345,233,3,2205
2026/02/04/01:46:50,5547.348407,0.920031,0.823372,0.946844,0.830409,232,3,2206
2026/02/04/01:46:51,5548.348477,0.920031,0.823372,0.946844,0.830409,232,3,2206
2026/02/04/01:46:52,5549.348583,0.920031,0.823372,0.920031,0.823372,232,0,2206
2026/02/04/01:46:53,5550.348633,0.920031,0.823372,0.920031,0.823372,232,0,2206
2026/02/04/01:46:54,5551.348727,0.920031,0.823372,0.920031,0.823372,232,0,2206
2026/02/04/01:46:55,5552.348830,0.920031,0.823372,0.920031,0.823372,232,0,2206
2026/02/04/01:46:56,5553.348910,0.920031,0.823372,0.920031,0.823372,232,0,2206
2026/02/04/01:46:57,5554.348999,0.911312,0.806249,0.911312,0.806249,229,0,2209
2026/02/04/01:46:58,5555.349095,0.911312,0.806249,0.911312,0.806249,229,0,2209
2026/02/04/01:46:59,5556.349194,0.911312,0.806249,0.911312,0.806249,229,0,2209
2026/02/04/01:47:00,5557.349314,0.911312,0.806249,0.911312,0.806249,229,0,2209
2026/02/04/01:47:01,5558.349403,0.911312,0.806249,0.911312,0.806249,229,0,2209
2026/02/04/01:47:02,5559.349488,0.911312,0.806249,0.911312,0.806249,229,0,2209
2026/02/04/01:47:03,5560.349643,0.911312,0.806249,0.911312,0.806249,229,0,2209
2026/02/04/01:47:04,5561.349744,0.911312,0.806249,0.911312,0.806249,229,0,2209
2026/02/04/01:47:05,5562.349820,0.906312,0.802993,0.906312,0.802993,227,0,2211
2026/02/04/01:47:06,5563.349920,0.906312,0.802993,0.906312,0.802993,227,0,2211
2026/02/04/01:47:07,5564.350078,0.906312,0.802993,0.906312,0.802993,227,0,2211
2026/02/04/01:47:08,5565.350146,0.906312,0.802993,0.906312,0.802993,227,0,2211
2026/02/04/01:47:09,5566.350258,0.903563,0.800615,0.903563,0.800615,226,0,2212
2026/02/04/01:47:10,5567.350405,0.903563,0.800615,0.903563,0.800615,226,0,2212
2026/02/04/01:47:11,5568.350497,0.892563,0.796215,0.892563,0.796215,224,0,2214
2026/02/04/01:47:12,5569.350593,0.892563,0.796215,0.892563,0.796215,224,0,2214
2026/02/04/01:47:13,5570.350724,0.892563,0.796215,0.892563,0.796215,224,0,2214
2026/02/04/01:47:14,5571.350814,0.892563,0.796215,0.892563,0.796215,224,0,2214
2026/02/04/01:47:15,5572.350901,0.892563,0.796215,0.892563,0.796215,224,0,2214
2026/02/04/01:47:16,5573.351001,0.892563,0.796215,0.892563,0.796215,224,0,2214
2026/02/04/01:47:17,5574.351151,0.892563,0.796215,0.892563,0.796215,224,0,2214
2026/02/04/01:47:18,5575.351240,0.892563,0.796215,0.892563,0.796215,224,0,2214
2026/02/04/01:47:19,5576.351339,0.892563,0.796215,0.892563,0.796215,224,0,2214
2026/02/04/01:47:20,5577.351411,0.892563,0.796215,0.892563,0.796215,224,0,2214
2026/02/04/01:47:21,5578.351505,0.892563,0.796215,0.892563,0.796215,224,0,2214
2026/02/04/01:47:22,5579.351659,0.892563,0.796215,0.892563,0.796215,224,0,2214
2026/02/04/01:47:23,5580.351754,0.887531,0.794626,0.887531,0.794626,223,0,2215
2026/02/04/01:47:24,5581.351908,0.887531,0.794626,0.887531,0.794626,223,0,2215
2026/02/04/01:47:25,5582.352012,0.887531,0.794626,0.887531,0.794626,223,0,2215
2026/02/04/01:47:26,5583.352158,0.887531,0.794626,0.887531,0.794626,223,0,2215
2026/02/04/01:47:27,5584.352200,0.887531,0.794626,0.887531,0.794626,223,0,2215
2026/02/04/01:47:28,5585.352283,0.887531,0.794626,0.887531,0.794626,223,0,2215
2026/02/04/01:47:29,5586.352360,0.887531,0.794626,0.887531,0.794626,223,0,2215
2026/02/04/01:47:30,5587.352520,0.887531,0.794626,0.887531,0.794626,223,0,2215
2026/02/04/01:47:31,5588.352676,0.882094,0.780845,0.882094,0.780845,220,0,2218
2026/02/04/01:47:32,5589.352765,0.882094,0.780845,0.882094,0.780845,220,0,2218
2026/02/04/01:47:33,5590.352853,0.880344,0.778285,0.880344,0.778285,219,0,2219
2026/02/04/01:47:34,5591.352942,0.873719,0.767725,0.873719,0.767725,217,0,2221
2026/02/04/01:47:35,5592.353045,0.873719,0.767725,0.873719,0.767725,217,0,2221
2026/02/04/01:47:36,5593.353206,0.873719,0.767725,0.873719,0.767725,217,0,2221
2026/02/04/01:47:37,5594.353309,0.873719,0.767725,0.873719,0.767725,217,0,2221
2026/02/04/01:47:38,5595.353450,0.873719,0.767725,0.873719,0.767725,217,0,2221
2026/02/04/01:47:39,5596.353543,0.873719,0.767725,0.873719,0.767725,217,0,2221
2026/02/04/01:47:40,5597.353621,0.892594,0.774694,0.892594,0.774694,221,0,2221
2026/02/04/01:47:41,5598.353777,0.913563,0.810798,0.933250,0.814451,227,2,2221
2026/02/04/01:47:42,5599.353869,0.922188,0.818451,0.941875,0.822104,230,2,2221
2026/02/04/01:47:43,5600.353976,0.922188,0.818451,0.941875,0.822104,230,2,2221
2026/02/04/01:47:44,5601.354087,0.922188,0.818451,0.941875,0.822104,230,2,2221
2026/02/04/01:47:45,5602.354191,0.922188,0.818451,0.941875,0.822104,230,2,2221
2026/02/04/01:47:46,5603.354304,0.922188,0.818451,0.941875,0.822104,230,2,2221
2026/02/04/01:47:47,5604.354348,0.922188,0.818451,0.941875,0.822104,230,2,2221
2026/02/04/01:47:48,5605.354442,0.919063,0.816652,0.938750,0.820305,229,2,2222
2026/02/04/01:47:49,5606.354522,0.919063,0.816652,0.938750,0.820305,229,2,2222
2026/02/04/01:47:50,5607.354684,0.912594,0.811893,0.932281,0.815546,226,2,2225
2026/02/04/01:47:51,5608.354776,0.910844,0.808567,0.930531,0.812220,225,2,2226
2026/02/04/01:47:52,5609.354866,0.910844,0.808567,0.930531,0.812220,225,2,2226
2026/02/04/01:47:53,5610.354958,0.922906,0.836018,0.973719,0.843560,231,4,2226
2026/02/04/01:47:54,5611.355043,0.922906,0.836018,0.973719,0.843560,231,4,2226
2026/02/04/01:47:55,5612.355150,0.922906,0.836018,0.973719,0.843560,231,4,2226
2026/02/04/01:47:56,5613.355318,0.913219,0.815042,0.964031,0.822584,228,4,2229
2026/02/04/01:47:57,5614.355417,0.913219,0.815042,0.964031,0.822584,228,4,2229
2026/02/04/01:47:58,5615.355572,0.913219,0.815042,0.964031,0.822584,228,4,2229
2026/02/04/01:47:59,5616.355663,0.913219,0.815042,0.964031,0.822584,228,4,2229
2026/02/04/01:48:00,5617.355752,0.913219,0.815042,0.964031,0.822584,228,4,2229
2026/02/04/01:48:01,5618.355903,0.913219,0.815042,0.964031,0.822584,228,4,2229
2026/02/04/01:48:02,5619.356001,0.918781,0.813776,0.928625,0.815602,228,1,2230
2026/02/04/01:48:03,5620.356086,0.918781,0.813776,0.928625,0.815602,228,1,2230
2026/02/04/01:48:04,5621.356190,0.915813,0.804471,0.925656,0.806298,227,1,2231
2026/02/04/01:48:05,5622.356297,0.913312,0.802819,0.923156,0.804646,226,1,2232
2026/02/04/01:48:06,5623.356357,0.913312,0.802819,0.923156,0.804646,226,1,2232
2026/02/04/01:48:07,5624.356450,0.913312,0.802819,0.923156,0.804646,226,1,2232
2026/02/04/01:48:08,5625.356617,0.913312,0.802819,0.923156,0.804646,226,1,2232
2026/02/04/01:48:09,5626.356708,0.909188,0.797893,0.919031,0.799720,224,1,2234
2026/02/04/01:48:10,5627.356807,0.909188,0.797893,0.919031,0.799720,224,1,2234
2026/02/04/01:48:11,5628.356896,0.909188,0.797893,0.919031,0.799720,224,1,2234
2026/02/04/01:48:12,5629.357063,0.909188,0.797893,0.919031,0.799720,224,1,2234
2026/02/04/01:48:13,5630.357153,0.909188,0.797893,0.919031,0.799720,224,1,2234
2026/02/04/01:48:14,5631.357240,0.882375,0.777967,0.882375,0.777967,219,0,2240
2026/02/04/01:48:15,5632.357357,0.877125,0.774555,0.877125,0.774555,217,0,2242
2026/02/04/01:48:16,5633.357475,0.877125,0.774555,0.877125,0.774555,217,0,2242
2026/02/04/01:48:17,5634.357573,0.877125,0.774555,0.877125,0.774555,217,0,2242
2026/02/04/01:48:18,5635.357667,0.877125,0.774555,0.877125,0.774555,217,0,2242
2026/02/04/01:48:19,5636.357767,0.877125,0.774555,0.877125,0.774555,217,0,2242
2026/02/04/01:48:20,5637.357861,0.877125,0.774555,0.877125,0.774555,217,0,2242
2026/02/04/01:48:21,5638.357955,0.877125,0.774555,0.877125,0.774555,217,0,2242
2026/02/04/01:48:22,5639.358062,0.877125,0.774555,0.877125,0.774555,217,0,2242
2026/02/04/01:48:23,5640.358204,0.877125,0.774555,0.877125,0.774555,217,0,2242
2026/02/04/01:48:24,5641.358346,0.877125,0.774555,0.877125,0.774555,217,0,2242
2026/02/04/01:48:25,5642.358446,0.906969,0.801917,0.916781,0.806050,226,1,2242
2026/02/04/01:48:26,5643.358528,0.908625,0.805049,0.918438,0.809182,227,1,2242
2026/02/04/01:48:27,5644.358607,0.908625,0.805049,0.918438,0.809182,227,1,2242
2026/02/04/01:48:28,5645.358704,0.889000,0.787564,0.889000,0.787564,221,0,2248
2026/02/04/01:48:29,5646.358799,0.880437,0.780820,0.880437,0.780820,219,0,2250
2026/02/04/01:48:30,5647.358954,0.891031,0.793932,0.891031,0.793932,223,0,2250
2026/02/04/01:48:31,5648.359044,0.891031,0.793932,0.891031,0.793932,223,0,2250
2026/02/04/01:48:32,5649.359138,0.884281,0.786627,0.884281,0.786627,220,0,2253
2026/02/04/01:48:33,5650.359290,0.902656,0.797365,0.902656,0.797365,224,0,2253
2026/02/04/01:48:34,5651.359416,0.902656,0.797365,0.902656,0.797365,224,0,2253
2026/02/04/01:48:35,5652.359510,0.902656,0.797365,0.902656,0.797365,224,0,2253
2026/02/04/01:48:36,5653.359600,0.890781,0.778806,0.890781,0.778806,220,0,2257
2026/02/04/01:48:37,5654.359694,0.890781,0.778806,0.890781,0.778806,220,0,2257
2026/02/04/01:48:38,5655.359771,0.890781,0.778806,0.890781,0.778806,220,0,2257
2026/02/04/01:48:39,5656.359871,0.890781,0.778806,0.890781,0.778806,220,0,2257
2026/02/04/01:48:40,5657.360029,0.892687,0.782681,0.892687,0.782681,221,0,2257
2026/02/04/01:48:41,5658.360069,0.892687,0.782681,0.892687,0.782681,221,0,2257
2026/02/04/01:48:42,5659.360159,0.887062,0.778331,0.887062,0.778331,219,0,2259
2026/02/04/01:48:43,5660.360247,0.887062,0.778331,0.887062,0.778331,219,0,2259
2026/02/04/01:48:44,5661.360353,0.887062,0.778331,0.887062,0.778331,219,0,2259
2026/02/04/01:48:45,5662.360437,0.889531,0.783428,0.902719,0.786353,220,1,2259
2026/02/04/01:48:46,5663.360549,0.886437,0.779636,0.899625,0.782560,219,1,2260
2026/02/04/01:48:47,5664.360630,0.886437,0.779636,0.899625,0.782560,219,1,2260
2026/02/04/01:48:48,5665.360731,0.906844,0.791800,0.906844,0.791800,222,0,2262
2026/02/04/01:48:49,5666.360823,0.894719,0.786915,0.894719,0.786915,220,0,2264
2026/02/04/01:48:50,5667.360909,0.894719,0.786915,0.894719,0.786915,220,0,2264
2026/02/04/01:48:51,5668.361012,0.894719,0.786915,0.894719,0.786915,220,0,2264
2026/02/04/01:48:52,5669.361101,0.886094,0.779262,0.886094,0.779262,217,0,2267
2026/02/04/01:48:53,5670.361191,0.886094,0.779262,0.886094,0.779262,217,0,2267
2026/02/04/01:48:54,5671.361309,0.884406,0.776799,0.884406,0.776799,216,0,2268
2026/02/04/01:48:55,5672.361325,0.882500,0.772925,0.882500,0.772925,215,0,2269
2026/02/04/01:48:56,5673.361408,0.870094,0.770715,0.870094,0.770715,214,0,2270
2026/02/04/01:48:57,5674.361575,0.870094,0.770715,0.870094,0.770715,214,0,2270
2026/02/04/01:48:58,5675.361664,0.870094,0.770715,0.870094,0.770715,214,0,2270
2026/02/04/01:48:59,5676.361757,0.866062,0.768952,0.866062,0.768952,213,0,2271
2026/02/04/01:49:00,5677.361831,0.864156,0.765769,0.864156,0.765769,212,0,2272
2026/02/04/01:49:01,5678.361925,0.864156,0.765769,0.864156,0.765769,212,0,2272
2026/02/04/01:49:02,5679.362015,0.864156,0.765769,0.864156,0.765769,212,0,2272
2026/02/04/01:49:03,5680.362082,0.864156,0.765769,0.864156,0.765769,212,0,2272
2026/02/04/01:49:04,5681.362196,0.864156,0.765769,0.864156,0.765769,212,0,2272
2026/02/04/01:49:05,5682.362355,0.864156,0.765769,0.864156,0.765769,212,0,2272
2026/02/04/01:49:06,5683.362449,0.864156,0.765769,0.864156,0.765769,212,0,2272
2026/02/04/01:49:07,5684.362547,0.864156,0.765769,0.864156,0.765769,212,0,2272
2026/02/04/01:49:08,5685.362652,0.864156,0.765769,0.864156,0.765769,212,0,2272
2026/02/04/01:49:09,5686.362771,0.861688,0.760672,0.861688,0.760672,211,0,2273
2026/02/04/01:49:10,5687.362855,0.861688,0.760672,0.861688,0.760672,211,0,2273
2026/02/04/01:49:11,5688.362950,0.843688,0.746468,0.843688,0.746468,208,0,2276
2026/02/04/01:49:12,5689.363055,0.843688,0.746468,0.843688,0.746468,208,0,2276
2026/02/04/01:49:13,5690.363138,0.843688,0.746468,0.843688,0.746468,208,0,2276
2026/02/04/01:49:14,5691.363305,0.843688,0.746468,0.843688,0.746468,208,0,2276
2026/02/04/01:49:15,5692.363432,0.843688,0.746468,0.843688,0.746468,208,0,2276
2026/02/04/01:49:16,5693.363522,0.837375,0.742757,0.837375,0.742757,207,0,2277
2026/02/04/01:49:17,5694.363612,0.837375,0.742757,0.837375,0.742757,207,0,2277
2026/02/04/01:49:18,5695.363701,0.837375,0.742757,0.837375,0.742757,207,0,2277
2026/02/04/01:49:19,5696.363868,0.837375,0.742757,0.837375,0.742757,207,0,2277
2026/02/04/01:49:20,5697.364027,0.837375,0.742757,0.837375,0.742757,207,0,2277
2026/02/04/01:49:21,5698.364068,0.837375,0.742757,0.837375,0.742757,207,0,2277
2026/02/04/01:49:22,5699.364154,0.837375,0.742757,0.837375,0.742757,207,0,2277
2026/02/04/01:49:23,5700.364242,0.837375,0.742757,0.837375,0.742757,207,0,2277
2026/02/04/01:49:24,5701.364364,0.837375,0.742757,0.837375,0.742757,207,0,2277
2026/02/04/01:49:25,5702.364453,0.837375,0.742757,0.837375,0.742757,207,0,2277
2026/02/04/01:49:26,5703.364553,0.850375,0.751872,0.850375,0.751872,211,0,2277
2026/02/04/01:49:27,5704.364641,0.850375,0.751872,0.850375,0.751872,211,0,2277
2026/02/04/01:49:28,5705.364731,0.850375,0.751872,0.850375,0.751872,211,0,2277
2026/02/04/01:49:29,5706.364844,0.832031,0.705079,0.832031,0.705079,204,0,2284
2026/02/04/01:49:30,5707.364989,0.853500,0.723835,0.853500,0.723835,209,0,2284
2026/02/04/01:49:31,5708.365098,0.860344,0.731024,0.860344,0.731024,212,0,2284
2026/02/04/01:49:32,5709.365251,0.860344,0.731024,0.860344,0.731024,212,0,2284
2026/02/04/01:49:33,5710.365361,0.851625,0.728618,0.851625,0.728618,211,0,2285
2026/02/04/01:49:34,5711.365505,0.850031,0.725296,0.850031,0.725296,210,0,2286
2026/02/04/01:49:35,5712.365635,0.847469,0.718474,0.847469,0.718474,209,0,2287
2026/02/04/01:49:36,5713.365795,0.842219,0.714607,0.842219,0.714607,207,0,2289
2026/02/04/01:49:37,5714.365978,0.842219,0.714607,0.842219,0.714607,207,0,2289
2026/02/04/01:49:38,5715.366131,0.842219,0.714607,0.842219,0.714607,207,0,2289
2026/02/04/01:49:39,5716.366321,0.842219,0.714607,0.842219,0.714607,207,0,2289
2026/02/04/01:49:40,5717.366454,0.822531,0.710954,0.822531,0.710954,205,0,2291
2026/02/04/01:49:41,5718.366605,0.822531,0.710954,0.822531,0.710954,205,0,2291
2026/02/04/01:49:42,5719.366695,0.815469,0.706884,0.815469,0.706884,204,0,2292
2026/02/04/01:49:43,5720.366854,0.815469,0.706884,0.815469,0.706884,204,0,2292
2026/02/04/01:49:44,5721.366939,0.815469,0.706884,0.815469,0.706884,204,0,2292
2026/02/04/01:49:45,5722.367021,0.815469,0.706884,0.815469,0.706884,204,0,2292
2026/02/04/01:49:46,5723.367195,0.815469,0.706884,0.815469,0.706884,204,0,2292
2026/02/04/01:49:47,5724.367297,0.815469,0.706884,0.815469,0.706884,204,0,2292
2026/02/04/01:49:48,5725.367448,0.815469,0.706884,0.815469,0.706884,204,0,2292
2026/02/04/01:49:49,5726.367563,0.815469,0.706884,0.815469,0.706884,204,0,2292
2026/02/04/01:49:50,5727.367703,0.815469,0.706884,0.815469,0.706884,204,0,2292
2026/02/04/01:49:51,5728.367793,0.815469,0.706884,0.815469,0.706884,204,0,2292
2026/02/04/01:49:52,5729.367947,0.815469,0.706884,0.815469,0.706884,204,0,2292
2026/02/04/01:49:53,5730.368043,0.815469,0.706884,0.815469,0.706884,204,0,2292
2026/02/04/01:49:54,5731.368136,0.815469,0.706884,0.815469,0.706884,204,0,2292
2026/02/04/01:49:55,5732.368229,0.815469,0.706884,0.815469,0.706884,204,0,2292
2026/02/04/01:49:56,5733.368382,0.815469,0.706884,0.815469,0.706884,204,0,2292
2026/02/04/01:49:57,5734.368585,0.815469,0.706884,0.815469,0.706884,204,0,2292
2026/02/04/01:49:58,5735.368658,0.815469,0.706884,0.815469,0.706884,204,0,2292
2026/02/04/01:49:59,5736.368759,0.815469,0.706884,0.815469,0.706884,204,0,2292
2026/02/04/01:50:00,5737.368851,0.815469,0.706884,0.815469,0.706884,204,0,2292
2026/02/04/01:50:01,5738.368949,0.815469,0.706884,0.815469,0.706884,204,0,2292
2026/02/04/01:50:02,5739.369052,0.815469,0.706884,0.815469,0.706884,204,0,2292
2026/02/04/01:50:03,5740.369150,0.815469,0.706884,0.815469,0.706884,204,0,2292
2026/02/04/01:50:04,5741.369236,0.815469,0.706884,0.815469,0.706884,204,0,2292
2026/02/04/01:50:05,5742.369331,0.815469,0.706884,0.815469,0.706884,204,0,2292
2026/02/04/01:50:06,5743.369437,0.815469,0.706884,0.815469,0.706884,204,0,2292
2026/02/04/01:50:07,5744.369583,0.815469,0.706884,0.815469,0.706884,204,0,2292
2026/02/04/01:50:08,5745.369675,0.815469,0.706884,0.815469,0.706884,204,0,2292
2026/02/04/01:50:09,5746.369765,0.806187,0.695322,0.806187,0.695322,201,0,2295
2026/02/04/01:50:10,5747.369845,0.806187,0.695322,0.806187,0.695322,201,0,2295
2026/02/04/01:50:11,5748.369930,0.806187,0.695322,0.806187,0.695322,201,0,2295
2026/02/04/01:50:12,5749.370048,0.806187,0.695322,0.806187,0.695322,201,0,2295
2026/02/04/01:50:13,5750.370136,0.806187,0.695322,0.806187,0.695322,201,0,2295
2026/02/04/01:50:14,5751.370323,0.821031,0.705175,0.821031,0.705175,205,0,2295
2026/02/04/01:50:15,5752.370386,0.842688,0.731263,0.842688,0.731263,212,0,2295
2026/02/04/01:50:16,5753.370592,0.840875,0.726597,0.840875,0.726597,211,0,2296
2026/02/04/01:50:17,5754.370685,0.840875,0.726597,0.840875,0.726597,211,0,2296
2026/02/04/01:50:18,5755.370779,0.834781,0.724889,0.834781,0.724889,210,0,2297
2026/02/04/01:50:19,5756.370929,0.821906,0.713906,0.821906,0.713906,206,0,2301
2026/02/04/01:50:20,5757.371029,0.815500,0.705215,0.815500,0.705215,205,0,2302
2026/02/04/01:50:21,5758.371140,0.812906,0.701993,0.812906,0.701993,204,0,2303
2026/02/04/01:50:22,5759.371182,0.812906,0.701993,0.812906,0.701993,204,0,2303
2026/02/04/01:50:23,5760.371290,0.807469,0.691631,0.807469,0.691631,201,0,2306
2026/02/04/01:50:24,5761.371425,0.807469,0.691631,0.807469,0.691631,201,0,2306
2026/02/04/01:50:25,5762.371518,0.807469,0.691631,0.807469,0.691631,201,0,2306
2026/02/04/01:50:26,5763.371666,0.807469,0.691631,0.807469,0.691631,201,0,2306
2026/02/04/01:50:27,5764.371814,0.807469,0.691631,0.807469,0.691631,201,0,2306
2026/02/04/01:50:28,5765.371906,0.807469,0.691631,0.807469,0.691631,201,0,2306
2026/02/04/01:50:29,5766.371987,0.807469,0.691631,0.807469,0.691631,201,0,2306
2026/02/04/01:50:30,5767.372065,0.807469,0.691631,0.807469,0.691631,201,0,2306
2026/02/04/01:50:31,5768.372244,0.807469,0.691631,0.807469,0.691631,201,0,2306
2026/02/04/01:50:32,5769.372344,0.807469,0.691631,0.807469,0.691631,201,0,2306
2026/02/04/01:50:33,5770.372492,0.822937,0.696867,0.822937,0.696867,202,0,2306
2026/02/04/01:50:34,5771.372641,0.857250,0.731988,0.859969,0.734424,215,1,2306
2026/02/04/01:50:35,5772.372722,0.866375,0.745638,0.866375,0.745638,219,0,2306
2026/02/04/01:50:36,5773.372798,0.862938,0.740620,0.862938,0.740620,217,0,2308
2026/02/04/01:50:37,5774.372959,0.850344,0.720271,0.850344,0.720271,212,0,2313
2026/02/04/01:50:38,5775.373116,0.850344,0.720271,0.850344,0.720271,212,0,2313
2026/02/04/01:50:39,5776.373202,0.850344,0.720271,0.850344,0.720271,212,0,2313
2026/02/04/01:50:40,5777.373392,0.850344,0.720271,0.850344,0.720271,212,0,2313
2026/02/04/01:50:41,5778.373480,0.850344,0.720271,0.850344,0.720271,212,0,2313
2026/02/04/01:50:42,5779.373587,0.842187,0.712962,0.842187,0.712962,209,0,2316
2026/02/04/01:50:43,5780.373671,0.842187,0.712962,0.842187,0.712962,209,0,2316
2026/02/04/01:50:44,5781.373765,0.842187,0.712962,0.842187,0.712962,209,0,2316
2026/02/04/01:50:45,5782.373862,0.842187,0.712962,0.842187,0.712962,209,0,2316
2026/02/04/01:50:46,5783.373970,0.842187,0.712962,0.842187,0.712962,209,0,2316
2026/02/04/01:50:47,5784.374050,0.842187,0.712962,0.842187,0.712962,209,0,2316
2026/02/04/01:50:48,5785.374202,0.842187,0.712962,0.842187,0.712962,209,0,2316
2026/02/04/01:50:49,5786.374314,0.835719,0.705956,0.835719,0.705956,206,0,2319
2026/02/04/01:50:50,5787.374326,0.835719,0.705956,0.835719,0.705956,206,0,2319
2026/02/04/01:50:51,5788.374485,0.835719,0.705956,0.835719,0.705956,206,0,2319
2026/02/04/01:50:52,5789.374557,0.825125,0.701132,0.825125,0.701132,203,0,2322
2026/02/04/01:50:53,5790.374662,0.825125,0.701132,0.825125,0.701132,203,0,2322
2026/02/04/01:50:54,5791.374770,0.825125,0.701132,0.825125,0.701132,203,0,2322
2026/02/04/01:50:55,5792.374851,0.825125,0.701132,0.825125,0.701132,203,0,2322
2026/02/04/01:50:56,5793.374942,0.825125,0.701132,0.825125,0.701132,203,0,2322
2026/02/04/01:50:57,5794.375095,0.825125,0.701132,0.825125,0.701132,203,0,2322
2026/02/04/01:50:58,5795.375189,0.825125,0.701132,0.825125,0.701132,203,0,2322
2026/02/04/01:50:59,5796.375317,0.817000,0.696758,0.817000,0.696758,201,0,2324
2026/02/04/01:51:00,5797.375391,0.817000,0.696758,0.817000,0.696758,201,0,2324
2026/02/04/01:51:01,5798.375469,0.817000,0.696758,0.817000,0.696758,201,0,2324
2026/02/04/01:51:02,5799.375581,0.817000,0.696758,0.817000,0.696758,201,0,2324
2026/02/04/01:51:03,5800.375681,0.817000,0.696758,0.817000,0.696758,201,0,2324
2026/02/04/01:51:04,5801.375772,0.817000,0.696758,0.817000,0.696758,201,0,2324
2026/02/04/01:51:05,5802.375843,0.817000,0.696758,0.817000,0.696758,201,0,2324
2026/02/04/01:51:06,5803.375998,0.817000,0.696758,0.817000,0.696758,201,0,2324
2026/02/04/01:51:07,5804.376093,0.817000,0.696758,0.817000,0.696758,201,0,2324
2026/02/04/01:51:08,5805.376169,0.817000,0.696758,0.817000,0.696758,201,0,2324
2026/02/04/01:51:09,5806.376364,0.856437,0.740939,0.871062,0.743391,214,1,2324
2026/02/04/01:51:10,5807.376511,0.856437,0.740939,0.871062,0.743391,214,1,2324
2026/02/04/01:51:11,5808.376605,0.831875,0.724024,0.846500,0.726476,208,1,2330
2026/02/04/01:51:12,5809.376761,0.843719,0.724366,0.843719,0.724366,208,0,2331
2026/02/04/01:51:13,5810.376860,0.892969,0.754324,0.898594,0.757512,219,1,2332
2026/02/04/01:51:14,5811.376956,0.904031,0.761659,0.904031,0.761659,222,0,2332
2026/02/04/01:51:15,5812.377051,0.904031,0.761659,0.904031,0.761659,222,0,2332
2026/02/04/01:51:16,5813.377129,0.904031,0.761659,0.904031,0.761659,222,0,2332
2026/02/04/01:51:17,5814.377240,0.904031,0.761659,0.904031,0.761659,222,0,2332
2026/02/04/01:51:18,5815.377389,0.922781,0.772843,0.925156,0.776247,226,1,2334
2026/02/04/01:51:19,5816.377480,0.918125,0.766669,0.918125,0.766669,224,0,2338
2026/02/04/01:51:20,5817.377569,0.915219,0.764580,0.915219,0.764580,223,0,2339
2026/02/04/01:51:21,5818.377743,0.915219,0.764580,0.915219,0.764580,223,0,2339
2026/02/04/01:51:22,5819.377790,0.906656,0.759909,0.906656,0.759909,221,0,2341
2026/02/04/01:51:23,5820.377926,0.906656,0.759909,0.906656,0.759909,221,0,2341
2026/02/04/01:51:24,5821.378035,0.906656,0.759909,0.906656,0.759909,221,0,2341
2026/02/04/01:51:25,5822.378140,0.906656,0.759909,0.906656,0.759909,221,0,2341
2026/02/04/01:51:26,5823.378303,0.903563,0.758138,0.903563,0.758138,220,0,2342
2026/02/04/01:51:27,5824.378404,0.888094,0.752902,0.888094,0.752902,219,0,2343
2026/02/04/01:51:28,5825.378508,0.888094,0.752902,0.888094,0.752902,219,0,2343
2026/02/04/01:51:29,5826.378654,0.888094,0.752902,0.888094,0.752902,219,0,2343
2026/02/04/01:51:30,5827.378746,0.870250,0.738235,0.870250,0.738235,214,0,2348
2026/02/04/01:51:31,5828.378816,0.870250,0.738235,0.870250,0.738235,214,0,2348
2026/02/04/01:51:32,5829.378937,0.870250,0.738235,0.870250,0.738235,214,0,2348
2026/02/04/01:51:33,5830.379014,0.870250,0.738235,0.870250,0.738235,214,0,2348
2026/02/04/01:51:34,5831.379109,0.844750,0.726254,0.844750,0.726254,209,0,2353
2026/02/04/01:51:35,5832.379190,0.844750,0.726254,0.844750,0.726254,209,0,2353
2026/02/04/01:51:36,5833.379305,0.842969,0.724000,0.842969,0.724000,208,0,2354
2026/02/04/01:51:37,5834.379335,0.842969,0.724000,0.842969,0.724000,208,0,2354
2026/02/04/01:51:38,5835.379441,0.839094,0.713598,0.839094,0.713598,206,0,2356
2026/02/04/01:51:39,5836.379552,0.839094,0.713598,0.839094,0.713598,206,0,2356
2026/02/04/01:51:40,5837.379637,0.839094,0.713598,0.839094,0.713598,206,0,2356
2026/02/04/01:51:41,5838.379706,0.839094,0.713598,0.839094,0.713598,206,0,2356
2026/02/04/01:51:42,5839.379808,0.839094,0.713598,0.839094,0.713598,206,0,2356
2026/02/04/01:51:43,5840.379902,0.839094,0.713598,0.839094,0.713598,206,0,2356
2026/02/04/01:51:44,5841.380004,0.839094,0.713598,0.839094,0.713598,206,0,2356
2026/02/04/01:51:45,5842.380152,0.839094,0.713598,0.839094,0.713598,206,0,2356
2026/02/04/01:51:46,5843.380208,0.839094,0.713598,0.839094,0.713598,206,0,2356
2026/02/04/01:51:47,5844.380407,0.839094,0.713598,0.839094,0.713598,206,0,2356
2026/02/04/01:51:48,5845.380560,0.839094,0.713598,0.839094,0.713598,206,0,2356
2026/02/04/01:51:49,5846.380644,0.839094,0.713598,0.839094,0.713598,206,0,2356
2026/02/04/01:51:50,5847.380725,0.839094,0.713598,0.839094,0.713598,206,0,2356
2026/02/04/01:51:51,5848.380833,0.842719,0.731068,0.842719,0.731068,208,0,2356
2026/02/04/01:51:52,5849.380921,0.842719,0.731068,0.842719,0.731068,208,0,2356
2026/02/04/01:51:53,5850.381074,0.842719,0.731068,0.842719,0.731068,208,0,2356
2026/02/04/01:51:54,5851.381228,0.834000,0.709986,0.834000,0.709986,205,0,2359
2026/02/04/01:51:55,5852.381330,0.862437,0.742944,0.862437,0.742944,214,0,2359
2026/02/04/01:51:56,5853.381416,0.862437,0.742944,0.862437,0.742944,214,0,2359
2026/02/04/01:51:57,5854.381574,0.862437,0.742944,0.862437,0.742944,214,0,2359
2026/02/04/01:51:58,5855.381724,0.862437,0.742944,0.862437,0.742944,214,0,2359
2026/02/04/01:51:59,5856.381897,0.860781,0.740707,0.860781,0.740707,213,0,2360
2026/02/04/01:52:00,5857.382041,0.860781,0.740707,0.860781,0.740707,213,0,2360
2026/02/04/01:52:01,5858.382100,0.860781,0.740707,0.860781,0.740707,213,0,2360
2026/02/04/01:52:02,5859.382179,0.860781,0.740707,0.860781,0.740707,213,0,2360
2026/02/04/01:52:03,5860.382283,0.856219,0.735078,0.856219,0.735078,211,0,2362
2026/02/04/01:52:04,5861.382420,0.856219,0.735078,0.856219,0.735078,211,0,2362
2026/02/04/01:52:05,5862.382509,0.854500,0.727004,0.854500,0.727004,210,0,2363
2026/02/04/01:52:06,5863.382663,0.854500,0.727004,0.854500,0.727004,210,0,2363
2026/02/04/01:52:07,5864.382748,0.839625,0.720085,0.839625,0.720085,207,0,2366
2026/02/04/01:52:08,5865.382845,0.839625,0.720085,0.839625,0.720085,207,0,2366
2026/02/04/01:52:09,5866.382942,0.839625,0.720085,0.839625,0.720085,207,0,2366
2026/02/04/01:52:10,5867.383043,0.839625,0.720085,0.839625,0.720085,207,0,2366
2026/02/04/01:52:11,5868.383104,0.839625,0.720085,0.839625,0.720085,207,0,2366
2026/02/04/01:52:12,5869.383296,0.832125,0.707382,0.832125,0.707382,204,0,2369
2026/02/04/01:52:13,5870.383350,0.832125,0.707382,0.832125,0.707382,204,0,2369
2026/02/04/01:52:14,5871.383471,0.832125,0.707382,0.832125,0.707382,204,0,2369
2026/02/04/01:52:15,5872.383570,0.832125,0.707382,0.832125,0.707382,204,0,2369
2026/02/04/01:52:16,5873.383654,0.832125,0.707382,0.832125,0.707382,204,0,2369
2026/02/04/01:52:17,5874.383804,0.832125,0.707382,0.832125,0.707382,204,0,2369
2026/02/04/01:52:18,5875.383943,0.832125,0.707382,0.832125,0.707382,204,0,2369
2026/02/04/01:52:19,5876.384093,0.832125,0.707382,0.832125,0.707382,204,0,2369
2026/02/04/01:52:20,5877.384241,0.832125,0.707382,0.832125,0.707382,204,0,2369
2026/02/04/01:52:21,5878.384404,0.832125,0.707382,0.832125,0.707382,204,0,2369
2026/02/04/01:52:22,5879.384507,0.832125,0.707382,0.832125,0.707382,204,0,2369
2026/02/04/01:52:23,5880.384593,0.832125,0.707382,0.832125,0.707382,204,0,2369
2026/02/04/01:52:24,5881.384683,0.832125,0.707382,0.832125,0.707382,204,0,2369
2026/02/04/01:52:25,5882.384787,0.832125,0.707382,0.832125,0.707382,204,0,2369
2026/02/04/01:52:26,5883.384945,0.832125,0.707382,0.832125,0.707382,204,0,2369
2026/02/04/01:52:27,5884.385038,0.832125,0.707382,0.832125,0.707382,204,0,2369
2026/02/04/01:52:28,5885.385140,0.832125,0.707382,0.832125,0.707382,204,0,2369
2026/02/04/01:52:29,5886.385229,0.832125,0.707382,0.832125,0.707382,204,0,2369
2026/02/04/01:52:30,5887.385386,0.832125,0.707382,0.832125,0.707382,204,0,2369
2026/02/04/01:52:31,5888.385467,0.832125,0.707382,0.832125,0.707382,204,0,2369
2026/02/04/01:52:32,5889.385565,0.832125,0.707382,0.832125,0.707382,204,0,2369
2026/02/04/01:52:33,5890.385654,0.832125,0.707382,0.832125,0.707382,204,0,2369
2026/02/04/01:52:34,5891.385808,0.832125,0.707382,0.832125,0.707382,204,0,2369
2026/02/04/01:52:35,5892.385906,0.832125,0.707382,0.832125,0.707382,204,0,2369
2026/02/04/01:52:36,5893.385989,0.833875,0.711053,0.833875,0.711053,205,0,2369
2026/02/04/01:52:37,5894.386085,0.864969,0.757503,0.910344,0.767310,213,4,2369
2026/02/04/01:52:38,5895.386171,0.864969,0.757503,0.921281,0.770098,213,5,2369
2026/02/04/01:52:39,5896.386347,0.864969,0.757503,0.921281,0.770098,213,5,2369
2026/02/04/01:52:40,5897.386335,0.866563,0.731004,0.899375,0.739370,211,3,2373
2026/02/04/01:52:41,5898.386423,0.866563,0.731004,0.899375,0.739370,211,3,2373
2026/02/04/01:52:42,5899.386525,0.864969,0.726462,0.897781,0.734828,210,3,2374
2026/02/04/01:52:43,5900.386591,0.864969,0.726462,0.897781,0.734828,210,3,2374
2026/02/04/01:52:44,5901.386708,0.863344,0.727811,0.874281,0.730599,210,1,2376
2026/02/04/01:52:45,5902.386859,0.863344,0.727811,0.874281,0.730599,210,1,2376
2026/02/04/01:52:46,5903.387012,0.865062,0.731338,0.876000,0.734127,211,1,2376
2026/02/04/01:52:47,5904.387103,0.907750,0.784953,0.932000,0.793671,225,2,2376
2026/02/04/01:52:48,5905.387190,0.908156,0.784413,0.932406,0.793131,225,2,2377
2026/02/04/01:52:49,5906.387299,0.904438,0.780385,0.928687,0.789102,224,2,2378
2026/02/04/01:52:50,5907.387383,0.904438,0.780385,0.915375,0.783173,224,1,2378
2026/02/04/01:52:51,5908.387483,0.875062,0.766251,0.875062,0.766251,219,0,2383
2026/02/04/01:52:52,5909.387577,0.887906,0.778339,0.887906,0.778339,220,0,2387
2026/02/04/01:52:53,5910.387680,0.918250,0.795917,0.927188,0.802967,229,2,2388
2026/02/04/01:52:54,5911.387826,0.918250,0.795917,0.927188,0.802967,229,2,2388
2026/02/04/01:52:55,5912.387960,0.918250,0.795917,0.927188,0.802967,229,2,2388
2026/02/04/01:52:56,5913.388066,0.894969,0.781226,0.894969,0.781226,223,0,2394
2026/02/04/01:52:57,5914.388215,0.889094,0.772340,0.889094,0.772340,221,0,2396
2026/02/04/01:52:58,5915.388334,0.889094,0.772340,0.889094,0.772340,221,0,2396
2026/02/04/01:52:59,5916.388486,0.887531,0.770373,0.887531,0.770373,220,0,2397
2026/02/04/01:53:00,5917.388573,0.887531,0.770373,0.887531,0.770373,220,0,2397
2026/02/04/01:53:01,5918.388658,0.884062,0.768464,0.884062,0.768464,219,0,2398
2026/02/04/01:53:02,5919.388810,0.884062,0.768464,0.884062,0.768464,219,0,2398
2026/02/04/01:53:03,5920.388897,0.884062,0.768464,0.884062,0.768464,219,0,2398
2026/02/04/01:53:04,5921.388985,0.884062,0.768464,0.884062,0.768464,219,0,2398
2026/02/04/01:53:05,5922.389087,0.884062,0.768464,0.884062,0.768464,219,0,2398
2026/02/04/01:53:06,5923.389158,0.884062,0.768464,0.884062,0.768464,219,0,2398
2026/02/04/01:53:07,5924.389303,0.884062,0.768464,0.884062,0.768464,219,0,2398
2026/02/04/01:53:08,5925.389400,0.896344,0.784688,0.945531,0.794667,224,5,2398
2026/02/04/01:53:09,5926.389536,0.913094,0.799110,0.967969,0.806653,230,4,2398
2026/02/04/01:53:10,5927.389624,0.913094,0.799110,0.922031,0.800930,230,1,2398
2026/02/04/01:53:11,5928.389719,0.905875,0.786013,0.914813,0.787833,227,1,2401
2026/02/04/01:53:12,5929.389814,0.902625,0.781757,0.911563,0.783577,225,1,2403
2026/02/04/01:53:13,5930.389908,0.914937,0.823805,0.946094,0.831422,230,4,2403
2026/02/04/01:53:14,5931.389998,0.914937,0.823805,0.946094,0.831422,230,4,2403
2026/02/04/01:53:15,5932.390114,0.914937,0.823805,0.946094,0.831422,230,4,2403
2026/02/04/01:53:16,5933.390182,0.918000,0.814695,0.934344,0.818448,227,2,2408
2026/02/04/01:53:17,5934.390307,0.918000,0.814695,0.934344,0.818448,227,2,2408
2026/02/04/01:53:18,5935.390429,0.909344,0.807493,0.909344,0.807493,225,0,2411
2026/02/04/01:53:19,5936.390515,0.909344,0.807493,0.909344,0.807493,225,0,2411
2026/02/04/01:53:20,5937.390611,0.909344,0.807493,0.909344,0.807493,225,0,2411
2026/02/04/01:53:21,5938.390764,0.909344,0.807493,0.909344,0.807493,225,0,2411
2026/02/04/01:53:22,5939.390925,0.909344,0.807493,0.909344,0.807493,225,0,2411
2026/02/04/01:53:23,5940.391079,0.896969,0.760003,0.896969,0.760003,219,0,2417
2026/02/04/01:53:24,5941.391178,0.896969,0.760003,0.896969,0.760003,219,0,2417
2026/02/04/01:53:25,5942.391343,0.890969,0.754064,0.890969,0.754064,217,0,2419
2026/02/04/01:53:26,5943.391489,0.887094,0.747501,0.887094,0.747501,215,0,2421
2026/02/04/01:53:27,5944.391632,0.887094,0.747501,0.887094,0.747501,215,0,2421
2026/02/04/01:53:28,5945.391780,0.887094,0.747501,0.887094,0.747501,215,0,2421
2026/02/04/01:53:29,5946.391868,0.887094,0.747501,0.887094,0.747501,215,0,2421
2026/02/04/01:53:30,5947.391960,0.887094,0.747501,0.887094,0.747501,215,0,2421
2026/02/04/01:53:31,5948.392123,0.902344,0.768703,0.902344,0.768703,219,0,2421
2026/02/04/01:53:32,5949.392193,0.902344,0.768703,0.902344,0.768703,219,0,2421
2026/02/04/01:53:33,5950.392285,0.902344,0.768703,0.920813,0.773809,219,3,2421
2026/02/04/01:53:34,5951.392337,0.902344,0.768703,0.920813,0.773809,219,3,2421
2026/02/04/01:53:35,5952.392412,0.900438,0.754249,0.906031,0.755846,218,1,2422
2026/02/04/01:53:36,5953.392515,0.900438,0.754249,0.906031,0.755846,218,1,2422
2026/02/04/01:53:37,5954.392612,0.900438,0.754249,0.906031,0.755846,218,1,2422
2026/02/04/01:53:38,5955.392685,0.900563,0.753748,0.924844,0.760686,218,3,2423
2026/02/04/01:53:39,5956.392779,0.900563,0.753748,0.924844,0.760686,218,3,2423
2026/02/04/01:53:40,5957.392885,0.895844,0.748154,0.912031,0.752779,217,2,2425
2026/02/04/01:53:41,5958.392985,0.886500,0.735011,0.902687,0.739636,214,2,2428
2026/02/04/01:53:42,5959.393062,0.886500,0.735011,0.902687,0.739636,214,2,2428
2026/02/04/01:53:43,5960.393136,0.886500,0.735011,0.902687,0.739636,214,2,2428
2026/02/04/01:53:44,5961.393335,0.882375,0.734654,0.882375,0.734654,214,0,2429
2026/02/04/01:53:45,5962.393354,0.882375,0.734654,0.882375,0.734654,214,0,2429
2026/02/04/01:53:46,5963.393529,0.882375,0.734654,0.882375,0.734654,214,0,2429
2026/02/04/01:53:47,5964.393606,0.882375,0.734654,0.882375,0.734654,214,0,2429
2026/02/04/01:53:48,5965.393679,0.882375,0.734654,0.882375,0.734654,214,0,2429
2026/02/04/01:53:49,5966.393770,0.882375,0.734654,0.882375,0.734654,214,0,2429
2026/02/04/01:53:50,5967.393854,0.882375,0.734654,0.882375,0.734654,214,0,2429
2026/02/04/01:53:51,5968.393953,0.882375,0.734654,0.882375,0.734654,214,0,2429
2026/02/04/01:53:52,5969.394046,0.882375,0.734654,0.882375,0.734654,214,0,2429
2026/02/04/01:53:53,5970.394148,0.882375,0.734654,0.882375,0.734654,214,0,2429
2026/02/04/01:53:54,5971.394320,0.878406,0.732698,0.878406,0.732698,213,0,2430
2026/02/04/01:53:55,5972.394483,0.878406,0.732698,0.878406,0.732698,213,0,2430
2026/02/04/01:53:56,5973.394512,0.878406,0.732698,0.878406,0.732698,213,0,2430
2026/02/04/01:53:57,5974.394593,0.874719,0.729010,0.874719,0.729010,211,0,2432
2026/02/04/01:53:58,5975.394751,0.874719,0.729010,0.874719,0.729010,211,0,2432
2026/02/04/01:53:59,5976.394897,0.874719,0.729010,0.874719,0.729010,211,0,2432
2026/02/04/01:54:00,5977.395016,0.874719,0.729010,0.874719,0.729010,211,0,2432
2026/02/04/01:54:01,5978.395089,0.874719,0.729010,0.874719,0.729010,211,0,2432
2026/02/04/01:54:02,5979.395199,0.874719,0.729010,0.874719,0.729010,211,0,2432
2026/02/04/01:54:03,5980.395301,0.874719,0.729010,0.874719,0.729010,211,0,2432
2026/02/04/01:54:04,5981.395435,0.874719,0.729010,0.874719,0.729010,211,0,2432
2026/02/04/01:54:05,5982.395531,0.874719,0.729010,0.874719,0.729010,211,0,2432
2026/02/04/01:54:06,5983.395630,0.874719,0.729010,0.874719,0.729010,211,0,2432
2026/02/04/01:54:07,5984.395734,0.874719,0.729010,0.874719,0.729010,211,0,2432
2026/02/04/01:54:08,5985.395812,0.874719,0.729010,0.874719,0.729010,211,0,2432
2026/02/04/01:54:09,5986.395912,0.874719,0.729010,0.874719,0.729010,211,0,2432
2026/02/04/01:54:10,5987.396000,0.874719,0.729010,0.874719,0.729010,211,0,2432
2026/02/04/01:54:11,5988.396152,0.870469,0.724324,0.870469,0.724324,209,0,2434
2026/02/04/01:54:12,5989.396249,0.870469,0.724324,0.870469,0.724324,209,0,2434
2026/02/04/01:54:13,5990.396349,0.870469,0.724324,0.870469,0.724324,209,0,2434
2026/02/04/01:54:14,5991.396435,0.870469,0.724324,0.870469,0.724324,209,0,2434
2026/02/04/01:54:15,5992.396524,0.870469,0.724324,0.870469,0.724324,209,0,2434
2026/02/04/01:54:16,5993.396691,0.870469,0.724324,0.870469,0.724324,209,0,2434
2026/02/04/01:54:17,5994.396809,0.870469,0.724324,0.870469,0.724324,209,0,2434
2026/02/04/01:54:18,5995.396879,0.870469,0.724324,0.870469,0.724324,209,0,2434
2026/02/04/01:54:19,5996.396995,0.870469,0.724324,0.870469,0.724324,209,0,2434
2026/02/04/01:54:20,5997.397087,0.870469,0.724324,0.870469,0.724324,209,0,2434
2026/02/04/01:54:21,5998.397175,0.862594,0.719674,0.862594,0.719674,207,0,2436
2026/02/04/01:54:22,5999.397241,0.862594,0.719674,0.862594,0.719674,207,0,2436
2026/02/04/01:54:23,6000.397356,0.862594,0.719674,0.862594,0.719674,207,0,2436
2026/02/04/01:54:24,6001.397437,0.862594,0.719674,0.862594,0.719674,207,0,2436
2026/02/04/01:54:25,6002.397527,0.862594,0.719674,0.862594,0.719674,207,0,2436
2026/02/04/01:54:26,6003.397621,0.862594,0.719674,0.862594,0.719674,207,0,2436
2026/02/04/01:54:27,6004.397714,0.862594,0.719674,0.862594,0.719674,207,0,2436
2026/02/04/01:54:28,6005.397866,0.853656,0.717854,0.853656,0.717854,206,0,2437
2026/02/04/01:54:29,6006.397964,0.853656,0.717854,0.853656,0.717854,206,0,2437
2026/02/04/01:54:30,6007.398114,0.853656,0.717854,0.853656,0.717854,206,0,2437
2026/02/04/01:54:31,6008.398221,0.853656,0.717854,0.853656,0.717854,206,0,2437
2026/02/04/01:54:32,6009.398325,0.853656,0.717854,0.853656,0.717854,206,0,2437
2026/02/04/01:54:33,6010.398412,0.853656,0.717854,0.853656,0.717854,206,0,2437
2026/02/04/01:54:34,6011.398577,0.853656,0.717854,0.853656,0.717854,206,0,2437
2026/02/04/01:54:35,6012.398638,0.853656,0.717854,0.853656,0.717854,206,0,2437
2026/02/04/01:54:36,6013.398729,0.853656,0.717854,0.853656,0.717854,206,0,2437
2026/02/04/01:54:37,6014.398812,0.853656,0.717854,0.853656,0.717854,206,0,2437
2026/02/04/01:54:38,6015.398923,0.853656,0.717854,0.853656,0.717854,206,0,2437
2026/02/04/01:54:39,6016.399080,0.853656,0.717854,0.853656,0.717854,206,0,2437
2026/02/04/01:54:40,6017.399159,0.870938,0.742482,0.870938,0.742482,214,0,2437
2026/02/04/01:54:41,6018.399232,0.892687,0.755030,0.892687,0.755030,219,0,2437
2026/02/04/01:54:42,6019.399303,0.884813,0.740476,0.884813,0.740476,215,0,2441
2026/02/04/01:54:43,6020.399435,0.874969,0.731725,0.874969,0.731725,211,0,2445
2026/02/04/01:54:44,6021.399523,0.874969,0.731725,0.874969,0.731725,211,0,2445
2026/02/04/01:54:45,6022.399613,0.887656,0.745671,0.887656,0.745671,214,0,2445
2026/02/04/01:54:46,6023.399697,0.887656,0.745671,0.887656,0.745671,214,0,2445
2026/02/04/01:54:47,6024.399813,0.886000,0.744052,0.886000,0.744052,213,0,2446
2026/02/04/01:54:48,6025.399964,0.886000,0.744052,0.886000,0.744052,213,0,2446
2026/02/04/01:54:49,6026.400061,0.877094,0.742127,0.877094,0.742127,212,0,2447
2026/02/04/01:54:50,6027.400151,0.867844,0.736259,0.867844,0.736259,209,0,2450
2026/02/04/01:54:51,6028.400246,0.867844,0.736259,0.867844,0.736259,209,0,2450
2026/02/04/01:54:52,6029.400376,0.867844,0.736259,0.867844,0.736259,209,0,2450
2026/02/04/01:54:53,6030.400527,0.866187,0.733448,0.866187,0.733448,208,0,2451
2026/02/04/01:54:54,6031.400615,0.866187,0.733448,0.866187,0.733448,208,0,2451
2026/02/04/01:54:55,6032.400717,0.866187,0.733448,0.866187,0.733448,208,0,2451
2026/02/04/01:54:56,6033.400807,0.866187,0.733448,0.866187,0.733448,208,0,2451
2026/02/04/01:54:57,6034.400873,0.866187,0.733448,0.866187,0.733448,208,0,2451
2026/02/04/01:54:58,6035.401038,0.866187,0.733448,0.866187,0.733448,208,0,2451
2026/02/04/01:54:59,6036.401138,0.866187,0.733448,0.866187,0.733448,208,0,2451
2026/02/04/01:55:00,6037.401288,0.866187,0.733448,0.866187,0.733448,208,0,2451
2026/02/04/01:55:01,6038.401392,0.848000,0.726762,0.848000,0.726762,205,0,2454
2026/02/04/01:55:02,6039.401486,0.848000,0.726762,0.848000,0.726762,205,0,2454
2026/02/04/01:55:03,6040.401596,0.848000,0.726762,0.848000,0.726762,205,0,2454
2026/02/04/01:55:04,6041.401686,0.848000,0.726762,0.848000,0.726762,205,0,2454
2026/02/04/01:55:05,6042.401766,0.848000,0.726762,0.848000,0.726762,205,0,2454
2026/02/04/01:55:06,6043.401935,0.848000,0.726762,0.848000,0.726762,205,0,2454
2026/02/04/01:55:07,6044.402046,0.848000,0.726762,0.848000,0.726762,205,0,2454
2026/02/04/01:55:08,6045.402128,0.848000,0.726762,0.848000,0.726762,205,0,2454
2026/02/04/01:55:09,6046.402219,0.848000,0.726762,0.848000,0.726762,205,0,2454
2026/02/04/01:55:10,6047.402348,0.848000,0.726762,0.848000,0.726762,205,0,2454
2026/02/04/01:55:11,6048.402433,0.848000,0.726762,0.848000,0.726762,205,0,2454
2026/02/04/01:55:12,6049.402521,0.848000,0.726762,0.848000,0.726762,205,0,2454
2026/02/04/01:55:13,6050.402609,0.848000,0.726762,0.848000,0.726762,205,0,2454
2026/02/04/01:55:14,6051.402770,0.848000,0.726762,0.848000,0.726762,205,0,2454
2026/02/04/01:55:15,6052.402807,0.848000,0.726762,0.848000,0.726762,205,0,2454
2026/02/04/01:55:16,6053.402894,0.848000,0.726762,0.848000,0.726762,205,0,2454
2026/02/04/01:55:17,6054.403059,0.848000,0.726762,0.848000,0.726762,205,0,2454
2026/02/04/01:55:18,6055.403161,0.848000,0.726762,0.848000,0.726762,205,0,2454
2026/02/04/01:55:19,6056.403248,0.848000,0.726762,0.848000,0.726762,205,0,2454
2026/02/04/01:55:20,6057.403353,0.848000,0.726762,0.848000,0.726762,205,0,2454
2026/02/04/01:55:21,6058.403436,0.848000,0.726762,0.848000,0.726762,205,0,2454
2026/02/04/01:55:22,6059.403530,0.848000,0.726762,0.848000,0.726762,205,0,2454
2026/02/04/01:55:23,6060.403617,0.848000,0.726762,0.848000,0.726762,205,0,2454
2026/02/04/01:55:24,6061.403718,0.848000,0.726762,0.848000,0.726762,205,0,2454
2026/02/04/01:55:25,6062.403820,0.848000,0.726762,0.848000,0.726762,205,0,2454
2026/02/04/01:55:26,6063.403930,0.854906,0.736482,0.861812,0.746203,206,1,2454
2026/02/04/01:55:27,6064.404017,0.854906,0.736482,0.861812,0.746203,206,1,2454
2026/02/04/01:55:28,6065.404109,0.854906,0.736482,0.861812,0.746203,206,1,2454
2026/02/04/01:55:29,6066.404208,0.854906,0.736482,0.861812,0.746203,206,1,2454
2026/02/04/01:55:30,6067.404316,0.868344,0.777050,0.868344,0.777050,212,0,2455
2026/02/04/01:55:31,6068.404342,0.868344,0.777050,0.868344,0.777050,212,0,2455
2026/02/04/01:55:32,6069.404439,0.860563,0.742992,0.860563,0.742992,209,0,2458
2026/02/04/01:55:33,6070.404529,0.860563,0.742992,0.860563,0.742992,209,0,2458
2026/02/04/01:55:34,6071.404632,0.868594,0.752986,0.868594,0.752986,212,0,2458
2026/02/04/01:55:35,6072.404718,0.868594,0.752986,0.868594,0.752986,212,0,2458
2026/02/04/01:55:36,6073.404830,0.865500,0.743676,0.865500,0.743676,211,0,2459
2026/02/04/01:55:37,6074.404993,0.865500,0.743676,0.865500,0.743676,211,0,2459
2026/02/04/01:55:38,6075.405087,0.865500,0.743676,0.865500,0.743676,211,0,2459
2026/02/04/01:55:39,6076.405169,0.862000,0.737239,0.862000,0.737239,209,0,2461
2026/02/04/01:55:40,6077.405329,0.859031,0.735393,0.859031,0.735393,208,0,2462
2026/02/04/01:55:41,6078.405422,0.859031,0.735393,0.859031,0.735393,208,0,2462
2026/02/04/01:55:42,6079.405537,0.901406,0.756544,0.910375,0.759730,218,1,2463
2026/02/04/01:55:43,6080.405611,0.903625,0.758237,0.927937,0.774352,219,3,2463
2026/02/04/01:55:44,6081.405698,0.901031,0.764793,0.901031,0.764793,219,0,2465
2026/02/04/01:55:45,6082.405786,0.896531,0.761279,0.896531,0.761279,217,0,2467
2026/02/04/01:55:46,6083.405942,0.895062,0.762428,0.895062,0.762428,216,0,2469
2026/02/04/01:55:47,6084.406033,0.899250,0.767809,0.899250,0.767809,218,0,2469
2026/02/04/01:55:48,6085.406088,0.890750,0.762142,0.890750,0.762142,217,0,2470
2026/02/04/01:55:49,6086.406189,0.881375,0.749980,0.881375,0.749980,215,0,2472
2026/02/04/01:55:50,6087.406294,0.881375,0.749980,0.881375,0.749980,215,0,2472
2026/02/04/01:55:51,6088.406346,0.877188,0.744599,0.877188,0.744599,213,0,2474
2026/02/04/01:55:52,6089.406441,0.877188,0.744599,0.877188,0.744599,213,0,2474
2026/02/04/01:55:53,6090.406533,0.860031,0.739393,0.860031,0.739393,210,0,2477
2026/02/04/01:55:54,6091.406688,0.860031,0.739393,0.860031,0.739393,210,0,2477
2026/02/04/01:55:55,6092.406837,0.860031,0.739393,0.860031,0.739393,210,0,2477
2026/02/04/01:55:56,6093.406991,0.860031,0.739393,0.860031,0.739393,210,0,2477
2026/02/04/01:55:57,6094.407022,0.855469,0.729700,0.855469,0.729700,208,0,2479
2026/02/04/01:55:58,6095.407178,0.855469,0.729700,0.855469,0.729700,208,0,2479
2026/02/04/01:55:59,6096.407348,0.855469,0.729700,0.855469,0.729700,208,0,2479
2026/02/04/01:56:00,6097.407442,0.855469,0.729700,0.855469,0.729700,208,0,2479
2026/02/04/01:56:01,6098.407547,0.855469,0.729700,0.855469,0.729700,208,0,2479
2026/02/04/01:56:02,6099.407654,0.855469,0.729700,0.855469,0.729700,208,0,2479
2026/02/04/01:56:03,6100.407753,0.855469,0.729700,0.855469,0.729700,208,0,2479
2026/02/04/01:56:04,6101.407878,0.848969,0.724627,0.848969,0.724627,206,0,2481
2026/02/04/01:56:05,6102.407975,0.848969,0.724627,0.848969,0.724627,206,0,2481
2026/02/04/01:56:06,6103.408077,0.848969,0.724627,0.848969,0.724627,206,0,2481
2026/02/04/01:56:07,6104.408214,0.848969,0.724627,0.848969,0.724627,206,0,2481
2026/02/04/01:56:08,6105.408371,0.848969,0.724627,0.848969,0.724627,206,0,2481
2026/02/04/01:56:09,6106.408457,0.848969,0.724627,0.848969,0.724627,206,0,2481
2026/02/04/01:56:10,6107.408608,0.848969,0.724627,0.848969,0.724627,206,0,2481
2026/02/04/01:56:11,6108.408756,0.848969,0.724627,0.848969,0.724627,206,0,2481
2026/02/04/01:56:12,6109.408831,0.848969,0.724627,0.848969,0.724627,206,0,2481
2026/02/04/01:56:13,6110.408932,0.848969,0.724627,0.848969,0.724627,206,0,2481
2026/02/04/01:56:14,6111.409029,0.843437,0.717069,0.843437,0.717069,203,0,2484
2026/02/04/01:56:15,6112.409197,0.843437,0.717069,0.843437,0.717069,203,0,2484
2026/02/04/01:56:16,6113.409306,0.843437,0.717069,0.843437,0.717069,203,0,2484
2026/02/04/01:56:17,6114.409355,0.843437,0.717069,0.843437,0.717069,203,0,2484
2026/02/04/01:56:18,6115.409457,0.843437,0.717069,0.843437,0.717069,203,0,2484
2026/02/04/01:56:19,6116.409548,0.843437,0.717069,0.843437,0.717069,203,0,2484
2026/02/04/01:56:20,6117.409692,0.843437,0.717069,0.843437,0.717069,203,0,2484
2026/02/04/01:56:21,6118.409843,0.850656,0.719989,0.850656,0.719989,204,0,2484
2026/02/04/01:56:22,6119.409931,0.850656,0.719989,0.850656,0.719989,204,0,2484
2026/02/04/01:56:23,6120.410025,0.850656,0.719989,0.850656,0.719989,204,0,2484
2026/02/04/01:56:24,6121.410112,0.850656,0.719989,0.850656,0.719989,204,0,2484
2026/02/04/01:56:25,6122.410208,0.850656,0.719989,0.850656,0.719989,204,0,2484
2026/02/04/01:56:26,6123.410361,0.850656,0.719989,0.850656,0.719989,204,0,2484
2026/02/04/01:56:27,6124.410457,0.850656,0.719989,0.850656,0.719989,204,0,2484
2026/02/04/01:56:28,6125.410548,0.850656,0.719989,0.850656,0.719989,204,0,2484
2026/02/04/01:56:29,6126.410704,0.850656,0.719989,0.850656,0.719989,204,0,2484
2026/02/04/01:56:30,6127.410857,0.850656,0.719989,0.850656,0.719989,204,0,2484
2026/02/04/01:56:31,6128.410979,0.850656,0.719989,0.850656,0.719989,204,0,2484
2026/02/04/01:56:32,6129.411060,0.850656,0.719989,0.850656,0.719989,204,0,2484
2026/02/04/01:56:33,6130.411158,0.850656,0.719989,0.850656,0.719989,204,0,2484
2026/02/04/01:56:34,6131.411390,0.850656,0.719989,0.850656,0.719989,204,0,2484
2026/02/04/01:56:35,6132.411459,0.850656,0.719989,0.850656,0.719989,204,0,2484
2026/02/04/01:56:36,6133.411566,0.850656,0.719989,0.850656,0.719989,204,0,2484
2026/02/04/01:56:37,6134.411764,0.850656,0.719989,0.850656,0.719989,204,0,2484
2026/02/04/01:56:38,6135.411863,0.850656,0.719989,0.850656,0.719989,204,0,2484
2026/02/04/01:56:39,6136.412004,0.844938,0.702465,0.844938,0.702465,201,0,2487
2026/02/04/01:56:40,6137.412101,0.844938,0.702465,0.844938,0.702465,201,0,2487
2026/02/04/01:56:41,6138.412179,0.844938,0.702465,0.844938,0.702465,201,0,2487
2026/02/04/01:56:42,6139.412353,0.844938,0.702465,0.844938,0.702465,201,0,2487
2026/02/04/01:56:43,6140.412500,0.844938,0.702465,0.844938,0.702465,201,0,2487
2026/02/04/01:56:44,6141.412598,0.844938,0.702465,0.844938,0.702465,201,0,2487
2026/02/04/01:56:45,6142.412704,0.844938,0.702465,0.844938,0.702465,201,0,2487
2026/02/04/01:56:46,6143.412795,0.844938,0.702465,0.844938,0.702465,201,0,2487
2026/02/04/01:56:47,6144.412865,0.844938,0.702465,0.844938,0.702465,201,0,2487
2026/02/04/01:56:48,6145.412966,0.844938,0.702465,0.844938,0.702465,201,0,2487
2026/02/04/01:56:49,6146.413068,0.844938,0.702465,0.844938,0.702465,201,0,2487
2026/02/04/01:56:50,6147.413175,0.844938,0.702465,0.844938,0.702465,201,0,2487
2026/02/04/01:56:51,6148.413249,0.844938,0.702465,0.844938,0.702465,201,0,2487
2026/02/04/01:56:53,6149.413343,0.844938,0.702465,0.844938,0.702465,201,0,2487
2026/02/04/01:56:54,6150.413441,0.844938,0.702465,0.844938,0.702465,201,0,2487
2026/02/04/01:56:55,6151.413523,0.844938,0.702465,0.844938,0.702465,201,0,2487
2026/02/04/01:56:56,6152.413677,0.844938,0.702465,0.844938,0.702465,201,0,2487
2026/02/04/01:56:57,6153.413834,0.844938,0.702465,0.844938,0.702465,201,0,2487
2026/02/04/01:56:58,6154.413898,0.844938,0.702465,0.844938,0.702465,201,0,2487
2026/02/04/01:56:59,6155.413999,0.844938,0.702465,0.844938,0.702465,201,0,2487
2026/02/04/01:57:00,6156.414092,0.844938,0.702465,0.844938,0.702465,201,0,2487
2026/02/04/01:57:01,6157.414201,0.844938,0.702465,0.844938,0.702465,201,0,2487
2026/02/04/01:57:02,6158.414271,0.852719,0.725920,0.852719,0.725920,204,0,2487
2026/02/04/01:57:03,6159.414365,0.881938,0.761973,0.881938,0.761973,218,0,2487
2026/02/04/01:57:04,6160.414459,0.884656,0.764618,0.884656,0.764618,219,0,2487
2026/02/04/01:57:05,6161.414561,0.881219,0.761481,0.881219,0.761481,217,0,2490
2026/02/04/01:57:06,6162.414665,0.881219,0.761481,0.881219,0.761481,217,0,2490
2026/02/04/01:57:07,6163.414721,0.881156,0.768229,0.900344,0.791197,216,2,2494
2026/02/04/01:57:08,6164.414867,0.884656,0.774211,0.903844,0.797179,218,2,2494
2026/02/04/01:57:09,6165.414968,0.882375,0.772356,0.901563,0.795324,217,2,2495
2026/02/04/01:57:10,6166.415065,0.874594,0.748902,0.893781,0.771870,214,2,2498
2026/02/04/01:57:11,6167.415210,0.883281,0.741313,0.902469,0.764281,216,2,2500
2026/02/04/01:57:12,6168.415338,0.883281,0.741313,0.902469,0.764281,216,2,2500
2026/02/04/01:57:13,6169.415424,0.883281,0.741313,0.902469,0.764281,216,2,2500
2026/02/04/01:57:14,6170.415512,0.881719,0.736935,0.900906,0.759903,215,2,2501
2026/02/04/01:57:15,6171.415612,0.879344,0.730082,0.898531,0.753050,214,2,2502
2026/02/04/01:57:16,6172.415773,0.879344,0.730082,0.898531,0.753050,214,2,2502
2026/02/04/01:57:17,6173.415865,0.879344,0.730082,0.898531,0.753050,214,2,2502
2026/02/04/01:57:18,6174.415971,0.879344,0.730082,0.898531,0.753050,214,2,2502
2026/02/04/01:57:19,6175.416064,0.879344,0.730082,0.898531,0.753050,214,2,2502
2026/02/04/01:57:20,6176.416159,0.879344,0.730082,0.898531,0.753050,214,2,2502
2026/02/04/01:57:21,6177.416245,0.879344,0.730082,0.898531,0.753050,214,2,2502
2026/02/04/01:57:22,6178.416344,0.879344,0.730082,0.898531,0.753050,214,2,2502
2026/02/04/01:57:23,6179.416432,0.879344,0.730082,0.898531,0.753050,214,2,2502
2026/02/04/01:57:24,6180.416527,0.879344,0.730082,0.898531,0.753050,214,2,2502
2026/02/04/01:57:25,6181.416687,0.879344,0.730082,0.898531,0.753050,214,2,2502
2026/02/04/01:57:26,6182.416838,0.889781,0.738495,0.914406,0.765576,216,3,2503
2026/02/04/01:57:27,6183.416925,0.894656,0.765878,0.919281,0.792959,218,3,2503
2026/02/04/01:57:28,6184.417074,0.911344,0.787294,0.940438,0.819281,224,4,2503
2026/02/04/01:57:29,6185.417227,0.911344,0.787294,0.940438,0.819281,224,4,2503
2026/02/04/01:57:30,6186.417349,0.911344,0.787294,0.940438,0.819281,224,4,2503
2026/02/04/01:57:31,6187.417442,0.911344,0.787294,0.940438,0.819281,224,4,2503
2026/02/04/01:57:32,6188.417521,0.911344,0.787294,0.940438,0.819281,224,4,2503
2026/02/04/01:57:33,6189.417609,0.912219,0.788350,0.941312,0.820337,224,4,2504
2026/02/04/01:57:34,6190.417704,0.914500,0.791911,0.933688,0.814879,224,2,2506
2026/02/04/01:57:35,6191.417850,0.926875,0.825452,0.946063,0.848420,230,2,2506
2026/02/04/01:57:36,6192.417943,0.926875,0.825452,0.946063,0.848420,230,2,2506
2026/02/04/01:57:37,6193.418033,0.917719,0.795037,0.936906,0.818005,226,2,2510
2026/02/04/01:57:38,6194.418120,0.913188,0.790059,0.932375,0.813027,225,2,2511
2026/02/04/01:57:39,6195.418281,0.913188,0.790059,0.932375,0.813027,225,2,2511
2026/02/04/01:57:40,6196.418364,0.913188,0.790059,0.932375,0.813027,225,2,2511
2026/02/04/01:57:41,6197.418438,0.913188,0.790059,0.932375,0.813027,225,2,2511
2026/02/04/01:57:42,6198.418540,0.908312,0.762676,0.927500,0.785644,223,2,2513
2026/02/04/01:57:43,6199.418646,0.899031,0.757303,0.918219,0.780270,220,2,2516
2026/02/04/01:57:44,6200.418734,0.893875,0.752572,0.913062,0.775540,217,2,2519
2026/02/04/01:57:45,6201.418902,0.890906,0.749649,0.910094,0.772617,216,2,2520
2026/02/04/01:57:46,6202.418989,0.890906,0.749649,0.910094,0.772617,216,2,2520
2026/02/04/01:57:47,6203.419144,0.890906,0.749649,0.910094,0.772617,216,2,2520
2026/02/04/01:57:48,6204.419241,0.890906,0.749649,0.910094,0.772617,216,2,2520
2026/02/04/01:57:49,6205.419385,0.885469,0.745536,0.904656,0.768504,215,2,2521
2026/02/04/01:57:50,6206.419481,0.885469,0.745536,0.904656,0.768504,215,2,2521
2026/02/04/01:57:51,6207.419575,0.885469,0.745536,0.904656,0.768504,215,2,2521
2026/02/04/01:57:52,6208.419658,0.885469,0.745536,0.904656,0.768504,215,2,2521
2026/02/04/01:57:53,6209.419810,0.885469,0.745536,0.904656,0.768504,215,2,2521
2026/02/04/01:57:54,6210.419877,0.885469,0.745536,0.904656,0.768504,215,2,2521
2026/02/04/01:57:55,6211.419972,0.885469,0.745536,0.904656,0.768504,215,2,2521
2026/02/04/01:57:56,6212.420045,0.880156,0.731360,0.899344,0.754328,213,2,2523
2026/02/04/01:57:57,6213.420303,0.880156,0.731360,0.899344,0.754328,213,2,2523
2026/02/04/01:57:58,6214.420343,0.880156,0.731360,0.899344,0.754328,213,2,2523
2026/02/04/01:57:59,6215.420492,0.880156,0.731360,0.899344,0.754328,213,2,2523
2026/02/04/01:58:00,6216.420591,0.880156,0.731360,0.899344,0.754328,213,2,2523
2026/02/04/01:58:01,6217.420725,0.880156,0.731360,0.899344,0.754328,213,2,2523
2026/02/04/01:58:02,6218.420825,0.880156,0.731360,0.899344,0.754328,213,2,2523
2026/02/04/01:58:03,6219.420921,0.880156,0.731360,0.899344,0.754328,213,2,2523
2026/02/04/01:58:04,6220.421012,0.880156,0.731360,0.899344,0.754328,213,2,2523
2026/02/04/01:58:05,6221.421109,0.880156,0.731360,0.899344,0.754328,213,2,2523
2026/02/04/01:58:06,6222.421185,0.880156,0.731360,0.899344,0.754328,213,2,2523
2026/02/04/01:58:07,6223.421288,0.880156,0.731360,0.899344,0.754328,213,2,2523
2026/02/04/01:58:08,6224.421372,0.880156,0.731360,0.899344,0.754328,213,2,2523
2026/02/04/01:58:09,6225.421460,0.880156,0.731360,0.927687,0.760996,213,5,2523
2026/02/04/01:58:10,6226.421547,0.880156,0.731360,0.927687,0.760996,213,5,2523
2026/02/04/01:58:11,6227.421613,0.880156,0.731360,0.927687,0.760996,213,5,2523
2026/02/04/01:58:12,6228.421717,0.880156,0.731360,0.927687,0.760996,213,5,2523
2026/02/04/01:58:13,6229.421883,0.887469,0.742130,0.935000,0.771765,215,5,2523
2026/02/04/01:58:14,6230.421977,0.887469,0.742130,0.921562,0.766842,215,3,2523
2026/02/04/01:58:15,6231.422071,0.887469,0.742130,0.921562,0.766842,215,3,2523
2026/02/04/01:58:16,6232.422220,0.887469,0.742130,0.921562,0.766842,215,3,2523
2026/02/04/01:58:17,6233.422299,0.887469,0.742130,0.921562,0.766842,215,3,2523
2026/02/04/01:58:18,6234.422431,0.887469,0.742130,0.921562,0.766842,215,3,2523
2026/02/04/01:58:19,6235.422478,0.887469,0.742130,0.921562,0.766842,215,3,2523
2026/02/04/01:58:20,6236.422622,0.887469,0.742130,0.921562,0.766842,215,3,2523
2026/02/04/01:58:21,6237.422725,0.887469,0.742130,0.921562,0.766842,215,3,2523
2026/02/04/01:58:22,6238.422813,0.887469,0.742130,0.921562,0.766842,215,3,2523
2026/02/04/01:58:23,6239.422920,0.887094,0.738915,0.921188,0.763627,217,3,2525
2026/02/04/01:58:24,6240.423017,0.887094,0.738915,0.921188,0.763627,217,3,2525
2026/02/04/01:58:25,6241.423161,0.887094,0.738915,0.921188,0.763627,217,3,2525
2026/02/04/01:58:26,6242.423253,0.887094,0.738915,0.921188,0.763627,217,3,2525
2026/02/04/01:58:27,6243.423394,0.887094,0.738915,0.921188,0.763627,217,3,2525
2026/02/04/01:58:28,6244.423492,0.887094,0.738915,0.921188,0.763627,217,3,2525
2026/02/04/01:58:29,6245.423645,0.887094,0.738915,0.921188,0.763627,217,3,2525
2026/02/04/01:58:30,6246.423744,0.887094,0.738915,0.921188,0.763627,217,3,2525
2026/02/04/01:58:31,6247.423841,0.887094,0.738915,0.921188,0.763627,217,3,2525
2026/02/04/01:58:32,6248.423939,0.887094,0.738915,0.921188,0.763627,217,3,2525
2026/02/04/01:58:33,6249.424029,0.887094,0.738915,0.921188,0.763627,217,3,2525
2026/02/04/01:58:34,6250.424123,0.887094,0.738915,0.921188,0.763627,217,3,2525
2026/02/04/01:58:35,6251.424309,0.887094,0.738915,0.921188,0.763627,217,3,2525
2026/02/04/01:58:36,6252.424380,0.883344,0.734560,0.917438,0.759272,215,3,2527
2026/02/04/01:58:37,6253.424472,0.883344,0.734560,0.917438,0.759272,215,3,2527
2026/02/04/01:58:38,6254.424580,0.883344,0.734560,0.917438,0.759272,215,3,2527
2026/02/04/01:58:39,6255.424680,0.883344,0.734560,0.917438,0.759272,215,3,2527
2026/02/04/01:58:40,6256.424771,0.883344,0.734560,0.917438,0.759272,215,3,2527
2026/02/04/01:58:41,6257.424911,0.883344,0.734560,0.917438,0.759272,215,3,2527
2026/02/04/01:58:42,6258.425018,0.883344,0.734560,0.917438,0.759272,215,3,2527
2026/02/04/01:58:43,6259.425125,0.883344,0.734560,0.917438,0.759272,215,3,2527
2026/02/04/01:58:44,6260.425219,0.878094,0.728920,0.912188,0.753632,212,3,2530
2026/02/04/01:58:45,6261.425396,0.895406,0.753663,0.929500,0.778375,218,3,2530
2026/02/04/01:58:46,6262.425482,0.895406,0.753663,0.929500,0.778375,218,3,2530
2026/02/04/01:58:47,6263.425583,0.895406,0.753663,0.929500,0.778375,218,3,2530
2026/02/04/01:58:48,6264.425669,0.895406,0.753663,0.929500,0.778375,218,3,2530
2026/02/04/01:58:49,6265.425812,0.895406,0.753663,0.929500,0.778375,218,3,2530
2026/02/04/01:58:50,6266.425928,0.895406,0.753663,0.929500,0.778375,218,3,2530
2026/02/04/01:58:51,6267.426026,0.895406,0.753663,0.929500,0.778375,218,3,2530
2026/02/04/01:58:52,6268.426123,0.895406,0.753663,0.929500,0.778375,218,3,2530
2026/02/04/01:58:53,6269.426208,0.895406,0.753663,0.929500,0.778375,218,3,2530
2026/02/04/01:58:54,6270.426321,0.887719,0.749425,0.921813,0.774137,216,3,2532
2026/02/04/01:58:55,6271.426493,0.887719,0.749425,0.921813,0.774137,216,3,2532
2026/02/04/01:58:56,6272.426592,0.887719,0.749425,0.921813,0.774137,216,3,2532
2026/02/04/01:58:57,6273.426685,0.887719,0.749425,0.921813,0.774137,216,3,2532
2026/02/04/01:58:58,6274.426773,0.887719,0.749425,0.921813,0.774137,216,3,2532
2026/02/04/01:58:59,6275.426871,0.892594,0.775225,0.942500,0.803870,219,5,2532
2026/02/04/01:59:00,6276.426966,0.895594,0.777022,0.945500,0.805666,220,5,2532
2026/02/04/01:59:01,6277.427060,0.895594,0.777022,0.945500,0.805666,220,5,2532
2026/02/04/01:59:02,6278.427150,0.895594,0.777022,0.945500,0.805666,220,5,2532
2026/02/04/01:59:03,6279.427250,0.890719,0.751222,0.940625,0.779866,217,5,2535
2026/02/04/01:59:04,6280.427393,0.890719,0.751222,0.940625,0.779866,217,5,2535
2026/02/04/01:59:05,6281.427544,0.890719,0.751222,0.940625,0.779866,217,5,2535
2026/02/04/01:59:06,6282.427641,0.890719,0.751222,0.940625,0.779866,217,5,2535
2026/02/04/01:59:07,6283.427738,0.890719,0.751222,0.924813,0.775934,217,3,2535
2026/02/04/01:59:08,6284.427886,0.890719,0.751222,0.924813,0.775934,217,3,2535
2026/02/04/01:59:09,6285.427986,0.890719,0.751222,0.924813,0.775934,217,3,2535
2026/02/04/01:59:10,6286.428140,0.890719,0.751222,0.924813,0.775934,217,3,2535
2026/02/04/01:59:11,6287.428348,0.885656,0.748094,0.919750,0.772806,215,3,2537
2026/02/04/01:59:12,6288.428342,0.885656,0.748094,0.919750,0.772806,215,3,2537
2026/02/04/01:59:13,6289.428493,0.885656,0.748094,0.919750,0.772806,215,3,2537
2026/02/04/01:59:14,6290.428591,0.885656,0.748094,0.919750,0.772806,215,3,2537
2026/02/04/01:59:15,6291.428670,0.882656,0.746297,0.916750,0.771009,214,3,2538
2026/02/04/01:59:16,6292.428762,0.882656,0.746297,0.916750,0.771009,214,3,2538
2026/02/04/01:59:17,6293.428917,0.882656,0.746297,0.916750,0.771009,214,3,2538
2026/02/04/01:59:18,6294.429008,0.882656,0.746297,0.916750,0.771009,214,3,2538
2026/02/04/01:59:19,6295.429118,0.882656,0.746297,0.916750,0.771009,214,3,2538
2026/02/04/01:59:20,6296.429213,0.882656,0.746297,0.916750,0.771009,214,3,2538
2026/02/04/01:59:21,6297.429312,0.882656,0.746297,0.916750,0.771009,214,3,2538
2026/02/04/01:59:22,6298.429421,0.882656,0.746297,0.916750,0.771009,214,3,2538
2026/02/04/01:59:23,6299.429560,0.882656,0.746297,0.916750,0.771009,214,3,2538
2026/02/04/01:59:24,6300.429654,0.879031,0.742145,0.913125,0.766857,213,3,2539
2026/02/04/01:59:25,6301.429820,0.879031,0.742145,0.913125,0.766857,213,3,2539
2026/02/04/01:59:26,6302.429911,0.879031,0.742145,0.913125,0.766857,213,3,2539
2026/02/04/01:59:27,6303.430001,0.879031,0.742145,0.913125,0.766857,213,3,2539
2026/02/04/01:59:28,6304.430157,0.879031,0.742145,0.913125,0.766857,213,3,2539
2026/02/04/01:59:29,6305.430257,0.879031,0.742145,0.913125,0.766857,213,3,2539
2026/02/04/01:59:30,6306.430358,0.879031,0.742145,0.913125,0.766857,213,3,2539
2026/02/04/01:59:31,6307.430439,0.879031,0.742145,0.913125,0.766857,213,3,2539
2026/02/04/01:59:32,6308.430580,0.879031,0.742145,0.913125,0.766857,213,3,2539
2026/02/04/01:59:33,6309.430660,0.879031,0.742145,0.913125,0.766857,213,3,2539
2026/02/04/01:59:34,6310.430818,0.879031,0.742145,0.913125,0.766857,213,3,2539
2026/02/04/01:59:35,6311.430903,0.879031,0.742145,0.898219,0.765113,213,2,2539
2026/02/04/01:59:36,6312.431058,0.879031,0.742145,0.898219,0.765113,213,2,2539
2026/02/04/01:59:37,6313.431147,0.879031,0.742145,0.898219,0.765113,213,2,2539
2026/02/04/01:59:38,6314.431238,0.879031,0.742145,0.898219,0.765113,213,2,2539
2026/02/04/01:59:39,6315.431351,0.879031,0.742145,0.898219,0.765113,213,2,2539
2026/02/04/01:59:40,6316.431429,0.879031,0.742145,0.898219,0.765113,213,2,2539
2026/02/04/01:59:41,6317.431509,0.879031,0.742145,0.898219,0.765113,213,2,2539
2026/02/04/01:59:42,6318.431601,0.879031,0.742145,0.898219,0.765113,213,2,2539
2026/02/04/01:59:43,6319.431693,0.879031,0.742145,0.898219,0.765113,213,2,2539
2026/02/04/01:59:44,6320.431863,0.874563,0.737239,0.893750,0.760207,212,2,2540
2026/02/04/01:59:45,6321.431940,0.874563,0.737239,0.893750,0.760207,212,2,2540
2026/02/04/01:59:46,6322.432030,0.874563,0.737239,0.893750,0.760207,212,2,2540
2026/02/04/01:59:47,6323.432137,0.874563,0.737239,0.893750,0.760207,212,2,2540
2026/02/04/01:59:48,6324.432231,0.874563,0.737239,0.893750,0.760207,212,2,2540
2026/02/04/01:59:49,6325.432396,0.874563,0.737239,0.893750,0.760207,212,2,2540
2026/02/04/01:59:50,6326.432548,0.874563,0.737239,0.893750,0.760207,212,2,2540
2026/02/04/01:59:51,6327.432669,0.874563,0.737239,0.893750,0.760207,212,2,2540
2026/02/04/01:59:52,6328.432823,0.884938,0.766999,0.904125,0.789967,216,2,2540
2026/02/04/01:59:53,6329.432873,0.884938,0.766999,0.904125,0.789967,216,2,2540
2026/02/04/01:59:54,6330.432935,0.884938,0.766999,0.904125,0.789967,216,2,2540
2026/02/04/01:59:55,6331.433093,0.877687,0.762342,0.896875,0.785309,214,2,2542
2026/02/04/01:59:56,6332.433182,0.877687,0.762342,0.896875,0.785309,214,2,2542
2026/02/04/01:59:57,6333.433291,0.877687,0.762342,0.896875,0.785309,214,2,2542
2026/02/04/01:59:58,6334.433331,0.882125,0.769216,0.901312,0.792183,215,2,2542
2026/02/04/01:59:59,6335.433486,0.882125,0.769216,0.901312,0.792183,215,2,2542
2026/02/04/02:00:00,6336.433635,0.882125,0.769216,0.901312,0.792183,215,2,2542
2026/02/04/02:00:01,6337.433808,0.877687,0.762342,0.896875,0.785309,214,2,2543
2026/02/04/02:00:02,6338.433949,0.877687,0.762342,0.896875,0.785309,214,2,2543
2026/02/04/02:00:03,6339.434027,0.877687,0.762342,0.896875,0.785309,214,2,2543
2026/02/04/02:00:04,6340.434116,0.877687,0.762342,0.896875,0.785309,214,2,2543
2026/02/04/02:00:05,6341.434214,0.877687,0.762342,0.896875,0.785309,214,2,2543
2026/02/04/02:00:06,6342.434392,0.877687,0.762342,0.896875,0.785309,214,2,2543
2026/02/04/02:00:07,6343.434537,0.874563,0.756884,0.893750,0.779851,212,2,2545
2026/02/04/02:00:08,6344.434623,0.874563,0.756884,0.893750,0.779851,212,2,2545
2026/02/04/02:00:09,6345.434718,0.874563,0.756884,0.893750,0.779851,212,2,2545
2026/02/04/02:00:10,6346.434827,0.874563,0.756884,0.893750,0.779851,212,2,2545
2026/02/04/02:00:11,6347.434938,0.874563,0.756884,0.893750,0.779851,212,2,2545
2026/02/04/02:00:12,6348.435041,0.874563,0.756884,0.893750,0.779851,212,2,2545
2026/02/04/02:00:13,6349.435135,0.874563,0.756884,0.893750,0.779851,212,2,2545
2026/02/04/02:00:14,6350.435314,0.874563,0.756884,0.893750,0.779851,212,2,2545
2026/02/04/02:00:15,6351.435387,0.874563,0.756884,0.893750,0.779851,212,2,2545
2026/02/04/02:00:16,6352.435475,0.874563,0.756884,0.893750,0.779851,212,2,2545
2026/02/04/02:00:17,6353.435601,0.874563,0.756884,0.893750,0.779851,212,2,2545
2026/02/04/02:00:18,6354.435680,0.874563,0.756884,0.893750,0.779851,212,2,2545
2026/02/04/02:00:19,6355.435853,0.871437,0.731781,0.890625,0.754749,210,2,2547
2026/02/04/02:00:20,6356.435996,0.871437,0.731781,0.890625,0.754749,210,2,2547
2026/02/04/02:00:21,6357.436144,0.871437,0.731781,0.890625,0.754749,210,2,2547
2026/02/04/02:00:22,6358.436232,0.871437,0.731781,0.890625,0.754749,210,2,2547
2026/02/04/02:00:23,6359.436385,0.878062,0.736407,0.897250,0.759375,212,2,2547
2026/02/04/02:00:24,6360.436481,0.878062,0.736407,0.897250,0.759375,212,2,2547
2026/02/04/02:00:25,6361.436581,0.878062,0.736407,0.897250,0.759375,212,2,2547
2026/02/04/02:00:26,6362.436680,0.878062,0.736407,0.897250,0.759375,212,2,2547
2026/02/04/02:00:27,6363.436773,0.878062,0.736407,0.897250,0.759375,212,2,2547
2026/02/04/02:00:28,6364.436877,0.878062,0.736407,0.897250,0.759375,212,2,2547
2026/02/04/02:00:29,6365.436973,0.878062,0.736407,0.897250,0.759375,212,2,2547
2026/02/04/02:00:30,6366.437102,0.878062,0.736407,0.897250,0.759375,212,2,2547
2026/02/04/02:00:31,6367.437239,0.878062,0.736407,0.897250,0.759375,212,2,2547
2026/02/04/02:00:32,6368.437280,0.878062,0.736407,0.897250,0.759375,212,2,2547
2026/02/04/02:00:33,6369.437437,0.902563,0.760987,0.925656,0.785648,220,3,2547
2026/02/04/02:00:34,6370.437523,0.902937,0.759769,0.922125,0.782737,220,2,2548
2026/02/04/02:00:35,6371.437673,0.902937,0.759769,0.922125,0.782737,220,2,2548
2026/02/04/02:00:36,6372.437778,0.920531,0.769979,0.949844,0.795680,225,3,2548
2026/02/04/02:00:37,6373.437858,0.909563,0.764590,0.938875,0.790291,222,3,2551
2026/02/04/02:00:38,6374.437952,0.909563,0.764590,0.938875,0.790291,222,3,2551
2026/02/04/02:00:39,6375.438103,0.909563,0.764590,0.938875,0.790291,222,3,2551
2026/02/04/02:00:40,6376.438187,0.901813,0.761412,0.931125,0.787114,220,3,2553
2026/02/04/02:00:41,6377.438297,0.901813,0.761412,0.931125,0.787114,220,3,2553
2026/02/04/02:00:42,6378.438339,0.901813,0.761412,0.931125,0.787114,220,3,2553
2026/02/04/02:00:43,6379.438411,0.893563,0.756391,0.922875,0.782092,218,3,2555
2026/02/04/02:00:44,6380.438537,0.881000,0.750257,0.910312,0.775959,215,3,2558
2026/02/04/02:00:45,6381.438620,0.881000,0.750257,0.910312,0.775959,215,3,2558
2026/02/04/02:00:46,6382.438781,0.881000,0.750257,0.910312,0.775959,215,3,2558
2026/02/04/02:00:47,6383.438941,0.881000,0.750257,0.910312,0.775959,215,3,2558
2026/02/04/02:00:48,6384.439045,0.881000,0.750257,0.910312,0.775959,215,3,2558
2026/02/04/02:00:49,6385.439187,0.881000,0.750257,0.910312,0.775959,215,3,2558
2026/02/04/02:00:50,6386.439317,0.881000,0.750257,0.910312,0.775959,215,3,2558
2026/02/04/02:00:51,6387.439337,0.881000,0.750257,0.910312,0.775959,215,3,2558
2026/02/04/02:00:52,6388.439440,0.881000,0.750257,0.910312,0.775959,215,3,2558
2026/02/04/02:00:53,6389.439587,0.881000,0.750257,0.910312,0.775959,215,3,2558
2026/02/04/02:00:54,6390.439662,0.881000,0.750257,0.910312,0.775959,215,3,2558
2026/02/04/02:00:55,6391.439748,0.881000,0.750257,0.910312,0.775959,215,3,2558
2026/02/04/02:00:56,6392.439817,0.881000,0.750257,0.910312,0.775959,215,3,2558
2026/02/04/02:00:57,6393.439938,0.881000,0.750257,0.910312,0.775959,215,3,2558
2026/02/04/02:00:58,6394.440019,0.881000,0.750257,0.910312,0.775959,215,3,2558
2026/02/04/02:00:59,6395.440107,0.876125,0.735507,0.905438,0.761209,212,3,2561
2026/02/04/02:01:00,6396.440251,0.876125,0.735507,0.905438,0.761209,212,3,2561
2026/02/04/02:01:01,6397.440341,0.876125,0.735507,0.905438,0.761209,212,3,2561
2026/02/04/02:01:02,6398.440437,0.876125,0.735507,0.905438,0.761209,212,3,2561
2026/02/04/02:01:03,6399.440549,0.876125,0.735507,0.905438,0.761209,212,3,2561
2026/02/04/02:01:04,6400.440626,0.876125,0.735507,0.905438,0.761209,212,3,2561
2026/02/04/02:01:05,6401.440725,0.876125,0.735507,0.895312,0.758475,212,2,2561
2026/02/04/02:01:06,6402.440963,0.876125,0.735507,0.895312,0.758475,212,2,2561
2026/02/04/02:01:07,6403.440999,0.876125,0.735507,0.895312,0.758475,212,2,2561
2026/02/04/02:01:08,6404.441115,0.868906,0.732588,0.888094,0.755556,211,2,2562
2026/02/04/02:01:09,6405.441247,0.878500,0.744072,0.888094,0.755556,212,1,2562
2026/02/04/02:01:10,6406.441397,0.878500,0.744072,0.888094,0.755556,212,1,2562
2026/02/04/02:01:11,6407.441492,0.878500,0.744072,0.888094,0.755556,212,1,2562
2026/02/04/02:01:12,6408.441582,0.878500,0.744072,0.888094,0.755556,212,1,2562
2026/02/04/02:01:13,6409.441677,0.887687,0.751394,0.897281,0.762878,215,1,2562
2026/02/04/02:01:14,6410.441769,0.887687,0.751394,0.897281,0.762878,215,1,2562
2026/02/04/02:01:15,6411.441848,0.888750,0.773376,0.898344,0.784860,216,1,2563
2026/02/04/02:01:16,6412.441947,0.878781,0.766384,0.888375,0.777867,213,1,2566
2026/02/04/02:01:17,6413.442044,0.878781,0.766384,0.888375,0.777867,213,1,2566
2026/02/04/02:01:18,6414.442219,0.878781,0.766384,0.888375,0.777867,213,1,2566
2026/02/04/02:01:19,6415.442313,0.878781,0.766384,0.888375,0.777867,213,1,2566
2026/02/04/02:01:20,6416.442398,0.878781,0.766384,0.888375,0.777867,213,1,2566
2026/02/04/02:01:21,6417.442508,0.878781,0.766384,0.888375,0.777867,213,1,2566
2026/02/04/02:01:22,6418.442601,0.878781,0.766384,0.888375,0.777867,213,1,2566
2026/02/04/02:01:23,6419.442715,0.878781,0.766384,0.888375,0.777867,213,1,2566
2026/02/04/02:01:24,6420.442866,0.878781,0.766384,0.888375,0.777867,213,1,2566
2026/02/04/02:01:25,6421.442942,0.878781,0.766384,0.888375,0.777867,213,1,2566
2026/02/04/02:01:26,6422.443038,0.913188,0.810648,0.927312,0.825633,224,2,2566
2026/02/04/02:01:27,6423.443187,0.919188,0.828433,0.933312,0.843417,226,2,2566
2026/02/04/02:01:28,6424.443289,0.917687,0.822246,0.927281,0.833730,224,1,2569
2026/02/04/02:01:29,6425.443379,0.911125,0.818716,0.920719,0.830199,222,1,2571
2026/02/04/02:01:30,6426.443465,0.911125,0.818716,0.920719,0.830199,222,1,2571
2026/02/04/02:01:31,6427.443606,0.911125,0.818716,0.920719,0.830199,222,1,2571
2026/02/04/02:01:32,6428.443762,0.911125,0.818716,0.920719,0.830199,222,1,2571
2026/02/04/02:01:33,6429.443843,0.911125,0.818716,0.920719,0.830199,222,1,2571
2026/02/04/02:01:34,6430.443943,0.911125,0.818716,0.920719,0.830199,222,1,2571
2026/02/04/02:01:35,6431.444069,0.911125,0.818716,0.920719,0.830199,222,1,2571
2026/02/04/02:01:36,6432.444147,0.911125,0.818716,0.920719,0.830199,222,1,2571
2026/02/04/02:01:37,6433.444236,0.911125,0.818716,0.920719,0.830199,222,1,2571
2026/02/04/02:01:38,6434.444424,0.911125,0.818716,0.920719,0.830199,222,1,2571
2026/02/04/02:01:39,6435.444490,0.911125,0.818716,0.920719,0.830199,222,1,2571
2026/02/04/02:01:40,6436.444591,0.908188,0.816169,0.917781,0.827653,221,1,2572
2026/02/04/02:01:41,6437.444744,0.908188,0.816169,0.917781,0.827653,221,1,2572
2026/02/04/02:01:42,6438.444863,0.908188,0.816169,0.917781,0.827653,221,1,2572
2026/02/04/02:01:43,6439.444945,0.908188,0.816169,0.917781,0.827653,221,1,2572
2026/02/04/02:01:44,6440.445049,0.908188,0.816169,0.917781,0.827653,221,1,2572
2026/02/04/02:01:45,6441.445141,0.908188,0.816169,0.917781,0.827653,221,1,2572
2026/02/04/02:01:46,6442.445327,0.908188,0.816169,0.917781,0.827653,221,1,2572
2026/02/04/02:01:47,6443.445354,0.908188,0.816169,0.917781,0.827653,221,1,2572
2026/02/04/02:01:48,6444.445479,0.908188,0.816169,0.917781,0.827653,221,1,2572
2026/02/04/02:01:49,6445.445555,0.925031,0.833930,0.934625,0.845414,226,1,2572
2026/02/04/02:01:50,6446.445646,0.925031,0.833930,0.934625,0.845414,226,1,2572
2026/02/04/02:01:51,6447.445745,0.923438,0.831919,0.933031,0.843403,225,1,2573
2026/02/04/02:01:52,6448.445841,0.923438,0.831919,0.933031,0.843403,225,1,2573
2026/02/04/02:01:53,6449.445976,0.923438,0.831919,0.933031,0.843403,225,1,2573
2026/02/04/02:01:54,6450.446091,0.923438,0.831919,0.944781,0.846804,225,2,2573
2026/02/04/02:01:55,6451.446185,0.920063,0.807892,0.941406,0.822778,223,2,2575
2026/02/04/02:01:56,6452.446310,0.920063,0.807892,0.941406,0.822778,223,2,2575
2026/02/04/02:01:57,6453.446336,0.920063,0.807892,0.941406,0.822778,223,2,2575
2026/02/04/02:01:58,6454.446432,0.920063,0.807892,0.941406,0.822778,223,2,2575
2026/02/04/02:01:59,6455.446524,0.920063,0.807892,0.941406,0.822778,223,2,2575
2026/02/04/02:02:00,6456.446645,0.918094,0.802306,0.939438,0.817192,222,2,2576
2026/02/04/02:02:01,6457.446744,0.904500,0.791804,0.925844,0.806690,219,2,2579
2026/02/04/02:02:02,6458.446826,0.904500,0.791804,0.925844,0.806690,219,2,2579
2026/02/04/02:02:03,6459.446989,0.911563,0.798213,0.961031,0.820691,221,4,2579
2026/02/04/02:02:04,6460.447145,0.913563,0.803276,0.963031,0.825754,222,4,2579
2026/02/04/02:02:05,6461.447315,0.930000,0.836164,1.005031,0.865829,228,6,2579
2026/02/04/02:02:06,6462.447357,0.930000,0.836164,1.005031,0.865829,228,6,2579
2026/02/04/02:02:07,6463.447448,0.930000,0.836164,1.005031,0.865829,228,6,2579
2026/02/04/02:02:08,6464.447539,0.919469,0.824943,0.994500,0.854609,224,6,2583
2026/02/04/02:02:09,6465.447638,0.917156,0.818875,0.992188,0.848541,223,6,2584
2026/02/04/02:02:10,6466.447725,0.917156,0.818875,0.992188,0.848541,223,6,2584
2026/02/04/02:02:11,6467.447819,0.920594,0.822080,0.983875,0.848344,225,5,2584
2026/02/04/02:02:12,6468.447909,0.934937,0.852576,0.970094,0.871247,233,3,2584
2026/02/04/02:02:13,6469.448036,0.934937,0.852576,0.970094,0.871247,233,3,2584
2026/02/04/02:02:14,6470.448125,0.926250,0.840975,0.961406,0.859646,228,3,2589
2026/02/04/02:02:15,6471.448191,0.926250,0.840975,0.961406,0.859646,228,3,2589
2026/02/04/02:02:16,6472.448301,0.920344,0.823236,0.955500,0.841908,225,3,2592
2026/02/04/02:02:17,6473.448408,0.918344,0.818173,0.953500,0.836844,224,3,2593
2026/02/04/02:02:18,6474.448553,0.918344,0.818173,0.953500,0.836844,224,3,2593
2026/02/04/02:02:19,6475.448621,0.918344,0.818173,0.953500,0.836844,224,3,2593
2026/02/04/02:02:20,6476.448733,0.918344,0.818173,0.953500,0.836844,224,3,2593
2026/02/04/02:02:21,6477.448824,0.918344,0.818173,0.953500,0.836844,224,3,2593
2026/02/04/02:02:22,6478.448937,0.915156,0.813812,0.950313,0.832484,222,3,2595
2026/02/04/02:02:23,6479.449021,0.915156,0.813812,0.950313,0.832484,222,3,2595
2026/02/04/02:02:24,6480.449112,0.915156,0.813812,0.950313,0.832484,222,3,2595
2026/02/04/02:02:25,6481.449291,0.906438,0.789614,0.941594,0.808286,219,3,2598
2026/02/04/02:02:26,6482.449427,0.906438,0.789614,0.941594,0.808286,219,3,2598
2026/02/04/02:02:27,6483.449455,0.906438,0.789614,0.941594,0.808286,219,3,2598
2026/02/04/02:02:28,6484.449567,0.906438,0.789614,0.941594,0.808286,219,3,2598
2026/02/04/02:02:29,6485.449648,0.906438,0.789614,0.941594,0.808286,219,3,2598
2026/02/04/02:02:30,6486.449743,0.906438,0.789614,0.941594,0.808286,219,3,2598
2026/02/04/02:02:31,6487.449899,0.913750,0.795534,0.948906,0.814206,222,3,2598
2026/02/04/02:02:32,6488.450040,0.913750,0.795534,0.948906,0.814206,222,3,2598
2026/02/04/02:02:33,6489.450126,0.913750,0.795534,0.948906,0.814206,222,3,2598
2026/02/04/02:02:34,6490.450302,0.913750,0.795534,0.948906,0.814206,222,3,2598
2026/02/04/02:02:35,6491.450356,0.913750,0.795534,0.948906,0.814206,222,3,2598
2026/02/04/02:02:36,6492.450446,0.913750,0.795534,0.948906,0.814206,222,3,2598
2026/02/04/02:02:37,6493.450534,0.913750,0.795534,0.948906,0.814206,222,3,2598
2026/02/04/02:02:38,6494.450687,0.913750,0.795534,0.948906,0.814206,222,3,2598
2026/02/04/02:02:39,6495.450780,0.912062,0.793496,0.947219,0.812168,221,3,2599
2026/02/04/02:02:40,6496.450866,0.912062,0.793496,0.947219,0.812168,221,3,2599
2026/02/04/02:02:41,6497.450968,0.912062,0.793496,0.947219,0.812168,221,3,2599
2026/02/04/02:02:42,6498.451053,0.912062,0.793496,0.947219,0.812168,221,3,2599
2026/02/04/02:02:43,6499.451130,0.912062,0.793496,0.947219,0.812168,221,3,2599
2026/02/04/02:02:44,6500.451239,0.912062,0.793496,0.935594,0.807309,221,2,2599
2026/02/04/02:02:45,6501.451342,0.912062,0.793496,0.935594,0.807309,221,2,2599
2026/02/04/02:02:46,6502.451431,0.912062,0.793496,0.935594,0.807309,221,2,2599
2026/02/04/02:02:47,6503.451535,0.907250,0.791829,0.916844,0.803313,220,1,2600
2026/02/04/02:02:48,6504.451625,0.907250,0.791829,0.916844,0.803313,220,1,2600
2026/02/04/02:02:49,6505.451794,0.907250,0.791829,0.916844,0.803313,220,1,2600
2026/02/04/02:02:50,6506.451964,0.907250,0.791829,0.916844,0.803313,220,1,2600
2026/02/04/02:02:51,6507.452061,0.907250,0.791829,0.916844,0.803313,220,1,2600
2026/02/04/02:02:52,6508.452153,0.907250,0.791829,0.916844,0.803313,220,1,2600
2026/02/04/02:02:53,6509.452251,0.907250,0.791829,0.916844,0.803313,220,1,2600
2026/02/04/02:02:54,6510.452325,0.925031,0.799029,0.968750,0.826871,224,7,2600
2026/02/04/02:02:55,6511.452479,0.940531,0.823370,1.019906,0.856607,232,11,2600
2026/02/04/02:02:56,6512.452557,0.940531,0.823370,1.019906,0.856607,232,11,2600
2026/02/04/02:02:57,6513.452636,0.940531,0.823370,0.996094,0.847560,232,8,2600
2026/02/04/02:02:58,6514.452732,0.940531,0.823370,0.988781,0.843530,232,6,2600
2026/02/04/02:02:59,6515.452834,0.936813,0.821740,0.985062,0.841900,231,6,2601
2026/02/04/02:03:00,6516.452929,0.936813,0.821740,0.985062,0.841900,231,6,2601
2026/02/04/02:03:01,6517.453063,0.936813,0.821740,0.985062,0.841900,231,6,2601
2026/02/04/02:03:02,6518.453146,0.936813,0.821740,0.985062,0.841900,231,6,2601
2026/02/04/02:03:03,6519.453239,0.933750,0.818718,0.952656,0.833939,230,3,2602
2026/02/04/02:03:04,6520.453388,0.933750,0.818718,0.952656,0.833939,230,3,2602
2026/02/04/02:03:05,6521.453535,0.933750,0.818718,0.952656,0.833939,230,3,2602
2026/02/04/02:03:06,6522.453655,0.933750,0.818718,0.952656,0.833939,230,3,2602
2026/02/04/02:03:07,6523.453716,0.933750,0.818718,0.952656,0.833939,230,3,2602
2026/02/04/02:03:08,6524.453831,0.933750,0.818718,0.952656,0.833939,230,3,2602
2026/02/04/02:03:09,6525.453906,0.933750,0.818718,0.952656,0.833939,230,3,2602
2026/02/04/02:03:10,6526.454091,0.933750,0.818718,0.952656,0.833939,230,3,2602
2026/02/04/02:03:11,6527.454235,0.933750,0.818718,0.952656,0.833939,230,3,2602
2026/02/04/02:03:12,6528.454394,0.933750,0.818718,0.952656,0.833939,230,3,2602
2026/02/04/02:03:13,6529.454552,0.933750,0.818718,0.952656,0.833939,230,3,2602
2026/02/04/02:03:14,6530.454642,0.933750,0.818718,0.952656,0.833939,230,3,2602
2026/02/04/02:03:15,6531.454740,0.933750,0.818718,0.952656,0.833939,230,3,2602
2026/02/04/02:03:16,6532.454822,0.933750,0.818718,0.952656,0.833939,230,3,2602
2026/02/04/02:03:17,6533.454951,0.933750,0.818718,0.952656,0.833939,230,3,2602
2026/02/04/02:03:18,6534.455055,0.928969,0.810831,0.947875,0.826052,227,3,2605
2026/02/04/02:03:19,6535.455162,0.926094,0.808818,0.954125,0.828096,226,5,2606
2026/02/04/02:03:20,6536.455339,0.930688,0.812637,0.955781,0.830322,228,4,2606
2026/02/04/02:03:21,6537.455479,0.925906,0.801217,0.951000,0.818902,225,4,2609
2026/02/04/02:03:22,6538.455579,0.936781,0.807924,0.961875,0.825609,228,4,2609
2026/02/04/02:03:23,6539.455647,0.941844,0.811946,0.960750,0.827166,230,3,2609
2026/02/04/02:03:24,6540.455755,0.947562,0.816914,0.973469,0.834548,233,4,2609
2026/02/04/02:03:25,6541.455845,0.936688,0.810208,0.962594,0.827842,230,4,2612
2026/02/04/02:03:26,6542.455914,0.933750,0.808614,0.959656,0.826248,229,4,2613
2026/02/04/02:03:27,6543.456023,0.930562,0.805415,0.956469,0.823049,227,4,2615
2026/02/04/02:03:28,6544.456177,0.924844,0.800446,0.950750,0.818080,224,4,2618
2026/02/04/02:03:29,6545.456307,0.919781,0.796424,0.945688,0.814058,222,4,2620
2026/02/04/02:03:30,6546.456412,0.919781,0.796424,0.945688,0.814058,222,4,2620
2026/02/04/02:03:31,6547.456560,0.919781,0.796424,0.945688,0.814058,222,4,2620
2026/02/04/02:03:32,6548.456638,0.918125,0.794199,0.944031,0.811833,221,4,2621
2026/02/04/02:03:33,6549.456785,0.917156,0.792186,0.938406,0.807951,220,3,2623
2026/02/04/02:03:34,6550.456887,0.917156,0.792186,0.938406,0.807951,220,3,2623
2026/02/04/02:03:35,6551.457031,0.917156,0.792186,0.938406,0.807951,220,3,2623
2026/02/04/02:03:36,6552.457180,0.917156,0.792186,0.938406,0.807951,220,3,2623
2026/02/04/02:03:37,6553.457306,0.917156,0.792186,0.938406,0.807951,220,3,2623
2026/02/04/02:03:38,6554.457395,0.917156,0.792186,0.938406,0.807951,220,3,2623
2026/02/04/02:03:39,6555.457543,0.917156,0.792186,0.938406,0.807951,220,3,2623
2026/02/04/02:03:40,6556.457703,0.917156,0.792186,0.938406,0.807951,220,3,2623
2026/02/04/02:03:41,6557.457795,0.917156,0.792186,0.938406,0.807951,220,3,2623
2026/02/04/02:03:42,6558.457949,0.917156,0.792186,0.938406,0.807951,220,3,2623
2026/02/04/02:03:43,6559.458177,0.933281,0.806970,0.991219,0.855939,227,8,2623
2026/02/04/02:03:44,6560.458216,0.933281,0.806970,0.991219,0.855939,227,8,2623
2026/02/04/02:03:45,6561.458360,0.922906,0.797888,0.980844,0.846857,222,8,2628
2026/02/04/02:03:46,6562.458439,0.922906,0.797888,0.980844,0.846857,222,8,2628
2026/02/04/02:03:47,6563.458547,0.922906,0.797888,0.980844,0.846857,222,8,2628
2026/02/04/02:03:48,6564.458625,0.922906,0.797888,0.973844,0.844444,222,7,2628
2026/02/04/02:03:49,6565.458712,0.922906,0.797888,0.961344,0.841240,222,5,2628
2026/02/04/02:03:50,6566.458821,0.922906,0.797888,0.961344,0.841240,222,5,2628
2026/02/04/02:03:51,6567.458908,0.922906,0.797888,0.961344,0.841240,222,5,2628
2026/02/04/02:03:52,6568.459002,0.922906,0.797888,0.952531,0.813445,222,3,2628
2026/02/04/02:03:53,6569.459101,0.918250,0.796020,0.943219,0.809708,221,2,2629
2026/02/04/02:03:54,6570.459242,0.918250,0.796020,0.943219,0.809708,221,2,2629
2026/02/04/02:03:55,6571.459352,0.912500,0.790317,0.937469,0.804005,219,2,2631
2026/02/04/02:03:56,6572.459444,0.912500,0.790317,0.937469,0.804005,219,2,2631
2026/02/04/02:03:57,6573.459543,0.912500,0.790317,0.937469,0.804005,219,2,2631
2026/02/04/02:03:58,6574.459624,0.912500,0.790317,0.937469,0.804005,219,2,2631
2026/02/04/02:03:59,6575.459731,0.912500,0.790317,0.937469,0.804005,219,2,2631
2026/02/04/02:04:00,6576.459811,0.912500,0.790317,0.937469,0.804005,219,2,2631
2026/02/04/02:04:01,6577.459908,0.927875,0.805869,0.963969,0.823142,224,4,2631
2026/02/04/02:04:02,6578.460026,0.927875,0.805869,0.963969,0.823142,224,4,2631
2026/02/04/02:04:03,6579.460168,0.938063,0.813557,0.987656,0.841187,228,7,2634
2026/02/04/02:04:04,6580.460279,0.939562,0.815408,0.984656,0.839585,228,6,2635
2026/02/04/02:04:05,6581.460401,0.935063,0.811956,0.971156,0.829228,227,4,2636
2026/02/04/02:04:06,6582.460512,0.928250,0.805791,0.964344,0.823063,225,4,2638
2026/02/04/02:04:07,6583.460582,0.926125,0.803611,0.951094,0.817299,224,2,2639
2026/02/04/02:04:08,6584.460680,0.926125,0.803611,0.951094,0.817299,224,2,2639
2026/02/04/02:04:09,6585.460762,0.913563,0.797504,0.938531,0.811192,221,2,2642
2026/02/04/02:04:10,6586.460876,0.911594,0.793212,0.936562,0.806900,220,2,2643
2026/02/04/02:04:11,6587.460930,0.911594,0.793212,0.921188,0.804696,220,1,2643
2026/02/04/02:04:12,6588.461045,0.911594,0.793212,0.921188,0.804696,220,1,2643
2026/02/04/02:04:13,6589.461141,0.911594,0.793212,0.921188,0.804696,220,1,2643
2026/02/04/02:04:14,6590.461244,0.911594,0.793212,0.921188,0.804696,220,1,2643
2026/02/04/02:04:15,6591.461405,0.911594,0.793212,0.921188,0.804696,220,1,2643
2026/02/04/02:04:16,6592.461569,0.911594,0.793212,0.921188,0.804696,220,1,2643
2026/02/04/02:04:17,6593.461661,0.911594,0.793212,0.921188,0.804696,220,1,2643
2026/02/04/02:04:18,6594.461740,0.911594,0.793212,0.921188,0.804696,220,1,2643
2026/02/04/02:04:19,6595.461839,0.911594,0.793212,0.921188,0.804696,220,1,2643
2026/02/04/02:04:20,6596.462005,0.911594,0.793212,0.921188,0.804696,220,1,2643
2026/02/04/02:04:21,6597.462092,0.911594,0.793212,0.921188,0.804696,220,1,2643
2026/02/04/02:04:22,6598.462181,0.911594,0.793212,0.921188,0.804696,220,1,2643
2026/02/04/02:04:23,6599.462389,0.911594,0.793212,0.921188,0.804696,220,1,2643
2026/02/04/02:04:24,6600.462423,0.911594,0.793212,0.921188,0.804696,220,1,2643
2026/02/04/02:04:25,6601.462577,0.911594,0.793212,0.921188,0.804696,220,1,2643
2026/02/04/02:04:26,6602.462685,0.911594,0.793212,0.921188,0.804696,220,1,2643
2026/02/04/02:04:27,6603.462772,0.911594,0.793212,0.921188,0.804696,220,1,2643
2026/02/04/02:04:28,6604.462927,0.911594,0.793212,0.921188,0.804696,220,1,2643
2026/02/04/02:04:29,6605.463026,0.929375,0.818300,0.938969,0.829783,228,1,2643
2026/02/04/02:04:30,6606.463090,0.940469,0.830622,0.950063,0.842106,233,1,2643
2026/02/04/02:04:31,6607.463239,0.943375,0.833846,0.973688,0.859006,234,4,2643
2026/02/04/02:04:32,6608.463348,0.944344,0.833221,0.971750,0.855156,234,3,2644
2026/02/04/02:04:33,6609.463442,0.938562,0.828972,0.965969,0.850908,233,3,2645
2026/02/04/02:04:34,6610.463533,0.932750,0.822524,0.960156,0.844459,231,3,2647
2026/02/04/02:04:35,6611.463643,0.932750,0.822524,0.960156,0.844459,231,3,2647
2026/02/04/02:04:36,6612.463725,0.932750,0.822524,0.960156,0.844459,231,3,2647
2026/02/04/02:04:37,6613.463816,0.932750,0.822524,0.960156,0.844459,231,3,2647
2026/02/04/02:04:38,6614.463905,0.932750,0.822524,0.960156,0.844459,231,3,2647
2026/02/04/02:04:39,6615.463995,0.932750,0.822524,0.960156,0.844459,231,3,2647
2026/02/04/02:04:40,6616.464081,0.944656,0.841589,1.031219,0.924360,237,12,2647
2026/02/04/02:04:41,6617.464183,0.962500,0.870757,1.056469,0.968872,245,14,2647
2026/02/04/02:04:42,6618.464339,0.962250,0.869105,1.053031,0.965305,244,13,2649
2026/02/04/02:04:43,6619.464437,0.963812,0.863130,1.066656,0.970152,244,14,2652
2026/02/04/02:04:44,6620.464518,0.963094,0.869186,1.062156,0.968246,244,13,2653
2026/02/04/02:04:45,6621.464622,0.962688,0.876010,1.050812,0.944360,244,10,2654
2026/02/04/02:04:46,6622.464731,0.962688,0.876010,1.050812,0.944360,244,10,2654
2026/02/04/02:04:47,6623.464813,0.960812,0.872382,1.030063,0.925319,243,8,2655
2026/02/04/02:04:48,6624.464910,0.948906,0.866183,1.018156,0.919120,240,8,2658
2026/02/04/02:04:49,6625.464982,0.959656,0.882359,1.052500,0.954159,245,14,2658
2026/02/04/02:04:50,6626.465084,0.959656,0.882359,1.042969,0.952266,245,13,2658
2026/02/04/02:04:51,6627.465173,0.948750,0.868091,1.027219,0.927982,240,11,2664
2026/02/04/02:04:52,6628.465345,0.942063,0.862971,1.014344,0.917574,237,9,2669
2026/02/04/02:04:53,6629.465495,0.942063,0.862971,1.014344,0.917574,237,9,2669
2026/02/04/02:04:54,6630.465604,0.940281,0.858112,1.012563,0.912715,236,9,2670
2026/02/04/02:04:55,6631.465692,0.948094,0.871980,1.025406,0.929575,240,10,2670
2026/02/04/02:04:56,6632.465780,0.949656,0.876655,1.066062,0.939352,241,13,2673
2026/02/04/02:04:57,6633.465940,0.945531,0.869489,1.061937,0.932186,239,13,2675
2026/02/04/02:04:58,6634.466089,0.945531,0.869489,1.061937,0.932186,239,13,2675
2026/02/04/02:04:59,6635.466208,0.936594,0.858007,1.035406,0.914153,235,10,2680
2026/02/04/02:05:00,6636.466302,0.936594,0.858007,1.035406,0.914153,235,10,2680
2026/02/04/02:05:01,6637.466430,0.931813,0.845534,1.030625,0.901680,232,10,2683
2026/02/04/02:05:02,6638.466523,0.929844,0.841164,1.028656,0.897310,231,10,2684
2026/02/04/02:05:03,6639.466642,0.929844,0.841164,1.028656,0.897310,231,10,2684
2026/02/04/02:05:04,6640.466715,0.929844,0.841164,1.028656,0.897310,231,10,2684
2026/02/04/02:05:05,6641.466820,0.934094,0.854093,1.032906,0.910239,233,10,2684
2026/02/04/02:05:06,6642.466903,0.934094,0.854093,1.032906,0.910239,233,10,2684
2026/02/04/02:05:07,6643.467049,0.934094,0.854093,1.032906,0.910239,233,10,2684
2026/02/04/02:05:08,6644.467204,0.929844,0.841164,1.028656,0.897310,231,10,2686
2026/02/04/02:05:09,6645.467325,0.929844,0.841164,1.028656,0.897310,231,10,2686
2026/02/04/02:05:10,6646.467423,0.923656,0.833166,1.022469,0.889312,228,10,2689
2026/02/04/02:05:11,6647.467588,0.926250,0.836542,1.017437,0.886320,228,9,2690
2026/02/04/02:05:12,6648.467662,0.926250,0.836542,1.017437,0.886320,228,9,2690
2026/02/04/02:05:13,6649.467755,0.926250,0.836542,1.017437,0.886320,228,9,2690
2026/02/04/02:05:14,6650.467860,0.926250,0.836542,1.017437,0.886320,228,9,2690
2026/02/04/02:05:15,6651.468015,0.926250,0.836542,1.017437,0.886320,228,9,2690
2026/02/04/02:05:16,6652.468110,0.941031,0.861299,1.032219,0.911077,234,9,2690
2026/02/04/02:05:17,6653.468199,0.939094,0.856101,1.038938,0.907513,233,10,2691
2026/02/04/02:05:18,6654.468334,0.933688,0.845353,1.025906,0.890397,229,9,2696
2026/02/04/02:05:19,6655.468449,0.933688,0.845353,1.025906,0.890397,229,9,2696
2026/02/04/02:05:20,6656.468532,0.933688,0.845353,0.986812,0.885295,229,6,2696
2026/02/04/02:05:21,6657.468632,0.922312,0.827797,0.975437,0.867738,224,6,2701
2026/02/04/02:05:22,6658.468722,0.922312,0.827797,0.975437,0.867738,224,6,2701
2026/02/04/02:05:23,6659.468830,0.950469,0.865128,1.016375,0.921069,232,9,2701
2026/02/04/02:05:24,6660.468963,0.950469,0.865128,1.016375,0.921069,232,9,2701
2026/02/04/02:05:25,6661.469108,0.950469,0.865128,1.016375,0.921069,232,9,2701
2026/02/04/02:05:26,6662.469217,0.946688,0.861727,1.007219,0.914162,231,8,2702
2026/02/04/02:05:27,6663.469329,0.946688,0.861727,1.007219,0.914162,231,8,2702
2026/02/04/02:05:28,6664.469439,0.948562,0.864473,1.009094,0.916908,232,8,2703
2026/02/04/02:05:29,6665.469576,0.938156,0.854678,1.003219,0.909433,229,9,2706
2026/02/04/02:05:30,6666.469671,0.938156,0.854678,0.994563,0.907799,229,8,2706
2026/02/04/02:05:31,6667.469760,0.938156,0.854678,0.994563,0.907799,229,8,2706
2026/02/04/02:05:32,6668.469849,0.938156,0.854678,0.994563,0.907799,229,8,2706
2026/02/04/02:05:33,6669.470010,0.938156,0.854678,0.994563,0.907799,229,8,2706
2026/02/04/02:05:34,6670.470039,0.938156,0.854678,0.994563,0.907799,229,8,2706
2026/02/04/02:05:35,6671.470132,0.938156,0.854678,0.994563,0.907799,229,8,2706
2026/02/04/02:05:36,6672.470229,0.934219,0.849215,0.990625,0.902337,227,8,2708
2026/02/04/02:05:37,6673.470380,0.934219,0.849215,0.990625,0.902337,227,8,2708
2026/02/04/02:05:38,6674.470476,0.934219,0.849215,0.990625,0.902337,227,8,2708
2026/02/04/02:05:39,6675.470558,0.939406,0.845548,0.983875,0.883856,227,5,2711
2026/02/04/02:05:40,6676.470653,0.939406,0.845548,0.983875,0.883856,227,5,2711
2026/02/04/02:05:41,6677.470798,0.939406,0.845548,0.983875,0.883856,227,5,2711
2026/02/04/02:05:42,6678.470889,0.939406,0.845548,0.983875,0.883856,227,5,2711
2026/02/04/02:05:43,6679.470969,0.933719,0.824340,0.978187,0.862648,225,5,2713
2026/02/04/02:05:44,6680.471080,0.933719,0.824340,0.978187,0.862648,225,5,2713
2026/02/04/02:05:45,6681.471186,0.928000,0.827114,0.963562,0.860196,225,4,2714
2026/02/04/02:05:46,6682.471351,0.928000,0.827114,0.963562,0.860196,225,4,2714
2026/02/04/02:05:47,6683.471416,0.937375,0.841404,0.960781,0.869213,230,4,2715
2026/02/04/02:05:48,6684.471520,0.942281,0.852503,1.004250,0.929850,232,9,2715
2026/02/04/02:05:49,6685.471604,0.942281,0.852503,1.004250,0.929850,232,9,2715
2026/02/04/02:05:50,6686.471698,0.942281,0.852503,1.004250,0.929850,232,9,2715
2026/02/04/02:05:51,6687.471856,0.942281,0.852503,1.004250,0.929850,232,9,2715
2026/02/04/02:05:52,6688.471938,0.936906,0.834752,0.991875,0.908287,230,8,2717
2026/02/04/02:05:53,6689.472032,0.936906,0.834752,0.991875,0.908287,230,8,2717
2026/02/04/02:05:54,6690.472088,0.929219,0.829341,0.963281,0.883397,227,5,2720
2026/02/04/02:05:55,6691.472235,0.923063,0.817202,0.957125,0.871257,224,5,2723
2026/02/04/02:05:56,6692.472397,0.932937,0.824692,0.967000,0.878748,226,5,2723
2026/02/04/02:05:57,6693.472477,0.930937,0.833838,0.972437,0.881989,226,6,2726
2026/02/04/02:05:58,6694.472578,0.930937,0.833838,0.972437,0.881989,226,6,2726
2026/02/04/02:05:59,6695.472730,0.930937,0.833838,0.972437,0.881989,226,6,2726
2026/02/04/02:06:00,6696.472825,0.930937,0.833838,0.972437,0.881989,226,6,2726
2026/02/04/02:06:01,6697.472929,0.927562,0.830847,0.969063,0.878998,225,6,2727
2026/02/04/02:06:02,6698.473020,0.927562,0.830847,0.969063,0.878998,225,6,2727
2026/02/04/02:06:03,6699.473179,0.927562,0.830847,0.969063,0.878998,225,6,2727
2026/02/04/02:06:04,6700.473286,0.929344,0.831799,0.964531,0.876678,225,5,2728
2026/02/04/02:06:05,6701.473359,0.946688,0.849451,0.988812,0.901390,232,7,2728
2026/02/04/02:06:06,6702.473508,0.946688,0.849451,0.988812,0.901390,232,7,2728
2026/02/04/02:06:07,6703.473583,0.946969,0.848696,0.985625,0.897105,231,6,2730
2026/02/04/02:06:08,6704.473686,0.946969,0.848696,0.985625,0.897105,231,6,2730
2026/02/04/02:06:09,6705.473787,0.944844,0.843961,0.983500,0.892370,230,6,2731
2026/02/04/02:06:10,6706.473889,0.945031,0.839280,0.964313,0.869403,231,3,2732
2026/02/04/02:06:11,6707.473967,0.939813,0.841139,0.953906,0.858813,229,2,2735
2026/02/04/02:06:12,6708.474110,0.934187,0.833643,0.948281,0.851317,226,2,2738
2026/02/04/02:06:13,6709.474263,0.934187,0.833643,0.948281,0.851317,226,2,2738
2026/02/04/02:06:14,6710.474430,0.934187,0.833643,0.948281,0.851317,226,2,2738
2026/02/04/02:06:15,6711.474505,0.934187,0.833643,0.948281,0.851317,226,2,2738
2026/02/04/02:06:16,6712.474647,0.934187,0.833643,0.948281,0.851317,226,2,2738
2026/02/04/02:06:17,6713.474744,0.934187,0.833643,0.948281,0.851317,226,2,2738
2026/02/04/02:06:18,6714.474891,0.925281,0.828417,0.930469,0.840866,225,1,2739
2026/02/04/02:06:19,6715.475043,0.929063,0.832277,0.934250,0.844726,226,1,2739
2026/02/04/02:06:20,6716.475143,0.936187,0.835496,0.941375,0.847944,228,1,2739
2026/02/04/02:06:21,6717.475231,0.936187,0.835496,0.941375,0.847944,228,1,2739
2026/02/04/02:06:22,6718.475311,0.925281,0.828417,0.930469,0.840866,225,1,2742
2026/02/04/02:06:23,6719.475412,0.925281,0.828417,0.930469,0.840866,225,1,2742
2026/02/04/02:06:24,6720.475514,0.925281,0.828417,0.930469,0.840866,225,1,2742
2026/02/04/02:06:25,6721.475610,0.925281,0.828417,0.930469,0.840866,225,1,2742
2026/02/04/02:06:26,6722.475713,0.925281,0.828417,0.930469,0.840866,225,1,2742
2026/02/04/02:06:27,6723.475792,0.918656,0.825088,0.923844,0.837537,223,1,2744
2026/02/04/02:06:28,6724.475973,0.903406,0.812352,0.908594,0.824801,221,1,2746
2026/02/04/02:06:29,6725.476061,0.903406,0.812352,0.908594,0.824801,221,1,2746
2026/02/04/02:06:30,6726.476164,0.893531,0.804862,0.898719,0.817310,219,1,2748
2026/02/04/02:06:31,6727.476305,0.891312,0.802638,0.896500,0.815086,218,1,2749
2026/02/04/02:06:32,6728.476334,0.891312,0.802638,0.896500,0.815086,218,1,2749
2026/02/04/02:06:33,6729.476440,0.891312,0.802638,0.896500,0.815086,218,1,2749
2026/02/04/02:06:34,6730.476585,0.891312,0.802638,0.896500,0.815086,218,1,2749
2026/02/04/02:06:35,6731.476687,0.891312,0.802638,0.896500,0.815086,218,1,2749
2026/02/04/02:06:36,6732.476789,0.891312,0.802638,0.896500,0.815086,218,1,2749
2026/02/04/02:06:37,6733.476883,0.891312,0.802638,0.896500,0.815086,218,1,2749
2026/02/04/02:06:38,6734.476983,0.891312,0.802638,0.896500,0.815086,218,1,2749
2026/02/04/02:06:39,6735.477153,0.891312,0.802638,0.896500,0.815086,218,1,2749
2026/02/04/02:06:40,6736.477292,0.872375,0.792821,0.877563,0.805269,215,1,2752
2026/02/04/02:06:41,6737.477345,0.869250,0.787983,0.874437,0.800431,214,1,2753
2026/02/04/02:06:42,6738.477435,0.869250,0.787983,0.874437,0.800431,214,1,2753
2026/02/04/02:06:43,6739.477530,0.869250,0.787983,0.874437,0.800431,214,1,2753
2026/02/04/02:06:44,6740.477620,0.869250,0.787983,0.874437,0.800431,214,1,2753
2026/02/04/02:06:45,6741.477716,0.869250,0.787983,0.874437,0.800431,214,1,2753
2026/02/04/02:06:46,6742.477843,0.869250,0.787983,0.874437,0.800431,214,1,2753
2026/02/04/02:06:47,6743.478126,0.869250,0.787983,0.874437,0.800431,214,1,2753
2026/02/04/02:06:48,6744.478207,0.869250,0.787983,0.874437,0.800431,214,1,2753
2026/02/04/02:06:49,6745.478279,0.869250,0.787983,0.874437,0.800431,214,1,2753
2026/02/04/02:06:50,6746.478391,0.869250,0.787983,0.874437,0.800431,214,1,2753
2026/02/04/02:06:51,6747.478478,0.869250,0.787983,0.874437,0.800431,214,1,2753
2026/02/04/02:06:52,6748.478667,0.869250,0.787983,0.874437,0.800431,214,1,2753
2026/02/04/02:06:53,6749.478682,0.869250,0.787983,0.874437,0.800431,214,1,2753
2026/02/04/02:06:54,6750.478780,0.869250,0.787983,0.874437,0.800431,214,1,2753
2026/02/04/02:06:55,6751.478889,0.869250,0.787983,0.879219,0.807606,214,4,2753
2026/02/04/02:06:56,6752.478956,0.886281,0.798936,0.911781,0.815425,219,3,2753
2026/02/04/02:06:57,6753.479050,0.909250,0.822952,0.934750,0.839441,227,3,2753
2026/02/04/02:06:58,6754.479139,0.907156,0.821193,0.932656,0.837681,226,3,2754
2026/02/04/02:06:59,6755.479241,0.893156,0.801599,0.918656,0.818087,221,3,2759
2026/02/04/02:07:00,6756.479337,0.893156,0.801599,0.918656,0.818087,221,3,2759
2026/02/04/02:07:01,6757.479453,0.893156,0.801599,0.918656,0.818087,221,3,2759
2026/02/04/02:07:02,6758.479532,0.883000,0.799579,0.888188,0.812027,220,1,2760
2026/02/04/02:07:03,6759.479629,0.904188,0.846507,0.909375,0.858956,231,1,2760
2026/02/04/02:07:04,6760.479716,0.904188,0.846507,0.909375,0.858956,231,1,2760
2026/02/04/02:07:05,6761.479867,0.912438,0.848210,0.934125,0.864065,232,3,2760
2026/02/04/02:07:06,6762.479953,0.912438,0.848210,0.934125,0.864065,232,3,2760
2026/02/04/02:07:07,6763.480048,0.916375,0.844393,0.929813,0.858545,231,2,2762
2026/02/04/02:07:08,6764.480147,0.916375,0.844393,0.929813,0.858545,231,2,2762
2026/02/04/02:07:09,6765.480233,0.916375,0.844393,0.929813,0.858545,231,2,2762
2026/02/04/02:07:10,6766.480385,0.917438,0.837555,0.922625,0.850004,229,1,2765
2026/02/04/02:07:11,6767.480456,0.912125,0.830130,0.917312,0.842579,227,1,2767
2026/02/04/02:07:12,6768.480613,0.912125,0.830130,0.917312,0.842579,227,1,2767
2026/02/04/02:07:13,6769.480761,0.912125,0.830130,0.917312,0.842579,227,1,2767
2026/02/04/02:07:14,6770.480902,0.910937,0.817247,0.910937,0.817247,225,0,2770
2026/02/04/02:07:15,6771.481084,0.910937,0.817247,0.910937,0.817247,225,0,2770
2026/02/04/02:07:16,6772.481193,0.910937,0.817247,0.910937,0.817247,225,0,2770
2026/02/04/02:07:17,6773.481318,0.910937,0.817247,0.910937,0.817247,225,0,2770
2026/02/04/02:07:18,6774.481355,0.910937,0.817247,0.910937,0.817247,225,0,2770
2026/02/04/02:07:19,6775.481453,0.905406,0.808915,0.905406,0.808915,222,0,2773
2026/02/04/02:07:20,6776.481542,0.905406,0.808915,0.905406,0.808915,222,0,2773
2026/02/04/02:07:21,6777.481788,0.925094,0.818847,0.928344,0.822097,227,2,2773
2026/02/04/02:07:22,6778.481822,0.930125,0.824832,0.930125,0.824832,230,0,2773
2026/02/04/02:07:23,6779.481926,0.926375,0.820988,0.926375,0.820988,228,0,2775
2026/02/04/02:07:24,6780.482026,0.918156,0.809994,0.918156,0.809994,223,0,2780
2026/02/04/02:07:25,6781.482172,0.902219,0.803906,0.902219,0.803906,220,0,2783
2026/02/04/02:07:26,6782.482295,0.900438,0.801171,0.900438,0.801171,219,0,2784
2026/02/04/02:07:27,6783.482389,0.900438,0.801171,0.900438,0.801171,219,0,2784
2026/02/04/02:07:28,6784.482496,0.900438,0.801171,0.900438,0.801171,219,0,2784
2026/02/04/02:07:29,6785.482660,0.900438,0.801171,0.900438,0.801171,219,0,2784
2026/02/04/02:07:30,6786.482762,0.900438,0.801171,0.900438,0.801171,219,0,2784
2026/02/04/02:07:31,6787.482862,0.900438,0.801171,0.900438,0.801171,219,0,2784
2026/02/04/02:07:32,6788.482950,0.900438,0.801171,0.900438,0.801171,219,0,2784
2026/02/04/02:07:33,6789.483100,0.900438,0.801171,0.900438,0.801171,219,0,2784
2026/02/04/02:07:34,6790.483251,0.900438,0.801171,0.900438,0.801171,219,0,2784
2026/02/04/02:07:35,6791.483389,0.900438,0.801171,0.900438,0.801171,219,0,2784
2026/02/04/02:07:36,6792.483495,0.900438,0.801171,0.900438,0.801171,219,0,2784
2026/02/04/02:07:37,6793.483561,0.900438,0.801171,0.900438,0.801171,219,0,2784
2026/02/04/02:07:38,6794.483656,0.900438,0.801171,0.900438,0.801171,219,0,2784
2026/02/04/02:07:39,6795.483756,0.900438,0.801171,0.900438,0.801171,219,0,2784
2026/02/04/02:07:40,6796.483896,0.900438,0.801171,0.900438,0.801171,219,0,2784
2026/02/04/02:07:41,6797.483993,0.900438,0.801171,0.900438,0.801171,219,0,2784
2026/02/04/02:07:42,6798.484145,0.900438,0.801171,0.900438,0.801171,219,0,2784
2026/02/04/02:07:43,6799.484230,0.900438,0.801171,0.900438,0.801171,219,0,2784
2026/02/04/02:07:44,6800.484351,0.900438,0.801171,0.900438,0.801171,219,0,2784
2026/02/04/02:07:45,6801.484439,0.900438,0.801171,0.900438,0.801171,219,0,2784
2026/02/04/02:07:46,6802.484519,0.900438,0.801171,0.900438,0.801171,219,0,2784
2026/02/04/02:07:47,6803.484622,0.900438,0.801171,0.900438,0.801171,219,0,2784
2026/02/04/02:07:48,6804.484708,0.900438,0.801171,0.900438,0.801171,219,0,2784
2026/02/04/02:07:49,6805.484814,0.900438,0.801171,0.900438,0.801171,219,0,2784
2026/02/04/02:07:50,6806.484894,0.900438,0.801171,0.900438,0.801171,219,0,2784
2026/02/04/02:07:51,6807.485041,0.900438,0.801171,0.900438,0.801171,219,0,2784
2026/02/04/02:07:52,6808.486754,0.900438,0.801171,0.900438,0.801171,219,0,2784
2026/02/04/02:07:53,6809.486910,0.900438,0.801171,0.900438,0.801171,219,0,2784
2026/02/04/02:07:54,6810.487056,0.900438,0.801171,0.900438,0.801171,219,0,2784
2026/02/04/02:07:55,6811.487206,0.900438,0.801171,0.900438,0.801171,219,0,2784
2026/02/04/02:07:56,6812.487329,0.900438,0.801171,0.900438,0.801171,219,0,2784
2026/02/04/02:07:57,6813.487416,0.900438,0.801171,0.900438,0.801171,219,0,2784
2026/02/04/02:07:58,6814.487517,0.900438,0.801171,0.900438,0.801171,219,0,2784
2026/02/04/02:07:59,6815.487621,0.900438,0.801171,0.900438,0.801171,219,0,2784
2026/02/04/02:08:00,6816.487718,0.900438,0.801171,0.900438,0.801171,219,0,2784
2026/02/04/02:08:01,6817.487886,0.900438,0.801171,0.900438,0.801171,219,0,2784
2026/02/04/02:08:02,6818.488034,0.900438,0.801171,0.900438,0.801171,219,0,2784
2026/02/04/02:08:03,6819.488129,0.900438,0.801171,0.900438,0.801171,219,0,2784
2026/02/04/02:08:04,6820.488319,0.900438,0.801171,0.900438,0.801171,219,0,2784
2026/02/04/02:08:05,6821.488354,0.900438,0.801171,0.900438,0.801171,219,0,2784
2026/02/04/02:08:06,6822.488581,0.900438,0.801171,0.900438,0.801171,219,0,2784
2026/02/04/02:08:07,6823.488553,0.900438,0.801171,0.900438,0.801171,219,0,2784
2026/02/04/02:08:08,6824.488674,0.900438,0.801171,0.900438,0.801171,219,0,2784
2026/02/04/02:08:09,6825.488819,0.900438,0.801171,0.900438,0.801171,219,0,2784
2026/02/04/02:08:10,6826.488917,0.900438,0.801171,0.900438,0.801171,219,0,2784
2026/02/04/02:08:11,6827.489014,0.900438,0.801171,0.900438,0.801171,219,0,2784
2026/02/04/02:08:12,6828.489101,0.900438,0.801171,0.900438,0.801171,219,0,2784
2026/02/04/02:08:13,6829.489205,0.900438,0.801171,0.900438,0.801171,219,0,2784
2026/02/04/02:08:14,6830.489314,0.900438,0.801171,0.900438,0.801171,219,0,2784
2026/02/04/02:08:15,6831.489349,0.904375,0.807472,0.904375,0.807472,221,0,2784
2026/02/04/02:08:16,6832.489451,0.910094,0.810195,0.910094,0.810195,222,0,2784
2026/02/04/02:08:17,6833.489539,0.910094,0.810195,0.910094,0.810195,222,0,2784
2026/02/04/02:08:18,6834.489639,0.910094,0.810195,0.910094,0.810195,222,0,2784
2026/02/04/02:08:19,6835.489728,0.908125,0.808194,0.908125,0.808194,221,0,2785
2026/02/04/02:08:20,6836.489820,0.908125,0.808194,0.908125,0.808194,221,0,2785
2026/02/04/02:08:21,6837.489910,0.908125,0.808194,0.908125,0.808194,221,0,2785
2026/02/04/02:08:22,6838.489978,0.908125,0.808194,0.908125,0.808194,221,0,2785
2026/02/04/02:08:23,6839.490162,0.908125,0.808194,0.908125,0.808194,221,0,2785
2026/02/04/02:08:24,6840.490255,0.913563,0.813930,0.913563,0.813930,224,0,2785
2026/02/04/02:08:25,6841.490350,0.913563,0.813930,0.913563,0.813930,224,0,2785
2026/02/04/02:08:26,6842.490460,0.913563,0.813930,0.913563,0.813930,224,0,2785
2026/02/04/02:08:27,6843.490527,0.913563,0.813930,0.913563,0.813930,224,0,2785
2026/02/04/02:08:28,6844.490615,0.913563,0.813930,0.913563,0.813930,224,0,2785
2026/02/04/02:08:29,6845.490687,0.913563,0.813930,0.913563,0.813930,224,0,2785
2026/02/04/02:08:30,6846.490812,0.913563,0.813930,0.913563,0.813930,224,0,2785
2026/02/04/02:08:31,6847.490876,0.913563,0.813930,0.913563,0.813930,224,0,2785
2026/02/04/02:08:32,6848.490951,0.913563,0.813930,0.913563,0.813930,224,0,2785
2026/02/04/02:08:33,6849.491079,0.913563,0.813930,0.913563,0.813930,224,0,2785
2026/02/04/02:08:34,6850.491180,0.913563,0.813930,0.913563,0.813930,224,0,2785
2026/02/04/02:08:35,6851.491242,0.913563,0.813930,0.913563,0.813930,224,0,2785
2026/02/04/02:08:36,6852.491362,0.913563,0.813930,0.913563,0.813930,224,0,2785
2026/02/04/02:08:37,6853.491456,0.913563,0.813930,0.913563,0.813930,224,0,2785
2026/02/04/02:08:38,6854.491550,0.913563,0.813930,0.913563,0.813930,224,0,2785
2026/02/04/02:08:39,6855.491650,0.913563,0.813930,0.913563,0.813930,224,0,2785
2026/02/04/02:08:40,6856.491712,0.913563,0.813930,0.913563,0.813930,224,0,2785
2026/02/04/02:08:41,6857.491817,0.913563,0.813930,0.913563,0.813930,224,0,2785
2026/02/04/02:08:42,6858.491923,0.913563,0.813930,0.913563,0.813930,224,0,2785
2026/02/04/02:08:43,6859.492024,0.913563,0.813930,0.913563,0.813930,224,0,2785
2026/02/04/02:08:44,6860.492168,0.913563,0.813930,0.913563,0.813930,224,0,2785
2026/02/04/02:08:45,6861.492242,0.913563,0.813930,0.913563,0.813930,224,0,2785
2026/02/04/02:08:46,6862.492346,0.913563,0.813930,0.913563,0.813930,224,0,2785
2026/02/04/02:08:47,6863.492451,0.913563,0.813930,0.913563,0.813930,224,0,2785
2026/02/04/02:08:48,6864.492605,0.913563,0.813930,0.913563,0.813930,224,0,2785
2026/02/04/02:08:49,6865.492650,0.913563,0.813930,0.913563,0.813930,224,0,2785
2026/02/04/02:08:50,6866.492766,0.913563,0.813930,0.913563,0.813930,224,0,2785
2026/02/04/02:08:51,6867.492838,0.913563,0.813930,0.913563,0.813930,224,0,2785
2026/02/04/02:08:52,6868.492976,0.913563,0.813930,0.913563,0.813930,224,0,2785
2026/02/04/02:08:53,6869.493027,0.888813,0.808821,0.888813,0.808821,221,0,2788
2026/02/04/02:08:54,6870.493124,0.888813,0.808821,0.888813,0.808821,221,0,2788
2026/02/04/02:08:55,6871.493210,0.888813,0.808821,0.888813,0.808821,221,0,2788
2026/02/04/02:08:56,6872.493382,0.883375,0.803084,0.883375,0.803084,218,0,2791
2026/02/04/02:08:57,6873.493473,0.883375,0.803084,0.883375,0.803084,218,0,2791
2026/02/04/02:08:58,6874.493574,0.878687,0.794860,0.878687,0.794860,215,0,2794
2026/02/04/02:08:59,6875.493671,0.878687,0.794860,0.878687,0.794860,215,0,2794
2026/02/04/02:09:00,6876.493766,0.878687,0.794860,0.878687,0.794860,215,0,2794
2026/02/04/02:09:01,6877.493857,0.878687,0.794860,0.878687,0.794860,215,0,2794
2026/02/04/02:09:02,6878.493958,0.878687,0.794860,0.878687,0.794860,215,0,2794
2026/02/04/02:09:03,6879.494046,0.878687,0.794860,0.878687,0.794860,215,0,2794
2026/02/04/02:09:04,6880.494134,0.878687,0.794860,0.878687,0.794860,215,0,2794
2026/02/04/02:09:05,6881.494184,0.873906,0.787685,0.873906,0.787685,212,0,2797
2026/02/04/02:09:06,6882.494306,0.873906,0.787685,0.873906,0.787685,212,0,2797
2026/02/04/02:09:07,6883.494354,0.873906,0.787685,0.873906,0.787685,212,0,2797
2026/02/04/02:09:08,6884.494442,0.899344,0.800821,0.899344,0.800821,217,0,2797
2026/02/04/02:09:09,6885.494539,0.899344,0.800821,0.899344,0.800821,217,0,2797
2026/02/04/02:09:10,6886.494639,0.899344,0.800821,0.899344,0.800821,217,0,2797
2026/02/04/02:09:11,6887.494730,0.899344,0.800821,0.899344,0.800821,217,0,2797
2026/02/04/02:09:12,6888.494820,0.899344,0.800821,0.899344,0.800821,217,0,2797
2026/02/04/02:09:13,6889.494925,0.914375,0.813708,0.914375,0.813708,220,0,2797
2026/02/04/02:09:14,6890.495011,0.918844,0.817096,0.918844,0.817096,221,0,2797
2026/02/04/02:09:15,6891.495155,0.918844,0.817096,0.918844,0.817096,221,0,2797
2026/02/04/02:09:16,6892.495218,0.907031,0.807233,0.907031,0.807233,219,0,2799
2026/02/04/02:09:17,6893.495325,0.907031,0.807233,0.907031,0.807233,219,0,2799
2026/02/04/02:09:18,6894.495411,0.907031,0.807233,0.907031,0.807233,219,0,2799
2026/02/04/02:09:19,6895.495509,0.907031,0.807233,0.907031,0.807233,219,0,2799
2026/02/04/02:09:20,6896.495572,0.907031,0.807233,0.907031,0.807233,219,0,2799
2026/02/04/02:09:21,6897.495673,0.907031,0.807233,0.907031,0.807233,219,0,2799
2026/02/04/02:09:22,6898.495776,0.907031,0.807233,0.907031,0.807233,219,0,2799
2026/02/04/02:09:23,6899.495867,0.907031,0.807233,0.907031,0.807233,219,0,2799
2026/02/04/02:09:24,6900.495970,0.907031,0.807233,0.907031,0.807233,219,0,2799
2026/02/04/02:09:25,6901.496052,0.907031,0.807233,0.907031,0.807233,219,0,2799
2026/02/04/02:09:26,6902.496201,0.907031,0.807233,0.907031,0.807233,219,0,2799
2026/02/04/02:09:27,6903.496288,0.907031,0.807233,0.907031,0.807233,219,0,2799
2026/02/04/02:09:28,6904.496327,0.912094,0.811478,0.921094,0.813490,221,1,2799
2026/02/04/02:09:29,6905.496418,0.907625,0.808089,0.920844,0.824237,220,2,2800
2026/02/04/02:09:30,6906.496505,0.907625,0.808089,0.920844,0.824237,220,2,2800
2026/02/04/02:09:31,6907.496590,0.920094,0.826605,0.933312,0.842753,226,2,2800
2026/02/04/02:09:32,6908.496689,0.920094,0.826605,0.933312,0.842753,226,2,2800
2026/02/04/02:09:33,6909.496738,0.920094,0.826605,0.933312,0.842753,226,2,2800
2026/02/04/02:09:34,6910.496852,0.920094,0.826605,0.929094,0.828617,226,1,2800
2026/02/04/02:09:35,6911.496941,0.920094,0.826605,0.929094,0.828617,226,1,2800
2026/02/04/02:09:36,6912.497027,0.920094,0.826605,0.929094,0.828617,226,1,2800
2026/02/04/02:09:37,6913.497120,0.920094,0.826605,0.929094,0.828617,226,1,2800
2026/02/04/02:09:38,6914.497210,0.920094,0.826605,0.929094,0.828617,226,1,2800
2026/02/04/02:09:39,6915.497285,0.920094,0.826605,0.929094,0.828617,226,1,2800
2026/02/04/02:09:40,6916.497380,0.920094,0.826605,0.929094,0.828617,226,1,2800
2026/02/04/02:09:41,6917.497482,0.918156,0.824831,0.927156,0.826843,225,1,2801
2026/02/04/02:09:42,6918.497571,0.918156,0.824831,0.927156,0.826843,225,1,2801
2026/02/04/02:09:43,6919.497633,0.924344,0.832350,0.933344,0.834362,228,1,2801
2026/02/04/02:09:44,6920.497784,0.921125,0.829327,0.930125,0.831339,227,1,2802
2026/02/04/02:09:45,6921.497881,0.921125,0.829327,0.930125,0.831339,227,1,2802
2026/02/04/02:09:46,6922.497998,0.916063,0.825082,0.925063,0.827094,225,1,2804
2026/02/04/02:09:47,6923.498137,0.916063,0.825082,0.925063,0.827094,225,1,2804
2026/02/04/02:09:48,6924.498230,0.916063,0.825082,0.925063,0.827094,225,1,2804
2026/02/04/02:09:49,6925.498354,0.916063,0.825082,0.925063,0.827094,225,1,2804
2026/02/04/02:09:50,6926.498428,0.916063,0.825082,0.925063,0.827094,225,1,2804
2026/02/04/02:09:51,6927.498530,0.916063,0.825082,0.925063,0.827094,225,1,2804
2026/02/04/02:09:52,6928.498623,0.916063,0.825082,0.925063,0.827094,225,1,2804
2026/02/04/02:09:53,6929.498770,0.916063,0.825082,0.925063,0.827094,225,1,2804
2026/02/04/02:09:54,6930.498861,0.916063,0.825082,0.925063,0.827094,225,1,2804
2026/02/04/02:09:55,6931.498956,0.916063,0.825082,0.925063,0.827094,225,1,2804
2026/02/04/02:09:56,6932.499028,0.916063,0.825082,0.925063,0.827094,225,1,2804
2026/02/04/02:09:57,6933.499099,0.916063,0.825082,0.925063,0.827094,225,1,2804
2026/02/04/02:09:58,6934.499259,0.916063,0.825082,0.925063,0.827094,225,1,2804
2026/02/04/02:09:59,6935.499323,0.930719,0.844737,0.939719,0.846750,229,1,2807
2026/02/04/02:10:00,6936.499399,0.939281,0.868538,0.974000,0.919721,233,9,2807
2026/02/04/02:10:01,6937.499513,0.939281,0.868538,0.977281,0.926418,233,10,2807
2026/02/04/02:10:02,6938.499615,0.937562,0.856360,0.966812,0.895011,231,7,2811
2026/02/04/02:10:03,6939.499881,0.940438,0.860877,0.962844,0.887905,231,5,2813
2026/02/04/02:10:04,6940.499957,0.940438,0.860877,0.962844,0.887905,231,5,2813
2026/02/04/02:10:05,6941.500061,0.940438,0.860877,0.962844,0.887905,231,5,2813
2026/02/04/02:10:06,6942.500211,0.940438,0.860877,0.960031,0.881455,231,4,2813
2026/02/04/02:10:07,6943.500295,0.930031,0.844328,0.933312,0.851025,228,1,2817
2026/02/04/02:10:08,6944.500358,0.930031,0.844328,0.933312,0.851025,228,1,2817
2026/02/04/02:10:09,6945.500435,0.930031,0.844328,0.933312,0.851025,228,1,2817
2026/02/04/02:10:10,6946.500531,0.927781,0.838737,0.927781,0.838737,226,0,2820
2026/02/04/02:10:11,6947.500611,0.920719,0.831437,0.920719,0.831437,224,0,2822
2026/02/04/02:10:12,6948.500709,0.920719,0.831437,0.920719,0.831437,224,0,2822
2026/02/04/02:10:13,6949.500816,0.920719,0.831437,0.920719,0.831437,224,0,2822
2026/02/04/02:10:14,6950.500889,0.920719,0.831437,0.920719,0.831437,224,0,2822
2026/02/04/02:10:15,6951.500986,0.918594,0.828048,0.918594,0.828048,223,0,2823
2026/02/04/02:10:16,6952.501079,0.918594,0.828048,0.918594,0.828048,223,0,2823
2026/02/04/02:10:17,6953.501173,0.918594,0.828048,0.918594,0.828048,223,0,2823
2026/02/04/02:10:18,6954.501306,0.900406,0.827906,0.908469,0.852256,222,2,2826
2026/02/04/02:10:19,6955.501352,0.900406,0.827906,0.908469,0.852256,222,2,2826
2026/02/04/02:10:20,6956.501429,0.909000,0.826194,0.925188,0.829660,223,2,2828
2026/02/04/02:10:21,6957.501582,0.909000,0.826194,0.925188,0.829660,223,2,2828
2026/02/04/02:10:22,6958.501668,0.909000,0.826194,0.925188,0.829660,223,2,2828
2026/02/04/02:10:23,6959.501820,0.909000,0.826194,0.925188,0.829660,223,2,2828
2026/02/04/02:10:24,6960.501905,0.909000,0.826194,0.925188,0.829660,223,2,2828
2026/02/04/02:10:25,6961.501992,0.909000,0.826194,0.925188,0.829660,223,2,2828
2026/02/04/02:10:26,6962.502113,0.900906,0.824460,0.900906,0.824460,222,0,2829
2026/02/04/02:10:27,6963.502197,0.900906,0.824460,0.900906,0.824460,222,0,2829
2026/02/04/02:10:28,6964.502364,0.900906,0.824460,0.900906,0.824460,222,0,2829
2026/02/04/02:10:29,6965.502456,0.900906,0.824460,0.900906,0.824460,222,0,2829
2026/02/04/02:10:30,6966.502553,0.900906,0.824460,0.900906,0.824460,222,0,2829
2026/02/04/02:10:31,6967.502663,0.900906,0.824460,0.900906,0.824460,222,0,2829
2026/02/04/02:10:32,6968.502778,0.900906,0.824460,0.900906,0.824460,222,0,2829
2026/02/04/02:10:33,6969.502855,0.900906,0.824460,0.900906,0.824460,222,0,2829
2026/02/04/02:10:34,6970.502955,0.897719,0.818133,0.897719,0.818133,220,0,2831
2026/02/04/02:10:35,6971.503087,0.890719,0.814280,0.890719,0.814280,218,0,2833
2026/02/04/02:10:36,6972.503175,0.890719,0.814280,0.890719,0.814280,218,0,2833
2026/02/04/02:10:37,6973.503344,0.890719,0.814280,0.890719,0.814280,218,0,2833
2026/02/04/02:10:38,6974.503427,0.890719,0.814280,0.890719,0.814280,218,0,2833
2026/02/04/02:10:39,6975.503518,0.890719,0.814280,0.890719,0.814280,218,0,2833
2026/02/04/02:10:40,6976.503681,0.890719,0.814280,0.890719,0.814280,218,0,2833
2026/02/04/02:10:41,6977.503772,0.890719,0.814280,0.890719,0.814280,218,0,2833
2026/02/04/02:10:42,6978.503912,0.890719,0.814280,0.890719,0.814280,218,0,2833
2026/02/04/02:10:43,6979.503939,0.890719,0.814280,0.890719,0.814280,218,0,2833
2026/02/04/02:10:44,6980.504032,0.890719,0.814280,0.890719,0.814280,218,0,2833
2026/02/04/02:10:45,6981.504128,0.890719,0.814280,0.890719,0.814280,218,0,2833
2026/02/04/02:10:46,6982.504215,0.890719,0.814280,0.890719,0.814280,218,0,2833
2026/02/04/02:10:47,6983.504322,0.890719,0.814280,0.890719,0.814280,218,0,2833
2026/02/04/02:10:48,6984.504413,0.890719,0.814280,0.890719,0.814280,218,0,2833
2026/02/04/02:10:49,6985.504558,0.890719,0.814280,0.890719,0.814280,218,0,2833
2026/02/04/02:10:50,6986.504675,0.890719,0.814280,0.890719,0.814280,218,0,2833
2026/02/04/02:10:51,6987.504775,0.890719,0.814280,0.890719,0.814280,218,0,2833
2026/02/04/02:10:52,6988.504872,0.890719,0.814280,0.890719,0.814280,218,0,2833
2026/02/04/02:10:53,6989.504921,0.890719,0.814280,0.890719,0.814280,218,0,2833
2026/02/04/02:10:54,6990.505017,0.890719,0.814280,0.890719,0.814280,218,0,2833
2026/02/04/02:10:55,6991.505117,0.890719,0.814280,0.890719,0.814280,218,0,2833
2026/02/04/02:10:56,6992.505207,0.890719,0.814280,0.890719,0.814280,218,0,2833
2026/02/04/02:10:57,6993.505319,0.890719,0.814280,0.890719,0.814280,218,0,2833
2026/02/04/02:10:58,6994.505431,0.890719,0.814280,0.890719,0.814280,218,0,2833
2026/02/04/02:10:59,6995.505508,0.890719,0.814280,0.890719,0.814280,218,0,2833
2026/02/04/02:11:00,6996.505572,0.890719,0.814280,0.890719,0.814280,218,0,2833
2026/02/04/02:11:01,6997.505676,0.890719,0.814280,0.890719,0.814280,218,0,2833
2026/02/04/02:11:02,6998.505766,0.890719,0.814280,0.890719,0.814280,218,0,2833
2026/02/04/02:11:03,6999.505852,0.890719,0.814280,0.890719,0.814280,218,0,2833
2026/02/04/02:11:04,7000.505945,0.890719,0.814280,0.890719,0.814280,218,0,2833
2026/02/04/02:11:05,7001.506034,0.909219,0.826241,0.936156,0.832647,222,2,2833
2026/02/04/02:11:06,7002.506181,0.909219,0.826241,0.936156,0.832647,222,2,2833
2026/02/04/02:11:07,7003.506351,0.909219,0.826241,0.936156,0.832647,222,2,2833
2026/02/04/02:11:08,7004.506498,0.909219,0.826241,0.909219,0.826241,222,0,2833
2026/02/04/02:11:09,7005.506593,0.909219,0.826241,0.909219,0.826241,222,0,2833
2026/02/04/02:11:10,7006.506681,0.905156,0.819574,0.905156,0.819574,220,0,2835
2026/02/04/02:11:11,7007.506760,0.905156,0.819574,0.905156,0.819574,220,0,2835
2026/02/04/02:11:12,7008.506862,0.899438,0.816851,0.899438,0.816851,219,0,2836
2026/02/04/02:11:13,7009.506953,0.899438,0.816851,0.899438,0.816851,219,0,2836
2026/02/04/02:11:14,7010.507041,0.899438,0.816851,0.899438,0.816851,219,0,2836
2026/02/04/02:11:15,7011.507166,0.899438,0.816851,0.899438,0.816851,219,0,2836
2026/02/04/02:11:16,7012.507248,0.899438,0.816851,0.899438,0.816851,219,0,2836
2026/02/04/02:11:17,7013.507358,0.899438,0.816851,0.899438,0.816851,219,0,2836
2026/02/04/02:11:18,7014.507437,0.899438,0.816851,0.899438,0.816851,219,0,2836
2026/02/04/02:11:19,7015.507583,0.899438,0.816851,0.899438,0.816851,219,0,2836
2026/02/04/02:11:20,7016.507721,0.887312,0.810461,0.887312,0.810461,217,0,2838
2026/02/04/02:11:21,7017.507866,0.887312,0.810461,0.887312,0.810461,217,0,2838
2026/02/04/02:11:22,7018.507949,0.887312,0.810461,0.887312,0.810461,217,0,2838
2026/02/04/02:11:23,7019.508034,0.887312,0.810461,0.887312,0.810461,217,0,2838
2026/02/04/02:11:24,7020.508130,0.880938,0.804891,0.880938,0.804891,215,0,2840
2026/02/04/02:11:25,7021.508223,0.880938,0.804891,0.880938,0.804891,215,0,2840
2026/02/04/02:11:26,7022.508363,0.880938,0.804891,0.880938,0.804891,215,0,2840
2026/02/04/02:11:27,7023.508440,0.875781,0.795782,0.875781,0.795782,212,0,2843
2026/02/04/02:11:28,7024.508600,0.875781,0.795782,0.875781,0.795782,212,0,2843
2026/02/04/02:11:29,7025.508687,0.875781,0.795782,0.875781,0.795782,212,0,2843
2026/02/04/02:11:30,7026.508834,0.868969,0.783175,0.868969,0.783175,210,0,2845
2026/02/04/02:11:31,7027.508965,0.868969,0.783175,0.868969,0.783175,210,0,2845
2026/02/04/02:11:32,7028.509054,0.868969,0.783175,0.868969,0.783175,210,0,2845
2026/02/04/02:11:33,7029.509207,0.868969,0.783175,0.868969,0.783175,210,0,2845
2026/02/04/02:11:34,7030.509317,0.900062,0.823367,0.915312,0.839464,220,2,2845
2026/02/04/02:11:35,7031.509424,0.900062,0.823367,0.915312,0.839464,220,2,2845
2026/02/04/02:11:36,7032.509507,0.899219,0.826470,0.914469,0.842568,220,2,2848
2026/02/04/02:11:37,7033.509600,0.899219,0.826470,0.914469,0.842568,220,2,2848
2026/02/04/02:11:38,7034.509696,0.899219,0.826470,0.914469,0.842568,220,2,2848
2026/02/04/02:11:39,7035.509785,0.893406,0.811600,0.908656,0.827697,217,2,2851
2026/02/04/02:11:40,7036.509866,0.893406,0.811600,0.908656,0.827697,217,2,2851
2026/02/04/02:11:41,7037.509974,0.893406,0.811600,0.908656,0.827697,217,2,2851
2026/02/04/02:11:42,7038.510072,0.893406,0.811600,0.908656,0.827697,217,2,2851
2026/02/04/02:11:43,7039.510152,0.893406,0.811600,0.908656,0.827697,217,2,2851
2026/02/04/02:11:44,7040.510218,0.888219,0.805304,0.903469,0.821401,215,2,2853
2026/02/04/02:11:45,7041.510318,0.888219,0.805304,0.903469,0.821401,215,2,2853
2026/02/04/02:11:46,7042.510347,0.888219,0.805304,0.903469,0.821401,215,2,2853
2026/02/04/02:11:47,7043.510435,0.888219,0.805304,0.903469,0.821401,215,2,2853
2026/02/04/02:11:48,7044.510540,0.888219,0.805304,0.903469,0.821401,215,2,2853
2026/02/04/02:11:49,7045.510700,0.888219,0.805304,0.903469,0.821401,215,2,2853
2026/02/04/02:11:50,7046.510786,0.888219,0.805304,0.903469,0.821401,215,2,2853
2026/02/04/02:11:51,7047.510922,0.888219,0.805304,0.903469,0.821401,215,2,2853
2026/02/04/02:11:52,7048.511001,0.888219,0.805304,0.903469,0.821401,215,2,2853
2026/02/04/02:11:53,7049.511092,0.888219,0.805304,0.903469,0.821401,215,2,2853
2026/02/04/02:11:54,7050.511246,0.888219,0.805304,0.903469,0.821401,215,2,2853
2026/02/04/02:11:55,7051.511361,0.888219,0.805304,0.903469,0.821401,215,2,2853
2026/02/04/02:11:56,7052.511525,0.888219,0.805304,0.903469,0.821401,215,2,2853
2026/02/04/02:11:57,7053.511607,0.888219,0.805304,0.903469,0.821401,215,2,2853
2026/02/04/02:11:58,7054.511714,0.888219,0.805304,0.903469,0.821401,215,2,2853
2026/02/04/02:11:59,7055.511762,0.888219,0.805304,0.903469,0.821401,215,2,2853
2026/02/04/02:12:00,7056.511935,0.888219,0.805304,0.903469,0.821401,215,2,2853
2026/02/04/02:12:01,7057.512069,0.888219,0.805304,0.903469,0.821401,215,2,2853
2026/02/04/02:12:02,7058.512136,0.888219,0.805304,0.903469,0.821401,215,2,2853
2026/02/04/02:12:03,7059.512255,0.888219,0.805304,0.903469,0.821401,215,2,2853
2026/02/04/02:12:04,7060.512358,0.888219,0.805304,0.903469,0.821401,215,2,2853
2026/02/04/02:12:05,7061.512460,0.888219,0.805304,0.903469,0.821401,215,2,2853
2026/02/04/02:12:06,7062.512530,0.888219,0.805304,0.903469,0.821401,215,2,2853
2026/02/04/02:12:07,7063.512636,0.888219,0.805304,0.903469,0.821401,215,2,2853
2026/02/04/02:12:08,7064.512722,0.888219,0.805304,0.903469,0.821401,215,2,2853
2026/02/04/02:12:09,7065.512822,0.888219,0.805304,0.903469,0.821401,215,2,2853
2026/02/04/02:12:10,7066.512913,0.903375,0.815862,0.918625,0.831960,218,2,2853
2026/02/04/02:12:11,7067.513014,0.908062,0.819300,0.923312,0.835397,219,2,2853
2026/02/04/02:12:12,7068.513097,0.920031,0.833117,0.940250,0.863627,224,3,2853
2026/02/04/02:12:13,7069.513185,0.915344,0.829680,0.935562,0.860190,223,3,2854
2026/02/04/02:12:14,7070.513284,0.909469,0.823702,0.929688,0.854212,221,3,2856
2026/02/04/02:12:15,7071.513342,0.909469,0.823702,0.929688,0.854212,221,3,2856
2026/02/04/02:12:16,7072.513431,0.907687,0.821923,0.927906,0.852433,220,3,2857
2026/02/04/02:12:17,7073.513509,0.907687,0.821923,0.927906,0.852433,220,3,2857
2026/02/04/02:12:18,7074.513618,0.907687,0.821923,0.927906,0.852433,220,3,2857
2026/02/04/02:12:19,7075.513705,0.903375,0.815862,0.923594,0.846372,218,3,2859
2026/02/04/02:12:20,7076.513793,0.903375,0.815862,0.923594,0.846372,218,3,2859
2026/02/04/02:12:21,7077.513884,0.903375,0.815862,0.923594,0.846372,218,3,2859
2026/02/04/02:12:22,7078.514005,0.894781,0.812593,0.915000,0.843103,217,3,2860
2026/02/04/02:12:23,7079.514137,0.894781,0.812593,0.915000,0.843103,217,3,2860
2026/02/04/02:12:24,7080.514290,0.894781,0.812593,0.915000,0.843103,217,3,2860
2026/02/04/02:12:25,7081.514397,0.894781,0.812593,0.915000,0.843103,217,3,2860
2026/02/04/02:12:26,7082.514537,0.894781,0.812593,0.915000,0.843103,217,3,2860
2026/02/04/02:12:27,7083.514695,0.894781,0.812593,0.915000,0.843103,217,3,2860
2026/02/04/02:12:28,7084.514806,0.894781,0.812593,0.915000,0.843103,217,3,2860
2026/02/04/02:12:29,7085.514890,0.894781,0.812593,0.915000,0.843103,217,3,2860
2026/02/04/02:12:30,7086.514977,0.894781,0.812593,0.915000,0.843103,217,3,2860
2026/02/04/02:12:31,7087.515071,0.894781,0.812593,0.915000,0.843103,217,3,2860
2026/02/04/02:12:32,7088.515164,0.894781,0.812593,0.915000,0.843103,217,3,2860
2026/02/04/02:12:33,7089.515247,0.894781,0.812593,0.915000,0.843103,217,3,2860
2026/02/04/02:12:34,7090.515350,0.894781,0.812593,0.915000,0.843103,217,3,2860
2026/02/04/02:12:35,7091.515520,0.894781,0.812593,0.915000,0.843103,217,3,2860
2026/02/04/02:12:36,7092.515543,0.894781,0.812593,0.915000,0.843103,217,3,2860
2026/02/04/02:12:37,7093.515620,0.894781,0.812593,0.915000,0.843103,217,3,2860
2026/02/04/02:12:38,7094.515713,0.894781,0.812593,0.915000,0.843103,217,3,2860
2026/02/04/02:12:39,7095.515804,0.894781,0.812593,0.915000,0.843103,217,3,2860
2026/02/04/02:12:40,7096.515877,0.894781,0.812593,0.915000,0.843103,217,3,2860
2026/02/04/02:12:41,7097.516006,0.894781,0.812593,0.915000,0.843103,217,3,2860
2026/02/04/02:12:42,7098.516084,0.894781,0.812593,0.915000,0.843103,217,3,2860
2026/02/04/02:12:43,7099.516180,0.894781,0.812593,0.915000,0.843103,217,3,2860
2026/02/04/02:12:44,7100.516282,0.894781,0.812593,0.915000,0.843103,217,3,2860
2026/02/04/02:12:45,7101.516418,0.894781,0.812593,0.915000,0.843103,217,3,2860
2026/02/04/02:12:46,7102.516508,0.894781,0.812593,0.915000,0.843103,217,3,2860
2026/02/04/02:12:47,7103.516594,0.894781,0.812593,0.915000,0.843103,217,3,2860
2026/02/04/02:12:48,7104.516665,0.888219,0.805304,0.908438,0.835814,215,3,2862
2026/02/04/02:12:49,7105.516762,0.888219,0.805304,0.908438,0.835814,215,3,2862
2026/02/04/02:12:50,7106.516858,0.888219,0.805304,0.908438,0.835814,215,3,2862
2026/02/04/02:12:51,7107.516944,0.888219,0.805304,0.908438,0.835814,215,3,2862
2026/02/04/02:12:52,7108.517040,0.907813,0.837598,0.975187,0.894937,220,8,2862
2026/02/04/02:12:53,7109.517128,0.907813,0.837598,0.975187,0.894937,220,8,2862
2026/02/04/02:12:54,7110.517322,0.907813,0.837598,0.975187,0.894937,220,8,2862
2026/02/04/02:12:55,7111.517419,0.907813,0.837598,0.975187,0.894937,220,8,2862
2026/02/04/02:12:56,7112.517513,0.907813,0.837598,0.975187,0.894937,220,8,2862
2026/02/04/02:12:57,7113.517654,0.919531,0.852947,0.971156,0.895794,224,6,2862
2026/02/04/02:12:58,7114.517746,0.919531,0.852947,0.944906,0.890883,224,4,2862
2026/02/04/02:12:59,7115.517831,0.919531,0.852947,0.944906,0.890883,224,4,2862
2026/02/04/02:13:00,7116.517919,0.919531,0.852947,0.944906,0.890883,224,4,2862
2026/02/04/02:13:01,7117.518027,0.913781,0.843172,0.939156,0.881108,222,4,2864
2026/02/04/02:13:02,7118.518122,0.913781,0.843172,0.939156,0.881108,222,4,2864
2026/02/04/02:13:03,7119.518207,0.910125,0.840929,0.935500,0.878865,221,4,2865
2026/02/04/02:13:04,7120.518318,0.910125,0.840929,0.935500,0.878865,221,4,2865
2026/02/04/02:13:05,7121.518428,0.910125,0.840929,0.935500,0.878865,221,4,2865
2026/02/04/02:13:06,7122.518524,0.910125,0.840929,0.935500,0.878865,221,4,2865
2026/02/04/02:13:07,7123.518614,0.910125,0.840929,0.935500,0.878865,221,4,2865
2026/02/04/02:13:08,7124.518764,0.906563,0.826473,0.931937,0.864409,219,4,2867
2026/02/04/02:13:09,7125.518904,0.917156,0.837278,0.942531,0.875214,224,4,2867
2026/02/04/02:13:10,7126.519012,0.914625,0.836385,0.934844,0.866895,222,3,2870
2026/02/04/02:13:11,7127.519067,0.914625,0.836385,0.934844,0.866895,222,3,2870
2026/02/04/02:13:12,7128.519167,0.906062,0.827712,0.921312,0.843809,218,2,2874
2026/02/04/02:13:13,7129.519260,0.906062,0.827712,0.921312,0.843809,218,2,2874
2026/02/04/02:13:14,7130.519347,0.915469,0.843001,0.930719,0.859098,222,2,2874
2026/02/04/02:13:15,7131.519505,0.915469,0.843001,0.930719,0.859098,222,2,2874
2026/02/04/02:13:16,7132.519525,0.928750,0.862270,0.992375,0.908126,226,9,2874
2026/02/04/02:13:17,7133.519592,0.937656,0.869643,0.995375,0.913750,229,8,2875
2026/02/04/02:13:18,7134.519707,0.937656,0.869643,0.995375,0.913750,229,8,2875
2026/02/04/02:13:19,7135.519807,0.923219,0.863694,0.961781,0.901988,226,5,2878
2026/02/04/02:13:20,7136.519889,0.923219,0.863694,0.961781,0.901988,226,5,2878
2026/02/04/02:13:21,7137.519982,0.923219,0.863694,0.961781,0.901988,226,5,2878
2026/02/04/02:13:22,7138.520048,0.923219,0.863694,0.961781,0.901988,226,5,2878
2026/02/04/02:13:23,7139.520201,0.923219,0.863694,0.961781,0.901988,226,5,2878
2026/02/04/02:13:24,7140.520327,0.917594,0.856022,0.938094,0.878925,223,3,2881
2026/02/04/02:13:25,7141.520416,0.917594,0.856022,0.938094,0.878925,223,3,2881
2026/02/04/02:13:26,7142.520528,0.917594,0.856022,0.938094,0.878925,223,3,2881
2026/02/04/02:13:27,7143.520615,0.917594,0.856022,0.938094,0.878925,223,3,2881
2026/02/04/02:13:28,7144.520709,0.917594,0.856022,0.938094,0.878925,223,3,2881
2026/02/04/02:13:29,7145.520814,0.917594,0.856022,0.938094,0.878925,223,3,2881
2026/02/04/02:13:30,7146.520966,0.917594,0.856022,0.938094,0.878925,223,3,2881
2026/02/04/02:13:31,7147.521065,0.917594,0.856022,0.938094,0.878925,223,3,2881
2026/02/04/02:13:32,7148.521209,0.917594,0.856022,0.932844,0.872119,223,2,2881
2026/02/04/02:13:33,7149.521355,0.917594,0.856022,0.932844,0.872119,223,2,2881
2026/02/04/02:13:34,7150.521458,0.920781,0.858285,0.941906,0.879247,224,3,2881
2026/02/04/02:13:35,7151.521611,0.918813,0.853056,0.939937,0.874019,223,3,2882
2026/02/04/02:13:36,7152.521768,0.918813,0.853056,0.939937,0.874019,223,3,2882
2026/02/04/02:13:37,7153.521942,0.921500,0.855659,0.936750,0.871756,223,2,2883
2026/02/04/02:13:38,7154.522052,0.921500,0.855659,0.936750,0.871756,223,2,2883
2026/02/04/02:13:39,7155.522131,0.921500,0.855659,0.936750,0.871756,223,2,2883
2026/02/04/02:13:40,7156.522309,0.921500,0.855659,0.936750,0.871756,223,2,2883
2026/02/04/02:13:41,7157.522342,0.926406,0.858104,0.951469,0.879091,224,4,2883
2026/02/04/02:13:42,7158.522501,0.926406,0.858104,0.951469,0.879091,224,4,2883
2026/02/04/02:13:43,7159.522621,0.929281,0.858416,0.949438,0.876959,224,3,2884
2026/02/04/02:13:44,7160.522707,0.928312,0.855996,0.943562,0.872093,224,2,2885
2026/02/04/02:13:45,7161.522845,0.928312,0.855996,0.943562,0.872093,224,2,2885
2026/02/04/02:13:46,7162.522940,0.928312,0.855996,0.943562,0.872093,224,2,2885
2026/02/04/02:13:47,7163.523054,0.928312,0.855996,0.943562,0.872093,224,2,2885
2026/02/04/02:13:48,7164.523134,0.925906,0.851990,0.941156,0.868087,223,2,2886
2026/02/04/02:13:49,7165.523256,0.923500,0.847984,0.938750,0.864081,222,2,2887
2026/02/04/02:13:50,7166.523397,0.923500,0.847984,0.938750,0.864081,222,2,2887
2026/02/04/02:13:51,7167.523506,0.923500,0.847984,0.938750,0.864081,222,2,2887
2026/02/04/02:13:52,7168.523648,0.923500,0.847984,0.938750,0.864081,222,2,2887
2026/02/04/02:13:53,7169.523753,0.923500,0.847984,0.938750,0.864081,222,2,2887
2026/02/04/02:13:54,7170.523964,0.923500,0.847984,0.938750,0.864081,222,2,2887
2026/02/04/02:13:55,7171.523999,0.923500,0.847984,0.938750,0.864081,222,2,2887
2026/02/04/02:13:56,7172.524163,0.919531,0.844077,0.934781,0.860175,221,2,2888
2026/02/04/02:13:57,7173.524249,0.919531,0.844077,0.934781,0.860175,221,2,2888
2026/02/04/02:13:58,7174.524350,0.919531,0.844077,0.934781,0.860175,221,2,2888
2026/02/04/02:13:59,7175.524503,0.919531,0.844077,0.934781,0.860175,221,2,2888
2026/02/04/02:14:00,7176.524598,0.919531,0.844077,0.934781,0.860175,221,2,2888
2026/02/04/02:14:01,7177.524708,0.919531,0.844077,0.934781,0.860175,221,2,2888
2026/02/04/02:14:02,7178.524868,0.919531,0.844077,0.934781,0.860175,221,2,2888
2026/02/04/02:14:03,7179.524954,0.919531,0.844077,0.934781,0.860175,221,2,2888
2026/02/04/02:14:04,7180.525022,0.919531,0.844077,0.934781,0.860175,221,2,2888
2026/02/04/02:14:05,7181.525105,0.919531,0.844077,0.934781,0.860175,221,2,2888
2026/02/04/02:14:06,7182.525204,0.919531,0.844077,0.934781,0.860175,221,2,2888
2026/02/04/02:14:07,7183.525330,0.919531,0.844077,0.934781,0.860175,221,2,2888
2026/02/04/02:14:08,7184.525422,0.919531,0.844077,0.934781,0.860175,221,2,2888
2026/02/04/02:14:09,7185.525568,0.919531,0.844077,0.934781,0.860175,221,2,2888
2026/02/04/02:14:10,7186.525728,0.919531,0.844077,0.934781,0.860175,221,2,2888
2026/02/04/02:14:11,7187.525867,0.919531,0.844077,0.934781,0.860175,221,2,2888
2026/02/04/02:14:12,7188.525953,0.919531,0.844077,0.934781,0.860175,221,2,2888
2026/02/04/02:14:13,7189.526111,0.919531,0.844077,0.934781,0.860175,221,2,2888
2026/02/04/02:14:14,7190.526212,0.919531,0.844077,0.934781,0.860175,221,2,2888
2026/02/04/02:14:15,7191.526320,0.919531,0.844077,0.934781,0.860175,221,2,2888
2026/02/04/02:14:16,7192.526395,0.919531,0.844077,0.934781,0.860175,221,2,2888
2026/02/04/02:14:17,7193.526543,0.919531,0.844077,0.934781,0.860175,221,2,2888
2026/02/04/02:14:18,7194.526633,0.914031,0.839358,0.929281,0.855455,219,2,2890
2026/02/04/02:14:19,7195.526780,0.914031,0.839358,0.929281,0.855455,219,2,2890
2026/02/04/02:14:20,7196.526924,0.914031,0.839358,0.929281,0.855455,219,2,2890
2026/02/04/02:14:21,7197.527074,0.914031,0.839358,0.929281,0.855455,219,2,2890
2026/02/04/02:14:22,7198.527166,0.914031,0.839358,0.929281,0.855455,219,2,2890
2026/02/04/02:14:23,7199.527285,0.914031,0.839358,0.929281,0.855455,219,2,2890
2026/02/04/02:14:24,7200.527414,0.914031,0.839358,0.929281,0.855455,219,2,2890
2026/02/04/02:14:25,7201.527471,0.914031,0.839358,0.929281,0.855455,219,2,2890
2026/02/04/02:14:26,7202.527554,0.914031,0.839358,0.929281,0.855455,219,2,2890
2026/02/04/02:14:27,7203.527624,0.914031,0.839358,0.929281,0.855455,219,2,2890
2026/02/04/02:14:28,7204.527787,0.914031,0.839358,0.929281,0.855455,219,2,2890
