timestamp,event,pod_name,pod_uid,priority,time_s
2026/01/26/20:14:00,apply-time,rs-000108-4x5mp,d64a608b-4995-42d7-a9e8-bdaff79c8645,1,19.495895
2026/01/26/20:14:00,running-time,rs-000108-4x5mp,d64a608b-4995-42d7-a9e8-bdaff79c8645,1,19.495895
2026/01/26/20:14:00,apply-time,rs-000108-mlwhw,3e27dd99-3fdf-4e52-8fd3-310f7e4604e8,1,19.495895
2026/01/26/20:14:00,running-time,rs-000108-mlwhw,3e27dd99-3fdf-4e52-8fd3-310f7e4604e8,1,19.495895
2026/01/26/20:14:24,apply-time,rs-000110-2t64k,eb56eac7-6d51-485a-8f41-c09336ba251a,1,43.495895
2026/01/26/20:14:24,running-time,rs-000110-2t64k,eb56eac7-6d51-485a-8f41-c09336ba251a,1,43.495895
2026/01/26/20:14:24,apply-time,rs-000111-lvhf2,d0652fb4-4e41-4b43-9262-3ef63bc94661,1,43.495895
2026/01/26/20:14:24,apply-time,rs-000112-25szc,00133262-568a-4196-b738-443a846ac9b4,1,43.495895
2026/01/26/20:14:24,running-time,rs-000112-25szc,00133262-568a-4196-b738-443a846ac9b4,1,43.495895
2026/01/26/20:14:24,apply-time,rs-000112-mczn2,a30f46ed-47e3-4797-9d1d-0cb536ec9dfa,1,43.495895
2026/01/26/20:14:24,running-time,rs-000112-mczn2,a30f46ed-47e3-4797-9d1d-0cb536ec9dfa,1,43.495895
2026/01/26/20:14:24,apply-time,rs-000113-jx62s,e91753df-920a-45df-be9a-87902a04cb4f,1,43.495895
2026/01/26/20:14:24,running-time,rs-000113-jx62s,e91753df-920a-45df-be9a-87902a04cb4f,1,43.495895
2026/01/26/20:14:24,apply-time,rs-000113-pfsq6,de8b69c5-5f43-4438-8ea9-94b681f4d9e6,1,43.495895
2026/01/26/20:14:24,running-time,rs-000113-pfsq6,de8b69c5-5f43-4438-8ea9-94b681f4d9e6,1,43.495895
2026/01/26/20:14:24,apply-time,rs-000114-tj8d4,184b15dd-4320-4411-a9ee-b4253c56db00,1,43.495895
2026/01/26/20:14:24,running-time,rs-000114-tj8d4,184b15dd-4320-4411-a9ee-b4253c56db00,1,43.495895
2026/01/26/20:14:24,apply-time,rs-000116-7fzch,9aa85cd8-1edb-4cff-81b4-68ee5dd35044,1,43.495895
2026/01/26/20:14:24,apply-time,rs-000116-9kgmf,0d4b51a9-10a4-4474-8dc7-02337f3af030,1,43.495895
2026/01/26/20:14:24,running-time,rs-000116-9kgmf,0d4b51a9-10a4-4474-8dc7-02337f3af030,1,43.495895
2026/01/26/20:14:25,apply-time,rs-000115-t4t7k,1282ac41-2e13-4d5a-ac1c-d9cc562244f1,1,44.495895
2026/01/26/20:14:25,running-time,rs-000116-7fzch,9aa85cd8-1edb-4cff-81b4-68ee5dd35044,1,43.495895
2026/01/26/20:14:25,apply-time,rs-000116-jrrh7,b19c9a70-ce38-47f4-8e06-364fe2e15852,1,43.495895
2026/01/26/20:14:25,running-time,rs-000116-jrrh7,b19c9a70-ce38-47f4-8e06-364fe2e15852,1,43.495895
2026/01/26/20:14:26,apply-time,rs-000117-97b4m,a98f07de-7052-4706-8878-560fb7c82f74,1,45.495895
2026/01/26/20:14:26,running-time,rs-000117-97b4m,a98f07de-7052-4706-8878-560fb7c82f74,1,45.495895
2026/01/26/20:14:26,apply-time,rs-000117-b82cc,948e7e50-f598-4e55-b028-23ee4a702fad,1,45.495895
2026/01/26/20:14:26,running-time,rs-000117-b82cc,948e7e50-f598-4e55-b028-23ee4a702fad,1,45.495895
2026/01/26/20:14:26,apply-time,rs-000118-4lgrp,f566e1b5-3c46-4851-880e-1c3108c72f1f,1,45.495895
2026/01/26/20:14:26,running-time,rs-000118-4lgrp,f566e1b5-3c46-4851-880e-1c3108c72f1f,1,45.495895
2026/01/26/20:14:26,apply-time,rs-000118-4lrjx,e1aaff5d-7c90-42fd-81b1-8a69a613c93f,1,45.495895
2026/01/26/20:14:26,running-time,rs-000118-4lrjx,e1aaff5d-7c90-42fd-81b1-8a69a613c93f,1,45.495895
2026/01/26/20:14:26,apply-time,rs-000118-spm9h,2d5769b0-1f7c-4b58-ae1b-b1b165e91676,1,45.495895
2026/01/26/20:14:26,running-time,rs-000118-spm9h,2d5769b0-1f7c-4b58-ae1b-b1b165e91676,1,45.495895
2026/01/26/20:14:34,running-time,rs-000115-t4t7k,1282ac41-2e13-4d5a-ac1c-d9cc562244f1,1,53.495895
2026/01/26/20:16:30,apply-time,rs-000119-9cjfc,b31e34ee-d5f1-493e-80cd-d778795f3d3e,1,168.495895
2026/01/26/20:16:30,running-time,rs-000119-9cjfc,b31e34ee-d5f1-493e-80cd-d778795f3d3e,1,168.495895
2026/01/26/20:18:13,apply-time,rs-000120-d46rq,2ab6900a-e8d0-4aa1-8557-6654e6d7bd73,1,271.495895
2026/01/26/20:18:13,running-time,rs-000120-d46rq,2ab6900a-e8d0-4aa1-8557-6654e6d7bd73,1,271.495895
2026/01/26/20:18:13,apply-time,rs-000120-pll5z,5f5add81-7abb-4aae-976e-832c9d4c967a,1,271.495895
2026/01/26/20:18:13,running-time,rs-000120-pll5z,5f5add81-7abb-4aae-976e-832c9d4c967a,1,271.495895
2026/01/26/20:18:13,apply-time,rs-000121-qc6tl,2a5596c9-0aa3-4983-aaad-70f3c8012c96,1,271.495895
2026/01/26/20:18:13,running-time,rs-000121-qc6tl,2a5596c9-0aa3-4983-aaad-70f3c8012c96,1,271.495895
2026/01/26/20:18:18,apply-time,rs-000122-7nsjh,bc900888-95e9-4c47-b9cb-adc8e769d24e,1,276.495895
2026/01/26/20:18:18,running-time,rs-000122-7nsjh,bc900888-95e9-4c47-b9cb-adc8e769d24e,1,276.495895
2026/01/26/20:18:18,apply-time,rs-000122-qrpjq,dd8e9074-f675-4e02-be40-b079505f7936,1,276.495895
2026/01/26/20:18:18,running-time,rs-000122-qrpjq,dd8e9074-f675-4e02-be40-b079505f7936,1,276.495895
2026/01/26/20:18:18,apply-time,rs-000122-z82fm,9644fe58-f258-4f8f-b780-644c9ccb6798,1,276.495895
2026/01/26/20:18:18,running-time,rs-000122-z82fm,9644fe58-f258-4f8f-b780-644c9ccb6798,1,276.495895
2026/01/26/20:20:20,apply-time,rs-000123-v4mxk,44e13649-3b82-4f7c-9505-3f45ebff7074,1,398.495895
2026/01/26/20:20:20,running-time,rs-000123-v4mxk,44e13649-3b82-4f7c-9505-3f45ebff7074,1,398.495895
2026/01/26/20:20:20,apply-time,rs-000124-jq94k,c0410939-3ecb-414e-8c2f-d1f5f902e621,1,399.495895
2026/01/26/20:20:20,apply-time,rs-000125-kdjmc,68b78597-e5e3-4726-91f5-eba90b41dba9,1,399.495895
2026/01/26/20:20:20,running-time,rs-000125-kdjmc,68b78597-e5e3-4726-91f5-eba90b41dba9,1,399.495895
2026/01/26/20:20:20,apply-time,rs-000127-cr4wd,02780fd7-ac7f-46a7-b06f-23d094d02f5e,1,399.495895
2026/01/26/20:20:20,running-time,rs-000127-cr4wd,02780fd7-ac7f-46a7-b06f-23d094d02f5e,1,399.495895
2026/01/26/20:20:21,running-time,rs-000124-jq94k,c0410939-3ecb-414e-8c2f-d1f5f902e621,1,399.495895
2026/01/26/20:20:21,apply-time,rs-000126-hk5qn,9871eaa2-eec4-4739-8d9f-c9ef3f1e9fda,1,399.495895
2026/01/26/20:20:21,running-time,rs-000126-hk5qn,9871eaa2-eec4-4739-8d9f-c9ef3f1e9fda,1,399.495895
2026/01/26/20:20:21,apply-time,rs-000126-kj6kr,aecaac72-eb22-4bd8-ac0f-552fa4a97a22,1,399.495895
2026/01/26/20:20:21,running-time,rs-000126-kj6kr,aecaac72-eb22-4bd8-ac0f-552fa4a97a22,1,399.495895
2026/01/26/20:20:23,apply-time,rs-000128-hsbsf,60c1f049-5598-49ef-b3a8-382d947d4d63,1,401.495895
2026/01/26/20:20:23,running-time,rs-000128-hsbsf,60c1f049-5598-49ef-b3a8-382d947d4d63,1,401.495895
2026/01/26/20:20:23,apply-time,rs-000128-qs5c6,78f8a440-85ef-4fa2-9945-4b374ab8b0ef,1,401.495895
2026/01/26/20:20:23,running-time,rs-000128-qs5c6,78f8a440-85ef-4fa2-9945-4b374ab8b0ef,1,401.495895
2026/01/26/20:20:23,apply-time,rs-000129-6gxbh,cf392019-c07f-443b-b177-1a160f8bfbbb,1,401.495895
2026/01/26/20:20:23,running-time,rs-000129-6gxbh,cf392019-c07f-443b-b177-1a160f8bfbbb,1,401.495895
2026/01/26/20:20:23,apply-time,rs-000129-q8c9s,8b12c1ef-a474-4ae9-b76d-91492bbf70f0,1,401.495895
2026/01/26/20:20:23,running-time,rs-000129-q8c9s,8b12c1ef-a474-4ae9-b76d-91492bbf70f0,1,401.495895
2026/01/26/20:20:23,apply-time,rs-000130-ndb9b,46ca40a3-ef81-4f45-996c-06adec98946f,1,401.495895
2026/01/26/20:20:23,running-time,rs-000130-ndb9b,46ca40a3-ef81-4f45-996c-06adec98946f,1,401.495895
2026/01/26/20:20:23,apply-time,rs-000131-c2gcb,ee3479dd-4475-4ba5-b215-cfb0ec8d5f8e,1,401.495895
2026/01/26/20:20:23,running-time,rs-000131-c2gcb,ee3479dd-4475-4ba5-b215-cfb0ec8d5f8e,1,401.495895
2026/01/26/20:20:23,apply-time,rs-000131-ksdgv,f71fbf2e-b61f-42bb-b40a-ff489845aff5,1,401.495895
2026/01/26/20:20:23,running-time,rs-000131-ksdgv,f71fbf2e-b61f-42bb-b40a-ff489845aff5,1,401.495895
2026/01/26/20:20:23,apply-time,rs-000131-nmdvt,dc43db99-bc25-4ccf-a1be-0681ef74a915,1,401.495895
2026/01/26/20:20:23,running-time,rs-000131-nmdvt,dc43db99-bc25-4ccf-a1be-0681ef74a915,1,401.495895
2026/01/26/20:20:45,apply-time,rs-000132-h8cbm,4359436e-70d0-4529-888b-a72e0a1a01bd,1,423.495895
2026/01/26/20:20:45,running-time,rs-000132-h8cbm,4359436e-70d0-4529-888b-a72e0a1a01bd,1,423.495895
2026/01/26/20:20:45,apply-time,rs-000133-9tdxm,28f267d3-b109-4b16-8595-b4ed94ca0033,1,423.495895
2026/01/26/20:20:45,running-time,rs-000133-9tdxm,28f267d3-b109-4b16-8595-b4ed94ca0033,1,423.495895
2026/01/26/20:20:45,apply-time,rs-000133-vn7j7,cee6b99b-d0f1-4de8-b520-6c3cdf02cf6a,1,423.495895
2026/01/26/20:20:45,running-time,rs-000133-vn7j7,cee6b99b-d0f1-4de8-b520-6c3cdf02cf6a,1,423.495895
2026/01/26/20:20:55,apply-time,rs-000134-5m6jv,ca55eb04-0320-454c-8b1a-cace6ab9b98d,1,434.495895
2026/01/26/20:20:55,apply-time,rs-000134-sl2wk,74b0cfa3-cbff-4160-b740-2211e451dca5,1,434.495895
2026/01/26/20:20:56,running-time,rs-000134-5m6jv,ca55eb04-0320-454c-8b1a-cace6ab9b98d,1,434.495895
2026/01/26/20:20:56,running-time,rs-000134-sl2wk,74b0cfa3-cbff-4160-b740-2211e451dca5,1,434.495895
2026/01/26/20:21:04,apply-time,rs-000135-95dtz,0a176005-1923-4c7e-b0aa-7f7892e4f295,1,442.495895
2026/01/26/20:21:04,running-time,rs-000135-95dtz,0a176005-1923-4c7e-b0aa-7f7892e4f295,1,442.495895
2026/01/26/20:21:04,apply-time,rs-000135-qdvzc,7ebdd377-7372-481a-8062-3a93cc4d12e8,1,442.495895
2026/01/26/20:21:04,running-time,rs-000135-qdvzc,7ebdd377-7372-481a-8062-3a93cc4d12e8,1,442.495895
2026/01/26/20:21:04,apply-time,rs-000136-wgb59,e81cd66c-e695-4a86-9b66-fa678577d862,1,442.495895
2026/01/26/20:21:04,running-time,rs-000136-wgb59,e81cd66c-e695-4a86-9b66-fa678577d862,1,442.495895
2026/01/26/20:21:18,apply-time,rs-000137-nr4jk,79bbef92-f42e-409b-a6bc-bab9fd78014c,1,456.495895
2026/01/26/20:21:18,apply-time,rs-000137-rvgkc,6b471062-dd50-49dd-8b05-af15a607c69a,1,456.495895
2026/01/26/20:22:32,apply-time,rs-000138-58n8p,5a3ff56a-4540-4b36-9d04-b8a0ff84f7b3,1,530.495895
2026/01/26/20:22:32,running-time,rs-000138-58n8p,5a3ff56a-4540-4b36-9d04-b8a0ff84f7b3,1,530.495895
2026/01/26/20:22:32,apply-time,rs-000138-x65jb,0ed9d6b0-40b8-464e-a172-faf4564e0fd0,1,530.495895
2026/01/26/20:22:32,running-time,rs-000138-x65jb,0ed9d6b0-40b8-464e-a172-faf4564e0fd0,1,530.495895
2026/01/26/20:22:32,apply-time,rs-000139-l5bnv,c237669a-d290-46a0-a354-9a35ad6c94aa,1,530.495895
2026/01/26/20:22:32,running-time,rs-000139-l5bnv,c237669a-d290-46a0-a354-9a35ad6c94aa,1,530.495895
2026/01/26/20:22:32,apply-time,rs-000140-9tdvx,ae64284e-f0e1-4c9b-9403-8f0e2e26d2c9,1,530.495895
2026/01/26/20:22:32,apply-time,rs-000140-cvt6l,c55a41b5-e64b-4d1c-8999-9bb33dc0e3a9,1,530.495895
2026/01/26/20:22:33,apply-time,rs-000141-75xfr,d06f8cf1-cf8b-49be-99f5-2e344993144a,1,531.495895
2026/01/26/20:22:33,running-time,rs-000141-75xfr,d06f8cf1-cf8b-49be-99f5-2e344993144a,1,531.495895
2026/01/26/20:22:33,apply-time,rs-000141-j72lx,4fb1a3fe-334a-4cac-ac23-67ba1f4d01ec,1,531.495895
2026/01/26/20:22:33,running-time,rs-000141-j72lx,4fb1a3fe-334a-4cac-ac23-67ba1f4d01ec,1,531.495895
2026/01/26/20:22:33,apply-time,rs-000141-lcmrw,8bae3977-fcc6-4241-a645-cc0df2b0ba6e,1,531.495895
2026/01/26/20:22:33,running-time,rs-000141-lcmrw,8bae3977-fcc6-4241-a645-cc0df2b0ba6e,1,531.495895
2026/01/26/20:22:33,apply-time,rs-000142-cckqg,2334751c-5835-4267-a625-d77df431216a,1,532.495895
2026/01/26/20:22:33,apply-time,rs-000143-h46fz,fffb679d-05b3-4b61-9431-0028a39352c9,1,532.495895
2026/01/26/20:22:34,running-time,rs-000142-cckqg,2334751c-5835-4267-a625-d77df431216a,1,532.495895
2026/01/26/20:22:34,apply-time,rs-000142-sb52l,87472f06-1fbc-49e6-a994-72f9ce9ec165,1,532.495895
2026/01/26/20:22:34,running-time,rs-000142-sb52l,87472f06-1fbc-49e6-a994-72f9ce9ec165,1,532.495895
2026/01/26/20:22:34,running-time,rs-000143-h46fz,fffb679d-05b3-4b61-9431-0028a39352c9,1,532.495895
2026/01/26/20:22:34,apply-time,rs-000143-xbl7b,4f6ab475-2490-456f-83e7-871c6f32d83d,1,532.495895
2026/01/26/20:22:34,running-time,rs-000143-xbl7b,4f6ab475-2490-456f-83e7-871c6f32d83d,1,532.495895
2026/01/26/20:22:34,apply-time,rs-000144-hmppb,abae8c54-e9d6-4348-8395-a7ac334c35b9,1,532.495895
2026/01/26/20:22:34,running-time,rs-000144-hmppb,abae8c54-e9d6-4348-8395-a7ac334c35b9,1,532.495895
2026/01/26/20:22:34,apply-time,rs-000144-xmtnb,928fc0fb-28c8-408b-b873-2fae33908f20,1,532.495895
2026/01/26/20:22:34,running-time,rs-000144-xmtnb,928fc0fb-28c8-408b-b873-2fae33908f20,1,532.495895
2026/01/26/20:22:34,apply-time,rs-000144-z5b7d,c3c57c7c-c897-4915-a4be-735a9115589c,1,532.495895
2026/01/26/20:22:34,running-time,rs-000144-z5b7d,c3c57c7c-c897-4915-a4be-735a9115589c,1,532.495895
2026/01/26/20:22:34,apply-time,rs-000145-sk59x,6289e96e-77d6-47c7-ac39-d23da7740bad,1,532.495895
2026/01/26/20:22:34,running-time,rs-000145-sk59x,6289e96e-77d6-47c7-ac39-d23da7740bad,1,532.495895
2026/01/26/20:22:34,apply-time,rs-000146-2d8p5,1fd12734-a329-485d-9dd3-a10dbafcfcb3,1,532.495895
2026/01/26/20:22:34,running-time,rs-000146-2d8p5,1fd12734-a329-485d-9dd3-a10dbafcfcb3,1,532.495895
2026/01/26/20:22:34,apply-time,rs-000146-gmqj5,d0ac6ea2-b043-42e9-bd98-41366149d55c,1,532.495895
2026/01/26/20:22:34,running-time,rs-000146-gmqj5,d0ac6ea2-b043-42e9-bd98-41366149d55c,1,532.495895
2026/01/26/20:22:34,apply-time,rs-000146-l96tg,1b570996-f897-49fb-a54b-b4fe71987d4c,1,532.495895
2026/01/26/20:22:34,running-time,rs-000146-l96tg,1b570996-f897-49fb-a54b-b4fe71987d4c,1,532.495895
2026/01/26/20:22:34,apply-time,rs-000147-58qkj,4a4af2e0-7c26-479d-931a-14bb6fd4b8a2,1,532.495895
2026/01/26/20:22:34,running-time,rs-000147-58qkj,4a4af2e0-7c26-479d-931a-14bb6fd4b8a2,1,532.495895
2026/01/26/20:22:34,apply-time,rs-000147-c6pj5,b0ebd487-c68d-4b53-bc3f-6e43b1e90ee9,1,532.495895
2026/01/26/20:22:34,running-time,rs-000147-c6pj5,b0ebd487-c68d-4b53-bc3f-6e43b1e90ee9,1,532.495895
2026/01/26/20:22:45,running-time,rs-000140-cvt6l,c55a41b5-e64b-4d1c-8999-9bb33dc0e3a9,1,544.495895
2026/01/26/20:23:17,apply-time,rs-000148-sszjz,964e10f6-22ff-4529-9281-5c55c4ae73ba,1,575.495895
2026/01/26/20:23:17,running-time,rs-000148-sszjz,964e10f6-22ff-4529-9281-5c55c4ae73ba,1,575.495895
2026/01/26/20:23:17,apply-time,rs-000149-d5hzl,8a6a23f5-279a-4b51-9aec-1e6ae913937f,1,575.495895
2026/01/26/20:23:17,running-time,rs-000149-d5hzl,8a6a23f5-279a-4b51-9aec-1e6ae913937f,1,575.495895
2026/01/26/20:23:17,apply-time,rs-000149-vb48s,ef249570-399e-49ba-bcd9-fd4852ac79b4,1,575.495895
2026/01/26/20:23:17,running-time,rs-000149-vb48s,ef249570-399e-49ba-bcd9-fd4852ac79b4,1,575.495895
2026/01/26/20:23:17,apply-time,rs-000150-7z9lb,b38e1375-ec1a-4baf-9055-2a845d5d427f,1,575.495895
2026/01/26/20:23:17,running-time,rs-000150-7z9lb,b38e1375-ec1a-4baf-9055-2a845d5d427f,1,575.495895
2026/01/26/20:23:17,apply-time,rs-000150-rn5nd,c45fd7aa-38f2-4f9e-82a5-44a74456f1f5,1,575.495895
2026/01/26/20:23:17,running-time,rs-000150-rn5nd,c45fd7aa-38f2-4f9e-82a5-44a74456f1f5,1,575.495895
2026/01/26/20:23:19,apply-time,rs-000151-h4bvv,df81a244-3ba6-48a9-afe4-2974d54ea441,1,577.495895
2026/01/26/20:23:19,running-time,rs-000151-h4bvv,df81a244-3ba6-48a9-afe4-2974d54ea441,1,577.495895
2026/01/26/20:23:19,apply-time,rs-000151-wcgq6,18deb72c-affc-4c04-8ef7-7e0418000036,1,577.495895
2026/01/26/20:23:19,running-time,rs-000151-wcgq6,18deb72c-affc-4c04-8ef7-7e0418000036,1,577.495895
2026/01/26/20:23:19,apply-time,rs-000152-m8dz7,eb68ee13-0c28-448d-b16f-6b11f42e76ea,1,577.495895
2026/01/26/20:23:19,running-time,rs-000152-m8dz7,eb68ee13-0c28-448d-b16f-6b11f42e76ea,1,577.495895
2026/01/26/20:23:19,apply-time,rs-000153-wtlms,f24695d0-a683-4e7e-86ca-4da5d9ab29b9,1,577.495895
2026/01/26/20:23:19,running-time,rs-000153-wtlms,f24695d0-a683-4e7e-86ca-4da5d9ab29b9,1,577.495895
2026/01/26/20:23:19,apply-time,rs-000154-2557f,14b6470e-2c86-4207-ae37-dbd6a7484d2c,1,577.495895
2026/01/26/20:23:19,running-time,rs-000154-2557f,14b6470e-2c86-4207-ae37-dbd6a7484d2c,1,577.495895
2026/01/26/20:23:19,apply-time,rs-000154-994f2,ff068710-d6d3-41e1-a80d-74e217a61a3f,1,577.495895
2026/01/26/20:23:19,running-time,rs-000154-994f2,ff068710-d6d3-41e1-a80d-74e217a61a3f,1,577.495895
2026/01/26/20:23:19,apply-time,rs-000154-ttt52,de2159d3-cf0d-4291-bb2f-7a177064ac03,1,577.495895
2026/01/26/20:23:19,running-time,rs-000154-ttt52,de2159d3-cf0d-4291-bb2f-7a177064ac03,1,577.495895
2026/01/26/20:23:19,apply-time,rs-000155-cdph5,0ebb38b0-7f81-46e6-9c6f-85853a4a2816,1,577.495895
2026/01/26/20:23:19,apply-time,rs-000155-hm2qq,003cb8e8-a71c-4f1d-8762-e96d8c806dbc,1,577.495895
2026/01/26/20:23:19,apply-time,rs-000155-pvc4t,1fff9f8b-70e9-43e3-a1ee-d8836d448127,1,577.495895
2026/01/26/20:23:19,apply-time,rs-000156-rsh5v,7e08f8ae-e746-45e6-b837-de9991959a4b,1,577.495895
2026/01/26/20:23:19,running-time,rs-000156-rsh5v,7e08f8ae-e746-45e6-b837-de9991959a4b,1,577.495895
2026/01/26/20:23:19,apply-time,rs-000156-zh6mm,dd1abf9a-f823-43da-ae35-8f7d2f0b5c21,1,578.495895
2026/01/26/20:23:19,running-time,rs-000156-zh6mm,dd1abf9a-f823-43da-ae35-8f7d2f0b5c21,1,578.495895
2026/01/26/20:23:19,apply-time,rs-000157-f8mb9,e9207d84-f841-4018-99f0-da315ad840c3,1,578.495895
2026/01/26/20:23:19,running-time,rs-000157-f8mb9,e9207d84-f841-4018-99f0-da315ad840c3,1,578.495895
2026/01/26/20:23:19,apply-time,rs-000158-xlbff,63de88b7-33ec-45c8-b80d-3b26c052b324,1,578.495895
2026/01/26/20:23:20,apply-time,rs-000157-g8rbd,1324f9e0-673c-4bcc-9c40-57ec826085c4,1,578.495895
2026/01/26/20:23:20,running-time,rs-000157-g8rbd,1324f9e0-673c-4bcc-9c40-57ec826085c4,1,578.495895
2026/01/26/20:23:20,apply-time,rs-000158-6ttsd,a40d8a80-4c32-41ef-9ee0-9740b0932eae,1,578.495895
2026/01/26/20:23:20,running-time,rs-000158-6ttsd,a40d8a80-4c32-41ef-9ee0-9740b0932eae,1,578.495895
2026/01/26/20:23:20,running-time,rs-000158-xlbff,63de88b7-33ec-45c8-b80d-3b26c052b324,1,578.495895
2026/01/26/20:23:20,apply-time,rs-000159-27mn8,866e3076-0b55-45e5-a0ee-6aca64f9fac5,1,578.495895
2026/01/26/20:23:20,running-time,rs-000159-27mn8,866e3076-0b55-45e5-a0ee-6aca64f9fac5,1,578.495895
2026/01/26/20:23:20,apply-time,rs-000160-dbfvc,4a5004db-d9a1-40c8-9119-9c4c66f4e721,1,578.495895
2026/01/26/20:23:20,apply-time,rs-000160-wqlbm,d460abe9-7634-4cec-9c55-eb475cf0543b,1,578.495895
2026/01/26/20:23:20,apply-time,rs-000161-fsg9p,ca2f2824-d3bc-4e89-8e13-be8cd1491347,1,578.495895
2026/01/26/20:23:20,running-time,rs-000161-fsg9p,ca2f2824-d3bc-4e89-8e13-be8cd1491347,1,578.495895
2026/01/26/20:23:20,apply-time,rs-000161-mjcvl,0b282d1d-c338-4936-a482-7f281e7439ed,1,578.495895
2026/01/26/20:23:20,running-time,rs-000161-mjcvl,0b282d1d-c338-4936-a482-7f281e7439ed,1,578.495895
2026/01/26/20:23:22,apply-time,rs-000162-zptvq,c5b79ad8-1579-47d4-825f-74bb9d9525e3,1,581.495895
2026/01/26/20:23:22,running-time,rs-000162-zptvq,c5b79ad8-1579-47d4-825f-74bb9d9525e3,1,581.495895
2026/01/26/20:24:29,running-time,rs-000155-cdph5,0ebb38b0-7f81-46e6-9c6f-85853a4a2816,1,647.495895
2026/01/26/20:24:29,running-time,rs-000155-hm2qq,003cb8e8-a71c-4f1d-8762-e96d8c806dbc,1,647.495895
2026/01/26/20:24:29,running-time,rs-000155-pvc4t,1fff9f8b-70e9-43e3-a1ee-d8836d448127,1,647.495895
2026/01/26/20:25:13,apply-time,rs-000163-mzdf6,c4078946-32b1-4ab8-913a-efe904897a5c,1,691.495895
2026/01/26/20:25:13,running-time,rs-000163-mzdf6,c4078946-32b1-4ab8-913a-efe904897a5c,1,691.495895
2026/01/26/20:25:13,apply-time,rs-000164-6s56n,614bdf24-c054-4d64-8b20-4a1640218c84,1,691.495895
2026/01/26/20:25:13,running-time,rs-000164-6s56n,614bdf24-c054-4d64-8b20-4a1640218c84,1,691.495895
2026/01/26/20:25:13,apply-time,rs-000164-h2mjk,bc84c47a-127d-4296-98ec-85b195a4fa14,1,691.495895
2026/01/26/20:25:13,running-time,rs-000164-h2mjk,bc84c47a-127d-4296-98ec-85b195a4fa14,1,691.495895
2026/01/26/20:25:13,apply-time,rs-000165-99dtx,f423c710-9d5c-440a-a502-3f117b9d5504,1,691.495895
2026/01/26/20:25:13,running-time,rs-000165-99dtx,f423c710-9d5c-440a-a502-3f117b9d5504,1,691.495895
2026/01/26/20:25:13,apply-time,rs-000166-96lkk,7559071d-cd4d-489c-a05c-d387e23b696a,1,691.495895
2026/01/26/20:25:13,running-time,rs-000166-96lkk,7559071d-cd4d-489c-a05c-d387e23b696a,1,691.495895
2026/01/26/20:25:13,apply-time,rs-000166-zzppd,1181206c-7aad-4d0b-9672-54514fa32b20,1,691.495895
2026/01/26/20:25:13,running-time,rs-000166-zzppd,1181206c-7aad-4d0b-9672-54514fa32b20,1,691.495895
2026/01/26/20:25:13,apply-time,rs-000167-4fvvw,bfce690f-3147-4446-bb87-17fcaf7a327b,1,691.495895
2026/01/26/20:25:13,running-time,rs-000167-4fvvw,bfce690f-3147-4446-bb87-17fcaf7a327b,1,691.495895
2026/01/26/20:26:17,apply-time,rs-000168-p797p,093fae25-6717-4bb6-aa10-3af5634ba693,1,755.495895
2026/01/26/20:26:17,running-time,rs-000168-p797p,093fae25-6717-4bb6-aa10-3af5634ba693,1,755.495895
2026/01/26/20:26:35,apply-time,rs-000169-c8jdx,f7697a42-d4f7-4352-b01a-78c9d2a73ed1,1,773.495895
2026/01/26/20:26:35,running-time,rs-000169-c8jdx,f7697a42-d4f7-4352-b01a-78c9d2a73ed1,1,773.495895
2026/01/26/20:26:35,apply-time,rs-000169-rgnsd,5aedf5c4-0b2b-47db-a2b3-ca21b1263697,1,773.495895
2026/01/26/20:26:35,running-time,rs-000169-rgnsd,5aedf5c4-0b2b-47db-a2b3-ca21b1263697,1,773.495895
2026/01/26/20:27:18,apply-time,rs-000170-blfrt,78c6346e-8591-4caa-a227-5c7463e1e2c2,1,816.495895
2026/01/26/20:27:18,running-time,rs-000170-blfrt,78c6346e-8591-4caa-a227-5c7463e1e2c2,1,816.495895
2026/01/26/20:27:18,apply-time,rs-000170-ltqbg,44895dac-d11a-4ab0-a061-8a67641afb26,1,816.495895
2026/01/26/20:27:18,running-time,rs-000170-ltqbg,44895dac-d11a-4ab0-a061-8a67641afb26,1,816.495895
2026/01/26/20:27:18,apply-time,rs-000170-m7svz,fec9e153-3c2c-4f3d-890f-e2b94f0d8b04,1,816.495895
2026/01/26/20:27:18,running-time,rs-000170-m7svz,fec9e153-3c2c-4f3d-890f-e2b94f0d8b04,1,816.495895
2026/01/26/20:27:18,apply-time,rs-000171-4qrp5,878bbda1-a273-4d85-b7e3-0406382d84cc,1,816.495895
2026/01/26/20:27:18,running-time,rs-000171-4qrp5,878bbda1-a273-4d85-b7e3-0406382d84cc,1,816.495895
2026/01/26/20:27:18,apply-time,rs-000171-fbhk8,5bdcfd8b-a6c9-4651-96bd-a1dc2e6258ee,1,816.495895
2026/01/26/20:27:18,running-time,rs-000171-fbhk8,5bdcfd8b-a6c9-4651-96bd-a1dc2e6258ee,1,816.495895
2026/01/26/20:27:18,apply-time,rs-000171-xfl68,5394fa99-1e1a-4b24-aa44-33cbb292307c,1,816.495895
2026/01/26/20:27:18,running-time,rs-000171-xfl68,5394fa99-1e1a-4b24-aa44-33cbb292307c,1,816.495895
2026/01/26/20:27:18,apply-time,rs-000172-wkl27,7330ac8f-d827-4fb5-8c5d-7a6585cfa8ca,1,817.495895
2026/01/26/20:27:18,running-time,rs-000172-wkl27,7330ac8f-d827-4fb5-8c5d-7a6585cfa8ca,1,817.495895
2026/01/26/20:27:18,apply-time,rs-000173-b7fw7,e458600d-d201-4f17-9d7e-c61e307ec980,1,816.495895
2026/01/26/20:27:18,running-time,rs-000173-b7fw7,e458600d-d201-4f17-9d7e-c61e307ec980,1,817.495895
2026/01/26/20:27:18,apply-time,rs-000175-gwj87,f9a970ac-9c66-498d-896a-28ad062c6e8b,1,817.495895
2026/01/26/20:27:19,apply-time,rs-000174-98x5k,e0d88b28-8fdd-4eab-a816-029eb555657a,1,817.495895
2026/01/26/20:27:19,running-time,rs-000174-98x5k,e0d88b28-8fdd-4eab-a816-029eb555657a,1,817.495895
2026/01/26/20:27:19,apply-time,rs-000174-rvcks,3cf47c88-ae47-441c-997a-bdf98afd33b6,1,817.495895
2026/01/26/20:27:19,running-time,rs-000174-rvcks,3cf47c88-ae47-441c-997a-bdf98afd33b6,1,817.495895
2026/01/26/20:27:19,apply-time,rs-000174-z4h59,184bf52a-714b-4593-a6c7-96f8ac475f94,1,817.495895
2026/01/26/20:27:19,running-time,rs-000174-z4h59,184bf52a-714b-4593-a6c7-96f8ac475f94,1,817.495895
2026/01/26/20:27:19,apply-time,rs-000175-2tdss,3160182d-a082-4b71-bbf3-9c63866b80fa,1,817.495895
2026/01/26/20:27:19,running-time,rs-000175-2tdss,3160182d-a082-4b71-bbf3-9c63866b80fa,1,817.495895
2026/01/26/20:27:19,running-time,rs-000175-gwj87,f9a970ac-9c66-498d-896a-28ad062c6e8b,1,817.495895
2026/01/26/20:27:19,apply-time,rs-000176-jv4zs,7ba1aff4-c980-4cc7-971f-cc1c9103ef07,1,817.495895
2026/01/26/20:27:19,running-time,rs-000176-jv4zs,7ba1aff4-c980-4cc7-971f-cc1c9103ef07,1,817.495895
2026/01/26/20:27:19,apply-time,rs-000176-wtv9j,8ec61edd-ba77-47a8-9db2-19ffa63237cd,1,817.495895
2026/01/26/20:27:19,running-time,rs-000176-wtv9j,8ec61edd-ba77-47a8-9db2-19ffa63237cd,1,817.495895
2026/01/26/20:27:23,apply-time,rs-000177-5bf2t,6d70180c-abd4-44d2-a69a-3c97a65148a8,1,821.495895
2026/01/26/20:27:23,running-time,rs-000177-5bf2t,6d70180c-abd4-44d2-a69a-3c97a65148a8,1,821.495895
2026/01/26/20:27:23,apply-time,rs-000177-8zcv6,e97a00a2-dc85-4e97-bad1-e775d06df14a,1,821.495895
2026/01/26/20:27:23,running-time,rs-000177-8zcv6,e97a00a2-dc85-4e97-bad1-e775d06df14a,1,821.495895
2026/01/26/20:27:23,apply-time,rs-000177-cs8p4,93d9c996-3722-4d7e-89e2-299378c4ff5d,1,821.495895
2026/01/26/20:27:23,running-time,rs-000177-cs8p4,93d9c996-3722-4d7e-89e2-299378c4ff5d,1,821.495895
2026/01/26/20:27:23,apply-time,rs-000178-2vlpp,1c3fb2cc-92cf-4590-b134-5588b4358417,1,821.495895
2026/01/26/20:27:23,apply-time,rs-000178-zv2zj,2de1f3aa-d3f8-42ed-920d-bee46dc8bb3e,1,821.495895
2026/01/26/20:27:23,apply-time,rs-000179-lb2p2,1710bd49-02b6-49ae-b85a-1398e3d1e3af,1,821.495895
2026/01/26/20:27:23,running-time,rs-000179-lb2p2,1710bd49-02b6-49ae-b85a-1398e3d1e3af,1,821.495895
2026/01/26/20:27:23,apply-time,rs-000179-snjgc,55ed3f97-8e50-4c7f-af48-c1fb8b40858f,1,821.495895
2026/01/26/20:27:23,running-time,rs-000179-snjgc,55ed3f97-8e50-4c7f-af48-c1fb8b40858f,1,821.495895
2026/01/26/20:27:23,apply-time,rs-000179-tckql,a421de64-fd38-40e8-88a7-255d9c29b266,1,821.495895
2026/01/26/20:27:23,running-time,rs-000179-tckql,a421de64-fd38-40e8-88a7-255d9c29b266,1,821.495895
2026/01/26/20:27:23,apply-time,rs-000180-66b2p,9e6c8304-9e8d-4c6f-a07d-d134cbb1b740,1,821.495895
2026/01/26/20:27:23,running-time,rs-000180-66b2p,9e6c8304-9e8d-4c6f-a07d-d134cbb1b740,1,821.495895
2026/01/26/20:27:23,apply-time,rs-000180-pg6pj,0403f29b-d878-4773-a96b-3c3ec43a74f0,1,821.495895
2026/01/26/20:27:23,running-time,rs-000180-pg6pj,0403f29b-d878-4773-a96b-3c3ec43a74f0,1,821.495895
2026/01/26/20:27:23,apply-time,rs-000181-2t5kt,bd5181eb-a5a0-4e5d-98c9-a4f97d465db3,1,821.495895
2026/01/26/20:27:23,apply-time,rs-000181-b8mgw,b8d3670b-8ce8-4d30-9cf4-4356b293d563,1,821.495895
2026/01/26/20:27:24,running-time,rs-000181-2t5kt,bd5181eb-a5a0-4e5d-98c9-a4f97d465db3,1,822.495895
2026/01/26/20:27:24,running-time,rs-000181-b8mgw,b8d3670b-8ce8-4d30-9cf4-4356b293d563,1,822.495895
2026/01/26/20:27:51,apply-time,rs-000182-9mbn6,6e46d379-ce56-42a4-8b7a-295a855a0b1d,1,850.495895
2026/01/26/20:27:51,running-time,rs-000182-9mbn6,6e46d379-ce56-42a4-8b7a-295a855a0b1d,1,850.495895
2026/01/26/20:27:51,apply-time,rs-000182-mm2xd,ae023d13-6e89-4766-8858-1092ab7a7aa9,1,850.495895
2026/01/26/20:27:51,running-time,rs-000182-mm2xd,ae023d13-6e89-4766-8858-1092ab7a7aa9,1,850.495895
2026/01/26/20:27:51,apply-time,rs-000183-hn27l,ad15d15e-149c-4c88-86b0-3d337bf5808a,1,850.495895
2026/01/26/20:27:51,running-time,rs-000183-hn27l,ad15d15e-149c-4c88-86b0-3d337bf5808a,1,850.495895
2026/01/26/20:27:51,apply-time,rs-000183-mvbvf,1473e00b-6e5d-4cbd-8676-1fc331f2e430,1,850.495895
2026/01/26/20:27:51,running-time,rs-000183-mvbvf,1473e00b-6e5d-4cbd-8676-1fc331f2e430,1,850.495895
2026/01/26/20:27:51,apply-time,rs-000183-tncmz,19b48e3c-81d9-4d6a-b2ce-39f43c3433f4,1,850.495895
2026/01/26/20:27:51,running-time,rs-000183-tncmz,19b48e3c-81d9-4d6a-b2ce-39f43c3433f4,1,850.495895
2026/01/26/20:27:51,apply-time,rs-000184-8qx7g,e2a0ab00-0eb0-4a51-9ada-2bf0a1efc8d3,1,850.495895
2026/01/26/20:27:51,running-time,rs-000184-8qx7g,e2a0ab00-0eb0-4a51-9ada-2bf0a1efc8d3,1,850.495895
2026/01/26/20:27:51,apply-time,rs-000184-dr8gh,8d543027-d93a-46cf-b06f-7491379b94ce,1,850.495895
2026/01/26/20:27:51,running-time,rs-000184-dr8gh,8d543027-d93a-46cf-b06f-7491379b94ce,1,850.495895
2026/01/26/20:27:51,apply-time,rs-000184-x4wwm,9f65c9fb-766b-4416-9ad7-3f8edc972d09,1,850.495895
2026/01/26/20:27:51,running-time,rs-000184-x4wwm,9f65c9fb-766b-4416-9ad7-3f8edc972d09,1,850.495895
2026/01/26/20:27:51,apply-time,rs-000185-z74sb,132d86c6-93d2-42bb-ac6e-ac2fd6f62656,1,850.495895
2026/01/26/20:27:51,running-time,rs-000185-z74sb,132d86c6-93d2-42bb-ac6e-ac2fd6f62656,1,850.495895
2026/01/26/20:27:51,apply-time,rs-000186-49h8q,251263d1-05e3-4590-8b8b-4381ea836a6a,1,850.495895
2026/01/26/20:27:51,running-time,rs-000186-49h8q,251263d1-05e3-4590-8b8b-4381ea836a6a,1,850.495895
2026/01/26/20:27:51,apply-time,rs-000186-4dn9c,ac848d07-ce96-4277-bcf6-5c9939acff94,1,850.495895
2026/01/26/20:27:51,running-time,rs-000186-4dn9c,ac848d07-ce96-4277-bcf6-5c9939acff94,1,850.495895
2026/01/26/20:27:51,apply-time,rs-000186-blxdl,4e792b54-5654-40bf-bf48-a91eede518cc,1,850.495895
2026/01/26/20:27:51,running-time,rs-000186-blxdl,4e792b54-5654-40bf-bf48-a91eede518cc,1,850.495895
2026/01/26/20:27:52,apply-time,rs-000187-28bns,3fb49bfa-743b-41e7-84bf-5561b812a657,1,850.495895
2026/01/26/20:27:52,running-time,rs-000187-28bns,3fb49bfa-743b-41e7-84bf-5561b812a657,1,850.495895
2026/01/26/20:27:52,apply-time,rs-000187-78gmg,49b4be3d-dcd3-4efb-bc06-8e82fe53c5f7,1,850.495895
2026/01/26/20:27:52,running-time,rs-000187-78gmg,49b4be3d-dcd3-4efb-bc06-8e82fe53c5f7,1,850.495895
2026/01/26/20:27:52,apply-time,rs-000188-shzt7,0fe8d10d-cba9-4158-a289-fd19892f16b3,1,850.495895
2026/01/26/20:27:52,running-time,rs-000188-shzt7,0fe8d10d-cba9-4158-a289-fd19892f16b3,1,850.495895
2026/01/26/20:28:16,apply-time,rs-000189-227kc,fcde5b73-df54-48b1-8c4a-820d07ddc2cc,1,874.495895
2026/01/26/20:28:16,running-time,rs-000189-227kc,fcde5b73-df54-48b1-8c4a-820d07ddc2cc,1,874.495895
2026/01/26/20:28:16,apply-time,rs-000189-jwnzg,2d362d5c-0cfb-4cb2-870d-2ccea31363e8,1,874.495895
2026/01/26/20:28:16,running-time,rs-000189-jwnzg,2d362d5c-0cfb-4cb2-870d-2ccea31363e8,1,874.495895
2026/01/26/20:28:18,apply-time,rs-000190-q9v8j,ea229469-9da7-4f90-a6e0-678219c1801d,1,876.495895
2026/01/26/20:28:18,running-time,rs-000190-q9v8j,ea229469-9da7-4f90-a6e0-678219c1801d,1,877.495895
2026/01/26/20:28:18,apply-time,rs-000190-wtw7f,580a3362-958e-4dab-a1d8-74b7120ae18f,1,876.495895
2026/01/26/20:28:18,running-time,rs-000190-wtw7f,580a3362-958e-4dab-a1d8-74b7120ae18f,1,876.495895
2026/01/26/20:28:28,apply-time,rs-000191-j89ld,ef3054c2-7845-4ada-935c-c30594ab8eb1,1,886.495895
2026/01/26/20:28:28,running-time,rs-000191-j89ld,ef3054c2-7845-4ada-935c-c30594ab8eb1,1,886.495895
2026/01/26/20:28:28,apply-time,rs-000191-sg5th,88fcfa48-3e8c-4e42-9e12-732319860d7c,1,886.495895
2026/01/26/20:28:28,running-time,rs-000191-sg5th,88fcfa48-3e8c-4e42-9e12-732319860d7c,1,886.495895
2026/01/26/20:28:28,apply-time,rs-000192-4xkmm,3eb594c8-6f5f-4774-818a-b63cecd2f4a5,1,886.495895
2026/01/26/20:28:28,running-time,rs-000192-4xkmm,3eb594c8-6f5f-4774-818a-b63cecd2f4a5,1,886.495895
2026/01/26/20:28:28,apply-time,rs-000192-bbjqr,07cd25a4-962d-4d6b-a691-17c588b5ab13,1,886.495895
2026/01/26/20:28:28,running-time,rs-000192-bbjqr,07cd25a4-962d-4d6b-a691-17c588b5ab13,1,886.495895
2026/01/26/20:28:28,apply-time,rs-000192-xrjs6,706b82cf-c179-4f5b-830b-28768bd0daab,1,886.495895
2026/01/26/20:28:28,running-time,rs-000192-xrjs6,706b82cf-c179-4f5b-830b-28768bd0daab,1,886.495895
2026/01/26/20:28:47,apply-time,rs-000193-92hjv,6ac54762-88ca-4b56-bf72-cbf6d60f5780,1,905.495895
2026/01/26/20:28:47,running-time,rs-000193-92hjv,6ac54762-88ca-4b56-bf72-cbf6d60f5780,1,905.495895
2026/01/26/20:28:47,apply-time,rs-000194-9ngf9,6916ef46-bba0-4bc6-8f2c-24651b11e0bd,1,905.495895
2026/01/26/20:28:47,running-time,rs-000194-9ngf9,6916ef46-bba0-4bc6-8f2c-24651b11e0bd,1,905.495895
2026/01/26/20:28:47,apply-time,rs-000194-v2nlk,59476210-a36f-4bab-a23e-3cd69022ecdb,1,905.495895
2026/01/26/20:28:47,running-time,rs-000194-v2nlk,59476210-a36f-4bab-a23e-3cd69022ecdb,1,905.495895
2026/01/26/20:28:47,apply-time,rs-000194-wd69f,be352dec-354d-47e7-9360-81806993ead1,1,905.495895
2026/01/26/20:28:47,running-time,rs-000194-wd69f,be352dec-354d-47e7-9360-81806993ead1,1,905.495895
2026/01/26/20:28:47,apply-time,rs-000195-58nvw,e7803ff8-0325-4259-a821-f6fbb96be623,1,905.495895
2026/01/26/20:28:47,running-time,rs-000195-58nvw,e7803ff8-0325-4259-a821-f6fbb96be623,1,906.495895
2026/01/26/20:28:47,apply-time,rs-000195-n86ht,721fe395-0175-4fa1-8149-ce474cd37bc4,1,905.495895
2026/01/26/20:28:47,running-time,rs-000195-n86ht,721fe395-0175-4fa1-8149-ce474cd37bc4,1,905.495895
2026/01/26/20:28:47,apply-time,rs-000196-rfdrx,2b635d12-8cd1-49e7-8895-290cce31428a,1,906.495895
2026/01/26/20:28:47,running-time,rs-000196-rfdrx,2b635d12-8cd1-49e7-8895-290cce31428a,1,906.495895
2026/01/26/20:28:47,apply-time,rs-000196-zqfg5,992e085b-b567-4596-82ea-2f9f6335240b,1,906.495895
2026/01/26/20:28:47,running-time,rs-000196-zqfg5,992e085b-b567-4596-82ea-2f9f6335240b,1,906.495895
2026/01/26/20:28:47,apply-time,rs-000197-cjbjh,2f0acbe2-f7c2-4915-a08f-22927766ab75,1,906.495895
2026/01/26/20:28:47,running-time,rs-000197-cjbjh,2f0acbe2-f7c2-4915-a08f-22927766ab75,1,906.495895
2026/01/26/20:28:52,apply-time,rs-000198-fbwl8,6b25f86f-5403-417f-9836-76df9977ccda,1,910.495895
2026/01/26/20:28:52,running-time,rs-000198-fbwl8,6b25f86f-5403-417f-9836-76df9977ccda,1,910.495895
2026/01/26/20:28:52,apply-time,rs-000198-jgk7f,dc52b60d-45a9-4dba-9b1d-151d0b5c87dc,1,910.495895
2026/01/26/20:28:52,running-time,rs-000198-jgk7f,dc52b60d-45a9-4dba-9b1d-151d0b5c87dc,1,910.495895
2026/01/26/20:28:52,apply-time,rs-000199-9f72h,55d7cb3d-eac2-4e4c-81f9-ab3ba3e9c16c,1,910.495895
2026/01/26/20:28:52,running-time,rs-000199-9f72h,55d7cb3d-eac2-4e4c-81f9-ab3ba3e9c16c,1,910.495895
2026/01/26/20:28:52,apply-time,rs-000199-xsq9p,5a162ba7-6fd1-4581-aee2-f32304e132c0,1,910.495895
2026/01/26/20:28:52,running-time,rs-000199-xsq9p,5a162ba7-6fd1-4581-aee2-f32304e132c0,1,910.495895
2026/01/26/20:28:52,apply-time,rs-000200-8mn2l,ed06fc40-e0eb-4f3d-823f-8ab81ecb6e31,1,910.495895
2026/01/26/20:28:52,running-time,rs-000200-8mn2l,ed06fc40-e0eb-4f3d-823f-8ab81ecb6e31,1,910.495895
2026/01/26/20:28:53,apply-time,rs-000201-m82tp,de0202b3-aaeb-4f6a-a7b6-d1619f5a97c4,1,912.495895
2026/01/26/20:28:53,apply-time,rs-000201-vz95c,f9af520e-0f2c-4814-b047-e01999c5e425,1,912.495895
2026/01/26/20:28:53,running-time,rs-000201-vz95c,f9af520e-0f2c-4814-b047-e01999c5e425,1,912.495895
2026/01/26/20:28:54,apply-time,rs-000202-6hb8m,306d07b3-fb3a-42d1-ae9d-7a0fa5b76568,1,912.495895
2026/01/26/20:28:54,running-time,rs-000202-6hb8m,306d07b3-fb3a-42d1-ae9d-7a0fa5b76568,1,912.495895
2026/01/26/20:28:54,apply-time,rs-000203-5dxxf,d55ad202-d1b2-474f-be00-6383a67a03ef,1,912.495895
2026/01/26/20:28:54,running-time,rs-000203-5dxxf,d55ad202-d1b2-474f-be00-6383a67a03ef,1,912.495895
2026/01/26/20:28:54,apply-time,rs-000204-t8hbm,3951fda4-a986-4ff6-abe9-7bcccdb97ccb,1,912.495895
2026/01/26/20:28:54,running-time,rs-000204-t8hbm,3951fda4-a986-4ff6-abe9-7bcccdb97ccb,1,912.495895
2026/01/26/20:28:57,running-time,rs-000201-m82tp,de0202b3-aaeb-4f6a-a7b6-d1619f5a97c4,1,915.495895
2026/01/26/20:29:01,apply-time,rs-000205-fdql2,0ca61f2d-5879-4b97-8c67-33adfabceab7,1,920.495895
2026/01/26/20:29:01,running-time,rs-000205-fdql2,0ca61f2d-5879-4b97-8c67-33adfabceab7,1,920.495895
2026/01/26/20:29:01,apply-time,rs-000205-th8pg,01a3091a-9bb0-4314-8a86-0c5719ae101f,1,920.495895
2026/01/26/20:29:01,running-time,rs-000205-th8pg,01a3091a-9bb0-4314-8a86-0c5719ae101f,1,920.495895
2026/01/26/20:29:01,apply-time,rs-000206-n42gn,3aa4d9e7-bacc-4f53-ba53-a1aedddb00d4,1,920.495895
2026/01/26/20:29:01,running-time,rs-000206-n42gn,3aa4d9e7-bacc-4f53-ba53-a1aedddb00d4,1,920.495895
2026/01/26/20:29:01,apply-time,rs-000206-q4tq2,32442df7-14a6-403d-b7bf-e7ee7921481c,1,920.495895
2026/01/26/20:29:01,running-time,rs-000206-q4tq2,32442df7-14a6-403d-b7bf-e7ee7921481c,1,920.495895
2026/01/26/20:29:04,apply-time,rs-000207-2zq6z,a2ec7ec4-1379-4046-a734-724cb9e87f6f,1,922.495895
2026/01/26/20:29:04,running-time,rs-000207-2zq6z,a2ec7ec4-1379-4046-a734-724cb9e87f6f,1,922.495895
2026/01/26/20:29:04,apply-time,rs-000207-5kwcg,e508c6e3-c48a-442f-ad93-c01913a1352e,1,922.495895
2026/01/26/20:29:04,running-time,rs-000207-5kwcg,e508c6e3-c48a-442f-ad93-c01913a1352e,1,922.495895
2026/01/26/20:29:04,apply-time,rs-000207-zhlgc,ad0ed386-ba49-4c5e-95fc-4f874e203b00,1,922.495895
2026/01/26/20:29:04,running-time,rs-000207-zhlgc,ad0ed386-ba49-4c5e-95fc-4f874e203b00,1,922.495895
2026/01/26/20:29:05,apply-time,rs-000208-gxdpf,836ac8bd-bae5-4689-9196-9724d92c90b3,1,923.495895
2026/01/26/20:29:05,running-time,rs-000208-gxdpf,836ac8bd-bae5-4689-9196-9724d92c90b3,1,923.495895
2026/01/26/20:29:05,apply-time,rs-000209-9rzcn,b5fd8780-33e3-4335-9c0f-3b96f33318ed,1,923.495895
2026/01/26/20:29:05,apply-time,rs-000209-rsrlr,f416cc71-831d-40cf-b828-c43693493679,1,923.495895
2026/01/26/20:29:05,apply-time,rs-000209-vp5bj,801234da-0826-45e4-9db2-68df742ab4aa,1,923.495895
2026/01/26/20:29:09,running-time,rs-000209-9rzcn,b5fd8780-33e3-4335-9c0f-3b96f33318ed,1,927.495895
2026/01/26/20:29:09,running-time,rs-000209-vp5bj,801234da-0826-45e4-9db2-68df742ab4aa,1,927.495895
2026/01/26/20:30:17,apply-time,rs-000210-vw97l,5f2fa12b-f517-42cd-8c1c-aea42c0439ba,1,996.495895
2026/01/26/20:30:17,running-time,rs-000210-vw97l,5f2fa12b-f517-42cd-8c1c-aea42c0439ba,1,996.495895
2026/01/26/20:30:17,apply-time,rs-000211-9mjcv,98691347-5da6-4b53-8556-f02206d2b479,1,996.495895
2026/01/26/20:30:17,running-time,rs-000211-9mjcv,98691347-5da6-4b53-8556-f02206d2b479,1,996.495895
2026/01/26/20:30:17,apply-time,rs-000211-zh6t4,33c1dbee-d825-4a95-ac7b-4d0fe71d21cf,1,996.495895
2026/01/26/20:30:17,running-time,rs-000211-zh6t4,33c1dbee-d825-4a95-ac7b-4d0fe71d21cf,1,996.495895
2026/01/26/20:30:17,apply-time,rs-000212-8h27z,6a0f3854-7204-4356-8497-75b9cb7a8532,1,996.495895
2026/01/26/20:30:17,running-time,rs-000212-8h27z,6a0f3854-7204-4356-8497-75b9cb7a8532,1,996.495895
2026/01/26/20:30:17,apply-time,rs-000212-dthsw,3b46a6e0-c627-4761-a4b6-8180fac4eb35,1,996.495895
2026/01/26/20:30:17,apply-time,rs-000212-hs4j5,8c0ee2ed-bdad-4a3d-b039-4958fe9aa625,1,996.495895
2026/01/26/20:30:17,running-time,rs-000212-hs4j5,8c0ee2ed-bdad-4a3d-b039-4958fe9aa625,1,996.495895
2026/01/26/20:30:17,apply-time,rs-000213-rfbrc,402884aa-7a71-40ce-a16d-6d650e0c353d,1,996.495895
2026/01/26/20:30:17,running-time,rs-000213-rfbrc,402884aa-7a71-40ce-a16d-6d650e0c353d,1,996.495895
2026/01/26/20:30:17,apply-time,rs-000213-vr95b,f0b92ff2-0fc8-4010-955d-dad2b56f3ee5,1,996.495895
2026/01/26/20:30:17,running-time,rs-000213-vr95b,f0b92ff2-0fc8-4010-955d-dad2b56f3ee5,1,996.495895
2026/01/26/20:30:17,apply-time,rs-000213-x448g,c3bfed46-f5f2-4b9d-b7c9-38b6becd6b8c,1,996.495895
2026/01/26/20:30:17,running-time,rs-000213-x448g,c3bfed46-f5f2-4b9d-b7c9-38b6becd6b8c,1,996.495895
2026/01/26/20:30:18,running-time,rs-000212-dthsw,3b46a6e0-c627-4761-a4b6-8180fac4eb35,1,996.495895
2026/01/26/20:31:55,apply-time,rs-000214-tb4pp,33bad4ce-40c0-4660-9aa3-dd6e67bb513b,1,1094.495895
2026/01/26/20:31:55,running-time,rs-000214-tb4pp,33bad4ce-40c0-4660-9aa3-dd6e67bb513b,1,1094.495895
2026/01/26/20:32:18,apply-time,rs-000215-cdrrh,b6190fc3-9e87-4129-925b-88475c1c0219,1,1117.495895
2026/01/26/20:32:18,running-time,rs-000215-cdrrh,b6190fc3-9e87-4129-925b-88475c1c0219,1,1117.495895
2026/01/26/20:32:18,apply-time,rs-000215-gtqrw,aef24669-f3e6-4c23-8506-4f5cbfbbc001,1,1117.495895
2026/01/26/20:32:18,running-time,rs-000215-gtqrw,aef24669-f3e6-4c23-8506-4f5cbfbbc001,1,1117.495895
2026/01/26/20:32:18,apply-time,rs-000215-jh7vk,b424c19b-fafe-4dfb-94b5-1f6e6f7b7b90,1,1117.495895
2026/01/26/20:32:18,running-time,rs-000215-jh7vk,b424c19b-fafe-4dfb-94b5-1f6e6f7b7b90,1,1117.495895
2026/01/26/20:32:18,apply-time,rs-000216-ncrrg,cc1cbefc-e541-4f7c-84b3-2b8840ef4d42,1,1117.495895
2026/01/26/20:32:18,running-time,rs-000216-ncrrg,cc1cbefc-e541-4f7c-84b3-2b8840ef4d42,1,1117.495895
2026/01/26/20:32:42,apply-time,rs-000217-9znqz,9bc926db-983a-4059-b698-924e48ee12fd,1,1141.495895
2026/01/26/20:32:42,running-time,rs-000217-9znqz,9bc926db-983a-4059-b698-924e48ee12fd,1,1141.495895
2026/01/26/20:32:42,apply-time,rs-000218-996rz,88078407-b0ee-45ac-9b68-6e48526fb21a,1,1141.495895
2026/01/26/20:32:42,running-time,rs-000218-996rz,88078407-b0ee-45ac-9b68-6e48526fb21a,1,1141.495895
2026/01/26/20:32:42,apply-time,rs-000218-qxzj7,00b96131-9f10-4620-a21c-8bb9f2c7d96a,1,1141.495895
2026/01/26/20:32:42,running-time,rs-000218-qxzj7,00b96131-9f10-4620-a21c-8bb9f2c7d96a,1,1141.495895
2026/01/26/20:32:42,apply-time,rs-000219-87xlq,aa14f304-2a1e-4695-8415-0890c1aa8f8e,1,1141.495895
2026/01/26/20:32:42,running-time,rs-000219-87xlq,aa14f304-2a1e-4695-8415-0890c1aa8f8e,1,1141.495895
2026/01/26/20:32:42,apply-time,rs-000219-hrzwj,7e7b70c3-6503-4ed5-ab50-c7f49a1df0f7,1,1141.495895
2026/01/26/20:32:42,running-time,rs-000219-hrzwj,7e7b70c3-6503-4ed5-ab50-c7f49a1df0f7,1,1141.495895
2026/01/26/20:32:42,apply-time,rs-000220-5tm5c,8a2872b8-3d0f-4aef-9cb2-2889258d1f6c,1,1141.495895
2026/01/26/20:32:42,running-time,rs-000220-5tm5c,8a2872b8-3d0f-4aef-9cb2-2889258d1f6c,1,1141.495895
2026/01/26/20:32:42,apply-time,rs-000220-wz8gb,4538e67d-b0db-4576-8719-e53acfebaa43,1,1141.495895
2026/01/26/20:32:42,running-time,rs-000220-wz8gb,4538e67d-b0db-4576-8719-e53acfebaa43,1,1141.495895
2026/01/26/20:32:48,apply-time,rs-000221-jqwqq,aefbbaf6-de7c-4b25-b9c9-ab48a3b2610c,1,1146.495895
2026/01/26/20:32:48,running-time,rs-000221-jqwqq,aefbbaf6-de7c-4b25-b9c9-ab48a3b2610c,1,1146.495895
2026/01/26/20:32:48,apply-time,rs-000221-r6q2x,6a7c4038-0d0c-4113-aae0-2eea21048d42,1,1146.495895
2026/01/26/20:32:48,running-time,rs-000221-r6q2x,6a7c4038-0d0c-4113-aae0-2eea21048d42,1,1146.495895
2026/01/26/20:32:48,apply-time,rs-000221-rknwl,bf8d3758-edb5-4359-9adc-4b3da0b8a549,1,1146.495895
2026/01/26/20:32:48,running-time,rs-000221-rknwl,bf8d3758-edb5-4359-9adc-4b3da0b8a549,1,1146.495895
2026/01/26/20:33:02,apply-time,rs-000222-jt2hr,4479ea65-8647-43b0-9ad8-63f49ca5bdb6,1,1160.495895
2026/01/26/20:33:02,running-time,rs-000222-jt2hr,4479ea65-8647-43b0-9ad8-63f49ca5bdb6,1,1160.495895
2026/01/26/20:33:03,apply-time,rs-000223-dd65f,0931dd72-edcb-4eae-98c5-00ddf75fa209,1,1161.495895
2026/01/26/20:33:03,running-time,rs-000223-dd65f,0931dd72-edcb-4eae-98c5-00ddf75fa209,1,1161.495895
2026/01/26/20:33:03,apply-time,rs-000223-qn9xc,590d30dc-79fd-43d2-8056-87ca6c9ff8f8,1,1161.495895
2026/01/26/20:33:03,running-time,rs-000223-qn9xc,590d30dc-79fd-43d2-8056-87ca6c9ff8f8,1,1161.495895
2026/01/26/20:33:03,apply-time,rs-000224-dm52s,eb325d26-2c53-4253-bdc5-c867ae3971d6,1,1161.495895
2026/01/26/20:33:03,running-time,rs-000224-dm52s,eb325d26-2c53-4253-bdc5-c867ae3971d6,1,1161.495895
2026/01/26/20:33:03,apply-time,rs-000224-pdktp,f32598ff-6886-4cc9-8fde-1768de598614,1,1161.495895
2026/01/26/20:33:03,running-time,rs-000224-pdktp,f32598ff-6886-4cc9-8fde-1768de598614,1,1161.495895
2026/01/26/20:33:03,apply-time,rs-000225-cvqst,7790307e-c3e1-4386-a354-f2a5128f5cee,1,1161.495895
2026/01/26/20:33:03,running-time,rs-000225-cvqst,7790307e-c3e1-4386-a354-f2a5128f5cee,1,1161.495895
2026/01/26/20:33:03,apply-time,rs-000226-429d4,9378b7de-0de2-4aa8-a576-69fd2837d8d4,1,1162.495895
2026/01/26/20:33:03,running-time,rs-000226-429d4,9378b7de-0de2-4aa8-a576-69fd2837d8d4,1,1162.495895
2026/01/26/20:33:03,apply-time,rs-000226-64fv5,782c226b-748a-42fe-b45a-e5e6c5871069,1,1162.495895
2026/01/26/20:33:03,running-time,rs-000226-64fv5,782c226b-748a-42fe-b45a-e5e6c5871069,1,1162.495895
2026/01/26/20:33:03,apply-time,rs-000226-w4p8r,47190de7-f002-4a4c-8320-b89e5a245a78,1,1161.495895
2026/01/26/20:33:03,running-time,rs-000226-w4p8r,47190de7-f002-4a4c-8320-b89e5a245a78,1,1162.495895
2026/01/26/20:33:03,apply-time,rs-000227-2jhz6,19050888-c10d-4545-88e6-5c63ff95283e,1,1162.495895
2026/01/26/20:33:03,running-time,rs-000227-2jhz6,19050888-c10d-4545-88e6-5c63ff95283e,1,1162.495895
2026/01/26/20:33:03,apply-time,rs-000227-m84sh,e1b61019-1aea-4e99-a7b2-6103425a8478,1,1162.495895
2026/01/26/20:33:03,running-time,rs-000227-m84sh,e1b61019-1aea-4e99-a7b2-6103425a8478,1,1162.495895
2026/01/26/20:33:10,apply-time,rs-000228-fnv5m,13b93a2c-c54d-4de8-8389-31cbfd3af491,1,1168.495895
2026/01/26/20:33:10,running-time,rs-000228-fnv5m,13b93a2c-c54d-4de8-8389-31cbfd3af491,1,1168.495895
2026/01/26/20:33:10,apply-time,rs-000228-jg52k,f316816d-ff32-404b-b020-bd35731f768c,1,1168.495895
2026/01/26/20:33:10,running-time,rs-000228-jg52k,f316816d-ff32-404b-b020-bd35731f768c,1,1168.495895
2026/01/26/20:33:10,apply-time,rs-000229-22scb,6b7e11b7-b31c-4875-9d1a-9dbc69288b14,1,1168.495895
2026/01/26/20:33:10,running-time,rs-000229-22scb,6b7e11b7-b31c-4875-9d1a-9dbc69288b14,1,1168.495895
2026/01/26/20:33:10,apply-time,rs-000230-g8nc5,7ff411e3-0dea-45f3-977b-2fed9bac130e,1,1168.495895
2026/01/26/20:33:10,running-time,rs-000230-g8nc5,7ff411e3-0dea-45f3-977b-2fed9bac130e,1,1168.495895
2026/01/26/20:33:10,apply-time,rs-000230-lnl5f,71fc22ab-164e-48e9-93a9-605283873b76,1,1168.495895
2026/01/26/20:33:10,running-time,rs-000230-lnl5f,71fc22ab-164e-48e9-93a9-605283873b76,1,1168.495895
2026/01/26/20:33:10,apply-time,rs-000231-xzkzv,a077a8ca-133c-49b0-9bd1-477ce79c8c4a,1,1168.495895
2026/01/26/20:33:10,running-time,rs-000231-xzkzv,a077a8ca-133c-49b0-9bd1-477ce79c8c4a,1,1168.495895
2026/01/26/20:33:13,apply-time,rs-000232-pdkjc,2848e91f-2ac5-4de5-a8f2-cd99560ab904,1,1171.495895
2026/01/26/20:33:13,running-time,rs-000232-pdkjc,2848e91f-2ac5-4de5-a8f2-cd99560ab904,1,1171.495895
2026/01/26/20:33:13,apply-time,rs-000233-ztgkp,887d4f7e-a242-413b-9ccc-88e0d34b4903,1,1171.495895
2026/01/26/20:33:13,running-time,rs-000233-ztgkp,887d4f7e-a242-413b-9ccc-88e0d34b4903,1,1171.495895
2026/01/26/20:33:13,apply-time,rs-000234-4bg8q,5268dc63-e7b8-4706-b043-db24e4bbb4df,1,1171.495895
2026/01/26/20:33:13,running-time,rs-000234-4bg8q,5268dc63-e7b8-4706-b043-db24e4bbb4df,1,1171.495895
2026/01/26/20:33:13,apply-time,rs-000234-cxck7,25165e28-1feb-4d9c-b789-e43b83f6a90c,1,1171.495895
2026/01/26/20:33:13,running-time,rs-000234-cxck7,25165e28-1feb-4d9c-b789-e43b83f6a90c,1,1171.495895
2026/01/26/20:33:13,apply-time,rs-000234-rgg8v,ba75502f-073a-4f3f-ba57-a2621be79e54,1,1171.495895
2026/01/26/20:33:13,running-time,rs-000234-rgg8v,ba75502f-073a-4f3f-ba57-a2621be79e54,1,1171.495895
2026/01/26/20:34:57,apply-time,rs-000235-5r27c,738cd804-0677-45ab-bc10-08fc28ccc22b,1,1275.495895
2026/01/26/20:34:57,running-time,rs-000235-5r27c,738cd804-0677-45ab-bc10-08fc28ccc22b,1,1275.495895
2026/01/26/20:34:57,apply-time,rs-000235-bx7dj,88b26b12-f75b-414e-9827-9261bd289c28,1,1275.495895
2026/01/26/20:34:57,running-time,rs-000235-bx7dj,88b26b12-f75b-414e-9827-9261bd289c28,1,1275.495895
2026/01/26/20:34:57,apply-time,rs-000235-xdtgc,6926ff8f-35d5-4346-989d-e18a522f6418,1,1275.495895
2026/01/26/20:34:57,running-time,rs-000235-xdtgc,6926ff8f-35d5-4346-989d-e18a522f6418,1,1275.495895
2026/01/26/20:34:57,apply-time,rs-000236-h9st5,f6d8ca9a-397a-49cf-ae9e-4a6146a60808,1,1275.495895
2026/01/26/20:34:57,running-time,rs-000236-h9st5,f6d8ca9a-397a-49cf-ae9e-4a6146a60808,1,1275.495895
2026/01/26/20:34:57,apply-time,rs-000236-t9nt9,fef40e9e-70d9-41d5-aa5f-e6b49ca63dd3,1,1275.495895
2026/01/26/20:34:57,running-time,rs-000236-t9nt9,fef40e9e-70d9-41d5-aa5f-e6b49ca63dd3,1,1275.495895
2026/01/26/20:34:57,apply-time,rs-000237-bq6z7,e25da161-5308-4534-9256-c6d4f12ff97a,1,1275.495895
2026/01/26/20:34:57,running-time,rs-000237-bq6z7,e25da161-5308-4534-9256-c6d4f12ff97a,1,1275.495895
2026/01/26/20:36:44,apply-time,rs-000238-jbhq5,6cc3e861-4541-4f1d-8367-b9bde667568a,1,1382.495895
2026/01/26/20:36:44,running-time,rs-000238-jbhq5,6cc3e861-4541-4f1d-8367-b9bde667568a,1,1382.495895
2026/01/26/20:36:44,apply-time,rs-000238-sr9ns,b470019a-c9fd-44e0-9439-e68f6cbaaffc,1,1382.495895
2026/01/26/20:36:44,running-time,rs-000238-sr9ns,b470019a-c9fd-44e0-9439-e68f6cbaaffc,1,1382.495895
2026/01/26/20:37:20,apply-time,rs-000239-48mlb,5ebe04e2-f854-447f-b7a9-3a3e990ea8a9,1,1419.495895
2026/01/26/20:37:20,apply-time,rs-000239-wmvh5,2a6f8a6b-1ab8-4bb1-8638-5caa509f92f7,1,1419.495895
2026/01/26/20:37:20,apply-time,rs-000239-x6fwp,5b976f03-9c16-44bc-b98c-c1e75a13ad66,1,1419.495895
2026/01/26/20:37:21,apply-time,rs-000240-869t7,2a3a3740-6816-4cf7-b8a0-d7044ff3ee2c,1,1419.495895
2026/01/26/20:37:21,running-time,rs-000240-869t7,2a3a3740-6816-4cf7-b8a0-d7044ff3ee2c,1,1419.495895
2026/01/26/20:37:21,apply-time,rs-000240-mh7mv,e849d8fc-1da8-493f-b9b9-9144fa61661c,1,1419.495895
2026/01/26/20:37:21,running-time,rs-000240-mh7mv,e849d8fc-1da8-493f-b9b9-9144fa61661c,1,1419.495895
2026/01/26/20:37:21,apply-time,rs-000240-xv47w,6aa7df51-3b0e-45ed-a9ed-85a196fa7179,1,1419.495895
2026/01/26/20:37:21,running-time,rs-000240-xv47w,6aa7df51-3b0e-45ed-a9ed-85a196fa7179,1,1419.495895
2026/01/26/20:37:22,apply-time,rs-000241-jhghz,951d8349-7eec-4bb7-9a70-fe6e05731f77,1,1420.495895
2026/01/26/20:37:22,running-time,rs-000241-jhghz,951d8349-7eec-4bb7-9a70-fe6e05731f77,1,1420.495895
2026/01/26/20:37:26,apply-time,rs-000242-7jhtw,19f8d914-9289-49d0-9abb-adf2a70b9193,1,1425.495895
2026/01/26/20:37:26,running-time,rs-000242-7jhtw,19f8d914-9289-49d0-9abb-adf2a70b9193,1,1425.495895
2026/01/26/20:37:26,apply-time,rs-000242-dv5hb,2400ba87-eb51-4c00-8669-30afb9f423a4,1,1425.495895
2026/01/26/20:37:26,running-time,rs-000242-dv5hb,2400ba87-eb51-4c00-8669-30afb9f423a4,1,1425.495895
2026/01/26/20:37:26,apply-time,rs-000243-2dhhf,a89b56c4-823a-4e4c-aa19-7d8b24addfa2,1,1425.495895
2026/01/26/20:37:26,running-time,rs-000243-2dhhf,a89b56c4-823a-4e4c-aa19-7d8b24addfa2,1,1425.495895
2026/01/26/20:37:26,apply-time,rs-000243-5cwbq,5369aa56-7657-4c56-aa20-b6398d45824d,1,1425.495895
2026/01/26/20:37:26,running-time,rs-000243-5cwbq,5369aa56-7657-4c56-aa20-b6398d45824d,1,1425.495895
2026/01/26/20:37:26,apply-time,rs-000243-cgrkx,17d909fe-d6ce-42ae-8561-6ff78a447b04,1,1425.495895
2026/01/26/20:37:26,running-time,rs-000243-cgrkx,17d909fe-d6ce-42ae-8561-6ff78a447b04,1,1425.495895
2026/01/26/20:37:26,apply-time,rs-000244-6xmbv,bc45592b-ad6f-42cc-9ed3-61513774499a,1,1425.495895
2026/01/26/20:37:26,running-time,rs-000244-6xmbv,bc45592b-ad6f-42cc-9ed3-61513774499a,1,1425.495895
2026/01/26/20:37:26,apply-time,rs-000244-mxd5t,5a5e1888-527e-4b5d-ab73-8ff10e2e21a3,1,1425.495895
2026/01/26/20:37:26,running-time,rs-000244-mxd5t,5a5e1888-527e-4b5d-ab73-8ff10e2e21a3,1,1425.495895
2026/01/26/20:37:26,apply-time,rs-000244-s8qs8,3b61697f-5aac-4733-9bf9-2dab2c0e9fab,1,1425.495895
2026/01/26/20:37:26,running-time,rs-000244-s8qs8,3b61697f-5aac-4733-9bf9-2dab2c0e9fab,1,1425.495895
2026/01/26/20:38:39,apply-time,rs-000245-j8ht7,7f3a92e4-b8d3-4b9d-a069-bf9923c7320e,1,1497.495895
2026/01/26/20:38:39,running-time,rs-000245-j8ht7,7f3a92e4-b8d3-4b9d-a069-bf9923c7320e,1,1497.495895
2026/01/26/20:38:39,apply-time,rs-000245-qmkwd,b1013a92-b224-418f-8cc2-a4d8eb480ce6,1,1497.495895
2026/01/26/20:38:39,running-time,rs-000245-qmkwd,b1013a92-b224-418f-8cc2-a4d8eb480ce6,1,1497.495895
2026/01/26/20:38:39,apply-time,rs-000246-62z2m,65b9941c-258a-4232-949d-e6c7f88e2850,1,1498.495895
2026/01/26/20:38:39,running-time,rs-000246-62z2m,65b9941c-258a-4232-949d-e6c7f88e2850,1,1498.495895
2026/01/26/20:38:39,apply-time,rs-000246-kww2z,5d006d69-316e-4ad5-800e-02f182ee8cf9,1,1498.495895
2026/01/26/20:38:39,running-time,rs-000246-kww2z,5d006d69-316e-4ad5-800e-02f182ee8cf9,1,1498.495895
2026/01/26/20:38:55,apply-time,rs-000247-4fm6f,ea7487da-ebd8-462a-94f1-293ad5589792,1,1513.495895
2026/01/26/20:38:55,running-time,rs-000247-4fm6f,ea7487da-ebd8-462a-94f1-293ad5589792,1,1513.495895
2026/01/26/20:38:55,apply-time,rs-000247-l8n8h,d45b0483-55e6-4d8d-a396-1e4e060e47c9,1,1513.495895
2026/01/26/20:38:55,running-time,rs-000247-l8n8h,d45b0483-55e6-4d8d-a396-1e4e060e47c9,1,1513.495895
2026/01/26/20:38:55,apply-time,rs-000248-rx8xt,259c5c6d-415e-4f6a-a489-988f59ab8547,1,1513.495895
2026/01/26/20:38:55,running-time,rs-000248-rx8xt,259c5c6d-415e-4f6a-a489-988f59ab8547,1,1513.495895
2026/01/26/20:38:55,apply-time,rs-000249-grgrw,7aeda6d1-b134-4964-a9c2-d87013ab8961,1,1514.495895
2026/01/26/20:38:55,running-time,rs-000249-grgrw,7aeda6d1-b134-4964-a9c2-d87013ab8961,1,1514.495895
2026/01/26/20:38:55,apply-time,rs-000249-qtsst,83c4673b-4a83-4c6e-a604-afe59b5449e9,1,1514.495895
2026/01/26/20:38:55,running-time,rs-000249-qtsst,83c4673b-4a83-4c6e-a604-afe59b5449e9,1,1514.495895
2026/01/26/20:38:55,apply-time,rs-000250-gkdh6,03330e68-be80-4c76-a53b-bd5cbed9edaf,1,1514.495895
2026/01/26/20:38:55,apply-time,rs-000250-m77r9,5c0307bf-4b1c-4c87-a0d7-078fe8c23e36,1,1514.495895
2026/01/26/20:38:55,apply-time,rs-000250-xm6nh,eb5ec27b-3ade-47bb-827e-b63e383703e2,1,1514.495895
2026/01/26/20:38:55,apply-time,rs-000251-rqj4s,4e93f3f3-5399-42e4-aca9-d66528386f5b,1,1514.495895
2026/01/26/20:38:55,running-time,rs-000251-rqj4s,4e93f3f3-5399-42e4-aca9-d66528386f5b,1,1514.495895
2026/01/26/20:38:55,apply-time,rs-000253-p7rxc,06375c99-5eee-403b-b713-09f325362542,1,1514.495895
2026/01/26/20:38:55,running-time,rs-000253-p7rxc,06375c99-5eee-403b-b713-09f325362542,1,1514.495895
2026/01/26/20:38:55,apply-time,rs-000254-4lccr,6bbceef7-460e-4474-aa3d-a6556ba58133,1,1514.495895
2026/01/26/20:38:55,apply-time,rs-000254-fmdkm,20f91bc0-4244-407e-b6cd-390e300895cb,1,1514.495895
2026/01/26/20:38:56,apply-time,rs-000252-6tdvg,209c4db5-8d42-42af-ad09-080d3e3c27d3,1,1514.495895
2026/01/26/20:38:56,running-time,rs-000252-6tdvg,209c4db5-8d42-42af-ad09-080d3e3c27d3,1,1514.495895
2026/01/26/20:38:56,apply-time,rs-000255-5zs2q,e8ea0bd9-8cb4-404b-9a01-aef540f2dbe5,1,1514.495895
2026/01/26/20:38:56,apply-time,rs-000255-llsll,0890a014-49d4-4f86-8ab8-81524c749a1d,1,1514.495895
2026/01/26/20:38:56,apply-time,rs-000255-xwc4q,ad82846b-81c3-4deb-a2ca-5a37039ffbd2,1,1514.495895
2026/01/26/20:38:56,apply-time,rs-000256-6879q,3b07280b-da42-4c9d-a726-5b4c826afd00,1,1515.495895
2026/01/26/20:38:56,running-time,rs-000256-6879q,3b07280b-da42-4c9d-a726-5b4c826afd00,1,1515.495895
2026/01/26/20:38:56,apply-time,rs-000256-fmhc6,216a5730-529d-4e55-9c36-87cb8881efdd,1,1515.495895
2026/01/26/20:38:57,running-time,rs-000256-fmhc6,216a5730-529d-4e55-9c36-87cb8881efdd,1,1515.495895
2026/01/26/20:38:57,apply-time,rs-000256-xv9hq,3837d7a1-db6c-464f-9c08-6173310b89cc,1,1515.495895
2026/01/26/20:38:57,running-time,rs-000256-xv9hq,3837d7a1-db6c-464f-9c08-6173310b89cc,1,1515.495895
2026/01/26/20:39:10,running-time,rs-000255-5zs2q,e8ea0bd9-8cb4-404b-9a01-aef540f2dbe5,1,1528.495895
2026/01/26/20:39:10,running-time,rs-000255-llsll,0890a014-49d4-4f86-8ab8-81524c749a1d,1,1528.495895
2026/01/26/20:39:40,apply-time,rs-000257-22n4l,22e57d53-f637-4d78-bae5-3b31d1d8b401,1,1559.495895
2026/01/26/20:39:40,running-time,rs-000257-22n4l,22e57d53-f637-4d78-bae5-3b31d1d8b401,1,1559.495895
2026/01/26/20:39:40,apply-time,rs-000257-8mtbd,4ae4207c-32e2-4cdd-9788-258b13788324,1,1559.495895
2026/01/26/20:39:40,running-time,rs-000257-8mtbd,4ae4207c-32e2-4cdd-9788-258b13788324,1,1559.495895
2026/01/26/20:39:40,apply-time,rs-000257-pwfsw,b3cfee4a-08ca-4225-b00e-dc0a8593880b,1,1559.495895
2026/01/26/20:39:40,running-time,rs-000257-pwfsw,b3cfee4a-08ca-4225-b00e-dc0a8593880b,1,1559.495895
2026/01/26/20:39:40,apply-time,rs-000258-m7n8v,1f778d91-8df6-4b4c-ae41-c2e7813eab7a,1,1559.495895
2026/01/26/20:39:40,running-time,rs-000258-m7n8v,1f778d91-8df6-4b4c-ae41-c2e7813eab7a,1,1559.495895
2026/01/26/20:39:40,apply-time,rs-000258-z76lk,e6f44d32-c22a-467f-ab80-c3e4143fbe18,1,1559.495895
2026/01/26/20:39:40,running-time,rs-000258-z76lk,e6f44d32-c22a-467f-ab80-c3e4143fbe18,1,1559.495895
2026/01/26/20:39:44,running-time,rs-000255-xwc4q,ad82846b-81c3-4deb-a2ca-5a37039ffbd2,1,1563.495895
2026/01/26/20:40:03,apply-time,rs-000259-5rjts,b236cdf8-82ad-4980-a203-ddf0a902bac8,1,1581.495895
2026/01/26/20:40:03,apply-time,rs-000259-jjfn5,856e1ce6-b55a-43ca-922b-13836cda21f3,1,1581.495895
2026/01/26/20:40:08,running-time,rs-000259-5rjts,b236cdf8-82ad-4980-a203-ddf0a902bac8,1,1586.495895
2026/01/26/20:41:33,apply-time,rs-000260-z2fpr,5afac1f0-d1e8-4c11-aeb9-3480d9c5b345,1,1671.495895
2026/01/26/20:41:33,running-time,rs-000260-z2fpr,5afac1f0-d1e8-4c11-aeb9-3480d9c5b345,1,1671.495895
2026/01/26/20:41:34,apply-time,rs-000261-2s4k5,b38cb9a6-12be-4a91-ab12-c39b9bfaf635,1,1672.495895
2026/01/26/20:41:34,running-time,rs-000261-2s4k5,b38cb9a6-12be-4a91-ab12-c39b9bfaf635,1,1672.495895
2026/01/26/20:42:34,apply-time,rs-000262-26c7m,1c6bc4c7-c4fb-4099-aed1-cb2e9ee782f9,1,1733.495895
2026/01/26/20:42:34,running-time,rs-000262-26c7m,1c6bc4c7-c4fb-4099-aed1-cb2e9ee782f9,1,1733.495895
2026/01/26/20:42:34,apply-time,rs-000262-w4x6q,78aa25c7-c8b6-4a8e-8675-48fb7e2b3ee4,1,1733.495895
2026/01/26/20:42:34,running-time,rs-000262-w4x6q,78aa25c7-c8b6-4a8e-8675-48fb7e2b3ee4,1,1733.495895
2026/01/26/20:42:34,apply-time,rs-000262-x44bs,14bbac1d-ab49-4324-96a7-ca43a09f4c42,1,1733.495895
2026/01/26/20:42:34,running-time,rs-000262-x44bs,14bbac1d-ab49-4324-96a7-ca43a09f4c42,1,1733.495895
2026/01/26/20:42:34,apply-time,rs-000263-2z5d9,5047a355-ce52-4dfa-b27f-76cf57a0d49f,1,1733.495895
2026/01/26/20:42:34,running-time,rs-000263-2z5d9,5047a355-ce52-4dfa-b27f-76cf57a0d49f,1,1733.495895
2026/01/26/20:42:34,apply-time,rs-000263-9lgpr,485fc360-367a-4ea4-91e7-fc6583cac1e8,1,1733.495895
2026/01/26/20:42:34,running-time,rs-000263-9lgpr,485fc360-367a-4ea4-91e7-fc6583cac1e8,1,1733.495895
2026/01/26/20:42:34,apply-time,rs-000263-zqvdq,d0fd3ff9-2a39-4eac-9077-0cc6465eeae0,1,1733.495895
2026/01/26/20:42:34,running-time,rs-000263-zqvdq,d0fd3ff9-2a39-4eac-9077-0cc6465eeae0,1,1733.495895
2026/01/26/20:42:34,apply-time,rs-000264-rbgdb,a9aa4f43-aba6-442d-907b-aef13ed0ae88,1,1733.495895
2026/01/26/20:42:34,running-time,rs-000264-rbgdb,a9aa4f43-aba6-442d-907b-aef13ed0ae88,1,1733.495895
2026/01/26/20:42:34,apply-time,rs-000264-wtxw6,13f78ca5-af14-452d-be7e-7cbd35691d16,1,1733.495895
2026/01/26/20:42:34,running-time,rs-000264-wtxw6,13f78ca5-af14-452d-be7e-7cbd35691d16,1,1733.495895
2026/01/26/20:42:38,apply-time,rs-000265-gj2vz,3f26c682-a0c5-4aee-89d0-865b404d7f1a,1,1736.495895
2026/01/26/20:42:38,running-time,rs-000265-gj2vz,3f26c682-a0c5-4aee-89d0-865b404d7f1a,1,1736.495895
2026/01/26/20:42:38,apply-time,rs-000266-7gwfr,798eca87-0a35-4402-b286-234b2ad328bf,1,1736.495895
2026/01/26/20:42:38,running-time,rs-000266-7gwfr,798eca87-0a35-4402-b286-234b2ad328bf,1,1736.495895
2026/01/26/20:42:38,apply-time,rs-000266-n6pdd,db377c28-2bb6-4506-a915-4094c1d4a1eb,1,1736.495895
2026/01/26/20:42:38,running-time,rs-000266-n6pdd,db377c28-2bb6-4506-a915-4094c1d4a1eb,1,1736.495895
2026/01/26/20:42:38,apply-time,rs-000267-5tq7j,0100b753-38d6-4ee4-8fa0-d38e41e3bebc,1,1736.495895
2026/01/26/20:42:38,running-time,rs-000267-5tq7j,0100b753-38d6-4ee4-8fa0-d38e41e3bebc,1,1736.495895
2026/01/26/20:42:39,apply-time,rs-000268-xjzwj,052def8a-9bd0-4e53-aa6a-a79dc96bc7be,1,1737.495895
2026/01/26/20:42:39,running-time,rs-000268-xjzwj,052def8a-9bd0-4e53-aa6a-a79dc96bc7be,1,1737.495895
2026/01/26/20:42:39,apply-time,rs-000269-4jhf5,cfe3f61f-3b74-4635-aee2-b9e2c57b1a6a,1,1737.495895
2026/01/26/20:42:39,apply-time,rs-000269-ggrxq,1ee6fd3d-849b-431b-909a-d66e400fb60b,1,1737.495895
2026/01/26/20:42:39,running-time,rs-000269-ggrxq,1ee6fd3d-849b-431b-909a-d66e400fb60b,1,1737.495895
2026/01/26/20:42:39,apply-time,rs-000269-lnz9q,715d95a9-611a-457c-9a04-d2a16947ead5,1,1737.495895
2026/01/26/20:42:39,apply-time,rs-000270-52rt8,adf0b75d-ed1b-47d5-84f3-62184784cc8b,1,1737.495895
2026/01/26/20:42:39,running-time,rs-000270-52rt8,adf0b75d-ed1b-47d5-84f3-62184784cc8b,1,1737.495895
2026/01/26/20:42:39,apply-time,rs-000270-flcvg,e7c0e976-d98d-45f6-aa8f-f8f557089310,1,1737.495895
2026/01/26/20:42:39,running-time,rs-000270-flcvg,e7c0e976-d98d-45f6-aa8f-f8f557089310,1,1737.495895
2026/01/26/20:42:39,apply-time,rs-000271-88hft,eaf3af1e-5641-43fa-9951-d8db64e1fcc7,1,1737.495895
2026/01/26/20:42:39,apply-time,rs-000271-phh66,91de08b5-6f5e-405f-8bf4-bac475b70800,1,1737.495895
2026/01/26/20:42:39,apply-time,rs-000272-6492v,7a8a8edb-1d54-47f6-a75e-5bba2f074370,1,1737.495895
2026/01/26/20:42:39,running-time,rs-000272-6492v,7a8a8edb-1d54-47f6-a75e-5bba2f074370,1,1737.495895
2026/01/26/20:42:42,running-time,rs-000269-lnz9q,715d95a9-611a-457c-9a04-d2a16947ead5,1,1740.495895
2026/01/26/20:42:44,running-time,rs-000269-4jhf5,cfe3f61f-3b74-4635-aee2-b9e2c57b1a6a,1,1743.495895
2026/01/26/20:42:44,running-time,rs-000271-88hft,eaf3af1e-5641-43fa-9951-d8db64e1fcc7,1,1743.495895
2026/01/26/20:42:44,running-time,rs-000271-phh66,91de08b5-6f5e-405f-8bf4-bac475b70800,1,1743.495895
2026/01/26/20:42:50,apply-time,rs-000273-p8gcl,2b7cf6df-0e1f-4754-a21f-9fe91ef3a110,1,1749.495895
2026/01/26/20:42:50,running-time,rs-000273-p8gcl,2b7cf6df-0e1f-4754-a21f-9fe91ef3a110,1,1749.495895
2026/01/26/20:42:50,apply-time,rs-000273-qldsk,c2812bed-02e6-426f-a6ec-32a7a4d1ca3f,1,1749.495895
2026/01/26/20:42:50,running-time,rs-000273-qldsk,c2812bed-02e6-426f-a6ec-32a7a4d1ca3f,1,1749.495895
2026/01/26/20:42:50,apply-time,rs-000274-n4jgh,11b23525-f9b5-46ac-b265-2f8c1722b320,1,1749.495895
2026/01/26/20:42:50,apply-time,rs-000274-qjblj,c8b4f846-6f4e-4cb1-b0d5-cb05cfdace3c,1,1749.495895
2026/01/26/20:42:50,apply-time,rs-000274-t96xz,0ec8d876-54f4-47d1-9b78-cc669988901c,1,1749.495895
2026/01/26/20:42:50,apply-time,rs-000275-bjqn6,031a852c-9cbd-41e7-87bf-94b7ee52555e,1,1749.495895
2026/01/26/20:42:50,running-time,rs-000275-bjqn6,031a852c-9cbd-41e7-87bf-94b7ee52555e,1,1749.495895
2026/01/26/20:42:50,apply-time,rs-000275-dphkp,b30a8cc8-055f-4702-a7ff-73d422433c18,1,1749.495895
2026/01/26/20:42:50,running-time,rs-000275-dphkp,b30a8cc8-055f-4702-a7ff-73d422433c18,1,1749.495895
2026/01/26/20:42:50,apply-time,rs-000275-zzlsh,10f3828c-eaf5-4be5-87ba-d0feb56e4100,1,1749.495895
2026/01/26/20:42:50,running-time,rs-000275-zzlsh,10f3828c-eaf5-4be5-87ba-d0feb56e4100,1,1749.495895
2026/01/26/20:42:56,running-time,rs-000274-n4jgh,11b23525-f9b5-46ac-b265-2f8c1722b320,1,1754.495895
2026/01/26/20:42:56,running-time,rs-000274-qjblj,c8b4f846-6f4e-4cb1-b0d5-cb05cfdace3c,1,1754.495895
2026/01/26/20:42:58,running-time,rs-000274-t96xz,0ec8d876-54f4-47d1-9b78-cc669988901c,1,1756.495895
2026/01/26/20:43:01,apply-time,rs-000276-67f5x,69ccdde7-c8bf-4b5c-aa3e-7d060e34406e,1,1759.495895
2026/01/26/20:43:01,running-time,rs-000276-67f5x,69ccdde7-c8bf-4b5c-aa3e-7d060e34406e,1,1759.495895
2026/01/26/20:43:31,apply-time,rs-000277-psfg6,ba740ed4-46ad-4e87-a939-5c79a33aa9de,1,1789.495895
2026/01/26/20:43:31,running-time,rs-000277-psfg6,ba740ed4-46ad-4e87-a939-5c79a33aa9de,1,1789.495895
2026/01/26/20:43:35,apply-time,rs-000278-6mrxx,f00ddc22-7cbe-4959-a9ee-0828d7247e49,1,1793.495895
2026/01/26/20:43:35,running-time,rs-000278-6mrxx,f00ddc22-7cbe-4959-a9ee-0828d7247e49,1,1793.495895
2026/01/26/20:43:35,apply-time,rs-000278-gcxq5,d9a0bb2e-4401-41e3-aaf0-c0b4f55a1161,1,1793.495895
2026/01/26/20:43:35,running-time,rs-000278-gcxq5,d9a0bb2e-4401-41e3-aaf0-c0b4f55a1161,1,1793.495895
2026/01/26/20:43:35,apply-time,rs-000278-xnqxm,7934abd5-6c93-4713-8c0f-098f4dc059c7,1,1793.495895
2026/01/26/20:43:35,running-time,rs-000278-xnqxm,7934abd5-6c93-4713-8c0f-098f4dc059c7,1,1793.495895
2026/01/26/20:43:39,apply-time,rs-000279-kpmhg,64cb0b51-1bce-4cd1-aaab-3355c91285c9,1,1797.495895
2026/01/26/20:43:39,running-time,rs-000279-kpmhg,64cb0b51-1bce-4cd1-aaab-3355c91285c9,1,1797.495895
2026/01/26/20:43:39,apply-time,rs-000279-wrv65,5002d605-b0fe-4ced-acc4-1c176b2c6ec7,1,1797.495895
2026/01/26/20:43:39,running-time,rs-000279-wrv65,5002d605-b0fe-4ced-acc4-1c176b2c6ec7,1,1798.495895
2026/01/26/20:43:39,apply-time,rs-000280-7p2x6,3114d0cc-4cfc-4de6-ba8d-18abdfe118e2,1,1798.495895
2026/01/26/20:43:39,running-time,rs-000280-7p2x6,3114d0cc-4cfc-4de6-ba8d-18abdfe118e2,1,1798.495895
2026/01/26/20:43:39,apply-time,rs-000280-p6xdb,771b7f44-abb1-4e3b-8683-52a5f4bd8fc1,1,1798.495895
2026/01/26/20:43:39,running-time,rs-000280-p6xdb,771b7f44-abb1-4e3b-8683-52a5f4bd8fc1,1,1798.495895
2026/01/26/20:43:39,apply-time,rs-000281-pj9k7,d501ccda-3897-4a34-bee0-61bc6b920038,1,1798.495895
2026/01/26/20:43:39,running-time,rs-000281-pj9k7,d501ccda-3897-4a34-bee0-61bc6b920038,1,1798.495895
2026/01/26/20:43:39,apply-time,rs-000282-7khn9,46d9b5af-ad69-4951-8c37-4066be77cbe0,1,1798.495895
2026/01/26/20:43:40,running-time,rs-000282-7khn9,46d9b5af-ad69-4951-8c37-4066be77cbe0,1,1798.495895
2026/01/26/20:43:46,apply-time,rs-000283-6k8m2,17b92792-fed4-4f19-acc1-ac95b90585ca,1,1805.495895
2026/01/26/20:43:46,running-time,rs-000283-6k8m2,17b92792-fed4-4f19-acc1-ac95b90585ca,1,1805.495895
2026/01/26/20:43:47,apply-time,rs-000284-bp6tl,25b40192-f36f-49d0-bf79-05cffaaea260,1,1805.495895
2026/01/26/20:43:47,running-time,rs-000284-bp6tl,25b40192-f36f-49d0-bf79-05cffaaea260,1,1805.495895
2026/01/26/20:43:47,apply-time,rs-000284-ctvvw,d89bda64-75c2-449e-bd24-22567a9b2751,1,1805.495895
2026/01/26/20:43:47,running-time,rs-000284-ctvvw,d89bda64-75c2-449e-bd24-22567a9b2751,1,1805.495895
2026/01/26/20:43:47,apply-time,rs-000284-xxzlr,a78cf4cb-acee-4e28-a591-8fccd68a9e61,1,1805.495895
2026/01/26/20:43:47,running-time,rs-000284-xxzlr,a78cf4cb-acee-4e28-a591-8fccd68a9e61,1,1805.495895
2026/01/26/20:43:47,apply-time,rs-000285-8j4xd,d73636c2-12da-42b2-8e9d-85ef90d6c622,1,1805.495895
2026/01/26/20:43:47,running-time,rs-000285-8j4xd,d73636c2-12da-42b2-8e9d-85ef90d6c622,1,1805.495895
2026/01/26/20:43:47,apply-time,rs-000285-d2bxg,35a28d2b-5d2c-4bc5-b0ff-e8f033168174,1,1805.495895
2026/01/26/20:43:47,running-time,rs-000285-d2bxg,35a28d2b-5d2c-4bc5-b0ff-e8f033168174,1,1805.495895
2026/01/26/20:43:47,apply-time,rs-000286-59dns,c65838cd-7be6-4870-8198-90094865e449,1,1805.495895
2026/01/26/20:43:47,running-time,rs-000286-59dns,c65838cd-7be6-4870-8198-90094865e449,1,1805.495895
2026/01/26/20:44:47,apply-time,rs-000287-vclff,3d639302-3ee5-474e-8fc4-7e1366563230,1,1866.495895
2026/01/26/20:44:47,apply-time,rs-000288-cdh76,27ec2952-f566-4f62-8517-2c74e3f5a035,1,1866.495895
2026/01/26/20:44:47,apply-time,rs-000288-dvtxh,3fdbd4c4-3212-48d4-bbe5-422ca0575da3,1,1866.495895
2026/01/26/20:44:47,apply-time,rs-000288-twjrd,ca29b13f-e94b-4340-b216-178b3c5c8be6,1,1866.495895
2026/01/26/20:44:47,apply-time,rs-000289-xqd8c,300a25f8-c4ea-4f6e-ba14-0f9135fd8388,1,1866.495895
2026/01/26/20:44:47,apply-time,rs-000290-52dns,f5753c1e-61a0-40a7-ba53-e3067fb53351,1,1866.495895
2026/01/26/20:44:47,apply-time,rs-000290-99vtm,46c49291-5c5d-4753-a211-56e32bf3449f,1,1866.495895
2026/01/26/20:44:47,apply-time,rs-000290-r7xp5,19384221-7f64-4bce-ba8d-68b49b2b5e7d,1,1866.495895
2026/01/26/20:44:47,apply-time,rs-000291-q8b2p,381f0682-e934-432e-b77f-6628ebf92d47,1,1866.495895
2026/01/26/20:44:48,running-time,rs-000287-vclff,3d639302-3ee5-474e-8fc4-7e1366563230,1,1866.495895
2026/01/26/20:44:48,running-time,rs-000288-cdh76,27ec2952-f566-4f62-8517-2c74e3f5a035,1,1866.495895
2026/01/26/20:44:48,running-time,rs-000288-dvtxh,3fdbd4c4-3212-48d4-bbe5-422ca0575da3,1,1866.495895
2026/01/26/20:44:48,running-time,rs-000288-twjrd,ca29b13f-e94b-4340-b216-178b3c5c8be6,1,1866.495895
2026/01/26/20:44:48,running-time,rs-000289-xqd8c,300a25f8-c4ea-4f6e-ba14-0f9135fd8388,1,1866.495895
2026/01/26/20:44:48,running-time,rs-000290-52dns,f5753c1e-61a0-40a7-ba53-e3067fb53351,1,1866.495895
2026/01/26/20:44:48,running-time,rs-000290-99vtm,46c49291-5c5d-4753-a211-56e32bf3449f,1,1866.495895
2026/01/26/20:44:48,running-time,rs-000290-r7xp5,19384221-7f64-4bce-ba8d-68b49b2b5e7d,1,1866.495895
2026/01/26/20:44:48,running-time,rs-000291-q8b2p,381f0682-e934-432e-b77f-6628ebf92d47,1,1866.495895
2026/01/26/20:44:49,apply-time,rs-000292-h6sj7,f1e0837b-dc52-4c00-b0f8-1e63fb1a1499,1,1868.495895
2026/01/26/20:44:49,running-time,rs-000292-h6sj7,f1e0837b-dc52-4c00-b0f8-1e63fb1a1499,1,1868.495895
2026/01/26/20:44:49,apply-time,rs-000293-95jdx,de3619e7-88e2-4b70-84ab-47778d3fec2d,1,1868.495895
2026/01/26/20:44:49,running-time,rs-000293-95jdx,de3619e7-88e2-4b70-84ab-47778d3fec2d,1,1868.495895
2026/01/26/20:44:49,apply-time,rs-000294-fnrlt,c756b0db-820e-46b3-aab1-30877e638c9b,1,1868.495895
2026/01/26/20:44:49,running-time,rs-000294-fnrlt,c756b0db-820e-46b3-aab1-30877e638c9b,1,1868.495895
2026/01/26/20:44:49,apply-time,rs-000294-frg2r,4f8d9790-ffc1-46ec-830a-7bad5b92f9fd,1,1868.495895
2026/01/26/20:44:49,running-time,rs-000294-frg2r,4f8d9790-ffc1-46ec-830a-7bad5b92f9fd,1,1868.495895
2026/01/26/20:44:49,apply-time,rs-000294-lfw96,51b071e9-7273-4aa6-90a8-62605f480685,1,1868.495895
2026/01/26/20:44:49,running-time,rs-000294-lfw96,51b071e9-7273-4aa6-90a8-62605f480685,1,1868.495895
2026/01/26/20:44:50,apply-time,rs-000295-gbs6c,a0c1788e-1e9d-4710-8cb9-cad7af715754,1,1869.495895
2026/01/26/20:44:50,running-time,rs-000295-gbs6c,a0c1788e-1e9d-4710-8cb9-cad7af715754,1,1869.495895
2026/01/26/20:44:50,apply-time,rs-000295-vjwqr,c5d1891f-8e94-49a1-bfe8-5365e2acf8d7,1,1869.495895
2026/01/26/20:44:50,running-time,rs-000295-vjwqr,c5d1891f-8e94-49a1-bfe8-5365e2acf8d7,1,1869.495895
2026/01/26/20:45:22,apply-time,rs-000296-cxtrl,84a3ce0b-101c-4fda-ac6b-6310ecf771e6,1,1900.495895
2026/01/26/20:45:22,running-time,rs-000296-cxtrl,84a3ce0b-101c-4fda-ac6b-6310ecf771e6,1,1900.495895
2026/01/26/20:45:22,apply-time,rs-000296-xbtqh,146d6b77-b9b0-4b06-a818-ab3181111574,1,1900.495895
2026/01/26/20:45:22,running-time,rs-000296-xbtqh,146d6b77-b9b0-4b06-a818-ab3181111574,1,1900.495895
2026/01/26/20:45:22,apply-time,rs-000297-hq4h6,89de0f38-3f41-45ef-8995-f2265c0a0e09,1,1900.495895
2026/01/26/20:45:22,running-time,rs-000297-hq4h6,89de0f38-3f41-45ef-8995-f2265c0a0e09,1,1900.495895
2026/01/26/20:45:22,apply-time,rs-000297-zkfp2,17b0e39e-4ba9-446e-87b8-47c3e62066fb,1,1900.495895
2026/01/26/20:45:22,running-time,rs-000297-zkfp2,17b0e39e-4ba9-446e-87b8-47c3e62066fb,1,1900.495895
2026/01/26/20:45:22,apply-time,rs-000297-zzjn4,fbf10e26-407c-4f0e-be11-ff46241e7fa3,1,1900.495895
2026/01/26/20:45:22,running-time,rs-000297-zzjn4,fbf10e26-407c-4f0e-be11-ff46241e7fa3,1,1900.495895
2026/01/26/20:46:40,apply-time,rs-000298-bd6td,ef81a985-d9e8-4ad9-9056-f595e5da7a60,1,1979.495895
2026/01/26/20:46:40,running-time,rs-000298-bd6td,ef81a985-d9e8-4ad9-9056-f595e5da7a60,1,1979.495895
2026/01/26/20:46:40,apply-time,rs-000299-9bmlz,f53386bd-d044-48f4-84b9-7cb28e0fcb99,1,1979.495895
2026/01/26/20:46:40,running-time,rs-000299-9bmlz,f53386bd-d044-48f4-84b9-7cb28e0fcb99,1,1979.495895
2026/01/26/20:46:40,apply-time,rs-000299-x5jf5,1d90ffa5-609e-4170-9feb-736127b4015d,1,1979.495895
2026/01/26/20:46:40,running-time,rs-000299-x5jf5,1d90ffa5-609e-4170-9feb-736127b4015d,1,1979.495895
2026/01/26/20:46:53,apply-time,rs-000300-f87bl,6ea0e573-662b-486d-b2fd-61c71c37df54,1,1991.495895
2026/01/26/20:46:53,running-time,rs-000300-f87bl,6ea0e573-662b-486d-b2fd-61c71c37df54,1,1991.495895
2026/01/26/20:46:53,apply-time,rs-000300-jqwn9,9f57fd05-ad72-4622-b4f0-7e303ded26c5,1,1991.495895
2026/01/26/20:46:53,running-time,rs-000300-jqwn9,9f57fd05-ad72-4622-b4f0-7e303ded26c5,1,1991.495895
2026/01/26/20:46:53,apply-time,rs-000300-xwsvr,9c3ba66a-bdcb-4a82-94ba-dfb8b6c2680b,1,1991.495895
2026/01/26/20:46:53,running-time,rs-000300-xwsvr,9c3ba66a-bdcb-4a82-94ba-dfb8b6c2680b,1,1991.495895
2026/01/26/20:46:54,apply-time,rs-000301-j9c8r,a03dee10-45fc-4822-ba1e-f55d3c2652b0,1,1993.495895
2026/01/26/20:46:54,running-time,rs-000301-j9c8r,a03dee10-45fc-4822-ba1e-f55d3c2652b0,1,1993.495895
2026/01/26/20:46:54,apply-time,rs-000301-jszjl,6ddf5101-e0fb-4db1-850e-5cb2b46d8aa3,1,1993.495895
2026/01/26/20:46:54,running-time,rs-000301-jszjl,6ddf5101-e0fb-4db1-850e-5cb2b46d8aa3,1,1993.495895
2026/01/26/20:46:54,apply-time,rs-000301-q6lwn,d416e1c0-edd3-445b-8e10-5927d6dde314,1,1993.495895
2026/01/26/20:46:54,running-time,rs-000301-q6lwn,d416e1c0-edd3-445b-8e10-5927d6dde314,1,1993.495895
2026/01/26/20:46:54,apply-time,rs-000302-fstpz,33e13c80-6883-4e39-b5bd-6795dbb1a20d,1,1993.495895
2026/01/26/20:46:55,running-time,rs-000302-fstpz,33e13c80-6883-4e39-b5bd-6795dbb1a20d,1,1993.495895
2026/01/26/20:46:55,apply-time,rs-000303-xjmqh,71e831e4-3964-4661-9415-56abbcff9396,1,1993.495895
2026/01/26/20:46:55,running-time,rs-000303-xjmqh,71e831e4-3964-4661-9415-56abbcff9396,1,1993.495895
2026/01/26/20:46:55,apply-time,rs-000304-lzrtp,13a995a4-75c5-4a8f-b84c-bce5af66cf97,1,1993.495895
2026/01/26/20:46:55,running-time,rs-000304-lzrtp,13a995a4-75c5-4a8f-b84c-bce5af66cf97,1,1993.495895
2026/01/26/20:46:55,apply-time,rs-000304-r27dl,1a6c87bc-f2ec-4de2-97c2-cd2f78601dcf,1,1993.495895
2026/01/26/20:46:55,running-time,rs-000304-r27dl,1a6c87bc-f2ec-4de2-97c2-cd2f78601dcf,1,1993.495895
2026/01/26/20:46:56,apply-time,rs-000305-d6rql,6872decb-6a47-430d-a44f-114e26ff75ff,1,1994.495895
2026/01/26/20:46:56,running-time,rs-000305-d6rql,6872decb-6a47-430d-a44f-114e26ff75ff,1,1994.495895
2026/01/26/20:46:56,apply-time,rs-000305-x9pnp,4d4da182-37d9-4c78-ba77-0f4af1433010,1,1994.495895
2026/01/26/20:46:56,running-time,rs-000305-x9pnp,4d4da182-37d9-4c78-ba77-0f4af1433010,1,1994.495895
2026/01/26/20:48:43,apply-time,rs-000306-76gcq,56dc4b48-11d3-466a-b4b1-dd243855e5d2,1,2102.495895
2026/01/26/20:48:43,running-time,rs-000306-76gcq,56dc4b48-11d3-466a-b4b1-dd243855e5d2,1,2102.495895
2026/01/26/20:48:43,apply-time,rs-000306-h8d4m,a1526a37-a86a-47a5-9572-d965ffd4a5bc,1,2102.495895
2026/01/26/20:48:43,running-time,rs-000306-h8d4m,a1526a37-a86a-47a5-9572-d965ffd4a5bc,1,2102.495895
2026/01/26/20:48:43,apply-time,rs-000306-rk96b,17f7384a-3a65-4184-8154-440c0e5001fc,1,2102.495895
2026/01/26/20:48:43,running-time,rs-000306-rk96b,17f7384a-3a65-4184-8154-440c0e5001fc,1,2102.495895
2026/01/26/20:48:43,apply-time,rs-000307-c9z72,bdae75ec-e9f4-48d5-99b4-9b67dbb3a6b9,1,2102.495895
2026/01/26/20:48:43,running-time,rs-000307-c9z72,bdae75ec-e9f4-48d5-99b4-9b67dbb3a6b9,1,2102.495895
2026/01/26/20:48:43,apply-time,rs-000307-p9njg,a32795a8-1b76-46b8-a208-77d33a278c13,1,2102.495895
2026/01/26/20:48:43,running-time,rs-000307-p9njg,a32795a8-1b76-46b8-a208-77d33a278c13,1,2102.495895
2026/01/26/20:48:43,apply-time,rs-000307-rc546,8eee59f1-6878-453d-b989-d5f2111acd18,1,2102.495895
2026/01/26/20:48:43,running-time,rs-000307-rc546,8eee59f1-6878-453d-b989-d5f2111acd18,1,2102.495895
2026/01/26/20:48:43,apply-time,rs-000308-6smrw,45e99bb1-7536-487c-998e-1c7479c743a7,1,2102.495895
2026/01/26/20:48:43,running-time,rs-000308-6smrw,45e99bb1-7536-487c-998e-1c7479c743a7,1,2102.495895
2026/01/26/20:48:43,apply-time,rs-000308-tkw45,e702685d-4be4-4c09-9edd-3a213430f148,1,2102.495895
2026/01/26/20:48:43,running-time,rs-000308-tkw45,e702685d-4be4-4c09-9edd-3a213430f148,1,2102.495895
2026/01/26/20:48:43,apply-time,rs-000309-4rbrt,df1e5110-7246-4936-9fdb-af69f7114047,1,2102.495895
2026/01/26/20:48:43,running-time,rs-000309-4rbrt,df1e5110-7246-4936-9fdb-af69f7114047,1,2102.495895
2026/01/26/20:48:43,apply-time,rs-000309-d5xpn,3e4d7bda-d2fd-4377-a18c-db2c1ff468a0,1,2102.495895
2026/01/26/20:48:43,running-time,rs-000309-d5xpn,3e4d7bda-d2fd-4377-a18c-db2c1ff468a0,1,2102.495895
2026/01/26/20:48:43,apply-time,rs-000310-wc27f,c24f7db5-49c2-4630-b0b2-e8f6f892dbff,1,2102.495895
2026/01/26/20:48:43,running-time,rs-000310-wc27f,c24f7db5-49c2-4630-b0b2-e8f6f892dbff,1,2102.495895
2026/01/26/20:48:44,apply-time,rs-000311-4cvbv,d084cbbb-b7af-493e-a88f-535958ff0c66,1,2102.495895
2026/01/26/20:48:44,running-time,rs-000311-4cvbv,d084cbbb-b7af-493e-a88f-535958ff0c66,1,2102.495895
2026/01/26/20:48:44,apply-time,rs-000311-hb428,5f2d588b-9e56-453a-ad8f-cd966690ac3d,1,2102.495895
2026/01/26/20:48:44,apply-time,rs-000311-s26kc,1d8d24c9-950c-41f4-82bb-9572141cbec7,1,2102.495895
2026/01/26/20:48:44,apply-time,rs-000312-gq8n4,35aa80f1-07a8-41fb-b66e-8175b4efbd7b,1,2102.495895
2026/01/26/20:48:44,apply-time,rs-000312-ms2rs,76003ca9-4e8c-41bb-bb5f-7cbe4283d5e5,1,2102.495895
2026/01/26/20:48:45,running-time,rs-000312-ms2rs,76003ca9-4e8c-41bb-bb5f-7cbe4283d5e5,1,2104.495895
2026/01/26/20:48:46,running-time,rs-000311-s26kc,1d8d24c9-950c-41f4-82bb-9572141cbec7,1,2105.495895
2026/01/26/20:48:47,apply-time,rs-000313-zht74,f628e0e2-9628-483b-821a-724f174320e0,1,2105.495895
2026/01/26/20:48:47,running-time,rs-000313-zht74,f628e0e2-9628-483b-821a-724f174320e0,1,2105.495895
2026/01/26/20:48:47,apply-time,rs-000314-lh68t,39364485-72b6-4c25-b8be-1f68581f3bd4,1,2106.495895
2026/01/26/20:48:47,running-time,rs-000314-lh68t,39364485-72b6-4c25-b8be-1f68581f3bd4,1,2106.495895
2026/01/26/20:48:48,apply-time,rs-000315-vt8hx,6d8a7914-d49a-417f-a7b3-4500abb6b03a,1,2107.495895
2026/01/26/20:48:48,running-time,rs-000315-vt8hx,6d8a7914-d49a-417f-a7b3-4500abb6b03a,1,2107.495895
2026/01/26/20:48:48,apply-time,rs-000316-4kg4k,c3eee57a-ab5a-4073-b7e0-b4d17920e66f,1,2107.495895
2026/01/26/20:48:48,apply-time,rs-000316-dqw8v,1c7be69e-f7e0-4695-a5f3-c2907fb45c60,1,2107.495895
2026/01/26/20:48:48,running-time,rs-000316-dqw8v,1c7be69e-f7e0-4695-a5f3-c2907fb45c60,1,2107.495895
2026/01/26/20:48:48,apply-time,rs-000316-qspsl,a0578753-f4c1-4216-ba78-786a2e2489a2,1,2107.495895
2026/01/26/20:48:48,running-time,rs-000316-qspsl,a0578753-f4c1-4216-ba78-786a2e2489a2,1,2107.495895
2026/01/26/20:49:23,apply-time,rs-000317-44fc4,8ee99fb9-ffae-4d0a-95f8-90f9c047312d,1,2141.495895
2026/01/26/20:49:23,running-time,rs-000317-44fc4,8ee99fb9-ffae-4d0a-95f8-90f9c047312d,1,2141.495895
2026/01/26/20:49:27,apply-time,rs-000318-mmcq2,4bdd74be-30d6-4b8d-8610-41eb1a423899,1,2146.495895
2026/01/26/20:49:27,running-time,rs-000318-mmcq2,4bdd74be-30d6-4b8d-8610-41eb1a423899,1,2146.495895
2026/01/26/20:49:27,apply-time,rs-000318-vgsgn,fdd467c1-628c-4f00-bceb-ab8d5f377c94,1,2146.495895
2026/01/26/20:49:27,running-time,rs-000318-vgsgn,fdd467c1-628c-4f00-bceb-ab8d5f377c94,1,2146.495895
2026/01/26/20:49:27,apply-time,rs-000319-gq6cd,e70157c6-d810-4e23-bb65-d46dc1d60a24,1,2146.495895
2026/01/26/20:49:27,running-time,rs-000319-gq6cd,e70157c6-d810-4e23-bb65-d46dc1d60a24,1,2146.495895
2026/01/26/20:49:27,apply-time,rs-000320-6t89l,9808d4db-ce05-4062-b5d4-9da9c9399991,1,2146.495895
2026/01/26/20:49:27,apply-time,rs-000320-pv5pg,5a53290d-e55f-4795-aadf-4640b303bf06,1,2146.495895
2026/01/26/20:49:28,apply-time,rs-000321-9n6jd,50671f8d-f6ad-48d9-b6ad-ab9810715fd3,1,2147.495895
2026/01/26/20:49:28,running-time,rs-000321-9n6jd,50671f8d-f6ad-48d9-b6ad-ab9810715fd3,1,2147.495895
2026/01/26/20:49:28,apply-time,rs-000321-9tcm7,293f174c-58fc-434d-b15e-57e3ec393bd0,1,2147.495895
2026/01/26/20:49:28,running-time,rs-000321-9tcm7,293f174c-58fc-434d-b15e-57e3ec393bd0,1,2147.495895
2026/01/26/20:49:37,apply-time,rs-000322-78cnf,dc87a473-f1a2-4d0b-a028-00c27fcc37ff,1,2155.495895
2026/01/26/20:49:37,running-time,rs-000322-78cnf,dc87a473-f1a2-4d0b-a028-00c27fcc37ff,1,2155.495895
2026/01/26/20:49:37,apply-time,rs-000322-8fx4h,ea751849-5dcb-47ee-9683-c0b12b1f4d4e,1,2155.495895
2026/01/26/20:49:37,running-time,rs-000322-8fx4h,ea751849-5dcb-47ee-9683-c0b12b1f4d4e,1,2155.495895
2026/01/26/20:49:37,apply-time,rs-000323-5vkgv,f91bfd7e-5001-4721-80f0-869d6ad0df98,1,2156.495895
2026/01/26/20:49:37,running-time,rs-000323-5vkgv,f91bfd7e-5001-4721-80f0-869d6ad0df98,1,2156.495895
2026/01/26/20:49:37,apply-time,rs-000323-npssm,84f04456-1354-4552-85ee-ec336a196308,1,2156.495895
2026/01/26/20:49:37,running-time,rs-000323-npssm,84f04456-1354-4552-85ee-ec336a196308,1,2156.495895
2026/01/26/20:49:39,apply-time,rs-000324-htl2w,4915cc5d-36dc-4018-ac00-171541fec23d,1,2157.495895
2026/01/26/20:49:39,running-time,rs-000324-htl2w,4915cc5d-36dc-4018-ac00-171541fec23d,1,2157.495895
2026/01/26/20:49:39,apply-time,rs-000325-v26l9,47945c1d-eb05-4ded-8339-f55c609f79ca,1,2157.495895
2026/01/26/20:49:39,running-time,rs-000325-v26l9,47945c1d-eb05-4ded-8339-f55c609f79ca,1,2157.495895
2026/01/26/20:49:39,apply-time,rs-000325-vmx22,a73b5a26-dccd-4481-a424-4f5e300a459d,1,2157.495895
2026/01/26/20:49:39,running-time,rs-000325-vmx22,a73b5a26-dccd-4481-a424-4f5e300a459d,1,2157.495895
2026/01/26/20:49:46,apply-time,rs-000326-p8cjm,05cdc341-78cf-49ec-bc1f-04b83df8b2cf,1,2165.495895
2026/01/26/20:49:46,running-time,rs-000326-p8cjm,05cdc341-78cf-49ec-bc1f-04b83df8b2cf,1,2165.495895
2026/01/26/20:49:48,apply-time,rs-000327-8zzhh,5685978d-c975-412b-afd7-a7c01736229b,1,2166.495895
2026/01/26/20:49:48,running-time,rs-000327-8zzhh,5685978d-c975-412b-afd7-a7c01736229b,1,2166.495895
2026/01/26/20:49:48,apply-time,rs-000327-jrhx9,268ab98a-3511-4b60-80ec-8927206f5d63,1,2166.495895
2026/01/26/20:49:48,running-time,rs-000327-jrhx9,268ab98a-3511-4b60-80ec-8927206f5d63,1,2166.495895
2026/01/26/20:49:48,apply-time,rs-000327-lz7sg,b22f7aac-5b5c-4e7e-900e-2bc85937dd18,1,2166.495895
2026/01/26/20:49:48,running-time,rs-000327-lz7sg,b22f7aac-5b5c-4e7e-900e-2bc85937dd18,1,2166.495895
2026/01/26/20:49:48,apply-time,rs-000328-vq7ld,a4fd41a8-d88f-4b26-8add-ab481bf6ac04,1,2167.495895
2026/01/26/20:49:48,running-time,rs-000328-vq7ld,a4fd41a8-d88f-4b26-8add-ab481bf6ac04,1,2167.495895
2026/01/26/20:49:48,apply-time,rs-000329-7w587,a1758a4a-42a6-459d-869e-742808a017f2,1,2167.495895
2026/01/26/20:49:49,apply-time,rs-000329-764qb,98c878c0-1f74-4d8c-b2df-5f905ccab14b,1,2167.495895
2026/01/26/20:49:49,apply-time,rs-000330-rdwb9,e9e66d8b-8aa6-4cb9-9b53-62420f98981e,1,2167.495895
2026/01/26/20:49:49,running-time,rs-000330-rdwb9,e9e66d8b-8aa6-4cb9-9b53-62420f98981e,1,2167.495895
2026/01/26/20:49:49,apply-time,rs-000331-wxt2v,e808d034-f6a3-4fda-8d15-29159afc8715,1,2167.495895
2026/01/26/20:49:49,running-time,rs-000331-wxt2v,e808d034-f6a3-4fda-8d15-29159afc8715,1,2167.495895
2026/01/26/20:49:49,apply-time,rs-000332-cv7bn,d81e0db0-1c00-4477-bc76-7f1b4bb1f907,1,2167.495895
2026/01/26/20:49:49,running-time,rs-000332-cv7bn,d81e0db0-1c00-4477-bc76-7f1b4bb1f907,1,2167.495895
2026/01/26/20:49:49,apply-time,rs-000332-l49mw,f8e3b3f6-15df-40ff-8cbb-a884b072ca83,1,2167.495895
2026/01/26/20:49:49,running-time,rs-000332-l49mw,f8e3b3f6-15df-40ff-8cbb-a884b072ca83,1,2167.495895
2026/01/26/20:49:49,apply-time,rs-000333-cfzh5,eaa9c4d4-59b8-47b6-8484-d1cb5641ca76,1,2167.495895
2026/01/26/20:49:49,running-time,rs-000333-cfzh5,eaa9c4d4-59b8-47b6-8484-d1cb5641ca76,1,2167.495895
2026/01/26/20:50:00,apply-time,rs-000334-74cbb,b1af2870-b679-4051-8eb5-dc2a32db19fd,1,2178.495895
2026/01/26/20:50:00,running-time,rs-000334-74cbb,b1af2870-b679-4051-8eb5-dc2a32db19fd,1,2178.495895
2026/01/26/20:50:00,apply-time,rs-000334-dbnzp,0fd19cae-2b89-47d5-affa-ff1fef52762a,1,2178.495895
2026/01/26/20:50:00,running-time,rs-000334-dbnzp,0fd19cae-2b89-47d5-affa-ff1fef52762a,1,2178.495895
2026/01/26/20:50:00,apply-time,rs-000334-hr9l2,236a4478-ce4c-4e19-8b25-30474115cea0,1,2178.495895
2026/01/26/20:50:01,apply-time,rs-000335-kmntx,4a32f29d-7ef0-4ce2-832e-914f04f1bd04,1,2179.495895
2026/01/26/20:50:01,running-time,rs-000335-kmntx,4a32f29d-7ef0-4ce2-832e-914f04f1bd04,1,2179.495895
2026/01/26/20:50:01,apply-time,rs-000335-lcl4k,e23840bb-41b3-4dbc-910f-ffc07ab740ef,1,2179.495895
2026/01/26/20:50:01,running-time,rs-000335-lcl4k,e23840bb-41b3-4dbc-910f-ffc07ab740ef,1,2179.495895
2026/01/26/20:50:01,apply-time,rs-000336-2vzff,9bdf5664-713f-47be-8847-4caa78ef74a5,1,2179.495895
2026/01/26/20:50:01,running-time,rs-000336-2vzff,9bdf5664-713f-47be-8847-4caa78ef74a5,1,2179.495895
2026/01/26/20:50:01,apply-time,rs-000336-c4n2r,e8cc2a10-92f8-4e1e-a7f0-731c903a640f,1,2179.495895
2026/01/26/20:50:01,running-time,rs-000336-c4n2r,e8cc2a10-92f8-4e1e-a7f0-731c903a640f,1,2179.495895
2026/01/26/20:50:01,apply-time,rs-000336-d758v,99fe1d74-6394-4e2f-9a3c-25ccf7fa822c,1,2179.495895
2026/01/26/20:50:01,running-time,rs-000336-d758v,99fe1d74-6394-4e2f-9a3c-25ccf7fa822c,1,2179.495895
2026/01/26/20:50:01,apply-time,rs-000337-8gzdd,49c085b1-78f2-4572-ae0d-73fa90d10150,1,2179.495895
2026/01/26/20:50:01,running-time,rs-000337-8gzdd,49c085b1-78f2-4572-ae0d-73fa90d10150,1,2179.495895
2026/01/26/20:50:01,apply-time,rs-000337-kbf8w,5172fb36-7dfe-46b9-a05b-bbebed0eaca0,1,2179.495895
2026/01/26/20:50:01,running-time,rs-000337-kbf8w,5172fb36-7dfe-46b9-a05b-bbebed0eaca0,1,2179.495895
2026/01/26/20:50:21,running-time,rs-000334-hr9l2,236a4478-ce4c-4e19-8b25-30474115cea0,1,2200.495895
2026/01/26/20:51:22,apply-time,rs-000338-v7g6b,d9e1bb7f-dff0-4f4d-85cd-418420469c09,1,2260.495895
2026/01/26/20:51:22,running-time,rs-000338-v7g6b,d9e1bb7f-dff0-4f4d-85cd-418420469c09,1,2260.495895
2026/01/26/20:51:22,apply-time,rs-000338-wgmlk,c5da8151-865d-48d4-8fd8-44ccfd7f4d28,1,2260.495895
2026/01/26/20:51:22,running-time,rs-000338-wgmlk,c5da8151-865d-48d4-8fd8-44ccfd7f4d28,1,2260.495895
2026/01/26/20:51:22,apply-time,rs-000339-4v64p,c598c89b-e6b7-4419-817e-e78f58dc8897,1,2260.495895
2026/01/26/20:51:22,running-time,rs-000339-4v64p,c598c89b-e6b7-4419-817e-e78f58dc8897,1,2260.495895
2026/01/26/20:51:22,apply-time,rs-000340-4g7qc,328b98ac-6d44-46d5-a480-11d2fbdbfc15,1,2260.495895
2026/01/26/20:51:22,running-time,rs-000340-4g7qc,328b98ac-6d44-46d5-a480-11d2fbdbfc15,1,2260.495895
2026/01/26/20:51:22,apply-time,rs-000340-hvgf6,60d405f9-f2cb-4c2d-a0e9-362e6815c0b7,1,2260.495895
2026/01/26/20:51:22,running-time,rs-000340-hvgf6,60d405f9-f2cb-4c2d-a0e9-362e6815c0b7,1,2260.495895
2026/01/26/20:52:57,apply-time,rs-000341-qdd94,815ee5a9-92d0-4dcf-9b26-5724f738679a,1,2355.495895
2026/01/26/20:52:57,running-time,rs-000341-qdd94,815ee5a9-92d0-4dcf-9b26-5724f738679a,1,2355.495895
2026/01/26/20:52:57,apply-time,rs-000341-zkh9d,3766e5e3-7184-4836-8173-68c348aeea52,1,2355.495895
2026/01/26/20:52:57,running-time,rs-000341-zkh9d,3766e5e3-7184-4836-8173-68c348aeea52,1,2355.495895
2026/01/26/20:53:06,apply-time,rs-000342-sjgvq,9bbaf982-0395-4a92-86e2-ed9fd0c92f2f,1,2364.495895
2026/01/26/20:53:06,running-time,rs-000342-sjgvq,9bbaf982-0395-4a92-86e2-ed9fd0c92f2f,1,2364.495895
2026/01/26/20:53:06,apply-time,rs-000343-7h2j7,8bd3c034-1f6c-48e9-8459-281763f6183a,1,2364.495895
2026/01/26/20:53:06,running-time,rs-000343-7h2j7,8bd3c034-1f6c-48e9-8459-281763f6183a,1,2365.495895
2026/01/26/20:53:06,apply-time,rs-000344-nlhbv,56acc644-10cc-4676-b19a-be711c1a1181,1,2364.495895
2026/01/26/20:53:06,running-time,rs-000344-nlhbv,56acc644-10cc-4676-b19a-be711c1a1181,1,2365.495895
2026/01/26/20:53:06,apply-time,rs-000345-flncg,087ee369-c015-4136-a5a9-0b55fdc4d771,1,2364.495895
2026/01/26/20:53:06,running-time,rs-000345-flncg,087ee369-c015-4136-a5a9-0b55fdc4d771,1,2365.495895
2026/01/26/20:53:39,apply-time,rs-000346-b8l4c,ca76654d-a07e-4cc8-8600-bcd53d63f63f,1,2397.495895
2026/01/26/20:53:39,running-time,rs-000346-b8l4c,ca76654d-a07e-4cc8-8600-bcd53d63f63f,1,2397.495895
2026/01/26/20:54:10,apply-time,rs-000347-8xnwl,40d45fff-0504-474b-b742-e2dcba6187fb,1,2428.495895
2026/01/26/20:54:10,running-time,rs-000347-8xnwl,40d45fff-0504-474b-b742-e2dcba6187fb,1,2428.495895
2026/01/26/20:54:10,apply-time,rs-000347-cnntf,2783cd88-2661-4797-a50c-f6d2a76a7088,1,2428.495895
2026/01/26/20:54:10,running-time,rs-000347-cnntf,2783cd88-2661-4797-a50c-f6d2a76a7088,1,2428.495895
2026/01/26/20:54:10,apply-time,rs-000347-n4nw5,671f0409-0aa4-4f8d-9481-61d8efdbe737,1,2428.495895
2026/01/26/20:54:10,running-time,rs-000347-n4nw5,671f0409-0aa4-4f8d-9481-61d8efdbe737,1,2428.495895
2026/01/26/20:54:11,apply-time,rs-000348-89b7z,ea0bc408-e0f3-4089-bf07-cc29d7fa0c86,1,2429.495895
2026/01/26/20:54:11,running-time,rs-000348-89b7z,ea0bc408-e0f3-4089-bf07-cc29d7fa0c86,1,2429.495895
2026/01/26/20:54:54,apply-time,rs-000349-fzmbx,b8acf2c3-dbb7-414d-ad88-3818b3ea855b,1,2473.495895
2026/01/26/20:54:54,running-time,rs-000349-fzmbx,b8acf2c3-dbb7-414d-ad88-3818b3ea855b,1,2473.495895
2026/01/26/20:54:54,apply-time,rs-000349-m9rzk,dec2f484-cbb5-4341-a374-8a9a072f4c46,1,2473.495895
2026/01/26/20:54:54,running-time,rs-000349-m9rzk,dec2f484-cbb5-4341-a374-8a9a072f4c46,1,2473.495895
2026/01/26/20:54:54,apply-time,rs-000350-2fxgs,267c4d1e-1d58-4978-b2a6-19a624d73eb3,1,2473.495895
2026/01/26/20:54:54,running-time,rs-000350-2fxgs,267c4d1e-1d58-4978-b2a6-19a624d73eb3,1,2473.495895
2026/01/26/20:54:54,apply-time,rs-000350-4jgrf,148b9a08-bb65-499e-810f-b80660870ffa,1,2473.495895
2026/01/26/20:54:54,running-time,rs-000350-4jgrf,148b9a08-bb65-499e-810f-b80660870ffa,1,2473.495895
2026/01/26/20:54:54,apply-time,rs-000350-tcf8n,1e8c651a-ca45-4d1d-ba08-080fa04fa97c,1,2473.495895
2026/01/26/20:54:54,running-time,rs-000350-tcf8n,1e8c651a-ca45-4d1d-ba08-080fa04fa97c,1,2473.495895
2026/01/26/20:54:55,apply-time,rs-000351-bbsft,3891e656-45e3-4cb8-932a-f9a9b3245fc0,1,2473.495895
2026/01/26/20:54:55,running-time,rs-000351-bbsft,3891e656-45e3-4cb8-932a-f9a9b3245fc0,1,2473.495895
2026/01/26/20:55:17,apply-time,rs-000352-fkltw,c65805df-9728-4998-856d-fa2f9be899a8,1,2495.495895
2026/01/26/20:55:17,running-time,rs-000352-fkltw,c65805df-9728-4998-856d-fa2f9be899a8,1,2495.495895
2026/01/26/20:55:17,apply-time,rs-000353-zb7dl,728c60bd-f4af-465c-9178-547ab3409b84,1,2495.495895
2026/01/26/20:55:17,running-time,rs-000353-zb7dl,728c60bd-f4af-465c-9178-547ab3409b84,1,2495.495895
2026/01/26/20:55:17,apply-time,rs-000354-2b7nq,dd8cf9d3-5baa-4307-99a5-68bee836ace0,1,2495.495895
2026/01/26/20:55:17,running-time,rs-000354-2b7nq,dd8cf9d3-5baa-4307-99a5-68bee836ace0,1,2495.495895
2026/01/26/20:55:17,apply-time,rs-000354-fnnpm,8b66a78c-6826-40e3-89b7-304580a9ac95,1,2495.495895
2026/01/26/20:55:17,running-time,rs-000354-fnnpm,8b66a78c-6826-40e3-89b7-304580a9ac95,1,2495.495895
2026/01/26/20:55:38,apply-time,rs-000355-krt2t,fa567db3-a4db-48b9-9708-09139a0166ae,1,2516.495895
2026/01/26/20:55:38,running-time,rs-000355-krt2t,fa567db3-a4db-48b9-9708-09139a0166ae,1,2516.495895
2026/01/26/20:56:10,apply-time,rs-000356-cbp2d,04387b87-397d-4881-8059-40e39dadebde,1,2549.495895
2026/01/26/20:56:10,running-time,rs-000356-cbp2d,04387b87-397d-4881-8059-40e39dadebde,1,2549.495895
2026/01/26/20:56:10,apply-time,rs-000357-8658c,dba5dd51-16b7-4732-bc0d-fbac13a56b6e,1,2549.495895
2026/01/26/20:56:10,running-time,rs-000357-8658c,dba5dd51-16b7-4732-bc0d-fbac13a56b6e,1,2549.495895
2026/01/26/20:56:10,apply-time,rs-000357-m6qs8,5f958d1e-e02a-49b4-9d29-495f61f39568,1,2549.495895
2026/01/26/20:56:10,running-time,rs-000357-m6qs8,5f958d1e-e02a-49b4-9d29-495f61f39568,1,2549.495895
2026/01/26/20:56:10,apply-time,rs-000358-bm4qf,e745d676-9008-4482-a2a1-b903f87a8673,1,2549.495895
2026/01/26/20:56:10,running-time,rs-000358-bm4qf,e745d676-9008-4482-a2a1-b903f87a8673,1,2549.495895
2026/01/26/20:56:10,apply-time,rs-000358-hnjjp,abcca72d-72f8-4206-94c6-c7fae01c7b71,1,2549.495895
2026/01/26/20:56:10,running-time,rs-000358-hnjjp,abcca72d-72f8-4206-94c6-c7fae01c7b71,1,2549.495895
2026/01/26/20:56:10,apply-time,rs-000358-hrrdc,89acaab0-7864-45f4-8784-c33dfa203e54,1,2549.495895
2026/01/26/20:56:10,running-time,rs-000358-hrrdc,89acaab0-7864-45f4-8784-c33dfa203e54,1,2549.495895
2026/01/26/20:56:10,apply-time,rs-000359-f69b8,d075674e-0344-45cb-9b3c-7e9eb90dc7ce,1,2549.495895
2026/01/26/20:56:10,running-time,rs-000359-f69b8,d075674e-0344-45cb-9b3c-7e9eb90dc7ce,1,2549.495895
2026/01/26/20:56:10,apply-time,rs-000359-p8hht,f14ebac3-7d18-495d-8d0b-d61f0a499388,1,2549.495895
2026/01/26/20:56:10,running-time,rs-000359-p8hht,f14ebac3-7d18-495d-8d0b-d61f0a499388,1,2549.495895
2026/01/26/20:56:10,apply-time,rs-000360-p7cpg,6a2f9a13-7ad9-4522-9ee6-26f8368e2e11,1,2549.495895
2026/01/26/20:56:10,running-time,rs-000360-p7cpg,6a2f9a13-7ad9-4522-9ee6-26f8368e2e11,1,2549.495895
2026/01/26/20:56:19,apply-time,rs-000361-thmx6,401b65b3-bde8-4c31-9d67-14ad996078a5,1,2557.495895
2026/01/26/20:56:19,running-time,rs-000361-thmx6,401b65b3-bde8-4c31-9d67-14ad996078a5,1,2557.495895
2026/01/26/20:56:19,apply-time,rs-000362-vmrjv,4812fe0c-a01f-44d8-8180-e1fa91dbdf67,1,2557.495895
2026/01/26/20:56:19,running-time,rs-000362-vmrjv,4812fe0c-a01f-44d8-8180-e1fa91dbdf67,1,2557.495895
2026/01/26/20:56:19,apply-time,rs-000363-wt87g,d497c289-de13-4e1c-a1cd-7aa822167958,1,2557.495895
2026/01/26/20:56:19,running-time,rs-000363-wt87g,d497c289-de13-4e1c-a1cd-7aa822167958,1,2557.495895
2026/01/26/20:56:19,apply-time,rs-000364-4pstv,c10e629a-b3ee-4299-bdf2-d2e3e3b22d13,1,2557.495895
2026/01/26/20:56:19,running-time,rs-000364-4pstv,c10e629a-b3ee-4299-bdf2-d2e3e3b22d13,1,2557.495895
2026/01/26/20:56:19,apply-time,rs-000364-wfhg9,02355db1-4f1a-4d50-9684-6db5c28b3645,1,2557.495895
2026/01/26/20:56:19,running-time,rs-000364-wfhg9,02355db1-4f1a-4d50-9684-6db5c28b3645,1,2557.495895
2026/01/26/20:56:19,apply-time,rs-000364-z5hqd,c336e38b-a0aa-485b-b501-1fa2a17f90b4,1,2557.495895
2026/01/26/20:56:19,running-time,rs-000364-z5hqd,c336e38b-a0aa-485b-b501-1fa2a17f90b4,1,2557.495895
2026/01/26/20:56:19,apply-time,rs-000365-gs2l4,30c71828-0bbd-4808-9505-3c715b3a4d0c,1,2557.495895
2026/01/26/20:56:19,running-time,rs-000365-gs2l4,30c71828-0bbd-4808-9505-3c715b3a4d0c,1,2557.495895
2026/01/26/20:56:19,apply-time,rs-000366-2njpg,7f09834c-5289-4a10-8727-dcfd785ea128,1,2558.495895
2026/01/26/20:56:19,running-time,rs-000366-2njpg,7f09834c-5289-4a10-8727-dcfd785ea128,1,2558.495895
2026/01/26/20:56:19,apply-time,rs-000366-2ttds,ddeacb8c-19aa-4ba5-b684-e37eb61cf79b,1,2558.495895
2026/01/26/20:56:19,running-time,rs-000366-2ttds,ddeacb8c-19aa-4ba5-b684-e37eb61cf79b,1,2558.495895
2026/01/26/20:56:19,apply-time,rs-000366-q8g86,578fdefb-9ab5-4607-a6f1-d76478ec54ad,1,2558.495895
2026/01/26/20:56:19,running-time,rs-000366-q8g86,578fdefb-9ab5-4607-a6f1-d76478ec54ad,1,2558.495895
2026/01/26/20:56:20,apply-time,rs-000367-bk4p5,1f1c60c2-886a-499e-ab8f-cd4300f821a7,1,2558.495895
2026/01/26/20:56:20,running-time,rs-000367-bk4p5,1f1c60c2-886a-499e-ab8f-cd4300f821a7,1,2558.495895
2026/01/26/20:56:20,apply-time,rs-000367-nq47m,92cf8d86-aa88-4561-a770-8a412945cca1,1,2558.495895
2026/01/26/20:56:20,running-time,rs-000367-nq47m,92cf8d86-aa88-4561-a770-8a412945cca1,1,2558.495895
2026/01/26/20:56:20,apply-time,rs-000368-dn7sz,c57a464f-8638-48d7-92cb-0a14f43d9970,1,2558.495895
2026/01/26/20:56:20,running-time,rs-000368-dn7sz,c57a464f-8638-48d7-92cb-0a14f43d9970,1,2558.495895
2026/01/26/20:56:20,apply-time,rs-000368-xgtjk,820b80cf-091a-4dd9-9b6f-283c396b0e44,1,2558.495895
2026/01/26/20:56:20,running-time,rs-000368-xgtjk,820b80cf-091a-4dd9-9b6f-283c396b0e44,1,2558.495895
2026/01/26/20:56:47,apply-time,rs-000369-gnz4p,ec401021-f901-4da1-bdea-21e48bff71a6,1,2585.495895
2026/01/26/20:56:47,running-time,rs-000369-gnz4p,ec401021-f901-4da1-bdea-21e48bff71a6,1,2585.495895
2026/01/26/20:56:47,apply-time,rs-000370-4xn9j,6f347153-247b-4bbc-a921-754ddb37de6b,1,2585.495895
2026/01/26/20:56:47,running-time,rs-000370-4xn9j,6f347153-247b-4bbc-a921-754ddb37de6b,1,2585.495895
2026/01/26/20:56:47,apply-time,rs-000370-ckfwk,930babc1-0360-4354-a800-5ce9a0395575,1,2585.495895
2026/01/26/20:56:47,running-time,rs-000370-ckfwk,930babc1-0360-4354-a800-5ce9a0395575,1,2585.495895
2026/01/26/20:56:47,apply-time,rs-000370-ng74g,71006c21-94f5-4530-999e-37c0b67e54c3,1,2585.495895
2026/01/26/20:56:47,running-time,rs-000370-ng74g,71006c21-94f5-4530-999e-37c0b67e54c3,1,2585.495895
2026/01/26/20:56:47,apply-time,rs-000371-dhj47,0b370528-199a-4084-9b08-475ed3ab22d9,1,2585.495895
2026/01/26/20:56:47,running-time,rs-000371-dhj47,0b370528-199a-4084-9b08-475ed3ab22d9,1,2585.495895
2026/01/26/20:56:47,apply-time,rs-000371-glg9g,1e9e17e7-9d1d-45d3-abea-6f6d91544832,1,2585.495895
2026/01/26/20:56:47,running-time,rs-000371-glg9g,1e9e17e7-9d1d-45d3-abea-6f6d91544832,1,2585.495895
2026/01/26/20:56:47,apply-time,rs-000371-xj85b,4f67bb9b-26ee-422b-b757-e9c0b654b5fe,1,2585.495895
2026/01/26/20:56:47,running-time,rs-000371-xj85b,4f67bb9b-26ee-422b-b757-e9c0b654b5fe,1,2585.495895
2026/01/26/20:56:48,apply-time,rs-000372-7nf4m,5aec2c99-022b-4acb-ba1f-14df5854d4ff,1,2586.495895
2026/01/26/20:56:48,running-time,rs-000372-7nf4m,5aec2c99-022b-4acb-ba1f-14df5854d4ff,1,2586.495895
2026/01/26/20:56:48,apply-time,rs-000373-rppc4,89676279-c14f-40d6-a1bd-bc97b855236e,1,2586.495895
2026/01/26/20:56:48,running-time,rs-000373-rppc4,89676279-c14f-40d6-a1bd-bc97b855236e,1,2587.495895
2026/01/26/20:56:48,apply-time,rs-000374-2bvzd,8fc9b6b4-420b-4278-9711-03f06be9deb3,1,2587.495895
2026/01/26/20:56:48,running-time,rs-000374-2bvzd,8fc9b6b4-420b-4278-9711-03f06be9deb3,1,2587.495895
2026/01/26/20:56:48,apply-time,rs-000374-2nslk,53793d28-f8f2-4fa6-ab7d-220e4ef728b2,1,2587.495895
2026/01/26/20:56:48,running-time,rs-000374-2nslk,53793d28-f8f2-4fa6-ab7d-220e4ef728b2,1,2587.495895
2026/01/26/20:56:48,apply-time,rs-000375-dblw7,9110712c-7d8b-4600-98e3-fda64bbb6e56,1,2587.495895
2026/01/26/20:56:48,apply-time,rs-000375-r4wc6,6b4d6281-f35a-46f5-9dd7-267bce3f7670,1,2587.495895
2026/01/26/20:56:50,running-time,rs-000375-dblw7,9110712c-7d8b-4600-98e3-fda64bbb6e56,1,2589.495895
2026/01/26/20:56:50,apply-time,rs-000376-7xt52,630dac2c-ebe5-4bc4-9a3b-abc8311e3af3,1,2588.495895
2026/01/26/20:56:50,running-time,rs-000376-7xt52,630dac2c-ebe5-4bc4-9a3b-abc8311e3af3,1,2588.495895
2026/01/26/20:56:50,apply-time,rs-000376-d4xgp,3af805b9-6363-4a83-a505-b1d99b86bff8,1,2588.495895
2026/01/26/20:56:50,running-time,rs-000376-d4xgp,3af805b9-6363-4a83-a505-b1d99b86bff8,1,2588.495895
2026/01/26/20:56:50,apply-time,rs-000376-j6vsq,2f3c65bf-a9c1-4264-86f0-da9525698c5a,1,2588.495895
2026/01/26/20:56:50,running-time,rs-000376-j6vsq,2f3c65bf-a9c1-4264-86f0-da9525698c5a,1,2588.495895
2026/01/26/20:56:50,apply-time,rs-000377-76mx9,7576d55b-7bd5-47b8-b8b5-a02d2805f42b,1,2589.495895
2026/01/26/20:56:50,apply-time,rs-000377-rz6j2,73036962-d32f-4787-b94c-6e07cbb708e4,1,2588.495895
2026/01/26/20:56:50,running-time,rs-000377-rz6j2,73036962-d32f-4787-b94c-6e07cbb708e4,1,2589.495895
2026/01/26/20:56:50,apply-time,rs-000378-8k47f,8097cc89-e8ac-4831-a55a-b5066d16c61b,1,2588.495895
2026/01/26/20:56:50,running-time,rs-000378-8k47f,8097cc89-e8ac-4831-a55a-b5066d16c61b,1,2589.495895
2026/01/26/20:56:50,apply-time,rs-000378-gbv2r,3b988f40-79f1-4e95-8cdc-90ae6eb3ab38,1,2588.495895
2026/01/26/20:56:50,running-time,rs-000378-gbv2r,3b988f40-79f1-4e95-8cdc-90ae6eb3ab38,1,2589.495895
2026/01/26/20:56:50,apply-time,rs-000378-zr6p8,c7141997-1b37-42c9-8578-0a8e446f7784,1,2588.495895
2026/01/26/20:56:50,running-time,rs-000378-zr6p8,c7141997-1b37-42c9-8578-0a8e446f7784,1,2589.495895
2026/01/26/20:56:50,apply-time,rs-000379-cch24,92c854f1-d54a-472d-938c-543f26a4b33a,1,2589.495895
2026/01/26/20:56:50,running-time,rs-000379-cch24,92c854f1-d54a-472d-938c-543f26a4b33a,1,2589.495895
2026/01/26/20:56:50,apply-time,rs-000380-l264l,e82d2e98-0e01-4455-a5f8-f82860886bb3,1,2589.495895
2026/01/26/20:56:51,apply-time,rs-000380-f9mxl,e566d158-5569-44d5-abf5-118f4f45e3a5,1,2589.495895
2026/01/26/20:56:51,running-time,rs-000380-l264l,e82d2e98-0e01-4455-a5f8-f82860886bb3,1,2589.495895
2026/01/26/20:56:51,apply-time,rs-000381-rmdjz,ac38a82f-03bf-47d1-bbf8-e20326807fca,1,2589.495895
2026/01/26/20:56:51,running-time,rs-000381-rmdjz,ac38a82f-03bf-47d1-bbf8-e20326807fca,1,2589.495895
2026/01/26/20:56:52,running-time,rs-000377-76mx9,7576d55b-7bd5-47b8-b8b5-a02d2805f42b,1,2590.495895
2026/01/26/20:57:31,apply-time,rs-000382-ft6ch,102b674f-a4f1-426e-b64b-b313ff92d864,1,2630.495895
2026/01/26/20:57:31,running-time,rs-000382-ft6ch,102b674f-a4f1-426e-b64b-b313ff92d864,1,2630.495895
2026/01/26/20:57:31,apply-time,rs-000382-m9wxb,a9c13ee5-5083-4373-8147-9c37b72fa681,1,2630.495895
2026/01/26/20:57:31,running-time,rs-000382-m9wxb,a9c13ee5-5083-4373-8147-9c37b72fa681,1,2630.495895
2026/01/26/20:57:31,apply-time,rs-000382-xwbmk,551ec057-b415-4c39-ab73-2a1ef6107b89,1,2630.495895
2026/01/26/20:57:31,running-time,rs-000382-xwbmk,551ec057-b415-4c39-ab73-2a1ef6107b89,1,2630.495895
2026/01/26/20:57:31,apply-time,rs-000383-lggmv,65852938-4497-422a-9f85-90fd0ac95e7a,1,2630.495895
2026/01/26/20:57:31,running-time,rs-000383-lggmv,65852938-4497-422a-9f85-90fd0ac95e7a,1,2630.495895
2026/01/26/20:57:41,apply-time,rs-000384-7zqqr,566567a0-b511-4950-afdd-b6823ca45712,1,2639.495895
2026/01/26/20:57:41,running-time,rs-000384-7zqqr,566567a0-b511-4950-afdd-b6823ca45712,1,2639.495895
2026/01/26/20:57:41,apply-time,rs-000384-rggfz,610762b7-ec68-461d-afad-5597a50e0975,1,2639.495895
2026/01/26/20:57:41,running-time,rs-000384-rggfz,610762b7-ec68-461d-afad-5597a50e0975,1,2639.495895
2026/01/26/20:57:41,apply-time,rs-000384-zrbkp,e01ae0d8-0a75-4ca9-a8b1-8b6d2a17c49b,1,2639.495895
2026/01/26/20:57:41,running-time,rs-000384-zrbkp,e01ae0d8-0a75-4ca9-a8b1-8b6d2a17c49b,1,2639.495895
2026/01/26/20:58:57,apply-time,rs-000385-4x9rx,00645439-8051-407b-8b34-3dbf5c491b39,1,2716.495895
2026/01/26/20:58:57,running-time,rs-000385-4x9rx,00645439-8051-407b-8b34-3dbf5c491b39,1,2716.495895
2026/01/26/20:58:57,apply-time,rs-000385-lwxqr,268abcbd-8d56-467d-bf72-2d35987fb0e5,1,2716.495895
2026/01/26/20:58:57,running-time,rs-000385-lwxqr,268abcbd-8d56-467d-bf72-2d35987fb0e5,1,2716.495895
2026/01/26/20:58:57,apply-time,rs-000386-h5h9s,44d3d3ee-1cbc-4c6c-9fd2-e5d6c67ba882,1,2716.495895
2026/01/26/20:58:57,apply-time,rs-000386-w2wgn,33e22a09-ccee-41c5-8e2a-bf37df32ee23,1,2716.495895
2026/01/26/20:58:57,running-time,rs-000386-w2wgn,33e22a09-ccee-41c5-8e2a-bf37df32ee23,1,2716.495895
2026/01/26/20:58:57,apply-time,rs-000387-6h4cw,6f44e5f2-8cd7-4d74-8751-735c2757b75b,1,2716.495895
2026/01/26/20:58:57,running-time,rs-000387-6h4cw,6f44e5f2-8cd7-4d74-8751-735c2757b75b,1,2716.495895
2026/01/26/20:59:05,apply-time,rs-000388-58jb6,d5e52c65-508d-47a2-9691-3d67e536ba37,1,2723.495895
2026/01/26/20:59:05,running-time,rs-000388-58jb6,d5e52c65-508d-47a2-9691-3d67e536ba37,1,2723.495895
2026/01/26/20:59:05,apply-time,rs-000388-m9gb5,a231e3e8-a36c-4da0-bd86-456f20b11d77,1,2723.495895
2026/01/26/20:59:05,running-time,rs-000388-m9gb5,a231e3e8-a36c-4da0-bd86-456f20b11d77,1,2723.495895
2026/01/26/20:59:05,apply-time,rs-000388-mfctx,8e0b22ee-5e5c-4783-87a0-389b739c59c6,1,2723.495895
2026/01/26/20:59:05,running-time,rs-000388-mfctx,8e0b22ee-5e5c-4783-87a0-389b739c59c6,1,2723.495895
2026/01/26/20:59:05,apply-time,rs-000389-hblb2,a2ef78e2-32b2-40d3-a261-be156cf6d1ca,1,2723.495895
2026/01/26/20:59:05,apply-time,rs-000389-jhbvb,742a0d89-ab3c-46a1-94da-bd2e9b15c867,1,2723.495895
2026/01/26/20:59:08,apply-time,rs-000390-fl47j,0e815aad-3d96-491c-8550-9823d798e290,1,2726.495895
2026/01/26/20:59:08,running-time,rs-000390-fl47j,0e815aad-3d96-491c-8550-9823d798e290,1,2726.495895
2026/01/26/20:59:08,apply-time,rs-000391-c4zpn,40d3a4eb-aba8-4463-885e-741ea2ce0afe,1,2726.495895
2026/01/26/20:59:08,apply-time,rs-000391-wtgm2,bc07d292-0a4c-4f09-a40b-1add5264c1b2,1,2726.495895
2026/01/26/20:59:08,apply-time,rs-000391-xnzrw,5b02b349-5727-4bd0-adec-44342a73de19,1,2726.495895
2026/01/26/20:59:08,apply-time,rs-000392-bldjv,9f9983ee-29a0-4832-8291-ea3cc9dfa2de,1,2727.495895
2026/01/26/20:59:08,running-time,rs-000392-bldjv,9f9983ee-29a0-4832-8291-ea3cc9dfa2de,1,2727.495895
2026/01/26/20:59:08,apply-time,rs-000392-blsmk,1b85f887-eba6-4b34-ac75-f75ac8b60e37,1,2727.495895
2026/01/26/20:59:08,running-time,rs-000392-blsmk,1b85f887-eba6-4b34-ac75-f75ac8b60e37,1,2727.495895
2026/01/26/20:59:08,apply-time,rs-000392-btxbj,a3decac5-9ae4-4e93-a1c8-5f465d3f6ec9,1,2727.495895
2026/01/26/20:59:08,running-time,rs-000392-btxbj,a3decac5-9ae4-4e93-a1c8-5f465d3f6ec9,1,2727.495895
2026/01/26/20:59:08,apply-time,rs-000393-9xq6l,0a6eaf42-9224-421c-bbdb-65dae7ef2aff,1,2726.495895
2026/01/26/20:59:08,running-time,rs-000393-9xq6l,0a6eaf42-9224-421c-bbdb-65dae7ef2aff,1,2727.495895
2026/01/26/20:59:08,apply-time,rs-000393-n5njt,c2a1f129-ecc1-4ea5-b3c9-4e340581a407,1,2726.495895
2026/01/26/20:59:08,running-time,rs-000393-n5njt,c2a1f129-ecc1-4ea5-b3c9-4e340581a407,1,2726.495895
2026/01/26/20:59:08,apply-time,rs-000394-g9rfj,45d68a0b-438a-497a-9853-6ae45b07d28d,1,2726.495895
2026/01/26/20:59:08,running-time,rs-000394-g9rfj,45d68a0b-438a-497a-9853-6ae45b07d28d,1,2726.495895
2026/01/26/20:59:08,apply-time,rs-000394-hfbbc,6bb6ef13-289c-4121-afc7-0719f1e96041,1,2726.495895
2026/01/26/20:59:08,running-time,rs-000394-hfbbc,6bb6ef13-289c-4121-afc7-0719f1e96041,1,2726.495895
2026/01/26/20:59:08,apply-time,rs-000394-x8tw7,603c2061-13d6-482a-84fb-367bb9389f17,1,2726.495895
2026/01/26/20:59:08,running-time,rs-000394-x8tw7,603c2061-13d6-482a-84fb-367bb9389f17,1,2726.495895
2026/01/26/20:59:08,apply-time,rs-000395-649s9,7e9bcc7e-0aa6-469f-a1f4-5f165878c5e0,1,2726.495895
2026/01/26/20:59:08,running-time,rs-000395-649s9,7e9bcc7e-0aa6-469f-a1f4-5f165878c5e0,1,2727.495895
2026/01/26/20:59:08,apply-time,rs-000395-8t7hw,0f0a2983-1600-44e5-98e7-edcd3f1856ff,1,2727.495895
2026/01/26/20:59:08,running-time,rs-000395-8t7hw,0f0a2983-1600-44e5-98e7-edcd3f1856ff,1,2727.495895
2026/01/26/20:59:08,apply-time,rs-000395-mvxt9,5ed299b0-0249-4ec8-b853-6e07976580c6,1,2727.495895
2026/01/26/20:59:08,running-time,rs-000395-mvxt9,5ed299b0-0249-4ec8-b853-6e07976580c6,1,2727.495895
2026/01/26/20:59:09,apply-time,rs-000396-l2mtd,edf59d9c-5cd9-416c-815a-890e3bee101f,1,2727.495895
2026/01/26/20:59:09,running-time,rs-000396-l2mtd,edf59d9c-5cd9-416c-815a-890e3bee101f,1,2727.495895
2026/01/26/20:59:09,apply-time,rs-000396-tb7nw,39bd5a50-d548-4805-bb74-20fda8d452ed,1,2728.495895
2026/01/26/20:59:09,running-time,rs-000396-tb7nw,39bd5a50-d548-4805-bb74-20fda8d452ed,1,2728.495895
2026/01/26/20:59:09,apply-time,rs-000397-cs6mg,17c919c9-be5b-4cf5-9330-56ae8b77141e,1,2728.495895
2026/01/26/20:59:09,running-time,rs-000397-cs6mg,17c919c9-be5b-4cf5-9330-56ae8b77141e,1,2728.495895
2026/01/26/20:59:09,apply-time,rs-000397-rc5wp,68dc06aa-f757-40fd-a188-22d5cbcc356b,1,2727.495895
2026/01/26/20:59:09,running-time,rs-000397-rc5wp,68dc06aa-f757-40fd-a188-22d5cbcc356b,1,2727.495895
2026/01/26/20:59:09,apply-time,rs-000398-62wwq,194ec831-f119-4fc5-aafb-b8649733c659,1,2727.495895
2026/01/26/20:59:09,running-time,rs-000398-62wwq,194ec831-f119-4fc5-aafb-b8649733c659,1,2727.495895
2026/01/26/20:59:09,apply-time,rs-000399-bnhbq,d03ffd10-3743-477e-8f01-924d92924a86,1,2727.495895
2026/01/26/20:59:09,running-time,rs-000399-bnhbq,d03ffd10-3743-477e-8f01-924d92924a86,1,2727.495895
2026/01/26/20:59:09,apply-time,rs-000399-sntqq,0878324f-011a-429b-915d-8f461cc0173e,1,2728.495895
2026/01/26/20:59:09,running-time,rs-000399-sntqq,0878324f-011a-429b-915d-8f461cc0173e,1,2728.495895
2026/01/26/20:59:09,apply-time,rs-000400-dvm89,7bb6b7dc-8965-4fb1-80c0-344fabd79472,1,2728.495895
2026/01/26/20:59:09,running-time,rs-000400-dvm89,7bb6b7dc-8965-4fb1-80c0-344fabd79472,1,2728.495895
2026/01/26/20:59:09,apply-time,rs-000400-md49n,616b5818-a311-4e37-832d-bad1d20b5bb9,1,2728.495895
2026/01/26/20:59:09,running-time,rs-000400-md49n,616b5818-a311-4e37-832d-bad1d20b5bb9,1,2728.495895
2026/01/26/20:59:09,apply-time,rs-000400-smjxx,fc54941b-7110-4c9e-8587-acf78827dfab,1,2728.495895
2026/01/26/20:59:09,running-time,rs-000400-smjxx,fc54941b-7110-4c9e-8587-acf78827dfab,1,2728.495895
2026/01/26/20:59:09,apply-time,rs-000401-qnf2p,cd6d91e1-8460-4d65-9e51-f01398267492,1,2728.495895
2026/01/26/20:59:10,apply-time,rs-000401-8n5wh,73895ff8-a1ea-4445-a224-59f75e442935,1,2728.495895
2026/01/26/20:59:10,running-time,rs-000401-8n5wh,73895ff8-a1ea-4445-a224-59f75e442935,1,2728.495895
2026/01/26/20:59:10,apply-time,rs-000401-ddcl8,7f33273a-504e-4d7c-84bb-f56b402bbc4d,1,2728.495895
2026/01/26/20:59:10,running-time,rs-000401-ddcl8,7f33273a-504e-4d7c-84bb-f56b402bbc4d,1,2728.495895
2026/01/26/20:59:10,running-time,rs-000401-qnf2p,cd6d91e1-8460-4d65-9e51-f01398267492,1,2728.495895
2026/01/26/20:59:10,apply-time,rs-000402-wb9p7,2282034b-a9b4-47de-96fc-a2f021aa949f,1,2728.495895
2026/01/26/20:59:10,apply-time,rs-000402-xx4qt,5a45b453-5e94-438f-a352-d80e8fde9948,1,2729.495895
2026/01/26/20:59:10,apply-time,rs-000403-n9dtl,9576a7d2-e0ee-40b3-9d94-d38aa1ea8b38,1,2728.495895
2026/01/26/20:59:10,running-time,rs-000403-n9dtl,9576a7d2-e0ee-40b3-9d94-d38aa1ea8b38,1,2728.495895
2026/01/26/20:59:10,apply-time,rs-000403-wmqhn,ffaf1e00-02db-492e-bf98-283254e8e502,1,2729.495895
2026/01/26/20:59:10,running-time,rs-000403-wmqhn,ffaf1e00-02db-492e-bf98-283254e8e502,1,2729.495895
2026/01/26/20:59:10,apply-time,rs-000403-xx2xz,e4786e4f-0f16-4920-9267-0ef2e5cb0cd8,1,2729.495895
2026/01/26/20:59:10,running-time,rs-000403-xx2xz,e4786e4f-0f16-4920-9267-0ef2e5cb0cd8,1,2729.495895
2026/01/26/20:59:10,apply-time,rs-000404-7gzvv,26d8ed96-77f1-4805-bce7-10cb498d9f15,1,2729.495895
2026/01/26/20:59:10,apply-time,rs-000404-c7px5,b72a0b0e-f1c6-4525-ba81-4da7e83bc63f,1,2728.495895
2026/01/26/20:59:10,apply-time,rs-000404-xtxp8,44f2b99c-4d21-492b-ae23-645208b47f24,1,2729.495895
2026/01/26/20:59:10,apply-time,rs-000405-l6zwk,c7852751-05bd-4a1b-bdd3-265098851a47,1,2729.495895
2026/01/26/20:59:10,running-time,rs-000405-l6zwk,c7852751-05bd-4a1b-bdd3-265098851a47,1,2729.495895
2026/01/26/20:59:10,apply-time,rs-000405-ph4h2,f9ed0fc9-4de2-4a44-9a31-92b73bde38e9,1,2729.495895
2026/01/26/20:59:10,running-time,rs-000405-ph4h2,f9ed0fc9-4de2-4a44-9a31-92b73bde38e9,1,2729.495895
2026/01/26/20:59:11,apply-time,rs-000406-2fxkr,27c0b76a-7e82-46e5-81ed-f94cdb892745,1,2730.495895
2026/01/26/20:59:11,apply-time,rs-000406-c8tdf,2ab90957-2b58-4140-8f65-afbda4def022,1,2729.495895
2026/01/26/20:59:11,apply-time,rs-000406-h8bsw,82cab2ba-0e08-4959-96a3-80e02e9fe9e1,1,2730.495895
2026/01/26/20:59:11,running-time,rs-000406-h8bsw,82cab2ba-0e08-4959-96a3-80e02e9fe9e1,1,2730.495895
2026/01/26/20:59:11,apply-time,rs-000407-z4cxv,162df92f-407c-4aa6-b423-fd16be5c3ca4,1,2729.495895
2026/01/26/20:59:11,apply-time,rs-000408-vgxvn,ff50c2f5-d3ef-4375-808c-9ed1442e61f7,1,2729.495895
2026/01/26/20:59:11,apply-time,rs-000409-6s4r8,7f057f4a-4c0f-458c-a676-f4fc0c0a3774,1,2730.495895
2026/01/26/20:59:11,running-time,rs-000409-6s4r8,7f057f4a-4c0f-458c-a676-f4fc0c0a3774,1,2730.495895
2026/01/26/20:59:11,apply-time,rs-000409-gv6fs,1b38b62e-7a82-4831-b5d8-11e708f5e6a2,1,2729.495895
2026/01/26/20:59:11,running-time,rs-000409-gv6fs,1b38b62e-7a82-4831-b5d8-11e708f5e6a2,1,2729.495895
2026/01/26/20:59:11,apply-time,rs-000409-pbxff,4e9ff489-cabd-4e32-804f-20d6a28c9e61,1,2730.495895
2026/01/26/20:59:11,running-time,rs-000409-pbxff,4e9ff489-cabd-4e32-804f-20d6a28c9e61,1,2730.495895
2026/01/26/20:59:11,apply-time,rs-000410-8nlv6,cdf3805b-d83d-4775-8626-bf8e459917d5,1,2730.495895
2026/01/26/20:59:11,running-time,rs-000410-8nlv6,cdf3805b-d83d-4775-8626-bf8e459917d5,1,2730.495895
2026/01/26/20:59:12,running-time,rs-000407-z4cxv,162df92f-407c-4aa6-b423-fd16be5c3ca4,1,2730.495895
2026/01/26/20:59:12,apply-time,rs-000411-9w822,88f6ed0f-a0d7-419d-bb8e-dc0d8fcde567,1,2730.495895
2026/01/26/20:59:12,running-time,rs-000411-9w822,88f6ed0f-a0d7-419d-bb8e-dc0d8fcde567,1,2730.495895
2026/01/26/20:59:12,apply-time,rs-000411-vxfkc,1eb22807-29cd-439f-9d5b-93d993f3309e,1,2730.495895
2026/01/26/20:59:12,running-time,rs-000411-vxfkc,1eb22807-29cd-439f-9d5b-93d993f3309e,1,2730.495895
2026/01/26/20:59:12,apply-time,rs-000412-5kgx6,4b012c85-90f6-40f9-81b5-a81ad940d6f4,1,2730.495895
2026/01/26/20:59:12,running-time,rs-000412-5kgx6,4b012c85-90f6-40f9-81b5-a81ad940d6f4,1,2730.495895
2026/01/26/20:59:12,apply-time,rs-000412-cgpb7,08790274-3e40-40d9-a21f-9b5e6e044921,1,2730.495895
2026/01/26/20:59:12,running-time,rs-000412-cgpb7,08790274-3e40-40d9-a21f-9b5e6e044921,1,2730.495895
2026/01/26/20:59:12,apply-time,rs-000413-tz4k2,83089e49-15f4-4b08-885b-3722d04abf77,1,2731.495895
2026/01/26/20:59:13,apply-time,rs-000413-6hpwf,7199b2b7-afc5-46b7-990b-1797665aaac7,1,2731.495895
2026/01/26/20:59:13,apply-time,rs-000414-7882j,985b5a3b-fc33-4564-82b4-8440d2ccc975,1,2731.495895
2026/01/26/20:59:13,running-time,rs-000414-7882j,985b5a3b-fc33-4564-82b4-8440d2ccc975,1,2731.495895
2026/01/26/20:59:13,apply-time,rs-000414-gqkhp,39d211b6-0d9e-43a7-bbe2-4ee4b3b8816f,1,2731.495895
2026/01/26/20:59:13,running-time,rs-000414-gqkhp,39d211b6-0d9e-43a7-bbe2-4ee4b3b8816f,1,2731.495895
2026/01/26/20:59:13,apply-time,rs-000414-xkgjm,5a7bba70-52a4-432c-95cb-62cd40f4bd06,1,2731.495895
2026/01/26/20:59:13,running-time,rs-000414-xkgjm,5a7bba70-52a4-432c-95cb-62cd40f4bd06,1,2731.495895
2026/01/26/20:59:15,running-time,rs-000404-7gzvv,26d8ed96-77f1-4805-bce7-10cb498d9f15,1,2734.495895
2026/01/26/20:59:16,running-time,rs-000406-c8tdf,2ab90957-2b58-4140-8f65-afbda4def022,1,2735.495895
2026/01/26/20:59:18,running-time,rs-000406-2fxkr,27c0b76a-7e82-46e5-81ed-f94cdb892745,1,2737.495895
2026/01/26/20:59:21,apply-time,rs-000415-mzgkf,c48e462c-3323-4d18-af0c-7cba590ad128,1,2739.495895
2026/01/26/20:59:21,running-time,rs-000415-mzgkf,c48e462c-3323-4d18-af0c-7cba590ad128,1,2739.495895
2026/01/26/20:59:21,apply-time,rs-000415-t2jgl,bb8acfc5-3e64-4530-97ef-2f75dfac614b,1,2739.495895
2026/01/26/20:59:21,running-time,rs-000415-t2jgl,bb8acfc5-3e64-4530-97ef-2f75dfac614b,1,2739.495895
2026/01/26/20:59:21,apply-time,rs-000416-8lwh5,2b0a1c05-e8df-4ad2-8490-c4f7294b41ef,1,2739.495895
2026/01/26/20:59:21,apply-time,rs-000416-9h88s,ad219fe2-5039-4790-b5aa-85a771095c7d,1,2739.495895
2026/01/26/20:59:21,apply-time,rs-000416-9xzb5,9490089e-cc43-4b8e-9d1d-705a9d36de2a,1,2739.495895
2026/01/26/20:59:21,apply-time,rs-000417-hzv2c,2114698f-76d5-4944-9a3b-f468e259f319,1,2739.495895
2026/01/26/20:59:21,running-time,rs-000417-hzv2c,2114698f-76d5-4944-9a3b-f468e259f319,1,2739.495895
2026/01/26/20:59:21,apply-time,rs-000417-klws2,288ca9d6-3015-4742-8015-58ae771d8622,1,2739.495895
2026/01/26/20:59:21,running-time,rs-000417-klws2,288ca9d6-3015-4742-8015-58ae771d8622,1,2739.495895
2026/01/26/20:59:22,running-time,rs-000416-9h88s,ad219fe2-5039-4790-b5aa-85a771095c7d,1,2740.495895
2026/01/26/20:59:30,apply-time,rs-000418-fs6mm,ae92676d-3088-4178-adfd-5e88c8948e3f,1,2748.495895
2026/01/26/20:59:30,running-time,rs-000418-fs6mm,ae92676d-3088-4178-adfd-5e88c8948e3f,1,2748.495895
2026/01/26/20:59:30,apply-time,rs-000418-n6jf9,ce3b9b12-17ce-4dc8-964b-c54bcb275fdb,1,2748.495895
2026/01/26/20:59:30,running-time,rs-000418-n6jf9,ce3b9b12-17ce-4dc8-964b-c54bcb275fdb,1,2748.495895
2026/01/26/20:59:30,apply-time,rs-000419-jjqhj,02a99756-4112-4d61-919b-dd186763b1cc,1,2748.495895
2026/01/26/20:59:30,running-time,rs-000419-jjqhj,02a99756-4112-4d61-919b-dd186763b1cc,1,2748.495895
2026/01/26/20:59:30,apply-time,rs-000419-mrp8r,790939b4-9820-4245-800e-f694f6d4406a,1,2748.495895
2026/01/26/20:59:30,running-time,rs-000419-mrp8r,790939b4-9820-4245-800e-f694f6d4406a,1,2748.495895
2026/01/26/20:59:30,apply-time,rs-000419-pdx65,8a9ff319-6f4b-41ad-98cf-434b98b0e968,1,2748.495895
2026/01/26/20:59:30,running-time,rs-000419-pdx65,8a9ff319-6f4b-41ad-98cf-434b98b0e968,1,2748.495895
2026/01/26/20:59:56,apply-time,rs-000420-26vhk,9fff97b3-b494-4a57-91ec-5a237d9296e9,1,2774.495895
2026/01/26/20:59:56,apply-time,rs-000420-nz6wv,aad9902f-0af9-480a-8d65-1ff2cf55bd27,1,2774.495895
2026/01/26/20:59:56,apply-time,rs-000421-q7mgr,a494ffe4-cc4e-4a37-a57f-dc1bb3d38ae8,1,2774.495895
2026/01/26/20:59:56,running-time,rs-000421-q7mgr,a494ffe4-cc4e-4a37-a57f-dc1bb3d38ae8,1,2774.495895
2026/01/26/20:59:56,apply-time,rs-000422-j8k7r,262eac75-cb99-428c-91a7-9dbc18d98a81,1,2774.495895
2026/01/26/20:59:56,running-time,rs-000422-j8k7r,262eac75-cb99-428c-91a7-9dbc18d98a81,1,2774.495895
2026/01/26/20:59:58,apply-time,rs-000423-rvbmn,a2550996-fe39-4902-89f5-fad0750bd1f5,1,2776.495895
2026/01/26/20:59:58,running-time,rs-000423-rvbmn,a2550996-fe39-4902-89f5-fad0750bd1f5,1,2776.495895
2026/01/26/20:59:58,apply-time,rs-000423-xg84j,1e3e0b79-0951-4959-844e-0522852d278f,1,2776.495895
2026/01/26/20:59:58,running-time,rs-000423-xg84j,1e3e0b79-0951-4959-844e-0522852d278f,1,2776.495895
2026/01/26/20:59:58,apply-time,rs-000423-zhmsk,0aab6edb-7f74-47e6-9afc-7e5eb8ae2724,1,2776.495895
2026/01/26/20:59:58,running-time,rs-000423-zhmsk,0aab6edb-7f74-47e6-9afc-7e5eb8ae2724,1,2776.495895
2026/01/26/20:59:58,apply-time,rs-000424-9qhjl,cf29c4ba-4fb9-4261-ae6f-f8f59c56876e,1,2776.495895
2026/01/26/20:59:58,running-time,rs-000424-9qhjl,cf29c4ba-4fb9-4261-ae6f-f8f59c56876e,1,2776.495895
2026/01/26/20:59:58,apply-time,rs-000425-8b9ml,4629710d-48c4-40f5-a8de-25c76055df5b,1,2777.495895
2026/01/26/20:59:58,running-time,rs-000425-8b9ml,4629710d-48c4-40f5-a8de-25c76055df5b,1,2777.495895
2026/01/26/20:59:59,apply-time,rs-000426-77q6f,aea1062f-cdfd-493a-a46b-57c6636cd73b,1,2777.495895
2026/01/26/21:00:03,running-time,rs-000404-xtxp8,44f2b99c-4d21-492b-ae23-645208b47f24,1,2781.495895
2026/01/26/21:00:03,running-time,rs-000426-77q6f,aea1062f-cdfd-493a-a46b-57c6636cd73b,1,2781.495895
2026/01/26/21:00:04,running-time,rs-000404-c7px5,b72a0b0e-f1c6-4525-ba81-4da7e83bc63f,1,2783.495895
2026/01/26/21:00:44,running-time,rs-000420-26vhk,9fff97b3-b494-4a57-91ec-5a237d9296e9,1,2822.495895
2026/01/26/21:00:44,running-time,rs-000420-nz6wv,aad9902f-0af9-480a-8d65-1ff2cf55bd27,1,2822.495895
2026/01/26/21:01:06,apply-time,rs-000427-mhxj7,fef227d4-e8dc-415c-81db-c3026f94fa0e,1,2845.495895
2026/01/26/21:01:06,running-time,rs-000427-mhxj7,fef227d4-e8dc-415c-81db-c3026f94fa0e,1,2845.495895
2026/01/26/21:01:06,apply-time,rs-000428-njlkd,f1bd65d6-d22f-4edd-9b23-35a0e9ded8de,1,2845.495895
2026/01/26/21:01:06,apply-time,rs-000429-jgjf9,a0deda8e-ba9a-472e-bd41-182c356a472e,1,2845.495895
2026/01/26/21:01:06,running-time,rs-000429-jgjf9,a0deda8e-ba9a-472e-bd41-182c356a472e,1,2845.495895
2026/01/26/21:01:06,apply-time,rs-000430-dkztf,7607dd91-5662-4b1d-b7cf-25a37a5aa8ea,1,2845.495895
2026/01/26/21:01:06,running-time,rs-000430-dkztf,7607dd91-5662-4b1d-b7cf-25a37a5aa8ea,1,2845.495895
2026/01/26/21:01:06,apply-time,rs-000430-t7kvl,f797e533-fa64-4a62-b843-2a0c0f1d2c6a,1,2845.495895
2026/01/26/21:01:06,running-time,rs-000430-t7kvl,f797e533-fa64-4a62-b843-2a0c0f1d2c6a,1,2845.495895
2026/01/26/21:01:06,apply-time,rs-000430-wddjc,6160fdda-0cdc-41be-999b-413be195fd70,1,2845.495895
2026/01/26/21:01:06,running-time,rs-000430-wddjc,6160fdda-0cdc-41be-999b-413be195fd70,1,2845.495895
2026/01/26/21:01:07,apply-time,rs-000431-jncns,6ec6a2a7-05e1-4aae-8abf-1a24dd4fc955,1,2845.495895
2026/01/26/21:01:07,running-time,rs-000431-jncns,6ec6a2a7-05e1-4aae-8abf-1a24dd4fc955,1,2845.495895
2026/01/26/21:01:07,apply-time,rs-000431-xwbbp,708bdab9-3f14-4c55-94fb-0a493ae7b0f1,1,2845.495895
2026/01/26/21:01:07,running-time,rs-000431-xwbbp,708bdab9-3f14-4c55-94fb-0a493ae7b0f1,1,2845.495895
2026/01/26/21:01:07,apply-time,rs-000432-bxlnl,3691922e-5578-4e59-af09-3f5a13d49dec,1,2845.495895
2026/01/26/21:01:07,running-time,rs-000432-bxlnl,3691922e-5578-4e59-af09-3f5a13d49dec,1,2845.495895
2026/01/26/21:01:07,apply-time,rs-000433-hcjqq,99f1fb9e-f76d-42e2-a3cf-8e9a3819f2e6,1,2845.495895
2026/01/26/21:01:07,running-time,rs-000433-hcjqq,99f1fb9e-f76d-42e2-a3cf-8e9a3819f2e6,1,2845.495895
2026/01/26/21:01:07,apply-time,rs-000433-vmd26,3db8e262-86de-46cc-aced-5166ecdae03f,1,2845.495895
2026/01/26/21:01:07,running-time,rs-000433-vmd26,3db8e262-86de-46cc-aced-5166ecdae03f,1,2845.495895
2026/01/26/21:01:07,apply-time,rs-000433-xb8jm,4c16e03b-2e82-4be9-9dfe-28faae35a9e0,1,2845.495895
2026/01/26/21:01:07,running-time,rs-000433-xb8jm,4c16e03b-2e82-4be9-9dfe-28faae35a9e0,1,2845.495895
2026/01/26/21:01:07,apply-time,rs-000434-fz7q6,28e32684-b2a3-4686-8728-10874e42bbc9,1,2846.495895
2026/01/26/21:01:07,apply-time,rs-000434-hf4j7,10eb4041-ea5e-4c3e-8a34-f0bea3f3af56,1,2846.495895
2026/01/26/21:01:07,apply-time,rs-000434-rhs8c,ab29bc62-a072-4508-bce3-49623900c610,1,2845.495895
2026/01/26/21:01:07,running-time,rs-000434-rhs8c,ab29bc62-a072-4508-bce3-49623900c610,1,2846.495895
2026/01/26/21:01:07,apply-time,rs-000435-98clb,7d4a0d2a-461d-44a3-9de1-54e3e086dade,1,2846.495895
2026/01/26/21:01:07,running-time,rs-000435-98clb,7d4a0d2a-461d-44a3-9de1-54e3e086dade,1,2846.495895
2026/01/26/21:01:07,apply-time,rs-000436-lqcc2,37b04a54-87b8-43f6-b6f9-b879dea3ddc7,1,2846.495895
2026/01/26/21:01:08,apply-time,rs-000435-9c6g8,31d1df29-18d5-4ba8-9833-1c0fab7f10b1,1,2846.495895
2026/01/26/21:01:08,running-time,rs-000435-9c6g8,31d1df29-18d5-4ba8-9833-1c0fab7f10b1,1,2846.495895
2026/01/26/21:01:08,apply-time,rs-000435-qnxk8,84d9b1b3-5c31-497c-b807-02b541eb9597,1,2846.495895
2026/01/26/21:01:08,running-time,rs-000435-qnxk8,84d9b1b3-5c31-497c-b807-02b541eb9597,1,2846.495895
2026/01/26/21:01:09,running-time,rs-000434-fz7q6,28e32684-b2a3-4686-8728-10874e42bbc9,1,2848.495895
2026/01/26/21:01:09,running-time,rs-000434-hf4j7,10eb4041-ea5e-4c3e-8a34-f0bea3f3af56,1,2848.495895
2026/01/26/21:01:33,apply-time,rs-000437-t6kck,1409819e-e30e-45bb-b746-648275b371c2,1,2872.495895
2026/01/26/21:01:33,running-time,rs-000437-t6kck,1409819e-e30e-45bb-b746-648275b371c2,1,2872.495895
2026/01/26/21:01:33,apply-time,rs-000438-6qpmm,899e9ebb-71bf-40e9-a610-356a31b3165e,1,2872.495895
2026/01/26/21:01:33,running-time,rs-000438-6qpmm,899e9ebb-71bf-40e9-a610-356a31b3165e,1,2872.495895
2026/01/26/21:01:33,apply-time,rs-000438-trm6v,440aff07-f449-4178-a756-2058dd3800c6,1,2872.495895
2026/01/26/21:01:33,running-time,rs-000438-trm6v,440aff07-f449-4178-a756-2058dd3800c6,1,2872.495895
2026/01/26/21:01:33,apply-time,rs-000439-4hpfr,1242b092-bbf4-49bf-858f-36f5a82d285c,1,2872.495895
2026/01/26/21:01:33,running-time,rs-000439-4hpfr,1242b092-bbf4-49bf-858f-36f5a82d285c,1,2872.495895
2026/01/26/21:01:34,apply-time,rs-000440-4mw6q,fe78c61f-95ec-4b2c-bf7e-9514dd634d73,1,2872.495895
2026/01/26/21:01:34,running-time,rs-000440-4mw6q,fe78c61f-95ec-4b2c-bf7e-9514dd634d73,1,2872.495895
2026/01/26/21:01:34,apply-time,rs-000441-h9lqg,825e0a90-673c-430f-9e9f-663c4f1a0ba7,1,2872.495895
2026/01/26/21:01:34,running-time,rs-000441-h9lqg,825e0a90-673c-430f-9e9f-663c4f1a0ba7,1,2872.495895
2026/01/26/21:01:34,apply-time,rs-000441-k99bv,593ae6b5-570d-4c1c-a9c0-d2cfd933bf0a,1,2872.495895
2026/01/26/21:01:34,running-time,rs-000441-k99bv,593ae6b5-570d-4c1c-a9c0-d2cfd933bf0a,1,2872.495895
2026/01/26/21:01:34,apply-time,rs-000441-pxj2s,1678b994-5161-44f0-985d-90f67ef82ddc,1,2872.495895
2026/01/26/21:01:34,running-time,rs-000441-pxj2s,1678b994-5161-44f0-985d-90f67ef82ddc,1,2872.495895
2026/01/26/21:01:34,apply-time,rs-000442-tt97z,b4eb18ce-d468-45eb-9848-c2bbfc01d02d,1,2872.495895
2026/01/26/21:01:34,running-time,rs-000442-tt97z,b4eb18ce-d468-45eb-9848-c2bbfc01d02d,1,2872.495895
2026/01/26/21:01:45,apply-time,rs-000443-5gdn6,084cd3d5-4d94-4787-ae3b-1c59a0ab1f49,1,2884.495895
2026/01/26/21:01:45,apply-time,rs-000443-dvw7w,a3e8861e-3de1-45f7-b567-9cbad1eda802,1,2884.495895
2026/01/26/21:01:45,running-time,rs-000443-dvw7w,a3e8861e-3de1-45f7-b567-9cbad1eda802,1,2884.495895
2026/01/26/21:01:45,apply-time,rs-000443-pq9m7,8882b540-7bf9-468b-a348-99d4ba68adcd,1,2884.495895
2026/01/26/21:01:45,running-time,rs-000443-pq9m7,8882b540-7bf9-468b-a348-99d4ba68adcd,1,2884.495895
2026/01/26/21:01:45,apply-time,rs-000444-gq9jj,4551d7ea-7b1b-444f-8d54-aefe3462c84c,1,2884.495895
2026/01/26/21:01:45,running-time,rs-000444-gq9jj,4551d7ea-7b1b-444f-8d54-aefe3462c84c,1,2884.495895
2026/01/26/21:01:45,apply-time,rs-000444-k4pwq,364ce236-9d15-4545-96f2-5ff7ff25573e,1,2884.495895
2026/01/26/21:01:45,running-time,rs-000444-k4pwq,364ce236-9d15-4545-96f2-5ff7ff25573e,1,2884.495895
2026/01/26/21:01:46,apply-time,rs-000445-t4tr5,592abd69-aabf-43d4-885d-3bcac7c06d5c,1,2884.495895
2026/01/26/21:01:46,running-time,rs-000445-t4tr5,592abd69-aabf-43d4-885d-3bcac7c06d5c,1,2884.495895
2026/01/26/21:01:49,running-time,rs-000443-5gdn6,084cd3d5-4d94-4787-ae3b-1c59a0ab1f49,1,2887.495895
2026/01/26/21:01:57,apply-time,rs-000446-jdsnh,9baa0d07-5ee6-4c0b-9c25-ebee090fa467,1,2896.495895
2026/01/26/21:01:57,apply-time,rs-000446-kv6r4,2d3f3414-042a-454a-87c6-21cc0833b09b,1,2896.495895
2026/01/26/21:01:57,apply-time,rs-000446-wvx2c,f4f94092-f5f1-4838-98ac-a82817920974,1,2896.495895
2026/01/26/21:01:57,apply-time,rs-000447-h8hgx,f790070d-81b0-4107-9a58-268fe7e36445,1,2896.495895
2026/01/26/21:01:57,running-time,rs-000447-h8hgx,f790070d-81b0-4107-9a58-268fe7e36445,1,2896.495895
2026/01/26/21:01:57,apply-time,rs-000447-rhmkp,b9ac5744-b643-4cfd-82a7-72bbccb30555,1,2896.495895
2026/01/26/21:01:57,running-time,rs-000447-rhmkp,b9ac5744-b643-4cfd-82a7-72bbccb30555,1,2896.495895
2026/01/26/21:01:57,apply-time,rs-000447-xpsll,b8fd9fd6-948c-4bb2-b983-bce60b9b6866,1,2896.495895
2026/01/26/21:01:57,running-time,rs-000447-xpsll,b8fd9fd6-948c-4bb2-b983-bce60b9b6866,1,2896.495895
2026/01/26/21:01:57,apply-time,rs-000448-bb69r,d91e4277-1751-4b40-ab5d-461f59b25ee6,1,2896.495895
2026/01/26/21:01:57,running-time,rs-000448-bb69r,d91e4277-1751-4b40-ab5d-461f59b25ee6,1,2896.495895
2026/01/26/21:01:57,apply-time,rs-000449-n6w5q,c15153fa-493c-40c1-a91f-742c1bbd501c,1,2896.495895
2026/01/26/21:01:57,apply-time,rs-000450-tth8d,26bdc2f7-a835-44fb-8775-5d5233b9c7d7,1,2896.495895
2026/01/26/21:01:57,running-time,rs-000450-tth8d,26bdc2f7-a835-44fb-8775-5d5233b9c7d7,1,2896.495895
2026/01/26/21:02:20,apply-time,rs-000451-kjgr2,37ddbe38-b65e-49b6-bdaa-c978d39643ce,1,2918.495895
2026/01/26/21:02:20,running-time,rs-000451-kjgr2,37ddbe38-b65e-49b6-bdaa-c978d39643ce,1,2918.495895
2026/01/26/21:02:20,apply-time,rs-000451-zv2m8,1638fe40-b25b-4d7b-b906-4c60d88c9d1e,1,2918.495895
2026/01/26/21:02:20,running-time,rs-000451-zv2m8,1638fe40-b25b-4d7b-b906-4c60d88c9d1e,1,2918.495895
2026/01/26/21:02:20,apply-time,rs-000452-9zmbw,8268a15d-4975-456a-8977-1cb3ac4c6036,1,2918.495895
2026/01/26/21:02:20,running-time,rs-000452-9zmbw,8268a15d-4975-456a-8977-1cb3ac4c6036,1,2918.495895
2026/01/26/21:02:20,apply-time,rs-000452-hrfb6,794e09cb-4057-4065-9a14-8daf3034a6f6,1,2918.495895
2026/01/26/21:02:20,apply-time,rs-000452-qrqnn,f2c1c19e-dc8f-4189-8356-eb314e171064,1,2918.495895
2026/01/26/21:02:20,running-time,rs-000452-qrqnn,f2c1c19e-dc8f-4189-8356-eb314e171064,1,2918.495895
2026/01/26/21:02:20,apply-time,rs-000453-4z94j,c8552ff3-13fa-47b8-bebb-44e23ea613ca,1,2918.495895
2026/01/26/21:02:20,running-time,rs-000453-4z94j,c8552ff3-13fa-47b8-bebb-44e23ea613ca,1,2918.495895
2026/01/26/21:02:20,apply-time,rs-000454-6d68k,d5a932c2-2386-4c91-a85d-6cef5453b41d,1,2919.495895
2026/01/26/21:02:20,running-time,rs-000454-6d68k,d5a932c2-2386-4c91-a85d-6cef5453b41d,1,2919.495895
2026/01/26/21:02:20,apply-time,rs-000455-dpcpk,f2962feb-fb75-4f82-b4fe-4786f85b194d,1,2918.495895
2026/01/26/21:02:20,running-time,rs-000455-dpcpk,f2962feb-fb75-4f82-b4fe-4786f85b194d,1,2919.495895
2026/01/26/21:02:20,apply-time,rs-000455-st598,24043d39-ec13-4a05-8627-095c5ce2a8db,1,2918.495895
2026/01/26/21:02:20,running-time,rs-000455-st598,24043d39-ec13-4a05-8627-095c5ce2a8db,1,2919.495895
2026/01/26/21:02:20,apply-time,rs-000456-tz7c5,ccc1bf64-3d37-4339-a034-97f35a301cfe,1,2919.495895
2026/01/26/21:02:20,apply-time,rs-000457-zfp8k,d6ac2588-165c-47ed-9e01-7df14b27c218,1,2919.495895
2026/01/26/21:02:20,running-time,rs-000457-zfp8k,d6ac2588-165c-47ed-9e01-7df14b27c218,1,2919.495895
2026/01/26/21:02:20,apply-time,rs-000458-tlvf9,ac292694-245b-4668-b15e-06ff3dc2684b,1,2919.495895
2026/01/26/21:02:20,apply-time,rs-000459-q9z4g,ace2a631-8c74-4310-b8c8-c97b8e2db682,1,2919.495895
2026/01/26/21:02:20,running-time,rs-000459-q9z4g,ace2a631-8c74-4310-b8c8-c97b8e2db682,1,2919.495895
2026/01/26/21:02:21,apply-time,rs-000457-t4r5q,c6b9dd80-ac08-46a5-9f4d-eaf42ebef941,1,2919.495895
2026/01/26/21:02:21,running-time,rs-000457-t4r5q,c6b9dd80-ac08-46a5-9f4d-eaf42ebef941,1,2919.495895
2026/01/26/21:02:21,running-time,rs-000458-tlvf9,ac292694-245b-4668-b15e-06ff3dc2684b,1,2919.495895
2026/01/26/21:02:21,apply-time,rs-000459-2rhzw,363be11e-b112-4ad4-85fa-26eb848aef08,1,2919.495895
2026/01/26/21:02:21,running-time,rs-000459-2rhzw,363be11e-b112-4ad4-85fa-26eb848aef08,1,2919.495895
2026/01/26/21:02:31,running-time,rs-000456-tz7c5,ccc1bf64-3d37-4339-a034-97f35a301cfe,1,2929.495895
2026/01/26/21:02:35,running-time,rs-000452-hrfb6,794e09cb-4057-4065-9a14-8daf3034a6f6,1,2934.495895
2026/01/26/21:03:07,apply-time,rs-000460-nrhhk,cee3996b-85c0-41c8-a1d6-e6b8805aa634,1,2966.495895
2026/01/26/21:03:07,running-time,rs-000460-nrhhk,cee3996b-85c0-41c8-a1d6-e6b8805aa634,1,2966.495895
2026/01/26/21:03:07,apply-time,rs-000460-s2vkw,43281c39-b2b7-44e8-b593-b07db50de496,1,2966.495895
2026/01/26/21:03:07,running-time,rs-000460-s2vkw,43281c39-b2b7-44e8-b593-b07db50de496,1,2966.495895
2026/01/26/21:03:08,apply-time,rs-000461-wxc89,154bd1a9-b9f8-4b2e-bdfc-affec20b15b8,1,2967.495895
2026/01/26/21:03:08,running-time,rs-000461-wxc89,154bd1a9-b9f8-4b2e-bdfc-affec20b15b8,1,2967.495895
2026/01/26/21:03:08,apply-time,rs-000462-qq7fp,abbea4e3-7187-4675-9fb6-b14e1ddd4a41,1,2967.495895
2026/01/26/21:03:08,running-time,rs-000462-qq7fp,abbea4e3-7187-4675-9fb6-b14e1ddd4a41,1,2967.495895
2026/01/26/21:03:08,apply-time,rs-000463-j6rq4,b6dde68d-7230-4cc9-979f-56e3dc690af4,1,2967.495895
2026/01/26/21:03:08,running-time,rs-000463-j6rq4,b6dde68d-7230-4cc9-979f-56e3dc690af4,1,2967.495895
2026/01/26/21:03:08,apply-time,rs-000463-mm74z,6f75016a-a7cf-4b9b-a2a2-88edd344cb00,1,2967.495895
2026/01/26/21:03:08,running-time,rs-000463-mm74z,6f75016a-a7cf-4b9b-a2a2-88edd344cb00,1,2967.495895
2026/01/26/21:03:08,apply-time,rs-000463-qqtjh,71bdcd92-cd27-4662-8b90-54e9b7949547,1,2967.495895
2026/01/26/21:03:08,running-time,rs-000463-qqtjh,71bdcd92-cd27-4662-8b90-54e9b7949547,1,2967.495895
2026/01/26/21:03:08,apply-time,rs-000464-rzf46,01a9a397-5a20-4dae-a18c-0ef1f0e4054d,1,2967.495895
2026/01/26/21:03:08,running-time,rs-000464-rzf46,01a9a397-5a20-4dae-a18c-0ef1f0e4054d,1,2967.495895
2026/01/26/21:04:29,apply-time,rs-000465-plmpn,e69d13c4-c09b-4602-9410-1894e1fece0c,1,3048.495895
2026/01/26/21:04:29,running-time,rs-000465-plmpn,e69d13c4-c09b-4602-9410-1894e1fece0c,1,3048.495895
2026/01/26/21:04:29,apply-time,rs-000465-rthb9,8a60949c-6d79-4b29-90d8-19af414df99e,1,3048.495895
2026/01/26/21:04:29,running-time,rs-000465-rthb9,8a60949c-6d79-4b29-90d8-19af414df99e,1,3048.495895
2026/01/26/21:04:29,apply-time,rs-000466-mdt24,b29ce13f-1ca6-4436-b0ce-1b3b7150dcb3,1,3048.495895
2026/01/26/21:04:29,apply-time,rs-000466-zmbqd,29fc09d6-6ef1-4549-9a34-c6e4fdfec29a,1,3048.495895
2026/01/26/21:04:29,apply-time,rs-000467-8z9wb,61e88084-a92d-43a4-8d1d-e3235e3715a6,1,3048.495895
2026/01/26/21:04:29,running-time,rs-000467-8z9wb,61e88084-a92d-43a4-8d1d-e3235e3715a6,1,3048.495895
2026/01/26/21:04:29,apply-time,rs-000467-dk9vf,7d465112-6114-4694-ab8e-5970f6e0dc02,1,3048.495895
2026/01/26/21:04:29,running-time,rs-000467-dk9vf,7d465112-6114-4694-ab8e-5970f6e0dc02,1,3048.495895
2026/01/26/21:04:29,apply-time,rs-000467-hfpwd,e9d3d407-64a3-4241-a845-f3d86d2c306e,1,3048.495895
2026/01/26/21:04:29,running-time,rs-000467-hfpwd,e9d3d407-64a3-4241-a845-f3d86d2c306e,1,3048.495895
2026/01/26/21:04:30,apply-time,rs-000468-g2xjj,e1c034cc-318b-4d79-b1a0-d6aae1ff8c6c,1,3049.495895
2026/01/26/21:04:30,running-time,rs-000468-g2xjj,e1c034cc-318b-4d79-b1a0-d6aae1ff8c6c,1,3049.495895
2026/01/26/21:04:30,apply-time,rs-000468-xm6ph,fb26124b-ba32-4fa3-a7cc-fc30292c1244,1,3049.495895
2026/01/26/21:04:30,running-time,rs-000468-xm6ph,fb26124b-ba32-4fa3-a7cc-fc30292c1244,1,3049.495895
2026/01/26/21:04:31,apply-time,rs-000469-cmmsx,3199e2a7-3e7a-4117-abb5-08acea2baab6,1,3050.495895
2026/01/26/21:04:31,running-time,rs-000469-cmmsx,3199e2a7-3e7a-4117-abb5-08acea2baab6,1,3050.495895
2026/01/26/21:04:31,apply-time,rs-000469-flb2w,2838cb61-3fa8-487a-9ff8-566c00647ecf,1,3050.495895
2026/01/26/21:04:31,running-time,rs-000469-flb2w,2838cb61-3fa8-487a-9ff8-566c00647ecf,1,3050.495895
2026/01/26/21:04:31,apply-time,rs-000469-q8tt4,38680222-fe60-4197-9070-112921dc1bfb,1,3050.495895
2026/01/26/21:04:31,running-time,rs-000469-q8tt4,38680222-fe60-4197-9070-112921dc1bfb,1,3050.495895
2026/01/26/21:04:31,apply-time,rs-000470-95jmk,9b914d02-e262-483d-ac9d-4f7c9e3138f1,1,3050.495895
2026/01/26/21:04:31,running-time,rs-000470-95jmk,9b914d02-e262-483d-ac9d-4f7c9e3138f1,1,3050.495895
2026/01/26/21:04:31,apply-time,rs-000470-zlxl2,68aff489-b80b-4ef3-bfb7-0e07e495378f,1,3050.495895
2026/01/26/21:04:31,running-time,rs-000470-zlxl2,68aff489-b80b-4ef3-bfb7-0e07e495378f,1,3050.495895
2026/01/26/21:04:32,apply-time,rs-000471-2z7mq,67faf351-74b8-4067-95a8-c52178dfaa9a,1,3051.495895
2026/01/26/21:04:32,apply-time,rs-000471-862g4,59e09960-d0c3-42cb-8bae-aeb1baac38eb,1,3051.495895
2026/01/26/21:04:32,apply-time,rs-000471-bh9wf,e3087ca5-ad8f-45d0-8015-8c29d3db3e99,1,3051.495895
2026/01/26/21:04:32,apply-time,rs-000472-f8qb6,131f2cec-d7cf-496d-9bf5-548c04c9798f,1,3051.495895
2026/01/26/21:04:32,apply-time,rs-000472-wbfbz,998c9955-7dbc-4a50-a9eb-8554ae652497,1,3051.495895
2026/01/26/21:04:32,apply-time,rs-000473-mfhs8,2999f5a4-e5a7-4463-9364-0b41d267853a,1,3051.495895
2026/01/26/21:04:32,apply-time,rs-000474-dckc4,abdf6c10-0d23-4f13-977d-cee55aba36b6,1,3051.495895
2026/01/26/21:04:32,running-time,rs-000474-dckc4,abdf6c10-0d23-4f13-977d-cee55aba36b6,1,3051.495895
2026/01/26/21:04:32,apply-time,rs-000474-jg6bm,4ac89039-52fc-4182-b4f2-a724f9bfbb87,1,3051.495895
2026/01/26/21:04:32,apply-time,rs-000474-tw5b2,e55d198c-e0e5-49ab-b803-8f6082d53206,1,3051.495895
2026/01/26/21:04:32,running-time,rs-000474-tw5b2,e55d198c-e0e5-49ab-b803-8f6082d53206,1,3051.495895
2026/01/26/21:04:34,running-time,rs-000471-2z7mq,67faf351-74b8-4067-95a8-c52178dfaa9a,1,3052.495895
2026/01/26/21:04:34,running-time,rs-000471-bh9wf,e3087ca5-ad8f-45d0-8015-8c29d3db3e99,1,3052.495895
2026/01/26/21:04:34,running-time,rs-000474-jg6bm,4ac89039-52fc-4182-b4f2-a724f9bfbb87,1,3052.495895
2026/01/26/21:04:38,running-time,rs-000473-mfhs8,2999f5a4-e5a7-4463-9364-0b41d267853a,1,3056.495895
2026/01/26/21:04:48,apply-time,rs-000475-8k4sz,031cb08c-37a8-436a-be1e-fc957731eaa7,1,3066.495895
2026/01/26/21:04:48,running-time,rs-000475-8k4sz,031cb08c-37a8-436a-be1e-fc957731eaa7,1,3066.495895
2026/01/26/21:04:48,apply-time,rs-000476-9ghnl,862faa09-5899-4f38-93c9-b4894c8c6e10,1,3066.495895
2026/01/26/21:04:48,running-time,rs-000476-9ghnl,862faa09-5899-4f38-93c9-b4894c8c6e10,1,3066.495895
2026/01/26/21:04:48,apply-time,rs-000477-8c8tm,c29d571b-d055-4e44-adaa-ee004db1e7ad,1,3066.495895
2026/01/26/21:04:48,running-time,rs-000477-8c8tm,c29d571b-d055-4e44-adaa-ee004db1e7ad,1,3067.495895
2026/01/26/21:04:48,apply-time,rs-000477-fcrg9,2d9d361d-635d-4bdf-aa28-0095e9304803,1,3066.495895
2026/01/26/21:04:48,running-time,rs-000477-fcrg9,2d9d361d-635d-4bdf-aa28-0095e9304803,1,3067.495895
2026/01/26/21:04:48,apply-time,rs-000478-7f4nx,018571ac-1e78-4f54-9572-11ec8f24ed58,1,3066.495895
2026/01/26/21:04:48,running-time,rs-000478-7f4nx,018571ac-1e78-4f54-9572-11ec8f24ed58,1,3067.495895
2026/01/26/21:04:48,apply-time,rs-000478-hpwmp,5420bc1a-8377-453d-8a18-c96d6aba315b,1,3066.495895
2026/01/26/21:04:53,apply-time,rs-000479-frsw7,c38e2336-3478-4e00-ab77-15ad229d5eca,1,3072.495895
2026/01/26/21:04:53,running-time,rs-000479-frsw7,c38e2336-3478-4e00-ab77-15ad229d5eca,1,3072.495895
2026/01/26/21:04:53,apply-time,rs-000479-g7bvq,6674f107-7f27-4419-9146-248a0002f449,1,3072.495895
2026/01/26/21:04:53,running-time,rs-000479-g7bvq,6674f107-7f27-4419-9146-248a0002f449,1,3072.495895
2026/01/26/21:04:53,apply-time,rs-000479-gzhrd,55c13b65-6d23-4ae2-9eaa-daf529e416d0,1,3072.495895
2026/01/26/21:04:53,running-time,rs-000479-gzhrd,55c13b65-6d23-4ae2-9eaa-daf529e416d0,1,3072.495895
2026/01/26/21:05:30,running-time,rs-000466-zmbqd,29fc09d6-6ef1-4549-9a34-c6e4fdfec29a,1,3109.495895
2026/01/26/21:06:35,running-time,rs-000466-mdt24,b29ce13f-1ca6-4436-b0ce-1b3b7150dcb3,1,3173.495895
2026/01/26/21:06:46,apply-time,rs-000480-j5bdp,bfb13df9-98c2-42b8-af90-eaf8a8418ae0,1,3185.495895
2026/01/26/21:06:46,running-time,rs-000480-j5bdp,bfb13df9-98c2-42b8-af90-eaf8a8418ae0,1,3185.495895
2026/01/26/21:06:46,apply-time,rs-000481-8w7jm,95de4f91-e6f1-4e8b-a2e0-08c1a10fccde,1,3185.495895
2026/01/26/21:06:46,running-time,rs-000481-8w7jm,95de4f91-e6f1-4e8b-a2e0-08c1a10fccde,1,3185.495895
2026/01/26/21:06:46,apply-time,rs-000482-nf5rq,224f5117-455b-4ea4-a1ad-de999c9f84af,1,3185.495895
2026/01/26/21:06:46,running-time,rs-000482-nf5rq,224f5117-455b-4ea4-a1ad-de999c9f84af,1,3185.495895
2026/01/26/21:06:47,apply-time,rs-000483-c5c9x,3e7af6bc-c7ff-4e8d-9c7e-a303d3eaaf2d,1,3186.495895
2026/01/26/21:06:47,running-time,rs-000483-c5c9x,3e7af6bc-c7ff-4e8d-9c7e-a303d3eaaf2d,1,3186.495895
2026/01/26/21:06:47,apply-time,rs-000483-p7qbx,5c73ee50-149e-44c8-b962-315dd827105e,1,3186.495895
2026/01/26/21:06:47,running-time,rs-000483-p7qbx,5c73ee50-149e-44c8-b962-315dd827105e,1,3186.495895
2026/01/26/21:06:47,apply-time,rs-000483-wl2k6,d04913b5-b3f4-403c-973f-7021bb21a498,1,3186.495895
2026/01/26/21:06:47,running-time,rs-000483-wl2k6,d04913b5-b3f4-403c-973f-7021bb21a498,1,3186.495895
2026/01/26/21:06:47,apply-time,rs-000484-xr7n6,aa9c9497-1f2b-4c95-a44d-a3427a7ee313,1,3186.495895
2026/01/26/21:06:47,running-time,rs-000484-xr7n6,aa9c9497-1f2b-4c95-a44d-a3427a7ee313,1,3186.495895
2026/01/26/21:06:47,apply-time,rs-000485-2l62r,d9d6a818-c911-4b6f-8640-0f0d576fd04b,1,3186.495895
2026/01/26/21:06:47,apply-time,rs-000485-9m5mp,ef9e47b3-196f-43de-93ad-ce744e3bb3f3,1,3186.495895
2026/01/26/21:06:47,apply-time,rs-000485-9xdzg,59f81ec6-6882-4e4d-812c-5cf9c02ae5e5,1,3186.495895
2026/01/26/21:06:47,apply-time,rs-000486-8cpd2,9fa9dbd4-46d0-429c-aacf-cb2ca3cec973,1,3186.495895
2026/01/26/21:06:47,apply-time,rs-000486-t8lqk,5d9c314f-066b-4983-a9f1-92de81c5c1e0,1,3186.495895
2026/01/26/21:06:47,apply-time,rs-000486-tbph2,c4e9c2b1-0d9e-42ea-8549-2dd3815b1506,1,3186.495895
2026/01/26/21:06:47,apply-time,rs-000487-fvcpx,6dd2cf21-0655-413e-a524-fce718f3ddc9,1,3186.495895
2026/01/26/21:06:47,apply-time,rs-000487-vjchx,9f820d48-da93-4ed8-bb44-31e32704bf8b,1,3186.495895
2026/01/26/21:06:48,apply-time,rs-000488-hmh9m,a6bff4a4-6b51-480f-9ff7-af9fd32c81c5,1,3186.495895
2026/01/26/21:06:48,running-time,rs-000488-hmh9m,a6bff4a4-6b51-480f-9ff7-af9fd32c81c5,1,3186.495895
2026/01/26/21:07:11,running-time,rs-000485-9m5mp,ef9e47b3-196f-43de-93ad-ce744e3bb3f3,1,3209.495895
2026/01/26/21:07:29,apply-time,rs-000489-t9hgx,d9cd37f7-aa3c-468e-a268-9d3966a64357,1,3227.495895
2026/01/26/21:07:29,running-time,rs-000489-t9hgx,d9cd37f7-aa3c-468e-a268-9d3966a64357,1,3227.495895
2026/01/26/21:07:29,apply-time,rs-000489-tnx92,4be4078b-b0ec-44a7-aa98-29f6856459a4,1,3227.495895
2026/01/26/21:07:29,running-time,rs-000489-tnx92,4be4078b-b0ec-44a7-aa98-29f6856459a4,1,3227.495895
2026/01/26/21:07:37,apply-time,rs-000490-vgf65,793877e8-2111-49fb-bd47-89fda2ce1454,1,3235.495895
2026/01/26/21:07:37,running-time,rs-000490-vgf65,793877e8-2111-49fb-bd47-89fda2ce1454,1,3235.495895
2026/01/26/21:07:37,apply-time,rs-000490-z22ct,a24466a3-1e84-4d43-bbc0-961a640240bd,1,3235.495895
2026/01/26/21:07:37,running-time,rs-000490-z22ct,a24466a3-1e84-4d43-bbc0-961a640240bd,1,3235.495895
2026/01/26/21:07:45,apply-time,rs-000491-bp49z,ff7837d9-b391-4252-9933-9dace4e00034,1,3243.495895
2026/01/26/21:07:45,running-time,rs-000491-bp49z,ff7837d9-b391-4252-9933-9dace4e00034,1,3243.495895
2026/01/26/21:07:45,apply-time,rs-000491-mrs5b,d36d8f6e-72c6-428a-ad03-760b8d5efb4a,1,3243.495895
2026/01/26/21:07:45,running-time,rs-000491-mrs5b,d36d8f6e-72c6-428a-ad03-760b8d5efb4a,1,3243.495895
2026/01/26/21:07:45,apply-time,rs-000492-fdd6v,fb3583ac-fc61-4793-9047-b6530dc1b31a,1,3243.495895
2026/01/26/21:07:45,running-time,rs-000492-fdd6v,fb3583ac-fc61-4793-9047-b6530dc1b31a,1,3243.495895
2026/01/26/21:07:45,apply-time,rs-000493-rx4mn,c8f6747e-53c0-41d5-944c-ab8ff5cf41d1,1,3243.495895
2026/01/26/21:07:45,running-time,rs-000493-rx4mn,c8f6747e-53c0-41d5-944c-ab8ff5cf41d1,1,3243.495895
2026/01/26/21:07:45,apply-time,rs-000493-sr8g6,0d8ece51-42f0-472d-9ef9-89b76d427608,1,3243.495895
2026/01/26/21:07:45,running-time,rs-000493-sr8g6,0d8ece51-42f0-472d-9ef9-89b76d427608,1,3243.495895
2026/01/26/21:08:07,apply-time,rs-000494-j92mb,ef7ca2fc-9573-4bd8-ad13-e0a38df820d6,1,3266.495895
2026/01/26/21:08:07,running-time,rs-000494-j92mb,ef7ca2fc-9573-4bd8-ad13-e0a38df820d6,1,3266.495895
2026/01/26/21:09:32,apply-time,rs-000495-5wwz7,6d25a8da-77ad-4bc1-bb63-f44f5bee5db9,1,3351.495895
2026/01/26/21:09:32,running-time,rs-000495-5wwz7,6d25a8da-77ad-4bc1-bb63-f44f5bee5db9,1,3351.495895
2026/01/26/21:09:32,apply-time,rs-000495-llv8n,3783e75b-4491-44a1-9bb4-22c72a490bdd,1,3351.495895
2026/01/26/21:09:32,running-time,rs-000495-llv8n,3783e75b-4491-44a1-9bb4-22c72a490bdd,1,3351.495895
2026/01/26/21:09:32,apply-time,rs-000495-zfgw4,43885841-2475-4034-bb2f-f753ff4f01cc,1,3351.495895
2026/01/26/21:09:32,running-time,rs-000495-zfgw4,43885841-2475-4034-bb2f-f753ff4f01cc,1,3351.495895
2026/01/26/21:09:50,apply-time,rs-000496-j9q4r,6a1f4c67-f0cd-4f2c-956c-e171b528e6f0,1,3368.495895
2026/01/26/21:09:50,running-time,rs-000496-j9q4r,6a1f4c67-f0cd-4f2c-956c-e171b528e6f0,1,3368.495895
2026/01/26/21:09:54,apply-time,rs-000497-8hf75,73a19f84-fd86-40ca-a20e-f85f7cd7e5ea,1,3372.495895
2026/01/26/21:09:54,running-time,rs-000497-8hf75,73a19f84-fd86-40ca-a20e-f85f7cd7e5ea,1,3372.495895
2026/01/26/21:09:54,apply-time,rs-000497-nrcgm,0efd2589-4a96-487e-9609-44bee8b05863,1,3372.495895
2026/01/26/21:09:54,running-time,rs-000497-nrcgm,0efd2589-4a96-487e-9609-44bee8b05863,1,3372.495895
2026/01/26/21:09:54,apply-time,rs-000497-sm6m7,bdb67ab9-e7b1-4a65-af5b-39de7861c0f6,1,3372.495895
2026/01/26/21:09:54,running-time,rs-000497-sm6m7,bdb67ab9-e7b1-4a65-af5b-39de7861c0f6,1,3372.495895
2026/01/26/21:09:54,apply-time,rs-000498-mkkkr,af78fd90-f9fa-42f8-91a2-19fd546ec9e9,1,3372.495895
2026/01/26/21:09:54,running-time,rs-000498-mkkkr,af78fd90-f9fa-42f8-91a2-19fd546ec9e9,1,3372.495895
2026/01/26/21:09:54,apply-time,rs-000498-mxggp,79fdaf6a-c5f8-46f3-91e1-c4ec8024fdf6,1,3372.495895
2026/01/26/21:09:54,running-time,rs-000498-mxggp,79fdaf6a-c5f8-46f3-91e1-c4ec8024fdf6,1,3372.495895
2026/01/26/21:09:54,apply-time,rs-000498-r2fdx,1f0d92a8-1b8e-4e93-9094-9c9ead4fb91f,1,3372.495895
2026/01/26/21:09:54,running-time,rs-000498-r2fdx,1f0d92a8-1b8e-4e93-9094-9c9ead4fb91f,1,3372.495895
2026/01/26/21:09:54,apply-time,rs-000499-7xkcm,28e63fa0-e89f-4212-9d1d-ebfa8451fcfc,1,3372.495895
2026/01/26/21:09:54,running-time,rs-000499-7xkcm,28e63fa0-e89f-4212-9d1d-ebfa8451fcfc,1,3372.495895
2026/01/26/21:09:54,apply-time,rs-000499-hkgbf,6d0c9f52-7d82-44a6-a910-0c0e518d7e96,1,3372.495895
2026/01/26/21:09:54,running-time,rs-000499-hkgbf,6d0c9f52-7d82-44a6-a910-0c0e518d7e96,1,3372.495895
2026/01/26/21:09:54,apply-time,rs-000500-22gcn,8bc28205-29f3-4875-a635-993bbb8ed17a,1,3373.495895
2026/01/26/21:09:54,running-time,rs-000500-22gcn,8bc28205-29f3-4875-a635-993bbb8ed17a,1,3373.495895
2026/01/26/21:09:54,apply-time,rs-000500-pjj7z,3af061f4-45f5-493b-ba82-a4af84953fb4,1,3373.495895
2026/01/26/21:09:54,running-time,rs-000500-pjj7z,3af061f4-45f5-493b-ba82-a4af84953fb4,1,3373.495895
2026/01/26/21:09:54,apply-time,rs-000501-jrlvp,f719e9dd-c0ef-41e1-9403-06a30326cf04,1,3373.495895
2026/01/26/21:09:54,apply-time,rs-000501-nk5sq,b6f65bcb-c1fe-4b4f-ae80-0c33dc2fac1e,1,3373.495895
2026/01/26/21:09:54,apply-time,rs-000501-pnrfj,84400d70-1953-4bfa-a568-e7cef93e85fd,1,3372.495895
2026/01/26/21:09:54,running-time,rs-000501-pnrfj,84400d70-1953-4bfa-a568-e7cef93e85fd,1,3373.495895
2026/01/26/21:10:24,apply-time,rs-000502-8mtp6,5cf2e5f1-91a1-4ee4-a274-05584e6d8b4a,1,3402.495895
2026/01/26/21:10:24,running-time,rs-000502-8mtp6,5cf2e5f1-91a1-4ee4-a274-05584e6d8b4a,1,3402.495895
2026/01/26/21:10:24,apply-time,rs-000503-2sp7g,acc340ba-1406-48e1-b8bd-e7bf2451c1f3,1,3402.495895
2026/01/26/21:10:24,running-time,rs-000503-2sp7g,acc340ba-1406-48e1-b8bd-e7bf2451c1f3,1,3402.495895
2026/01/26/21:10:24,apply-time,rs-000503-fzvsh,0366e88f-519c-49df-99b4-4947dcf6b48e,1,3402.495895
2026/01/26/21:10:24,running-time,rs-000503-fzvsh,0366e88f-519c-49df-99b4-4947dcf6b48e,1,3402.495895
2026/01/26/21:10:24,apply-time,rs-000503-mw2hb,a787e7e4-3b13-4fac-a5e5-fedb2777f600,1,3402.495895
2026/01/26/21:10:24,running-time,rs-000503-mw2hb,a787e7e4-3b13-4fac-a5e5-fedb2777f600,1,3402.495895
2026/01/26/21:10:24,apply-time,rs-000504-smqn8,ccbb46d4-1f78-4f93-a52a-8fa36afc877e,1,3402.495895
2026/01/26/21:10:24,running-time,rs-000504-smqn8,ccbb46d4-1f78-4f93-a52a-8fa36afc877e,1,3402.495895
2026/01/26/21:10:24,apply-time,rs-000505-lbcgv,b0d481c9-66b7-4b9f-b0f2-178d98ad29e5,1,3403.495895
2026/01/26/21:10:24,running-time,rs-000505-lbcgv,b0d481c9-66b7-4b9f-b0f2-178d98ad29e5,1,3403.495895
2026/01/26/21:10:24,apply-time,rs-000505-p6m7m,d430728b-0a67-4f7a-827b-9e8c45706eb9,1,3403.495895
2026/01/26/21:10:24,running-time,rs-000505-p6m7m,d430728b-0a67-4f7a-827b-9e8c45706eb9,1,3403.495895
2026/01/26/21:10:24,apply-time,rs-000505-tw9n8,cd3b7448-af63-4276-8195-06e04b00c516,1,3403.495895
2026/01/26/21:10:24,running-time,rs-000505-tw9n8,cd3b7448-af63-4276-8195-06e04b00c516,1,3403.495895
2026/01/26/21:10:24,apply-time,rs-000506-6drpm,5235eaf3-b770-4d89-8991-4635bb707a97,1,3403.495895
2026/01/26/21:10:24,running-time,rs-000506-6drpm,5235eaf3-b770-4d89-8991-4635bb707a97,1,3403.495895
2026/01/26/21:10:24,apply-time,rs-000506-m8dcn,6a167301-ebf8-4920-82ae-b9e7ebac6723,1,3403.495895
2026/01/26/21:10:24,running-time,rs-000506-m8dcn,6a167301-ebf8-4920-82ae-b9e7ebac6723,1,3403.495895
2026/01/26/21:10:24,apply-time,rs-000507-7z6pc,2079a3e1-7c88-40ba-a50f-1306b70b8400,1,3403.495895
2026/01/26/21:10:24,running-time,rs-000507-7z6pc,2079a3e1-7c88-40ba-a50f-1306b70b8400,1,3403.495895
2026/01/26/21:10:24,apply-time,rs-000507-897qm,ef0cc09d-32dc-47a6-ba9a-45c8d37869f5,1,3403.495895
2026/01/26/21:10:24,running-time,rs-000507-897qm,ef0cc09d-32dc-47a6-ba9a-45c8d37869f5,1,3403.495895
2026/01/26/21:10:24,apply-time,rs-000507-t9s8c,f7cba399-a973-427f-a709-019e2aca7c0d,1,3403.495895
2026/01/26/21:10:24,running-time,rs-000507-t9s8c,f7cba399-a973-427f-a709-019e2aca7c0d,1,3403.495895
2026/01/26/21:10:24,apply-time,rs-000508-lvx5l,472aca82-30b2-4bce-9ed9-114d3dd46e73,1,3403.495895
2026/01/26/21:10:24,apply-time,rs-000508-nwz9f,f348f3f8-b36a-4efd-8261-09ed57aeb7d9,1,3403.495895
2026/01/26/21:10:24,apply-time,rs-000508-v5jvr,beb9a3fc-8dab-44c8-9d97-615e253bfcef,1,3403.495895
2026/01/26/21:10:24,apply-time,rs-000509-qnsln,397edb30-1a70-40e1-97b3-1387e4908082,1,3403.495895
2026/01/26/21:10:24,running-time,rs-000509-qnsln,397edb30-1a70-40e1-97b3-1387e4908082,1,3403.495895
2026/01/26/21:10:24,apply-time,rs-000509-szldt,3fc86920-28a7-4cd5-ae37-d7954a80a36d,1,3403.495895
2026/01/26/21:10:24,running-time,rs-000509-szldt,3fc86920-28a7-4cd5-ae37-d7954a80a36d,1,3403.495895
2026/01/26/21:10:24,apply-time,rs-000509-vb8c8,c934a5ee-32ae-4fbe-927e-2b91333b9ded,1,3403.495895
2026/01/26/21:10:24,running-time,rs-000509-vb8c8,c934a5ee-32ae-4fbe-927e-2b91333b9ded,1,3403.495895
2026/01/26/21:10:30,apply-time,rs-000510-xqbfz,3f30cfde-e7a6-4bde-a8f1-7bb9f9418c14,1,3409.495895
2026/01/26/21:10:30,apply-time,rs-000511-gqlxz,a8cdc7cf-ebb8-4872-8ddc-b07f27e000cc,1,3409.495895
2026/01/26/21:10:30,running-time,rs-000511-gqlxz,a8cdc7cf-ebb8-4872-8ddc-b07f27e000cc,1,3409.495895
2026/01/26/21:10:30,apply-time,rs-000511-s4km2,1b2b6ea9-a905-4a77-8785-3f28eda61f2d,1,3409.495895
2026/01/26/21:10:30,running-time,rs-000511-s4km2,1b2b6ea9-a905-4a77-8785-3f28eda61f2d,1,3409.495895
2026/01/26/21:10:55,running-time,rs-000501-jrlvp,f719e9dd-c0ef-41e1-9403-06a30326cf04,1,3433.495895
2026/01/26/21:10:55,running-time,rs-000501-nk5sq,b6f65bcb-c1fe-4b4f-ae80-0c33dc2fac1e,1,3433.495895
2026/01/26/21:11:05,apply-time,rs-000512-9fg6j,a04d27ac-6e70-451e-92ef-75eeedb366ab,1,3443.495895
2026/01/26/21:11:05,running-time,rs-000512-9fg6j,a04d27ac-6e70-451e-92ef-75eeedb366ab,1,3443.495895
2026/01/26/21:11:05,apply-time,rs-000512-bnkh6,6e23b573-29af-4659-a5a3-158bcfaa561a,1,3443.495895
2026/01/26/21:11:05,running-time,rs-000512-bnkh6,6e23b573-29af-4659-a5a3-158bcfaa561a,1,3443.495895
2026/01/26/21:11:05,apply-time,rs-000512-mv6n5,ca128d13-f2fe-41dd-a0e8-a5f71061a335,1,3443.495895
2026/01/26/21:11:05,running-time,rs-000512-mv6n5,ca128d13-f2fe-41dd-a0e8-a5f71061a335,1,3443.495895
2026/01/26/21:11:09,apply-time,rs-000513-knv7w,314919dd-4406-4c66-94bc-6a26aa787035,1,3447.495895
2026/01/26/21:11:09,running-time,rs-000513-knv7w,314919dd-4406-4c66-94bc-6a26aa787035,1,3447.495895
2026/01/26/21:11:09,apply-time,rs-000513-sqnx7,6d61edec-c103-4230-85af-ef66a9151633,1,3447.495895
2026/01/26/21:11:09,running-time,rs-000513-sqnx7,6d61edec-c103-4230-85af-ef66a9151633,1,3447.495895
2026/01/26/21:11:09,apply-time,rs-000513-vkxzh,9b5d35a4-b1db-4453-be96-e54b8a5feed2,1,3447.495895
2026/01/26/21:11:09,running-time,rs-000513-vkxzh,9b5d35a4-b1db-4453-be96-e54b8a5feed2,1,3447.495895
2026/01/26/21:11:09,apply-time,rs-000514-bgqpv,8375b3b7-9f76-4cbe-9442-63a4e43676cb,1,3447.495895
2026/01/26/21:11:09,running-time,rs-000514-bgqpv,8375b3b7-9f76-4cbe-9442-63a4e43676cb,1,3447.495895
2026/01/26/21:11:09,apply-time,rs-000514-glrhz,0d085dd2-5aa3-4655-9258-f133e06c6127,1,3447.495895
2026/01/26/21:11:09,running-time,rs-000514-glrhz,0d085dd2-5aa3-4655-9258-f133e06c6127,1,3447.495895
2026/01/26/21:11:09,apply-time,rs-000515-cdbxl,9b8a1c32-bf69-4b79-95f9-f0b27e8a61fe,1,3447.495895
2026/01/26/21:11:09,running-time,rs-000515-cdbxl,9b8a1c32-bf69-4b79-95f9-f0b27e8a61fe,1,3447.495895
2026/01/26/21:11:09,apply-time,rs-000515-cn7lp,5d3026eb-ec96-40a7-ab4e-233d10561b9e,1,3447.495895
2026/01/26/21:11:09,running-time,rs-000515-cn7lp,5d3026eb-ec96-40a7-ab4e-233d10561b9e,1,3447.495895
2026/01/26/21:11:09,apply-time,rs-000515-wd8fw,f39b1c38-5663-4ef2-9b58-4b8b3d98568a,1,3447.495895
2026/01/26/21:11:09,running-time,rs-000515-wd8fw,f39b1c38-5663-4ef2-9b58-4b8b3d98568a,1,3447.495895
2026/01/26/21:11:40,apply-time,rs-000516-bhrkw,cf46f444-9c4e-4238-a6e0-48e8fc18a6f0,1,3479.495895
2026/01/26/21:11:40,running-time,rs-000516-bhrkw,cf46f444-9c4e-4238-a6e0-48e8fc18a6f0,1,3479.495895
2026/01/26/21:11:40,apply-time,rs-000516-jkhlp,17b3f14f-3ec2-426f-b971-ccfbd9f909f7,1,3479.495895
2026/01/26/21:11:40,running-time,rs-000516-jkhlp,17b3f14f-3ec2-426f-b971-ccfbd9f909f7,1,3479.495895
2026/01/26/21:11:40,apply-time,rs-000517-5w7mq,c7b578d7-0bc3-4564-a54c-43bbe5bf87d5,1,3479.495895
2026/01/26/21:11:40,running-time,rs-000517-5w7mq,c7b578d7-0bc3-4564-a54c-43bbe5bf87d5,1,3479.495895
2026/01/26/21:11:40,apply-time,rs-000517-ghwnl,bbddfc04-b353-4cbd-b538-36f723f407fc,1,3479.495895
2026/01/26/21:11:40,running-time,rs-000517-ghwnl,bbddfc04-b353-4cbd-b538-36f723f407fc,1,3479.495895
2026/01/26/21:11:40,apply-time,rs-000518-66sxx,a4220bfe-2923-44e2-b785-d917b72f2cb9,1,3479.495895
2026/01/26/21:11:40,running-time,rs-000518-66sxx,a4220bfe-2923-44e2-b785-d917b72f2cb9,1,3479.495895
2026/01/26/21:11:40,apply-time,rs-000518-prrbt,ef934f21-6560-4758-86fd-db0beef8b32c,1,3479.495895
2026/01/26/21:11:40,running-time,rs-000518-prrbt,ef934f21-6560-4758-86fd-db0beef8b32c,1,3479.495895
2026/01/26/21:11:40,apply-time,rs-000518-smw96,8f729c22-3ae7-4d30-b2dc-eb8c6b044cfe,1,3479.495895
2026/01/26/21:11:40,running-time,rs-000518-smw96,8f729c22-3ae7-4d30-b2dc-eb8c6b044cfe,1,3479.495895
2026/01/26/21:12:29,apply-time,rs-000519-tllwg,a9172858-61b5-48be-9297-c8efa58480a6,1,3527.495895
2026/01/26/21:12:29,running-time,rs-000519-tllwg,a9172858-61b5-48be-9297-c8efa58480a6,1,3527.495895
2026/01/26/21:12:29,apply-time,rs-000520-w22kz,6257957d-0152-4649-ae2a-0a52af337946,1,3527.495895
2026/01/26/21:12:29,running-time,rs-000520-w22kz,6257957d-0152-4649-ae2a-0a52af337946,1,3527.495895
2026/01/26/21:12:29,apply-time,rs-000521-ddbbc,502391b9-b008-4cc4-ab8f-fa57e945b4ca,1,3527.495895
2026/01/26/21:12:29,running-time,rs-000521-ddbbc,502391b9-b008-4cc4-ab8f-fa57e945b4ca,1,3527.495895
2026/01/26/21:12:29,apply-time,rs-000521-gk4kv,ac6242f8-c71f-4002-b3be-1194d68eda6b,1,3527.495895
2026/01/26/21:12:29,running-time,rs-000521-gk4kv,ac6242f8-c71f-4002-b3be-1194d68eda6b,1,3527.495895
2026/01/26/21:12:29,apply-time,rs-000522-l78fd,b319ad7e-baf4-4a9c-b40c-1715aae746dc,1,3527.495895
2026/01/26/21:12:29,running-time,rs-000522-l78fd,b319ad7e-baf4-4a9c-b40c-1715aae746dc,1,3527.495895
2026/01/26/21:12:29,apply-time,rs-000522-xw5gj,3c938b2c-96a7-4a86-b2ea-2f152f15909c,1,3527.495895
2026/01/26/21:12:29,running-time,rs-000522-xw5gj,3c938b2c-96a7-4a86-b2ea-2f152f15909c,1,3528.495895
2026/01/26/21:12:41,apply-time,rs-000523-88lx8,9a0f7050-67ca-4095-914b-f8be2b50b369,1,3539.495895
2026/01/26/21:12:41,running-time,rs-000523-88lx8,9a0f7050-67ca-4095-914b-f8be2b50b369,1,3539.495895
2026/01/26/21:12:41,apply-time,rs-000523-mpnds,593f6da3-1b5f-4d6c-96cd-6aa0e9da8acc,1,3539.495895
2026/01/26/21:12:41,running-time,rs-000523-mpnds,593f6da3-1b5f-4d6c-96cd-6aa0e9da8acc,1,3539.495895
2026/01/26/21:13:14,apply-time,rs-000524-4sqbb,c79d376c-f4da-40c0-a502-e105751acd26,1,3572.495895
2026/01/26/21:13:14,running-time,rs-000524-4sqbb,c79d376c-f4da-40c0-a502-e105751acd26,1,3572.495895
2026/01/26/21:13:14,apply-time,rs-000524-zts7w,ce097090-6a46-4bfb-a33e-33278d22ba2f,1,3572.495895
2026/01/26/21:13:14,running-time,rs-000524-zts7w,ce097090-6a46-4bfb-a33e-33278d22ba2f,1,3572.495895
2026/01/26/21:13:14,apply-time,rs-000525-5hsvq,a4e43b1e-2bbb-4716-81ca-8a6108fedda1,1,3572.495895
2026/01/26/21:13:14,running-time,rs-000525-5hsvq,a4e43b1e-2bbb-4716-81ca-8a6108fedda1,1,3572.495895
2026/01/26/21:13:14,apply-time,rs-000525-7qhtp,319cc2af-2368-432f-958d-4e10ae0c8054,1,3572.495895
2026/01/26/21:13:14,running-time,rs-000525-7qhtp,319cc2af-2368-432f-958d-4e10ae0c8054,1,3572.495895
2026/01/26/21:13:14,apply-time,rs-000525-pkt5k,766f5f76-4368-4022-8d59-429fef2d5a49,1,3572.495895
2026/01/26/21:13:14,running-time,rs-000525-pkt5k,766f5f76-4368-4022-8d59-429fef2d5a49,1,3572.495895
2026/01/26/21:13:57,apply-time,rs-000526-k8tqg,e87376b1-08fb-4ff0-8cb4-c01a945aecf2,1,3615.495895
2026/01/26/21:13:57,running-time,rs-000526-k8tqg,e87376b1-08fb-4ff0-8cb4-c01a945aecf2,1,3615.495895
2026/01/26/21:13:57,apply-time,rs-000527-6tj4t,39a838bc-d8e3-4052-9971-66fcd4fb75c8,1,3615.495895
2026/01/26/21:13:57,running-time,rs-000527-6tj4t,39a838bc-d8e3-4052-9971-66fcd4fb75c8,1,3615.495895
2026/01/26/21:13:57,apply-time,rs-000527-hprk6,bf058027-72ca-4bb5-8941-56a96abace8b,1,3615.495895
2026/01/26/21:13:57,running-time,rs-000527-hprk6,bf058027-72ca-4bb5-8941-56a96abace8b,1,3615.495895
2026/01/26/21:13:57,apply-time,rs-000527-p9lgq,6db954dc-c12e-49ba-acf4-f6421b8cc07c,1,3615.495895
2026/01/26/21:13:57,running-time,rs-000527-p9lgq,6db954dc-c12e-49ba-acf4-f6421b8cc07c,1,3615.495895
2026/01/26/21:13:57,apply-time,rs-000528-24cst,556f4913-1354-4264-8ef6-bd87f60e7ca9,1,3615.495895
2026/01/26/21:13:57,running-time,rs-000528-24cst,556f4913-1354-4264-8ef6-bd87f60e7ca9,1,3615.495895
2026/01/26/21:13:57,apply-time,rs-000528-5pwbj,dd74dcfe-6325-43b2-8161-3ef34e1b9e04,1,3615.495895
2026/01/26/21:13:57,running-time,rs-000528-5pwbj,dd74dcfe-6325-43b2-8161-3ef34e1b9e04,1,3615.495895
2026/01/26/21:13:57,apply-time,rs-000529-4hmk9,a3e74054-9b71-4614-a5c1-181f38422e5f,1,3615.495895
2026/01/26/21:13:57,running-time,rs-000529-4hmk9,a3e74054-9b71-4614-a5c1-181f38422e5f,1,3615.495895
2026/01/26/21:13:57,apply-time,rs-000529-dhrhg,b82eccc5-94fb-4db7-af5d-11893aa1a787,1,3615.495895
2026/01/26/21:13:57,running-time,rs-000529-dhrhg,b82eccc5-94fb-4db7-af5d-11893aa1a787,1,3615.495895
2026/01/26/21:13:57,apply-time,rs-000530-fnlfk,03e3f44a-d400-4df8-87a0-af35999e253f,1,3615.495895
2026/01/26/21:13:57,running-time,rs-000530-fnlfk,03e3f44a-d400-4df8-87a0-af35999e253f,1,3615.495895
2026/01/26/21:13:57,apply-time,rs-000530-smxnq,84067032-3d3e-4542-80d5-876ea265ebd9,1,3615.495895
2026/01/26/21:13:57,running-time,rs-000530-smxnq,84067032-3d3e-4542-80d5-876ea265ebd9,1,3615.495895
2026/01/26/21:13:58,apply-time,rs-000531-jg8wq,0ce28239-ab83-4ccb-ba85-c13087c2eb82,1,3617.495895
2026/01/26/21:13:58,running-time,rs-000531-jg8wq,0ce28239-ab83-4ccb-ba85-c13087c2eb82,1,3617.495895
2026/01/26/21:13:58,apply-time,rs-000531-v6cz8,02f8490c-bb05-4b49-bbef-7a68ff610aa6,1,3617.495895
2026/01/26/21:13:58,running-time,rs-000531-v6cz8,02f8490c-bb05-4b49-bbef-7a68ff610aa6,1,3617.495895
2026/01/26/21:13:58,apply-time,rs-000532-6m47q,ff6fdcd2-e9f5-48a4-b446-4764f5678a62,1,3617.495895
2026/01/26/21:13:58,running-time,rs-000532-6m47q,ff6fdcd2-e9f5-48a4-b446-4764f5678a62,1,3617.495895
2026/01/26/21:13:58,apply-time,rs-000533-pxchw,dcabfb10-3206-4b0a-bcc4-970de9db208c,1,3617.495895
2026/01/26/21:13:58,running-time,rs-000533-pxchw,dcabfb10-3206-4b0a-bcc4-970de9db208c,1,3617.495895
2026/01/26/21:13:58,apply-time,rs-000533-rhw5j,886d07e1-647e-4626-8483-48d4ed3ca621,1,3617.495895
2026/01/26/21:13:58,running-time,rs-000533-rhw5j,886d07e1-647e-4626-8483-48d4ed3ca621,1,3617.495895
2026/01/26/21:13:58,apply-time,rs-000534-c9s22,0238d1b5-b2d2-419e-a709-dd9379123ba7,1,3617.495895
2026/01/26/21:13:58,running-time,rs-000534-c9s22,0238d1b5-b2d2-419e-a709-dd9379123ba7,1,3617.495895
2026/01/26/21:13:58,apply-time,rs-000535-lj6lp,98262fcf-562e-4c54-9cfe-1a1dd9ed6859,1,3617.495895
2026/01/26/21:13:59,apply-time,rs-000535-hz28v,1eda7bb5-0299-43a2-8221-36cd28aa384f,1,3617.495895
2026/01/26/21:13:59,running-time,rs-000535-hz28v,1eda7bb5-0299-43a2-8221-36cd28aa384f,1,3617.495895
2026/01/26/21:13:59,running-time,rs-000535-lj6lp,98262fcf-562e-4c54-9cfe-1a1dd9ed6859,1,3617.495895
2026/01/26/21:13:59,apply-time,rs-000536-g7fqc,4e103a4e-e40d-4348-bd05-4a715d25a975,1,3617.495895
2026/01/26/21:13:59,running-time,rs-000536-g7fqc,4e103a4e-e40d-4348-bd05-4a715d25a975,1,3618.495895
2026/01/26/21:13:59,apply-time,rs-000536-h6bqw,d0c38b97-e326-4fa1-a9c5-6c0a46f416dd,1,3617.495895
2026/01/26/21:13:59,running-time,rs-000536-h6bqw,d0c38b97-e326-4fa1-a9c5-6c0a46f416dd,1,3617.495895
2026/01/26/21:13:59,apply-time,rs-000536-zgc64,2c44a974-0f97-4cb4-8e27-8dfa70d6cdb0,1,3617.495895
2026/01/26/21:13:59,running-time,rs-000536-zgc64,2c44a974-0f97-4cb4-8e27-8dfa70d6cdb0,1,3617.495895
2026/01/26/21:15:44,apply-time,rs-000537-hkg8c,dea64c71-98eb-4c9f-8bec-543f12f50583,1,3722.495895
2026/01/26/21:15:44,running-time,rs-000537-hkg8c,dea64c71-98eb-4c9f-8bec-543f12f50583,1,3722.495895
2026/01/26/21:15:59,apply-time,rs-000538-7md7z,f94f403e-898d-45cf-96c0-55fe1302e93f,1,3737.495895
2026/01/26/21:15:59,running-time,rs-000538-7md7z,f94f403e-898d-45cf-96c0-55fe1302e93f,1,3737.495895
2026/01/26/21:15:59,apply-time,rs-000538-h6xmc,a99e9b11-ece4-4c6b-adad-0f0fa946ae08,1,3737.495895
2026/01/26/21:15:59,running-time,rs-000538-h6xmc,a99e9b11-ece4-4c6b-adad-0f0fa946ae08,1,3737.495895
2026/01/26/21:15:59,apply-time,rs-000539-bs9zb,e876c211-95d2-4b5c-b8cf-7c963c1fde51,1,3737.495895
2026/01/26/21:15:59,running-time,rs-000539-bs9zb,e876c211-95d2-4b5c-b8cf-7c963c1fde51,1,3737.495895
2026/01/26/21:15:59,apply-time,rs-000539-s5jjc,4fc2abcc-bbcf-4913-b79d-3569e7e1d1dd,1,3737.495895
2026/01/26/21:15:59,running-time,rs-000539-s5jjc,4fc2abcc-bbcf-4913-b79d-3569e7e1d1dd,1,3737.495895
2026/01/26/21:15:59,apply-time,rs-000540-hp2pp,20db9fb0-fa84-4680-ad6b-e8d0fa7d8f2f,1,3737.495895
2026/01/26/21:15:59,running-time,rs-000540-hp2pp,20db9fb0-fa84-4680-ad6b-e8d0fa7d8f2f,1,3738.495895
2026/01/26/21:15:59,apply-time,rs-000541-5sj7f,6f26e56f-e0a1-4a0a-9798-37ccb018c647,1,3737.495895
2026/01/26/21:15:59,running-time,rs-000541-5sj7f,6f26e56f-e0a1-4a0a-9798-37ccb018c647,1,3737.495895
2026/01/26/21:15:59,apply-time,rs-000541-vvwtr,d121c184-d5ec-4f57-968d-990ce3f115e4,1,3737.495895
2026/01/26/21:15:59,running-time,rs-000541-vvwtr,d121c184-d5ec-4f57-968d-990ce3f115e4,1,3738.495895
2026/01/26/21:15:59,apply-time,rs-000542-4shvr,0a5f8047-824d-4d31-88ab-13622da8d3bc,1,3737.495895
2026/01/26/21:15:59,running-time,rs-000542-4shvr,0a5f8047-824d-4d31-88ab-13622da8d3bc,1,3737.495895
2026/01/26/21:15:59,apply-time,rs-000542-jdhj2,b49d7557-3ebb-4e33-ab40-5a7d42b50c33,1,3737.495895
2026/01/26/21:15:59,running-time,rs-000542-jdhj2,b49d7557-3ebb-4e33-ab40-5a7d42b50c33,1,3737.495895
2026/01/26/21:15:59,apply-time,rs-000542-lxppq,4f2f337c-1af3-4f9a-9bb0-32bbf4cc74e7,1,3737.495895
2026/01/26/21:15:59,running-time,rs-000542-lxppq,4f2f337c-1af3-4f9a-9bb0-32bbf4cc74e7,1,3737.495895
2026/01/26/21:15:59,apply-time,rs-000543-2qvk2,8a582664-4d66-4ec8-bde8-def1629a788d,1,3737.495895
2026/01/26/21:15:59,running-time,rs-000543-2qvk2,8a582664-4d66-4ec8-bde8-def1629a788d,1,3738.495895
2026/01/26/21:15:59,apply-time,rs-000543-5kqr5,7d4502d8-b3fa-43ac-a16b-55fdd93a00a2,1,3737.495895
2026/01/26/21:15:59,running-time,rs-000543-5kqr5,7d4502d8-b3fa-43ac-a16b-55fdd93a00a2,1,3738.495895
2026/01/26/21:15:59,apply-time,rs-000543-r59pm,513925cd-b3bb-4762-bf04-7062af291711,1,3737.495895
2026/01/26/21:15:59,running-time,rs-000543-r59pm,513925cd-b3bb-4762-bf04-7062af291711,1,3737.495895
2026/01/26/21:16:00,apply-time,rs-000544-b4mb8,b506f1e8-0a8c-4bc5-82d7-83e7ec053d16,1,3738.495895
2026/01/26/21:16:00,apply-time,rs-000545-pqbvr,8ea727ff-ac01-4ad0-8d0a-bbf92b17754c,1,3739.495895
2026/01/26/21:16:00,apply-time,rs-000545-rdftc,d1cef700-80ce-4446-a9a1-1ac7d4236881,1,3739.495895
2026/01/26/21:16:00,apply-time,rs-000545-w4gc2,0886dd1b-80d7-4409-9bab-7d6e5925eae7,1,3738.495895
2026/01/26/21:16:01,running-time,rs-000545-w4gc2,0886dd1b-80d7-4409-9bab-7d6e5925eae7,1,3739.495895
2026/01/26/21:16:10,running-time,rs-000544-b4mb8,b506f1e8-0a8c-4bc5-82d7-83e7ec053d16,1,3749.495895
2026/01/26/21:16:31,apply-time,rs-000546-4rmsw,e09dc280-354c-4e5c-a1f4-a9e2d791b4d5,1,3769.495895
2026/01/26/21:16:31,running-time,rs-000546-4rmsw,e09dc280-354c-4e5c-a1f4-a9e2d791b4d5,1,3769.495895
2026/01/26/21:16:31,apply-time,rs-000546-8gsrh,8613ebef-2b8e-49cc-958a-947ba5eb6472,1,3769.495895
2026/01/26/21:16:31,running-time,rs-000546-8gsrh,8613ebef-2b8e-49cc-958a-947ba5eb6472,1,3769.495895
2026/01/26/21:16:31,apply-time,rs-000546-dft29,51462b96-1e0e-4118-9d62-1c2426677a54,1,3769.495895
2026/01/26/21:16:31,running-time,rs-000546-dft29,51462b96-1e0e-4118-9d62-1c2426677a54,1,3769.495895
2026/01/26/21:16:33,apply-time,rs-000547-s2h9c,25cc151b-83f2-4669-b24d-1b128351c1c6,1,3771.495895
2026/01/26/21:16:33,running-time,rs-000547-s2h9c,25cc151b-83f2-4669-b24d-1b128351c1c6,1,3771.495895
2026/01/26/21:16:33,apply-time,rs-000547-vr79n,30a55875-a258-4968-be00-ddc15466663a,1,3771.495895
2026/01/26/21:16:33,running-time,rs-000547-vr79n,30a55875-a258-4968-be00-ddc15466663a,1,3771.495895
2026/01/26/21:16:33,apply-time,rs-000548-pq7tc,f0cc3de6-6cf7-4cfa-9f8d-ea187eb4bdab,1,3771.495895
2026/01/26/21:16:33,running-time,rs-000548-pq7tc,f0cc3de6-6cf7-4cfa-9f8d-ea187eb4bdab,1,3771.495895
2026/01/26/21:16:33,apply-time,rs-000549-2tlxb,bfdef472-29b7-4210-8f67-76138d5f5fe0,1,3772.495895
2026/01/26/21:16:33,running-time,rs-000549-2tlxb,bfdef472-29b7-4210-8f67-76138d5f5fe0,1,3772.495895
2026/01/26/21:16:33,apply-time,rs-000549-d9lts,7a35ccd0-168f-4d0c-aca1-c31e45dccb0b,1,3772.495895
2026/01/26/21:16:33,running-time,rs-000549-d9lts,7a35ccd0-168f-4d0c-aca1-c31e45dccb0b,1,3772.495895
2026/01/26/21:16:33,apply-time,rs-000549-vn2wc,56769fcf-fb2c-4bc6-841f-4b71a2e75b3c,1,3772.495895
2026/01/26/21:16:33,running-time,rs-000549-vn2wc,56769fcf-fb2c-4bc6-841f-4b71a2e75b3c,1,3772.495895
2026/01/26/21:16:33,apply-time,rs-000550-4qs78,2f871d38-86c5-42a0-8d18-721d3110dd22,1,3772.495895
2026/01/26/21:16:33,running-time,rs-000550-4qs78,2f871d38-86c5-42a0-8d18-721d3110dd22,1,3772.495895
2026/01/26/21:16:33,apply-time,rs-000550-8xwf4,925a5224-bcb7-48ca-acd8-2a078d4c9774,1,3772.495895
2026/01/26/21:16:33,running-time,rs-000550-8xwf4,925a5224-bcb7-48ca-acd8-2a078d4c9774,1,3772.495895
2026/01/26/21:16:33,apply-time,rs-000550-g9v8c,d4ffa93b-64bd-429a-830f-6f624dfddc75,1,3772.495895
2026/01/26/21:16:33,running-time,rs-000550-g9v8c,d4ffa93b-64bd-429a-830f-6f624dfddc75,1,3772.495895
2026/01/26/21:16:43,apply-time,rs-000551-pr9jn,2058540a-500f-402d-8d44-c94e7a1b41e5,1,3782.495895
2026/01/26/21:16:43,running-time,rs-000551-pr9jn,2058540a-500f-402d-8d44-c94e7a1b41e5,1,3782.495895
2026/01/26/21:16:43,apply-time,rs-000551-px849,669b15a8-3700-432f-af9d-2de0d39efb97,1,3782.495895
2026/01/26/21:16:43,running-time,rs-000551-px849,669b15a8-3700-432f-af9d-2de0d39efb97,1,3782.495895
2026/01/26/21:16:43,apply-time,rs-000551-xn287,a0a8fc6c-098d-475a-950e-07847100f838,1,3782.495895
2026/01/26/21:16:43,running-time,rs-000551-xn287,a0a8fc6c-098d-475a-950e-07847100f838,1,3782.495895
2026/01/26/21:16:44,apply-time,rs-000552-hhfmb,bfbc1dfe-6b1b-4ef0-8919-5a6617c20b94,1,3782.495895
2026/01/26/21:16:44,apply-time,rs-000553-j8l9l,7d25188e-ee20-49f3-be5e-c97a40afda3a,1,3782.495895
2026/01/26/21:16:44,running-time,rs-000553-j8l9l,7d25188e-ee20-49f3-be5e-c97a40afda3a,1,3782.495895
2026/01/26/21:16:47,running-time,rs-000552-hhfmb,bfbc1dfe-6b1b-4ef0-8919-5a6617c20b94,1,3785.495895
2026/01/26/21:16:49,apply-time,rs-000554-cfwlt,38806183-7651-49ac-9b1d-b10345b9abaf,1,3787.495895
2026/01/26/21:16:49,apply-time,rs-000555-4bxrd,37548932-2cb6-4748-ad0f-4bad9f37e58c,1,3787.495895
2026/01/26/21:16:49,running-time,rs-000555-4bxrd,37548932-2cb6-4748-ad0f-4bad9f37e58c,1,3787.495895
2026/01/26/21:16:49,apply-time,rs-000555-kt2bg,d37b016a-4c28-405b-bb40-66183ed79eb3,1,3787.495895
2026/01/26/21:16:49,running-time,rs-000555-kt2bg,d37b016a-4c28-405b-bb40-66183ed79eb3,1,3787.495895
2026/01/26/21:16:49,apply-time,rs-000556-nzr5x,08578250-5293-4e32-b157-9628cf0b2335,1,3787.495895
2026/01/26/21:16:49,running-time,rs-000556-nzr5x,08578250-5293-4e32-b157-9628cf0b2335,1,3787.495895
2026/01/26/21:16:49,apply-time,rs-000557-dxk2v,33df443b-fe30-466c-9217-e7021562af9e,1,3787.495895
2026/01/26/21:16:49,running-time,rs-000557-dxk2v,33df443b-fe30-466c-9217-e7021562af9e,1,3787.495895
2026/01/26/21:16:49,apply-time,rs-000557-jrzg9,be970e42-e572-4c9f-96a5-dde192c0d183,1,3787.495895
2026/01/26/21:16:49,running-time,rs-000557-jrzg9,be970e42-e572-4c9f-96a5-dde192c0d183,1,3787.495895
2026/01/26/21:16:49,apply-time,rs-000557-s5wct,860115eb-b1bc-492e-878e-d0a6afd031df,1,3787.495895
2026/01/26/21:16:49,running-time,rs-000557-s5wct,860115eb-b1bc-492e-878e-d0a6afd031df,1,3787.495895
2026/01/26/21:16:49,apply-time,rs-000558-d8lh9,f5341bff-5a61-4834-8a0e-0234a9f191a5,1,3787.495895
2026/01/26/21:16:49,running-time,rs-000558-d8lh9,f5341bff-5a61-4834-8a0e-0234a9f191a5,1,3787.495895
2026/01/26/21:16:49,apply-time,rs-000558-htfzn,1b2e4dc8-0b70-4824-99e1-724dc8ca3659,1,3787.495895
2026/01/26/21:16:49,running-time,rs-000558-htfzn,1b2e4dc8-0b70-4824-99e1-724dc8ca3659,1,3787.495895
2026/01/26/21:16:49,apply-time,rs-000558-lkk89,59202946-a632-4f83-be6e-e22112b6961f,1,3787.495895
2026/01/26/21:16:49,running-time,rs-000558-lkk89,59202946-a632-4f83-be6e-e22112b6961f,1,3787.495895
2026/01/26/21:16:49,apply-time,rs-000559-cxfv8,34fd4f69-7cf5-47e2-ac1c-bcbe5d6d0271,1,3788.495895
2026/01/26/21:16:49,running-time,rs-000559-cxfv8,34fd4f69-7cf5-47e2-ac1c-bcbe5d6d0271,1,3788.495895
2026/01/26/21:16:49,apply-time,rs-000559-fncdr,efefde0c-f5c4-466d-b0cb-461f3580a05f,1,3787.495895
2026/01/26/21:16:49,running-time,rs-000559-fncdr,efefde0c-f5c4-466d-b0cb-461f3580a05f,1,3787.495895
2026/01/26/21:16:50,apply-time,rs-000560-htb9t,a86cc698-a477-44a0-a68a-840f6261d98d,1,3788.495895
2026/01/26/21:16:50,running-time,rs-000560-htb9t,a86cc698-a477-44a0-a68a-840f6261d98d,1,3788.495895
2026/01/26/21:16:50,apply-time,rs-000560-xmjdn,d51b586f-803c-46ee-8b19-2296604e0e0a,1,3788.495895
2026/01/26/21:16:50,running-time,rs-000560-xmjdn,d51b586f-803c-46ee-8b19-2296604e0e0a,1,3788.495895
2026/01/26/21:16:50,apply-time,rs-000561-7gkl2,55ff2495-4da2-40ab-827c-9019d368e6a9,1,3788.495895
2026/01/26/21:16:50,apply-time,rs-000561-rl97g,3aa30d69-9806-43a9-a73c-5a2c27d41792,1,3788.495895
2026/01/26/21:16:50,apply-time,rs-000561-zd7gk,292a0ea5-79ef-41b0-8415-81e6bee5f3a8,1,3788.495895
2026/01/26/21:16:50,apply-time,rs-000562-r5bln,131c42f1-eb8c-4db8-80b5-e33bb82f1721,1,3789.495895
2026/01/26/21:16:50,running-time,rs-000562-r5bln,131c42f1-eb8c-4db8-80b5-e33bb82f1721,1,3789.495895
2026/01/26/21:16:50,apply-time,rs-000563-pqk2m,77ed3c45-426a-4450-860d-bccbd7728d0e,1,3789.495895
2026/01/26/21:16:50,running-time,rs-000563-pqk2m,77ed3c45-426a-4450-860d-bccbd7728d0e,1,3789.495895
2026/01/26/21:16:51,apply-time,rs-000564-4v4kz,8d068bbb-5af0-4495-b5c0-8f1ff2ce7cb9,1,3789.495895
2026/01/26/21:16:51,apply-time,rs-000564-99kff,e0fde4ea-d4fb-42e1-9ccc-f7a692748c83,1,3789.495895
2026/01/26/21:16:51,apply-time,rs-000564-fpc2k,9c9f516b-ddb5-4e13-848b-8f888c0665d1,1,3789.495895
2026/01/26/21:16:51,apply-time,rs-000565-8dcgp,4155c29a-507d-4eda-ad78-7ccdf927cb02,1,3789.495895
2026/01/26/21:16:51,running-time,rs-000565-8dcgp,4155c29a-507d-4eda-ad78-7ccdf927cb02,1,3789.495895
2026/01/26/21:16:51,apply-time,rs-000565-djlkp,ad2966cd-550f-41a2-b22f-f4d2c21a632d,1,3789.495895
2026/01/26/21:16:51,running-time,rs-000565-djlkp,ad2966cd-550f-41a2-b22f-f4d2c21a632d,1,3789.495895
2026/01/26/21:16:51,apply-time,rs-000566-c2v8m,f08eeca7-c807-4663-8e5e-28781a698c29,1,3790.495895
2026/01/26/21:16:51,running-time,rs-000566-c2v8m,f08eeca7-c807-4663-8e5e-28781a698c29,1,3790.495895
2026/01/26/21:16:51,apply-time,rs-000566-vnlcp,97805ce4-cfc2-4ac5-bcb7-75cd4bada07c,1,3790.495895
2026/01/26/21:16:51,running-time,rs-000566-vnlcp,97805ce4-cfc2-4ac5-bcb7-75cd4bada07c,1,3790.495895
2026/01/26/21:16:51,apply-time,rs-000566-zjx97,1098aa14-88d2-4082-b4c0-923687ce908c,1,3790.495895
2026/01/26/21:16:52,running-time,rs-000566-zjx97,1098aa14-88d2-4082-b4c0-923687ce908c,1,3790.495895
2026/01/26/21:16:53,running-time,rs-000561-7gkl2,55ff2495-4da2-40ab-827c-9019d368e6a9,1,3791.495895
2026/01/26/21:16:53,running-time,rs-000561-rl97g,3aa30d69-9806-43a9-a73c-5a2c27d41792,1,3791.495895
2026/01/26/21:17:01,apply-time,rs-000567-grf5q,69593f28-b7d7-49fa-b87c-9b923445e33b,1,3799.495895
2026/01/26/21:17:01,apply-time,rs-000567-hrgst,361cb703-87d6-4557-85cb-f14b41f4016e,1,3799.495895
2026/01/26/21:17:01,apply-time,rs-000567-v2s87,acd6110c-cb0a-419b-ac6d-03088d904939,1,3799.495895
2026/01/26/21:17:01,apply-time,rs-000568-frjx4,173f9503-d520-4051-b096-7c77c1a755f1,1,3800.495895
2026/01/26/21:17:01,running-time,rs-000568-frjx4,173f9503-d520-4051-b096-7c77c1a755f1,1,3800.495895
2026/01/26/21:17:01,apply-time,rs-000569-bt6jr,e2b9d53c-3596-409c-a37c-7e5ae0b96f0b,1,3800.495895
2026/01/26/21:17:05,running-time,rs-000561-zd7gk,292a0ea5-79ef-41b0-8415-81e6bee5f3a8,1,3804.495895
2026/01/26/21:17:05,running-time,rs-000569-bt6jr,e2b9d53c-3596-409c-a37c-7e5ae0b96f0b,1,3804.495895
2026/01/26/21:18:51,apply-time,rs-000570-b87t9,d806bd12-c631-425f-8f91-0598bc33afe7,1,3909.495895
2026/01/26/21:18:51,running-time,rs-000570-b87t9,d806bd12-c631-425f-8f91-0598bc33afe7,1,3909.495895
2026/01/26/21:18:51,apply-time,rs-000570-ktthv,b1dacdfa-a082-4699-bf03-abbe1e18461c,1,3909.495895
2026/01/26/21:18:51,running-time,rs-000570-ktthv,b1dacdfa-a082-4699-bf03-abbe1e18461c,1,3909.495895
2026/01/26/21:18:51,apply-time,rs-000570-p8gdm,19f98090-bab7-442c-88c8-c3585fcf9480,1,3909.495895
2026/01/26/21:18:51,running-time,rs-000570-p8gdm,19f98090-bab7-442c-88c8-c3585fcf9480,1,3909.495895
2026/01/26/21:18:51,apply-time,rs-000571-nprsq,18798de2-8951-4525-8974-54d49974f87b,1,3909.495895
2026/01/26/21:18:51,running-time,rs-000571-nprsq,18798de2-8951-4525-8974-54d49974f87b,1,3909.495895
2026/01/26/21:18:52,apply-time,rs-000572-87kct,ab7a5ecd-2ccc-4c9f-8e97-7440ceea32d5,1,3910.495895
2026/01/26/21:18:52,running-time,rs-000572-87kct,ab7a5ecd-2ccc-4c9f-8e97-7440ceea32d5,1,3910.495895
2026/01/26/21:18:52,apply-time,rs-000573-z6hs2,ae01dec9-b694-46b3-a107-1a402eaf8fdd,1,3910.495895
2026/01/26/21:18:52,running-time,rs-000573-z6hs2,ae01dec9-b694-46b3-a107-1a402eaf8fdd,1,3910.495895
2026/01/26/21:18:52,apply-time,rs-000574-5xkl7,47eeb50b-40e3-40f5-8621-15f27963c945,1,3910.495895
2026/01/26/21:18:52,running-time,rs-000574-5xkl7,47eeb50b-40e3-40f5-8621-15f27963c945,1,3910.495895
2026/01/26/21:18:52,apply-time,rs-000574-7hgkj,26762a8b-7fc7-4908-8be9-6f10ca93f095,1,3910.495895
2026/01/26/21:18:52,running-time,rs-000574-7hgkj,26762a8b-7fc7-4908-8be9-6f10ca93f095,1,3910.495895
2026/01/26/21:18:52,apply-time,rs-000575-m2zx8,80a3ef03-d44f-49bd-adb7-c6a48b81842b,1,3910.495895
2026/01/26/21:18:52,running-time,rs-000575-m2zx8,80a3ef03-d44f-49bd-adb7-c6a48b81842b,1,3910.495895
2026/01/26/21:18:59,apply-time,rs-000576-bdz5z,f4c77dca-8d40-4dc8-98cf-62bcf5106386,1,3917.495895
2026/01/26/21:18:59,running-time,rs-000576-bdz5z,f4c77dca-8d40-4dc8-98cf-62bcf5106386,1,3917.495895
2026/01/26/21:18:59,apply-time,rs-000576-k8glv,85f290c4-7b40-4f98-b672-ef3f5e9d198f,1,3917.495895
2026/01/26/21:18:59,running-time,rs-000576-k8glv,85f290c4-7b40-4f98-b672-ef3f5e9d198f,1,3917.495895
2026/01/26/21:18:59,apply-time,rs-000576-wkkk6,cc63573e-a8d7-4f47-a019-8425000fbf98,1,3917.495895
2026/01/26/21:18:59,running-time,rs-000576-wkkk6,cc63573e-a8d7-4f47-a019-8425000fbf98,1,3917.495895
2026/01/26/21:18:59,apply-time,rs-000577-h6t99,32f8918c-f14d-48e6-9652-d32e2952136d,1,3917.495895
2026/01/26/21:18:59,running-time,rs-000577-h6t99,32f8918c-f14d-48e6-9652-d32e2952136d,1,3917.495895
2026/01/26/21:18:59,apply-time,rs-000577-jnq5k,27c94f6c-ebb2-4c7c-b53e-f1c11976d255,1,3917.495895
2026/01/26/21:18:59,apply-time,rs-000578-wllfd,8da495d9-53b8-43fc-aafa-fc19f9bb4981,1,3917.495895
2026/01/26/21:18:59,running-time,rs-000578-wllfd,8da495d9-53b8-43fc-aafa-fc19f9bb4981,1,3917.495895
2026/01/26/21:18:59,apply-time,rs-000579-5547m,76bfb08d-5e8f-4764-be9a-fdda47d1d36d,1,3917.495895
2026/01/26/21:18:59,running-time,rs-000579-5547m,76bfb08d-5e8f-4764-be9a-fdda47d1d36d,1,3917.495895
2026/01/26/21:18:59,apply-time,rs-000580-7mwn4,75e55b7f-048b-4e52-9fea-728378b8f2f0,1,3918.495895
2026/01/26/21:18:59,running-time,rs-000580-7mwn4,75e55b7f-048b-4e52-9fea-728378b8f2f0,1,3918.495895
2026/01/26/21:18:59,apply-time,rs-000580-tmwmr,3df4f95f-4eaf-4f02-8677-a756dd36a1b7,1,3918.495895
2026/01/26/21:18:59,running-time,rs-000580-tmwmr,3df4f95f-4eaf-4f02-8677-a756dd36a1b7,1,3918.495895
2026/01/26/21:18:59,apply-time,rs-000581-2wkl9,bd4ffbed-b214-45c8-acbe-ae194a22e71f,1,3918.495895
2026/01/26/21:18:59,running-time,rs-000581-2wkl9,bd4ffbed-b214-45c8-acbe-ae194a22e71f,1,3918.495895
2026/01/26/21:18:59,apply-time,rs-000582-8f66w,04996aea-40dc-4446-9ff8-450576624005,1,3918.495895
2026/01/26/21:18:59,running-time,rs-000582-8f66w,04996aea-40dc-4446-9ff8-450576624005,1,3918.495895
2026/01/26/21:18:59,apply-time,rs-000582-f5sf2,38b88e09-7de6-417f-9360-c572a0d8f955,1,3918.495895
2026/01/26/21:18:59,running-time,rs-000582-f5sf2,38b88e09-7de6-417f-9360-c572a0d8f955,1,3918.495895
2026/01/26/21:19:00,apply-time,rs-000581-g5pmr,9443f506-cd3c-459f-ac6f-a49c23e83b14,1,3918.495895
2026/01/26/21:19:00,running-time,rs-000581-g5pmr,9443f506-cd3c-459f-ac6f-a49c23e83b14,1,3918.495895
2026/01/26/21:19:01,apply-time,rs-000583-9hw94,18d312a1-d87f-4f0f-bd08-0285e687f7df,1,3919.495895
2026/01/26/21:19:01,running-time,rs-000583-9hw94,18d312a1-d87f-4f0f-bd08-0285e687f7df,1,3919.495895
2026/01/26/21:19:01,apply-time,rs-000584-82v5f,7bceb06e-5b23-4df0-a9c4-60808fe996c4,1,3919.495895
2026/01/26/21:19:01,running-time,rs-000584-82v5f,7bceb06e-5b23-4df0-a9c4-60808fe996c4,1,3919.495895
2026/01/26/21:19:01,apply-time,rs-000584-cg5rj,c0501807-7d18-4c73-a9b1-702698239284,1,3919.495895
2026/01/26/21:19:01,running-time,rs-000584-cg5rj,c0501807-7d18-4c73-a9b1-702698239284,1,3920.495895
2026/01/26/21:19:01,apply-time,rs-000585-ql26j,48449cb0-8e41-4bad-bc18-ab1aeac136a1,1,3919.495895
2026/01/26/21:19:01,running-time,rs-000585-ql26j,48449cb0-8e41-4bad-bc18-ab1aeac136a1,1,3919.495895
2026/01/26/21:19:01,apply-time,rs-000586-9jkj7,ffddf175-8045-49a2-ac31-2227bfc5e313,1,3919.495895
2026/01/26/21:19:01,running-time,rs-000586-9jkj7,ffddf175-8045-49a2-ac31-2227bfc5e313,1,3919.495895
2026/01/26/21:19:03,apply-time,rs-000587-gc4gs,d31e8e0d-1a81-42c9-8da6-96054112d99c,1,3921.495895
2026/01/26/21:19:03,running-time,rs-000587-gc4gs,d31e8e0d-1a81-42c9-8da6-96054112d99c,1,3921.495895
2026/01/26/21:19:03,apply-time,rs-000587-kzwp4,35d3ff45-4d89-4f54-858d-6ca8e3483cc2,1,3921.495895
2026/01/26/21:19:03,running-time,rs-000587-kzwp4,35d3ff45-4d89-4f54-858d-6ca8e3483cc2,1,3921.495895
2026/01/26/21:19:09,running-time,rs-000577-jnq5k,27c94f6c-ebb2-4c7c-b53e-f1c11976d255,1,3927.495895
2026/01/26/21:20:34,apply-time,rs-000588-6zvdq,13bd337e-4a35-4e25-80ad-0fbb066c7973,1,4012.495895
2026/01/26/21:20:34,running-time,rs-000588-6zvdq,13bd337e-4a35-4e25-80ad-0fbb066c7973,1,4012.495895
2026/01/26/21:20:34,apply-time,rs-000588-msnk9,7a615f59-09df-4723-9e34-e36b29ba75e4,1,4012.495895
2026/01/26/21:20:34,running-time,rs-000588-msnk9,7a615f59-09df-4723-9e34-e36b29ba75e4,1,4012.495895
2026/01/26/21:20:34,apply-time,rs-000589-hwjzv,e8bea8c7-2a53-4082-87c1-97a204d57306,1,4012.495895
2026/01/26/21:20:34,running-time,rs-000589-hwjzv,e8bea8c7-2a53-4082-87c1-97a204d57306,1,4012.495895
2026/01/26/21:20:34,apply-time,rs-000590-zp5bt,33e6d5da-5733-46d0-b705-8df1d3c2a8ad,1,4012.495895
2026/01/26/21:20:34,running-time,rs-000590-zp5bt,33e6d5da-5733-46d0-b705-8df1d3c2a8ad,1,4012.495895
2026/01/26/21:20:34,apply-time,rs-000591-5z8pf,a73939cc-3e4f-45f9-9347-3746c800bbe2,1,4012.495895
2026/01/26/21:20:34,running-time,rs-000591-5z8pf,a73939cc-3e4f-45f9-9347-3746c800bbe2,1,4012.495895
2026/01/26/21:20:34,apply-time,rs-000591-kfn2h,5d8c4b1e-d657-4189-9cac-8e4f4e9718c5,1,4012.495895
2026/01/26/21:20:34,running-time,rs-000591-kfn2h,5d8c4b1e-d657-4189-9cac-8e4f4e9718c5,1,4012.495895
2026/01/26/21:20:34,apply-time,rs-000592-gtr6q,27b95b48-4777-464d-aa1e-331308ace7a0,1,4013.495895
2026/01/26/21:20:34,running-time,rs-000592-gtr6q,27b95b48-4777-464d-aa1e-331308ace7a0,1,4013.495895
2026/01/26/21:20:34,apply-time,rs-000592-pm6m2,19ecff2d-2ce0-43f4-85aa-d3b65b086990,1,4013.495895
2026/01/26/21:20:34,running-time,rs-000592-pm6m2,19ecff2d-2ce0-43f4-85aa-d3b65b086990,1,4013.495895
2026/01/26/21:20:34,apply-time,rs-000593-f4m6d,c47a6264-47bf-4475-8184-3ca4c9132932,1,4013.495895
2026/01/26/21:20:34,running-time,rs-000593-f4m6d,c47a6264-47bf-4475-8184-3ca4c9132932,1,4013.495895
2026/01/26/21:20:34,apply-time,rs-000595-wjfrx,9e0f8016-a2e0-405e-b006-52d256703639,1,4013.495895
2026/01/26/21:20:34,running-time,rs-000595-wjfrx,9e0f8016-a2e0-405e-b006-52d256703639,1,4013.495895
2026/01/26/21:20:34,apply-time,rs-000596-dpgcx,1847b897-3759-461d-aa4f-e1eea320ad9b,1,4013.495895
2026/01/26/21:20:34,running-time,rs-000596-dpgcx,1847b897-3759-461d-aa4f-e1eea320ad9b,1,4013.495895
2026/01/26/21:20:35,apply-time,rs-000592-nkfcn,ce167ace-7ffd-438e-a3ef-1d0ae1c46b18,1,4013.495895
2026/01/26/21:20:35,running-time,rs-000592-nkfcn,ce167ace-7ffd-438e-a3ef-1d0ae1c46b18,1,4013.495895
2026/01/26/21:20:35,apply-time,rs-000594-g5lxr,255862e4-04c4-46fa-bff9-d9e272a5865f,1,4013.495895
2026/01/26/21:20:35,apply-time,rs-000594-ggtzl,762c82da-2086-481a-8ca7-64f415ea2745,1,4013.495895
2026/01/26/21:20:35,running-time,rs-000594-ggtzl,762c82da-2086-481a-8ca7-64f415ea2745,1,4013.495895
2026/01/26/21:20:35,apply-time,rs-000595-ngprc,9f21f959-e6a6-4265-b5f4-d5ac3ef27d86,1,4013.495895
2026/01/26/21:20:35,running-time,rs-000595-ngprc,9f21f959-e6a6-4265-b5f4-d5ac3ef27d86,1,4013.495895
2026/01/26/21:20:37,running-time,rs-000594-g5lxr,255862e4-04c4-46fa-bff9-d9e272a5865f,1,4015.495895
2026/01/26/21:20:48,apply-time,rs-000597-dwg6s,866d075a-c9b1-4990-b98c-102f0e735380,1,4027.495895
2026/01/26/21:20:48,apply-time,rs-000597-hn62p,9402175d-8353-4393-a88c-117232684d31,1,4027.495895
2026/01/26/21:20:48,apply-time,rs-000597-j62nb,3970161d-f0c2-4844-a547-2055ef886488,1,4027.495895
2026/01/26/21:20:48,apply-time,rs-000598-bngts,1baa5fe7-be06-44c5-ac2f-8306326287a4,1,4027.495895
2026/01/26/21:20:48,running-time,rs-000598-bngts,1baa5fe7-be06-44c5-ac2f-8306326287a4,1,4027.495895
2026/01/26/21:21:07,apply-time,rs-000599-nhz9c,cd99cc1d-ea0f-40de-8e14-d419d031a453,1,4045.495895
2026/01/26/21:21:07,running-time,rs-000599-nhz9c,cd99cc1d-ea0f-40de-8e14-d419d031a453,1,4045.495895
2026/01/26/21:21:07,apply-time,rs-000599-qgbdf,df497cc5-79cd-48ce-a036-474456dc8f8d,1,4045.495895
2026/01/26/21:21:07,running-time,rs-000599-qgbdf,df497cc5-79cd-48ce-a036-474456dc8f8d,1,4045.495895
2026/01/26/21:21:07,apply-time,rs-000599-w4vwx,8eab0ed4-bd02-4d3e-86bb-bed347844efd,1,4045.495895
2026/01/26/21:21:07,running-time,rs-000599-w4vwx,8eab0ed4-bd02-4d3e-86bb-bed347844efd,1,4045.495895
2026/01/26/21:22:50,apply-time,rs-000600-8vlkp,97bba253-2bd3-494a-b1bf-0876149d8c95,1,4148.495895
2026/01/26/21:22:50,running-time,rs-000600-8vlkp,97bba253-2bd3-494a-b1bf-0876149d8c95,1,4148.495895
2026/01/26/21:22:50,apply-time,rs-000600-jc6p9,f158d0e1-a8b2-428d-a937-0254bbe990e3,1,4148.495895
2026/01/26/21:22:50,running-time,rs-000600-jc6p9,f158d0e1-a8b2-428d-a937-0254bbe990e3,1,4148.495895
2026/01/26/21:22:57,apply-time,rs-000601-khxlm,93173250-bcaf-4833-8b97-37f780a13c97,1,4156.495895
2026/01/26/21:22:57,running-time,rs-000601-khxlm,93173250-bcaf-4833-8b97-37f780a13c97,1,4156.495895
2026/01/26/21:22:57,apply-time,rs-000601-tz6rj,0f1c6ead-387a-4e99-8e66-aae59aba4181,1,4156.495895
2026/01/26/21:22:57,running-time,rs-000601-tz6rj,0f1c6ead-387a-4e99-8e66-aae59aba4181,1,4156.495895
2026/01/26/21:22:57,apply-time,rs-000601-z858x,16c387f3-a349-4334-805e-a72852686667,1,4156.495895
2026/01/26/21:22:57,running-time,rs-000601-z858x,16c387f3-a349-4334-805e-a72852686667,1,4156.495895
2026/01/26/21:23:26,apply-time,rs-000602-4mwk5,4639485d-c58a-4e87-a917-03c79f770783,1,4185.495895
2026/01/26/21:23:26,running-time,rs-000602-4mwk5,4639485d-c58a-4e87-a917-03c79f770783,1,4185.495895
2026/01/26/21:23:26,apply-time,rs-000602-94c42,5461dc2b-a7cb-4d34-a238-c929a8773a96,1,4185.495895
2026/01/26/21:23:26,running-time,rs-000602-94c42,5461dc2b-a7cb-4d34-a238-c929a8773a96,1,4185.495895
2026/01/26/21:23:26,apply-time,rs-000603-6htd9,cb530cd8-5f7e-49dd-8838-cc3942571202,1,4185.495895
2026/01/26/21:23:26,running-time,rs-000603-6htd9,cb530cd8-5f7e-49dd-8838-cc3942571202,1,4185.495895
2026/01/26/21:23:26,apply-time,rs-000603-kcxg9,ec1adca4-b677-40ba-89f7-5bdebc5e32b2,1,4185.495895
2026/01/26/21:23:26,running-time,rs-000603-kcxg9,ec1adca4-b677-40ba-89f7-5bdebc5e32b2,1,4185.495895
2026/01/26/21:23:26,apply-time,rs-000604-78psm,ff12b8ee-0486-46f5-b7b5-0d036decea2f,1,4185.495895
2026/01/26/21:23:26,running-time,rs-000604-78psm,ff12b8ee-0486-46f5-b7b5-0d036decea2f,1,4185.495895
2026/01/26/21:23:26,apply-time,rs-000604-hzk6t,47b00b3a-f61a-4851-85f9-79f5a724e01f,1,4185.495895
2026/01/26/21:23:26,running-time,rs-000604-hzk6t,47b00b3a-f61a-4851-85f9-79f5a724e01f,1,4185.495895
2026/01/26/21:25:12,apply-time,rs-000605-92t7c,7c60d2ac-a438-48f5-a57a-e1ca9edd9a04,1,4291.495895
2026/01/26/21:25:12,running-time,rs-000605-92t7c,7c60d2ac-a438-48f5-a57a-e1ca9edd9a04,1,4291.495895
2026/01/26/21:25:46,apply-time,rs-000606-9dvj7,e116a3ef-404d-4eea-9774-c43391566039,1,4325.495895
2026/01/26/21:25:46,running-time,rs-000606-9dvj7,e116a3ef-404d-4eea-9774-c43391566039,1,4325.495895
2026/01/26/21:25:47,apply-time,rs-000607-6tw2h,87841db6-6b53-405f-9f18-72ddc2aabcf8,1,4326.495895
2026/01/26/21:25:47,running-time,rs-000607-6tw2h,87841db6-6b53-405f-9f18-72ddc2aabcf8,1,4326.495895
2026/01/26/21:25:47,apply-time,rs-000607-g6dvv,e264f08f-ef8f-4cf8-9a7c-79f66877f515,1,4326.495895
2026/01/26/21:25:47,running-time,rs-000607-g6dvv,e264f08f-ef8f-4cf8-9a7c-79f66877f515,1,4326.495895
2026/01/26/21:25:47,apply-time,rs-000607-pn8t7,f55df6a3-f7cb-4969-bc4a-ca77f9d6d7f0,1,4326.495895
2026/01/26/21:25:47,running-time,rs-000607-pn8t7,f55df6a3-f7cb-4969-bc4a-ca77f9d6d7f0,1,4326.495895
2026/01/26/21:25:47,apply-time,rs-000608-bp7mm,e635a78b-8c40-4ee6-bf4c-97913a40cb4a,1,4326.495895
2026/01/26/21:25:47,running-time,rs-000608-bp7mm,e635a78b-8c40-4ee6-bf4c-97913a40cb4a,1,4326.495895
2026/01/26/21:26:02,apply-time,rs-000609-ssf89,71eba53f-b27e-415d-b050-709942358474,1,4340.495895
2026/01/26/21:26:02,running-time,rs-000609-ssf89,71eba53f-b27e-415d-b050-709942358474,1,4340.495895
2026/01/26/21:26:02,apply-time,rs-000610-fphvk,42a62c35-9d08-48c9-bc38-236b0e796f2a,1,4340.495895
2026/01/26/21:26:02,running-time,rs-000610-fphvk,42a62c35-9d08-48c9-bc38-236b0e796f2a,1,4340.495895
2026/01/26/21:26:02,apply-time,rs-000610-x2jxd,5f117d7b-e5c3-4064-a324-9868a7ec9e5b,1,4340.495895
2026/01/26/21:26:02,running-time,rs-000610-x2jxd,5f117d7b-e5c3-4064-a324-9868a7ec9e5b,1,4340.495895
2026/01/26/21:26:02,apply-time,rs-000611-4mqt4,32d922c8-2aa9-4326-8517-344b3a30e739,1,4340.495895
2026/01/26/21:26:02,running-time,rs-000611-4mqt4,32d922c8-2aa9-4326-8517-344b3a30e739,1,4340.495895
2026/01/26/21:26:02,apply-time,rs-000611-69nmc,d54faef1-5ea8-4791-bb56-63d14a0e95dd,1,4340.495895
2026/01/26/21:26:02,running-time,rs-000611-69nmc,d54faef1-5ea8-4791-bb56-63d14a0e95dd,1,4340.495895
2026/01/26/21:26:02,apply-time,rs-000611-98zpf,95e921fa-30d0-40ad-8e21-ed2b0aa1cf31,1,4340.495895
2026/01/26/21:26:02,running-time,rs-000611-98zpf,95e921fa-30d0-40ad-8e21-ed2b0aa1cf31,1,4340.495895
2026/01/26/21:26:09,apply-time,rs-000612-pld4b,31a11072-48aa-4449-80bc-953bb2687b5f,1,4347.495895
2026/01/26/21:26:09,running-time,rs-000612-pld4b,31a11072-48aa-4449-80bc-953bb2687b5f,1,4347.495895
2026/01/26/21:26:09,apply-time,rs-000612-qnlgk,f089086b-76f5-4e1e-ba4c-07a52e4fdd10,1,4347.495895
2026/01/26/21:26:09,running-time,rs-000612-qnlgk,f089086b-76f5-4e1e-ba4c-07a52e4fdd10,1,4347.495895
2026/01/26/21:26:09,apply-time,rs-000613-6d8zz,fbf63a17-17c4-4b29-8aa0-0fb14ff3da05,1,4347.495895
2026/01/26/21:26:09,running-time,rs-000613-6d8zz,fbf63a17-17c4-4b29-8aa0-0fb14ff3da05,1,4347.495895
2026/01/26/21:26:09,apply-time,rs-000613-vqsvr,1d792562-d2d2-439f-a380-5f8b5565e88d,1,4347.495895
2026/01/26/21:26:09,running-time,rs-000613-vqsvr,1d792562-d2d2-439f-a380-5f8b5565e88d,1,4347.495895
2026/01/26/21:26:25,apply-time,rs-000614-5xjjt,29f909fe-708f-40b1-85d7-2d732d698cc8,1,4364.495895
2026/01/26/21:26:25,running-time,rs-000614-5xjjt,29f909fe-708f-40b1-85d7-2d732d698cc8,1,4364.495895
2026/01/26/21:26:25,apply-time,rs-000614-w758q,8009956e-369d-4b93-a31b-fdf74d7b3367,1,4364.495895
2026/01/26/21:26:25,running-time,rs-000614-w758q,8009956e-369d-4b93-a31b-fdf74d7b3367,1,4364.495895
2026/01/26/21:26:25,apply-time,rs-000615-l5sjp,74e2c31f-8b35-4126-b32b-f0dcb05175ea,1,4364.495895
2026/01/26/21:26:25,apply-time,rs-000615-t76f4,206a8ace-2e26-46ce-8b38-ec8be33c5d51,1,4364.495895
2026/01/26/21:26:36,apply-time,rs-000616-p7zpj,5c4958f8-ffe6-46ca-b991-b2edee320347,1,4375.495895
2026/01/26/21:26:36,running-time,rs-000616-p7zpj,5c4958f8-ffe6-46ca-b991-b2edee320347,1,4375.495895
2026/01/26/21:27:23,apply-time,rs-000617-6glxg,2f78440a-4999-4350-b36d-ad999d2eff76,1,4421.495895
2026/01/26/21:27:23,running-time,rs-000617-6glxg,2f78440a-4999-4350-b36d-ad999d2eff76,1,4421.495895
2026/01/26/21:27:23,apply-time,rs-000618-77jhx,5fc840cf-789f-4da8-ac23-50aeb0e3f4a2,1,4421.495895
2026/01/26/21:27:23,running-time,rs-000618-77jhx,5fc840cf-789f-4da8-ac23-50aeb0e3f4a2,1,4421.495895
2026/01/26/21:27:23,apply-time,rs-000618-j8dk7,b8e38f96-452f-4fc3-b7fc-9643637fd266,1,4421.495895
2026/01/26/21:27:23,running-time,rs-000618-j8dk7,b8e38f96-452f-4fc3-b7fc-9643637fd266,1,4421.495895
2026/01/26/21:27:23,apply-time,rs-000619-888w8,c3ece3b2-4cf7-4c3a-9dd3-c40661bd5288,1,4421.495895
2026/01/26/21:27:23,running-time,rs-000619-888w8,c3ece3b2-4cf7-4c3a-9dd3-c40661bd5288,1,4421.495895
2026/01/26/21:27:23,apply-time,rs-000619-wnrh7,2a5d255d-c902-4cf4-85fe-30a3fea9b587,1,4421.495895
2026/01/26/21:27:23,running-time,rs-000619-wnrh7,2a5d255d-c902-4cf4-85fe-30a3fea9b587,1,4421.495895
2026/01/26/21:27:26,apply-time,rs-000620-2v6jw,b14a04c5-0a65-4c85-a49c-b002c422327a,1,4424.495895
2026/01/26/21:27:26,running-time,rs-000620-2v6jw,b14a04c5-0a65-4c85-a49c-b002c422327a,1,4424.495895
2026/01/26/21:27:26,apply-time,rs-000620-c4dmf,2f77a402-c301-4b1f-ba1d-5f7459478a1c,1,4424.495895
2026/01/26/21:27:26,running-time,rs-000620-c4dmf,2f77a402-c301-4b1f-ba1d-5f7459478a1c,1,4424.495895
2026/01/26/21:27:26,apply-time,rs-000620-q54v8,dc2e244b-568c-47d1-af83-12d795f3cb2b,1,4424.495895
2026/01/26/21:27:26,running-time,rs-000620-q54v8,dc2e244b-568c-47d1-af83-12d795f3cb2b,1,4424.495895
2026/01/26/21:27:27,apply-time,rs-000621-g47dm,0bca0926-4bb3-419e-9fad-c19f60204ba0,1,4425.495895
2026/01/26/21:27:27,running-time,rs-000621-g47dm,0bca0926-4bb3-419e-9fad-c19f60204ba0,1,4425.495895
2026/01/26/21:27:27,apply-time,rs-000621-rd6qg,eaa1d676-e347-4c6d-8cc5-4b3e54bc1bc8,1,4425.495895
2026/01/26/21:27:27,running-time,rs-000621-rd6qg,eaa1d676-e347-4c6d-8cc5-4b3e54bc1bc8,1,4425.495895
2026/01/26/21:27:28,apply-time,rs-000622-5s7cq,c90208a1-e3f3-4c46-9018-e91e1f2f0a4c,1,4427.495895
2026/01/26/21:27:28,running-time,rs-000622-5s7cq,c90208a1-e3f3-4c46-9018-e91e1f2f0a4c,1,4427.495895
2026/01/26/21:27:28,apply-time,rs-000623-zt6t4,5f99232f-5c61-4d7e-ae7d-5743dbf807c7,1,4427.495895
2026/01/26/21:27:28,running-time,rs-000623-zt6t4,5f99232f-5c61-4d7e-ae7d-5743dbf807c7,1,4427.495895
2026/01/26/21:27:29,apply-time,rs-000624-c2968,ab4e23f6-06eb-454c-b16e-b8ad0666d412,1,4427.495895
2026/01/26/21:27:29,running-time,rs-000624-c2968,ab4e23f6-06eb-454c-b16e-b8ad0666d412,1,4427.495895
2026/01/26/21:27:29,apply-time,rs-000625-bzdgb,6a85cbfd-e3af-4ac9-b9b0-0b549ceb9079,1,4427.495895
2026/01/26/21:27:29,running-time,rs-000625-bzdgb,6a85cbfd-e3af-4ac9-b9b0-0b549ceb9079,1,4427.495895
2026/01/26/21:27:41,apply-time,rs-000626-bpkxl,9dc87636-d760-4ab9-a9bc-437537733a56,1,4439.495895
2026/01/26/21:27:41,apply-time,rs-000626-dsg6s,aae5bb24-5f32-4593-98d9-5baa2428e1d4,1,4439.495895
2026/01/26/21:28:20,apply-time,rs-000627-99j4f,f138cfd4-4996-4f05-a047-b020fab46cdc,1,4478.495895
2026/01/26/21:28:20,running-time,rs-000627-99j4f,f138cfd4-4996-4f05-a047-b020fab46cdc,1,4478.495895
2026/01/26/21:28:53,apply-time,rs-000628-2vvpn,7c6e7d84-8399-4825-b8ba-5f86106d9c6f,1,4512.495895
2026/01/26/21:28:53,running-time,rs-000628-2vvpn,7c6e7d84-8399-4825-b8ba-5f86106d9c6f,1,4512.495895
2026/01/26/21:28:53,apply-time,rs-000628-jvtv4,d2d3492d-b890-436a-9579-a52d231f78a5,1,4512.495895
2026/01/26/21:28:53,running-time,rs-000628-jvtv4,d2d3492d-b890-436a-9579-a52d231f78a5,1,4512.495895
2026/01/26/21:28:53,apply-time,rs-000628-qbb55,1cbc997a-71dc-4f5b-8086-824adcec6245,1,4512.495895
2026/01/26/21:28:53,running-time,rs-000628-qbb55,1cbc997a-71dc-4f5b-8086-824adcec6245,1,4512.495895
2026/01/26/21:28:53,apply-time,rs-000629-2lsh9,0abca702-57b0-424c-ac72-e0d63a60730a,1,4512.495895
2026/01/26/21:28:53,running-time,rs-000629-2lsh9,0abca702-57b0-424c-ac72-e0d63a60730a,1,4512.495895
2026/01/26/21:28:53,apply-time,rs-000629-l9lfq,72ea8379-1c43-4225-b077-fd59f8a3022b,1,4512.495895
2026/01/26/21:28:53,running-time,rs-000629-l9lfq,72ea8379-1c43-4225-b077-fd59f8a3022b,1,4512.495895
2026/01/26/21:28:53,apply-time,rs-000629-nv968,a5e0f641-429b-4384-9ecc-6c48e671f7fd,1,4512.495895
2026/01/26/21:28:53,running-time,rs-000629-nv968,a5e0f641-429b-4384-9ecc-6c48e671f7fd,1,4512.495895
2026/01/26/21:28:53,apply-time,rs-000630-frk22,731f19c3-ccf4-47f7-a688-dce57ac7c289,1,4512.495895
2026/01/26/21:28:53,running-time,rs-000630-frk22,731f19c3-ccf4-47f7-a688-dce57ac7c289,1,4512.495895
2026/01/26/21:28:57,apply-time,rs-000631-79vp2,9a0a83f4-e6eb-4e51-a520-29a1312d6337,1,4516.495895
2026/01/26/21:28:57,running-time,rs-000631-79vp2,9a0a83f4-e6eb-4e51-a520-29a1312d6337,1,4516.495895
2026/01/26/21:28:57,apply-time,rs-000631-9r5kq,35304090-1abd-46d1-99f9-067d7e1d7764,1,4516.495895
2026/01/26/21:28:57,running-time,rs-000631-9r5kq,35304090-1abd-46d1-99f9-067d7e1d7764,1,4516.495895
2026/01/26/21:28:57,apply-time,rs-000631-qjbl9,68935ce5-fddb-4f1d-8221-8e90368a30e4,1,4516.495895
2026/01/26/21:28:57,running-time,rs-000631-qjbl9,68935ce5-fddb-4f1d-8221-8e90368a30e4,1,4516.495895
2026/01/26/21:28:57,apply-time,rs-000632-f8456,4905980f-8810-43c5-a4d4-131dc49f234e,1,4516.495895
2026/01/26/21:28:57,apply-time,rs-000632-v7rc6,1e88a9ef-4ac1-4767-8b7a-d1a7599e7989,1,4516.495895
2026/01/26/21:28:57,apply-time,rs-000633-p9xsc,6e13bab4-48fa-43b5-b090-77076e9d4d98,1,4516.495895
2026/01/26/21:28:58,running-time,rs-000632-f8456,4905980f-8810-43c5-a4d4-131dc49f234e,1,4516.495895
2026/01/26/21:28:58,running-time,rs-000632-v7rc6,1e88a9ef-4ac1-4767-8b7a-d1a7599e7989,1,4516.495895
2026/01/26/21:28:58,running-time,rs-000633-p9xsc,6e13bab4-48fa-43b5-b090-77076e9d4d98,1,4516.495895
2026/01/26/21:28:58,apply-time,rs-000634-xzsxq,b993ce20-609b-44f8-abb2-38ee128d5ac3,1,4517.495895
2026/01/26/21:28:58,running-time,rs-000634-xzsxq,b993ce20-609b-44f8-abb2-38ee128d5ac3,1,4517.495895
2026/01/26/21:28:58,apply-time,rs-000634-zkm5c,864799cf-c6f3-4b96-b589-a0d1d86aed53,1,4517.495895
2026/01/26/21:28:58,running-time,rs-000634-zkm5c,864799cf-c6f3-4b96-b589-a0d1d86aed53,1,4517.495895
2026/01/26/21:28:58,apply-time,rs-000635-8dn2c,fc1e5d82-2944-4bf5-8d12-fcb9dc2be0db,1,4517.495895
2026/01/26/21:28:58,apply-time,rs-000635-nv5tm,92823278-e94c-4bda-8534-a76ee9284572,1,4517.495895
2026/01/26/21:28:58,running-time,rs-000635-nv5tm,92823278-e94c-4bda-8534-a76ee9284572,1,4517.495895
2026/01/26/21:28:58,apply-time,rs-000636-66vpj,b29a019f-2829-4be8-9005-0bfa2b60f780,1,4517.495895
2026/01/26/21:28:58,running-time,rs-000636-66vpj,b29a019f-2829-4be8-9005-0bfa2b60f780,1,4517.495895
2026/01/26/21:28:58,apply-time,rs-000636-x8wdm,39d7d928-5163-45bb-8c4d-40aed2ed5a4e,1,4517.495895
2026/01/26/21:28:58,running-time,rs-000636-x8wdm,39d7d928-5163-45bb-8c4d-40aed2ed5a4e,1,4517.495895
2026/01/26/21:28:58,apply-time,rs-000637-6rwxn,6a8fc637-b61d-40f1-a221-1d3cdbbd26a5,1,4517.495895
2026/01/26/21:28:58,apply-time,rs-000637-rtsk8,19c8eeac-2f3f-4452-98f9-ad0c9236d8a8,1,4517.495895
2026/01/26/21:28:59,apply-time,rs-000638-gqv46,6ddbd711-6ae7-4601-b2d4-9f78acfbd716,1,4518.495895
2026/01/26/21:28:59,apply-time,rs-000638-jvnqr,bb86c2d2-2289-4a15-80ba-f2e67c28da54,1,4517.495895
2026/01/26/21:28:59,running-time,rs-000638-jvnqr,bb86c2d2-2289-4a15-80ba-f2e67c28da54,1,4517.495895
2026/01/26/21:28:59,apply-time,rs-000638-rs6pd,574adb1c-61e7-4141-91fa-f820f5bf2713,1,4518.495895
2026/01/26/21:28:59,apply-time,rs-000639-r255j,757fb05c-a271-4ca0-ae74-6e7b95fac956,1,4518.495895
2026/01/26/21:28:59,apply-time,rs-000639-rtlss,95fac768-ad68-45d9-8258-7925fb4bbbf0,1,4517.495895
2026/01/26/21:28:59,apply-time,rs-000640-l726s,c6c325f4-cf7e-40b4-92be-795a13aad278,1,4517.495895
2026/01/26/21:28:59,running-time,rs-000640-l726s,c6c325f4-cf7e-40b4-92be-795a13aad278,1,4518.495895
2026/01/26/21:28:59,apply-time,rs-000640-r2hmt,2f1f317d-388c-4db8-a027-3060d6b7c6a2,1,4518.495895
2026/01/26/21:28:59,running-time,rs-000640-r2hmt,2f1f317d-388c-4db8-a027-3060d6b7c6a2,1,4518.495895
2026/01/26/21:28:59,apply-time,rs-000641-6952l,a848efb7-cc4e-4557-9dc6-79a3992ea8e4,1,4518.495895
2026/01/26/21:28:59,running-time,rs-000641-6952l,a848efb7-cc4e-4557-9dc6-79a3992ea8e4,1,4518.495895
2026/01/26/21:29:02,running-time,rs-000639-rtlss,95fac768-ad68-45d9-8258-7925fb4bbbf0,1,4520.495895
2026/01/26/21:29:04,running-time,rs-000638-gqv46,6ddbd711-6ae7-4601-b2d4-9f78acfbd716,1,4522.495895
2026/01/26/21:29:05,running-time,rs-000638-rs6pd,574adb1c-61e7-4141-91fa-f820f5bf2713,1,4523.495895
2026/01/26/21:29:05,apply-time,rs-000642-d6v9t,6420c084-d841-4f8d-ab96-2af1a20e7d6f,1,4523.495895
2026/01/26/21:29:05,running-time,rs-000642-d6v9t,6420c084-d841-4f8d-ab96-2af1a20e7d6f,1,4523.495895
2026/01/26/21:29:05,apply-time,rs-000642-klkfw,29be854c-129d-4bbd-bce6-5bc0e6cb6cb0,1,4523.495895
2026/01/26/21:29:05,running-time,rs-000642-klkfw,29be854c-129d-4bbd-bce6-5bc0e6cb6cb0,1,4523.495895
2026/01/26/21:29:05,apply-time,rs-000642-x5757,4a378262-9ce9-48f2-acb9-4ef6a8b79ee3,1,4523.495895
2026/01/26/21:29:05,running-time,rs-000642-x5757,4a378262-9ce9-48f2-acb9-4ef6a8b79ee3,1,4523.495895
2026/01/26/21:29:05,apply-time,rs-000643-p2vx5,a01daa4c-97ee-4c4e-a6ad-d716ffa8d399,1,4523.495895
2026/01/26/21:29:05,running-time,rs-000643-p2vx5,a01daa4c-97ee-4c4e-a6ad-d716ffa8d399,1,4524.495895
2026/01/26/21:29:05,apply-time,rs-000644-54xbh,a44a969b-d7f0-4899-a3fb-9a561d988276,1,4523.495895
2026/01/26/21:29:05,running-time,rs-000644-54xbh,a44a969b-d7f0-4899-a3fb-9a561d988276,1,4523.495895
2026/01/26/21:29:05,apply-time,rs-000644-ndpp8,0b665ebe-3064-4c48-b310-92475774bbc3,1,4523.495895
2026/01/26/21:29:05,running-time,rs-000644-ndpp8,0b665ebe-3064-4c48-b310-92475774bbc3,1,4523.495895
2026/01/26/21:29:05,apply-time,rs-000645-gq57c,656c51a5-571c-48a7-a999-b013c33c2c84,1,4523.495895
2026/01/26/21:29:05,apply-time,rs-000646-62d2f,c65f32f3-a080-46c1-8479-a0a154af628b,1,4523.495895
2026/01/26/21:29:05,running-time,rs-000646-62d2f,c65f32f3-a080-46c1-8479-a0a154af628b,1,4523.495895
2026/01/26/21:29:05,apply-time,rs-000647-52gwn,996d3a2b-5331-4e1c-a043-a47d45580bfe,1,4524.495895
2026/01/26/21:29:05,running-time,rs-000647-52gwn,996d3a2b-5331-4e1c-a043-a47d45580bfe,1,4524.495895
2026/01/26/21:29:05,apply-time,rs-000647-bcjw7,768f9a5f-e4b2-4dce-a6d0-0df5267ecf86,1,4524.495895
2026/01/26/21:29:05,running-time,rs-000647-bcjw7,768f9a5f-e4b2-4dce-a6d0-0df5267ecf86,1,4524.495895
2026/01/26/21:29:05,apply-time,rs-000647-jnbt7,552862e9-b3f9-42b4-849d-1ed405eec629,1,4524.495895
2026/01/26/21:29:05,running-time,rs-000647-jnbt7,552862e9-b3f9-42b4-849d-1ed405eec629,1,4524.495895
2026/01/26/21:29:05,apply-time,rs-000648-h4q6p,0684ca02-1bbd-40fc-995e-5efcb82eea8a,1,4524.495895
2026/01/26/21:29:05,running-time,rs-000648-h4q6p,0684ca02-1bbd-40fc-995e-5efcb82eea8a,1,4524.495895
2026/01/26/21:29:06,apply-time,rs-000648-lrpp6,a66331a6-be12-4f60-847e-1dfee53fce71,1,4524.495895
2026/01/26/21:29:06,running-time,rs-000648-lrpp6,a66331a6-be12-4f60-847e-1dfee53fce71,1,4524.495895
2026/01/26/21:29:06,apply-time,rs-000649-5jrx7,7b3e7909-e38a-4785-9983-9248cc6cfcaf,1,4524.495895
2026/01/26/21:29:06,apply-time,rs-000649-bmzpz,82c82bc2-a8b7-49d0-8bf4-57ef1e995a98,1,4524.495895
2026/01/26/21:29:06,apply-time,rs-000650-c9q6k,bf3a7739-a598-418c-a0f0-bffb35127bdf,1,4524.495895
2026/01/26/21:29:06,running-time,rs-000650-c9q6k,bf3a7739-a598-418c-a0f0-bffb35127bdf,1,4524.495895
2026/01/26/21:29:32,apply-time,rs-000651-lntvl,f7dc5f79-1cb1-40e7-9d96-9e048b0e7239,1,4550.495895
2026/01/26/21:29:32,running-time,rs-000651-lntvl,f7dc5f79-1cb1-40e7-9d96-9e048b0e7239,1,4550.495895
2026/01/26/21:30:23,apply-time,rs-000652-dsdgv,9bf6b916-e718-48c0-a4b3-9e064c92b56b,1,4602.495895
2026/01/26/21:30:23,running-time,rs-000652-dsdgv,9bf6b916-e718-48c0-a4b3-9e064c92b56b,1,4602.495895
2026/01/26/21:30:23,apply-time,rs-000653-lkfsq,fac2f481-dcb9-4c2f-adfa-a77c5b9a4c55,1,4602.495895
2026/01/26/21:30:23,running-time,rs-000653-lkfsq,fac2f481-dcb9-4c2f-adfa-a77c5b9a4c55,1,4602.495895
2026/01/26/21:30:23,apply-time,rs-000654-nkhcj,642cf687-7c26-43a9-83f6-be0886b9e600,1,4602.495895
2026/01/26/21:30:23,apply-time,rs-000654-wtx64,d4e64fc6-62a0-4ba6-88aa-3734d94c291c,1,4602.495895
2026/01/26/21:30:23,apply-time,rs-000655-twxqh,01046a9d-daa1-472c-94ce-7266a9e59441,1,4602.495895
2026/01/26/21:30:23,running-time,rs-000655-twxqh,01046a9d-daa1-472c-94ce-7266a9e59441,1,4602.495895
2026/01/26/21:30:23,apply-time,rs-000655-vtfhn,51fb6e47-3deb-4af2-aeb8-57f3ced116ea,1,4602.495895
2026/01/26/21:30:23,running-time,rs-000655-vtfhn,51fb6e47-3deb-4af2-aeb8-57f3ced116ea,1,4602.495895
2026/01/26/21:30:23,apply-time,rs-000656-ddn6z,7f80c68b-f213-4453-a1a3-ca06248eb1e2,1,4602.495895
2026/01/26/21:30:23,running-time,rs-000656-ddn6z,7f80c68b-f213-4453-a1a3-ca06248eb1e2,1,4602.495895
2026/01/26/21:30:23,apply-time,rs-000656-kw65l,0bf0a861-eb37-4045-bffe-0dfefba47273,1,4602.495895
2026/01/26/21:30:23,running-time,rs-000656-kw65l,0bf0a861-eb37-4045-bffe-0dfefba47273,1,4602.495895
2026/01/26/21:30:23,apply-time,rs-000656-rxmvq,5251eca9-9d18-4546-a904-c8fe959e2120,1,4602.495895
2026/01/26/21:30:23,running-time,rs-000656-rxmvq,5251eca9-9d18-4546-a904-c8fe959e2120,1,4602.495895
2026/01/26/21:30:23,apply-time,rs-000657-pkbbc,d0e9faf9-78e8-4579-b2a4-ab96ac1bd615,1,4602.495895
2026/01/26/21:30:23,running-time,rs-000657-pkbbc,d0e9faf9-78e8-4579-b2a4-ab96ac1bd615,1,4602.495895
2026/01/26/21:30:28,apply-time,rs-000658-nxnjb,4064f40e-a3e1-43b9-853c-811073ec3d44,1,4606.495895
2026/01/26/21:30:28,running-time,rs-000658-nxnjb,4064f40e-a3e1-43b9-853c-811073ec3d44,1,4606.495895
2026/01/26/21:30:28,apply-time,rs-000659-94mw9,4718717b-144b-4385-9b01-adf13169f476,1,4606.495895
2026/01/26/21:30:28,running-time,rs-000659-94mw9,4718717b-144b-4385-9b01-adf13169f476,1,4606.495895
2026/01/26/21:30:28,apply-time,rs-000659-dl6sk,575d7b04-4091-403e-a5f4-77d70ea59071,1,4606.495895
2026/01/26/21:30:28,running-time,rs-000659-dl6sk,575d7b04-4091-403e-a5f4-77d70ea59071,1,4606.495895
2026/01/26/21:30:28,apply-time,rs-000659-hck7p,e3ee8377-263e-4b97-b05c-b029923379df,1,4606.495895
2026/01/26/21:30:28,running-time,rs-000659-hck7p,e3ee8377-263e-4b97-b05c-b029923379df,1,4606.495895
2026/01/26/21:30:28,apply-time,rs-000660-j8qqw,ad212aae-fc25-4342-b1b5-a1cfdb0fbb44,1,4606.495895
2026/01/26/21:30:28,running-time,rs-000660-j8qqw,ad212aae-fc25-4342-b1b5-a1cfdb0fbb44,1,4606.495895
2026/01/26/21:30:28,apply-time,rs-000660-sxt4c,77e4df51-de8d-43bf-8b72-3f300e7188f8,1,4606.495895
2026/01/26/21:30:28,running-time,rs-000660-sxt4c,77e4df51-de8d-43bf-8b72-3f300e7188f8,1,4606.495895
2026/01/26/21:30:28,apply-time,rs-000661-tnsm5,1664b0bd-c239-4c8a-988c-0ad75ad3cd50,1,4606.495895
2026/01/26/21:30:28,running-time,rs-000661-tnsm5,1664b0bd-c239-4c8a-988c-0ad75ad3cd50,1,4606.495895
2026/01/26/21:30:28,apply-time,rs-000662-cwkqw,52830ecd-be02-4db4-b8ac-cedfdf36a28b,1,4607.495895
2026/01/26/21:30:28,running-time,rs-000662-cwkqw,52830ecd-be02-4db4-b8ac-cedfdf36a28b,1,4607.495895
2026/01/26/21:30:28,apply-time,rs-000663-zrdr5,0eeb369e-d45b-423f-a5f0-e4e628674ccb,1,4607.495895
2026/01/26/21:30:28,running-time,rs-000663-zrdr5,0eeb369e-d45b-423f-a5f0-e4e628674ccb,1,4607.495895
2026/01/26/21:30:28,apply-time,rs-000664-2cclc,7e45f898-1b0f-49d4-b2ee-5378a5e8bd6d,1,4607.495895
2026/01/26/21:30:28,running-time,rs-000664-2cclc,7e45f898-1b0f-49d4-b2ee-5378a5e8bd6d,1,4607.495895
2026/01/26/21:30:29,running-time,rs-000654-wtx64,d4e64fc6-62a0-4ba6-88aa-3734d94c291c,1,4607.495895
2026/01/26/21:30:29,apply-time,rs-000662-ld2lp,5c0d7c36-2399-413f-95df-422eb1caef0f,1,4607.495895
2026/01/26/21:30:29,running-time,rs-000662-ld2lp,5c0d7c36-2399-413f-95df-422eb1caef0f,1,4607.495895
2026/01/26/21:30:32,running-time,rs-000654-nkhcj,642cf687-7c26-43a9-83f6-be0886b9e600,1,4610.495895
2026/01/26/21:31:32,apply-time,rs-000665-khdd4,b09910e3-0aaf-434f-a059-6e261a170d10,1,4671.495895
2026/01/26/21:31:32,running-time,rs-000665-khdd4,b09910e3-0aaf-434f-a059-6e261a170d10,1,4671.495895
2026/01/26/21:31:32,apply-time,rs-000665-kng57,bf8ee160-a3f0-49ba-897f-4bf4214c039d,1,4671.495895
2026/01/26/21:31:32,running-time,rs-000665-kng57,bf8ee160-a3f0-49ba-897f-4bf4214c039d,1,4671.495895
2026/01/26/21:31:34,apply-time,rs-000666-jlgss,c712cf57-67b1-4ccf-adab-6db705b5a1e3,1,4672.495895
2026/01/26/21:31:34,running-time,rs-000666-jlgss,c712cf57-67b1-4ccf-adab-6db705b5a1e3,1,4672.495895
2026/01/26/21:31:34,apply-time,rs-000666-kvv5m,67a6fcbb-ac8f-434f-8da3-6ad8cfb8bb03,1,4672.495895
2026/01/26/21:31:34,running-time,rs-000666-kvv5m,67a6fcbb-ac8f-434f-8da3-6ad8cfb8bb03,1,4672.495895
2026/01/26/21:31:34,apply-time,rs-000666-m5w5s,77c7fd24-f114-479d-86ec-dde3d29ef159,1,4672.495895
2026/01/26/21:31:34,running-time,rs-000666-m5w5s,77c7fd24-f114-479d-86ec-dde3d29ef159,1,4672.495895
2026/01/26/21:31:36,apply-time,rs-000667-ng4fz,33ff5ca4-4083-41e6-aafa-a17f854bcc36,1,4674.495895
2026/01/26/21:31:36,running-time,rs-000667-ng4fz,33ff5ca4-4083-41e6-aafa-a17f854bcc36,1,4674.495895
2026/01/26/21:31:37,apply-time,rs-000668-779zr,3ab1210a-91d2-45e5-b794-e55f65fcf351,1,4675.495895
2026/01/26/21:31:37,running-time,rs-000668-779zr,3ab1210a-91d2-45e5-b794-e55f65fcf351,1,4675.495895
2026/01/26/21:31:37,apply-time,rs-000668-p8djw,f2d51a14-60a0-4a18-a33e-437bbb1bb7cd,1,4675.495895
2026/01/26/21:31:37,running-time,rs-000668-p8djw,f2d51a14-60a0-4a18-a33e-437bbb1bb7cd,1,4675.495895
2026/01/26/21:31:45,apply-time,rs-000669-5dt8v,aa5dd094-2641-4a85-bc22-36b360810285,1,4684.495895
2026/01/26/21:31:45,running-time,rs-000669-5dt8v,aa5dd094-2641-4a85-bc22-36b360810285,1,4684.495895
2026/01/26/21:31:45,apply-time,rs-000669-ngls7,fe3c3d74-7659-4e6f-88d0-deadd4851deb,1,4684.495895
2026/01/26/21:31:45,running-time,rs-000669-ngls7,fe3c3d74-7659-4e6f-88d0-deadd4851deb,1,4684.495895
2026/01/26/21:31:49,apply-time,rs-000670-fn5xh,6de79c88-4d81-4420-9b2c-8b20b0d188e6,1,4688.495895
2026/01/26/21:32:25,apply-time,rs-000671-bp2l6,e26dfc00-705a-4698-af28-b5ad476fafbe,1,4723.495895
2026/01/26/21:32:25,running-time,rs-000671-bp2l6,e26dfc00-705a-4698-af28-b5ad476fafbe,1,4723.495895
2026/01/26/21:32:25,apply-time,rs-000671-t7hs8,3cf74c63-d909-4242-83a8-72c70f2750ce,1,4723.495895
2026/01/26/21:32:25,running-time,rs-000671-t7hs8,3cf74c63-d909-4242-83a8-72c70f2750ce,1,4723.495895
2026/01/26/21:32:40,apply-time,rs-000672-868wc,68eaf191-101c-4eae-81bc-8145598125f1,1,4738.495895
2026/01/26/21:32:40,running-time,rs-000672-868wc,68eaf191-101c-4eae-81bc-8145598125f1,1,4738.495895
2026/01/26/21:32:40,apply-time,rs-000672-xb4d2,198cdd9a-84e7-43e6-bc3c-0dbdbb83067c,1,4738.495895
2026/01/26/21:32:40,running-time,rs-000672-xb4d2,198cdd9a-84e7-43e6-bc3c-0dbdbb83067c,1,4738.495895
2026/01/26/21:32:40,apply-time,rs-000673-7wn62,3dde48a6-ff5c-42ed-a74b-32fe284eb9ff,1,4738.495895
2026/01/26/21:32:40,running-time,rs-000673-7wn62,3dde48a6-ff5c-42ed-a74b-32fe284eb9ff,1,4738.495895
2026/01/26/21:32:41,apply-time,rs-000674-fdmvj,b199931b-c345-4f6b-b387-4a56d095b221,1,4739.495895
2026/01/26/21:32:41,running-time,rs-000674-fdmvj,b199931b-c345-4f6b-b387-4a56d095b221,1,4739.495895
2026/01/26/21:32:41,apply-time,rs-000674-v7tvh,dbc739de-3b78-4cfe-9fcc-fc9a9141227e,1,4739.495895
2026/01/26/21:32:41,running-time,rs-000674-v7tvh,dbc739de-3b78-4cfe-9fcc-fc9a9141227e,1,4739.495895
2026/01/26/21:32:46,apply-time,rs-000675-rwnrq,5e573f0a-9a5a-4677-9598-e41abbd72ec3,1,4745.495895
2026/01/26/21:32:46,running-time,rs-000675-rwnrq,5e573f0a-9a5a-4677-9598-e41abbd72ec3,1,4745.495895
2026/01/26/21:32:46,apply-time,rs-000675-v6hg9,21a110e7-d781-4872-bcc7-4f7919dc3864,1,4745.495895
2026/01/26/21:32:46,apply-time,rs-000676-tffwm,5b00e1a5-a08d-4e41-bbef-1e5c80a58322,1,4745.495895
2026/01/26/21:32:46,apply-time,rs-000676-w6n86,615d8cbe-f0dd-4b79-b60e-d415f13f9e54,1,4745.495895
2026/01/26/21:32:46,apply-time,rs-000677-gbrkd,1c4df0f7-0dce-4c52-acf5-87c3a8ec6636,1,4745.495895
2026/01/26/21:32:46,apply-time,rs-000677-xvtlr,57092602-a17f-4f67-a5af-6ede99a76084,1,4745.495895
2026/01/26/21:32:46,apply-time,rs-000678-gc7cg,dd2f6222-63f4-46df-8e6a-c60675d761d5,1,4745.495895
2026/01/26/21:32:46,apply-time,rs-000678-xrnbd,124a28bc-943e-424a-a73d-c528050e4daa,1,4745.495895
2026/01/26/21:32:47,running-time,rs-000675-v6hg9,21a110e7-d781-4872-bcc7-4f7919dc3864,1,4745.495895
2026/01/26/21:32:47,running-time,rs-000677-gbrkd,1c4df0f7-0dce-4c52-acf5-87c3a8ec6636,1,4745.495895
2026/01/26/21:32:47,running-time,rs-000677-xvtlr,57092602-a17f-4f67-a5af-6ede99a76084,1,4745.495895
2026/01/26/21:32:47,running-time,rs-000678-gc7cg,dd2f6222-63f4-46df-8e6a-c60675d761d5,1,4745.495895
2026/01/26/21:32:47,running-time,rs-000678-xrnbd,124a28bc-943e-424a-a73d-c528050e4daa,1,4745.495895
2026/01/26/21:32:55,apply-time,rs-000679-76vs4,7c9e21d4-7b33-4a19-b736-b6d6624c4f78,1,4753.495895
2026/01/26/21:32:55,running-time,rs-000679-76vs4,7c9e21d4-7b33-4a19-b736-b6d6624c4f78,1,4753.495895
2026/01/26/21:32:55,apply-time,rs-000679-mnw82,702ad4cd-da4c-4c19-b368-6092d28bc3d7,1,4753.495895
2026/01/26/21:32:55,running-time,rs-000679-mnw82,702ad4cd-da4c-4c19-b368-6092d28bc3d7,1,4753.495895
2026/01/26/21:32:55,apply-time,rs-000680-2vt76,6a24e03e-d5a8-48d3-9714-da1a3bd37881,1,4753.495895
2026/01/26/21:32:55,running-time,rs-000680-2vt76,6a24e03e-d5a8-48d3-9714-da1a3bd37881,1,4753.495895
2026/01/26/21:34:15,apply-time,rs-000681-jb5tx,6638a84d-13ef-4f70-b989-44c2218774a8,1,4834.495895
2026/01/26/21:34:15,running-time,rs-000681-jb5tx,6638a84d-13ef-4f70-b989-44c2218774a8,1,4834.495895
2026/01/26/21:34:15,apply-time,rs-000681-z45lr,4ebbca08-5d0d-4bc2-8eeb-82a471b8ad5d,1,4834.495895
2026/01/26/21:34:15,running-time,rs-000681-z45lr,4ebbca08-5d0d-4bc2-8eeb-82a471b8ad5d,1,4834.495895
2026/01/26/21:34:20,apply-time,rs-000682-tmvst,bed982dc-4ecf-4cdd-9ecc-48f48897db86,1,4839.495895
2026/01/26/21:34:20,running-time,rs-000682-tmvst,bed982dc-4ecf-4cdd-9ecc-48f48897db86,1,4839.495895
2026/01/26/21:34:25,apply-time,rs-000683-25jzp,eb9a5b5c-c30a-48b2-a091-b45f5b397e5c,1,4843.495895
2026/01/26/21:34:25,running-time,rs-000683-25jzp,eb9a5b5c-c30a-48b2-a091-b45f5b397e5c,1,4843.495895
2026/01/26/21:34:25,apply-time,rs-000683-92hcn,42dd59f0-1b62-4959-989a-b9790a9c59f8,1,4843.495895
2026/01/26/21:34:25,running-time,rs-000683-92hcn,42dd59f0-1b62-4959-989a-b9790a9c59f8,1,4843.495895
2026/01/26/21:34:25,apply-time,rs-000683-tpqrw,e968ee76-4dcf-437a-a10a-8af722002239,1,4843.495895
2026/01/26/21:34:25,running-time,rs-000683-tpqrw,e968ee76-4dcf-437a-a10a-8af722002239,1,4843.495895
2026/01/26/21:34:25,apply-time,rs-000684-7fjkx,a49b983a-b40b-406a-beef-91271ac8e1f3,1,4843.495895
2026/01/26/21:34:25,running-time,rs-000684-7fjkx,a49b983a-b40b-406a-beef-91271ac8e1f3,1,4843.495895
2026/01/26/21:34:25,apply-time,rs-000684-986k5,df69ac13-baad-4a72-932c-83a2ce60303e,1,4843.495895
2026/01/26/21:34:25,running-time,rs-000684-986k5,df69ac13-baad-4a72-932c-83a2ce60303e,1,4843.495895
2026/01/26/21:34:25,apply-time,rs-000685-wtbbt,cca4050b-4154-46fb-8e46-8268fa01c514,1,4843.495895
2026/01/26/21:34:25,apply-time,rs-000686-6hxjw,4ffbd846-e2da-4229-a833-ee16ba9dbe68,1,4843.495895
2026/01/26/21:34:25,running-time,rs-000686-6hxjw,4ffbd846-e2da-4229-a833-ee16ba9dbe68,1,4843.495895
2026/01/26/21:34:25,apply-time,rs-000686-kcrgm,d66a49ff-bced-4f79-87c5-416b1198a19b,1,4843.495895
2026/01/26/21:34:25,apply-time,rs-000686-s2qr2,c24be707-e61c-4e7e-b87a-b42d46605567,1,4843.495895
2026/01/26/21:34:25,apply-time,rs-000687-7m2kz,d7c8dd00-ba8b-4af0-92c0-72a38cf6f8d2,1,4844.495895
2026/01/26/21:34:25,running-time,rs-000687-7m2kz,d7c8dd00-ba8b-4af0-92c0-72a38cf6f8d2,1,4844.495895
2026/01/26/21:34:27,running-time,rs-000686-kcrgm,d66a49ff-bced-4f79-87c5-416b1198a19b,1,4846.495895
2026/01/26/21:34:27,apply-time,rs-000688-cqpc7,ca3fde52-5367-481e-a5e9-7fd433d9690d,1,4845.495895
2026/01/26/21:34:27,running-time,rs-000688-cqpc7,ca3fde52-5367-481e-a5e9-7fd433d9690d,1,4845.495895
2026/01/26/21:34:27,apply-time,rs-000689-76ktg,628c499a-1e13-49e7-8639-c25a0d96cecb,1,4845.495895
2026/01/26/21:34:27,running-time,rs-000689-76ktg,628c499a-1e13-49e7-8639-c25a0d96cecb,1,4845.495895
2026/01/26/21:34:27,apply-time,rs-000689-dlzd7,7083765b-cb58-477f-9c97-59acc8efcc40,1,4845.495895
2026/01/26/21:34:27,running-time,rs-000689-dlzd7,7083765b-cb58-477f-9c97-59acc8efcc40,1,4845.495895
2026/01/26/21:34:27,apply-time,rs-000689-q22fc,6776c181-9b95-406d-a004-2e891b14c143,1,4845.495895
2026/01/26/21:34:27,running-time,rs-000689-q22fc,6776c181-9b95-406d-a004-2e891b14c143,1,4845.495895
2026/01/26/21:34:27,apply-time,rs-000690-skhpq,b46fc940-5c40-4b7e-84d7-d0f257ddb2d3,1,4845.495895
2026/01/26/21:34:27,running-time,rs-000690-skhpq,b46fc940-5c40-4b7e-84d7-d0f257ddb2d3,1,4845.495895
2026/01/26/21:34:27,apply-time,rs-000691-kqwqz,8ae146b9-e4af-483e-b9f8-1200060b1f09,1,4846.495895
2026/01/26/21:34:27,apply-time,rs-000693-t425j,fb16e959-6b3f-4d54-bc1f-df4bd5e3fdc2,1,4846.495895
2026/01/26/21:34:28,running-time,rs-000691-kqwqz,8ae146b9-e4af-483e-b9f8-1200060b1f09,1,4846.495895
2026/01/26/21:34:28,apply-time,rs-000692-4dp4n,50b21cfb-f769-4436-a2d5-7a50b217bba5,1,4846.495895
2026/01/26/21:34:28,running-time,rs-000692-4dp4n,50b21cfb-f769-4436-a2d5-7a50b217bba5,1,4846.495895
2026/01/26/21:34:28,running-time,rs-000693-t425j,fb16e959-6b3f-4d54-bc1f-df4bd5e3fdc2,1,4846.495895
2026/01/26/21:34:28,apply-time,rs-000694-6cqgx,58e79fa7-d3b1-4014-8072-c34391b046ba,1,4846.495895
2026/01/26/21:34:28,running-time,rs-000694-6cqgx,58e79fa7-d3b1-4014-8072-c34391b046ba,1,4846.495895
2026/01/26/21:34:28,apply-time,rs-000695-c5clz,54921b89-c4ff-496b-84ae-295726303184,1,4847.495895
2026/01/26/21:34:28,running-time,rs-000695-c5clz,54921b89-c4ff-496b-84ae-295726303184,1,4847.495895
2026/01/26/21:34:28,apply-time,rs-000695-xz9q8,4d2c573f-146f-439f-8dad-84dcb8824d24,1,4847.495895
2026/01/26/21:34:28,running-time,rs-000695-xz9q8,4d2c573f-146f-439f-8dad-84dcb8824d24,1,4847.495895
2026/01/26/21:34:28,apply-time,rs-000696-9lz5w,a2a4c7d5-e37a-4b80-9d1c-5b48022ad548,1,4847.495895
2026/01/26/21:34:28,running-time,rs-000696-9lz5w,a2a4c7d5-e37a-4b80-9d1c-5b48022ad548,1,4847.495895
2026/01/26/21:34:29,apply-time,rs-000697-2frq5,16118060-a10d-4174-b1db-7588f3805c67,1,4847.495895
2026/01/26/21:34:29,running-time,rs-000697-2frq5,16118060-a10d-4174-b1db-7588f3805c67,1,4847.495895
2026/01/26/21:34:29,apply-time,rs-000697-dcpcz,f1ce891e-66df-4d1c-8cc9-324ed7741b96,1,4847.495895
2026/01/26/21:34:29,running-time,rs-000697-dcpcz,f1ce891e-66df-4d1c-8cc9-324ed7741b96,1,4847.495895
2026/01/26/21:34:29,apply-time,rs-000697-tdj86,25633563-bdbe-41d5-b946-16302255372d,1,4847.495895
2026/01/26/21:34:29,running-time,rs-000697-tdj86,25633563-bdbe-41d5-b946-16302255372d,1,4847.495895
2026/01/26/21:34:29,apply-time,rs-000698-t5v2f,176cda65-11d5-40df-8b8d-79dcabb4c9a7,1,4847.495895
2026/01/26/21:34:29,running-time,rs-000698-t5v2f,176cda65-11d5-40df-8b8d-79dcabb4c9a7,1,4847.495895
2026/01/26/21:34:29,apply-time,rs-000698-v97fp,7e3e2257-06e5-47cb-ba70-b97598f4b816,1,4847.495895
2026/01/26/21:34:29,running-time,rs-000698-v97fp,7e3e2257-06e5-47cb-ba70-b97598f4b816,1,4847.495895
2026/01/26/21:34:30,apply-time,rs-000699-l74hj,1f172320-5020-466a-8392-172970a58f9a,1,4848.495895
2026/01/26/21:34:30,running-time,rs-000699-l74hj,1f172320-5020-466a-8392-172970a58f9a,1,4848.495895
2026/01/26/21:34:30,apply-time,rs-000699-vnvjk,e5f7ca9c-d5a8-41f1-8c4c-a5339c674876,1,4848.495895
2026/01/26/21:34:30,running-time,rs-000699-vnvjk,e5f7ca9c-d5a8-41f1-8c4c-a5339c674876,1,4848.495895
2026/01/26/21:34:30,apply-time,rs-000699-x6qpj,da1d134a-0a77-4a55-aa87-a2075ac04243,1,4848.495895
2026/01/26/21:34:30,running-time,rs-000699-x6qpj,da1d134a-0a77-4a55-aa87-a2075ac04243,1,4848.495895
2026/01/26/21:34:30,apply-time,rs-000700-b9g24,182a6592-2320-4733-98a5-49a967abeb09,1,4848.495895
2026/01/26/21:34:30,running-time,rs-000700-b9g24,182a6592-2320-4733-98a5-49a967abeb09,1,4848.495895
2026/01/26/21:34:30,apply-time,rs-000700-dr6jg,e324618e-86f4-4d5f-89dd-70a7d57c8857,1,4848.495895
2026/01/26/21:34:30,running-time,rs-000700-dr6jg,e324618e-86f4-4d5f-89dd-70a7d57c8857,1,4848.495895
2026/01/26/21:34:30,apply-time,rs-000700-n6h7w,41535fff-7df7-44f9-8bf0-af883c0ff704,1,4848.495895
2026/01/26/21:34:30,running-time,rs-000700-n6h7w,41535fff-7df7-44f9-8bf0-af883c0ff704,1,4848.495895
2026/01/26/21:34:30,apply-time,rs-000701-426fc,d4974a20-a7ef-4636-bde5-5c056834ec2a,1,4848.495895
2026/01/26/21:34:30,apply-time,rs-000701-c6ft5,229c8481-12ea-4b48-99b3-0758bac53e02,1,4849.495895
2026/01/26/21:34:31,running-time,rs-000701-426fc,d4974a20-a7ef-4636-bde5-5c056834ec2a,1,4850.495895
2026/01/26/21:34:35,running-time,rs-000701-c6ft5,229c8481-12ea-4b48-99b3-0758bac53e02,1,4854.495895
2026/01/26/21:35:01,apply-time,rs-000702-kq4r4,2058ce53-3045-415d-874e-6cd79ca350fc,1,4879.495895
2026/01/26/21:35:01,running-time,rs-000702-kq4r4,2058ce53-3045-415d-874e-6cd79ca350fc,1,4879.495895
2026/01/26/21:35:01,apply-time,rs-000702-n2wtw,6bab733f-f2a2-41e4-972b-4fdc1a581c74,1,4879.495895
2026/01/26/21:35:01,apply-time,rs-000702-xczlr,af5c09ef-46ce-4155-8259-6c3e67989bea,1,4879.495895
2026/01/26/21:35:01,running-time,rs-000702-xczlr,af5c09ef-46ce-4155-8259-6c3e67989bea,1,4879.495895
2026/01/26/21:35:44,apply-time,rs-000703-bdw2d,fb3f328f-dfa8-4f91-baff-df6136f21873,1,4922.495895
2026/01/26/21:35:44,running-time,rs-000703-bdw2d,fb3f328f-dfa8-4f91-baff-df6136f21873,1,4922.495895
2026/01/26/21:35:44,apply-time,rs-000704-2g8b9,cec61ab6-64cb-49ec-a047-ee87b3c41507,1,4923.495895
2026/01/26/21:35:44,running-time,rs-000704-2g8b9,cec61ab6-64cb-49ec-a047-ee87b3c41507,1,4923.495895
2026/01/26/21:35:44,apply-time,rs-000704-xlqw8,436d04ac-3c46-4607-bab5-3fda84f7a629,1,4923.495895
2026/01/26/21:35:44,running-time,rs-000704-xlqw8,436d04ac-3c46-4607-bab5-3fda84f7a629,1,4923.495895
2026/01/26/21:35:44,apply-time,rs-000705-mkmld,e011761f-1dc6-4a14-ad1b-f70123257bf2,1,4923.495895
2026/01/26/21:35:44,running-time,rs-000705-mkmld,e011761f-1dc6-4a14-ad1b-f70123257bf2,1,4923.495895
2026/01/26/21:35:44,apply-time,rs-000705-vg766,32b9fb91-6cce-43ae-8ac6-59f79d73ac99,1,4923.495895
2026/01/26/21:35:44,running-time,rs-000705-vg766,32b9fb91-6cce-43ae-8ac6-59f79d73ac99,1,4923.495895
2026/01/26/21:35:44,apply-time,rs-000706-qbklp,91eb7928-c7f6-4b10-89de-4e23f479f1b3,1,4923.495895
2026/01/26/21:35:44,running-time,rs-000706-qbklp,91eb7928-c7f6-4b10-89de-4e23f479f1b3,1,4923.495895
2026/01/26/21:35:44,apply-time,rs-000707-8x49r,e5771094-028c-4d13-bbd9-d626399056fa,1,4923.495895
2026/01/26/21:35:44,running-time,rs-000707-8x49r,e5771094-028c-4d13-bbd9-d626399056fa,1,4923.495895
2026/01/26/21:35:44,apply-time,rs-000708-fmdxq,3d3d8015-198a-48b5-8b7d-ab43f9858e88,1,4923.495895
2026/01/26/21:35:44,running-time,rs-000708-fmdxq,3d3d8015-198a-48b5-8b7d-ab43f9858e88,1,4923.495895
2026/01/26/21:35:45,apply-time,rs-000708-trlwq,6530e111-95d3-4c87-8154-53a39d584a12,1,4923.495895
2026/01/26/21:35:45,running-time,rs-000708-trlwq,6530e111-95d3-4c87-8154-53a39d584a12,1,4923.495895
2026/01/26/21:35:48,apply-time,rs-000709-ncc68,0dd32665-eb06-4064-9636-449b1be3415e,1,4927.495895
2026/01/26/21:35:49,apply-time,rs-000709-kwl7x,d0d53488-ff71-4720-b31f-00ecd8bf810a,1,4927.495895
2026/01/26/21:35:49,running-time,rs-000709-kwl7x,d0d53488-ff71-4720-b31f-00ecd8bf810a,1,4927.495895
2026/01/26/21:35:49,running-time,rs-000709-ncc68,0dd32665-eb06-4064-9636-449b1be3415e,1,4927.495895
2026/01/26/21:36:06,apply-time,rs-000710-6wpgh,5de9a01a-91b4-4ead-816e-d7d0920877d6,1,4944.495895
2026/01/26/21:36:06,running-time,rs-000710-6wpgh,5de9a01a-91b4-4ead-816e-d7d0920877d6,1,4944.495895
2026/01/26/21:36:06,apply-time,rs-000711-msq94,4b9074f2-b4fc-47a6-acd3-89819e0e8be0,1,4945.495895
2026/01/26/21:36:06,running-time,rs-000711-msq94,4b9074f2-b4fc-47a6-acd3-89819e0e8be0,1,4945.495895
2026/01/26/21:36:15,running-time,rs-000685-wtbbt,cca4050b-4154-46fb-8e46-8268fa01c514,1,4954.495895
2026/01/26/21:36:27,apply-time,rs-000712-6btmc,91eeedae-6220-4a5a-b416-44888a0a9a63,1,4965.495895
2026/01/26/21:36:27,running-time,rs-000712-6btmc,91eeedae-6220-4a5a-b416-44888a0a9a63,1,4965.495895
2026/01/26/21:36:29,apply-time,rs-000713-7wf6w,04f7d41c-ad2e-4a0b-8350-09a05fb73745,1,4967.495895
2026/01/26/21:36:29,running-time,rs-000713-7wf6w,04f7d41c-ad2e-4a0b-8350-09a05fb73745,1,4967.495895
2026/01/26/21:36:29,apply-time,rs-000713-btzmc,91c92b16-a223-4fa8-864e-4cf29b6495c4,1,4967.495895
2026/01/26/21:36:29,running-time,rs-000713-btzmc,91c92b16-a223-4fa8-864e-4cf29b6495c4,1,4967.495895
2026/01/26/21:36:29,apply-time,rs-000713-vngdg,08f4c444-733a-428c-8145-7a0f8f5f6a7e,1,4967.495895
2026/01/26/21:36:29,apply-time,rs-000714-djq7q,57f8dd8c-0859-492b-8c39-7488e3304f24,1,4967.495895
2026/01/26/21:36:29,running-time,rs-000714-djq7q,57f8dd8c-0859-492b-8c39-7488e3304f24,1,4967.495895
2026/01/26/21:36:29,apply-time,rs-000714-kkdfz,53b89e92-3ab8-4ea1-a245-5e5c1d1b9315,1,4967.495895
2026/01/26/21:36:29,running-time,rs-000714-kkdfz,53b89e92-3ab8-4ea1-a245-5e5c1d1b9315,1,4967.495895
2026/01/26/21:36:29,apply-time,rs-000714-xgnsp,89bfe776-4d84-4f25-8f5e-136217342a41,1,4967.495895
2026/01/26/21:36:29,running-time,rs-000714-xgnsp,89bfe776-4d84-4f25-8f5e-136217342a41,1,4967.495895
2026/01/26/21:36:29,apply-time,rs-000715-msr2s,63ce92ca-dad2-4efe-a2fe-2f082401f3cf,1,4968.495895
2026/01/26/21:36:29,apply-time,rs-000715-nfztl,3c148d58-d510-491a-9d64-f220147fff76,1,4968.495895
2026/01/26/21:36:29,apply-time,rs-000715-zgrkv,b7400f5a-37e1-41ce-9a2c-c4c4c3d81e36,1,4968.495895
2026/01/26/21:36:29,apply-time,rs-000716-52xf9,1e6ea383-efe9-4531-b9eb-68494c8b9197,1,4968.495895
2026/01/26/21:36:29,running-time,rs-000716-52xf9,1e6ea383-efe9-4531-b9eb-68494c8b9197,1,4968.495895
2026/01/26/21:36:32,running-time,rs-000713-vngdg,08f4c444-733a-428c-8145-7a0f8f5f6a7e,1,4970.495895
2026/01/26/21:36:32,apply-time,rs-000717-9jp8j,22d6ace1-6f3d-44c2-8529-f164fefdc14e,1,4971.495895
2026/01/26/21:36:32,running-time,rs-000717-9jp8j,22d6ace1-6f3d-44c2-8529-f164fefdc14e,1,4971.495895
2026/01/26/21:36:32,apply-time,rs-000718-qf8zg,c6235aa6-782a-4101-9c84-59a91708a97e,1,4971.495895
2026/01/26/21:36:32,apply-time,rs-000718-shsnt,2815ba9c-02d1-40f5-8343-043bbf638bb4,1,4971.495895
2026/01/26/21:36:54,apply-time,rs-000719-d4c9s,00f26143-ee86-4821-b100-8494e7ceb13c,1,4992.495895
2026/01/26/21:36:54,running-time,rs-000719-d4c9s,00f26143-ee86-4821-b100-8494e7ceb13c,1,4992.495895
2026/01/26/21:36:54,apply-time,rs-000719-rx9g2,d5379ea6-f126-437b-99c8-e251d96c17b1,1,4992.495895
2026/01/26/21:36:54,running-time,rs-000719-rx9g2,d5379ea6-f126-437b-99c8-e251d96c17b1,1,4992.495895
2026/01/26/21:36:54,apply-time,rs-000719-z8kcn,069c580c-67c9-484b-961a-d33847bc2fd4,1,4992.495895
2026/01/26/21:36:54,running-time,rs-000719-z8kcn,069c580c-67c9-484b-961a-d33847bc2fd4,1,4992.495895
2026/01/26/21:36:59,apply-time,rs-000720-49m7h,2f5582b1-c7f0-4b73-89de-8e51c9e9203b,1,4998.495895
2026/01/26/21:36:59,running-time,rs-000720-49m7h,2f5582b1-c7f0-4b73-89de-8e51c9e9203b,1,4998.495895
2026/01/26/21:36:59,apply-time,rs-000720-lw2gg,adeacc06-9074-405a-8db1-3db814789595,1,4998.495895
2026/01/26/21:36:59,running-time,rs-000720-lw2gg,adeacc06-9074-405a-8db1-3db814789595,1,4998.495895
2026/01/26/21:36:59,apply-time,rs-000720-wp8b5,69fac43d-8d33-4cb3-9925-8ffc1555e140,1,4998.495895
2026/01/26/21:36:59,running-time,rs-000720-wp8b5,69fac43d-8d33-4cb3-9925-8ffc1555e140,1,4998.495895
2026/01/26/21:36:59,apply-time,rs-000721-dgs96,a818cbdd-72ef-48d7-8aab-e1a3017f104f,1,4998.495895
2026/01/26/21:36:59,running-time,rs-000721-dgs96,a818cbdd-72ef-48d7-8aab-e1a3017f104f,1,4998.495895
2026/01/26/21:36:59,apply-time,rs-000721-hgnld,fbdd00f9-0d5c-4538-aec6-98b9a8c59342,1,4998.495895
2026/01/26/21:36:59,running-time,rs-000721-hgnld,fbdd00f9-0d5c-4538-aec6-98b9a8c59342,1,4998.495895
2026/01/26/21:37:00,apply-time,rs-000722-6jzqx,3092ac9c-95d0-4ad1-afc6-c93c2d474371,1,4998.495895
2026/01/26/21:37:00,running-time,rs-000722-6jzqx,3092ac9c-95d0-4ad1-afc6-c93c2d474371,1,4998.495895
2026/01/26/21:37:00,apply-time,rs-000723-jjbsx,6b3477ee-d444-4522-8808-d73b68e2155f,1,4998.495895
2026/01/26/21:37:00,running-time,rs-000723-jjbsx,6b3477ee-d444-4522-8808-d73b68e2155f,1,4998.495895
2026/01/26/21:37:00,apply-time,rs-000723-lw2j6,da10f910-d450-480d-bf51-b91d7081ba0c,1,4998.495895
2026/01/26/21:37:00,running-time,rs-000723-lw2j6,da10f910-d450-480d-bf51-b91d7081ba0c,1,4998.495895
2026/01/26/21:37:00,apply-time,rs-000723-p7qq6,f6f2540b-8cdc-4852-ac48-38eb9cef8acb,1,4998.495895
2026/01/26/21:37:00,running-time,rs-000723-p7qq6,f6f2540b-8cdc-4852-ac48-38eb9cef8acb,1,4998.495895
2026/01/26/21:37:00,apply-time,rs-000724-zmsbz,4da6f66d-5bcc-4e00-869c-4fcd80afa2e2,1,4998.495895
2026/01/26/21:37:00,running-time,rs-000724-zmsbz,4da6f66d-5bcc-4e00-869c-4fcd80afa2e2,1,4998.495895
2026/01/26/21:37:00,apply-time,rs-000726-vhpx7,5ee97615-40c1-469c-98b0-b6224bab742e,1,4999.495895
2026/01/26/21:37:01,apply-time,rs-000725-j8cgp,0d7c16e9-466c-476b-b229-ec57e8882e8a,1,4999.495895
2026/01/26/21:37:01,running-time,rs-000725-j8cgp,0d7c16e9-466c-476b-b229-ec57e8882e8a,1,4999.495895
2026/01/26/21:37:01,apply-time,rs-000726-klq8w,0cfb6e81-31bc-4569-a675-e894121bfb90,1,4999.495895
2026/01/26/21:37:01,running-time,rs-000726-klq8w,0cfb6e81-31bc-4569-a675-e894121bfb90,1,4999.495895
2026/01/26/21:37:01,running-time,rs-000726-vhpx7,5ee97615-40c1-469c-98b0-b6224bab742e,1,4999.495895
2026/01/26/21:37:35,running-time,rs-000718-qf8zg,c6235aa6-782a-4101-9c84-59a91708a97e,1,5034.495895
2026/01/26/21:37:35,running-time,rs-000718-shsnt,2815ba9c-02d1-40f5-8343-043bbf638bb4,1,5034.495895
2026/01/26/21:38:59,apply-time,rs-000727-n8xq9,7e113312-8d53-4ea9-a817-9e3358639948,1,5118.495895
2026/01/26/21:38:59,running-time,rs-000727-n8xq9,7e113312-8d53-4ea9-a817-9e3358639948,1,5118.495895
2026/01/26/21:39:05,apply-time,rs-000728-jtmnz,68c191fb-0c6d-4e12-8823-28cefd32b9b9,1,5124.495895
2026/01/26/21:39:05,apply-time,rs-000729-ng9dp,aab05e8a-9df5-4f34-b7ba-b55ab2e6e3be,1,5124.495895
2026/01/26/21:39:05,running-time,rs-000729-ng9dp,aab05e8a-9df5-4f34-b7ba-b55ab2e6e3be,1,5124.495895
2026/01/26/21:39:05,apply-time,rs-000730-48ns2,b6a1cd09-46d7-470e-8850-f95c06f8ceec,1,5124.495895
2026/01/26/21:39:05,apply-time,rs-000730-6q8v9,d149c609-c8ce-4a34-a28f-bdce89c9cb33,1,5124.495895
2026/01/26/21:39:05,apply-time,rs-000730-n9lr5,8eb3f5cb-0921-4540-90b5-a45aeb5aa935,1,5124.495895
2026/01/26/21:39:05,apply-time,rs-000731-dq52m,91cea452-7adc-4f5f-a8a4-ecf18ef6405f,1,5124.495895
2026/01/26/21:39:05,running-time,rs-000731-dq52m,91cea452-7adc-4f5f-a8a4-ecf18ef6405f,1,5124.495895
2026/01/26/21:39:05,apply-time,rs-000732-n27pb,f31db38f-9395-41b6-89cb-fb7f9b6b16ae,1,5124.495895
2026/01/26/21:39:05,running-time,rs-000732-n27pb,f31db38f-9395-41b6-89cb-fb7f9b6b16ae,1,5124.495895
2026/01/26/21:39:05,apply-time,rs-000733-dtpxb,f179eef2-e235-4ef5-810c-a63248f27580,1,5124.495895
2026/01/26/21:39:06,apply-time,rs-000734-cppwm,2d7dfea9-399d-4bdc-b6a4-d7f3a8d5d627,1,5124.495895
2026/01/26/21:39:06,running-time,rs-000734-cppwm,2d7dfea9-399d-4bdc-b6a4-d7f3a8d5d627,1,5124.495895
2026/01/26/21:39:06,apply-time,rs-000734-czsgx,3d16260a-407f-4014-b1c4-9f1249a2fb5d,1,5124.495895
2026/01/26/21:39:06,running-time,rs-000734-czsgx,3d16260a-407f-4014-b1c4-9f1249a2fb5d,1,5124.495895
2026/01/26/21:39:06,apply-time,rs-000734-thh75,d95ecb18-25be-4c4a-a578-899fc100e085,1,5124.495895
2026/01/26/21:39:06,running-time,rs-000734-thh75,d95ecb18-25be-4c4a-a578-899fc100e085,1,5124.495895
2026/01/26/21:39:08,running-time,rs-000733-dtpxb,f179eef2-e235-4ef5-810c-a63248f27580,1,5126.495895
2026/01/26/21:39:08,apply-time,rs-000735-2pmwm,bd086486-1e86-41f3-bd02-bed619046874,1,5127.495895
2026/01/26/21:39:08,running-time,rs-000735-2pmwm,bd086486-1e86-41f3-bd02-bed619046874,1,5127.495895
2026/01/26/21:39:08,apply-time,rs-000735-848z4,30cd6dc5-aa2f-4c85-9d14-35d01da98b88,1,5127.495895
2026/01/26/21:39:08,running-time,rs-000735-848z4,30cd6dc5-aa2f-4c85-9d14-35d01da98b88,1,5127.495895
2026/01/26/21:40:22,apply-time,rs-000736-54qf8,493a8fe8-51d0-4640-a0a4-d3dd795e37e8,1,5200.495895
2026/01/26/21:40:22,running-time,rs-000736-54qf8,493a8fe8-51d0-4640-a0a4-d3dd795e37e8,1,5200.495895
2026/01/26/21:40:22,apply-time,rs-000736-d9cwj,04200105-e7e3-4e86-898e-06a8b35290d0,1,5200.495895
2026/01/26/21:40:22,running-time,rs-000736-d9cwj,04200105-e7e3-4e86-898e-06a8b35290d0,1,5200.495895
2026/01/26/21:40:44,apply-time,rs-000737-gttts,62e8df81-b58e-4b67-adde-0fca938057cc,1,5223.495895
2026/01/26/21:40:44,running-time,rs-000737-gttts,62e8df81-b58e-4b67-adde-0fca938057cc,1,5223.495895
2026/01/26/21:40:56,apply-time,rs-000738-xbtjh,b21d18fc-e78c-4231-9e5a-64d5f71042c1,1,5235.495895
2026/01/26/21:40:56,running-time,rs-000738-xbtjh,b21d18fc-e78c-4231-9e5a-64d5f71042c1,1,5235.495895
2026/01/26/21:40:56,apply-time,rs-000739-vkd97,ee5041bd-f788-4c25-a3e2-7b7d13957eb3,1,5235.495895
2026/01/26/21:40:56,running-time,rs-000739-vkd97,ee5041bd-f788-4c25-a3e2-7b7d13957eb3,1,5235.495895
2026/01/26/21:40:56,apply-time,rs-000740-ng86v,e1f812c9-0bb5-4011-afbf-67afc146dc85,1,5235.495895
2026/01/26/21:40:56,running-time,rs-000740-ng86v,e1f812c9-0bb5-4011-afbf-67afc146dc85,1,5235.495895
2026/01/26/21:40:57,apply-time,rs-000741-2qnj6,86e90a3f-635e-40f7-9e53-d9e63a9de44a,1,5236.495895
2026/01/26/21:40:57,running-time,rs-000741-2qnj6,86e90a3f-635e-40f7-9e53-d9e63a9de44a,1,5236.495895
2026/01/26/21:40:57,apply-time,rs-000742-b7rt7,bc26c02c-073f-4743-9ca9-62e4645e6316,1,5236.495895
2026/01/26/21:40:57,running-time,rs-000742-b7rt7,bc26c02c-073f-4743-9ca9-62e4645e6316,1,5236.495895
2026/01/26/21:40:57,apply-time,rs-000742-p85z5,47f21829-bb8f-4ca4-af65-07d964df7fc9,1,5236.495895
2026/01/26/21:40:57,running-time,rs-000742-p85z5,47f21829-bb8f-4ca4-af65-07d964df7fc9,1,5236.495895
2026/01/26/21:40:57,apply-time,rs-000742-xhxns,84d0a2ef-2309-43f3-9eb6-237e6f0a713a,1,5236.495895
2026/01/26/21:40:57,running-time,rs-000742-xhxns,84d0a2ef-2309-43f3-9eb6-237e6f0a713a,1,5236.495895
2026/01/26/21:40:57,apply-time,rs-000743-frs9s,b83cd06f-577a-4687-94d5-4e6c7033022d,1,5236.495895
2026/01/26/21:40:57,running-time,rs-000743-frs9s,b83cd06f-577a-4687-94d5-4e6c7033022d,1,5236.495895
2026/01/26/21:40:57,apply-time,rs-000744-8n6m2,f4880f67-bae4-4e2f-bff2-b9994bbcefe6,1,5236.495895
2026/01/26/21:40:57,running-time,rs-000744-8n6m2,f4880f67-bae4-4e2f-bff2-b9994bbcefe6,1,5236.495895
2026/01/26/21:40:57,apply-time,rs-000745-m7x94,b00d6f24-08e6-455c-a866-71792dd1ad7b,1,5236.495895
2026/01/26/21:40:57,running-time,rs-000745-m7x94,b00d6f24-08e6-455c-a866-71792dd1ad7b,1,5236.495895
2026/01/26/21:40:59,apply-time,rs-000746-llzsl,e8838dcf-0a9f-43ea-89c8-af28675958b4,1,5237.495895
2026/01/26/21:40:59,running-time,rs-000746-llzsl,e8838dcf-0a9f-43ea-89c8-af28675958b4,1,5237.495895
2026/01/26/21:40:59,apply-time,rs-000747-64gdg,da2680c1-d3c8-4966-99d9-f734a2d1f0fa,1,5237.495895
2026/01/26/21:40:59,running-time,rs-000747-64gdg,da2680c1-d3c8-4966-99d9-f734a2d1f0fa,1,5237.495895
2026/01/26/21:40:59,apply-time,rs-000747-9gbs4,2a3f6606-7328-4397-b2f9-4ab605d492a0,1,5237.495895
2026/01/26/21:40:59,running-time,rs-000747-9gbs4,2a3f6606-7328-4397-b2f9-4ab605d492a0,1,5237.495895
2026/01/26/21:40:59,apply-time,rs-000747-hh9l5,150422a1-118e-4c3e-80c4-5042dfce828c,1,5237.495895
2026/01/26/21:40:59,running-time,rs-000747-hh9l5,150422a1-118e-4c3e-80c4-5042dfce828c,1,5237.495895
2026/01/26/21:41:01,apply-time,rs-000748-9pvvv,5577f5fa-c976-49d0-b887-c4ec9e2fdc17,1,5240.495895
2026/01/26/21:41:01,apply-time,rs-000749-7m8dv,7e14fc14-9993-4577-be39-0d2bf1afad3b,1,5240.495895
2026/01/26/21:41:01,apply-time,rs-000749-pp95d,cc4cb71d-c8ec-48eb-8fe8-1a3a80056e68,1,5240.495895
2026/01/26/21:41:01,apply-time,rs-000749-vqkzw,42668d33-8cb8-463a-bc24-13af5728fd44,1,5240.495895
2026/01/26/21:41:02,running-time,rs-000748-9pvvv,5577f5fa-c976-49d0-b887-c4ec9e2fdc17,1,5240.495895
2026/01/26/21:41:02,running-time,rs-000749-vqkzw,42668d33-8cb8-463a-bc24-13af5728fd44,1,5240.495895
2026/01/26/21:41:02,apply-time,rs-000750-684gb,b46b3387-5ac4-4885-bd39-9c86ea183b9e,1,5240.495895
2026/01/26/21:41:02,running-time,rs-000750-684gb,b46b3387-5ac4-4885-bd39-9c86ea183b9e,1,5240.495895
2026/01/26/21:41:02,apply-time,rs-000750-dc7hh,b3da82fc-18a9-4878-8e9b-5d890aa5c94d,1,5240.495895
2026/01/26/21:41:02,running-time,rs-000750-dc7hh,b3da82fc-18a9-4878-8e9b-5d890aa5c94d,1,5240.495895
2026/01/26/21:41:02,apply-time,rs-000750-w2wsd,57d4e43e-059a-4605-a4b9-d7897d28f97d,1,5240.495895
2026/01/26/21:41:02,running-time,rs-000750-w2wsd,57d4e43e-059a-4605-a4b9-d7897d28f97d,1,5240.495895
2026/01/26/21:41:02,apply-time,rs-000751-5qsdw,36680b13-7c28-40da-822e-438c4dbebe1e,1,5240.495895
2026/01/26/21:41:02,apply-time,rs-000751-6mzw4,69b0cbe2-8bfb-4dc9-a57a-0c169eb7d9b6,1,5240.495895
2026/01/26/21:41:02,apply-time,rs-000751-95lbh,a2b5f93e-1234-43be-b918-1de64a601c40,1,5240.495895
2026/01/26/21:41:02,apply-time,rs-000752-6xq7d,7f5b3e2c-8777-43b3-81ee-c7753b526871,1,5241.495895
2026/01/26/21:41:02,apply-time,rs-000752-9vf2t,6c54b4e0-d258-4991-b04f-b0ae88a23a7d,1,5241.495895
2026/01/26/21:41:02,apply-time,rs-000752-jk5rn,2448fa61-0e30-44a0-a42f-bfe687959784,1,5241.495895
2026/01/26/21:41:02,apply-time,rs-000753-7lsrf,903ea123-f2da-4314-b87f-d2119dfea2a0,1,5240.495895
2026/01/26/21:41:02,running-time,rs-000753-7lsrf,903ea123-f2da-4314-b87f-d2119dfea2a0,1,5240.495895
2026/01/26/21:41:02,apply-time,rs-000753-stx2q,ddfd2202-44e4-46c4-8b27-49c6ccc5a321,1,5240.495895
2026/01/26/21:41:02,running-time,rs-000753-stx2q,ddfd2202-44e4-46c4-8b27-49c6ccc5a321,1,5241.495895
2026/01/26/21:41:02,apply-time,rs-000754-f85hn,d93aa65c-c81c-4040-8774-3d90fadff482,1,5241.495895
2026/01/26/21:41:02,running-time,rs-000754-f85hn,d93aa65c-c81c-4040-8774-3d90fadff482,1,5241.495895
2026/01/26/21:41:02,apply-time,rs-000755-82l2k,0e7d8bf9-a6c3-402e-b672-cd7b291cc87c,1,5241.495895
2026/01/26/21:41:02,running-time,rs-000755-82l2k,0e7d8bf9-a6c3-402e-b672-cd7b291cc87c,1,5241.495895
2026/01/26/21:41:03,apply-time,rs-000755-rrhxv,ad24e9f3-c6b8-40dd-accf-751fdd1ef20e,1,5241.495895
2026/01/26/21:41:05,running-time,rs-000755-rrhxv,ad24e9f3-c6b8-40dd-accf-751fdd1ef20e,1,5244.495895
2026/01/26/21:41:23,running-time,rs-000749-7m8dv,7e14fc14-9993-4577-be39-0d2bf1afad3b,1,5262.495895
2026/01/26/21:41:28,apply-time,rs-000756-b6zbx,aff8e73f-c892-4c5f-ad0f-70613df9d01b,1,5267.495895
2026/01/26/21:41:28,apply-time,rs-000757-527rd,700d5a7a-9b52-40a2-9cc8-3c6de79289e3,1,5267.495895
2026/01/26/21:41:28,apply-time,rs-000757-9tnfx,759fb675-359a-406e-86b8-827c675e4fd0,1,5267.495895
2026/01/26/21:41:28,running-time,rs-000757-9tnfx,759fb675-359a-406e-86b8-827c675e4fd0,1,5267.495895
2026/01/26/21:41:28,apply-time,rs-000758-sxlkb,4982158d-3996-4a10-984e-d17ab078339e,1,5267.495895
2026/01/26/21:41:29,running-time,rs-000757-527rd,700d5a7a-9b52-40a2-9cc8-3c6de79289e3,1,5267.495895
2026/01/26/21:41:29,running-time,rs-000758-sxlkb,4982158d-3996-4a10-984e-d17ab078339e,1,5267.495895
2026/01/26/21:41:30,apply-time,rs-000759-pjttv,3a788d51-c8ac-4b8a-bc09-03e72bd732bd,1,5269.495895
2026/01/26/21:41:30,running-time,rs-000759-pjttv,3a788d51-c8ac-4b8a-bc09-03e72bd732bd,1,5269.495895
2026/01/26/21:41:30,apply-time,rs-000760-2w4wc,951c313b-1195-419d-9011-f4d06d6ed893,1,5269.495895
2026/01/26/21:41:30,apply-time,rs-000760-8lcqd,f843aeb5-44ba-45ce-a051-1552ae6d201f,1,5269.495895
2026/01/26/21:41:30,apply-time,rs-000760-c7p7d,31a443e9-46e4-4d16-b0eb-fb3831d2f668,1,5269.495895
2026/01/26/21:41:31,apply-time,rs-000761-c9xkb,3029c773-0996-4da8-9fed-7fe1f001f45c,1,5270.495895
2026/01/26/21:41:31,running-time,rs-000761-c9xkb,3029c773-0996-4da8-9fed-7fe1f001f45c,1,5270.495895
2026/01/26/21:41:32,apply-time,rs-000762-5ttjz,0bc2b554-dc0c-4f45-a63e-4de1cda4cb15,1,5271.495895
2026/01/26/21:41:32,apply-time,rs-000762-hqqq7,d08a36b9-05f4-4167-a3fb-b452a527aaa4,1,5271.495895
2026/01/26/21:41:32,apply-time,rs-000763-xl6xf,8b9ed299-c081-4646-a8fa-f0c27da2127a,1,5271.495895
2026/01/26/21:41:33,running-time,rs-000762-5ttjz,0bc2b554-dc0c-4f45-a63e-4de1cda4cb15,1,5271.495895
2026/01/26/21:41:33,running-time,rs-000762-hqqq7,d08a36b9-05f4-4167-a3fb-b452a527aaa4,1,5271.495895
2026/01/26/21:41:33,running-time,rs-000763-xl6xf,8b9ed299-c081-4646-a8fa-f0c27da2127a,1,5271.495895
2026/01/26/21:41:37,apply-time,rs-000764-jpbf7,e9a6f72a-f674-4ac6-95d0-dbc64884e54d,1,5275.495895
2026/01/26/21:41:37,running-time,rs-000764-jpbf7,e9a6f72a-f674-4ac6-95d0-dbc64884e54d,1,5275.495895
2026/01/26/21:41:41,running-time,rs-000756-b6zbx,aff8e73f-c892-4c5f-ad0f-70613df9d01b,1,5280.495895
2026/01/26/21:41:55,running-time,rs-000749-pp95d,cc4cb71d-c8ec-48eb-8fe8-1a3a80056e68,1,5293.495895
2026/01/26/21:42:21,running-time,rs-000752-jk5rn,2448fa61-0e30-44a0-a42f-bfe687959784,1,5320.495895
2026/01/26/21:42:33,apply-time,rs-000765-kt5m2,0a2d1c78-5fb0-4790-aade-6f28e3cbf891,1,5332.495895
2026/01/26/21:42:33,running-time,rs-000765-kt5m2,0a2d1c78-5fb0-4790-aade-6f28e3cbf891,1,5332.495895
2026/01/26/21:42:56,apply-time,rs-000766-gccgp,f3100ce1-136c-45ce-9228-d69b3b822c0d,1,5355.495895
2026/01/26/21:42:56,running-time,rs-000766-gccgp,f3100ce1-136c-45ce-9228-d69b3b822c0d,1,5355.495895
2026/01/26/21:42:56,apply-time,rs-000766-hg4hr,337c304f-e23c-4712-a52e-07baa4119c58,1,5355.495895
2026/01/26/21:42:56,running-time,rs-000766-hg4hr,337c304f-e23c-4712-a52e-07baa4119c58,1,5355.495895
2026/01/26/21:42:56,apply-time,rs-000767-f9dfj,aff06234-b18a-423a-9a02-6d30b7f9e125,1,5355.495895
2026/01/26/21:42:56,apply-time,rs-000767-jw9g6,2a54562b-3007-481a-9d96-70aade49bb0a,1,5355.495895
2026/01/26/21:42:56,apply-time,rs-000767-kb2t2,539957a5-911a-430f-8ce3-6acad0965647,1,5355.495895
2026/01/26/21:42:56,apply-time,rs-000768-9k567,f2d2fddf-617e-4a92-9d1d-e2e1683efc7f,1,5355.495895
2026/01/26/21:42:56,running-time,rs-000768-9k567,f2d2fddf-617e-4a92-9d1d-e2e1683efc7f,1,5355.495895
2026/01/26/21:42:56,apply-time,rs-000769-9qqzx,f745b557-dc0b-4b13-bf8d-34817cca26de,1,5355.495895
2026/01/26/21:42:56,running-time,rs-000769-9qqzx,f745b557-dc0b-4b13-bf8d-34817cca26de,1,5355.495895
2026/01/26/21:42:56,apply-time,rs-000769-jlspw,6976f9d2-e26e-4fcb-b1ea-4b70e1900c0d,1,5355.495895
2026/01/26/21:42:56,running-time,rs-000769-jlspw,6976f9d2-e26e-4fcb-b1ea-4b70e1900c0d,1,5355.495895
2026/01/26/21:42:57,apply-time,rs-000770-b2x9v,4cb8dfa7-e423-4573-a5e8-2a0cece01862,1,5356.495895
2026/01/26/21:42:57,running-time,rs-000770-b2x9v,4cb8dfa7-e423-4573-a5e8-2a0cece01862,1,5356.495895
2026/01/26/21:43:03,apply-time,rs-000771-c5mf2,14fe561f-c2b5-4828-88e0-d522b5a62ed6,1,5362.495895
2026/01/26/21:43:03,apply-time,rs-000771-hw2zm,d35159d3-47f6-4d1d-a79e-8b6668b2017d,1,5362.495895
2026/01/26/21:43:03,apply-time,rs-000771-lrhzp,839aa00d-ad64-467d-a772-5f764c6ae01b,1,5362.495895
2026/01/26/21:43:03,running-time,rs-000771-lrhzp,839aa00d-ad64-467d-a772-5f764c6ae01b,1,5362.495895
2026/01/26/21:43:03,apply-time,rs-000772-7lgq5,25c8169d-6557-4df8-a872-08191b4ac984,1,5362.495895
2026/01/26/21:43:03,running-time,rs-000772-7lgq5,25c8169d-6557-4df8-a872-08191b4ac984,1,5362.495895
2026/01/26/21:45:00,apply-time,rs-000773-5jf6k,a76cb9a9-4c6e-4dcd-b965-713e590345a1,1,5476.495895
2026/01/26/21:45:00,running-time,rs-000773-5jf6k,a76cb9a9-4c6e-4dcd-b965-713e590345a1,1,5477.495895
2026/01/26/21:45:00,apply-time,rs-000773-ttdzq,6eb6434a-df70-4bf7-87ec-fafb6e188891,1,5477.495895
2026/01/26/21:45:00,running-time,rs-000773-ttdzq,6eb6434a-df70-4bf7-87ec-fafb6e188891,1,5477.495895
2026/01/26/21:46:03,apply-time,rs-000776-ggkps,fe973c2e-c5b6-429f-810b-ef1df10e50ec,1,5543.495895
2026/01/26/21:46:07,apply-time,rs-000774-5nhjn,99b53c09-1c5c-4eb7-b540-0dae440104af,1,5543.495895
2026/01/26/21:46:07,running-time,rs-000774-5nhjn,99b53c09-1c5c-4eb7-b540-0dae440104af,1,5543.495895
2026/01/26/21:46:07,apply-time,rs-000775-l2g9x,aacf0323-0fdd-46ae-b322-ebe286cca436,1,5543.495895
2026/01/26/21:46:07,running-time,rs-000775-l2g9x,aacf0323-0fdd-46ae-b322-ebe286cca436,1,5543.495895
2026/01/26/21:46:07,apply-time,rs-000775-m4pxg,7a44731e-65bc-4ab3-83ac-8ed8a1eca83a,1,5543.495895
2026/01/26/21:46:07,running-time,rs-000775-m4pxg,7a44731e-65bc-4ab3-83ac-8ed8a1eca83a,1,5543.495895
2026/01/26/21:46:07,apply-time,rs-000777-r54hz,86b6a05e-a589-4ed5-81c1-de3147d7cec6,1,5543.495895
2026/01/26/21:46:07,running-time,rs-000777-r54hz,86b6a05e-a589-4ed5-81c1-de3147d7cec6,1,5544.495895
2026/01/26/21:46:07,apply-time,rs-000777-sjxtz,c838b830-c87a-45f8-8b48-ed0065d2847b,1,5543.495895
2026/01/26/21:46:07,running-time,rs-000777-sjxtz,c838b830-c87a-45f8-8b48-ed0065d2847b,1,5544.495895
2026/01/26/21:46:07,apply-time,rs-000778-2blfb,0db1e493-624c-46fd-8da2-fd22fd30a99e,1,5543.495895
2026/01/26/21:46:07,running-time,rs-000778-2blfb,0db1e493-624c-46fd-8da2-fd22fd30a99e,1,5544.495895
2026/01/26/21:46:07,apply-time,rs-000779-p2xml,75cb14f7-4ca4-4826-b41d-70168b416431,1,5544.495895
2026/01/26/21:46:07,running-time,rs-000779-p2xml,75cb14f7-4ca4-4826-b41d-70168b416431,1,5544.495895
2026/01/26/21:46:07,apply-time,rs-000780-j7j5c,16e4864e-399a-4673-9c25-c3a51f80c413,1,5544.495895
2026/01/26/21:46:07,running-time,rs-000780-j7j5c,16e4864e-399a-4673-9c25-c3a51f80c413,1,5545.495895
2026/01/26/21:46:07,apply-time,rs-000781-g5jnh,f13196a7-8190-426b-9995-413b01ab05b5,1,5545.495895
2026/01/26/21:46:07,running-time,rs-000781-g5jnh,f13196a7-8190-426b-9995-413b01ab05b5,1,5545.495895
2026/01/26/21:46:07,apply-time,rs-000781-pxlsj,fcd383d3-36bd-44a2-b3b7-b21d368bd364,1,5545.495895
2026/01/26/21:46:07,running-time,rs-000781-pxlsj,fcd383d3-36bd-44a2-b3b7-b21d368bd364,1,5545.495895
2026/01/26/21:46:07,apply-time,rs-000781-w9z2t,a6880785-c515-43dc-9cdd-23d1a6f2f535,1,5544.495895
2026/01/26/21:46:07,running-time,rs-000781-w9z2t,a6880785-c515-43dc-9cdd-23d1a6f2f535,1,5545.495895
2026/01/26/21:46:07,apply-time,rs-000783-mxpwt,ad371e16-c09b-48d1-87c9-7bc89a185ead,1,5545.495895
2026/01/26/21:46:07,running-time,rs-000783-mxpwt,ad371e16-c09b-48d1-87c9-7bc89a185ead,1,5545.495895
2026/01/26/21:46:14,apply-time,rs-000784-kxmlr,a5eb65cb-bdd4-4f27-a4a3-04c70b01b29a,1,5553.495895
2026/01/26/21:46:14,apply-time,rs-000784-t4xv2,639df00f-f93d-4538-84e8-effa4b4d7153,1,5553.495895
2026/01/26/21:46:14,apply-time,rs-000784-x7s86,d534e085-2f4b-41c7-b82d-b3d5bc0be8a1,1,5553.495895
2026/01/26/21:46:14,running-time,rs-000784-x7s86,d534e085-2f4b-41c7-b82d-b3d5bc0be8a1,1,5553.495895
2026/01/26/21:46:17,apply-time,rs-000785-2c2gb,b32d969d-ddfa-43fb-b251-01477f635ac3,1,5556.495895
2026/01/26/21:46:17,running-time,rs-000785-2c2gb,b32d969d-ddfa-43fb-b251-01477f635ac3,1,5556.495895
2026/01/26/21:46:17,apply-time,rs-000785-dgpn2,9a513b67-4361-4932-8721-e4cd210132bd,1,5556.495895
2026/01/26/21:46:17,running-time,rs-000785-dgpn2,9a513b67-4361-4932-8721-e4cd210132bd,1,5556.495895
2026/01/26/21:46:17,apply-time,rs-000786-srrgv,3ea44634-4f7b-4d8c-8548-acfed177ca01,1,5556.495895
2026/01/26/21:46:17,running-time,rs-000786-srrgv,3ea44634-4f7b-4d8c-8548-acfed177ca01,1,5556.495895
2026/01/26/21:46:17,apply-time,rs-000787-5v9kv,e7ba34e7-c626-4d7a-a9a2-30883f91241c,1,5556.495895
2026/01/26/21:46:17,running-time,rs-000787-5v9kv,e7ba34e7-c626-4d7a-a9a2-30883f91241c,1,5556.495895
2026/01/26/21:46:17,apply-time,rs-000787-kwpw9,ed3c59a6-3fb3-4657-8cf7-64768979f2c0,1,5556.495895
2026/01/26/21:46:17,running-time,rs-000787-kwpw9,ed3c59a6-3fb3-4657-8cf7-64768979f2c0,1,5556.495895
2026/01/26/21:46:17,apply-time,rs-000787-zp4s9,bbedf613-1601-4f76-9ea5-a727027c659f,1,5556.495895
2026/01/26/21:46:17,running-time,rs-000787-zp4s9,bbedf613-1601-4f76-9ea5-a727027c659f,1,5556.495895
2026/01/26/21:46:37,apply-time,rs-000788-jnwtm,9442f185-e62b-4bd3-9789-2e4fdf857f73,1,5575.495895
2026/01/26/21:46:37,running-time,rs-000788-jnwtm,9442f185-e62b-4bd3-9789-2e4fdf857f73,1,5575.495895
2026/01/26/21:46:37,apply-time,rs-000788-rbhct,f6c618ab-9c09-4789-9cb1-993d1e466b4b,1,5575.495895
2026/01/26/21:46:37,running-time,rs-000788-rbhct,f6c618ab-9c09-4789-9cb1-993d1e466b4b,1,5575.495895
2026/01/26/21:46:37,apply-time,rs-000789-5j4f4,37b57a89-0900-4ffa-a90e-6a0e59b69c6a,1,5575.495895
2026/01/26/21:46:37,running-time,rs-000789-5j4f4,37b57a89-0900-4ffa-a90e-6a0e59b69c6a,1,5575.495895
2026/01/26/21:46:37,apply-time,rs-000789-6dp2g,329e1394-04d4-4f3c-8e95-c0c284d65b96,1,5575.495895
2026/01/26/21:46:37,running-time,rs-000789-6dp2g,329e1394-04d4-4f3c-8e95-c0c284d65b96,1,5575.495895
2026/01/26/21:46:37,apply-time,rs-000789-r97xf,29b239cb-474d-4759-a0b1-e83c46aa3b0b,1,5575.495895
2026/01/26/21:46:37,running-time,rs-000789-r97xf,29b239cb-474d-4759-a0b1-e83c46aa3b0b,1,5575.495895
2026/01/26/21:46:37,apply-time,rs-000790-5tbcc,b6f56675-8e50-45ce-b4e5-afb096b11248,1,5575.495895
2026/01/26/21:46:37,running-time,rs-000790-5tbcc,b6f56675-8e50-45ce-b4e5-afb096b11248,1,5576.495895
2026/01/26/21:46:37,apply-time,rs-000791-vhdh5,c39f1c99-c2f0-428f-b28b-b594899d43d4,1,5575.495895
2026/01/26/21:46:37,running-time,rs-000791-vhdh5,c39f1c99-c2f0-428f-b28b-b594899d43d4,1,5576.495895
2026/01/26/21:46:37,apply-time,rs-000792-9szm2,ecb99d13-8344-424f-9f85-826b59b2255d,1,5576.495895
2026/01/26/21:46:37,apply-time,rs-000793-hh7p4,0561cecc-af67-42c6-bff2-84b16269832a,1,5577.495895
2026/01/26/21:46:37,running-time,rs-000793-hh7p4,0561cecc-af67-42c6-bff2-84b16269832a,1,5577.495895
2026/01/26/21:46:37,apply-time,rs-000794-qvxw5,a1e789ec-93dc-4591-9159-8abdd89a13d2,1,5577.495895
2026/01/26/21:46:37,running-time,rs-000794-qvxw5,a1e789ec-93dc-4591-9159-8abdd89a13d2,1,5577.495895
2026/01/26/21:46:37,apply-time,rs-000794-wwvjd,a1f7b9d5-d903-470a-a5ec-8e380363f1a2,1,5577.495895
2026/01/26/21:46:37,apply-time,rs-000795-v9gt4,ecd2cccb-7138-4c01-9b9c-6aa8c53dffb4,1,5577.495895
2026/01/26/21:46:37,running-time,rs-000795-v9gt4,ecd2cccb-7138-4c01-9b9c-6aa8c53dffb4,1,5577.495895
2026/01/26/21:46:51,running-time,rs-000794-wwvjd,a1f7b9d5-d903-470a-a5ec-8e380363f1a2,1,5589.495895
2026/01/26/21:46:52,apply-time,rs-000796-48mpl,98999c48-1086-47fc-8c55-b7b501170775,1,5590.495895
2026/01/26/21:46:52,apply-time,rs-000796-tlxlf,5c147eb9-6e82-4189-8761-35c488691591,1,5590.495895
2026/01/26/21:46:52,apply-time,rs-000797-7ffxr,8a8d534f-d842-4037-bcdf-f4d00a8c45c1,1,5590.495895
2026/01/26/21:46:53,apply-time,rs-000798-g97lz,18389090-b857-4c7f-a3e3-bd4ba0611135,1,5592.495895
2026/01/26/21:46:53,running-time,rs-000798-g97lz,18389090-b857-4c7f-a3e3-bd4ba0611135,1,5592.495895
2026/01/26/21:46:53,apply-time,rs-000798-kbjfm,f3716672-4748-49ac-b304-e8faf60bd7e0,1,5592.495895
2026/01/26/21:46:53,running-time,rs-000798-kbjfm,f3716672-4748-49ac-b304-e8faf60bd7e0,1,5592.495895
2026/01/26/21:46:57,apply-time,rs-000799-2q9dh,482e2125-af4d-4d28-af97-6004331721e6,1,5596.495895
2026/01/26/21:46:57,running-time,rs-000799-2q9dh,482e2125-af4d-4d28-af97-6004331721e6,1,5596.495895
2026/01/26/21:46:57,apply-time,rs-000799-2v7dn,22ffe05d-d13a-49d9-94de-3dce298dc7b3,1,5596.495895
2026/01/26/21:46:57,running-time,rs-000799-2v7dn,22ffe05d-d13a-49d9-94de-3dce298dc7b3,1,5596.495895
2026/01/26/21:46:58,apply-time,rs-000800-cg7jm,698a65ed-63f8-45c5-9488-29721c1f5080,1,5596.495895
2026/01/26/21:46:58,running-time,rs-000800-cg7jm,698a65ed-63f8-45c5-9488-29721c1f5080,1,5596.495895
2026/01/26/21:46:58,apply-time,rs-000800-gfxct,64eb25d2-fd5c-4160-8c35-206a83cc07a2,1,5596.495895
2026/01/26/21:46:58,running-time,rs-000800-gfxct,64eb25d2-fd5c-4160-8c35-206a83cc07a2,1,5596.495895
2026/01/26/21:46:58,apply-time,rs-000800-h2qq5,faa6245b-0266-46a9-b1ba-8753a588b7b2,1,5596.495895
2026/01/26/21:46:58,running-time,rs-000800-h2qq5,faa6245b-0266-46a9-b1ba-8753a588b7b2,1,5596.495895
2026/01/26/21:46:58,apply-time,rs-000801-kw4gs,0b04bb7b-1cd9-4ae7-ba33-867e8fa9eac2,1,5597.495895
2026/01/26/21:46:58,running-time,rs-000801-kw4gs,0b04bb7b-1cd9-4ae7-ba33-867e8fa9eac2,1,5597.495895
2026/01/26/21:46:58,apply-time,rs-000801-lf8jh,8118d7df-7bb1-4724-b090-66fe655430af,1,5597.495895
2026/01/26/21:46:58,running-time,rs-000801-lf8jh,8118d7df-7bb1-4724-b090-66fe655430af,1,5597.495895
2026/01/26/21:46:58,apply-time,rs-000801-qknxv,dbd8b013-90a7-45ca-8202-30f25adee317,1,5597.495895
2026/01/26/21:46:58,running-time,rs-000801-qknxv,dbd8b013-90a7-45ca-8202-30f25adee317,1,5597.495895
2026/01/26/21:46:58,apply-time,rs-000802-94pvb,3fd654bf-380a-44dd-912c-d7fd359a5633,1,5597.495895
2026/01/26/21:46:58,apply-time,rs-000802-kbfhw,0c5d327c-4355-48e9-9495-c97b52742876,1,5597.495895
2026/01/26/21:46:58,apply-time,rs-000803-564v5,5389ad46-ace8-4c81-8a27-45f38d5bc12a,1,5597.495895
2026/01/26/21:46:58,running-time,rs-000803-564v5,5389ad46-ace8-4c81-8a27-45f38d5bc12a,1,5597.495895
2026/01/26/21:46:58,apply-time,rs-000803-hf5k4,2f48e68d-636a-442b-a8da-1c706bdc33e3,1,5597.495895
2026/01/26/21:46:58,running-time,rs-000803-hf5k4,2f48e68d-636a-442b-a8da-1c706bdc33e3,1,5597.495895
2026/01/26/21:46:58,apply-time,rs-000803-smbtz,d68529d8-e028-4c32-a782-6a0c7a502f1e,1,5597.495895
2026/01/26/21:46:58,running-time,rs-000803-smbtz,d68529d8-e028-4c32-a782-6a0c7a502f1e,1,5597.495895
2026/01/26/21:47:16,running-time,rs-000802-94pvb,3fd654bf-380a-44dd-912c-d7fd359a5633,1,5615.495895
2026/01/26/21:47:16,running-time,rs-000802-kbfhw,0c5d327c-4355-48e9-9495-c97b52742876,1,5615.495895
2026/01/26/21:47:40,apply-time,rs-000804-79wz4,0a6d877e-e905-4a90-9e8e-ccbd972d6eec,1,5638.495895
2026/01/26/21:47:40,running-time,rs-000804-79wz4,0a6d877e-e905-4a90-9e8e-ccbd972d6eec,1,5638.495895
2026/01/26/21:47:40,apply-time,rs-000804-kl6tt,4cc43196-8cb9-41c6-911e-030a32ad20d9,1,5638.495895
2026/01/26/21:47:40,running-time,rs-000804-kl6tt,4cc43196-8cb9-41c6-911e-030a32ad20d9,1,5638.495895
2026/01/26/21:47:44,apply-time,rs-000805-s4t6n,4b4bfacf-3731-4310-b468-4ac16fa53c7b,1,5642.495895
2026/01/26/21:47:44,running-time,rs-000805-s4t6n,4b4bfacf-3731-4310-b468-4ac16fa53c7b,1,5642.495895
2026/01/26/21:48:26,apply-time,rs-000806-fxzs8,e4d3a0b5-66d7-41f0-bfc2-d68e317acd49,1,5685.495895
2026/01/26/21:48:26,running-time,rs-000806-fxzs8,e4d3a0b5-66d7-41f0-bfc2-d68e317acd49,1,5685.495895
2026/01/26/21:48:26,apply-time,rs-000806-xw6tr,32191e3d-89ae-4333-806f-ce3b1f0792e3,1,5685.495895
2026/01/26/21:48:26,running-time,rs-000806-xw6tr,32191e3d-89ae-4333-806f-ce3b1f0792e3,1,5685.495895
2026/01/26/21:48:27,apply-time,rs-000807-v6pbg,0324a0fa-ebad-4d0d-ac1d-a15a1648871e,1,5685.495895
2026/01/26/21:48:27,running-time,rs-000807-v6pbg,0324a0fa-ebad-4d0d-ac1d-a15a1648871e,1,5685.495895
2026/01/26/21:48:27,apply-time,rs-000808-9dqxg,769e4fd2-b870-46ed-820a-dce6a12c1300,1,5685.495895
2026/01/26/21:48:27,running-time,rs-000808-9dqxg,769e4fd2-b870-46ed-820a-dce6a12c1300,1,5685.495895
2026/01/26/21:48:27,apply-time,rs-000808-gxx5d,0397e6ac-61d2-4788-b075-5336a76d257c,1,5685.495895
2026/01/26/21:48:30,apply-time,rs-000809-92hxv,d0e271d6-7e9c-49b5-b81b-3152c785e20d,1,5689.495895
2026/01/26/21:48:30,apply-time,rs-000809-tn5zq,10adc575-7a3e-4404-99e9-b5f6b7199733,1,5689.495895
2026/01/26/21:48:30,apply-time,rs-000809-wbkrk,9ea612a2-87fb-4e2c-8273-8bda94153559,1,5689.495895
2026/01/26/21:48:30,apply-time,rs-000810-ptxlz,a4cdef75-de01-4a70-a92d-9d01b763d9d2,1,5689.495895
2026/01/26/21:48:30,apply-time,rs-000810-wdjrv,d6234d71-fe45-4204-a331-04557956dd19,1,5689.495895
2026/01/26/21:48:34,running-time,rs-000808-gxx5d,0397e6ac-61d2-4788-b075-5336a76d257c,1,5692.495895
2026/01/26/21:50:14,apply-time,rs-000811-9pjnf,3003f221-cd7f-4b31-9753-3fbde8954092,1,5793.495895
2026/01/26/21:50:14,apply-time,rs-000812-8hswk,c3ff2577-c00a-4312-af83-a99a25b5303d,1,5793.495895
2026/01/26/21:50:14,apply-time,rs-000812-hfqng,d9a36167-8108-40f6-871e-fc1414504353,1,5793.495895
2026/01/26/21:50:14,apply-time,rs-000812-xqzg5,f428a0c3-362b-4874-8c16-72cba30c08b2,1,5793.495895
2026/01/26/21:50:16,apply-time,rs-000813-rjz54,61495f72-a103-45b7-a80e-cfe6737b9187,1,5795.495895
2026/01/26/21:50:16,running-time,rs-000813-rjz54,61495f72-a103-45b7-a80e-cfe6737b9187,1,5795.495895
2026/01/26/21:50:16,apply-time,rs-000814-b76s6,578127ec-0225-48b6-be78-f6c5a914c9f5,1,5795.495895
2026/01/26/21:50:16,running-time,rs-000814-b76s6,578127ec-0225-48b6-be78-f6c5a914c9f5,1,5795.495895
2026/01/26/21:50:16,apply-time,rs-000815-l2ztg,258b9807-f7ca-428f-9ef0-d126766061fd,1,5795.495895
2026/01/26/21:50:16,running-time,rs-000815-l2ztg,258b9807-f7ca-428f-9ef0-d126766061fd,1,5795.495895
2026/01/26/21:50:16,apply-time,rs-000815-v8xzt,1e06ff28-6cfc-4a40-ac48-dd0aea385235,1,5795.495895
2026/01/26/21:50:16,running-time,rs-000815-v8xzt,1e06ff28-6cfc-4a40-ac48-dd0aea385235,1,5795.495895
2026/01/26/21:50:16,apply-time,rs-000815-wsjhl,00b3f9b1-948d-4353-9caf-00dfccfa76af,1,5795.495895
2026/01/26/21:50:16,running-time,rs-000815-wsjhl,00b3f9b1-948d-4353-9caf-00dfccfa76af,1,5795.495895
2026/01/26/21:50:16,apply-time,rs-000816-tf8ph,c4dfdbe4-ef51-4ffd-b7e0-33a04020b76d,1,5795.495895
2026/01/26/21:50:16,running-time,rs-000816-tf8ph,c4dfdbe4-ef51-4ffd-b7e0-33a04020b76d,1,5795.495895
2026/01/26/21:50:16,apply-time,rs-000817-xjtz2,78e887d7-dd09-49df-b878-99f804dff455,1,5795.495895
2026/01/26/21:50:58,running-time,rs-000752-9vf2t,6c54b4e0-d258-4991-b04f-b0ae88a23a7d,1,5836.495895
2026/01/26/21:51:16,running-time,rs-000767-jw9g6,2a54562b-3007-481a-9d96-70aade49bb0a,1,5855.495895
2026/01/26/21:52:17,apply-time,rs-000818-4qtr8,6294bc39-706a-469b-8c84-d737138a4a1f,1,5915.495895
2026/01/26/21:52:17,running-time,rs-000818-4qtr8,6294bc39-706a-469b-8c84-d737138a4a1f,1,5915.495895
2026/01/26/21:52:17,apply-time,rs-000818-6499n,370137d0-a04e-4e0a-be2a-c7dfcf0378d1,1,5915.495895
2026/01/26/21:52:17,running-time,rs-000818-6499n,370137d0-a04e-4e0a-be2a-c7dfcf0378d1,1,5915.495895
2026/01/26/21:52:17,apply-time,rs-000818-7hrr8,faea3a14-0aec-4ef2-b636-7ab205959bf1,1,5915.495895
2026/01/26/21:52:17,running-time,rs-000818-7hrr8,faea3a14-0aec-4ef2-b636-7ab205959bf1,1,5915.495895
2026/01/26/21:53:09,apply-time,rs-000819-2kdvw,e3d1aff0-e0ac-44a7-af88-3559fd8f38e4,1,5967.495895
2026/01/26/21:53:09,running-time,rs-000819-2kdvw,e3d1aff0-e0ac-44a7-af88-3559fd8f38e4,1,5967.495895
2026/01/26/21:53:09,apply-time,rs-000819-hl9g5,8bae559e-1470-4aeb-886a-d1701af908fc,1,5967.495895
2026/01/26/21:53:09,running-time,rs-000819-hl9g5,8bae559e-1470-4aeb-886a-d1701af908fc,1,5967.495895
2026/01/26/21:53:09,apply-time,rs-000819-whhrw,d468f311-b227-4909-9f60-a23261dbefc3,1,5966.495895
2026/01/26/21:53:09,running-time,rs-000819-whhrw,d468f311-b227-4909-9f60-a23261dbefc3,1,5967.495895
2026/01/26/21:53:09,apply-time,rs-000820-fttdd,a7ea8ab0-b6c6-4a84-948f-2cf0ef80b256,1,5966.495895
2026/01/26/21:53:09,running-time,rs-000820-fttdd,a7ea8ab0-b6c6-4a84-948f-2cf0ef80b256,1,5967.495895
2026/01/26/21:53:09,apply-time,rs-000820-gd855,1c7b2cd6-3588-4b06-859b-1b17f4a3ef45,1,5966.495895
2026/01/26/21:53:09,running-time,rs-000820-gd855,1c7b2cd6-3588-4b06-859b-1b17f4a3ef45,1,5967.495895
2026/01/26/21:53:10,apply-time,rs-000821-qkblv,42511da0-60d5-4f73-b39a-b0908813afdf,1,5969.495895
2026/01/26/21:53:10,running-time,rs-000821-qkblv,42511da0-60d5-4f73-b39a-b0908813afdf,1,5969.495895
2026/01/26/21:53:10,apply-time,rs-000822-7zxtt,1f5dfdd8-89a1-428b-80df-a48ef0d7d7f2,1,5969.495895
2026/01/26/21:53:10,running-time,rs-000822-7zxtt,1f5dfdd8-89a1-428b-80df-a48ef0d7d7f2,1,5969.495895
2026/01/26/21:53:10,apply-time,rs-000823-d6wjr,7e03609a-4538-4ecf-85da-7c68243818e8,1,5969.495895
2026/01/26/21:53:10,apply-time,rs-000823-vjnmc,4ffb6419-61d6-435c-811d-4cebd1dacfd8,1,5969.495895
2026/01/26/21:53:10,apply-time,rs-000824-6bvn4,c2ae988b-2e57-47ac-afff-ad9e372ece09,1,5969.495895
2026/01/26/21:53:10,running-time,rs-000824-6bvn4,c2ae988b-2e57-47ac-afff-ad9e372ece09,1,5969.495895
2026/01/26/21:53:10,apply-time,rs-000824-jjjns,4411dc9a-0626-434a-b8dd-0f965d97ca96,1,5969.495895
2026/01/26/21:53:10,running-time,rs-000824-jjjns,4411dc9a-0626-434a-b8dd-0f965d97ca96,1,5969.495895
2026/01/26/21:53:10,apply-time,rs-000824-mwtrd,c7d05164-3df4-43b0-87a3-cd273ac5f89a,1,5969.495895
2026/01/26/21:53:10,running-time,rs-000824-mwtrd,c7d05164-3df4-43b0-87a3-cd273ac5f89a,1,5969.495895
2026/01/26/21:53:10,apply-time,rs-000825-xsp7r,29615a9d-172e-4eca-a256-75a4fec4ab32,1,5969.495895
2026/01/26/21:53:10,running-time,rs-000825-xsp7r,29615a9d-172e-4eca-a256-75a4fec4ab32,1,5969.495895
2026/01/26/21:53:12,apply-time,rs-000826-bndcr,951517e7-ef1d-4c50-9dff-3dde63c4f884,1,5971.495895
2026/01/26/21:53:12,running-time,rs-000826-bndcr,951517e7-ef1d-4c50-9dff-3dde63c4f884,1,5971.495895
2026/01/26/21:53:12,apply-time,rs-000826-lds72,e544d9d2-982f-4790-8f67-193e779f6921,1,5971.495895
2026/01/26/21:53:12,running-time,rs-000826-lds72,e544d9d2-982f-4790-8f67-193e779f6921,1,5971.495895
2026/01/26/21:53:19,running-time,rs-000767-f9dfj,aff06234-b18a-423a-9a02-6d30b7f9e125,1,5978.495895
2026/01/26/21:53:24,apply-time,rs-000827-78vzv,4377a47a-916e-4cbc-bd3d-949a6ac58f5a,1,5983.495895
2026/01/26/21:53:24,running-time,rs-000827-78vzv,4377a47a-916e-4cbc-bd3d-949a6ac58f5a,1,5983.495895
2026/01/26/21:53:24,apply-time,rs-000828-5s9f9,5756c7a9-7423-46ce-b412-d55e50f06322,1,5983.495895
2026/01/26/21:53:24,running-time,rs-000828-5s9f9,5756c7a9-7423-46ce-b412-d55e50f06322,1,5983.495895
2026/01/26/21:53:24,apply-time,rs-000828-qqddn,6fc6d94e-62eb-4496-94f7-f17d55838032,1,5983.495895
2026/01/26/21:53:24,running-time,rs-000828-qqddn,6fc6d94e-62eb-4496-94f7-f17d55838032,1,5983.495895
2026/01/26/21:53:24,apply-time,rs-000828-x8qnl,de6f636d-a677-4076-9eef-e8d9d622a185,1,5983.495895
2026/01/26/21:53:24,running-time,rs-000828-x8qnl,de6f636d-a677-4076-9eef-e8d9d622a185,1,5983.495895
2026/01/26/21:53:24,apply-time,rs-000829-9g8nz,8b0a5b17-f910-4482-ae6b-fcc115aad629,1,5983.495895
2026/01/26/21:53:24,apply-time,rs-000829-fldjg,ad5c6dd2-854a-4da2-bb21-4cc504e93906,1,5983.495895
2026/01/26/21:53:24,apply-time,rs-000829-g2h8q,0e886cf4-a4ed-4f7c-8d07-f71e6a0cd699,1,5983.495895
2026/01/26/21:53:27,apply-time,rs-000830-mwwgl,0f2d3b96-670e-4a4e-946f-9428d65a00cf,1,5986.495895
2026/01/26/21:53:27,running-time,rs-000830-mwwgl,0f2d3b96-670e-4a4e-946f-9428d65a00cf,1,5986.495895
2026/01/26/21:53:27,apply-time,rs-000830-xbdp6,4f614460-2510-43cf-8c83-e72798073951,1,5986.495895
2026/01/26/21:53:27,running-time,rs-000830-xbdp6,4f614460-2510-43cf-8c83-e72798073951,1,5986.495895
2026/01/26/21:53:27,apply-time,rs-000830-xcs89,8127aa90-8261-42d0-a936-d7684f8966cc,1,5986.495895
2026/01/26/21:53:27,running-time,rs-000830-xcs89,8127aa90-8261-42d0-a936-d7684f8966cc,1,5986.495895
2026/01/26/21:53:27,apply-time,rs-000831-2ks52,84e3c8e0-bae3-4626-a9d0-dd726a4ddede,1,5986.495895
2026/01/26/21:53:27,running-time,rs-000831-2ks52,84e3c8e0-bae3-4626-a9d0-dd726a4ddede,1,5986.495895
2026/01/26/21:53:27,apply-time,rs-000831-llgp6,5edfdcb8-a6e1-446a-953b-63f465a78110,1,5986.495895
2026/01/26/21:53:27,running-time,rs-000831-llgp6,5edfdcb8-a6e1-446a-953b-63f465a78110,1,5986.495895
2026/01/26/21:53:27,apply-time,rs-000832-2jbm2,12245164-190a-47e2-92e9-926ed6578ea5,1,5986.495895
2026/01/26/21:53:27,running-time,rs-000832-2jbm2,12245164-190a-47e2-92e9-926ed6578ea5,1,5986.495895
2026/01/26/21:53:27,apply-time,rs-000832-hpggl,dc311d54-62e1-4bf1-bcfc-f89b647cf563,1,5986.495895
2026/01/26/21:53:27,running-time,rs-000832-hpggl,dc311d54-62e1-4bf1-bcfc-f89b647cf563,1,5986.495895
2026/01/26/21:53:27,apply-time,rs-000832-zrzp5,0120498d-69fc-4a09-9dcd-ad33624d17aa,1,5986.495895
2026/01/26/21:53:27,running-time,rs-000832-zrzp5,0120498d-69fc-4a09-9dcd-ad33624d17aa,1,5986.495895
2026/01/26/21:53:27,apply-time,rs-000833-888ds,aa22d4a2-c426-40a8-a1e9-6e351c794531,1,5986.495895
2026/01/26/21:53:27,running-time,rs-000833-888ds,aa22d4a2-c426-40a8-a1e9-6e351c794531,1,5986.495895
2026/01/26/21:53:27,apply-time,rs-000833-kkf7g,908d4617-100b-4ea2-8508-56a045e1e1e8,1,5986.495895
2026/01/26/21:53:27,apply-time,rs-000833-q8mtp,19823c7a-4efa-49d5-8f47-02c00f80414a,1,5986.495895
2026/01/26/21:53:27,apply-time,rs-000834-jwjd9,60f1386e-42e8-455c-bb50-8207d81e4b21,1,5986.495895
2026/01/26/21:53:36,apply-time,rs-000835-cxrk8,ab8534a4-dbec-4981-a797-8d477252b6b9,1,5995.495895
2026/01/26/21:53:38,running-time,rs-000833-kkf7g,908d4617-100b-4ea2-8508-56a045e1e1e8,1,5997.495895
2026/01/26/21:53:38,running-time,rs-000833-q8mtp,19823c7a-4efa-49d5-8f47-02c00f80414a,1,5997.495895
2026/01/26/21:53:38,running-time,rs-000834-jwjd9,60f1386e-42e8-455c-bb50-8207d81e4b21,1,5997.495895
2026/01/26/21:53:38,running-time,rs-000835-cxrk8,ab8534a4-dbec-4981-a797-8d477252b6b9,1,5997.495895
2026/01/26/21:53:55,apply-time,rs-000836-5tvjr,bf07fac3-6160-4d47-a577-864783c7568c,1,6014.495895
2026/01/26/21:53:55,running-time,rs-000836-5tvjr,bf07fac3-6160-4d47-a577-864783c7568c,1,6014.495895
2026/01/26/21:53:55,apply-time,rs-000836-mkcjp,65ad443d-9267-4e94-9f17-07844bafe7cd,1,6014.495895
2026/01/26/21:53:55,running-time,rs-000836-mkcjp,65ad443d-9267-4e94-9f17-07844bafe7cd,1,6014.495895
2026/01/26/21:53:55,apply-time,rs-000837-xc2b9,73812850-3cb7-4f9e-b6f2-83812e0eb5d0,1,6014.495895
2026/01/26/21:53:55,running-time,rs-000837-xc2b9,73812850-3cb7-4f9e-b6f2-83812e0eb5d0,1,6014.495895
2026/01/26/21:53:55,apply-time,rs-000838-r6vsp,3673e981-3f59-440a-8e74-a76be4f78090,1,6014.495895
2026/01/26/21:53:55,running-time,rs-000838-r6vsp,3673e981-3f59-440a-8e74-a76be4f78090,1,6014.495895
2026/01/26/21:53:55,apply-time,rs-000839-bj8t4,e011b74d-44b6-4eb5-9256-42d922609424,1,6014.495895
2026/01/26/21:53:55,apply-time,rs-000839-lzfvn,f7854422-c45e-4e72-80b8-054cfc5cf5b3,1,6014.495895
2026/01/26/21:53:55,apply-time,rs-000840-6j8w6,bfb53271-6487-4e53-af8b-eb7394efad82,1,6014.495895
2026/01/26/21:53:55,apply-time,rs-000841-qnfq6,f1d536fa-ba52-416e-8431-f2f5c6eba481,1,6014.495895
2026/01/26/21:53:55,apply-time,rs-000841-vlnt2,ae645aba-c91c-46fc-b071-585034a00f7c,1,6014.495895
2026/01/26/21:53:56,apply-time,rs-000842-ftxqt,9eb47a7f-d5d4-4a71-be0c-9c971384c6b2,1,6015.495895
2026/01/26/21:53:56,apply-time,rs-000842-wsv88,cf043105-716f-43db-87ae-27e58a08b002,1,6015.495895
2026/01/26/21:53:56,apply-time,rs-000843-5xzs2,96afc10b-c183-46fa-a289-4b312e4caba9,1,6015.495895
2026/01/26/21:53:56,running-time,rs-000843-5xzs2,96afc10b-c183-46fa-a289-4b312e4caba9,1,6015.495895
2026/01/26/21:53:56,apply-time,rs-000843-rm9cw,6f31efa8-0c67-4a35-8668-c698bf0a8789,1,6015.495895
2026/01/26/21:53:56,running-time,rs-000843-rm9cw,6f31efa8-0c67-4a35-8668-c698bf0a8789,1,6015.495895
2026/01/26/21:53:56,apply-time,rs-000844-5ld76,7fb22eb2-b438-4214-9668-ab64e016c614,1,6015.495895
2026/01/26/21:53:56,apply-time,rs-000844-kqknw,7b8fc5bf-847c-4157-bc42-1528aed7785a,1,6015.495895
2026/01/26/21:53:56,running-time,rs-000844-kqknw,7b8fc5bf-847c-4157-bc42-1528aed7785a,1,6015.495895
2026/01/26/21:53:56,apply-time,rs-000845-7kqht,ac2f2935-680d-4d66-8e95-3695e1185802,1,6015.495895
2026/01/26/21:53:56,running-time,rs-000845-7kqht,ac2f2935-680d-4d66-8e95-3695e1185802,1,6015.495895
2026/01/26/21:53:56,apply-time,rs-000845-cnxd6,ee736c7d-6eec-4196-9584-aa2c77904f10,1,6015.495895
2026/01/26/21:53:56,running-time,rs-000845-cnxd6,ee736c7d-6eec-4196-9584-aa2c77904f10,1,6015.495895
2026/01/26/21:53:56,apply-time,rs-000845-mkwjp,82c6f6ac-c7d7-4443-a05e-d7a4cc79ea2c,1,6015.495895
2026/01/26/21:53:56,running-time,rs-000845-mkwjp,82c6f6ac-c7d7-4443-a05e-d7a4cc79ea2c,1,6015.495895
2026/01/26/21:53:59,running-time,rs-000844-5ld76,7fb22eb2-b438-4214-9668-ab64e016c614,1,6018.495895
2026/01/26/21:54:01,apply-time,rs-000846-4rlcl,0d91fd05-6c60-410d-8f5c-02efe9b90f32,1,6020.495895
2026/01/26/21:54:01,running-time,rs-000846-4rlcl,0d91fd05-6c60-410d-8f5c-02efe9b90f32,1,6020.495895
2026/01/26/21:54:01,apply-time,rs-000847-xphqh,79a922a6-6981-4ef9-b592-2dce8c632cdf,1,6020.495895
2026/01/26/21:54:01,apply-time,rs-000848-8dc4n,e40d1971-2980-4dd5-be95-0f3f427c94dc,1,6020.495895
2026/01/26/21:54:01,apply-time,rs-000848-qqvcc,342358e2-3cb9-46fb-b4e5-b4f749f76796,1,6020.495895
2026/01/26/21:54:01,apply-time,rs-000848-x85md,39bb6e1c-d1c5-48be-84fb-5370d22517d7,1,6020.495895
2026/01/26/21:54:01,apply-time,rs-000849-xshtc,ff8bb8bb-f81e-4886-9fdf-4c8edc6f9985,1,6020.495895
2026/01/26/21:54:01,apply-time,rs-000850-x8qhk,cf7727ae-0912-4527-b107-e5617082e9c9,1,6020.495895
2026/01/26/21:54:09,apply-time,rs-000851-kgn7c,eabec7a1-8c9d-41fc-973d-2d3c322fe8b0,1,6028.495895
2026/01/26/21:54:09,apply-time,rs-000851-sl2gb,0d9d6cc2-be09-4d53-b1b8-4e00ddfd31d7,1,6028.495895
2026/01/26/21:54:09,apply-time,rs-000852-qjn8d,1d5465ab-c6a7-45b8-9363-0c9c5dbc5ef7,1,6028.495895
2026/01/26/21:54:09,apply-time,rs-000852-qz7ds,af1c70bd-19ae-4913-ae09-d5bbde5f3cf6,1,6028.495895
2026/01/26/21:54:09,apply-time,rs-000853-ltn94,9a85b0e6-01bf-4d6e-bd24-16cbda7b36cc,1,6028.495895
2026/01/26/21:54:09,running-time,rs-000853-ltn94,9a85b0e6-01bf-4d6e-bd24-16cbda7b36cc,1,6028.495895
2026/01/26/21:54:09,apply-time,rs-000853-rq2zc,ea97f5ff-cf35-4178-8d0a-e5e3755be519,1,6028.495895
2026/01/26/21:54:09,running-time,rs-000853-rq2zc,ea97f5ff-cf35-4178-8d0a-e5e3755be519,1,6028.495895
2026/01/26/21:54:09,apply-time,rs-000853-s967f,e8c454f9-2b99-4070-b2e2-477916d6f4bc,1,6028.495895
2026/01/26/21:54:09,running-time,rs-000853-s967f,e8c454f9-2b99-4070-b2e2-477916d6f4bc,1,6028.495895
2026/01/26/21:54:38,running-time,rs-000752-6xq7d,7f5b3e2c-8777-43b3-81ee-c7753b526871,1,6057.495895
2026/01/26/21:54:50,running-time,rs-000840-6j8w6,bfb53271-6487-4e53-af8b-eb7394efad82,1,6069.495895
2026/01/26/21:54:58,apply-time,rs-000854-dzp7f,dfaa8e4f-5e97-43ae-b257-001258daa4bc,1,6077.495895
2026/01/26/21:54:58,running-time,rs-000854-dzp7f,dfaa8e4f-5e97-43ae-b257-001258daa4bc,1,6077.495895
2026/01/26/21:54:58,apply-time,rs-000854-mbrct,f5dc044c-5313-434d-9fb6-d731faeb686c,1,6077.495895
2026/01/26/21:54:58,running-time,rs-000854-mbrct,f5dc044c-5313-434d-9fb6-d731faeb686c,1,6077.495895
2026/01/26/21:55:10,apply-time,rs-000855-sbhf8,cd6691ce-542c-4b47-8d25-27ba9d656d16,1,6089.495895
2026/01/26/21:55:16,running-time,rs-000849-xshtc,ff8bb8bb-f81e-4886-9fdf-4c8edc6f9985,1,6095.495895
2026/01/26/21:55:29,apply-time,rs-000856-hnmdm,c30365d5-2cec-4156-bfe2-faa65c6cc8de,1,6107.495895
2026/01/26/21:55:29,running-time,rs-000856-hnmdm,c30365d5-2cec-4156-bfe2-faa65c6cc8de,1,6108.495895
2026/01/26/21:55:29,apply-time,rs-000857-8vb5p,6482a118-0d89-4d09-8ee7-54deede32f71,1,6108.495895
2026/01/26/21:55:29,running-time,rs-000857-8vb5p,6482a118-0d89-4d09-8ee7-54deede32f71,1,6108.495895
2026/01/26/21:55:29,apply-time,rs-000857-hwrhf,e1a223f5-9ba6-476b-8576-91a409e5e8c6,1,6108.495895
2026/01/26/21:55:29,running-time,rs-000857-hwrhf,e1a223f5-9ba6-476b-8576-91a409e5e8c6,1,6108.495895
2026/01/26/21:55:29,apply-time,rs-000857-w76ng,251d8987-34e3-459e-8c09-686d92f54423,1,6108.495895
2026/01/26/21:55:29,running-time,rs-000857-w76ng,251d8987-34e3-459e-8c09-686d92f54423,1,6108.495895
2026/01/26/21:55:31,running-time,rs-000855-sbhf8,cd6691ce-542c-4b47-8d25-27ba9d656d16,1,6110.495895
2026/01/26/21:56:06,apply-time,rs-000858-g428w,f2d59fc2-1c02-448b-be08-8c384f406f27,1,6145.495895
2026/01/26/21:56:06,running-time,rs-000858-g428w,f2d59fc2-1c02-448b-be08-8c384f406f27,1,6145.495895
2026/01/26/21:56:06,apply-time,rs-000858-lmd5s,4bb174ac-cf8a-41f3-a89e-42635871c02b,1,6145.495895
2026/01/26/21:56:06,running-time,rs-000858-lmd5s,4bb174ac-cf8a-41f3-a89e-42635871c02b,1,6145.495895
2026/01/26/21:56:06,apply-time,rs-000858-vbfqb,93d4bc2f-94fa-4acb-84a5-32499952de33,1,6145.495895
2026/01/26/21:56:06,running-time,rs-000858-vbfqb,93d4bc2f-94fa-4acb-84a5-32499952de33,1,6145.495895
2026/01/26/21:56:06,apply-time,rs-000859-5km6q,4158c48b-eb72-484b-baae-ed71e28fb7b3,1,6145.495895
2026/01/26/21:56:06,apply-time,rs-000859-78svv,eac35737-93c3-4d5a-b71c-e7c7bd28547f,1,6145.495895
2026/01/26/21:56:06,running-time,rs-000859-78svv,eac35737-93c3-4d5a-b71c-e7c7bd28547f,1,6145.495895
2026/01/26/21:56:06,apply-time,rs-000860-lvjbn,e0340bb7-5e1e-4faa-ad04-130e87af21f0,1,6145.495895
2026/01/26/21:56:06,running-time,rs-000860-lvjbn,e0340bb7-5e1e-4faa-ad04-130e87af21f0,1,6145.495895
2026/01/26/21:56:06,apply-time,rs-000861-pfv6n,a0174f02-73d7-48be-8a43-cfaf8b962b86,1,6145.495895
2026/01/26/21:56:06,apply-time,rs-000861-tk6f7,fc58aec9-b1b0-4b68-81f0-cc4da183111d,1,6145.495895
2026/01/26/21:56:06,apply-time,rs-000862-fpsdg,be5c0416-c883-4c86-9bc0-9dbdcfaf73f6,1,6145.495895
2026/01/26/21:56:06,running-time,rs-000862-fpsdg,be5c0416-c883-4c86-9bc0-9dbdcfaf73f6,1,6145.495895
2026/01/26/21:56:06,apply-time,rs-000862-jns94,044b5ef0-f08b-4a1c-854d-2b1690ee11e8,1,6145.495895
2026/01/26/21:56:06,apply-time,rs-000862-r5sfk,73bcf4e1-d129-4ad5-9272-afc9ce902cc4,1,6145.495895
2026/01/26/21:56:06,apply-time,rs-000863-6z4zc,b74bee5e-ae10-4047-8078-ef11401c82be,1,6145.495895
2026/01/26/21:56:06,apply-time,rs-000863-74khq,46c3818f-9dee-4a38-9195-1659c5188e5b,1,6145.495895
2026/01/26/21:56:06,apply-time,rs-000863-mwhs4,6aa5c8d3-fcda-4037-9362-44e61579468c,1,6145.495895
2026/01/26/21:56:09,running-time,rs-000861-pfv6n,a0174f02-73d7-48be-8a43-cfaf8b962b86,1,6148.495895
2026/01/26/21:56:13,running-time,rs-000862-jns94,044b5ef0-f08b-4a1c-854d-2b1690ee11e8,1,6150.495895
2026/01/26/21:56:13,running-time,rs-000862-r5sfk,73bcf4e1-d129-4ad5-9272-afc9ce902cc4,1,6153.495895
2026/01/26/21:56:19,apply-time,rs-000864-spc8j,6a960086-3b0b-47a2-8d2a-fd91d8506789,1,6157.495895
2026/01/26/21:56:19,running-time,rs-000864-spc8j,6a960086-3b0b-47a2-8d2a-fd91d8506789,1,6157.495895
2026/01/26/21:56:22,running-time,rs-000859-5km6q,4158c48b-eb72-484b-baae-ed71e28fb7b3,1,6161.495895
2026/01/26/21:56:24,apply-time,rs-000865-kmw8n,f0c9da7e-484f-4b12-96e0-630fcc01fde4,1,6162.495895
2026/01/26/21:56:24,apply-time,rs-000865-knwkt,d1a36da0-d9ee-40c6-9ac6-71f6d49185f2,1,6162.495895
2026/01/26/21:56:24,apply-time,rs-000866-pmmgw,355a2e74-d6ee-4b98-b8c6-3c1021c369e2,1,6163.495895
2026/01/26/21:56:24,running-time,rs-000866-pmmgw,355a2e74-d6ee-4b98-b8c6-3c1021c369e2,1,6163.495895
2026/01/26/21:56:24,apply-time,rs-000867-5wlxn,324f01ce-a0a4-4064-bf09-feef3caa1d0c,1,6163.495895
2026/01/26/21:56:24,running-time,rs-000867-5wlxn,324f01ce-a0a4-4064-bf09-feef3caa1d0c,1,6163.495895
2026/01/26/21:56:24,apply-time,rs-000867-c7b4x,030f41b2-310d-47a7-a920-1a8cbde35136,1,6163.495895
2026/01/26/21:56:24,running-time,rs-000867-c7b4x,030f41b2-310d-47a7-a920-1a8cbde35136,1,6163.495895
2026/01/26/21:56:24,apply-time,rs-000867-prngg,264cbbeb-236d-42ec-a01a-d27bb60b10ed,1,6163.495895
2026/01/26/21:56:24,running-time,rs-000867-prngg,264cbbeb-236d-42ec-a01a-d27bb60b10ed,1,6163.495895
2026/01/26/21:56:24,apply-time,rs-000868-pn8c8,f7b9443d-4fc8-4f3e-849d-a84a48b902b6,1,6163.495895
2026/01/26/21:56:24,apply-time,rs-000868-s6hds,39a375d5-4a71-4748-8304-e285cef77667,1,6163.495895
2026/01/26/21:56:24,apply-time,rs-000868-xxxcm,a01c51da-354f-47bc-b336-e57fc92a959f,1,6163.495895
2026/01/26/21:56:24,apply-time,rs-000869-dwpt5,4ff2f45d-e676-499d-be91-76dba4b4edf8,1,6163.495895
2026/01/26/21:56:24,apply-time,rs-000869-xqcgp,205aec26-9d9a-4d2e-bd0d-22dcbfd6b600,1,6163.495895
2026/01/26/21:56:27,apply-time,rs-000870-sdtgk,ae223c2f-81c5-4855-b941-46ea84a626fb,1,6165.495895
2026/01/26/21:56:27,running-time,rs-000870-sdtgk,ae223c2f-81c5-4855-b941-46ea84a626fb,1,6165.495895
2026/01/26/21:56:27,apply-time,rs-000871-hbftk,5980d566-6500-4cb7-a69c-3c2a9840fedb,1,6165.495895
2026/01/26/21:56:27,running-time,rs-000871-hbftk,5980d566-6500-4cb7-a69c-3c2a9840fedb,1,6165.495895
2026/01/26/21:56:31,running-time,rs-000869-dwpt5,4ff2f45d-e676-499d-be91-76dba4b4edf8,1,6169.495895
2026/01/26/21:56:42,running-time,rs-000767-kb2t2,539957a5-911a-430f-8ce3-6acad0965647,1,6181.495895
2026/01/26/21:56:56,apply-time,rs-000872-7lgqg,93657c57-a73d-47d5-9ed7-0111e275fbf1,1,6195.495895
2026/01/26/21:56:56,apply-time,rs-000872-wdxqd,ca4612b2-9179-4d88-ad5c-d69fdecd361c,1,6195.495895
2026/01/26/21:56:56,running-time,rs-000872-wdxqd,ca4612b2-9179-4d88-ad5c-d69fdecd361c,1,6195.495895
2026/01/26/21:56:56,apply-time,rs-000873-bccpx,653c2726-6e94-41ef-9c94-2505f11bd305,1,6195.495895
2026/01/26/21:56:56,apply-time,rs-000873-sbv7j,cfadcbd1-c9d9-4417-bd5b-1275cf38df73,1,6195.495895
2026/01/26/21:56:56,apply-time,rs-000873-stn7d,be82c9d0-90aa-4b7e-8b3c-dab04a7da0a0,1,6195.495895
2026/01/26/21:56:57,apply-time,rs-000874-b7r6z,092e9cce-9128-41cb-b306-5b9a2b777100,1,6195.495895
2026/01/26/21:56:59,running-time,rs-000874-b7r6z,092e9cce-9128-41cb-b306-5b9a2b777100,1,6198.495895
2026/01/26/21:57:36,apply-time,rs-000875-2vdmd,2e4c1bb2-15a5-4178-bb86-6707eaa324b7,1,6235.495895
2026/01/26/21:57:36,running-time,rs-000875-2vdmd,2e4c1bb2-15a5-4178-bb86-6707eaa324b7,1,6235.495895
2026/01/26/21:57:36,apply-time,rs-000875-zgwfd,5bfb7c82-4163-4794-a961-f0c81e79c399,1,6235.495895
2026/01/26/21:57:36,running-time,rs-000875-zgwfd,5bfb7c82-4163-4794-a961-f0c81e79c399,1,6235.495895
2026/01/26/21:57:36,apply-time,rs-000876-2j722,665b01d1-db80-4752-b3d9-27359f8cff66,1,6235.495895
2026/01/26/21:57:36,apply-time,rs-000876-b7l9p,f0b02efa-ed23-4d7e-b86c-b2fe0a9008de,1,6235.495895
2026/01/26/21:57:36,apply-time,rs-000876-pxhn9,3f97eae4-9d6f-4930-b099-c9a8b4fb1df0,1,6235.495895
2026/01/26/21:57:36,apply-time,rs-000877-mms95,f129f443-99ab-4ff6-8d63-f10626c3b6ff,1,6235.495895
2026/01/26/21:57:36,running-time,rs-000877-mms95,f129f443-99ab-4ff6-8d63-f10626c3b6ff,1,6235.495895
2026/01/26/21:57:37,apply-time,rs-000878-829k9,a548fedc-e5db-47d1-8e28-1332eaeb5932,1,6236.495895
2026/01/26/21:57:37,running-time,rs-000878-829k9,a548fedc-e5db-47d1-8e28-1332eaeb5932,1,6236.495895
2026/01/26/21:57:37,apply-time,rs-000878-87p2f,4f35774a-ba6d-437a-adcb-c53ee320d696,1,6236.495895
2026/01/26/21:57:37,running-time,rs-000878-87p2f,4f35774a-ba6d-437a-adcb-c53ee320d696,1,6236.495895
2026/01/26/21:57:37,apply-time,rs-000878-d6c7r,7d8f2231-4470-4e92-bd64-53b279dad7d5,1,6236.495895
2026/01/26/21:57:37,running-time,rs-000878-d6c7r,7d8f2231-4470-4e92-bd64-53b279dad7d5,1,6236.495895
2026/01/26/21:58:54,apply-time,rs-000879-2vm4w,3fc6c5f4-8005-49fd-b434-1911f51edc09,1,6312.495895
2026/01/26/21:58:54,apply-time,rs-000879-prw4d,590c1116-b81a-458f-b585-d984af65fb14,1,6312.495895
2026/01/26/21:58:54,apply-time,rs-000880-hldsp,4abb8243-4346-43d0-aed9-3a2ed02480ef,1,6312.495895
2026/01/26/21:58:54,running-time,rs-000880-hldsp,4abb8243-4346-43d0-aed9-3a2ed02480ef,1,6313.495895
2026/01/26/21:58:54,apply-time,rs-000880-lrw7z,8449f3ab-905a-49d1-b7b8-5462c029cf0c,1,6312.495895
2026/01/26/21:58:54,running-time,rs-000880-lrw7z,8449f3ab-905a-49d1-b7b8-5462c029cf0c,1,6313.495895
2026/01/26/21:58:54,apply-time,rs-000881-nvlk9,6dee9988-0a2c-4d64-b14e-b0ddd0bac537,1,6313.495895
2026/01/26/21:58:54,running-time,rs-000881-nvlk9,6dee9988-0a2c-4d64-b14e-b0ddd0bac537,1,6313.495895
2026/01/26/21:58:54,apply-time,rs-000881-pd6mk,417067fd-de00-4a82-9cf0-afbad1019648,1,6313.495895
2026/01/26/21:58:54,running-time,rs-000881-pd6mk,417067fd-de00-4a82-9cf0-afbad1019648,1,6313.495895
2026/01/26/21:58:54,apply-time,rs-000881-vgzgr,9b149d15-b4e1-48da-89aa-207264964b6e,1,6313.495895
2026/01/26/21:58:54,running-time,rs-000881-vgzgr,9b149d15-b4e1-48da-89aa-207264964b6e,1,6313.495895
2026/01/26/21:59:18,running-time,rs-000869-xqcgp,205aec26-9d9a-4d2e-bd0d-22dcbfd6b600,1,6337.495895
2026/01/26/22:00:08,apply-time,rs-000882-4nsd5,17c06502-bd8f-40a0-a3b2-3d385be3980d,1,6387.495895
2026/01/26/22:00:08,running-time,rs-000882-4nsd5,17c06502-bd8f-40a0-a3b2-3d385be3980d,1,6387.495895
2026/01/26/22:00:08,apply-time,rs-000882-gc6zd,fb3af200-f86e-4adb-a96e-bca35ff6a6ea,1,6387.495895
2026/01/26/22:00:08,running-time,rs-000882-gc6zd,fb3af200-f86e-4adb-a96e-bca35ff6a6ea,1,6387.495895
2026/01/26/22:00:09,apply-time,rs-000883-492mb,494f0e99-1719-4264-a160-eab44a7de6a5,1,6387.495895
2026/01/26/22:00:09,apply-time,rs-000883-4kb9q,cd196158-0c99-4727-9ced-6e4e52412b3a,1,6387.495895
2026/01/26/22:00:12,running-time,rs-000760-c7p7d,31a443e9-46e4-4d16-b0eb-fb3831d2f668,1,6390.495895
2026/01/26/22:00:16,apply-time,rs-000884-vhwgm,14fc24b0-2156-4e7f-b99c-4c562aaade91,1,6394.495895
2026/01/26/22:00:16,running-time,rs-000884-vhwgm,14fc24b0-2156-4e7f-b99c-4c562aaade91,1,6395.495895
2026/01/26/22:00:16,apply-time,rs-000885-2pjmb,26744abe-3e46-46e4-bc7a-87970a178eb5,1,6395.495895
2026/01/26/22:00:16,running-time,rs-000885-2pjmb,26744abe-3e46-46e4-bc7a-87970a178eb5,1,6395.495895
2026/01/26/22:00:16,apply-time,rs-000885-tqptf,8afa4a58-dd08-4b47-80a7-fc11d7b7e10e,1,6395.495895
2026/01/26/22:00:16,running-time,rs-000885-tqptf,8afa4a58-dd08-4b47-80a7-fc11d7b7e10e,1,6395.495895
2026/01/26/22:00:16,apply-time,rs-000886-fzqbt,e58a9326-2a15-42bc-bec3-50ab580e0acc,1,6395.495895
2026/01/26/22:00:16,running-time,rs-000886-fzqbt,e58a9326-2a15-42bc-bec3-50ab580e0acc,1,6395.495895
2026/01/26/22:01:23,apply-time,rs-000887-5dwhr,14ff1cdf-c554-454e-bc3b-dcbf1147634d,1,6462.495895
2026/01/26/22:01:23,running-time,rs-000887-5dwhr,14ff1cdf-c554-454e-bc3b-dcbf1147634d,1,6462.495895
2026/01/26/22:01:23,apply-time,rs-000887-hn8s8,2084382a-44c1-4524-a10d-b22e9b23d4f6,1,6462.495895
2026/01/26/22:01:23,running-time,rs-000887-hn8s8,2084382a-44c1-4524-a10d-b22e9b23d4f6,1,6462.495895
2026/01/26/22:01:23,apply-time,rs-000887-qtfn4,ae0a41ab-af32-4357-9454-f4868adaa775,1,6462.495895
2026/01/26/22:01:23,running-time,rs-000887-qtfn4,ae0a41ab-af32-4357-9454-f4868adaa775,1,6462.495895
2026/01/26/22:01:24,apply-time,rs-000888-bt8r8,94dd0b0e-25d6-4338-aedd-95935e388402,1,6462.495895
2026/01/26/22:01:24,apply-time,rs-000888-m7wfn,68eedb89-3fd6-46a4-a937-45680cdcd581,1,6462.495895
2026/01/26/22:01:24,running-time,rs-000888-m7wfn,68eedb89-3fd6-46a4-a937-45680cdcd581,1,6462.495895
2026/01/26/22:01:24,apply-time,rs-000888-zszkk,6359df98-a561-4a0a-90bc-5ed224e02bef,1,6462.495895
2026/01/26/22:01:24,apply-time,rs-000889-mmg8b,6e798478-ed74-4dd0-888b-64daf33e5790,1,6463.495895
2026/01/26/22:01:24,running-time,rs-000889-mmg8b,6e798478-ed74-4dd0-888b-64daf33e5790,1,6463.495895
2026/01/26/22:01:32,apply-time,rs-000890-92cxr,b28dad93-54f3-465b-a314-9d76ea23ff8b,1,6471.495895
2026/01/26/22:01:32,running-time,rs-000890-92cxr,b28dad93-54f3-465b-a314-9d76ea23ff8b,1,6471.495895
2026/01/26/22:01:32,apply-time,rs-000890-n2gcz,0d855072-3cf1-4dbf-90f0-6c445ff1f31d,1,6471.495895
2026/01/26/22:01:32,running-time,rs-000890-n2gcz,0d855072-3cf1-4dbf-90f0-6c445ff1f31d,1,6471.495895
2026/01/26/22:01:32,apply-time,rs-000890-pz52q,9bc390c5-7c23-40f0-ad95-b26416866b12,1,6471.495895
2026/01/26/22:01:32,running-time,rs-000890-pz52q,9bc390c5-7c23-40f0-ad95-b26416866b12,1,6471.495895
2026/01/26/22:01:32,apply-time,rs-000891-2gnk4,22e9a11d-b8b2-49aa-aef8-70979d958fbe,1,6471.495895
2026/01/26/22:01:32,running-time,rs-000891-2gnk4,22e9a11d-b8b2-49aa-aef8-70979d958fbe,1,6471.495895
2026/01/26/22:01:32,apply-time,rs-000891-ndpk8,3b0e2e9a-d125-4ce7-8a8d-bb6ec155be11,1,6471.495895
2026/01/26/22:01:32,running-time,rs-000891-ndpk8,3b0e2e9a-d125-4ce7-8a8d-bb6ec155be11,1,6471.495895
2026/01/26/22:01:32,apply-time,rs-000892-276ws,4c9a9590-f06c-47fb-93be-e3e61d9f40dd,1,6471.495895
2026/01/26/22:01:32,running-time,rs-000892-276ws,4c9a9590-f06c-47fb-93be-e3e61d9f40dd,1,6471.495895
2026/01/26/22:01:32,apply-time,rs-000892-rrsrz,f69c35ec-42e0-4082-924c-e148c0f39feb,1,6471.495895
2026/01/26/22:01:32,running-time,rs-000892-rrsrz,f69c35ec-42e0-4082-924c-e148c0f39feb,1,6471.495895
2026/01/26/22:02:53,apply-time,rs-000893-7bwm5,2636f3d3-7e47-4d86-8263-cad62e4f64d3,1,6552.495895
2026/01/26/22:02:53,running-time,rs-000893-7bwm5,2636f3d3-7e47-4d86-8263-cad62e4f64d3,1,6552.495895
2026/01/26/22:02:53,apply-time,rs-000893-9vw8g,10d8a762-57a4-4f67-a307-57e16899d5c3,1,6552.495895
2026/01/26/22:02:53,running-time,rs-000893-9vw8g,10d8a762-57a4-4f67-a307-57e16899d5c3,1,6552.495895
2026/01/26/22:02:53,apply-time,rs-000893-wdngt,b1ae8745-a68e-4a71-94ec-db9bf9940e49,1,6552.495895
2026/01/26/22:02:53,running-time,rs-000893-wdngt,b1ae8745-a68e-4a71-94ec-db9bf9940e49,1,6552.495895
2026/01/26/22:02:53,apply-time,rs-000894-d4rnj,dbbf5dbf-b614-4b8d-afed-2a99436b9353,1,6552.495895
2026/01/26/22:02:53,running-time,rs-000894-d4rnj,dbbf5dbf-b614-4b8d-afed-2a99436b9353,1,6552.495895
2026/01/26/22:02:54,apply-time,rs-000895-s6t47,def43cc3-587e-4fbf-a5d6-847c771c7fad,1,6553.495895
2026/01/26/22:02:54,apply-time,rs-000895-srkxl,94d8f448-0d54-4699-ac2b-600baddc18ad,1,6553.495895
2026/01/26/22:02:54,apply-time,rs-000896-2gw8p,a4c874a4-71c8-49f6-ba89-7e4137bea7f0,1,6553.495895
2026/01/26/22:02:54,apply-time,rs-000896-5qb9v,9d8e4116-9a0e-4b39-ba4e-7780e0027448,1,6553.495895
2026/01/26/22:02:55,running-time,rs-000896-2gw8p,a4c874a4-71c8-49f6-ba89-7e4137bea7f0,1,6553.495895
2026/01/26/22:02:55,running-time,rs-000896-5qb9v,9d8e4116-9a0e-4b39-ba4e-7780e0027448,1,6553.495895
2026/01/26/22:02:56,apply-time,rs-000897-9ck9x,53e7850b-f445-48dd-a93a-37d75188a79e,1,6555.495895
2026/01/26/22:02:56,running-time,rs-000897-9ck9x,53e7850b-f445-48dd-a93a-37d75188a79e,1,6555.495895
2026/01/26/22:02:56,apply-time,rs-000897-nw49z,bcd693a0-ca67-4421-b829-bd900b88038d,1,6555.495895
2026/01/26/22:02:56,running-time,rs-000897-nw49z,bcd693a0-ca67-4421-b829-bd900b88038d,1,6555.495895
2026/01/26/22:02:56,apply-time,rs-000897-r9sjf,46f8bd5a-aa38-4b62-b346-34a9c2f80ad7,1,6555.495895
2026/01/26/22:02:56,running-time,rs-000897-r9sjf,46f8bd5a-aa38-4b62-b346-34a9c2f80ad7,1,6555.495895
2026/01/26/22:03:01,apply-time,rs-000898-j5vv6,f27c9bcc-ab52-4317-aa69-6f566d1da179,1,6560.495895
2026/01/26/22:03:01,running-time,rs-000898-j5vv6,f27c9bcc-ab52-4317-aa69-6f566d1da179,1,6560.495895
2026/01/26/22:03:01,apply-time,rs-000899-h54w9,30940e2c-250e-4b17-840a-34f75cf8b27f,1,6560.495895
2026/01/26/22:03:01,running-time,rs-000899-h54w9,30940e2c-250e-4b17-840a-34f75cf8b27f,1,6560.495895
2026/01/26/22:03:01,apply-time,rs-000899-vl8p7,7dc020e2-221c-4862-8fdb-7765ff77f9eb,1,6560.495895
2026/01/26/22:03:01,running-time,rs-000899-vl8p7,7dc020e2-221c-4862-8fdb-7765ff77f9eb,1,6560.495895
2026/01/26/22:03:01,apply-time,rs-000900-2s5b4,fad54b40-c486-4216-98f1-383050771e88,1,6560.495895
2026/01/26/22:03:01,running-time,rs-000900-2s5b4,fad54b40-c486-4216-98f1-383050771e88,1,6560.495895
2026/01/26/22:03:01,apply-time,rs-000900-hj7sz,a0a052ec-9233-44e6-a7b8-34ce75b5d92d,1,6560.495895
2026/01/26/22:03:01,running-time,rs-000900-hj7sz,a0a052ec-9233-44e6-a7b8-34ce75b5d92d,1,6560.495895
2026/01/26/22:03:01,apply-time,rs-000901-8wkxj,c216ec68-30d9-4838-b193-dbe70b5bba5f,1,6560.495895
2026/01/26/22:03:01,apply-time,rs-000901-pqcg4,a1ca15d8-3dc6-45f5-aee7-59532f97ee92,1,6560.495895
2026/01/26/22:03:01,apply-time,rs-000901-sw25d,14b5ef0b-5bc4-4084-ae8a-4a4ab68e7941,1,6560.495895
2026/01/26/22:03:01,apply-time,rs-000902-cw5bq,d10a1049-7e1b-42ce-b2b0-4db863fd1645,1,6560.495895
2026/01/26/22:03:01,running-time,rs-000902-cw5bq,d10a1049-7e1b-42ce-b2b0-4db863fd1645,1,6560.495895
2026/01/26/22:03:01,apply-time,rs-000902-mg4qt,c0c9f293-262b-467a-ac13-518e50488676,1,6560.495895
2026/01/26/22:03:01,running-time,rs-000902-mg4qt,c0c9f293-262b-467a-ac13-518e50488676,1,6560.495895
2026/01/26/22:03:02,apply-time,rs-000903-rcfzr,d7105a17-4035-47a2-b2e0-b1bef083946b,1,6561.495895
2026/01/26/22:03:02,running-time,rs-000903-rcfzr,d7105a17-4035-47a2-b2e0-b1bef083946b,1,6561.495895
2026/01/26/22:03:02,apply-time,rs-000903-rxcdw,51f88e47-f6ff-4617-943b-7b0b73a1f6a9,1,6561.495895
2026/01/26/22:03:02,running-time,rs-000903-rxcdw,51f88e47-f6ff-4617-943b-7b0b73a1f6a9,1,6561.495895
2026/01/26/22:03:16,apply-time,rs-000904-dz7h6,4d5d906e-b1aa-430f-bc10-34972a9223eb,1,6575.495895
2026/01/26/22:03:16,running-time,rs-000904-dz7h6,4d5d906e-b1aa-430f-bc10-34972a9223eb,1,6575.495895
2026/01/26/22:03:16,apply-time,rs-000904-skdph,62aacdb0-8bc6-4c01-a34a-171573361eac,1,6575.495895
2026/01/26/22:03:16,running-time,rs-000904-skdph,62aacdb0-8bc6-4c01-a34a-171573361eac,1,6575.495895
2026/01/26/22:03:16,apply-time,rs-000905-5jqzn,5313c9fd-446a-47c3-98ea-953ac1a9c695,1,6575.495895
2026/01/26/22:03:16,running-time,rs-000905-5jqzn,5313c9fd-446a-47c3-98ea-953ac1a9c695,1,6575.495895
2026/01/26/22:03:16,apply-time,rs-000905-pmc8x,96eaf93d-65c5-44a7-bb5d-59876d30a509,1,6575.495895
2026/01/26/22:03:16,running-time,rs-000905-pmc8x,96eaf93d-65c5-44a7-bb5d-59876d30a509,1,6575.495895
2026/01/26/22:03:16,apply-time,rs-000906-jdjsq,61c2d7b6-c3ae-4f13-9a1d-26dda759efdf,1,6575.495895
2026/01/26/22:03:16,apply-time,rs-000907-4vvxw,ea1966a2-b7c3-4642-9c53-9e44273b25f5,1,6575.495895
2026/01/26/22:03:16,running-time,rs-000907-4vvxw,ea1966a2-b7c3-4642-9c53-9e44273b25f5,1,6575.495895
2026/01/26/22:03:16,apply-time,rs-000907-7b9fw,8d659c29-e275-4d05-af69-34c9b3427767,1,6575.495895
2026/01/26/22:03:16,running-time,rs-000907-7b9fw,8d659c29-e275-4d05-af69-34c9b3427767,1,6575.495895
2026/01/26/22:03:16,apply-time,rs-000907-xm9m5,f5fffa29-e70c-46d8-92ff-e9824e7b33a3,1,6575.495895
2026/01/26/22:03:16,running-time,rs-000907-xm9m5,f5fffa29-e70c-46d8-92ff-e9824e7b33a3,1,6575.495895
2026/01/26/22:03:16,apply-time,rs-000908-pfnf7,d6e87467-e32c-4784-8b5b-6f22eaec308b,1,6575.495895
2026/01/26/22:03:16,running-time,rs-000908-pfnf7,d6e87467-e32c-4784-8b5b-6f22eaec308b,1,6575.495895
2026/01/26/22:03:16,apply-time,rs-000908-wvx8h,92903024-575e-4b93-95db-0d19e9160424,1,6575.495895
2026/01/26/22:03:16,running-time,rs-000908-wvx8h,92903024-575e-4b93-95db-0d19e9160424,1,6575.495895
2026/01/26/22:03:16,apply-time,rs-000909-4z8h4,44ca31a4-8a06-4ada-9283-2cc5dc19677d,1,6575.495895
2026/01/26/22:03:16,running-time,rs-000909-4z8h4,44ca31a4-8a06-4ada-9283-2cc5dc19677d,1,6575.495895
2026/01/26/22:03:16,apply-time,rs-000909-ncx5f,56a06615-7397-40e6-9802-cb0d91c1aec6,1,6575.495895
2026/01/26/22:03:16,running-time,rs-000909-ncx5f,56a06615-7397-40e6-9802-cb0d91c1aec6,1,6575.495895
2026/01/26/22:03:16,apply-time,rs-000909-wlmvk,74797623-52ca-470e-87f5-aa545c371ad6,1,6575.495895
2026/01/26/22:03:16,running-time,rs-000909-wlmvk,74797623-52ca-470e-87f5-aa545c371ad6,1,6575.495895
2026/01/26/22:03:16,apply-time,rs-000910-mb82t,e4794cc6-50a2-4c90-bdcb-a0b835689fde,1,6575.495895
2026/01/26/22:03:16,apply-time,rs-000910-sg7sz,78c49112-6002-476d-86ad-cf40380118c1,1,6575.495895
2026/01/26/22:03:16,apply-time,rs-000911-2fhgf,94e6ac9f-3240-45c4-938d-8166508f838b,1,6575.495895
2026/01/26/22:03:16,running-time,rs-000911-2fhgf,94e6ac9f-3240-45c4-938d-8166508f838b,1,6575.495895
2026/01/26/22:03:16,apply-time,rs-000911-9fb7d,f22eedd4-31b9-45d1-95aa-9400e2ee2d7e,1,6575.495895
2026/01/26/22:03:16,running-time,rs-000911-9fb7d,f22eedd4-31b9-45d1-95aa-9400e2ee2d7e,1,6575.495895
2026/01/26/22:03:16,apply-time,rs-000911-g5lg2,27c5b3b4-ffde-4813-b1ff-fdd200d6cb60,1,6575.495895
2026/01/26/22:03:16,running-time,rs-000911-g5lg2,27c5b3b4-ffde-4813-b1ff-fdd200d6cb60,1,6575.495895
2026/01/26/22:03:17,apply-time,rs-000912-jnqtx,819e143b-ddc5-44ae-bd0a-23ab7ec1d8d9,1,6576.495895
2026/01/26/22:03:17,running-time,rs-000912-jnqtx,819e143b-ddc5-44ae-bd0a-23ab7ec1d8d9,1,6576.495895
2026/01/26/22:03:17,apply-time,rs-000913-rrxzj,af520cf5-9d4c-477e-b017-558cda8b1cfb,1,6576.495895
2026/01/26/22:03:17,running-time,rs-000913-rrxzj,af520cf5-9d4c-477e-b017-558cda8b1cfb,1,6576.495895
2026/01/26/22:03:17,apply-time,rs-000913-vjfrj,94478d20-52c8-4c6f-be0c-3f08079f268d,1,6576.495895
2026/01/26/22:03:17,running-time,rs-000913-vjfrj,94478d20-52c8-4c6f-be0c-3f08079f268d,1,6576.495895
2026/01/26/22:03:17,apply-time,rs-000914-wkjfr,053873a7-44d2-403e-bf52-59ebe0d30cb3,1,6576.495895
2026/01/26/22:03:17,running-time,rs-000914-wkjfr,053873a7-44d2-403e-bf52-59ebe0d30cb3,1,6576.495895
2026/01/26/22:03:17,apply-time,rs-000915-sk2vs,6c61f328-83ec-4b01-bfb0-b1ae161281c2,1,6576.495895
2026/01/26/22:03:17,apply-time,rs-000916-g7v22,ee17384f-a804-482b-8732-25a9bc7d5c02,1,6576.495895
2026/01/26/22:03:18,apply-time,rs-000916-2wxbg,1ca0205c-12ff-42d9-a51b-95a3a46fb1c2,1,6576.495895
2026/01/26/22:03:18,apply-time,rs-000916-fr5ht,1d7547d4-c0a8-494b-b23a-28876abd3bb3,1,6577.495895
2026/01/26/22:03:18,apply-time,rs-000917-2nrd2,fbb563b8-7897-4640-8823-63ddcf12f781,1,6577.495895
2026/01/26/22:03:18,running-time,rs-000917-2nrd2,fbb563b8-7897-4640-8823-63ddcf12f781,1,6577.495895
2026/01/26/22:03:18,apply-time,rs-000917-gq6n5,2dd04e59-5830-4718-9155-9ff871f746b3,1,6577.495895
2026/01/26/22:03:18,running-time,rs-000917-gq6n5,2dd04e59-5830-4718-9155-9ff871f746b3,1,6577.495895
2026/01/26/22:03:18,apply-time,rs-000918-z5rvn,b23ae5a6-79e5-409c-aae0-49e077fe2a6c,1,6577.495895
2026/01/26/22:03:18,apply-time,rs-000919-8fddp,359d92c5-93a4-4f9e-a295-962dd9936d8d,1,6577.495895
2026/01/26/22:03:18,running-time,rs-000919-8fddp,359d92c5-93a4-4f9e-a295-962dd9936d8d,1,6577.495895
2026/01/26/22:03:18,apply-time,rs-000920-7xmcr,fcb368ff-0ced-4ea2-a810-769e5afe0d12,1,6577.495895
2026/01/26/22:03:18,running-time,rs-000920-7xmcr,fcb368ff-0ced-4ea2-a810-769e5afe0d12,1,6577.495895
2026/01/26/22:03:19,apply-time,rs-000918-mj48p,57911ce5-5662-4f5e-baab-758055a4f801,1,6578.495895
2026/01/26/22:03:19,apply-time,rs-000920-qqv22,a3316e74-f3ad-4c39-8f64-4eaad06a321b,1,6577.495895
2026/01/26/22:03:19,running-time,rs-000920-qqv22,a3316e74-f3ad-4c39-8f64-4eaad06a321b,1,6577.495895
2026/01/26/22:03:20,running-time,rs-000918-mj48p,57911ce5-5662-4f5e-baab-758055a4f801,1,6579.495895
2026/01/26/22:03:23,apply-time,rs-000921-bfwfk,a2d788fe-044c-4e7a-b712-4bc59c828f88,1,6582.495895
2026/01/26/22:03:23,running-time,rs-000921-bfwfk,a2d788fe-044c-4e7a-b712-4bc59c828f88,1,6582.495895
2026/01/26/22:03:23,apply-time,rs-000921-fgfp6,de3d054d-f26b-45c1-b0c3-4af9ddca7ee2,1,6582.495895
2026/01/26/22:03:23,running-time,rs-000921-fgfp6,de3d054d-f26b-45c1-b0c3-4af9ddca7ee2,1,6582.495895
2026/01/26/22:03:38,apply-time,rs-000922-mf2ql,3753c262-aa47-4430-bcdf-fb7ae1358f94,1,6597.495895
2026/01/26/22:03:38,running-time,rs-000922-mf2ql,3753c262-aa47-4430-bcdf-fb7ae1358f94,1,6597.495895
2026/01/26/22:03:38,apply-time,rs-000923-nmdxf,390e6fd8-3c0a-4cbf-b495-c4223bb7e79f,1,6597.495895
2026/01/26/22:03:38,apply-time,rs-000923-tmkhz,638c2729-3a65-4d42-b02d-0dbc34da4e0a,1,6597.495895
2026/01/26/22:03:38,running-time,rs-000923-tmkhz,638c2729-3a65-4d42-b02d-0dbc34da4e0a,1,6597.495895
2026/01/26/22:03:39,apply-time,rs-000924-c5jjq,b8f4b0ad-6dad-462b-a05e-de1becabcfa2,1,6597.495895
2026/01/26/22:03:39,running-time,rs-000924-c5jjq,b8f4b0ad-6dad-462b-a05e-de1becabcfa2,1,6597.495895
2026/01/26/22:03:39,apply-time,rs-000924-gqlkj,65db89f3-6963-4212-b09e-b062cdb1ae49,1,6597.495895
2026/01/26/22:03:39,running-time,rs-000924-gqlkj,65db89f3-6963-4212-b09e-b062cdb1ae49,1,6597.495895
2026/01/26/22:03:39,apply-time,rs-000924-snx44,b140e9be-019a-4141-bd66-4b71f2810c3e,1,6597.495895
2026/01/26/22:03:39,running-time,rs-000924-snx44,b140e9be-019a-4141-bd66-4b71f2810c3e,1,6597.495895
2026/01/26/22:03:41,running-time,rs-000923-nmdxf,390e6fd8-3c0a-4cbf-b495-c4223bb7e79f,1,6600.495895
2026/01/26/22:05:35,apply-time,rs-000925-5g927,ce807492-6aad-4c56-9ede-abe5aafbf213,1,6713.495895
2026/01/26/22:05:35,running-time,rs-000925-5g927,ce807492-6aad-4c56-9ede-abe5aafbf213,1,6713.495895
2026/01/26/22:05:35,apply-time,rs-000925-ntw4r,341dcd2c-7cbe-4c3e-a050-b18f13a3a910,1,6713.495895
2026/01/26/22:05:35,running-time,rs-000925-ntw4r,341dcd2c-7cbe-4c3e-a050-b18f13a3a910,1,6713.495895
2026/01/26/22:05:35,apply-time,rs-000925-xjxcj,09b9061e-0212-4a4b-97d4-514d6084fb99,1,6713.495895
2026/01/26/22:05:35,running-time,rs-000925-xjxcj,09b9061e-0212-4a4b-97d4-514d6084fb99,1,6713.495895
2026/01/26/22:05:35,apply-time,rs-000926-kr5mb,d55b2b8d-fec0-4cf2-becf-246f8af5592a,1,6713.495895
2026/01/26/22:05:35,running-time,rs-000926-kr5mb,d55b2b8d-fec0-4cf2-becf-246f8af5592a,1,6713.495895
2026/01/26/22:05:35,apply-time,rs-000926-prdr7,6c8e298f-74d0-4f77-ab23-2a7bc816ebce,1,6713.495895
2026/01/26/22:05:35,running-time,rs-000926-prdr7,6c8e298f-74d0-4f77-ab23-2a7bc816ebce,1,6713.495895
2026/01/26/22:05:35,apply-time,rs-000926-rzs8l,68dbe313-458f-4d33-8acf-d2ca512d6e0a,1,6713.495895
2026/01/26/22:05:35,running-time,rs-000926-rzs8l,68dbe313-458f-4d33-8acf-d2ca512d6e0a,1,6713.495895
2026/01/26/22:05:37,apply-time,rs-000927-wqzqb,b0332fdf-464f-44d4-80e8-a91897ba9855,1,6716.495895
2026/01/26/22:05:37,running-time,rs-000927-wqzqb,b0332fdf-464f-44d4-80e8-a91897ba9855,1,6716.495895
2026/01/26/22:05:37,apply-time,rs-000927-x7fc6,f6d4f24f-e375-4798-ac33-cf71cf3c2f4b,1,6716.495895
2026/01/26/22:05:37,running-time,rs-000927-x7fc6,f6d4f24f-e375-4798-ac33-cf71cf3c2f4b,1,6716.495895
2026/01/26/22:05:37,apply-time,rs-000928-86822,31c3baa7-556b-4c55-a112-bb9e1082b865,1,6716.495895
2026/01/26/22:05:37,running-time,rs-000928-86822,31c3baa7-556b-4c55-a112-bb9e1082b865,1,6716.495895
2026/01/26/22:05:37,apply-time,rs-000928-d4ch5,32d979e9-772b-4d7a-93f7-4dd1c9a07880,1,6716.495895
2026/01/26/22:05:37,running-time,rs-000928-d4ch5,32d979e9-772b-4d7a-93f7-4dd1c9a07880,1,6716.495895
2026/01/26/22:05:37,apply-time,rs-000928-h2kkv,540bf18d-9043-4337-950c-592b01fd533a,1,6716.495895
2026/01/26/22:05:37,running-time,rs-000928-h2kkv,540bf18d-9043-4337-950c-592b01fd533a,1,6716.495895
2026/01/26/22:05:37,apply-time,rs-000929-896vm,571a9d7f-86e4-4a40-ae80-8159c78b66dc,1,6716.495895
2026/01/26/22:05:37,apply-time,rs-000929-xvd4g,f23e1d32-0011-48a5-a3b4-5c554cf0b0ec,1,6716.495895
2026/01/26/22:05:41,apply-time,rs-000930-5c8wh,a32af5be-9057-4b1c-b24c-e2b1332d9a2f,1,6719.495895
2026/01/26/22:05:41,running-time,rs-000930-5c8wh,a32af5be-9057-4b1c-b24c-e2b1332d9a2f,1,6719.495895
2026/01/26/22:05:41,apply-time,rs-000930-7wn55,4474c1db-06fa-442d-9b31-2bc7df52dd54,1,6719.495895
2026/01/26/22:05:41,running-time,rs-000930-7wn55,4474c1db-06fa-442d-9b31-2bc7df52dd54,1,6719.495895
2026/01/26/22:05:41,apply-time,rs-000930-smf4k,72d9ebda-198c-48e2-bf2a-e15ae9a5ac3f,1,6719.495895
2026/01/26/22:05:41,running-time,rs-000930-smf4k,72d9ebda-198c-48e2-bf2a-e15ae9a5ac3f,1,6719.495895
2026/01/26/22:05:41,apply-time,rs-000931-f24nh,a0309108-5581-4b09-90b5-fd6146d2aa81,1,6720.495895
2026/01/26/22:05:41,running-time,rs-000931-f24nh,a0309108-5581-4b09-90b5-fd6146d2aa81,1,6720.495895
2026/01/26/22:05:41,apply-time,rs-000932-tw96v,529f0d78-9d06-4b80-b685-002327b37b9e,1,6720.495895
2026/01/26/22:05:41,running-time,rs-000932-tw96v,529f0d78-9d06-4b80-b685-002327b37b9e,1,6720.495895
2026/01/26/22:05:41,apply-time,rs-000933-cq69g,d5b15af3-a140-4e60-bd2a-3a316925509d,1,6720.495895
2026/01/26/22:05:41,running-time,rs-000933-cq69g,d5b15af3-a140-4e60-bd2a-3a316925509d,1,6720.495895
2026/01/26/22:05:41,apply-time,rs-000934-kjkmn,64fcc073-0a78-437a-9da7-713e8852f096,1,6720.495895
2026/01/26/22:05:41,apply-time,rs-000934-tbbqr,f407e1e0-1bd5-43de-a109-7532d8b2b199,1,6720.495895
2026/01/26/22:05:41,apply-time,rs-000934-v28f8,b02341d4-6360-4cb3-a330-969c4d385a8c,1,6720.495895
2026/01/26/22:05:41,apply-time,rs-000935-br4bs,2a873e72-04f1-4275-9763-67b746ae7b76,1,6720.495895
2026/01/26/22:05:41,running-time,rs-000935-br4bs,2a873e72-04f1-4275-9763-67b746ae7b76,1,6720.495895
2026/01/26/22:05:51,running-time,rs-000934-kjkmn,64fcc073-0a78-437a-9da7-713e8852f096,1,6730.495895
2026/01/26/22:05:51,running-time,rs-000934-tbbqr,f407e1e0-1bd5-43de-a109-7532d8b2b199,1,6730.495895
2026/01/26/22:05:51,running-time,rs-000934-v28f8,b02341d4-6360-4cb3-a330-969c4d385a8c,1,6730.495895
2026/01/26/22:06:21,apply-time,rs-000936-swvqg,12b4e70d-5676-4878-b40f-dbe98c0d7186,1,6760.495895
2026/01/26/22:06:21,apply-time,rs-000936-z29wx,3a4c503f-0d1b-4180-be95-a5c63b7a2492,1,6760.495895
2026/01/26/22:06:21,apply-time,rs-000937-9w4cr,3d73c3db-87c7-4eb6-8127-b4d8c3cba6da,1,6760.495895
2026/01/26/22:06:21,running-time,rs-000937-9w4cr,3d73c3db-87c7-4eb6-8127-b4d8c3cba6da,1,6760.495895
2026/01/26/22:06:21,apply-time,rs-000937-vkrvz,2afeaafc-43a1-467d-abe8-4115e7761c72,1,6760.495895
2026/01/26/22:06:21,running-time,rs-000937-vkrvz,2afeaafc-43a1-467d-abe8-4115e7761c72,1,6760.495895
2026/01/26/22:06:21,apply-time,rs-000938-nrjq5,bd44f40c-106f-480e-9896-8da44df2477e,1,6760.495895
2026/01/26/22:06:22,apply-time,rs-000939-pkr6l,d87e10c3-cce7-42d3-9220-2257e0fb6a6f,1,6761.495895
2026/01/26/22:06:22,running-time,rs-000939-pkr6l,d87e10c3-cce7-42d3-9220-2257e0fb6a6f,1,6761.495895
2026/01/26/22:06:22,apply-time,rs-000939-rgtcz,50563e80-edd4-4e48-a4c0-40a095966c04,1,6761.495895
2026/01/26/22:06:22,running-time,rs-000939-rgtcz,50563e80-edd4-4e48-a4c0-40a095966c04,1,6761.495895
2026/01/26/22:06:22,apply-time,rs-000939-s8f78,6c260ab4-ec5f-45df-bf47-7b8e0e99d206,1,6761.495895
2026/01/26/22:06:22,running-time,rs-000939-s8f78,6c260ab4-ec5f-45df-bf47-7b8e0e99d206,1,6761.495895
2026/01/26/22:06:22,apply-time,rs-000940-gnqr9,1ef5ed87-0ce1-47c6-98e4-10999c009220,1,6761.495895
2026/01/26/22:06:22,apply-time,rs-000940-l2wlz,b9b5d21c-511d-4ec2-98c1-a2c5d55cc58e,1,6761.495895
2026/01/26/22:06:22,apply-time,rs-000941-4jpkk,b332752d-617f-4fa1-99c4-3fcb258a73ab,1,6761.495895
2026/01/26/22:06:25,running-time,rs-000936-z29wx,3a4c503f-0d1b-4180-be95-a5c63b7a2492,1,6764.495895
2026/01/26/22:06:25,apply-time,rs-000942-88x9v,55e78e63-c6e7-45d0-8d9b-422a9f5725de,1,6764.495895
2026/01/26/22:06:25,apply-time,rs-000942-s26vn,cb12df3b-5f7d-4cc1-b0c2-e2c4fad11408,1,6764.495895
2026/01/26/22:06:25,apply-time,rs-000942-zd22p,946d8d54-2227-4954-89e8-2059bf5f7130,1,6764.495895
2026/01/26/22:06:25,apply-time,rs-000943-68d78,4eaefe1d-6dcc-4ff7-bf23-446389c6c99a,1,6764.495895
2026/01/26/22:06:25,apply-time,rs-000944-s55qx,6bc7143d-1d60-4788-aec0-822477a07de6,1,6764.495895
2026/01/26/22:06:25,running-time,rs-000944-s55qx,6bc7143d-1d60-4788-aec0-822477a07de6,1,6764.495895
2026/01/26/22:06:25,apply-time,rs-000945-ft4nk,80b22e75-ab97-4c0e-ad99-9e60f2098276,1,6764.495895
2026/01/26/22:06:25,apply-time,rs-000945-r9rqx,5a17422c-6123-43e2-9311-32c0d5fec167,1,6764.495895
2026/01/26/22:06:25,apply-time,rs-000946-phd84,2e394fb0-afb5-4dd4-aba9-0326e34931e1,1,6764.495895
2026/01/26/22:06:25,apply-time,rs-000946-ppbp7,3b927b3b-6647-485b-95ab-6e766bf4c3c3,1,6764.495895
2026/01/26/22:06:25,apply-time,rs-000947-dltg4,c2640fcc-119c-4dcf-b7e8-df581674f0f3,1,6764.495895
2026/01/26/22:06:25,running-time,rs-000947-dltg4,c2640fcc-119c-4dcf-b7e8-df581674f0f3,1,6764.495895
2026/01/26/22:06:26,running-time,rs-000940-l2wlz,b9b5d21c-511d-4ec2-98c1-a2c5d55cc58e,1,6764.495895
2026/01/26/22:06:26,running-time,rs-000946-ppbp7,3b927b3b-6647-485b-95ab-6e766bf4c3c3,1,6764.495895
2026/01/26/22:06:26,apply-time,rs-000948-l2lw6,90816deb-ae21-42c0-89d4-dc629a0e8781,1,6765.495895
2026/01/26/22:06:27,apply-time,rs-000948-rjxbp,bf4f0862-5076-489f-bbc2-97513a188d39,1,6765.495895
2026/01/26/22:06:27,apply-time,rs-000948-xh2gj,7aba740f-6d5c-4ce4-92d4-0a5470ef4261,1,6765.495895
2026/01/26/22:06:27,apply-time,rs-000949-crck5,90605c59-f0f6-4a80-a86c-d1b7dc718099,1,6766.495895
2026/01/26/22:06:27,apply-time,rs-000949-pkjv9,6bf7887c-7d8e-43c5-b8f1-fe6b10fb6f08,1,6766.495895
2026/01/26/22:06:27,apply-time,rs-000949-s9wbf,63213ac9-1f79-44a3-9b2f-30b2faef7eb1,1,6766.495895
2026/01/26/22:06:27,apply-time,rs-000950-glqz6,cdc7a2a4-6519-42b2-b536-7520bcb4cbe8,1,6766.495895
2026/01/26/22:06:27,apply-time,rs-000951-nmt9g,dd0dada3-35bf-4da7-9f8e-8c0cc8ccf052,1,6766.495895
2026/01/26/22:06:27,running-time,rs-000951-nmt9g,dd0dada3-35bf-4da7-9f8e-8c0cc8ccf052,1,6766.495895
2026/01/26/22:06:27,apply-time,rs-000952-k2bwj,7caaf54e-0328-400d-8250-0dbde7d4af6b,1,6766.495895
2026/01/26/22:06:27,apply-time,rs-000953-kbfcx,ea150bc9-a4e2-464d-9df2-fe00d0c249ab,1,6766.495895
2026/01/26/22:06:27,running-time,rs-000953-kbfcx,ea150bc9-a4e2-464d-9df2-fe00d0c249ab,1,6766.495895
2026/01/26/22:06:33,running-time,rs-000949-crck5,90605c59-f0f6-4a80-a86c-d1b7dc718099,1,6772.495895
2026/01/26/22:06:41,running-time,rs-000941-4jpkk,b332752d-617f-4fa1-99c4-3fcb258a73ab,1,6779.495895
2026/01/26/22:06:41,running-time,rs-000949-pkjv9,6bf7887c-7d8e-43c5-b8f1-fe6b10fb6f08,1,6779.495895
2026/01/26/22:06:41,running-time,rs-000949-s9wbf,63213ac9-1f79-44a3-9b2f-30b2faef7eb1,1,6779.495895
2026/01/26/22:06:47,apply-time,rs-000954-8xhq6,b17607c5-159a-4494-9fae-75d3a57477ff,1,6785.495895
2026/01/26/22:06:51,apply-time,rs-000955-4khfz,da7909f6-7ac1-47c5-b287-01157ffa63d7,1,6790.495895
2026/01/26/22:06:51,running-time,rs-000955-4khfz,da7909f6-7ac1-47c5-b287-01157ffa63d7,1,6790.495895
2026/01/26/22:06:51,apply-time,rs-000955-xk5wg,ac56227b-f770-4421-a593-3c40cbacfd66,1,6790.495895
2026/01/26/22:06:51,running-time,rs-000955-xk5wg,ac56227b-f770-4421-a593-3c40cbacfd66,1,6790.495895
2026/01/26/22:06:51,apply-time,rs-000955-zp8qw,e5ca8458-7b28-4890-93e5-63c744677961,1,6790.495895
2026/01/26/22:06:51,running-time,rs-000955-zp8qw,e5ca8458-7b28-4890-93e5-63c744677961,1,6790.495895
2026/01/26/22:06:59,apply-time,rs-000956-86qpt,8460d6cb-9bfb-4c4b-8171-6f57909fbd9b,1,6798.495895
2026/01/26/22:06:59,running-time,rs-000956-86qpt,8460d6cb-9bfb-4c4b-8171-6f57909fbd9b,1,6798.495895
2026/01/26/22:07:01,apply-time,rs-000957-zr77k,4c608db6-b885-4744-9f36-f36b15a97b38,1,6799.495895
2026/01/26/22:07:03,apply-time,rs-000958-rjvzm,b6b2e409-39c4-42d8-b6e6-a144538ca259,1,6802.495895
2026/01/26/22:07:03,apply-time,rs-000959-q94q5,0f264b4c-172e-4253-9d1e-54ea07ff83da,1,6802.495895
2026/01/26/22:07:03,apply-time,rs-000960-66wvt,bfbdb59c-1337-4b18-a1a1-5cde6dbb40fc,1,6802.495895
2026/01/26/22:07:03,apply-time,rs-000960-x9vbt,3569c26d-9306-45b9-b0dd-41bb01215bf8,1,6802.495895
2026/01/26/22:07:03,apply-time,rs-000960-zjk2v,c1a5c5a7-cf91-4606-b5fc-061852a211a9,1,6802.495895
2026/01/26/22:07:04,running-time,rs-000960-66wvt,bfbdb59c-1337-4b18-a1a1-5cde6dbb40fc,1,6802.495895
2026/01/26/22:07:04,running-time,rs-000960-zjk2v,c1a5c5a7-cf91-4606-b5fc-061852a211a9,1,6802.495895
2026/01/26/22:07:04,apply-time,rs-000961-qjpt4,0dc4514c-73e8-4ea8-9cc2-95fe000c830f,1,6802.495895
2026/01/26/22:07:04,apply-time,rs-000962-5q2ks,5147bf03-ae93-45a5-90f1-9d1a56e5064f,1,6803.495895
2026/01/26/22:07:04,apply-time,rs-000962-tjf76,1c7ec18c-ab9c-4fed-950b-bc6bf99114aa,1,6803.495895
2026/01/26/22:07:04,apply-time,rs-000963-5jxr5,09e35f76-16d9-4c86-a81c-38fca083e0bf,1,6803.495895
2026/01/26/22:07:04,running-time,rs-000963-5jxr5,09e35f76-16d9-4c86-a81c-38fca083e0bf,1,6803.495895
2026/01/26/22:07:04,apply-time,rs-000963-pgvrq,1ba5b93d-ed2d-41b5-a281-23583eaa652f,1,6803.495895
2026/01/26/22:07:04,running-time,rs-000963-pgvrq,1ba5b93d-ed2d-41b5-a281-23583eaa652f,1,6803.495895
2026/01/26/22:07:05,apply-time,rs-000964-5pthq,865ba76a-a641-4dff-a978-7b1eec03e912,1,6803.495895
2026/01/26/22:07:05,apply-time,rs-000964-8bjqd,52a828c4-e1ec-44c8-bdb1-6c63d3bd34e1,1,6803.495895
2026/01/26/22:07:05,apply-time,rs-000965-8zvwf,e38ef285-1420-42d2-9cb0-31a3a885b054,1,6803.495895
2026/01/26/22:07:05,apply-time,rs-000965-j6drd,e196a94a-3f7d-48e9-97f9-50cdcbdab247,1,6803.495895
2026/01/26/22:07:05,apply-time,rs-000965-xpfnw,6d599cb9-13ff-4b47-9a50-7546c7e74081,1,6803.495895
2026/01/26/22:07:05,apply-time,rs-000966-794fg,6927ec48-fad8-47e2-91b0-af09cf6073c0,1,6804.495895
2026/01/26/22:07:05,running-time,rs-000966-794fg,6927ec48-fad8-47e2-91b0-af09cf6073c0,1,6804.495895
2026/01/26/22:07:05,apply-time,rs-000966-cfdhb,0d153b96-d8bf-4efd-a153-ca2d25d2663a,1,6804.495895
2026/01/26/22:07:05,running-time,rs-000966-cfdhb,0d153b96-d8bf-4efd-a153-ca2d25d2663a,1,6804.495895
2026/01/26/22:07:05,apply-time,rs-000966-qbsxm,d9bc68ea-362e-41a7-8ce2-36109dbc664d,1,6803.495895
2026/01/26/22:07:05,running-time,rs-000966-qbsxm,d9bc68ea-362e-41a7-8ce2-36109dbc664d,1,6804.495895
2026/01/26/22:07:05,apply-time,rs-000967-n52d8,f3ec850f-3c18-405c-b46d-2b593678f4d7,1,6803.495895
2026/01/26/22:07:05,running-time,rs-000967-n52d8,f3ec850f-3c18-405c-b46d-2b593678f4d7,1,6803.495895
2026/01/26/22:07:06,apply-time,rs-000968-h5rlv,d8f15b3a-7fef-4039-911d-1508ecb761b7,1,6804.495895
2026/01/26/22:07:07,running-time,rs-000961-qjpt4,0dc4514c-73e8-4ea8-9cc2-95fe000c830f,1,6806.495895
2026/01/26/22:07:09,apply-time,rs-000969-6dqcg,1c08f0af-c9e7-454d-8bd9-6f09138ebc9b,1,6808.495895
2026/01/26/22:07:09,running-time,rs-000969-6dqcg,1c08f0af-c9e7-454d-8bd9-6f09138ebc9b,1,6808.495895
2026/01/26/22:07:09,apply-time,rs-000969-kh5f9,eb9c367b-7644-498e-b59a-5c13fd380358,1,6808.495895
2026/01/26/22:07:09,running-time,rs-000969-kh5f9,eb9c367b-7644-498e-b59a-5c13fd380358,1,6808.495895
2026/01/26/22:07:25,running-time,rs-000958-rjvzm,b6b2e409-39c4-42d8-b6e6-a144538ca259,1,6824.495895
2026/01/26/22:07:36,running-time,rs-000940-gnqr9,1ef5ed87-0ce1-47c6-98e4-10999c009220,1,6835.495895
2026/01/26/22:07:36,running-time,rs-000964-8bjqd,52a828c4-e1ec-44c8-bdb1-6c63d3bd34e1,1,6834.495895
2026/01/26/22:07:44,running-time,rs-000950-glqz6,cdc7a2a4-6519-42b2-b536-7520bcb4cbe8,1,6843.495895
2026/01/26/22:08:43,apply-time,rs-000970-4rms9,7d5ac026-b8a8-4c2a-872e-26d3aab03006,1,6901.495895
2026/01/26/22:08:43,running-time,rs-000970-4rms9,7d5ac026-b8a8-4c2a-872e-26d3aab03006,1,6901.495895
2026/01/26/22:08:43,apply-time,rs-000970-pv2mh,f4065477-62fa-490c-8105-238d4b7f57e4,1,6901.495895
2026/01/26/22:08:43,apply-time,rs-000970-v2tqw,aa96ed4c-7394-48ee-9a37-8ae5bb8c19b5,1,6901.495895
2026/01/26/22:08:43,running-time,rs-000970-v2tqw,aa96ed4c-7394-48ee-9a37-8ae5bb8c19b5,1,6901.495895
2026/01/26/22:08:43,apply-time,rs-000971-lc6k9,a1379bd2-871d-4dfa-a782-332c8935f3ca,1,6902.495895
2026/01/26/22:08:43,apply-time,rs-000971-qz5mf,fe93139f-7342-4892-85f9-222c49b809df,1,6902.495895
2026/01/26/22:08:43,apply-time,rs-000972-vlc4w,999465df-9d34-4e67-95e5-7fb4365f786a,1,6902.495895
2026/01/26/22:08:43,running-time,rs-000972-vlc4w,999465df-9d34-4e67-95e5-7fb4365f786a,1,6902.495895
2026/01/26/22:08:43,apply-time,rs-000973-6hjf5,1fff0fac-5f07-477d-99ce-31acc7a3848b,1,6902.495895
2026/01/26/22:08:43,apply-time,rs-000973-j46ss,de7032c4-d5bc-4ad3-b2a3-d0d6a48c87dc,1,6902.495895
2026/01/26/22:08:49,running-time,rs-000971-qz5mf,fe93139f-7342-4892-85f9-222c49b809df,1,6907.495895
2026/01/26/22:08:54,running-time,rs-000971-lc6k9,a1379bd2-871d-4dfa-a782-332c8935f3ca,1,6913.495895
2026/01/26/22:08:54,apply-time,rs-000974-d2sg4,5bacbce3-6c79-46c8-9bd7-7ffe7b6b417f,1,6912.495895
2026/01/26/22:08:54,running-time,rs-000974-d2sg4,5bacbce3-6c79-46c8-9bd7-7ffe7b6b417f,1,6912.495895
2026/01/26/22:08:58,apply-time,rs-000975-c8ncq,e1d57196-9af3-45fd-b3cb-d1d364136e70,1,6916.495895
2026/01/26/22:08:58,running-time,rs-000975-c8ncq,e1d57196-9af3-45fd-b3cb-d1d364136e70,1,6916.495895
2026/01/26/22:09:03,apply-time,rs-000976-t7tx4,cc89d960-8029-4a92-a285-2cbc4c5844a8,1,6921.495895
2026/01/26/22:09:05,apply-time,rs-000977-sndgx,b229f3e4-a026-4743-8cfb-51f724781d25,1,6924.495895
2026/01/26/22:09:06,apply-time,rs-000977-6nnnd,0c82b617-ec1c-41fe-b3be-a5d3a26d23a6,1,6924.495895
2026/01/26/22:09:06,running-time,rs-000977-6nnnd,0c82b617-ec1c-41fe-b3be-a5d3a26d23a6,1,6924.495895
2026/01/26/22:09:06,running-time,rs-000977-sndgx,b229f3e4-a026-4743-8cfb-51f724781d25,1,6924.495895
2026/01/26/22:09:06,apply-time,rs-000978-kxnrr,07b9044b-49f1-4bb3-b08a-1b61be42d3f7,1,6924.495895
2026/01/26/22:09:06,apply-time,rs-000978-ph4nb,cff385b5-7ffa-4740-8d70-087ff2063d2d,1,6924.495895
2026/01/26/22:09:06,apply-time,rs-000978-vxznz,e1822813-70ee-4566-81a2-69a8db89a873,1,6924.495895
2026/01/26/22:09:06,running-time,rs-000978-vxznz,e1822813-70ee-4566-81a2-69a8db89a873,1,6924.495895
2026/01/26/22:09:06,apply-time,rs-000979-w6n9d,0cc4f761-3939-4da5-9358-1b7337b149a6,1,6924.495895
2026/01/26/22:09:06,apply-time,rs-000980-vh4xs,2b96b87c-0693-4201-bd97-83f73db50c35,1,6925.495895
2026/01/26/22:09:06,apply-time,rs-000981-8hlj6,5530e4c7-540f-44a3-8c10-2346043d7cca,1,6925.495895
2026/01/26/22:09:06,apply-time,rs-000981-t7rsf,df8d2046-057a-4493-9bba-eab816f2ea1d,1,6925.495895
2026/01/26/22:09:06,apply-time,rs-000982-5frzf,85c74dc8-4075-4be6-93f5-972e6b878db0,1,6925.495895
2026/01/26/22:09:06,running-time,rs-000982-5frzf,85c74dc8-4075-4be6-93f5-972e6b878db0,1,6925.495895
2026/01/26/22:09:06,apply-time,rs-000982-n6hf6,bc4f9db9-840f-462e-8cf8-4d0ba16cc123,1,6925.495895
2026/01/26/22:09:06,running-time,rs-000982-n6hf6,bc4f9db9-840f-462e-8cf8-4d0ba16cc123,1,6925.495895
2026/01/26/22:09:06,apply-time,rs-000983-q8s7t,6c49f605-7373-47fc-9d47-42079b1f2f08,1,6925.495895
2026/01/26/22:09:06,running-time,rs-000983-q8s7t,6c49f605-7373-47fc-9d47-42079b1f2f08,1,6925.495895
2026/01/26/22:09:08,running-time,rs-000978-kxnrr,07b9044b-49f1-4bb3-b08a-1b61be42d3f7,1,6927.495895
2026/01/26/22:09:08,running-time,rs-000981-t7rsf,df8d2046-057a-4493-9bba-eab816f2ea1d,1,6927.495895
2026/01/26/22:09:09,apply-time,rs-000984-zvm2b,28781d99-673b-43a8-b5a2-912b55e6cf91,1,6928.495895
2026/01/26/22:09:09,apply-time,rs-000985-w8fv7,08ca7d8f-018a-40a8-8193-8a5b335fbf0c,1,6928.495895
2026/01/26/22:09:09,apply-time,rs-000986-v6qvm,f8c24b81-a05d-44dc-b1e7-0d1ebb808e69,1,6928.495895
2026/01/26/22:09:09,running-time,rs-000986-v6qvm,f8c24b81-a05d-44dc-b1e7-0d1ebb808e69,1,6928.495895
2026/01/26/22:09:09,apply-time,rs-000986-wh5j4,f8a6feaf-9474-4a74-b524-e672c730cdf7,1,6928.495895
2026/01/26/22:09:09,running-time,rs-000986-wh5j4,f8a6feaf-9474-4a74-b524-e672c730cdf7,1,6928.495895
2026/01/26/22:09:29,apply-time,rs-000987-jzr24,205c000d-3ded-4d86-9ab5-56b779ad844d,1,6948.495895
2026/01/26/22:09:29,apply-time,rs-000987-phg64,3d5f2eb4-e6e3-4cd8-9db8-0c68480ca08f,1,6948.495895
2026/01/26/22:09:29,apply-time,rs-000988-sn8sh,37bfa945-16a5-45cd-8cd3-9bc7b3567956,1,6948.495895
2026/01/26/22:09:30,running-time,rs-000988-sn8sh,37bfa945-16a5-45cd-8cd3-9bc7b3567956,1,6948.495895
2026/01/26/22:09:30,apply-time,rs-000989-cd8wb,fc4479ff-aa2a-47d8-a39d-ad4c195740fa,1,6948.495895
2026/01/26/22:09:30,running-time,rs-000989-cd8wb,fc4479ff-aa2a-47d8-a39d-ad4c195740fa,1,6948.495895
2026/01/26/22:09:30,apply-time,rs-000989-k74p7,f0402c69-da70-4b92-af86-084a43b3bf98,1,6948.495895
2026/01/26/22:09:30,running-time,rs-000989-k74p7,f0402c69-da70-4b92-af86-084a43b3bf98,1,6948.495895
2026/01/26/22:09:30,apply-time,rs-000989-llc6d,e82b19bd-622e-48d2-90c0-1d42492c27e2,1,6948.495895
2026/01/26/22:09:30,running-time,rs-000989-llc6d,e82b19bd-622e-48d2-90c0-1d42492c27e2,1,6948.495895
2026/01/26/22:09:30,apply-time,rs-000990-69mns,ba59173e-783e-4e97-b2fc-77fd507afc0d,1,6948.495895
2026/01/26/22:09:30,apply-time,rs-000991-gxhtb,41861948-e98d-4d8e-a695-00718098f7fd,1,6948.495895
2026/01/26/22:09:48,running-time,rs-000980-vh4xs,2b96b87c-0693-4201-bd97-83f73db50c35,1,6967.495895
2026/01/26/22:09:51,running-time,rs-000981-8hlj6,5530e4c7-540f-44a3-8c10-2346043d7cca,1,6970.495895
2026/01/26/22:10:46,running-time,rs-000990-69mns,ba59173e-783e-4e97-b2fc-77fd507afc0d,1,7023.495895
2026/01/26/22:11:28,apply-time,rs-000992-mtbx5,e90232e7-cb57-40bd-8e65-de1f78c8ae39,1,7067.495895
2026/01/26/22:11:28,running-time,rs-000992-mtbx5,e90232e7-cb57-40bd-8e65-de1f78c8ae39,1,7067.495895
2026/01/26/22:11:28,apply-time,rs-000992-p8mm7,ff5956cb-d040-4023-9327-984e60a89972,1,7067.495895
2026/01/26/22:11:28,running-time,rs-000992-p8mm7,ff5956cb-d040-4023-9327-984e60a89972,1,7067.495895
2026/01/26/22:11:30,apply-time,rs-000993-whdkw,61c7d4c5-885d-433c-bd57-6086b45e0499,1,7069.495895
2026/01/26/22:11:30,running-time,rs-000993-whdkw,61c7d4c5-885d-433c-bd57-6086b45e0499,1,7069.495895
2026/01/26/22:11:30,apply-time,rs-000994-wh9q7,8bba89d1-5dbc-400e-bfcf-1969bf2f7f47,1,7069.495895
2026/01/26/22:11:30,running-time,rs-000994-wh9q7,8bba89d1-5dbc-400e-bfcf-1969bf2f7f47,1,7069.495895
2026/01/26/22:11:30,apply-time,rs-000995-8t958,8c210506-2c5a-41f6-b27f-d0a90c9f41b1,1,7069.495895
2026/01/26/22:11:30,running-time,rs-000995-8t958,8c210506-2c5a-41f6-b27f-d0a90c9f41b1,1,7069.495895
2026/01/26/22:11:30,apply-time,rs-000996-qkwgb,efd02a9a-ceab-43bb-be8c-52fe4d6d1dd6,1,7069.495895
2026/01/26/22:11:30,running-time,rs-000996-qkwgb,efd02a9a-ceab-43bb-be8c-52fe4d6d1dd6,1,7069.495895
2026/01/26/22:11:30,apply-time,rs-000996-rcc29,64453c4b-98ff-4ce6-a400-eb9f783f6563,1,7069.495895
2026/01/26/22:11:30,running-time,rs-000996-rcc29,64453c4b-98ff-4ce6-a400-eb9f783f6563,1,7069.495895
2026/01/26/22:11:30,apply-time,rs-000997-4dpq4,1becda83-e526-48b4-ad67-f91385b0a2dd,1,7069.495895
2026/01/26/22:11:30,apply-time,rs-000997-5hqq8,f5083c79-9b09-476d-9ce4-c7fa821c739c,1,7069.495895
2026/01/26/22:11:30,running-time,rs-000997-5hqq8,f5083c79-9b09-476d-9ce4-c7fa821c739c,1,7069.495895
2026/01/26/22:11:30,apply-time,rs-000997-n4d6h,6d4706ff-42e2-471b-ba99-5c293f3b2bb9,1,7069.495895
2026/01/26/22:11:30,running-time,rs-000997-n4d6h,6d4706ff-42e2-471b-ba99-5c293f3b2bb9,1,7069.495895
2026/01/26/22:11:35,running-time,rs-000997-4dpq4,1becda83-e526-48b4-ad67-f91385b0a2dd,1,7073.495895
2026/01/26/22:11:46,running-time,rs-000962-5q2ks,5147bf03-ae93-45a5-90f1-9d1a56e5064f,1,7085.495895
2026/01/26/22:12:00,running-time,rs-000962-tjf76,1c7ec18c-ab9c-4fed-950b-bc6bf99114aa,1,7098.495895
2026/01/26/22:13:02,apply-time,rs-000998-d8npw,a205d670-9c94-47f1-a469-4d4c7043426a,1,7160.495895
2026/01/26/22:13:02,apply-time,rs-000998-ng77x,86519069-284e-48f1-bc4a-df3047ad5af8,1,7160.495895
2026/01/26/22:13:02,apply-time,rs-000998-nhzx7,8fcb3428-38b1-4ece-829c-915e8cd2b66c,1,7160.495895
2026/01/26/22:13:02,apply-time,rs-000999-shwpv,0dbfd70c-571c-4465-9c3a-fe082d3e96b8,1,7160.495895
2026/01/26/22:13:02,running-time,rs-000999-shwpv,0dbfd70c-571c-4465-9c3a-fe082d3e96b8,1,7160.495895
2026/01/26/22:13:02,apply-time,rs-001000-n7d6z,a24d6a2f-9376-4065-901f-c8e3d1f33131,1,7160.495895
2026/01/26/22:13:02,apply-time,rs-001000-nlgkl,64781264-e789-4ef0-ae30-e0cb98ed53a2,1,7160.495895
2026/01/26/22:13:02,apply-time,rs-001000-wrfx2,d2d1dc05-c8ae-4e8b-a021-d7450f1b308c,1,7160.495895
2026/01/26/22:13:06,apply-time,rs-001001-fhdtk,253760ad-9e61-4ad7-a145-6014d1102349,1,7165.495895
2026/01/26/22:13:06,running-time,rs-001001-fhdtk,253760ad-9e61-4ad7-a145-6014d1102349,1,7165.495895
2026/01/26/22:13:06,apply-time,rs-001001-ssql8,53c56852-1b63-407f-9e0f-1754a301585c,1,7165.495895
2026/01/26/22:13:06,running-time,rs-001001-ssql8,53c56852-1b63-407f-9e0f-1754a301585c,1,7165.495895
2026/01/26/22:13:06,apply-time,rs-001001-zb2vc,67bbec23-435f-48c8-b29d-3d1f29bdad3a,1,7165.495895
2026/01/26/22:13:06,running-time,rs-001001-zb2vc,67bbec23-435f-48c8-b29d-3d1f29bdad3a,1,7165.495895
2026/01/26/22:13:06,apply-time,rs-001002-wlj46,62f2b039-9a58-490c-80c9-155dbebf1afb,1,7165.495895
2026/01/26/22:13:06,running-time,rs-001002-wlj46,62f2b039-9a58-490c-80c9-155dbebf1afb,1,7165.495895
2026/01/26/22:13:06,apply-time,rs-001002-ww2g6,bcb534a9-c98f-49ed-8a19-a5538c48d6a1,1,7165.495895
2026/01/26/22:13:06,running-time,rs-001002-ww2g6,bcb534a9-c98f-49ed-8a19-a5538c48d6a1,1,7165.495895
2026/01/26/22:13:06,apply-time,rs-001003-fnbfx,5d8fcd52-5535-4153-8ea5-37af9212d1c5,1,7165.495895
2026/01/26/22:13:06,apply-time,rs-001003-j9c4w,41281dfd-b878-4743-bf2c-3eaf3f639a3e,1,7165.495895
2026/01/26/22:13:06,apply-time,rs-001004-4dshz,a7bafeb1-de8c-4dca-abfa-ee166a06979c,1,7165.495895
2026/01/26/22:13:06,apply-time,rs-001004-5kxd2,368d4d60-dd75-47d8-949d-d10dec80701b,1,7165.495895
2026/01/26/22:13:06,apply-time,rs-001004-csmgf,c7fa0e64-1313-4d38-9371-d8e5ca833066,1,7165.495895
2026/01/26/22:13:06,apply-time,rs-001005-n8lwv,58ded64e-f38e-4c0e-8b32-c5751a183d21,1,7165.495895
2026/01/26/22:13:06,apply-time,rs-001006-kd982,fbb70045-be72-4571-a500-c3f38f59a25b,1,7165.495895
2026/01/26/22:13:06,running-time,rs-001006-kd982,fbb70045-be72-4571-a500-c3f38f59a25b,1,7165.495895
2026/01/26/22:13:06,apply-time,rs-001006-mbtsw,6d149c41-edfb-44de-bbe4-c3d19874d9c1,1,7165.495895
2026/01/26/22:13:06,running-time,rs-001006-mbtsw,6d149c41-edfb-44de-bbe4-c3d19874d9c1,1,7165.495895
2026/01/26/22:13:06,apply-time,rs-001007-lk5sk,688dbc0a-7136-4a68-92b6-3f262227d4ab,1,7165.495895
2026/01/26/22:13:10,running-time,rs-001003-fnbfx,5d8fcd52-5535-4153-8ea5-37af9212d1c5,1,7169.495895
2026/01/26/22:13:14,apply-time,rs-001008-dvdt4,1aa0837c-7dda-45cc-af6e-1ab5c4b62c02,1,7172.495895
2026/01/26/22:13:14,running-time,rs-001008-dvdt4,1aa0837c-7dda-45cc-af6e-1ab5c4b62c02,1,7172.495895
2026/01/26/22:13:14,apply-time,rs-001008-hdtwq,f2fa8808-2783-420f-ab42-04ff1d914314,1,7172.495895
2026/01/26/22:13:14,running-time,rs-001008-hdtwq,f2fa8808-2783-420f-ab42-04ff1d914314,1,7172.495895
2026/01/26/22:13:14,apply-time,rs-001009-8c8xk,cb8d88ce-3d3c-4dea-bd05-47a8d52d7eb0,1,7172.495895
2026/01/26/22:13:14,apply-time,rs-001009-swzz9,57d978d2-b1db-4c1e-8b58-742b0883bbaa,1,7172.495895
2026/01/26/22:13:24,apply-time,rs-001010-dhhwn,20a3cad1-5319-4331-a31f-0c4762d66205,1,7182.495895
2026/01/26/22:13:24,apply-time,rs-001010-v5d4j,c88c4c9d-1fc3-4ff8-b561-52511758c572,1,7182.495895
2026/01/26/22:13:24,apply-time,rs-001011-gzqrg,df2b289a-1c0c-4466-a161-c33a209cf223,1,7182.495895
2026/01/26/22:13:24,apply-time,rs-001011-sltxr,248389b9-15ca-4670-b604-253f86ebcf24,1,7182.495895
2026/01/26/22:13:24,apply-time,rs-001012-6tr8p,cb2569ca-3c35-432b-8977-2ff6fe4ba58e,1,7183.495895
2026/01/26/22:13:24,running-time,rs-001012-6tr8p,cb2569ca-3c35-432b-8977-2ff6fe4ba58e,1,7183.495895
2026/01/26/22:13:24,apply-time,rs-001012-7kt62,c0c48b68-da0f-49af-8b9e-14b098160723,1,7183.495895
2026/01/26/22:13:24,running-time,rs-001012-7kt62,c0c48b68-da0f-49af-8b9e-14b098160723,1,7183.495895
2026/01/26/22:13:25,running-time,rs-001010-dhhwn,20a3cad1-5319-4331-a31f-0c4762d66205,1,7184.495895
2026/01/26/22:13:25,running-time,rs-001011-gzqrg,df2b289a-1c0c-4466-a161-c33a209cf223,1,7184.495895
2026/01/26/22:13:26,running-time,rs-001000-wrfx2,d2d1dc05-c8ae-4e8b-a021-d7450f1b308c,1,7185.495895
